ID;VALEUR;DATE;
5;7363.3;2019-04-11 11:15:27.0;
5;7362.8;2019-04-11 11:15:32.0;
5;7362.5;2019-04-11 11:15:39.0;
5;7362.8;2019-04-11 11:15:45.0;
5;7362.5;2019-04-11 11:15:47.0;
5;7362.8;2019-04-11 11:15:48.0;
5;7362.5;2019-04-11 11:15:51.0;
5;7362.3;2019-04-11 11:16:07.0;
5;7362.5;2019-04-11 11:16:08.0;
5;7362.3;2019-04-11 11:16:10.0;
5;7362.5;2019-04-11 11:16:12.0;
5;7362.3;2019-04-11 11:16:14.0;
5;7362.5;2019-04-11 11:16:20.0;
5;7362.2;2019-04-11 11:16:24.0;
5;7363;2019-04-11 11:16:27.0;
5;7362.2;2019-04-11 11:16:29.0;
5;7363;2019-04-11 11:16:30.0;
5;7363.5;2019-04-11 11:16:33.0;
5;7363.3;2019-04-11 11:16:36.0;
5;7363;2019-04-11 11:16:41.0;
5;7363.2;2019-04-11 11:16:48.0;
5;7363;2019-04-11 11:16:52.0;
5;7362.5;2019-04-11 11:16:59.0;
5;7362.3;2019-04-11 11:17:04.0;
5;7362.5;2019-04-11 11:17:09.0;
5;7362.8;2019-04-11 11:17:15.0;
5;7362.5;2019-04-11 11:17:16.0;
5;7362.8;2019-04-11 11:17:18.0;
5;7362.3;2019-04-11 11:17:19.0;
5;7362.5;2019-04-11 11:17:25.0;
5;7362.3;2019-04-11 11:17:29.0;
5;7362.2;2019-04-11 11:17:36.0;
5;7362.8;2019-04-11 11:17:41.0;
5;7363.5;2019-04-11 11:17:44.0;
5;7362.8;2019-04-11 11:17:45.0;
5;7363.5;2019-04-11 11:17:47.0;
5;7363.3;2019-04-11 11:17:49.0;
5;7363.2;2019-04-11 11:18:06.0;
5;7364;2019-04-11 11:18:07.0;
5;7363.2;2019-04-11 11:18:09.0;
5;7364;2019-04-11 11:18:11.0;
5;7363.5;2019-04-11 11:18:13.0;
5;7363.2;2019-04-11 11:18:17.0;
5;7363.8;2019-04-11 11:18:31.0;
5;7363.2;2019-04-11 11:18:33.0;
5;7363.8;2019-04-11 11:18:34.0;
5;7362.8;2019-04-11 11:18:37.0;
5;7363.5;2019-04-11 11:19:13.0;
5;7364;2019-04-11 11:19:15.0;
5;7363.5;2019-04-11 11:19:16.0;
5;7364;2019-04-11 11:19:17.0;
5;7363.2;2019-04-11 11:19:20.0;
5;7362.8;2019-04-11 11:19:28.0;
5;7363;2019-04-11 11:19:32.0;
5;7362.8;2019-04-11 11:19:39.0;
5;7362.5;2019-04-11 11:19:44.0;
5;7362.8;2019-04-11 11:20:15.0;
5;7362.5;2019-04-11 11:20:23.0;
5;7362.2;2019-04-11 11:20:28.0;
5;7363;2019-04-11 11:20:37.0;
5;7362.3;2019-04-11 11:20:43.0;
5;7362.5;2019-04-11 11:20:44.0;
5;7363;2019-04-11 11:20:47.0;
5;7362.8;2019-04-11 11:20:54.0;
5;7364;2019-04-11 11:21:03.0;
5;7363.8;2019-04-11 11:21:13.0;
5;7363.5;2019-04-11 11:21:16.0;
5;7363.2;2019-04-11 11:21:21.0;
5;7363.8;2019-04-11 11:21:22.0;
5;7364;2019-04-11 11:21:29.0;
5;7364.8;2019-04-11 11:21:37.0;
5;7364.5;2019-04-11 11:21:41.0;
5;7364.8;2019-04-11 11:21:43.0;
5;7364.2;2019-04-11 11:21:44.0;
5;7364.5;2019-04-11 11:21:50.0;
5;7365;2019-04-11 11:22:04.0;
5;7364.5;2019-04-11 11:22:07.0;
5;7364;2019-04-11 11:22:13.0;
5;7364.5;2019-04-11 11:22:14.0;
5;7364;2019-04-11 11:22:16.0;
5;7363.8;2019-04-11 11:22:17.0;
5;7364.3;2019-04-11 11:22:19.0;
5;7363.8;2019-04-11 11:22:30.0;
5;7363.2;2019-04-11 11:23:09.0;
5;7363.3;2019-04-11 11:23:11.0;
5;7363.2;2019-04-11 11:23:12.0;
5;7363.3;2019-04-11 11:23:14.0;
5;7363.2;2019-04-11 11:23:16.0;
5;7363;2019-04-11 11:23:23.0;
5;7363.2;2019-04-11 11:23:25.0;
5;7362.8;2019-04-11 11:23:27.0;
5;7363;2019-04-11 11:23:29.0;
5;7362.8;2019-04-11 11:23:31.0;
5;7362.2;2019-04-11 11:23:34.0;
5;7362;2019-04-11 11:23:47.0;
5;7362.2;2019-04-11 11:24:06.0;
5;7362;2019-04-11 11:24:10.0;
5;7361.8;2019-04-11 11:24:12.0;
5;7361.2;2019-04-11 11:24:15.0;
5;7361.8;2019-04-11 11:24:16.0;
5;7361.2;2019-04-11 11:24:18.0;
5;7362;2019-04-11 11:24:32.0;
5;7361.8;2019-04-11 11:24:37.0;
5;7361.2;2019-04-11 11:24:49.0;
5;7361.5;2019-04-11 11:24:54.0;
5;7361;2019-04-11 11:24:55.0;
5;7361.5;2019-04-11 11:25:04.0;
5;7361;2019-04-11 11:25:05.0;
5;7362.5;2019-04-11 11:25:06.0;
5;7361.5;2019-04-11 11:25:08.0;
5;7362.5;2019-04-11 11:25:10.0;
5;7362;2019-04-11 11:25:11.0;
5;7362.3;2019-04-11 11:25:17.0;
5;7362.2;2019-04-11 11:25:23.0;
5;7362;2019-04-11 11:25:30.0;
5;7362.2;2019-04-11 11:25:34.0;
5;7361.8;2019-04-11 11:25:42.0;
5;7362.2;2019-04-11 11:25:44.0;
5;7362;2019-04-11 11:25:51.0;
5;7361.5;2019-04-11 11:26:04.0;
5;7361;2019-04-11 11:26:08.0;
5;7360.5;2019-04-11 11:26:15.0;
5;7360.3;2019-04-11 11:26:20.0;
5;7359.8;2019-04-11 11:26:24.0;
5;7359.5;2019-04-11 11:26:28.0;
5;7359.2;2019-04-11 11:26:32.0;
5;7359.5;2019-04-11 11:26:34.0;
5;7359.2;2019-04-11 11:26:35.0;
5;7358.8;2019-04-11 11:26:44.0;
5;7359.2;2019-04-11 11:26:47.0;
5;7358.8;2019-04-11 11:26:48.0;
5;7358.2;2019-04-11 11:26:55.0;
5;7358;2019-04-11 11:27:01.0;
5;7358.2;2019-04-11 11:27:03.0;
5;7357.8;2019-04-11 11:27:08.0;
5;7358;2019-04-11 11:27:13.0;
5;7358.5;2019-04-11 11:27:32.0;
5;7358;2019-04-11 11:27:33.0;
5;7358.2;2019-04-11 11:27:36.0;
5;7358.8;2019-04-11 11:27:39.0;
5;7358.2;2019-04-11 11:27:40.0;
5;7358.8;2019-04-11 11:27:42.0;
5;7358.5;2019-04-11 11:27:49.0;
5;7358.8;2019-04-11 11:27:50.0;
5;7358.5;2019-04-11 11:27:52.0;
5;7357.8;2019-04-11 11:28:04.0;
5;7357.5;2019-04-11 11:28:08.0;
5;7357.2;2019-04-11 11:28:14.0;
5;7357.3;2019-04-11 11:28:17.0;
5;7357.2;2019-04-11 11:28:23.0;
5;7357;2019-04-11 11:28:33.0;
5;7356.3;2019-04-11 11:28:36.0;
5;7357;2019-04-11 11:28:38.0;
5;7356.3;2019-04-11 11:28:39.0;
5;7356.8;2019-04-11 11:28:46.0;
5;7357;2019-04-11 11:28:48.0;
5;7356.8;2019-04-11 11:28:52.0;
5;7356.5;2019-04-11 11:28:55.0;
5;7356.8;2019-04-11 11:28:58.0;
5;7356.3;2019-04-11 11:29:00.0;
5;7356.5;2019-04-11 11:29:07.0;
5;7356.2;2019-04-11 11:29:14.0;
5;7357.8;2019-04-11 11:29:24.0;
5;7357.3;2019-04-11 11:29:30.0;
5;7357.8;2019-04-11 11:29:32.0;
5;7357.3;2019-04-11 11:29:33.0;
5;7357.8;2019-04-11 11:29:34.0;
5;7358.2;2019-04-11 11:29:38.0;
5;7357.8;2019-04-11 11:29:40.0;
5;7358.3;2019-04-11 11:29:43.0;
5;7358;2019-04-11 11:30:05.0;
5;7358.3;2019-04-11 11:30:07.0;
5;7358;2019-04-11 11:30:10.0;
5;7358.3;2019-04-11 11:30:11.0;
5;7357.8;2019-04-11 11:30:14.0;
5;7358.2;2019-04-11 11:30:23.0;
5;7358;2019-04-11 11:30:29.0;
5;7358.5;2019-04-11 11:30:36.0;
5;7358;2019-04-11 11:30:41.0;
5;7358.3;2019-04-11 11:30:43.0;
5;7357.8;2019-04-11 11:30:47.0;
5;7358.5;2019-04-11 11:31:03.0;
5;7357.8;2019-04-11 11:31:04.0;
5;7358.5;2019-04-11 11:31:06.0;
5;7358;2019-04-11 11:31:09.0;
5;7358.2;2019-04-11 11:31:12.0;
5;7359;2019-04-11 11:31:16.0;
5;7358.2;2019-04-11 11:31:18.0;
5;7359;2019-04-11 11:31:20.0;
5;7360;2019-04-11 11:31:24.0;
5;7359.5;2019-04-11 11:31:32.0;
5;7360;2019-04-11 11:31:35.0;
5;7359.8;2019-04-11 11:31:39.0;
5;7360.5;2019-04-11 11:32:15.0;
5;7360.8;2019-04-11 11:32:20.0;
5;7360.3;2019-04-11 11:32:22.0;
5;7360.8;2019-04-11 11:32:24.0;
5;7360.3;2019-04-11 11:32:25.0;
5;7360.2;2019-04-11 11:32:27.0;
5;7360.5;2019-04-11 11:32:37.0;
5;7360.2;2019-04-11 11:32:39.0;
5;7360.5;2019-04-11 11:32:41.0;
5;7360.2;2019-04-11 11:32:42.0;
5;7360.5;2019-04-11 11:32:44.0;
5;7361.2;2019-04-11 11:32:51.0;
5;7361;2019-04-11 11:32:56.0;
5;7361.2;2019-04-11 11:32:57.0;
5;7361.5;2019-04-11 11:33:13.0;
5;7361.8;2019-04-11 11:33:18.0;
5;7361.2;2019-04-11 11:33:29.0;
5;7360;2019-04-11 11:33:31.0;
5;7359.8;2019-04-11 11:33:37.0;
5;7359.5;2019-04-11 11:33:41.0;
5;7359.8;2019-04-11 11:34:02.0;
5;7359.3;2019-04-11 11:34:09.0;
5;7360;2019-04-11 11:34:15.0;
5;7359.2;2019-04-11 11:34:17.0;
5;7360;2019-04-11 11:34:18.0;
5;7359.2;2019-04-11 11:34:20.0;
5;7358.8;2019-04-11 11:34:22.0;
5;7359.2;2019-04-11 11:34:24.0;
5;7358.8;2019-04-11 11:34:25.0;
5;7359;2019-04-11 11:34:31.0;
5;7358.8;2019-04-11 11:34:32.0;
5;7359;2019-04-11 11:34:35.0;
5;7358.5;2019-04-11 11:34:38.0;
5;7358.3;2019-04-11 11:34:39.0;
5;7358.5;2019-04-11 11:34:41.0;
5;7358.3;2019-04-11 11:34:42.0;
5;7358.8;2019-04-11 11:34:48.0;
5;7358.5;2019-04-11 11:34:53.0;
5;7358.2;2019-04-11 11:34:55.0;
5;7358.5;2019-04-11 11:34:56.0;
5;7358.2;2019-04-11 11:34:58.0;
5;7358.3;2019-04-11 11:34:59.0;
5;7358.2;2019-04-11 11:35:05.0;
5;7358;2019-04-11 11:35:08.0;
5;7358.5;2019-04-11 11:35:14.0;
5;7359.8;2019-04-11 11:35:16.0;
5;7359.2;2019-04-11 11:35:30.0;
5;7359.8;2019-04-11 11:35:31.0;
5;7360.2;2019-04-11 11:35:37.0;
5;7360.5;2019-04-11 11:35:49.0;
5;7359.8;2019-04-11 11:36:03.0;
5;7359.5;2019-04-11 11:36:08.0;
5;7359.2;2019-04-11 11:36:13.0;
5;7359.5;2019-04-11 11:36:16.0;
5;7359.2;2019-04-11 11:36:23.0;
5;7359.8;2019-04-11 11:36:30.0;
5;7360.8;2019-04-11 11:36:32.0;
5;7361;2019-04-11 11:36:36.0;
5;7360.8;2019-04-11 11:36:38.0;
5;7361;2019-04-11 11:36:40.0;
5;7361.8;2019-04-11 11:36:47.0;
5;7361.5;2019-04-11 11:36:52.0;
5;7361.3;2019-04-11 11:36:56.0;
5;7361.5;2019-04-11 11:37:03.0;
5;7361.8;2019-04-11 11:37:05.0;
5;7362;2019-04-11 11:37:08.0;
5;7361.8;2019-04-11 11:37:13.0;
5;7362.3;2019-04-11 11:37:22.0;
5;7363;2019-04-11 11:37:28.0;
5;7362.8;2019-04-11 11:37:34.0;
5;7362.2;2019-04-11 11:38:03.0;
5;7362.5;2019-04-11 11:38:19.0;
5;7362.2;2019-04-11 11:38:26.0;
5;7362;2019-04-11 11:38:36.0;
5;7361.8;2019-04-11 11:38:43.0;
5;7361;2019-04-11 11:38:53.0;
5;7361.8;2019-04-11 11:38:55.0;
5;7361.2;2019-04-11 11:38:57.0;
5;7361.3;2019-04-11 11:39:00.0;
5;7361;2019-04-11 11:39:05.0;
5;7360.8;2019-04-11 11:39:07.0;
5;7361;2019-04-11 11:39:16.0;
5;7360.8;2019-04-11 11:39:24.0;
5;7361;2019-04-11 11:39:29.0;
5;7360.8;2019-04-11 11:39:38.0;
5;7361.5;2019-04-11 11:40:04.0;
5;7360.8;2019-04-11 11:40:05.0;
5;7362;2019-04-11 11:40:07.0;
5;7361.8;2019-04-11 11:40:17.0;
5;7362.3;2019-04-11 11:40:24.0;
5;7362.2;2019-04-11 11:40:25.0;
5;7362;2019-04-11 11:40:29.0;
5;7362.3;2019-04-11 11:40:32.0;
5;7361.8;2019-04-11 11:40:48.0;
5;7363;2019-04-11 11:40:53.0;
5;7363.2;2019-04-11 11:40:55.0;
5;7363;2019-04-11 11:40:56.0;
5;7363.2;2019-04-11 11:40:59.0;
5;7363.5;2019-04-11 11:41:02.0;
5;7363.8;2019-04-11 11:41:03.0;
5;7364;2019-04-11 11:41:08.0;
5;7363.8;2019-04-11 11:41:17.0;
5;7365;2019-04-11 11:41:27.0;
5;7364.8;2019-04-11 11:41:35.0;
5;7365.8;2019-04-11 11:41:39.0;
5;7365.3;2019-04-11 11:41:45.0;
5;7365.8;2019-04-11 11:41:49.0;
5;7364.5;2019-04-11 11:42:04.0;
5;7364.2;2019-04-11 11:42:07.0;
5;7364;2019-04-11 11:42:23.0;
5;7364.2;2019-04-11 11:42:25.0;
5;7364;2019-04-11 11:42:26.0;
5;7364.5;2019-04-11 11:42:32.0;
5;7364;2019-04-11 11:42:33.0;
5;7364.5;2019-04-11 11:42:35.0;
5;7364.3;2019-04-11 11:42:36.0;
5;7364.5;2019-04-11 11:42:43.0;
5;7364.8;2019-04-11 11:42:50.0;
5;7364.5;2019-04-11 11:42:54.0;
5;7364.2;2019-04-11 11:42:57.0;
5;7364.3;2019-04-11 11:43:02.0;
5;7365;2019-04-11 11:43:06.0;
5;7364.8;2019-04-11 11:43:12.0;
5;7365.2;2019-04-11 11:43:13.0;
5;7365.8;2019-04-11 11:43:16.0;
5;7365.2;2019-04-11 11:43:17.0;
5;7365.5;2019-04-11 11:43:20.0;
5;7365.8;2019-04-11 11:43:23.0;
5;7365.5;2019-04-11 11:43:26.0;
5;7365.8;2019-04-11 11:43:27.0;
5;7366;2019-04-11 11:43:34.0;
5;7366.8;2019-04-11 11:43:36.0;
5;7366;2019-04-11 11:43:37.0;
5;7366.8;2019-04-11 11:43:38.0;
5;7367.8;2019-04-11 11:43:41.0;
5;7368;2019-04-11 11:43:45.0;
5;7368.3;2019-04-11 11:43:49.0;
5;7367.8;2019-04-11 11:44:06.0;
5;7367.2;2019-04-11 11:44:12.0;
5;7367;2019-04-11 11:44:18.0;
5;7365.8;2019-04-11 11:44:19.0;
5;7367;2019-04-11 11:44:21.0;
5;7365.8;2019-04-11 11:44:22.0;
5;7365.5;2019-04-11 11:44:25.0;
5;7365.8;2019-04-11 11:44:26.0;
5;7366.2;2019-04-11 11:44:27.0;
5;7366.3;2019-04-11 11:44:43.0;
5;7366.5;2019-04-11 11:44:47.0;
5;7366.3;2019-04-11 11:44:50.0;
5;7366.5;2019-04-11 11:44:51.0;
5;7366.2;2019-04-11 11:44:53.0;
5;7366.5;2019-04-11 11:44:55.0;
5;7366.8;2019-04-11 11:45:00.0;
5;7366.2;2019-04-11 11:45:06.0;
5;7367;2019-04-11 11:45:07.0;
5;7366.5;2019-04-11 11:45:13.0;
5;7366.8;2019-04-11 11:45:15.0;
5;7366.5;2019-04-11 11:45:16.0;
5;7366.8;2019-04-11 11:45:19.0;
5;7366.5;2019-04-11 11:45:26.0;
5;7366.8;2019-04-11 11:45:29.0;
5;7366.3;2019-04-11 11:45:36.0;
5;7366.5;2019-04-11 11:45:42.0;
5;7366.8;2019-04-11 11:45:45.0;
5;7366.5;2019-04-11 11:45:46.0;
5;7366;2019-04-11 11:46:05.0;
5;7365.8;2019-04-11 11:46:15.0;
5;7366;2019-04-11 11:46:20.0;
5;7366.5;2019-04-11 11:46:28.0;
5;7366;2019-04-11 11:46:35.0;
5;7366.3;2019-04-11 11:46:49.0;
5;7366;2019-04-11 11:46:52.0;
5;7365.8;2019-04-11 11:46:58.0;
5;7366.2;2019-04-11 11:47:06.0;
5;7365.8;2019-04-11 11:47:10.0;
5;7366.2;2019-04-11 11:47:16.0;
5;7365.8;2019-04-11 11:47:24.0;
5;7366.2;2019-04-11 11:47:27.0;
5;7365;2019-04-11 11:47:28.0;
5;7364.2;2019-04-11 11:47:32.0;
5;7364.3;2019-04-11 11:47:35.0;
5;7364.2;2019-04-11 11:47:37.0;
5;7364.3;2019-04-11 11:47:38.0;
5;7364.2;2019-04-11 11:47:40.0;
5;7365;2019-04-11 11:47:44.0;
5;7364.8;2019-04-11 11:47:49.0;
5;7365;2019-04-11 11:48:05.0;
5;7364.8;2019-04-11 11:48:13.0;
5;7364.5;2019-04-11 11:48:20.0;
5;7364.8;2019-04-11 11:48:29.0;
5;7364.5;2019-04-11 11:48:32.0;
5;7364.8;2019-04-11 11:48:44.0;
5;7364.5;2019-04-11 11:48:45.0;
5;7364.8;2019-04-11 11:48:46.0;
5;7364.3;2019-04-11 11:48:48.0;
5;7364.8;2019-04-11 11:48:50.0;
5;7364.3;2019-04-11 11:48:52.0;
5;7364.5;2019-04-11 11:48:56.0;
5;7364.3;2019-04-11 11:48:57.0;
5;7364.5;2019-04-11 11:48:59.0;
5;7364.8;2019-04-11 11:49:00.0;
5;7364.3;2019-04-11 11:49:11.0;
5;7364.8;2019-04-11 11:49:14.0;
5;7364.3;2019-04-11 11:49:16.0;
5;7364.2;2019-04-11 11:49:22.0;
5;7363.8;2019-04-11 11:49:36.0;
5;7363.5;2019-04-11 11:49:40.0;
5;7363.2;2019-04-11 11:49:45.0;
5;7363.5;2019-04-11 11:50:07.0;
5;7364;2019-04-11 11:50:12.0;
5;7363.8;2019-04-11 11:50:18.0;
5;7364.5;2019-04-11 11:50:31.0;
5;7364.2;2019-04-11 11:50:34.0;
5;7364.5;2019-04-11 11:50:36.0;
5;7364.2;2019-04-11 11:50:37.0;
5;7363.5;2019-04-11 11:50:49.0;
5;7363.2;2019-04-11 11:50:51.0;
5;7364;2019-04-11 11:50:56.0;
5;7363.5;2019-04-11 11:51:03.0;
5;7363.8;2019-04-11 11:51:14.0;
5;7363.5;2019-04-11 11:51:23.0;
5;7363.8;2019-04-11 11:51:28.0;
5;7363.5;2019-04-11 11:51:33.0;
5;7363.8;2019-04-11 11:51:35.0;
5;7363.5;2019-04-11 11:51:41.0;
5;7364.2;2019-04-11 11:51:48.0;
5;7365.2;2019-04-11 11:52:04.0;
5;7364.8;2019-04-11 11:52:09.0;
5;7364.3;2019-04-11 11:52:14.0;
5;7365;2019-04-11 11:52:19.0;
5;7365.2;2019-04-11 11:52:26.0;
5;7365;2019-04-11 11:52:27.0;
5;7365.2;2019-04-11 11:52:30.0;
5;7365;2019-04-11 11:52:32.0;
5;7365.2;2019-04-11 11:52:33.0;
5;7365;2019-04-11 11:52:39.0;
5;7365.2;2019-04-11 11:52:42.0;
5;7365;2019-04-11 11:52:46.0;
5;7364.8;2019-04-11 11:52:56.0;
5;7365;2019-04-11 11:52:57.0;
5;7364.8;2019-04-11 11:52:59.0;
5;7365;2019-04-11 11:53:04.0;
5;7364.8;2019-04-11 11:53:09.0;
5;7365;2019-04-11 11:53:17.0;
5;7365.8;2019-04-11 11:53:20.0;
5;7365;2019-04-11 11:53:22.0;
5;7365.8;2019-04-11 11:53:24.0;
5;7366;2019-04-11 11:53:31.0;
5;7365.8;2019-04-11 11:53:34.0;
5;7366;2019-04-11 11:53:35.0;
5;7365.8;2019-04-11 11:53:36.0;
5;7366.2;2019-04-11 11:53:40.0;
5;7365.8;2019-04-11 11:53:42.0;
5;7366.3;2019-04-11 11:53:44.0;
5;7366.8;2019-04-11 11:53:49.0;
5;7365.8;2019-04-11 11:54:03.0;
5;7366.3;2019-04-11 11:54:08.0;
5;7365.8;2019-04-11 11:54:10.0;
5;7366;2019-04-11 11:54:11.0;
5;7366.5;2019-04-11 11:54:18.0;
5;7367.8;2019-04-11 11:54:23.0;
5;7366.5;2019-04-11 11:54:24.0;
5;7367.8;2019-04-11 11:54:26.0;
5;7368.8;2019-04-11 11:54:28.0;
5;7368.3;2019-04-11 11:54:35.0;
5;7368;2019-04-11 11:54:38.0;
5;7368.3;2019-04-11 11:54:41.0;
5;7367.8;2019-04-11 11:54:43.0;
5;7366.8;2019-04-11 11:54:59.0;
5;7367.8;2019-04-11 11:55:16.0;
5;7367.2;2019-04-11 11:55:24.0;
5;7367;2019-04-11 11:55:25.0;
5;7367.2;2019-04-11 11:55:27.0;
5;7367;2019-04-11 11:55:28.0;
5;7367.8;2019-04-11 11:55:33.0;
5;7368.3;2019-04-11 11:55:35.0;
5;7367.8;2019-04-11 11:55:46.0;
5;7367.5;2019-04-11 11:56:12.0;
5;7367.8;2019-04-11 11:56:13.0;
5;7367.5;2019-04-11 11:56:16.0;
5;7367.3;2019-04-11 11:56:22.0;
5;7368;2019-04-11 11:56:23.0;
5;7367.8;2019-04-11 11:56:29.0;
5;7368;2019-04-11 11:56:38.0;
5;7367.8;2019-04-11 11:56:41.0;
5;7368;2019-04-11 11:56:45.0;
5;7367.8;2019-04-11 11:56:49.0;
5;7367.5;2019-04-11 11:56:54.0;
5;7367.2;2019-04-11 11:56:56.0;
5;7367;2019-04-11 11:56:59.0;
5;7367.5;2019-04-11 11:57:03.0;
5;7367.2;2019-04-11 11:57:08.0;
5;7367.8;2019-04-11 11:57:12.0;
5;7367.2;2019-04-11 11:57:17.0;
5;7367;2019-04-11 11:57:23.0;
5;7366.8;2019-04-11 11:57:33.0;
5;7367.2;2019-04-11 11:57:34.0;
5;7366.8;2019-04-11 11:57:41.0;
5;7367.2;2019-04-11 11:58:08.0;
5;7366.8;2019-04-11 11:58:16.0;
5;7366.2;2019-04-11 11:58:23.0;
5;7366.5;2019-04-11 11:58:49.0;
5;7366.8;2019-04-11 11:58:54.0;
5;7366.5;2019-04-11 11:59:04.0;
5;7366.3;2019-04-11 11:59:06.0;
5;7366.2;2019-04-11 11:59:11.0;
5;7366.8;2019-04-11 11:59:32.0;
5;7366.2;2019-04-11 11:59:33.0;
5;7366.8;2019-04-11 11:59:34.0;
5;7366.5;2019-04-11 11:59:43.0;
5;7366.2;2019-04-11 11:59:49.0;
5;7362.8;2019-04-11 12:00:07.0;
5;7363.5;2019-04-11 12:00:16.0;
5;7364;2019-04-11 12:00:20.0;
5;7364.5;2019-04-11 12:00:23.0;
5;7363.8;2019-04-11 12:00:28.0;
5;7364;2019-04-11 12:00:33.0;
5;7364.3;2019-04-11 12:00:45.0;
5;7364;2019-04-11 12:00:46.0;
5;7364.5;2019-04-11 12:00:56.0;
5;7365;2019-04-11 12:01:00.0;
5;7364.8;2019-04-11 12:01:03.0;
5;7364.2;2019-04-11 12:01:09.0;
5;7364.8;2019-04-11 12:01:11.0;
5;7365;2019-04-11 12:01:12.0;
5;7364.3;2019-04-11 12:01:16.0;
5;7365;2019-04-11 12:01:18.0;
5;7364.3;2019-04-11 12:01:20.0;
5;7364.5;2019-04-11 12:01:22.0;
5;7363.8;2019-04-11 12:01:33.0;
5;7364;2019-04-11 12:02:05.0;
5;7363.8;2019-04-11 12:02:07.0;
5;7364.3;2019-04-11 12:02:58.0;
5;7364.5;2019-04-11 12:03:04.0;
5;7364.3;2019-04-11 12:03:07.0;
5;7364.5;2019-04-11 12:03:08.0;
5;7365.3;2019-04-11 12:03:13.0;
5;7365.2;2019-04-11 12:03:22.0;
5;7365;2019-04-11 12:03:25.0;
5;7365.5;2019-04-11 12:03:31.0;
5;7365.3;2019-04-11 12:03:35.0;
5;7365.8;2019-04-11 12:04:19.0;
5;7366.5;2019-04-11 12:04:28.0;
5;7366.2;2019-04-11 12:04:32.0;
5;7366.8;2019-04-11 12:04:39.0;
5;7367.5;2019-04-11 12:05:06.0;
5;7367.8;2019-04-11 12:05:09.0;
5;7368;2019-04-11 12:05:21.0;
5;7367.8;2019-04-11 12:05:24.0;
5;7367.5;2019-04-11 12:05:27.0;
5;7367.8;2019-04-11 12:05:28.0;
5;7367.5;2019-04-11 12:05:30.0;
5;7368.2;2019-04-11 12:05:40.0;
5;7368;2019-04-11 12:05:44.0;
5;7367.8;2019-04-11 12:05:51.0;
5;7367.5;2019-04-11 12:06:15.0;
5;7367.8;2019-04-11 12:06:17.0;
5;7367.3;2019-04-11 12:06:18.0;
5;7367.2;2019-04-11 12:06:24.0;
5;7367.3;2019-04-11 12:06:25.0;
5;7367.2;2019-04-11 12:06:27.0;
5;7366.8;2019-04-11 12:06:29.0;
5;7367.3;2019-04-11 12:06:31.0;
5;7366.8;2019-04-11 12:06:33.0;
5;7367.3;2019-04-11 12:06:34.0;
5;7366.8;2019-04-11 12:06:45.0;
5;7367;2019-04-11 12:06:50.0;
5;7367.2;2019-04-11 12:06:56.0;
5;7367;2019-04-11 12:06:57.0;
5;7367.2;2019-04-11 12:06:58.0;
5;7366.8;2019-04-11 12:07:10.0;
5;7368.2;2019-04-11 12:08:05.0;
5;7366.8;2019-04-11 12:08:07.0;
5;7368;2019-04-11 12:08:08.0;
5;7368.2;2019-04-11 12:08:11.0;
5;7368.3;2019-04-11 12:08:22.0;
5;7368.8;2019-04-11 12:08:48.0;
5;7368.3;2019-04-11 12:08:49.0;
5;7368.5;2019-04-11 12:08:52.0;
5;7368.2;2019-04-11 12:08:59.0;
5;7368.3;2019-04-11 12:09:06.0;
5;7367.8;2019-04-11 12:09:07.0;
5;7368.3;2019-04-11 12:09:25.0;
5;7368.8;2019-04-11 12:09:28.0;
5;7368.2;2019-04-11 12:09:42.0;
5;7368.8;2019-04-11 12:09:46.0;
5;7369.3;2019-04-11 12:09:51.0;
5;7370.8;2019-04-11 12:10:05.0;
5;7370.2;2019-04-11 12:10:10.0;
5;7370.8;2019-04-11 12:10:12.0;
5;7370.2;2019-04-11 12:10:13.0;
5;7370;2019-04-11 12:10:24.0;
5;7369.8;2019-04-11 12:10:29.0;
5;7369.2;2019-04-11 12:10:36.0;
5;7370;2019-04-11 12:10:39.0;
5;7369.2;2019-04-11 12:10:41.0;
5;7370;2019-04-11 12:10:44.0;
5;7369.5;2019-04-11 12:10:45.0;
5;7369.3;2019-04-11 12:10:47.0;
5;7369.5;2019-04-11 12:10:56.0;
5;7369.2;2019-04-11 12:11:02.0;
5;7369.5;2019-04-11 12:11:09.0;
5;7369.3;2019-04-11 12:11:11.0;
5;7369.5;2019-04-11 12:11:13.0;
5;7370;2019-04-11 12:11:15.0;
5;7369.5;2019-04-11 12:11:19.0;
5;7370;2019-04-11 12:11:21.0;
5;7369.5;2019-04-11 12:11:22.0;
5;7369.2;2019-04-11 12:11:25.0;
5;7369.3;2019-04-11 12:11:35.0;
5;7369.8;2019-04-11 12:11:43.0;
5;7369.3;2019-04-11 12:11:44.0;
5;7369.8;2019-04-11 12:11:45.0;
5;7369.5;2019-04-11 12:11:50.0;
5;7369.8;2019-04-11 12:12:05.0;
5;7369.3;2019-04-11 12:12:11.0;
5;7369.5;2019-04-11 12:12:17.0;
5;7369.8;2019-04-11 12:12:34.0;
5;7370.2;2019-04-11 12:12:41.0;
5;7370.8;2019-04-11 12:12:46.0;
5;7371.3;2019-04-11 12:12:48.0;
5;7371.8;2019-04-11 12:12:52.0;
5;7372.3;2019-04-11 12:12:58.0;
5;7372.2;2019-04-11 12:13:01.0;
5;7372.3;2019-04-11 12:13:06.0;
5;7372.5;2019-04-11 12:13:15.0;
5;7372.8;2019-04-11 12:13:22.0;
5;7372.3;2019-04-11 12:13:28.0;
5;7373;2019-04-11 12:13:35.0;
5;7372.3;2019-04-11 12:13:36.0;
5;7373;2019-04-11 12:13:37.0;
5;7372.8;2019-04-11 12:13:40.0;
5;7372.5;2019-04-11 12:13:50.0;
5;7372.2;2019-04-11 12:14:10.0;
5;7373.2;2019-04-11 12:14:22.0;
5;7374;2019-04-11 12:14:33.0;
5;7373.8;2019-04-11 12:14:38.0;
5;7373.2;2019-04-11 12:14:39.0;
5;7372.8;2019-04-11 12:15:08.0;
5;7372.3;2019-04-11 12:15:22.0;
5;7372.2;2019-04-11 12:15:27.0;
5;7372.8;2019-04-11 12:15:47.0;
5;7372.2;2019-04-11 12:15:50.0;
5;7372.8;2019-04-11 12:15:51.0;
5;7371.8;2019-04-11 12:16:04.0;
5;7372.2;2019-04-11 12:16:09.0;
5;7371.5;2019-04-11 12:16:11.0;
5;7370.8;2019-04-11 12:16:16.0;
5;7370.5;2019-04-11 12:16:31.0;
5;7370;2019-04-11 12:16:36.0;
5;7369.5;2019-04-11 12:16:42.0;
5;7370;2019-04-11 12:16:48.0;
5;7369.8;2019-04-11 12:16:52.0;
5;7370.3;2019-04-11 12:17:04.0;
5;7370.2;2019-04-11 12:17:15.0;
5;7369.8;2019-04-11 12:17:23.0;
5;7369.5;2019-04-11 12:17:28.0;
5;7369.8;2019-04-11 12:17:29.0;
5;7370;2019-04-11 12:17:31.0;
5;7369.8;2019-04-11 12:17:39.0;
5;7370;2019-04-11 12:17:41.0;
5;7369.8;2019-04-11 12:17:42.0;
5;7369.2;2019-04-11 12:17:44.0;
5;7369.8;2019-04-11 12:17:51.0;
5;7369.2;2019-04-11 12:18:03.0;
5;7369.8;2019-04-11 12:18:05.0;
5;7370.3;2019-04-11 12:18:09.0;
5;7370.2;2019-04-11 12:18:12.0;
5;7370.3;2019-04-11 12:18:13.0;
5;7370.2;2019-04-11 12:18:14.0;
5;7371;2019-04-11 12:18:44.0;
5;7370.8;2019-04-11 12:18:47.0;
5;7371;2019-04-11 12:18:48.0;
5;7370.8;2019-04-11 12:18:50.0;
5;7370.3;2019-04-11 12:18:53.0;
5;7370.5;2019-04-11 12:18:57.0;
5;7370;2019-04-11 12:19:00.0;
5;7369.8;2019-04-11 12:19:03.0;
5;7368.8;2019-04-11 12:19:24.0;
5;7369.5;2019-04-11 12:19:29.0;
5;7369.3;2019-04-11 12:19:36.0;
5;7369.8;2019-04-11 12:19:40.0;
5;7369.5;2019-04-11 12:19:45.0;
5;7369.8;2019-04-11 12:19:49.0;
5;7371;2019-04-11 12:20:06.0;
5;7370.8;2019-04-11 12:20:08.0;
5;7370.2;2019-04-11 12:20:15.0;
5;7370.8;2019-04-11 12:20:16.0;
5;7370.5;2019-04-11 12:20:30.0;
5;7370.8;2019-04-11 12:20:36.0;
5;7371;2019-04-11 12:20:39.0;
5;7370.3;2019-04-11 12:20:47.0;
5;7369.8;2019-04-11 12:20:50.0;
5;7370.5;2019-04-11 12:20:56.0;
5;7369.8;2019-04-11 12:21:00.0;
5;7369.3;2019-04-11 12:21:06.0;
5;7369;2019-04-11 12:21:13.0;
5;7369.5;2019-04-11 12:21:16.0;
5;7369;2019-04-11 12:21:18.0;
5;7369.5;2019-04-11 12:21:19.0;
5;7369.3;2019-04-11 12:21:21.0;
5;7368.8;2019-04-11 12:21:33.0;
5;7368.5;2019-04-11 12:21:36.0;
5;7368.8;2019-04-11 12:21:37.0;
5;7368.5;2019-04-11 12:21:43.0;
5;7367.8;2019-04-11 12:22:02.0;
5;7368.3;2019-04-11 12:22:38.0;
5;7368.2;2019-04-11 12:22:42.0;
5;7368.3;2019-04-11 12:22:44.0;
5;7368.2;2019-04-11 12:22:45.0;
5;7367.8;2019-04-11 12:22:53.0;
5;7368.5;2019-04-11 12:22:56.0;
5;7368.3;2019-04-11 12:23:00.0;
5;7368.2;2019-04-11 12:23:06.0;
5;7368;2019-04-11 12:23:19.0;
5;7368.2;2019-04-11 12:23:21.0;
5;7368;2019-04-11 12:23:22.0;
5;7367.8;2019-04-11 12:23:26.0;
5;7368;2019-04-11 12:23:41.0;
5;7367.5;2019-04-11 12:23:44.0;
5;7368;2019-04-11 12:23:45.0;
5;7367.5;2019-04-11 12:23:46.0;
5;7367.8;2019-04-11 12:24:05.0;
5;7368.3;2019-04-11 12:24:27.0;
5;7368;2019-04-11 12:24:30.0;
5;7367.3;2019-04-11 12:24:31.0;
5;7367.8;2019-04-11 12:24:46.0;
5;7367.5;2019-04-11 12:24:48.0;
5;7367.8;2019-04-11 12:24:49.0;
5;7367.5;2019-04-11 12:24:51.0;
5;7367.8;2019-04-11 12:25:08.0;
5;7367.2;2019-04-11 12:25:15.0;
5;7368;2019-04-11 12:25:24.0;
5;7367.8;2019-04-11 12:25:28.0;
5;7368;2019-04-11 12:25:36.0;
5;7368.2;2019-04-11 12:25:41.0;
5;7368;2019-04-11 12:26:18.0;
5;7367.8;2019-04-11 12:26:20.0;
5;7368.2;2019-04-11 12:26:35.0;
5;7368;2019-04-11 12:26:42.0;
5;7367.8;2019-04-11 12:26:43.0;
5;7368;2019-04-11 12:26:47.0;
5;7367.8;2019-04-11 12:26:56.0;
5;7368;2019-04-11 12:27:03.0;
5;7367.8;2019-04-11 12:27:12.0;
5;7368;2019-04-11 12:27:13.0;
5;7367.8;2019-04-11 12:27:15.0;
5;7367.2;2019-04-11 12:27:22.0;
5;7367.5;2019-04-11 12:27:37.0;
5;7367.3;2019-04-11 12:27:43.0;
5;7367.5;2019-04-11 12:27:45.0;
5;7367.2;2019-04-11 12:27:48.0;
5;7367.3;2019-04-11 12:28:07.0;
5;7367.5;2019-04-11 12:28:11.0;
5;7367.3;2019-04-11 12:28:12.0;
5;7367.5;2019-04-11 12:28:14.0;
5;7367.3;2019-04-11 12:28:17.0;
5;7367.2;2019-04-11 12:28:21.0;
5;7367.3;2019-04-11 12:28:22.0;
5;7367;2019-04-11 12:28:24.0;
5;7367.2;2019-04-11 12:28:25.0;
5;7367;2019-04-11 12:28:26.0;
5;7366.3;2019-04-11 12:28:32.0;
5;7366.8;2019-04-11 12:29:00.0;
5;7367;2019-04-11 12:29:07.0;
5;7366.8;2019-04-11 12:29:12.0;
5;7366.5;2019-04-11 12:29:15.0;
5;7366.8;2019-04-11 12:29:26.0;
5;7367.5;2019-04-11 12:29:32.0;
5;7367.2;2019-04-11 12:29:35.0;
5;7367.5;2019-04-11 12:29:39.0;
5;7367.2;2019-04-11 12:29:41.0;
5;7368;2019-04-11 12:29:42.0;
5;7367.5;2019-04-11 12:29:43.0;
5;7368;2019-04-11 12:29:45.0;
5;7368.5;2019-04-11 12:29:50.0;
5;7368.2;2019-04-11 12:30:03.0;
5;7368.5;2019-04-11 12:30:04.0;
5;7368.2;2019-04-11 12:30:05.0;
5;7368.8;2019-04-11 12:30:08.0;
5;7368.2;2019-04-11 12:30:25.0;
5;7368.5;2019-04-11 12:30:31.0;
5;7368.3;2019-04-11 12:30:41.0;
5;7367.8;2019-04-11 12:30:42.0;
5;7368.2;2019-04-11 12:30:47.0;
5;7368.3;2019-04-11 12:30:55.0;
5;7367.8;2019-04-11 12:30:56.0;
5;7368.3;2019-04-11 12:30:57.0;
5;7367.8;2019-04-11 12:30:59.0;
5;7367.2;2019-04-11 12:31:08.0;
5;7367.5;2019-04-11 12:31:12.0;
5;7367.8;2019-04-11 12:31:22.0;
5;7367.3;2019-04-11 12:31:25.0;
5;7367.2;2019-04-11 12:31:29.0;
5;7367;2019-04-11 12:31:32.0;
5;7366.8;2019-04-11 12:31:39.0;
5;7367;2019-04-11 12:31:40.0;
5;7366.8;2019-04-11 12:31:41.0;
5;7366.3;2019-04-11 12:31:43.0;
5;7366;2019-04-11 12:32:05.0;
5;7365.5;2019-04-11 12:32:13.0;
5;7365.8;2019-04-11 12:32:16.0;
5;7366.5;2019-04-11 12:32:30.0;
5;7366.3;2019-04-11 12:32:31.0;
5;7366.5;2019-04-11 12:32:32.0;
5;7366.3;2019-04-11 12:32:34.0;
5;7366.8;2019-04-11 12:32:35.0;
5;7367.2;2019-04-11 12:32:40.0;
5;7366.5;2019-04-11 12:32:45.0;
5;7366.3;2019-04-11 12:32:47.0;
5;7366.5;2019-04-11 12:32:49.0;
5;7366.3;2019-04-11 12:32:51.0;
5;7366.5;2019-04-11 12:32:55.0;
5;7366.3;2019-04-11 12:32:59.0;
5;7366.5;2019-04-11 12:33:01.0;
5;7366.3;2019-04-11 12:33:02.0;
5;7366.2;2019-04-11 12:33:08.0;
5;7366;2019-04-11 12:33:13.0;
5;7366.2;2019-04-11 12:33:18.0;
5;7366.8;2019-04-11 12:33:19.0;
5;7366.2;2019-04-11 12:33:20.0;
5;7366.8;2019-04-11 12:33:22.0;
5;7367.5;2019-04-11 12:33:41.0;
5;7367.3;2019-04-11 12:33:44.0;
5;7367.2;2019-04-11 12:33:51.0;
5;7366.8;2019-04-11 12:34:03.0;
5;7367.2;2019-04-11 12:34:05.0;
5;7366.8;2019-04-11 12:34:06.0;
5;7366.2;2019-04-11 12:34:14.0;
5;7365.8;2019-04-11 12:34:24.0;
5;7366;2019-04-11 12:34:30.0;
5;7366.5;2019-04-11 12:34:36.0;
5;7365.8;2019-04-11 12:34:39.0;
5;7366;2019-04-11 12:34:42.0;
5;7366.8;2019-04-11 12:34:47.0;
5;7367;2019-04-11 12:35:06.0;
5;7366.2;2019-04-11 12:35:19.0;
5;7367;2019-04-11 12:35:21.0;
5;7366.2;2019-04-11 12:35:22.0;
5;7366;2019-04-11 12:35:23.0;
5;7365.8;2019-04-11 12:35:27.0;
5;7365.5;2019-04-11 12:35:30.0;
5;7365.8;2019-04-11 12:35:35.0;
5;7365.5;2019-04-11 12:35:36.0;
5;7365.8;2019-04-11 12:35:39.0;
5;7365.5;2019-04-11 12:35:40.0;
5;7365.3;2019-04-11 12:35:43.0;
5;7367.3;2019-04-11 12:35:49.0;
5;7365.8;2019-04-11 12:36:03.0;
5;7365.3;2019-04-11 12:36:08.0;
5;7365.8;2019-04-11 12:36:10.0;
5;7365.3;2019-04-11 12:36:12.0;
5;7364.8;2019-04-11 12:36:13.0;
5;7365.2;2019-04-11 12:36:15.0;
5;7365.3;2019-04-11 12:36:21.0;
5;7365.2;2019-04-11 12:36:24.0;
5;7365;2019-04-11 12:36:30.0;
5;7365.2;2019-04-11 12:36:32.0;
5;7365;2019-04-11 12:36:33.0;
5;7365.2;2019-04-11 12:36:34.0;
5;7365;2019-04-11 12:36:37.0;
5;7364.8;2019-04-11 12:36:39.0;
5;7365.8;2019-04-11 12:36:50.0;
5;7365.5;2019-04-11 12:36:52.0;
5;7365.8;2019-04-11 12:36:53.0;
5;7365.3;2019-04-11 12:36:54.0;
5;7365.2;2019-04-11 12:36:58.0;
5;7365.3;2019-04-11 12:37:06.0;
5;7365.2;2019-04-11 12:37:07.0;
5;7365;2019-04-11 12:37:11.0;
5;7365.3;2019-04-11 12:37:15.0;
5;7365;2019-04-11 12:37:22.0;
5;7364.5;2019-04-11 12:37:25.0;
5;7364.8;2019-04-11 12:37:30.0;
5;7365.2;2019-04-11 12:37:38.0;
5;7365.3;2019-04-11 12:37:40.0;
5;7365.2;2019-04-11 12:37:42.0;
5;7365.8;2019-04-11 12:37:49.0;
5;7364.5;2019-04-11 12:38:06.0;
5;7364.3;2019-04-11 12:38:07.0;
5;7364.2;2019-04-11 12:38:14.0;
5;7365;2019-04-11 12:38:31.0;
5;7364.8;2019-04-11 12:38:36.0;
5;7364.2;2019-04-11 12:38:45.0;
5;7364.5;2019-04-11 12:38:46.0;
5;7364.2;2019-04-11 12:38:48.0;
5;7364.5;2019-04-11 12:38:49.0;
5;7365;2019-04-11 12:38:58.0;
5;7365.2;2019-04-11 12:39:00.0;
5;7365.8;2019-04-11 12:39:03.0;
5;7365.2;2019-04-11 12:39:04.0;
5;7365.8;2019-04-11 12:39:05.0;
5;7365.3;2019-04-11 12:39:20.0;
5;7365;2019-04-11 12:39:35.0;
5;7366;2019-04-11 12:39:41.0;
5;7365.8;2019-04-11 12:39:42.0;
5;7366;2019-04-11 12:40:04.0;
5;7366.5;2019-04-11 12:40:09.0;
5;7366.3;2019-04-11 12:40:10.0;
5;7365.8;2019-04-11 12:40:15.0;
5;7365.3;2019-04-11 12:40:24.0;
5;7366;2019-04-11 12:40:32.0;
5;7365.8;2019-04-11 12:40:37.0;
5;7366;2019-04-11 12:40:58.0;
5;7365.5;2019-04-11 12:41:03.0;
5;7365.8;2019-04-11 12:41:09.0;
5;7365.3;2019-04-11 12:41:24.0;
5;7365.2;2019-04-11 12:41:32.0;
5;7366.5;2019-04-11 12:41:39.0;
5;7365.2;2019-04-11 12:41:40.0;
5;7366.5;2019-04-11 12:41:42.0;
5;7366.2;2019-04-11 12:41:43.0;
5;7366.8;2019-04-11 12:42:18.0;
5;7367.3;2019-04-11 12:42:32.0;
5;7367.2;2019-04-11 12:42:36.0;
5;7367.5;2019-04-11 12:42:53.0;
5;7367.2;2019-04-11 12:43:00.0;
5;7368;2019-04-11 12:43:05.0;
5;7367.8;2019-04-11 12:43:09.0;
5;7368;2019-04-11 12:43:13.0;
5;7367.8;2019-04-11 12:43:16.0;
5;7368;2019-04-11 12:43:17.0;
5;7367.8;2019-04-11 12:43:18.0;
5;7368.3;2019-04-11 12:43:20.0;
5;7368.2;2019-04-11 12:43:24.0;
5;7368;2019-04-11 12:43:40.0;
5;7368.2;2019-04-11 12:43:41.0;
5;7368;2019-04-11 12:43:42.0;
5;7368.3;2019-04-11 12:44:04.0;
5;7368.2;2019-04-11 12:44:15.0;
5;7367.8;2019-04-11 12:44:22.0;
5;7368.5;2019-04-11 12:44:25.0;
5;7368.3;2019-04-11 12:44:27.0;
5;7369;2019-04-11 12:44:34.0;
5;7369.3;2019-04-11 12:44:38.0;
5;7369.8;2019-04-11 12:44:39.0;
5;7369.5;2019-04-11 12:44:44.0;
5;7369.3;2019-04-11 12:44:48.0;
5;7370;2019-04-11 12:45:06.0;
5;7369.8;2019-04-11 12:45:08.0;
5;7370.3;2019-04-11 12:45:27.0;
5;7370.2;2019-04-11 12:45:28.0;
5;7370.3;2019-04-11 12:45:29.0;
5;7370.2;2019-04-11 12:45:30.0;
5;7370.3;2019-04-11 12:45:37.0;
5;7371.2;2019-04-11 12:45:46.0;
5;7371.8;2019-04-11 12:46:02.0;
5;7371.2;2019-04-11 12:46:04.0;
5;7371.8;2019-04-11 12:46:05.0;
5;7371.5;2019-04-11 12:46:08.0;
5;7371.3;2019-04-11 12:46:14.0;
5;7371.2;2019-04-11 12:46:18.0;
5;7371.8;2019-04-11 12:46:24.0;
5;7374.5;2019-04-11 12:46:35.0;
5;7374;2019-04-11 12:46:40.0;
5;7373.2;2019-04-11 12:46:45.0;
5;7372.8;2019-04-11 12:46:48.0;
5;7373.8;2019-04-11 12:46:51.0;
5;7374.2;2019-04-11 12:46:57.0;
5;7374.8;2019-04-11 12:46:59.0;
5;7374.2;2019-04-11 12:47:01.0;
5;7374.5;2019-04-11 12:47:03.0;
5;7375.2;2019-04-11 12:47:11.0;
5;7374.8;2019-04-11 12:47:12.0;
5;7375.2;2019-04-11 12:47:13.0;
5;7375.3;2019-04-11 12:47:15.0;
5;7375.2;2019-04-11 12:47:17.0;
5;7375.3;2019-04-11 12:47:18.0;
5;7375.2;2019-04-11 12:47:21.0;
5;7375.3;2019-04-11 12:47:25.0;
5;7375.2;2019-04-11 12:47:33.0;
5;7374.8;2019-04-11 12:47:38.0;
5;7375.8;2019-04-11 12:47:41.0;
5;7375.5;2019-04-11 12:47:43.0;
5;7375.8;2019-04-11 12:47:44.0;
5;7375.5;2019-04-11 12:47:45.0;
5;7375.3;2019-04-11 12:47:47.0;
5;7375.8;2019-04-11 12:48:05.0;
5;7377;2019-04-11 12:48:11.0;
5;7376.8;2019-04-11 12:48:16.0;
5;7376.2;2019-04-11 12:48:24.0;
5;7376.3;2019-04-11 12:48:27.0;
5;7376.8;2019-04-11 12:48:31.0;
5;7376.3;2019-04-11 12:48:32.0;
5;7376.8;2019-04-11 12:48:34.0;
5;7377.8;2019-04-11 12:48:42.0;
5;7377.2;2019-04-11 12:48:46.0;
5;7377.8;2019-04-11 12:48:50.0;
5;7378;2019-04-11 12:49:02.0;
5;7377.8;2019-04-11 12:49:06.0;
5;7377.2;2019-04-11 12:49:07.0;
5;7377.8;2019-04-11 12:49:08.0;
5;7377.2;2019-04-11 12:49:10.0;
5;7378;2019-04-11 12:49:13.0;
5;7377.8;2019-04-11 12:49:14.0;
5;7377.5;2019-04-11 12:49:27.0;
5;7377.8;2019-04-11 12:49:29.0;
5;7377.5;2019-04-11 12:49:30.0;
5;7377.2;2019-04-11 12:49:33.0;
5;7377;2019-04-11 12:49:37.0;
5;7378.5;2019-04-11 12:49:39.0;
5;7377.2;2019-04-11 12:49:43.0;
5;7378.2;2019-04-11 12:50:07.0;
5;7379.5;2019-04-11 12:50:13.0;
5;7379;2019-04-11 12:50:18.0;
5;7379.3;2019-04-11 12:50:21.0;
5;7379.8;2019-04-11 12:50:26.0;
5;7379.3;2019-04-11 12:50:28.0;
5;7379.8;2019-04-11 12:50:30.0;
5;7379.5;2019-04-11 12:50:32.0;
5;7379.2;2019-04-11 12:50:36.0;
5;7379.8;2019-04-11 12:50:39.0;
5;7379.5;2019-04-11 12:50:46.0;
5;7379.8;2019-04-11 12:50:48.0;
5;7380.3;2019-04-11 12:50:51.0;
5;7379.8;2019-04-11 12:50:52.0;
5;7380.3;2019-04-11 12:50:53.0;
5;7380.8;2019-04-11 12:50:57.0;
5;7380.3;2019-04-11 12:51:05.0;
5;7380;2019-04-11 12:51:07.0;
5;7380.3;2019-04-11 12:51:08.0;
5;7380;2019-04-11 12:51:09.0;
5;7380.8;2019-04-11 12:51:12.0;
5;7380.3;2019-04-11 12:51:24.0;
5;7380.8;2019-04-11 12:51:25.0;
5;7380.2;2019-04-11 12:51:28.0;
5;7381;2019-04-11 12:51:31.0;
5;7380.2;2019-04-11 12:51:32.0;
5;7381;2019-04-11 12:51:34.0;
5;7381.3;2019-04-11 12:51:35.0;
5;7380.5;2019-04-11 12:51:41.0;
5;7380.2;2019-04-11 12:51:44.0;
5;7380.8;2019-04-11 12:51:48.0;
5;7379.8;2019-04-11 12:52:05.0;
5;7380.2;2019-04-11 12:52:11.0;
5;7379.2;2019-04-11 12:52:22.0;
5;7379.5;2019-04-11 12:52:29.0;
5;7379.3;2019-04-11 12:52:31.0;
5;7379.8;2019-04-11 12:52:36.0;
5;7379.2;2019-04-11 12:52:49.0;
5;7379.8;2019-04-11 12:52:50.0;
5;7379;2019-04-11 12:52:52.0;
5;7379.2;2019-04-11 12:52:53.0;
5;7379;2019-04-11 12:52:54.0;
5;7379.3;2019-04-11 12:52:58.0;
5;7379.2;2019-04-11 12:53:01.0;
5;7380.2;2019-04-11 12:53:07.0;
5;7379.8;2019-04-11 12:53:13.0;
5;7379.5;2019-04-11 12:53:29.0;
5;7379.2;2019-04-11 12:53:34.0;
5;7379.5;2019-04-11 12:53:35.0;
5;7379.3;2019-04-11 12:53:40.0;
5;7378.8;2019-04-11 12:53:47.0;
5;7379.3;2019-04-11 12:53:49.0;
5;7378.8;2019-04-11 12:53:51.0;
5;7379.2;2019-04-11 12:54:15.0;
5;7378.8;2019-04-11 12:54:16.0;
5;7379.2;2019-04-11 12:54:18.0;
5;7379.3;2019-04-11 12:54:22.0;
5;7379.5;2019-04-11 12:54:23.0;
5;7379.3;2019-04-11 12:54:25.0;
5;7379.8;2019-04-11 12:54:28.0;
5;7379.3;2019-04-11 12:54:32.0;
5;7379.5;2019-04-11 12:54:35.0;
5;7379.3;2019-04-11 12:54:36.0;
5;7379.5;2019-04-11 12:54:37.0;
5;7379.3;2019-04-11 12:54:40.0;
5;7380;2019-04-11 12:54:46.0;
5;7379.3;2019-04-11 12:54:48.0;
5;7380;2019-04-11 12:54:56.0;
5;7379.5;2019-04-11 12:54:59.0;
5;7380;2019-04-11 12:55:00.0;
5;7379.5;2019-04-11 12:55:01.0;
5;7380;2019-04-11 12:55:04.0;
5;7379.5;2019-04-11 12:55:09.0;
5;7379.3;2019-04-11 12:55:12.0;
5;7380.3;2019-04-11 12:55:16.0;
5;7379.8;2019-04-11 12:55:20.0;
5;7380.2;2019-04-11 12:55:37.0;
5;7379.8;2019-04-11 12:55:39.0;
5;7379;2019-04-11 12:55:43.0;
5;7378.5;2019-04-11 12:55:50.0;
5;7379.2;2019-04-11 12:56:04.0;
5;7378.5;2019-04-11 12:56:06.0;
5;7379.2;2019-04-11 12:56:08.0;
5;7379;2019-04-11 12:56:20.0;
5;7379.3;2019-04-11 12:56:26.0;
5;7379.2;2019-04-11 12:56:29.0;
5;7379.8;2019-04-11 12:56:46.0;
5;7379.3;2019-04-11 12:56:50.0;
5;7379.2;2019-04-11 12:57:06.0;
5;7379.3;2019-04-11 12:57:12.0;
5;7379;2019-04-11 12:57:16.0;
5;7378.8;2019-04-11 12:57:19.0;
5;7378.2;2019-04-11 12:57:29.0;
5;7378.3;2019-04-11 12:57:39.0;
5;7379;2019-04-11 12:57:42.0;
5;7378.8;2019-04-11 12:57:47.0;
5;7379;2019-04-11 12:58:04.0;
5;7378.8;2019-04-11 12:58:07.0;
5;7379;2019-04-11 12:58:09.0;
5;7378.8;2019-04-11 12:58:10.0;
5;7379.2;2019-04-11 12:58:16.0;
5;7379.3;2019-04-11 12:58:21.0;
5;7378.8;2019-04-11 12:58:25.0;
5;7379.5;2019-04-11 12:58:28.0;
5;7378.8;2019-04-11 12:58:30.0;
5;7379.5;2019-04-11 12:58:31.0;
5;7379;2019-04-11 12:58:34.0;
5;7378.8;2019-04-11 12:58:39.0;
5;7379.5;2019-04-11 12:58:52.0;
5;7378.8;2019-04-11 12:58:53.0;
5;7379.2;2019-04-11 12:58:58.0;
5;7379;2019-04-11 12:59:03.0;
5;7377.8;2019-04-11 12:59:10.0;
5;7378;2019-04-11 12:59:24.0;
5;7377.8;2019-04-11 12:59:30.0;
5;7378.8;2019-04-11 12:59:48.0;
5;7377.8;2019-04-11 12:59:49.0;
5;7378.8;2019-04-11 12:59:50.0;
5;7383.2;2019-04-11 13:00:04.0;
5;7378.8;2019-04-11 13:00:05.0;
5;7383.5;2019-04-11 13:00:07.0;
5;7383;2019-04-11 13:00:15.0;
5;7382.8;2019-04-11 13:00:16.0;
5;7381.8;2019-04-11 13:00:33.0;
5;7382;2019-04-11 13:00:40.0;
5;7382.5;2019-04-11 13:00:43.0;
5;7382.3;2019-04-11 13:00:48.0;
5;7382.2;2019-04-11 13:00:53.0;
5;7381.8;2019-04-11 13:00:57.0;
5;7381.3;2019-04-11 13:01:08.0;
5;7382;2019-04-11 13:01:14.0;
5;7381.3;2019-04-11 13:01:15.0;
5;7382;2019-04-11 13:01:18.0;
5;7381.3;2019-04-11 13:01:19.0;
5;7381.8;2019-04-11 13:01:30.0;
5;7381.5;2019-04-11 13:01:33.0;
5;7381.2;2019-04-11 13:01:35.0;
5;7382.3;2019-04-11 13:01:41.0;
5;7384;2019-04-11 13:01:48.0;
5;7383.8;2019-04-11 13:02:11.0;
5;7383.2;2019-04-11 13:02:12.0;
5;7383.8;2019-04-11 13:02:15.0;
5;7383.5;2019-04-11 13:02:16.0;
5;7384.5;2019-04-11 13:02:19.0;
5;7384.2;2019-04-11 13:02:24.0;
5;7383.8;2019-04-11 13:02:30.0;
5;7383.2;2019-04-11 13:02:32.0;
5;7382.3;2019-04-11 13:02:52.0;
5;7382.8;2019-04-11 13:02:59.0;
5;7383.2;2019-04-11 13:03:04.0;
5;7382.8;2019-04-11 13:03:12.0;
5;7383.8;2019-04-11 13:03:24.0;
5;7384.2;2019-04-11 13:03:27.0;
5;7383.8;2019-04-11 13:03:29.0;
5;7384.2;2019-04-11 13:03:30.0;
5;7383.2;2019-04-11 13:03:32.0;
5;7383.3;2019-04-11 13:03:37.0;
5;7383.2;2019-04-11 13:03:49.0;
5;7382.8;2019-04-11 13:04:02.0;
5;7383;2019-04-11 13:04:07.0;
5;7383.2;2019-04-11 13:04:11.0;
5;7383;2019-04-11 13:04:13.0;
5;7384;2019-04-11 13:04:14.0;
5;7383.2;2019-04-11 13:04:18.0;
5;7383.3;2019-04-11 13:04:25.0;
5;7384.3;2019-04-11 13:04:27.0;
5;7383.8;2019-04-11 13:04:32.0;
5;7384;2019-04-11 13:04:37.0;
5;7384.2;2019-04-11 13:04:42.0;
5;7384;2019-04-11 13:04:44.0;
5;7384.3;2019-04-11 13:04:46.0;
5;7384.5;2019-04-11 13:05:02.0;
5;7384.2;2019-04-11 13:05:08.0;
5;7384.3;2019-04-11 13:05:11.0;
5;7384.2;2019-04-11 13:05:12.0;
5;7384.3;2019-04-11 13:05:13.0;
5;7384;2019-04-11 13:05:16.0;
5;7383.8;2019-04-11 13:05:21.0;
5;7384;2019-04-11 13:05:22.0;
5;7383;2019-04-11 13:05:23.0;
5;7383.3;2019-04-11 13:05:28.0;
5;7383.8;2019-04-11 13:05:31.0;
5;7383.2;2019-04-11 13:05:35.0;
5;7383.8;2019-04-11 13:05:36.0;
5;7383.2;2019-04-11 13:05:38.0;
5;7384;2019-04-11 13:05:42.0;
5;7383.8;2019-04-11 13:05:43.0;
5;7383.5;2019-04-11 13:05:46.0;
5;7384.8;2019-04-11 13:06:03.0;
5;7384.5;2019-04-11 13:06:07.0;
5;7384.8;2019-04-11 13:06:08.0;
5;7384.5;2019-04-11 13:06:10.0;
5;7384.3;2019-04-11 13:06:13.0;
5;7383.8;2019-04-11 13:06:19.0;
5;7384.8;2019-04-11 13:06:24.0;
5;7384;2019-04-11 13:06:27.0;
5;7384.8;2019-04-11 13:06:28.0;
5;7384;2019-04-11 13:06:29.0;
5;7383.8;2019-04-11 13:06:34.0;
5;7384;2019-04-11 13:06:35.0;
5;7383.8;2019-04-11 13:06:37.0;
5;7384.2;2019-04-11 13:06:42.0;
5;7383.8;2019-04-11 13:06:44.0;
5;7384.8;2019-04-11 13:06:48.0;
5;7385.3;2019-04-11 13:06:56.0;
5;7385.2;2019-04-11 13:07:00.0;
5;7385.3;2019-04-11 13:07:01.0;
5;7385.2;2019-04-11 13:07:03.0;
5;7384.8;2019-04-11 13:07:05.0;
5;7383.8;2019-04-11 13:07:29.0;
5;7384.2;2019-04-11 13:07:31.0;
5;7383.8;2019-04-11 13:07:39.0;
5;7384.5;2019-04-11 13:08:04.0;
5;7384.3;2019-04-11 13:08:08.0;
5;7385.3;2019-04-11 13:08:12.0;
5;7384.8;2019-04-11 13:08:18.0;
5;7384.3;2019-04-11 13:08:19.0;
5;7384.8;2019-04-11 13:08:22.0;
5;7385.8;2019-04-11 13:08:23.0;
5;7385;2019-04-11 13:08:28.0;
5;7385.3;2019-04-11 13:08:33.0;
5;7385;2019-04-11 13:08:34.0;
5;7384.2;2019-04-11 13:08:37.0;
5;7384.3;2019-04-11 13:08:42.0;
5;7384.8;2019-04-11 13:08:50.0;
5;7384.3;2019-04-11 13:08:51.0;
5;7384.5;2019-04-11 13:08:55.0;
5;7384.3;2019-04-11 13:08:59.0;
5;7383.8;2019-04-11 13:09:09.0;
5;7384.3;2019-04-11 13:09:10.0;
5;7383.8;2019-04-11 13:09:12.0;
5;7383.5;2019-04-11 13:09:25.0;
5;7382.3;2019-04-11 13:09:28.0;
5;7382.5;2019-04-11 13:09:31.0;
5;7383.5;2019-04-11 13:09:35.0;
5;7383.2;2019-04-11 13:09:38.0;
5;7383.5;2019-04-11 13:09:40.0;
5;7383.2;2019-04-11 13:09:41.0;
5;7383;2019-04-11 13:09:47.0;
5;7382.3;2019-04-11 13:09:48.0;
5;7382.2;2019-04-11 13:10:03.0;
5;7382.3;2019-04-11 13:10:04.0;
5;7382.2;2019-04-11 13:10:05.0;
5;7383.3;2019-04-11 13:10:11.0;
5;7383.2;2019-04-11 13:10:13.0;
5;7382.8;2019-04-11 13:10:16.0;
5;7383.2;2019-04-11 13:10:21.0;
5;7382.2;2019-04-11 13:10:34.0;
5;7382.3;2019-04-11 13:10:35.0;
5;7382.2;2019-04-11 13:10:37.0;
5;7382.3;2019-04-11 13:10:38.0;
5;7381.5;2019-04-11 13:10:42.0;
5;7381.8;2019-04-11 13:10:44.0;
5;7381.5;2019-04-11 13:10:45.0;
5;7381.8;2019-04-11 13:10:46.0;
5;7381.2;2019-04-11 13:10:51.0;
5;7381.3;2019-04-11 13:10:57.0;
5;7380.8;2019-04-11 13:11:11.0;
5;7380.5;2019-04-11 13:11:38.0;
5;7379.8;2019-04-11 13:11:39.0;
5;7380.5;2019-04-11 13:11:41.0;
5;7379.8;2019-04-11 13:11:44.0;
5;7379.2;2019-04-11 13:12:05.0;
5;7379.8;2019-04-11 13:12:06.0;
5;7379.2;2019-04-11 13:12:08.0;
5;7379.8;2019-04-11 13:12:23.0;
5;7379.2;2019-04-11 13:12:25.0;
5;7379.8;2019-04-11 13:12:27.0;
5;7381.5;2019-04-11 13:12:35.0;
5;7380.8;2019-04-11 13:12:45.0;
5;7380.5;2019-04-11 13:13:19.0;
5;7380.3;2019-04-11 13:13:25.0;
5;7380.5;2019-04-11 13:13:28.0;
5;7380.3;2019-04-11 13:13:31.0;
5;7379;2019-04-11 13:13:37.0;
5;7379.5;2019-04-11 13:13:41.0;
5;7379;2019-04-11 13:13:44.0;
5;7378.3;2019-04-11 13:13:51.0;
5;7378.8;2019-04-11 13:14:11.0;
5;7378.3;2019-04-11 13:14:18.0;
5;7378.2;2019-04-11 13:14:23.0;
5;7378.8;2019-04-11 13:14:28.0;
5;7378.5;2019-04-11 13:14:32.0;
5;7379;2019-04-11 13:14:38.0;
5;7378.5;2019-04-11 13:14:40.0;
5;7379;2019-04-11 13:14:41.0;
5;7379.5;2019-04-11 13:14:44.0;
5;7378.8;2019-04-11 13:14:49.0;
5;7378;2019-04-11 13:15:02.0;
5;7377.8;2019-04-11 13:15:03.0;
5;7378.2;2019-04-11 13:15:08.0;
5;7378.3;2019-04-11 13:15:12.0;
5;7378;2019-04-11 13:15:16.0;
5;7378.8;2019-04-11 13:15:19.0;
5;7378.5;2019-04-11 13:15:29.0;
5;7378.2;2019-04-11 13:15:34.0;
5;7379;2019-04-11 13:15:37.0;
5;7378.8;2019-04-11 13:15:42.0;
5;7377.8;2019-04-11 13:15:45.0;
5;7377.3;2019-04-11 13:16:03.0;
5;7376.8;2019-04-11 13:16:08.0;
5;7376.5;2019-04-11 13:16:11.0;
5;7376.2;2019-04-11 13:16:20.0;
5;7376.5;2019-04-11 13:16:25.0;
5;7376.3;2019-04-11 13:16:27.0;
5;7376.8;2019-04-11 13:16:31.0;
5;7377.2;2019-04-11 13:16:38.0;
5;7377.3;2019-04-11 13:16:46.0;
5;7377.8;2019-04-11 13:16:55.0;
5;7377;2019-04-11 13:17:04.0;
5;7377.3;2019-04-11 13:17:10.0;
5;7377.8;2019-04-11 13:17:12.0;
5;7378;2019-04-11 13:17:19.0;
5;7377.8;2019-04-11 13:17:29.0;
5;7378.5;2019-04-11 13:17:34.0;
5;7377.8;2019-04-11 13:17:36.0;
5;7378.5;2019-04-11 13:17:37.0;
5;7378.8;2019-04-11 13:17:38.0;
5;7378.5;2019-04-11 13:17:41.0;
5;7378.8;2019-04-11 13:17:43.0;
5;7379.2;2019-04-11 13:17:44.0;
5;7378.8;2019-04-11 13:17:51.0;
5;7379.3;2019-04-11 13:18:04.0;
5;7379;2019-04-11 13:18:10.0;
5;7378.5;2019-04-11 13:18:16.0;
5;7379.3;2019-04-11 13:18:21.0;
5;7379.2;2019-04-11 13:18:39.0;
5;7379.8;2019-04-11 13:18:46.0;
5;7379.5;2019-04-11 13:19:04.0;
5;7379.2;2019-04-11 13:19:08.0;
5;7380;2019-04-11 13:19:09.0;
5;7379.2;2019-04-11 13:19:12.0;
5;7380;2019-04-11 13:19:13.0;
5;7379.8;2019-04-11 13:19:15.0;
5;7380.2;2019-04-11 13:19:29.0;
5;7380.5;2019-04-11 13:19:30.0;
5;7380.2;2019-04-11 13:19:33.0;
5;7380;2019-04-11 13:19:35.0;
5;7379.8;2019-04-11 13:19:39.0;
5;7379.2;2019-04-11 13:19:47.0;
5;7377.8;2019-04-11 13:20:03.0;
5;7377.5;2019-04-11 13:20:15.0;
5;7377.8;2019-04-11 13:20:16.0;
5;7377.5;2019-04-11 13:20:18.0;
5;7377.3;2019-04-11 13:20:21.0;
5;7377.2;2019-04-11 13:20:28.0;
5;7376.5;2019-04-11 13:21:03.0;
5;7377.2;2019-04-11 13:21:06.0;
5;7376.3;2019-04-11 13:21:07.0;
5;7376.5;2019-04-11 13:21:16.0;
5;7376.8;2019-04-11 13:21:24.0;
5;7376.5;2019-04-11 13:21:25.0;
5;7376.3;2019-04-11 13:21:29.0;
5;7376.2;2019-04-11 13:21:38.0;
5;7375.8;2019-04-11 13:21:42.0;
5;7376.2;2019-04-11 13:22:07.0;
5;7375.8;2019-04-11 13:22:13.0;
5;7376.2;2019-04-11 13:22:45.0;
5;7375.8;2019-04-11 13:22:50.0;
5;7376.2;2019-04-11 13:23:02.0;
5;7376;2019-04-11 13:23:04.0;
5;7376.2;2019-04-11 13:23:06.0;
5;7376;2019-04-11 13:23:07.0;
5;7376.8;2019-04-11 13:23:10.0;
5;7377;2019-04-11 13:23:19.0;
5;7376.5;2019-04-11 13:23:26.0;
5;7376.8;2019-04-11 13:23:27.0;
5;7377.3;2019-04-11 13:24:07.0;
5;7377.8;2019-04-11 13:24:14.0;
5;7377.3;2019-04-11 13:24:25.0;
5;7376.8;2019-04-11 13:25:03.0;
5;7377.3;2019-04-11 13:25:04.0;
5;7376.8;2019-04-11 13:25:06.0;
5;7376.3;2019-04-11 13:25:23.0;
5;7376.2;2019-04-11 13:25:28.0;
5;7376.5;2019-04-11 13:25:33.0;
5;7375.8;2019-04-11 13:25:35.0;
5;7376.5;2019-04-11 13:25:36.0;
5;7375.8;2019-04-11 13:25:37.0;
5;7376;2019-04-11 13:25:39.0;
5;7375.8;2019-04-11 13:25:46.0;
5;7375.2;2019-04-11 13:26:05.0;
5;7375.8;2019-04-11 13:26:07.0;
5;7376.5;2019-04-11 13:26:16.0;
5;7376.8;2019-04-11 13:26:20.0;
5;7376.5;2019-04-11 13:26:27.0;
5;7376.8;2019-04-11 13:26:30.0;
5;7375.8;2019-04-11 13:26:31.0;
5;7376.2;2019-04-11 13:26:39.0;
5;7376.5;2019-04-11 13:26:44.0;
5;7376.2;2019-04-11 13:26:50.0;
5;7376.8;2019-04-11 13:26:53.0;
5;7377.2;2019-04-11 13:26:59.0;
5;7376.8;2019-04-11 13:27:06.0;
5;7377.3;2019-04-11 13:27:15.0;
5;7376.8;2019-04-11 13:27:16.0;
5;7377.3;2019-04-11 13:27:18.0;
5;7377;2019-04-11 13:27:24.0;
5;7376.8;2019-04-11 13:27:31.0;
5;7377.8;2019-04-11 13:28:07.0;
5;7378.2;2019-04-11 13:28:34.0;
5;7378.5;2019-04-11 13:28:37.0;
5;7378.2;2019-04-11 13:28:43.0;
5;7378;2019-04-11 13:28:57.0;
5;7377.2;2019-04-11 13:28:59.0;
5;7378;2019-04-11 13:29:00.0;
5;7377.2;2019-04-11 13:29:02.0;
5;7378;2019-04-11 13:29:10.0;
5;7377.3;2019-04-11 13:29:18.0;
5;7377.5;2019-04-11 13:29:22.0;
5;7377;2019-04-11 13:29:28.0;
5;7376.8;2019-04-11 13:29:35.0;
5;7375.8;2019-04-11 13:29:41.0;
5;7376;2019-04-11 13:29:42.0;
5;7375.8;2019-04-11 13:29:44.0;
5;7376;2019-04-11 13:29:45.0;
5;7375.5;2019-04-11 13:29:47.0;
5;7375.8;2019-04-11 13:30:04.0;
5;7377;2019-04-11 13:30:07.0;
5;7376.8;2019-04-11 13:30:14.0;
5;7375.8;2019-04-11 13:30:18.0;
5;7376;2019-04-11 13:30:21.0;
5;7376.5;2019-04-11 13:30:24.0;
5;7376;2019-04-11 13:30:31.0;
5;7375.8;2019-04-11 13:30:32.0;
5;7376;2019-04-11 13:30:33.0;
5;7375.5;2019-04-11 13:30:35.0;
5;7375.8;2019-04-11 13:30:39.0;
5;7376.3;2019-04-11 13:30:48.0;
5;7376.8;2019-04-11 13:30:52.0;
5;7377.5;2019-04-11 13:30:58.0;
5;7377.3;2019-04-11 13:31:02.0;
5;7377.2;2019-04-11 13:31:07.0;
5;7377.3;2019-04-11 13:31:08.0;
5;7377.2;2019-04-11 13:31:10.0;
5;7377.8;2019-04-11 13:31:17.0;
5;7378.2;2019-04-11 13:31:24.0;
5;7378;2019-04-11 13:31:30.0;
5;7377.8;2019-04-11 13:31:31.0;
5;7378;2019-04-11 13:31:33.0;
5;7377.8;2019-04-11 13:31:36.0;
5;7378.2;2019-04-11 13:31:43.0;
5;7379;2019-04-11 13:31:48.0;
5;7378.2;2019-04-11 13:31:49.0;
5;7379;2019-04-11 13:31:50.0;
5;7377.8;2019-04-11 13:32:03.0;
5;7379;2019-04-11 13:32:04.0;
5;7377.8;2019-04-11 13:32:06.0;
5;7378;2019-04-11 13:32:13.0;
5;7378.8;2019-04-11 13:32:19.0;
5;7378.5;2019-04-11 13:32:32.0;
5;7378.8;2019-04-11 13:32:36.0;
5;7378.5;2019-04-11 13:32:37.0;
5;7378.8;2019-04-11 13:32:39.0;
5;7378.5;2019-04-11 13:32:51.0;
5;7379;2019-04-11 13:32:58.0;
5;7378.3;2019-04-11 13:32:59.0;
5;7378.8;2019-04-11 13:33:03.0;
5;7378.3;2019-04-11 13:33:05.0;
5;7378.8;2019-04-11 13:33:06.0;
5;7378.2;2019-04-11 13:33:08.0;
5;7378.8;2019-04-11 13:33:10.0;
5;7378.2;2019-04-11 13:33:11.0;
5;7377.8;2019-04-11 13:33:21.0;
5;7376.8;2019-04-11 13:33:39.0;
5;7376.5;2019-04-11 13:33:49.0;
5;7376.3;2019-04-11 13:34:03.0;
5;7377.5;2019-04-11 13:34:14.0;
5;7377.3;2019-04-11 13:34:19.0;
5;7376.5;2019-04-11 13:34:27.0;
5;7377.3;2019-04-11 13:34:29.0;
5;7376.5;2019-04-11 13:34:30.0;
5;7376.3;2019-04-11 13:34:32.0;
5;7376.5;2019-04-11 13:34:33.0;
5;7376.3;2019-04-11 13:34:34.0;
5;7376.5;2019-04-11 13:34:39.0;
5;7376.3;2019-04-11 13:34:41.0;
5;7376.5;2019-04-11 13:34:43.0;
5;7376.3;2019-04-11 13:34:44.0;
5;7376.2;2019-04-11 13:34:50.0;
5;7376;2019-04-11 13:34:56.0;
5;7375.8;2019-04-11 13:35:05.0;
5;7375.3;2019-04-11 13:35:09.0;
5;7374.2;2019-04-11 13:35:12.0;
5;7375.2;2019-04-11 13:35:14.0;
5;7375.8;2019-04-11 13:35:23.0;
5;7376.2;2019-04-11 13:35:28.0;
5;7376.5;2019-04-11 13:35:31.0;
5;7376.2;2019-04-11 13:35:38.0;
5;7376;2019-04-11 13:35:45.0;
5;7375.8;2019-04-11 13:36:06.0;
5;7375.5;2019-04-11 13:36:10.0;
5;7376;2019-04-11 13:36:12.0;
5;7375.5;2019-04-11 13:36:13.0;
5;7376;2019-04-11 13:36:15.0;
5;7375.8;2019-04-11 13:36:17.0;
5;7375.3;2019-04-11 13:36:23.0;
5;7375.8;2019-04-11 13:36:27.0;
5;7375.3;2019-04-11 13:36:29.0;
5;7375.8;2019-04-11 13:36:30.0;
5;7376;2019-04-11 13:36:39.0;
5;7376.8;2019-04-11 13:36:51.0;
5;7377.2;2019-04-11 13:36:56.0;
5;7376.8;2019-04-11 13:36:58.0;
5;7377.3;2019-04-11 13:36:59.0;
5;7377.5;2019-04-11 13:37:05.0;
5;7377.3;2019-04-11 13:37:07.0;
5;7377;2019-04-11 13:37:12.0;
5;7377.3;2019-04-11 13:37:13.0;
5;7377;2019-04-11 13:37:15.0;
5;7377.8;2019-04-11 13:37:18.0;
5;7377.3;2019-04-11 13:37:23.0;
5;7377.8;2019-04-11 13:37:24.0;
5;7377.3;2019-04-11 13:37:27.0;
5;7376.8;2019-04-11 13:37:34.0;
5;7377.3;2019-04-11 13:37:36.0;
5;7376.8;2019-04-11 13:37:37.0;
5;7377.5;2019-04-11 13:37:43.0;
5;7377.2;2019-04-11 13:37:44.0;
5;7377.3;2019-04-11 13:37:50.0;
5;7376.8;2019-04-11 13:38:02.0;
5;7377.3;2019-04-11 13:38:04.0;
5;7376.8;2019-04-11 13:38:05.0;
5;7376.2;2019-04-11 13:38:08.0;
5;7376.5;2019-04-11 13:38:11.0;
5;7377;2019-04-11 13:38:18.0;
5;7376.5;2019-04-11 13:38:31.0;
5;7376.2;2019-04-11 13:38:35.0;
5;7376.5;2019-04-11 13:38:39.0;
5;7376.8;2019-04-11 13:38:49.0;
5;7377.3;2019-04-11 13:39:00.0;
5;7377;2019-04-11 13:39:03.0;
5;7376.8;2019-04-11 13:39:09.0;
5;7377.5;2019-04-11 13:39:21.0;
5;7377.3;2019-04-11 13:39:23.0;
5;7377.5;2019-04-11 13:39:24.0;
5;7377.3;2019-04-11 13:39:27.0;
5;7377.8;2019-04-11 13:39:33.0;
5;7377.5;2019-04-11 13:39:47.0;
5;7376.2;2019-04-11 13:40:05.0;
5;7376.8;2019-04-11 13:40:07.0;
5;7376.2;2019-04-11 13:40:09.0;
5;7376.8;2019-04-11 13:40:10.0;
5;7376.5;2019-04-11 13:40:12.0;
5;7375.8;2019-04-11 13:40:20.0;
5;7376.5;2019-04-11 13:40:23.0;
5;7375.8;2019-04-11 13:40:24.0;
5;7375.5;2019-04-11 13:40:27.0;
5;7375.3;2019-04-11 13:40:31.0;
5;7376;2019-04-11 13:40:34.0;
5;7375.8;2019-04-11 13:40:40.0;
5;7376;2019-04-11 13:40:43.0;
5;7376.5;2019-04-11 13:40:49.0;
5;7376.2;2019-04-11 13:40:51.0;
5;7376.5;2019-04-11 13:40:54.0;
5;7376.2;2019-04-11 13:40:55.0;
5;7375.8;2019-04-11 13:40:56.0;
5;7375.5;2019-04-11 13:41:02.0;
5;7375.8;2019-04-11 13:41:08.0;
5;7377;2019-04-11 13:41:11.0;
5;7375.8;2019-04-11 13:41:18.0;
5;7376;2019-04-11 13:41:31.0;
5;7375.8;2019-04-11 13:41:40.0;
5;7376;2019-04-11 13:41:42.0;
5;7375.8;2019-04-11 13:41:44.0;
5;7376.2;2019-04-11 13:41:49.0;
5;7375.2;2019-04-11 13:42:06.0;
5;7375.8;2019-04-11 13:42:12.0;
5;7375;2019-04-11 13:42:30.0;
5;7374.8;2019-04-11 13:42:39.0;
5;7374.5;2019-04-11 13:42:49.0;
5;7374.2;2019-04-11 13:42:52.0;
5;7374.3;2019-04-11 13:42:57.0;
5;7374;2019-04-11 13:43:00.0;
5;7373.8;2019-04-11 13:43:02.0;
5;7374.2;2019-04-11 13:43:08.0;
5;7374;2019-04-11 13:43:19.0;
5;7374.2;2019-04-11 13:43:20.0;
5;7374;2019-04-11 13:43:22.0;
5;7373.8;2019-04-11 13:43:23.0;
5;7372.8;2019-04-11 13:43:34.0;
5;7373;2019-04-11 13:43:40.0;
5;7373.3;2019-04-11 13:43:45.0;
5;7373.8;2019-04-11 13:44:13.0;
5;7373.3;2019-04-11 13:44:15.0;
5;7373.8;2019-04-11 13:44:16.0;
5;7374.5;2019-04-11 13:44:56.0;
5;7374.2;2019-04-11 13:44:58.0;
5;7374.5;2019-04-11 13:45:00.0;
5;7374.2;2019-04-11 13:45:01.0;
5;7374;2019-04-11 13:45:10.0;
5;7373.8;2019-04-11 13:45:16.0;
5;7374.3;2019-04-11 13:45:23.0;
5;7374.2;2019-04-11 13:45:27.0;
5;7374.8;2019-04-11 13:45:35.0;
5;7375;2019-04-11 13:45:45.0;
5;7375.3;2019-04-11 13:45:51.0;
5;7374.8;2019-04-11 13:46:04.0;
5;7375.8;2019-04-11 13:46:10.0;
5;7375.2;2019-04-11 13:46:25.0;
5;7374.8;2019-04-11 13:46:31.0;
5;7375.3;2019-04-11 13:46:37.0;
5;7374.8;2019-04-11 13:46:38.0;
5;7375.2;2019-04-11 13:46:40.0;
5;7375.8;2019-04-11 13:46:51.0;
5;7374.8;2019-04-11 13:46:52.0;
5;7375.3;2019-04-11 13:47:14.0;
5;7375;2019-04-11 13:47:21.0;
5;7374.8;2019-04-11 13:47:22.0;
5;7375;2019-04-11 13:47:25.0;
5;7374.8;2019-04-11 13:47:27.0;
5;7374.5;2019-04-11 13:47:28.0;
5;7374.2;2019-04-11 13:47:34.0;
5;7374.3;2019-04-11 13:47:39.0;
5;7375.3;2019-04-11 13:48:04.0;
5;7375.5;2019-04-11 13:48:09.0;
5;7375.3;2019-04-11 13:48:13.0;
5;7375.8;2019-04-11 13:48:23.0;
5;7375.3;2019-04-11 13:48:33.0;
5;7375;2019-04-11 13:48:44.0;
5;7374.8;2019-04-11 13:48:47.0;
5;7375;2019-04-11 13:48:50.0;
5;7374.8;2019-04-11 13:48:51.0;
5;7375.2;2019-04-11 13:48:56.0;
5;7374.8;2019-04-11 13:48:57.0;
5;7375.2;2019-04-11 13:48:59.0;
5;7375.8;2019-04-11 13:50:03.0;
5;7375.2;2019-04-11 13:50:05.0;
5;7375.8;2019-04-11 13:50:06.0;
5;7376.3;2019-04-11 13:50:09.0;
5;7376;2019-04-11 13:50:15.0;
5;7376.5;2019-04-11 13:50:18.0;
5;7376.3;2019-04-11 13:50:19.0;
5;7376.2;2019-04-11 13:50:25.0;
5;7377.2;2019-04-11 13:50:32.0;
5;7377.3;2019-04-11 13:50:35.0;
5;7378;2019-04-11 13:50:39.0;
5;7377.3;2019-04-11 13:50:46.0;
5;7377;2019-04-11 13:51:00.0;
5;7377.3;2019-04-11 13:51:02.0;
5;7377;2019-04-11 13:51:03.0;
5;7376.8;2019-04-11 13:51:05.0;
5;7377.5;2019-04-11 13:51:06.0;
5;7377.2;2019-04-11 13:51:11.0;
5;7377.5;2019-04-11 13:51:12.0;
5;7377.2;2019-04-11 13:51:15.0;
5;7375.8;2019-04-11 13:51:31.0;
5;7377.2;2019-04-11 13:51:33.0;
5;7375.8;2019-04-11 13:51:34.0;
5;7375.3;2019-04-11 13:51:37.0;
5;7375.2;2019-04-11 13:51:39.0;
5;7374.8;2019-04-11 13:51:45.0;
5;7374.5;2019-04-11 13:51:49.0;
5;7374.8;2019-04-11 13:52:04.0;
5;7374.5;2019-04-11 13:52:06.0;
5;7374.8;2019-04-11 13:52:08.0;
5;7374.5;2019-04-11 13:52:21.0;
5;7374.2;2019-04-11 13:52:24.0;
5;7374.5;2019-04-11 13:52:25.0;
5;7374.2;2019-04-11 13:52:27.0;
5;7374.3;2019-04-11 13:52:31.0;
5;7374.2;2019-04-11 13:52:32.0;
5;7374.3;2019-04-11 13:52:34.0;
5;7373.8;2019-04-11 13:52:52.0;
5;7373;2019-04-11 13:53:07.0;
5;7373.3;2019-04-11 13:53:11.0;
5;7373.8;2019-04-11 13:53:16.0;
5;7373.2;2019-04-11 13:53:21.0;
5;7373.8;2019-04-11 13:53:26.0;
5;7374.2;2019-04-11 13:53:44.0;
5;7373.8;2019-04-11 13:53:45.0;
5;7374.2;2019-04-11 13:53:47.0;
5;7374.3;2019-04-11 13:53:49.0;
5;7374.2;2019-04-11 13:54:04.0;
5;7374.3;2019-04-11 13:54:08.0;
5;7374.2;2019-04-11 13:54:14.0;
5;7375;2019-04-11 13:54:19.0;
5;7375.5;2019-04-11 13:54:23.0;
5;7375;2019-04-11 13:54:30.0;
5;7375.3;2019-04-11 13:54:31.0;
5;7375;2019-04-11 13:54:32.0;
5;7375.3;2019-04-11 13:54:34.0;
5;7374.8;2019-04-11 13:54:37.0;
5;7375;2019-04-11 13:54:40.0;
5;7374.8;2019-04-11 13:54:46.0;
5;7374.5;2019-04-11 13:55:07.0;
5;7375;2019-04-11 13:55:15.0;
5;7374.2;2019-04-11 13:55:19.0;
5;7375;2019-04-11 13:55:22.0;
5;7374.2;2019-04-11 13:55:24.0;
5;7373.8;2019-04-11 13:55:25.0;
5;7374.3;2019-04-11 13:55:31.0;
5;7374.2;2019-04-11 13:55:40.0;
5;7374.8;2019-04-11 13:55:50.0;
5;7375.5;2019-04-11 13:56:03.0;
5;7374.8;2019-04-11 13:56:04.0;
5;7375.5;2019-04-11 13:56:05.0;
5;7374.5;2019-04-11 13:56:08.0;
5;7375;2019-04-11 13:56:15.0;
5;7374.8;2019-04-11 13:56:17.0;
5;7375.2;2019-04-11 13:56:27.0;
5;7374.5;2019-04-11 13:56:34.0;
5;7374.3;2019-04-11 13:56:36.0;
5;7374.5;2019-04-11 13:56:37.0;
5;7374.3;2019-04-11 13:56:39.0;
5;7374.5;2019-04-11 13:56:40.0;
5;7374.2;2019-04-11 13:56:48.0;
5;7374;2019-04-11 13:56:51.0;
5;7373.2;2019-04-11 13:56:57.0;
5;7374;2019-04-11 13:56:59.0;
5;7373.3;2019-04-11 13:57:00.0;
5;7373.2;2019-04-11 13:57:03.0;
5;7372.8;2019-04-11 13:57:10.0;
5;7372.5;2019-04-11 13:57:21.0;
5;7372.3;2019-04-11 13:57:23.0;
5;7372.5;2019-04-11 13:57:24.0;
5;7372.3;2019-04-11 13:57:27.0;
5;7373.5;2019-04-11 13:57:28.0;
5;7373.2;2019-04-11 13:57:31.0;
5;7372.8;2019-04-11 13:57:36.0;
5;7372.2;2019-04-11 13:58:02.0;
5;7372.8;2019-04-11 13:58:03.0;
5;7372.5;2019-04-11 13:58:10.0;
5;7372.8;2019-04-11 13:58:22.0;
5;7373.5;2019-04-11 13:58:43.0;
5;7373.2;2019-04-11 13:58:49.0;
5;7373.8;2019-04-11 13:59:11.0;
5;7374.5;2019-04-11 13:59:14.0;
5;7374;2019-04-11 13:59:18.0;
5;7374.8;2019-04-11 13:59:27.0;
5;7375;2019-04-11 13:59:32.0;
5;7374.8;2019-04-11 13:59:35.0;
5;7375;2019-04-11 13:59:36.0;
5;7374.8;2019-04-11 13:59:38.0;
5;7374.5;2019-04-11 13:59:40.0;
5;7374.3;2019-04-11 13:59:48.0;
5;7374.5;2019-04-11 14:00:06.0;
5;7373.8;2019-04-11 14:00:10.0;
5;7373.2;2019-04-11 14:00:14.0;
5;7373.3;2019-04-11 14:00:25.0;
5;7373.8;2019-04-11 14:00:34.0;
5;7373.3;2019-04-11 14:00:45.0;
5;7373.5;2019-04-11 14:00:47.0;
5;7373.3;2019-04-11 14:00:48.0;
5;7373.5;2019-04-11 14:00:49.0;
5;7373.3;2019-04-11 14:00:51.0;
5;7373.5;2019-04-11 14:00:52.0;
5;7373.3;2019-04-11 14:00:54.0;
5;7373;2019-04-11 14:00:59.0;
5;7372.8;2019-04-11 14:01:07.0;
5;7373.3;2019-04-11 14:01:28.0;
5;7373.2;2019-04-11 14:01:40.0;
5;7372.8;2019-04-11 14:01:46.0;
5;7372.5;2019-04-11 14:02:06.0;
5;7372.3;2019-04-11 14:02:08.0;
5;7371.3;2019-04-11 14:02:23.0;
5;7370.8;2019-04-11 14:02:34.0;
5;7370.2;2019-04-11 14:02:58.0;
5;7371.3;2019-04-11 14:03:14.0;
5;7371.2;2019-04-11 14:03:20.0;
5;7371;2019-04-11 14:03:29.0;
5;7371.3;2019-04-11 14:03:36.0;
5;7371.2;2019-04-11 14:03:41.0;
5;7370.8;2019-04-11 14:03:44.0;
5;7370.5;2019-04-11 14:03:50.0;
5;7372;2019-04-11 14:04:02.0;
5;7371.5;2019-04-11 14:04:06.0;
5;7372;2019-04-11 14:04:08.0;
5;7371.5;2019-04-11 14:04:10.0;
5;7371.8;2019-04-11 14:04:14.0;
5;7372.2;2019-04-11 14:04:15.0;
5;7371.8;2019-04-11 14:04:21.0;
5;7372.5;2019-04-11 14:04:38.0;
5;7372.3;2019-04-11 14:04:42.0;
5;7371;2019-04-11 14:04:52.0;
5;7370.8;2019-04-11 14:04:54.0;
5;7370.5;2019-04-11 14:04:59.0;
5;7370.3;2019-04-11 14:05:06.0;
5;7370.5;2019-04-11 14:05:21.0;
5;7370.3;2019-04-11 14:05:22.0;
5;7370.8;2019-04-11 14:05:28.0;
5;7370.3;2019-04-11 14:05:29.0;
5;7370.5;2019-04-11 14:05:31.0;
5;7370.8;2019-04-11 14:05:32.0;
5;7370.2;2019-04-11 14:05:34.0;
5;7369.8;2019-04-11 14:06:04.0;
5;7369.3;2019-04-11 14:06:12.0;
5;7369.2;2019-04-11 14:06:15.0;
5;7369.8;2019-04-11 14:06:24.0;
5;7370.2;2019-04-11 14:06:47.0;
5;7369.8;2019-04-11 14:06:52.0;
5;7370.2;2019-04-11 14:06:53.0;
5;7369.8;2019-04-11 14:06:55.0;
5;7370.3;2019-04-11 14:07:16.0;
5;7369.3;2019-04-11 14:07:19.0;
5;7370.3;2019-04-11 14:07:21.0;
5;7369.3;2019-04-11 14:07:24.0;
5;7369.8;2019-04-11 14:07:29.0;
5;7369.5;2019-04-11 14:07:32.0;
5;7369.8;2019-04-11 14:07:49.0;
5;7370;2019-04-11 14:08:04.0;
5;7369.8;2019-04-11 14:08:08.0;
5;7370;2019-04-11 14:08:12.0;
5;7371;2019-04-11 14:08:19.0;
5;7370.8;2019-04-11 14:08:24.0;
5;7370.5;2019-04-11 14:08:28.0;
5;7370.8;2019-04-11 14:08:34.0;
5;7370.3;2019-04-11 14:08:39.0;
5;7370.2;2019-04-11 14:08:46.0;
5;7370.8;2019-04-11 14:08:47.0;
5;7370.2;2019-04-11 14:08:49.0;
5;7370.8;2019-04-11 14:08:50.0;
5;7371;2019-04-11 14:08:53.0;
5;7370.8;2019-04-11 14:08:54.0;
5;7371;2019-04-11 14:08:56.0;
5;7370.8;2019-04-11 14:08:57.0;
5;7370.2;2019-04-11 14:09:02.0;
5;7369.2;2019-04-11 14:09:13.0;
5;7369.8;2019-04-11 14:09:18.0;
5;7370.5;2019-04-11 14:09:24.0;
5;7369.8;2019-04-11 14:09:26.0;
5;7370.5;2019-04-11 14:09:28.0;
5;7369.8;2019-04-11 14:09:29.0;
5;7370.8;2019-04-11 14:09:35.0;
5;7370;2019-04-11 14:10:06.0;
5;7369.8;2019-04-11 14:10:07.0;
5;7370;2019-04-11 14:10:09.0;
5;7370.3;2019-04-11 14:10:11.0;
5;7370;2019-04-11 14:10:21.0;
5;7369.8;2019-04-11 14:10:26.0;
5;7369.5;2019-04-11 14:10:31.0;
5;7369.3;2019-04-11 14:10:35.0;
5;7368.8;2019-04-11 14:10:45.0;
5;7369.3;2019-04-11 14:10:51.0;
5;7368.8;2019-04-11 14:10:54.0;
5;7369.2;2019-04-11 14:10:55.0;
5;7369.8;2019-04-11 14:11:04.0;
5;7370;2019-04-11 14:11:14.0;
5;7369.8;2019-04-11 14:11:17.0;
5;7369.5;2019-04-11 14:11:37.0;
5;7369.3;2019-04-11 14:11:39.0;
5;7369.2;2019-04-11 14:11:44.0;
5;7370;2019-04-11 14:12:04.0;
5;7369.2;2019-04-11 14:12:05.0;
5;7369.5;2019-04-11 14:12:07.0;
5;7369.2;2019-04-11 14:12:11.0;
5;7369;2019-04-11 14:12:14.0;
5;7369.2;2019-04-11 14:12:15.0;
5;7369;2019-04-11 14:12:17.0;
5;7368.8;2019-04-11 14:12:24.0;
5;7368.3;2019-04-11 14:12:35.0;
5;7368.2;2019-04-11 14:12:38.0;
5;7368.3;2019-04-11 14:12:39.0;
5;7368.2;2019-04-11 14:12:41.0;
5;7368.8;2019-04-11 14:12:42.0;
5;7368.2;2019-04-11 14:12:51.0;
5;7368.8;2019-04-11 14:12:53.0;
5;7368.2;2019-04-11 14:12:54.0;
5;7368.3;2019-04-11 14:12:55.0;
5;7368.2;2019-04-11 14:12:57.0;
5;7368.3;2019-04-11 14:12:58.0;
5;7368.2;2019-04-11 14:12:59.0;
5;7368.5;2019-04-11 14:13:02.0;
5;7367.8;2019-04-11 14:13:10.0;
5;7367.5;2019-04-11 14:13:16.0;
5;7367.3;2019-04-11 14:13:21.0;
5;7367.2;2019-04-11 14:13:28.0;
5;7367.8;2019-04-11 14:13:40.0;
5;7367.3;2019-04-11 14:13:46.0;
5;7366.8;2019-04-11 14:14:06.0;
5;7366.5;2019-04-11 14:14:09.0;
5;7366.8;2019-04-11 14:14:15.0;
5;7367.5;2019-04-11 14:14:24.0;
5;7367.3;2019-04-11 14:14:28.0;
5;7367.5;2019-04-11 14:14:31.0;
5;7367.3;2019-04-11 14:14:32.0;
5;7366.8;2019-04-11 14:14:39.0;
5;7366.5;2019-04-11 14:14:51.0;
5;7366.3;2019-04-11 14:14:56.0;
5;7366.8;2019-04-11 14:15:00.0;
5;7366.3;2019-04-11 14:15:01.0;
5;7366.8;2019-04-11 14:15:03.0;
5;7366.5;2019-04-11 14:15:11.0;
5;7366.8;2019-04-11 14:15:12.0;
5;7366.5;2019-04-11 14:15:14.0;
5;7366.2;2019-04-11 14:15:17.0;
5;7366.5;2019-04-11 14:15:19.0;
5;7366.2;2019-04-11 14:15:21.0;
5;7366.3;2019-04-11 14:15:24.0;
5;7365.2;2019-04-11 14:15:29.0;
5;7365.5;2019-04-11 14:15:31.0;
5;7365.2;2019-04-11 14:15:38.0;
5;7365;2019-04-11 14:15:41.0;
5;7364.5;2019-04-11 14:15:45.0;
5;7364.3;2019-04-11 14:15:50.0;
5;7364.2;2019-04-11 14:16:03.0;
5;7364.8;2019-04-11 14:16:09.0;
5;7364.3;2019-04-11 14:16:19.0;
5;7364.8;2019-04-11 14:16:20.0;
5;7364.3;2019-04-11 14:16:22.0;
5;7364;2019-04-11 14:16:25.0;
5;7364.8;2019-04-11 14:16:30.0;
5;7364.3;2019-04-11 14:16:36.0;
5;7364.5;2019-04-11 14:16:45.0;
5;7364.3;2019-04-11 14:16:46.0;
5;7365.2;2019-04-11 14:16:48.0;
5;7364.8;2019-04-11 14:16:54.0;
5;7365.2;2019-04-11 14:16:56.0;
5;7364.8;2019-04-11 14:16:57.0;
5;7364.3;2019-04-11 14:17:39.0;
5;7364.2;2019-04-11 14:17:45.0;
5;7364.5;2019-04-11 14:17:46.0;
5;7364.8;2019-04-11 14:18:03.0;
5;7364.5;2019-04-11 14:18:11.0;
5;7364.8;2019-04-11 14:18:12.0;
5;7364.5;2019-04-11 14:18:14.0;
5;7364.2;2019-04-11 14:18:17.0;
5;7363.8;2019-04-11 14:18:27.0;
5;7364.2;2019-04-11 14:18:28.0;
5;7363.8;2019-04-11 14:18:30.0;
5;7363.2;2019-04-11 14:18:31.0;
5;7363;2019-04-11 14:18:36.0;
5;7363.5;2019-04-11 14:18:42.0;
5;7362.8;2019-04-11 14:18:45.0;
5;7363.5;2019-04-11 14:18:46.0;
5;7362.8;2019-04-11 14:18:48.0;
5;7363.3;2019-04-11 14:18:51.0;
5;7363.2;2019-04-11 14:18:55.0;
5;7363.3;2019-04-11 14:19:03.0;
5;7363.2;2019-04-11 14:19:06.0;
5;7363.3;2019-04-11 14:19:14.0;
5;7363.8;2019-04-11 14:19:20.0;
5;7363.3;2019-04-11 14:19:24.0;
5;7363.8;2019-04-11 14:19:26.0;
5;7363.3;2019-04-11 14:19:28.0;
5;7363.8;2019-04-11 14:19:36.0;
5;7363.5;2019-04-11 14:19:39.0;
5;7363.2;2019-04-11 14:19:44.0;
5;7363.5;2019-04-11 14:20:15.0;
5;7363.2;2019-04-11 14:20:16.0;
5;7363.5;2019-04-11 14:20:18.0;
5;7364;2019-04-11 14:20:20.0;
5;7363.8;2019-04-11 14:20:27.0;
5;7364.2;2019-04-11 14:20:39.0;
5;7366;2019-04-11 14:21:13.0;
5;7366.3;2019-04-11 14:21:20.0;
5;7366;2019-04-11 14:21:21.0;
5;7365.8;2019-04-11 14:21:26.0;
5;7365.2;2019-04-11 14:21:31.0;
5;7366;2019-04-11 14:21:35.0;
5;7365.5;2019-04-11 14:21:42.0;
5;7365.2;2019-04-11 14:22:09.0;
5;7366;2019-04-11 14:22:10.0;
5;7366.5;2019-04-11 14:22:19.0;
5;7366;2019-04-11 14:22:23.0;
5;7365.8;2019-04-11 14:22:26.0;
5;7366;2019-04-11 14:22:27.0;
5;7365.8;2019-04-11 14:22:29.0;
5;7365.3;2019-04-11 14:22:33.0;
5;7365.8;2019-04-11 14:22:35.0;
5;7365.3;2019-04-11 14:22:36.0;
5;7365;2019-04-11 14:22:44.0;
5;7364.8;2019-04-11 14:22:48.0;
5;7365;2019-04-11 14:22:52.0;
5;7365.3;2019-04-11 14:23:00.0;
5;7365.2;2019-04-11 14:23:07.0;
5;7365.5;2019-04-11 14:23:13.0;
5;7365.3;2019-04-11 14:23:16.0;
5;7365.2;2019-04-11 14:23:18.0;
5;7366.5;2019-04-11 14:23:42.0;
5;7366.2;2019-04-11 14:23:48.0;
5;7366.5;2019-04-11 14:24:04.0;
5;7366.8;2019-04-11 14:24:08.0;
5;7366.5;2019-04-11 14:24:20.0;
5;7366.3;2019-04-11 14:24:23.0;
5;7366.2;2019-04-11 14:24:54.0;
5;7366.8;2019-04-11 14:25:01.0;
5;7367;2019-04-11 14:25:11.0;
5;7366.8;2019-04-11 14:25:13.0;
5;7366.5;2019-04-11 14:25:14.0;
5;7366.2;2019-04-11 14:25:20.0;
5;7366;2019-04-11 14:25:30.0;
5;7366.3;2019-04-11 14:25:34.0;
5;7366.2;2019-04-11 14:25:42.0;
5;7367.5;2019-04-11 14:25:44.0;
5;7367;2019-04-11 14:25:47.0;
5;7367.2;2019-04-11 14:26:06.0;
5;7366.8;2019-04-11 14:26:39.0;
5;7366.5;2019-04-11 14:26:51.0;
5;7366.2;2019-04-11 14:26:57.0;
5;7366.5;2019-04-11 14:27:07.0;
5;7367;2019-04-11 14:27:11.0;
5;7367.3;2019-04-11 14:27:15.0;
5;7367.2;2019-04-11 14:27:24.0;
5;7367.8;2019-04-11 14:27:35.0;
5;7367.2;2019-04-11 14:27:46.0;
5;7367.8;2019-04-11 14:27:48.0;
5;7367.2;2019-04-11 14:27:49.0;
5;7367.5;2019-04-11 14:29:36.0;
5;7367.3;2019-04-11 14:29:38.0;
5;7367.5;2019-04-11 14:29:39.0;
5;7367.3;2019-04-11 14:29:40.0;
5;7366.2;2019-04-11 14:30:04.0;
5;7367.3;2019-04-11 14:30:05.0;
5;7366.2;2019-04-11 14:30:07.0;
5;7366.3;2019-04-11 14:30:08.0;
5;7365.5;2019-04-11 14:30:11.0;
5;7365.8;2019-04-11 14:30:15.0;
5;7366.5;2019-04-11 14:30:35.0;
5;7366.3;2019-04-11 14:30:39.0;
5;7366;2019-04-11 14:30:42.0;
5;7366.3;2019-04-11 14:30:43.0;
5;7366;2019-04-11 14:30:45.0;
5;7366.5;2019-04-11 14:30:48.0;
5;7366.2;2019-04-11 14:30:54.0;
5;7366.3;2019-04-11 14:30:59.0;
5;7366;2019-04-11 14:31:03.0;
5;7365;2019-04-11 14:31:11.0;
5;7365.8;2019-04-11 14:31:15.0;
5;7366.5;2019-04-11 14:31:18.0;
5;7365.8;2019-04-11 14:31:19.0;
5;7366.5;2019-04-11 14:31:21.0;
5;7366.2;2019-04-11 14:31:22.0;
5;7367.2;2019-04-11 14:31:28.0;
5;7367.5;2019-04-11 14:31:30.0;
5;7367.8;2019-04-11 14:31:35.0;
5;7367.5;2019-04-11 14:31:43.0;
5;7367.2;2019-04-11 14:31:48.0;
5;7367.3;2019-04-11 14:32:08.0;
5;7367.8;2019-04-11 14:32:12.0;
5;7368;2019-04-11 14:32:18.0;
5;7367.5;2019-04-11 14:32:19.0;
5;7367.2;2019-04-11 14:32:23.0;
5;7368.5;2019-04-11 14:32:28.0;
5;7368.2;2019-04-11 14:32:35.0;
5;7368;2019-04-11 14:32:36.0;
5;7368.5;2019-04-11 14:32:40.0;
5;7367.8;2019-04-11 14:32:44.0;
5;7367.5;2019-04-11 14:32:51.0;
5;7367.8;2019-04-11 14:33:00.0;
5;7368;2019-04-11 14:33:07.0;
5;7367.8;2019-04-11 14:33:09.0;
5;7368;2019-04-11 14:33:10.0;
5;7368.3;2019-04-11 14:33:17.0;
5;7368;2019-04-11 14:33:21.0;
5;7367.8;2019-04-11 14:33:23.0;
5;7368;2019-04-11 14:33:26.0;
5;7367.8;2019-04-11 14:33:27.0;
5;7368.5;2019-04-11 14:33:36.0;
5;7367.8;2019-04-11 14:33:37.0;
5;7368.5;2019-04-11 14:33:38.0;
5;7368.2;2019-04-11 14:33:46.0;
5;7368.8;2019-04-11 14:33:47.0;
5;7368.2;2019-04-11 14:33:50.0;
5;7368.8;2019-04-11 14:33:51.0;
5;7368.5;2019-04-11 14:34:09.0;
5;7368.8;2019-04-11 14:34:14.0;
5;7368.2;2019-04-11 14:34:21.0;
5;7368;2019-04-11 14:34:23.0;
5;7367.5;2019-04-11 14:34:28.0;
5;7367.8;2019-04-11 14:34:34.0;
5;7368.8;2019-04-11 14:34:40.0;
5;7367.8;2019-04-11 14:34:42.0;
5;7368.8;2019-04-11 14:34:43.0;
5;7368.5;2019-04-11 14:34:48.0;
5;7368.8;2019-04-11 14:34:53.0;
5;7369;2019-04-11 14:34:58.0;
5;7368.8;2019-04-11 14:34:59.0;
5;7369.5;2019-04-11 14:35:04.0;
5;7369.2;2019-04-11 14:35:10.0;
5;7370;2019-04-11 14:35:14.0;
5;7369.8;2019-04-11 14:35:17.0;
5;7370;2019-04-11 14:35:29.0;
5;7370.5;2019-04-11 14:35:31.0;
5;7370.2;2019-04-11 14:35:36.0;
5;7370;2019-04-11 14:35:40.0;
5;7370.8;2019-04-11 14:35:43.0;
5;7370.5;2019-04-11 14:35:51.0;
5;7368.8;2019-04-11 14:36:02.0;
5;7367.8;2019-04-11 14:36:08.0;
5;7367.5;2019-04-11 14:36:10.0;
5;7366.5;2019-04-11 14:36:15.0;
5;7367;2019-04-11 14:36:21.0;
5;7366.8;2019-04-11 14:36:22.0;
5;7367;2019-04-11 14:36:24.0;
5;7366.8;2019-04-11 14:36:25.0;
5;7366.2;2019-04-11 14:36:33.0;
5;7366.5;2019-04-11 14:36:41.0;
5;7366.8;2019-04-11 14:36:42.0;
5;7366.5;2019-04-11 14:36:46.0;
5;7366.2;2019-04-11 14:36:52.0;
5;7365.5;2019-04-11 14:36:58.0;
5;7366.2;2019-04-11 14:37:00.0;
5;7365.5;2019-04-11 14:37:01.0;
5;7365.2;2019-04-11 14:37:03.0;
5;7366;2019-04-11 14:37:07.0;
5;7365.8;2019-04-11 14:37:13.0;
5;7366.3;2019-04-11 14:37:19.0;
5;7366;2019-04-11 14:37:22.0;
5;7366.3;2019-04-11 14:37:23.0;
5;7366;2019-04-11 14:37:24.0;
5;7366.2;2019-04-11 14:37:31.0;
5;7365.8;2019-04-11 14:37:38.0;
5;7366.2;2019-04-11 14:37:41.0;
5;7365.8;2019-04-11 14:37:43.0;
5;7366.8;2019-04-11 14:37:44.0;
5;7367.5;2019-04-11 14:37:47.0;
5;7366.8;2019-04-11 14:37:48.0;
5;7367.5;2019-04-11 14:37:50.0;
5;7366.8;2019-04-11 14:38:05.0;
5;7366.3;2019-04-11 14:38:31.0;
5;7366.5;2019-04-11 14:38:51.0;
5;7366.2;2019-04-11 14:38:56.0;
5;7366.5;2019-04-11 14:38:57.0;
5;7366.2;2019-04-11 14:39:00.0;
5;7365.8;2019-04-11 14:39:01.0;
5;7366;2019-04-11 14:39:05.0;
5;7365.8;2019-04-11 14:39:12.0;
5;7365.5;2019-04-11 14:39:29.0;
5;7365.8;2019-04-11 14:39:32.0;
5;7365.5;2019-04-11 14:39:33.0;
5;7365.8;2019-04-11 14:39:35.0;
5;7365.2;2019-04-11 14:39:39.0;
5;7365.8;2019-04-11 14:39:49.0;
5;7365.2;2019-04-11 14:40:06.0;
5;7365.3;2019-04-11 14:40:13.0;
5;7365.2;2019-04-11 14:40:21.0;
5;7365;2019-04-11 14:40:33.0;
5;7364.8;2019-04-11 14:40:37.0;
5;7363.8;2019-04-11 14:40:43.0;
5;7364.2;2019-04-11 14:40:44.0;
5;7363.8;2019-04-11 14:40:46.0;
5;7363.2;2019-04-11 14:40:50.0;
5;7362.8;2019-04-11 14:41:01.0;
5;7363;2019-04-11 14:41:03.0;
5;7362.8;2019-04-11 14:41:04.0;
5;7363;2019-04-11 14:41:07.0;
5;7362.8;2019-04-11 14:41:11.0;
5;7363.2;2019-04-11 14:41:31.0;
5;7363;2019-04-11 14:41:37.0;
5;7362.8;2019-04-11 14:41:40.0;
5;7362.2;2019-04-11 14:41:50.0;
5;7362.8;2019-04-11 14:42:06.0;
5;7362.5;2019-04-11 14:42:07.0;
5;7362.8;2019-04-11 14:42:09.0;
5;7362;2019-04-11 14:42:12.0;
5;7362.2;2019-04-11 14:42:16.0;
5;7362;2019-04-11 14:42:17.0;
5;7361.8;2019-04-11 14:42:19.0;
5;7362.2;2019-04-11 14:42:20.0;
5;7361.8;2019-04-11 14:42:22.0;
5;7362.2;2019-04-11 14:42:24.0;
5;7361.8;2019-04-11 14:42:30.0;
5;7360.3;2019-04-11 14:42:35.0;
5;7359.5;2019-04-11 14:42:40.0;
5;7359.8;2019-04-11 14:42:52.0;
5;7359.3;2019-04-11 14:42:59.0;
5;7359.8;2019-04-11 14:43:05.0;
5;7360.5;2019-04-11 14:43:11.0;
5;7359.8;2019-04-11 14:43:13.0;
5;7360.5;2019-04-11 14:43:14.0;
5;7360.3;2019-04-11 14:43:15.0;
5;7360.8;2019-04-11 14:43:23.0;
5;7360.5;2019-04-11 14:43:33.0;
5;7360.8;2019-04-11 14:43:39.0;
5;7360.5;2019-04-11 14:43:40.0;
5;7360.8;2019-04-11 14:43:42.0;
5;7361.3;2019-04-11 14:43:43.0;
5;7361.5;2019-04-11 14:43:50.0;
5;7361.2;2019-04-11 14:44:04.0;
5;7361;2019-04-11 14:44:09.0;
5;7361.8;2019-04-11 14:44:12.0;
5;7361;2019-04-11 14:44:13.0;
5;7361.8;2019-04-11 14:44:15.0;
5;7362.3;2019-04-11 14:44:26.0;
5;7362.2;2019-04-11 14:44:28.0;
5;7362.3;2019-04-11 14:44:33.0;
5;7363;2019-04-11 14:44:40.0;
5;7362.3;2019-04-11 14:44:42.0;
5;7362.8;2019-04-11 14:44:43.0;
5;7363;2019-04-11 14:44:49.0;
5;7362.8;2019-04-11 14:44:50.0;
5;7363;2019-04-11 14:44:53.0;
5;7362.8;2019-04-11 14:44:55.0;
5;7362.5;2019-04-11 14:45:00.0;
5;7362.2;2019-04-11 14:45:04.0;
5;7362.8;2019-04-11 14:45:13.0;
5;7363.2;2019-04-11 14:45:23.0;
5;7362.8;2019-04-11 14:45:28.0;
5;7362.2;2019-04-11 14:45:34.0;
5;7362.3;2019-04-11 14:46:05.0;
5;7361.8;2019-04-11 14:46:07.0;
5;7362.3;2019-04-11 14:46:08.0;
5;7361.8;2019-04-11 14:46:10.0;
5;7363;2019-04-11 14:46:24.0;
5;7362.5;2019-04-11 14:46:27.0;
5;7362.3;2019-04-11 14:46:33.0;
5;7361;2019-04-11 14:46:35.0;
5;7361.3;2019-04-11 14:46:41.0;
5;7361.8;2019-04-11 14:46:43.0;
5;7361.3;2019-04-11 14:46:44.0;
5;7361.8;2019-04-11 14:46:46.0;
5;7361.3;2019-04-11 14:46:53.0;
5;7360.8;2019-04-11 14:46:54.0;
5;7361.5;2019-04-11 14:47:12.0;
5;7360.8;2019-04-11 14:47:14.0;
5;7361.5;2019-04-11 14:47:15.0;
5;7361.8;2019-04-11 14:47:18.0;
5;7362;2019-04-11 14:47:22.0;
5;7361.5;2019-04-11 14:47:28.0;
5;7361.2;2019-04-11 14:47:34.0;
5;7361.5;2019-04-11 14:47:40.0;
5;7361.2;2019-04-11 14:47:43.0;
5;7360.8;2019-04-11 14:48:03.0;
5;7361;2019-04-11 14:48:07.0;
5;7360.3;2019-04-11 14:48:11.0;
5;7359.8;2019-04-11 14:48:17.0;
5;7360.2;2019-04-11 14:48:25.0;
5;7359.8;2019-04-11 14:48:27.0;
5;7360.2;2019-04-11 14:48:28.0;
5;7361;2019-04-11 14:48:31.0;
5;7360.2;2019-04-11 14:48:33.0;
5;7361;2019-04-11 14:48:34.0;
5;7362;2019-04-11 14:48:42.0;
5;7361.3;2019-04-11 14:48:44.0;
5;7361.2;2019-04-11 14:48:49.0;
5;7361.3;2019-04-11 14:48:54.0;
5;7360.8;2019-04-11 14:48:56.0;
5;7361.3;2019-04-11 14:48:58.0;
5;7360.8;2019-04-11 14:48:59.0;
5;7361.8;2019-04-11 14:49:06.0;
5;7361;2019-04-11 14:49:15.0;
5;7360.8;2019-04-11 14:49:18.0;
5;7361.8;2019-04-11 14:49:19.0;
5;7361.3;2019-04-11 14:49:28.0;
5;7361.8;2019-04-11 14:49:29.0;
5;7361.3;2019-04-11 14:49:30.0;
5;7362.2;2019-04-11 14:49:50.0;
5;7362;2019-04-11 14:50:02.0;
5;7362.2;2019-04-11 14:50:08.0;
5;7361.8;2019-04-11 14:50:15.0;
5;7362.5;2019-04-11 14:50:18.0;
5;7362.3;2019-04-11 14:50:19.0;
5;7362.8;2019-04-11 14:50:23.0;
5;7363.8;2019-04-11 14:50:29.0;
5;7363.3;2019-04-11 14:50:30.0;
5;7364.2;2019-04-11 14:50:38.0;
5;7365;2019-04-11 14:50:42.0;
5;7364.3;2019-04-11 14:50:46.0;
5;7364.2;2019-04-11 14:50:52.0;
5;7364;2019-04-11 14:50:59.0;
5;7363.8;2019-04-11 14:51:05.0;
5;7364.5;2019-04-11 14:51:13.0;
5;7364.2;2019-04-11 14:51:19.0;
5;7363.8;2019-04-11 14:51:25.0;
5;7364;2019-04-11 14:51:29.0;
5;7363.8;2019-04-11 14:51:42.0;
5;7363.2;2019-04-11 14:51:45.0;
5;7363.8;2019-04-11 14:51:48.0;
5;7364.2;2019-04-11 14:52:04.0;
5;7364;2019-04-11 14:52:10.0;
5;7363.5;2019-04-11 14:52:11.0;
5;7364;2019-04-11 14:52:13.0;
5;7363.5;2019-04-11 14:52:14.0;
5;7363.8;2019-04-11 14:52:17.0;
5;7364;2019-04-11 14:52:24.0;
5;7363.8;2019-04-11 14:52:27.0;
5;7364;2019-04-11 14:52:28.0;
5;7363.8;2019-04-11 14:52:30.0;
5;7364;2019-04-11 14:52:33.0;
5;7363.5;2019-04-11 14:52:39.0;
5;7363.3;2019-04-11 14:52:41.0;
5;7362.8;2019-04-11 14:52:43.0;
5;7363;2019-04-11 14:52:47.0;
5;7362.8;2019-04-11 14:52:53.0;
5;7363.3;2019-04-11 14:53:03.0;
5;7362.8;2019-04-11 14:53:04.0;
5;7363.3;2019-04-11 14:53:06.0;
5;7362.8;2019-04-11 14:53:09.0;
5;7362.2;2019-04-11 14:53:10.0;
5;7362.8;2019-04-11 14:53:21.0;
5;7363;2019-04-11 14:53:23.0;
5;7362.8;2019-04-11 14:53:28.0;
5;7362.5;2019-04-11 14:53:32.0;
5;7363;2019-04-11 14:53:36.0;
5;7362.2;2019-04-11 14:53:39.0;
5;7362.3;2019-04-11 14:53:45.0;
5;7361.5;2019-04-11 14:54:04.0;
5;7362.3;2019-04-11 14:54:11.0;
5;7362.2;2019-04-11 14:54:38.0;
5;7362.3;2019-04-11 14:54:44.0;
5;7362;2019-04-11 14:54:57.0;
5;7361.8;2019-04-11 14:55:00.0;
5;7362.3;2019-04-11 14:55:04.0;
5;7363;2019-04-11 14:55:10.0;
5;7362.8;2019-04-11 14:55:20.0;
5;7362.5;2019-04-11 14:55:32.0;
5;7362.8;2019-04-11 14:55:33.0;
5;7362.5;2019-04-11 14:55:35.0;
5;7362.8;2019-04-11 14:55:40.0;
5;7363.5;2019-04-11 14:56:05.0;
5;7362.8;2019-04-11 14:56:06.0;
5;7363.5;2019-04-11 14:56:07.0;
5;7363.8;2019-04-11 14:56:09.0;
5;7363.2;2019-04-11 14:57:08.0;
5;7362.5;2019-04-11 14:57:20.0;
5;7363.2;2019-04-11 14:57:21.0;
5;7362.5;2019-04-11 14:57:24.0;
5;7362.2;2019-04-11 14:57:26.0;
5;7362.5;2019-04-11 14:57:36.0;
5;7362.2;2019-04-11 14:57:38.0;
5;7362;2019-04-11 14:57:39.0;
5;7361.8;2019-04-11 14:57:45.0;
5;7362.5;2019-04-11 14:57:49.0;
5;7362.3;2019-04-11 14:58:05.0;
5;7361.8;2019-04-11 14:58:12.0;
5;7361.5;2019-04-11 14:58:17.0;
5;7361.3;2019-04-11 14:58:23.0;
5;7361.2;2019-04-11 14:58:29.0;
5;7361;2019-04-11 14:58:36.0;
5;7361.2;2019-04-11 14:58:40.0;
5;7361;2019-04-11 14:58:42.0;
5;7360.8;2019-04-11 14:58:47.0;
5;7361;2019-04-11 14:58:49.0;
5;7360.8;2019-04-11 14:58:50.0;
5;7360;2019-04-11 14:59:16.0;
5;7360.2;2019-04-11 14:59:20.0;
5;7360.5;2019-04-11 14:59:30.0;
5;7360.8;2019-04-11 14:59:31.0;
5;7360.5;2019-04-11 14:59:32.0;
5;7360.8;2019-04-11 14:59:34.0;
5;7361;2019-04-11 14:59:43.0;
5;7361.2;2019-04-11 14:59:44.0;
5;7361;2019-04-11 14:59:45.0;
5;7360.8;2019-04-11 14:59:50.0;
5;7359.8;2019-04-11 15:00:03.0;
5;7360.3;2019-04-11 15:00:16.0;
5;7360.8;2019-04-11 15:00:32.0;
5;7360.3;2019-04-11 15:00:34.0;
5;7360.8;2019-04-11 15:00:35.0;
5;7361.2;2019-04-11 15:00:36.0;
5;7362;2019-04-11 15:00:41.0;
5;7361.8;2019-04-11 15:00:45.0;
5;7361.3;2019-04-11 15:00:47.0;
5;7361;2019-04-11 15:00:54.0;
5;7361.2;2019-04-11 15:00:55.0;
5;7360.8;2019-04-11 15:01:03.0;
5;7361.3;2019-04-11 15:01:06.0;
5;7360.8;2019-04-11 15:01:14.0;
5;7361.3;2019-04-11 15:01:16.0;
5;7360.8;2019-04-11 15:01:17.0;
5;7361.5;2019-04-11 15:01:19.0;
5;7360.8;2019-04-11 15:01:20.0;
5;7361.5;2019-04-11 15:01:21.0;
5;7361.2;2019-04-11 15:01:24.0;
5;7361;2019-04-11 15:01:28.0;
5;7361.2;2019-04-11 15:01:32.0;
5;7361;2019-04-11 15:01:34.0;
5;7361.2;2019-04-11 15:01:36.0;
5;7361.8;2019-04-11 15:01:48.0;
5;7361.2;2019-04-11 15:01:50.0;
5;7361.8;2019-04-11 15:01:51.0;
5;7362.5;2019-04-11 15:02:04.0;
5;7362.3;2019-04-11 15:02:09.0;
5;7362.2;2019-04-11 15:02:15.0;
5;7361.8;2019-04-11 15:02:21.0;
5;7362;2019-04-11 15:02:23.0;
5;7361.8;2019-04-11 15:02:24.0;
5;7362;2019-04-11 15:02:26.0;
5;7361.8;2019-04-11 15:02:27.0;
5;7361.2;2019-04-11 15:02:36.0;
5;7362.2;2019-04-11 15:02:42.0;
5;7362.3;2019-04-11 15:02:47.0;
5;7362.5;2019-04-11 15:02:52.0;
5;7362.3;2019-04-11 15:02:53.0;
5;7362.5;2019-04-11 15:02:54.0;
5;7361.8;2019-04-11 15:02:57.0;
5;7362;2019-04-11 15:03:06.0;
5;7362.3;2019-04-11 15:03:16.0;
5;7362.5;2019-04-11 15:03:19.0;
5;7362.8;2019-04-11 15:03:22.0;
5;7362.5;2019-04-11 15:03:24.0;
5;7362.8;2019-04-11 15:03:25.0;
5;7363.3;2019-04-11 15:03:34.0;
5;7363.8;2019-04-11 15:03:39.0;
5;7364.3;2019-04-11 15:03:49.0;
5;7363.8;2019-04-11 15:03:51.0;
5;7364;2019-04-11 15:04:05.0;
5;7363.5;2019-04-11 15:04:07.0;
5;7364;2019-04-11 15:04:08.0;
5;7363.5;2019-04-11 15:04:10.0;
5;7363.2;2019-04-11 15:04:21.0;
5;7363.8;2019-04-11 15:04:35.0;
5;7363.2;2019-04-11 15:04:36.0;
5;7363.8;2019-04-11 15:04:38.0;
5;7364.2;2019-04-11 15:04:54.0;
5;7363.5;2019-04-11 15:04:59.0;
5;7363.2;2019-04-11 15:05:07.0;
5;7363.5;2019-04-11 15:05:11.0;
5;7363.3;2019-04-11 15:05:17.0;
5;7363.5;2019-04-11 15:05:23.0;
5;7363.2;2019-04-11 15:05:26.0;
5;7363.5;2019-04-11 15:05:28.0;
5;7363.8;2019-04-11 15:05:31.0;
5;7364;2019-04-11 15:05:37.0;
5;7363.8;2019-04-11 15:05:47.0;
5;7364.8;2019-04-11 15:06:04.0;
5;7364.5;2019-04-11 15:06:08.0;
5;7364.8;2019-04-11 15:06:11.0;
5;7364.5;2019-04-11 15:06:13.0;
5;7364.2;2019-04-11 15:06:15.0;
5;7364.5;2019-04-11 15:06:20.0;
5;7364.3;2019-04-11 15:06:25.0;
5;7364.5;2019-04-11 15:06:27.0;
5;7364.3;2019-04-11 15:06:28.0;
5;7364.5;2019-04-11 15:06:30.0;
5;7364.8;2019-04-11 15:06:32.0;
5;7365;2019-04-11 15:06:44.0;
5;7365.5;2019-04-11 15:06:52.0;
5;7365.3;2019-04-11 15:06:56.0;
5;7364.8;2019-04-11 15:07:17.0;
5;7364.3;2019-04-11 15:07:35.0;
5;7364.2;2019-04-11 15:07:39.0;
5;7364;2019-04-11 15:07:47.0;
5;7364.2;2019-04-11 15:07:49.0;
5;7364;2019-04-11 15:07:50.0;
5;7364.2;2019-04-11 15:08:05.0;
5;7364;2019-04-11 15:08:10.0;
5;7365;2019-04-11 15:08:12.0;
5;7364.3;2019-04-11 15:08:18.0;
5;7364.2;2019-04-11 15:08:25.0;
5;7363.8;2019-04-11 15:08:32.0;
5;7363.3;2019-04-11 15:08:44.0;
5;7363.2;2019-04-11 15:08:50.0;
5;7363.8;2019-04-11 15:09:14.0;
5;7364.2;2019-04-11 15:09:37.0;
5;7364;2019-04-11 15:09:43.0;
5;7364.5;2019-04-11 15:09:47.0;
5;7363.8;2019-04-11 15:10:06.0;
5;7364.5;2019-04-11 15:10:22.0;
5;7364;2019-04-11 15:10:24.0;
5;7364.5;2019-04-11 15:10:25.0;
5;7364;2019-04-11 15:10:28.0;
5;7363.8;2019-04-11 15:10:30.0;
5;7364;2019-04-11 15:10:34.0;
5;7364.5;2019-04-11 15:10:35.0;
5;7364;2019-04-11 15:10:37.0;
5;7364.5;2019-04-11 15:10:38.0;
5;7364.2;2019-04-11 15:10:40.0;
5;7364.3;2019-04-11 15:10:55.0;
5;7364.2;2019-04-11 15:11:01.0;
5;7364.3;2019-04-11 15:11:08.0;
5;7364.2;2019-04-11 15:11:18.0;
5;7363.8;2019-04-11 15:11:31.0;
5;7363.5;2019-04-11 15:11:43.0;
5;7363.8;2019-04-11 15:11:44.0;
5;7363.5;2019-04-11 15:11:46.0;
5;7363.8;2019-04-11 15:11:53.0;
5;7364;2019-04-11 15:12:06.0;
5;7363.8;2019-04-11 15:12:10.0;
5;7363.3;2019-04-11 15:12:24.0;
5;7363.8;2019-04-11 15:12:26.0;
5;7364.5;2019-04-11 15:12:44.0;
5;7363.8;2019-04-11 15:12:49.0;
5;7363.3;2019-04-11 15:13:15.0;
5;7363.8;2019-04-11 15:13:20.0;
5;7363.2;2019-04-11 15:13:25.0;
5;7364;2019-04-11 15:13:27.0;
5;7363.2;2019-04-11 15:13:29.0;
5;7363.8;2019-04-11 15:13:31.0;
5;7364;2019-04-11 15:13:38.0;
5;7363.8;2019-04-11 15:13:40.0;
5;7364;2019-04-11 15:13:41.0;
5;7363.8;2019-04-11 15:13:43.0;
5;7363.2;2019-04-11 15:13:46.0;
5;7363.8;2019-04-11 15:13:47.0;
5;7363.2;2019-04-11 15:13:49.0;
5;7362.2;2019-04-11 15:14:03.0;
5;7362.8;2019-04-11 15:14:08.0;
5;7362.5;2019-04-11 15:14:24.0;
5;7362.2;2019-04-11 15:14:35.0;
5;7362.3;2019-04-11 15:14:42.0;
5;7362.5;2019-04-11 15:14:43.0;
5;7362.3;2019-04-11 15:14:45.0;
5;7362.5;2019-04-11 15:14:46.0;
5;7363;2019-04-11 15:14:59.0;
5;7362.5;2019-04-11 15:15:05.0;
5;7362.8;2019-04-11 15:15:09.0;
5;7363.2;2019-04-11 15:15:15.0;
5;7363.3;2019-04-11 15:15:23.0;
5;7362.8;2019-04-11 15:15:28.0;
5;7363;2019-04-11 15:15:33.0;
5;7363.2;2019-04-11 15:15:39.0;
5;7363;2019-04-11 15:15:45.0;
5;7363.3;2019-04-11 15:15:48.0;
5;7363.8;2019-04-11 15:16:03.0;
5;7363.3;2019-04-11 15:16:05.0;
5;7363.8;2019-04-11 15:16:07.0;
5;7363.5;2019-04-11 15:16:08.0;
5;7363.3;2019-04-11 15:16:11.0;
5;7363;2019-04-11 15:16:35.0;
5;7363.3;2019-04-11 15:16:38.0;
5;7363;2019-04-11 15:16:39.0;
5;7363.2;2019-04-11 15:16:49.0;
5;7363;2019-04-11 15:16:51.0;
5;7362.5;2019-04-11 15:16:56.0;
5;7363;2019-04-11 15:16:58.0;
5;7362;2019-04-11 15:16:59.0;
5;7362.5;2019-04-11 15:17:00.0;
5;7362;2019-04-11 15:17:02.0;
5;7361.8;2019-04-11 15:17:05.0;
5;7362.5;2019-04-11 15:17:14.0;
5;7362.2;2019-04-11 15:17:15.0;
5;7362.5;2019-04-11 15:17:16.0;
5;7362.3;2019-04-11 15:17:19.0;
5;7361.2;2019-04-11 15:17:25.0;
5;7361.8;2019-04-11 15:17:31.0;
5;7361.5;2019-04-11 15:17:39.0;
5;7361.8;2019-04-11 15:17:40.0;
5;7361.5;2019-04-11 15:17:41.0;
5;7361.3;2019-04-11 15:17:44.0;
5;7361.2;2019-04-11 15:17:47.0;
5;7361.3;2019-04-11 15:17:48.0;
5;7361.2;2019-04-11 15:17:50.0;
5;7361;2019-04-11 15:18:04.0;
5;7360.5;2019-04-11 15:18:09.0;
5;7360.8;2019-04-11 15:18:11.0;
5;7360.5;2019-04-11 15:18:13.0;
5;7360.8;2019-04-11 15:18:14.0;
5;7361.5;2019-04-11 15:18:23.0;
5;7360.8;2019-04-11 15:18:24.0;
5;7361.5;2019-04-11 15:18:25.0;
5;7361.2;2019-04-11 15:18:49.0;
5;7361.5;2019-04-11 15:18:50.0;
5;7361.2;2019-04-11 15:18:52.0;
5;7361.5;2019-04-11 15:18:53.0;
5;7362;2019-04-11 15:19:05.0;
5;7361.5;2019-04-11 15:19:06.0;
5;7361.8;2019-04-11 15:19:07.0;
5;7362;2019-04-11 15:19:09.0;
5;7361.8;2019-04-11 15:19:11.0;
5;7362.5;2019-04-11 15:19:15.0;
5;7361.8;2019-04-11 15:19:16.0;
5;7362.5;2019-04-11 15:19:17.0;
5;7362;2019-04-11 15:19:19.0;
5;7362.2;2019-04-11 15:19:39.0;
5;7362.5;2019-04-11 15:20:05.0;
5;7362.2;2019-04-11 15:20:09.0;
5;7363;2019-04-11 15:20:15.0;
5;7363.5;2019-04-11 15:20:19.0;
5;7363.3;2019-04-11 15:20:26.0;
5;7363.5;2019-04-11 15:20:28.0;
5;7363.2;2019-04-11 15:20:35.0;
5;7363.5;2019-04-11 15:20:36.0;
5;7363.3;2019-04-11 15:20:39.0;
5;7364;2019-04-11 15:20:43.0;
5;7363.8;2019-04-11 15:20:52.0;
5;7364;2019-04-11 15:21:01.0;
5;7363.8;2019-04-11 15:21:08.0;
5;7363.5;2019-04-11 15:21:12.0;
5;7363.8;2019-04-11 15:21:20.0;
5;7363.5;2019-04-11 15:21:23.0;
5;7363.8;2019-04-11 15:21:28.0;
5;7363.5;2019-04-11 15:21:31.0;
5;7363.3;2019-04-11 15:21:37.0;
5;7363.8;2019-04-11 15:21:42.0;
5;7363.5;2019-04-11 15:22:03.0;
5;7363.8;2019-04-11 15:22:09.0;
5;7362;2019-04-11 15:22:14.0;
5;7361.3;2019-04-11 15:22:18.0;
5;7362;2019-04-11 15:22:26.0;
5;7361.2;2019-04-11 15:22:27.0;
5;7362;2019-04-11 15:22:29.0;
5;7361.8;2019-04-11 15:22:30.0;
5;7362.2;2019-04-11 15:22:36.0;
5;7362;2019-04-11 15:22:37.0;
5;7362.2;2019-04-11 15:22:39.0;
5;7362;2019-04-11 15:22:40.0;
5;7362.3;2019-04-11 15:22:42.0;
5;7362;2019-04-11 15:22:43.0;
5;7362.3;2019-04-11 15:22:44.0;
5;7362.2;2019-04-11 15:22:46.0;
5;7362.8;2019-04-11 15:22:57.0;
5;7362.3;2019-04-11 15:23:00.0;
5;7362.8;2019-04-11 15:23:08.0;
5;7363.2;2019-04-11 15:23:17.0;
5;7363.5;2019-04-11 15:23:31.0;
5;7363.2;2019-04-11 15:23:35.0;
5;7363;2019-04-11 15:23:38.0;
5;7363.2;2019-04-11 15:23:41.0;
5;7362.3;2019-04-11 15:23:42.0;
5;7362.8;2019-04-11 15:23:47.0;
5;7363.3;2019-04-11 15:24:02.0;
5;7362.8;2019-04-11 15:24:10.0;
5;7363.2;2019-04-11 15:24:16.0;
5;7363.5;2019-04-11 15:24:23.0;
5;7363.2;2019-04-11 15:24:27.0;
5;7363.8;2019-04-11 15:24:31.0;
5;7364;2019-04-11 15:24:36.0;
5;7363.3;2019-04-11 15:24:42.0;
5;7363.2;2019-04-11 15:24:44.0;
5;7363;2019-04-11 15:24:47.0;
5;7363.2;2019-04-11 15:24:55.0;
5;7364.2;2019-04-11 15:25:04.0;
5;7363.2;2019-04-11 15:25:08.0;
5;7364;2019-04-11 15:25:11.0;
5;7363.5;2019-04-11 15:25:16.0;
5;7364;2019-04-11 15:25:17.0;
5;7363.2;2019-04-11 15:25:19.0;
5;7362.8;2019-04-11 15:25:29.0;
5;7362.3;2019-04-11 15:25:31.0;
5;7362.5;2019-04-11 15:25:35.0;
5;7363.5;2019-04-11 15:25:44.0;
5;7363.2;2019-04-11 15:25:48.0;
5;7363;2019-04-11 15:26:14.0;
5;7363.3;2019-04-11 15:26:19.0;
5;7363.8;2019-04-11 15:26:24.0;
5;7364;2019-04-11 15:26:44.0;
5;7364.2;2019-04-11 15:26:49.0;
5;7364.3;2019-04-11 15:26:56.0;
5;7364;2019-04-11 15:27:01.0;
5;7363.8;2019-04-11 15:27:03.0;
5;7364.5;2019-04-11 15:27:07.0;
5;7364.3;2019-04-11 15:27:14.0;
5;7364;2019-04-11 15:27:33.0;
5;7363.5;2019-04-11 15:27:38.0;
5;7364.2;2019-04-11 15:27:39.0;
5;7364;2019-04-11 15:28:05.0;
5;7364.2;2019-04-11 15:28:09.0;
5;7364;2019-04-11 15:28:15.0;
5;7363.8;2019-04-11 15:28:27.0;
5;7363.5;2019-04-11 15:28:30.0;
5;7363.8;2019-04-11 15:28:31.0;
5;7363.5;2019-04-11 15:29:01.0;
5;7364;2019-04-11 15:29:07.0;
5;7363.5;2019-04-11 15:29:09.0;
5;7364;2019-04-11 15:29:10.0;
5;7363.8;2019-04-11 15:29:12.0;
5;7364.8;2019-04-11 15:29:18.0;
5;7363.8;2019-04-11 15:29:19.0;
5;7364.8;2019-04-11 15:29:20.0;
5;7364.3;2019-04-11 15:29:22.0;
5;7364;2019-04-11 15:29:26.0;
5;7363.8;2019-04-11 15:29:35.0;
5;7364.2;2019-04-11 15:29:37.0;
5;7364.3;2019-04-11 15:29:41.0;
5;7364.2;2019-04-11 15:29:47.0;
5;7364.3;2019-04-11 15:29:50.0;
5;7364.2;2019-04-11 15:29:51.0;
5;7363.8;2019-04-11 15:30:04.0;
5;7364.2;2019-04-11 15:30:11.0;
5;7363.8;2019-04-11 15:30:17.0;
5;7362.8;2019-04-11 15:30:19.0;
5;7362.2;2019-04-11 15:30:26.0;
5;7362.5;2019-04-11 15:30:29.0;
5;7363;2019-04-11 15:30:30.0;
5;7363.2;2019-04-11 15:30:35.0;
5;7363;2019-04-11 15:30:36.0;
5;7363.2;2019-04-11 15:30:38.0;
5;7363;2019-04-11 15:30:39.0;
5;7362.5;2019-04-11 15:30:42.0;
5;7363.2;2019-04-11 15:30:49.0;
5;7362.5;2019-04-11 15:30:58.0;
5;7362.2;2019-04-11 15:31:04.0;
5;7361.2;2019-04-11 15:31:36.0;
5;7360.5;2019-04-11 15:31:42.0;
5;7359.8;2019-04-11 15:31:43.0;
5;7360.2;2019-04-11 15:31:47.0;
5;7359.8;2019-04-11 15:32:05.0;
5;7359.5;2019-04-11 15:32:06.0;
5;7359;2019-04-11 15:32:11.0;
5;7358.2;2019-04-11 15:32:17.0;
5;7357.5;2019-04-11 15:32:19.0;
5;7358.2;2019-04-11 15:32:20.0;
5;7357.5;2019-04-11 15:32:21.0;
5;7357.8;2019-04-11 15:32:25.0;
5;7358;2019-04-11 15:32:26.0;
5;7357;2019-04-11 15:32:30.0;
5;7358;2019-04-11 15:32:32.0;
5;7357;2019-04-11 15:32:33.0;
5;7357.5;2019-04-11 15:32:40.0;
5;7358.3;2019-04-11 15:32:42.0;
5;7358.5;2019-04-11 15:32:53.0;
5;7358;2019-04-11 15:32:56.0;
5;7359.5;2019-04-11 15:32:58.0;
5;7358.2;2019-04-11 15:33:02.0;
5;7357.5;2019-04-11 15:33:06.0;
5;7357.2;2019-04-11 15:33:12.0;
5;7358.5;2019-04-11 15:33:14.0;
5;7357.2;2019-04-11 15:33:16.0;
5;7358.5;2019-04-11 15:33:18.0;
5;7358.3;2019-04-11 15:33:21.0;
5;7359.2;2019-04-11 15:33:29.0;
5;7358.8;2019-04-11 15:33:31.0;
5;7359.2;2019-04-11 15:33:32.0;
5;7359.5;2019-04-11 15:33:34.0;
5;7359.2;2019-04-11 15:33:41.0;
5;7358.8;2019-04-11 15:33:43.0;
5;7359.2;2019-04-11 15:33:45.0;
5;7358.8;2019-04-11 15:33:47.0;
5;7359.3;2019-04-11 15:34:09.0;
5;7359.5;2019-04-11 15:34:14.0;
5;7358.5;2019-04-11 15:34:15.0;
5;7359.5;2019-04-11 15:34:17.0;
5;7358.5;2019-04-11 15:34:19.0;
5;7358.2;2019-04-11 15:34:20.0;
5;7358.5;2019-04-11 15:34:22.0;
5;7358;2019-04-11 15:34:23.0;
5;7357.2;2019-04-11 15:34:31.0;
5;7357.3;2019-04-11 15:34:35.0;
5;7357.8;2019-04-11 15:34:41.0;
5;7357.2;2019-04-11 15:34:47.0;
5;7358;2019-04-11 15:34:54.0;
5;7358.8;2019-04-11 15:34:58.0;
5;7358.3;2019-04-11 15:35:00.0;
5;7358.8;2019-04-11 15:35:01.0;
5;7359;2019-04-11 15:35:03.0;
5;7358.8;2019-04-11 15:35:05.0;
5;7359;2019-04-11 15:35:06.0;
5;7360;2019-04-11 15:35:09.0;
5;7358.8;2019-04-11 15:35:15.0;
5;7359.3;2019-04-11 15:35:24.0;
5;7358.8;2019-04-11 15:35:26.0;
5;7358.5;2019-04-11 15:35:33.0;
5;7357.5;2019-04-11 15:35:41.0;
5;7357.3;2019-04-11 15:35:43.0;
5;7357.2;2019-04-11 15:35:47.0;
5;7356.8;2019-04-11 15:36:03.0;
5;7357.2;2019-04-11 15:36:05.0;
5;7356.8;2019-04-11 15:36:07.0;
5;7355.8;2019-04-11 15:36:08.0;
5;7356.8;2019-04-11 15:36:10.0;
5;7355.8;2019-04-11 15:36:12.0;
5;7355.5;2019-04-11 15:36:17.0;
5;7355.8;2019-04-11 15:36:20.0;
5;7356;2019-04-11 15:36:24.0;
5;7355.8;2019-04-11 15:36:34.0;
5;7355.5;2019-04-11 15:36:40.0;
5;7355.8;2019-04-11 15:36:48.0;
5;7356.5;2019-04-11 15:36:55.0;
5;7355.8;2019-04-11 15:37:01.0;
5;7355.3;2019-04-11 15:37:11.0;
5;7355.8;2019-04-11 15:37:18.0;
5;7355.3;2019-04-11 15:37:21.0;
5;7356;2019-04-11 15:37:23.0;
5;7355.2;2019-04-11 15:37:31.0;
5;7355.5;2019-04-11 15:37:40.0;
5;7354.8;2019-04-11 15:37:45.0;
5;7355.5;2019-04-11 15:38:05.0;
5;7355.3;2019-04-11 15:38:07.0;
5;7355.5;2019-04-11 15:38:09.0;
5;7355.3;2019-04-11 15:38:11.0;
5;7355.2;2019-04-11 15:38:12.0;
5;7355;2019-04-11 15:38:25.0;
5;7354.8;2019-04-11 15:38:28.0;
5;7355;2019-04-11 15:38:30.0;
5;7354.8;2019-04-11 15:38:32.0;
5;7355;2019-04-11 15:38:33.0;
5;7355.2;2019-04-11 15:38:36.0;
5;7355;2019-04-11 15:38:43.0;
5;7354.8;2019-04-11 15:38:54.0;
5;7354.3;2019-04-11 15:38:56.0;
5;7354.8;2019-04-11 15:38:57.0;
5;7354.2;2019-04-11 15:39:05.0;
5;7353.5;2019-04-11 15:39:10.0;
5;7353.8;2019-04-11 15:39:17.0;
5;7354.3;2019-04-11 15:39:24.0;
5;7353.8;2019-04-11 15:39:31.0;
5;7354.3;2019-04-11 15:39:37.0;
5;7354.5;2019-04-11 15:39:47.0;
5;7354.3;2019-04-11 15:39:48.0;
5;7354.5;2019-04-11 15:39:50.0;
5;7354;2019-04-11 15:40:04.0;
5;7354.5;2019-04-11 15:40:06.0;
5;7353.3;2019-04-11 15:40:07.0;
5;7354;2019-04-11 15:40:13.0;
5;7353.8;2019-04-11 15:40:15.0;
5;7354;2019-04-11 15:40:17.0;
5;7353.8;2019-04-11 15:40:18.0;
5;7354.3;2019-04-11 15:40:28.0;
5;7353.8;2019-04-11 15:40:31.0;
5;7354.2;2019-04-11 15:40:40.0;
5;7354.8;2019-04-11 15:40:46.0;
5;7355.3;2019-04-11 15:40:53.0;
5;7354.8;2019-04-11 15:40:59.0;
5;7355.2;2019-04-11 15:41:00.0;
5;7355.5;2019-04-11 15:41:08.0;
5;7355.2;2019-04-11 15:41:11.0;
5;7355.8;2019-04-11 15:41:12.0;
5;7356.3;2019-04-11 15:41:18.0;
5;7356.8;2019-04-11 15:41:24.0;
5;7356.5;2019-04-11 15:41:28.0;
5;7356.8;2019-04-11 15:41:30.0;
5;7357;2019-04-11 15:41:31.0;
5;7357.2;2019-04-11 15:41:36.0;
5;7357;2019-04-11 15:41:39.0;
5;7357.3;2019-04-11 15:41:45.0;
5;7357;2019-04-11 15:42:04.0;
5;7357.3;2019-04-11 15:42:09.0;
5;7357;2019-04-11 15:42:18.0;
5;7357.8;2019-04-11 15:42:19.0;
5;7357;2019-04-11 15:42:21.0;
5;7357.3;2019-04-11 15:42:23.0;
5;7357.5;2019-04-11 15:42:27.0;
5;7357.2;2019-04-11 15:42:32.0;
5;7357;2019-04-11 15:42:36.0;
5;7357.8;2019-04-11 15:42:48.0;
5;7358.5;2019-04-11 15:42:52.0;
5;7357.8;2019-04-11 15:42:53.0;
5;7358.5;2019-04-11 15:42:55.0;
5;7359;2019-04-11 15:43:10.0;
5;7360;2019-04-11 15:43:12.0;
5;7359;2019-04-11 15:43:13.0;
5;7360;2019-04-11 15:43:15.0;
5;7361.8;2019-04-11 15:43:20.0;
5;7361.2;2019-04-11 15:43:24.0;
5;7362;2019-04-11 15:43:29.0;
5;7361.8;2019-04-11 15:43:31.0;
5;7361.2;2019-04-11 15:43:38.0;
5;7362;2019-04-11 15:43:39.0;
5;7361.2;2019-04-11 15:43:41.0;
5;7360.8;2019-04-11 15:43:44.0;
5;7361.2;2019-04-11 15:43:45.0;
5;7360.8;2019-04-11 15:43:47.0;
5;7360.2;2019-04-11 15:44:04.0;
5;7359.8;2019-04-11 15:44:17.0;
5;7360.2;2019-04-11 15:44:19.0;
5;7360.3;2019-04-11 15:44:24.0;
5;7360;2019-04-11 15:44:29.0;
5;7359.8;2019-04-11 15:44:31.0;
5;7359.5;2019-04-11 15:44:36.0;
5;7358.8;2019-04-11 15:44:46.0;
5;7359.2;2019-04-11 15:44:52.0;
5;7359;2019-04-11 15:44:56.0;
5;7358.5;2019-04-11 15:45:02.0;
5;7358.2;2019-04-11 15:45:04.0;
5;7358.5;2019-04-11 15:45:06.0;
5;7358.2;2019-04-11 15:45:07.0;
5;7358.8;2019-04-11 15:45:08.0;
5;7358.2;2019-04-11 15:45:23.0;
5;7358.3;2019-04-11 15:45:28.0;
5;7358.5;2019-04-11 15:45:31.0;
5;7358.8;2019-04-11 15:45:45.0;
5;7358.5;2019-04-11 15:45:47.0;
5;7358.8;2019-04-11 15:45:48.0;
5;7358.5;2019-04-11 15:45:50.0;
5;7358.8;2019-04-11 15:46:06.0;
5;7360;2019-04-11 15:46:09.0;
5;7359.3;2019-04-11 15:46:16.0;
5;7360.5;2019-04-11 15:46:19.0;
5;7360.3;2019-04-11 15:46:23.0;
5;7360.2;2019-04-11 15:46:30.0;
5;7360.3;2019-04-11 15:46:33.0;
5;7360.2;2019-04-11 15:46:37.0;
5;7360.3;2019-04-11 15:46:39.0;
5;7359.8;2019-04-11 15:46:40.0;
5;7361;2019-04-11 15:46:48.0;
5;7359.8;2019-04-11 15:46:50.0;
5;7360.8;2019-04-11 15:46:52.0;
5;7361.5;2019-04-11 15:47:00.0;
5;7361.8;2019-04-11 15:47:05.0;
5;7362.2;2019-04-11 15:47:17.0;
5;7361.2;2019-04-11 15:47:20.0;
5;7361.3;2019-04-11 15:47:23.0;
5;7360.8;2019-04-11 15:47:29.0;
5;7360;2019-04-11 15:47:43.0;
5;7360.3;2019-04-11 15:47:48.0;
5;7360.8;2019-04-11 15:48:04.0;
5;7361.5;2019-04-11 15:48:08.0;
5;7361.2;2019-04-11 15:48:13.0;
5;7361.8;2019-04-11 15:48:19.0;
5;7362.3;2019-04-11 15:48:29.0;
5;7362.2;2019-04-11 15:48:35.0;
5;7362.5;2019-04-11 15:48:40.0;
5;7362.2;2019-04-11 15:48:41.0;
5;7362.5;2019-04-11 15:48:43.0;
5;7362;2019-04-11 15:48:45.0;
5;7361.8;2019-04-11 15:48:48.0;
5;7362;2019-04-11 15:48:53.0;
5;7363.3;2019-04-11 15:49:15.0;
5;7363.2;2019-04-11 15:49:23.0;
5;7363.8;2019-04-11 15:49:31.0;
5;7364;2019-04-11 15:49:47.0;
5;7363.2;2019-04-11 15:50:05.0;
5;7362.2;2019-04-11 15:50:07.0;
5;7363.2;2019-04-11 15:50:10.0;
5;7362.8;2019-04-11 15:50:12.0;
5;7363.5;2019-04-11 15:50:17.0;
5;7363.2;2019-04-11 15:50:21.0;
5;7363.5;2019-04-11 15:50:23.0;
5;7363.8;2019-04-11 15:50:33.0;
5;7364.2;2019-04-11 15:50:39.0;
5;7363.8;2019-04-11 15:50:41.0;
5;7364.2;2019-04-11 15:50:42.0;
5;7364.3;2019-04-11 15:50:43.0;
5;7363.8;2019-04-11 15:50:47.0;
5;7364.3;2019-04-11 15:50:48.0;
5;7363.8;2019-04-11 15:50:50.0;
5;7363;2019-04-11 15:51:08.0;
5;7362.3;2019-04-11 15:51:13.0;
5;7361.8;2019-04-11 15:51:19.0;
5;7361.2;2019-04-11 15:51:24.0;
5;7361.3;2019-04-11 15:51:31.0;
5;7360.8;2019-04-11 15:51:36.0;
5;7360;2019-04-11 15:51:42.0;
5;7360.8;2019-04-11 15:51:44.0;
5;7360;2019-04-11 15:51:46.0;
5;7360.2;2019-04-11 15:51:48.0;
5;7360.5;2019-04-11 15:52:08.0;
5;7360.2;2019-04-11 15:52:13.0;
5;7360.5;2019-04-11 15:52:14.0;
5;7358.8;2019-04-11 15:52:15.0;
5;7360.2;2019-04-11 15:52:19.0;
5;7358.8;2019-04-11 15:52:20.0;
5;7360;2019-04-11 15:52:22.0;
5;7359.5;2019-04-11 15:52:28.0;
5;7360.2;2019-04-11 15:52:31.0;
5;7360;2019-04-11 15:52:34.0;
5;7360.2;2019-04-11 15:52:35.0;
5;7360;2019-04-11 15:52:37.0;
5;7359.8;2019-04-11 15:52:42.0;
5;7359.2;2019-04-11 15:52:47.0;
5;7359.8;2019-04-11 15:52:48.0;
5;7359.2;2019-04-11 15:52:50.0;
5;7359.3;2019-04-11 15:52:52.0;
5;7358.5;2019-04-11 15:53:02.0;
5;7357.8;2019-04-11 15:53:05.0;
5;7357.2;2019-04-11 15:53:15.0;
5;7357;2019-04-11 15:53:16.0;
5;7357.3;2019-04-11 15:53:20.0;
5;7357;2019-04-11 15:53:21.0;
5;7357.5;2019-04-11 15:53:24.0;
5;7357.2;2019-04-11 15:53:33.0;
5;7357.5;2019-04-11 15:53:39.0;
5;7358;2019-04-11 15:53:44.0;
5;7357.5;2019-04-11 15:53:45.0;
5;7358;2019-04-11 15:53:47.0;
5;7358.2;2019-04-11 15:53:48.0;
5;7358.8;2019-04-11 15:54:03.0;
5;7358.5;2019-04-11 15:54:09.0;
5;7358.8;2019-04-11 15:54:12.0;
5;7358;2019-04-11 15:54:17.0;
5;7357.5;2019-04-11 15:54:21.0;
5;7356.8;2019-04-11 15:54:23.0;
5;7358;2019-04-11 15:54:27.0;
5;7356.8;2019-04-11 15:54:30.0;
5;7357.2;2019-04-11 15:54:31.0;
5;7356.5;2019-04-11 15:54:36.0;
5;7356.8;2019-04-11 15:54:41.0;
5;7356.5;2019-04-11 15:54:49.0;
5;7356;2019-04-11 15:54:52.0;
5;7356.5;2019-04-11 15:54:56.0;
5;7356;2019-04-11 15:54:57.0;
5;7356.5;2019-04-11 15:54:59.0;
5;7355.3;2019-04-11 15:55:05.0;
5;7354.8;2019-04-11 15:55:06.0;
5;7355.3;2019-04-11 15:55:08.0;
5;7354.8;2019-04-11 15:55:09.0;
5;7354.5;2019-04-11 15:55:21.0;
5;7354.2;2019-04-11 15:55:27.0;
5;7354.5;2019-04-11 15:55:33.0;
5;7353.8;2019-04-11 15:55:38.0;
5;7354.2;2019-04-11 15:55:40.0;
5;7353.8;2019-04-11 15:55:42.0;
5;7354.2;2019-04-11 15:55:44.0;
5;7354.5;2019-04-11 15:55:45.0;
5;7354;2019-04-11 15:55:51.0;
5;7353.8;2019-04-11 15:56:04.0;
5;7354.3;2019-04-11 15:56:07.0;
5;7353.8;2019-04-11 15:56:09.0;
5;7354;2019-04-11 15:56:10.0;
5;7353.8;2019-04-11 15:56:17.0;
5;7354;2019-04-11 15:56:32.0;
5;7353.8;2019-04-11 15:56:35.0;
5;7354.2;2019-04-11 15:56:41.0;
5;7354;2019-04-11 15:56:45.0;
5;7354.2;2019-04-11 15:56:47.0;
5;7354.5;2019-04-11 15:56:54.0;
5;7354.2;2019-04-11 15:56:55.0;
5;7354.5;2019-04-11 15:56:57.0;
5;7355.2;2019-04-11 15:56:58.0;
5;7354.5;2019-04-11 15:56:59.0;
5;7355.2;2019-04-11 15:57:01.0;
5;7355.8;2019-04-11 15:57:02.0;
5;7355.2;2019-04-11 15:57:16.0;
5;7354.8;2019-04-11 15:57:22.0;
5;7354.5;2019-04-11 15:57:28.0;
5;7354.2;2019-04-11 15:57:30.0;
5;7354.5;2019-04-11 15:57:37.0;
5;7354;2019-04-11 15:57:42.0;
5;7353.8;2019-04-11 15:57:49.0;
5;7355.2;2019-04-11 15:58:06.0;
5;7354.8;2019-04-11 15:58:16.0;
5;7355.2;2019-04-11 15:58:22.0;
5;7354;2019-04-11 15:58:24.0;
5;7355.2;2019-04-11 15:58:25.0;
5;7354;2019-04-11 15:58:27.0;
5;7354.2;2019-04-11 15:58:28.0;
5;7353.8;2019-04-11 15:58:31.0;
5;7353.3;2019-04-11 15:58:41.0;
5;7353;2019-04-11 15:58:52.0;
5;7353.3;2019-04-11 15:58:53.0;
5;7353;2019-04-11 15:58:56.0;
5;7351.3;2019-04-11 15:59:02.0;
5;7351.8;2019-04-11 15:59:03.0;
5;7352.3;2019-04-11 15:59:08.0;
5;7352;2019-04-11 15:59:13.0;
5;7351.8;2019-04-11 15:59:17.0;
5;7351.2;2019-04-11 15:59:23.0;
5;7351.5;2019-04-11 15:59:27.0;
5;7350.5;2019-04-11 15:59:33.0;
5;7351;2019-04-11 15:59:37.0;
5;7350.3;2019-04-11 15:59:39.0;
5;7351.5;2019-04-11 15:59:43.0;
5;7350.3;2019-04-11 15:59:45.0;
5;7351.5;2019-04-11 15:59:46.0;
5;7353.2;2019-04-11 16:00:05.0;
5;7354.5;2019-04-11 16:00:09.0;
5;7351.8;2019-04-11 16:00:17.0;
5;7352.8;2019-04-11 16:00:29.0;
5;7352.5;2019-04-11 16:00:41.0;
5;7352.8;2019-04-11 16:00:42.0;
5;7353.2;2019-04-11 16:00:50.0;
5;7353.8;2019-04-11 16:00:58.0;
5;7353.2;2019-04-11 16:00:59.0;
5;7352.5;2019-04-11 16:01:05.0;
5;7352.8;2019-04-11 16:01:09.0;
5;7353;2019-04-11 16:01:13.0;
5;7353.5;2019-04-11 16:01:17.0;
5;7352.5;2019-04-11 16:01:22.0;
5;7353.5;2019-04-11 16:01:23.0;
5;7352.8;2019-04-11 16:01:25.0;
5;7352.5;2019-04-11 16:01:26.0;
5;7352.8;2019-04-11 16:01:28.0;
5;7352.5;2019-04-11 16:01:33.0;
5;7352.2;2019-04-11 16:01:37.0;
5;7352.3;2019-04-11 16:01:43.0;
5;7352.2;2019-04-11 16:01:46.0;
5;7352.3;2019-04-11 16:01:47.0;
5;7352.2;2019-04-11 16:01:49.0;
5;7351.8;2019-04-11 16:02:06.0;
5;7352.3;2019-04-11 16:02:09.0;
5;7352;2019-04-11 16:02:12.0;
5;7352.3;2019-04-11 16:02:13.0;
5;7352;2019-04-11 16:02:15.0;
5;7352.3;2019-04-11 16:02:21.0;
5;7353.5;2019-04-11 16:02:24.0;
5;7352.3;2019-04-11 16:02:25.0;
5;7353.5;2019-04-11 16:02:27.0;
5;7353.3;2019-04-11 16:02:29.0;
5;7352.8;2019-04-11 16:02:34.0;
5;7353.8;2019-04-11 16:02:36.0;
5;7354.2;2019-04-11 16:02:39.0;
5;7354.5;2019-04-11 16:02:47.0;
5;7354;2019-04-11 16:02:56.0;
5;7354.5;2019-04-11 16:03:00.0;
5;7355;2019-04-11 16:03:06.0;
5;7355.2;2019-04-11 16:03:11.0;
5;7356;2019-04-11 16:03:18.0;
5;7355.5;2019-04-11 16:03:24.0;
5;7356;2019-04-11 16:03:27.0;
5;7355.5;2019-04-11 16:03:28.0;
5;7356;2019-04-11 16:03:30.0;
5;7356.5;2019-04-11 16:03:32.0;
5;7356.2;2019-04-11 16:03:37.0;
5;7356.5;2019-04-11 16:03:43.0;
5;7356.2;2019-04-11 16:03:45.0;
5;7356.5;2019-04-11 16:03:46.0;
5;7356.8;2019-04-11 16:03:47.0;
5;7357.8;2019-04-11 16:04:07.0;
5;7358.5;2019-04-11 16:04:35.0;
5;7357.8;2019-04-11 16:04:41.0;
5;7357.5;2019-04-11 16:04:45.0;
5;7357.8;2019-04-11 16:04:48.0;
5;7357.5;2019-04-11 16:04:50.0;
5;7357.2;2019-04-11 16:04:51.0;
5;7358.3;2019-04-11 16:04:59.0;
5;7359.5;2019-04-11 16:05:04.0;
5;7359.2;2019-04-11 16:05:08.0;
5;7360;2019-04-11 16:05:20.0;
5;7360.3;2019-04-11 16:05:32.0;
5;7360.8;2019-04-11 16:05:37.0;
5;7361;2019-04-11 16:05:44.0;
5;7360.8;2019-04-11 16:05:48.0;
5;7359.8;2019-04-11 16:06:04.0;
5;7359.3;2019-04-11 16:06:12.0;
5;7359;2019-04-11 16:06:17.0;
5;7358.5;2019-04-11 16:06:19.0;
5;7359;2019-04-11 16:06:22.0;
5;7359.5;2019-04-11 16:06:24.0;
5;7359.2;2019-04-11 16:06:31.0;
5;7358.8;2019-04-11 16:06:35.0;
5;7358.5;2019-04-11 16:06:43.0;
5;7358.8;2019-04-11 16:06:44.0;
5;7358.5;2019-04-11 16:06:46.0;
5;7359;2019-04-11 16:06:47.0;
5;7358.8;2019-04-11 16:06:55.0;
5;7358.5;2019-04-11 16:07:03.0;
5;7358.8;2019-04-11 16:07:09.0;
5;7358.5;2019-04-11 16:07:11.0;
5;7358.2;2019-04-11 16:07:15.0;
5;7357.8;2019-04-11 16:07:20.0;
5;7357.5;2019-04-11 16:07:24.0;
5;7357.8;2019-04-11 16:07:29.0;
5;7359;2019-04-11 16:07:36.0;
5;7358.2;2019-04-11 16:07:40.0;
5;7357.8;2019-04-11 16:07:51.0;
5;7358.5;2019-04-11 16:08:05.0;
5;7359;2019-04-11 16:08:08.0;
5;7358.5;2019-04-11 16:08:17.0;
5;7358.2;2019-04-11 16:08:24.0;
5;7358.8;2019-04-11 16:08:40.0;
5;7358.5;2019-04-11 16:08:50.0;
5;7358.8;2019-04-11 16:08:52.0;
5;7358.5;2019-04-11 16:08:53.0;
5;7359.3;2019-04-11 16:08:55.0;
5;7359.8;2019-04-11 16:08:59.0;
5;7359.5;2019-04-11 16:09:03.0;
5;7359;2019-04-11 16:09:09.0;
5;7358.8;2019-04-11 16:09:11.0;
5;7359;2019-04-11 16:09:22.0;
5;7358.8;2019-04-11 16:09:28.0;
5;7359;2019-04-11 16:09:30.0;
5;7358.5;2019-04-11 16:09:31.0;
5;7358.8;2019-04-11 16:09:33.0;
5;7358.5;2019-04-11 16:09:34.0;
5;7358.8;2019-04-11 16:09:36.0;
5;7359;2019-04-11 16:09:49.0;
5;7358.2;2019-04-11 16:10:07.0;
5;7358.5;2019-04-11 16:10:09.0;
5;7358.2;2019-04-11 16:10:15.0;
5;7359.5;2019-04-11 16:10:21.0;
5;7359.3;2019-04-11 16:10:26.0;
5;7360;2019-04-11 16:10:30.0;
5;7360.3;2019-04-11 16:10:33.0;
5;7359.8;2019-04-11 16:10:40.0;
5;7360.3;2019-04-11 16:10:41.0;
5;7359.8;2019-04-11 16:10:43.0;
5;7360;2019-04-11 16:10:45.0;
5;7360.2;2019-04-11 16:10:50.0;
5;7359.8;2019-04-11 16:10:52.0;
5;7360.2;2019-04-11 16:10:53.0;
5;7359.8;2019-04-11 16:10:55.0;
5;7360.5;2019-04-11 16:10:57.0;
5;7359.8;2019-04-11 16:11:02.0;
5;7359;2019-04-11 16:11:04.0;
5;7358.5;2019-04-11 16:11:15.0;
5;7358.8;2019-04-11 16:11:22.0;
5;7359.2;2019-04-11 16:11:25.0;
5;7358.8;2019-04-11 16:11:27.0;
5;7359.2;2019-04-11 16:11:28.0;
5;7359.3;2019-04-11 16:11:30.0;
5;7359.2;2019-04-11 16:11:31.0;
5;7359.3;2019-04-11 16:11:32.0;
5;7359.2;2019-04-11 16:11:34.0;
5;7359.5;2019-04-11 16:11:35.0;
5;7359.3;2019-04-11 16:11:41.0;
5;7359.2;2019-04-11 16:11:43.0;
5;7359.3;2019-04-11 16:11:45.0;
5;7359.2;2019-04-11 16:11:46.0;
5;7359.3;2019-04-11 16:11:48.0;
5;7359.2;2019-04-11 16:11:49.0;
5;7359.3;2019-04-11 16:11:52.0;
5;7359.5;2019-04-11 16:12:14.0;
5;7359.2;2019-04-11 16:12:19.0;
5;7359.5;2019-04-11 16:12:21.0;
5;7359.2;2019-04-11 16:12:24.0;
5;7358.8;2019-04-11 16:12:27.0;
5;7358;2019-04-11 16:12:32.0;
5;7357.8;2019-04-11 16:12:35.0;
5;7357.5;2019-04-11 16:12:45.0;
5;7357;2019-04-11 16:12:48.0;
5;7357.8;2019-04-11 16:12:59.0;
5;7358.5;2019-04-11 16:13:09.0;
5;7358.2;2019-04-11 16:13:10.0;
5;7358.3;2019-04-11 16:13:17.0;
5;7358.2;2019-04-11 16:13:18.0;
5;7358.5;2019-04-11 16:13:19.0;
5;7358.8;2019-04-11 16:13:25.0;
5;7358.5;2019-04-11 16:13:33.0;
5;7358.8;2019-04-11 16:13:35.0;
5;7360.3;2019-04-11 16:13:39.0;
5;7360.2;2019-04-11 16:13:48.0;
5;7360;2019-04-11 16:14:06.0;
5;7359.5;2019-04-11 16:14:08.0;
5;7360;2019-04-11 16:14:11.0;
5;7360.3;2019-04-11 16:14:14.0;
5;7360.5;2019-04-11 16:14:20.0;
5;7361;2019-04-11 16:14:22.0;
5;7360.8;2019-04-11 16:14:29.0;
5;7361.3;2019-04-11 16:14:58.0;
5;7360.8;2019-04-11 16:15:00.0;
5;7361.3;2019-04-11 16:15:01.0;
5;7362.5;2019-04-11 16:15:08.0;
5;7362.2;2019-04-11 16:15:13.0;
5;7362.5;2019-04-11 16:15:19.0;
5;7362.2;2019-04-11 16:15:22.0;
5;7361.5;2019-04-11 16:15:30.0;
5;7361;2019-04-11 16:15:33.0;
5;7360.8;2019-04-11 16:15:36.0;
5;7360.5;2019-04-11 16:15:39.0;
5;7360.8;2019-04-11 16:15:45.0;
5;7360.5;2019-04-11 16:15:49.0;
5;7358.8;2019-04-11 16:16:06.0;
5;7358.5;2019-04-11 16:16:10.0;
5;7358.8;2019-04-11 16:16:12.0;
5;7358.3;2019-04-11 16:16:20.0;
5;7358.8;2019-04-11 16:16:21.0;
5;7358.3;2019-04-11 16:16:23.0;
5;7358.2;2019-04-11 16:16:25.0;
5;7357.8;2019-04-11 16:16:31.0;
5;7358.3;2019-04-11 16:16:40.0;
5;7359.3;2019-04-11 16:16:51.0;
5;7359.2;2019-04-11 16:16:58.0;
5;7358.8;2019-04-11 16:17:13.0;
5;7359.8;2019-04-11 16:17:19.0;
5;7360;2019-04-11 16:17:27.0;
5;7359.8;2019-04-11 16:17:35.0;
5;7360;2019-04-11 16:17:46.0;
5;7359.8;2019-04-11 16:17:47.0;
5;7360.3;2019-04-11 16:18:06.0;
5;7360.2;2019-04-11 16:18:09.0;
5;7360.8;2019-04-11 16:18:13.0;
5;7360.3;2019-04-11 16:18:21.0;
5;7360.2;2019-04-11 16:18:39.0;
5;7360.3;2019-04-11 16:18:40.0;
5;7360.2;2019-04-11 16:18:42.0;
5;7359.8;2019-04-11 16:18:43.0;
5;7360.2;2019-04-11 16:18:46.0;
5;7359.8;2019-04-11 16:18:48.0;
5;7359.5;2019-04-11 16:18:51.0;
5;7359.2;2019-04-11 16:18:55.0;
5;7359.5;2019-04-11 16:19:15.0;
5;7359.3;2019-04-11 16:19:21.0;
5;7358.8;2019-04-11 16:19:26.0;
5;7358.5;2019-04-11 16:19:27.0;
5;7358.8;2019-04-11 16:19:30.0;
5;7359;2019-04-11 16:19:31.0;
5;7358.5;2019-04-11 16:19:33.0;
5;7359;2019-04-11 16:19:34.0;
5;7358.2;2019-04-11 16:19:37.0;
5;7358.3;2019-04-11 16:19:40.0;
5;7358.2;2019-04-11 16:19:41.0;
5;7358.3;2019-04-11 16:19:44.0;
5;7357.8;2019-04-11 16:20:05.0;
5;7358.2;2019-04-11 16:20:16.0;
5;7357.8;2019-04-11 16:20:27.0;
5;7356.8;2019-04-11 16:20:33.0;
5;7357;2019-04-11 16:20:48.0;
5;7357.3;2019-04-11 16:20:53.0;
5;7357.8;2019-04-11 16:20:59.0;
5;7358.2;2019-04-11 16:21:09.0;
5;7358.8;2019-04-11 16:21:10.0;
5;7358.3;2019-04-11 16:21:19.0;
5;7358.2;2019-04-11 16:21:31.0;
5;7358.8;2019-04-11 16:21:49.0;
5;7358.5;2019-04-11 16:22:08.0;
5;7358.8;2019-04-11 16:22:09.0;
5;7358.5;2019-04-11 16:22:11.0;
5;7358.2;2019-04-11 16:22:14.0;
5;7359.2;2019-04-11 16:22:19.0;
5;7360;2019-04-11 16:22:23.0;
5;7359.8;2019-04-11 16:22:30.0;
5;7359.2;2019-04-11 16:22:31.0;
5;7359.8;2019-04-11 16:22:33.0;
5;7359.2;2019-04-11 16:22:34.0;
5;7359;2019-04-11 16:22:37.0;
5;7358.8;2019-04-11 16:22:40.0;
5;7359.5;2019-04-11 16:22:54.0;
5;7359.8;2019-04-11 16:22:55.0;
5;7359.5;2019-04-11 16:22:56.0;
5;7359.8;2019-04-11 16:22:58.0;
5;7359.2;2019-04-11 16:23:18.0;
5;7359;2019-04-11 16:23:19.0;
5;7359.2;2019-04-11 16:23:21.0;
5;7359;2019-04-11 16:23:22.0;
5;7358.8;2019-04-11 16:23:25.0;
5;7359.5;2019-04-11 16:23:32.0;
5;7359;2019-04-11 16:23:37.0;
5;7358.8;2019-04-11 16:23:38.0;
5;7359;2019-04-11 16:23:39.0;
5;7358.8;2019-04-11 16:23:41.0;
5;7357.8;2019-04-11 16:24:02.0;
5;7358.8;2019-04-11 16:24:04.0;
5;7357.8;2019-04-11 16:24:05.0;
5;7358.2;2019-04-11 16:24:17.0;
5;7357.8;2019-04-11 16:24:30.0;
5;7358.8;2019-04-11 16:24:36.0;
5;7359.2;2019-04-11 16:24:39.0;
5;7358.8;2019-04-11 16:24:41.0;
5;7359.2;2019-04-11 16:24:42.0;
5;7358.8;2019-04-11 16:24:47.0;
5;7359;2019-04-11 16:24:51.0;
5;7359.5;2019-04-11 16:24:55.0;
5;7359.3;2019-04-11 16:25:00.0;
5;7358.8;2019-04-11 16:25:04.0;
5;7359.2;2019-04-11 16:25:10.0;
5;7359.5;2019-04-11 16:25:16.0;
5;7359.3;2019-04-11 16:25:24.0;
5;7359.5;2019-04-11 16:25:26.0;
5;7359.2;2019-04-11 16:25:27.0;
5;7359.3;2019-04-11 16:25:28.0;
5;7359.2;2019-04-11 16:25:30.0;
5;7359.8;2019-04-11 16:25:35.0;
5;7359.5;2019-04-11 16:25:44.0;
5;7359.2;2019-04-11 16:26:06.0;
5;7359.8;2019-04-11 16:26:10.0;
5;7359.5;2019-04-11 16:26:19.0;
5;7360;2019-04-11 16:26:26.0;
5;7359.8;2019-04-11 16:26:28.0;
5;7360;2019-04-11 16:26:30.0;
5;7359.8;2019-04-11 16:26:33.0;
5;7360;2019-04-11 16:26:47.0;
5;7359.8;2019-04-11 16:26:54.0;
5;7360;2019-04-11 16:27:06.0;
5;7359.5;2019-04-11 16:27:11.0;
5;7359.8;2019-04-11 16:27:17.0;
5;7360.2;2019-04-11 16:27:22.0;
5;7359.8;2019-04-11 16:27:23.0;
5;7361;2019-04-11 16:27:28.0;
5;7360.8;2019-04-11 16:27:34.0;
5;7361;2019-04-11 16:27:36.0;
5;7361.5;2019-04-11 16:27:42.0;
5;7361.8;2019-04-11 16:27:44.0;
5;7362;2019-04-11 16:27:47.0;
5;7361.2;2019-04-11 16:28:05.0;
5;7362.8;2019-04-11 16:28:07.0;
5;7362.5;2019-04-11 16:28:23.0;
5;7362.2;2019-04-11 16:28:27.0;
5;7362;2019-04-11 16:28:38.0;
5;7361.8;2019-04-11 16:28:42.0;
5;7362.5;2019-04-11 16:28:43.0;
5;7362.3;2019-04-11 16:28:50.0;
5;7362.2;2019-04-11 16:28:51.0;
5;7362.3;2019-04-11 16:28:52.0;
5;7362.8;2019-04-11 16:28:55.0;
5;7362;2019-04-11 16:29:01.0;
5;7362.5;2019-04-11 16:29:08.0;
5;7362.2;2019-04-11 16:29:14.0;
5;7362;2019-04-11 16:29:15.0;
5;7362.2;2019-04-11 16:29:18.0;
5;7362;2019-04-11 16:29:19.0;
5;7362.3;2019-04-11 16:29:27.0;
5;7362;2019-04-11 16:29:30.0;
5;7362.3;2019-04-11 16:29:32.0;
5;7362.2;2019-04-11 16:29:37.0;
5;7361.8;2019-04-11 16:29:39.0;
5;7361;2019-04-11 16:30:06.0;
5;7360.2;2019-04-11 16:30:10.0;
5;7360.5;2019-04-11 16:30:14.0;
5;7360.3;2019-04-11 16:30:16.0;
5;7360;2019-04-11 16:30:19.0;
5;7359.5;2019-04-11 16:30:24.0;
5;7359;2019-04-11 16:30:29.0;
5;7358.8;2019-04-11 16:30:36.0;
5;7359;2019-04-11 16:30:37.0;
5;7358.2;2019-04-11 16:30:39.0;
5;7358;2019-04-11 16:30:45.0;
5;7357.8;2019-04-11 16:30:50.0;
5;7358.3;2019-04-11 16:30:51.0;
5;7358.8;2019-04-11 16:30:56.0;
5;7358;2019-04-11 16:30:59.0;
5;7357.8;2019-04-11 16:31:06.0;
5;7357.5;2019-04-11 16:31:09.0;
5;7356.8;2019-04-11 16:31:17.0;
5;7356.5;2019-04-11 16:31:39.0;
5;7357.2;2019-04-11 16:31:44.0;
5;7357.8;2019-04-11 16:31:49.0;
5;7357.2;2019-04-11 16:31:50.0;
5;7357.8;2019-04-11 16:31:52.0;
5;7358.3;2019-04-11 16:32:03.0;
5;7359;2019-04-11 16:32:07.0;
5;7358.3;2019-04-11 16:32:11.0;
5;7359;2019-04-11 16:32:13.0;
5;7358.3;2019-04-11 16:32:14.0;
5;7357.8;2019-04-11 16:32:16.0;
5;7358.3;2019-04-11 16:32:22.0;
5;7358;2019-04-11 16:32:23.0;
5;7358.3;2019-04-11 16:32:25.0;
5;7358;2019-04-11 16:32:26.0;
5;7357.8;2019-04-11 16:32:28.0;
5;7357.5;2019-04-11 16:32:32.0;
5;7357.3;2019-04-11 16:32:37.0;
5;7357.2;2019-04-11 16:32:44.0;
5;7356.5;2019-04-11 16:32:50.0;
5;7356;2019-04-11 16:32:52.0;
5;7356.2;2019-04-11 16:32:56.0;
5;7356;2019-04-11 16:32:59.0;
5;7355;2019-04-11 16:33:08.0;
5;7355.2;2019-04-11 16:33:17.0;
5;7355;2019-04-11 16:33:19.0;
5;7355.2;2019-04-11 16:33:20.0;
5;7355.8;2019-04-11 16:33:23.0;
5;7355.5;2019-04-11 16:33:32.0;
5;7355.8;2019-04-11 16:33:38.0;
5;7355.2;2019-04-11 16:33:42.0;
5;7356.5;2019-04-11 16:33:45.0;
5;7355.8;2019-04-11 16:33:48.0;
5;7356.8;2019-04-11 16:34:04.0;
5;7356.3;2019-04-11 16:34:13.0;
5;7356.5;2019-04-11 16:34:17.0;
5;7355.8;2019-04-11 16:34:19.0;
5;7355.5;2019-04-11 16:34:26.0;
5;7355.3;2019-04-11 16:34:31.0;
5;7356;2019-04-11 16:34:44.0;
5;7355.8;2019-04-11 16:34:49.0;
5;7356.5;2019-04-11 16:34:54.0;
5;7356;2019-04-11 16:34:55.0;
5;7356.2;2019-04-11 16:35:01.0;
5;7355.8;2019-04-11 16:35:04.0;
5;7356.2;2019-04-11 16:35:07.0;
5;7356.5;2019-04-11 16:35:11.0;
5;7356.2;2019-04-11 16:35:12.0;
5;7356.5;2019-04-11 16:35:13.0;
5;7357;2019-04-11 16:35:18.0;
5;7356.8;2019-04-11 16:35:19.0;
5;7357.2;2019-04-11 16:35:24.0;
5;7358;2019-04-11 16:35:27.0;
5;7357.8;2019-04-11 16:35:31.0;
5;7357.5;2019-04-11 16:35:36.0;
5;7358;2019-04-11 16:35:40.0;
5;7358.2;2019-04-11 16:35:44.0;
5;7357.8;2019-04-11 16:35:49.0;
5;7356.8;2019-04-11 16:36:04.0;
5;7356.3;2019-04-11 16:36:10.0;
5;7356.8;2019-04-11 16:36:11.0;
5;7356.3;2019-04-11 16:36:13.0;
5;7356.8;2019-04-11 16:36:14.0;
5;7357.2;2019-04-11 16:36:17.0;
5;7356.8;2019-04-11 16:36:21.0;
5;7357.2;2019-04-11 16:36:22.0;
5;7356.8;2019-04-11 16:36:24.0;
5;7357;2019-04-11 16:36:25.0;
5;7357.5;2019-04-11 16:36:29.0;
5;7356.8;2019-04-11 16:36:37.0;
5;7356.5;2019-04-11 16:36:43.0;
5;7357.5;2019-04-11 16:36:48.0;
5;7357.8;2019-04-11 16:36:51.0;
5;7358.5;2019-04-11 16:37:01.0;
5;7358.2;2019-04-11 16:37:03.0;
5;7358.5;2019-04-11 16:37:05.0;
5;7358.8;2019-04-11 16:37:07.0;
5;7358.2;2019-04-11 16:37:08.0;
5;7358.8;2019-04-11 16:37:10.0;
5;7358.5;2019-04-11 16:37:14.0;
5;7359;2019-04-11 16:37:17.0;
5;7357.8;2019-04-11 16:37:23.0;
5;7358.5;2019-04-11 16:37:27.0;
5;7357.8;2019-04-11 16:37:28.0;
5;7358.5;2019-04-11 16:37:29.0;
5;7359;2019-04-11 16:37:33.0;
5;7359.3;2019-04-11 16:37:37.0;
5;7359.2;2019-04-11 16:37:42.0;
5;7359.8;2019-04-11 16:37:43.0;
5;7360.5;2019-04-11 16:38:09.0;
5;7359.5;2019-04-11 16:38:12.0;
5;7359.3;2019-04-11 16:38:16.0;
5;7359.8;2019-04-11 16:38:24.0;
5;7359.5;2019-04-11 16:38:43.0;
5;7359.8;2019-04-11 16:38:44.0;
5;7359.5;2019-04-11 16:38:45.0;
5;7359.3;2019-04-11 16:38:48.0;
5;7358.8;2019-04-11 16:38:58.0;
5;7359;2019-04-11 16:39:06.0;
5;7359.3;2019-04-11 16:39:09.0;
5;7359;2019-04-11 16:39:12.0;
5;7358.8;2019-04-11 16:39:16.0;
5;7358.5;2019-04-11 16:39:21.0;
5;7358;2019-04-11 16:39:24.0;
5;7357.8;2019-04-11 16:39:29.0;
5;7357;2019-04-11 16:39:34.0;
5;7357.2;2019-04-11 16:39:45.0;
5;7357.8;2019-04-11 16:39:49.0;
5;7357.5;2019-04-11 16:40:07.0;
5;7357.8;2019-04-11 16:40:12.0;
5;7358;2019-04-11 16:40:23.0;
5;7358.3;2019-04-11 16:40:28.0;
5;7358.2;2019-04-11 16:40:31.0;
5;7359.5;2019-04-11 16:40:50.0;
5;7359.8;2019-04-11 16:40:54.0;
5;7359.2;2019-04-11 16:41:09.0;
5;7359;2019-04-11 16:41:13.0;
5;7359.3;2019-04-11 16:41:15.0;
5;7359;2019-04-11 16:41:20.0;
5;7359.5;2019-04-11 16:41:27.0;
5;7359.2;2019-04-11 16:41:29.0;
5;7360.5;2019-04-11 16:41:32.0;
5;7360.3;2019-04-11 16:41:35.0;
5;7360.5;2019-04-11 16:41:48.0;
5;7360.3;2019-04-11 16:41:50.0;
5;7360.5;2019-04-11 16:41:51.0;
5;7360.8;2019-04-11 16:42:03.0;
5;7360.5;2019-04-11 16:42:04.0;
5;7360.8;2019-04-11 16:42:07.0;
5;7361;2019-04-11 16:42:19.0;
5;7361.3;2019-04-11 16:42:22.0;
5;7362;2019-04-11 16:42:30.0;
5;7362.3;2019-04-11 16:42:31.0;
5;7363;2019-04-11 16:42:36.0;
5;7362.3;2019-04-11 16:42:37.0;
5;7362.8;2019-04-11 16:42:39.0;
5;7362.3;2019-04-11 16:42:44.0;
5;7362.5;2019-04-11 16:42:47.0;
5;7363;2019-04-11 16:42:58.0;
5;7362.8;2019-04-11 16:43:00.0;
5;7363;2019-04-11 16:43:02.0;
5;7362.8;2019-04-11 16:43:03.0;
5;7363.5;2019-04-11 16:43:07.0;
5;7362.8;2019-04-11 16:43:11.0;
5;7363;2019-04-11 16:43:16.0;
5;7362.8;2019-04-11 16:43:24.0;
5;7363;2019-04-11 16:43:25.0;
5;7362.8;2019-04-11 16:43:27.0;
5;7362.3;2019-04-11 16:43:29.0;
5;7361.8;2019-04-11 16:43:34.0;
5;7362;2019-04-11 16:43:50.0;
5;7361.8;2019-04-11 16:44:04.0;
5;7362;2019-04-11 16:44:07.0;
5;7361.8;2019-04-11 16:44:09.0;
5;7360.8;2019-04-11 16:44:11.0;
5;7360.5;2019-04-11 16:44:28.0;
5;7360.8;2019-04-11 16:44:32.0;
5;7360.5;2019-04-11 16:44:34.0;
5;7360.8;2019-04-11 16:44:35.0;
5;7360.5;2019-04-11 16:44:37.0;
5;7360.8;2019-04-11 16:44:38.0;
5;7360.5;2019-04-11 16:44:39.0;
5;7360.2;2019-04-11 16:44:42.0;
5;7360.8;2019-04-11 16:44:47.0;
5;7360.2;2019-04-11 16:44:49.0;
5;7359.8;2019-04-11 16:44:53.0;
5;7359.2;2019-04-11 16:45:02.0;
5;7359.5;2019-04-11 16:45:07.0;
5;7360;2019-04-11 16:45:11.0;
5;7360.5;2019-04-11 16:45:17.0;
5;7360;2019-04-11 16:45:18.0;
5;7360.8;2019-04-11 16:45:20.0;
5;7361;2019-04-11 16:45:23.0;
5;7360.8;2019-04-11 16:45:24.0;
5;7361;2019-04-11 16:45:26.0;
5;7361.2;2019-04-11 16:45:28.0;
5;7361.8;2019-04-11 16:45:31.0;
5;7361.2;2019-04-11 16:45:33.0;
5;7361.8;2019-04-11 16:45:34.0;
5;7361.3;2019-04-11 16:45:42.0;
5;7361.8;2019-04-11 16:45:48.0;
5;7361.2;2019-04-11 16:46:09.0;
5;7361;2019-04-11 16:46:13.0;
5;7362;2019-04-11 16:46:21.0;
5;7361.8;2019-04-11 16:46:27.0;
5;7361.2;2019-04-11 16:46:36.0;
5;7362.2;2019-04-11 16:46:41.0;
5;7361.2;2019-04-11 16:46:45.0;
5;7361.3;2019-04-11 16:46:47.0;
5;7361.8;2019-04-11 16:46:51.0;
5;7361.2;2019-04-11 16:47:03.0;
5;7361.8;2019-04-11 16:47:06.0;
5;7361.2;2019-04-11 16:47:07.0;
5;7361;2019-04-11 16:47:09.0;
5;7360.8;2019-04-11 16:47:10.0;
5;7361;2019-04-11 16:47:12.0;
5;7360.8;2019-04-11 16:47:13.0;
5;7360.3;2019-04-11 16:47:15.0;
5;7360.5;2019-04-11 16:47:22.0;
5;7360.8;2019-04-11 16:47:27.0;
5;7360.5;2019-04-11 16:47:38.0;
5;7359.3;2019-04-11 16:48:02.0;
5;7360.3;2019-04-11 16:48:06.0;
5;7359.3;2019-04-11 16:48:07.0;
5;7360.3;2019-04-11 16:48:09.0;
5;7360.2;2019-04-11 16:48:10.0;
5;7360.8;2019-04-11 16:48:19.0;
5;7360.2;2019-04-11 16:48:22.0;
5;7360.3;2019-04-11 16:48:23.0;
5;7360;2019-04-11 16:48:32.0;
5;7360.2;2019-04-11 16:48:38.0;
5;7360.3;2019-04-11 16:48:46.0;
5;7360;2019-04-11 16:48:53.0;
5;7359.8;2019-04-11 16:48:54.0;
5;7360;2019-04-11 16:48:57.0;
5;7359.8;2019-04-11 16:48:59.0;
5;7360.3;2019-04-11 16:49:03.0;
5;7360.8;2019-04-11 16:49:10.0;
5;7360;2019-04-11 16:49:22.0;
5;7360.2;2019-04-11 16:49:25.0;
5;7360.5;2019-04-11 16:49:26.0;
5;7360;2019-04-11 16:49:30.0;
5;7359.8;2019-04-11 16:49:39.0;
5;7360.3;2019-04-11 16:49:50.0;
5;7360.8;2019-04-11 16:50:04.0;
5;7361.3;2019-04-11 16:50:08.0;
5;7362.3;2019-04-11 16:50:16.0;
5;7362.8;2019-04-11 16:50:22.0;
5;7363;2019-04-11 16:50:40.0;
5;7362.8;2019-04-11 16:50:42.0;
5;7362.3;2019-04-11 16:50:44.0;
5;7362.2;2019-04-11 16:50:47.0;
5;7362.3;2019-04-11 16:50:49.0;
5;7362.2;2019-04-11 16:50:50.0;
5;7362;2019-04-11 16:50:52.0;
5;7362.8;2019-04-11 16:50:55.0;
5;7362.2;2019-04-11 16:51:02.0;
5;7362.8;2019-04-11 16:51:04.0;
5;7362.2;2019-04-11 16:51:06.0;
5;7362;2019-04-11 16:51:08.0;
5;7362.2;2019-04-11 16:51:11.0;
5;7363;2019-04-11 16:51:17.0;
5;7362;2019-04-11 16:51:23.0;
5;7362.3;2019-04-11 16:51:30.0;
5;7362.2;2019-04-11 16:51:33.0;
5;7362.3;2019-04-11 16:51:34.0;
5;7362.2;2019-04-11 16:51:35.0;
5;7362;2019-04-11 16:51:37.0;
5;7362.2;2019-04-11 16:51:40.0;
5;7362;2019-04-11 16:51:46.0;
5;7362.5;2019-04-11 16:51:48.0;
5;7362.3;2019-04-11 16:52:04.0;
5;7363;2019-04-11 16:52:24.0;
5;7362;2019-04-11 16:52:25.0;
5;7362.5;2019-04-11 16:52:28.0;
5;7362;2019-04-11 16:52:30.0;
5;7362.5;2019-04-11 16:52:31.0;
5;7362;2019-04-11 16:52:32.0;
5;7361.8;2019-04-11 16:52:37.0;
5;7362.5;2019-04-11 16:52:43.0;
5;7361.8;2019-04-11 16:52:44.0;
5;7362.5;2019-04-11 16:52:46.0;
5;7362.3;2019-04-11 16:52:47.0;
5;7363;2019-04-11 16:53:00.0;
5;7362.8;2019-04-11 16:53:05.0;
5;7362.2;2019-04-11 16:53:20.0;
5;7361.8;2019-04-11 16:53:35.0;
5;7362.2;2019-04-11 16:53:36.0;
5;7361.8;2019-04-11 16:53:37.0;
5;7362;2019-04-11 16:54:03.0;
5;7362.2;2019-04-11 16:54:09.0;
5;7362.3;2019-04-11 16:54:23.0;
5;7362;2019-04-11 16:54:35.0;
5;7361.8;2019-04-11 16:54:37.0;
5;7361;2019-04-11 16:54:47.0;
5;7359.8;2019-04-11 16:54:52.0;
5;7359.5;2019-04-11 16:55:02.0;
5;7359;2019-04-11 16:55:04.0;
5;7359.5;2019-04-11 16:55:06.0;
5;7359;2019-04-11 16:55:07.0;
5;7359.2;2019-04-11 16:55:13.0;
5;7359.3;2019-04-11 16:55:15.0;
5;7359.2;2019-04-11 16:55:17.0;
5;7359.3;2019-04-11 16:55:18.0;
5;7359;2019-04-11 16:55:20.0;
5;7358.8;2019-04-11 16:55:27.0;
5;7358.2;2019-04-11 16:55:40.0;
5;7358.8;2019-04-11 16:55:50.0;
5;7359.5;2019-04-11 16:55:52.0;
5;7358.8;2019-04-11 16:56:06.0;
5;7359.2;2019-04-11 16:56:14.0;
5;7359;2019-04-11 16:56:17.0;
5;7358.8;2019-04-11 16:56:24.0;
5;7358.5;2019-04-11 16:56:27.0;
5;7357.2;2019-04-11 16:56:39.0;
5;7357;2019-04-11 16:56:46.0;
5;7357.5;2019-04-11 16:56:47.0;
5;7357;2019-04-11 16:56:49.0;
5;7357.5;2019-04-11 16:56:50.0;
5;7357.2;2019-04-11 16:56:53.0;
5;7358;2019-04-11 16:56:58.0;
5;7357.5;2019-04-11 16:57:00.0;
5;7358;2019-04-11 16:57:04.0;
5;7357.8;2019-04-11 16:57:13.0;
5;7358;2019-04-11 16:57:14.0;
5;7358.5;2019-04-11 16:57:16.0;
5;7358.2;2019-04-11 16:57:21.0;
5;7357.5;2019-04-11 16:57:26.0;
5;7358.3;2019-04-11 16:57:28.0;
5;7357.5;2019-04-11 16:57:29.0;
5;7358;2019-04-11 16:57:33.0;
5;7357.5;2019-04-11 16:57:35.0;
5;7358;2019-04-11 16:57:37.0;
5;7359.2;2019-04-11 16:57:38.0;
5;7359;2019-04-11 16:57:40.0;
5;7360;2019-04-11 16:57:44.0;
5;7359.5;2019-04-11 16:57:48.0;
5;7360;2019-04-11 16:57:49.0;
5;7359.5;2019-04-11 16:57:51.0;
5;7360.8;2019-04-11 16:58:04.0;
5;7360.5;2019-04-11 16:58:08.0;
5;7360.8;2019-04-11 16:58:12.0;
5;7360.5;2019-04-11 16:58:13.0;
5;7360.8;2019-04-11 16:58:16.0;
5;7361.5;2019-04-11 16:58:30.0;
5;7361.3;2019-04-11 16:58:32.0;
5;7361.5;2019-04-11 16:58:40.0;
5;7360.5;2019-04-11 16:58:43.0;
5;7361.5;2019-04-11 16:58:44.0;
5;7360.5;2019-04-11 16:58:45.0;
5;7360.2;2019-04-11 16:58:50.0;
5;7360;2019-04-11 16:58:58.0;
5;7360.3;2019-04-11 16:59:00.0;
5;7360.5;2019-04-11 16:59:12.0;
5;7361;2019-04-11 16:59:31.0;
5;7361.5;2019-04-11 16:59:35.0;
5;7361;2019-04-11 16:59:37.0;
5;7361.5;2019-04-11 16:59:38.0;
5;7361.2;2019-04-11 16:59:43.0;
5;7361.8;2019-04-11 16:59:50.0;
5;7361;2019-04-11 17:00:09.0;
5;7361.2;2019-04-11 17:00:15.0;
5;7362;2019-04-11 17:00:21.0;
5;7361.2;2019-04-11 17:00:23.0;
5;7362;2019-04-11 17:00:24.0;
5;7362.2;2019-04-11 17:00:29.0;
5;7362.3;2019-04-11 17:00:38.0;
5;7363;2019-04-11 17:00:41.0;
5;7362.5;2019-04-11 17:00:48.0;
5;7362.8;2019-04-11 17:00:55.0;
5;7362.5;2019-04-11 17:00:58.0;
5;7363.5;2019-04-11 17:01:05.0;
5;7363.2;2019-04-11 17:01:12.0;
5;7362.8;2019-04-11 17:01:15.0;
5;7363.2;2019-04-11 17:01:17.0;
5;7362.8;2019-04-11 17:01:18.0;
5;7363.2;2019-04-11 17:01:20.0;
5;7363.5;2019-04-11 17:01:30.0;
5;7364;2019-04-11 17:01:33.0;
5;7363.8;2019-04-11 17:01:39.0;
5;7363.5;2019-04-11 17:01:48.0;
5;7363.2;2019-04-11 17:02:03.0;
5;7363.5;2019-04-11 17:02:09.0;
5;7363.2;2019-04-11 17:02:18.0;
5;7362.8;2019-04-11 17:02:23.0;
5;7363;2019-04-11 17:02:29.0;
5;7362.8;2019-04-11 17:02:31.0;
5;7363.5;2019-04-11 17:02:32.0;
5;7363;2019-04-11 17:02:36.0;
5;7362.8;2019-04-11 17:02:42.0;
5;7362.5;2019-04-11 17:02:59.0;
5;7362.8;2019-04-11 17:03:13.0;
5;7363;2019-04-11 17:03:19.0;
5;7362.8;2019-04-11 17:03:28.0;
5;7361.5;2019-04-11 17:03:34.0;
5;7361.2;2019-04-11 17:03:35.0;
5;7361;2019-04-11 17:03:40.0;
5;7362;2019-04-11 17:03:43.0;
5;7361;2019-04-11 17:03:44.0;
5;7362;2019-04-11 17:03:46.0;
5;7361.8;2019-04-11 17:03:47.0;
5;7362;2019-04-11 17:03:50.0;
5;7361.8;2019-04-11 17:03:51.0;
5;7362.8;2019-04-11 17:04:05.0;
5;7362.5;2019-04-11 17:04:10.0;
5;7363.2;2019-04-11 17:04:15.0;
5;7362.8;2019-04-11 17:04:18.0;
5;7363.2;2019-04-11 17:04:20.0;
5;7362.8;2019-04-11 17:04:21.0;
5;7363;2019-04-11 17:04:31.0;
5;7362.8;2019-04-11 17:04:34.0;
5;7363;2019-04-11 17:04:35.0;
5;7362.8;2019-04-11 17:04:38.0;
5;7363;2019-04-11 17:04:39.0;
5;7363.2;2019-04-11 17:04:44.0;
5;7363;2019-04-11 17:04:49.0;
5;7362.8;2019-04-11 17:04:52.0;
5;7363;2019-04-11 17:04:53.0;
5;7362.8;2019-04-11 17:04:55.0;
5;7364;2019-04-11 17:04:58.0;
5;7363.8;2019-04-11 17:05:03.0;
5;7363.2;2019-04-11 17:05:08.0;
5;7362.8;2019-04-11 17:05:13.0;
5;7362.3;2019-04-11 17:05:17.0;
5;7362.2;2019-04-11 17:05:23.0;
5;7361.5;2019-04-11 17:05:30.0;
5;7361.2;2019-04-11 17:05:32.0;
5;7361.5;2019-04-11 17:05:36.0;
5;7361.8;2019-04-11 17:05:40.0;
5;7361.5;2019-04-11 17:05:42.0;
5;7360.8;2019-04-11 17:05:49.0;
5;7362.3;2019-04-11 17:06:03.0;
5;7360.8;2019-04-11 17:06:05.0;
5;7362.3;2019-04-11 17:06:06.0;
5;7362;2019-04-11 17:06:08.0;
5;7362.2;2019-04-11 17:06:11.0;
5;7362.5;2019-04-11 17:06:15.0;
5;7362.8;2019-04-11 17:06:21.0;
5;7362.5;2019-04-11 17:06:29.0;
5;7362;2019-04-11 17:06:34.0;
5;7362.2;2019-04-11 17:06:35.0;
5;7362;2019-04-11 17:06:38.0;
5;7362.2;2019-04-11 17:06:44.0;
5;7363.5;2019-04-11 17:06:48.0;
5;7362.2;2019-04-11 17:06:50.0;
5;7363.5;2019-04-11 17:06:51.0;
5;7363;2019-04-11 17:06:53.0;
5;7363.5;2019-04-11 17:06:55.0;
5;7363;2019-04-11 17:06:56.0;
5;7362.2;2019-04-11 17:07:01.0;
5;7363;2019-04-11 17:07:03.0;
5;7362.8;2019-04-11 17:07:09.0;
5;7362.3;2019-04-11 17:07:16.0;
5;7362.5;2019-04-11 17:07:22.0;
5;7362.8;2019-04-11 17:07:23.0;
5;7362.5;2019-04-11 17:07:26.0;
5;7362.8;2019-04-11 17:07:28.0;
5;7362.2;2019-04-11 17:07:31.0;
5;7361.8;2019-04-11 17:07:37.0;
5;7361.5;2019-04-11 17:07:47.0;
5;7360.8;2019-04-11 17:08:03.0;
5;7361.5;2019-04-11 17:08:04.0;
5;7360.8;2019-04-11 17:08:06.0;
5;7360.5;2019-04-11 17:08:14.0;
5;7360.8;2019-04-11 17:08:20.0;
5;7361.2;2019-04-11 17:08:23.0;
5;7360.8;2019-04-11 17:08:45.0;
5;7361;2019-04-11 17:08:56.0;
5;7360.8;2019-04-11 17:09:01.0;
5;7361.5;2019-04-11 17:09:13.0;
5;7360.8;2019-04-11 17:09:14.0;
5;7361;2019-04-11 17:09:16.0;
5;7361.2;2019-04-11 17:09:22.0;
5;7362;2019-04-11 17:09:23.0;
5;7361.8;2019-04-11 17:09:31.0;
5;7361.3;2019-04-11 17:09:33.0;
5;7361;2019-04-11 17:09:39.0;
5;7360.8;2019-04-11 17:09:42.0;
5;7361.3;2019-04-11 17:10:03.0;
5;7361;2019-04-11 17:10:12.0;
5;7360.5;2019-04-11 17:10:28.0;
5;7360.8;2019-04-11 17:10:36.0;
5;7360.2;2019-04-11 17:10:40.0;
5;7360;2019-04-11 17:10:53.0;
5;7359.8;2019-04-11 17:10:56.0;
5;7359.5;2019-04-11 17:11:01.0;
5;7359.2;2019-04-11 17:11:13.0;
5;7359.8;2019-04-11 17:11:16.0;
5;7359.3;2019-04-11 17:11:29.0;
5;7359.8;2019-04-11 17:11:31.0;
5;7359.3;2019-04-11 17:11:32.0;
5;7359.8;2019-04-11 17:11:34.0;
5;7360;2019-04-11 17:11:35.0;
5;7359.8;2019-04-11 17:11:36.0;
5;7360;2019-04-11 17:11:38.0;
5;7359.8;2019-04-11 17:11:40.0;
5;7359.5;2019-04-11 17:11:45.0;
5;7359.8;2019-04-11 17:11:48.0;
5;7359.5;2019-04-11 17:12:21.0;
5;7359.8;2019-04-11 17:12:22.0;
5;7359.5;2019-04-11 17:12:24.0;
5;7359.8;2019-04-11 17:12:30.0;
5;7360.2;2019-04-11 17:12:34.0;
5;7360;2019-04-11 17:12:36.0;
5;7360.2;2019-04-11 17:12:37.0;
5;7360;2019-04-11 17:12:40.0;
5;7360.2;2019-04-11 17:12:44.0;
5;7360.8;2019-04-11 17:12:50.0;
5;7361.3;2019-04-11 17:12:52.0;
5;7360.8;2019-04-11 17:12:54.0;
5;7361.3;2019-04-11 17:12:56.0;
5;7361.8;2019-04-11 17:13:00.0;
5;7362;2019-04-11 17:13:04.0;
5;7361.8;2019-04-11 17:13:12.0;
5;7361.2;2019-04-11 17:13:36.0;
5;7361.5;2019-04-11 17:13:40.0;
5;7361.2;2019-04-11 17:13:42.0;
5;7361.5;2019-04-11 17:13:44.0;
5;7361.3;2019-04-11 17:13:45.0;
5;7362.2;2019-04-11 17:14:04.0;
5;7361.3;2019-04-11 17:14:05.0;
5;7362.2;2019-04-11 17:14:06.0;
5;7362;2019-04-11 17:14:08.0;
5;7362.2;2019-04-11 17:14:11.0;
5;7362;2019-04-11 17:14:15.0;
5;7361.8;2019-04-11 17:14:21.0;
5;7362;2019-04-11 17:14:26.0;
5;7361.8;2019-04-11 17:14:28.0;
5;7362.3;2019-04-11 17:14:40.0;
5;7362.2;2019-04-11 17:14:44.0;
5;7363.2;2019-04-11 17:14:53.0;
5;7363.3;2019-04-11 17:15:01.0;
5;7363.8;2019-04-11 17:15:03.0;
5;7363.3;2019-04-11 17:15:08.0;
5;7363.2;2019-04-11 17:15:16.0;
5;7363.8;2019-04-11 17:15:24.0;
5;7363.2;2019-04-11 17:15:26.0;
5;7363.8;2019-04-11 17:15:27.0;
5;7364.2;2019-04-11 17:15:29.0;
5;7364.3;2019-04-11 17:15:31.0;
5;7364.2;2019-04-11 17:15:33.0;
5;7364.3;2019-04-11 17:15:35.0;
5;7364.5;2019-04-11 17:15:36.0;
5;7364.3;2019-04-11 17:15:37.0;
5;7364.5;2019-04-11 17:15:39.0;
5;7364.3;2019-04-11 17:15:40.0;
5;7364;2019-04-11 17:15:46.0;
5;7363.3;2019-04-11 17:15:48.0;
5;7364;2019-04-11 17:15:49.0;
5;7363.3;2019-04-11 17:15:51.0;
5;7363.5;2019-04-11 17:16:07.0;
5;7362.8;2019-04-11 17:16:09.0;
5;7363;2019-04-11 17:16:13.0;
5;7362.8;2019-04-11 17:16:16.0;
5;7363;2019-04-11 17:16:17.0;
5;7362.8;2019-04-11 17:16:18.0;
5;7362.5;2019-04-11 17:16:35.0;
5;7363;2019-04-11 17:16:41.0;
5;7363.5;2019-04-11 17:16:44.0;
5;7363;2019-04-11 17:16:45.0;
5;7363.5;2019-04-11 17:16:47.0;
5;7363.2;2019-04-11 17:16:48.0;
5;7363.3;2019-04-11 17:16:51.0;
5;7362.8;2019-04-11 17:16:57.0;
5;7363.3;2019-04-11 17:16:59.0;
5;7362.8;2019-04-11 17:17:00.0;
5;7362.5;2019-04-11 17:17:08.0;
5;7363;2019-04-11 17:17:10.0;
5;7362.5;2019-04-11 17:17:15.0;
5;7363;2019-04-11 17:17:16.0;
5;7362.5;2019-04-11 17:17:18.0;
5;7362.3;2019-04-11 17:17:20.0;
5;7362.5;2019-04-11 17:17:31.0;
5;7362;2019-04-11 17:17:38.0;
5;7362.2;2019-04-11 17:17:44.0;
5;7362.3;2019-04-11 17:17:47.0;
5;7361.2;2019-04-11 17:18:07.0;
5;7361.8;2019-04-11 17:18:11.0;
5;7362;2019-04-11 17:18:24.0;
5;7361.8;2019-04-11 17:18:28.0;
5;7361;2019-04-11 17:18:30.0;
5;7361.2;2019-04-11 17:18:38.0;
5;7360.5;2019-04-11 17:18:49.0;
5;7360.3;2019-04-11 17:18:51.0;
5;7360.2;2019-04-11 17:18:55.0;
5;7360.3;2019-04-11 17:18:57.0;
5;7359.8;2019-04-11 17:18:58.0;
5;7360;2019-04-11 17:19:04.0;
5;7359.8;2019-04-11 17:19:09.0;
5;7360.5;2019-04-11 17:19:13.0;
5;7360.3;2019-04-11 17:19:17.0;
5;7360.8;2019-04-11 17:19:20.0;
5;7361.2;2019-04-11 17:19:35.0;
5;7361;2019-04-11 17:19:41.0;
5;7360.8;2019-04-11 17:19:42.0;
5;7361;2019-04-11 17:19:45.0;
5;7360.8;2019-04-11 17:19:46.0;
5;7361;2019-04-11 17:20:04.0;
5;7360.5;2019-04-11 17:20:09.0;
5;7360.2;2019-04-11 17:20:12.0;
5;7360.5;2019-04-11 17:20:16.0;
5;7360.8;2019-04-11 17:20:20.0;
5;7361.5;2019-04-11 17:20:32.0;
5;7361.3;2019-04-11 17:20:35.0;
5;7362;2019-04-11 17:20:41.0;
5;7361.8;2019-04-11 17:20:46.0;
5;7361.3;2019-04-11 17:21:04.0;
5;7361.2;2019-04-11 17:21:15.0;
5;7361.5;2019-04-11 17:21:26.0;
5;7361.3;2019-04-11 17:21:29.0;
5;7361;2019-04-11 17:21:44.0;
5;7361.3;2019-04-11 17:21:50.0;
5;7361.2;2019-04-11 17:22:05.0;
5;7361;2019-04-11 17:22:08.0;
5;7361.2;2019-04-11 17:22:12.0;
5;7361;2019-04-11 17:22:14.0;
5;7361.2;2019-04-11 17:22:15.0;
5;7360.8;2019-04-11 17:22:20.0;
5;7361.5;2019-04-11 17:23:13.0;
5;7361.2;2019-04-11 17:23:14.0;
5;7361.5;2019-04-11 17:23:16.0;
5;7361.2;2019-04-11 17:23:23.0;
5;7361.8;2019-04-11 17:23:30.0;
5;7362.5;2019-04-11 17:23:35.0;
5;7362;2019-04-11 17:23:40.0;
5;7361.8;2019-04-11 17:23:42.0;
5;7362;2019-04-11 17:23:49.0;
5;7361.8;2019-04-11 17:24:12.0;
5;7362.2;2019-04-11 17:24:18.0;
5;7362;2019-04-11 17:24:23.0;
5;7361.8;2019-04-11 17:24:29.0;
5;7361.3;2019-04-11 17:24:32.0;
5;7361.8;2019-04-11 17:24:33.0;
5;7361.3;2019-04-11 17:24:35.0;
5;7361;2019-04-11 17:24:41.0;
5;7360.8;2019-04-11 17:24:43.0;
5;7360.3;2019-04-11 17:24:57.0;
5;7360;2019-04-11 17:25:07.0;
5;7359.8;2019-04-11 17:25:08.0;
5;7359.2;2019-04-11 17:25:11.0;
5;7358.8;2019-04-11 17:25:16.0;
5;7360.3;2019-04-11 17:26:03.0;
5;7359.8;2019-04-11 17:26:10.0;
5;7360.2;2019-04-11 17:26:19.0;
5;7360.8;2019-04-11 17:26:26.0;
5;7361;2019-04-11 17:26:31.0;
5;7360.8;2019-04-11 17:26:39.0;
5;7361.2;2019-04-11 17:26:45.0;
5;7361;2019-04-11 17:26:50.0;
5;7361.3;2019-04-11 17:27:00.0;
5;7360.8;2019-04-11 17:27:09.0;
5;7361.3;2019-04-11 17:27:10.0;
5;7361;2019-04-11 17:27:11.0;
5;7360.8;2019-04-11 17:27:24.0;
5;7361;2019-04-11 17:27:25.0;
5;7360.5;2019-04-11 17:27:27.0;
5;7360.3;2019-04-11 17:27:33.0;
5;7360.2;2019-04-11 17:27:38.0;
5;7359.8;2019-04-11 17:27:40.0;
5;7358.8;2019-04-11 17:28:04.0;
5;7358.5;2019-04-11 17:28:16.0;
5;7358.8;2019-04-11 17:28:19.0;
5;7358.5;2019-04-11 17:28:20.0;
5;7358.8;2019-04-11 17:28:22.0;
5;7358.5;2019-04-11 17:28:31.0;
5;7358.8;2019-04-11 17:28:34.0;
5;7361;2019-04-11 17:28:42.0;
5;7360.5;2019-04-11 17:28:47.0;
5;7360.3;2019-04-11 17:28:52.0;
5;7360.2;2019-04-11 17:28:55.0;
5;7360.3;2019-04-11 17:28:57.0;
5;7360.2;2019-04-11 17:28:58.0;
5;7362;2019-04-11 17:29:03.0;
5;7360.2;2019-04-11 17:29:04.0;
5;7362;2019-04-11 17:29:06.0;
5;7362.8;2019-04-11 17:29:08.0;
5;7363.3;2019-04-11 17:29:13.0;
5;7363.5;2019-04-11 17:29:18.0;
5;7363.8;2019-04-11 17:29:23.0;
5;7361.8;2019-04-11 17:30:04.0;
5;7361.5;2019-04-11 17:30:13.0;
5;7361;2019-04-11 17:30:15.0;
5;7361.5;2019-04-11 17:30:17.0;
5;7360.3;2019-04-11 17:30:18.0;
5;7360;2019-04-11 17:30:25.0;
5;7359.5;2019-04-11 17:30:30.0;
5;7358.8;2019-04-11 17:30:32.0;
5;7357.8;2019-04-11 17:30:36.0;
5;7358.8;2019-04-11 17:30:40.0;
5;7357.8;2019-04-11 17:30:41.0;
5;7358.8;2019-04-11 17:30:42.0;
5;7358;2019-04-11 17:30:48.0;
5;7357.5;2019-04-11 17:30:53.0;
5;7357.2;2019-04-11 17:30:56.0;
5;7357.8;2019-04-11 17:31:02.0;
5;7357.3;2019-04-11 17:31:04.0;
5;7357.5;2019-04-11 17:31:09.0;
5;7356.2;2019-04-11 17:31:16.0;
5;7356.8;2019-04-11 17:31:19.0;
5;7358.5;2019-04-11 17:31:27.0;
5;7357.8;2019-04-11 17:31:29.0;
5;7358.2;2019-04-11 17:31:37.0;
5;7358.5;2019-04-11 17:31:49.0;
5;7358.8;2019-04-11 17:32:04.0;
5;7359.3;2019-04-11 17:32:08.0;
5;7358.5;2019-04-11 17:32:18.0;
5;7358.3;2019-04-11 17:32:19.0;
5;7358.5;2019-04-11 17:32:20.0;
5;7358.3;2019-04-11 17:32:22.0;
5;7359;2019-04-11 17:32:30.0;
5;7357.8;2019-04-11 17:32:31.0;
5;7359;2019-04-11 17:32:34.0;
5;7358;2019-04-11 17:32:35.0;
5;7357.3;2019-04-11 17:32:40.0;
5;7358.5;2019-04-11 17:32:45.0;
5;7357.3;2019-04-11 17:32:47.0;
5;7358.3;2019-04-11 17:32:48.0;
5;7357.5;2019-04-11 17:32:51.0;
5;7358.3;2019-04-11 17:32:54.0;
5;7357;2019-04-11 17:32:56.0;
5;7358;2019-04-11 17:33:01.0;
5;7358.2;2019-04-11 17:33:03.0;
5;7358.5;2019-04-11 17:33:07.0;
5;7358.2;2019-04-11 17:33:12.0;
5;7358.5;2019-04-11 17:33:13.0;
5;7358.2;2019-04-11 17:33:15.0;
5;7360;2019-04-11 17:33:23.0;
5;7359.8;2019-04-11 17:33:27.0;
5;7359.2;2019-04-11 17:33:32.0;
5;7359.8;2019-04-11 17:33:35.0;
5;7360.3;2019-04-11 17:33:44.0;
5;7360.8;2019-04-11 17:33:49.0;
5;7361.3;2019-04-11 17:34:08.0;
5;7360.8;2019-04-11 17:34:16.0;
5;7361.5;2019-04-11 17:34:34.0;
5;7361.3;2019-04-11 17:34:37.0;
5;7361.8;2019-04-11 17:34:40.0;
5;7361.3;2019-04-11 17:34:41.0;
5;7361.8;2019-04-11 17:34:43.0;
5;7361.5;2019-04-11 17:34:47.0;
5;7361.8;2019-04-11 17:34:48.0;
5;7361.5;2019-04-11 17:34:50.0;
5;7361.2;2019-04-11 17:34:53.0;
5;7361.3;2019-04-11 17:34:54.0;
5;7361.8;2019-04-11 17:35:00.0;
5;7362.5;2019-04-11 17:35:07.0;
5;7362.3;2019-04-11 17:35:12.0;
5;7362.5;2019-04-11 17:35:13.0;
5;7362.3;2019-04-11 17:35:15.0;
5;7362.2;2019-04-11 17:35:16.0;
5;7362.3;2019-04-11 17:35:19.0;
5;7362.8;2019-04-11 17:35:21.0;
5;7361.8;2019-04-11 17:35:22.0;
5;7362.8;2019-04-11 17:35:24.0;
5;7361.8;2019-04-11 17:35:27.0;
5;7361.5;2019-04-11 17:35:31.0;
5;7363;2019-04-11 17:35:37.0;
5;7362.2;2019-04-11 17:35:48.0;
5;7363;2019-04-11 17:35:50.0;
5;7362.2;2019-04-11 17:35:51.0;
5;7363.8;2019-04-11 17:36:04.0;
5;7363.5;2019-04-11 17:36:06.0;
5;7363.8;2019-04-11 17:36:10.0;
5;7364;2019-04-11 17:36:32.0;
5;7363.5;2019-04-11 17:36:38.0;
5;7364;2019-04-11 17:36:41.0;
5;7363.5;2019-04-11 17:36:43.0;
5;7363;2019-04-11 17:36:44.0;
5;7363.2;2019-04-11 17:36:50.0;
5;7364;2019-04-11 17:37:01.0;
5;7363.2;2019-04-11 17:37:04.0;
5;7363.3;2019-04-11 17:37:06.0;
5;7363.8;2019-04-11 17:37:10.0;
5;7363.2;2019-04-11 17:37:14.0;
5;7364;2019-04-11 17:37:19.0;
5;7364.5;2019-04-11 17:37:25.0;
5;7364.2;2019-04-11 17:37:26.0;
5;7364.5;2019-04-11 17:37:27.0;
5;7364;2019-04-11 17:37:30.0;
5;7363.8;2019-04-11 17:37:38.0;
5;7363.2;2019-04-11 17:37:51.0;
5;7364.5;2019-04-11 17:38:04.0;
5;7364.8;2019-04-11 17:38:08.0;
5;7363.8;2019-04-11 17:38:15.0;
5;7364.2;2019-04-11 17:38:20.0;
5;7363.8;2019-04-11 17:38:21.0;
5;7364.2;2019-04-11 17:38:23.0;
5;7363.8;2019-04-11 17:38:26.0;
5;7363.3;2019-04-11 17:38:32.0;
5;7363.8;2019-04-11 17:38:33.0;
5;7363.3;2019-04-11 17:38:34.0;
5;7362.8;2019-04-11 17:38:37.0;
5;7362.5;2019-04-11 17:39:09.0;
5;7362.2;2019-04-11 17:39:12.0;
5;7362.5;2019-04-11 17:39:13.0;
5;7362.2;2019-04-11 17:39:15.0;
5;7361.8;2019-04-11 17:39:20.0;
5;7361.2;2019-04-11 17:39:27.0;
5;7361;2019-04-11 17:39:31.0;
5;7361.2;2019-04-11 17:39:37.0;
5;7361.3;2019-04-11 17:39:46.0;
5;7361;2019-04-11 17:39:47.0;
5;7361.3;2019-04-11 17:39:48.0;
5;7361;2019-04-11 17:39:50.0;
5;7360.2;2019-04-11 17:40:04.0;
5;7357.2;2019-04-11 17:40:10.0;
5;7356.5;2019-04-11 17:40:11.0;
5;7358.5;2019-04-11 17:40:18.0;
5;7357.8;2019-04-11 17:40:23.0;
5;7358.5;2019-04-11 17:40:24.0;
5;7357.8;2019-04-11 17:40:26.0;
5;7357.5;2019-04-11 17:40:27.0;
5;7355.8;2019-04-11 17:40:30.0;
5;7355;2019-04-11 17:40:36.0;
5;7354.5;2019-04-11 17:40:39.0;
5;7354.2;2019-04-11 17:40:44.0;
5;7354.8;2019-04-11 17:40:46.0;
5;7355.2;2019-04-11 17:40:52.0;
5;7355.5;2019-04-11 17:40:55.0;
5;7355;2019-04-11 17:41:00.0;
5;7352.3;2019-04-11 17:41:03.0;
5;7355;2019-04-11 17:41:05.0;
5;7352.3;2019-04-11 17:41:06.0;
5;7353.8;2019-04-11 17:41:08.0;
5;7353.2;2019-04-11 17:41:11.0;
5;7354;2019-04-11 17:41:18.0;
5;7354.8;2019-04-11 17:41:27.0;
5;7355.8;2019-04-11 17:41:34.0;
5;7357.2;2019-04-11 17:41:40.0;
5;7356.5;2019-04-11 17:41:44.0;
5;7357;2019-04-11 17:41:48.0;
5;7357.2;2019-04-11 17:42:03.0;
5;7357.3;2019-04-11 17:42:09.0;
5;7357.2;2019-04-11 17:42:10.0;
5;7357.5;2019-04-11 17:42:12.0;
5;7357.3;2019-04-11 17:42:15.0;
5;7356.8;2019-04-11 17:42:19.0;
5;7355.8;2019-04-11 17:42:27.0;
5;7356;2019-04-11 17:42:29.0;
5;7356.3;2019-04-11 17:42:32.0;
5;7356;2019-04-11 17:42:33.0;
5;7356.3;2019-04-11 17:42:35.0;
5;7356.5;2019-04-11 17:42:36.0;
5;7356.3;2019-04-11 17:42:37.0;
5;7356.2;2019-04-11 17:42:40.0;
5;7355.8;2019-04-11 17:42:44.0;
5;7356.2;2019-04-11 17:42:59.0;
5;7356;2019-04-11 17:43:13.0;
5;7357.3;2019-04-11 17:43:17.0;
5;7357.5;2019-04-11 17:43:20.0;
5;7357.3;2019-04-11 17:43:21.0;
5;7357;2019-04-11 17:43:23.0;
5;7357.5;2019-04-11 17:43:35.0;
5;7357.8;2019-04-11 17:43:43.0;
5;7358;2019-04-11 17:44:08.0;
5;7358.2;2019-04-11 17:44:11.0;
5;7358;2019-04-11 17:44:18.0;
5;7357.8;2019-04-11 17:44:19.0;
5;7357.2;2019-04-11 17:44:24.0;
5;7357.5;2019-04-11 17:44:28.0;
5;7358.2;2019-04-11 17:44:35.0;
5;7358.3;2019-04-11 17:44:39.0;
5;7359.2;2019-04-11 17:44:45.0;
5;7359.5;2019-04-11 17:44:48.0;
5;7359.2;2019-04-11 17:44:49.0;
5;7359.3;2019-04-11 17:44:51.0;
5;7359.5;2019-04-11 17:44:52.0;
5;7359.3;2019-04-11 17:44:54.0;
5;7359.8;2019-04-11 17:45:00.0;
5;7359.5;2019-04-11 17:45:04.0;
5;7359.8;2019-04-11 17:45:05.0;
5;7359.5;2019-04-11 17:45:06.0;
5;7360;2019-04-11 17:45:12.0;
5;7359.5;2019-04-11 17:45:17.0;
5;7360;2019-04-11 17:45:22.0;
5;7360.2;2019-04-11 17:45:32.0;
5;7362.2;2019-04-11 17:45:43.0;
5;7362.8;2019-04-11 17:45:48.0;
5;7362.2;2019-04-11 17:46:09.0;
5;7362;2019-04-11 17:46:10.0;
5;7361.8;2019-04-11 17:46:15.0;
5;7362;2019-04-11 17:46:18.0;
5;7361.8;2019-04-11 17:46:19.0;
5;7362;2019-04-11 17:46:25.0;
5;7361.5;2019-04-11 17:46:27.0;
5;7362;2019-04-11 17:46:28.0;
5;7360.8;2019-04-11 17:46:31.0;
5;7361.2;2019-04-11 17:46:34.0;
5;7361.3;2019-04-11 17:46:46.0;
5;7362;2019-04-11 17:46:47.0;
5;7361.8;2019-04-11 17:46:53.0;
5;7361.5;2019-04-11 17:46:59.0;
5;7361.8;2019-04-11 17:47:06.0;
5;7362;2019-04-11 17:47:10.0;
5;7361.8;2019-04-11 17:47:11.0;
5;7362;2019-04-11 17:47:13.0;
5;7361.2;2019-04-11 17:47:18.0;
5;7361.5;2019-04-11 17:47:23.0;
5;7361.8;2019-04-11 17:47:30.0;
5;7361.3;2019-04-11 17:47:36.0;
5;7361.8;2019-04-11 17:47:37.0;
5;7361.3;2019-04-11 17:47:39.0;
5;7360.8;2019-04-11 17:47:40.0;
5;7360.5;2019-04-11 17:48:03.0;
5;7360.8;2019-04-11 17:48:05.0;
5;7360.5;2019-04-11 17:48:06.0;
5;7360.8;2019-04-11 17:48:08.0;
5;7360.5;2019-04-11 17:48:11.0;
5;7360.8;2019-04-11 17:48:17.0;
5;7361.2;2019-04-11 17:48:24.0;
5;7361;2019-04-11 17:48:27.0;
5;7361.3;2019-04-11 17:48:39.0;
5;7361.2;2019-04-11 17:48:45.0;
5;7362.8;2019-04-11 17:48:48.0;
5;7362.5;2019-04-11 17:48:55.0;
5;7362.2;2019-04-11 17:49:03.0;
5;7362.8;2019-04-11 17:49:04.0;
5;7362;2019-04-11 17:49:08.0;
5;7362.8;2019-04-11 17:49:10.0;
5;7361.8;2019-04-11 17:49:11.0;
5;7361.2;2019-04-11 17:49:18.0;
5;7360.5;2019-04-11 17:49:23.0;
5;7360.2;2019-04-11 17:49:27.0;
5;7359.8;2019-04-11 17:49:31.0;
5;7360;2019-04-11 17:49:35.0;
5;7360.3;2019-04-11 17:49:38.0;
5;7360;2019-04-11 17:49:40.0;
5;7360.3;2019-04-11 17:49:42.0;
5;7360.5;2019-04-11 17:49:44.0;
5;7360.8;2019-04-11 17:49:50.0;
5;7360;2019-04-11 17:50:03.0;
5;7360.8;2019-04-11 17:50:05.0;
5;7360;2019-04-11 17:50:06.0;
5;7360.5;2019-04-11 17:50:10.0;
5;7360.2;2019-04-11 17:50:13.0;
5;7360;2019-04-11 17:50:16.0;
5;7361.5;2019-04-11 17:50:20.0;
5;7362;2019-04-11 17:50:26.0;
5;7361.8;2019-04-11 17:50:29.0;
5;7361.5;2019-04-11 17:50:43.0;
5;7361.8;2019-04-11 17:50:44.0;
5;7361.5;2019-04-11 17:50:45.0;
5;7361.2;2019-04-11 17:50:48.0;
5;7362;2019-04-11 17:50:51.0;
5;7361.2;2019-04-11 17:50:52.0;
5;7362;2019-04-11 17:50:54.0;
5;7361.8;2019-04-11 17:50:58.0;
5;7361.3;2019-04-11 17:51:01.0;
5;7360.8;2019-04-11 17:51:11.0;
5;7360.2;2019-04-11 17:51:32.0;
5;7360;2019-04-11 17:51:43.0;
5;7359.8;2019-04-11 17:51:49.0;
5;7358.8;2019-04-11 17:52:04.0;
5;7359;2019-04-11 17:52:09.0;
5;7360;2019-04-11 17:52:10.0;
5;7360.5;2019-04-11 17:52:21.0;
5;7360;2019-04-11 17:52:22.0;
5;7360.5;2019-04-11 17:52:24.0;
5;7361;2019-04-11 17:52:25.0;
5;7359.5;2019-04-11 17:52:28.0;
5;7359.3;2019-04-11 17:52:34.0;
5;7359.8;2019-04-11 17:52:42.0;
5;7361.3;2019-04-11 17:52:47.0;
5;7362;2019-04-11 17:53:03.0;
5;7361.8;2019-04-11 17:53:07.0;
5;7361.3;2019-04-11 17:53:12.0;
5;7359;2019-04-11 17:53:19.0;
5;7358.2;2019-04-11 17:53:23.0;
5;7358.5;2019-04-11 17:53:30.0;
5;7358;2019-04-11 17:53:34.0;
5;7357.8;2019-04-11 17:53:42.0;
5;7357.5;2019-04-11 17:53:46.0;
5;7358;2019-04-11 17:53:47.0;
5;7357.8;2019-04-11 17:54:10.0;
5;7359.2;2019-04-11 17:54:14.0;
5;7359.5;2019-04-11 17:54:25.0;
5;7361.5;2019-04-11 17:54:26.0;
5;7359.5;2019-04-11 17:54:28.0;
5;7361.5;2019-04-11 17:54:30.0;
5;7360.8;2019-04-11 17:54:32.0;
5;7361.5;2019-04-11 17:54:38.0;
5;7361.8;2019-04-11 17:54:39.0;
5;7361.5;2019-04-11 17:54:40.0;
5;7361.8;2019-04-11 17:54:42.0;
5;7362;2019-04-11 17:54:45.0;
5;7362.3;2019-04-11 17:54:49.0;
5;7362.5;2019-04-11 17:54:53.0;
5;7362.8;2019-04-11 17:54:57.0;
5;7362.5;2019-04-11 17:54:59.0;
5;7362.8;2019-04-11 17:55:00.0;
5;7362.5;2019-04-11 17:55:03.0;
5;7361.8;2019-04-11 17:55:05.0;
5;7362.5;2019-04-11 17:55:06.0;
5;7361.8;2019-04-11 17:55:07.0;
5;7360.8;2019-04-11 17:55:09.0;
5;7361.3;2019-04-11 17:55:15.0;
5;7362.5;2019-04-11 17:55:18.0;
5;7362.8;2019-04-11 17:55:25.0;
5;7362.5;2019-04-11 17:55:26.0;
5;7362.8;2019-04-11 17:55:28.0;
5;7362.5;2019-04-11 17:55:29.0;
5;7362;2019-04-11 17:55:32.0;
5;7362.5;2019-04-11 17:55:35.0;
5;7362;2019-04-11 17:55:37.0;
5;7362.8;2019-04-11 17:55:38.0;
5;7363.5;2019-04-11 17:55:45.0;
5;7363.2;2019-04-11 17:55:49.0;
5;7365.2;2019-04-11 17:56:03.0;
5;7363.2;2019-04-11 17:56:04.0;
5;7365.2;2019-04-11 17:56:06.0;
5;7364.2;2019-04-11 17:56:08.0;
5;7364;2019-04-11 17:56:13.0;
5;7364.2;2019-04-11 17:56:17.0;
5;7364;2019-04-11 17:56:33.0;
5;7363.2;2019-04-11 17:56:42.0;
5;7363.3;2019-04-11 17:56:48.0;
5;7363.8;2019-04-11 17:56:55.0;
5;7363.3;2019-04-11 17:56:57.0;
5;7363.8;2019-04-11 17:56:58.0;
5;7363.5;2019-04-11 17:57:12.0;
5;7363.8;2019-04-11 17:57:19.0;
5;7363.5;2019-04-11 17:57:21.0;
5;7363.8;2019-04-11 17:57:22.0;
5;7363.5;2019-04-11 17:57:24.0;
5;7363.3;2019-04-11 17:57:28.0;
5;7363.5;2019-04-11 17:57:30.0;
5;7363.3;2019-04-11 17:57:31.0;
5;7363.2;2019-04-11 17:57:34.0;
5;7362.8;2019-04-11 17:57:35.0;
5;7363.3;2019-04-11 17:57:43.0;
5;7363;2019-04-11 17:58:03.0;
5;7362.8;2019-04-11 17:58:16.0;
5;7362.3;2019-04-11 17:58:46.0;
5;7362.2;2019-04-11 17:58:51.0;
5;7362.8;2019-04-11 17:58:56.0;
5;7362.3;2019-04-11 17:59:50.0;
5;7361.8;2019-04-11 18:00:03.0;
5;7362.2;2019-04-11 18:00:09.0;
5;7361.8;2019-04-11 18:00:15.0;
5;7361.5;2019-04-11 18:00:21.0;
5;7361.8;2019-04-11 18:00:38.0;
5;7361.5;2019-04-11 18:00:40.0;
5;7361.2;2019-04-11 18:00:47.0;
5;7360.8;2019-04-11 18:01:03.0;
5;7360.2;2019-04-11 18:01:14.0;
5;7360.8;2019-04-11 18:01:39.0;
5;7361.3;2019-04-11 18:01:48.0;
5;7360.8;2019-04-11 18:01:49.0;
5;7361.3;2019-04-11 18:01:52.0;
5;7360;2019-04-11 18:02:03.0;
5;7360.2;2019-04-11 18:02:17.0;
5;7360;2019-04-11 18:02:23.0;
5;7359.8;2019-04-11 18:02:28.0;
5;7360;2019-04-11 18:02:41.0;
5;7359.8;2019-04-11 18:02:42.0;
5;7360;2019-04-11 18:02:44.0;
5;7359.8;2019-04-11 18:02:45.0;
5;7359.5;2019-04-11 18:02:47.0;
5;7359.8;2019-04-11 18:02:48.0;
5;7359.5;2019-04-11 18:02:50.0;
5;7359;2019-04-11 18:02:55.0;
5;7358.2;2019-04-11 18:03:04.0;
5;7358.5;2019-04-11 18:03:08.0;
5;7359;2019-04-11 18:03:12.0;
5;7358.5;2019-04-11 18:03:15.0;
5;7359;2019-04-11 18:03:16.0;
5;7358.5;2019-04-11 18:03:17.0;
5;7358.2;2019-04-11 18:03:19.0;
5;7358.5;2019-04-11 18:03:26.0;
5;7358;2019-04-11 18:03:27.0;
5;7358.5;2019-04-11 18:03:34.0;
5;7358.2;2019-04-11 18:03:36.0;
5;7358.5;2019-04-11 18:03:39.0;
5;7358.8;2019-04-11 18:03:46.0;
5;7359.5;2019-04-11 18:04:08.0;
5;7358.8;2019-04-11 18:04:09.0;
5;7359.3;2019-04-11 18:04:10.0;
5;7359.2;2019-04-11 18:04:17.0;
5;7359.8;2019-04-11 18:04:18.0;
5;7359.2;2019-04-11 18:04:21.0;
5;7359.8;2019-04-11 18:04:23.0;
5;7361;2019-04-11 18:04:34.0;
5;7360.8;2019-04-11 18:04:40.0;
5;7361;2019-04-11 18:04:41.0;
5;7360.8;2019-04-11 18:04:43.0;
5;7361.2;2019-04-11 18:05:01.0;
5;7362.3;2019-04-11 18:05:03.0;
5;7362;2019-04-11 18:05:16.0;
5;7361.8;2019-04-11 18:05:22.0;
5;7362;2019-04-11 18:05:25.0;
5;7361.8;2019-04-11 18:05:41.0;
5;7361;2019-04-11 18:05:42.0;
5;7361.8;2019-04-11 18:05:44.0;
5;7360.5;2019-04-11 18:05:46.0;
5;7360.2;2019-04-11 18:06:04.0;
5;7360;2019-04-11 18:06:10.0;
5;7361;2019-04-11 18:06:13.0;
5;7361.8;2019-04-11 18:06:16.0;
5;7361.5;2019-04-11 18:06:21.0;
5;7361.8;2019-04-11 18:06:27.0;
5;7362.2;2019-04-11 18:06:32.0;
5;7362.5;2019-04-11 18:06:39.0;
5;7362.2;2019-04-11 18:06:46.0;
5;7362;2019-04-11 18:06:49.0;
5;7363.5;2019-04-11 18:07:03.0;
5;7362;2019-04-11 18:07:04.0;
5;7363.5;2019-04-11 18:07:06.0;
5;7363.2;2019-04-11 18:07:09.0;
5;7363.5;2019-04-11 18:07:12.0;
5;7363.2;2019-04-11 18:07:16.0;
5;7363.8;2019-04-11 18:07:21.0;
5;7364;2019-04-11 18:07:22.0;
5;7364.5;2019-04-11 18:07:28.0;
5;7364.2;2019-04-11 18:07:35.0;
5;7363.5;2019-04-11 18:08:05.0;
5;7363.2;2019-04-11 18:08:08.0;
5;7362.8;2019-04-11 18:08:11.0;
5;7363.2;2019-04-11 18:08:14.0;
5;7363.3;2019-04-11 18:08:26.0;
5;7362.8;2019-04-11 18:08:35.0;
5;7363.3;2019-04-11 18:08:37.0;
5;7362.8;2019-04-11 18:08:38.0;
5;7363;2019-04-11 18:08:45.0;
5;7362.8;2019-04-11 18:08:52.0;
5;7363;2019-04-11 18:08:54.0;
5;7362.8;2019-04-11 18:08:56.0;
5;7362.2;2019-04-11 18:09:01.0;
5;7362.5;2019-04-11 18:09:03.0;
5;7362.2;2019-04-11 18:09:04.0;
5;7362.5;2019-04-11 18:09:05.0;
5;7362.2;2019-04-11 18:09:08.0;
5;7362.3;2019-04-11 18:09:14.0;
5;7362.8;2019-04-11 18:09:21.0;
5;7363;2019-04-11 18:09:39.0;
5;7362.8;2019-04-11 18:09:44.0;
5;7362.2;2019-04-11 18:09:51.0;
5;7363.5;2019-04-11 18:10:04.0;
5;7364.2;2019-04-11 18:10:13.0;
5;7364;2019-04-11 18:10:20.0;
5;7363.8;2019-04-11 18:10:23.0;
5;7364;2019-04-11 18:10:26.0;
5;7363.8;2019-04-11 18:10:27.0;
5;7364;2019-04-11 18:10:29.0;
5;7363.8;2019-04-11 18:10:32.0;
5;7363.5;2019-04-11 18:10:40.0;
5;7363.3;2019-04-11 18:10:43.0;
5;7363.2;2019-04-11 18:10:56.0;
5;7363.5;2019-04-11 18:10:58.0;
5;7363;2019-04-11 18:11:03.0;
5;7363.5;2019-04-11 18:11:04.0;
5;7362.8;2019-04-11 18:11:06.0;
5;7363.2;2019-04-11 18:11:27.0;
5;7363.3;2019-04-11 18:11:29.0;
5;7363.2;2019-04-11 18:11:42.0;
5;7363;2019-04-11 18:11:47.0;
5;7363.5;2019-04-11 18:12:07.0;
5;7363;2019-04-11 18:12:09.0;
5;7363.3;2019-04-11 18:12:16.0;
5;7363;2019-04-11 18:12:18.0;
5;7363.3;2019-04-11 18:12:19.0;
5;7362.8;2019-04-11 18:12:20.0;
5;7363.3;2019-04-11 18:12:22.0;
5;7362.8;2019-04-11 18:12:24.0;
5;7363.3;2019-04-11 18:12:25.0;
5;7363.8;2019-04-11 18:12:26.0;
5;7363.5;2019-04-11 18:12:31.0;
5;7363.2;2019-04-11 18:12:36.0;
5;7363.5;2019-04-11 18:12:38.0;
5;7363.2;2019-04-11 18:12:39.0;
5;7363.5;2019-04-11 18:12:47.0;
5;7363.2;2019-04-11 18:12:48.0;
5;7363.8;2019-04-11 18:12:59.0;
5;7363.5;2019-04-11 18:13:03.0;
5;7363.8;2019-04-11 18:13:05.0;
5;7363.5;2019-04-11 18:13:06.0;
5;7363.2;2019-04-11 18:13:13.0;
5;7363.8;2019-04-11 18:13:18.0;
5;7363.2;2019-04-11 18:13:24.0;
5;7362.8;2019-04-11 18:13:26.0;
5;7363.2;2019-04-11 18:13:27.0;
5;7362.8;2019-04-11 18:13:29.0;
5;7362.3;2019-04-11 18:13:30.0;
5;7362.8;2019-04-11 18:13:47.0;
5;7361.8;2019-04-11 18:14:03.0;
5;7361.5;2019-04-11 18:14:19.0;
5;7360.8;2019-04-11 18:14:43.0;
5;7361.2;2019-04-11 18:14:49.0;
5;7361;2019-04-11 18:14:54.0;
5;7360.8;2019-04-11 18:14:56.0;
5;7360.3;2019-04-11 18:15:13.0;
5;7360.2;2019-04-11 18:15:18.0;
5;7360;2019-04-11 18:15:24.0;
5;7359.2;2019-04-11 18:16:06.0;
5;7360;2019-04-11 18:16:07.0;
5;7359.2;2019-04-11 18:16:08.0;
5;7359.3;2019-04-11 18:16:24.0;
5;7359;2019-04-11 18:16:32.0;
5;7359.3;2019-04-11 18:16:34.0;
5;7358.8;2019-04-11 18:16:35.0;
5;7358.5;2019-04-11 18:16:45.0;
5;7358.8;2019-04-11 18:16:47.0;
5;7359.2;2019-04-11 18:16:52.0;
5;7358.8;2019-04-11 18:16:55.0;
5;7359.2;2019-04-11 18:16:56.0;
5;7359;2019-04-11 18:16:58.0;
5;7358.8;2019-04-11 18:17:06.0;
5;7359;2019-04-11 18:17:17.0;
5;7359.3;2019-04-11 18:17:25.0;
5;7358.8;2019-04-11 18:17:27.0;
5;7359.5;2019-04-11 18:17:31.0;
5;7358.8;2019-04-11 18:17:33.0;
5;7359.5;2019-04-11 18:17:35.0;
5;7359.2;2019-04-11 18:17:41.0;
5;7359.3;2019-04-11 18:17:45.0;
5;7359.8;2019-04-11 18:18:05.0;
5;7360;2019-04-11 18:18:08.0;
5;7359.8;2019-04-11 18:18:11.0;
5;7360;2019-04-11 18:18:12.0;
5;7359.8;2019-04-11 18:18:15.0;
5;7359.5;2019-04-11 18:18:20.0;
5;7359.8;2019-04-11 18:18:23.0;
5;7360;2019-04-11 18:18:32.0;
5;7359.8;2019-04-11 18:18:34.0;
5;7360;2019-04-11 18:18:38.0;
5;7359.8;2019-04-11 18:18:43.0;
5;7359.5;2019-04-11 18:18:52.0;
5;7359.2;2019-04-11 18:18:58.0;
5;7359;2019-04-11 18:18:59.0;
5;7359.2;2019-04-11 18:19:01.0;
5;7359;2019-04-11 18:19:03.0;
5;7358.8;2019-04-11 18:19:06.0;
5;7359;2019-04-11 18:19:07.0;
5;7358.5;2019-04-11 18:19:09.0;
5;7358.3;2019-04-11 18:19:14.0;
5;7358.2;2019-04-11 18:19:16.0;
5;7357.8;2019-04-11 18:19:33.0;
5;7357.3;2019-04-11 18:19:39.0;
5;7357;2019-04-11 18:19:44.0;
5;7357.3;2019-04-11 18:19:45.0;
5;7357;2019-04-11 18:19:47.0;
5;7356.8;2019-04-11 18:20:05.0;
5;7356.5;2019-04-11 18:20:18.0;
5;7356.8;2019-04-11 18:20:21.0;
5;7357;2019-04-11 18:20:27.0;
5;7356.5;2019-04-11 18:20:32.0;
5;7357;2019-04-11 18:20:34.0;
5;7356.8;2019-04-11 18:20:36.0;
5;7356.5;2019-04-11 18:20:37.0;
5;7356.8;2019-04-11 18:20:39.0;
5;7356.5;2019-04-11 18:20:45.0;
5;7356.8;2019-04-11 18:20:53.0;
5;7356.5;2019-04-11 18:20:57.0;
5;7356.3;2019-04-11 18:21:02.0;
5;7356;2019-04-11 18:21:04.0;
5;7356.3;2019-04-11 18:21:06.0;
5;7356;2019-04-11 18:21:19.0;
5;7355.8;2019-04-11 18:21:24.0;
5;7355.5;2019-04-11 18:21:28.0;
5;7354.8;2019-04-11 18:21:31.0;
5;7354.3;2019-04-11 18:21:35.0;
5;7354.2;2019-04-11 18:21:42.0;
5;7354.3;2019-04-11 18:21:44.0;
5;7354.2;2019-04-11 18:21:45.0;
5;7354.8;2019-04-11 18:22:09.0;
5;7356;2019-04-11 18:22:22.0;
5;7355.8;2019-04-11 18:22:26.0;
5;7356.5;2019-04-11 18:22:32.0;
5;7355.8;2019-04-11 18:22:33.0;
5;7356.5;2019-04-11 18:22:36.0;
5;7355.8;2019-04-11 18:22:38.0;
5;7355.3;2019-04-11 18:22:56.0;
5;7355.5;2019-04-11 18:22:59.0;
5;7355.8;2019-04-11 18:23:03.0;
5;7356.5;2019-04-11 18:24:05.0;
5;7355.8;2019-04-11 18:24:06.0;
5;7356.5;2019-04-11 18:24:07.0;
5;7355.8;2019-04-11 18:24:10.0;
5;7355.5;2019-04-11 18:24:35.0;
5;7355.8;2019-04-11 18:24:44.0;
5;7355.5;2019-04-11 18:24:51.0;
5;7355.3;2019-04-11 18:25:07.0;
5;7355.5;2019-04-11 18:25:10.0;
5;7355.3;2019-04-11 18:25:12.0;
5;7355.8;2019-04-11 18:25:15.0;
5;7355.5;2019-04-11 18:25:18.0;
5;7355.3;2019-04-11 18:25:33.0;
5;7354.8;2019-04-11 18:26:03.0;
5;7354.5;2019-04-11 18:26:09.0;
5;7354.8;2019-04-11 18:26:10.0;
5;7354.2;2019-04-11 18:26:12.0;
5;7354.5;2019-04-11 18:26:13.0;
5;7354.2;2019-04-11 18:26:14.0;
5;7354.3;2019-04-11 18:26:16.0;
5;7354.2;2019-04-11 18:26:19.0;
5;7354.3;2019-04-11 18:26:21.0;
5;7354.2;2019-04-11 18:26:22.0;
5;7354.5;2019-04-11 18:26:25.0;
5;7354.2;2019-04-11 18:26:29.0;
5;7354;2019-04-11 18:26:34.0;
5;7354.2;2019-04-11 18:26:41.0;
5;7353.8;2019-04-11 18:26:45.0;
5;7354;2019-04-11 18:27:24.0;
5;7353.8;2019-04-11 18:27:36.0;
5;7354;2019-04-11 18:27:51.0;
5;7353.5;2019-04-11 18:28:03.0;
5;7354;2019-04-11 18:28:05.0;
5;7353.5;2019-04-11 18:28:06.0;
5;7353.3;2019-04-11 18:28:12.0;
5;7353.2;2019-04-11 18:28:18.0;
5;7353.3;2019-04-11 18:28:22.0;
5;7353;2019-04-11 18:28:45.0;
5;7353.3;2019-04-11 18:28:46.0;
5;7353;2019-04-11 18:28:47.0;
5;7352.8;2019-04-11 18:28:50.0;
5;7353;2019-04-11 18:29:18.0;
5;7352.8;2019-04-11 18:29:21.0;
5;7352.5;2019-04-11 18:29:47.0;
5;7352.8;2019-04-11 18:30:04.0;
5;7352.3;2019-04-11 18:30:15.0;
5;7352.2;2019-04-11 18:30:21.0;
5;7352;2019-04-11 18:30:25.0;
5;7351.8;2019-04-11 18:30:27.0;
5;7352;2019-04-11 18:30:31.0;
5;7351.8;2019-04-11 18:30:33.0;
5;7352.3;2019-04-11 18:30:36.0;
5;7352;2019-04-11 18:30:41.0;
5;7351.8;2019-04-11 18:30:44.0;
5;7351.2;2019-04-11 18:30:47.0;
5;7351.8;2019-04-11 18:30:49.0;
5;7351.2;2019-04-11 18:30:50.0;
5;7351.3;2019-04-11 18:30:53.0;
5;7352.3;2019-04-11 18:31:35.0;
5;7351.3;2019-04-11 18:31:37.0;
5;7352.3;2019-04-11 18:31:39.0;
5;7352.2;2019-04-11 18:31:40.0;
5;7352;2019-04-11 18:31:49.0;
5;7352.2;2019-04-11 18:32:04.0;
5;7352;2019-04-11 18:32:08.0;
5;7352.3;2019-04-11 18:32:22.0;
5;7353;2019-04-11 18:32:54.0;
5;7352.8;2019-04-11 18:33:01.0;
5;7353.5;2019-04-11 18:33:05.0;
5;7353;2019-04-11 18:33:10.0;
5;7352.8;2019-04-11 18:33:11.0;
5;7353;2019-04-11 18:33:12.0;
5;7352.8;2019-04-11 18:33:14.0;
5;7353;2019-04-11 18:34:14.0;
5;7353.2;2019-04-11 18:34:30.0;
5;7353.3;2019-04-11 18:34:38.0;
5;7352.8;2019-04-11 18:34:52.0;
5;7353.3;2019-04-11 18:34:54.0;
5;7353;2019-04-11 18:35:44.0;
5;7353.5;2019-04-11 18:35:47.0;
5;7353.2;2019-04-11 18:36:05.0;
5;7353;2019-04-11 18:36:12.0;
5;7352.8;2019-04-11 18:36:15.0;
5;7353.2;2019-04-11 18:36:31.0;
5;7353.5;2019-04-11 18:36:47.0;
5;7353.2;2019-04-11 18:36:50.0;
5;7353.5;2019-04-11 18:36:51.0;
5;7353.8;2019-04-11 18:36:54.0;
5;7353.2;2019-04-11 18:36:58.0;
5;7353.8;2019-04-11 18:37:01.0;
5;7353.3;2019-04-11 18:39:24.0;
5;7353.2;2019-04-11 18:39:29.0;
5;7353.3;2019-04-11 18:39:40.0;
5;7352.8;2019-04-11 18:40:06.0;
5;7353;2019-04-11 18:40:20.0;
5;7352.8;2019-04-11 18:40:23.0;
5;7352.5;2019-04-11 18:40:39.0;
5;7352.2;2019-04-11 18:40:52.0;
5;7352.8;2019-04-11 18:40:56.0;
5;7353.8;2019-04-11 18:41:03.0;
5;7352.8;2019-04-11 18:41:05.0;
5;7353.8;2019-04-11 18:41:06.0;
5;7353.5;2019-04-11 18:41:09.0;
5;7353.2;2019-04-11 18:41:10.0;
5;7353.5;2019-04-11 18:41:12.0;
5;7353.2;2019-04-11 18:41:13.0;
5;7353.3;2019-04-11 18:41:19.0;
5;7352.8;2019-04-11 18:41:24.0;
5;7353;2019-04-11 18:41:31.0;
5;7352.5;2019-04-11 18:41:32.0;
5;7353;2019-04-11 18:41:33.0;
5;7352.8;2019-04-11 18:41:36.0;
5;7352.2;2019-04-11 18:41:39.0;
5;7351.5;2019-04-11 18:41:47.0;
5;7350;2019-04-11 18:42:03.0;
5;7351.5;2019-04-11 18:42:06.0;
5;7350;2019-04-11 18:42:07.0;
5;7350.8;2019-04-11 18:42:19.0;
5;7350.5;2019-04-11 18:42:25.0;
5;7350.8;2019-04-11 18:42:27.0;
5;7351;2019-04-11 18:42:39.0;
5;7350.8;2019-04-11 18:42:40.0;
5;7351;2019-04-11 18:42:41.0;
5;7351.3;2019-04-11 18:42:44.0;
5;7351;2019-04-11 18:42:50.0;
5;7350.8;2019-04-11 18:42:56.0;
5;7351.2;2019-04-11 18:44:17.0;
5;7352;2019-04-11 18:44:30.0;
5;7352.8;2019-04-11 18:44:35.0;
5;7352;2019-04-11 18:44:37.0;
5;7352.8;2019-04-11 18:44:38.0;
5;7353;2019-04-11 18:44:40.0;
5;7352.8;2019-04-11 18:44:42.0;
5;7353.3;2019-04-11 18:44:44.0;
5;7353.2;2019-04-11 18:44:50.0;
5;7353;2019-04-11 18:44:52.0;
5;7352.8;2019-04-11 18:44:56.0;
5;7352.5;2019-04-11 18:45:08.0;
5;7352.8;2019-04-11 18:45:18.0;
5;7353;2019-04-11 18:45:19.0;
5;7352.8;2019-04-11 18:45:21.0;
5;7353;2019-04-11 18:45:22.0;
5;7352.8;2019-04-11 18:45:27.0;
5;7353;2019-04-11 18:45:36.0;
5;7352.8;2019-04-11 18:45:43.0;
5;7352.5;2019-04-11 18:45:49.0;
5;7351.8;2019-04-11 18:46:04.0;
5;7351.5;2019-04-11 18:46:15.0;
5;7352.2;2019-04-11 18:46:33.0;
5;7352.3;2019-04-11 18:46:39.0;
5;7352;2019-04-11 18:46:40.0;
5;7352.3;2019-04-11 18:46:43.0;
5;7352;2019-04-11 18:46:45.0;
5;7351.8;2019-04-11 18:46:59.0;
5;7351.5;2019-04-11 18:47:05.0;
5;7351.8;2019-04-11 18:47:06.0;
5;7351.5;2019-04-11 18:47:15.0;
5;7351.8;2019-04-11 18:47:19.0;
5;7352.2;2019-04-11 18:47:31.0;
5;7352;2019-04-11 18:47:40.0;
5;7352.8;2019-04-11 18:47:51.0;
5;7352.5;2019-04-11 18:48:03.0;
5;7352.8;2019-04-11 18:48:11.0;
5;7352.5;2019-04-11 18:48:19.0;
5;7353;2019-04-11 18:48:24.0;
5;7352.8;2019-04-11 18:48:28.0;
5;7353;2019-04-11 18:48:34.0;
5;7352.5;2019-04-11 18:48:36.0;
5;7352.2;2019-04-11 18:48:39.0;
5;7352.3;2019-04-11 18:48:44.0;
5;7352.5;2019-04-11 18:48:47.0;
5;7352.3;2019-04-11 18:48:48.0;
5;7352.5;2019-04-11 18:48:50.0;
5;7352.8;2019-04-11 18:48:53.0;
5;7352.5;2019-04-11 18:48:55.0;
5;7352.8;2019-04-11 18:48:56.0;
5;7352.5;2019-04-11 18:48:57.0;
5;7352.3;2019-04-11 18:49:05.0;
5;7352;2019-04-11 18:49:11.0;
5;7352.2;2019-04-11 18:49:17.0;
5;7352;2019-04-11 18:49:20.0;
5;7352.2;2019-04-11 18:49:23.0;
5;7352;2019-04-11 18:49:35.0;
5;7352.3;2019-04-11 18:49:39.0;
5;7352.2;2019-04-11 18:49:44.0;
5;7352.8;2019-04-11 18:50:06.0;
5;7352.5;2019-04-11 18:50:09.0;
5;7352.3;2019-04-11 18:50:31.0;
5;7352.5;2019-04-11 18:50:48.0;
5;7352.2;2019-04-11 18:50:52.0;
5;7352.5;2019-04-11 18:50:57.0;
5;7353;2019-04-11 18:51:02.0;
5;7352.8;2019-04-11 18:51:06.0;
5;7353.2;2019-04-11 18:51:08.0;
5;7353;2019-04-11 18:51:13.0;
5;7353.2;2019-04-11 18:51:32.0;
5;7353;2019-04-11 18:51:33.0;
5;7353.2;2019-04-11 18:51:35.0;
5;7353.8;2019-04-11 18:51:38.0;
5;7353.5;2019-04-11 18:51:43.0;
5;7352.8;2019-04-11 18:51:49.0;
5;7352.5;2019-04-11 18:52:10.0;
5;7352.3;2019-04-11 18:52:19.0;
5;7352.8;2019-04-11 18:52:24.0;
5;7353;2019-04-11 18:52:26.0;
5;7353.3;2019-04-11 18:52:31.0;
5;7353;2019-04-11 18:52:33.0;
5;7353.3;2019-04-11 18:52:34.0;
5;7353.5;2019-04-11 18:52:37.0;
5;7353.3;2019-04-11 18:52:43.0;
5;7353.2;2019-04-11 18:52:48.0;
5;7353.3;2019-04-11 18:52:50.0;
5;7353.2;2019-04-11 18:52:51.0;
5;7353.3;2019-04-11 18:52:53.0;
5;7353.8;2019-04-11 18:52:54.0;
5;7353.5;2019-04-11 18:53:00.0;
5;7353.2;2019-04-11 18:53:14.0;
5;7353;2019-04-11 18:53:34.0;
5;7353.2;2019-04-11 18:53:35.0;
5;7353;2019-04-11 18:53:37.0;
5;7353.8;2019-04-11 18:53:40.0;
5;7354.5;2019-04-11 18:54:02.0;
5;7354.8;2019-04-11 18:54:07.0;
5;7355.2;2019-04-11 18:54:13.0;
5;7355.3;2019-04-11 18:54:14.0;
5;7355.5;2019-04-11 18:54:19.0;
5;7355.2;2019-04-11 18:54:26.0;
5;7355.5;2019-04-11 18:54:29.0;
5;7355.2;2019-04-11 18:54:31.0;
5;7355.8;2019-04-11 18:54:37.0;
5;7355.5;2019-04-11 18:54:38.0;
5;7355.8;2019-04-11 18:54:40.0;
5;7355.5;2019-04-11 18:54:41.0;
5;7355.2;2019-04-11 18:54:46.0;
5;7355;2019-04-11 18:54:52.0;
5;7355.2;2019-04-11 18:54:53.0;
5;7355;2019-04-11 18:54:55.0;
5;7355.3;2019-04-11 18:55:06.0;
5;7355;2019-04-11 18:55:12.0;
5;7355.3;2019-04-11 18:55:13.0;
5;7355;2019-04-11 18:55:15.0;
5;7355.5;2019-04-11 18:55:18.0;
5;7355.3;2019-04-11 18:55:31.0;
5;7355.2;2019-04-11 18:56:04.0;
5;7355.3;2019-04-11 18:56:05.0;
5;7355.5;2019-04-11 18:56:07.0;
5;7355.2;2019-04-11 18:56:08.0;
5;7355.5;2019-04-11 18:56:10.0;
5;7355.2;2019-04-11 18:56:24.0;
5;7355;2019-04-11 18:56:36.0;
5;7355.2;2019-04-11 18:56:38.0;
5;7355;2019-04-11 18:56:39.0;
5;7355.2;2019-04-11 18:56:56.0;
5;7356;2019-04-11 18:56:59.0;
5;7355.8;2019-04-11 18:57:03.0;
5;7356.5;2019-04-11 18:57:10.0;
5;7356.2;2019-04-11 18:57:23.0;
5;7356;2019-04-11 18:57:28.0;
5;7356.3;2019-04-11 18:58:15.0;
5;7356.2;2019-04-11 18:58:19.0;
5;7356.3;2019-04-11 18:58:20.0;
5;7356.2;2019-04-11 18:58:22.0;
5;7356;2019-04-11 18:58:23.0;
5;7356.2;2019-04-11 18:58:26.0;
5;7356;2019-04-11 18:58:27.0;
5;7356.3;2019-04-11 18:58:36.0;
5;7356;2019-04-11 18:58:37.0;
5;7356.3;2019-04-11 18:58:39.0;
5;7356.5;2019-04-11 18:58:44.0;
5;7356.8;2019-04-11 18:59:00.0;
5;7356.2;2019-04-11 18:59:07.0;
5;7356.8;2019-04-11 18:59:09.0;
5;7356.2;2019-04-11 18:59:10.0;
5;7355.8;2019-04-11 18:59:11.0;
5;7356.5;2019-04-11 18:59:17.0;
5;7355.8;2019-04-11 18:59:18.0;
5;7356.5;2019-04-11 18:59:20.0;
5;7356.8;2019-04-11 18:59:24.0;
5;7357;2019-04-11 18:59:36.0;
5;7357.2;2019-04-11 18:59:45.0;
5;7357;2019-04-11 19:00:23.0;
5;7357.2;2019-04-11 19:00:24.0;
5;7357;2019-04-11 19:00:26.0;
5;7357.3;2019-04-11 19:00:27.0;
5;7357;2019-04-11 19:00:32.0;
5;7357.3;2019-04-11 19:00:33.0;
5;7357;2019-04-11 19:00:36.0;
5;7356.5;2019-04-11 19:00:39.0;
5;7357;2019-04-11 19:00:57.0;
5;7356.5;2019-04-11 19:00:58.0;
5;7357;2019-04-11 19:01:00.0;
5;7357.2;2019-04-11 19:01:05.0;
5;7357;2019-04-11 19:01:07.0;
5;7357.2;2019-04-11 19:01:08.0;
5;7357;2019-04-11 19:01:10.0;
5;7357.2;2019-04-11 19:01:11.0;
5;7357;2019-04-11 19:01:13.0;
5;7357.2;2019-04-11 19:01:14.0;
5;7357.5;2019-04-11 19:01:17.0;
5;7357.8;2019-04-11 19:01:39.0;
5;7358;2019-04-11 19:02:16.0;
5;7357.8;2019-04-11 19:02:28.0;
5;7358.5;2019-04-11 19:02:44.0;
5;7357.8;2019-04-11 19:02:46.0;
5;7358.5;2019-04-11 19:02:47.0;
5;7358.3;2019-04-11 19:02:50.0;
5;7358;2019-04-11 19:02:53.0;
5;7358.3;2019-04-11 19:02:55.0;
5;7358;2019-04-11 19:02:56.0;
5;7357.8;2019-04-11 19:02:59.0;
5;7358;2019-04-11 19:03:00.0;
5;7357.8;2019-04-11 19:03:02.0;
5;7358;2019-04-11 19:03:06.0;
5;7357.8;2019-04-11 19:03:08.0;
5;7358;2019-04-11 19:03:09.0;
5;7358.2;2019-04-11 19:03:20.0;
5;7358.3;2019-04-11 19:03:26.0;
5;7358.5;2019-04-11 19:03:27.0;
5;7358.3;2019-04-11 19:03:29.0;
5;7358.5;2019-04-11 19:03:30.0;
5;7358;2019-04-11 19:03:33.0;
5;7357.8;2019-04-11 19:03:46.0;
5;7357.5;2019-04-11 19:03:47.0;
5;7357.2;2019-04-11 19:04:03.0;
5;7357.5;2019-04-11 19:04:04.0;
5;7357.2;2019-04-11 19:04:06.0;
5;7356.8;2019-04-11 19:04:09.0;
5;7357;2019-04-11 19:04:11.0;
5;7356.8;2019-04-11 19:04:13.0;
5;7357;2019-04-11 19:04:14.0;
5;7356.8;2019-04-11 19:04:23.0;
5;7357;2019-04-11 19:04:24.0;
5;7356.8;2019-04-11 19:04:26.0;
5;7356.2;2019-04-11 19:04:36.0;
5;7356.5;2019-04-11 19:04:40.0;
5;7356.8;2019-04-11 19:05:07.0;
5;7357;2019-04-11 19:05:18.0;
5;7356.8;2019-04-11 19:05:22.0;
5;7357.2;2019-04-11 19:05:44.0;
5;7357;2019-04-11 19:05:47.0;
5;7357.3;2019-04-11 19:06:04.0;
5;7357;2019-04-11 19:06:05.0;
5;7357.3;2019-04-11 19:06:07.0;
5;7357.2;2019-04-11 19:06:15.0;
5;7357;2019-04-11 19:06:24.0;
5;7356.8;2019-04-11 19:06:32.0;
5;7356.5;2019-04-11 19:06:33.0;
5;7357;2019-04-11 19:06:39.0;
5;7357.2;2019-04-11 19:06:45.0;
5;7357;2019-04-11 19:07:25.0;
5;7356.8;2019-04-11 19:07:37.0;
5;7356.5;2019-04-11 19:07:44.0;
5;7356.8;2019-04-11 19:08:06.0;
5;7356.5;2019-04-11 19:08:07.0;
5;7357.3;2019-04-11 19:08:09.0;
5;7357.8;2019-04-11 19:08:27.0;
5;7357.5;2019-04-11 19:08:28.0;
5;7358;2019-04-11 19:08:31.0;
5;7357.5;2019-04-11 19:08:32.0;
5;7358;2019-04-11 19:08:34.0;
5;7357.8;2019-04-11 19:08:40.0;
5;7358;2019-04-11 19:08:47.0;
5;7357.8;2019-04-11 19:08:48.0;
5;7358;2019-04-11 19:08:50.0;
5;7357.2;2019-04-11 19:09:09.0;
5;7357;2019-04-11 19:09:13.0;
5;7357.2;2019-04-11 19:09:15.0;
5;7357.3;2019-04-11 19:09:16.0;
5;7358;2019-04-11 19:09:23.0;
5;7357.3;2019-04-11 19:09:26.0;
5;7357.8;2019-04-11 19:09:28.0;
5;7358;2019-04-11 19:09:31.0;
5;7357.8;2019-04-11 19:09:32.0;
5;7358;2019-04-11 19:09:33.0;
5;7357.8;2019-04-11 19:10:15.0;
5;7357.5;2019-04-11 19:10:20.0;
5;7357.8;2019-04-11 19:10:29.0;
5;7358.2;2019-04-11 19:10:31.0;
5;7359;2019-04-11 19:10:37.0;
5;7358.8;2019-04-11 19:10:39.0;
5;7358.5;2019-04-11 19:10:44.0;
5;7358.8;2019-04-11 19:10:47.0;
5;7358.5;2019-04-11 19:10:48.0;
5;7358.8;2019-04-11 19:10:50.0;
5;7358.2;2019-04-11 19:11:07.0;
5;7358;2019-04-11 19:11:11.0;
5;7358.5;2019-04-11 19:11:48.0;
5;7358.8;2019-04-11 19:12:03.0;
5;7359;2019-04-11 19:12:20.0;
5;7358.8;2019-04-11 19:12:27.0;
5;7358.5;2019-04-11 19:12:56.0;
5;7358.8;2019-04-11 19:13:03.0;
5;7358.5;2019-04-11 19:13:15.0;
5;7358.8;2019-04-11 19:13:19.0;
5;7358.5;2019-04-11 19:13:28.0;
5;7358.8;2019-04-11 19:13:29.0;
5;7358.5;2019-04-11 19:13:31.0;
5;7358.3;2019-04-11 19:14:04.0;
5;7358.8;2019-04-11 19:14:21.0;
5;7359.5;2019-04-11 19:14:31.0;
5;7358.8;2019-04-11 19:14:32.0;
5;7359.5;2019-04-11 19:14:34.0;
5;7358.8;2019-04-11 19:14:38.0;
5;7358.3;2019-04-11 19:15:24.0;
5;7358.2;2019-04-11 19:15:30.0;
5;7358.8;2019-04-11 19:15:37.0;
5;7359.3;2019-04-11 19:15:39.0;
5;7359;2019-04-11 19:15:43.0;
5;7358.8;2019-04-11 19:15:47.0;
5;7358;2019-04-11 19:16:14.0;
5;7357.8;2019-04-11 19:16:22.0;
5;7357.3;2019-04-11 19:16:37.0;
5;7358;2019-04-11 19:17:11.0;
5;7357.8;2019-04-11 19:17:15.0;
5;7358;2019-04-11 19:17:21.0;
5;7358.5;2019-04-11 19:17:34.0;
5;7358.2;2019-04-11 19:17:46.0;
5;7358;2019-04-11 19:18:06.0;
5;7358.2;2019-04-11 19:18:08.0;
5;7358;2019-04-11 19:18:09.0;
5;7357.8;2019-04-11 19:18:42.0;
5;7358;2019-04-11 19:18:47.0;
5;7358.3;2019-04-11 19:18:55.0;
5;7358.2;2019-04-11 19:19:06.0;
5;7358.3;2019-04-11 19:19:08.0;
5;7358.2;2019-04-11 19:19:10.0;
5;7358;2019-04-11 19:19:22.0;
5;7358.2;2019-04-11 19:19:24.0;
5;7358;2019-04-11 19:19:25.0;
5;7357.8;2019-04-11 19:19:29.0;
5;7358.2;2019-04-11 19:19:42.0;
5;7357.8;2019-04-11 19:19:43.0;
5;7358.2;2019-04-11 19:19:45.0;
5;7358;2019-04-11 19:19:46.0;
5;7358.5;2019-04-11 19:20:04.0;
5;7358.3;2019-04-11 19:20:10.0;
5;7358;2019-04-11 19:20:27.0;
5;7357.8;2019-04-11 19:20:35.0;
5;7358;2019-04-11 19:20:44.0;
5;7357.8;2019-04-11 19:20:45.0;
5;7358;2019-04-11 19:20:47.0;
5;7358.2;2019-04-11 19:20:49.0;
5;7357.8;2019-04-11 19:21:04.0;
5;7358;2019-04-11 19:21:17.0;
5;7358.5;2019-04-11 19:21:21.0;
5;7358.8;2019-04-11 19:21:23.0;
5;7358.2;2019-04-11 19:22:04.0;
5;7359.5;2019-04-11 19:22:34.0;
5;7358.2;2019-04-11 19:22:35.0;
5;7359.5;2019-04-11 19:22:37.0;
5;7359.8;2019-04-11 19:22:39.0;
5;7360;2019-04-11 19:22:57.0;
5;7360.2;2019-04-11 19:23:01.0;
5;7360.5;2019-04-11 19:23:07.0;
5;7360.2;2019-04-11 19:23:12.0;
5;7359.8;2019-04-11 19:23:15.0;
5;7359.3;2019-04-11 19:23:18.0;
5;7359.2;2019-04-11 19:23:22.0;
5;7359.3;2019-04-11 19:23:27.0;
5;7359;2019-04-11 19:23:33.0;
5;7360;2019-04-11 19:24:07.0;
5;7359.8;2019-04-11 19:24:15.0;
5;7360;2019-04-11 19:24:17.0;
5;7359.8;2019-04-11 19:24:19.0;
5;7360.2;2019-04-11 19:24:20.0;
5;7360;2019-04-11 19:24:22.0;
5;7360.2;2019-04-11 19:24:27.0;
5;7360.5;2019-04-11 19:24:33.0;
5;7360.8;2019-04-11 19:24:37.0;
5;7361;2019-04-11 19:24:41.0;
5;7360.8;2019-04-11 19:24:44.0;
5;7360.2;2019-04-11 19:24:47.0;
5;7360.8;2019-04-11 19:24:50.0;
5;7360.5;2019-04-11 19:25:00.0;
5;7360.2;2019-04-11 19:25:05.0;
5;7360.8;2019-04-11 19:25:07.0;
5;7360.2;2019-04-11 19:25:10.0;
5;7360;2019-04-11 19:25:27.0;
5;7359.8;2019-04-11 19:25:33.0;
5;7359.5;2019-04-11 19:25:36.0;
5;7359.8;2019-04-11 19:25:37.0;
5;7359.5;2019-04-11 19:25:39.0;
5;7359.8;2019-04-11 19:25:40.0;
5;7359.5;2019-04-11 19:25:42.0;
5;7359;2019-04-11 19:26:04.0;
5;7358.8;2019-04-11 19:26:20.0;
5;7358.3;2019-04-11 19:26:25.0;
5;7358.8;2019-04-11 19:26:26.0;
5;7359;2019-04-11 19:26:51.0;
5;7358.8;2019-04-11 19:26:53.0;
5;7359;2019-04-11 19:26:54.0;
5;7359.2;2019-04-11 19:27:19.0;
5;7359.3;2019-04-11 19:27:24.0;
5;7358.8;2019-04-11 19:27:27.0;
5;7359.3;2019-04-11 19:27:29.0;
5;7358.8;2019-04-11 19:27:30.0;
5;7359.2;2019-04-11 19:27:43.0;
5;7358.8;2019-04-11 19:27:44.0;
5;7359.2;2019-04-11 19:27:46.0;
5;7359;2019-04-11 19:27:47.0;
5;7359.8;2019-04-11 19:28:05.0;
5;7360;2019-04-11 19:28:08.0;
5;7359.8;2019-04-11 19:28:17.0;
5;7359.5;2019-04-11 19:28:49.0;
5;7359.8;2019-04-11 19:28:58.0;
5;7360;2019-04-11 19:29:03.0;
5;7360.5;2019-04-11 19:29:19.0;
5;7360.3;2019-04-11 19:29:30.0;
5;7360.2;2019-04-11 19:29:36.0;
5;7360.3;2019-04-11 19:29:40.0;
5;7360.2;2019-04-11 19:29:46.0;
5;7360;2019-04-11 19:29:47.0;
5;7359.5;2019-04-11 19:30:03.0;
5;7360;2019-04-11 19:30:04.0;
5;7359.5;2019-04-11 19:30:06.0;
5;7359.2;2019-04-11 19:30:15.0;
5;7359;2019-04-11 19:30:17.0;
5;7359.2;2019-04-11 19:30:19.0;
5;7359;2019-04-11 19:30:22.0;
5;7358.8;2019-04-11 19:30:35.0;
5;7359;2019-04-11 19:30:36.0;
5;7358.8;2019-04-11 19:30:38.0;
5;7358;2019-04-11 19:30:46.0;
5;7358.2;2019-04-11 19:30:56.0;
5;7358;2019-04-11 19:30:58.0;
5;7357.8;2019-04-11 19:31:02.0;
5;7358.3;2019-04-11 19:31:14.0;
5;7358.5;2019-04-11 19:31:25.0;
5;7358.2;2019-04-11 19:31:30.0;
5;7358.3;2019-04-11 19:31:33.0;
5;7358.2;2019-04-11 19:31:49.0;
5;7358;2019-04-11 19:32:04.0;
5;7357.5;2019-04-11 19:32:08.0;
5;7356.8;2019-04-11 19:32:10.0;
5;7357.5;2019-04-11 19:32:12.0;
5;7356.8;2019-04-11 19:32:14.0;
5;7357;2019-04-11 19:32:16.0;
5;7357.2;2019-04-11 19:32:31.0;
5;7357;2019-04-11 19:32:36.0;
5;7357.5;2019-04-11 19:32:40.0;
5;7357;2019-04-11 19:32:42.0;
5;7357.5;2019-04-11 19:32:43.0;
5;7357.8;2019-04-11 19:32:45.0;
5;7358.2;2019-04-11 19:32:55.0;
5;7357.8;2019-04-11 19:33:03.0;
5;7357.5;2019-04-11 19:33:16.0;
5;7358.2;2019-04-11 19:33:26.0;
5;7357.5;2019-04-11 19:33:28.0;
5;7358.2;2019-04-11 19:33:29.0;
5;7358;2019-04-11 19:33:35.0;
5;7357.8;2019-04-11 19:33:38.0;
5;7358.2;2019-04-11 19:34:05.0;
5;7358;2019-04-11 19:34:13.0;
5;7357.8;2019-04-11 19:34:15.0;
5;7358;2019-04-11 19:34:16.0;
5;7357.8;2019-04-11 19:34:17.0;
5;7357.5;2019-04-11 19:34:19.0;
5;7358;2019-04-11 19:34:24.0;
5;7358.3;2019-04-11 19:34:41.0;
5;7358;2019-04-11 19:34:47.0;
5;7358.2;2019-04-11 19:34:54.0;
5;7358.3;2019-04-11 19:35:02.0;
5;7358.5;2019-04-11 19:35:15.0;
5;7359.2;2019-04-11 19:35:24.0;
5;7359;2019-04-11 19:35:28.0;
5;7358.8;2019-04-11 19:35:37.0;
5;7358.5;2019-04-11 19:35:48.0;
5;7358.3;2019-04-11 19:35:51.0;
5;7358.2;2019-04-11 19:36:10.0;
5;7357.8;2019-04-11 19:36:12.0;
5;7358.2;2019-04-11 19:36:14.0;
5;7357.8;2019-04-11 19:36:16.0;
5;7357.5;2019-04-11 19:36:17.0;
5;7358;2019-04-11 19:36:24.0;
5;7357.5;2019-04-11 19:36:26.0;
5;7357.3;2019-04-11 19:36:33.0;
5;7357.5;2019-04-11 19:36:48.0;
5;7357.2;2019-04-11 19:36:51.0;
5;7357.8;2019-04-11 19:37:22.0;
5;7357.5;2019-04-11 19:37:23.0;
5;7357.3;2019-04-11 19:37:27.0;
5;7357.5;2019-04-11 19:37:29.0;
5;7357.3;2019-04-11 19:37:30.0;
5;7357.2;2019-04-11 19:37:34.0;
5;7357;2019-04-11 19:37:35.0;
5;7356.8;2019-04-11 19:38:05.0;
5;7356;2019-04-11 19:38:11.0;
5;7355.8;2019-04-11 19:38:15.0;
5;7355.5;2019-04-11 19:38:21.0;
5;7355.8;2019-04-11 19:38:22.0;
5;7355.5;2019-04-11 19:38:24.0;
5;7355.2;2019-04-11 19:38:25.0;
5;7355;2019-04-11 19:38:31.0;
5;7354.8;2019-04-11 19:38:36.0;
5;7354.2;2019-04-11 19:38:52.0;
5;7354.3;2019-04-11 19:38:59.0;
5;7354.8;2019-04-11 19:39:10.0;
5;7354.5;2019-04-11 19:39:11.0;
5;7354.8;2019-04-11 19:39:12.0;
5;7354.5;2019-04-11 19:39:14.0;
5;7354.8;2019-04-11 19:39:16.0;
5;7355.2;2019-04-11 19:39:20.0;
5;7354.8;2019-04-11 19:39:26.0;
5;7354.3;2019-04-11 19:39:31.0;
5;7354.2;2019-04-11 19:39:38.0;
5;7354;2019-04-11 19:39:39.0;
5;7354.2;2019-04-11 19:39:42.0;
5;7354;2019-04-11 19:39:44.0;
5;7354.5;2019-04-11 19:39:45.0;
5;7355;2019-04-11 19:40:07.0;
5;7356;2019-04-11 19:40:12.0;
5;7355.8;2019-04-11 19:40:17.0;
5;7355.3;2019-04-11 19:40:38.0;
5;7354.8;2019-04-11 19:40:50.0;
5;7355.3;2019-04-11 19:40:57.0;
5;7355.5;2019-04-11 19:41:01.0;
5;7355;2019-04-11 19:41:05.0;
5;7355.2;2019-04-11 19:41:08.0;
5;7355;2019-04-11 19:41:14.0;
5;7354.8;2019-04-11 19:41:20.0;
5;7355.2;2019-04-11 19:41:23.0;
5;7355.5;2019-04-11 19:41:29.0;
5;7355;2019-04-11 19:41:38.0;
5;7354.8;2019-04-11 19:41:46.0;
5;7354.3;2019-04-11 19:41:47.0;
5;7353.5;2019-04-11 19:42:05.0;
5;7354.2;2019-04-11 19:42:12.0;
5;7353.5;2019-04-11 19:42:14.0;
5;7354.2;2019-04-11 19:42:16.0;
5;7354;2019-04-11 19:42:17.0;
5;7353.8;2019-04-11 19:42:19.0;
5;7354;2019-04-11 19:42:20.0;
5;7353.8;2019-04-11 19:42:21.0;
5;7353.5;2019-04-11 19:42:25.0;
5;7353.8;2019-04-11 19:42:46.0;
5;7353.5;2019-04-11 19:42:51.0;
5;7353;2019-04-11 19:43:00.0;
5;7353.5;2019-04-11 19:43:01.0;
5;7353;2019-04-11 19:43:02.0;
5;7352.8;2019-04-11 19:43:04.0;
5;7353;2019-04-11 19:43:05.0;
5;7352.8;2019-04-11 19:43:07.0;
5;7353.5;2019-04-11 19:43:19.0;
5;7353.2;2019-04-11 19:43:35.0;
5;7353.8;2019-04-11 19:43:44.0;
5;7353.5;2019-04-11 19:43:48.0;
5;7353.8;2019-04-11 19:44:06.0;
5;7353.5;2019-04-11 19:44:15.0;
5;7353.8;2019-04-11 19:44:31.0;
5;7354;2019-04-11 19:44:40.0;
5;7353.5;2019-04-11 19:44:45.0;
5;7353.8;2019-04-11 19:44:47.0;
5;7353.5;2019-04-11 19:45:06.0;
5;7354;2019-04-11 19:45:18.0;
5;7353.8;2019-04-11 19:45:24.0;
5;7354;2019-04-11 19:45:45.0;
5;7353.5;2019-04-11 19:46:06.0;
5;7353.3;2019-04-11 19:46:19.0;
5;7353.5;2019-04-11 19:46:20.0;
5;7353.3;2019-04-11 19:46:22.0;
5;7353.8;2019-04-11 19:46:29.0;
5;7354;2019-04-11 19:46:30.0;
5;7353.8;2019-04-11 19:46:32.0;
5;7354;2019-04-11 19:46:33.0;
5;7353.8;2019-04-11 19:46:36.0;
5;7354;2019-04-11 19:46:37.0;
5;7353.8;2019-04-11 19:46:39.0;
5;7353.5;2019-04-11 19:46:46.0;
5;7353.8;2019-04-11 19:46:47.0;
5;7353.5;2019-04-11 19:46:56.0;
5;7353.8;2019-04-11 19:47:10.0;
5;7354.2;2019-04-11 19:47:27.0;
5;7353.8;2019-04-11 19:47:29.0;
5;7354.2;2019-04-11 19:47:30.0;
5;7354;2019-04-11 19:47:32.0;
5;7354.2;2019-04-11 19:47:33.0;
5;7354;2019-04-11 19:47:40.0;
5;7353.8;2019-04-11 19:47:50.0;
5;7354.5;2019-04-11 19:48:03.0;
5;7354.8;2019-04-11 19:48:16.0;
5;7354.5;2019-04-11 19:48:52.0;
5;7354.2;2019-04-11 19:49:23.0;
5;7354.3;2019-04-11 19:49:28.0;
5;7354.2;2019-04-11 19:49:30.0;
5;7354.3;2019-04-11 19:49:31.0;
5;7353.8;2019-04-11 19:49:40.0;
5;7354.2;2019-04-11 19:49:47.0;
5;7354.3;2019-04-11 19:50:07.0;
5;7354.5;2019-04-11 19:50:10.0;
5;7354.2;2019-04-11 19:50:42.0;
5;7354;2019-04-11 19:50:44.0;
5;7354.2;2019-04-11 19:50:45.0;
5;7354;2019-04-11 19:50:46.0;
5;7354.8;2019-04-11 19:50:53.0;
5;7354.5;2019-04-11 19:50:55.0;
5;7354.8;2019-04-11 19:51:06.0;
5;7354.5;2019-04-11 19:51:07.0;
5;7354.8;2019-04-11 19:51:09.0;
5;7354.5;2019-04-11 19:51:10.0;
5;7354;2019-04-11 19:51:23.0;
5;7353.8;2019-04-11 19:52:02.0;
5;7354;2019-04-11 19:52:04.0;
5;7353.8;2019-04-11 19:52:06.0;
5;7353;2019-04-11 19:52:08.0;
5;7353.5;2019-04-11 19:52:32.0;
5;7353.2;2019-04-11 19:52:36.0;
5;7354;2019-04-11 19:52:59.0;
5;7353.2;2019-04-11 19:53:01.0;
5;7354;2019-04-11 19:53:02.0;
5;7354.2;2019-04-11 19:53:03.0;
5;7354;2019-04-11 19:53:09.0;
5;7354.2;2019-04-11 19:53:16.0;
5;7354;2019-04-11 19:53:19.0;
5;7354.2;2019-04-11 19:53:20.0;
5;7354;2019-04-11 19:53:22.0;
5;7354.5;2019-04-11 19:53:33.0;
5;7354;2019-04-11 19:53:39.0;
5;7353.8;2019-04-11 19:54:04.0;
5;7354;2019-04-11 19:54:06.0;
5;7353.8;2019-04-11 19:54:07.0;
5;7354;2019-04-11 19:54:20.0;
5;7353.8;2019-04-11 19:54:25.0;
5;7353.5;2019-04-11 19:54:30.0;
5;7353.2;2019-04-11 19:54:33.0;
5;7353.3;2019-04-11 19:54:40.0;
5;7353;2019-04-11 19:55:37.0;
5;7352.8;2019-04-11 19:55:39.0;
5;7353;2019-04-11 19:55:40.0;
5;7352.8;2019-04-11 19:55:42.0;
5;7353;2019-04-11 19:55:44.0;
5;7352.8;2019-04-11 19:55:46.0;
5;7353;2019-04-11 19:55:47.0;
5;7352.8;2019-04-11 19:56:03.0;
5;7353.5;2019-04-11 19:56:10.0;
5;7353.3;2019-04-11 19:56:11.0;
5;7353.5;2019-04-11 19:56:13.0;
5;7353.2;2019-04-11 19:56:14.0;
5;7353.5;2019-04-11 19:56:21.0;
5;7353.3;2019-04-11 19:56:35.0;
5;7353.5;2019-04-11 19:56:37.0;
5;7353;2019-04-11 19:56:38.0;
5;7353.3;2019-04-11 19:56:40.0;
5;7353;2019-04-11 19:56:41.0;
5;7353.3;2019-04-11 19:56:42.0;
5;7352.8;2019-04-11 19:56:48.0;
5;7353.2;2019-04-11 19:56:55.0;
5;7352.8;2019-04-11 19:56:58.0;
5;7353;2019-04-11 19:56:59.0;
5;7353.3;2019-04-11 19:57:02.0;
5;7353.5;2019-04-11 19:57:06.0;
5;7354;2019-04-11 19:57:18.0;
5;7353.8;2019-04-11 19:57:24.0;
5;7353.5;2019-04-11 19:57:39.0;
5;7354;2019-04-11 19:58:04.0;
5;7353.8;2019-04-11 19:58:11.0;
5;7354;2019-04-11 19:58:12.0;
5;7353.8;2019-04-11 19:58:14.0;
5;7353.5;2019-04-11 19:58:19.0;
5;7353.8;2019-04-11 19:58:33.0;
5;7353.5;2019-04-11 19:58:43.0;
5;7353.8;2019-04-11 19:58:45.0;
5;7353.5;2019-04-11 19:58:46.0;
5;7353.2;2019-04-11 19:59:00.0;
5;7353.5;2019-04-11 19:59:05.0;
5;7353.8;2019-04-11 19:59:07.0;
5;7353.5;2019-04-11 19:59:11.0;
5;7353.2;2019-04-11 19:59:20.0;
5;7353.8;2019-04-11 19:59:28.0;
5;7353.5;2019-04-11 19:59:38.0;
5;7353.2;2019-04-11 20:00:02.0;
5;7353.8;2019-04-11 20:00:13.0;
5;7354.3;2019-04-11 20:00:22.0;
5;7354.2;2019-04-11 20:00:25.0;
5;7353.5;2019-04-11 20:00:27.0;
5;7353.2;2019-04-11 20:00:31.0;
5;7352.8;2019-04-11 20:00:36.0;
5;7353.2;2019-04-11 20:00:38.0;
5;7352.8;2019-04-11 20:00:40.0;
5;7352.5;2019-04-11 20:00:41.0;
5;7353;2019-04-11 20:00:43.0;
5;7352.5;2019-04-11 20:00:44.0;
5;7353;2019-04-11 20:00:46.0;
5;7352.8;2019-04-11 20:00:57.0;
5;7353;2019-04-11 20:00:58.0;
5;7352.8;2019-04-11 20:01:00.0;
5;7352.5;2019-04-11 20:01:03.0;
5;7352.8;2019-04-11 20:01:05.0;
5;7352.5;2019-04-11 20:01:36.0;
5;7352.8;2019-04-11 20:01:40.0;
5;7353;2019-04-11 20:02:04.0;
5;7352.8;2019-04-11 20:02:05.0;
5;7353;2019-04-11 20:02:07.0;
5;7352.8;2019-04-11 20:02:09.0;
5;7353.2;2019-04-11 20:02:29.0;
5;7352.8;2019-04-11 20:02:31.0;
5;7353.2;2019-04-11 20:02:35.0;
5;7353.3;2019-04-11 20:02:42.0;
5;7353.2;2019-04-11 20:02:44.0;
5;7353.5;2019-04-11 20:02:59.0;
5;7353.3;2019-04-11 20:03:03.0;
5;7353.5;2019-04-11 20:03:06.0;
5;7353.3;2019-04-11 20:03:07.0;
5;7354;2019-04-11 20:03:20.0;
5;7353.5;2019-04-11 20:03:23.0;
5;7354;2019-04-11 20:03:24.0;
5;7353.5;2019-04-11 20:03:26.0;
5;7353.8;2019-04-11 20:03:27.0;
5;7354.2;2019-04-11 20:03:31.0;
5;7354;2019-04-11 20:03:37.0;
5;7354.2;2019-04-11 20:03:38.0;
5;7354;2019-04-11 20:03:39.0;
5;7353.8;2019-04-11 20:04:24.0;
5;7354.5;2019-04-11 20:04:35.0;
5;7354;2019-04-11 20:04:38.0;
5;7354.5;2019-04-11 20:04:39.0;
5;7353.8;2019-04-11 20:04:42.0;
5;7353.5;2019-04-11 20:04:53.0;
5;7354.2;2019-04-11 20:05:07.0;
5;7354.5;2019-04-11 20:05:11.0;
5;7355;2019-04-11 20:05:18.0;
5;7354.5;2019-04-11 20:05:19.0;
5;7355;2019-04-11 20:05:22.0;
5;7354.5;2019-04-11 20:05:23.0;
5;7355.2;2019-04-11 20:05:35.0;
5;7355;2019-04-11 20:05:38.0;
5;7354.8;2019-04-11 20:05:47.0;
5;7355;2019-04-11 20:05:48.0;
5;7354.8;2019-04-11 20:05:50.0;
5;7354.2;2019-04-11 20:06:04.0;
5;7354.3;2019-04-11 20:06:21.0;
5;7354.2;2019-04-11 20:06:32.0;
5;7354;2019-04-11 20:06:36.0;
5;7354.2;2019-04-11 20:06:37.0;
5;7354;2019-04-11 20:06:39.0;
5;7353.5;2019-04-11 20:06:43.0;
5;7353.2;2019-04-11 20:06:56.0;
5;7353.5;2019-04-11 20:06:57.0;
5;7353.2;2019-04-11 20:06:58.0;
5;7353.8;2019-04-11 20:07:00.0;
5;7354;2019-04-11 20:07:05.0;
5;7353.8;2019-04-11 20:07:08.0;
5;7354.2;2019-04-11 20:07:15.0;
5;7353.8;2019-04-11 20:07:20.0;
5;7354.2;2019-04-11 20:07:28.0;
5;7354;2019-04-11 20:07:30.0;
5;7353.8;2019-04-11 20:07:36.0;
5;7352.8;2019-04-11 20:08:08.0;
5;7353;2019-04-11 20:08:12.0;
5;7352.8;2019-04-11 20:08:18.0;
5;7352.5;2019-04-11 20:08:19.0;
5;7352.8;2019-04-11 20:08:20.0;
5;7352.5;2019-04-11 20:08:22.0;
5;7352.8;2019-04-11 20:08:25.0;
5;7352.5;2019-04-11 20:08:44.0;
5;7352.8;2019-04-11 20:08:47.0;
5;7352.5;2019-04-11 20:08:49.0;
5;7352.8;2019-04-11 20:08:50.0;
5;7352.5;2019-04-11 20:08:52.0;
5;7352.8;2019-04-11 20:09:08.0;
5;7352.5;2019-04-11 20:10:04.0;
5;7352.8;2019-04-11 20:10:17.0;
5;7352.5;2019-04-11 20:10:24.0;
5;7352.8;2019-04-11 20:10:32.0;
5;7352.5;2019-04-11 20:10:39.0;
5;7352.2;2019-04-11 20:10:56.0;
5;7352;2019-04-11 20:11:00.0;
5;7352.2;2019-04-11 20:11:01.0;
5;7352;2019-04-11 20:11:03.0;
5;7351.8;2019-04-11 20:11:08.0;
5;7352;2019-04-11 20:11:11.0;
5;7352.3;2019-04-11 20:11:22.0;
5;7352.8;2019-04-11 20:11:28.0;
5;7352.5;2019-04-11 20:11:45.0;
5;7353;2019-04-11 20:12:18.0;
5;7354;2019-04-11 20:12:31.0;
5;7353.8;2019-04-11 20:12:34.0;
5;7354;2019-04-11 20:12:36.0;
5;7353.8;2019-04-11 20:12:37.0;
5;7353.5;2019-04-11 20:12:40.0;
5;7354;2019-04-11 20:12:52.0;
5;7353.8;2019-04-11 20:12:56.0;
5;7353.5;2019-04-11 20:13:08.0;
5;7353.8;2019-04-11 20:13:11.0;
5;7353.5;2019-04-11 20:13:18.0;
5;7353.8;2019-04-11 20:13:19.0;
5;7353.5;2019-04-11 20:13:22.0;
5;7353.8;2019-04-11 20:13:23.0;
5;7353.5;2019-04-11 20:13:32.0;
5;7353.8;2019-04-11 20:13:44.0;
5;7354;2019-04-11 20:14:03.0;
5;7353.8;2019-04-11 20:14:04.0;
5;7354;2019-04-11 20:14:05.0;
5;7353.5;2019-04-11 20:14:10.0;
5;7353.2;2019-04-11 20:14:21.0;
5;7353.8;2019-04-11 20:14:24.0;
5;7353.5;2019-04-11 20:14:28.0;
5;7353.2;2019-04-11 20:14:36.0;
5;7353;2019-04-11 20:14:42.0;
5;7353.3;2019-04-11 20:15:01.0;
5;7353;2019-04-11 20:15:08.0;
5;7353.2;2019-04-11 20:15:20.0;
5;7353.8;2019-04-11 20:15:41.0;
5;7353.2;2019-04-11 20:15:42.0;
5;7353.8;2019-04-11 20:15:44.0;
5;7354.2;2019-04-11 20:16:07.0;
5;7353.5;2019-04-11 20:16:14.0;
5;7354;2019-04-11 20:16:28.0;
5;7353.8;2019-04-11 20:16:37.0;
5;7353.3;2019-04-11 20:16:42.0;
5;7352.5;2019-04-11 20:16:46.0;
5;7352.2;2019-04-11 20:16:52.0;
5;7352.3;2019-04-11 20:16:57.0;
5;7351.8;2019-04-11 20:17:03.0;
5;7352.2;2019-04-11 20:17:16.0;
5;7351.8;2019-04-11 20:17:17.0;
5;7352;2019-04-11 20:17:19.0;
5;7352.2;2019-04-11 20:17:20.0;
5;7352;2019-04-11 20:17:22.0;
5;7352.3;2019-04-11 20:17:23.0;
5;7352.2;2019-04-11 20:17:34.0;
5;7351.5;2019-04-11 20:17:36.0;
5;7352.2;2019-04-11 20:17:37.0;
5;7351.5;2019-04-11 20:17:40.0;
5;7352.2;2019-04-11 20:18:07.0;
5;7352;2019-04-11 20:18:13.0;
5;7352.5;2019-04-11 20:18:19.0;
5;7352;2019-04-11 20:18:20.0;
5;7352.5;2019-04-11 20:18:21.0;
5;7353;2019-04-11 20:18:23.0;
5;7352.5;2019-04-11 20:18:25.0;
5;7353;2019-04-11 20:18:27.0;
5;7352.5;2019-04-11 20:18:29.0;
5;7351.8;2019-04-11 20:18:36.0;
5;7352.2;2019-04-11 20:18:44.0;
5;7352.8;2019-04-11 20:18:47.0;
5;7353;2019-04-11 20:18:54.0;
5;7353.8;2019-04-11 20:18:56.0;
5;7353.5;2019-04-11 20:19:00.0;
5;7353;2019-04-11 20:19:14.0;
5;7353.2;2019-04-11 20:19:25.0;
5;7353;2019-04-11 20:19:31.0;
5;7352.8;2019-04-11 20:20:06.0;
5;7353;2019-04-11 20:20:09.0;
5;7352.8;2019-04-11 20:20:14.0;
5;7353.2;2019-04-11 20:20:44.0;
5;7353;2019-04-11 20:20:49.0;
5;7352.8;2019-04-11 20:21:07.0;
5;7353;2019-04-11 20:21:12.0;
5;7352.8;2019-04-11 20:21:35.0;
5;7353.5;2019-04-11 20:21:41.0;
5;7352.8;2019-04-11 20:21:42.0;
5;7353.5;2019-04-11 20:21:44.0;
5;7353;2019-04-11 20:21:45.0;
5;7353.2;2019-04-11 20:21:49.0;
5;7352.5;2019-04-11 20:22:03.0;
5;7353.2;2019-04-11 20:22:05.0;
5;7352.5;2019-04-11 20:22:06.0;
5;7352.2;2019-04-11 20:23:04.0;
5;7352;2019-04-11 20:23:08.0;
5;7351.8;2019-04-11 20:23:17.0;
5;7352.2;2019-04-11 20:23:24.0;
5;7352;2019-04-11 20:23:31.0;
5;7351.8;2019-04-11 20:23:47.0;
5;7352.2;2019-04-11 20:24:26.0;
5;7352.5;2019-04-11 20:24:28.0;
5;7352.2;2019-04-11 20:24:31.0;
5;7352.3;2019-04-11 20:24:35.0;
5;7352.2;2019-04-11 20:24:36.0;
5;7352.3;2019-04-11 20:24:39.0;
5;7352.2;2019-04-11 20:25:10.0;
5;7352.8;2019-04-11 20:25:25.0;
5;7352.5;2019-04-11 20:25:35.0;
5;7352;2019-04-11 20:25:37.0;
5;7351.8;2019-04-11 20:25:40.0;
5;7352;2019-04-11 20:25:41.0;
5;7351.8;2019-04-11 20:25:43.0;
5;7351.5;2019-04-11 20:25:48.0;
5;7351.8;2019-04-11 20:26:04.0;
5;7351.5;2019-04-11 20:26:05.0;
5;7351.8;2019-04-11 20:26:08.0;
5;7351.5;2019-04-11 20:26:09.0;
5;7351.3;2019-04-11 20:26:13.0;
5;7351.5;2019-04-11 20:26:16.0;
5;7351.8;2019-04-11 20:26:19.0;
5;7351.5;2019-04-11 20:26:47.0;
5;7351.2;2019-04-11 20:26:56.0;
5;7351.8;2019-04-11 20:27:04.0;
5;7351.5;2019-04-11 20:27:29.0;
5;7351.2;2019-04-11 20:27:37.0;
5;7350.8;2019-04-11 20:28:02.0;
5;7351;2019-04-11 20:28:11.0;
5;7350.8;2019-04-11 20:28:28.0;
5;7351.3;2019-04-11 20:28:31.0;
5;7351.2;2019-04-11 20:28:39.0;
5;7351;2019-04-11 20:28:45.0;
5;7350.2;2019-04-11 20:29:10.0;
5;7350.3;2019-04-11 20:29:12.0;
5;7350.2;2019-04-11 20:29:13.0;
5;7351;2019-04-11 20:29:21.0;
5;7350.8;2019-04-11 20:29:32.0;
5;7350.5;2019-04-11 20:29:40.0;
5;7350.8;2019-04-11 20:29:49.0;
5;7350.5;2019-04-11 20:29:50.0;
5;7350.8;2019-04-11 20:29:52.0;
5;7351.2;2019-04-11 20:30:06.0;
5;7351.5;2019-04-11 20:30:26.0;
5;7351.3;2019-04-11 20:30:35.0;
5;7351.8;2019-04-11 20:30:41.0;
5;7351.3;2019-04-11 20:30:43.0;
5;7351.2;2019-04-11 20:30:48.0;
5;7351.5;2019-04-11 20:30:53.0;
5;7351.2;2019-04-11 20:31:00.0;
5;7351;2019-04-11 20:31:02.0;
5;7351.2;2019-04-11 20:31:03.0;
5;7351.5;2019-04-11 20:31:06.0;
5;7351.2;2019-04-11 20:31:10.0;
5;7351.5;2019-04-11 20:31:16.0;
5;7352.8;2019-04-11 20:31:19.0;
5;7353;2019-04-11 20:31:26.0;
5;7352.8;2019-04-11 20:31:29.0;
5;7353;2019-04-11 20:31:31.0;
5;7352.8;2019-04-11 20:31:32.0;
5;7353;2019-04-11 20:31:49.0;
5;7352.8;2019-04-11 20:32:05.0;
5;7353.2;2019-04-11 20:32:10.0;
5;7353.5;2019-04-11 20:32:18.0;
5;7353.3;2019-04-11 20:32:21.0;
5;7353.5;2019-04-11 20:32:23.0;
5;7353.3;2019-04-11 20:32:24.0;
5;7353;2019-04-11 20:32:26.0;
5;7352.8;2019-04-11 20:32:48.0;
5;7353;2019-04-11 20:32:49.0;
5;7352.8;2019-04-11 20:32:51.0;
5;7353;2019-04-11 20:32:52.0;
5;7352.8;2019-04-11 20:32:58.0;
5;7352.3;2019-04-11 20:33:08.0;
5;7353;2019-04-11 20:33:36.0;
5;7352.8;2019-04-11 20:33:44.0;
5;7352.5;2019-04-11 20:34:11.0;
5;7353.2;2019-04-11 20:34:32.0;
5;7352.8;2019-04-11 20:34:35.0;
5;7353.2;2019-04-11 20:34:36.0;
5;7352.8;2019-04-11 20:34:38.0;
5;7352.5;2019-04-11 20:35:15.0;
5;7352.2;2019-04-11 20:35:20.0;
5;7352.5;2019-04-11 20:35:34.0;
5;7352.8;2019-04-11 20:36:04.0;
5;7352.2;2019-04-11 20:36:27.0;
5;7352.5;2019-04-11 20:36:31.0;
5;7352.2;2019-04-11 20:36:33.0;
5;7352.5;2019-04-11 20:36:35.0;
5;7353.2;2019-04-11 20:36:38.0;
5;7352.8;2019-04-11 20:36:44.0;
5;7353;2019-04-11 20:36:48.0;
5;7352.8;2019-04-11 20:36:50.0;
5;7353;2019-04-11 20:36:51.0;
5;7352.8;2019-04-11 20:37:04.0;
5;7352.5;2019-04-11 20:37:09.0;
5;7353;2019-04-11 20:37:12.0;
5;7352.8;2019-04-11 20:37:36.0;
5;7353;2019-04-11 20:37:37.0;
5;7352.8;2019-04-11 20:37:38.0;
5;7353.2;2019-04-11 20:37:41.0;
5;7353;2019-04-11 20:37:45.0;
5;7352.5;2019-04-11 20:38:03.0;
5;7352.8;2019-04-11 20:38:08.0;
5;7352.2;2019-04-11 20:38:13.0;
5;7352.5;2019-04-11 20:38:16.0;
5;7352.2;2019-04-11 20:38:24.0;
5;7352.5;2019-04-11 20:38:25.0;
5;7352.2;2019-04-11 20:38:28.0;
5;7352.5;2019-04-11 20:38:34.0;
5;7352.3;2019-04-11 20:38:54.0;
5;7352.5;2019-04-11 20:38:55.0;
5;7352.3;2019-04-11 20:38:57.0;
5;7352.5;2019-04-11 20:39:00.0;
5;7352.2;2019-04-11 20:39:22.0;
5;7352.5;2019-04-11 20:39:24.0;
5;7352.2;2019-04-11 20:39:26.0;
5;7352.5;2019-04-11 20:39:28.0;
5;7352.2;2019-04-11 20:39:32.0;
5;7351.8;2019-04-11 20:39:49.0;
5;7352;2019-04-11 20:40:19.0;
5;7351.8;2019-04-11 20:40:26.0;
5;7352.2;2019-04-11 20:40:33.0;
5;7352;2019-04-11 20:40:35.0;
5;7352.2;2019-04-11 20:40:37.0;
5;7352;2019-04-11 20:40:39.0;
5;7351.8;2019-04-11 20:40:44.0;
5;7352;2019-04-11 20:40:55.0;
5;7352.2;2019-04-11 20:41:06.0;
5;7351.8;2019-04-11 20:41:09.0;
5;7352.2;2019-04-11 20:41:11.0;
5;7351.8;2019-04-11 20:41:12.0;
5;7352.2;2019-04-11 20:41:15.0;
5;7351.8;2019-04-11 20:41:29.0;
5;7352;2019-04-11 20:41:43.0;
5;7351.8;2019-04-11 20:41:47.0;
5;7351.5;2019-04-11 20:42:06.0;
5;7351.2;2019-04-11 20:42:08.0;
5;7351.5;2019-04-11 20:42:18.0;
5;7351.2;2019-04-11 20:42:20.0;
5;7351.5;2019-04-11 20:42:21.0;
5;7352.2;2019-04-11 20:42:42.0;
5;7352;2019-04-11 20:42:48.0;
5;7352.5;2019-04-11 20:42:59.0;
5;7352.8;2019-04-11 20:43:04.0;
5;7352.5;2019-04-11 20:43:05.0;
5;7352.8;2019-04-11 20:43:06.0;
5;7352.2;2019-04-11 20:43:09.0;
5;7352.5;2019-04-11 20:43:15.0;
5;7352.2;2019-04-11 20:43:17.0;
5;7353;2019-04-11 20:43:19.0;
5;7353.2;2019-04-11 20:43:32.0;
5;7353.3;2019-04-11 20:43:43.0;
5;7353.8;2019-04-11 20:43:50.0;
5;7354;2019-04-11 20:44:16.0;
5;7354.8;2019-04-11 20:44:18.0;
5;7354;2019-04-11 20:44:20.0;
5;7354.8;2019-04-11 20:44:21.0;
5;7355.2;2019-04-11 20:44:53.0;
5;7355;2019-04-11 20:44:54.0;
5;7355.2;2019-04-11 20:44:57.0;
5;7355;2019-04-11 20:44:58.0;
5;7354.8;2019-04-11 20:45:06.0;
5;7354.5;2019-04-11 20:45:20.0;
5;7355.3;2019-04-11 20:46:04.0;
5;7354.5;2019-04-11 20:46:05.0;
5;7355.3;2019-04-11 20:46:07.0;
5;7355.5;2019-04-11 20:46:15.0;
5;7355.3;2019-04-11 20:46:18.0;
5;7355.5;2019-04-11 20:46:19.0;
5;7355.3;2019-04-11 20:46:40.0;
5;7355.2;2019-04-11 20:46:46.0;
5;7355;2019-04-11 20:46:48.0;
5;7354.8;2019-04-11 20:46:56.0;
5;7355;2019-04-11 20:46:57.0;
5;7354.8;2019-04-11 20:46:59.0;
5;7355;2019-04-11 20:47:11.0;
5;7354.8;2019-04-11 20:47:12.0;
5;7355;2019-04-11 20:47:14.0;
5;7354.8;2019-04-11 20:47:24.0;
5;7355.5;2019-04-11 20:47:26.0;
5;7356;2019-04-11 20:47:31.0;
5;7356.5;2019-04-11 20:47:38.0;
5;7356.2;2019-04-11 20:47:39.0;
5;7356.5;2019-04-11 20:47:42.0;
5;7356.2;2019-04-11 20:47:44.0;
5;7356;2019-04-11 20:48:06.0;
5;7355.8;2019-04-11 20:48:12.0;
5;7356.3;2019-04-11 20:48:42.0;
5;7356.2;2019-04-11 20:48:43.0;
5;7356.3;2019-04-11 20:48:48.0;
5;7356;2019-04-11 20:49:02.0;
5;7356.3;2019-04-11 20:49:04.0;
5;7356;2019-04-11 20:49:05.0;
5;7356.5;2019-04-11 20:49:06.0;
5;7355.8;2019-04-11 20:49:12.0;
5;7356.8;2019-04-11 20:49:39.0;
5;7355.8;2019-04-11 20:50:05.0;
5;7356.8;2019-04-11 20:50:07.0;
5;7355.8;2019-04-11 20:50:08.0;
5;7355.2;2019-04-11 20:50:11.0;
5;7354.8;2019-04-11 20:50:15.0;
5;7355.2;2019-04-11 20:50:20.0;
5;7355;2019-04-11 20:50:25.0;
5;7354.2;2019-04-11 20:50:27.0;
5;7355;2019-04-11 20:50:28.0;
5;7354.2;2019-04-11 20:50:29.0;
5;7354;2019-04-11 20:50:32.0;
5;7354.2;2019-04-11 20:50:35.0;
5;7354;2019-04-11 20:50:36.0;
5;7354.2;2019-04-11 20:50:38.0;
5;7354.5;2019-04-11 20:50:39.0;
5;7355;2019-04-11 20:50:55.0;
5;7354.8;2019-04-11 20:50:59.0;
5;7355.3;2019-04-11 20:51:10.0;
5;7355.2;2019-04-11 20:51:16.0;
5;7355.3;2019-04-11 20:51:30.0;
5;7355.2;2019-04-11 20:51:35.0;
5;7355.3;2019-04-11 20:51:47.0;
5;7355.2;2019-04-11 20:51:49.0;
5;7355.3;2019-04-11 20:51:50.0;
5;7354.8;2019-04-11 20:52:08.0;
5;7355;2019-04-11 20:52:14.0;
5;7355.5;2019-04-11 20:52:30.0;
5;7355.2;2019-04-11 20:52:36.0;
5;7355;2019-04-11 20:52:38.0;
5;7355.2;2019-04-11 20:52:42.0;
5;7355;2019-04-11 20:52:50.0;
5;7355.3;2019-04-11 20:53:14.0;
5;7355;2019-04-11 20:53:18.0;
5;7355.3;2019-04-11 20:53:23.0;
5;7355;2019-04-11 20:53:26.0;
5;7355.2;2019-04-11 20:53:40.0;
5;7355.3;2019-04-11 20:53:45.0;
5;7355;2019-04-11 20:53:46.0;
5;7355.3;2019-04-11 20:53:47.0;
5;7355;2019-04-11 20:53:49.0;
5;7354.8;2019-04-11 20:54:05.0;
5;7354.3;2019-04-11 20:54:27.0;
5;7354.2;2019-04-11 20:54:34.0;
5;7354.3;2019-04-11 20:54:44.0;
5;7354.2;2019-04-11 20:54:46.0;
5;7354.3;2019-04-11 20:54:47.0;
5;7353.8;2019-04-11 20:55:00.0;
5;7353.3;2019-04-11 20:55:36.0;
5;7353.8;2019-04-11 20:55:37.0;
5;7353.3;2019-04-11 20:55:40.0;
5;7353.2;2019-04-11 20:55:45.0;
5;7353.3;2019-04-11 20:56:03.0;
5;7354;2019-04-11 20:56:12.0;
5;7353.3;2019-04-11 20:56:13.0;
5;7354;2019-04-11 20:56:14.0;
5;7353.5;2019-04-11 20:56:16.0;
5;7353.2;2019-04-11 20:56:24.0;
5;7353.5;2019-04-11 20:56:26.0;
5;7353.2;2019-04-11 20:56:27.0;
5;7353;2019-04-11 20:56:28.0;
5;7353.8;2019-04-11 20:56:31.0;
5;7353;2019-04-11 20:56:32.0;
5;7353.8;2019-04-11 20:56:34.0;
5;7354;2019-04-11 20:56:35.0;
5;7353.8;2019-04-11 20:56:37.0;
5;7354;2019-04-11 20:56:38.0;
5;7354.3;2019-04-11 20:56:46.0;
5;7354.2;2019-04-11 20:56:53.0;
5;7354.3;2019-04-11 20:56:54.0;
5;7354.2;2019-04-11 20:56:57.0;
5;7354.3;2019-04-11 20:56:59.0;
5;7354;2019-04-11 20:57:06.0;
5;7354.3;2019-04-11 20:57:16.0;
5;7354.8;2019-04-11 20:57:20.0;
5;7355.2;2019-04-11 20:57:34.0;
5;7355.3;2019-04-11 20:57:42.0;
5;7355;2019-04-11 20:58:03.0;
5;7354.8;2019-04-11 20:58:13.0;
5;7355;2019-04-11 20:58:14.0;
5;7354.8;2019-04-11 20:58:16.0;
5;7355.5;2019-04-11 20:58:33.0;
5;7354.8;2019-04-11 20:58:34.0;
5;7355.3;2019-04-11 20:58:36.0;
5;7355.8;2019-04-11 20:58:39.0;
5;7356.2;2019-04-11 20:59:04.0;
5;7356;2019-04-11 20:59:08.0;
5;7356.2;2019-04-11 20:59:19.0;
5;7356;2019-04-11 20:59:25.0;
5;7356.3;2019-04-11 20:59:33.0;
5;7356;2019-04-11 20:59:35.0;
5;7356.3;2019-04-11 20:59:36.0;
5;7355.8;2019-04-11 21:00:11.0;
5;7355.5;2019-04-11 21:00:27.0;
5;7355.8;2019-04-11 21:00:32.0;
5;7355.2;2019-04-11 21:00:51.0;
5;7354.8;2019-04-11 21:00:59.0;
5;7356;2019-04-11 21:01:10.0;
5;7354.8;2019-04-11 21:01:12.0;
5;7356;2019-04-11 21:01:13.0;
5;7355.5;2019-04-11 21:01:16.0;
5;7356;2019-04-11 21:01:17.0;
5;7355.5;2019-04-11 21:01:18.0;
5;7355.8;2019-04-11 21:01:20.0;
5;7356;2019-04-11 21:01:48.0;
5;7356.3;2019-04-11 21:02:03.0;
5;7356.2;2019-04-11 21:02:16.0;
5;7356.8;2019-04-11 21:02:21.0;
5;7356.5;2019-04-11 21:02:22.0;
5;7356.3;2019-04-11 21:02:28.0;
5;7357;2019-04-11 21:04:10.0;
5;7356.5;2019-04-11 21:04:18.0;
5;7356.3;2019-04-11 21:04:27.0;
5;7357;2019-04-11 21:04:38.0;
5;7356.8;2019-04-11 21:04:43.0;
5;7356.3;2019-04-11 21:04:49.0;
5;7356.8;2019-04-11 21:05:18.0;
5;7356.3;2019-04-11 21:05:19.0;
5;7356.8;2019-04-11 21:05:21.0;
5;7356.5;2019-04-11 21:05:23.0;
5;7356.8;2019-04-11 21:05:24.0;
5;7356.5;2019-04-11 21:05:26.0;
5;7356.8;2019-04-11 21:05:28.0;
5;7357.8;2019-04-11 21:06:03.0;
5;7356.8;2019-04-11 21:06:04.0;
5;7357.8;2019-04-11 21:06:06.0;
5;7358;2019-04-11 21:06:07.0;
5;7358.2;2019-04-11 21:06:11.0;
5;7358;2019-04-11 21:06:16.0;
5;7358.2;2019-04-11 21:06:23.0;
5;7358;2019-04-11 21:06:25.0;
5;7358.2;2019-04-11 21:06:26.0;
5;7358;2019-04-11 21:06:55.0;
5;7357.8;2019-04-11 21:07:00.0;
5;7357.3;2019-04-11 21:07:08.0;
5;7357.2;2019-04-11 21:07:21.0;
5;7357.3;2019-04-11 21:08:22.0;
5;7357.2;2019-04-11 21:08:28.0;
5;7357;2019-04-11 21:08:52.0;
5;7357.2;2019-04-11 21:08:53.0;
5;7357;2019-04-11 21:08:55.0;
5;7357.5;2019-04-11 21:09:06.0;
5;7357.3;2019-04-11 21:09:25.0;
5;7357.2;2019-04-11 21:09:31.0;
5;7357.5;2019-04-11 21:09:39.0;
5;7357.2;2019-04-11 21:09:41.0;
5;7357.5;2019-04-11 21:09:42.0;
5;7357.3;2019-04-11 21:10:05.0;
5;7357.2;2019-04-11 21:10:07.0;
5;7357.8;2019-04-11 21:10:12.0;
5;7357.5;2019-04-11 21:10:19.0;
5;7357.3;2019-04-11 21:10:27.0;
5;7357.5;2019-04-11 21:10:29.0;
5;7357.3;2019-04-11 21:10:31.0;
5;7357.2;2019-04-11 21:10:39.0;
5;7357.5;2019-04-11 21:11:08.0;
5;7357.8;2019-04-11 21:11:16.0;
5;7357.3;2019-04-11 21:11:22.0;
5;7357.5;2019-04-11 21:11:29.0;
5;7357.8;2019-04-11 21:11:32.0;
5;7357.5;2019-04-11 21:11:33.0;
5;7357.8;2019-04-11 21:11:35.0;
5;7358;2019-04-11 21:11:42.0;
5;7358.5;2019-04-11 21:12:19.0;
5;7358.3;2019-04-11 21:12:25.0;
5;7358.5;2019-04-11 21:12:52.0;
5;7358.3;2019-04-11 21:13:04.0;
5;7358;2019-04-11 21:13:08.0;
5;7358.3;2019-04-11 21:13:42.0;
5;7357.5;2019-04-11 21:14:02.0;
5;7357.3;2019-04-11 21:14:13.0;
5;7357.8;2019-04-11 21:14:48.0;
5;7357.5;2019-04-11 21:14:56.0;
5;7357.8;2019-04-11 21:14:57.0;
5;7357.2;2019-04-11 21:15:08.0;
5;7357.5;2019-04-11 21:15:09.0;
5;7358;2019-04-11 21:15:19.0;
5;7357.8;2019-04-11 21:15:25.0;
5;7358.2;2019-04-11 21:15:31.0;
5;7358.5;2019-04-11 21:15:35.0;
5;7359;2019-04-11 21:15:47.0;
5;7359.2;2019-04-11 21:16:05.0;
5;7359;2019-04-11 21:16:08.0;
5;7358.8;2019-04-11 21:16:31.0;
5;7359.3;2019-04-11 21:17:04.0;
5;7359.5;2019-04-11 21:17:07.0;
5;7359.3;2019-04-11 21:17:09.0;
5;7359.5;2019-04-11 21:17:10.0;
5;7359.8;2019-04-11 21:17:36.0;
5;7360;2019-04-11 21:17:49.0;
5;7360.2;2019-04-11 21:18:03.0;
5;7360;2019-04-11 21:18:04.0;
5;7360.2;2019-04-11 21:18:06.0;
5;7360.3;2019-04-11 21:18:07.0;
5;7360.2;2019-04-11 21:18:12.0;
5;7360.8;2019-04-11 21:18:16.0;
5;7360.5;2019-04-11 21:18:20.0;
5;7360.8;2019-04-11 21:18:22.0;
5;7360.3;2019-04-11 21:18:23.0;
5;7360.5;2019-04-11 21:18:24.0;
5;7360.3;2019-04-11 21:18:26.0;
5;7360.5;2019-04-11 21:18:49.0;
5;7360.3;2019-04-11 21:19:36.0;
5;7360.5;2019-04-11 21:19:37.0;
5;7360.3;2019-04-11 21:19:38.0;
5;7360.2;2019-04-11 21:19:40.0;
5;7360.8;2019-04-11 21:20:03.0;
5;7360.2;2019-04-11 21:20:04.0;
5;7360.8;2019-04-11 21:20:07.0;
5;7360.3;2019-04-11 21:20:13.0;
5;7360.8;2019-04-11 21:20:39.0;
5;7360.3;2019-04-11 21:20:40.0;
5;7360.8;2019-04-11 21:20:41.0;
5;7360.5;2019-04-11 21:20:44.0;
5;7361.3;2019-04-11 21:20:53.0;
5;7360.5;2019-04-11 21:20:54.0;
5;7361.3;2019-04-11 21:20:56.0;
5;7361.5;2019-04-11 21:21:03.0;
5;7361.8;2019-04-11 21:21:11.0;
5;7362.2;2019-04-11 21:21:14.0;
5;7361.8;2019-04-11 21:21:16.0;
5;7361.5;2019-04-11 21:21:17.0;
5;7361.8;2019-04-11 21:21:23.0;
5;7362;2019-04-11 21:22:04.0;
5;7361.8;2019-04-11 21:22:08.0;
5;7362;2019-04-11 21:22:21.0;
5;7361.8;2019-04-11 21:22:23.0;
5;7362;2019-04-11 21:22:27.0;
5;7362.5;2019-04-11 21:22:31.0;
5;7362;2019-04-11 21:22:34.0;
5;7362.5;2019-04-11 21:22:35.0;
5;7362.3;2019-04-11 21:22:38.0;
5;7363;2019-04-11 21:22:41.0;
5;7362.8;2019-04-11 21:22:43.0;
5;7362.5;2019-04-11 21:22:51.0;
5;7362.8;2019-04-11 21:22:53.0;
5;7362.5;2019-04-11 21:22:54.0;
5;7363;2019-04-11 21:23:00.0;
5;7362.8;2019-04-11 21:23:05.0;
5;7362.5;2019-04-11 21:23:14.0;
5;7362.8;2019-04-11 21:23:27.0;
5;7362.2;2019-04-11 21:23:28.0;
5;7362.5;2019-04-11 21:23:40.0;
5;7362.2;2019-04-11 21:23:43.0;
5;7362.8;2019-04-11 21:24:54.0;
5;7362.5;2019-04-11 21:25:00.0;
5;7363;2019-04-11 21:25:07.0;
5;7362.5;2019-04-11 21:25:08.0;
5;7362.8;2019-04-11 21:25:10.0;
5;7363;2019-04-11 21:25:39.0;
5;7362.8;2019-04-11 21:25:43.0;
5;7363;2019-04-11 21:25:44.0;
5;7362.8;2019-04-11 21:25:46.0;
5;7362.3;2019-04-11 21:26:04.0;
5;7362.2;2019-04-11 21:26:08.0;
5;7362.8;2019-04-11 21:26:20.0;
5;7362.2;2019-04-11 21:26:21.0;
5;7362.8;2019-04-11 21:26:22.0;
5;7363;2019-04-11 21:26:42.0;
5;7362.5;2019-04-11 21:26:51.0;
5;7362.8;2019-04-11 21:27:08.0;
5;7363;2019-04-11 21:27:20.0;
5;7362.8;2019-04-11 21:27:21.0;
5;7363.2;2019-04-11 21:27:23.0;
5;7363;2019-04-11 21:27:24.0;
5;7363.2;2019-04-11 21:27:26.0;
5;7363.3;2019-04-11 21:27:27.0;
5;7363.2;2019-04-11 21:27:33.0;
5;7363;2019-04-11 21:27:41.0;
5;7362.8;2019-04-11 21:28:03.0;
5;7363;2019-04-11 21:28:10.0;
5;7363.5;2019-04-11 21:28:17.0;
5;7363.3;2019-04-11 21:28:18.0;
5;7363.2;2019-04-11 21:28:24.0;
5;7363.3;2019-04-11 21:28:26.0;
5;7363.2;2019-04-11 21:28:28.0;
5;7363.3;2019-04-11 21:28:30.0;
5;7363;2019-04-11 21:28:45.0;
5;7363.3;2019-04-11 21:28:46.0;
5;7363.2;2019-04-11 21:28:48.0;
5;7363.3;2019-04-11 21:28:49.0;
5;7363.2;2019-04-11 21:28:51.0;
5;7363.3;2019-04-11 21:29:00.0;
5;7363.5;2019-04-11 21:29:01.0;
5;7363.3;2019-04-11 21:29:11.0;
5;7363.5;2019-04-11 21:29:13.0;
5;7363.3;2019-04-11 21:29:14.0;
5;7363.8;2019-04-11 21:29:22.0;
5;7363.2;2019-04-11 21:29:32.0;
5;7363.5;2019-04-11 21:29:40.0;
5;7363.2;2019-04-11 21:29:41.0;
5;7363.5;2019-04-11 21:29:42.0;
5;7363;2019-04-11 21:29:45.0;
5;7363.5;2019-04-11 21:29:48.0;
5;7363.3;2019-04-11 21:30:03.0;
5;7363.5;2019-04-11 21:30:06.0;
5;7363.8;2019-04-11 21:30:12.0;
5;7364.2;2019-04-11 21:30:40.0;
5;7364;2019-04-11 21:30:46.0;
5;7363.8;2019-04-11 21:30:47.0;
5;7364.8;2019-04-11 21:30:55.0;
5;7364.5;2019-04-11 21:31:05.0;
5;7364;2019-04-11 21:31:08.0;
5;7364.3;2019-04-11 21:31:12.0;
5;7364;2019-04-11 21:31:24.0;
5;7363.5;2019-04-11 21:31:29.0;
5;7363.3;2019-04-11 21:31:36.0;
5;7363.5;2019-04-11 21:31:37.0;
5;7363.3;2019-04-11 21:31:38.0;
5;7363.2;2019-04-11 21:31:47.0;
5;7363.8;2019-04-11 21:31:48.0;
5;7364.2;2019-04-11 21:32:03.0;
5;7363.8;2019-04-11 21:32:04.0;
5;7364.2;2019-04-11 21:32:05.0;
5;7364.8;2019-04-11 21:33:16.0;
5;7364.3;2019-04-11 21:33:26.0;
5;7364.5;2019-04-11 21:33:33.0;
5;7364.3;2019-04-11 21:33:35.0;
5;7364.5;2019-04-11 21:33:36.0;
5;7364.2;2019-04-11 21:33:39.0;
5;7363.8;2019-04-11 21:34:03.0;
5;7364.2;2019-04-11 21:34:04.0;
5;7363.8;2019-04-11 21:34:06.0;
5;7364;2019-04-11 21:34:20.0;
5;7363.8;2019-04-11 21:34:23.0;
5;7364;2019-04-11 21:34:29.0;
5;7363.8;2019-04-11 21:34:32.0;
5;7364;2019-04-11 21:34:33.0;
5;7363.8;2019-04-11 21:34:35.0;
5;7364.2;2019-04-11 21:34:40.0;
5;7364;2019-04-11 21:34:44.0;
5;7363.8;2019-04-11 21:34:52.0;
5;7364.2;2019-04-11 21:35:21.0;
5;7364;2019-04-11 21:35:25.0;
5;7363.8;2019-04-11 21:35:27.0;
5;7364;2019-04-11 21:36:02.0;
5;7364.5;2019-04-11 21:36:08.0;
5;7364.2;2019-04-11 21:36:14.0;
5;7364;2019-04-11 21:36:19.0;
5;7363.8;2019-04-11 21:36:30.0;
5;7364.2;2019-04-11 21:36:36.0;
5;7364;2019-04-11 21:36:41.0;
5;7363.8;2019-04-11 21:36:43.0;
5;7364;2019-04-11 21:36:44.0;
5;7364.5;2019-04-11 21:36:47.0;
5;7364;2019-04-11 21:36:52.0;
5;7364.5;2019-04-11 21:36:54.0;
5;7364;2019-04-11 21:36:56.0;
5;7364.5;2019-04-11 21:37:04.0;
5;7364.3;2019-04-11 21:37:11.0;
5;7364;2019-04-11 21:37:12.0;
5;7364.3;2019-04-11 21:37:14.0;
5;7364.2;2019-04-11 21:37:15.0;
5;7364.3;2019-04-11 21:37:16.0;
5;7364.2;2019-04-11 21:37:18.0;
5;7364.3;2019-04-11 21:37:19.0;
5;7364.8;2019-04-11 21:37:24.0;
5;7364.3;2019-04-11 21:37:25.0;
5;7364.8;2019-04-11 21:37:27.0;
5;7364.2;2019-04-11 21:37:35.0;
5;7364.3;2019-04-11 21:37:39.0;
5;7364.5;2019-04-11 21:37:44.0;
5;7364.3;2019-04-11 21:38:07.0;
5;7365;2019-04-11 21:38:35.0;
5;7364.8;2019-04-11 21:38:39.0;
5;7364.5;2019-04-11 21:38:43.0;
5;7364.2;2019-04-11 21:38:49.0;
5;7364.5;2019-04-11 21:38:58.0;
5;7364.8;2019-04-11 21:39:13.0;
5;7364.5;2019-04-11 21:39:26.0;
5;7364.3;2019-04-11 21:39:32.0;
5;7364.5;2019-04-11 21:39:33.0;
5;7364.3;2019-04-11 21:39:34.0;
5;7364.2;2019-04-11 21:39:36.0;
5;7364.3;2019-04-11 21:39:47.0;
5;7364.2;2019-04-11 21:39:48.0;
5;7364.3;2019-04-11 21:39:50.0;
5;7364.8;2019-04-11 21:40:04.0;
5;7364.3;2019-04-11 21:40:06.0;
5;7364;2019-04-11 21:40:07.0;
5;7364.8;2019-04-11 21:40:08.0;
5;7364;2019-04-11 21:40:10.0;
5;7363.8;2019-04-11 21:40:15.0;
5;7363.5;2019-04-11 21:40:45.0;
5;7363.2;2019-04-11 21:41:05.0;
5;7363.3;2019-04-11 21:41:17.0;
5;7363.2;2019-04-11 21:41:18.0;
5;7363.3;2019-04-11 21:41:20.0;
5;7363.8;2019-04-11 21:41:35.0;
5;7364.5;2019-04-11 21:42:14.0;
5;7363.8;2019-04-11 21:42:17.0;
5;7364.2;2019-04-11 21:42:19.0;
5;7363.8;2019-04-11 21:42:26.0;
5;7364.5;2019-04-11 21:42:51.0;
5;7364.3;2019-04-11 21:43:06.0;
5;7364.8;2019-04-11 21:43:20.0;
5;7364.5;2019-04-11 21:43:21.0;
5;7364.8;2019-04-11 21:43:30.0;
5;7364.5;2019-04-11 21:43:37.0;
5;7365.2;2019-04-11 21:43:41.0;
5;7365;2019-04-11 21:43:42.0;
5;7365.5;2019-04-11 21:44:04.0;
5;7365;2019-04-11 21:44:05.0;
5;7365.5;2019-04-11 21:44:07.0;
5;7365.3;2019-04-11 21:44:18.0;
5;7366;2019-04-11 21:44:25.0;
5;7365.8;2019-04-11 21:44:28.0;
5;7365.5;2019-04-11 21:45:03.0;
5;7365.8;2019-04-11 21:45:05.0;
5;7365.5;2019-04-11 21:45:06.0;
5;7365.3;2019-04-11 21:45:10.0;
5;7365;2019-04-11 21:45:24.0;
5;7365.3;2019-04-11 21:45:26.0;
5;7365;2019-04-11 21:45:27.0;
5;7365.2;2019-04-11 21:45:28.0;
5;7365;2019-04-11 21:45:31.0;
5;7365.5;2019-04-11 21:45:35.0;
5;7365;2019-04-11 21:45:40.0;
5;7364.8;2019-04-11 21:46:05.0;
5;7364.5;2019-04-11 21:46:09.0;
5;7364.3;2019-04-11 21:46:21.0;
5;7364;2019-04-11 21:46:25.0;
5;7363.8;2019-04-11 21:46:28.0;
5;7364.5;2019-04-11 21:47:07.0;
5;7363.8;2019-04-11 21:47:08.0;
5;7364.5;2019-04-11 21:47:11.0;
5;7364.8;2019-04-11 21:47:13.0;
5;7364.2;2019-04-11 21:47:19.0;
5;7364.8;2019-04-11 21:48:29.0;
5;7365.5;2019-04-11 21:49:03.0;
5;7364.8;2019-04-11 21:49:04.0;
5;7365.5;2019-04-11 21:49:06.0;
5;7365.2;2019-04-11 21:49:11.0;
5;7366;2019-04-11 21:49:15.0;
5;7365.8;2019-04-11 21:49:21.0;
5;7365.5;2019-04-11 21:49:22.0;
5;7365.8;2019-04-11 21:49:26.0;
5;7365.5;2019-04-11 21:49:27.0;
5;7365.2;2019-04-11 21:49:28.0;
5;7365;2019-04-11 21:49:39.0;
5;7364.8;2019-04-11 21:50:04.0;
5;7365.5;2019-04-11 21:50:07.0;
5;7365.2;2019-04-11 21:50:12.0;
5;7365.5;2019-04-11 21:50:15.0;
5;7365.2;2019-04-11 21:50:20.0;
5;7365.5;2019-04-11 21:50:21.0;
5;7365.2;2019-04-11 21:50:23.0;
5;7365.8;2019-04-11 21:50:43.0;
5;7365.2;2019-04-11 21:50:47.0;
5;7365.3;2019-04-11 21:51:40.0;
5;7365;2019-04-11 21:51:47.0;
5;7364.8;2019-04-11 21:52:04.0;
5;7364.3;2019-04-11 21:52:19.0;
5;7364.8;2019-04-11 21:52:21.0;
5;7364.3;2019-04-11 21:52:22.0;
5;7364.5;2019-04-11 21:52:37.0;
5;7364.8;2019-04-11 21:52:38.0;
5;7365.3;2019-04-11 21:52:44.0;
5;7366;2019-04-11 21:53:13.0;
5;7366.5;2019-04-11 21:53:19.0;
5;7366.8;2019-04-11 21:53:24.0;
5;7366.5;2019-04-11 21:53:25.0;
5;7366.8;2019-04-11 21:53:27.0;
5;7366.3;2019-04-11 21:53:29.0;
5;7366.8;2019-04-11 21:53:32.0;
5;7367.8;2019-04-11 21:54:03.0;
5;7366.8;2019-04-11 21:54:04.0;
5;7367.8;2019-04-11 21:54:06.0;
5;7367.3;2019-04-11 21:54:07.0;
5;7367.8;2019-04-11 21:54:10.0;
5;7367.3;2019-04-11 21:54:11.0;
5;7367.2;2019-04-11 21:54:20.0;
5;7367.8;2019-04-11 21:54:40.0;
5;7367.2;2019-04-11 21:54:41.0;
5;7367.8;2019-04-11 21:54:43.0;
5;7368.3;2019-04-11 21:54:55.0;
5;7368.2;2019-04-11 21:55:00.0;
5;7368.8;2019-04-11 21:55:08.0;
5;7368.5;2019-04-11 21:55:18.0;
5;7368.8;2019-04-11 21:55:20.0;
5;7368.5;2019-04-11 21:55:21.0;
5;7369;2019-04-11 21:55:28.0;
5;7368.8;2019-04-11 21:55:33.0;
5;7368.2;2019-04-11 21:56:05.0;
5;7368;2019-04-11 21:56:06.0;
5;7367.8;2019-04-11 21:56:22.0;
5;7367.5;2019-04-11 21:56:39.0;
5;7367.8;2019-04-11 21:56:47.0;
5;7368.2;2019-04-11 21:56:51.0;
5;7368;2019-04-11 21:56:57.0;
5;7368.2;2019-04-11 21:57:09.0;
5;7368;2019-04-11 21:57:11.0;
5;7368.5;2019-04-11 21:57:21.0;
5;7368.3;2019-04-11 21:57:24.0;
5;7368.5;2019-04-11 21:57:25.0;
5;7368.3;2019-04-11 21:57:27.0;
5;7368.5;2019-04-11 21:57:30.0;
5;7368.3;2019-04-11 21:57:44.0;
5;7368;2019-04-11 21:58:49.0;
5;7367.8;2019-04-11 21:58:57.0;
5;7368;2019-04-11 21:59:08.0;
5;7368.8;2019-04-11 21:59:15.0;
5;7368;2019-04-11 21:59:17.0;
5;7368.8;2019-04-11 21:59:18.0;
5;7369.5;2019-04-11 21:59:33.0;
5;7369.8;2019-04-11 21:59:45.0;
5;7369.5;2019-04-11 22:00:03.0;
5;7369.8;2019-04-11 22:00:04.0;
5;7369.5;2019-04-11 22:00:06.0;
5;7368;2019-04-11 22:00:12.0;
5;7369.5;2019-04-11 22:00:13.0;
5;7368.6;2019-04-11 22:00:16.0;
5;7368;2019-04-11 22:00:21.0;
5;7368.6;2019-04-11 22:00:24.0;
5;7369.3;2019-04-11 22:00:29.0;
5;7368;2019-04-11 22:00:31.0;
5;7369.3;2019-04-11 22:00:33.0;
5;7368;2019-04-11 22:00:34.0;
5;7368.6;2019-04-11 22:00:40.0;
5;7368;2019-04-11 22:01:00.0;
5;7368.3;2019-04-11 22:01:07.0;
5;7368;2019-04-11 22:01:10.0;
5;7368.3;2019-04-11 22:01:11.0;
5;7367.3;2019-04-11 22:01:20.0;
5;7366.7;2019-04-11 22:01:30.0;
5;7366.1;2019-04-11 22:01:31.0;
5;7365.4;2019-04-11 22:01:38.0;
5;7366.1;2019-04-11 22:01:44.0;
5;7365.4;2019-04-11 22:02:06.0;
5;7364.2;2019-04-11 22:02:29.0;
5;7365.4;2019-04-11 22:02:36.0;
5;7366.1;2019-04-11 22:02:45.0;
5;7366.7;2019-04-11 22:03:07.0;
5;7365.4;2019-04-11 22:03:34.0;
5;7364.8;2019-04-11 22:04:06.0;
5;7365.4;2019-04-11 22:04:43.0;
5;7364.8;2019-04-11 22:04:44.0;
5;7365.4;2019-04-11 22:04:47.0;
5;7366.1;2019-04-11 22:04:54.0;
5;7367.3;2019-04-11 22:05:13.0;
5;7365.7;2019-04-11 22:05:39.0;
5;7365.4;2019-04-11 22:05:43.0;
5;7365.7;2019-04-11 22:05:45.0;
5;7365.4;2019-04-11 22:05:46.0;
5;7364.8;2019-04-11 22:06:10.0;
5;7365.4;2019-04-11 22:06:17.0;
5;7364.8;2019-04-11 22:06:18.0;
5;7365.4;2019-04-11 22:06:20.0;
5;7364.8;2019-04-11 22:06:21.0;
5;7364.2;2019-04-11 22:06:31.0;
5;7363.5;2019-04-11 22:06:35.0;
5;7364.2;2019-04-11 22:06:53.0;
5;7363.5;2019-04-11 22:08:06.0;
5;7364.2;2019-04-11 22:08:14.0;
5;7364.8;2019-04-11 22:08:45.0;
5;7364.2;2019-04-11 22:08:46.0;
5;7364.8;2019-04-11 22:09:00.0;
5;7364.2;2019-04-11 22:09:11.0;
5;7364.8;2019-04-11 22:09:44.0;
5;7365.4;2019-04-11 22:10:17.0;
5;7364.8;2019-04-11 22:10:19.0;
5;7365.4;2019-04-11 22:10:20.0;
5;7364.8;2019-04-11 22:10:21.0;
5;7365.7;2019-04-11 22:13:42.0;
5;7366.7;2019-04-11 22:13:47.0;
5;7367.3;2019-04-11 22:14:04.0;
5;7368;2019-04-11 22:14:06.0;
5;7368.6;2019-04-11 22:14:12.0;
5;7368;2019-04-11 22:14:18.0;
5;7368.6;2019-04-11 22:14:19.0;
5;7368;2019-04-11 22:14:21.0;
5;7367.3;2019-04-11 22:14:30.0;
5;7368;2019-04-11 22:14:34.0;
5;7368.6;2019-04-11 22:14:40.0;
5;7367.3;2019-04-11 22:14:54.0;
5;7366.7;2019-04-11 22:14:58.0;
5;7367.3;2019-04-11 22:15:00.0;
5;7366.7;2019-04-11 22:15:01.0;
5;7365.7;2019-04-11 22:30:06.0;
5;7366.1;2019-04-11 22:30:07.0;
5;7365.7;2019-04-11 22:30:08.0;
5;7366.1;2019-04-11 22:30:10.0;
5;7366.4;2019-04-11 22:30:13.0;
5;7367.7;2019-04-11 22:30:16.0;
5;7367.3;2019-04-11 22:30:21.0;
5;7368;2019-04-11 22:30:48.0;
5;7367.3;2019-04-11 22:30:53.0;
5;7368;2019-04-11 22:31:42.0;
5;7367.7;2019-04-11 22:31:48.0;
5;7368;2019-04-11 22:32:05.0;
5;7368.6;2019-04-11 22:32:44.0;
5;7368;2019-04-11 22:32:47.0;
5;7368.6;2019-04-11 22:32:48.0;
5;7369.3;2019-04-11 22:34:47.0;
5;7369.9;2019-04-11 22:35:42.0;
5;7369.3;2019-04-11 22:36:05.0;
5;7369.9;2019-04-11 22:38:08.0;
5;7369.6;2019-04-11 22:38:55.0;
5;7368.6;2019-04-11 22:39:06.0;
5;7369.3;2019-04-11 22:39:33.0;
5;7368.6;2019-04-11 22:40:12.0;
5;7368;2019-04-11 22:40:44.0;
5;7367.3;2019-04-11 22:43:01.0;
5;7368;2019-04-11 22:44:08.0;
5;7368.6;2019-04-11 22:44:56.0;
5;7368;2019-04-11 22:45:08.0;
5;7368.6;2019-04-11 22:47:08.0;
5;7368;2019-04-11 22:47:16.0;
5;7368.3;2019-04-11 22:47:19.0;
5;7368;2019-04-11 22:47:21.0;
5;7368.3;2019-04-11 22:47:23.0;
5;7368.6;2019-04-11 22:47:32.0;
5;7368.3;2019-04-11 22:47:41.0;
5;7368;2019-04-11 22:52:11.0;
5;7368.6;2019-04-11 22:52:47.0;
5;7368;2019-04-11 22:52:49.0;
5;7368.6;2019-04-11 22:52:51.0;
5;7369.3;2019-04-11 22:53:36.0;
5;7368.6;2019-04-11 22:53:38.0;
5;7369.3;2019-04-11 22:53:39.0;
5;7369.9;2019-04-11 22:54:35.0;
5;7370.5;2019-04-11 22:56:04.0;
5;7369.6;2019-04-11 22:56:09.0;
5;7369.3;2019-04-11 22:56:11.0;
5;7368.6;2019-04-11 22:57:07.0;
5;7369.3;2019-04-11 22:57:38.0;
5;7368.6;2019-04-11 22:59:40.0;
5;7369.7;2019-04-11 23:00:03.0;
7;3352;2019-04-11 11:21:37.0;
7;3350;2019-04-11 11:22:04.0;
7;3352;2019-04-11 11:22:07.0;
7;3350;2019-04-11 11:22:08.0;
7;3352;2019-04-11 11:25:06.0;
7;3350;2019-04-11 11:25:08.0;
7;3352;2019-04-11 11:25:10.0;
7;3350;2019-04-11 11:26:15.0;
7;3352;2019-04-11 11:30:43.0;
7;3350;2019-04-11 11:30:47.0;
7;3352;2019-04-11 11:31:21.0;
7;3354;2019-04-11 11:40:09.0;
7;3356;2019-04-11 11:43:40.0;
7;3354;2019-04-11 11:43:41.0;
7;3356;2019-04-11 11:43:43.0;
7;3354;2019-04-11 11:44:25.0;
7;3356;2019-04-11 11:44:26.0;
7;3354;2019-04-11 11:44:27.0;
7;3356;2019-04-11 11:51:48.0;
7;3358;2019-04-11 11:54:23.0;
7;3356;2019-04-11 11:54:24.0;
7;3358;2019-04-11 11:54:26.0;
7;3356;2019-04-11 11:54:59.0;
7;3358;2019-04-11 11:55:08.0;
7;3356;2019-04-11 11:55:40.0;
7;3358;2019-04-11 11:56:36.0;
7;3356;2019-04-11 11:56:41.0;
7;3358;2019-04-11 12:10:05.0;
7;3356;2019-04-11 12:10:36.0;
7;3358;2019-04-11 12:25:24.0;
7;3356;2019-04-11 12:28:32.0;
7;3358;2019-04-11 12:29:00.0;
7;3356;2019-04-11 12:29:01.0;
7;3358;2019-04-11 12:29:02.0;
7;3356;2019-04-11 12:35:40.0;
7;3358;2019-04-11 12:35:42.0;
7;3356;2019-04-11 12:35:43.0;
7;3358;2019-04-11 12:35:44.0;
7;3356;2019-04-11 12:36:03.0;
7;3358;2019-04-11 12:39:48.0;
7;3362;2019-04-11 12:45:39.0;
7;3360;2019-04-11 12:46:05.0;
7;3362;2019-04-11 12:46:28.0;
7;3364;2019-04-11 12:50:17.0;
7;3366;2019-04-11 12:50:59.0;
7;3364;2019-04-11 12:51:07.0;
7;3366;2019-04-11 12:51:08.0;
7;3364;2019-04-11 12:51:09.0;
7;3366;2019-04-11 12:54:52.0;
7;3364;2019-04-11 12:54:53.0;
7;3366;2019-04-11 12:54:56.0;
7;3364;2019-04-11 12:55:09.0;
7;3366;2019-04-11 12:58:05.0;
7;3364;2019-04-11 13:02:51.0;
7;3366;2019-04-11 13:03:24.0;
7;3364;2019-04-11 13:10:26.0;
7;3366;2019-04-11 13:10:28.0;
7;3364;2019-04-11 13:10:29.0;
7;3362;2019-04-11 13:14:04.0;
7;3364;2019-04-11 13:14:09.0;
7;3362;2019-04-11 13:14:18.0;
7;3364;2019-04-11 13:14:19.0;
7;3362;2019-04-11 13:14:22.0;
7;3364;2019-04-11 13:14:23.0;
7;3362;2019-04-11 13:14:56.0;
7;3364;2019-04-11 13:14:57.0;
7;3362;2019-04-11 13:14:58.0;
7;3364;2019-04-11 13:17:29.0;
7;3362;2019-04-11 13:26:39.0;
7;3364;2019-04-11 13:26:59.0;
7;3362;2019-04-11 13:27:06.0;
7;3364;2019-04-11 13:27:12.0;
7;3362;2019-04-11 13:34:39.0;
7;3364;2019-04-11 13:34:41.0;
7;3362;2019-04-11 13:34:43.0;
7;3364;2019-04-11 13:34:44.0;
7;3362;2019-04-11 13:34:59.0;
7;3364;2019-04-11 13:35:05.0;
7;3362;2019-04-11 13:35:09.0;
7;3364;2019-04-11 13:36:51.0;
7;3362;2019-04-11 13:39:33.0;
7;3364;2019-04-11 13:45:03.0;
7;3366;2019-04-11 13:50:18.0;
7;3364;2019-04-11 13:51:31.0;
7;3362;2019-04-11 13:56:53.0;
7;3364;2019-04-11 13:57:03.0;
7;3362;2019-04-11 13:57:10.0;
7;3364;2019-04-11 13:57:21.0;
7;3362;2019-04-11 13:59:03.0;
7;3364;2019-04-11 13:59:35.0;
7;3362;2019-04-11 13:59:36.0;
7;3364;2019-04-11 13:59:38.0;
7;3362;2019-04-11 14:00:45.0;
7;3364;2019-04-11 14:03:24.0;
7;3362;2019-04-11 15:12:36.0;
7;3364;2019-04-11 15:18:18.0;
7;3362;2019-04-11 15:18:20.0;
7;3364;2019-04-11 15:18:21.0;
7;3366;2019-04-11 15:26:07.0;
7;3364;2019-04-11 15:27:44.0;
7;3362;2019-04-11 15:30:39.0;
7;3364;2019-04-11 15:30:49.0;
7;3362;2019-04-11 15:31:04.0;
7;3360;2019-04-11 15:32:19.0;
7;3362;2019-04-11 15:32:20.0;
7;3360;2019-04-11 15:32:21.0;
7;3362;2019-04-11 15:32:26.0;
7;3360;2019-04-11 15:36:07.0;
7;3358;2019-04-11 15:40:07.0;
7;3360;2019-04-11 15:40:53.0;
7;3362;2019-04-11 15:42:23.0;
7;3364;2019-04-11 15:43:15.0;
7;3362;2019-04-11 15:46:16.0;
7;3364;2019-04-11 15:46:19.0;
7;3366;2019-04-11 15:50:35.0;
7;3364;2019-04-11 15:51:08.0;
7;3362;2019-04-11 15:52:13.0;
7;3364;2019-04-11 15:52:14.0;
7;3362;2019-04-11 15:52:15.0;
7;3364;2019-04-11 15:52:31.0;
7;3362;2019-04-11 15:52:42.0;
7;3360;2019-04-11 15:53:13.0;
7;3362;2019-04-11 15:53:42.0;
7;3360;2019-04-11 15:54:17.0;
7;3358;2019-04-11 15:55:05.0;
7;3360;2019-04-11 15:56:07.0;
7;3358;2019-04-11 15:59:33.0;
7;3360;2019-04-11 15:59:43.0;
7;3358;2019-04-11 15:59:45.0;
7;3360;2019-04-11 15:59:46.0;
7;3362;2019-04-11 16:03:04.0;
7;3364;2019-04-11 16:10:30.0;
7;3362;2019-04-11 16:10:40.0;
7;3364;2019-04-11 16:10:41.0;
7;3362;2019-04-11 16:10:43.0;
7;3364;2019-04-11 16:10:50.0;
7;3362;2019-04-11 16:11:02.0;
7;3364;2019-04-11 16:15:08.0;
7;3362;2019-04-11 16:15:39.0;
7;3364;2019-04-11 16:15:45.0;
7;3362;2019-04-11 16:15:49.0;
7;3364;2019-04-11 16:17:29.0;
7;3362;2019-04-11 16:17:31.0;
7;3364;2019-04-11 16:17:33.0;
7;3362;2019-04-11 16:19:26.0;
7;3364;2019-04-11 16:22:55.0;
7;3362;2019-04-11 16:22:56.0;
7;3364;2019-04-11 16:22:58.0;
7;3362;2019-04-11 16:23:18.0;
7;3364;2019-04-11 16:24:36.0;
7;3366;2019-04-11 16:32:03.0;
7;3364;2019-04-11 16:32:52.0;
7;3366;2019-04-11 16:35:29.0;
7;3364;2019-04-11 16:35:40.0;
7;3366;2019-04-11 16:37:01.0;
7;3368;2019-04-11 16:43:11.0;
7;3366;2019-04-11 16:43:34.0;
7;3364;2019-04-11 16:44:53.0;
7;3362;2019-04-11 16:48:04.0;
7;3364;2019-04-11 16:48:06.0;
7;3362;2019-04-11 16:48:07.0;
7;3364;2019-04-11 16:48:09.0;
7;3362;2019-04-11 16:48:32.0;
7;3364;2019-04-11 16:52:24.0;
7;3362;2019-04-11 16:52:25.0;
7;3364;2019-04-11 16:52:43.0;
7;3362;2019-04-11 16:52:44.0;
7;3364;2019-04-11 16:52:46.0;
7;3366;2019-04-11 16:58:40.0;
7;3364;2019-04-11 16:58:43.0;
7;3366;2019-04-11 16:58:44.0;
7;3364;2019-04-11 16:58:45.0;
7;3366;2019-04-11 17:00:03.0;
7;3364;2019-04-11 17:00:05.0;
7;3366;2019-04-11 17:00:08.0;
7;3364;2019-04-11 17:03:34.0;
7;3366;2019-04-11 17:04:31.0;
7;3364;2019-04-11 17:04:34.0;
7;3366;2019-04-11 17:04:35.0;
7;3364;2019-04-11 17:04:38.0;
7;3366;2019-04-11 17:04:44.0;
7;3364;2019-04-11 17:05:30.0;
7;3362;2019-04-11 17:11:29.0;
7;3364;2019-04-11 17:12:34.0;
7;3366;2019-04-11 17:15:29.0;
7;3364;2019-04-11 17:16:10.0;
7;3362;2019-04-11 17:18:51.0;
7;3364;2019-04-11 17:19:20.0;
7;3362;2019-04-11 17:19:22.0;
7;3364;2019-04-11 17:19:23.0;
7;3366;2019-04-11 17:22:12.0;
7;3364;2019-04-11 17:22:14.0;
7;3366;2019-04-11 17:22:15.0;
7;3364;2019-04-11 17:22:18.0;
7;3362;2019-04-11 17:25:07.0;
7;3364;2019-04-11 17:26:03.0;
7;3362;2019-04-11 17:26:10.0;
7;3364;2019-04-11 17:26:46.0;
7;3362;2019-04-11 17:32:45.0;
7;3364;2019-04-11 17:32:47.0;
7;3362;2019-04-11 17:32:48.0;
7;3364;2019-04-11 17:38:04.0;
7;3362;2019-04-11 17:38:15.0;
7;3360;2019-04-11 17:40:13.0;
7;3358;2019-04-11 17:40:52.0;
7;3360;2019-04-11 17:44:45.0;
7;3358;2019-04-11 17:47:22.0;
7;3360;2019-04-11 17:47:29.0;
7;3358;2019-04-11 17:47:39.0;
7;3359;2019-04-11 17:47:44.0;
7;3358;2019-04-11 17:47:45.0;
7;3359;2019-04-11 17:47:46.0;
7;3358;2019-04-11 17:47:49.0;
7;3360;2019-04-11 17:48:12.0;
7;3358;2019-04-11 17:52:09.0;
7;3360;2019-04-11 17:52:28.0;
7;3358;2019-04-11 17:52:29.0;
7;3360;2019-04-11 17:52:32.0;
7;3358;2019-04-11 17:52:34.0;
7;3360;2019-04-11 17:52:35.0;
7;3358;2019-04-11 17:53:23.0;
7;3360;2019-04-11 17:54:26.0;
7;3358;2019-04-11 17:54:28.0;
7;3360;2019-04-11 17:54:30.0;
7;3358;2019-04-11 17:55:09.0;
7;3360;2019-04-11 17:55:26.0;
7;3358;2019-04-11 17:55:28.0;
7;3360;2019-04-11 17:55:29.0;
7;3362;2019-04-11 18:06:13.0;
7;3360;2019-04-11 18:16:32.0;
7;3362;2019-04-11 18:16:34.0;
7;3360;2019-04-11 18:16:35.0;
7;3358;2019-04-11 18:41:47.0;
7;3360;2019-04-11 18:44:27.0;
7;3358;2019-04-11 18:45:08.0;
7;3360;2019-04-11 18:53:14.0;
7;3358;2019-04-11 18:53:25.0;
7;3360;2019-04-11 18:53:31.0;
7;3358;2019-04-11 18:53:34.0;
7;3360;2019-04-11 18:53:35.0;
7;3358;2019-04-11 18:53:37.0;
7;3360;2019-04-11 18:53:46.0;
7;3358;2019-04-11 18:56:17.0;
7;3360;2019-04-11 18:56:20.0;
7;3358;2019-04-11 18:56:21.0;
7;3360;2019-04-11 18:56:24.0;
7;3358;2019-04-11 19:32:02.0;
7;3360;2019-04-11 19:34:09.0;
7;3358;2019-04-11 19:38:11.0;
7;3356;2019-04-11 19:59:15.0;
7;3358;2019-04-11 19:59:17.0;
7;3356;2019-04-11 19:59:18.0;
7;3358;2019-04-11 19:59:20.0;
7;3356;2019-04-11 20:00:04.0;
7;3358;2019-04-11 20:00:13.0;
7;3356;2019-04-11 20:00:36.0;
7;3358;2019-04-11 20:00:38.0;
7;3356;2019-04-11 20:00:40.0;
7;3358;2019-04-11 20:00:47.0;
7;3356;2019-04-11 20:00:49.0;
7;3358;2019-04-11 20:00:50.0;
7;3356;2019-04-11 20:00:57.0;
7;3358;2019-04-11 20:00:58.0;
7;3356;2019-04-11 20:01:00.0;
7;3358;2019-04-11 20:01:11.0;
7;3357;2019-04-11 20:01:19.0;
7;3356;2019-04-11 20:01:36.0;
7;3357;2019-04-11 20:01:37.0;
7;3356;2019-04-11 20:01:39.0;
7;3358;2019-04-11 20:02:04.0;
7;3356;2019-04-11 20:02:05.0;
7;3358;2019-04-11 20:02:07.0;
7;3357;2019-04-11 20:02:09.0;
7;3358;2019-04-11 20:02:32.0;
7;3357;2019-04-11 20:02:34.0;
7;3358;2019-04-11 20:02:35.0;
7;3356;2019-04-11 20:07:30.0;
7;3358;2019-04-11 20:12:31.0;
7;3356;2019-04-11 20:17:11.0;
7;3358;2019-04-11 20:17:23.0;
7;3356;2019-04-11 20:17:36.0;
7;3358;2019-04-11 20:17:37.0;
7;3356;2019-04-11 20:17:40.0;
7;3358;2019-04-11 20:18:23.0;
7;3356;2019-04-11 20:23:04.0;
7;3358;2019-04-11 20:24:23.0;
7;3356;2019-04-11 20:24:32.0;
7;3358;2019-04-11 21:06:08.0;
7;3360;2019-04-11 21:21:45.0;
7;3358;2019-04-11 21:21:49.0;
7;3360;2019-04-11 21:22:41.0;
7;3358;2019-04-11 21:23:32.0;
7;3360;2019-04-11 21:25:46.0;
7;3358;2019-04-11 21:26:04.0;
7;3360;2019-04-11 21:26:17.0;
7;3362;2019-04-11 21:54:03.0;
7;3360;2019-04-11 21:54:04.0;
7;3362;2019-04-11 21:54:06.0;
7;3363;2019-04-11 22:00:10.0;
7;3362;2019-04-11 22:03:36.0;
8;560.3;2019-04-11 11:15:41.0;
8;560.33;2019-04-11 11:15:47.0;
8;560.35;2019-04-11 11:16:04.0;
8;560.38;2019-04-11 11:16:08.0;
8;560.33;2019-04-11 11:16:15.0;
8;560.36;2019-04-11 11:16:24.0;
8;560.38;2019-04-11 11:16:30.0;
8;560.42;2019-04-11 11:16:33.0;
8;560.45;2019-04-11 11:16:36.0;
8;560.42;2019-04-11 11:16:41.0;
8;560.38;2019-04-11 11:16:54.0;
8;560.36;2019-04-11 11:17:02.0;
8;560.38;2019-04-11 11:17:04.0;
8;560.35;2019-04-11 11:17:15.0;
8;560.36;2019-04-11 11:17:31.0;
8;560.33;2019-04-11 11:17:36.0;
8;560.36;2019-04-11 11:17:38.0;
8;560.33;2019-04-11 11:17:39.0;
8;560.38;2019-04-11 11:17:42.0;
8;560.4;2019-04-11 11:18:19.0;
8;560.42;2019-04-11 11:18:23.0;
8;560.4;2019-04-11 11:18:26.0;
8;560.42;2019-04-11 11:18:27.0;
8;560.48;2019-04-11 11:18:31.0;
8;560.42;2019-04-11 11:18:33.0;
8;560.48;2019-04-11 11:18:34.0;
8;560.42;2019-04-11 11:18:37.0;
8;560.4;2019-04-11 11:18:43.0;
8;560.42;2019-04-11 11:18:46.0;
8;560.38;2019-04-11 11:18:55.0;
8;560.4;2019-04-11 11:19:16.0;
8;560.38;2019-04-11 11:19:17.0;
8;560.4;2019-04-11 11:19:28.0;
8;560.38;2019-04-11 11:19:32.0;
8;560.4;2019-04-11 11:19:33.0;
8;560.38;2019-04-11 11:19:35.0;
8;560.33;2019-04-11 11:19:44.0;
8;560.38;2019-04-11 11:19:50.0;
8;560.42;2019-04-11 11:20:08.0;
8;560.45;2019-04-11 11:20:10.0;
8;560.46;2019-04-11 11:20:14.0;
8;560.42;2019-04-11 11:20:18.0;
8;560.47;2019-04-11 11:20:21.0;
8;560.42;2019-04-11 11:20:29.0;
8;560.45;2019-04-11 11:20:31.0;
8;560.42;2019-04-11 11:20:32.0;
8;560.45;2019-04-11 11:20:34.0;
8;560.47;2019-04-11 11:20:35.0;
8;560.48;2019-04-11 11:20:43.0;
8;560.47;2019-04-11 11:20:44.0;
8;560.48;2019-04-11 11:20:47.0;
8;560.47;2019-04-11 11:20:48.0;
8;560.55;2019-04-11 11:21:03.0;
8;560.52;2019-04-11 11:21:07.0;
8;560.55;2019-04-11 11:21:09.0;
8;560.52;2019-04-11 11:21:10.0;
8;560.58;2019-04-11 11:21:35.0;
8;560.52;2019-04-11 11:21:37.0;
8;560.58;2019-04-11 11:21:38.0;
8;560.55;2019-04-11 11:21:43.0;
8;560.58;2019-04-11 11:21:48.0;
8;560.55;2019-04-11 11:22:07.0;
8;560.53;2019-04-11 11:22:11.0;
8;560.58;2019-04-11 11:23:21.0;
8;560.53;2019-04-11 11:23:25.0;
8;560.5;2019-04-11 11:23:35.0;
8;560.53;2019-04-11 11:23:37.0;
8;560.5;2019-04-11 11:23:38.0;
8;560.47;2019-04-11 11:23:40.0;
8;560.5;2019-04-11 11:23:41.0;
8;560.47;2019-04-11 11:23:44.0;
8;560.5;2019-04-11 11:23:45.0;
8;560.53;2019-04-11 11:24:06.0;
8;560.48;2019-04-11 11:24:18.0;
8;560.53;2019-04-11 11:24:34.0;
8;560.52;2019-04-11 11:24:35.0;
8;560.53;2019-04-11 11:24:37.0;
8;560.52;2019-04-11 11:24:38.0;
8;560.5;2019-04-11 11:24:49.0;
8;560.48;2019-04-11 11:24:54.0;
8;560.53;2019-04-11 11:25:11.0;
8;560.58;2019-04-11 11:25:17.0;
8;560.62;2019-04-11 11:25:33.0;
8;560.52;2019-04-11 11:26:07.0;
8;560.58;2019-04-11 11:26:08.0;
8;560.52;2019-04-11 11:26:10.0;
8;560.47;2019-04-11 11:26:27.0;
8;560.48;2019-04-11 11:26:30.0;
8;560.53;2019-04-11 11:26:42.0;
8;560.47;2019-04-11 11:26:47.0;
8;560.48;2019-04-11 11:26:54.0;
8;560.47;2019-04-11 11:26:58.0;
8;560.42;2019-04-11 11:27:19.0;
8;560.38;2019-04-11 11:27:23.0;
8;560.42;2019-04-11 11:27:24.0;
8;560.38;2019-04-11 11:27:26.0;
8;560.4;2019-04-11 11:27:29.0;
8;560.42;2019-04-11 11:27:36.0;
8;560.38;2019-04-11 11:27:39.0;
8;560.4;2019-04-11 11:27:49.0;
8;560.38;2019-04-11 11:27:50.0;
8;560.3;2019-04-11 11:28:19.0;
8;560.27;2019-04-11 11:28:25.0;
8;560.33;2019-04-11 11:28:27.0;
8;560.3;2019-04-11 11:28:33.0;
8;560.27;2019-04-11 11:28:39.0;
8;560.3;2019-04-11 11:28:46.0;
8;560.28;2019-04-11 11:28:51.0;
8;560.25;2019-04-11 11:28:58.0;
8;560.23;2019-04-11 11:29:03.0;
8;560.25;2019-04-11 11:29:13.0;
8;560.23;2019-04-11 11:29:20.0;
8;560.27;2019-04-11 11:29:25.0;
8;560.28;2019-04-11 11:29:30.0;
8;560.33;2019-04-11 11:29:34.0;
8;560.38;2019-04-11 11:29:38.0;
8;560.33;2019-04-11 11:29:40.0;
8;560.38;2019-04-11 11:29:41.0;
8;560.33;2019-04-11 11:30:04.0;
8;560.3;2019-04-11 11:30:14.0;
8;560.28;2019-04-11 11:30:25.0;
8;560.27;2019-04-11 11:30:34.0;
8;560.28;2019-04-11 11:30:37.0;
8;560.33;2019-04-11 11:30:40.0;
8;560.38;2019-04-11 11:30:43.0;
8;560.33;2019-04-11 11:30:49.0;
8;560.38;2019-04-11 11:31:07.0;
8;560.4;2019-04-11 11:31:18.0;
8;560.38;2019-04-11 11:31:20.0;
8;560.46;2019-04-11 11:31:23.0;
8;560.45;2019-04-11 11:31:30.0;
8;560.42;2019-04-11 11:31:35.0;
8;560.4;2019-04-11 11:31:46.0;
8;560.38;2019-04-11 11:31:49.0;
8;560.42;2019-04-11 11:32:07.0;
8;560.45;2019-04-11 11:32:18.0;
8;560.47;2019-04-11 11:32:22.0;
8;560.42;2019-04-11 11:32:29.0;
8;560.45;2019-04-11 11:32:33.0;
8;560.46;2019-04-11 11:32:42.0;
8;560.48;2019-04-11 11:32:44.0;
8;560.5;2019-04-11 11:32:48.0;
8;560.52;2019-04-11 11:33:07.0;
8;560.55;2019-04-11 11:33:11.0;
8;560.52;2019-04-11 11:33:13.0;
8;560.55;2019-04-11 11:33:14.0;
8;560.58;2019-04-11 11:33:21.0;
8;560.62;2019-04-11 11:34:06.0;
8;560.67;2019-04-11 11:34:11.0;
8;560.6;2019-04-11 11:34:17.0;
8;560.58;2019-04-11 11:34:22.0;
8;560.53;2019-04-11 11:34:35.0;
8;560.47;2019-04-11 11:34:55.0;
8;560.5;2019-04-11 11:35:06.0;
8;560.48;2019-04-11 11:35:09.0;
8;560.5;2019-04-11 11:35:15.0;
8;560.58;2019-04-11 11:35:16.0;
8;560.5;2019-04-11 11:35:18.0;
8;560.58;2019-04-11 11:35:19.0;
8;560.62;2019-04-11 11:35:27.0;
8;560.58;2019-04-11 11:35:30.0;
8;560.61;2019-04-11 11:35:37.0;
8;560.58;2019-04-11 11:35:40.0;
8;560.61;2019-04-11 11:35:41.0;
8;560.58;2019-04-11 11:35:42.0;
8;560.6;2019-04-11 11:35:46.0;
8;560.53;2019-04-11 11:36:03.0;
8;560.58;2019-04-11 11:36:27.0;
8;560.53;2019-04-11 11:36:30.0;
8;560.58;2019-04-11 11:36:32.0;
8;560.61;2019-04-11 11:36:34.0;
8;560.62;2019-04-11 11:36:37.0;
8;560.65;2019-04-11 11:36:47.0;
8;560.71;2019-04-11 11:37:03.0;
8;560.72;2019-04-11 11:37:08.0;
8;560.73;2019-04-11 11:37:19.0;
8;560.75;2019-04-11 11:37:23.0;
8;560.78;2019-04-11 11:37:40.0;
8;560.75;2019-04-11 11:37:41.0;
8;560.78;2019-04-11 11:37:43.0;
8;560.75;2019-04-11 11:37:45.0;
8;560.73;2019-04-11 11:37:48.0;
8;560.77;2019-04-11 11:38:15.0;
8;560.73;2019-04-11 11:38:20.0;
8;560.78;2019-04-11 11:38:33.0;
8;560.72;2019-04-11 11:38:40.0;
8;560.7;2019-04-11 11:38:55.0;
8;560.73;2019-04-11 11:39:00.0;
8;560.78;2019-04-11 11:39:19.0;
8;560.83;2019-04-11 11:40:04.0;
8;560.78;2019-04-11 11:40:05.0;
8;560.83;2019-04-11 11:40:07.0;
8;560.88;2019-04-11 11:40:22.0;
8;560.83;2019-04-11 11:40:24.0;
8;560.88;2019-04-11 11:40:25.0;
8;560.9;2019-04-11 11:40:29.0;
8;560.88;2019-04-11 11:40:32.0;
8;560.83;2019-04-11 11:40:48.0;
8;560.86;2019-04-11 11:40:59.0;
8;560.83;2019-04-11 11:41:03.0;
8;560.88;2019-04-11 11:41:06.0;
8;560.83;2019-04-11 11:42:04.0;
8;560.8;2019-04-11 11:42:16.0;
8;560.78;2019-04-11 11:42:26.0;
8;560.8;2019-04-11 11:42:27.0;
8;560.78;2019-04-11 11:42:30.0;
8;560.8;2019-04-11 11:42:32.0;
8;560.78;2019-04-11 11:42:33.0;
8;560.8;2019-04-11 11:42:35.0;
8;560.83;2019-04-11 11:42:39.0;
8;560.77;2019-04-11 11:42:56.0;
8;560.8;2019-04-11 11:42:57.0;
8;560.77;2019-04-11 11:42:59.0;
8;560.75;2019-04-11 11:43:06.0;
8;560.83;2019-04-11 11:43:10.0;
8;560.77;2019-04-11 11:43:12.0;
8;560.85;2019-04-11 11:43:20.0;
8;560.83;2019-04-11 11:43:23.0;
8;560.86;2019-04-11 11:43:32.0;
8;561.03;2019-04-11 11:43:37.0;
8;561.08;2019-04-11 11:43:43.0;
8;561.03;2019-04-11 11:44:04.0;
8;560.97;2019-04-11 11:44:07.0;
8;561.03;2019-04-11 11:44:08.0;
8;560.97;2019-04-11 11:44:12.0;
8;560.9;2019-04-11 11:44:15.0;
8;560.97;2019-04-11 11:44:18.0;
8;560.95;2019-04-11 11:44:19.0;
8;560.97;2019-04-11 11:44:21.0;
8;560.95;2019-04-11 11:44:22.0;
8;560.92;2019-04-11 11:44:27.0;
8;560.9;2019-04-11 11:44:53.0;
8;560.88;2019-04-11 11:45:00.0;
8;560.9;2019-04-11 11:45:06.0;
8;560.88;2019-04-11 11:45:11.0;
8;560.9;2019-04-11 11:45:15.0;
8;560.92;2019-04-11 11:45:16.0;
8;560.88;2019-04-11 11:45:36.0;
8;560.92;2019-04-11 11:45:46.0;
8;560.88;2019-04-11 11:46:04.0;
8;560.9;2019-04-11 11:46:28.0;
8;560.88;2019-04-11 11:46:32.0;
8;560.9;2019-04-11 11:46:34.0;
8;560.88;2019-04-11 11:46:35.0;
8;560.92;2019-04-11 11:46:48.0;
8;560.9;2019-04-11 11:46:58.0;
8;560.92;2019-04-11 11:46:59.0;
8;560.88;2019-04-11 11:47:06.0;
8;560.9;2019-04-11 11:47:09.0;
8;560.92;2019-04-11 11:47:10.0;
8;560.9;2019-04-11 11:47:16.0;
8;560.92;2019-04-11 11:47:20.0;
8;560.9;2019-04-11 11:47:24.0;
8;560.92;2019-04-11 11:47:27.0;
8;560.8;2019-04-11 11:47:28.0;
8;560.83;2019-04-11 11:47:34.0;
8;560.88;2019-04-11 11:48:05.0;
8;560.85;2019-04-11 11:48:18.0;
8;560.86;2019-04-11 11:48:20.0;
8;560.88;2019-04-11 11:48:24.0;
8;560.86;2019-04-11 11:48:25.0;
8;560.88;2019-04-11 11:48:27.0;
8;560.92;2019-04-11 11:49:00.0;
8;560.88;2019-04-11 11:49:16.0;
8;560.83;2019-04-11 11:49:17.0;
8;560.78;2019-04-11 11:49:43.0;
8;560.8;2019-04-11 11:49:50.0;
8;560.88;2019-04-11 11:50:05.0;
8;560.92;2019-04-11 11:50:16.0;
8;560.96;2019-04-11 11:50:40.0;
8;560.92;2019-04-11 11:50:41.0;
8;560.96;2019-04-11 11:50:42.0;
8;560.98;2019-04-11 11:50:47.0;
8;561.02;2019-04-11 11:50:56.0;
8;560.97;2019-04-11 11:51:03.0;
8;561;2019-04-11 11:51:14.0;
8;560.97;2019-04-11 11:51:20.0;
8;561;2019-04-11 11:51:21.0;
8;560.97;2019-04-11 11:51:23.0;
8;561;2019-04-11 11:51:39.0;
8;561.08;2019-04-11 11:51:49.0;
8;561.02;2019-04-11 11:52:05.0;
8;560.98;2019-04-11 11:52:11.0;
8;561;2019-04-11 11:52:33.0;
8;561.02;2019-04-11 11:52:42.0;
8;561.05;2019-04-11 11:53:02.0;
8;561.08;2019-04-11 11:53:09.0;
8;561.03;2019-04-11 11:53:12.0;
8;561.08;2019-04-11 11:53:13.0;
8;561.03;2019-04-11 11:53:15.0;
8;561.05;2019-04-11 11:53:32.0;
8;561.08;2019-04-11 11:53:47.0;
8;561.11;2019-04-11 11:54:10.0;
8;561.17;2019-04-11 11:54:15.0;
8;561.25;2019-04-11 11:54:24.0;
8;561.28;2019-04-11 11:54:31.0;
8;561.3;2019-04-11 11:54:33.0;
8;561.25;2019-04-11 11:54:35.0;
8;561.2;2019-04-11 11:54:38.0;
8;561.21;2019-04-11 11:54:44.0;
8;561.23;2019-04-11 11:54:51.0;
8;561.17;2019-04-11 11:54:54.0;
8;561.11;2019-04-11 11:54:56.0;
8;561.05;2019-04-11 11:55:01.0;
8;561.08;2019-04-11 11:55:02.0;
8;561.12;2019-04-11 11:55:08.0;
8;561.15;2019-04-11 11:55:12.0;
8;561.17;2019-04-11 11:55:18.0;
8;561.15;2019-04-11 11:55:38.0;
8;561.17;2019-04-11 11:55:40.0;
8;561.05;2019-04-11 11:55:43.0;
8;561.08;2019-04-11 11:55:49.0;
8;561.1;2019-04-11 11:56:07.0;
8;561.11;2019-04-11 11:56:10.0;
8;561.1;2019-04-11 11:56:16.0;
8;561.12;2019-04-11 11:56:20.0;
8;561.17;2019-04-11 11:56:31.0;
8;561.12;2019-04-11 11:56:46.0;
8;561.1;2019-04-11 11:56:52.0;
8;561.08;2019-04-11 11:57:02.0;
8;561.12;2019-04-11 11:57:08.0;
8;561.11;2019-04-11 11:57:19.0;
8;561.08;2019-04-11 11:57:20.0;
8;561.11;2019-04-11 11:57:21.0;
8;561.08;2019-04-11 11:57:23.0;
8;561.12;2019-04-11 11:57:36.0;
8;561.1;2019-04-11 11:57:41.0;
8;561.12;2019-04-11 11:57:47.0;
8;561.11;2019-04-11 11:57:49.0;
8;561.1;2019-04-11 11:58:05.0;
8;561.12;2019-04-11 11:58:08.0;
8;561.05;2019-04-11 11:58:23.0;
8;561.08;2019-04-11 11:58:29.0;
8;561.02;2019-04-11 11:59:46.0;
8;560.97;2019-04-11 12:00:07.0;
8;560.92;2019-04-11 12:00:28.0;
8;560.9;2019-04-11 12:00:52.0;
8;560.95;2019-04-11 12:00:57.0;
8;560.97;2019-04-11 12:00:59.0;
8;560.95;2019-04-11 12:01:00.0;
8;560.98;2019-04-11 12:01:03.0;
8;560.97;2019-04-11 12:01:05.0;
8;560.98;2019-04-11 12:01:06.0;
8;560.92;2019-04-11 12:01:11.0;
8;560.96;2019-04-11 12:01:13.0;
8;560.98;2019-04-11 12:01:18.0;
8;560.95;2019-04-11 12:01:29.0;
8;560.92;2019-04-11 12:01:33.0;
8;560.98;2019-04-11 12:01:37.0;
8;560.97;2019-04-11 12:01:39.0;
8;560.98;2019-04-11 12:01:41.0;
8;560.97;2019-04-11 12:01:43.0;
8;560.92;2019-04-11 12:02:07.0;
8;560.9;2019-04-11 12:02:16.0;
8;560.88;2019-04-11 12:02:26.0;
8;560.92;2019-04-11 12:02:52.0;
8;560.96;2019-04-11 12:03:01.0;
8;560.92;2019-04-11 12:03:04.0;
8;560.96;2019-04-11 12:03:07.0;
8;560.92;2019-04-11 12:03:08.0;
8;560.95;2019-04-11 12:03:10.0;
8;560.97;2019-04-11 12:03:13.0;
8;560.92;2019-04-11 12:04:46.0;
8;561.05;2019-04-11 12:05:08.0;
8;560.97;2019-04-11 12:05:11.0;
8;561.03;2019-04-11 12:05:12.0;
8;561.05;2019-04-11 12:05:22.0;
8;561.08;2019-04-11 12:05:27.0;
8;561.12;2019-04-11 12:05:38.0;
8;561.15;2019-04-11 12:05:48.0;
8;561.12;2019-04-11 12:06:08.0;
8;561.03;2019-04-11 12:06:19.0;
8;560.98;2019-04-11 12:06:30.0;
8;561;2019-04-11 12:06:33.0;
8;560.98;2019-04-11 12:06:47.0;
8;561.02;2019-04-11 12:07:01.0;
8;560.98;2019-04-11 12:07:10.0;
8;560.95;2019-04-11 12:07:22.0;
8;560.97;2019-04-11 12:07:27.0;
8;560.96;2019-04-11 12:07:32.0;
8;560.98;2019-04-11 12:07:38.0;
8;560.97;2019-04-11 12:07:39.0;
8;561.02;2019-04-11 12:08:05.0;
8;561;2019-04-11 12:08:17.0;
8;560.98;2019-04-11 12:08:21.0;
8;561;2019-04-11 12:08:50.0;
8;560.98;2019-04-11 12:08:56.0;
8;560.96;2019-04-11 12:09:00.0;
8;560.97;2019-04-11 12:09:15.0;
8;560.98;2019-04-11 12:09:17.0;
8;561.05;2019-04-11 12:09:24.0;
8;561.02;2019-04-11 12:09:29.0;
8;560.98;2019-04-11 12:09:40.0;
8;561.02;2019-04-11 12:09:45.0;
8;561.05;2019-04-11 12:09:51.0;
8;561.17;2019-04-11 12:10:07.0;
8;561.08;2019-04-11 12:10:12.0;
8;560.97;2019-04-11 12:10:35.0;
8;561.08;2019-04-11 12:10:36.0;
8;561.02;2019-04-11 12:10:39.0;
8;560.98;2019-04-11 12:10:45.0;
8;561;2019-04-11 12:11:07.0;
8;560.98;2019-04-11 12:11:08.0;
8;561;2019-04-11 12:11:09.0;
8;560.98;2019-04-11 12:11:12.0;
8;561.02;2019-04-11 12:11:28.0;
8;560.98;2019-04-11 12:11:30.0;
8;561.02;2019-04-11 12:11:31.0;
8;561;2019-04-11 12:11:34.0;
8;560.98;2019-04-11 12:11:40.0;
8;560.96;2019-04-11 12:12:08.0;
8;560.98;2019-04-11 12:12:11.0;
8;560.96;2019-04-11 12:12:13.0;
8;560.98;2019-04-11 12:12:14.0;
8;560.97;2019-04-11 12:12:18.0;
8;560.96;2019-04-11 12:12:20.0;
8;560.98;2019-04-11 12:12:29.0;
8;561;2019-04-11 12:12:35.0;
8;560.98;2019-04-11 12:12:40.0;
8;561.02;2019-04-11 12:12:48.0;
8;561.11;2019-04-11 12:12:52.0;
8;561.02;2019-04-11 12:12:53.0;
8;561.08;2019-04-11 12:12:55.0;
8;561.12;2019-04-11 12:13:16.0;
8;561.08;2019-04-11 12:13:32.0;
8;561.1;2019-04-11 12:13:40.0;
8;561.03;2019-04-11 12:14:06.0;
8;561.02;2019-04-11 12:14:12.0;
8;561.08;2019-04-11 12:14:36.0;
8;561.05;2019-04-11 12:14:42.0;
8;561.02;2019-04-11 12:14:43.0;
8;561.05;2019-04-11 12:14:45.0;
8;561.02;2019-04-11 12:14:46.0;
8;561.08;2019-04-11 12:15:00.0;
8;561.03;2019-04-11 12:15:10.0;
8;561.08;2019-04-11 12:15:17.0;
8;561.02;2019-04-11 12:15:22.0;
8;561.05;2019-04-11 12:15:26.0;
8;561.02;2019-04-11 12:15:33.0;
8;561.08;2019-04-11 12:15:48.0;
8;561.02;2019-04-11 12:15:50.0;
8;561.08;2019-04-11 12:15:51.0;
8;561.03;2019-04-11 12:16:02.0;
8;561.05;2019-04-11 12:16:13.0;
8;560.98;2019-04-11 12:16:18.0;
8;561.03;2019-04-11 12:16:47.0;
8;561.02;2019-04-11 12:16:52.0;
8;561.05;2019-04-11 12:16:59.0;
8;561.03;2019-04-11 12:17:15.0;
8;561.05;2019-04-11 12:17:26.0;
8;561.03;2019-04-11 12:17:31.0;
8;561;2019-04-11 12:17:38.0;
8;560.98;2019-04-11 12:17:47.0;
8;560.97;2019-04-11 12:18:03.0;
8;560.98;2019-04-11 12:18:05.0;
8;560.97;2019-04-11 12:18:09.0;
8;561;2019-04-11 12:18:16.0;
8;561.02;2019-04-11 12:18:26.0;
8;561.05;2019-04-11 12:18:40.0;
8;561.02;2019-04-11 12:18:41.0;
8;561.05;2019-04-11 12:18:44.0;
8;561.03;2019-04-11 12:18:45.0;
8;561;2019-04-11 12:19:06.0;
8;561.02;2019-04-11 12:19:07.0;
8;561;2019-04-11 12:19:23.0;
8;560.92;2019-04-11 12:19:31.0;
8;560.98;2019-04-11 12:19:40.0;
8;560.97;2019-04-11 12:19:45.0;
8;560.98;2019-04-11 12:19:49.0;
8;561.02;2019-04-11 12:20:06.0;
8;561.08;2019-04-11 12:20:08.0;
8;561.02;2019-04-11 12:20:16.0;
8;561.08;2019-04-11 12:20:31.0;
8;561.12;2019-04-11 12:20:43.0;
8;561.08;2019-04-11 12:20:47.0;
8;561.12;2019-04-11 12:20:57.0;
8;561.05;2019-04-11 12:21:00.0;
8;561.08;2019-04-11 12:21:06.0;
8;561.12;2019-04-11 12:22:37.0;
8;561.15;2019-04-11 12:23:15.0;
8;561.12;2019-04-11 12:23:16.0;
8;561.15;2019-04-11 12:23:18.0;
8;561.11;2019-04-11 12:23:22.0;
8;561.12;2019-04-11 12:23:26.0;
8;561.17;2019-04-11 12:23:37.0;
8;561.12;2019-04-11 12:23:42.0;
8;561.11;2019-04-11 12:24:07.0;
8;561.12;2019-04-11 12:24:12.0;
8;561.1;2019-04-11 12:24:31.0;
8;561.12;2019-04-11 12:24:35.0;
8;561.1;2019-04-11 12:24:37.0;
8;561.12;2019-04-11 12:24:39.0;
8;561.21;2019-04-11 12:25:28.0;
8;561.2;2019-04-11 12:25:32.0;
8;561.25;2019-04-11 12:25:47.0;
8;561.22;2019-04-11 12:26:07.0;
8;561.28;2019-04-11 12:26:36.0;
8;561.27;2019-04-11 12:26:43.0;
8;561.25;2019-04-11 12:26:53.0;
8;561.23;2019-04-11 12:26:58.0;
8;561.25;2019-04-11 12:27:05.0;
8;561.28;2019-04-11 12:27:09.0;
8;561.25;2019-04-11 12:27:10.0;
8;561.28;2019-04-11 12:27:12.0;
8;561.25;2019-04-11 12:27:13.0;
8;561.22;2019-04-11 12:27:17.0;
8;561.25;2019-04-11 12:27:19.0;
8;561.22;2019-04-11 12:27:20.0;
8;561.17;2019-04-11 12:27:23.0;
8;561.2;2019-04-11 12:27:26.0;
8;561.17;2019-04-11 12:27:30.0;
8;561.21;2019-04-11 12:28:17.0;
8;561.17;2019-04-11 12:28:18.0;
8;561.12;2019-04-11 12:28:22.0;
8;561.15;2019-04-11 12:28:28.0;
8;561.12;2019-04-11 12:28:29.0;
8;561.15;2019-04-11 12:28:30.0;
8;561.11;2019-04-11 12:28:33.0;
8;561.15;2019-04-11 12:28:35.0;
8;561.1;2019-04-11 12:28:36.0;
8;561.11;2019-04-11 12:28:37.0;
8;561.1;2019-04-11 12:28:39.0;
8;561.12;2019-04-11 12:28:42.0;
8;561.11;2019-04-11 12:28:45.0;
8;561.12;2019-04-11 12:28:47.0;
8;561.11;2019-04-11 12:28:48.0;
8;561.12;2019-04-11 12:28:52.0;
8;561.23;2019-04-11 12:28:58.0;
8;561.2;2019-04-11 12:29:04.0;
8;561.22;2019-04-11 12:29:07.0;
8;561.23;2019-04-11 12:29:15.0;
8;561.2;2019-04-11 12:29:18.0;
8;561.22;2019-04-11 12:29:24.0;
8;561.2;2019-04-11 12:29:25.0;
8;561.22;2019-04-11 12:29:26.0;
8;561.25;2019-04-11 12:29:32.0;
8;561.22;2019-04-11 12:29:33.0;
8;561.28;2019-04-11 12:29:35.0;
8;561.25;2019-04-11 12:29:39.0;
8;561.28;2019-04-11 12:29:41.0;
8;561.25;2019-04-11 12:29:42.0;
8;561.28;2019-04-11 12:29:45.0;
8;561.3;2019-04-11 12:29:49.0;
8;561.27;2019-04-11 12:30:04.0;
8;561.3;2019-04-11 12:30:05.0;
8;561.25;2019-04-11 12:30:08.0;
8;561.28;2019-04-11 12:30:18.0;
8;561.25;2019-04-11 12:30:20.0;
8;561.23;2019-04-11 12:30:24.0;
8;561.22;2019-04-11 12:30:31.0;
8;561.23;2019-04-11 12:31:30.0;
8;561.17;2019-04-11 12:31:47.0;
8;561.2;2019-04-11 12:32:17.0;
8;561.21;2019-04-11 12:32:20.0;
8;561.23;2019-04-11 12:32:30.0;
8;561.25;2019-04-11 12:32:52.0;
8;561.23;2019-04-11 12:33:01.0;
8;561.25;2019-04-11 12:33:02.0;
8;561.23;2019-04-11 12:33:12.0;
8;561.25;2019-04-11 12:33:16.0;
8;561.27;2019-04-11 12:33:24.0;
8;561.23;2019-04-11 12:34:03.0;
8;561.27;2019-04-11 12:34:05.0;
8;561.23;2019-04-11 12:34:06.0;
8;561.28;2019-04-11 12:34:35.0;
8;561.23;2019-04-11 12:34:36.0;
8;561.28;2019-04-11 12:34:38.0;
8;561.22;2019-04-11 12:34:41.0;
8;561.23;2019-04-11 12:34:42.0;
8;561.17;2019-04-11 12:35:15.0;
8;561.23;2019-04-11 12:35:16.0;
8;561.17;2019-04-11 12:35:18.0;
8;561.2;2019-04-11 12:35:27.0;
8;561.17;2019-04-11 12:35:38.0;
8;561.22;2019-04-11 12:35:46.0;
8;561.12;2019-04-11 12:36:03.0;
8;561.15;2019-04-11 12:36:17.0;
8;561.17;2019-04-11 12:36:19.0;
8;561.15;2019-04-11 12:36:21.0;
8;561.12;2019-04-11 12:36:30.0;
8;561.15;2019-04-11 12:36:33.0;
8;561.12;2019-04-11 12:36:39.0;
8;561.15;2019-04-11 12:36:40.0;
8;561.17;2019-04-11 12:36:49.0;
8;561.15;2019-04-11 12:36:53.0;
8;561.12;2019-04-11 12:37:00.0;
8;561.08;2019-04-11 12:37:21.0;
8;561.02;2019-04-11 12:37:24.0;
8;561.05;2019-04-11 12:37:32.0;
8;561.08;2019-04-11 12:37:36.0;
8;561.12;2019-04-11 12:37:50.0;
8;561.08;2019-04-11 12:38:02.0;
8;561.12;2019-04-11 12:38:04.0;
8;561.08;2019-04-11 12:38:06.0;
8;561.1;2019-04-11 12:38:15.0;
8;561.11;2019-04-11 12:38:21.0;
8;561.12;2019-04-11 12:38:28.0;
8;561.11;2019-04-11 12:38:29.0;
8;561.12;2019-04-11 12:38:31.0;
8;561.15;2019-04-11 12:38:36.0;
8;561.12;2019-04-11 12:38:46.0;
8;561.15;2019-04-11 12:38:48.0;
8;561.12;2019-04-11 12:38:49.0;
8;561.15;2019-04-11 12:38:54.0;
8;561.17;2019-04-11 12:38:57.0;
8;561.21;2019-04-11 12:39:07.0;
8;561.2;2019-04-11 12:39:41.0;
8;561.23;2019-04-11 12:39:48.0;
8;561.27;2019-04-11 12:40:04.0;
8;561.33;2019-04-11 12:40:10.0;
8;561.27;2019-04-11 12:40:15.0;
8;561.3;2019-04-11 12:40:21.0;
8;561.27;2019-04-11 12:40:22.0;
8;561.3;2019-04-11 12:40:24.0;
8;561.33;2019-04-11 12:40:32.0;
8;561.27;2019-04-11 12:40:42.0;
8;561.3;2019-04-11 12:40:47.0;
8;561.28;2019-04-11 12:40:50.0;
8;561.27;2019-04-11 12:40:53.0;
8;561.33;2019-04-11 12:41:39.0;
8;561.27;2019-04-11 12:41:40.0;
8;561.33;2019-04-11 12:41:42.0;
8;561.35;2019-04-11 12:42:34.0;
8;561.38;2019-04-11 12:42:40.0;
8;561.36;2019-04-11 12:43:51.0;
8;561.42;2019-04-11 12:44:05.0;
8;561.38;2019-04-11 12:44:10.0;
8;561.33;2019-04-11 12:44:22.0;
8;561.38;2019-04-11 12:44:34.0;
8;561.4;2019-04-11 12:44:37.0;
8;561.42;2019-04-11 12:44:42.0;
8;561.45;2019-04-11 12:44:56.0;
8;561.53;2019-04-11 12:45:08.0;
8;561.5;2019-04-11 12:45:14.0;
8;561.48;2019-04-11 12:45:16.0;
8;561.5;2019-04-11 12:45:23.0;
8;561.48;2019-04-11 12:45:25.0;
8;561.5;2019-04-11 12:45:27.0;
8;561.52;2019-04-11 12:45:28.0;
8;561.5;2019-04-11 12:45:29.0;
8;561.52;2019-04-11 12:45:30.0;
8;561.67;2019-04-11 12:45:39.0;
8;561.78;2019-04-11 12:45:46.0;
8;561.75;2019-04-11 12:45:48.0;
8;561.78;2019-04-11 12:45:49.0;
8;561.75;2019-04-11 12:45:51.0;
8;561.73;2019-04-11 12:46:04.0;
8;561.75;2019-04-11 12:46:05.0;
8;561.73;2019-04-11 12:46:07.0;
8;561.67;2019-04-11 12:46:17.0;
8;561.65;2019-04-11 12:46:22.0;
8;561.67;2019-04-11 12:46:24.0;
8;561.65;2019-04-11 12:46:25.0;
8;561.67;2019-04-11 12:46:26.0;
8;561.73;2019-04-11 12:46:30.0;
8;561.83;2019-04-11 12:46:34.0;
8;561.77;2019-04-11 12:46:44.0;
8;561.83;2019-04-11 12:46:45.0;
8;561.77;2019-04-11 12:46:47.0;
8;561.8;2019-04-11 12:46:51.0;
8;561.78;2019-04-11 12:46:59.0;
8;561.83;2019-04-11 12:47:03.0;
8;561.88;2019-04-11 12:47:13.0;
8;561.9;2019-04-11 12:47:18.0;
8;561.88;2019-04-11 12:47:20.0;
8;561.9;2019-04-11 12:47:21.0;
8;561.88;2019-04-11 12:47:24.0;
8;561.92;2019-04-11 12:47:31.0;
8;561.98;2019-04-11 12:47:39.0;
8;561.92;2019-04-11 12:47:50.0;
8;561.95;2019-04-11 12:48:07.0;
8;561.97;2019-04-11 12:48:11.0;
8;561.95;2019-04-11 12:48:12.0;
8;561.97;2019-04-11 12:48:14.0;
8;561.98;2019-04-11 12:48:16.0;
8;561.97;2019-04-11 12:48:26.0;
8;561.95;2019-04-11 12:48:27.0;
8;561.97;2019-04-11 12:48:30.0;
8;561.92;2019-04-11 12:48:31.0;
8;561.97;2019-04-11 12:48:38.0;
8;561.92;2019-04-11 12:49:10.0;
8;561.95;2019-04-11 12:49:13.0;
8;561.98;2019-04-11 12:49:14.0;
8;561.92;2019-04-11 12:49:33.0;
8;561.88;2019-04-11 12:49:37.0;
8;562.02;2019-04-11 12:50:07.0;
8;562.05;2019-04-11 12:50:18.0;
8;562.08;2019-04-11 12:50:21.0;
8;562.12;2019-04-11 12:50:25.0;
8;562.08;2019-04-11 12:50:26.0;
8;562.11;2019-04-11 12:50:46.0;
8;562.12;2019-04-11 12:50:48.0;
8;562.25;2019-04-11 12:51:01.0;
8;562.22;2019-04-11 12:51:05.0;
8;562.23;2019-04-11 12:51:09.0;
8;562.22;2019-04-11 12:51:17.0;
8;562.2;2019-04-11 12:51:28.0;
8;562.21;2019-04-11 12:51:32.0;
8;562.17;2019-04-11 12:51:42.0;
8;562.2;2019-04-11 12:51:50.0;
8;562.17;2019-04-11 12:51:51.0;
8;562.2;2019-04-11 12:51:52.0;
8;562;2019-04-11 12:52:04.0;
8;562.02;2019-04-11 12:52:09.0;
8;562.08;2019-04-11 12:52:14.0;
8;562.03;2019-04-11 12:52:31.0;
8;562.02;2019-04-11 12:52:35.0;
8;561.97;2019-04-11 12:52:48.0;
8;561.95;2019-04-11 12:53:05.0;
8;562.02;2019-04-11 12:53:10.0;
8;562;2019-04-11 12:53:21.0;
8;562.03;2019-04-11 12:53:28.0;
8;562;2019-04-11 12:53:31.0;
8;562.02;2019-04-11 12:53:32.0;
8;562;2019-04-11 12:53:37.0;
8;561.97;2019-04-11 12:53:42.0;
8;561.96;2019-04-11 12:53:46.0;
8;561.98;2019-04-11 12:53:47.0;
8;561.92;2019-04-11 12:54:09.0;
8;561.88;2019-04-11 12:54:12.0;
8;561.92;2019-04-11 12:54:18.0;
8;561.95;2019-04-11 12:54:29.0;
8;561.92;2019-04-11 12:54:33.0;
8;561.98;2019-04-11 12:54:35.0;
8;561.92;2019-04-11 12:54:36.0;
8;561.98;2019-04-11 12:54:37.0;
8;562.03;2019-04-11 12:54:46.0;
8;562.05;2019-04-11 12:54:50.0;
8;562.12;2019-04-11 12:54:52.0;
8;562.05;2019-04-11 12:54:53.0;
8;562.17;2019-04-11 12:54:56.0;
8;562.12;2019-04-11 12:55:04.0;
8;562.08;2019-04-11 12:55:06.0;
8;562.1;2019-04-11 12:55:07.0;
8;562.08;2019-04-11 12:55:11.0;
8;562.03;2019-04-11 12:55:12.0;
8;562.11;2019-04-11 12:55:17.0;
8;562.08;2019-04-11 12:55:22.0;
8;562.12;2019-04-11 12:55:28.0;
8;562.08;2019-04-11 12:55:29.0;
8;562.12;2019-04-11 12:55:32.0;
8;562.11;2019-04-11 12:55:37.0;
8;562.1;2019-04-11 12:55:39.0;
8;562.11;2019-04-11 12:55:40.0;
8;562.1;2019-04-11 12:55:42.0;
8;562.08;2019-04-11 12:55:44.0;
8;562.1;2019-04-11 12:55:46.0;
8;562.08;2019-04-11 12:55:48.0;
8;562.17;2019-04-11 12:56:05.0;
8;562.2;2019-04-11 12:56:12.0;
8;562.17;2019-04-11 12:56:13.0;
8;562.2;2019-04-11 12:56:15.0;
8;562.17;2019-04-11 12:56:16.0;
8;562.12;2019-04-11 12:56:22.0;
8;562.17;2019-04-11 12:56:30.0;
8;562.15;2019-04-11 12:56:36.0;
8;562.17;2019-04-11 12:56:38.0;
8;562.22;2019-04-11 12:56:48.0;
8;562.2;2019-04-11 12:57:01.0;
8;562.22;2019-04-11 12:57:02.0;
8;562.2;2019-04-11 12:57:03.0;
8;562.12;2019-04-11 12:57:06.0;
8;562.17;2019-04-11 12:57:12.0;
8;562.22;2019-04-11 12:57:16.0;
8;562.17;2019-04-11 12:57:21.0;
8;562.25;2019-04-11 12:57:42.0;
8;562.28;2019-04-11 12:57:43.0;
8;562.25;2019-04-11 12:57:46.0;
8;562.28;2019-04-11 12:57:49.0;
8;562.25;2019-04-11 12:57:50.0;
8;562.3;2019-04-11 12:58:05.0;
8;562.27;2019-04-11 12:58:12.0;
8;562.33;2019-04-11 12:58:17.0;
8;562.28;2019-04-11 12:58:18.0;
8;562.33;2019-04-11 12:58:20.0;
8;562.23;2019-04-11 12:58:23.0;
8;562.27;2019-04-11 12:58:28.0;
8;562.25;2019-04-11 12:58:34.0;
8;562.22;2019-04-11 12:58:39.0;
8;562.25;2019-04-11 12:58:43.0;
8;562.28;2019-04-11 12:58:49.0;
8;562.25;2019-04-11 12:58:50.0;
8;562.28;2019-04-11 12:58:53.0;
8;562.22;2019-04-11 12:58:55.0;
8;562.28;2019-04-11 12:58:58.0;
8;562.3;2019-04-11 12:59:06.0;
8;562.25;2019-04-11 12:59:13.0;
8;562.22;2019-04-11 12:59:24.0;
8;562.23;2019-04-11 12:59:30.0;
8;562.25;2019-04-11 13:00:07.0;
8;562.23;2019-04-11 13:00:23.0;
8;562.25;2019-04-11 13:00:24.0;
8;562.23;2019-04-11 13:00:26.0;
8;562.21;2019-04-11 13:00:34.0;
8;562.17;2019-04-11 13:00:36.0;
8;562.21;2019-04-11 13:00:37.0;
8;562.17;2019-04-11 13:00:39.0;
8;562.22;2019-04-11 13:00:47.0;
8;562.17;2019-04-11 13:00:51.0;
8;562.12;2019-04-11 13:01:21.0;
8;562.23;2019-04-11 13:01:27.0;
8;562.22;2019-04-11 13:01:39.0;
8;562.27;2019-04-11 13:01:50.0;
8;562.23;2019-04-11 13:02:04.0;
8;562.28;2019-04-11 13:02:11.0;
8;562.23;2019-04-11 13:02:12.0;
8;562.28;2019-04-11 13:02:13.0;
8;562.27;2019-04-11 13:02:15.0;
8;562.28;2019-04-11 13:02:16.0;
8;562.27;2019-04-11 13:02:19.0;
8;562.28;2019-04-11 13:02:24.0;
8;562.25;2019-04-11 13:02:30.0;
8;562.28;2019-04-11 13:02:32.0;
8;562.22;2019-04-11 13:02:40.0;
8;562.23;2019-04-11 13:02:45.0;
8;562.2;2019-04-11 13:02:51.0;
8;562.23;2019-04-11 13:02:54.0;
8;562.2;2019-04-11 13:02:55.0;
8;562.15;2019-04-11 13:02:56.0;
8;562.2;2019-04-11 13:03:05.0;
8;562.17;2019-04-11 13:03:11.0;
8;562.22;2019-04-11 13:03:20.0;
8;562.23;2019-04-11 13:03:23.0;
8;562.28;2019-04-11 13:03:29.0;
8;562.25;2019-04-11 13:04:04.0;
8;562.28;2019-04-11 13:04:07.0;
8;562.36;2019-04-11 13:04:18.0;
8;562.28;2019-04-11 13:04:20.0;
8;562.36;2019-04-11 13:04:21.0;
8;562.33;2019-04-11 13:04:24.0;
8;562.35;2019-04-11 13:04:37.0;
8;562.33;2019-04-11 13:04:42.0;
8;562.3;2019-04-11 13:04:46.0;
8;562.35;2019-04-11 13:04:50.0;
8;562.3;2019-04-11 13:04:51.0;
8;562.35;2019-04-11 13:04:54.0;
8;562.3;2019-04-11 13:04:58.0;
8;562.27;2019-04-11 13:05:03.0;
8;562.33;2019-04-11 13:05:09.0;
8;562.3;2019-04-11 13:05:11.0;
8;562.33;2019-04-11 13:05:12.0;
8;562.3;2019-04-11 13:05:13.0;
8;562.27;2019-04-11 13:05:21.0;
8;562.3;2019-04-11 13:05:42.0;
8;562.33;2019-04-11 13:05:43.0;
8;562.27;2019-04-11 13:05:48.0;
8;562.38;2019-04-11 13:06:05.0;
8;562.4;2019-04-11 13:06:45.0;
8;562.42;2019-04-11 13:06:50.0;
8;562.4;2019-04-11 13:07:01.0;
8;562.38;2019-04-11 13:07:06.0;
8;562.35;2019-04-11 13:07:17.0;
8;562.38;2019-04-11 13:07:23.0;
8;562.35;2019-04-11 13:07:24.0;
8;562.38;2019-04-11 13:07:25.0;
8;562.36;2019-04-11 13:08:28.0;
8;562.38;2019-04-11 13:08:30.0;
8;562.36;2019-04-11 13:08:32.0;
8;562.35;2019-04-11 13:08:33.0;
8;562.33;2019-04-11 13:08:37.0;
8;562.3;2019-04-11 13:08:40.0;
8;562.33;2019-04-11 13:08:41.0;
8;562.3;2019-04-11 13:08:42.0;
8;562.25;2019-04-11 13:08:44.0;
8;562.3;2019-04-11 13:08:45.0;
8;562.25;2019-04-11 13:08:47.0;
8;562.22;2019-04-11 13:08:52.0;
8;562.23;2019-04-11 13:08:55.0;
8;562.27;2019-04-11 13:09:09.0;
8;562.23;2019-04-11 13:09:10.0;
8;562.25;2019-04-11 13:09:12.0;
8;562.27;2019-04-11 13:09:13.0;
8;562.25;2019-04-11 13:09:14.0;
8;562.22;2019-04-11 13:09:20.0;
8;562.23;2019-04-11 13:09:25.0;
8;562.25;2019-04-11 13:09:28.0;
8;562.22;2019-04-11 13:09:32.0;
8;562.28;2019-04-11 13:09:42.0;
8;562.22;2019-04-11 13:09:44.0;
8;562.28;2019-04-11 13:09:45.0;
8;562.22;2019-04-11 13:09:47.0;
8;562.2;2019-04-11 13:10:14.0;
8;562.17;2019-04-11 13:10:20.0;
8;562.22;2019-04-11 13:10:34.0;
8;562.15;2019-04-11 13:10:53.0;
8;562.08;2019-04-11 13:11:07.0;
8;562.11;2019-04-11 13:11:25.0;
8;562.08;2019-04-11 13:11:27.0;
8;562.05;2019-04-11 13:11:38.0;
8;562.02;2019-04-11 13:11:39.0;
8;562.05;2019-04-11 13:11:41.0;
8;562.02;2019-04-11 13:11:44.0;
8;562.03;2019-04-11 13:11:46.0;
8;561.97;2019-04-11 13:12:05.0;
8;562.03;2019-04-11 13:12:30.0;
8;562.12;2019-04-11 13:12:36.0;
8;562.15;2019-04-11 13:12:41.0;
8;562.1;2019-04-11 13:12:46.0;
8;562.12;2019-04-11 13:12:49.0;
8;562.1;2019-04-11 13:12:51.0;
8;562.12;2019-04-11 13:12:52.0;
8;562.08;2019-04-11 13:13:19.0;
8;561.95;2019-04-11 13:13:37.0;
8;561.97;2019-04-11 13:13:41.0;
8;562.03;2019-04-11 13:14:08.0;
8;562.02;2019-04-11 13:14:12.0;
8;562.03;2019-04-11 13:14:18.0;
8;562.02;2019-04-11 13:14:19.0;
8;562.03;2019-04-11 13:14:22.0;
8;562.02;2019-04-11 13:14:23.0;
8;562.08;2019-04-11 13:14:28.0;
8;562.02;2019-04-11 13:14:29.0;
8;562.03;2019-04-11 13:14:31.0;
8;562.02;2019-04-11 13:14:35.0;
8;562.05;2019-04-11 13:14:46.0;
8;562.03;2019-04-11 13:14:47.0;
8;562.05;2019-04-11 13:14:49.0;
8;562.03;2019-04-11 13:14:50.0;
8;562.02;2019-04-11 13:14:54.0;
8;561.97;2019-04-11 13:14:56.0;
8;562;2019-04-11 13:15:00.0;
8;561.97;2019-04-11 13:15:02.0;
8;562;2019-04-11 13:15:03.0;
8;561.97;2019-04-11 13:15:07.0;
8;561.98;2019-04-11 13:15:08.0;
8;561.97;2019-04-11 13:15:09.0;
8;561.96;2019-04-11 13:15:16.0;
8;561.97;2019-04-11 13:15:17.0;
8;561.96;2019-04-11 13:15:19.0;
8;561.97;2019-04-11 13:15:21.0;
8;561.98;2019-04-11 13:15:23.0;
8;561.96;2019-04-11 13:15:43.0;
8;561.98;2019-04-11 13:15:45.0;
8;561.96;2019-04-11 13:15:46.0;
8;561.92;2019-04-11 13:15:48.0;
8;561.88;2019-04-11 13:16:09.0;
8;561.92;2019-04-11 13:16:11.0;
8;561.88;2019-04-11 13:16:12.0;
8;561.92;2019-04-11 13:16:44.0;
8;561.96;2019-04-11 13:16:55.0;
8;561.92;2019-04-11 13:16:59.0;
8;561.95;2019-04-11 13:17:24.0;
8;561.97;2019-04-11 13:17:30.0;
8;561.98;2019-04-11 13:17:31.0;
8;561.97;2019-04-11 13:17:33.0;
8;561.98;2019-04-11 13:17:36.0;
8;562;2019-04-11 13:17:37.0;
8;562.02;2019-04-11 13:17:43.0;
8;562.08;2019-04-11 13:18:07.0;
8;562.03;2019-04-11 13:18:11.0;
8;562.02;2019-04-11 13:18:17.0;
8;562.05;2019-04-11 13:18:21.0;
8;562.08;2019-04-11 13:18:28.0;
8;562.05;2019-04-11 13:18:35.0;
8;562.03;2019-04-11 13:18:38.0;
8;562.05;2019-04-11 13:18:39.0;
8;562.08;2019-04-11 13:18:46.0;
8;562.05;2019-04-11 13:18:52.0;
8;562.08;2019-04-11 13:18:53.0;
8;562.05;2019-04-11 13:18:55.0;
8;562.03;2019-04-11 13:18:57.0;
8;562.02;2019-04-11 13:19:02.0;
8;562.08;2019-04-11 13:19:04.0;
8;562.05;2019-04-11 13:19:09.0;
8;562.03;2019-04-11 13:19:12.0;
8;562.05;2019-04-11 13:19:15.0;
8;562.03;2019-04-11 13:19:16.0;
8;562.05;2019-04-11 13:19:18.0;
8;562.02;2019-04-11 13:19:19.0;
8;562.08;2019-04-11 13:19:26.0;
8;562.1;2019-04-11 13:19:30.0;
8;562.11;2019-04-11 13:19:40.0;
8;562.05;2019-04-11 13:19:46.0;
8;562.03;2019-04-11 13:20:05.0;
8;562.05;2019-04-11 13:20:06.0;
8;562.03;2019-04-11 13:20:08.0;
8;561.98;2019-04-11 13:20:54.0;
8;561.92;2019-04-11 13:21:07.0;
8;561.96;2019-04-11 13:21:13.0;
8;561.92;2019-04-11 13:21:19.0;
8;561.95;2019-04-11 13:21:24.0;
8;561.92;2019-04-11 13:21:29.0;
8;561.86;2019-04-11 13:21:42.0;
8;561.88;2019-04-11 13:21:48.0;
8;561.9;2019-04-11 13:22:13.0;
8;561.88;2019-04-11 13:22:18.0;
8;561.9;2019-04-11 13:22:27.0;
8;561.88;2019-04-11 13:22:30.0;
8;561.92;2019-04-11 13:22:45.0;
8;561.95;2019-04-11 13:23:02.0;
8;562.02;2019-04-11 13:23:07.0;
8;561.92;2019-04-11 13:23:09.0;
8;562.02;2019-04-11 13:23:10.0;
8;562.03;2019-04-11 13:23:12.0;
8;561.92;2019-04-11 13:23:26.0;
8;561.97;2019-04-11 13:23:40.0;
8;561.92;2019-04-11 13:23:42.0;
8;561.98;2019-04-11 13:23:43.0;
8;561.95;2019-04-11 13:24:04.0;
8;561.98;2019-04-11 13:24:05.0;
8;561.92;2019-04-11 13:24:07.0;
8;561.97;2019-04-11 13:24:11.0;
8;561.92;2019-04-11 13:24:12.0;
8;561.97;2019-04-11 13:24:14.0;
8;561.92;2019-04-11 13:24:25.0;
8;561.9;2019-04-11 13:24:48.0;
8;561.92;2019-04-11 13:24:52.0;
8;561.88;2019-04-11 13:25:03.0;
8;561.85;2019-04-11 13:25:26.0;
8;561.86;2019-04-11 13:25:32.0;
8;561.85;2019-04-11 13:25:37.0;
8;561.83;2019-04-11 13:25:39.0;
8;561.85;2019-04-11 13:25:41.0;
8;561.83;2019-04-11 13:25:42.0;
8;561.88;2019-04-11 13:25:46.0;
8;561.85;2019-04-11 13:25:48.0;
8;561.88;2019-04-11 13:25:49.0;
8;561.85;2019-04-11 13:25:50.0;
8;561.88;2019-04-11 13:26:05.0;
8;561.83;2019-04-11 13:26:07.0;
8;561.85;2019-04-11 13:26:13.0;
8;561.83;2019-04-11 13:26:14.0;
8;561.85;2019-04-11 13:26:16.0;
8;561.88;2019-04-11 13:26:17.0;
8;561.9;2019-04-11 13:26:20.0;
8;561.88;2019-04-11 13:26:21.0;
8;561.9;2019-04-11 13:26:23.0;
8;561.88;2019-04-11 13:26:30.0;
8;561.83;2019-04-11 13:26:36.0;
8;561.8;2019-04-11 13:26:41.0;
8;561.78;2019-04-11 13:26:54.0;
8;561.8;2019-04-11 13:26:57.0;
8;561.85;2019-04-11 13:26:59.0;
8;561.8;2019-04-11 13:27:00.0;
8;561.83;2019-04-11 13:27:03.0;
8;561.88;2019-04-11 13:27:09.0;
8;561.92;2019-04-11 13:27:18.0;
8;561.9;2019-04-11 13:27:22.0;
8;561.92;2019-04-11 13:27:24.0;
8;561.9;2019-04-11 13:27:29.0;
8;561.88;2019-04-11 13:27:32.0;
8;561.9;2019-04-11 13:27:34.0;
8;561.88;2019-04-11 13:27:35.0;
8;561.9;2019-04-11 13:27:38.0;
8;562.05;2019-04-11 13:28:04.0;
8;562.03;2019-04-11 13:28:09.0;
8;562.02;2019-04-11 13:28:15.0;
8;561.98;2019-04-11 13:28:16.0;
8;562;2019-04-11 13:28:27.0;
8;561.98;2019-04-11 13:28:34.0;
8;562.05;2019-04-11 13:28:37.0;
8;562.03;2019-04-11 13:28:41.0;
8;562.08;2019-04-11 13:28:52.0;
8;562.02;2019-04-11 13:28:59.0;
8;562.03;2019-04-11 13:29:03.0;
8;562.05;2019-04-11 13:29:08.0;
8;562.08;2019-04-11 13:29:09.0;
8;562.03;2019-04-11 13:29:15.0;
8;562.08;2019-04-11 13:29:16.0;
8;562.03;2019-04-11 13:29:18.0;
8;562.02;2019-04-11 13:29:20.0;
8;561.97;2019-04-11 13:29:41.0;
8;561.98;2019-04-11 13:29:45.0;
8;561.96;2019-04-11 13:29:48.0;
8;561.98;2019-04-11 13:29:49.0;
8;561.96;2019-04-11 13:29:51.0;
8;561.97;2019-04-11 13:30:08.0;
8;561.95;2019-04-11 13:30:12.0;
8;561.96;2019-04-11 13:30:17.0;
8;561.98;2019-04-11 13:30:23.0;
8;561.92;2019-04-11 13:30:24.0;
8;561.98;2019-04-11 13:30:25.0;
8;561.95;2019-04-11 13:30:27.0;
8;561.96;2019-04-11 13:30:32.0;
8;561.95;2019-04-11 13:30:33.0;
8;561.96;2019-04-11 13:30:35.0;
8;562.03;2019-04-11 13:30:45.0;
8;562;2019-04-11 13:30:51.0;
8;562.02;2019-04-11 13:30:53.0;
8;562.08;2019-04-11 13:30:56.0;
8;562.05;2019-04-11 13:31:00.0;
8;562.08;2019-04-11 13:31:04.0;
8;562.1;2019-04-11 13:31:23.0;
8;562.08;2019-04-11 13:31:30.0;
8;562.1;2019-04-11 13:31:31.0;
8;562.11;2019-04-11 13:31:36.0;
8;562.08;2019-04-11 13:31:43.0;
8;562.12;2019-04-11 13:31:48.0;
8;562.08;2019-04-11 13:31:49.0;
8;562.12;2019-04-11 13:31:50.0;
8;562.1;2019-04-11 13:32:06.0;
8;562.12;2019-04-11 13:32:16.0;
8;562.1;2019-04-11 13:32:17.0;
8;562.12;2019-04-11 13:32:19.0;
8;562.1;2019-04-11 13:32:27.0;
8;562.11;2019-04-11 13:32:29.0;
8;562.1;2019-04-11 13:32:30.0;
8;562.11;2019-04-11 13:32:32.0;
8;562.08;2019-04-11 13:32:33.0;
8;562.1;2019-04-11 13:32:36.0;
8;562.08;2019-04-11 13:32:37.0;
8;562.12;2019-04-11 13:32:39.0;
8;562.1;2019-04-11 13:32:50.0;
8;562.03;2019-04-11 13:32:55.0;
8;562.02;2019-04-11 13:33:01.0;
8;561.98;2019-04-11 13:33:11.0;
8;561.97;2019-04-11 13:33:12.0;
8;561.98;2019-04-11 13:33:14.0;
8;562.03;2019-04-11 13:33:17.0;
8;561.97;2019-04-11 13:33:21.0;
8;562.03;2019-04-11 13:33:22.0;
8;562;2019-04-11 13:33:23.0;
8;562.03;2019-04-11 13:33:33.0;
8;562;2019-04-11 13:33:35.0;
8;562.03;2019-04-11 13:33:36.0;
8;561.97;2019-04-11 13:33:38.0;
8;561.98;2019-04-11 13:33:39.0;
8;561.97;2019-04-11 13:33:42.0;
8;561.98;2019-04-11 13:33:43.0;
8;561.97;2019-04-11 13:34:06.0;
8;562.05;2019-04-11 13:34:07.0;
8;562.02;2019-04-11 13:34:16.0;
8;562.05;2019-04-11 13:34:22.0;
8;562.08;2019-04-11 13:34:26.0;
8;562.05;2019-04-11 13:34:30.0;
8;562.03;2019-04-11 13:34:32.0;
8;562.05;2019-04-11 13:34:33.0;
8;562.03;2019-04-11 13:34:34.0;
8;562.02;2019-04-11 13:34:37.0;
8;562;2019-04-11 13:34:43.0;
8;561.98;2019-04-11 13:34:54.0;
8;562.02;2019-04-11 13:34:56.0;
8;561.98;2019-04-11 13:34:57.0;
8;561.97;2019-04-11 13:34:59.0;
8;561.92;2019-04-11 13:35:09.0;
8;561.9;2019-04-11 13:35:13.0;
8;561.92;2019-04-11 13:35:14.0;
8;561.97;2019-04-11 13:35:23.0;
8;561.92;2019-04-11 13:35:24.0;
8;561.97;2019-04-11 13:35:26.0;
8;561.98;2019-04-11 13:35:34.0;
8;561.95;2019-04-11 13:35:50.0;
8;561.92;2019-04-11 13:36:05.0;
8;561.95;2019-04-11 13:36:09.0;
8;561.96;2019-04-11 13:36:13.0;
8;561.95;2019-04-11 13:36:15.0;
8;561.96;2019-04-11 13:36:16.0;
8;561.92;2019-04-11 13:36:26.0;
8;561.97;2019-04-11 13:36:29.0;
8;562.03;2019-04-11 13:36:44.0;
8;562.05;2019-04-11 13:36:50.0;
8;562.08;2019-04-11 13:36:51.0;
8;562.12;2019-04-11 13:37:00.0;
8;562.11;2019-04-11 13:37:07.0;
8;562.12;2019-04-11 13:37:18.0;
8;562.08;2019-04-11 13:37:31.0;
8;562.11;2019-04-11 13:38:11.0;
8;562.12;2019-04-11 13:38:17.0;
8;562.1;2019-04-11 13:38:20.0;
8;562.12;2019-04-11 13:38:25.0;
8;562.1;2019-04-11 13:38:31.0;
8;562.08;2019-04-11 13:38:35.0;
8;562.12;2019-04-11 13:38:49.0;
8;562.08;2019-04-11 13:39:04.0;
8;562.12;2019-04-11 13:39:16.0;
8;562.08;2019-04-11 13:39:19.0;
8;562.12;2019-04-11 13:39:27.0;
8;562.08;2019-04-11 13:39:30.0;
8;562.12;2019-04-11 13:39:31.0;
8;562.08;2019-04-11 13:39:37.0;
8;562.02;2019-04-11 13:39:40.0;
8;562.03;2019-04-11 13:39:45.0;
8;561.92;2019-04-11 13:39:47.0;
8;561.9;2019-04-11 13:40:16.0;
8;561.88;2019-04-11 13:40:23.0;
8;561.9;2019-04-11 13:40:34.0;
8;561.92;2019-04-11 13:40:40.0;
8;561.88;2019-04-11 13:40:45.0;
8;561.92;2019-04-11 13:40:49.0;
8;561.88;2019-04-11 13:40:51.0;
8;561.92;2019-04-11 13:40:54.0;
8;561.9;2019-04-11 13:40:55.0;
8;561.88;2019-04-11 13:41:03.0;
8;561.9;2019-04-11 13:41:06.0;
8;561.88;2019-04-11 13:41:08.0;
8;561.9;2019-04-11 13:41:09.0;
8;561.88;2019-04-11 13:41:18.0;
8;561.9;2019-04-11 13:41:25.0;
8;561.92;2019-04-11 13:41:27.0;
8;561.9;2019-04-11 13:41:29.0;
8;561.92;2019-04-11 13:41:30.0;
8;561.95;2019-04-11 13:42:12.0;
8;562.03;2019-04-11 13:42:13.0;
8;561.95;2019-04-11 13:42:16.0;
8;562.03;2019-04-11 13:42:18.0;
8;562.02;2019-04-11 13:42:19.0;
8;561.98;2019-04-11 13:42:24.0;
8;561.92;2019-04-11 13:42:26.0;
8;561.98;2019-04-11 13:42:28.0;
8;561.92;2019-04-11 13:42:29.0;
8;561.98;2019-04-11 13:42:41.0;
8;561.95;2019-04-11 13:42:50.0;
8;561.96;2019-04-11 13:42:56.0;
8;561.92;2019-04-11 13:43:02.0;
8;561.96;2019-04-11 13:43:03.0;
8;561.92;2019-04-11 13:43:05.0;
8;561.97;2019-04-11 13:43:16.0;
8;561.95;2019-04-11 13:43:18.0;
8;561.97;2019-04-11 13:43:20.0;
8;561.95;2019-04-11 13:43:22.0;
8;561.97;2019-04-11 13:43:26.0;
8;561.95;2019-04-11 13:43:29.0;
8;561.97;2019-04-11 13:43:31.0;
8;561.92;2019-04-11 13:43:37.0;
8;561.96;2019-04-11 13:43:46.0;
8;561.97;2019-04-11 13:44:08.0;
8;561.98;2019-04-11 13:44:15.0;
8;561.95;2019-04-11 13:44:18.0;
8;561.97;2019-04-11 13:44:19.0;
8;561.98;2019-04-11 13:44:26.0;
8;562;2019-04-11 13:44:42.0;
8;562.03;2019-04-11 13:44:46.0;
8;562.02;2019-04-11 13:44:51.0;
8;562;2019-04-11 13:44:53.0;
8;562.02;2019-04-11 13:44:54.0;
8;562.03;2019-04-11 13:44:56.0;
8;562;2019-04-11 13:45:01.0;
8;562.02;2019-04-11 13:45:12.0;
8;562.05;2019-04-11 13:45:26.0;
8;562.08;2019-04-11 13:45:27.0;
8;562.05;2019-04-11 13:45:29.0;
8;562.08;2019-04-11 13:45:30.0;
8;562.02;2019-04-11 13:46:04.0;
8;562.08;2019-04-11 13:46:05.0;
8;562.02;2019-04-11 13:46:07.0;
8;562.05;2019-04-11 13:46:09.0;
8;562.08;2019-04-11 13:46:12.0;
8;562.12;2019-04-11 13:46:45.0;
8;562.08;2019-04-11 13:46:51.0;
8;562.1;2019-04-11 13:46:52.0;
8;562.08;2019-04-11 13:46:57.0;
8;562.12;2019-04-11 13:47:14.0;
8;562.1;2019-04-11 13:47:24.0;
8;562.12;2019-04-11 13:47:25.0;
8;562.1;2019-04-11 13:47:27.0;
8;562.11;2019-04-11 13:47:28.0;
8;562.1;2019-04-11 13:47:30.0;
8;562.11;2019-04-11 13:47:32.0;
8;562.08;2019-04-11 13:47:37.0;
8;562.1;2019-04-11 13:47:42.0;
8;562.08;2019-04-11 13:47:50.0;
8;562.15;2019-04-11 13:48:04.0;
8;562.12;2019-04-11 13:48:09.0;
8;562.15;2019-04-11 13:48:23.0;
8;562.17;2019-04-11 13:48:28.0;
8;562.12;2019-04-11 13:48:39.0;
8;562.15;2019-04-11 13:49:00.0;
8;562.12;2019-04-11 13:49:15.0;
8;562.17;2019-04-11 13:49:28.0;
8;562.21;2019-04-11 13:49:40.0;
8;562.2;2019-04-11 13:49:48.0;
8;562.27;2019-04-11 13:50:06.0;
8;562.33;2019-04-11 13:50:15.0;
8;562.3;2019-04-11 13:50:22.0;
8;562.27;2019-04-11 13:50:27.0;
8;562.33;2019-04-11 13:50:32.0;
8;562.36;2019-04-11 13:50:42.0;
8;562.33;2019-04-11 13:50:47.0;
8;562.3;2019-04-11 13:50:53.0;
8;562.33;2019-04-11 13:50:56.0;
8;562.3;2019-04-11 13:50:58.0;
8;562.33;2019-04-11 13:50:59.0;
8;562.3;2019-04-11 13:51:00.0;
8;562.33;2019-04-11 13:51:02.0;
8;562.3;2019-04-11 13:51:03.0;
8;562.33;2019-04-11 13:51:17.0;
8;562.22;2019-04-11 13:51:36.0;
8;562.2;2019-04-11 13:51:41.0;
8;562.17;2019-04-11 13:51:49.0;
8;562.22;2019-04-11 13:52:04.0;
8;562.23;2019-04-11 13:52:11.0;
8;562.27;2019-04-11 13:52:21.0;
8;562.3;2019-04-11 13:52:39.0;
8;562.28;2019-04-11 13:52:44.0;
8;562.3;2019-04-11 13:52:45.0;
8;562.28;2019-04-11 13:52:47.0;
8;562.33;2019-04-11 13:53:17.0;
8;562.27;2019-04-11 13:53:33.0;
8;562.25;2019-04-11 13:54:05.0;
8;562.27;2019-04-11 13:54:08.0;
8;562.25;2019-04-11 13:54:12.0;
8;562.27;2019-04-11 13:54:13.0;
8;562.25;2019-04-11 13:54:14.0;
8;562.28;2019-04-11 13:54:19.0;
8;562.22;2019-04-11 13:54:24.0;
8;562.28;2019-04-11 13:54:26.0;
8;562.22;2019-04-11 13:54:27.0;
8;562.25;2019-04-11 13:54:32.0;
8;562.21;2019-04-11 13:54:37.0;
8;562.17;2019-04-11 13:54:41.0;
8;562.12;2019-04-11 13:55:07.0;
8;562.17;2019-04-11 13:55:09.0;
8;562.12;2019-04-11 13:55:11.0;
8;562.17;2019-04-11 13:55:17.0;
8;562.12;2019-04-11 13:55:18.0;
8;562.17;2019-04-11 13:55:19.0;
8;562.15;2019-04-11 13:55:21.0;
8;562.17;2019-04-11 13:55:24.0;
8;562.2;2019-04-11 13:55:27.0;
8;562.17;2019-04-11 13:55:28.0;
8;562.2;2019-04-11 13:55:29.0;
8;562.21;2019-04-11 13:55:31.0;
8;562.22;2019-04-11 13:55:38.0;
8;562.17;2019-04-11 13:55:45.0;
8;562.15;2019-04-11 13:56:08.0;
8;562.12;2019-04-11 13:56:18.0;
8;562.17;2019-04-11 13:56:23.0;
8;562.12;2019-04-11 13:56:30.0;
8;562.11;2019-04-11 13:56:42.0;
8;562.08;2019-04-11 13:56:46.0;
8;562.05;2019-04-11 13:56:51.0;
8;562.02;2019-04-11 13:56:57.0;
8;562.05;2019-04-11 13:57:03.0;
8;562.02;2019-04-11 13:57:06.0;
8;562.08;2019-04-11 13:57:08.0;
8;562;2019-04-11 13:57:12.0;
8;562.03;2019-04-11 13:57:18.0;
8;562.08;2019-04-11 13:57:19.0;
8;562.12;2019-04-11 13:57:30.0;
8;562.08;2019-04-11 13:57:36.0;
8;562.12;2019-04-11 13:57:43.0;
8;562.08;2019-04-11 13:57:45.0;
8;562.12;2019-04-11 13:57:46.0;
8;562.08;2019-04-11 13:58:06.0;
8;562.1;2019-04-11 13:58:07.0;
8;562.12;2019-04-11 13:58:10.0;
8;562.1;2019-04-11 13:58:12.0;
8;562.12;2019-04-11 13:58:13.0;
8;562.08;2019-04-11 13:58:23.0;
8;562.1;2019-04-11 13:58:28.0;
8;562.11;2019-04-11 13:58:31.0;
8;562.08;2019-04-11 13:58:43.0;
8;562.12;2019-04-11 13:58:44.0;
8;562.11;2019-04-11 13:58:53.0;
8;562.12;2019-04-11 13:58:54.0;
8;562.11;2019-04-11 13:58:55.0;
8;562.12;2019-04-11 13:58:57.0;
8;562.11;2019-04-11 13:59:06.0;
8;562.12;2019-04-11 13:59:11.0;
8;562.15;2019-04-11 13:59:35.0;
8;562.12;2019-04-11 13:59:40.0;
8;562.08;2019-04-11 14:00:17.0;
8;562.11;2019-04-11 14:00:26.0;
8;562.08;2019-04-11 14:00:28.0;
8;562.11;2019-04-11 14:00:29.0;
8;562.08;2019-04-11 14:00:34.0;
8;562.03;2019-04-11 14:00:43.0;
8;562.05;2019-04-11 14:00:58.0;
8;562.03;2019-04-11 14:01:06.0;
8;562.05;2019-04-11 14:01:08.0;
8;562.03;2019-04-11 14:01:10.0;
8;561.97;2019-04-11 14:01:20.0;
8;561.98;2019-04-11 14:01:24.0;
8;562.02;2019-04-11 14:01:30.0;
8;562;2019-04-11 14:01:43.0;
8;562.03;2019-04-11 14:01:50.0;
8;562.05;2019-04-11 14:02:26.0;
8;562.02;2019-04-11 14:02:30.0;
8;561.98;2019-04-11 14:02:36.0;
8;562.02;2019-04-11 14:02:39.0;
8;562;2019-04-11 14:02:40.0;
8;561.98;2019-04-11 14:02:46.0;
8;562;2019-04-11 14:02:54.0;
8;561.98;2019-04-11 14:02:57.0;
8;561.95;2019-04-11 14:03:03.0;
8;561.97;2019-04-11 14:03:04.0;
8;561.95;2019-04-11 14:03:06.0;
8;561.98;2019-04-11 14:03:10.0;
8;562.02;2019-04-11 14:03:14.0;
8;562.08;2019-04-11 14:03:24.0;
8;562.05;2019-04-11 14:03:41.0;
8;562.08;2019-04-11 14:04:06.0;
8;562.12;2019-04-11 14:04:12.0;
8;562.15;2019-04-11 14:04:26.0;
8;562.12;2019-04-11 14:04:35.0;
8;562.15;2019-04-11 14:04:38.0;
8;562.17;2019-04-11 14:04:44.0;
8;562.12;2019-04-11 14:04:52.0;
8;562.11;2019-04-11 14:04:54.0;
8;562.08;2019-04-11 14:05:01.0;
8;562.12;2019-04-11 14:05:09.0;
8;562.08;2019-04-11 14:05:15.0;
8;562.12;2019-04-11 14:05:26.0;
8;562.08;2019-04-11 14:05:32.0;
8;562.1;2019-04-11 14:05:41.0;
8;562.08;2019-04-11 14:05:47.0;
8;562.05;2019-04-11 14:06:06.0;
8;562.08;2019-04-11 14:06:09.0;
8;562.05;2019-04-11 14:06:11.0;
8;562.02;2019-04-11 14:06:12.0;
8;562.05;2019-04-11 14:06:24.0;
8;562.08;2019-04-11 14:06:36.0;
8;562.1;2019-04-11 14:06:41.0;
8;562.08;2019-04-11 14:06:43.0;
8;562.1;2019-04-11 14:06:45.0;
8;562.08;2019-04-11 14:06:47.0;
8;562.02;2019-04-11 14:06:52.0;
8;562.08;2019-04-11 14:06:53.0;
8;562.02;2019-04-11 14:06:55.0;
8;562.05;2019-04-11 14:06:56.0;
8;562.08;2019-04-11 14:07:06.0;
8;562.03;2019-04-11 14:07:22.0;
8;562.05;2019-04-11 14:07:28.0;
8;562.03;2019-04-11 14:07:29.0;
8;562.05;2019-04-11 14:08:10.0;
8;562.12;2019-04-11 14:08:18.0;
8;562.15;2019-04-11 14:08:19.0;
8;562.12;2019-04-11 14:08:26.0;
8;562.15;2019-04-11 14:08:32.0;
8;562.12;2019-04-11 14:08:38.0;
8;562.08;2019-04-11 14:08:41.0;
8;562.12;2019-04-11 14:08:52.0;
8;562.08;2019-04-11 14:08:57.0;
8;562.02;2019-04-11 14:09:02.0;
8;562.05;2019-04-11 14:09:07.0;
8;562.02;2019-04-11 14:09:11.0;
8;562.08;2019-04-11 14:09:16.0;
8;562.05;2019-04-11 14:09:22.0;
8;562.02;2019-04-11 14:09:32.0;
8;562.05;2019-04-11 14:09:35.0;
8;562.03;2019-04-11 14:09:42.0;
8;562.05;2019-04-11 14:09:43.0;
8;562.03;2019-04-11 14:09:45.0;
8;562.08;2019-04-11 14:09:47.0;
8;561.98;2019-04-11 14:10:04.0;
8;562.08;2019-04-11 14:10:06.0;
8;561.98;2019-04-11 14:10:08.0;
8;561.97;2019-04-11 14:10:21.0;
8;562.02;2019-04-11 14:10:26.0;
8;562.03;2019-04-11 14:10:29.0;
8;562.02;2019-04-11 14:10:31.0;
8;561.97;2019-04-11 14:10:32.0;
8;562;2019-04-11 14:10:36.0;
8;561.97;2019-04-11 14:10:38.0;
8;562.03;2019-04-11 14:10:40.0;
8;562;2019-04-11 14:10:41.0;
8;561.98;2019-04-11 14:10:44.0;
8;562;2019-04-11 14:10:50.0;
8;561.97;2019-04-11 14:11:00.0;
8;562.03;2019-04-11 14:11:14.0;
8;561.97;2019-04-11 14:11:17.0;
8;562;2019-04-11 14:11:34.0;
8;561.97;2019-04-11 14:11:37.0;
8;562.02;2019-04-11 14:11:47.0;
8;562.08;2019-04-11 14:12:05.0;
8;562.05;2019-04-11 14:12:26.0;
8;562.08;2019-04-11 14:12:31.0;
8;562.11;2019-04-11 14:12:48.0;
8;562.08;2019-04-11 14:12:51.0;
8;562.11;2019-04-11 14:13:02.0;
8;562.08;2019-04-11 14:13:04.0;
8;562.11;2019-04-11 14:13:05.0;
8;562;2019-04-11 14:13:08.0;
8;562.11;2019-04-11 14:13:10.0;
8;562;2019-04-11 14:13:11.0;
8;561.97;2019-04-11 14:13:13.0;
8;561.92;2019-04-11 14:13:18.0;
8;561.9;2019-04-11 14:13:24.0;
8;561.88;2019-04-11 14:13:30.0;
8;561.9;2019-04-11 14:13:46.0;
8;561.88;2019-04-11 14:13:48.0;
8;561.9;2019-04-11 14:13:50.0;
8;561.88;2019-04-11 14:14:09.0;
8;561.92;2019-04-11 14:14:12.0;
8;561.88;2019-04-11 14:14:24.0;
8;561.92;2019-04-11 14:14:29.0;
8;561.9;2019-04-11 14:14:36.0;
8;561.92;2019-04-11 14:14:38.0;
8;561.9;2019-04-11 14:14:39.0;
8;561.88;2019-04-11 14:14:51.0;
8;561.83;2019-04-11 14:14:52.0;
8;561.88;2019-04-11 14:14:54.0;
8;561.83;2019-04-11 14:14:55.0;
8;561.78;2019-04-11 14:15:17.0;
8;561.8;2019-04-11 14:15:21.0;
8;561.78;2019-04-11 14:15:27.0;
8;561.75;2019-04-11 14:15:34.0;
8;561.72;2019-04-11 14:15:35.0;
8;561.62;2019-04-11 14:15:45.0;
8;561.67;2019-04-11 14:15:51.0;
8;561.72;2019-04-11 14:16:06.0;
8;561.58;2019-04-11 14:16:28.0;
8;561.62;2019-04-11 14:16:48.0;
8;561.7;2019-04-11 14:16:53.0;
8;561.67;2019-04-11 14:16:54.0;
8;561.7;2019-04-11 14:16:56.0;
8;561.67;2019-04-11 14:16:57.0;
8;561.72;2019-04-11 14:17:10.0;
8;561.67;2019-04-11 14:17:15.0;
8;561.71;2019-04-11 14:17:19.0;
8;561.73;2019-04-11 14:17:29.0;
8;561.71;2019-04-11 14:17:42.0;
8;561.72;2019-04-11 14:17:46.0;
8;561.73;2019-04-11 14:17:49.0;
8;561.77;2019-04-11 14:18:07.0;
8;561.8;2019-04-11 14:18:10.0;
8;561.7;2019-04-11 14:18:11.0;
8;561.67;2019-04-11 14:18:21.0;
8;561.62;2019-04-11 14:18:43.0;
8;561.67;2019-04-11 14:18:45.0;
8;561.62;2019-04-11 14:18:46.0;
8;561.65;2019-04-11 14:18:51.0;
8;561.62;2019-04-11 14:18:52.0;
8;561.65;2019-04-11 14:18:54.0;
8;561.67;2019-04-11 14:19:03.0;
8;561.71;2019-04-11 14:19:20.0;
8;561.67;2019-04-11 14:19:24.0;
8;561.71;2019-04-11 14:19:26.0;
8;561.67;2019-04-11 14:19:28.0;
8;561.71;2019-04-11 14:19:36.0;
8;561.67;2019-04-11 14:19:39.0;
8;561.65;2019-04-11 14:19:47.0;
8;561.67;2019-04-11 14:19:48.0;
8;561.65;2019-04-11 14:19:50.0;
8;561.67;2019-04-11 14:20:11.0;
8;561.7;2019-04-11 14:20:13.0;
8;561.71;2019-04-11 14:20:18.0;
8;561.73;2019-04-11 14:20:38.0;
8;561.78;2019-04-11 14:20:39.0;
8;561.73;2019-04-11 14:20:41.0;
8;561.78;2019-04-11 14:20:42.0;
8;561.8;2019-04-11 14:20:43.0;
8;561.78;2019-04-11 14:20:46.0;
8;561.83;2019-04-11 14:20:48.0;
8;561.78;2019-04-11 14:20:53.0;
8;561.8;2019-04-11 14:20:59.0;
8;561.78;2019-04-11 14:21:00.0;
8;561.9;2019-04-11 14:21:14.0;
8;561.97;2019-04-11 14:21:20.0;
8;561.95;2019-04-11 14:21:21.0;
8;561.88;2019-04-11 14:21:27.0;
8;561.9;2019-04-11 14:21:32.0;
8;561.92;2019-04-11 14:21:42.0;
8;561.95;2019-04-11 14:22:05.0;
8;561.96;2019-04-11 14:22:09.0;
8;561.98;2019-04-11 14:22:12.0;
8;561.96;2019-04-11 14:22:18.0;
8;561.92;2019-04-11 14:22:33.0;
8;561.88;2019-04-11 14:22:44.0;
8;561.9;2019-04-11 14:22:49.0;
8;561.88;2019-04-11 14:23:07.0;
8;561.9;2019-04-11 14:23:13.0;
8;561.92;2019-04-11 14:23:18.0;
8;561.95;2019-04-11 14:23:22.0;
8;561.98;2019-04-11 14:23:36.0;
8;562;2019-04-11 14:23:39.0;
8;562.1;2019-04-11 14:23:43.0;
8;562;2019-04-11 14:23:44.0;
8;562.1;2019-04-11 14:23:46.0;
8;562.12;2019-04-11 14:23:47.0;
8;562.15;2019-04-11 14:24:06.0;
8;562.17;2019-04-11 14:24:11.0;
8;562.15;2019-04-11 14:24:17.0;
8;562.12;2019-04-11 14:24:21.0;
8;562.08;2019-04-11 14:24:34.0;
8;562.12;2019-04-11 14:24:37.0;
8;562.08;2019-04-11 14:24:39.0;
8;562.12;2019-04-11 14:24:44.0;
8;562.11;2019-04-11 14:24:46.0;
8;562.12;2019-04-11 14:24:50.0;
8;562.1;2019-04-11 14:24:55.0;
8;562.12;2019-04-11 14:25:01.0;
8;562.08;2019-04-11 14:25:15.0;
8;562.05;2019-04-11 14:25:31.0;
8;562.02;2019-04-11 14:25:35.0;
8;562.15;2019-04-11 14:25:42.0;
8;562.2;2019-04-11 14:26:03.0;
8;562.17;2019-04-11 14:26:13.0;
8;562.21;2019-04-11 14:26:17.0;
8;562.17;2019-04-11 14:26:24.0;
8;562.15;2019-04-11 14:26:39.0;
8;562.12;2019-04-11 14:26:50.0;
8;562.15;2019-04-11 14:26:55.0;
8;562.17;2019-04-11 14:27:11.0;
8;562.2;2019-04-11 14:27:22.0;
8;562.17;2019-04-11 14:27:26.0;
8;562.2;2019-04-11 14:27:35.0;
8;562.21;2019-04-11 14:27:40.0;
8;562.1;2019-04-11 14:27:46.0;
8;562.21;2019-04-11 14:27:48.0;
8;562.1;2019-04-11 14:27:50.0;
8;562.11;2019-04-11 14:28:22.0;
8;562.12;2019-04-11 14:28:43.0;
8;562.1;2019-04-11 14:28:47.0;
8;562.08;2019-04-11 14:28:51.0;
8;562.05;2019-04-11 14:29:04.0;
8;562.02;2019-04-11 14:29:22.0;
8;562.05;2019-04-11 14:29:24.0;
8;562.02;2019-04-11 14:29:25.0;
8;562.03;2019-04-11 14:29:26.0;
8;562.02;2019-04-11 14:29:28.0;
8;562.03;2019-04-11 14:29:29.0;
8;562;2019-04-11 14:29:34.0;
8;561.92;2019-04-11 14:29:44.0;
8;561.9;2019-04-11 14:29:45.0;
8;561.92;2019-04-11 14:29:47.0;
8;561.9;2019-04-11 14:29:49.0;
8;561.85;2019-04-11 14:30:05.0;
8;561.77;2019-04-11 14:30:11.0;
8;561.8;2019-04-11 14:30:18.0;
8;561.77;2019-04-11 14:30:19.0;
8;561.83;2019-04-11 14:30:22.0;
8;561.86;2019-04-11 14:30:29.0;
8;561.88;2019-04-11 14:30:32.0;
8;561.9;2019-04-11 14:30:35.0;
8;561.86;2019-04-11 14:30:40.0;
8;561.9;2019-04-11 14:30:46.0;
8;561.88;2019-04-11 14:30:52.0;
8;561.85;2019-04-11 14:31:03.0;
8;561.78;2019-04-11 14:31:13.0;
8;561.88;2019-04-11 14:31:15.0;
8;561.92;2019-04-11 14:31:18.0;
8;561.96;2019-04-11 14:31:30.0;
8;562;2019-04-11 14:31:35.0;
8;562.02;2019-04-11 14:31:40.0;
8;562;2019-04-11 14:31:42.0;
8;562.02;2019-04-11 14:31:43.0;
8;561.97;2019-04-11 14:31:45.0;
8;562;2019-04-11 14:31:46.0;
8;562.05;2019-04-11 14:32:03.0;
8;562.03;2019-04-11 14:32:09.0;
8;562.02;2019-04-11 14:32:12.0;
8;562.03;2019-04-11 14:32:13.0;
8;562.02;2019-04-11 14:32:15.0;
8;562.05;2019-04-11 14:32:19.0;
8;562.12;2019-04-11 14:32:28.0;
8;562.17;2019-04-11 14:32:40.0;
8;562.12;2019-04-11 14:32:44.0;
8;562.15;2019-04-11 14:33:31.0;
8;562.17;2019-04-11 14:33:38.0;
8;562.15;2019-04-11 14:34:06.0;
8;562.17;2019-04-11 14:34:10.0;
8;562.15;2019-04-11 14:34:11.0;
8;562.12;2019-04-11 14:34:28.0;
8;562.11;2019-04-11 14:34:34.0;
8;562.2;2019-04-11 14:34:37.0;
8;562.21;2019-04-11 14:34:39.0;
8;562.2;2019-04-11 14:34:42.0;
8;562.17;2019-04-11 14:34:43.0;
8;562.15;2019-04-11 14:34:57.0;
8;562.17;2019-04-11 14:35:07.0;
8;562.22;2019-04-11 14:35:14.0;
8;562.23;2019-04-11 14:35:17.0;
8;562.2;2019-04-11 14:35:33.0;
8;562.21;2019-04-11 14:35:37.0;
8;562.17;2019-04-11 14:35:38.0;
8;562.21;2019-04-11 14:35:40.0;
8;562.17;2019-04-11 14:35:41.0;
8;562.22;2019-04-11 14:35:43.0;
8;562.17;2019-04-11 14:35:46.0;
8;562.22;2019-04-11 14:35:47.0;
8;562;2019-04-11 14:36:08.0;
8;561.95;2019-04-11 14:36:15.0;
8;562.03;2019-04-11 14:36:19.0;
8;562.08;2019-04-11 14:36:29.0;
8;562.05;2019-04-11 14:36:38.0;
8;562.08;2019-04-11 14:36:45.0;
8;562.02;2019-04-11 14:36:50.0;
8;561.92;2019-04-11 14:37:01.0;
8;561.88;2019-04-11 14:37:03.0;
8;561.92;2019-04-11 14:37:05.0;
8;561.88;2019-04-11 14:37:06.0;
8;561.9;2019-04-11 14:37:09.0;
8;561.92;2019-04-11 14:37:12.0;
8;561.96;2019-04-11 14:37:19.0;
8;561.92;2019-04-11 14:37:20.0;
8;561.96;2019-04-11 14:37:22.0;
8;561.92;2019-04-11 14:37:23.0;
8;562;2019-04-11 14:37:30.0;
8;561.97;2019-04-11 14:37:36.0;
8;562.02;2019-04-11 14:37:43.0;
8;562.03;2019-04-11 14:37:50.0;
8;562.05;2019-04-11 14:38:04.0;
8;562.03;2019-04-11 14:38:14.0;
8;562.05;2019-04-11 14:38:17.0;
8;562.02;2019-04-11 14:38:29.0;
8;562;2019-04-11 14:38:57.0;
8;562.03;2019-04-11 14:39:00.0;
8;562;2019-04-11 14:39:05.0;
8;561.97;2019-04-11 14:39:20.0;
8;561.98;2019-04-11 14:39:26.0;
8;561.97;2019-04-11 14:39:30.0;
8;561.9;2019-04-11 14:39:33.0;
8;561.88;2019-04-11 14:39:36.0;
8;561.83;2019-04-11 14:40:07.0;
8;561.86;2019-04-11 14:40:13.0;
8;561.85;2019-04-11 14:40:18.0;
8;561.88;2019-04-11 14:40:23.0;
8;561.83;2019-04-11 14:40:27.0;
8;561.78;2019-04-11 14:40:33.0;
8;561.75;2019-04-11 14:40:37.0;
8;561.67;2019-04-11 14:40:43.0;
8;561.72;2019-04-11 14:40:44.0;
8;561.67;2019-04-11 14:40:46.0;
8;561.65;2019-04-11 14:40:55.0;
8;561.67;2019-04-11 14:41:04.0;
8;561.65;2019-04-11 14:41:05.0;
8;561.67;2019-04-11 14:41:07.0;
8;561.58;2019-04-11 14:41:11.0;
8;561.62;2019-04-11 14:41:14.0;
8;561.61;2019-04-11 14:41:47.0;
8;561.62;2019-04-11 14:41:48.0;
8;561.61;2019-04-11 14:41:50.0;
8;561.67;2019-04-11 14:42:03.0;
8;561.71;2019-04-11 14:42:09.0;
8;561.73;2019-04-11 14:42:12.0;
8;561.71;2019-04-11 14:42:13.0;
8;561.73;2019-04-11 14:42:15.0;
8;561.7;2019-04-11 14:42:22.0;
8;561.73;2019-04-11 14:42:23.0;
8;561.7;2019-04-11 14:42:26.0;
8;561.71;2019-04-11 14:42:27.0;
8;561.65;2019-04-11 14:42:33.0;
8;561.6;2019-04-11 14:42:38.0;
8;561.58;2019-04-11 14:42:39.0;
8;561.6;2019-04-11 14:42:40.0;
8;561.58;2019-04-11 14:42:42.0;
8;561.53;2019-04-11 14:42:43.0;
8;561.55;2019-04-11 14:42:53.0;
8;561.58;2019-04-11 14:43:01.0;
8;561.55;2019-04-11 14:43:02.0;
8;561.58;2019-04-11 14:43:05.0;
8;561.62;2019-04-11 14:43:11.0;
8;561.65;2019-04-11 14:43:23.0;
8;561.62;2019-04-11 14:43:30.0;
8;561.65;2019-04-11 14:43:49.0;
8;561.6;2019-04-11 14:44:06.0;
8;561.65;2019-04-11 14:44:12.0;
8;561.62;2019-04-11 14:44:16.0;
8;561.67;2019-04-11 14:44:25.0;
8;561.65;2019-04-11 14:44:49.0;
8;561.67;2019-04-11 14:44:50.0;
8;561.65;2019-04-11 14:44:52.0;
8;561.67;2019-04-11 14:44:57.0;
8;561.7;2019-04-11 14:45:09.0;
8;561.73;2019-04-11 14:45:13.0;
8;561.75;2019-04-11 14:45:15.0;
8;561.73;2019-04-11 14:45:18.0;
8;561.75;2019-04-11 14:45:19.0;
8;561.73;2019-04-11 14:45:29.0;
8;561.75;2019-04-11 14:45:32.0;
8;561.73;2019-04-11 14:45:34.0;
8;561.75;2019-04-11 14:45:35.0;
8;561.73;2019-04-11 14:45:41.0;
8;561.67;2019-04-11 14:45:50.0;
8;561.72;2019-04-11 14:46:05.0;
8;561.67;2019-04-11 14:46:07.0;
8;561.65;2019-04-11 14:46:19.0;
8;561.67;2019-04-11 14:46:21.0;
8;561.65;2019-04-11 14:46:22.0;
8;561.72;2019-04-11 14:46:25.0;
8;561.75;2019-04-11 14:46:28.0;
8;561.72;2019-04-11 14:46:33.0;
8;561.62;2019-04-11 14:46:35.0;
8;561.67;2019-04-11 14:46:43.0;
8;561.62;2019-04-11 14:46:50.0;
8;561.67;2019-04-11 14:46:51.0;
8;561.62;2019-04-11 14:46:53.0;
8;561.67;2019-04-11 14:47:08.0;
8;561.62;2019-04-11 14:47:09.0;
8;561.67;2019-04-11 14:47:11.0;
8;561.72;2019-04-11 14:47:12.0;
8;561.73;2019-04-11 14:47:15.0;
8;561.75;2019-04-11 14:47:22.0;
8;561.72;2019-04-11 14:47:31.0;
8;561.75;2019-04-11 14:47:38.0;
8;561.73;2019-04-11 14:47:45.0;
8;561.72;2019-04-11 14:47:47.0;
8;561.73;2019-04-11 14:47:48.0;
8;561.62;2019-04-11 14:48:03.0;
8;561.73;2019-04-11 14:48:05.0;
8;561.65;2019-04-11 14:48:08.0;
8;561.67;2019-04-11 14:48:12.0;
8;561.73;2019-04-11 14:48:19.0;
8;561.67;2019-04-11 14:48:21.0;
8;561.73;2019-04-11 14:48:22.0;
8;561.72;2019-04-11 14:48:25.0;
8;561.73;2019-04-11 14:48:27.0;
8;561.72;2019-04-11 14:48:28.0;
8;561.75;2019-04-11 14:48:39.0;
8;561.73;2019-04-11 14:48:42.0;
8;561.72;2019-04-11 14:48:49.0;
8;561.67;2019-04-11 14:48:59.0;
8;561.65;2019-04-11 14:49:22.0;
8;561.67;2019-04-11 14:49:23.0;
8;561.72;2019-04-11 14:49:50.0;
8;561.77;2019-04-11 14:50:05.0;
8;561.72;2019-04-11 14:50:07.0;
8;561.77;2019-04-11 14:50:08.0;
8;561.83;2019-04-11 14:50:22.0;
8;561.92;2019-04-11 14:50:27.0;
8;561.9;2019-04-11 14:50:34.0;
8;561.92;2019-04-11 14:50:38.0;
8;561.9;2019-04-11 14:50:42.0;
8;561.88;2019-04-11 14:50:45.0;
8;561.9;2019-04-11 14:50:58.0;
8;561.92;2019-04-11 14:50:59.0;
8;561.88;2019-04-11 14:51:08.0;
8;561.92;2019-04-11 14:51:09.0;
8;561.88;2019-04-11 14:51:10.0;
8;561.92;2019-04-11 14:51:13.0;
8;561.95;2019-04-11 14:51:16.0;
8;561.98;2019-04-11 14:51:21.0;
8;561.92;2019-04-11 14:51:26.0;
8;561.88;2019-04-11 14:51:38.0;
8;561.92;2019-04-11 14:51:43.0;
8;561.96;2019-04-11 14:52:04.0;
8;561.92;2019-04-11 14:52:10.0;
8;561.9;2019-04-11 14:52:14.0;
8;561.92;2019-04-11 14:52:20.0;
8;561.88;2019-04-11 14:52:26.0;
8;561.83;2019-04-11 14:52:32.0;
8;561.73;2019-04-11 14:52:37.0;
8;561.72;2019-04-11 14:52:39.0;
8;561.71;2019-04-11 14:52:43.0;
8;561.75;2019-04-11 14:52:49.0;
8;561.72;2019-04-11 14:52:53.0;
8;561.75;2019-04-11 14:52:55.0;
8;561.73;2019-04-11 14:52:56.0;
8;561.75;2019-04-11 14:52:59.0;
8;561.73;2019-04-11 14:53:00.0;
8;561.75;2019-04-11 14:53:01.0;
8;561.67;2019-04-11 14:53:09.0;
8;561.7;2019-04-11 14:53:28.0;
8;561.71;2019-04-11 14:53:34.0;
8;561.67;2019-04-11 14:53:39.0;
8;561.71;2019-04-11 14:53:41.0;
8;561.7;2019-04-11 14:53:48.0;
8;561.67;2019-04-11 14:54:07.0;
8;561.65;2019-04-11 14:54:09.0;
8;561.67;2019-04-11 14:54:10.0;
8;561.65;2019-04-11 14:54:11.0;
8;561.67;2019-04-11 14:54:14.0;
8;561.62;2019-04-11 14:54:18.0;
8;561.65;2019-04-11 14:54:54.0;
8;561.62;2019-04-11 14:54:58.0;
8;561.65;2019-04-11 14:55:04.0;
8;561.67;2019-04-11 14:55:10.0;
8;561.62;2019-04-11 14:55:14.0;
8;561.67;2019-04-11 14:55:20.0;
8;561.65;2019-04-11 14:55:21.0;
8;561.62;2019-04-11 14:55:32.0;
8;561.67;2019-04-11 14:55:43.0;
8;561.71;2019-04-11 14:56:31.0;
8;561.67;2019-04-11 14:56:35.0;
8;561.7;2019-04-11 14:56:48.0;
8;561.67;2019-04-11 14:56:50.0;
8;561.71;2019-04-11 14:56:51.0;
8;561.67;2019-04-11 14:56:56.0;
8;561.71;2019-04-11 14:56:57.0;
8;561.67;2019-04-11 14:56:58.0;
8;561.62;2019-04-11 14:57:02.0;
8;561.58;2019-04-11 14:57:14.0;
8;561.52;2019-04-11 14:57:22.0;
8;561.53;2019-04-11 14:57:29.0;
8;561.48;2019-04-11 14:57:43.0;
8;561.53;2019-04-11 14:57:45.0;
8;561.48;2019-04-11 14:57:46.0;
8;561.47;2019-04-11 14:57:47.0;
8;561.48;2019-04-11 14:57:49.0;
8;561.47;2019-04-11 14:57:50.0;
8;561.38;2019-04-11 14:58:12.0;
8;561.33;2019-04-11 14:58:23.0;
8;561.35;2019-04-11 14:58:27.0;
8;561.33;2019-04-11 14:58:29.0;
8;561.35;2019-04-11 14:58:30.0;
8;561.33;2019-04-11 14:58:32.0;
8;561.38;2019-04-11 14:58:37.0;
8;561.4;2019-04-11 14:58:43.0;
8;561.38;2019-04-11 14:58:45.0;
8;561.4;2019-04-11 14:58:46.0;
8;561.33;2019-04-11 14:58:50.0;
8;561.36;2019-04-11 14:59:07.0;
8;561.33;2019-04-11 14:59:11.0;
8;561.3;2019-04-11 14:59:24.0;
8;561.33;2019-04-11 14:59:30.0;
8;561.38;2019-04-11 14:59:31.0;
8;561.33;2019-04-11 14:59:32.0;
8;561.38;2019-04-11 14:59:34.0;
8;561.17;2019-04-11 15:00:05.0;
8;561.12;2019-04-11 15:00:09.0;
8;561.17;2019-04-11 15:00:11.0;
8;561.15;2019-04-11 15:00:12.0;
8;561.17;2019-04-11 15:00:19.0;
8;561.22;2019-04-11 15:00:21.0;
8;561.21;2019-04-11 15:00:25.0;
8;561.22;2019-04-11 15:00:26.0;
8;561.21;2019-04-11 15:00:27.0;
8;561.17;2019-04-11 15:00:30.0;
8;561.22;2019-04-11 15:00:32.0;
8;561.2;2019-04-11 15:00:36.0;
8;561.23;2019-04-11 15:00:45.0;
8;561.17;2019-04-11 15:00:48.0;
8;561.2;2019-04-11 15:00:54.0;
8;561.17;2019-04-11 15:00:55.0;
8;561.2;2019-04-11 15:00:57.0;
8;561.17;2019-04-11 15:00:58.0;
8;561.12;2019-04-11 15:01:08.0;
8;561.1;2019-04-11 15:01:14.0;
8;561.12;2019-04-11 15:01:16.0;
8;561.1;2019-04-11 15:01:17.0;
8;561.12;2019-04-11 15:01:19.0;
8;561.17;2019-04-11 15:01:32.0;
8;561.12;2019-04-11 15:01:34.0;
8;561.17;2019-04-11 15:01:36.0;
8;561.22;2019-04-11 15:02:02.0;
8;561.25;2019-04-11 15:02:06.0;
8;561.27;2019-04-11 15:02:12.0;
8;561.25;2019-04-11 15:02:20.0;
8;561.33;2019-04-11 15:02:23.0;
8;561.27;2019-04-11 15:02:35.0;
8;561.22;2019-04-11 15:02:39.0;
8;561.23;2019-04-11 15:02:45.0;
8;561.25;2019-04-11 15:02:49.0;
8;561.22;2019-04-11 15:02:56.0;
8;561.23;2019-04-11 15:03:01.0;
8;561.25;2019-04-11 15:03:11.0;
8;561.23;2019-04-11 15:03:12.0;
8;561.25;2019-04-11 15:03:13.0;
8;561.22;2019-04-11 15:03:15.0;
8;561.25;2019-04-11 15:03:16.0;
8;561.27;2019-04-11 15:03:17.0;
8;561.22;2019-04-11 15:03:19.0;
8;561.27;2019-04-11 15:03:22.0;
8;561.23;2019-04-11 15:03:29.0;
8;561.27;2019-04-11 15:03:31.0;
8;561.25;2019-04-11 15:03:41.0;
8;561.27;2019-04-11 15:03:46.0;
8;561.22;2019-04-11 15:04:07.0;
8;561.27;2019-04-11 15:04:08.0;
8;561.22;2019-04-11 15:04:10.0;
8;561.27;2019-04-11 15:04:17.0;
8;561.3;2019-04-11 15:04:28.0;
8;561.33;2019-04-11 15:04:34.0;
8;561.27;2019-04-11 15:04:59.0;
8;561.33;2019-04-11 15:05:11.0;
8;561.3;2019-04-11 15:05:37.0;
8;561.27;2019-04-11 15:05:42.0;
8;561.38;2019-04-11 15:06:04.0;
8;561.4;2019-04-11 15:06:17.0;
8;561.38;2019-04-11 15:06:24.0;
8;561.4;2019-04-11 15:06:35.0;
8;561.38;2019-04-11 15:06:37.0;
8;561.4;2019-04-11 15:06:39.0;
8;561.42;2019-04-11 15:06:41.0;
8;561.48;2019-04-11 15:06:45.0;
8;561.47;2019-04-11 15:06:51.0;
8;561.48;2019-04-11 15:07:08.0;
8;561.46;2019-04-11 15:07:17.0;
8;561.48;2019-04-11 15:07:25.0;
8;561.5;2019-04-11 15:07:34.0;
8;561.42;2019-04-11 15:07:38.0;
8;561.4;2019-04-11 15:08:05.0;
8;561.42;2019-04-11 15:08:13.0;
8;561.45;2019-04-11 15:08:25.0;
8;561.48;2019-04-11 15:08:26.0;
8;561.46;2019-04-11 15:08:32.0;
8;561.42;2019-04-11 15:08:38.0;
8;561.38;2019-04-11 15:08:54.0;
8;561.42;2019-04-11 15:08:56.0;
8;561.38;2019-04-11 15:08:57.0;
8;561.42;2019-04-11 15:09:37.0;
8;561.4;2019-04-11 15:09:40.0;
8;561.42;2019-04-11 15:09:43.0;
8;561.4;2019-04-11 15:09:45.0;
8;561.42;2019-04-11 15:09:46.0;
8;561.48;2019-04-11 15:10:06.0;
8;561.53;2019-04-11 15:10:35.0;
8;561.58;2019-04-11 15:10:47.0;
8;561.55;2019-04-11 15:10:50.0;
8;561.58;2019-04-11 15:11:01.0;
8;561.55;2019-04-11 15:11:04.0;
8;561.53;2019-04-11 15:11:24.0;
8;561.55;2019-04-11 15:11:25.0;
8;561.53;2019-04-11 15:11:28.0;
8;561.52;2019-04-11 15:11:29.0;
8;561.53;2019-04-11 15:11:32.0;
8;561.52;2019-04-11 15:11:37.0;
8;561.55;2019-04-11 15:11:43.0;
8;561.52;2019-04-11 15:11:44.0;
8;561.55;2019-04-11 15:11:46.0;
8;561.58;2019-04-11 15:11:53.0;
8;561.6;2019-04-11 15:12:19.0;
8;561.58;2019-04-11 15:12:20.0;
8;561.6;2019-04-11 15:12:21.0;
8;561.58;2019-04-11 15:12:23.0;
8;561.55;2019-04-11 15:12:53.0;
8;561.52;2019-04-11 15:12:58.0;
8;561.55;2019-04-11 15:13:02.0;
8;561.53;2019-04-11 15:13:04.0;
8;561.55;2019-04-11 15:13:05.0;
8;561.53;2019-04-11 15:13:07.0;
8;561.52;2019-04-11 15:13:08.0;
8;561.47;2019-04-11 15:13:25.0;
8;561.55;2019-04-11 15:13:27.0;
8;561.53;2019-04-11 15:13:32.0;
8;561.55;2019-04-11 15:13:38.0;
8;561.52;2019-04-11 15:13:47.0;
8;561.5;2019-04-11 15:14:03.0;
8;561.53;2019-04-11 15:14:09.0;
8;561.52;2019-04-11 15:14:13.0;
8;561.5;2019-04-11 15:14:19.0;
8;561.47;2019-04-11 15:14:29.0;
8;561.42;2019-04-11 15:14:35.0;
8;561.46;2019-04-11 15:14:39.0;
8;561.42;2019-04-11 15:14:42.0;
8;561.46;2019-04-11 15:14:43.0;
8;561.42;2019-04-11 15:14:48.0;
8;561.48;2019-04-11 15:14:49.0;
8;561.42;2019-04-11 15:14:50.0;
8;561.45;2019-04-11 15:14:56.0;
8;561.42;2019-04-11 15:15:03.0;
8;561.5;2019-04-11 15:15:09.0;
8;561.55;2019-04-11 15:15:15.0;
8;561.58;2019-04-11 15:15:18.0;
8;561.55;2019-04-11 15:15:19.0;
8;561.52;2019-04-11 15:15:28.0;
8;561.55;2019-04-11 15:15:30.0;
8;561.5;2019-04-11 15:15:32.0;
8;561.52;2019-04-11 15:15:37.0;
8;561.53;2019-04-11 15:15:45.0;
8;561.52;2019-04-11 15:15:50.0;
8;561.53;2019-04-11 15:16:11.0;
8;561.47;2019-04-11 15:16:59.0;
8;561.53;2019-04-11 15:17:00.0;
8;561.47;2019-04-11 15:17:02.0;
8;561.53;2019-04-11 15:17:08.0;
8;561.48;2019-04-11 15:17:25.0;
8;561.47;2019-04-11 15:17:31.0;
8;561.5;2019-04-11 15:17:32.0;
8;561.47;2019-04-11 15:17:33.0;
8;561.48;2019-04-11 15:17:35.0;
8;561.5;2019-04-11 15:17:39.0;
8;561.48;2019-04-11 15:17:50.0;
8;561.47;2019-04-11 15:18:04.0;
8;561.52;2019-04-11 15:18:20.0;
8;561.62;2019-04-11 15:18:25.0;
8;561.58;2019-04-11 15:18:30.0;
8;561.6;2019-04-11 15:19:03.0;
8;561.61;2019-04-11 15:19:09.0;
8;561.6;2019-04-11 15:19:11.0;
8;561.58;2019-04-11 15:19:13.0;
8;561.6;2019-04-11 15:20:10.0;
8;561.58;2019-04-11 15:20:12.0;
8;561.6;2019-04-11 15:20:14.0;
8;561.67;2019-04-11 15:20:15.0;
8;561.65;2019-04-11 15:20:26.0;
8;561.67;2019-04-11 15:20:28.0;
8;561.65;2019-04-11 15:20:33.0;
8;561.67;2019-04-11 15:20:38.0;
8;561.65;2019-04-11 15:20:49.0;
8;561.62;2019-04-11 15:20:53.0;
8;561.65;2019-04-11 15:21:08.0;
8;561.62;2019-04-11 15:21:09.0;
8;561.65;2019-04-11 15:21:11.0;
8;561.67;2019-04-11 15:21:12.0;
8;561.65;2019-04-11 15:21:15.0;
8;561.67;2019-04-11 15:21:17.0;
8;561.65;2019-04-11 15:21:18.0;
8;561.62;2019-04-11 15:21:20.0;
8;561.65;2019-04-11 15:21:30.0;
8;561.62;2019-04-11 15:21:32.0;
8;561.65;2019-04-11 15:21:38.0;
8;561.7;2019-04-11 15:21:41.0;
8;561.71;2019-04-11 15:21:44.0;
8;561.72;2019-04-11 15:22:03.0;
8;561.73;2019-04-11 15:22:09.0;
8;561.67;2019-04-11 15:22:12.0;
8;561.6;2019-04-11 15:22:15.0;
8;561.67;2019-04-11 15:22:26.0;
8;561.62;2019-04-11 15:22:27.0;
8;561.67;2019-04-11 15:22:29.0;
8;561.62;2019-04-11 15:23:02.0;
8;561.61;2019-04-11 15:23:35.0;
8;561.58;2019-04-11 15:23:48.0;
8;561.62;2019-04-11 15:24:04.0;
8;561.67;2019-04-11 15:24:16.0;
8;561.62;2019-04-11 15:24:18.0;
8;561.67;2019-04-11 15:24:19.0;
8;561.62;2019-04-11 15:24:43.0;
8;561.61;2019-04-11 15:24:47.0;
8;561.58;2019-04-11 15:24:55.0;
8;561.61;2019-04-11 15:24:57.0;
8;561.58;2019-04-11 15:25:00.0;
8;561.62;2019-04-11 15:25:04.0;
8;561.65;2019-04-11 15:25:16.0;
8;561.62;2019-04-11 15:25:20.0;
8;561.65;2019-04-11 15:25:23.0;
8;561.62;2019-04-11 15:25:25.0;
8;561.65;2019-04-11 15:25:26.0;
8;561.67;2019-04-11 15:25:28.0;
8;561.75;2019-04-11 15:26:07.0;
8;561.72;2019-04-11 15:26:10.0;
8;561.73;2019-04-11 15:26:12.0;
8;561.72;2019-04-11 15:26:14.0;
8;561.73;2019-04-11 15:26:16.0;
8;561.75;2019-04-11 15:26:26.0;
8;561.77;2019-04-11 15:26:33.0;
8;561.75;2019-04-11 15:26:51.0;
8;561.72;2019-04-11 15:27:00.0;
8;561.73;2019-04-11 15:27:04.0;
8;561.77;2019-04-11 15:27:12.0;
8;561.75;2019-04-11 15:27:16.0;
8;561.77;2019-04-11 15:27:21.0;
8;561.73;2019-04-11 15:27:31.0;
8;561.72;2019-04-11 15:27:33.0;
8;561.73;2019-04-11 15:27:35.0;
8;561.62;2019-04-11 15:27:36.0;
8;561.67;2019-04-11 15:27:48.0;
8;561.6;2019-04-11 15:28:04.0;
8;561.62;2019-04-11 15:28:08.0;
8;561.58;2019-04-11 15:28:27.0;
8;561.52;2019-04-11 15:28:31.0;
8;561.58;2019-04-11 15:28:40.0;
8;561.52;2019-04-11 15:28:41.0;
8;561.58;2019-04-11 15:28:43.0;
8;561.52;2019-04-11 15:28:47.0;
8;561.58;2019-04-11 15:28:48.0;
8;561.52;2019-04-11 15:28:50.0;
8;561.48;2019-04-11 15:28:59.0;
8;561.52;2019-04-11 15:29:06.0;
8;561.53;2019-04-11 15:29:10.0;
8;561.55;2019-04-11 15:29:15.0;
8;561.62;2019-04-11 15:29:20.0;
8;561.6;2019-04-11 15:29:25.0;
8;561.62;2019-04-11 15:29:31.0;
8;561.67;2019-04-11 15:29:45.0;
8;561.62;2019-04-11 15:30:05.0;
8;561.67;2019-04-11 15:30:11.0;
8;561.65;2019-04-11 15:30:19.0;
8;561.52;2019-04-11 15:30:21.0;
8;561.5;2019-04-11 15:30:28.0;
8;561.4;2019-04-11 15:30:32.0;
8;561.5;2019-04-11 15:30:38.0;
8;561.38;2019-04-11 15:30:42.0;
8;561.46;2019-04-11 15:30:47.0;
8;561.5;2019-04-11 15:30:54.0;
8;561.48;2019-04-11 15:30:57.0;
8;561.38;2019-04-11 15:31:01.0;
8;561.35;2019-04-11 15:31:09.0;
8;561.38;2019-04-11 15:31:13.0;
8;561.33;2019-04-11 15:31:19.0;
8;561.28;2019-04-11 15:31:36.0;
8;561.23;2019-04-11 15:31:39.0;
8;561.2;2019-04-11 15:31:43.0;
8;561.25;2019-04-11 15:31:50.0;
8;561.22;2019-04-11 15:32:11.0;
8;561.2;2019-04-11 15:32:15.0;
8;561.17;2019-04-11 15:32:20.0;
8;561.22;2019-04-11 15:32:30.0;
8;561.17;2019-04-11 15:32:32.0;
8;561.22;2019-04-11 15:32:33.0;
8;561.17;2019-04-11 15:32:35.0;
8;561.28;2019-04-11 15:32:42.0;
8;561.17;2019-04-11 15:32:43.0;
8;561.28;2019-04-11 15:32:45.0;
8;561.27;2019-04-11 15:32:49.0;
8;561.21;2019-04-11 15:32:55.0;
8;561.3;2019-04-11 15:33:01.0;
8;561.28;2019-04-11 15:33:02.0;
8;561.22;2019-04-11 15:33:06.0;
8;561.28;2019-04-11 15:33:08.0;
8;561.23;2019-04-11 15:33:11.0;
8;561.33;2019-04-11 15:33:16.0;
8;561.25;2019-04-11 15:33:21.0;
8;561.3;2019-04-11 15:33:31.0;
8;561.36;2019-04-11 15:33:36.0;
8;561.38;2019-04-11 15:33:41.0;
8;561.33;2019-04-11 15:33:45.0;
8;561.28;2019-04-11 15:33:50.0;
8;561.35;2019-04-11 15:34:08.0;
8;561.38;2019-04-11 15:34:12.0;
8;561.35;2019-04-11 15:34:14.0;
8;561.38;2019-04-11 15:34:15.0;
8;561.33;2019-04-11 15:34:20.0;
8;561.28;2019-04-11 15:34:26.0;
8;561.25;2019-04-11 15:34:29.0;
8;561.27;2019-04-11 15:34:31.0;
8;561.22;2019-04-11 15:34:35.0;
8;561.25;2019-04-11 15:34:41.0;
8;561.23;2019-04-11 15:34:44.0;
8;561.21;2019-04-11 15:34:48.0;
8;561.28;2019-04-11 15:34:54.0;
8;561.38;2019-04-11 15:34:58.0;
8;561.33;2019-04-11 15:35:00.0;
8;561.38;2019-04-11 15:35:01.0;
8;561.35;2019-04-11 15:35:13.0;
8;561.28;2019-04-11 15:35:20.0;
8;561.3;2019-04-11 15:35:26.0;
8;561.33;2019-04-11 15:35:33.0;
8;561.25;2019-04-11 15:35:36.0;
8;561.33;2019-04-11 15:35:39.0;
8;561.23;2019-04-11 15:35:41.0;
8;561.25;2019-04-11 15:35:47.0;
8;561.15;2019-04-11 15:36:07.0;
8;561.08;2019-04-11 15:36:11.0;
8;561.1;2019-04-11 15:36:21.0;
8;561.15;2019-04-11 15:36:25.0;
8;561.12;2019-04-11 15:36:29.0;
8;561.08;2019-04-11 15:36:37.0;
8;561.11;2019-04-11 15:36:41.0;
8;561.05;2019-04-11 15:36:47.0;
8;561.12;2019-04-11 15:36:53.0;
8;561.11;2019-04-11 15:37:02.0;
8;561.08;2019-04-11 15:37:04.0;
8;561.11;2019-04-11 15:37:07.0;
8;561.08;2019-04-11 15:37:11.0;
8;561.15;2019-04-11 15:37:28.0;
8;561.1;2019-04-11 15:37:29.0;
8;561.08;2019-04-11 15:37:43.0;
8;561.05;2019-04-11 15:38:09.0;
8;561.08;2019-04-11 15:38:18.0;
8;561.1;2019-04-11 15:38:23.0;
8;561.05;2019-04-11 15:38:26.0;
8;561.1;2019-04-11 15:38:32.0;
8;561.12;2019-04-11 15:38:38.0;
8;561.08;2019-04-11 15:38:40.0;
8;561.11;2019-04-11 15:38:44.0;
8;561.08;2019-04-11 15:38:49.0;
8;561.02;2019-04-11 15:38:53.0;
8;560.98;2019-04-11 15:38:56.0;
8;561;2019-04-11 15:38:58.0;
8;560.98;2019-04-11 15:39:02.0;
8;561;2019-04-11 15:39:03.0;
8;560.98;2019-04-11 15:39:05.0;
8;561;2019-04-11 15:39:06.0;
8;560.98;2019-04-11 15:39:07.0;
8;560.97;2019-04-11 15:39:09.0;
8;560.95;2019-04-11 15:39:10.0;
8;560.97;2019-04-11 15:39:12.0;
8;560.95;2019-04-11 15:39:13.0;
8;560.92;2019-04-11 15:39:16.0;
8;560.88;2019-04-11 15:39:32.0;
8;560.92;2019-04-11 15:39:38.0;
8;560.85;2019-04-11 15:40:06.0;
8;560.86;2019-04-11 15:40:10.0;
8;560.88;2019-04-11 15:40:17.0;
8;560.9;2019-04-11 15:40:37.0;
8;560.92;2019-04-11 15:40:41.0;
8;560.98;2019-04-11 15:40:45.0;
8;561;2019-04-11 15:40:49.0;
8;560.98;2019-04-11 15:40:53.0;
8;560.97;2019-04-11 15:41:00.0;
8;561.02;2019-04-11 15:41:14.0;
8;561.08;2019-04-11 15:41:20.0;
8;561.11;2019-04-11 15:41:26.0;
8;561.05;2019-04-11 15:41:31.0;
8;561.08;2019-04-11 15:41:36.0;
8;561.12;2019-04-11 15:41:38.0;
8;561.11;2019-04-11 15:41:42.0;
8;561.08;2019-04-11 15:41:46.0;
8;561.1;2019-04-11 15:41:48.0;
8;561.08;2019-04-11 15:42:04.0;
8;561.17;2019-04-11 15:42:19.0;
8;561.08;2019-04-11 15:42:21.0;
8;561.15;2019-04-11 15:42:24.0;
8;561.21;2019-04-11 15:42:28.0;
8;561.15;2019-04-11 15:42:34.0;
8;561.17;2019-04-11 15:42:36.0;
8;561.15;2019-04-11 15:42:41.0;
8;561.17;2019-04-11 15:42:44.0;
8;561.23;2019-04-11 15:42:50.0;
8;561.27;2019-04-11 15:42:55.0;
8;561.28;2019-04-11 15:42:57.0;
8;561.27;2019-04-11 15:42:59.0;
8;561.28;2019-04-11 15:43:06.0;
8;561.3;2019-04-11 15:43:09.0;
8;561.38;2019-04-11 15:43:15.0;
8;561.4;2019-04-11 15:43:17.0;
8;561.42;2019-04-11 15:43:21.0;
8;561.46;2019-04-11 15:43:38.0;
8;561.42;2019-04-11 15:43:43.0;
8;561.53;2019-04-11 15:44:07.0;
8;561.5;2019-04-11 15:44:10.0;
8;561.47;2019-04-11 15:44:13.0;
8;561.46;2019-04-11 15:44:19.0;
8;561.45;2019-04-11 15:44:20.0;
8;561.4;2019-04-11 15:44:31.0;
8;561.42;2019-04-11 15:44:33.0;
8;561.4;2019-04-11 15:44:34.0;
8;561.38;2019-04-11 15:44:36.0;
8;561.4;2019-04-11 15:44:52.0;
8;561.38;2019-04-11 15:44:56.0;
8;561.4;2019-04-11 15:45:10.0;
8;561.38;2019-04-11 15:45:12.0;
8;561.3;2019-04-11 15:45:19.0;
8;561.27;2019-04-11 15:45:23.0;
8;561.33;2019-04-11 15:45:29.0;
8;561.38;2019-04-11 15:45:31.0;
8;561.33;2019-04-11 15:45:34.0;
8;561.38;2019-04-11 15:45:36.0;
8;561.4;2019-04-11 15:45:41.0;
8;561.38;2019-04-11 15:45:50.0;
8;561.3;2019-04-11 15:46:03.0;
8;561.4;2019-04-11 15:46:08.0;
8;561.27;2019-04-11 15:46:17.0;
8;561.42;2019-04-11 15:46:20.0;
8;561.27;2019-04-11 15:46:22.0;
8;561.42;2019-04-11 15:46:23.0;
8;561.4;2019-04-11 15:46:26.0;
8;561.42;2019-04-11 15:46:28.0;
8;561.4;2019-04-11 15:46:30.0;
8;561.42;2019-04-11 15:46:39.0;
8;561.38;2019-04-11 15:46:47.0;
8;561.47;2019-04-11 15:46:52.0;
8;561.5;2019-04-11 15:46:55.0;
8;561.47;2019-04-11 15:46:57.0;
8;561.5;2019-04-11 15:46:58.0;
8;561.55;2019-04-11 15:47:00.0;
8;561.5;2019-04-11 15:47:01.0;
8;561.58;2019-04-11 15:47:03.0;
8;561.55;2019-04-11 15:47:10.0;
8;561.53;2019-04-11 15:47:20.0;
8;561.42;2019-04-11 15:47:26.0;
8;561.48;2019-04-11 15:47:29.0;
8;561.42;2019-04-11 15:47:38.0;
8;561.38;2019-04-11 15:47:43.0;
8;561.48;2019-04-11 15:48:08.0;
8;561.52;2019-04-11 15:48:10.0;
8;561.48;2019-04-11 15:48:19.0;
8;561.52;2019-04-11 15:48:24.0;
8;561.55;2019-04-11 15:48:29.0;
8;561.48;2019-04-11 15:48:38.0;
8;561.47;2019-04-11 15:48:40.0;
8;561.45;2019-04-11 15:48:48.0;
8;561.42;2019-04-11 15:48:50.0;
8;561.47;2019-04-11 15:49:06.0;
8;561.48;2019-04-11 15:49:08.0;
8;561.5;2019-04-11 15:49:15.0;
8;561.48;2019-04-11 15:49:16.0;
8;561.45;2019-04-11 15:49:22.0;
8;561.47;2019-04-11 15:49:27.0;
8;561.48;2019-04-11 15:49:29.0;
8;561.55;2019-04-11 15:50:12.0;
8;561.52;2019-04-11 15:50:17.0;
8;561.48;2019-04-11 15:50:25.0;
8;561.52;2019-04-11 15:50:31.0;
8;561.58;2019-04-11 15:50:33.0;
8;561.62;2019-04-11 15:50:36.0;
8;561.58;2019-04-11 15:50:38.0;
8;561.62;2019-04-11 15:50:39.0;
8;561.67;2019-04-11 15:50:41.0;
8;561.62;2019-04-11 15:50:48.0;
8;561.67;2019-04-11 15:50:54.0;
8;561.62;2019-04-11 15:50:59.0;
8;561.58;2019-04-11 15:51:08.0;
8;561.62;2019-04-11 15:51:09.0;
8;561.58;2019-04-11 15:51:11.0;
8;561.5;2019-04-11 15:51:12.0;
8;561.48;2019-04-11 15:51:18.0;
8;561.42;2019-04-11 15:51:21.0;
8;561.38;2019-04-11 15:51:28.0;
8;561.42;2019-04-11 15:51:29.0;
8;561.38;2019-04-11 15:51:31.0;
8;561.4;2019-04-11 15:51:38.0;
8;561.38;2019-04-11 15:51:41.0;
8;561.4;2019-04-11 15:51:42.0;
8;561.38;2019-04-11 15:51:44.0;
8;561.33;2019-04-11 15:52:13.0;
8;561.25;2019-04-11 15:52:17.0;
8;561.22;2019-04-11 15:52:25.0;
8;561.27;2019-04-11 15:52:28.0;
8;561.2;2019-04-11 15:52:42.0;
8;561.15;2019-04-11 15:52:47.0;
8;561.17;2019-04-11 15:52:54.0;
8;561.12;2019-04-11 15:52:57.0;
8;561.08;2019-04-11 15:53:02.0;
8;561.03;2019-04-11 15:53:09.0;
8;561.02;2019-04-11 15:53:15.0;
8;561.03;2019-04-11 15:53:16.0;
8;561;2019-04-11 15:53:20.0;
8;561.02;2019-04-11 15:53:24.0;
8;561.03;2019-04-11 15:53:32.0;
8;560.98;2019-04-11 15:53:33.0;
8;561.05;2019-04-11 15:53:34.0;
8;561.03;2019-04-11 15:53:36.0;
8;561.05;2019-04-11 15:53:38.0;
8;561;2019-04-11 15:53:42.0;
8;561.12;2019-04-11 15:53:47.0;
8;561.2;2019-04-11 15:54:03.0;
8;561.12;2019-04-11 15:54:10.0;
8;561.17;2019-04-11 15:54:12.0;
8;561.03;2019-04-11 15:54:17.0;
8;561.17;2019-04-11 15:54:18.0;
8;561.03;2019-04-11 15:54:20.0;
8;561.02;2019-04-11 15:54:21.0;
8;560.98;2019-04-11 15:54:26.0;
8;560.95;2019-04-11 15:54:31.0;
8;560.92;2019-04-11 15:54:37.0;
8;560.88;2019-04-11 15:54:48.0;
8;560.9;2019-04-11 15:55:01.0;
8;560.88;2019-04-11 15:55:02.0;
8;560.73;2019-04-11 15:55:05.0;
8;560.88;2019-04-11 15:55:06.0;
8;560.73;2019-04-11 15:55:08.0;
8;560.75;2019-04-11 15:55:09.0;
8;560.83;2019-04-11 15:55:12.0;
8;560.77;2019-04-11 15:55:18.0;
8;560.75;2019-04-11 15:55:21.0;
8;560.78;2019-04-11 15:55:27.0;
8;560.75;2019-04-11 15:55:28.0;
8;560.73;2019-04-11 15:55:32.0;
8;560.75;2019-04-11 15:55:38.0;
8;560.77;2019-04-11 15:55:40.0;
8;560.75;2019-04-11 15:55:42.0;
8;560.83;2019-04-11 15:55:44.0;
8;560.78;2019-04-11 15:55:51.0;
8;560.88;2019-04-11 15:56:03.0;
8;560.83;2019-04-11 15:56:17.0;
8;560.88;2019-04-11 15:56:19.0;
8;560.83;2019-04-11 15:56:20.0;
8;560.88;2019-04-11 15:56:22.0;
8;560.9;2019-04-11 15:56:55.0;
8;560.97;2019-04-11 15:56:59.0;
8;561.03;2019-04-11 15:57:06.0;
8;561.08;2019-04-11 15:57:10.0;
8;560.97;2019-04-11 15:57:16.0;
8;560.95;2019-04-11 15:57:20.0;
8;560.92;2019-04-11 15:57:26.0;
8;560.88;2019-04-11 15:57:31.0;
8;560.9;2019-04-11 15:57:35.0;
8;560.88;2019-04-11 15:57:39.0;
8;560.97;2019-04-11 15:58:03.0;
8;560.88;2019-04-11 15:58:06.0;
8;560.97;2019-04-11 15:58:07.0;
8;561;2019-04-11 15:58:11.0;
8;560.97;2019-04-11 15:58:13.0;
8;560.98;2019-04-11 15:58:19.0;
8;560.95;2019-04-11 15:58:24.0;
8;560.97;2019-04-11 15:58:28.0;
8;560.92;2019-04-11 15:58:31.0;
8;560.97;2019-04-11 15:58:33.0;
8;560.92;2019-04-11 15:58:34.0;
8;560.88;2019-04-11 15:58:56.0;
8;560.77;2019-04-11 15:59:02.0;
8;560.83;2019-04-11 15:59:08.0;
8;560.78;2019-04-11 15:59:13.0;
8;560.72;2019-04-11 15:59:17.0;
8;560.65;2019-04-11 15:59:23.0;
8;560.62;2019-04-11 15:59:27.0;
8;560.58;2019-04-11 15:59:33.0;
8;560.52;2019-04-11 15:59:39.0;
8;560.58;2019-04-11 15:59:40.0;
8;560.52;2019-04-11 15:59:42.0;
8;560.62;2019-04-11 15:59:43.0;
8;560.78;2019-04-11 16:00:05.0;
8;560.92;2019-04-11 16:00:10.0;
8;560.88;2019-04-11 16:00:16.0;
8;560.8;2019-04-11 16:00:17.0;
8;560.88;2019-04-11 16:00:19.0;
8;560.8;2019-04-11 16:00:20.0;
8;560.77;2019-04-11 16:00:21.0;
8;560.75;2019-04-11 16:00:25.0;
8;560.83;2019-04-11 16:00:31.0;
8;560.88;2019-04-11 16:00:32.0;
8;560.86;2019-04-11 16:00:41.0;
8;560.88;2019-04-11 16:00:44.0;
8;560.9;2019-04-11 16:00:55.0;
8;560.92;2019-04-11 16:00:59.0;
8;560.88;2019-04-11 16:01:01.0;
8;560.83;2019-04-11 16:01:05.0;
8;560.88;2019-04-11 16:01:17.0;
8;560.83;2019-04-11 16:01:21.0;
8;560.88;2019-04-11 16:01:23.0;
8;560.83;2019-04-11 16:01:25.0;
8;560.88;2019-04-11 16:01:26.0;
8;560.83;2019-04-11 16:01:31.0;
8;560.86;2019-04-11 16:01:33.0;
8;560.83;2019-04-11 16:01:34.0;
8;560.88;2019-04-11 16:01:50.0;
8;560.9;2019-04-11 16:02:11.0;
8;560.92;2019-04-11 16:02:16.0;
8;560.96;2019-04-11 16:02:24.0;
8;560.92;2019-04-11 16:02:25.0;
8;560.96;2019-04-11 16:02:27.0;
8;560.88;2019-04-11 16:02:30.0;
8;560.92;2019-04-11 16:02:31.0;
8;560.88;2019-04-11 16:02:33.0;
8;560.92;2019-04-11 16:02:34.0;
8;561;2019-04-11 16:02:47.0;
8;561.05;2019-04-11 16:03:03.0;
8;561.08;2019-04-11 16:03:09.0;
8;561.12;2019-04-11 16:03:18.0;
8;561.08;2019-04-11 16:03:19.0;
8;561.12;2019-04-11 16:03:21.0;
8;561.15;2019-04-11 16:03:28.0;
8;561.12;2019-04-11 16:03:34.0;
8;561.11;2019-04-11 16:03:35.0;
8;561.12;2019-04-11 16:03:40.0;
8;561.17;2019-04-11 16:03:43.0;
8;561.12;2019-04-11 16:04:13.0;
8;561.17;2019-04-11 16:04:15.0;
8;561.12;2019-04-11 16:04:16.0;
8;561.17;2019-04-11 16:04:18.0;
8;561.21;2019-04-11 16:04:39.0;
8;561.15;2019-04-11 16:04:45.0;
8;561.12;2019-04-11 16:04:48.0;
8;561.25;2019-04-11 16:04:59.0;
8;561.3;2019-04-11 16:05:04.0;
8;561.33;2019-04-11 16:05:15.0;
8;561.38;2019-04-11 16:05:25.0;
8;561.3;2019-04-11 16:05:29.0;
8;561.27;2019-04-11 16:05:35.0;
8;561.33;2019-04-11 16:05:39.0;
8;561.28;2019-04-11 16:05:45.0;
8;561.27;2019-04-11 16:05:49.0;
8;561.25;2019-04-11 16:06:07.0;
8;561.22;2019-04-11 16:06:09.0;
8;561.25;2019-04-11 16:06:10.0;
8;561.21;2019-04-11 16:06:12.0;
8;561.17;2019-04-11 16:06:17.0;
8;561.12;2019-04-11 16:06:19.0;
8;561.22;2019-04-11 16:06:25.0;
8;561.27;2019-04-11 16:06:31.0;
8;561.23;2019-04-11 16:06:37.0;
8;561.22;2019-04-11 16:06:41.0;
8;561.23;2019-04-11 16:06:43.0;
8;561.22;2019-04-11 16:06:44.0;
8;561.2;2019-04-11 16:06:47.0;
8;561.28;2019-04-11 16:06:53.0;
8;561.27;2019-04-11 16:06:59.0;
8;561.3;2019-04-11 16:07:09.0;
8;561.27;2019-04-11 16:07:12.0;
8;561.22;2019-04-11 16:07:15.0;
8;561.17;2019-04-11 16:07:24.0;
8;561.22;2019-04-11 16:07:36.0;
8;561.15;2019-04-11 16:07:40.0;
8;561.17;2019-04-11 16:07:45.0;
8;561.12;2019-04-11 16:07:46.0;
8;561.17;2019-04-11 16:07:48.0;
8;561.12;2019-04-11 16:07:51.0;
8;561.17;2019-04-11 16:08:08.0;
8;561.23;2019-04-11 16:08:11.0;
8;561.15;2019-04-11 16:08:20.0;
8;561.17;2019-04-11 16:08:23.0;
8;561.15;2019-04-11 16:08:26.0;
8;561.17;2019-04-11 16:08:28.0;
8;561.15;2019-04-11 16:08:30.0;
8;561.17;2019-04-11 16:08:36.0;
8;561.28;2019-04-11 16:08:40.0;
8;561.25;2019-04-11 16:08:45.0;
8;561.3;2019-04-11 16:08:53.0;
8;561.25;2019-04-11 16:08:55.0;
8;561.33;2019-04-11 16:08:56.0;
8;561.36;2019-04-11 16:09:00.0;
8;561.33;2019-04-11 16:09:06.0;
8;561.3;2019-04-11 16:09:09.0;
8;561.33;2019-04-11 16:09:17.0;
8;561.27;2019-04-11 16:09:31.0;
8;561.33;2019-04-11 16:09:36.0;
8;561.27;2019-04-11 16:09:42.0;
8;561.3;2019-04-11 16:09:49.0;
8;561.27;2019-04-11 16:09:51.0;
8;561.3;2019-04-11 16:09:53.0;
8;561.28;2019-04-11 16:10:07.0;
8;561.3;2019-04-11 16:10:12.0;
8;561.27;2019-04-11 16:10:18.0;
8;561.33;2019-04-11 16:10:24.0;
8;561.35;2019-04-11 16:10:27.0;
8;561.38;2019-04-11 16:10:33.0;
8;561.35;2019-04-11 16:10:38.0;
8;561.33;2019-04-11 16:10:41.0;
8;561.3;2019-04-11 16:10:53.0;
8;561.33;2019-04-11 16:10:55.0;
8;561.3;2019-04-11 16:10:57.0;
8;561.27;2019-04-11 16:11:00.0;
8;561.3;2019-04-11 16:11:02.0;
8;561.27;2019-04-11 16:11:04.0;
8;561.22;2019-04-11 16:11:05.0;
8;561.23;2019-04-11 16:11:10.0;
8;561.21;2019-04-11 16:11:15.0;
8;561.15;2019-04-11 16:11:18.0;
8;561.17;2019-04-11 16:11:22.0;
8;561.2;2019-04-11 16:11:28.0;
8;561.17;2019-04-11 16:11:32.0;
8;561.2;2019-04-11 16:11:37.0;
8;561.23;2019-04-11 16:11:43.0;
8;561.17;2019-04-11 16:12:07.0;
8;561.2;2019-04-11 16:12:11.0;
8;561.17;2019-04-11 16:12:13.0;
8;561.2;2019-04-11 16:12:14.0;
8;561.15;2019-04-11 16:12:16.0;
8;561.12;2019-04-11 16:12:24.0;
8;561.08;2019-04-11 16:12:31.0;
8;561.02;2019-04-11 16:12:39.0;
8;561.08;2019-04-11 16:12:41.0;
8;561.02;2019-04-11 16:12:42.0;
8;561;2019-04-11 16:12:45.0;
8;560.98;2019-04-11 16:12:50.0;
8;561.02;2019-04-11 16:12:56.0;
8;561.08;2019-04-11 16:13:03.0;
8;561.05;2019-04-11 16:13:06.0;
8;561.12;2019-04-11 16:13:09.0;
8;561.11;2019-04-11 16:13:10.0;
8;561.12;2019-04-11 16:13:17.0;
8;561.08;2019-04-11 16:13:27.0;
8;561.21;2019-04-11 16:13:42.0;
8;561.2;2019-04-11 16:13:44.0;
8;561.21;2019-04-11 16:13:47.0;
8;561.2;2019-04-11 16:13:48.0;
8;561.21;2019-04-11 16:13:49.0;
8;561.15;2019-04-11 16:14:05.0;
8;561.17;2019-04-11 16:14:09.0;
8;561.2;2019-04-11 16:14:14.0;
8;561.25;2019-04-11 16:14:24.0;
8;561.22;2019-04-11 16:14:27.0;
8;561.25;2019-04-11 16:14:38.0;
8;561.27;2019-04-11 16:14:45.0;
8;561.23;2019-04-11 16:14:46.0;
8;561.27;2019-04-11 16:14:48.0;
8;561.23;2019-04-11 16:14:49.0;
8;561.22;2019-04-11 16:14:51.0;
8;561.23;2019-04-11 16:14:53.0;
8;561.22;2019-04-11 16:14:54.0;
8;561.28;2019-04-11 16:14:56.0;
8;561.22;2019-04-11 16:14:57.0;
8;561.28;2019-04-11 16:14:58.0;
8;561.27;2019-04-11 16:15:00.0;
8;561.33;2019-04-11 16:15:04.0;
8;561.4;2019-04-11 16:15:11.0;
8;561.42;2019-04-11 16:15:16.0;
8;561.47;2019-04-11 16:15:20.0;
8;561.45;2019-04-11 16:15:23.0;
8;561.38;2019-04-11 16:15:27.0;
8;561.3;2019-04-11 16:15:40.0;
8;561.33;2019-04-11 16:15:43.0;
8;561.28;2019-04-11 16:16:04.0;
8;561.27;2019-04-11 16:16:10.0;
8;561.22;2019-04-11 16:16:27.0;
8;561.17;2019-04-11 16:16:32.0;
8;561.23;2019-04-11 16:16:38.0;
8;561.27;2019-04-11 16:16:41.0;
8;561.33;2019-04-11 16:16:51.0;
8;561.3;2019-04-11 16:16:58.0;
8;561.28;2019-04-11 16:17:01.0;
8;561.3;2019-04-11 16:17:16.0;
8;561.33;2019-04-11 16:17:20.0;
8;561.4;2019-04-11 16:17:27.0;
8;561.42;2019-04-11 16:17:29.0;
8;561.45;2019-04-11 16:17:35.0;
8;561.42;2019-04-11 16:17:43.0;
8;561.48;2019-04-11 16:17:46.0;
8;561.47;2019-04-11 16:17:49.0;
8;561.52;2019-04-11 16:18:06.0;
8;561.58;2019-04-11 16:18:09.0;
8;561.52;2019-04-11 16:18:10.0;
8;561.58;2019-04-11 16:18:12.0;
8;561.53;2019-04-11 16:18:18.0;
8;561.52;2019-04-11 16:18:25.0;
8;561.47;2019-04-11 16:18:26.0;
8;561.5;2019-04-11 16:18:29.0;
8;561.47;2019-04-11 16:18:40.0;
8;561.45;2019-04-11 16:18:43.0;
8;561.47;2019-04-11 16:18:45.0;
8;561.45;2019-04-11 16:18:46.0;
8;561.42;2019-04-11 16:18:49.0;
8;561.4;2019-04-11 16:19:04.0;
8;561.42;2019-04-11 16:19:17.0;
8;561.45;2019-04-11 16:19:21.0;
8;561.4;2019-04-11 16:19:26.0;
8;561.38;2019-04-11 16:19:27.0;
8;561.4;2019-04-11 16:19:30.0;
8;561.38;2019-04-11 16:19:37.0;
8;561.36;2019-04-11 16:19:43.0;
8;561.38;2019-04-11 16:19:46.0;
8;561.36;2019-04-11 16:19:47.0;
8;561.38;2019-04-11 16:19:49.0;
8;561.36;2019-04-11 16:20:08.0;
8;561.38;2019-04-11 16:20:10.0;
8;561.36;2019-04-11 16:20:11.0;
8;561.38;2019-04-11 16:20:12.0;
8;561.42;2019-04-11 16:20:19.0;
8;561.4;2019-04-11 16:20:23.0;
8;561.38;2019-04-11 16:20:28.0;
8;561.3;2019-04-11 16:20:33.0;
8;561.36;2019-04-11 16:20:43.0;
8;561.33;2019-04-11 16:20:48.0;
8;561.36;2019-04-11 16:20:53.0;
8;561.35;2019-04-11 16:20:55.0;
8;561.36;2019-04-11 16:20:56.0;
8;561.35;2019-04-11 16:20:57.0;
8;561.33;2019-04-11 16:21:00.0;
8;561.3;2019-04-11 16:21:03.0;
8;561.33;2019-04-11 16:21:05.0;
8;561.3;2019-04-11 16:21:07.0;
8;561.33;2019-04-11 16:21:09.0;
8;561.38;2019-04-11 16:21:13.0;
8;561.33;2019-04-11 16:21:43.0;
8;561.38;2019-04-11 16:21:44.0;
8;561.33;2019-04-11 16:21:46.0;
8;561.38;2019-04-11 16:21:50.0;
8;561.33;2019-04-11 16:22:14.0;
8;561.38;2019-04-11 16:22:17.0;
8;561.42;2019-04-11 16:22:19.0;
8;561.4;2019-04-11 16:22:31.0;
8;561.38;2019-04-11 16:22:33.0;
8;561.4;2019-04-11 16:22:39.0;
8;561.38;2019-04-11 16:22:43.0;
8;561.42;2019-04-11 16:22:54.0;
8;561.45;2019-04-11 16:23:02.0;
8;561.48;2019-04-11 16:23:04.0;
8;561.45;2019-04-11 16:23:05.0;
8;561.48;2019-04-11 16:23:06.0;
8;561.5;2019-04-11 16:23:08.0;
8;561.53;2019-04-11 16:23:13.0;
8;561.42;2019-04-11 16:23:19.0;
8;561.4;2019-04-11 16:23:25.0;
8;561.42;2019-04-11 16:23:29.0;
8;561.4;2019-04-11 16:23:37.0;
8;561.42;2019-04-11 16:23:44.0;
8;561.38;2019-04-11 16:24:07.0;
8;561.33;2019-04-11 16:24:13.0;
8;561.36;2019-04-11 16:24:27.0;
8;561.47;2019-04-11 16:24:39.0;
8;561.53;2019-04-11 16:24:42.0;
8;561.52;2019-04-11 16:24:44.0;
8;561.58;2019-04-11 16:25:07.0;
8;561.52;2019-04-11 16:25:09.0;
8;561.58;2019-04-11 16:25:10.0;
8;561.55;2019-04-11 16:25:16.0;
8;561.58;2019-04-11 16:25:22.0;
8;561.55;2019-04-11 16:25:24.0;
8;561.58;2019-04-11 16:25:26.0;
8;561.55;2019-04-11 16:25:27.0;
8;561.52;2019-04-11 16:25:34.0;
8;561.53;2019-04-11 16:25:40.0;
8;561.45;2019-04-11 16:25:49.0;
8;561.47;2019-04-11 16:26:05.0;
8;561.52;2019-04-11 16:26:10.0;
8;561.53;2019-04-11 16:26:20.0;
8;561.52;2019-04-11 16:26:22.0;
8;561.53;2019-04-11 16:26:23.0;
8;561.48;2019-04-11 16:26:57.0;
8;561.53;2019-04-11 16:26:59.0;
8;561.48;2019-04-11 16:27:00.0;
8;561.53;2019-04-11 16:27:09.0;
8;561.47;2019-04-11 16:27:14.0;
8;561.5;2019-04-11 16:27:17.0;
8;561.47;2019-04-11 16:27:18.0;
8;561.52;2019-04-11 16:27:20.0;
8;561.5;2019-04-11 16:27:25.0;
8;561.58;2019-04-11 16:27:30.0;
8;561.6;2019-04-11 16:27:42.0;
8;561.53;2019-04-11 16:27:45.0;
8;561.5;2019-04-11 16:27:50.0;
8;561.48;2019-04-11 16:28:07.0;
8;561.58;2019-04-11 16:28:09.0;
8;561.6;2019-04-11 16:28:19.0;
8;561.55;2019-04-11 16:28:23.0;
8;561.58;2019-04-11 16:28:33.0;
8;561.55;2019-04-11 16:28:36.0;
8;561.58;2019-04-11 16:28:38.0;
8;561.55;2019-04-11 16:28:39.0;
8;561.58;2019-04-11 16:28:42.0;
8;561.62;2019-04-11 16:28:58.0;
8;561.58;2019-04-11 16:28:59.0;
8;561.62;2019-04-11 16:29:01.0;
8;561.58;2019-04-11 16:29:03.0;
8;561.6;2019-04-11 16:29:05.0;
8;561.58;2019-04-11 16:29:06.0;
8;561.62;2019-04-11 16:29:08.0;
8;561.58;2019-04-11 16:29:14.0;
8;561.61;2019-04-11 16:29:15.0;
8;561.58;2019-04-11 16:29:17.0;
8;561.61;2019-04-11 16:29:18.0;
8;561.65;2019-04-11 16:29:24.0;
8;561.62;2019-04-11 16:29:29.0;
8;561.6;2019-04-11 16:29:45.0;
8;561.62;2019-04-11 16:29:50.0;
8;561.61;2019-04-11 16:30:06.0;
8;561.58;2019-04-11 16:30:11.0;
8;561.55;2019-04-11 16:30:13.0;
8;561.52;2019-04-11 16:30:16.0;
8;561.46;2019-04-11 16:30:25.0;
8;561.52;2019-04-11 16:30:27.0;
8;561.42;2019-04-11 16:30:29.0;
8;561.45;2019-04-11 16:30:39.0;
8;561.4;2019-04-11 16:30:42.0;
8;561.38;2019-04-11 16:30:45.0;
8;561.36;2019-04-11 16:30:50.0;
8;561.38;2019-04-11 16:30:53.0;
8;561.4;2019-04-11 16:30:56.0;
8;561.38;2019-04-11 16:30:59.0;
8;561.4;2019-04-11 16:31:15.0;
8;561.38;2019-04-11 16:31:17.0;
8;561.33;2019-04-11 16:31:23.0;
8;561.3;2019-04-11 16:31:32.0;
8;561.33;2019-04-11 16:31:39.0;
8;561.45;2019-04-11 16:31:47.0;
8;561.38;2019-04-11 16:31:49.0;
8;561.45;2019-04-11 16:31:50.0;
8;561.53;2019-04-11 16:32:05.0;
8;561.6;2019-04-11 16:32:10.0;
8;561.58;2019-04-11 16:32:17.0;
8;561.6;2019-04-11 16:32:25.0;
8;561.58;2019-04-11 16:32:26.0;
8;561.6;2019-04-11 16:32:28.0;
8;561.61;2019-04-11 16:32:29.0;
8;561.58;2019-04-11 16:32:31.0;
8;561.61;2019-04-11 16:32:40.0;
8;561.58;2019-04-11 16:32:47.0;
8;561.53;2019-04-11 16:32:52.0;
8;561.55;2019-04-11 16:32:58.0;
8;561.53;2019-04-11 16:32:59.0;
8;561.55;2019-04-11 16:33:02.0;
8;561.53;2019-04-11 16:33:04.0;
8;561.5;2019-04-11 16:33:05.0;
8;561.47;2019-04-11 16:33:11.0;
8;561.5;2019-04-11 16:33:13.0;
8;561.47;2019-04-11 16:33:14.0;
8;561.5;2019-04-11 16:33:17.0;
8;561.52;2019-04-11 16:33:29.0;
8;561.5;2019-04-11 16:33:33.0;
8;561.47;2019-04-11 16:33:40.0;
8;561.48;2019-04-11 16:33:45.0;
8;561.47;2019-04-11 16:34:05.0;
8;561.5;2019-04-11 16:34:08.0;
8;561.48;2019-04-11 16:34:14.0;
8;561.53;2019-04-11 16:34:19.0;
8;561.42;2019-04-11 16:34:21.0;
8;561.53;2019-04-11 16:34:23.0;
8;561.38;2019-04-11 16:34:25.0;
8;561.36;2019-04-11 16:34:32.0;
8;561.33;2019-04-11 16:34:39.0;
8;561.38;2019-04-11 16:34:41.0;
8;561.42;2019-04-11 16:34:45.0;
8;561.38;2019-04-11 16:35:04.0;
8;561.42;2019-04-11 16:35:07.0;
8;561.4;2019-04-11 16:35:15.0;
8;561.42;2019-04-11 16:35:16.0;
8;561.4;2019-04-11 16:35:18.0;
8;561.48;2019-04-11 16:35:19.0;
8;561.47;2019-04-11 16:35:25.0;
8;561.48;2019-04-11 16:35:36.0;
8;561.45;2019-04-11 16:35:40.0;
8;561.4;2019-04-11 16:35:52.0;
8;561.33;2019-04-11 16:36:04.0;
8;561.27;2019-04-11 16:36:08.0;
8;561.3;2019-04-11 16:36:14.0;
8;561.28;2019-04-11 16:36:21.0;
8;561.3;2019-04-11 16:36:25.0;
8;561.33;2019-04-11 16:36:29.0;
8;561.27;2019-04-11 16:36:31.0;
8;561.33;2019-04-11 16:36:33.0;
8;561.27;2019-04-11 16:36:34.0;
8;561.33;2019-04-11 16:36:38.0;
8;561.28;2019-04-11 16:36:42.0;
8;561.3;2019-04-11 16:36:49.0;
8;561.33;2019-04-11 16:36:55.0;
8;561.38;2019-04-11 16:37:04.0;
8;561.4;2019-04-11 16:37:10.0;
8;561.42;2019-04-11 16:37:18.0;
8;561.33;2019-04-11 16:37:23.0;
8;561.38;2019-04-11 16:37:35.0;
8;561.42;2019-04-11 16:37:43.0;
8;561.4;2019-04-11 16:37:49.0;
8;561.42;2019-04-11 16:37:51.0;
8;561.4;2019-04-11 16:37:52.0;
8;561.48;2019-04-11 16:38:04.0;
8;561.4;2019-04-11 16:38:05.0;
8;561.48;2019-04-11 16:38:07.0;
8;561.53;2019-04-11 16:38:09.0;
8;561.47;2019-04-11 16:38:12.0;
8;561.52;2019-04-11 16:38:18.0;
8;561.53;2019-04-11 16:38:22.0;
8;561.5;2019-04-11 16:38:41.0;
8;561.48;2019-04-11 16:38:48.0;
8;561.5;2019-04-11 16:38:53.0;
8;561.47;2019-04-11 16:39:00.0;
8;561.5;2019-04-11 16:39:04.0;
8;561.47;2019-04-11 16:39:21.0;
8;561.42;2019-04-11 16:39:39.0;
8;561.46;2019-04-11 16:39:49.0;
8;561.47;2019-04-11 16:40:07.0;
8;561.42;2019-04-11 16:40:19.0;
8;561.45;2019-04-11 16:40:29.0;
8;561.46;2019-04-11 16:40:31.0;
8;561.42;2019-04-11 16:40:39.0;
8;561.46;2019-04-11 16:40:41.0;
8;561.42;2019-04-11 16:40:42.0;
8;561.46;2019-04-11 16:40:44.0;
8;561.5;2019-04-11 16:40:45.0;
8;561.6;2019-04-11 16:40:50.0;
8;561.58;2019-04-11 16:40:57.0;
8;561.6;2019-04-11 16:40:59.0;
8;561.58;2019-04-11 16:41:02.0;
8;561.55;2019-04-11 16:41:04.0;
8;561.58;2019-04-11 16:41:13.0;
8;561.6;2019-04-11 16:41:16.0;
8;561.58;2019-04-11 16:41:18.0;
8;561.6;2019-04-11 16:41:23.0;
8;561.58;2019-04-11 16:41:29.0;
8;561.67;2019-04-11 16:41:32.0;
8;561.72;2019-04-11 16:41:37.0;
8;561.7;2019-04-11 16:41:43.0;
8;561.73;2019-04-11 16:41:46.0;
8;561.67;2019-04-11 16:41:47.0;
8;561.7;2019-04-11 16:41:48.0;
8;561.67;2019-04-11 16:41:50.0;
8;561.65;2019-04-11 16:42:09.0;
8;561.67;2019-04-11 16:42:19.0;
8;561.73;2019-04-11 16:42:22.0;
8;561.75;2019-04-11 16:42:30.0;
8;561.78;2019-04-11 16:42:36.0;
8;561.75;2019-04-11 16:42:37.0;
8;561.78;2019-04-11 16:42:39.0;
8;561.75;2019-04-11 16:42:40.0;
8;561.72;2019-04-11 16:42:53.0;
8;561.75;2019-04-11 16:42:54.0;
8;561.72;2019-04-11 16:42:56.0;
8;561.75;2019-04-11 16:43:00.0;
8;561.88;2019-04-11 16:43:07.0;
8;561.8;2019-04-11 16:43:11.0;
8;561.78;2019-04-11 16:43:21.0;
8;561.75;2019-04-11 16:43:28.0;
8;561.77;2019-04-11 16:43:29.0;
8;561.67;2019-04-11 16:43:31.0;
8;561.75;2019-04-11 16:43:32.0;
8;561.67;2019-04-11 16:43:34.0;
8;561.65;2019-04-11 16:43:50.0;
8;561.67;2019-04-11 16:44:04.0;
8;561.62;2019-04-11 16:44:11.0;
8;561.61;2019-04-11 16:44:22.0;
8;561.58;2019-04-11 16:44:30.0;
8;561.46;2019-04-11 16:44:50.0;
8;561.5;2019-04-11 16:44:56.0;
8;561.42;2019-04-11 16:45:02.0;
8;561.47;2019-04-11 16:45:11.0;
8;561.5;2019-04-11 16:45:17.0;
8;561.47;2019-04-11 16:45:18.0;
8;561.5;2019-04-11 16:45:20.0;
8;561.52;2019-04-11 16:45:21.0;
8;561.53;2019-04-11 16:45:26.0;
8;561.55;2019-04-11 16:45:30.0;
8;561.58;2019-04-11 16:45:31.0;
8;561.55;2019-04-11 16:45:33.0;
8;561.58;2019-04-11 16:45:34.0;
8;561.55;2019-04-11 16:45:37.0;
8;561.47;2019-04-11 16:45:45.0;
8;561.55;2019-04-11 16:45:46.0;
8;561.48;2019-04-11 16:45:48.0;
8;561.53;2019-04-11 16:46:18.0;
8;561.55;2019-04-11 16:46:19.0;
8;561.52;2019-04-11 16:46:27.0;
8;561.53;2019-04-11 16:46:28.0;
8;561.52;2019-04-11 16:46:29.0;
8;561.5;2019-04-11 16:46:36.0;
8;561.52;2019-04-11 16:46:38.0;
8;561.48;2019-04-11 16:46:45.0;
8;561.5;2019-04-11 16:46:51.0;
8;561.48;2019-04-11 16:46:55.0;
8;561.38;2019-04-11 16:47:04.0;
8;561.35;2019-04-11 16:47:13.0;
8;561.33;2019-04-11 16:47:25.0;
8;561.38;2019-04-11 16:47:31.0;
8;561.33;2019-04-11 16:47:44.0;
8;561.23;2019-04-11 16:48:04.0;
8;561.27;2019-04-11 16:48:10.0;
8;561.33;2019-04-11 16:48:14.0;
8;561.27;2019-04-11 16:48:16.0;
8;561.33;2019-04-11 16:48:17.0;
8;561.36;2019-04-11 16:48:19.0;
8;561.33;2019-04-11 16:48:22.0;
8;561.36;2019-04-11 16:48:23.0;
8;561.33;2019-04-11 16:48:26.0;
8;561.27;2019-04-11 16:48:32.0;
8;561.33;2019-04-11 16:48:33.0;
8;561.27;2019-04-11 16:48:34.0;
8;561.22;2019-04-11 16:48:43.0;
8;561.23;2019-04-11 16:48:49.0;
8;561.17;2019-04-11 16:48:54.0;
8;561.25;2019-04-11 16:49:06.0;
8;561.23;2019-04-11 16:49:09.0;
8;561.25;2019-04-11 16:49:10.0;
8;561.22;2019-04-11 16:49:12.0;
8;561.25;2019-04-11 16:49:16.0;
8;561.17;2019-04-11 16:49:22.0;
8;561.23;2019-04-11 16:49:24.0;
8;561.17;2019-04-11 16:49:26.0;
8;561.12;2019-04-11 16:49:33.0;
8;561.17;2019-04-11 16:49:35.0;
8;561.12;2019-04-11 16:49:38.0;
8;561.08;2019-04-11 16:49:42.0;
8;561.12;2019-04-11 16:49:47.0;
8;561.17;2019-04-11 16:50:08.0;
8;561.15;2019-04-11 16:50:13.0;
8;561.3;2019-04-11 16:50:14.0;
8;561.27;2019-04-11 16:50:23.0;
8;561.3;2019-04-11 16:50:25.0;
8;561.27;2019-04-11 16:50:30.0;
8;561.3;2019-04-11 16:50:35.0;
8;561.27;2019-04-11 16:50:40.0;
8;561.3;2019-04-11 16:50:44.0;
8;561.28;2019-04-11 16:50:52.0;
8;561.25;2019-04-11 16:51:02.0;
8;561.28;2019-04-11 16:51:04.0;
8;561.25;2019-04-11 16:51:06.0;
8;561.22;2019-04-11 16:51:09.0;
8;561.25;2019-04-11 16:51:11.0;
8;561.23;2019-04-11 16:51:13.0;
8;561.25;2019-04-11 16:51:16.0;
8;561.22;2019-04-11 16:51:20.0;
8;561.25;2019-04-11 16:51:27.0;
8;561.28;2019-04-11 16:51:33.0;
8;561.21;2019-04-11 16:51:35.0;
8;561.28;2019-04-11 16:51:37.0;
8;561.21;2019-04-11 16:51:40.0;
8;561.25;2019-04-11 16:51:41.0;
8;561.28;2019-04-11 16:51:49.0;
8;561.33;2019-04-11 16:52:05.0;
8;561.4;2019-04-11 16:52:24.0;
8;561.33;2019-04-11 16:52:25.0;
8;561.38;2019-04-11 16:52:44.0;
8;561.4;2019-04-11 16:52:49.0;
8;561.42;2019-04-11 16:52:52.0;
8;561.47;2019-04-11 16:53:17.0;
8;561.45;2019-04-11 16:53:20.0;
8;561.47;2019-04-11 16:53:24.0;
8;561.42;2019-04-11 16:53:27.0;
8;561.47;2019-04-11 16:53:28.0;
8;561.42;2019-04-11 16:53:31.0;
8;561.38;2019-04-11 16:53:37.0;
8;561.4;2019-04-11 16:53:40.0;
8;561.38;2019-04-11 16:53:41.0;
8;561.42;2019-04-11 16:53:43.0;
8;561.47;2019-04-11 16:54:05.0;
8;561.58;2019-04-11 16:54:09.0;
8;561.53;2019-04-11 16:54:11.0;
8;561.58;2019-04-11 16:54:12.0;
8;561.53;2019-04-11 16:54:15.0;
8;561.52;2019-04-11 16:54:35.0;
8;561.5;2019-04-11 16:54:37.0;
8;561.52;2019-04-11 16:54:39.0;
8;561.48;2019-04-11 16:54:49.0;
8;561.38;2019-04-11 16:54:52.0;
8;561.48;2019-04-11 16:54:53.0;
8;561.38;2019-04-11 16:54:54.0;
8;561.33;2019-04-11 16:55:01.0;
8;561.3;2019-04-11 16:55:11.0;
8;561.33;2019-04-11 16:55:17.0;
8;561.3;2019-04-11 16:55:18.0;
8;561.33;2019-04-11 16:55:30.0;
8;561.28;2019-04-11 16:55:33.0;
8;561.3;2019-04-11 16:55:38.0;
8;561.27;2019-04-11 16:55:41.0;
8;561.33;2019-04-11 16:55:50.0;
8;561.38;2019-04-11 16:55:52.0;
8;561.3;2019-04-11 16:56:06.0;
8;561.33;2019-04-11 16:56:08.0;
8;561.3;2019-04-11 16:56:09.0;
8;561.35;2019-04-11 16:56:11.0;
8;561.33;2019-04-11 16:56:12.0;
8;561.35;2019-04-11 16:56:14.0;
8;561.38;2019-04-11 16:56:17.0;
8;561.36;2019-04-11 16:56:27.0;
8;561.38;2019-04-11 16:56:31.0;
8;561.33;2019-04-11 16:56:37.0;
8;561.27;2019-04-11 16:56:40.0;
8;561.33;2019-04-11 16:56:50.0;
8;561.36;2019-04-11 16:57:04.0;
8;561.33;2019-04-11 16:57:10.0;
8;561.35;2019-04-11 16:57:14.0;
8;561.38;2019-04-11 16:57:16.0;
8;561.35;2019-04-11 16:57:17.0;
8;561.36;2019-04-11 16:57:21.0;
8;561.3;2019-04-11 16:57:28.0;
8;561.38;2019-04-11 16:57:32.0;
8;561.3;2019-04-11 16:57:33.0;
8;561.38;2019-04-11 16:57:35.0;
8;561.48;2019-04-11 16:57:37.0;
8;561.47;2019-04-11 16:57:40.0;
8;561.52;2019-04-11 16:57:44.0;
8;561.47;2019-04-11 16:57:46.0;
8;561.52;2019-04-11 16:57:48.0;
8;561.5;2019-04-11 16:58:04.0;
8;561.48;2019-04-11 16:58:14.0;
8;561.52;2019-04-11 16:58:28.0;
8;561.55;2019-04-11 16:58:32.0;
8;561.58;2019-04-11 16:58:40.0;
8;561.47;2019-04-11 16:58:45.0;
8;561.48;2019-04-11 16:58:50.0;
8;561.45;2019-04-11 16:58:53.0;
8;561.42;2019-04-11 16:59:01.0;
8;561.45;2019-04-11 16:59:20.0;
8;561.42;2019-04-11 16:59:25.0;
8;561.45;2019-04-11 16:59:32.0;
8;561.47;2019-04-11 16:59:35.0;
8;561.45;2019-04-11 16:59:37.0;
8;561.47;2019-04-11 16:59:38.0;
8;561.42;2019-04-11 16:59:40.0;
8;561.47;2019-04-11 16:59:41.0;
8;561.42;2019-04-11 16:59:43.0;
8;561.45;2019-04-11 16:59:44.0;
8;561.48;2019-04-11 16:59:50.0;
8;561.58;2019-04-11 17:00:05.0;
8;561.53;2019-04-11 17:00:09.0;
8;561.58;2019-04-11 17:00:15.0;
8;561.62;2019-04-11 17:00:20.0;
8;561.58;2019-04-11 17:00:21.0;
8;561.62;2019-04-11 17:00:23.0;
8;561.65;2019-04-11 17:00:36.0;
8;561.67;2019-04-11 17:00:41.0;
8;561.62;2019-04-11 17:00:49.0;
8;561.67;2019-04-11 17:00:55.0;
8;561.7;2019-04-11 17:01:05.0;
8;561.73;2019-04-11 17:01:09.0;
8;561.7;2019-04-11 17:01:11.0;
8;561.73;2019-04-11 17:01:12.0;
8;561.75;2019-04-11 17:01:14.0;
8;561.73;2019-04-11 17:01:15.0;
8;561.75;2019-04-11 17:01:17.0;
8;561.73;2019-04-11 17:01:18.0;
8;561.78;2019-04-11 17:01:21.0;
8;561.73;2019-04-11 17:01:26.0;
8;561.75;2019-04-11 17:01:27.0;
8;561.73;2019-04-11 17:01:30.0;
8;561.78;2019-04-11 17:01:32.0;
8;561.75;2019-04-11 17:01:38.0;
8;561.77;2019-04-11 17:01:42.0;
8;561.75;2019-04-11 17:01:46.0;
8;561.73;2019-04-11 17:01:50.0;
8;561.62;2019-04-11 17:02:05.0;
8;561.6;2019-04-11 17:02:18.0;
8;561.61;2019-04-11 17:02:19.0;
8;561.6;2019-04-11 17:02:22.0;
8;561.58;2019-04-11 17:02:29.0;
8;561.52;2019-04-11 17:02:36.0;
8;561.58;2019-04-11 17:02:38.0;
8;561.53;2019-04-11 17:02:39.0;
8;561.52;2019-04-11 17:02:40.0;
8;561.53;2019-04-11 17:02:42.0;
8;561.55;2019-04-11 17:02:54.0;
8;561.53;2019-04-11 17:02:59.0;
8;561.55;2019-04-11 17:03:04.0;
8;561.58;2019-04-11 17:03:13.0;
8;561.61;2019-04-11 17:03:22.0;
8;561.55;2019-04-11 17:03:25.0;
8;561.48;2019-04-11 17:03:29.0;
8;561.35;2019-04-11 17:03:34.0;
8;561.33;2019-04-11 17:03:40.0;
8;561.42;2019-04-11 17:03:43.0;
8;561.33;2019-04-11 17:03:44.0;
8;561.42;2019-04-11 17:03:46.0;
8;561.45;2019-04-11 17:03:51.0;
8;561.47;2019-04-11 17:04:05.0;
8;561.45;2019-04-11 17:04:06.0;
8;561.47;2019-04-11 17:04:08.0;
8;561.45;2019-04-11 17:04:10.0;
8;561.47;2019-04-11 17:04:15.0;
8;561.42;2019-04-11 17:04:20.0;
8;561.45;2019-04-11 17:04:25.0;
8;561.5;2019-04-11 17:04:28.0;
8;561.42;2019-04-11 17:04:34.0;
8;561.45;2019-04-11 17:04:39.0;
8;561.47;2019-04-11 17:04:45.0;
8;561.48;2019-04-11 17:04:49.0;
8;561.47;2019-04-11 17:04:52.0;
8;561.48;2019-04-11 17:04:53.0;
8;561.47;2019-04-11 17:04:55.0;
8;561.5;2019-04-11 17:04:56.0;
8;561.53;2019-04-11 17:04:59.0;
8;561.52;2019-04-11 17:05:03.0;
8;561.53;2019-04-11 17:05:07.0;
8;561.52;2019-04-11 17:05:08.0;
8;561.53;2019-04-11 17:05:10.0;
8;561.42;2019-04-11 17:05:28.0;
8;561.45;2019-04-11 17:05:32.0;
8;561.47;2019-04-11 17:05:37.0;
8;561.45;2019-04-11 17:05:50.0;
8;561.48;2019-04-11 17:06:05.0;
8;561.5;2019-04-11 17:06:17.0;
8;561.48;2019-04-11 17:06:21.0;
8;561.45;2019-04-11 17:06:29.0;
8;561.42;2019-04-11 17:06:34.0;
8;561.45;2019-04-11 17:06:39.0;
8;561.42;2019-04-11 17:06:44.0;
8;561.47;2019-04-11 17:06:50.0;
8;561.46;2019-04-11 17:06:55.0;
8;561.42;2019-04-11 17:06:56.0;
8;561.46;2019-04-11 17:06:57.0;
8;561.42;2019-04-11 17:06:59.0;
8;561.38;2019-04-11 17:07:07.0;
8;561.33;2019-04-11 17:07:16.0;
8;561.38;2019-04-11 17:07:20.0;
8;561.3;2019-04-11 17:07:37.0;
8;561.33;2019-04-11 17:07:42.0;
8;561.38;2019-04-11 17:07:48.0;
8;561.4;2019-04-11 17:08:10.0;
8;561.42;2019-04-11 17:08:20.0;
8;561.47;2019-04-11 17:08:31.0;
8;561.5;2019-04-11 17:08:39.0;
8;561.48;2019-04-11 17:08:41.0;
8;561.4;2019-04-11 17:08:45.0;
8;561.42;2019-04-11 17:08:50.0;
8;561.4;2019-04-11 17:09:18.0;
8;561.45;2019-04-11 17:09:20.0;
8;561.4;2019-04-11 17:09:22.0;
8;561.45;2019-04-11 17:09:23.0;
8;561.47;2019-04-11 17:09:26.0;
8;561.42;2019-04-11 17:09:31.0;
8;561.46;2019-04-11 17:09:48.0;
8;561.42;2019-04-11 17:09:49.0;
8;561.46;2019-04-11 17:09:50.0;
8;561.52;2019-04-11 17:10:07.0;
8;561.55;2019-04-11 17:10:12.0;
8;561.52;2019-04-11 17:10:16.0;
8;561.53;2019-04-11 17:10:21.0;
8;561.5;2019-04-11 17:10:27.0;
8;561.48;2019-04-11 17:10:34.0;
8;561.5;2019-04-11 17:10:40.0;
8;561.48;2019-04-11 17:10:44.0;
8;561.5;2019-04-11 17:10:46.0;
8;561.48;2019-04-11 17:10:47.0;
8;561.45;2019-04-11 17:10:55.0;
8;561.42;2019-04-11 17:11:00.0;
8;561.38;2019-04-11 17:11:16.0;
8;561.33;2019-04-11 17:11:28.0;
8;561.36;2019-04-11 17:11:34.0;
8;561.33;2019-04-11 17:11:39.0;
8;561.38;2019-04-11 17:11:50.0;
8;561.33;2019-04-11 17:12:18.0;
8;561.36;2019-04-11 17:12:34.0;
8;561.4;2019-04-11 17:12:36.0;
8;561.38;2019-04-11 17:12:40.0;
8;561.4;2019-04-11 17:12:46.0;
8;561.42;2019-04-11 17:12:48.0;
8;561.45;2019-04-11 17:12:52.0;
8;561.47;2019-04-11 17:12:56.0;
8;561.45;2019-04-11 17:12:58.0;
8;561.47;2019-04-11 17:12:59.0;
8;561.42;2019-04-11 17:13:11.0;
8;561.47;2019-04-11 17:13:12.0;
8;561.42;2019-04-11 17:13:14.0;
8;561.47;2019-04-11 17:13:22.0;
8;561.46;2019-04-11 17:13:35.0;
8;561.47;2019-04-11 17:13:36.0;
8;561.46;2019-04-11 17:13:39.0;
8;561.45;2019-04-11 17:13:40.0;
8;561.46;2019-04-11 17:13:42.0;
8;561.45;2019-04-11 17:13:44.0;
8;561.42;2019-04-11 17:13:45.0;
8;561.48;2019-04-11 17:14:06.0;
8;561.47;2019-04-11 17:14:26.0;
8;561.45;2019-04-11 17:14:32.0;
8;561.42;2019-04-11 17:14:36.0;
8;561.48;2019-04-11 17:14:39.0;
8;561.62;2019-04-11 17:14:54.0;
8;561.67;2019-04-11 17:15:03.0;
8;561.65;2019-04-11 17:15:08.0;
8;561.67;2019-04-11 17:15:14.0;
8;561.65;2019-04-11 17:15:20.0;
8;561.72;2019-04-11 17:15:27.0;
8;561.75;2019-04-11 17:15:33.0;
8;561.73;2019-04-11 17:15:36.0;
8;561.75;2019-04-11 17:15:37.0;
8;561.73;2019-04-11 17:15:39.0;
8;561.67;2019-04-11 17:15:46.0;
8;561.65;2019-04-11 17:15:51.0;
8;561.73;2019-04-11 17:16:04.0;
8;561.67;2019-04-11 17:16:10.0;
8;561.72;2019-04-11 17:16:31.0;
8;561.7;2019-04-11 17:16:32.0;
8;561.73;2019-04-11 17:16:44.0;
8;561.71;2019-04-11 17:16:50.0;
8;561.65;2019-04-11 17:16:56.0;
8;561.62;2019-04-11 17:17:06.0;
8;561.67;2019-04-11 17:17:13.0;
8;561.62;2019-04-11 17:17:16.0;
8;561.67;2019-04-11 17:17:18.0;
8;561.62;2019-04-11 17:17:19.0;
8;561.67;2019-04-11 17:17:33.0;
8;561.61;2019-04-11 17:17:38.0;
8;561.62;2019-04-11 17:17:50.0;
8;561.58;2019-04-11 17:18:05.0;
8;561.52;2019-04-11 17:18:10.0;
8;561.55;2019-04-11 17:18:16.0;
8;561.52;2019-04-11 17:18:28.0;
8;561.53;2019-04-11 17:18:33.0;
8;561.42;2019-04-11 17:18:51.0;
8;561.45;2019-04-11 17:18:52.0;
8;561.42;2019-04-11 17:18:53.0;
8;561.4;2019-04-11 17:18:58.0;
8;561.42;2019-04-11 17:18:59.0;
8;561.4;2019-04-11 17:19:02.0;
8;561.42;2019-04-11 17:19:05.0;
8;561.4;2019-04-11 17:19:07.0;
8;561.42;2019-04-11 17:19:14.0;
8;561.46;2019-04-11 17:19:19.0;
8;561.53;2019-04-11 17:19:20.0;
8;561.55;2019-04-11 17:19:35.0;
8;561.53;2019-04-11 17:19:42.0;
8;561.47;2019-04-11 17:20:06.0;
8;561.5;2019-04-11 17:20:12.0;
8;561.47;2019-04-11 17:20:13.0;
8;561.5;2019-04-11 17:20:15.0;
8;561.47;2019-04-11 17:20:20.0;
8;561.5;2019-04-11 17:20:28.0;
8;561.53;2019-04-11 17:20:35.0;
8;561.52;2019-04-11 17:20:36.0;
8;561.58;2019-04-11 17:20:39.0;
8;561.6;2019-04-11 17:20:55.0;
8;561.58;2019-04-11 17:21:04.0;
8;561.61;2019-04-11 17:21:05.0;
8;561.58;2019-04-11 17:21:09.0;
8;561.65;2019-04-11 17:21:26.0;
8;561.62;2019-04-11 17:21:29.0;
8;561.61;2019-04-11 17:21:34.0;
8;561.58;2019-04-11 17:21:36.0;
8;561.6;2019-04-11 17:22:08.0;
8;561.67;2019-04-11 17:22:12.0;
8;561.62;2019-04-11 17:22:18.0;
8;561.61;2019-04-11 17:22:20.0;
8;561.58;2019-04-11 17:22:24.0;
8;561.52;2019-04-11 17:22:31.0;
8;561.53;2019-04-11 17:22:32.0;
8;561.52;2019-04-11 17:22:33.0;
8;561.53;2019-04-11 17:22:35.0;
8;561.55;2019-04-11 17:22:45.0;
8;561.58;2019-04-11 17:22:50.0;
8;561.62;2019-04-11 17:23:10.0;
8;561.58;2019-04-11 17:23:18.0;
8;561.6;2019-04-11 17:23:23.0;
8;561.58;2019-04-11 17:23:25.0;
8;561.6;2019-04-11 17:23:26.0;
8;561.58;2019-04-11 17:23:28.0;
8;561.6;2019-04-11 17:23:35.0;
8;561.58;2019-04-11 17:23:42.0;
8;561.52;2019-04-11 17:23:49.0;
8;561.48;2019-04-11 17:24:05.0;
8;561.4;2019-04-11 17:24:26.0;
8;561.33;2019-04-11 17:24:32.0;
8;561.28;2019-04-11 17:25:05.0;
8;561.25;2019-04-11 17:25:11.0;
8;561.23;2019-04-11 17:25:16.0;
8;561.17;2019-04-11 17:25:21.0;
8;561.22;2019-04-11 17:25:25.0;
8;561.2;2019-04-11 17:25:27.0;
8;561.22;2019-04-11 17:25:28.0;
8;561.2;2019-04-11 17:25:31.0;
8;561.21;2019-04-11 17:25:34.0;
8;561.17;2019-04-11 17:25:37.0;
8;561.3;2019-04-11 17:26:05.0;
8;561.17;2019-04-11 17:26:11.0;
8;561.15;2019-04-11 17:26:16.0;
8;561.17;2019-04-11 17:26:17.0;
8;561.15;2019-04-11 17:26:19.0;
8;561.2;2019-04-11 17:26:20.0;
8;561.15;2019-04-11 17:26:22.0;
8;561.17;2019-04-11 17:26:23.0;
8;561.2;2019-04-11 17:26:24.0;
8;561.17;2019-04-11 17:26:26.0;
8;561.2;2019-04-11 17:26:29.0;
8;561.17;2019-04-11 17:26:30.0;
8;561.28;2019-04-11 17:26:31.0;
8;561.22;2019-04-11 17:26:36.0;
8;561.3;2019-04-11 17:26:45.0;
8;561.33;2019-04-11 17:26:49.0;
8;561.36;2019-04-11 17:27:00.0;
8;561.33;2019-04-11 17:27:06.0;
8;561.25;2019-04-11 17:27:21.0;
8;561.27;2019-04-11 17:27:24.0;
8;561.28;2019-04-11 17:27:27.0;
8;561.27;2019-04-11 17:27:28.0;
8;561.28;2019-04-11 17:27:31.0;
8;561.25;2019-04-11 17:27:33.0;
8;561.28;2019-04-11 17:27:36.0;
8;561.27;2019-04-11 17:28:03.0;
8;561.28;2019-04-11 17:28:06.0;
8;561.27;2019-04-11 17:28:07.0;
8;561.3;2019-04-11 17:28:09.0;
8;561.27;2019-04-11 17:28:12.0;
8;561.3;2019-04-11 17:28:13.0;
8;561.25;2019-04-11 17:28:19.0;
8;561.3;2019-04-11 17:28:20.0;
8;561.25;2019-04-11 17:28:22.0;
8;561.23;2019-04-11 17:28:26.0;
8;561.22;2019-04-11 17:28:29.0;
8;561.28;2019-04-11 17:28:31.0;
8;561.25;2019-04-11 17:28:40.0;
8;561.33;2019-04-11 17:28:44.0;
8;561.3;2019-04-11 17:28:47.0;
8;561.33;2019-04-11 17:28:48.0;
8;561.3;2019-04-11 17:28:51.0;
8;561.33;2019-04-11 17:28:52.0;
8;561.36;2019-04-11 17:28:54.0;
8;561.4;2019-04-11 17:29:01.0;
8;561.42;2019-04-11 17:29:04.0;
8;561.45;2019-04-11 17:29:06.0;
8;561.42;2019-04-11 17:29:13.0;
8;561.38;2019-04-11 17:29:18.0;
8;561.45;2019-04-11 17:29:23.0;
8;561.38;2019-04-11 17:29:25.0;
8;561.45;2019-04-11 17:29:27.0;
8;561.42;2019-04-11 17:29:33.0;
8;561.46;2019-04-11 17:29:38.0;
8;561.42;2019-04-11 17:29:42.0;
8;561.38;2019-04-11 17:30:07.0;
8;561.33;2019-04-11 17:30:09.0;
8;561.25;2019-04-11 17:30:17.0;
8;561.21;2019-04-11 17:30:23.0;
8;561.17;2019-04-11 17:30:25.0;
8;561.08;2019-04-11 17:30:38.0;
8;561.12;2019-04-11 17:30:41.0;
8;561.15;2019-04-11 17:30:44.0;
8;561.08;2019-04-11 17:30:50.0;
8;561.05;2019-04-11 17:30:56.0;
8;561.08;2019-04-11 17:31:01.0;
8;561.05;2019-04-11 17:31:02.0;
8;561.08;2019-04-11 17:31:04.0;
8;561.11;2019-04-11 17:31:05.0;
8;561.1;2019-04-11 17:31:07.0;
8;561.11;2019-04-11 17:31:10.0;
8;561.12;2019-04-11 17:31:12.0;
8;561.1;2019-04-11 17:31:13.0;
8;561.12;2019-04-11 17:31:14.0;
8;561.1;2019-04-11 17:31:16.0;
8;561.17;2019-04-11 17:31:19.0;
8;561.12;2019-04-11 17:31:37.0;
8;561.08;2019-04-11 17:31:45.0;
8;561.17;2019-04-11 17:32:06.0;
8;561.1;2019-04-11 17:32:18.0;
8;561.15;2019-04-11 17:32:27.0;
8;561.02;2019-04-11 17:32:34.0;
8;561.03;2019-04-11 17:32:40.0;
8;560.97;2019-04-11 17:32:41.0;
8;561.02;2019-04-11 17:32:48.0;
8;560.92;2019-04-11 17:32:54.0;
8;560.97;2019-04-11 17:33:03.0;
8;561.03;2019-04-11 17:33:06.0;
8;561.05;2019-04-11 17:33:12.0;
8;561.08;2019-04-11 17:33:21.0;
8;561.02;2019-04-11 17:34:19.0;
8;561.08;2019-04-11 17:34:20.0;
8;561.02;2019-04-11 17:34:23.0;
8;561;2019-04-11 17:34:26.0;
8;561.08;2019-04-11 17:34:29.0;
8;561.05;2019-04-11 17:34:40.0;
8;561.08;2019-04-11 17:34:41.0;
8;561.05;2019-04-11 17:34:43.0;
8;561.08;2019-04-11 17:34:44.0;
8;561.03;2019-04-11 17:34:53.0;
8;561;2019-04-11 17:35:05.0;
8;560.97;2019-04-11 17:35:12.0;
8;560.92;2019-04-11 17:35:16.0;
8;560.9;2019-04-11 17:35:31.0;
8;560.92;2019-04-11 17:35:37.0;
8;560.98;2019-04-11 17:35:41.0;
8;560.92;2019-04-11 17:35:50.0;
8;561.02;2019-04-11 17:36:06.0;
8;561.05;2019-04-11 17:36:10.0;
8;561.02;2019-04-11 17:36:14.0;
8;561.03;2019-04-11 17:36:20.0;
8;561.1;2019-04-11 17:36:29.0;
8;561.02;2019-04-11 17:36:36.0;
8;561;2019-04-11 17:36:41.0;
8;560.98;2019-04-11 17:36:46.0;
8;560.97;2019-04-11 17:37:01.0;
8;561;2019-04-11 17:37:06.0;
8;560.98;2019-04-11 17:37:11.0;
8;561.02;2019-04-11 17:37:14.0;
8;561.05;2019-04-11 17:37:26.0;
8;561.08;2019-04-11 17:37:32.0;
8;561.05;2019-04-11 17:37:38.0;
8;561.12;2019-04-11 17:38:04.0;
8;561.05;2019-04-11 17:38:06.0;
8;561.12;2019-04-11 17:38:07.0;
8;561.17;2019-04-11 17:38:08.0;
8;561.08;2019-04-11 17:38:15.0;
8;561.05;2019-04-11 17:38:20.0;
8;561.08;2019-04-11 17:38:21.0;
8;561.05;2019-04-11 17:38:23.0;
8;561.03;2019-04-11 17:38:26.0;
8;561.02;2019-04-11 17:38:30.0;
8;561;2019-04-11 17:38:40.0;
8;561.03;2019-04-11 17:39:09.0;
8;561.02;2019-04-11 17:39:12.0;
8;560.98;2019-04-11 17:39:20.0;
8;560.92;2019-04-11 17:39:29.0;
8;560.88;2019-04-11 17:39:46.0;
8;560.65;2019-04-11 17:40:07.0;
8;560.58;2019-04-11 17:40:15.0;
8;560.67;2019-04-11 17:40:18.0;
8;560.58;2019-04-11 17:40:20.0;
8;560.67;2019-04-11 17:40:21.0;
8;560.65;2019-04-11 17:40:27.0;
8;560.52;2019-04-11 17:40:32.0;
8;560.45;2019-04-11 17:40:36.0;
8;560.42;2019-04-11 17:40:41.0;
8;560.45;2019-04-11 17:40:49.0;
8;560.42;2019-04-11 17:40:52.0;
8;560.45;2019-04-11 17:40:53.0;
8;560.42;2019-04-11 17:40:55.0;
8;560.45;2019-04-11 17:40:56.0;
8;560.42;2019-04-11 17:40:58.0;
8;560.45;2019-04-11 17:41:00.0;
8;560.42;2019-04-11 17:41:01.0;
8;560.25;2019-04-11 17:41:03.0;
8;560.38;2019-04-11 17:41:08.0;
8;560.3;2019-04-11 17:41:11.0;
8;560.33;2019-04-11 17:41:20.0;
8;560.42;2019-04-11 17:41:26.0;
8;560.4;2019-04-11 17:41:30.0;
8;560.42;2019-04-11 17:41:33.0;
8;560.45;2019-04-11 17:41:35.0;
8;560.5;2019-04-11 17:41:38.0;
8;560.52;2019-04-11 17:41:47.0;
8;560.61;2019-04-11 17:42:03.0;
8;560.6;2019-04-11 17:42:09.0;
8;560.55;2019-04-11 17:42:15.0;
8;560.47;2019-04-11 17:42:21.0;
8;560.42;2019-04-11 17:42:24.0;
8;560.48;2019-04-11 17:42:27.0;
8;560.42;2019-04-11 17:42:29.0;
8;560.48;2019-04-11 17:42:30.0;
8;560.46;2019-04-11 17:42:35.0;
8;560.45;2019-04-11 17:42:37.0;
8;560.48;2019-04-11 17:42:40.0;
8;560.4;2019-04-11 17:42:44.0;
8;560.42;2019-04-11 17:42:47.0;
8;560.46;2019-04-11 17:42:51.0;
8;560.42;2019-04-11 17:42:53.0;
8;560.46;2019-04-11 17:42:55.0;
8;560.48;2019-04-11 17:42:59.0;
8;560.45;2019-04-11 17:43:01.0;
8;560.48;2019-04-11 17:43:04.0;
8;560.45;2019-04-11 17:43:07.0;
8;560.42;2019-04-11 17:43:09.0;
8;560.38;2019-04-11 17:43:14.0;
8;560.52;2019-04-11 17:43:17.0;
8;560.53;2019-04-11 17:43:20.0;
8;560.5;2019-04-11 17:43:24.0;
8;560.53;2019-04-11 17:43:26.0;
8;560.5;2019-04-11 17:43:27.0;
8;560.52;2019-04-11 17:43:33.0;
8;560.5;2019-04-11 17:43:47.0;
8;560.52;2019-04-11 17:43:48.0;
8;560.5;2019-04-11 17:43:50.0;
8;560.47;2019-04-11 17:44:04.0;
8;560.5;2019-04-11 17:44:06.0;
8;560.47;2019-04-11 17:44:07.0;
8;560.5;2019-04-11 17:44:08.0;
8;560.46;2019-04-11 17:44:22.0;
8;560.45;2019-04-11 17:44:30.0;
8;560.58;2019-04-11 17:44:37.0;
8;560.65;2019-04-11 17:44:43.0;
8;560.58;2019-04-11 17:44:45.0;
8;560.67;2019-04-11 17:44:46.0;
8;560.62;2019-04-11 17:44:52.0;
8;560.65;2019-04-11 17:44:56.0;
8;560.62;2019-04-11 17:45:00.0;
8;560.58;2019-04-11 17:45:04.0;
8;560.62;2019-04-11 17:45:05.0;
8;560.58;2019-04-11 17:45:06.0;
8;560.65;2019-04-11 17:45:10.0;
8;560.62;2019-04-11 17:45:18.0;
8;560.6;2019-04-11 17:45:19.0;
8;560.62;2019-04-11 17:45:25.0;
8;560.67;2019-04-11 17:45:40.0;
8;560.72;2019-04-11 17:45:46.0;
8;560.78;2019-04-11 17:45:48.0;
8;560.72;2019-04-11 17:45:49.0;
8;560.78;2019-04-11 17:45:50.0;
8;560.72;2019-04-11 17:46:10.0;
8;560.71;2019-04-11 17:46:15.0;
8;560.7;2019-04-11 17:46:21.0;
8;560.67;2019-04-11 17:46:25.0;
8;560.62;2019-04-11 17:46:31.0;
8;560.65;2019-04-11 17:46:37.0;
8;560.62;2019-04-11 17:46:42.0;
8;560.65;2019-04-11 17:46:53.0;
8;560.67;2019-04-11 17:46:54.0;
8;560.65;2019-04-11 17:46:56.0;
8;560.62;2019-04-11 17:46:59.0;
8;560.67;2019-04-11 17:47:00.0;
8;560.62;2019-04-11 17:47:01.0;
8;560.61;2019-04-11 17:47:19.0;
8;560.62;2019-04-11 17:47:25.0;
8;560.61;2019-04-11 17:47:40.0;
8;560.62;2019-04-11 17:48:09.0;
8;560.67;2019-04-11 17:48:20.0;
8;560.71;2019-04-11 17:48:26.0;
8;560.73;2019-04-11 17:48:43.0;
8;560.77;2019-04-11 17:48:52.0;
8;560.75;2019-04-11 17:49:01.0;
8;560.73;2019-04-11 17:49:08.0;
8;560.75;2019-04-11 17:49:10.0;
8;560.73;2019-04-11 17:49:11.0;
8;560.67;2019-04-11 17:49:16.0;
8;560.7;2019-04-11 17:49:35.0;
8;560.67;2019-04-11 17:49:42.0;
8;560.7;2019-04-11 17:49:47.0;
8;560.67;2019-04-11 17:50:07.0;
8;560.75;2019-04-11 17:50:22.0;
8;560.78;2019-04-11 17:50:26.0;
8;560.83;2019-04-11 17:50:54.0;
8;560.8;2019-04-11 17:51:04.0;
8;560.77;2019-04-11 17:51:14.0;
8;560.78;2019-04-11 17:51:16.0;
8;560.83;2019-04-11 17:51:40.0;
8;560.78;2019-04-11 17:51:44.0;
8;560.73;2019-04-11 17:52:05.0;
8;560.72;2019-04-11 17:52:09.0;
8;560.78;2019-04-11 17:52:10.0;
8;560.77;2019-04-11 17:52:18.0;
8;560.83;2019-04-11 17:52:21.0;
8;560.7;2019-04-11 17:52:35.0;
8;560.75;2019-04-11 17:52:37.0;
8;560.83;2019-04-11 17:52:39.0;
8;560.85;2019-04-11 17:52:47.0;
8;560.83;2019-04-11 17:52:49.0;
8;560.85;2019-04-11 17:52:50.0;
8;560.83;2019-04-11 17:52:53.0;
8;560.85;2019-04-11 17:53:01.0;
8;560.83;2019-04-11 17:53:07.0;
8;560.86;2019-04-11 17:53:16.0;
8;560.8;2019-04-11 17:53:22.0;
8;560.7;2019-04-11 17:53:23.0;
8;560.67;2019-04-11 17:53:28.0;
8;560.7;2019-04-11 17:53:32.0;
8;560.67;2019-04-11 17:53:33.0;
8;560.7;2019-04-11 17:53:34.0;
8;560.71;2019-04-11 17:53:40.0;
8;560.67;2019-04-11 17:53:47.0;
8;560.73;2019-04-11 17:54:15.0;
8;560.67;2019-04-11 17:54:17.0;
8;560.72;2019-04-11 17:54:19.0;
8;560.8;2019-04-11 17:54:26.0;
8;560.72;2019-04-11 17:54:28.0;
8;560.8;2019-04-11 17:54:30.0;
8;560.83;2019-04-11 17:54:38.0;
8;560.86;2019-04-11 17:54:45.0;
8;560.88;2019-04-11 17:54:47.0;
8;560.86;2019-04-11 17:54:50.0;
8;560.88;2019-04-11 17:54:51.0;
8;560.86;2019-04-11 17:54:59.0;
8;560.88;2019-04-11 17:55:00.0;
8;560.83;2019-04-11 17:55:03.0;
8;560.75;2019-04-11 17:55:09.0;
8;560.77;2019-04-11 17:55:16.0;
8;560.78;2019-04-11 17:55:21.0;
8;560.83;2019-04-11 17:55:26.0;
8;560.78;2019-04-11 17:55:28.0;
8;560.83;2019-04-11 17:55:29.0;
8;560.86;2019-04-11 17:55:37.0;
8;560.88;2019-04-11 17:55:42.0;
8;560.92;2019-04-11 17:56:06.0;
8;560.9;2019-04-11 17:56:07.0;
8;560.96;2019-04-11 17:56:16.0;
8;560.95;2019-04-11 17:56:20.0;
8;560.96;2019-04-11 17:56:28.0;
8;560.92;2019-04-11 17:56:32.0;
8;560.9;2019-04-11 17:56:48.0;
8;560.96;2019-04-11 17:57:00.0;
8;560.92;2019-04-11 17:57:06.0;
8;560.96;2019-04-11 17:57:17.0;
8;560.92;2019-04-11 17:57:19.0;
8;560.9;2019-04-11 17:57:32.0;
8;560.92;2019-04-11 17:57:40.0;
8;560.9;2019-04-11 17:57:41.0;
8;560.92;2019-04-11 17:57:43.0;
8;560.88;2019-04-11 17:58:08.0;
8;560.9;2019-04-11 17:58:14.0;
8;560.88;2019-04-11 17:58:16.0;
8;560.9;2019-04-11 17:58:17.0;
8;560.88;2019-04-11 17:58:23.0;
8;560.92;2019-04-11 17:58:33.0;
8;560.88;2019-04-11 17:58:34.0;
8;560.92;2019-04-11 17:58:36.0;
8;560.88;2019-04-11 17:58:45.0;
8;560.9;2019-04-11 17:58:56.0;
8;560.88;2019-04-11 17:59:07.0;
8;560.92;2019-04-11 17:59:09.0;
8;560.88;2019-04-11 17:59:10.0;
8;560.92;2019-04-11 17:59:18.0;
8;560.9;2019-04-11 17:59:23.0;
8;560.92;2019-04-11 17:59:36.0;
8;560.9;2019-04-11 17:59:50.0;
8;560.95;2019-04-11 18:00:11.0;
8;560.92;2019-04-11 18:00:17.0;
8;560.9;2019-04-11 18:00:18.0;
8;560.92;2019-04-11 18:00:25.0;
8;560.88;2019-04-11 18:00:34.0;
8;560.8;2019-04-11 18:01:16.0;
8;560.83;2019-04-11 18:01:19.0;
8;560.86;2019-04-11 18:01:37.0;
8;560.88;2019-04-11 18:01:45.0;
8;560.92;2019-04-11 18:01:48.0;
8;560.88;2019-04-11 18:02:03.0;
8;560.9;2019-04-11 18:02:39.0;
8;560.92;2019-04-11 18:02:45.0;
8;560.9;2019-04-11 18:02:48.0;
8;560.88;2019-04-11 18:03:04.0;
8;560.9;2019-04-11 18:03:08.0;
8;560.88;2019-04-11 18:03:10.0;
8;560.9;2019-04-11 18:03:12.0;
8;560.88;2019-04-11 18:03:17.0;
8;560.9;2019-04-11 18:03:36.0;
8;560.92;2019-04-11 18:04:09.0;
8;560.98;2019-04-11 18:04:13.0;
8;560.95;2019-04-11 18:04:16.0;
8;560.98;2019-04-11 18:04:17.0;
8;560.95;2019-04-11 18:04:18.0;
8;560.97;2019-04-11 18:04:20.0;
8;560.98;2019-04-11 18:04:26.0;
8;561;2019-04-11 18:04:36.0;
8;560.97;2019-04-11 18:04:38.0;
8;561;2019-04-11 18:04:41.0;
8;560.97;2019-04-11 18:04:43.0;
8;561;2019-04-11 18:04:56.0;
8;561.03;2019-04-11 18:05:03.0;
8;560.98;2019-04-11 18:05:17.0;
8;561.05;2019-04-11 18:05:23.0;
8;560.98;2019-04-11 18:05:25.0;
8;561.05;2019-04-11 18:05:26.0;
8;561.03;2019-04-11 18:05:29.0;
8;561.05;2019-04-11 18:05:32.0;
8;561.03;2019-04-11 18:05:33.0;
8;561.1;2019-04-11 18:06:13.0;
8;561.12;2019-04-11 18:06:18.0;
8;561.15;2019-04-11 18:06:30.0;
8;561.12;2019-04-11 18:06:37.0;
8;561.15;2019-04-11 18:06:40.0;
8;561.12;2019-04-11 18:06:44.0;
8;561.2;2019-04-11 18:07:06.0;
8;561.15;2019-04-11 18:07:09.0;
8;561.17;2019-04-11 18:07:16.0;
8;561.21;2019-04-11 18:07:21.0;
8;561.22;2019-04-11 18:07:22.0;
8;561.21;2019-04-11 18:07:23.0;
8;561.22;2019-04-11 18:07:25.0;
8;561.21;2019-04-11 18:07:32.0;
8;561.17;2019-04-11 18:07:39.0;
8;561.2;2019-04-11 18:07:40.0;
8;561.15;2019-04-11 18:07:44.0;
8;561.1;2019-04-11 18:08:03.0;
8;561.15;2019-04-11 18:08:04.0;
8;561.1;2019-04-11 18:08:05.0;
8;561.08;2019-04-11 18:08:10.0;
8;561.12;2019-04-11 18:08:11.0;
8;561.15;2019-04-11 18:08:21.0;
8;561.12;2019-04-11 18:08:26.0;
8;561.05;2019-04-11 18:08:37.0;
8;561.11;2019-04-11 18:08:47.0;
8;561.12;2019-04-11 18:08:48.0;
8;561.11;2019-04-11 18:08:49.0;
8;561.12;2019-04-11 18:08:51.0;
8;561.08;2019-04-11 18:08:54.0;
8;561.05;2019-04-11 18:08:57.0;
8;561.08;2019-04-11 18:09:03.0;
8;561.05;2019-04-11 18:09:04.0;
8;561.08;2019-04-11 18:09:05.0;
8;561.1;2019-04-11 18:09:15.0;
8;561.15;2019-04-11 18:09:33.0;
8;561.2;2019-04-11 18:09:35.0;
8;561.17;2019-04-11 18:09:39.0;
8;561.15;2019-04-11 18:09:46.0;
8;561.12;2019-04-11 18:09:51.0;
8;561.17;2019-04-11 18:10:04.0;
8;561.2;2019-04-11 18:10:10.0;
8;561.23;2019-04-11 18:10:13.0;
8;561.21;2019-04-11 18:10:18.0;
8;561.23;2019-04-11 18:10:22.0;
8;561.17;2019-04-11 18:10:27.0;
8;561.21;2019-04-11 18:10:38.0;
8;561.17;2019-04-11 18:10:44.0;
8;561.2;2019-04-11 18:10:49.0;
8;561.17;2019-04-11 18:10:52.0;
8;561.15;2019-04-11 18:11:06.0;
8;561.21;2019-04-11 18:11:08.0;
8;561.15;2019-04-11 18:11:09.0;
8;561.12;2019-04-11 18:11:11.0;
8;561.15;2019-04-11 18:11:16.0;
8;561.21;2019-04-11 18:11:28.0;
8;561.15;2019-04-11 18:11:42.0;
8;561.1;2019-04-11 18:12:05.0;
8;561.15;2019-04-11 18:12:06.0;
8;561.1;2019-04-11 18:12:07.0;
8;561.11;2019-04-11 18:12:12.0;
8;561.05;2019-04-11 18:12:19.0;
8;561.08;2019-04-11 18:12:25.0;
8;561.1;2019-04-11 18:12:29.0;
8;561.11;2019-04-11 18:12:38.0;
8;561.1;2019-04-11 18:12:39.0;
8;561.11;2019-04-11 18:12:41.0;
8;561.08;2019-04-11 18:12:44.0;
8;561.1;2019-04-11 18:12:51.0;
8;561.11;2019-04-11 18:12:59.0;
8;561.12;2019-04-11 18:13:03.0;
8;561.08;2019-04-11 18:13:10.0;
8;561.05;2019-04-11 18:13:24.0;
8;561;2019-04-11 18:13:30.0;
8;561.02;2019-04-11 18:13:31.0;
8;561;2019-04-11 18:13:33.0;
8;560.98;2019-04-11 18:13:44.0;
8;561;2019-04-11 18:13:47.0;
8;560.98;2019-04-11 18:13:49.0;
8;561;2019-04-11 18:13:50.0;
8;560.96;2019-04-11 18:14:07.0;
8;560.98;2019-04-11 18:14:08.0;
8;560.96;2019-04-11 18:14:10.0;
8;560.92;2019-04-11 18:14:17.0;
8;560.97;2019-04-11 18:14:25.0;
8;560.96;2019-04-11 18:14:27.0;
8;560.95;2019-04-11 18:14:42.0;
8;560.97;2019-04-11 18:14:44.0;
8;560.98;2019-04-11 18:14:49.0;
8;561;2019-04-11 18:14:56.0;
8;560.96;2019-04-11 18:15:10.0;
8;560.92;2019-04-11 18:15:18.0;
8;560.88;2019-04-11 18:16:04.0;
8;560.86;2019-04-11 18:16:25.0;
8;560.83;2019-04-11 18:16:27.0;
8;560.77;2019-04-11 18:16:34.0;
8;560.78;2019-04-11 18:16:36.0;
8;560.83;2019-04-11 18:16:52.0;
8;560.78;2019-04-11 18:16:55.0;
8;560.83;2019-04-11 18:16:56.0;
8;560.88;2019-04-11 18:17:16.0;
8;560.83;2019-04-11 18:17:17.0;
8;560.88;2019-04-11 18:17:18.0;
8;560.83;2019-04-11 18:17:25.0;
8;560.88;2019-04-11 18:17:31.0;
8;560.86;2019-04-11 18:17:35.0;
8;560.85;2019-04-11 18:17:41.0;
8;560.9;2019-04-11 18:18:05.0;
8;560.88;2019-04-11 18:18:16.0;
8;560.83;2019-04-11 18:18:56.0;
8;560.88;2019-04-11 18:18:58.0;
8;560.83;2019-04-11 18:18:59.0;
8;560.8;2019-04-11 18:19:33.0;
8;560.77;2019-04-11 18:19:44.0;
8;560.8;2019-04-11 18:19:45.0;
8;560.77;2019-04-11 18:19:47.0;
8;560.8;2019-04-11 18:20:08.0;
8;560.78;2019-04-11 18:20:19.0;
8;560.8;2019-04-11 18:20:24.0;
8;560.78;2019-04-11 18:20:39.0;
8;560.8;2019-04-11 18:20:45.0;
8;560.77;2019-04-11 18:20:49.0;
8;560.75;2019-04-11 18:20:57.0;
8;560.72;2019-04-11 18:21:04.0;
8;560.73;2019-04-11 18:21:10.0;
8;560.72;2019-04-11 18:21:14.0;
8;560.67;2019-04-11 18:21:28.0;
8;560.65;2019-04-11 18:21:31.0;
8;560.62;2019-04-11 18:22:06.0;
8;560.7;2019-04-11 18:22:07.0;
8;560.62;2019-04-11 18:22:09.0;
8;560.7;2019-04-11 18:22:10.0;
8;560.72;2019-04-11 18:22:16.0;
8;560.77;2019-04-11 18:22:20.0;
8;560.75;2019-04-11 18:22:25.0;
8;560.77;2019-04-11 18:22:26.0;
8;560.75;2019-04-11 18:22:28.0;
8;560.78;2019-04-11 18:22:31.0;
8;560.77;2019-04-11 18:22:39.0;
8;560.75;2019-04-11 18:22:46.0;
8;560.77;2019-04-11 18:22:48.0;
8;560.75;2019-04-11 18:22:49.0;
8;560.78;2019-04-11 18:22:52.0;
8;560.72;2019-04-11 18:22:59.0;
8;560.75;2019-04-11 18:23:03.0;
8;560.78;2019-04-11 18:23:04.0;
8;560.75;2019-04-11 18:23:05.0;
8;560.78;2019-04-11 18:23:07.0;
8;560.75;2019-04-11 18:23:14.0;
8;560.78;2019-04-11 18:23:18.0;
8;560.83;2019-04-11 18:24:03.0;
8;560.8;2019-04-11 18:24:07.0;
8;560.83;2019-04-11 18:24:12.0;
8;560.8;2019-04-11 18:24:14.0;
8;560.83;2019-04-11 18:24:16.0;
8;560.86;2019-04-11 18:24:26.0;
8;560.83;2019-04-11 18:24:31.0;
8;560.8;2019-04-11 18:24:44.0;
8;560.83;2019-04-11 18:24:46.0;
8;560.8;2019-04-11 18:24:47.0;
8;560.83;2019-04-11 18:24:49.0;
8;560.8;2019-04-11 18:24:57.0;
8;560.83;2019-04-11 18:25:00.0;
8;560.78;2019-04-11 18:25:15.0;
8;560.73;2019-04-11 18:26:05.0;
8;560.67;2019-04-11 18:26:13.0;
8;560.71;2019-04-11 18:26:22.0;
8;560.67;2019-04-11 18:26:25.0;
8;560.65;2019-04-11 18:28:12.0;
8;560.67;2019-04-11 18:28:16.0;
8;560.65;2019-04-11 18:28:25.0;
8;560.62;2019-04-11 18:28:34.0;
8;560.65;2019-04-11 18:29:24.0;
8;560.62;2019-04-11 18:29:29.0;
8;560.61;2019-04-11 18:30:23.0;
8;560.62;2019-04-11 18:30:25.0;
8;560.61;2019-04-11 18:30:27.0;
8;560.6;2019-04-11 18:30:31.0;
8;560.62;2019-04-11 18:30:33.0;
8;560.65;2019-04-11 18:30:36.0;
8;560.62;2019-04-11 18:30:43.0;
8;560.61;2019-04-11 18:30:47.0;
8;560.62;2019-04-11 18:30:49.0;
8;560.61;2019-04-11 18:30:50.0;
8;560.62;2019-04-11 18:30:51.0;
8;560.61;2019-04-11 18:30:53.0;
8;560.62;2019-04-11 18:30:56.0;
8;560.6;2019-04-11 18:31:04.0;
8;560.62;2019-04-11 18:31:09.0;
8;560.71;2019-04-11 18:31:39.0;
8;560.67;2019-04-11 18:31:40.0;
8;560.71;2019-04-11 18:31:43.0;
8;560.75;2019-04-11 18:32:04.0;
8;560.71;2019-04-11 18:32:05.0;
8;560.72;2019-04-11 18:32:07.0;
8;560.73;2019-04-11 18:32:47.0;
8;560.77;2019-04-11 18:32:59.0;
8;560.75;2019-04-11 18:33:06.0;
8;560.73;2019-04-11 18:33:08.0;
8;560.67;2019-04-11 18:33:11.0;
8;560.73;2019-04-11 18:33:12.0;
8;560.67;2019-04-11 18:33:14.0;
8;560.65;2019-04-11 18:33:39.0;
8;560.67;2019-04-11 18:33:44.0;
8;560.72;2019-04-11 18:34:37.0;
8;560.73;2019-04-11 18:34:44.0;
8;560.65;2019-04-11 18:34:50.0;
8;560.7;2019-04-11 18:34:54.0;
8;560.71;2019-04-11 18:34:55.0;
8;560.67;2019-04-11 18:35:04.0;
8;560.71;2019-04-11 18:35:06.0;
8;560.67;2019-04-11 18:35:07.0;
8;560.62;2019-04-11 18:36:24.0;
8;560.67;2019-04-11 18:36:28.0;
8;560.7;2019-04-11 18:37:01.0;
8;560.67;2019-04-11 18:37:07.0;
8;560.7;2019-04-11 18:37:08.0;
8;560.67;2019-04-11 18:37:10.0;
8;560.7;2019-04-11 18:37:24.0;
8;560.72;2019-04-11 18:37:27.0;
8;560.7;2019-04-11 18:37:31.0;
8;560.72;2019-04-11 18:37:35.0;
8;560.67;2019-04-11 18:37:44.0;
8;560.73;2019-04-11 18:38:05.0;
8;560.71;2019-04-11 18:40:04.0;
8;560.67;2019-04-11 18:40:07.0;
8;560.73;2019-04-11 18:40:23.0;
8;560.67;2019-04-11 18:40:29.0;
8;560.73;2019-04-11 18:40:30.0;
8;560.67;2019-04-11 18:40:31.0;
8;560.7;2019-04-11 18:40:41.0;
8;560.71;2019-04-11 18:40:44.0;
8;560.65;2019-04-11 18:40:52.0;
8;560.67;2019-04-11 18:40:57.0;
8;560.65;2019-04-11 18:41:03.0;
8;560.62;2019-04-11 18:41:09.0;
8;560.58;2019-04-11 18:41:25.0;
8;560.61;2019-04-11 18:41:33.0;
8;560.6;2019-04-11 18:41:36.0;
8;560.53;2019-04-11 18:41:43.0;
8;560.5;2019-04-11 18:42:04.0;
8;560.53;2019-04-11 18:42:29.0;
8;560.52;2019-04-11 18:42:36.0;
8;560.55;2019-04-11 18:42:47.0;
8;560.52;2019-04-11 18:42:51.0;
8;560.58;2019-04-11 18:43:34.0;
8;560.53;2019-04-11 18:43:46.0;
8;560.55;2019-04-11 18:44:11.0;
8;560.53;2019-04-11 18:44:14.0;
8;560.55;2019-04-11 18:44:16.0;
8;560.58;2019-04-11 18:44:20.0;
8;560.62;2019-04-11 18:44:31.0;
8;560.61;2019-04-11 18:45:11.0;
8;560.62;2019-04-11 18:45:16.0;
8;560.65;2019-04-11 18:45:22.0;
8;560.62;2019-04-11 18:45:24.0;
8;560.61;2019-04-11 18:45:33.0;
8;560.5;2019-04-11 18:46:04.0;
8;560.47;2019-04-11 18:46:09.0;
8;560.52;2019-04-11 18:46:39.0;
8;560.47;2019-04-11 18:46:54.0;
8;560.48;2019-04-11 18:47:00.0;
8;560.5;2019-04-11 18:47:51.0;
8;560.48;2019-04-11 18:48:08.0;
8;560.53;2019-04-11 18:48:14.0;
8;560.52;2019-04-11 18:48:26.0;
8;560.5;2019-04-11 18:48:31.0;
8;560.52;2019-04-11 18:48:32.0;
8;560.5;2019-04-11 18:48:34.0;
8;560.52;2019-04-11 18:48:36.0;
8;560.47;2019-04-11 18:48:39.0;
8;560.48;2019-04-11 18:48:40.0;
8;560.42;2019-04-11 18:49:35.0;
8;560.48;2019-04-11 18:49:37.0;
8;560.42;2019-04-11 18:49:38.0;
8;560.47;2019-04-11 18:49:49.0;
8;560.5;2019-04-11 18:50:05.0;
8;560.47;2019-04-11 18:50:06.0;
8;560.42;2019-04-11 18:50:31.0;
8;560.45;2019-04-11 18:50:43.0;
8;560.42;2019-04-11 18:50:44.0;
8;560.45;2019-04-11 18:50:46.0;
8;560.46;2019-04-11 18:50:49.0;
8;560.47;2019-04-11 18:51:00.0;
8;560.48;2019-04-11 18:51:12.0;
8;560.5;2019-04-11 18:51:23.0;
8;560.48;2019-04-11 18:51:47.0;
8;560.47;2019-04-11 18:51:49.0;
8;560.42;2019-04-11 18:52:06.0;
8;560.47;2019-04-11 18:52:26.0;
8;560.48;2019-04-11 18:52:27.0;
8;560.47;2019-04-11 18:52:28.0;
8;560.48;2019-04-11 18:52:30.0;
8;560.55;2019-04-11 18:52:33.0;
8;560.58;2019-04-11 18:53:11.0;
8;560.55;2019-04-11 18:53:14.0;
8;560.6;2019-04-11 18:53:15.0;
8;560.58;2019-04-11 18:53:16.0;
8;560.61;2019-04-11 18:53:18.0;
8;560.58;2019-04-11 18:53:24.0;
8;560.61;2019-04-11 18:53:29.0;
8;560.53;2019-04-11 18:53:35.0;
8;560.61;2019-04-11 18:53:40.0;
8;560.53;2019-04-11 18:53:48.0;
8;560.61;2019-04-11 18:53:49.0;
8;560.67;2019-04-11 18:54:06.0;
8;560.7;2019-04-11 18:54:10.0;
8;560.67;2019-04-11 18:54:11.0;
8;560.7;2019-04-11 18:54:13.0;
8;560.71;2019-04-11 18:54:16.0;
8;560.72;2019-04-11 18:54:19.0;
8;560.73;2019-04-11 18:54:23.0;
8;560.72;2019-04-11 18:54:31.0;
8;560.73;2019-04-11 18:54:40.0;
8;560.7;2019-04-11 18:54:44.0;
8;560.71;2019-04-11 18:54:49.0;
8;560.72;2019-04-11 18:54:52.0;
8;560.71;2019-04-11 18:54:53.0;
8;560.72;2019-04-11 18:54:55.0;
8;560.7;2019-04-11 18:54:56.0;
8;560.67;2019-04-11 18:55:09.0;
8;560.7;2019-04-11 18:55:16.0;
8;560.67;2019-04-11 18:55:33.0;
8;560.62;2019-04-11 18:56:05.0;
8;560.65;2019-04-11 18:56:20.0;
8;560.62;2019-04-11 18:56:35.0;
8;560.65;2019-04-11 18:56:57.0;
8;560.67;2019-04-11 18:57:00.0;
8;560.65;2019-04-11 18:57:02.0;
8;560.67;2019-04-11 18:57:03.0;
8;560.72;2019-04-11 18:57:10.0;
8;560.78;2019-04-11 18:57:16.0;
8;560.77;2019-04-11 18:57:21.0;
8;560.75;2019-04-11 18:57:27.0;
8;560.72;2019-04-11 18:57:32.0;
8;560.73;2019-04-11 18:57:49.0;
8;560.67;2019-04-11 18:58:07.0;
8;560.73;2019-04-11 18:58:36.0;
8;560.67;2019-04-11 18:58:37.0;
8;560.73;2019-04-11 18:58:39.0;
8;560.71;2019-04-11 18:58:51.0;
8;560.73;2019-04-11 18:58:53.0;
8;560.71;2019-04-11 18:58:54.0;
8;560.75;2019-04-11 18:59:01.0;
8;560.71;2019-04-11 18:59:07.0;
8;560.72;2019-04-11 18:59:09.0;
8;560.71;2019-04-11 18:59:10.0;
8;560.7;2019-04-11 18:59:11.0;
8;560.8;2019-04-11 18:59:14.0;
8;560.7;2019-04-11 18:59:16.0;
8;560.8;2019-04-11 18:59:17.0;
8;560.83;2019-04-11 18:59:22.0;
8;560.8;2019-04-11 18:59:29.0;
8;560.83;2019-04-11 18:59:30.0;
8;560.8;2019-04-11 18:59:31.0;
8;560.83;2019-04-11 19:00:15.0;
8;560.78;2019-04-11 19:00:21.0;
8;560.71;2019-04-11 19:00:41.0;
8;560.67;2019-04-11 19:00:47.0;
8;560.72;2019-04-11 19:00:57.0;
8;560.67;2019-04-11 19:00:58.0;
8;560.72;2019-04-11 19:01:00.0;
8;560.78;2019-04-11 19:01:05.0;
8;560.77;2019-04-11 19:01:07.0;
8;560.78;2019-04-11 19:01:08.0;
8;560.77;2019-04-11 19:01:10.0;
8;560.78;2019-04-11 19:01:11.0;
8;560.77;2019-04-11 19:01:13.0;
8;560.78;2019-04-11 19:01:14.0;
8;560.77;2019-04-11 19:01:15.0;
8;560.78;2019-04-11 19:01:19.0;
8;560.8;2019-04-11 19:01:20.0;
8;560.78;2019-04-11 19:01:30.0;
8;560.8;2019-04-11 19:01:32.0;
8;560.83;2019-04-11 19:02:15.0;
8;560.86;2019-04-11 19:02:35.0;
8;560.83;2019-04-11 19:02:53.0;
8;560.85;2019-04-11 19:03:29.0;
8;560.83;2019-04-11 19:03:38.0;
8;560.85;2019-04-11 19:03:49.0;
8;560.77;2019-04-11 19:04:07.0;
8;560.83;2019-04-11 19:04:09.0;
8;560.77;2019-04-11 19:04:10.0;
8;560.8;2019-04-11 19:04:19.0;
8;560.78;2019-04-11 19:05:26.0;
8;560.77;2019-04-11 19:05:28.0;
8;560.8;2019-04-11 19:05:44.0;
8;560.78;2019-04-11 19:06:28.0;
8;560.77;2019-04-11 19:06:32.0;
8;560.83;2019-04-11 19:06:41.0;
8;560.86;2019-04-11 19:06:42.0;
8;560.83;2019-04-11 19:06:44.0;
8;560.86;2019-04-11 19:06:45.0;
8;560.83;2019-04-11 19:06:55.0;
8;560.8;2019-04-11 19:07:19.0;
8;560.77;2019-04-11 19:07:42.0;
8;560.8;2019-04-11 19:07:44.0;
8;560.77;2019-04-11 19:09:09.0;
8;560.8;2019-04-11 19:09:31.0;
8;560.86;2019-04-11 19:10:06.0;
8;560.83;2019-04-11 19:10:18.0;
8;560.8;2019-04-11 19:10:29.0;
8;560.83;2019-04-11 19:10:31.0;
8;560.86;2019-04-11 19:10:37.0;
8;560.83;2019-04-11 19:11:07.0;
8;560.86;2019-04-11 19:11:15.0;
8;560.88;2019-04-11 19:13:03.0;
8;560.86;2019-04-11 19:14:15.0;
8;560.88;2019-04-11 19:14:32.0;
8;560.86;2019-04-11 19:14:34.0;
8;560.83;2019-04-11 19:14:39.0;
8;560.78;2019-04-11 19:14:52.0;
8;560.8;2019-04-11 19:14:55.0;
8;560.78;2019-04-11 19:14:56.0;
8;560.8;2019-04-11 19:14:58.0;
8;560.78;2019-04-11 19:15:16.0;
8;560.75;2019-04-11 19:15:18.0;
8;560.77;2019-04-11 19:15:24.0;
8;560.8;2019-04-11 19:15:40.0;
8;560.77;2019-04-11 19:15:46.0;
8;560.75;2019-04-11 19:16:04.0;
8;560.78;2019-04-11 19:16:21.0;
8;560.75;2019-04-11 19:16:27.0;
8;560.72;2019-04-11 19:16:34.0;
8;560.75;2019-04-11 19:16:35.0;
8;560.72;2019-04-11 19:16:37.0;
8;560.73;2019-04-11 19:16:42.0;
8;560.75;2019-04-11 19:17:22.0;
8;560.73;2019-04-11 19:18:46.0;
8;560.75;2019-04-11 19:19:02.0;
8;560.77;2019-04-11 19:19:22.0;
8;560.75;2019-04-11 19:19:28.0;
8;560.78;2019-04-11 19:20:04.0;
8;560.77;2019-04-11 19:20:17.0;
8;560.73;2019-04-11 19:20:27.0;
8;560.75;2019-04-11 19:20:29.0;
8;560.71;2019-04-11 19:20:30.0;
8;560.67;2019-04-11 19:20:37.0;
8;560.71;2019-04-11 19:20:44.0;
8;560.72;2019-04-11 19:22:35.0;
8;560.8;2019-04-11 19:22:38.0;
8;560.83;2019-04-11 19:22:52.0;
8;560.8;2019-04-11 19:23:00.0;
8;560.83;2019-04-11 19:23:03.0;
8;560.8;2019-04-11 19:23:24.0;
8;560.77;2019-04-11 19:23:31.0;
8;560.8;2019-04-11 19:23:33.0;
8;560.77;2019-04-11 19:23:34.0;
8;560.75;2019-04-11 19:25:32.0;
8;560.73;2019-04-11 19:26:25.0;
8;560.78;2019-04-11 19:26:31.0;
8;560.8;2019-04-11 19:27:11.0;
8;560.77;2019-04-11 19:27:27.0;
8;560.8;2019-04-11 19:27:49.0;
8;560.83;2019-04-11 19:28:05.0;
8;560.86;2019-04-11 19:28:21.0;
8;560.85;2019-04-11 19:28:27.0;
8;560.86;2019-04-11 19:28:51.0;
8;560.88;2019-04-11 19:29:09.0;
8;560.85;2019-04-11 19:29:41.0;
8;560.83;2019-04-11 19:29:46.0;
8;560.8;2019-04-11 19:30:07.0;
8;560.78;2019-04-11 19:30:17.0;
8;560.77;2019-04-11 19:30:19.0;
8;560.78;2019-04-11 19:30:36.0;
8;560.75;2019-04-11 19:30:38.0;
8;560.78;2019-04-11 19:30:39.0;
8;560.75;2019-04-11 19:30:42.0;
8;560.73;2019-04-11 19:31:02.0;
8;560.78;2019-04-11 19:31:12.0;
8;560.77;2019-04-11 19:31:15.0;
8;560.78;2019-04-11 19:31:17.0;
8;560.77;2019-04-11 19:31:18.0;
8;560.75;2019-04-11 19:31:29.0;
8;560.77;2019-04-11 19:31:43.0;
8;560.75;2019-04-11 19:31:46.0;
8;560.77;2019-04-11 19:31:49.0;
8;560.75;2019-04-11 19:31:51.0;
8;560.7;2019-04-11 19:32:05.0;
8;560.71;2019-04-11 19:32:07.0;
8;560.7;2019-04-11 19:32:08.0;
8;560.71;2019-04-11 19:32:10.0;
8;560.67;2019-04-11 19:32:12.0;
8;560.7;2019-04-11 19:32:15.0;
8;560.67;2019-04-11 19:32:16.0;
8;560.7;2019-04-11 19:32:18.0;
8;560.71;2019-04-11 19:32:21.0;
8;560.7;2019-04-11 19:32:22.0;
8;560.71;2019-04-11 19:32:24.0;
8;560.65;2019-04-11 19:32:32.0;
8;560.67;2019-04-11 19:32:39.0;
8;560.65;2019-04-11 19:32:40.0;
8;560.67;2019-04-11 19:32:42.0;
8;560.71;2019-04-11 19:32:46.0;
8;560.75;2019-04-11 19:34:09.0;
8;560.72;2019-04-11 19:34:15.0;
8;560.73;2019-04-11 19:34:16.0;
8;560.75;2019-04-11 19:34:24.0;
8;560.77;2019-04-11 19:34:28.0;
8;560.78;2019-04-11 19:34:36.0;
8;560.77;2019-04-11 19:34:41.0;
8;560.75;2019-04-11 19:34:47.0;
8;560.77;2019-04-11 19:35:07.0;
8;560.8;2019-04-11 19:35:13.0;
8;560.78;2019-04-11 19:36:09.0;
8;560.77;2019-04-11 19:36:20.0;
8;560.8;2019-04-11 19:36:26.0;
8;560.78;2019-04-11 19:36:54.0;
8;560.77;2019-04-11 19:36:59.0;
8;560.78;2019-04-11 19:37:00.0;
8;560.77;2019-04-11 19:37:02.0;
8;560.75;2019-04-11 19:37:34.0;
8;560.78;2019-04-11 19:37:38.0;
8;560.75;2019-04-11 19:37:46.0;
8;560.71;2019-04-11 19:38:07.0;
8;560.67;2019-04-11 19:38:13.0;
8;560.65;2019-04-11 19:38:28.0;
8;560.61;2019-04-11 19:38:50.0;
8;560.6;2019-04-11 19:38:52.0;
8;560.61;2019-04-11 19:39:04.0;
8;560.62;2019-04-11 19:39:21.0;
8;560.6;2019-04-11 19:39:25.0;
8;560.61;2019-04-11 19:39:28.0;
8;560.6;2019-04-11 19:39:29.0;
8;560.61;2019-04-11 19:39:31.0;
8;560.62;2019-04-11 19:40:12.0;
8;560.61;2019-04-11 19:40:55.0;
8;560.55;2019-04-11 19:41:05.0;
8;560.58;2019-04-11 19:41:23.0;
8;560.6;2019-04-11 19:41:33.0;
8;560.58;2019-04-11 19:41:34.0;
8;560.6;2019-04-11 19:41:36.0;
8;560.61;2019-04-11 19:41:37.0;
8;560.55;2019-04-11 19:41:43.0;
8;560.5;2019-04-11 19:42:03.0;
8;560.53;2019-04-11 19:42:12.0;
8;560.55;2019-04-11 19:42:17.0;
8;560.5;2019-04-11 19:42:19.0;
8;560.55;2019-04-11 19:42:20.0;
8;560.5;2019-04-11 19:42:21.0;
8;560.52;2019-04-11 19:42:39.0;
8;560.5;2019-04-11 19:43:00.0;
8;560.52;2019-04-11 19:43:01.0;
8;560.5;2019-04-11 19:43:02.0;
8;560.53;2019-04-11 19:43:25.0;
8;560.55;2019-04-11 19:43:31.0;
8;560.53;2019-04-11 19:43:32.0;
8;560.55;2019-04-11 19:43:34.0;
8;560.5;2019-04-11 19:43:35.0;
8;560.53;2019-04-11 19:44:06.0;
8;560.55;2019-04-11 19:44:13.0;
8;560.52;2019-04-11 19:44:15.0;
8;560.55;2019-04-11 19:44:17.0;
8;560.58;2019-04-11 19:45:43.0;
8;560.55;2019-04-11 19:45:44.0;
8;560.58;2019-04-11 19:45:45.0;
8;560.52;2019-04-11 19:46:06.0;
8;560.55;2019-04-11 19:46:33.0;
8;560.6;2019-04-11 19:46:50.0;
8;560.61;2019-04-11 19:46:52.0;
8;560.55;2019-04-11 19:46:56.0;
8;560.58;2019-04-11 19:47:44.0;
8;560.61;2019-04-11 19:47:50.0;
8;560.65;2019-04-11 19:48:07.0;
8;560.67;2019-04-11 19:48:41.0;
8;560.65;2019-04-11 19:48:51.0;
8;560.67;2019-04-11 19:48:54.0;
8;560.65;2019-04-11 19:48:55.0;
8;560.6;2019-04-11 19:49:31.0;
8;560.65;2019-04-11 19:49:33.0;
8;560.6;2019-04-11 19:49:34.0;
8;560.62;2019-04-11 19:49:47.0;
8;560.61;2019-04-11 19:50:03.0;
8;560.65;2019-04-11 19:50:07.0;
8;560.62;2019-04-11 19:50:52.0;
8;560.6;2019-04-11 19:51:09.0;
8;560.61;2019-04-11 19:51:13.0;
8;560.6;2019-04-11 19:51:14.0;
8;560.61;2019-04-11 19:51:16.0;
8;560.55;2019-04-11 19:52:08.0;
8;560.6;2019-04-11 19:52:32.0;
8;560.55;2019-04-11 19:52:34.0;
8;560.6;2019-04-11 19:52:36.0;
8;560.58;2019-04-11 19:52:37.0;
8;560.55;2019-04-11 19:52:41.0;
8;560.6;2019-04-11 19:53:03.0;
8;560.55;2019-04-11 19:53:05.0;
8;560.6;2019-04-11 19:53:06.0;
8;560.61;2019-04-11 19:53:07.0;
8;560.58;2019-04-11 19:53:17.0;
8;560.55;2019-04-11 19:53:23.0;
8;560.5;2019-04-11 19:54:06.0;
8;560.52;2019-04-11 19:54:21.0;
8;560.5;2019-04-11 19:54:27.0;
8;560.46;2019-04-11 19:55:40.0;
8;560.42;2019-04-11 19:55:43.0;
8;560.46;2019-04-11 19:55:44.0;
8;560.42;2019-04-11 19:55:46.0;
8;560.47;2019-04-11 19:56:07.0;
8;560.46;2019-04-11 19:56:11.0;
8;560.47;2019-04-11 19:56:13.0;
8;560.46;2019-04-11 19:56:14.0;
8;560.5;2019-04-11 19:56:31.0;
8;560.45;2019-04-11 19:56:41.0;
8;560.46;2019-04-11 19:56:45.0;
8;560.5;2019-04-11 19:56:56.0;
8;560.55;2019-04-11 19:57:19.0;
8;560.5;2019-04-11 19:57:26.0;
8;560.55;2019-04-11 19:57:31.0;
8;560.5;2019-04-11 19:57:37.0;
8;560.47;2019-04-11 19:58:32.0;
8;560.48;2019-04-11 19:58:36.0;
8;560.4;2019-04-11 19:59:04.0;
8;560.38;2019-04-11 19:59:18.0;
8;560.4;2019-04-11 19:59:20.0;
8;560.38;2019-04-11 20:00:06.0;
8;560.4;2019-04-11 20:00:09.0;
8;560.45;2019-04-11 20:00:21.0;
8;560.4;2019-04-11 20:00:22.0;
8;560.48;2019-04-11 20:00:24.0;
8;560.45;2019-04-11 20:00:25.0;
8;560.48;2019-04-11 20:00:27.0;
8;560.46;2019-04-11 20:00:30.0;
8;560.4;2019-04-11 20:00:36.0;
8;560.38;2019-04-11 20:00:43.0;
8;560.4;2019-04-11 20:00:44.0;
8;560.38;2019-04-11 20:00:47.0;
8;560.4;2019-04-11 20:00:49.0;
8;560.38;2019-04-11 20:01:03.0;
8;560.4;2019-04-11 20:02:05.0;
8;560.42;2019-04-11 20:02:57.0;
8;560.4;2019-04-11 20:03:07.0;
8;560.42;2019-04-11 20:03:20.0;
8;560.45;2019-04-11 20:04:37.0;
8;560.46;2019-04-11 20:04:38.0;
8;560.42;2019-04-11 20:04:43.0;
8;560.4;2019-04-11 20:04:49.0;
8;560.42;2019-04-11 20:05:03.0;
8;560.45;2019-04-11 20:05:19.0;
8;560.42;2019-04-11 20:05:22.0;
8;560.48;2019-04-11 20:05:35.0;
8;560.4;2019-04-11 20:06:06.0;
8;560.38;2019-04-11 20:06:43.0;
8;560.33;2019-04-11 20:06:54.0;
8;560.3;2019-04-11 20:06:57.0;
8;560.33;2019-04-11 20:06:58.0;
8;560.3;2019-04-11 20:07:13.0;
8;560.38;2019-04-11 20:07:19.0;
8;560.36;2019-04-11 20:07:20.0;
8;560.3;2019-04-11 20:07:33.0;
8;560.21;2019-04-11 20:08:08.0;
8;560.17;2019-04-11 20:08:10.0;
8;560.2;2019-04-11 20:08:18.0;
8;560.25;2019-04-11 20:08:40.0;
8;560.22;2019-04-11 20:08:43.0;
8;560.23;2019-04-11 20:08:49.0;
8;560.22;2019-04-11 20:08:50.0;
8;560.23;2019-04-11 20:08:52.0;
8;560.17;2019-04-11 20:10:04.0;
8;560.21;2019-04-11 20:10:32.0;
8;560.17;2019-04-11 20:10:59.0;
8;560.15;2019-04-11 20:11:05.0;
8;560.2;2019-04-11 20:11:32.0;
8;560.17;2019-04-11 20:12:03.0;
8;560.21;2019-04-11 20:12:09.0;
8;560.23;2019-04-11 20:12:14.0;
8;560.25;2019-04-11 20:12:18.0;
8;560.3;2019-04-11 20:12:33.0;
8;560.33;2019-04-11 20:12:43.0;
8;560.35;2019-04-11 20:13:15.0;
8;560.36;2019-04-11 20:13:22.0;
8;560.33;2019-04-11 20:13:39.0;
8;560.3;2019-04-11 20:14:03.0;
8;560.33;2019-04-11 20:14:04.0;
8;560.3;2019-04-11 20:14:07.0;
8;560.27;2019-04-11 20:14:22.0;
8;560.25;2019-04-11 20:14:36.0;
8;560.27;2019-04-11 20:15:14.0;
8;560.28;2019-04-11 20:15:20.0;
8;560.3;2019-04-11 20:15:39.0;
8;560.28;2019-04-11 20:15:42.0;
8;560.3;2019-04-11 20:15:44.0;
8;560.27;2019-04-11 20:16:11.0;
8;560.3;2019-04-11 20:16:14.0;
8;560.28;2019-04-11 20:16:50.0;
8;560.22;2019-04-11 20:16:56.0;
8;560.25;2019-04-11 20:16:59.0;
8;560.2;2019-04-11 20:17:02.0;
8;560.17;2019-04-11 20:17:23.0;
8;560.25;2019-04-11 20:17:33.0;
8;560.22;2019-04-11 20:17:37.0;
8;560.25;2019-04-11 20:18:11.0;
8;560.22;2019-04-11 20:18:19.0;
8;560.25;2019-04-11 20:18:20.0;
8;560.22;2019-04-11 20:18:21.0;
8;560.25;2019-04-11 20:18:26.0;
8;560.27;2019-04-11 20:18:54.0;
8;560.36;2019-04-11 20:18:58.0;
8;560.38;2019-04-11 20:19:04.0;
8;560.3;2019-04-11 20:19:11.0;
8;560.38;2019-04-11 20:19:13.0;
8;560.3;2019-04-11 20:19:14.0;
8;560.27;2019-04-11 20:20:19.0;
8;560.28;2019-04-11 20:20:22.0;
8;560.25;2019-04-11 20:21:37.0;
8;560.27;2019-04-11 20:21:47.0;
8;560.25;2019-04-11 20:22:07.0;
8;560.27;2019-04-11 20:22:21.0;
8;560.23;2019-04-11 20:23:05.0;
8;560.2;2019-04-11 20:23:13.0;
8;560.21;2019-04-11 20:23:17.0;
8;560.23;2019-04-11 20:24:10.0;
8;560.25;2019-04-11 20:24:28.0;
8;560.23;2019-04-11 20:24:38.0;
8;560.17;2019-04-11 20:25:10.0;
8;560.12;2019-04-11 20:25:14.0;
8;560.1;2019-04-11 20:25:35.0;
8;560.08;2019-04-11 20:25:41.0;
8;560.05;2019-04-11 20:25:44.0;
8;560.11;2019-04-11 20:26:04.0;
8;560.05;2019-04-11 20:26:05.0;
8;560.11;2019-04-11 20:26:08.0;
8;560.12;2019-04-11 20:26:25.0;
8;560.15;2019-04-11 20:26:41.0;
8;560.12;2019-04-11 20:26:51.0;
8;560.1;2019-04-11 20:27:27.0;
8;560.08;2019-04-11 20:28:37.0;
8;560.02;2019-04-11 20:29:08.0;
8;560.05;2019-04-11 20:29:21.0;
8;560.08;2019-04-11 20:30:39.0;
8;560.11;2019-04-11 20:30:44.0;
8;560.15;2019-04-11 20:31:22.0;
8;560.12;2019-04-11 20:31:28.0;
8;560.17;2019-04-11 20:31:37.0;
8;560.21;2019-04-11 20:32:05.0;
8;560.22;2019-04-11 20:32:11.0;
8;560.17;2019-04-11 20:32:17.0;
8;560.2;2019-04-11 20:32:21.0;
8;560.21;2019-04-11 20:32:26.0;
8;560.15;2019-04-11 20:32:30.0;
8;560.17;2019-04-11 20:32:52.0;
8;560.15;2019-04-11 20:32:54.0;
8;560.17;2019-04-11 20:32:55.0;
8;560.12;2019-04-11 20:33:11.0;
8;560.11;2019-04-11 20:33:15.0;
8;560.15;2019-04-11 20:33:16.0;
8;560.11;2019-04-11 20:33:18.0;
8;560.15;2019-04-11 20:33:19.0;
8;560.17;2019-04-11 20:34:33.0;
8;560.15;2019-04-11 20:34:38.0;
8;560.1;2019-04-11 20:35:17.0;
8;560.11;2019-04-11 20:35:24.0;
8;560.12;2019-04-11 20:35:42.0;
8;560.15;2019-04-11 20:35:43.0;
8;560.17;2019-04-11 20:36:06.0;
8;560.15;2019-04-11 20:36:31.0;
8;560.17;2019-04-11 20:36:44.0;
8;560.15;2019-04-11 20:36:54.0;
8;560.17;2019-04-11 20:37:14.0;
8;560.15;2019-04-11 20:37:16.0;
8;560.17;2019-04-11 20:37:17.0;
8;560.15;2019-04-11 20:37:21.0;
8;560.05;2019-04-11 20:38:52.0;
8;560.08;2019-04-11 20:39:04.0;
8;560.15;2019-04-11 20:39:15.0;
8;560.08;2019-04-11 20:39:16.0;
8;560.15;2019-04-11 20:39:18.0;
8;560.12;2019-04-11 20:39:32.0;
8;560.11;2019-04-11 20:39:51.0;
8;560.12;2019-04-11 20:40:21.0;
8;560.11;2019-04-11 20:40:22.0;
8;560.12;2019-04-11 20:40:23.0;
8;560.1;2019-04-11 20:40:25.0;
8;560.12;2019-04-11 20:41:05.0;
8;560.1;2019-04-11 20:41:11.0;
8;560.15;2019-04-11 20:41:45.0;
8;560.12;2019-04-11 20:42:06.0;
8;560.11;2019-04-11 20:42:10.0;
8;560.12;2019-04-11 20:42:46.0;
8;560.15;2019-04-11 20:42:51.0;
8;560.17;2019-04-11 20:43:10.0;
8;560.2;2019-04-11 20:43:16.0;
8;560.21;2019-04-11 20:43:19.0;
8;560.2;2019-04-11 20:43:20.0;
8;560.21;2019-04-11 20:43:22.0;
8;560.23;2019-04-11 20:43:30.0;
8;560.25;2019-04-11 20:43:40.0;
8;560.22;2019-04-11 20:43:46.0;
8;560.23;2019-04-11 20:44:03.0;
8;560.22;2019-04-11 20:44:05.0;
8;560.23;2019-04-11 20:44:06.0;
8;560.22;2019-04-11 20:44:18.0;
8;560.23;2019-04-11 20:44:20.0;
8;560.22;2019-04-11 20:44:21.0;
8;560.23;2019-04-11 20:44:23.0;
8;560.25;2019-04-11 20:44:53.0;
8;560.23;2019-04-11 20:45:06.0;
8;560.21;2019-04-11 20:45:28.0;
8;560.17;2019-04-11 20:46:52.0;
8;560.2;2019-04-11 20:47:04.0;
8;560.23;2019-04-11 20:48:06.0;
8;560.2;2019-04-11 20:48:24.0;
8;560.23;2019-04-11 20:48:38.0;
8;560.2;2019-04-11 20:49:12.0;
8;560.21;2019-04-11 20:49:16.0;
8;560.23;2019-04-11 20:49:36.0;
8;560.25;2019-04-11 20:49:40.0;
8;560.21;2019-04-11 20:50:04.0;
8;560.25;2019-04-11 20:50:05.0;
8;560.21;2019-04-11 20:50:07.0;
8;560.15;2019-04-11 20:50:11.0;
8;560.12;2019-04-11 20:50:31.0;
8;560.15;2019-04-11 20:50:35.0;
8;560.12;2019-04-11 20:50:39.0;
8;560.15;2019-04-11 20:50:59.0;
8;560.2;2019-04-11 20:51:09.0;
8;560.15;2019-04-11 20:51:10.0;
8;560.2;2019-04-11 20:51:12.0;
8;560.21;2019-04-11 20:51:14.0;
8;560.23;2019-04-11 20:51:35.0;
8;560.21;2019-04-11 20:51:40.0;
8;560.23;2019-04-11 20:52:29.0;
8;560.21;2019-04-11 20:52:35.0;
8;560.17;2019-04-11 20:54:06.0;
8;560.21;2019-04-11 20:54:36.0;
8;560.17;2019-04-11 20:55:00.0;
8;560.15;2019-04-11 20:55:07.0;
8;560.17;2019-04-11 20:55:10.0;
8;560.15;2019-04-11 20:55:12.0;
8;560.17;2019-04-11 20:55:16.0;
8;560.15;2019-04-11 20:55:17.0;
8;560.17;2019-04-11 20:55:18.0;
8;560.15;2019-04-11 20:55:34.0;
8;560.11;2019-04-11 20:56:04.0;
8;560.15;2019-04-11 20:56:06.0;
8;560.11;2019-04-11 20:56:07.0;
8;560.1;2019-04-11 20:56:13.0;
8;560.12;2019-04-11 20:56:42.0;
8;560.11;2019-04-11 20:56:46.0;
8;560.12;2019-04-11 20:56:56.0;
8;560.15;2019-04-11 20:56:59.0;
8;560.1;2019-04-11 20:57:10.0;
8;560.15;2019-04-11 20:57:17.0;
8;560.12;2019-04-11 20:59:11.0;
8;560.15;2019-04-11 20:59:15.0;
8;560.17;2019-04-11 20:59:32.0;
8;560.15;2019-04-11 20:59:33.0;
8;560.17;2019-04-11 20:59:35.0;
8;560.21;2019-04-11 20:59:36.0;
8;560.22;2019-04-11 21:01:10.0;
8;560.21;2019-04-11 21:01:12.0;
8;560.22;2019-04-11 21:01:13.0;
8;560.25;2019-04-11 21:01:51.0;
8;560.28;2019-04-11 21:02:08.0;
8;560.25;2019-04-11 21:02:24.0;
8;560.28;2019-04-11 21:03:02.0;
8;560.27;2019-04-11 21:03:06.0;
8;560.3;2019-04-11 21:04:10.0;
8;560.35;2019-04-11 21:04:55.0;
8;560.33;2019-04-11 21:05:21.0;
8;560.4;2019-04-11 21:06:04.0;
8;560.33;2019-04-11 21:06:06.0;
8;560.4;2019-04-11 21:06:07.0;
8;560.42;2019-04-11 21:06:08.0;
8;560.46;2019-04-11 21:06:21.0;
8;560.45;2019-04-11 21:06:23.0;
8;560.42;2019-04-11 21:06:56.0;
8;560.46;2019-04-11 21:07:06.0;
8;560.42;2019-04-11 21:07:12.0;
8;560.4;2019-04-11 21:08:17.0;
8;560.42;2019-04-11 21:09:07.0;
8;560.4;2019-04-11 21:09:24.0;
8;560.42;2019-04-11 21:09:37.0;
8;560.4;2019-04-11 21:10:05.0;
8;560.42;2019-04-11 21:10:12.0;
8;560.4;2019-04-11 21:10:17.0;
8;560.42;2019-04-11 21:11:16.0;
8;560.38;2019-04-11 21:11:22.0;
8;560.4;2019-04-11 21:11:24.0;
8;560.46;2019-04-11 21:11:42.0;
8;560.5;2019-04-11 21:12:53.0;
8;560.48;2019-04-11 21:13:08.0;
8;560.5;2019-04-11 21:13:10.0;
8;560.48;2019-04-11 21:13:12.0;
8;560.45;2019-04-11 21:14:06.0;
8;560.48;2019-04-11 21:14:08.0;
8;560.45;2019-04-11 21:14:09.0;
8;560.42;2019-04-11 21:14:15.0;
8;560.45;2019-04-11 21:14:17.0;
8;560.42;2019-04-11 21:14:19.0;
8;560.46;2019-04-11 21:14:56.0;
8;560.5;2019-04-11 21:15:31.0;
8;560.52;2019-04-11 21:15:48.0;
8;560.5;2019-04-11 21:15:50.0;
8;560.52;2019-04-11 21:15:51.0;
8;560.5;2019-04-11 21:16:38.0;
8;560.53;2019-04-11 21:17:00.0;
8;560.55;2019-04-11 21:17:10.0;
8;560.58;2019-04-11 21:17:20.0;
8;560.62;2019-04-11 21:18:04.0;
8;560.61;2019-04-11 21:19:17.0;
8;560.62;2019-04-11 21:19:42.0;
8;560.61;2019-04-11 21:19:44.0;
8;560.62;2019-04-11 21:19:45.0;
8;560.67;2019-04-11 21:20:52.0;
8;560.65;2019-04-11 21:20:57.0;
8;560.67;2019-04-11 21:21:03.0;
8;560.65;2019-04-11 21:21:14.0;
8;560.67;2019-04-11 21:21:26.0;
8;560.7;2019-04-11 21:22:41.0;
8;560.71;2019-04-11 21:22:43.0;
8;560.7;2019-04-11 21:22:45.0;
8;560.71;2019-04-11 21:22:46.0;
8;560.67;2019-04-11 21:23:31.0;
8;560.65;2019-04-11 21:24:02.0;
8;560.67;2019-04-11 21:24:04.0;
8;560.65;2019-04-11 21:24:05.0;
8;560.67;2019-04-11 21:24:26.0;
8;560.65;2019-04-11 21:24:28.0;
8;560.67;2019-04-11 21:24:29.0;
8;560.62;2019-04-11 21:24:51.0;
8;560.67;2019-04-11 21:24:52.0;
8;560.65;2019-04-11 21:24:54.0;
8;560.62;2019-04-11 21:25:01.0;
8;560.65;2019-04-11 21:25:07.0;
8;560.67;2019-04-11 21:25:22.0;
8;560.65;2019-04-11 21:26:04.0;
8;560.67;2019-04-11 21:26:10.0;
8;560.73;2019-04-11 21:27:27.0;
8;560.67;2019-04-11 21:27:43.0;
8;560.73;2019-04-11 21:27:45.0;
8;560.67;2019-04-11 21:27:47.0;
8;560.62;2019-04-11 21:28:05.0;
8;560.65;2019-04-11 21:28:14.0;
8;560.67;2019-04-11 21:28:37.0;
8;560.73;2019-04-11 21:29:21.0;
8;560.71;2019-04-11 21:29:35.0;
8;560.67;2019-04-11 21:29:42.0;
8;560.65;2019-04-11 21:29:45.0;
8;560.67;2019-04-11 21:29:48.0;
8;560.7;2019-04-11 21:30:12.0;
8;560.73;2019-04-11 21:30:13.0;
8;560.7;2019-04-11 21:30:16.0;
8;560.72;2019-04-11 21:30:34.0;
8;560.7;2019-04-11 21:30:36.0;
8;560.72;2019-04-11 21:30:37.0;
8;560.73;2019-04-11 21:30:40.0;
8;560.78;2019-04-11 21:30:52.0;
8;560.73;2019-04-11 21:30:53.0;
8;560.78;2019-04-11 21:30:55.0;
8;560.75;2019-04-11 21:30:56.0;
8;560.78;2019-04-11 21:30:58.0;
8;560.75;2019-04-11 21:30:59.0;
8;560.73;2019-04-11 21:31:05.0;
8;560.77;2019-04-11 21:31:13.0;
8;560.75;2019-04-11 21:31:18.0;
8;560.77;2019-04-11 21:31:19.0;
8;560.75;2019-04-11 21:31:20.0;
8;560.7;2019-04-11 21:31:26.0;
8;560.71;2019-04-11 21:31:29.0;
8;560.65;2019-04-11 21:31:37.0;
8;560.71;2019-04-11 21:31:48.0;
8;560.65;2019-04-11 21:31:50.0;
8;560.71;2019-04-11 21:31:51.0;
8;560.72;2019-04-11 21:32:05.0;
8;560.75;2019-04-11 21:32:07.0;
8;560.78;2019-04-11 21:33:05.0;
8;560.8;2019-04-11 21:33:18.0;
8;560.77;2019-04-11 21:33:19.0;
8;560.72;2019-04-11 21:34:04.0;
8;560.67;2019-04-11 21:35:40.0;
8;560.75;2019-04-11 21:36:07.0;
8;560.72;2019-04-11 21:36:15.0;
8;560.67;2019-04-11 21:36:22.0;
8;560.71;2019-04-11 21:36:39.0;
8;560.7;2019-04-11 21:36:41.0;
8;560.71;2019-04-11 21:36:43.0;
8;560.73;2019-04-11 21:36:44.0;
8;560.75;2019-04-11 21:36:50.0;
8;560.72;2019-04-11 21:37:09.0;
8;560.75;2019-04-11 21:37:18.0;
8;560.77;2019-04-11 21:37:24.0;
8;560.75;2019-04-11 21:37:25.0;
8;560.77;2019-04-11 21:37:27.0;
8;560.75;2019-04-11 21:37:35.0;
8;560.72;2019-04-11 21:37:44.0;
8;560.71;2019-04-11 21:38:47.0;
8;560.72;2019-04-11 21:38:49.0;
8;560.71;2019-04-11 21:38:50.0;
8;560.7;2019-04-11 21:38:52.0;
8;560.73;2019-04-11 21:39:13.0;
8;560.7;2019-04-11 21:39:19.0;
8;560.73;2019-04-11 21:39:21.0;
8;560.7;2019-04-11 21:39:22.0;
8;560.67;2019-04-11 21:39:32.0;
8;560.65;2019-04-11 21:39:36.0;
8;560.62;2019-04-11 21:41:07.0;
8;560.65;2019-04-11 21:41:11.0;
8;560.62;2019-04-11 21:41:12.0;
8;560.65;2019-04-11 21:41:15.0;
8;560.62;2019-04-11 21:41:48.0;
8;560.65;2019-04-11 21:42:19.0;
8;560.62;2019-04-11 21:43:16.0;
8;560.67;2019-04-11 21:43:20.0;
8;560.7;2019-04-11 21:43:39.0;
8;560.72;2019-04-11 21:43:50.0;
8;560.75;2019-04-11 21:44:12.0;
8;560.77;2019-04-11 21:44:26.0;
8;560.75;2019-04-11 21:44:32.0;
8;560.77;2019-04-11 21:44:54.0;
8;560.75;2019-04-11 21:45:05.0;
8;560.72;2019-04-11 21:45:35.0;
8;560.73;2019-04-11 21:45:38.0;
8;560.65;2019-04-11 21:46:19.0;
8;560.62;2019-04-11 21:46:30.0;
8;560.65;2019-04-11 21:46:39.0;
8;560.62;2019-04-11 21:46:46.0;
8;560.65;2019-04-11 21:46:57.0;
8;560.67;2019-04-11 21:49:09.0;
8;560.62;2019-04-11 21:49:14.0;
8;560.6;2019-04-11 21:49:22.0;
8;560.67;2019-04-11 21:50:07.0;
8;560.65;2019-04-11 21:51:21.0;
8;560.62;2019-04-11 21:51:50.0;
8;560.58;2019-04-11 21:52:04.0;
8;560.62;2019-04-11 21:52:07.0;
8;560.6;2019-04-11 21:52:11.0;
8;560.62;2019-04-11 21:52:13.0;
8;560.6;2019-04-11 21:52:14.0;
8;560.61;2019-04-11 21:52:17.0;
8;560.62;2019-04-11 21:52:40.0;
8;560.65;2019-04-11 21:52:44.0;
8;560.62;2019-04-11 21:52:59.0;
8;560.67;2019-04-11 21:53:11.0;
8;560.62;2019-04-11 21:53:14.0;
8;560.67;2019-04-11 21:53:15.0;
8;560.73;2019-04-11 21:53:29.0;
8;560.75;2019-04-11 21:53:36.0;
8;560.8;2019-04-11 21:53:45.0;
8;560.88;2019-04-11 21:54:03.0;
8;560.8;2019-04-11 21:54:04.0;
8;560.88;2019-04-11 21:54:07.0;
8;560.85;2019-04-11 21:54:10.0;
8;560.88;2019-04-11 21:55:00.0;
8;560.86;2019-04-11 21:55:20.0;
8;560.88;2019-04-11 21:56:11.0;
8;560.86;2019-04-11 21:56:12.0;
8;560.88;2019-04-11 21:56:13.0;
8;560.85;2019-04-11 21:56:32.0;
8;560.86;2019-04-11 21:56:34.0;
8;560.88;2019-04-11 21:56:45.0;
8;560.86;2019-04-11 21:57:40.0;
8;560.83;2019-04-11 21:58:04.0;
8;560.85;2019-04-11 21:58:09.0;
8;560.86;2019-04-11 21:58:16.0;
8;560.77;2019-04-11 21:58:47.0;
8;560.86;2019-04-11 21:58:49.0;
8;560.77;2019-04-11 21:58:50.0;
9;9384.5;2019-04-11 11:15:32.0;
9;9384;2019-04-11 11:15:39.0;
9;9385;2019-04-11 11:15:45.0;
9;9384.5;2019-04-11 11:16:06.0;
9;9385;2019-04-11 11:16:07.0;
9;9384.5;2019-04-11 11:16:08.0;
9;9385;2019-04-11 11:16:10.0;
9;9384.5;2019-04-11 11:16:15.0;
9;9385;2019-04-11 11:16:27.0;
9;9384.5;2019-04-11 11:16:29.0;
9;9385;2019-04-11 11:16:30.0;
9;9384.5;2019-04-11 11:16:36.0;
9;9384;2019-04-11 11:17:08.0;
9;9383;2019-04-11 11:17:36.0;
9;9384;2019-04-11 11:17:44.0;
9;9383;2019-04-11 11:17:45.0;
9;9384;2019-04-11 11:17:47.0;
9;9386;2019-04-11 11:18:04.0;
9;9385.5;2019-04-11 11:18:13.0;
9;9386;2019-04-11 11:18:24.0;
9;9383.5;2019-04-11 11:18:37.0;
9;9382;2019-04-11 11:18:43.0;
9;9381.5;2019-04-11 11:19:03.0;
9;9382.5;2019-04-11 11:19:06.0;
9;9381.5;2019-04-11 11:19:08.0;
9;9382.5;2019-04-11 11:19:09.0;
9;9383;2019-04-11 11:19:15.0;
9;9383.5;2019-04-11 11:19:28.0;
9;9384;2019-04-11 11:19:32.0;
9;9383.5;2019-04-11 11:19:39.0;
9;9382;2019-04-11 11:19:44.0;
9;9381.5;2019-04-11 11:20:04.0;
9;9383;2019-04-11 11:20:32.0;
9;9384.5;2019-04-11 11:20:37.0;
9;9383;2019-04-11 11:20:44.0;
9;9383.5;2019-04-11 11:20:47.0;
9;9383;2019-04-11 11:20:54.0;
9;9384;2019-04-11 11:20:55.0;
9;9385.5;2019-04-11 11:21:00.0;
9;9386;2019-04-11 11:21:03.0;
9;9386.5;2019-04-11 11:21:07.0;
9;9386;2019-04-11 11:21:09.0;
9;9386.5;2019-04-11 11:21:12.0;
9;9385.5;2019-04-11 11:21:16.0;
9;9386.5;2019-04-11 11:21:22.0;
9;9389.5;2019-04-11 11:21:37.0;
9;9389;2019-04-11 11:21:44.0;
9;9388.5;2019-04-11 11:21:50.0;
9;9386;2019-04-11 11:22:04.0;
9;9388.5;2019-04-11 11:22:07.0;
9;9387.5;2019-04-11 11:22:08.0;
9;9386.5;2019-04-11 11:22:13.0;
9;9387.5;2019-04-11 11:22:14.0;
9;9386.5;2019-04-11 11:22:16.0;
9;9387;2019-04-11 11:22:27.0;
9;9388;2019-04-11 11:22:33.0;
9;9389;2019-04-11 11:22:38.0;
9;9386.5;2019-04-11 11:23:29.0;
9;9387;2019-04-11 11:23:31.0;
9;9386.5;2019-04-11 11:23:34.0;
9;9386;2019-04-11 11:24:05.0;
9;9385.5;2019-04-11 11:24:32.0;
9;9387;2019-04-11 11:24:37.0;
9;9387.5;2019-04-11 11:24:45.0;
9;9387;2019-04-11 11:24:49.0;
9;9386.5;2019-04-11 11:24:55.0;
9;9387;2019-04-11 11:24:58.0;
9;9386.5;2019-04-11 11:24:59.0;
9;9388;2019-04-11 11:25:04.0;
9;9389;2019-04-11 11:25:06.0;
9;9388;2019-04-11 11:25:08.0;
9;9389;2019-04-11 11:25:10.0;
9;9389.5;2019-04-11 11:25:11.0;
9;9389;2019-04-11 11:25:30.0;
9;9387.5;2019-04-11 11:26:04.0;
9;9386;2019-04-11 11:26:15.0;
9;9385.5;2019-04-11 11:26:27.0;
9;9386.5;2019-04-11 11:26:40.0;
9;9387.5;2019-04-11 11:26:55.0;
9;9386.5;2019-04-11 11:27:01.0;
9;9385.5;2019-04-11 11:27:08.0;
9;9386.5;2019-04-11 11:27:10.0;
9;9385.5;2019-04-11 11:27:12.0;
9;9386;2019-04-11 11:27:13.0;
9;9385;2019-04-11 11:27:15.0;
9;9386;2019-04-11 11:27:16.0;
9;9385.5;2019-04-11 11:27:19.0;
9;9386;2019-04-11 11:27:32.0;
9;9385.5;2019-04-11 11:27:33.0;
9;9386;2019-04-11 11:27:36.0;
9;9386.5;2019-04-11 11:27:39.0;
9;9385.5;2019-04-11 11:27:49.0;
9;9386.5;2019-04-11 11:27:50.0;
9;9385.5;2019-04-11 11:27:52.0;
9;9386.5;2019-04-11 11:28:11.0;
9;9386;2019-04-11 11:28:17.0;
9;9385.5;2019-04-11 11:28:23.0;
9;9386.5;2019-04-11 11:28:39.0;
9;9386;2019-04-11 11:28:46.0;
9;9385.5;2019-04-11 11:28:51.0;
9;9387.5;2019-04-11 11:29:20.0;
9;9385.5;2019-04-11 11:29:27.0;
9;9386.5;2019-04-11 11:29:30.0;
9;9387;2019-04-11 11:29:32.0;
9;9386.5;2019-04-11 11:29:33.0;
9;9387.5;2019-04-11 11:29:34.0;
9;9389;2019-04-11 11:29:38.0;
9;9387.5;2019-04-11 11:29:40.0;
9;9389;2019-04-11 11:29:43.0;
9;9387.5;2019-04-11 11:30:05.0;
9;9388;2019-04-11 11:30:07.0;
9;9387.5;2019-04-11 11:30:10.0;
9;9388;2019-04-11 11:30:11.0;
9;9387.5;2019-04-11 11:30:27.0;
9;9387;2019-04-11 11:30:36.0;
9;9388.5;2019-04-11 11:30:41.0;
9;9388;2019-04-11 11:30:43.0;
9;9387.5;2019-04-11 11:31:12.0;
9;9389;2019-04-11 11:31:16.0;
9;9387.5;2019-04-11 11:31:18.0;
9;9389;2019-04-11 11:31:20.0;
9;9390;2019-04-11 11:31:24.0;
9;9390.5;2019-04-11 11:31:32.0;
9;9390;2019-04-11 11:31:35.0;
9;9391;2019-04-11 11:31:39.0;
9;9389.5;2019-04-11 11:31:43.0;
9;9391;2019-04-11 11:31:44.0;
9;9389.5;2019-04-11 11:31:46.0;
9;9386.5;2019-04-11 11:32:06.0;
9;9387;2019-04-11 11:32:07.0;
9;9386;2019-04-11 11:32:27.0;
9;9385.5;2019-04-11 11:32:44.0;
9;9387;2019-04-11 11:32:51.0;
9;9386.5;2019-04-11 11:33:00.0;
9;9388;2019-04-11 11:33:21.0;
9;9386;2019-04-11 11:33:41.0;
9;9385.5;2019-04-11 11:33:45.0;
9;9386;2019-04-11 11:34:15.0;
9;9385;2019-04-11 11:34:20.0;
9;9384.5;2019-04-11 11:34:31.0;
9;9385;2019-04-11 11:34:32.0;
9;9384.5;2019-04-11 11:34:35.0;
9;9385.5;2019-04-11 11:34:48.0;
9;9385;2019-04-11 11:34:53.0;
9;9383.5;2019-04-11 11:34:59.0;
9;9383;2019-04-11 11:35:03.0;
9;9384.5;2019-04-11 11:35:08.0;
9;9385;2019-04-11 11:35:14.0;
9;9386;2019-04-11 11:35:16.0;
9;9386.5;2019-04-11 11:35:19.0;
9;9386;2019-04-11 11:35:21.0;
9;9386.5;2019-04-11 11:35:22.0;
9;9385.5;2019-04-11 11:35:30.0;
9;9386;2019-04-11 11:35:49.0;
9;9384;2019-04-11 11:36:03.0;
9;9384.5;2019-04-11 11:36:22.0;
9;9385.5;2019-04-11 11:36:27.0;
9;9385;2019-04-11 11:36:44.0;
9;9385.5;2019-04-11 11:36:45.0;
9;9386.5;2019-04-11 11:36:47.0;
9;9385.5;2019-04-11 11:36:52.0;
9;9385;2019-04-11 11:37:03.0;
9;9386.5;2019-04-11 11:37:08.0;
9;9386;2019-04-11 11:37:13.0;
9;9386.5;2019-04-11 11:37:18.0;
9;9387;2019-04-11 11:37:22.0;
9;9386.5;2019-04-11 11:37:34.0;
9;9387;2019-04-11 11:38:03.0;
9;9386.5;2019-04-11 11:38:12.0;
9;9387;2019-04-11 11:38:28.0;
9;9386.5;2019-04-11 11:38:29.0;
9;9387;2019-04-11 11:38:30.0;
9;9385.5;2019-04-11 11:38:36.0;
9;9385;2019-04-11 11:39:12.0;
9;9385.5;2019-04-11 11:39:15.0;
9;9385;2019-04-11 11:39:16.0;
9;9385.5;2019-04-11 11:39:21.0;
9;9386.5;2019-04-11 11:39:33.0;
9;9386;2019-04-11 11:39:44.0;
9;9387;2019-04-11 11:40:04.0;
9;9386;2019-04-11 11:40:05.0;
9;9387;2019-04-11 11:40:07.0;
9;9388.5;2019-04-11 11:40:17.0;
9;9390;2019-04-11 11:40:24.0;
9;9389.5;2019-04-11 11:40:31.0;
9;9388.5;2019-04-11 11:40:48.0;
9;9388;2019-04-11 11:40:53.0;
9;9387.5;2019-04-11 11:40:55.0;
9;9388;2019-04-11 11:40:56.0;
9;9387.5;2019-04-11 11:40:59.0;
9;9388.5;2019-04-11 11:41:08.0;
9;9389.5;2019-04-11 11:41:12.0;
9;9389;2019-04-11 11:41:27.0;
9;9388.5;2019-04-11 11:41:49.0;
9;9388;2019-04-11 11:42:07.0;
9;9387.5;2019-04-11 11:42:13.0;
9;9388;2019-04-11 11:42:46.0;
9;9388.5;2019-04-11 11:42:51.0;
9;9388;2019-04-11 11:43:12.0;
9;9387.5;2019-04-11 11:43:20.0;
9;9388.5;2019-04-11 11:43:32.0;
9;9391;2019-04-11 11:43:38.0;
9;9391.5;2019-04-11 11:43:40.0;
9;9392;2019-04-11 11:43:45.0;
9;9390;2019-04-11 11:44:06.0;
9;9388.5;2019-04-11 11:44:12.0;
9;9389.5;2019-04-11 11:44:18.0;
9;9388;2019-04-11 11:44:19.0;
9;9388.5;2019-04-11 11:44:25.0;
9;9388;2019-04-11 11:44:29.0;
9;9388.5;2019-04-11 11:44:33.0;
9;9388;2019-04-11 11:44:47.0;
9;9387;2019-04-11 11:45:02.0;
9;9386.5;2019-04-11 11:45:23.0;
9;9385.5;2019-04-11 11:46:05.0;
9;9386;2019-04-11 11:46:08.0;
9;9384.5;2019-04-11 11:46:15.0;
9;9385;2019-04-11 11:46:20.0;
9;9384;2019-04-11 11:46:22.0;
9;9385;2019-04-11 11:46:24.0;
9;9384;2019-04-11 11:46:25.0;
9;9383.5;2019-04-11 11:46:52.0;
9;9380.5;2019-04-11 11:47:28.0;
9;9381;2019-04-11 11:47:32.0;
9;9384;2019-04-11 11:48:05.0;
9;9383.5;2019-04-11 11:48:20.0;
9;9384;2019-04-11 11:48:41.0;
9;9384.5;2019-04-11 11:48:44.0;
9;9384;2019-04-11 11:48:45.0;
9;9384.5;2019-04-11 11:48:46.0;
9;9385.5;2019-04-11 11:48:56.0;
9;9384.5;2019-04-11 11:48:57.0;
9;9385.5;2019-04-11 11:48:59.0;
9;9385;2019-04-11 11:49:00.0;
9;9384.5;2019-04-11 11:49:11.0;
9;9385;2019-04-11 11:49:14.0;
9;9383.5;2019-04-11 11:49:16.0;
9;9387;2019-04-11 11:50:07.0;
9;9386.5;2019-04-11 11:50:19.0;
9;9384;2019-04-11 11:50:31.0;
9;9386.5;2019-04-11 11:50:39.0;
9;9388;2019-04-11 11:50:41.0;
9;9387.5;2019-04-11 11:50:49.0;
9;9389.5;2019-04-11 11:50:57.0;
9;9389;2019-04-11 11:51:00.0;
9;9389.5;2019-04-11 11:51:01.0;
9;9388.5;2019-04-11 11:51:03.0;
9;9389.5;2019-04-11 11:51:41.0;
9;9391;2019-04-11 11:51:48.0;
9;9389.5;2019-04-11 11:52:04.0;
9;9389;2019-04-11 11:52:09.0;
9;9386.5;2019-04-11 11:52:19.0;
9;9387.5;2019-04-11 11:52:26.0;
9;9387;2019-04-11 11:52:27.0;
9;9387.5;2019-04-11 11:52:30.0;
9;9387;2019-04-11 11:52:32.0;
9;9385.5;2019-04-11 11:52:39.0;
9;9385;2019-04-11 11:52:42.0;
9;9386;2019-04-11 11:52:43.0;
9;9386.5;2019-04-11 11:53:04.0;
9;9386;2019-04-11 11:53:24.0;
9;9385;2019-04-11 11:54:04.0;
9;9386;2019-04-11 11:54:05.0;
9;9385;2019-04-11 11:54:07.0;
9;9385.5;2019-04-11 11:54:08.0;
9;9385;2019-04-11 11:54:14.0;
9;9386.5;2019-04-11 11:54:18.0;
9;9390;2019-04-11 11:54:23.0;
9;9386.5;2019-04-11 11:54:24.0;
9;9390;2019-04-11 11:54:26.0;
9;9393;2019-04-11 11:54:28.0;
9;9390.5;2019-04-11 11:54:38.0;
9;9391;2019-04-11 11:54:44.0;
9;9389.5;2019-04-11 11:54:46.0;
9;9391;2019-04-11 11:54:47.0;
9;9389.5;2019-04-11 11:54:48.0;
9;9388.5;2019-04-11 11:54:51.0;
9;9388;2019-04-11 11:55:04.0;
9;9389.5;2019-04-11 11:55:09.0;
9;9390.5;2019-04-11 11:55:16.0;
9;9391.5;2019-04-11 11:55:24.0;
9;9390.5;2019-04-11 11:55:33.0;
9;9387.5;2019-04-11 11:55:38.0;
9;9387;2019-04-11 11:56:04.0;
9;9387.5;2019-04-11 11:56:06.0;
9;9387;2019-04-11 11:56:07.0;
9;9386.5;2019-04-11 11:56:16.0;
9;9387.5;2019-04-11 11:56:29.0;
9;9389.5;2019-04-11 11:56:31.0;
9;9387.5;2019-04-11 11:56:33.0;
9;9389.5;2019-04-11 11:56:34.0;
9;9390;2019-04-11 11:56:38.0;
9;9388.5;2019-04-11 11:56:41.0;
9;9389;2019-04-11 11:56:45.0;
9;9388.5;2019-04-11 11:56:54.0;
9;9386.5;2019-04-11 11:56:59.0;
9;9388.5;2019-04-11 11:57:03.0;
9;9388;2019-04-11 11:57:12.0;
9;9387.5;2019-04-11 11:57:23.0;
9;9387;2019-04-11 11:57:33.0;
9;9389.5;2019-04-11 11:57:41.0;
9;9389;2019-04-11 11:57:47.0;
9;9390;2019-04-11 11:58:08.0;
9;9390.5;2019-04-11 11:58:11.0;
9;9390;2019-04-11 11:58:23.0;
9;9389.5;2019-04-11 11:58:40.0;
9;9392;2019-04-11 11:58:54.0;
9;9390;2019-04-11 11:59:11.0;
9;9389.5;2019-04-11 11:59:18.0;
9;9389;2019-04-11 11:59:43.0;
9;9388;2019-04-11 11:59:49.0;
9;9384;2019-04-11 12:00:06.0;
9;9383.5;2019-04-11 12:00:08.0;
9;9384;2019-04-11 12:00:20.0;
9;9383.5;2019-04-11 12:00:28.0;
9;9384.5;2019-04-11 12:00:35.0;
9;9383.5;2019-04-11 12:00:36.0;
9;9384.5;2019-04-11 12:00:38.0;
9;9384;2019-04-11 12:00:45.0;
9;9385;2019-04-11 12:00:56.0;
9;9386;2019-04-11 12:01:00.0;
9;9385;2019-04-11 12:01:11.0;
9;9386.5;2019-04-11 12:01:16.0;
9;9385;2019-04-11 12:01:18.0;
9;9386.5;2019-04-11 12:01:20.0;
9;9385.5;2019-04-11 12:01:22.0;
9;9386;2019-04-11 12:01:27.0;
9;9385;2019-04-11 12:01:37.0;
9;9384.5;2019-04-11 12:01:43.0;
9;9385;2019-04-11 12:01:48.0;
9;9384.5;2019-04-11 12:02:11.0;
9;9385;2019-04-11 12:02:16.0;
9;9384.5;2019-04-11 12:02:18.0;
9;9385;2019-04-11 12:02:19.0;
9;9385.5;2019-04-11 12:02:37.0;
9;9386;2019-04-11 12:02:41.0;
9;9385.5;2019-04-11 12:02:52.0;
9;9387.5;2019-04-11 12:03:01.0;
9;9386.5;2019-04-11 12:03:10.0;
9;9387;2019-04-11 12:04:18.0;
9;9387.5;2019-04-11 12:04:21.0;
9;9386.5;2019-04-11 12:04:55.0;
9;9387.5;2019-04-11 12:04:56.0;
9;9386.5;2019-04-11 12:04:58.0;
9;9389.5;2019-04-11 12:05:08.0;
9;9390;2019-04-11 12:05:15.0;
9;9389.5;2019-04-11 12:05:24.0;
9;9390.5;2019-04-11 12:05:31.0;
9;9390;2019-04-11 12:05:38.0;
9;9391;2019-04-11 12:05:51.0;
9;9390;2019-04-11 12:06:07.0;
9;9387.5;2019-04-11 12:06:15.0;
9;9390;2019-04-11 12:06:17.0;
9;9387.5;2019-04-11 12:06:18.0;
9;9388.5;2019-04-11 12:06:24.0;
9;9387.5;2019-04-11 12:06:25.0;
9;9388.5;2019-04-11 12:06:27.0;
9;9390;2019-04-11 12:06:43.0;
9;9388.5;2019-04-11 12:06:50.0;
9;9388;2019-04-11 12:07:05.0;
9;9387.5;2019-04-11 12:07:10.0;
9;9388;2019-04-11 12:07:16.0;
9;9387.5;2019-04-11 12:07:19.0;
9;9388;2019-04-11 12:07:21.0;
9;9387.5;2019-04-11 12:07:22.0;
9;9388.5;2019-04-11 12:07:24.0;
9;9388;2019-04-11 12:07:32.0;
9;9388.5;2019-04-11 12:07:39.0;
9;9388;2019-04-11 12:08:05.0;
9;9388.5;2019-04-11 12:08:07.0;
9;9388;2019-04-11 12:08:11.0;
9;9387.5;2019-04-11 12:08:26.0;
9;9387;2019-04-11 12:08:31.0;
9;9387.5;2019-04-11 12:08:32.0;
9;9387;2019-04-11 12:08:33.0;
9;9386.5;2019-04-11 12:08:35.0;
9;9386;2019-04-11 12:08:39.0;
9;9386.5;2019-04-11 12:08:42.0;
9;9387;2019-04-11 12:08:43.0;
9;9387.5;2019-04-11 12:08:52.0;
9;9386.5;2019-04-11 12:08:59.0;
9;9385.5;2019-04-11 12:09:07.0;
9;9387.5;2019-04-11 12:09:11.0;
9;9390;2019-04-11 12:09:15.0;
9;9393;2019-04-11 12:09:25.0;
9;9393.5;2019-04-11 12:09:31.0;
9;9393;2019-04-11 12:09:33.0;
9;9393.5;2019-04-11 12:09:35.0;
9;9394;2019-04-11 12:09:40.0;
9;9394.5;2019-04-11 12:09:51.0;
9;9397.5;2019-04-11 12:10:05.0;
9;9397;2019-04-11 12:10:09.0;
9;9396;2019-04-11 12:10:10.0;
9;9397;2019-04-11 12:10:12.0;
9;9396;2019-04-11 12:10:13.0;
9;9395.5;2019-04-11 12:10:19.0;
9;9396;2019-04-11 12:10:21.0;
9;9395.5;2019-04-11 12:10:22.0;
9;9393;2019-04-11 12:10:35.0;
9;9394.5;2019-04-11 12:10:39.0;
9;9394;2019-04-11 12:10:45.0;
9;9392.5;2019-04-11 12:10:51.0;
9;9393;2019-04-11 12:10:56.0;
9;9392;2019-04-11 12:11:16.0;
9;9391.5;2019-04-11 12:11:22.0;
9;9392;2019-04-11 12:11:25.0;
9;9393;2019-04-11 12:11:30.0;
9;9393.5;2019-04-11 12:11:31.0;
9;9393;2019-04-11 12:11:34.0;
9;9392;2019-04-11 12:11:41.0;
9;9390.5;2019-04-11 12:12:07.0;
9;9391;2019-04-11 12:12:17.0;
9;9392;2019-04-11 12:12:25.0;
9;9392.5;2019-04-11 12:12:35.0;
9;9393.5;2019-04-11 12:12:48.0;
9;9394;2019-04-11 12:12:55.0;
9;9393.5;2019-04-11 12:12:56.0;
9;9394;2019-04-11 12:12:58.0;
9;9393;2019-04-11 12:13:12.0;
9;9392.5;2019-04-11 12:13:25.0;
9;9393;2019-04-11 12:13:26.0;
9;9392.5;2019-04-11 12:13:27.0;
9;9391.5;2019-04-11 12:13:28.0;
9;9392;2019-04-11 12:13:32.0;
9;9391.5;2019-04-11 12:13:35.0;
9;9392;2019-04-11 12:13:36.0;
9;9393;2019-04-11 12:13:40.0;
9;9391.5;2019-04-11 12:13:45.0;
9;9391;2019-04-11 12:13:47.0;
9;9391.5;2019-04-11 12:14:03.0;
9;9391;2019-04-11 12:14:14.0;
9;9390.5;2019-04-11 12:14:23.0;
9;9391;2019-04-11 12:14:25.0;
9;9390;2019-04-11 12:14:28.0;
9;9389.5;2019-04-11 12:14:35.0;
9;9390;2019-04-11 12:14:36.0;
9;9389.5;2019-04-11 12:14:38.0;
9;9388.5;2019-04-11 12:14:39.0;
9;9387.5;2019-04-11 12:14:48.0;
9;9388;2019-04-11 12:14:50.0;
9;9387.5;2019-04-11 12:14:52.0;
9;9388;2019-04-11 12:14:53.0;
9;9387.5;2019-04-11 12:14:55.0;
9;9389.5;2019-04-11 12:15:00.0;
9;9389;2019-04-11 12:15:05.0;
9;9388;2019-04-11 12:15:10.0;
9;9387.5;2019-04-11 12:15:12.0;
9;9388;2019-04-11 12:15:13.0;
9;9389.5;2019-04-11 12:15:23.0;
9;9388;2019-04-11 12:15:24.0;
9;9389.5;2019-04-11 12:15:26.0;
9;9388.5;2019-04-11 12:15:33.0;
9;9390.5;2019-04-11 12:15:40.0;
9;9391;2019-04-11 12:16:09.0;
9;9390;2019-04-11 12:16:19.0;
9;9391;2019-04-11 12:16:20.0;
9;9390;2019-04-11 12:16:22.0;
9;9389;2019-04-11 12:16:31.0;
9;9391;2019-04-11 12:16:52.0;
9;9390;2019-04-11 12:17:15.0;
9;9389.5;2019-04-11 12:17:23.0;
9;9388.5;2019-04-11 12:17:38.0;
9;9389.5;2019-04-11 12:17:51.0;
9;9390.5;2019-04-11 12:18:03.0;
9;9391.5;2019-04-11 12:18:29.0;
9;9391;2019-04-11 12:18:32.0;
9;9391.5;2019-04-11 12:18:36.0;
9;9391;2019-04-11 12:18:44.0;
9;9390.5;2019-04-11 12:18:47.0;
9;9391;2019-04-11 12:18:48.0;
9;9390.5;2019-04-11 12:18:50.0;
9;9390;2019-04-11 12:19:07.0;
9;9391;2019-04-11 12:19:19.0;
9;9390;2019-04-11 12:19:24.0;
9;9390.5;2019-04-11 12:19:29.0;
9;9390;2019-04-11 12:19:36.0;
9;9390.5;2019-04-11 12:19:40.0;
9;9390;2019-04-11 12:19:45.0;
9;9388.5;2019-04-11 12:20:03.0;
9;9389;2019-04-11 12:20:11.0;
9;9388.5;2019-04-11 12:20:12.0;
9;9389;2019-04-11 12:20:14.0;
9;9389.5;2019-04-11 12:20:15.0;
9;9389;2019-04-11 12:20:16.0;
9;9389.5;2019-04-11 12:20:19.0;
9;9390;2019-04-11 12:20:25.0;
9;9389.5;2019-04-11 12:20:37.0;
9;9388.5;2019-04-11 12:20:39.0;
9;9390.5;2019-04-11 12:20:45.0;
9;9390;2019-04-11 12:20:47.0;
9;9390.5;2019-04-11 12:20:56.0;
9;9389.5;2019-04-11 12:21:00.0;
9;9389;2019-04-11 12:21:05.0;
9;9387.5;2019-04-11 12:21:13.0;
9;9388.5;2019-04-11 12:21:19.0;
9;9387.5;2019-04-11 12:21:30.0;
9;9389;2019-04-11 12:21:36.0;
9;9387.5;2019-04-11 12:21:37.0;
9;9389.5;2019-04-11 12:21:40.0;
9;9389;2019-04-11 12:21:43.0;
9;9388.5;2019-04-11 12:21:49.0;
9;9389;2019-04-11 12:21:50.0;
9;9388.5;2019-04-11 12:21:51.0;
9;9387;2019-04-11 12:22:04.0;
9;9386.5;2019-04-11 12:22:08.0;
9;9385.5;2019-04-11 12:22:11.0;
9;9386.5;2019-04-11 12:22:12.0;
9;9386;2019-04-11 12:22:15.0;
9;9387;2019-04-11 12:22:45.0;
9;9385.5;2019-04-11 12:22:56.0;
9;9384.5;2019-04-11 12:22:59.0;
9;9386;2019-04-11 12:23:03.0;
9;9386.5;2019-04-11 12:23:09.0;
9;9385.5;2019-04-11 12:23:26.0;
9;9386;2019-04-11 12:23:30.0;
9;9386.5;2019-04-11 12:23:32.0;
9;9386;2019-04-11 12:23:39.0;
9;9386.5;2019-04-11 12:23:41.0;
9;9385;2019-04-11 12:23:44.0;
9;9386.5;2019-04-11 12:23:45.0;
9;9385;2019-04-11 12:23:46.0;
9;9384.5;2019-04-11 12:24:05.0;
9;9387;2019-04-11 12:24:11.0;
9;9386;2019-04-11 12:24:30.0;
9;9385.5;2019-04-11 12:24:35.0;
9;9386;2019-04-11 12:24:37.0;
9;9385.5;2019-04-11 12:24:39.0;
9;9384.5;2019-04-11 12:24:51.0;
9;9385;2019-04-11 12:25:15.0;
9;9387;2019-04-11 12:25:28.0;
9;9388;2019-04-11 12:25:31.0;
9;9387;2019-04-11 12:25:32.0;
9;9388;2019-04-11 12:25:35.0;
9;9389;2019-04-11 12:25:36.0;
9;9388.5;2019-04-11 12:25:47.0;
9;9389;2019-04-11 12:26:09.0;
9;9388.5;2019-04-11 12:26:20.0;
9;9389;2019-04-11 12:26:23.0;
9;9388.5;2019-04-11 12:26:24.0;
9;9389;2019-04-11 12:26:35.0;
9;9388.5;2019-04-11 12:26:55.0;
9;9387.5;2019-04-11 12:27:08.0;
9;9387;2019-04-11 12:27:16.0;
9;9389;2019-04-11 12:27:42.0;
9;9388.5;2019-04-11 12:27:48.0;
9;9387;2019-04-11 12:28:02.0;
9;9386.5;2019-04-11 12:28:08.0;
9;9387;2019-04-11 12:28:11.0;
9;9386.5;2019-04-11 12:28:12.0;
9;9387;2019-04-11 12:28:14.0;
9;9386.5;2019-04-11 12:28:21.0;
9;9387;2019-04-11 12:28:22.0;
9;9386;2019-04-11 12:28:24.0;
9;9386.5;2019-04-11 12:28:25.0;
9;9383.5;2019-04-11 12:28:26.0;
9;9386;2019-04-11 12:28:28.0;
9;9383.5;2019-04-11 12:28:29.0;
9;9384;2019-04-11 12:28:32.0;
9;9383.5;2019-04-11 12:28:45.0;
9;9385.5;2019-04-11 12:29:00.0;
9;9386.5;2019-04-11 12:29:04.0;
9;9387.5;2019-04-11 12:29:12.0;
9;9386.5;2019-04-11 12:29:21.0;
9;9388;2019-04-11 12:29:32.0;
9;9388.5;2019-04-11 12:29:50.0;
9;9390;2019-04-11 12:30:11.0;
9;9389.5;2019-04-11 12:30:17.0;
9;9389;2019-04-11 12:30:22.0;
9;9389.5;2019-04-11 12:30:28.0;
9;9390;2019-04-11 12:30:44.0;
9;9391.5;2019-04-11 12:30:50.0;
9;9392;2019-04-11 12:30:59.0;
9;9391.5;2019-04-11 12:31:00.0;
9;9392;2019-04-11 12:31:02.0;
9;9390.5;2019-04-11 12:31:08.0;
9;9390;2019-04-11 12:31:25.0;
9;9389.5;2019-04-11 12:31:48.0;
9;9391.5;2019-04-11 12:32:05.0;
9;9391;2019-04-11 12:32:08.0;
9;9390.5;2019-04-11 12:32:13.0;
9;9391;2019-04-11 12:32:16.0;
9;9392;2019-04-11 12:32:48.0;
9;9391;2019-04-11 12:32:49.0;
9;9392;2019-04-11 12:32:51.0;
9;9391.5;2019-04-11 12:32:55.0;
9;9392;2019-04-11 12:33:08.0;
9;9393.5;2019-04-11 12:33:20.0;
9;9393;2019-04-11 12:33:26.0;
9;9393.5;2019-04-11 12:33:36.0;
9;9394.5;2019-04-11 12:33:44.0;
9;9394;2019-04-11 12:33:49.0;
9;9392.5;2019-04-11 12:34:03.0;
9;9394;2019-04-11 12:34:05.0;
9;9392.5;2019-04-11 12:34:06.0;
9;9391.5;2019-04-11 12:34:14.0;
9;9392;2019-04-11 12:34:20.0;
9;9393;2019-04-11 12:34:39.0;
9;9392.5;2019-04-11 12:34:59.0;
9;9389;2019-04-11 12:35:40.0;
9;9391;2019-04-11 12:35:44.0;
9;9389.5;2019-04-11 12:36:03.0;
9;9388;2019-04-11 12:36:08.0;
9;9389.5;2019-04-11 12:36:10.0;
9;9388;2019-04-11 12:36:12.0;
9;9389;2019-04-11 12:36:13.0;
9;9389.5;2019-04-11 12:36:21.0;
9;9387.5;2019-04-11 12:36:24.0;
9;9388;2019-04-11 12:36:30.0;
9;9388.5;2019-04-11 12:36:50.0;
9;9388;2019-04-11 12:36:52.0;
9;9388.5;2019-04-11 12:36:53.0;
9;9388;2019-04-11 12:36:54.0;
9;9387.5;2019-04-11 12:37:06.0;
9;9388;2019-04-11 12:37:07.0;
9;9387;2019-04-11 12:37:24.0;
9;9388.5;2019-04-11 12:37:35.0;
9;9387;2019-04-11 12:37:36.0;
9;9388.5;2019-04-11 12:37:38.0;
9;9387;2019-04-11 12:37:47.0;
9;9387.5;2019-04-11 12:38:04.0;
9;9388;2019-04-11 12:38:17.0;
9;9387.5;2019-04-11 12:38:29.0;
9;9389;2019-04-11 12:38:31.0;
9;9390;2019-04-11 12:38:40.0;
9;9389.5;2019-04-11 12:38:46.0;
9;9390;2019-04-11 12:38:48.0;
9;9389.5;2019-04-11 12:38:49.0;
9;9390.5;2019-04-11 12:39:07.0;
9;9390;2019-04-11 12:39:13.0;
9;9392;2019-04-11 12:39:48.0;
9;9391.5;2019-04-11 12:40:04.0;
9;9392;2019-04-11 12:40:10.0;
9;9391.5;2019-04-11 12:40:44.0;
9;9392;2019-04-11 12:40:50.0;
9;9391.5;2019-04-11 12:41:15.0;
9;9391;2019-04-11 12:41:19.0;
9;9391.5;2019-04-11 12:41:22.0;
9;9390.5;2019-04-11 12:41:24.0;
9;9391;2019-04-11 12:41:27.0;
9;9390.5;2019-04-11 12:41:29.0;
9;9391;2019-04-11 12:41:30.0;
9;9390;2019-04-11 12:41:37.0;
9;9392;2019-04-11 12:41:39.0;
9;9390;2019-04-11 12:41:40.0;
9;9392;2019-04-11 12:41:42.0;
9;9392.5;2019-04-11 12:41:43.0;
9;9392;2019-04-11 12:41:47.0;
9;9391;2019-04-11 12:42:05.0;
9;9391.5;2019-04-11 12:42:13.0;
9;9392;2019-04-11 12:43:05.0;
9;9391.5;2019-04-11 12:43:13.0;
9;9392;2019-04-11 12:43:30.0;
9;9392.5;2019-04-11 12:43:40.0;
9;9392;2019-04-11 12:43:41.0;
9;9392.5;2019-04-11 12:43:42.0;
9;9392;2019-04-11 12:43:44.0;
9;9393.5;2019-04-11 12:44:04.0;
9;9393;2019-04-11 12:44:09.0;
9;9392.5;2019-04-11 12:44:12.0;
9;9393;2019-04-11 12:44:13.0;
9;9392.5;2019-04-11 12:44:15.0;
9;9391.5;2019-04-11 12:44:22.0;
9;9393.5;2019-04-11 12:44:34.0;
9;9394.5;2019-04-11 12:44:38.0;
9;9394;2019-04-11 12:44:39.0;
9;9393.5;2019-04-11 12:45:06.0;
9;9396;2019-04-11 12:45:08.0;
9;9396.5;2019-04-11 12:45:16.0;
9;9396;2019-04-11 12:45:27.0;
9;9395.5;2019-04-11 12:45:33.0;
9;9402.5;2019-04-11 12:45:39.0;
9;9406;2019-04-11 12:45:46.0;
9;9405;2019-04-11 12:45:48.0;
9;9403;2019-04-11 12:46:05.0;
9;9402.5;2019-04-11 12:46:09.0;
9;9401.5;2019-04-11 12:46:15.0;
9;9402.5;2019-04-11 12:46:17.0;
9;9401.5;2019-04-11 12:46:18.0;
9;9401;2019-04-11 12:46:20.0;
9;9401.5;2019-04-11 12:46:21.0;
9;9401;2019-04-11 12:46:22.0;
9;9402.5;2019-04-11 12:46:24.0;
9;9403;2019-04-11 12:46:28.0;
9;9404;2019-04-11 12:46:35.0;
9;9402;2019-04-11 12:46:40.0;
9;9402.5;2019-04-11 12:46:45.0;
9;9401.5;2019-04-11 12:46:48.0;
9;9404.5;2019-04-11 12:46:51.0;
9;9405;2019-04-11 12:46:57.0;
9;9404.5;2019-04-11 12:46:59.0;
9;9405;2019-04-11 12:47:01.0;
9;9404.5;2019-04-11 12:47:03.0;
9;9406.5;2019-04-11 12:47:11.0;
9;9405;2019-04-11 12:47:12.0;
9;9406.5;2019-04-11 12:47:13.0;
9;9407;2019-04-11 12:47:15.0;
9;9406.5;2019-04-11 12:47:17.0;
9;9407;2019-04-11 12:47:18.0;
9;9406;2019-04-11 12:47:25.0;
9;9409;2019-04-11 12:47:27.0;
9;9406;2019-04-11 12:47:28.0;
9;9409;2019-04-11 12:47:30.0;
9;9408.5;2019-04-11 12:47:33.0;
9;9406;2019-04-11 12:47:47.0;
9;9410;2019-04-11 12:48:05.0;
9;9409.5;2019-04-11 12:48:11.0;
9;9410;2019-04-11 12:48:16.0;
9;9412;2019-04-11 12:48:19.0;
9;9411.5;2019-04-11 12:48:24.0;
9;9411;2019-04-11 12:48:27.0;
9;9410.5;2019-04-11 12:48:46.0;
9;9409.5;2019-04-11 12:48:47.0;
9;9410.5;2019-04-11 12:48:49.0;
9;9409.5;2019-04-11 12:48:51.0;
9;9410.5;2019-04-11 12:48:53.0;
9;9411;2019-04-11 12:49:04.0;
9;9412.5;2019-04-11 12:49:16.0;
9;9409.5;2019-04-11 12:49:39.0;
9;9410;2019-04-11 12:49:49.0;
9;9412.5;2019-04-11 12:50:04.0;
9;9413.5;2019-04-11 12:50:07.0;
9;9414;2019-04-11 12:50:13.0;
9;9413.5;2019-04-11 12:50:21.0;
9;9415.5;2019-04-11 12:50:25.0;
9;9414.5;2019-04-11 12:50:51.0;
9;9415.5;2019-04-11 12:50:52.0;
9;9414.5;2019-04-11 12:50:55.0;
9;9418.5;2019-04-11 12:50:57.0;
9;9419;2019-04-11 12:50:59.0;
9;9418;2019-04-11 12:51:05.0;
9;9417.5;2019-04-11 12:51:07.0;
9;9418;2019-04-11 12:51:08.0;
9;9417.5;2019-04-11 12:51:09.0;
9;9417;2019-04-11 12:51:12.0;
9;9416.5;2019-04-11 12:51:41.0;
9;9417.5;2019-04-11 12:51:44.0;
9;9414;2019-04-11 12:51:50.0;
9;9414.5;2019-04-11 12:52:11.0;
9;9416;2019-04-11 12:52:22.0;
9;9415.5;2019-04-11 12:52:25.0;
9;9415;2019-04-11 12:52:29.0;
9;9414.5;2019-04-11 12:52:31.0;
9;9415;2019-04-11 12:52:36.0;
9;9414.5;2019-04-11 12:52:39.0;
9;9415;2019-04-11 12:52:40.0;
9;9413.5;2019-04-11 12:52:52.0;
9;9414;2019-04-11 12:52:54.0;
9;9413.5;2019-04-11 12:52:56.0;
9;9414;2019-04-11 12:52:57.0;
9;9413.5;2019-04-11 12:52:59.0;
9;9414.5;2019-04-11 12:53:13.0;
9;9413.5;2019-04-11 12:53:14.0;
9;9414;2019-04-11 12:53:15.0;
9;9413.5;2019-04-11 12:53:21.0;
9;9414;2019-04-11 12:53:22.0;
9;9413.5;2019-04-11 12:53:23.0;
9;9414;2019-04-11 12:53:29.0;
9;9413;2019-04-11 12:53:35.0;
9;9413.5;2019-04-11 12:53:46.0;
9;9413;2019-04-11 12:54:04.0;
9;9412.5;2019-04-11 12:54:09.0;
9;9411.5;2019-04-11 12:54:15.0;
9;9412.5;2019-04-11 12:54:16.0;
9;9411.5;2019-04-11 12:54:18.0;
9;9412;2019-04-11 12:54:23.0;
9;9411.5;2019-04-11 12:54:25.0;
9;9412;2019-04-11 12:54:28.0;
9;9413.5;2019-04-11 12:54:35.0;
9;9412;2019-04-11 12:54:36.0;
9;9413.5;2019-04-11 12:54:37.0;
9;9413;2019-04-11 12:54:40.0;
9;9413.5;2019-04-11 12:54:46.0;
9;9416;2019-04-11 12:54:56.0;
9;9414.5;2019-04-11 12:55:04.0;
9;9414;2019-04-11 12:55:07.0;
9;9413.5;2019-04-11 12:55:11.0;
9;9414.5;2019-04-11 12:55:16.0;
9;9413.5;2019-04-11 12:55:23.0;
9;9414;2019-04-11 12:55:29.0;
9;9414.5;2019-04-11 12:55:32.0;
9;9413;2019-04-11 12:55:37.0;
9;9414.5;2019-04-11 12:56:04.0;
9;9413;2019-04-11 12:56:06.0;
9;9415;2019-04-11 12:56:08.0;
9;9413.5;2019-04-11 12:56:16.0;
9;9412.5;2019-04-11 12:56:22.0;
9;9413;2019-04-11 12:56:29.0;
9;9413.5;2019-04-11 12:56:46.0;
9;9412.5;2019-04-11 12:56:50.0;
9;9411.5;2019-04-11 12:56:59.0;
9;9412.5;2019-04-11 12:57:06.0;
9;9414;2019-04-11 12:57:40.0;
9;9415.5;2019-04-11 12:58:04.0;
9;9416;2019-04-11 12:58:07.0;
9;9415.5;2019-04-11 12:58:09.0;
9;9416.5;2019-04-11 12:58:10.0;
9;9417;2019-04-11 12:58:17.0;
9;9416.5;2019-04-11 12:58:21.0;
9;9417;2019-04-11 12:58:27.0;
9;9416.5;2019-04-11 12:58:30.0;
9;9417;2019-04-11 12:58:31.0;
9;9416.5;2019-04-11 12:58:34.0;
9;9417;2019-04-11 12:58:49.0;
9;9415;2019-04-11 12:59:10.0;
9;9417;2019-04-11 12:59:13.0;
9;9415.5;2019-04-11 12:59:19.0;
9;9415;2019-04-11 12:59:34.0;
9;9415.5;2019-04-11 12:59:38.0;
9;9415;2019-04-11 12:59:41.0;
9;9415.5;2019-04-11 12:59:42.0;
9;9415;2019-04-11 13:00:04.0;
9;9415.5;2019-04-11 13:00:05.0;
9;9415;2019-04-11 13:00:15.0;
9;9414.5;2019-04-11 13:00:16.0;
9;9414;2019-04-11 13:00:27.0;
9;9413.5;2019-04-11 13:00:39.0;
9;9413;2019-04-11 13:00:53.0;
9;9413.5;2019-04-11 13:00:57.0;
9;9412.5;2019-04-11 13:01:06.0;
9;9413;2019-04-11 13:01:11.0;
9;9415.5;2019-04-11 13:01:28.0;
9;9414.5;2019-04-11 13:01:33.0;
9;9415;2019-04-11 13:01:41.0;
9;9414.5;2019-04-11 13:02:04.0;
9;9414;2019-04-11 13:02:11.0;
9;9414.5;2019-04-11 13:02:16.0;
9;9414;2019-04-11 13:02:30.0;
9;9413;2019-04-11 13:02:47.0;
9;9414;2019-04-11 13:02:50.0;
9;9413;2019-04-11 13:02:51.0;
9;9410;2019-04-11 13:02:59.0;
9;9411;2019-04-11 13:03:04.0;
9;9412;2019-04-11 13:03:09.0;
9;9412.5;2019-04-11 13:03:11.0;
9;9413.5;2019-04-11 13:03:22.0;
9;9413;2019-04-11 13:03:24.0;
9;9413.5;2019-04-11 13:03:27.0;
9;9413;2019-04-11 13:03:29.0;
9;9413.5;2019-04-11 13:03:30.0;
9;9414;2019-04-11 13:04:11.0;
9;9413.5;2019-04-11 13:04:13.0;
9;9414;2019-04-11 13:04:15.0;
9;9415.5;2019-04-11 13:04:18.0;
9;9414;2019-04-11 13:04:20.0;
9;9415.5;2019-04-11 13:04:21.0;
9;9414.5;2019-04-11 13:04:32.0;
9;9415.5;2019-04-11 13:04:37.0;
9;9415;2019-04-11 13:04:46.0;
9;9414.5;2019-04-11 13:04:50.0;
9;9415.5;2019-04-11 13:05:23.0;
9;9415;2019-04-11 13:05:28.0;
9;9416.5;2019-04-11 13:05:42.0;
9;9416;2019-04-11 13:05:43.0;
9;9416.5;2019-04-11 13:06:03.0;
9;9417;2019-04-11 13:06:07.0;
9;9416.5;2019-04-11 13:06:08.0;
9;9417;2019-04-11 13:06:10.0;
9;9416;2019-04-11 13:06:19.0;
9;9416.5;2019-04-11 13:06:37.0;
9;9416;2019-04-11 13:06:38.0;
9;9416.5;2019-04-11 13:06:39.0;
9;9415.5;2019-04-11 13:06:56.0;
9;9416;2019-04-11 13:07:01.0;
9;9416.5;2019-04-11 13:07:03.0;
9;9415.5;2019-04-11 13:07:07.0;
9;9414.5;2019-04-11 13:07:16.0;
9;9415.5;2019-04-11 13:07:17.0;
9;9414.5;2019-04-11 13:07:18.0;
9;9415.5;2019-04-11 13:07:20.0;
9;9413.5;2019-04-11 13:07:28.0;
9;9414.5;2019-04-11 13:07:31.0;
9;9414;2019-04-11 13:07:49.0;
9;9413.5;2019-04-11 13:08:04.0;
9;9414;2019-04-11 13:08:12.0;
9;9413.5;2019-04-11 13:08:15.0;
9;9414;2019-04-11 13:08:19.0;
9;9413.5;2019-04-11 13:08:28.0;
9;9413;2019-04-11 13:08:33.0;
9;9413.5;2019-04-11 13:08:34.0;
9;9413;2019-04-11 13:08:37.0;
9;9412.5;2019-04-11 13:08:42.0;
9;9412;2019-04-11 13:08:51.0;
9;9411.5;2019-04-11 13:08:59.0;
9;9412.5;2019-04-11 13:09:28.0;
9;9413;2019-04-11 13:09:31.0;
9;9412.5;2019-04-11 13:10:05.0;
9;9412;2019-04-11 13:10:07.0;
9;9412.5;2019-04-11 13:10:10.0;
9;9412;2019-04-11 13:10:11.0;
9;9411.5;2019-04-11 13:10:20.0;
9;9411;2019-04-11 13:10:26.0;
9;9411.5;2019-04-11 13:10:28.0;
9;9411;2019-04-11 13:10:29.0;
9;9410;2019-04-11 13:10:38.0;
9;9410.5;2019-04-11 13:10:41.0;
9;9410;2019-04-11 13:10:44.0;
9;9410.5;2019-04-11 13:10:45.0;
9;9409.5;2019-04-11 13:10:48.0;
9;9410;2019-04-11 13:10:51.0;
9;9409.5;2019-04-11 13:10:53.0;
9;9410;2019-04-11 13:10:54.0;
9;9409.5;2019-04-11 13:11:07.0;
9;9410;2019-04-11 13:11:10.0;
9;9409.5;2019-04-11 13:11:11.0;
9;9409;2019-04-11 13:11:25.0;
9;9407.5;2019-04-11 13:11:39.0;
9;9409;2019-04-11 13:11:41.0;
9;9407.5;2019-04-11 13:11:42.0;
9;9406.5;2019-04-11 13:11:44.0;
9;9407;2019-04-11 13:12:04.0;
9;9406.5;2019-04-11 13:12:05.0;
9;9407;2019-04-11 13:12:06.0;
9;9408;2019-04-11 13:12:12.0;
9;9407.5;2019-04-11 13:12:16.0;
9;9407;2019-04-11 13:12:29.0;
9;9408.5;2019-04-11 13:12:30.0;
9;9411.5;2019-04-11 13:12:35.0;
9;9412;2019-04-11 13:12:39.0;
9;9411.5;2019-04-11 13:12:48.0;
9;9410.5;2019-04-11 13:13:05.0;
9;9411.5;2019-04-11 13:13:15.0;
9;9410.5;2019-04-11 13:13:18.0;
9;9411.5;2019-04-11 13:13:19.0;
9;9411;2019-04-11 13:13:25.0;
9;9410;2019-04-11 13:13:28.0;
9;9407.5;2019-04-11 13:13:37.0;
9;9407;2019-04-11 13:13:44.0;
9;9406;2019-04-11 13:14:04.0;
9;9407;2019-04-11 13:14:08.0;
9;9407.5;2019-04-11 13:14:11.0;
9;9407;2019-04-11 13:14:12.0;
9;9407.5;2019-04-11 13:14:14.0;
9;9405.5;2019-04-11 13:14:18.0;
9;9406.5;2019-04-11 13:14:19.0;
9;9405.5;2019-04-11 13:14:22.0;
9;9406.5;2019-04-11 13:14:23.0;
9;9409;2019-04-11 13:14:28.0;
9;9407.5;2019-04-11 13:14:35.0;
9;9408;2019-04-11 13:14:44.0;
9;9407.5;2019-04-11 13:14:46.0;
9;9408;2019-04-11 13:14:47.0;
9;9408.5;2019-04-11 13:14:49.0;
9;9406.5;2019-04-11 13:14:56.0;
9;9407;2019-04-11 13:15:03.0;
9;9407.5;2019-04-11 13:15:08.0;
9;9407;2019-04-11 13:15:12.0;
9;9406.5;2019-04-11 13:15:17.0;
9;9407;2019-04-11 13:15:19.0;
9;9406.5;2019-04-11 13:15:21.0;
9;9407;2019-04-11 13:15:22.0;
9;9404.5;2019-04-11 13:15:29.0;
9;9405;2019-04-11 13:15:37.0;
9;9405.5;2019-04-11 13:15:40.0;
9;9404;2019-04-11 13:16:03.0;
9;9403.5;2019-04-11 13:16:08.0;
9;9404;2019-04-11 13:16:11.0;
9;9404.5;2019-04-11 13:16:20.0;
9;9405;2019-04-11 13:16:25.0;
9;9404.5;2019-04-11 13:16:38.0;
9;9405;2019-04-11 13:16:55.0;
9;9405.5;2019-04-11 13:16:59.0;
9;9404.5;2019-04-11 13:17:10.0;
9;9405;2019-04-11 13:17:17.0;
9;9405.5;2019-04-11 13:17:26.0;
9;9407.5;2019-04-11 13:17:29.0;
9;9408.5;2019-04-11 13:17:31.0;
9;9410;2019-04-11 13:17:34.0;
9;9408.5;2019-04-11 13:17:36.0;
9;9410;2019-04-11 13:17:37.0;
9;9409.5;2019-04-11 13:17:38.0;
9;9410;2019-04-11 13:17:41.0;
9;9409.5;2019-04-11 13:17:43.0;
9;9410;2019-04-11 13:17:44.0;
9;9409.5;2019-04-11 13:18:02.0;
9;9412;2019-04-11 13:18:07.0;
9;9412.5;2019-04-11 13:18:10.0;
9;9412;2019-04-11 13:18:16.0;
9;9412.5;2019-04-11 13:18:28.0;
9;9412;2019-04-11 13:18:35.0;
9;9412.5;2019-04-11 13:18:42.0;
9;9414.5;2019-04-11 13:18:52.0;
9;9414;2019-04-11 13:19:00.0;
9;9413.5;2019-04-11 13:19:04.0;
9;9414.5;2019-04-11 13:19:29.0;
9;9415;2019-04-11 13:19:30.0;
9;9414.5;2019-04-11 13:19:33.0;
9;9415;2019-04-11 13:19:35.0;
9;9415.5;2019-04-11 13:19:40.0;
9;9415;2019-04-11 13:19:47.0;
9;9414.5;2019-04-11 13:20:05.0;
9;9415;2019-04-11 13:20:06.0;
9;9414.5;2019-04-11 13:20:08.0;
9;9415;2019-04-11 13:20:12.0;
9;9414;2019-04-11 13:20:35.0;
9;9415;2019-04-11 13:20:52.0;
9;9414.5;2019-04-11 13:21:02.0;
9;9411.5;2019-04-11 13:21:03.0;
9;9414.5;2019-04-11 13:21:06.0;
9;9412;2019-04-11 13:21:07.0;
9;9412.5;2019-04-11 13:21:13.0;
9;9413;2019-04-11 13:21:24.0;
9;9412.5;2019-04-11 13:21:29.0;
9;9413;2019-04-11 13:21:35.0;
9;9412.5;2019-04-11 13:21:38.0;
9;9412;2019-04-11 13:21:42.0;
9;9411;2019-04-11 13:21:48.0;
9;9409.5;2019-04-11 13:22:06.0;
9;9410;2019-04-11 13:22:07.0;
9;9410.5;2019-04-11 13:22:24.0;
9;9412.5;2019-04-11 13:22:45.0;
9;9411;2019-04-11 13:22:53.0;
9;9410.5;2019-04-11 13:22:56.0;
9;9412;2019-04-11 13:23:00.0;
9;9411.5;2019-04-11 13:23:10.0;
9;9415;2019-04-11 13:23:12.0;
9;9411.5;2019-04-11 13:23:13.0;
9;9415.5;2019-04-11 13:23:15.0;
9;9414.5;2019-04-11 13:23:19.0;
9;9414;2019-04-11 13:23:40.0;
9;9414.5;2019-04-11 13:23:42.0;
9;9414;2019-04-11 13:23:43.0;
9;9414.5;2019-04-11 13:24:05.0;
9;9415.5;2019-04-11 13:24:22.0;
9;9415;2019-04-11 13:24:25.0;
9;9415.5;2019-04-11 13:24:29.0;
9;9415;2019-04-11 13:24:31.0;
9;9415.5;2019-04-11 13:24:32.0;
9;9413;2019-04-11 13:24:39.0;
9;9415.5;2019-04-11 13:24:41.0;
9;9413.5;2019-04-11 13:24:42.0;
9;9413;2019-04-11 13:24:48.0;
9;9412.5;2019-04-11 13:24:56.0;
9;9413;2019-04-11 13:24:57.0;
9;9412.5;2019-04-11 13:24:59.0;
9;9413;2019-04-11 13:25:03.0;
9;9412.5;2019-04-11 13:25:04.0;
9;9413;2019-04-11 13:25:06.0;
9;9412;2019-04-11 13:25:08.0;
9;9412.5;2019-04-11 13:25:20.0;
9;9412;2019-04-11 13:25:25.0;
9;9412.5;2019-04-11 13:25:33.0;
9;9412;2019-04-11 13:25:39.0;
9;9414;2019-04-11 13:25:44.0;
9;9413.5;2019-04-11 13:25:48.0;
9;9414;2019-04-11 13:25:49.0;
9;9413.5;2019-04-11 13:25:50.0;
9;9413;2019-04-11 13:26:07.0;
9;9411;2019-04-11 13:26:13.0;
9;9411.5;2019-04-11 13:26:24.0;
9;9410;2019-04-11 13:26:34.0;
9;9411.5;2019-04-11 13:26:36.0;
9;9408.5;2019-04-11 13:26:39.0;
9;9409.5;2019-04-11 13:26:53.0;
9;9410.5;2019-04-11 13:26:59.0;
9;9408.5;2019-04-11 13:27:06.0;
9;9410;2019-04-11 13:27:07.0;
9;9409.5;2019-04-11 13:27:15.0;
9;9410;2019-04-11 13:27:16.0;
9;9409.5;2019-04-11 13:27:18.0;
9;9408;2019-04-11 13:27:31.0;
9;9408.5;2019-04-11 13:27:39.0;
9;9409;2019-04-11 13:27:49.0;
9;9412;2019-04-11 13:28:07.0;
9;9410.5;2019-04-11 13:28:15.0;
9;9410;2019-04-11 13:28:19.0;
9;9410.5;2019-04-11 13:28:24.0;
9;9411;2019-04-11 13:28:27.0;
9;9411.5;2019-04-11 13:28:37.0;
9;9411;2019-04-11 13:28:43.0;
9;9410.5;2019-04-11 13:28:52.0;
9;9411.5;2019-04-11 13:28:57.0;
9;9412;2019-04-11 13:28:59.0;
9;9411.5;2019-04-11 13:29:00.0;
9;9410;2019-04-11 13:29:02.0;
9;9412;2019-04-11 13:29:03.0;
9;9410;2019-04-11 13:29:05.0;
9;9409.5;2019-04-11 13:29:08.0;
9;9410;2019-04-11 13:29:09.0;
9;9409.5;2019-04-11 13:29:10.0;
9;9410;2019-04-11 13:29:16.0;
9;9409.5;2019-04-11 13:29:22.0;
9;9410;2019-04-11 13:29:23.0;
9;9409.5;2019-04-11 13:29:25.0;
9;9409;2019-04-11 13:29:35.0;
9;9407.5;2019-04-11 13:29:48.0;
9;9407;2019-04-11 13:30:05.0;
9;9406.5;2019-04-11 13:30:07.0;
9;9407;2019-04-11 13:30:12.0;
9;9407.5;2019-04-11 13:30:29.0;
9;9409;2019-04-11 13:30:39.0;
9;9410.5;2019-04-11 13:30:48.0;
9;9411;2019-04-11 13:30:58.0;
9;9411.5;2019-04-11 13:31:04.0;
9;9411;2019-04-11 13:31:07.0;
9;9411.5;2019-04-11 13:31:08.0;
9;9411;2019-04-11 13:31:10.0;
9;9412;2019-04-11 13:31:20.0;
9;9411.5;2019-04-11 13:31:30.0;
9;9411;2019-04-11 13:31:41.0;
9;9410.5;2019-04-11 13:31:43.0;
9;9411;2019-04-11 13:31:48.0;
9;9410.5;2019-04-11 13:31:49.0;
9;9411;2019-04-11 13:31:50.0;
9;9410.5;2019-04-11 13:32:13.0;
9;9411;2019-04-11 13:32:16.0;
9;9410.5;2019-04-11 13:32:17.0;
9;9411.5;2019-04-11 13:32:19.0;
9;9410.5;2019-04-11 13:32:23.0;
9;9410;2019-04-11 13:32:33.0;
9;9410.5;2019-04-11 13:32:35.0;
9;9410;2019-04-11 13:32:37.0;
9;9410.5;2019-04-11 13:32:39.0;
9;9411;2019-04-11 13:32:44.0;
9;9410.5;2019-04-11 13:32:51.0;
9;9409.5;2019-04-11 13:32:58.0;
9;9410;2019-04-11 13:33:03.0;
9;9409.5;2019-04-11 13:33:11.0;
9;9410;2019-04-11 13:33:12.0;
9;9409.5;2019-04-11 13:33:14.0;
9;9410;2019-04-11 13:33:17.0;
9;9409;2019-04-11 13:33:22.0;
9;9410.5;2019-04-11 13:33:26.0;
9;9411.5;2019-04-11 13:33:36.0;
9;9410;2019-04-11 13:33:39.0;
9;9410.5;2019-04-11 13:33:49.0;
9;9411;2019-04-11 13:34:03.0;
9;9412.5;2019-04-11 13:34:09.0;
9;9412;2019-04-11 13:34:14.0;
9;9411;2019-04-11 13:34:27.0;
9;9410.5;2019-04-11 13:34:37.0;
9;9410;2019-04-11 13:34:39.0;
9;9410.5;2019-04-11 13:34:41.0;
9;9410;2019-04-11 13:34:43.0;
9;9410.5;2019-04-11 13:34:44.0;
9;9411;2019-04-11 13:34:54.0;
9;9409;2019-04-11 13:35:00.0;
9;9409.5;2019-04-11 13:35:05.0;
9;9409;2019-04-11 13:35:09.0;
9;9408.5;2019-04-11 13:35:12.0;
9;9410.5;2019-04-11 13:35:14.0;
9;9409.5;2019-04-11 13:35:21.0;
9;9410;2019-04-11 13:35:23.0;
9;9408.5;2019-04-11 13:35:47.0;
9;9409;2019-04-11 13:36:06.0;
9;9409.5;2019-04-11 13:36:17.0;
9;9408.5;2019-04-11 13:36:23.0;
9;9409;2019-04-11 13:36:27.0;
9;9408.5;2019-04-11 13:36:29.0;
9;9409;2019-04-11 13:36:30.0;
9;9411;2019-04-11 13:36:51.0;
9;9410.5;2019-04-11 13:36:56.0;
9;9411;2019-04-11 13:36:58.0;
9;9410.5;2019-04-11 13:36:59.0;
9;9412;2019-04-11 13:37:05.0;
9;9411.5;2019-04-11 13:37:20.0;
9;9413;2019-04-11 13:37:27.0;
9;9412;2019-04-11 13:37:31.0;
9;9412.5;2019-04-11 13:37:43.0;
9;9411.5;2019-04-11 13:37:44.0;
9;9412.5;2019-04-11 13:38:02.0;
9;9411.5;2019-04-11 13:38:04.0;
9;9412.5;2019-04-11 13:38:05.0;
9;9411.5;2019-04-11 13:38:08.0;
9;9411;2019-04-11 13:38:31.0;
9;9410.5;2019-04-11 13:38:35.0;
9;9411;2019-04-11 13:38:37.0;
9;9410.5;2019-04-11 13:38:39.0;
9;9411;2019-04-11 13:38:40.0;
9;9409;2019-04-11 13:39:33.0;
9;9406.5;2019-04-11 13:39:40.0;
9;9404.5;2019-04-11 13:39:48.0;
9;9405.5;2019-04-11 13:40:07.0;
9;9404.5;2019-04-11 13:40:09.0;
9;9405.5;2019-04-11 13:40:10.0;
9;9404.5;2019-04-11 13:40:16.0;
9;9405;2019-04-11 13:40:20.0;
9;9404.5;2019-04-11 13:40:23.0;
9;9405;2019-04-11 13:40:24.0;
9;9404.5;2019-04-11 13:40:27.0;
9;9405.5;2019-04-11 13:40:49.0;
9;9405;2019-04-11 13:40:56.0;
9;9404.5;2019-04-11 13:41:06.0;
9;9405.5;2019-04-11 13:41:11.0;
9;9405;2019-04-11 13:41:18.0;
9;9404.5;2019-04-11 13:41:27.0;
9;9405.5;2019-04-11 13:41:31.0;
9;9404.5;2019-04-11 13:41:33.0;
9;9405.5;2019-04-11 13:41:34.0;
9;9403;2019-04-11 13:41:37.0;
9;9403.5;2019-04-11 13:41:40.0;
9;9403;2019-04-11 13:41:42.0;
9;9403.5;2019-04-11 13:41:44.0;
9;9402.5;2019-04-11 13:41:47.0;
9;9403;2019-04-11 13:42:06.0;
9;9402.5;2019-04-11 13:42:12.0;
9;9405;2019-04-11 13:42:15.0;
9;9402.5;2019-04-11 13:42:16.0;
9;9406;2019-04-11 13:42:18.0;
9;9405.5;2019-04-11 13:42:26.0;
9;9406;2019-04-11 13:42:39.0;
9;9406.5;2019-04-11 13:42:49.0;
9;9406;2019-04-11 13:42:50.0;
9;9406.5;2019-04-11 13:42:56.0;
9;9406;2019-04-11 13:43:03.0;
9;9407;2019-04-11 13:43:19.0;
9;9406;2019-04-11 13:43:20.0;
9;9407;2019-04-11 13:43:22.0;
9;9406.5;2019-04-11 13:43:23.0;
9;9407.5;2019-04-11 13:43:26.0;
9;9407;2019-04-11 13:43:34.0;
9;9407.5;2019-04-11 13:43:48.0;
9;9406.5;2019-04-11 13:44:04.0;
9;9407;2019-04-11 13:44:09.0;
9;9407.5;2019-04-11 13:44:11.0;
9;9407;2019-04-11 13:44:12.0;
9;9407.5;2019-04-11 13:44:13.0;
9;9408;2019-04-11 13:44:26.0;
9;9407.5;2019-04-11 13:44:32.0;
9;9408;2019-04-11 13:44:42.0;
9;9409.5;2019-04-11 13:44:49.0;
9;9408.5;2019-04-11 13:44:51.0;
9;9409.5;2019-04-11 13:44:53.0;
9;9408.5;2019-04-11 13:44:54.0;
9;9409;2019-04-11 13:44:56.0;
9;9409.5;2019-04-11 13:45:03.0;
9;9410;2019-04-11 13:45:32.0;
9;9409.5;2019-04-11 13:45:33.0;
9;9410;2019-04-11 13:45:35.0;
9;9407.5;2019-04-11 13:46:04.0;
9;9410;2019-04-11 13:46:05.0;
9;9407.5;2019-04-11 13:46:07.0;
9;9407;2019-04-11 13:46:15.0;
9;9407.5;2019-04-11 13:46:25.0;
9;9406.5;2019-04-11 13:46:27.0;
9;9407.5;2019-04-11 13:46:28.0;
9;9406.5;2019-04-11 13:46:31.0;
9;9407;2019-04-11 13:46:40.0;
9;9407.5;2019-04-11 13:46:45.0;
9;9408;2019-04-11 13:46:51.0;
9;9407.5;2019-04-11 13:47:00.0;
9;9407;2019-04-11 13:47:22.0;
9;9407.5;2019-04-11 13:47:25.0;
9;9407;2019-04-11 13:47:27.0;
9;9407.5;2019-04-11 13:47:49.0;
9;9408;2019-04-11 13:48:04.0;
9;9407.5;2019-04-11 13:48:18.0;
9;9407;2019-04-11 13:48:33.0;
9;9406.5;2019-04-11 13:48:53.0;
9;9408.5;2019-04-11 13:48:59.0;
9;9408;2019-04-11 13:49:04.0;
9;9407.5;2019-04-11 13:49:12.0;
9;9408;2019-04-11 13:49:23.0;
9;9407.5;2019-04-11 13:49:25.0;
9;9411;2019-04-11 13:50:03.0;
9;9407.5;2019-04-11 13:50:05.0;
9;9411;2019-04-11 13:50:06.0;
9;9412;2019-04-11 13:50:18.0;
9;9412.5;2019-04-11 13:50:19.0;
9;9412;2019-04-11 13:50:29.0;
9;9413;2019-04-11 13:50:32.0;
9;9411.5;2019-04-11 13:50:53.0;
9;9412;2019-04-11 13:50:55.0;
9;9411.5;2019-04-11 13:50:58.0;
9;9412;2019-04-11 13:50:59.0;
9;9411.5;2019-04-11 13:51:08.0;
9;9412;2019-04-11 13:51:09.0;
9;9411;2019-04-11 13:51:11.0;
9;9411.5;2019-04-11 13:51:17.0;
9;9410;2019-04-11 13:51:31.0;
9;9411.5;2019-04-11 13:51:33.0;
9;9410;2019-04-11 13:51:34.0;
9;9409.5;2019-04-11 13:51:45.0;
9;9409;2019-04-11 13:51:49.0;
9;9410.5;2019-04-11 13:52:04.0;
9;9409;2019-04-11 13:52:06.0;
9;9411;2019-04-11 13:52:08.0;
9;9410.5;2019-04-11 13:52:11.0;
9;9410;2019-04-11 13:52:21.0;
9;9411.5;2019-04-11 13:52:39.0;
9;9411;2019-04-11 13:52:47.0;
9;9410.5;2019-04-11 13:53:00.0;
9;9409.5;2019-04-11 13:54:16.0;
9;9410.5;2019-04-11 13:54:17.0;
9;9409.5;2019-04-11 13:54:19.0;
9;9409;2019-04-11 13:54:23.0;
9;9409.5;2019-04-11 13:54:24.0;
9;9409;2019-04-11 13:54:26.0;
9;9406.5;2019-04-11 13:54:31.0;
9;9409;2019-04-11 13:54:32.0;
9;9406.5;2019-04-11 13:54:34.0;
9;9407;2019-04-11 13:54:37.0;
9;9406.5;2019-04-11 13:54:40.0;
9;9407;2019-04-11 13:54:47.0;
9;9406.5;2019-04-11 13:54:51.0;
9;9408;2019-04-11 13:54:55.0;
9;9406.5;2019-04-11 13:54:57.0;
9;9408;2019-04-11 13:55:00.0;
9;9406.5;2019-04-11 13:55:07.0;
9;9408.5;2019-04-11 13:55:15.0;
9;9407.5;2019-04-11 13:55:19.0;
9;9408.5;2019-04-11 13:55:22.0;
9;9407.5;2019-04-11 13:55:24.0;
9;9408;2019-04-11 13:55:27.0;
9;9407.5;2019-04-11 13:55:28.0;
9;9408;2019-04-11 13:55:29.0;
9;9407.5;2019-04-11 13:55:35.0;
9;9406.5;2019-04-11 13:56:08.0;
9;9407;2019-04-11 13:56:15.0;
9;9407.5;2019-04-11 13:56:23.0;
9;9407;2019-04-11 13:56:24.0;
9;9407.5;2019-04-11 13:56:26.0;
9;9407;2019-04-11 13:56:36.0;
9;9407.5;2019-04-11 13:56:37.0;
9;9407;2019-04-11 13:56:39.0;
9;9406.5;2019-04-11 13:56:48.0;
9;9405.5;2019-04-11 13:56:51.0;
9;9406;2019-04-11 13:56:59.0;
9;9406.5;2019-04-11 13:57:03.0;
9;9406;2019-04-11 13:57:10.0;
9;9406.5;2019-04-11 13:57:21.0;
9;9407.5;2019-04-11 13:57:28.0;
9;9407;2019-04-11 13:57:34.0;
9;9406;2019-04-11 13:57:36.0;
9;9407;2019-04-11 13:57:37.0;
9;9406;2019-04-11 13:57:39.0;
9;9406.5;2019-04-11 13:57:41.0;
9;9405.5;2019-04-11 13:58:02.0;
9;9406.5;2019-04-11 13:58:03.0;
9;9405.5;2019-04-11 13:58:05.0;
9;9406.5;2019-04-11 13:58:10.0;
9;9405.5;2019-04-11 13:58:12.0;
9;9406.5;2019-04-11 13:58:13.0;
9;9406;2019-04-11 13:58:22.0;
9;9405.5;2019-04-11 13:58:34.0;
9;9406;2019-04-11 13:58:36.0;
9;9405.5;2019-04-11 13:58:37.0;
9;9406;2019-04-11 13:58:43.0;
9;9406.5;2019-04-11 13:58:49.0;
9;9404;2019-04-11 13:59:03.0;
9;9405.5;2019-04-11 13:59:06.0;
9;9406.5;2019-04-11 13:59:11.0;
9;9407;2019-04-11 13:59:25.0;
9;9406.5;2019-04-11 14:00:14.0;
9;9407;2019-04-11 14:00:25.0;
9;9403.5;2019-04-11 14:00:45.0;
9;9404;2019-04-11 14:00:52.0;
9;9404.5;2019-04-11 14:00:58.0;
9;9404;2019-04-11 14:01:02.0;
9;9405.5;2019-04-11 14:01:17.0;
9;9403.5;2019-04-11 14:01:18.0;
9;9404;2019-04-11 14:01:23.0;
9;9404.5;2019-04-11 14:01:30.0;
9;9403;2019-04-11 14:01:44.0;
9;9402.5;2019-04-11 14:02:06.0;
9;9402;2019-04-11 14:02:29.0;
9;9401.5;2019-04-11 14:02:47.0;
9;9403;2019-04-11 14:02:55.0;
9;9401.5;2019-04-11 14:02:57.0;
9;9403;2019-04-11 14:02:58.0;
9;9402.5;2019-04-11 14:03:10.0;
9;9404.5;2019-04-11 14:03:14.0;
9;9402.5;2019-04-11 14:03:15.0;
9;9404.5;2019-04-11 14:03:18.0;
9;9405;2019-04-11 14:03:24.0;
9;9405.5;2019-04-11 14:03:29.0;
9;9406;2019-04-11 14:03:36.0;
9;9405.5;2019-04-11 14:03:41.0;
9;9406.5;2019-04-11 14:04:06.0;
9;9405.5;2019-04-11 14:04:08.0;
9;9406.5;2019-04-11 14:04:10.0;
9;9407;2019-04-11 14:04:11.0;
9;9408.5;2019-04-11 14:04:29.0;
9;9407.5;2019-04-11 14:04:31.0;
9;9408;2019-04-11 14:04:35.0;
9;9408.5;2019-04-11 14:04:38.0;
9;9408;2019-04-11 14:04:42.0;
9;9407.5;2019-04-11 14:04:46.0;
9;9408;2019-04-11 14:04:48.0;
9;9407.5;2019-04-11 14:04:49.0;
9;9406.5;2019-04-11 14:04:52.0;
9;9405.5;2019-04-11 14:04:59.0;
9;9406.5;2019-04-11 14:05:06.0;
9;9407;2019-04-11 14:05:11.0;
9;9406;2019-04-11 14:05:15.0;
9;9405.5;2019-04-11 14:05:18.0;
9;9406.5;2019-04-11 14:05:22.0;
9;9405.5;2019-04-11 14:05:35.0;
9;9406;2019-04-11 14:06:35.0;
9;9405.5;2019-04-11 14:06:38.0;
9;9406;2019-04-11 14:06:40.0;
9;9405.5;2019-04-11 14:06:47.0;
9;9405;2019-04-11 14:06:55.0;
9;9406;2019-04-11 14:07:05.0;
9;9404.5;2019-04-11 14:07:24.0;
9;9405.5;2019-04-11 14:07:29.0;
9;9405;2019-04-11 14:07:41.0;
9;9406.5;2019-04-11 14:07:49.0;
9;9408;2019-04-11 14:08:08.0;
9;9410;2019-04-11 14:08:19.0;
9;9411;2019-04-11 14:08:25.0;
9;9411.5;2019-04-11 14:08:26.0;
9;9410.5;2019-04-11 14:08:32.0;
9;9409.5;2019-04-11 14:08:39.0;
9;9410;2019-04-11 14:08:57.0;
9;9406.5;2019-04-11 14:09:02.0;
9;9408;2019-04-11 14:09:09.0;
9;9408.5;2019-04-11 14:09:13.0;
9;9409;2019-04-11 14:09:16.0;
9;9410;2019-04-11 14:09:35.0;
9;9411.5;2019-04-11 14:09:47.0;
9;9408;2019-04-11 14:10:03.0;
9;9408.5;2019-04-11 14:10:21.0;
9;9409;2019-04-11 14:10:27.0;
9;9408.5;2019-04-11 14:10:41.0;
9;9409.5;2019-04-11 14:10:45.0;
9;9408.5;2019-04-11 14:10:47.0;
9;9409.5;2019-04-11 14:10:48.0;
9;9410;2019-04-11 14:11:17.0;
9;9409;2019-04-11 14:11:39.0;
9;9409.5;2019-04-11 14:11:44.0;
9;9412;2019-04-11 14:12:07.0;
9;9411.5;2019-04-11 14:12:11.0;
9;9409;2019-04-11 14:12:14.0;
9;9411.5;2019-04-11 14:12:15.0;
9;9409;2019-04-11 14:12:17.0;
9;9409.5;2019-04-11 14:12:31.0;
9;9408.5;2019-04-11 14:12:35.0;
9;9409;2019-04-11 14:12:38.0;
9;9408.5;2019-04-11 14:12:39.0;
9;9409;2019-04-11 14:12:41.0;
9;9410.5;2019-04-11 14:13:02.0;
9;9409;2019-04-11 14:13:04.0;
9;9410.5;2019-04-11 14:13:05.0;
9;9407.5;2019-04-11 14:13:10.0;
9;9406.5;2019-04-11 14:13:14.0;
9;9407;2019-04-11 14:13:18.0;
9;9407.5;2019-04-11 14:13:30.0;
9;9407;2019-04-11 14:13:46.0;
9;9408.5;2019-04-11 14:14:06.0;
9;9408;2019-04-11 14:14:15.0;
9;9408.5;2019-04-11 14:14:16.0;
9;9408;2019-04-11 14:14:19.0;
9;9409;2019-04-11 14:14:21.0;
9;9409.5;2019-04-11 14:14:24.0;
9;9408.5;2019-04-11 14:14:29.0;
9;9409.5;2019-04-11 14:14:31.0;
9;9408.5;2019-04-11 14:14:32.0;
9;9409.5;2019-04-11 14:14:33.0;
9;9409;2019-04-11 14:14:39.0;
9;9408.5;2019-04-11 14:14:45.0;
9;9406.5;2019-04-11 14:14:56.0;
9;9408.5;2019-04-11 14:15:00.0;
9;9406.5;2019-04-11 14:15:01.0;
9;9408.5;2019-04-11 14:15:03.0;
9;9408;2019-04-11 14:15:10.0;
9;9407.5;2019-04-11 14:15:17.0;
9;9408;2019-04-11 14:15:19.0;
9;9407.5;2019-04-11 14:15:21.0;
9;9409;2019-04-11 14:15:24.0;
9;9408.5;2019-04-11 14:15:31.0;
9;9408;2019-04-11 14:15:38.0;
9;9407;2019-04-11 14:15:41.0;
9;9405.5;2019-04-11 14:15:45.0;
9;9406;2019-04-11 14:15:51.0;
9;9409.5;2019-04-11 14:16:03.0;
9;9408;2019-04-11 14:16:13.0;
9;9408.5;2019-04-11 14:16:22.0;
9;9408;2019-04-11 14:16:23.0;
9;9407.5;2019-04-11 14:16:32.0;
9;9408.5;2019-04-11 14:16:38.0;
9;9407.5;2019-04-11 14:16:39.0;
9;9408.5;2019-04-11 14:16:42.0;
9;9407.5;2019-04-11 14:16:44.0;
9;9409;2019-04-11 14:16:48.0;
9;9410.5;2019-04-11 14:16:53.0;
9;9411;2019-04-11 14:17:10.0;
9;9412;2019-04-11 14:17:11.0;
9;9412.5;2019-04-11 14:17:46.0;
9;9413;2019-04-11 14:18:03.0;
9;9412.5;2019-04-11 14:18:07.0;
9;9410.5;2019-04-11 14:18:14.0;
9;9409.5;2019-04-11 14:18:32.0;
9;9410.5;2019-04-11 14:18:51.0;
9;9410;2019-04-11 14:18:59.0;
9;9410.5;2019-04-11 14:19:11.0;
9;9410;2019-04-11 14:19:24.0;
9;9410.5;2019-04-11 14:19:26.0;
9;9410;2019-04-11 14:19:28.0;
9;9409.5;2019-04-11 14:19:44.0;
9;9408.5;2019-04-11 14:19:47.0;
9;9409.5;2019-04-11 14:19:48.0;
9;9408.5;2019-04-11 14:19:50.0;
9;9411;2019-04-11 14:20:08.0;
9;9410.5;2019-04-11 14:20:11.0;
9;9411.5;2019-04-11 14:20:38.0;
9;9412.5;2019-04-11 14:20:43.0;
9;9413.5;2019-04-11 14:20:46.0;
9;9413;2019-04-11 14:20:56.0;
9;9415;2019-04-11 14:21:14.0;
9;9417.5;2019-04-11 14:21:20.0;
9;9416.5;2019-04-11 14:21:24.0;
9;9416;2019-04-11 14:21:29.0;
9;9415.5;2019-04-11 14:21:31.0;
9;9416;2019-04-11 14:21:35.0;
9;9415.5;2019-04-11 14:21:49.0;
9;9416.5;2019-04-11 14:22:05.0;
9;9417;2019-04-11 14:22:09.0;
9;9417.5;2019-04-11 14:22:10.0;
9;9417;2019-04-11 14:22:12.0;
9;9417.5;2019-04-11 14:22:14.0;
9;9417;2019-04-11 14:22:15.0;
9;9418;2019-04-11 14:22:23.0;
9;9417.5;2019-04-11 14:22:26.0;
9;9418;2019-04-11 14:22:27.0;
9;9417.5;2019-04-11 14:22:29.0;
9;9418.5;2019-04-11 14:22:32.0;
9;9418;2019-04-11 14:22:33.0;
9;9416;2019-04-11 14:22:46.0;
9;9417.5;2019-04-11 14:22:52.0;
9;9416.5;2019-04-11 14:22:54.0;
9;9417.5;2019-04-11 14:22:55.0;
9;9416.5;2019-04-11 14:22:57.0;
9;9416;2019-04-11 14:23:28.0;
9;9417.5;2019-04-11 14:23:39.0;
9;9420;2019-04-11 14:23:42.0;
9;9421;2019-04-11 14:23:48.0;
9;9419.5;2019-04-11 14:24:04.0;
9;9420;2019-04-11 14:24:20.0;
9;9419.5;2019-04-11 14:24:23.0;
9;9420;2019-04-11 14:24:33.0;
9;9419.5;2019-04-11 14:24:34.0;
9;9420;2019-04-11 14:24:36.0;
9;9419.5;2019-04-11 14:24:37.0;
9;9420;2019-04-11 14:24:46.0;
9;9418.5;2019-04-11 14:24:53.0;
9;9419;2019-04-11 14:24:54.0;
9;9418.5;2019-04-11 14:24:57.0;
9;9419;2019-04-11 14:24:58.0;
9;9419.5;2019-04-11 14:25:07.0;
9;9419;2019-04-11 14:25:11.0;
9;9419.5;2019-04-11 14:25:13.0;
9;9419;2019-04-11 14:25:20.0;
9;9418.5;2019-04-11 14:25:26.0;
9;9419;2019-04-11 14:25:31.0;
9;9419.5;2019-04-11 14:25:40.0;
9;9422;2019-04-11 14:25:44.0;
9;9423.5;2019-04-11 14:26:06.0;
9;9423;2019-04-11 14:26:14.0;
9;9422.5;2019-04-11 14:26:22.0;
9;9423;2019-04-11 14:26:29.0;
9;9422.5;2019-04-11 14:26:35.0;
9;9423;2019-04-11 14:26:36.0;
9;9422.5;2019-04-11 14:26:37.0;
9;9423;2019-04-11 14:27:04.0;
9;9422.5;2019-04-11 14:27:05.0;
9;9423;2019-04-11 14:27:07.0;
9;9422.5;2019-04-11 14:27:22.0;
9;9423;2019-04-11 14:27:35.0;
9;9421;2019-04-11 14:27:46.0;
9;9420.5;2019-04-11 14:28:24.0;
9;9420;2019-04-11 14:28:43.0;
9;9420.5;2019-04-11 14:28:44.0;
9;9420;2019-04-11 14:28:46.0;
9;9418.5;2019-04-11 14:28:51.0;
9;9418;2019-04-11 14:28:54.0;
9;9418.5;2019-04-11 14:28:55.0;
9;9418;2019-04-11 14:28:57.0;
9;9417.5;2019-04-11 14:29:12.0;
9;9420;2019-04-11 14:29:15.0;
9;9419.5;2019-04-11 14:29:18.0;
9;9420;2019-04-11 14:29:38.0;
9;9419.5;2019-04-11 14:29:39.0;
9;9420;2019-04-11 14:29:40.0;
9;9417;2019-04-11 14:30:02.0;
9;9420;2019-04-11 14:30:05.0;
9;9417;2019-04-11 14:30:07.0;
9;9416.5;2019-04-11 14:30:08.0;
9;9417.5;2019-04-11 14:30:15.0;
9;9418.5;2019-04-11 14:30:29.0;
9;9419;2019-04-11 14:30:35.0;
9;9418;2019-04-11 14:30:40.0;
9;9418.5;2019-04-11 14:30:46.0;
9;9418;2019-04-11 14:30:51.0;
9;9418.5;2019-04-11 14:30:59.0;
9;9418;2019-04-11 14:31:03.0;
9;9417.5;2019-04-11 14:31:06.0;
9;9418;2019-04-11 14:31:07.0;
9;9417.5;2019-04-11 14:31:09.0;
9;9416.5;2019-04-11 14:31:11.0;
9;9417;2019-04-11 14:31:15.0;
9;9418.5;2019-04-11 14:31:21.0;
9;9419;2019-04-11 14:31:22.0;
9;9418;2019-04-11 14:31:30.0;
9;9419.5;2019-04-11 14:31:35.0;
9;9418.5;2019-04-11 14:31:48.0;
9;9419.5;2019-04-11 14:32:06.0;
9;9420;2019-04-11 14:32:08.0;
9;9420.5;2019-04-11 14:32:17.0;
9;9421.5;2019-04-11 14:32:21.0;
9;9423;2019-04-11 14:32:28.0;
9;9422.5;2019-04-11 14:32:36.0;
9;9421.5;2019-04-11 14:32:51.0;
9;9422;2019-04-11 14:32:57.0;
9;9422.5;2019-04-11 14:33:05.0;
9;9422;2019-04-11 14:33:12.0;
9;9421.5;2019-04-11 14:33:17.0;
9;9422.5;2019-04-11 14:33:23.0;
9;9422;2019-04-11 14:33:31.0;
9;9422.5;2019-04-11 14:33:32.0;
9;9422;2019-04-11 14:33:34.0;
9;9421.5;2019-04-11 14:33:38.0;
9;9422;2019-04-11 14:33:44.0;
9;9422.5;2019-04-11 14:33:48.0;
9;9423;2019-04-11 14:34:09.0;
9;9423.5;2019-04-11 14:34:10.0;
9;9423;2019-04-11 14:34:11.0;
9;9422.5;2019-04-11 14:34:14.0;
9;9423;2019-04-11 14:34:28.0;
9;9423.5;2019-04-11 14:34:33.0;
9;9426;2019-04-11 14:34:39.0;
9;9423.5;2019-04-11 14:34:42.0;
9;9426;2019-04-11 14:34:43.0;
9;9424.5;2019-04-11 14:34:49.0;
9;9425;2019-04-11 14:34:55.0;
9;9424;2019-04-11 14:34:59.0;
9;9423.5;2019-04-11 14:35:04.0;
9;9424;2019-04-11 14:35:10.0;
9;9424.5;2019-04-11 14:35:15.0;
9;9425;2019-04-11 14:35:20.0;
9;9425.5;2019-04-11 14:35:31.0;
9;9425;2019-04-11 14:35:36.0;
9;9426;2019-04-11 14:35:40.0;
9;9426.5;2019-04-11 14:35:43.0;
9;9423;2019-04-11 14:36:02.0;
9;9422;2019-04-11 14:36:15.0;
9;9423.5;2019-04-11 14:36:21.0;
9;9424.5;2019-04-11 14:36:22.0;
9;9423.5;2019-04-11 14:36:24.0;
9;9424.5;2019-04-11 14:36:25.0;
9;9425;2019-04-11 14:36:41.0;
9;9423.5;2019-04-11 14:36:54.0;
9;9425;2019-04-11 14:36:55.0;
9;9423.5;2019-04-11 14:36:57.0;
9;9422;2019-04-11 14:36:58.0;
9;9423.5;2019-04-11 14:37:00.0;
9;9422;2019-04-11 14:37:01.0;
9;9420.5;2019-04-11 14:37:03.0;
9;9421;2019-04-11 14:37:07.0;
9;9422;2019-04-11 14:37:24.0;
9;9421.5;2019-04-11 14:37:47.0;
9;9422;2019-04-11 14:37:48.0;
9;9421.5;2019-04-11 14:37:50.0;
9;9423;2019-04-11 14:38:05.0;
9;9423.5;2019-04-11 14:38:10.0;
9;9423;2019-04-11 14:38:12.0;
9;9423.5;2019-04-11 14:38:13.0;
9;9423;2019-04-11 14:38:14.0;
9;9424;2019-04-11 14:38:17.0;
9;9422.5;2019-04-11 14:38:19.0;
9;9423;2019-04-11 14:38:31.0;
9;9424.5;2019-04-11 14:38:51.0;
9;9423;2019-04-11 14:38:54.0;
9;9423.5;2019-04-11 14:39:00.0;
9;9423;2019-04-11 14:39:01.0;
9;9423.5;2019-04-11 14:39:02.0;
9;9423;2019-04-11 14:39:20.0;
9;9421.5;2019-04-11 14:39:32.0;
9;9421;2019-04-11 14:39:39.0;
9;9421.5;2019-04-11 14:39:49.0;
9;9419.5;2019-04-11 14:40:04.0;
9;9421.5;2019-04-11 14:40:13.0;
9;9421;2019-04-11 14:40:18.0;
9;9421.5;2019-04-11 14:40:21.0;
9;9421;2019-04-11 14:40:23.0;
9;9420.5;2019-04-11 14:40:24.0;
9;9419.5;2019-04-11 14:40:33.0;
9;9419;2019-04-11 14:40:43.0;
9;9418.5;2019-04-11 14:41:11.0;
9;9417;2019-04-11 14:41:15.0;
9;9417.5;2019-04-11 14:41:20.0;
9;9417;2019-04-11 14:41:25.0;
9;9418.5;2019-04-11 14:41:37.0;
9;9418;2019-04-11 14:41:48.0;
9;9420;2019-04-11 14:42:03.0;
9;9419;2019-04-11 14:42:09.0;
9;9420;2019-04-11 14:42:12.0;
9;9419;2019-04-11 14:42:13.0;
9;9420;2019-04-11 14:42:15.0;
9;9420.5;2019-04-11 14:42:22.0;
9;9419.5;2019-04-11 14:42:27.0;
9;9418;2019-04-11 14:42:35.0;
9;9417;2019-04-11 14:42:40.0;
9;9418.5;2019-04-11 14:42:52.0;
9;9418;2019-04-11 14:42:59.0;
9;9419;2019-04-11 14:43:11.0;
9;9419.5;2019-04-11 14:43:15.0;
9;9418.5;2019-04-11 14:43:19.0;
9;9420.5;2019-04-11 14:43:23.0;
9;9420;2019-04-11 14:43:39.0;
9;9420.5;2019-04-11 14:43:40.0;
9;9420;2019-04-11 14:43:42.0;
9;9418.5;2019-04-11 14:44:04.0;
9;9420;2019-04-11 14:44:09.0;
9;9420.5;2019-04-11 14:44:26.0;
9;9421;2019-04-11 14:44:30.0;
9;9422;2019-04-11 14:44:35.0;
9;9421.5;2019-04-11 14:44:40.0;
9;9422;2019-04-11 14:44:42.0;
9;9421;2019-04-11 14:44:49.0;
9;9422;2019-04-11 14:44:50.0;
9;9420.5;2019-04-11 14:44:52.0;
9;9421;2019-04-11 14:44:53.0;
9;9420.5;2019-04-11 14:44:55.0;
9;9420;2019-04-11 14:45:00.0;
9;9418.5;2019-04-11 14:45:07.0;
9;9419;2019-04-11 14:45:15.0;
9;9420;2019-04-11 14:45:19.0;
9;9419;2019-04-11 14:45:35.0;
9;9418.5;2019-04-11 14:45:41.0;
9;9419;2019-04-11 14:45:42.0;
9;9419.5;2019-04-11 14:45:44.0;
9;9418;2019-04-11 14:45:48.0;
9;9419.5;2019-04-11 14:46:05.0;
9;9420.5;2019-04-11 14:46:13.0;
9;9421.5;2019-04-11 14:46:19.0;
9;9423;2019-04-11 14:46:24.0;
9;9423.5;2019-04-11 14:46:27.0;
9;9421;2019-04-11 14:46:35.0;
9;9420.5;2019-04-11 14:46:41.0;
9;9421.5;2019-04-11 14:46:43.0;
9;9422.5;2019-04-11 14:46:46.0;
9;9421.5;2019-04-11 14:46:53.0;
9;9422.5;2019-04-11 14:46:54.0;
9;9421.5;2019-04-11 14:46:56.0;
9;9422.5;2019-04-11 14:46:57.0;
9;9422;2019-04-11 14:46:59.0;
9;9422.5;2019-04-11 14:47:12.0;
9;9422;2019-04-11 14:47:14.0;
9;9422.5;2019-04-11 14:47:15.0;
9;9423.5;2019-04-11 14:47:18.0;
9;9422.5;2019-04-11 14:47:22.0;
9;9423;2019-04-11 14:47:31.0;
9;9422;2019-04-11 14:48:03.0;
9;9423;2019-04-11 14:48:07.0;
9;9422.5;2019-04-11 14:48:08.0;
9;9423.5;2019-04-11 14:48:12.0;
9;9423;2019-04-11 14:48:15.0;
9;9423.5;2019-04-11 14:48:24.0;
9;9423;2019-04-11 14:48:30.0;
9;9422;2019-04-11 14:48:42.0;
9;9422.5;2019-04-11 14:48:49.0;
9;9422;2019-04-11 14:48:56.0;
9;9422.5;2019-04-11 14:48:58.0;
9;9422;2019-04-11 14:49:01.0;
9;9422.5;2019-04-11 14:49:02.0;
9;9423;2019-04-11 14:49:05.0;
9;9421.5;2019-04-11 14:49:10.0;
9;9421;2019-04-11 14:49:16.0;
9;9421.5;2019-04-11 14:49:30.0;
9;9421;2019-04-11 14:49:32.0;
9;9421.5;2019-04-11 14:49:34.0;
9;9422;2019-04-11 14:49:43.0;
9;9421.5;2019-04-11 14:49:44.0;
9;9422;2019-04-11 14:49:46.0;
9;9422.5;2019-04-11 14:50:19.0;
9;9423.5;2019-04-11 14:50:23.0;
9;9424;2019-04-11 14:50:38.0;
9;9423.5;2019-04-11 14:50:42.0;
9;9423;2019-04-11 14:51:05.0;
9;9423.5;2019-04-11 14:51:12.0;
9;9424;2019-04-11 14:51:18.0;
9;9425;2019-04-11 14:51:22.0;
9;9424.5;2019-04-11 14:51:23.0;
9;9425;2019-04-11 14:51:25.0;
9;9424.5;2019-04-11 14:51:26.0;
9;9423.5;2019-04-11 14:51:28.0;
9;9424;2019-04-11 14:51:41.0;
9;9423.5;2019-04-11 14:51:45.0;
9;9424;2019-04-11 14:51:48.0;
9;9426.5;2019-04-11 14:52:04.0;
9;9427.5;2019-04-11 14:52:11.0;
9;9426.5;2019-04-11 14:52:13.0;
9;9427.5;2019-04-11 14:52:14.0;
9;9428;2019-04-11 14:52:24.0;
9;9427;2019-04-11 14:52:27.0;
9;9428;2019-04-11 14:52:28.0;
9;9427;2019-04-11 14:52:30.0;
9;9424.5;2019-04-11 14:52:39.0;
9;9425;2019-04-11 14:52:48.0;
9;9425.5;2019-04-11 14:53:03.0;
9;9425;2019-04-11 14:53:04.0;
9;9425.5;2019-04-11 14:53:06.0;
9;9425;2019-04-11 14:53:09.0;
9;9424;2019-04-11 14:53:10.0;
9;9424.5;2019-04-11 14:53:21.0;
9;9425.5;2019-04-11 14:53:23.0;
9;9428.5;2019-04-11 14:53:28.0;
9;9428;2019-04-11 14:53:32.0;
9;9428.5;2019-04-11 14:53:36.0;
9;9428;2019-04-11 14:53:39.0;
9;9427.5;2019-04-11 14:53:48.0;
9;9428;2019-04-11 14:54:04.0;
9;9426.5;2019-04-11 14:54:07.0;
9;9428;2019-04-11 14:54:09.0;
9;9426.5;2019-04-11 14:54:10.0;
9;9428;2019-04-11 14:54:15.0;
9;9428.5;2019-04-11 14:54:21.0;
9;9427;2019-04-11 14:54:28.0;
9;9426.5;2019-04-11 14:54:34.0;
9;9427.5;2019-04-11 14:54:57.0;
9;9426.5;2019-04-11 14:55:00.0;
9;9428.5;2019-04-11 14:55:04.0;
9;9428;2019-04-11 14:55:14.0;
9;9427;2019-04-11 14:55:25.0;
9;9428;2019-04-11 14:55:26.0;
9;9427;2019-04-11 14:55:29.0;
9;9428;2019-04-11 14:55:40.0;
9;9426.5;2019-04-11 14:55:50.0;
9;9427;2019-04-11 14:56:05.0;
9;9426.5;2019-04-11 14:56:06.0;
9;9427;2019-04-11 14:56:07.0;
9;9426.5;2019-04-11 14:56:17.0;
9;9427;2019-04-11 14:56:24.0;
9;9428;2019-04-11 14:56:44.0;
9;9429.5;2019-04-11 14:56:47.0;
9;9428;2019-04-11 14:56:48.0;
9;9429.5;2019-04-11 14:56:50.0;
9;9430;2019-04-11 14:56:51.0;
9;9430.5;2019-04-11 14:57:02.0;
9;9430;2019-04-11 14:57:11.0;
9;9430.5;2019-04-11 14:57:13.0;
9;9430;2019-04-11 14:57:14.0;
9;9429.5;2019-04-11 14:57:20.0;
9;9430;2019-04-11 14:57:21.0;
9;9429.5;2019-04-11 14:57:24.0;
9;9431;2019-04-11 14:57:26.0;
9;9430.5;2019-04-11 14:57:41.0;
9;9431;2019-04-11 14:57:42.0;
9;9430.5;2019-04-11 14:57:43.0;
9;9429.5;2019-04-11 14:57:45.0;
9;9430.5;2019-04-11 14:58:05.0;
9;9429.5;2019-04-11 14:58:12.0;
9;9430;2019-04-11 14:58:17.0;
9;9429.5;2019-04-11 14:58:23.0;
9;9428.5;2019-04-11 14:58:33.0;
9;9431.5;2019-04-11 14:58:37.0;
9;9431;2019-04-11 14:58:39.0;
9;9431.5;2019-04-11 14:58:42.0;
9;9432.5;2019-04-11 14:58:43.0;
9;9432;2019-04-11 14:58:50.0;
9;9431;2019-04-11 14:58:54.0;
9;9431.5;2019-04-11 14:59:43.0;
9;9430.5;2019-04-11 14:59:50.0;
9;9429;2019-04-11 15:00:03.0;
9;9427;2019-04-11 15:00:09.0;
9;9426.5;2019-04-11 15:00:11.0;
9;9429;2019-04-11 15:00:16.0;
9;9430.5;2019-04-11 15:00:19.0;
9;9429.5;2019-04-11 15:00:26.0;
9;9430.5;2019-04-11 15:00:27.0;
9;9429.5;2019-04-11 15:00:30.0;
9;9430.5;2019-04-11 15:00:32.0;
9;9431.5;2019-04-11 15:00:45.0;
9;9431;2019-04-11 15:00:47.0;
9;9430.5;2019-04-11 15:01:03.0;
9;9431;2019-04-11 15:01:06.0;
9;9430.5;2019-04-11 15:01:28.0;
9;9430;2019-04-11 15:01:32.0;
9;9430.5;2019-04-11 15:01:34.0;
9;9430;2019-04-11 15:01:36.0;
9;9429.5;2019-04-11 15:02:16.0;
9;9430;2019-04-11 15:02:29.0;
9;9429.5;2019-04-11 15:02:37.0;
9;9429;2019-04-11 15:02:43.0;
9;9426.5;2019-04-11 15:02:54.0;
9;9428;2019-04-11 15:03:17.0;
9;9427.5;2019-04-11 15:03:31.0;
9;9429.5;2019-04-11 15:03:34.0;
9;9427.5;2019-04-11 15:03:35.0;
9;9429.5;2019-04-11 15:03:37.0;
9;9429;2019-04-11 15:03:39.0;
9;9430;2019-04-11 15:03:44.0;
9;9430.5;2019-04-11 15:03:48.0;
9;9431;2019-04-11 15:04:11.0;
9;9430.5;2019-04-11 15:04:17.0;
9;9431;2019-04-11 15:04:21.0;
9;9430.5;2019-04-11 15:04:39.0;
9;9431.5;2019-04-11 15:04:51.0;
9;9430.5;2019-04-11 15:04:53.0;
9;9431.5;2019-04-11 15:04:54.0;
9;9431;2019-04-11 15:04:55.0;
9;9429.5;2019-04-11 15:05:04.0;
9;9428.5;2019-04-11 15:05:10.0;
9;9428;2019-04-11 15:05:11.0;
9;9427.5;2019-04-11 15:05:16.0;
9;9428.5;2019-04-11 15:05:42.0;
9;9428;2019-04-11 15:05:47.0;
9;9429;2019-04-11 15:06:04.0;
9;9429.5;2019-04-11 15:06:08.0;
9;9429;2019-04-11 15:06:11.0;
9;9429.5;2019-04-11 15:06:13.0;
9;9428;2019-04-11 15:06:25.0;
9;9427.5;2019-04-11 15:06:30.0;
9;9428;2019-04-11 15:06:37.0;
9;9426.5;2019-04-11 15:07:34.0;
9;9424.5;2019-04-11 15:07:35.0;
9;9425;2019-04-11 15:07:39.0;
9;9424.5;2019-04-11 15:07:42.0;
9;9425;2019-04-11 15:07:44.0;
9;9424.5;2019-04-11 15:07:45.0;
9;9425;2019-04-11 15:07:47.0;
9;9424.5;2019-04-11 15:07:49.0;
9;9425;2019-04-11 15:07:50.0;
9;9427;2019-04-11 15:08:18.0;
9;9426.5;2019-04-11 15:08:26.0;
9;9424.5;2019-04-11 15:08:38.0;
9;9425;2019-04-11 15:08:39.0;
9;9423.5;2019-04-11 15:08:42.0;
9;9424;2019-04-11 15:08:50.0;
9;9422.5;2019-04-11 15:08:57.0;
9;9423;2019-04-11 15:09:09.0;
9;9424.5;2019-04-11 15:09:28.0;
9;9423;2019-04-11 15:09:29.0;
9;9424.5;2019-04-11 15:09:31.0;
9;9424;2019-04-11 15:09:37.0;
9;9425;2019-04-11 15:10:06.0;
9;9424.5;2019-04-11 15:10:12.0;
9;9426.5;2019-04-11 15:10:19.0;
9;9426;2019-04-11 15:10:20.0;
9;9425.5;2019-04-11 15:10:35.0;
9;9426;2019-04-11 15:10:37.0;
9;9425.5;2019-04-11 15:10:38.0;
9;9427;2019-04-11 15:10:40.0;
9;9426.5;2019-04-11 15:10:44.0;
9;9427;2019-04-11 15:10:55.0;
9;9426.5;2019-04-11 15:10:57.0;
9;9427;2019-04-11 15:11:00.0;
9;9424;2019-04-11 15:11:23.0;
9;9423;2019-04-11 15:11:40.0;
9;9424;2019-04-11 15:11:41.0;
9;9423.5;2019-04-11 15:11:43.0;
9;9423;2019-04-11 15:11:44.0;
9;9423.5;2019-04-11 15:11:46.0;
9;9424.5;2019-04-11 15:11:47.0;
9;9423.5;2019-04-11 15:11:49.0;
9;9424.5;2019-04-11 15:11:51.0;
9;9423.5;2019-04-11 15:12:04.0;
9;9424;2019-04-11 15:12:10.0;
9;9423.5;2019-04-11 15:12:24.0;
9;9424;2019-04-11 15:12:35.0;
9;9422;2019-04-11 15:12:49.0;
9;9422.5;2019-04-11 15:13:38.0;
9;9422;2019-04-11 15:13:46.0;
9;9422.5;2019-04-11 15:13:47.0;
9;9422;2019-04-11 15:13:49.0;
9;9422.5;2019-04-11 15:14:03.0;
9;9421.5;2019-04-11 15:14:28.0;
9;9422.5;2019-04-11 15:14:29.0;
9;9421.5;2019-04-11 15:14:31.0;
9;9422;2019-04-11 15:14:35.0;
9;9421;2019-04-11 15:15:03.0;
9;9422;2019-04-11 15:15:05.0;
9;9421;2019-04-11 15:15:06.0;
9;9423;2019-04-11 15:15:13.0;
9;9423.5;2019-04-11 15:15:23.0;
9;9422.5;2019-04-11 15:15:28.0;
9;9422;2019-04-11 15:15:48.0;
9;9421.5;2019-04-11 15:16:03.0;
9;9421;2019-04-11 15:16:08.0;
9;9422.5;2019-04-11 15:16:11.0;
9;9423;2019-04-11 15:16:17.0;
9;9422;2019-04-11 15:16:26.0;
9;9421;2019-04-11 15:16:34.0;
9;9420.5;2019-04-11 15:16:39.0;
9;9422;2019-04-11 15:17:08.0;
9;9422.5;2019-04-11 15:17:14.0;
9;9421;2019-04-11 15:17:25.0;
9;9421.5;2019-04-11 15:17:39.0;
9;9421;2019-04-11 15:17:40.0;
9;9421.5;2019-04-11 15:17:41.0;
9;9422;2019-04-11 15:17:47.0;
9;9421.5;2019-04-11 15:17:48.0;
9;9422;2019-04-11 15:17:50.0;
9;9422.5;2019-04-11 15:18:04.0;
9;9425;2019-04-11 15:18:21.0;
9;9424.5;2019-04-11 15:18:29.0;
9;9423.5;2019-04-11 15:18:43.0;
9;9423;2019-04-11 15:18:52.0;
9;9423.5;2019-04-11 15:18:55.0;
9;9423;2019-04-11 15:18:57.0;
9;9423.5;2019-04-11 15:18:59.0;
9;9424.5;2019-04-11 15:19:06.0;
9;9426;2019-04-11 15:19:19.0;
9;9425;2019-04-11 15:19:29.0;
9;9426;2019-04-11 15:19:39.0;
9;9425.5;2019-04-11 15:19:43.0;
9;9426;2019-04-11 15:19:45.0;
9;9425.5;2019-04-11 15:19:46.0;
9;9425;2019-04-11 15:19:50.0;
9;9425.5;2019-04-11 15:20:05.0;
9;9425;2019-04-11 15:20:12.0;
9;9426;2019-04-11 15:20:15.0;
9;9427;2019-04-11 15:20:19.0;
9;9427.5;2019-04-11 15:20:28.0;
9;9427;2019-04-11 15:20:33.0;
9;9427.5;2019-04-11 15:20:38.0;
9;9428.5;2019-04-11 15:20:39.0;
9;9428;2019-04-11 15:20:49.0;
9;9427;2019-04-11 15:20:52.0;
9;9426.5;2019-04-11 15:21:20.0;
9;9427;2019-04-11 15:21:28.0;
9;9426.5;2019-04-11 15:21:42.0;
9;9427;2019-04-11 15:22:09.0;
9;9427.5;2019-04-11 15:22:11.0;
9;9427;2019-04-11 15:22:12.0;
9;9425.5;2019-04-11 15:22:15.0;
9;9427.5;2019-04-11 15:22:26.0;
9;9428;2019-04-11 15:22:30.0;
9;9427.5;2019-04-11 15:22:42.0;
9;9428;2019-04-11 15:22:46.0;
9;9427.5;2019-04-11 15:22:50.0;
9;9432.5;2019-04-11 15:22:57.0;
9;9430;2019-04-11 15:23:00.0;
9;9432;2019-04-11 15:23:02.0;
9;9430;2019-04-11 15:23:05.0;
9;9432;2019-04-11 15:23:06.0;
9;9431;2019-04-11 15:23:08.0;
9;9434;2019-04-11 15:23:11.0;
9;9433;2019-04-11 15:23:18.0;
9;9432.5;2019-04-11 15:23:31.0;
9;9432;2019-04-11 15:23:38.0;
9;9432.5;2019-04-11 15:23:41.0;
9;9432;2019-04-11 15:23:42.0;
9;9433;2019-04-11 15:24:02.0;
9;9432.5;2019-04-11 15:24:11.0;
9;9433;2019-04-11 15:24:14.0;
9;9433.5;2019-04-11 15:24:16.0;
9;9434;2019-04-11 15:24:23.0;
9;9435;2019-04-11 15:24:31.0;
9;9435.5;2019-04-11 15:24:36.0;
9;9433.5;2019-04-11 15:24:42.0;
9;9432.5;2019-04-11 15:24:47.0;
9;9432;2019-04-11 15:24:59.0;
9;9431.5;2019-04-11 15:25:19.0;
9;9432;2019-04-11 15:25:23.0;
9;9433;2019-04-11 15:25:35.0;
9;9432;2019-04-11 15:25:41.0;
9;9433.5;2019-04-11 15:26:07.0;
9;9434;2019-04-11 15:26:24.0;
9;9433.5;2019-04-11 15:26:44.0;
9;9434;2019-04-11 15:27:21.0;
9;9433.5;2019-04-11 15:27:24.0;
9;9432.5;2019-04-11 15:27:31.0;
9;9430.5;2019-04-11 15:27:35.0;
9;9431;2019-04-11 15:27:39.0;
9;9431.5;2019-04-11 15:27:48.0;
9;9430;2019-04-11 15:28:05.0;
9;9430.5;2019-04-11 15:28:09.0;
9;9429.5;2019-04-11 15:28:15.0;
9;9428.5;2019-04-11 15:28:21.0;
9;9427.5;2019-04-11 15:28:30.0;
9;9428;2019-04-11 15:28:31.0;
9;9429;2019-04-11 15:28:40.0;
9;9427.5;2019-04-11 15:28:51.0;
9;9428;2019-04-11 15:28:55.0;
9;9427.5;2019-04-11 15:29:01.0;
9;9428.5;2019-04-11 15:29:07.0;
9;9427.5;2019-04-11 15:29:09.0;
9;9428.5;2019-04-11 15:29:10.0;
9;9429;2019-04-11 15:29:18.0;
9;9428.5;2019-04-11 15:29:19.0;
9;9429;2019-04-11 15:29:20.0;
9;9431;2019-04-11 15:29:22.0;
9;9430;2019-04-11 15:29:26.0;
9;9431.5;2019-04-11 15:29:27.0;
9;9431;2019-04-11 15:29:37.0;
9;9430.5;2019-04-11 15:29:42.0;
9;9431;2019-04-11 15:29:44.0;
9;9430.5;2019-04-11 15:29:45.0;
9;9432;2019-04-11 15:30:04.0;
9;9431.5;2019-04-11 15:30:10.0;
9;9432;2019-04-11 15:30:17.0;
9;9429.5;2019-04-11 15:30:19.0;
9;9430.5;2019-04-11 15:30:23.0;
9;9429;2019-04-11 15:30:26.0;
9;9430;2019-04-11 15:30:32.0;
9;9428;2019-04-11 15:30:39.0;
9;9427.5;2019-04-11 15:30:49.0;
9;9429.5;2019-04-11 15:30:51.0;
9;9427.5;2019-04-11 15:30:54.0;
9;9429.5;2019-04-11 15:30:55.0;
9;9428.5;2019-04-11 15:31:00.0;
9;9428;2019-04-11 15:31:06.0;
9;9427;2019-04-11 15:31:17.0;
9;9426.5;2019-04-11 15:31:19.0;
9;9425;2019-04-11 15:31:30.0;
9;9426.5;2019-04-11 15:31:31.0;
9;9425;2019-04-11 15:31:33.0;
9;9425.5;2019-04-11 15:31:36.0;
9;9425;2019-04-11 15:31:42.0;
9;9424;2019-04-11 15:31:47.0;
9;9425.5;2019-04-11 15:32:05.0;
9;9426;2019-04-11 15:32:11.0;
9;9424;2019-04-11 15:32:19.0;
9;9423.5;2019-04-11 15:32:25.0;
9;9425.5;2019-04-11 15:32:26.0;
9;9424.5;2019-04-11 15:32:30.0;
9;9425.5;2019-04-11 15:32:32.0;
9;9424.5;2019-04-11 15:32:33.0;
9;9425;2019-04-11 15:32:35.0;
9;9426;2019-04-11 15:32:42.0;
9;9427;2019-04-11 15:32:47.0;
9;9428.5;2019-04-11 15:32:53.0;
9;9429;2019-04-11 15:33:06.0;
9;9430;2019-04-11 15:33:21.0;
9;9428.5;2019-04-11 15:33:22.0;
9;9430;2019-04-11 15:33:31.0;
9;9431;2019-04-11 15:33:36.0;
9;9430;2019-04-11 15:33:47.0;
9;9432;2019-04-11 15:34:03.0;
9;9432.5;2019-04-11 15:34:14.0;
9;9430.5;2019-04-11 15:34:20.0;
9;9432.5;2019-04-11 15:34:22.0;
9;9431;2019-04-11 15:34:23.0;
9;9429;2019-04-11 15:34:31.0;
9;9428;2019-04-11 15:34:37.0;
9;9430;2019-04-11 15:34:41.0;
9;9429;2019-04-11 15:34:47.0;
9;9428.5;2019-04-11 15:34:48.0;
9;9429;2019-04-11 15:34:54.0;
9;9429.5;2019-04-11 15:34:56.0;
9;9431.5;2019-04-11 15:35:00.0;
9;9432.5;2019-04-11 15:35:09.0;
9;9431;2019-04-11 15:35:15.0;
9;9430.5;2019-04-11 15:35:20.0;
9;9431;2019-04-11 15:35:22.0;
9;9430.5;2019-04-11 15:35:39.0;
9;9430;2019-04-11 15:35:41.0;
9;9429.5;2019-04-11 15:35:43.0;
9;9430;2019-04-11 15:35:47.0;
9;9428;2019-04-11 15:36:05.0;
9;9428.5;2019-04-11 15:36:08.0;
9;9428;2019-04-11 15:36:10.0;
9;9428.5;2019-04-11 15:36:17.0;
9;9427.5;2019-04-11 15:36:20.0;
9;9426.5;2019-04-11 15:36:27.0;
9;9427;2019-04-11 15:36:34.0;
9;9427.5;2019-04-11 15:36:35.0;
9;9427;2019-04-11 15:36:37.0;
9;9426.5;2019-04-11 15:36:40.0;
9;9427;2019-04-11 15:36:44.0;
9;9429;2019-04-11 15:36:55.0;
9;9428.5;2019-04-11 15:37:00.0;
9;9427.5;2019-04-11 15:37:02.0;
9;9428;2019-04-11 15:37:11.0;
9;9428.5;2019-04-11 15:37:23.0;
9;9429;2019-04-11 15:37:31.0;
9;9429.5;2019-04-11 15:37:40.0;
9;9428;2019-04-11 15:37:48.0;
9;9427.5;2019-04-11 15:38:30.0;
9;9428;2019-04-11 15:38:32.0;
9;9427.5;2019-04-11 15:38:33.0;
9;9426.5;2019-04-11 15:38:56.0;
9;9427.5;2019-04-11 15:38:57.0;
9;9426;2019-04-11 15:38:58.0;
9;9425.5;2019-04-11 15:39:17.0;
9;9425;2019-04-11 15:39:31.0;
9;9424.5;2019-04-11 15:39:40.0;
9;9425;2019-04-11 15:40:04.0;
9;9424.5;2019-04-11 15:40:07.0;
9;9425.5;2019-04-11 15:40:12.0;
9;9426;2019-04-11 15:40:15.0;
9;9425.5;2019-04-11 15:40:22.0;
9;9424.5;2019-04-11 15:40:25.0;
9;9425.5;2019-04-11 15:40:27.0;
9;9425;2019-04-11 15:40:28.0;
9;9424.5;2019-04-11 15:40:31.0;
9;9425;2019-04-11 15:40:49.0;
9;9424.5;2019-04-11 15:40:51.0;
9;9425;2019-04-11 15:40:53.0;
9;9424.5;2019-04-11 15:41:08.0;
9;9426;2019-04-11 15:41:11.0;
9;9426.5;2019-04-11 15:41:18.0;
9;9427;2019-04-11 15:41:26.0;
9;9426;2019-04-11 15:41:28.0;
9;9427;2019-04-11 15:41:30.0;
9;9426;2019-04-11 15:41:31.0;
9;9427;2019-04-11 15:42:04.0;
9;9426;2019-04-11 15:42:09.0;
9;9428;2019-04-11 15:42:15.0;
9;9429.5;2019-04-11 15:42:27.0;
9;9428.5;2019-04-11 15:42:32.0;
9;9429;2019-04-11 15:42:36.0;
9;9431.5;2019-04-11 15:42:48.0;
9;9432;2019-04-11 15:42:52.0;
9;9431.5;2019-04-11 15:42:53.0;
9;9432;2019-04-11 15:42:55.0;
9;9433;2019-04-11 15:42:57.0;
9;9432.5;2019-04-11 15:43:10.0;
9;9434.5;2019-04-11 15:43:12.0;
9;9432.5;2019-04-11 15:43:13.0;
9;9434.5;2019-04-11 15:43:15.0;
9;9434;2019-04-11 15:43:17.0;
9;9434.5;2019-04-11 15:43:20.0;
9;9435;2019-04-11 15:43:24.0;
9;9433.5;2019-04-11 15:43:44.0;
9;9435;2019-04-11 15:43:45.0;
9;9433.5;2019-04-11 15:43:47.0;
9;9434;2019-04-11 15:43:50.0;
9;9435;2019-04-11 15:44:13.0;
9;9434.5;2019-04-11 15:44:19.0;
9;9433.5;2019-04-11 15:44:29.0;
9;9434;2019-04-11 15:44:31.0;
9;9433;2019-04-11 15:44:39.0;
9;9432.5;2019-04-11 15:44:47.0;
9;9433;2019-04-11 15:44:50.0;
9;9432.5;2019-04-11 15:44:52.0;
9;9433;2019-04-11 15:44:56.0;
9;9432.5;2019-04-11 15:44:58.0;
9;9433;2019-04-11 15:44:59.0;
9;9431.5;2019-04-11 15:45:01.0;
9;9432;2019-04-11 15:45:04.0;
9;9433;2019-04-11 15:45:10.0;
9;9431;2019-04-11 15:45:23.0;
9;9431.5;2019-04-11 15:45:29.0;
9;9432;2019-04-11 15:45:31.0;
9;9431.5;2019-04-11 15:45:34.0;
9;9433;2019-04-11 15:45:36.0;
9;9433.5;2019-04-11 15:45:39.0;
9;9432;2019-04-11 15:46:03.0;
9;9433.5;2019-04-11 15:46:04.0;
9;9432;2019-04-11 15:46:06.0;
9;9433.5;2019-04-11 15:46:08.0;
9;9430.5;2019-04-11 15:46:13.0;
9;9431;2019-04-11 15:46:16.0;
9;9434;2019-04-11 15:46:23.0;
9;9435;2019-04-11 15:46:35.0;
9;9434;2019-04-11 15:46:47.0;
9;9437;2019-04-11 15:46:52.0;
9;9436.5;2019-04-11 15:46:57.0;
9;9438.5;2019-04-11 15:47:00.0;
9;9438;2019-04-11 15:47:11.0;
9;9437.5;2019-04-11 15:47:17.0;
9;9436.5;2019-04-11 15:47:19.0;
9;9437;2019-04-11 15:47:29.0;
9;9437.5;2019-04-11 15:47:30.0;
9;9437;2019-04-11 15:47:35.0;
9;9436.5;2019-04-11 15:47:43.0;
9;9436;2019-04-11 15:47:51.0;
9;9438;2019-04-11 15:48:04.0;
9;9439;2019-04-11 15:48:08.0;
9;9440;2019-04-11 15:48:21.0;
9;9439.5;2019-04-11 15:48:24.0;
9;9440.5;2019-04-11 15:48:29.0;
9;9441.5;2019-04-11 15:48:35.0;
9;9439.5;2019-04-11 15:48:40.0;
9;9441.5;2019-04-11 15:48:41.0;
9;9439.5;2019-04-11 15:48:43.0;
9;9440;2019-04-11 15:48:46.0;
9;9442;2019-04-11 15:49:06.0;
9;9441.5;2019-04-11 15:49:15.0;
9;9442.5;2019-04-11 15:49:23.0;
9;9443;2019-04-11 15:49:31.0;
9;9442.5;2019-04-11 15:49:43.0;
9;9442;2019-04-11 15:50:07.0;
9;9442.5;2019-04-11 15:50:10.0;
9;9443;2019-04-11 15:50:15.0;
9;9442;2019-04-11 15:50:23.0;
9;9441.5;2019-04-11 15:50:31.0;
9;9443.5;2019-04-11 15:50:33.0;
9;9444;2019-04-11 15:50:36.0;
9;9443.5;2019-04-11 15:50:45.0;
9;9444;2019-04-11 15:50:47.0;
9;9443.5;2019-04-11 15:50:48.0;
9;9444;2019-04-11 15:50:50.0;
9;9443.5;2019-04-11 15:50:51.0;
9;9442.5;2019-04-11 15:50:56.0;
9;9443;2019-04-11 15:50:59.0;
9;9442.5;2019-04-11 15:51:02.0;
9;9441.5;2019-04-11 15:51:04.0;
9;9441;2019-04-11 15:51:09.0;
9;9439;2019-04-11 15:51:13.0;
9;9441;2019-04-11 15:51:15.0;
9;9438;2019-04-11 15:51:16.0;
9;9437.5;2019-04-11 15:51:21.0;
9;9436.5;2019-04-11 15:51:36.0;
9;9437.5;2019-04-11 15:51:38.0;
9;9436.5;2019-04-11 15:51:39.0;
9;9437.5;2019-04-11 15:51:41.0;
9;9436.5;2019-04-11 15:51:42.0;
9;9437.5;2019-04-11 15:51:44.0;
9;9436.5;2019-04-11 15:51:46.0;
9;9437;2019-04-11 15:51:48.0;
9;9438.5;2019-04-11 15:52:04.0;
9;9437;2019-04-11 15:52:13.0;
9;9438.5;2019-04-11 15:52:14.0;
9;9436;2019-04-11 15:52:15.0;
9;9438;2019-04-11 15:52:22.0;
9;9437.5;2019-04-11 15:52:23.0;
9;9438;2019-04-11 15:52:25.0;
9;9437.5;2019-04-11 15:52:28.0;
9;9438.5;2019-04-11 15:52:34.0;
9;9436.5;2019-04-11 15:52:39.0;
9;9435;2019-04-11 15:52:45.0;
9;9433.5;2019-04-11 15:53:02.0;
9;9433;2019-04-11 15:53:13.0;
9;9432;2019-04-11 15:53:15.0;
9;9433;2019-04-11 15:53:16.0;
9;9432;2019-04-11 15:53:18.0;
9;9432.5;2019-04-11 15:53:24.0;
9;9433;2019-04-11 15:53:29.0;
9;9432.5;2019-04-11 15:53:33.0;
9;9433;2019-04-11 15:53:36.0;
9;9432.5;2019-04-11 15:53:39.0;
9;9433;2019-04-11 15:53:42.0;
9;9433.5;2019-04-11 15:54:05.0;
9;9432.5;2019-04-11 15:54:17.0;
9;9430.5;2019-04-11 15:54:23.0;
9;9431.5;2019-04-11 15:54:27.0;
9;9430.5;2019-04-11 15:54:30.0;
9;9431;2019-04-11 15:54:31.0;
9;9430;2019-04-11 15:54:36.0;
9;9428.5;2019-04-11 15:54:44.0;
9;9426.5;2019-04-11 15:54:49.0;
9;9428.5;2019-04-11 15:54:52.0;
9;9428;2019-04-11 15:54:56.0;
9;9428.5;2019-04-11 15:54:57.0;
9;9428;2019-04-11 15:54:59.0;
9;9426.5;2019-04-11 15:55:06.0;
9;9428;2019-04-11 15:55:08.0;
9;9426.5;2019-04-11 15:55:09.0;
9;9426;2019-04-11 15:55:21.0;
9;9425.5;2019-04-11 15:55:27.0;
9;9424;2019-04-11 15:55:32.0;
9;9424.5;2019-04-11 15:55:40.0;
9;9424;2019-04-11 15:55:42.0;
9;9424.5;2019-04-11 15:55:44.0;
9;9426;2019-04-11 15:55:45.0;
9;9423.5;2019-04-11 15:55:51.0;
9;9424.5;2019-04-11 15:56:04.0;
9;9425.5;2019-04-11 15:56:07.0;
9;9424.5;2019-04-11 15:56:09.0;
9;9426.5;2019-04-11 15:56:10.0;
9;9425;2019-04-11 15:56:16.0;
9;9426.5;2019-04-11 15:56:19.0;
9;9425;2019-04-11 15:56:20.0;
9;9426;2019-04-11 15:56:22.0;
9;9426.5;2019-04-11 15:56:23.0;
9;9426;2019-04-11 15:56:24.0;
9;9425.5;2019-04-11 15:56:37.0;
9;9426.5;2019-04-11 15:56:47.0;
9;9426;2019-04-11 15:56:50.0;
9;9427;2019-04-11 15:57:01.0;
9;9428;2019-04-11 15:57:08.0;
9;9427;2019-04-11 15:57:09.0;
9;9429;2019-04-11 15:57:10.0;
9;9428;2019-04-11 15:57:16.0;
9;9428.5;2019-04-11 15:57:42.0;
9;9428;2019-04-11 15:57:49.0;
9;9430.5;2019-04-11 15:58:06.0;
9;9430;2019-04-11 15:58:11.0;
9;9429.5;2019-04-11 15:58:16.0;
9;9429;2019-04-11 15:58:22.0;
9;9428.5;2019-04-11 15:58:24.0;
9;9429;2019-04-11 15:58:25.0;
9;9428.5;2019-04-11 15:58:27.0;
9;9429;2019-04-11 15:58:31.0;
9;9428.5;2019-04-11 15:58:41.0;
9;9428;2019-04-11 15:59:02.0;
9;9426.5;2019-04-11 15:59:03.0;
9;9427;2019-04-11 15:59:08.0;
9;9426;2019-04-11 15:59:23.0;
9;9425.5;2019-04-11 15:59:33.0;
9;9426;2019-04-11 15:59:43.0;
9;9425.5;2019-04-11 15:59:45.0;
9;9426;2019-04-11 15:59:46.0;
9;9427;2019-04-11 15:59:52.0;
9;9427.5;2019-04-11 16:00:04.0;
9;9429.5;2019-04-11 16:00:09.0;
9;9427.5;2019-04-11 16:00:17.0;
9;9428.5;2019-04-11 16:00:23.0;
9;9427;2019-04-11 16:00:29.0;
9;9429.5;2019-04-11 16:00:34.0;
9;9428;2019-04-11 16:00:35.0;
9;9429.5;2019-04-11 16:00:38.0;
9;9428;2019-04-11 16:00:39.0;
9;9428.5;2019-04-11 16:00:41.0;
9;9428;2019-04-11 16:00:42.0;
9;9428.5;2019-04-11 16:00:44.0;
9;9428;2019-04-11 16:00:50.0;
9;9428.5;2019-04-11 16:00:58.0;
9;9429;2019-04-11 16:00:59.0;
9;9427.5;2019-04-11 16:01:05.0;
9;9428;2019-04-11 16:01:17.0;
9;9428.5;2019-04-11 16:01:25.0;
9;9428;2019-04-11 16:01:29.0;
9;9427.5;2019-04-11 16:01:37.0;
9;9429.5;2019-04-11 16:01:49.0;
9;9431;2019-04-11 16:02:05.0;
9;9429.5;2019-04-11 16:02:06.0;
9;9428;2019-04-11 16:02:24.0;
9;9429.5;2019-04-11 16:02:25.0;
9;9428;2019-04-11 16:02:27.0;
9;9429;2019-04-11 16:02:29.0;
9;9429.5;2019-04-11 16:02:36.0;
9;9430.5;2019-04-11 16:02:39.0;
9;9431;2019-04-11 16:02:47.0;
9;9430.5;2019-04-11 16:02:56.0;
9;9431;2019-04-11 16:03:02.0;
9;9431.5;2019-04-11 16:03:03.0;
9;9431;2019-04-11 16:03:04.0;
9;9431.5;2019-04-11 16:03:06.0;
9;9433;2019-04-11 16:03:11.0;
9;9432.5;2019-04-11 16:03:19.0;
9;9433;2019-04-11 16:03:32.0;
9;9431.5;2019-04-11 16:03:35.0;
9;9432;2019-04-11 16:03:40.0;
9;9431.5;2019-04-11 16:03:43.0;
9;9432;2019-04-11 16:03:45.0;
9;9431.5;2019-04-11 16:03:46.0;
9;9433;2019-04-11 16:04:07.0;
9;9433.5;2019-04-11 16:04:15.0;
9;9432.5;2019-04-11 16:04:21.0;
9;9432;2019-04-11 16:04:45.0;
9;9431.5;2019-04-11 16:04:51.0;
9;9433;2019-04-11 16:04:59.0;
9;9434;2019-04-11 16:05:04.0;
9;9435.5;2019-04-11 16:05:08.0;
9;9436;2019-04-11 16:05:15.0;
9;9436.5;2019-04-11 16:05:25.0;
9;9437.5;2019-04-11 16:05:26.0;
9;9436.5;2019-04-11 16:05:28.0;
9;9437.5;2019-04-11 16:05:29.0;
9;9436;2019-04-11 16:05:32.0;
9;9437;2019-04-11 16:05:35.0;
9;9437.5;2019-04-11 16:06:04.0;
9;9437;2019-04-11 16:06:07.0;
9;9436;2019-04-11 16:06:19.0;
9;9436.5;2019-04-11 16:06:24.0;
9;9439.5;2019-04-11 16:06:31.0;
9;9439;2019-04-11 16:06:35.0;
9;9438.5;2019-04-11 16:06:43.0;
9;9439;2019-04-11 16:06:44.0;
9;9438.5;2019-04-11 16:06:46.0;
9;9437;2019-04-11 16:07:20.0;
9;9436.5;2019-04-11 16:07:29.0;
9;9438;2019-04-11 16:07:36.0;
9;9437.5;2019-04-11 16:07:42.0;
9;9438;2019-04-11 16:07:44.0;
9;9437;2019-04-11 16:07:51.0;
9;9438.5;2019-04-11 16:08:08.0;
9;9437;2019-04-11 16:08:17.0;
9;9437.5;2019-04-11 16:08:23.0;
9;9438;2019-04-11 16:08:31.0;
9;9437.5;2019-04-11 16:08:33.0;
9;9438;2019-04-11 16:08:34.0;
9;9439.5;2019-04-11 16:08:40.0;
9;9439;2019-04-11 16:08:50.0;
9;9440;2019-04-11 16:08:52.0;
9;9439;2019-04-11 16:08:53.0;
9;9440;2019-04-11 16:08:55.0;
9;9440.5;2019-04-11 16:08:59.0;
9;9440;2019-04-11 16:09:09.0;
9;9441;2019-04-11 16:09:18.0;
9;9440;2019-04-11 16:09:21.0;
9;9441.5;2019-04-11 16:09:22.0;
9;9440.5;2019-04-11 16:09:28.0;
9;9440;2019-04-11 16:09:34.0;
9;9440.5;2019-04-11 16:09:49.0;
9;9440;2019-04-11 16:10:07.0;
9;9441;2019-04-11 16:10:12.0;
9;9442;2019-04-11 16:10:26.0;
9;9441.5;2019-04-11 16:10:30.0;
9;9442;2019-04-11 16:10:33.0;
9;9441;2019-04-11 16:10:40.0;
9;9442;2019-04-11 16:10:41.0;
9;9441;2019-04-11 16:10:43.0;
9;9441.5;2019-04-11 16:10:45.0;
9;9442.5;2019-04-11 16:10:50.0;
9;9442;2019-04-11 16:10:57.0;
9;9440.5;2019-04-11 16:10:59.0;
9;9442;2019-04-11 16:11:00.0;
9;9440.5;2019-04-11 16:11:02.0;
9;9439.5;2019-04-11 16:11:04.0;
9;9439;2019-04-11 16:11:07.0;
9;9439.5;2019-04-11 16:11:25.0;
9;9439;2019-04-11 16:11:27.0;
9;9439.5;2019-04-11 16:11:28.0;
9;9438.5;2019-04-11 16:11:31.0;
9;9439.5;2019-04-11 16:11:32.0;
9;9438.5;2019-04-11 16:11:34.0;
9;9439;2019-04-11 16:11:35.0;
9;9438.5;2019-04-11 16:12:08.0;
9;9437.5;2019-04-11 16:12:24.0;
9;9438;2019-04-11 16:12:31.0;
9;9437;2019-04-11 16:12:32.0;
9;9436.5;2019-04-11 16:12:45.0;
9;9436;2019-04-11 16:12:48.0;
9;9437.5;2019-04-11 16:12:59.0;
9;9439;2019-04-11 16:13:10.0;
9;9439.5;2019-04-11 16:13:17.0;
9;9439;2019-04-11 16:13:18.0;
9;9439.5;2019-04-11 16:13:19.0;
9;9438;2019-04-11 16:13:33.0;
9;9439;2019-04-11 16:13:39.0;
9;9439.5;2019-04-11 16:13:45.0;
9;9439;2019-04-11 16:13:47.0;
9;9438.5;2019-04-11 16:13:48.0;
9;9438;2019-04-11 16:14:06.0;
9;9438.5;2019-04-11 16:14:11.0;
9;9439.5;2019-04-11 16:14:14.0;
9;9440.5;2019-04-11 16:14:22.0;
9;9441.5;2019-04-11 16:14:40.0;
9;9439.5;2019-04-11 16:14:51.0;
9;9440;2019-04-11 16:14:56.0;
9;9439.5;2019-04-11 16:14:57.0;
9;9440;2019-04-11 16:14:58.0;
9;9441;2019-04-11 16:15:03.0;
9;9440;2019-04-11 16:15:04.0;
9;9441;2019-04-11 16:15:08.0;
9;9441.5;2019-04-11 16:15:09.0;
9;9442;2019-04-11 16:15:11.0;
9;9441.5;2019-04-11 16:15:12.0;
9;9442;2019-04-11 16:15:13.0;
9;9441.5;2019-04-11 16:15:19.0;
9;9440.5;2019-04-11 16:15:22.0;
9;9441;2019-04-11 16:15:30.0;
9;9440.5;2019-04-11 16:15:40.0;
9;9441;2019-04-11 16:15:45.0;
9;9439;2019-04-11 16:16:06.0;
9;9438.5;2019-04-11 16:16:20.0;
9;9439;2019-04-11 16:16:21.0;
9;9438.5;2019-04-11 16:16:23.0;
9;9439;2019-04-11 16:16:25.0;
9;9438;2019-04-11 16:16:32.0;
9;9438.5;2019-04-11 16:16:40.0;
9;9437.5;2019-04-11 16:16:45.0;
9;9439;2019-04-11 16:16:51.0;
9;9438.5;2019-04-11 16:17:13.0;
9;9440.5;2019-04-11 16:17:19.0;
9;9441;2019-04-11 16:17:27.0;
9;9442;2019-04-11 16:17:35.0;
9;9442.5;2019-04-11 16:17:43.0;
9;9441.5;2019-04-11 16:17:44.0;
9;9443;2019-04-11 16:18:06.0;
9;9442.5;2019-04-11 16:18:25.0;
9;9443;2019-04-11 16:19:01.0;
9;9444.5;2019-04-11 16:19:11.0;
9;9443;2019-04-11 16:19:12.0;
9;9444.5;2019-04-11 16:19:15.0;
9;9444;2019-04-11 16:19:19.0;
9;9444.5;2019-04-11 16:19:24.0;
9;9441.5;2019-04-11 16:19:29.0;
9;9444.5;2019-04-11 16:19:30.0;
9;9441.5;2019-04-11 16:19:31.0;
9;9442;2019-04-11 16:19:37.0;
9;9443;2019-04-11 16:20:05.0;
9;9444;2019-04-11 16:20:16.0;
9;9443;2019-04-11 16:20:17.0;
9;9444;2019-04-11 16:20:19.0;
9;9442.5;2019-04-11 16:20:30.0;
9;9443.5;2019-04-11 16:20:48.0;
9;9444;2019-04-11 16:21:00.0;
9;9445.5;2019-04-11 16:21:10.0;
9;9444.5;2019-04-11 16:21:34.0;
9;9443.5;2019-04-11 16:21:46.0;
9;9444.5;2019-04-11 16:22:05.0;
9;9445.5;2019-04-11 16:22:19.0;
9;9446.5;2019-04-11 16:22:30.0;
9;9445.5;2019-04-11 16:22:34.0;
9;9446.5;2019-04-11 16:22:55.0;
9;9445.5;2019-04-11 16:22:56.0;
9;9446.5;2019-04-11 16:22:58.0;
9;9447.5;2019-04-11 16:23:06.0;
9;9448;2019-04-11 16:23:10.0;
9;9446.5;2019-04-11 16:23:15.0;
9;9447.5;2019-04-11 16:23:22.0;
9;9445.5;2019-04-11 16:23:24.0;
9;9447.5;2019-04-11 16:23:28.0;
9;9446.5;2019-04-11 16:23:41.0;
9;9447;2019-04-11 16:23:47.0;
9;9445.5;2019-04-11 16:24:02.0;
9;9447;2019-04-11 16:24:04.0;
9;9445.5;2019-04-11 16:24:05.0;
9;9446;2019-04-11 16:24:07.0;
9;9445;2019-04-11 16:24:17.0;
9;9446.5;2019-04-11 16:24:23.0;
9;9446;2019-04-11 16:24:30.0;
9;9445.5;2019-04-11 16:24:33.0;
9;9448;2019-04-11 16:24:36.0;
9;9447.5;2019-04-11 16:24:47.0;
9;9448.5;2019-04-11 16:24:58.0;
9;9449;2019-04-11 16:25:04.0;
9;9448.5;2019-04-11 16:25:27.0;
9;9449;2019-04-11 16:25:28.0;
9;9448.5;2019-04-11 16:25:30.0;
9;9449;2019-04-11 16:25:35.0;
9;9449.5;2019-04-11 16:25:40.0;
9;9450.5;2019-04-11 16:25:44.0;
9;9449.5;2019-04-11 16:25:49.0;
9;9450;2019-04-11 16:26:06.0;
9;9448;2019-04-11 16:26:13.0;
9;9447.5;2019-04-11 16:26:19.0;
9;9449;2019-04-11 16:26:26.0;
9;9448.5;2019-04-11 16:26:28.0;
9;9449;2019-04-11 16:26:30.0;
9;9448.5;2019-04-11 16:26:33.0;
9;9447.5;2019-04-11 16:26:56.0;
9;9448;2019-04-11 16:27:04.0;
9;9447.5;2019-04-11 16:27:05.0;
9;9449;2019-04-11 16:27:06.0;
9;9449.5;2019-04-11 16:27:11.0;
9;9450;2019-04-11 16:27:17.0;
9;9450.5;2019-04-11 16:27:22.0;
9;9452.5;2019-04-11 16:27:36.0;
9;9452;2019-04-11 16:27:42.0;
9;9451;2019-04-11 16:27:47.0;
9;9452;2019-04-11 16:27:48.0;
9;9451;2019-04-11 16:27:51.0;
9;9448.5;2019-04-11 16:28:03.0;
9;9451;2019-04-11 16:28:05.0;
9;9448.5;2019-04-11 16:28:07.0;
9;9451;2019-04-11 16:28:09.0;
9;9451.5;2019-04-11 16:28:12.0;
9;9451;2019-04-11 16:28:19.0;
9;9450.5;2019-04-11 16:28:26.0;
9;9451.5;2019-04-11 16:28:42.0;
9;9451;2019-04-11 16:28:43.0;
9;9451.5;2019-04-11 16:28:51.0;
9;9451;2019-04-11 16:28:52.0;
9;9451.5;2019-04-11 16:28:55.0;
9;9450.5;2019-04-11 16:29:11.0;
9;9452.5;2019-04-11 16:29:22.0;
9;9452;2019-04-11 16:29:24.0;
9;9452.5;2019-04-11 16:29:26.0;
9;9452;2019-04-11 16:29:45.0;
9;9451;2019-04-11 16:30:06.0;
9;9450;2019-04-11 16:30:10.0;
9;9450.5;2019-04-11 16:30:19.0;
9;9448.5;2019-04-11 16:30:24.0;
9;9449;2019-04-11 16:30:39.0;
9;9448.5;2019-04-11 16:30:50.0;
9;9449;2019-04-11 16:30:56.0;
9;9448.5;2019-04-11 16:30:59.0;
9;9449.5;2019-04-11 16:31:06.0;
9;9447.5;2019-04-11 16:31:17.0;
9;9448;2019-04-11 16:31:19.0;
9;9449;2019-04-11 16:31:47.0;
9;9447.5;2019-04-11 16:31:50.0;
9;9449;2019-04-11 16:31:52.0;
9;9453.5;2019-04-11 16:32:03.0;
9;9453;2019-04-11 16:32:07.0;
9;9452.5;2019-04-11 16:32:11.0;
9;9453;2019-04-11 16:32:13.0;
9;9452.5;2019-04-11 16:32:14.0;
9;9452;2019-04-11 16:32:16.0;
9;9451.5;2019-04-11 16:32:28.0;
9;9451;2019-04-11 16:32:44.0;
9;9450;2019-04-11 16:32:50.0;
9;9448.5;2019-04-11 16:32:59.0;
9;9448;2019-04-11 16:33:07.0;
9;9449.5;2019-04-11 16:33:17.0;
9;9448;2019-04-11 16:33:19.0;
9;9449;2019-04-11 16:33:20.0;
9;9448.5;2019-04-11 16:33:28.0;
9;9449;2019-04-11 16:33:32.0;
9;9448.5;2019-04-11 16:33:38.0;
9;9451.5;2019-04-11 16:34:13.0;
9;9452.5;2019-04-11 16:34:16.0;
9;9451.5;2019-04-11 16:34:19.0;
9;9452;2019-04-11 16:34:23.0;
9;9453.5;2019-04-11 16:34:44.0;
9;9453;2019-04-11 16:34:51.0;
9;9452.5;2019-04-11 16:35:04.0;
9;9453.5;2019-04-11 16:35:19.0;
9;9454;2019-04-11 16:35:24.0;
9;9455;2019-04-11 16:35:27.0;
9;9453;2019-04-11 16:35:40.0;
9;9454.5;2019-04-11 16:35:44.0;
9;9454;2019-04-11 16:35:49.0;
9;9453;2019-04-11 16:36:04.0;
9;9453.5;2019-04-11 16:36:10.0;
9;9453;2019-04-11 16:36:11.0;
9;9453.5;2019-04-11 16:36:13.0;
9;9453;2019-04-11 16:36:14.0;
9;9453.5;2019-04-11 16:36:17.0;
9;9452;2019-04-11 16:36:21.0;
9;9453.5;2019-04-11 16:36:22.0;
9;9452;2019-04-11 16:36:24.0;
9;9453;2019-04-11 16:36:29.0;
9;9452;2019-04-11 16:36:31.0;
9;9453;2019-04-11 16:36:37.0;
9;9454;2019-04-11 16:36:51.0;
9;9453.5;2019-04-11 16:37:01.0;
9;9454.5;2019-04-11 16:37:03.0;
9;9453.5;2019-04-11 16:37:05.0;
9;9455;2019-04-11 16:37:07.0;
9;9454.5;2019-04-11 16:37:08.0;
9;9455;2019-04-11 16:37:10.0;
9;9454.5;2019-04-11 16:37:28.0;
9;9456.5;2019-04-11 16:37:31.0;
9;9455.5;2019-04-11 16:37:43.0;
9;9456;2019-04-11 16:38:32.0;
9;9455;2019-04-11 16:38:43.0;
9;9456;2019-04-11 16:38:44.0;
9;9455;2019-04-11 16:38:45.0;
9;9455.5;2019-04-11 16:38:51.0;
9;9455;2019-04-11 16:38:58.0;
9;9454;2019-04-11 16:39:21.0;
9;9453;2019-04-11 16:39:34.0;
9;9453.5;2019-04-11 16:40:04.0;
9;9453;2019-04-11 16:40:19.0;
9;9452.5;2019-04-11 16:40:23.0;
9;9454.5;2019-04-11 16:40:28.0;
9;9454;2019-04-11 16:40:31.0;
9;9455;2019-04-11 16:40:50.0;
9;9456;2019-04-11 16:40:54.0;
9;9455.5;2019-04-11 16:41:04.0;
9;9454.5;2019-04-11 16:41:08.0;
9;9453.5;2019-04-11 16:41:13.0;
9;9454;2019-04-11 16:41:20.0;
9;9453.5;2019-04-11 16:41:22.0;
9;9456;2019-04-11 16:41:32.0;
9;9456.5;2019-04-11 16:41:41.0;
9;9454.5;2019-04-11 16:41:46.0;
9;9455;2019-04-11 16:41:48.0;
9;9454.5;2019-04-11 16:41:50.0;
9;9455;2019-04-11 16:41:51.0;
9;9454.5;2019-04-11 16:42:03.0;
9;9455;2019-04-11 16:42:04.0;
9;9454.5;2019-04-11 16:42:06.0;
9;9457;2019-04-11 16:42:12.0;
9;9454.5;2019-04-11 16:42:14.0;
9;9457;2019-04-11 16:42:17.0;
9;9456.5;2019-04-11 16:42:24.0;
9;9457.5;2019-04-11 16:42:30.0;
9;9456.5;2019-04-11 16:42:31.0;
9;9457;2019-04-11 16:42:36.0;
9;9456.5;2019-04-11 16:42:37.0;
9;9457;2019-04-11 16:42:39.0;
9;9456.5;2019-04-11 16:42:44.0;
9;9457;2019-04-11 16:42:47.0;
9;9456.5;2019-04-11 16:42:56.0;
9;9459.5;2019-04-11 16:43:00.0;
9;9460.5;2019-04-11 16:43:07.0;
9;9459.5;2019-04-11 16:43:11.0;
9;9460;2019-04-11 16:43:19.0;
9;9457.5;2019-04-11 16:43:32.0;
9;9457;2019-04-11 16:43:36.0;
9;9457.5;2019-04-11 16:43:37.0;
9;9457;2019-04-11 16:43:38.0;
9;9456.5;2019-04-11 16:43:46.0;
9;9455;2019-04-11 16:44:04.0;
9;9454;2019-04-11 16:44:11.0;
9;9453.5;2019-04-11 16:44:16.0;
9;9452.5;2019-04-11 16:44:22.0;
9;9453;2019-04-11 16:44:32.0;
9;9452.5;2019-04-11 16:44:34.0;
9;9453;2019-04-11 16:44:35.0;
9;9452;2019-04-11 16:44:47.0;
9;9450.5;2019-04-11 16:44:50.0;
9;9452;2019-04-11 16:44:52.0;
9;9450.5;2019-04-11 16:44:53.0;
9;9450;2019-04-11 16:45:02.0;
9;9451;2019-04-11 16:45:16.0;
9;9450;2019-04-11 16:45:18.0;
9;9451;2019-04-11 16:45:20.0;
9;9452;2019-04-11 16:45:21.0;
9;9451.5;2019-04-11 16:45:23.0;
9;9452;2019-04-11 16:45:24.0;
9;9451.5;2019-04-11 16:45:26.0;
9;9452;2019-04-11 16:45:28.0;
9;9452.5;2019-04-11 16:45:31.0;
9;9452;2019-04-11 16:45:33.0;
9;9452.5;2019-04-11 16:45:34.0;
9;9451;2019-04-11 16:45:42.0;
9;9449.5;2019-04-11 16:45:48.0;
9;9451;2019-04-11 16:46:07.0;
9;9450.5;2019-04-11 16:46:16.0;
9;9451;2019-04-11 16:46:18.0;
9;9450.5;2019-04-11 16:46:19.0;
9;9452.5;2019-04-11 16:46:21.0;
9;9452;2019-04-11 16:46:27.0;
9;9451.5;2019-04-11 16:46:36.0;
9;9451;2019-04-11 16:46:47.0;
9;9450.5;2019-04-11 16:46:57.0;
9;9449;2019-04-11 16:47:03.0;
9;9450.5;2019-04-11 16:47:06.0;
9;9449.5;2019-04-11 16:47:07.0;
9;9450;2019-04-11 16:47:13.0;
9;9449;2019-04-11 16:47:50.0;
9;9447.5;2019-04-11 16:48:02.0;
9;9449.5;2019-04-11 16:48:06.0;
9;9447.5;2019-04-11 16:48:07.0;
9;9449.5;2019-04-11 16:48:09.0;
9;9449;2019-04-11 16:48:10.0;
9;9450;2019-04-11 16:48:19.0;
9;9449;2019-04-11 16:48:22.0;
9;9450;2019-04-11 16:48:23.0;
9;9449.5;2019-04-11 16:48:25.0;
9;9450;2019-04-11 16:48:26.0;
9;9449.5;2019-04-11 16:48:28.0;
9;9450;2019-04-11 16:48:29.0;
9;9448.5;2019-04-11 16:48:32.0;
9;9447.5;2019-04-11 16:48:38.0;
9;9446;2019-04-11 16:48:53.0;
9;9445;2019-04-11 16:49:03.0;
9;9448.5;2019-04-11 16:49:09.0;
9;9448;2019-04-11 16:49:10.0;
9;9448.5;2019-04-11 16:49:12.0;
9;9448;2019-04-11 16:49:13.0;
9;9448.5;2019-04-11 16:49:16.0;
9;9446;2019-04-11 16:49:24.0;
9;9444.5;2019-04-11 16:49:35.0;
9;9445;2019-04-11 16:49:41.0;
9;9444;2019-04-11 16:49:42.0;
9;9443.5;2019-04-11 16:49:47.0;
9;9444;2019-04-11 16:50:08.0;
9;9447;2019-04-11 16:50:16.0;
9;9447.5;2019-04-11 16:50:22.0;
9;9447;2019-04-11 16:50:23.0;
9;9447.5;2019-04-11 16:50:25.0;
9;9447;2019-04-11 16:50:26.0;
9;9446.5;2019-04-11 16:50:32.0;
9;9446;2019-04-11 16:50:38.0;
9;9448;2019-04-11 16:50:47.0;
9;9445;2019-04-11 16:50:52.0;
9;9446;2019-04-11 16:50:59.0;
9;9445;2019-04-11 16:51:02.0;
9;9446;2019-04-11 16:51:04.0;
9;9446.5;2019-04-11 16:51:06.0;
9;9444.5;2019-04-11 16:51:08.0;
9;9446.5;2019-04-11 16:51:11.0;
9;9445;2019-04-11 16:51:13.0;
9;9446;2019-04-11 16:51:16.0;
9;9446.5;2019-04-11 16:51:24.0;
9;9446;2019-04-11 16:51:30.0;
9;9445;2019-04-11 16:51:33.0;
9;9446;2019-04-11 16:51:34.0;
9;9445;2019-04-11 16:51:35.0;
9;9444.5;2019-04-11 16:51:37.0;
9;9446;2019-04-11 16:51:40.0;
9;9444.5;2019-04-11 16:51:41.0;
9;9446;2019-04-11 16:51:43.0;
9;9448;2019-04-11 16:52:04.0;
9;9449;2019-04-11 16:52:24.0;
9;9446.5;2019-04-11 16:52:25.0;
9;9447;2019-04-11 16:52:30.0;
9;9446.5;2019-04-11 16:52:31.0;
9;9447;2019-04-11 16:52:34.0;
9;9448;2019-04-11 16:52:40.0;
9;9447.5;2019-04-11 16:52:43.0;
9;9448;2019-04-11 16:52:49.0;
9;9448.5;2019-04-11 16:52:52.0;
9;9449;2019-04-11 16:53:00.0;
9;9449.5;2019-04-11 16:53:07.0;
9;9449;2019-04-11 16:53:15.0;
9;9448.5;2019-04-11 16:53:20.0;
9;9449;2019-04-11 16:53:46.0;
9;9448.5;2019-04-11 16:53:48.0;
9;9449;2019-04-11 16:53:50.0;
9;9450.5;2019-04-11 16:54:05.0;
9;9451;2019-04-11 16:54:09.0;
9;9450;2019-04-11 16:54:17.0;
9;9449.5;2019-04-11 16:54:23.0;
9;9450;2019-04-11 16:54:35.0;
9;9449.5;2019-04-11 16:54:43.0;
9;9450;2019-04-11 16:54:45.0;
9;9449.5;2019-04-11 16:54:46.0;
9;9446.5;2019-04-11 16:54:52.0;
9;9447;2019-04-11 16:54:56.0;
9;9446.5;2019-04-11 16:54:58.0;
9;9447;2019-04-11 16:54:59.0;
9;9446.5;2019-04-11 16:55:01.0;
9;9446;2019-04-11 16:55:07.0;
9;9445.5;2019-04-11 16:55:11.0;
9;9447;2019-04-11 16:55:17.0;
9;9445.5;2019-04-11 16:55:18.0;
9;9447.5;2019-04-11 16:55:20.0;
9;9446.5;2019-04-11 16:55:41.0;
9;9447;2019-04-11 16:55:50.0;
9;9446.5;2019-04-11 16:56:06.0;
9;9447;2019-04-11 16:56:14.0;
9;9448;2019-04-11 16:56:17.0;
9;9447.5;2019-04-11 16:56:24.0;
9;9448;2019-04-11 16:56:31.0;
9;9447;2019-04-11 16:56:39.0;
9;9448;2019-04-11 16:56:53.0;
9;9447.5;2019-04-11 16:57:04.0;
9;9450.5;2019-04-11 16:57:40.0;
9;9449.5;2019-04-11 16:57:49.0;
9;9450.5;2019-04-11 16:58:26.0;
9;9449.5;2019-04-11 16:58:28.0;
9;9450.5;2019-04-11 16:58:30.0;
9;9452;2019-04-11 16:58:40.0;
9;9450.5;2019-04-11 16:58:43.0;
9;9452;2019-04-11 16:58:44.0;
9;9450.5;2019-04-11 16:58:45.0;
9;9449.5;2019-04-11 16:58:58.0;
9;9450;2019-04-11 16:59:06.0;
9;9451;2019-04-11 16:59:12.0;
9;9450.5;2019-04-11 16:59:20.0;
9;9451;2019-04-11 16:59:24.0;
9;9450.5;2019-04-11 16:59:25.0;
9;9451;2019-04-11 16:59:28.0;
9;9452.5;2019-04-11 16:59:31.0;
9;9451;2019-04-11 16:59:32.0;
9;9452.5;2019-04-11 16:59:34.0;
9;9453;2019-04-11 16:59:43.0;
9;9455;2019-04-11 17:00:03.0;
9;9453;2019-04-11 17:00:05.0;
9;9455;2019-04-11 17:00:08.0;
9;9454.5;2019-04-11 17:00:09.0;
9;9455;2019-04-11 17:00:11.0;
9;9454.5;2019-04-11 17:00:13.0;
9;9455;2019-04-11 17:00:14.0;
9;9456;2019-04-11 17:00:21.0;
9;9455;2019-04-11 17:00:23.0;
9;9456;2019-04-11 17:00:24.0;
9;9455.5;2019-04-11 17:00:34.0;
9;9457.5;2019-04-11 17:00:41.0;
9;9458;2019-04-11 17:00:47.0;
9;9457;2019-04-11 17:00:48.0;
9;9456.5;2019-04-11 17:00:58.0;
9;9457.5;2019-04-11 17:01:05.0;
9;9458;2019-04-11 17:01:11.0;
9;9458.5;2019-04-11 17:01:12.0;
9;9458;2019-04-11 17:01:14.0;
9;9458.5;2019-04-11 17:01:15.0;
9;9459;2019-04-11 17:01:30.0;
9;9458.5;2019-04-11 17:01:39.0;
9;9459;2019-04-11 17:01:40.0;
9;9458.5;2019-04-11 17:01:48.0;
9;9455.5;2019-04-11 17:02:03.0;
9;9456;2019-04-11 17:02:08.0;
9;9457.5;2019-04-11 17:02:54.0;
9;9457;2019-04-11 17:02:59.0;
9;9456.5;2019-04-11 17:03:10.0;
9;9458;2019-04-11 17:03:19.0;
9;9458.5;2019-04-11 17:03:24.0;
9;9458;2019-04-11 17:03:25.0;
9;9458.5;2019-04-11 17:03:26.0;
9;9456.5;2019-04-11 17:03:28.0;
9;9453.5;2019-04-11 17:03:34.0;
9;9454;2019-04-11 17:03:35.0;
9;9453.5;2019-04-11 17:03:40.0;
9;9454;2019-04-11 17:03:41.0;
9;9453.5;2019-04-11 17:03:44.0;
9;9454;2019-04-11 17:03:46.0;
9;9455;2019-04-11 17:04:05.0;
9;9454;2019-04-11 17:04:06.0;
9;9453.5;2019-04-11 17:04:15.0;
9;9454;2019-04-11 17:04:17.0;
9;9453;2019-04-11 17:04:18.0;
9;9453.5;2019-04-11 17:04:20.0;
9;9453;2019-04-11 17:04:21.0;
9;9452.5;2019-04-11 17:04:31.0;
9;9453;2019-04-11 17:04:34.0;
9;9452.5;2019-04-11 17:04:45.0;
9;9453;2019-04-11 17:04:52.0;
9;9452.5;2019-04-11 17:04:53.0;
9;9453;2019-04-11 17:04:55.0;
9;9455;2019-04-11 17:04:58.0;
9;9455.5;2019-04-11 17:05:03.0;
9;9455;2019-04-11 17:05:08.0;
9;9455.5;2019-04-11 17:05:17.0;
9;9454.5;2019-04-11 17:05:27.0;
9;9453.5;2019-04-11 17:05:32.0;
9;9455;2019-04-11 17:05:36.0;
9;9454;2019-04-11 17:05:47.0;
9;9454.5;2019-04-11 17:06:03.0;
9;9454;2019-04-11 17:06:05.0;
9;9454.5;2019-04-11 17:06:06.0;
9;9455;2019-04-11 17:06:08.0;
9;9455.5;2019-04-11 17:06:21.0;
9;9456;2019-04-11 17:06:29.0;
9;9455.5;2019-04-11 17:06:39.0;
9;9456;2019-04-11 17:06:55.0;
9;9455;2019-04-11 17:07:00.0;
9;9456;2019-04-11 17:07:03.0;
9;9454.5;2019-04-11 17:07:05.0;
9;9453;2019-04-11 17:07:07.0;
9;9451.5;2019-04-11 17:07:16.0;
9;9452;2019-04-11 17:07:22.0;
9;9451.5;2019-04-11 17:07:28.0;
9;9451;2019-04-11 17:07:31.0;
9;9450.5;2019-04-11 17:07:37.0;
9;9451;2019-04-11 17:07:38.0;
9;9450.5;2019-04-11 17:07:39.0;
9;9451;2019-04-11 17:07:42.0;
9;9450.5;2019-04-11 17:07:47.0;
9;9451.5;2019-04-11 17:08:03.0;
9;9450.5;2019-04-11 17:08:04.0;
9;9451.5;2019-04-11 17:08:06.0;
9;9452;2019-04-11 17:08:23.0;
9;9452.5;2019-04-11 17:08:34.0;
9;9454.5;2019-04-11 17:08:39.0;
9;9451.5;2019-04-11 17:08:44.0;
9;9452;2019-04-11 17:08:47.0;
9;9453.5;2019-04-11 17:09:03.0;
9;9452;2019-04-11 17:09:04.0;
9;9453.5;2019-04-11 17:09:06.0;
9;9453;2019-04-11 17:09:13.0;
9;9451.5;2019-04-11 17:09:16.0;
9;9452;2019-04-11 17:09:22.0;
9;9453;2019-04-11 17:09:23.0;
9;9452;2019-04-11 17:09:26.0;
9;9453;2019-04-11 17:09:28.0;
9;9451.5;2019-04-11 17:09:33.0;
9;9452.5;2019-04-11 17:09:48.0;
9;9453;2019-04-11 17:10:12.0;
9;9452;2019-04-11 17:10:27.0;
9;9451;2019-04-11 17:10:36.0;
9;9450.5;2019-04-11 17:10:53.0;
9;9450;2019-04-11 17:11:08.0;
9;9449.5;2019-04-11 17:11:29.0;
9;9450;2019-04-11 17:11:35.0;
9;9449.5;2019-04-11 17:11:36.0;
9;9450;2019-04-11 17:11:38.0;
9;9449;2019-04-11 17:12:05.0;
9;9451;2019-04-11 17:12:31.0;
9;9451.5;2019-04-11 17:12:41.0;
9;9450.5;2019-04-11 17:12:44.0;
9;9451.5;2019-04-11 17:12:52.0;
9;9450.5;2019-04-11 17:12:54.0;
9;9451.5;2019-04-11 17:12:56.0;
9;9452;2019-04-11 17:13:00.0;
9;9450.5;2019-04-11 17:13:18.0;
9;9451;2019-04-11 17:13:24.0;
9;9453;2019-04-11 17:14:04.0;
9;9451;2019-04-11 17:14:05.0;
9;9453;2019-04-11 17:14:06.0;
9;9452;2019-04-11 17:14:20.0;
9;9451.5;2019-04-11 17:14:28.0;
9;9452;2019-04-11 17:14:32.0;
9;9455;2019-04-11 17:14:53.0;
9;9455.5;2019-04-11 17:15:02.0;
9;9456;2019-04-11 17:15:03.0;
9;9455.5;2019-04-11 17:15:19.0;
9;9456;2019-04-11 17:15:20.0;
9;9456.5;2019-04-11 17:15:27.0;
9;9457;2019-04-11 17:15:46.0;
9;9455;2019-04-11 17:15:48.0;
9;9457;2019-04-11 17:15:49.0;
9;9455;2019-04-11 17:15:51.0;
9;9457.5;2019-04-11 17:16:07.0;
9;9456;2019-04-11 17:16:09.0;
9;9455.5;2019-04-11 17:16:12.0;
9;9456;2019-04-11 17:16:35.0;
9;9454.5;2019-04-11 17:16:48.0;
9;9453.5;2019-04-11 17:17:02.0;
9;9453;2019-04-11 17:17:04.0;
9;9451;2019-04-11 17:17:38.0;
9;9450.5;2019-04-11 17:17:44.0;
9;9450;2019-04-11 17:18:07.0;
9;9450.5;2019-04-11 17:18:11.0;
9;9451;2019-04-11 17:18:16.0;
9;9449.5;2019-04-11 17:18:29.0;
9;9450;2019-04-11 17:18:30.0;
9;9449.5;2019-04-11 17:18:33.0;
9;9450;2019-04-11 17:18:35.0;
9;9447.5;2019-04-11 17:18:51.0;
9;9448;2019-04-11 17:18:55.0;
9;9447.5;2019-04-11 17:18:57.0;
9;9448.5;2019-04-11 17:19:13.0;
9;9449.5;2019-04-11 17:19:20.0;
9;9450;2019-04-11 17:19:27.0;
9;9450.5;2019-04-11 17:19:32.0;
9;9450;2019-04-11 17:19:42.0;
9;9450.5;2019-04-11 17:20:32.0;
9;9451.5;2019-04-11 17:20:35.0;
9;9452.5;2019-04-11 17:20:41.0;
9;9452;2019-04-11 17:20:48.0;
9;9452.5;2019-04-11 17:20:49.0;
9;9453;2019-04-11 17:20:51.0;
9;9453.5;2019-04-11 17:21:29.0;
9;9454;2019-04-11 17:21:32.0;
9;9453.5;2019-04-11 17:21:33.0;
9;9454;2019-04-11 17:21:34.0;
9;9453.5;2019-04-11 17:21:36.0;
9;9454;2019-04-11 17:21:39.0;
9;9453.5;2019-04-11 17:21:41.0;
9;9454;2019-04-11 17:21:42.0;
9;9453.5;2019-04-11 17:21:48.0;
9;9452.5;2019-04-11 17:22:05.0;
9;9454;2019-04-11 17:22:08.0;
9;9452;2019-04-11 17:22:18.0;
9;9450;2019-04-11 17:22:27.0;
9;9449.5;2019-04-11 17:22:35.0;
9;9448.5;2019-04-11 17:23:04.0;
9;9450;2019-04-11 17:23:11.0;
9;9449.5;2019-04-11 17:23:14.0;
9;9450;2019-04-11 17:23:16.0;
9;9451.5;2019-04-11 17:23:19.0;
9;9451;2019-04-11 17:23:23.0;
9;9450.5;2019-04-11 17:23:30.0;
9;9451;2019-04-11 17:23:49.0;
9;9450.5;2019-04-11 17:24:05.0;
9;9450;2019-04-11 17:24:09.0;
9;9449.5;2019-04-11 17:24:19.0;
9;9447.5;2019-04-11 17:24:26.0;
9;9446.5;2019-04-11 17:24:32.0;
9;9447;2019-04-11 17:24:41.0;
9;9445;2019-04-11 17:25:04.0;
9;9445.5;2019-04-11 17:25:08.0;
9;9445;2019-04-11 17:25:11.0;
9;9444.5;2019-04-11 17:25:41.0;
9;9445;2019-04-11 17:25:47.0;
9;9444.5;2019-04-11 17:25:48.0;
9;9445;2019-04-11 17:25:49.0;
9;9447.5;2019-04-11 17:26:03.0;
9;9445;2019-04-11 17:26:10.0;
9;9446;2019-04-11 17:26:27.0;
9;9445;2019-04-11 17:26:30.0;
9;9444;2019-04-11 17:26:31.0;
9;9443.5;2019-04-11 17:26:38.0;
9;9444;2019-04-11 17:26:39.0;
9;9446.5;2019-04-11 17:26:46.0;
9;9446;2019-04-11 17:26:53.0;
9;9446.5;2019-04-11 17:26:55.0;
9;9447.5;2019-04-11 17:27:04.0;
9;9446;2019-04-11 17:27:17.0;
9;9447;2019-04-11 17:27:24.0;
9;9446;2019-04-11 17:27:25.0;
9;9446.5;2019-04-11 17:27:27.0;
9;9447;2019-04-11 17:28:04.0;
9;9446.5;2019-04-11 17:28:05.0;
9;9447;2019-04-11 17:28:09.0;
9;9446.5;2019-04-11 17:28:10.0;
9;9447;2019-04-11 17:28:52.0;
9;9447.5;2019-04-11 17:28:54.0;
9;9447;2019-04-11 17:28:57.0;
9;9448;2019-04-11 17:28:58.0;
9;9447.5;2019-04-11 17:28:59.0;
9;9448;2019-04-11 17:29:01.0;
9;9449;2019-04-11 17:29:03.0;
9;9448;2019-04-11 17:29:04.0;
9;9449;2019-04-11 17:29:06.0;
9;9448.5;2019-04-11 17:29:15.0;
9;9449.5;2019-04-11 17:29:18.0;
9;9450;2019-04-11 17:29:27.0;
9;9449.5;2019-04-11 17:29:28.0;
9;9450;2019-04-11 17:29:29.0;
9;9451;2019-04-11 17:29:33.0;
9;9451.5;2019-04-11 17:29:35.0;
9;9449.5;2019-04-11 17:30:04.0;
9;9448.5;2019-04-11 17:30:09.0;
9;9447.5;2019-04-11 17:30:13.0;
9;9448;2019-04-11 17:30:15.0;
9;9447.5;2019-04-11 17:30:17.0;
9;9446.5;2019-04-11 17:30:18.0;
9;9448;2019-04-11 17:30:32.0;
9;9447;2019-04-11 17:30:36.0;
9;9446.5;2019-04-11 17:30:40.0;
9;9447;2019-04-11 17:30:41.0;
9;9446.5;2019-04-11 17:30:42.0;
9;9447;2019-04-11 17:30:44.0;
9;9445.5;2019-04-11 17:30:53.0;
9;9446;2019-04-11 17:30:56.0;
9;9445.5;2019-04-11 17:31:12.0;
9;9446;2019-04-11 17:31:13.0;
9;9445.5;2019-04-11 17:31:16.0;
9;9447.5;2019-04-11 17:31:19.0;
9;9447;2019-04-11 17:31:29.0;
9;9447.5;2019-04-11 17:31:31.0;
9;9447;2019-04-11 17:31:32.0;
9;9446;2019-04-11 17:31:44.0;
9;9447;2019-04-11 17:32:08.0;
9;9446;2019-04-11 17:32:22.0;
9;9447.5;2019-04-11 17:32:27.0;
9;9446.5;2019-04-11 17:32:28.0;
9;9446;2019-04-11 17:32:31.0;
9;9445;2019-04-11 17:32:40.0;
9;9442;2019-04-11 17:32:48.0;
9;9441;2019-04-11 17:32:51.0;
9;9442;2019-04-11 17:32:54.0;
9;9440;2019-04-11 17:32:56.0;
9;9439.5;2019-04-11 17:33:03.0;
9;9441;2019-04-11 17:33:22.0;
9;9441.5;2019-04-11 17:33:23.0;
9;9441;2019-04-11 17:33:32.0;
9;9440.5;2019-04-11 17:33:35.0;
9;9438.5;2019-04-11 17:33:39.0;
9;9439;2019-04-11 17:33:49.0;
9;9438.5;2019-04-11 17:34:05.0;
9;9439.5;2019-04-11 17:34:08.0;
9;9439;2019-04-11 17:34:25.0;
9;9439.5;2019-04-11 17:34:26.0;
9;9441.5;2019-04-11 17:34:28.0;
9;9441;2019-04-11 17:34:34.0;
9;9440;2019-04-11 17:34:37.0;
9;9440.5;2019-04-11 17:34:47.0;
9;9438.5;2019-04-11 17:35:07.0;
9;9439.5;2019-04-11 17:35:12.0;
9;9438.5;2019-04-11 17:35:13.0;
9;9439.5;2019-04-11 17:35:15.0;
9;9439;2019-04-11 17:35:16.0;
9;9439.5;2019-04-11 17:35:19.0;
9;9439;2019-04-11 17:35:21.0;
9;9437.5;2019-04-11 17:35:28.0;
9;9438.5;2019-04-11 17:35:31.0;
9;9438;2019-04-11 17:35:37.0;
9;9438.5;2019-04-11 17:35:39.0;
9;9438;2019-04-11 17:35:40.0;
9;9438.5;2019-04-11 17:35:41.0;
9;9438;2019-04-11 17:35:47.0;
9;9436.5;2019-04-11 17:35:48.0;
9;9438;2019-04-11 17:35:50.0;
9;9436.5;2019-04-11 17:35:51.0;
9;9440;2019-04-11 17:36:03.0;
9;9439.5;2019-04-11 17:36:08.0;
9;9441;2019-04-11 17:36:12.0;
9;9440.5;2019-04-11 17:36:14.0;
9;9441;2019-04-11 17:36:20.0;
9;9440;2019-04-11 17:36:22.0;
9;9439.5;2019-04-11 17:36:27.0;
9;9440;2019-04-11 17:36:32.0;
9;9438.5;2019-04-11 17:36:38.0;
9;9439.5;2019-04-11 17:36:46.0;
9;9438.5;2019-04-11 17:36:47.0;
9;9439.5;2019-04-11 17:36:50.0;
9;9438.5;2019-04-11 17:36:58.0;
9;9439;2019-04-11 17:37:01.0;
9;9440.5;2019-04-11 17:37:06.0;
9;9439;2019-04-11 17:37:07.0;
9;9440.5;2019-04-11 17:37:10.0;
9;9441;2019-04-11 17:37:14.0;
9;9442;2019-04-11 17:37:19.0;
9;9441.5;2019-04-11 17:37:25.0;
9;9442;2019-04-11 17:37:26.0;
9;9441.5;2019-04-11 17:37:27.0;
9;9442;2019-04-11 17:37:30.0;
9;9443;2019-04-11 17:38:08.0;
9;9442;2019-04-11 17:38:15.0;
9;9441;2019-04-11 17:38:20.0;
9;9442;2019-04-11 17:38:21.0;
9;9441;2019-04-11 17:38:23.0;
9;9440.5;2019-04-11 17:38:52.0;
9;9443;2019-04-11 17:38:55.0;
9;9440.5;2019-04-11 17:38:57.0;
9;9443;2019-04-11 17:38:58.0;
9;9441;2019-04-11 17:38:59.0;
9;9440.5;2019-04-11 17:39:26.0;
9;9437.5;2019-04-11 17:39:27.0;
9;9438;2019-04-11 17:39:31.0;
9;9437.5;2019-04-11 17:39:37.0;
9;9438;2019-04-11 17:39:39.0;
9;9437.5;2019-04-11 17:39:40.0;
9;9438;2019-04-11 17:39:42.0;
9;9436.5;2019-04-11 17:39:46.0;
9;9435.5;2019-04-11 17:39:47.0;
9;9436.5;2019-04-11 17:39:48.0;
9;9435.5;2019-04-11 17:39:50.0;
9;9433.5;2019-04-11 17:40:04.0;
9;9431;2019-04-11 17:40:10.0;
9;9430.5;2019-04-11 17:40:11.0;
9;9431.5;2019-04-11 17:40:15.0;
9;9432.5;2019-04-11 17:40:20.0;
9;9432;2019-04-11 17:40:26.0;
9;9430;2019-04-11 17:40:30.0;
9;9429;2019-04-11 17:40:39.0;
9;9424.5;2019-04-11 17:40:44.0;
9;9426.5;2019-04-11 17:40:46.0;
9;9422.5;2019-04-11 17:41:03.0;
9;9424;2019-04-11 17:41:09.0;
9;9423;2019-04-11 17:41:11.0;
9;9421;2019-04-11 17:41:18.0;
9;9419.5;2019-04-11 17:41:24.0;
9;9421;2019-04-11 17:41:26.0;
9;9419.5;2019-04-11 17:41:27.0;
9;9420.5;2019-04-11 17:41:33.0;
9;9418.5;2019-04-11 17:41:35.0;
9;9419.5;2019-04-11 17:41:40.0;
9;9419;2019-04-11 17:42:15.0;
9;9417.5;2019-04-11 17:42:19.0;
9;9418;2019-04-11 17:42:27.0;
9;9417.5;2019-04-11 17:42:35.0;
9;9418.5;2019-04-11 17:42:40.0;
9;9419;2019-04-11 17:42:44.0;
9;9418;2019-04-11 17:42:47.0;
9;9419;2019-04-11 17:42:49.0;
9;9417.5;2019-04-11 17:42:51.0;
9;9419;2019-04-11 17:42:59.0;
9;9417.5;2019-04-11 17:43:11.0;
9;9418;2019-04-11 17:43:17.0;
9;9419;2019-04-11 17:43:20.0;
9;9418;2019-04-11 17:43:21.0;
9;9419;2019-04-11 17:43:23.0;
9;9418.5;2019-04-11 17:43:35.0;
9;9420;2019-04-11 17:44:11.0;
9;9420.5;2019-04-11 17:44:18.0;
9;9419.5;2019-04-11 17:44:27.0;
9;9421;2019-04-11 17:44:37.0;
9;9422.5;2019-04-11 17:44:39.0;
9;9424;2019-04-11 17:44:45.0;
9;9423.5;2019-04-11 17:44:51.0;
9;9424;2019-04-11 17:44:58.0;
9;9425.5;2019-04-11 17:45:05.0;
9;9426.5;2019-04-11 17:45:08.0;
9;9425.5;2019-04-11 17:45:09.0;
9;9426.5;2019-04-11 17:45:12.0;
9;9426;2019-04-11 17:45:17.0;
9;9426.5;2019-04-11 17:45:22.0;
9;9427;2019-04-11 17:45:32.0;
9;9428;2019-04-11 17:45:48.0;
9;9427;2019-04-11 17:46:09.0;
9;9427.5;2019-04-11 17:46:10.0;
9;9427;2019-04-11 17:46:12.0;
9;9427.5;2019-04-11 17:46:14.0;
9;9426.5;2019-04-11 17:46:21.0;
9;9427.5;2019-04-11 17:46:22.0;
9;9426.5;2019-04-11 17:46:24.0;
9;9425.5;2019-04-11 17:46:27.0;
9;9426.5;2019-04-11 17:46:28.0;
9;9424;2019-04-11 17:46:31.0;
9;9425.5;2019-04-11 17:46:34.0;
9;9425;2019-04-11 17:46:59.0;
9;9424.5;2019-04-11 17:47:16.0;
9;9422.5;2019-04-11 17:47:19.0;
9;9423;2019-04-11 17:47:23.0;
9;9424.5;2019-04-11 17:47:30.0;
9;9424;2019-04-11 17:47:40.0;
9;9424.5;2019-04-11 17:47:49.0;
9;9424;2019-04-11 17:48:03.0;
9;9424.5;2019-04-11 17:48:05.0;
9;9424;2019-04-11 17:48:06.0;
9;9426;2019-04-11 17:48:08.0;
9;9425.5;2019-04-11 17:48:11.0;
9;9426.5;2019-04-11 17:48:24.0;
9;9426;2019-04-11 17:48:32.0;
9;9427;2019-04-11 17:48:48.0;
9;9427.5;2019-04-11 17:48:55.0;
9;9427;2019-04-11 17:49:00.0;
9;9426.5;2019-04-11 17:49:16.0;
9;9426;2019-04-11 17:49:24.0;
9;9425.5;2019-04-11 17:50:03.0;
9;9426;2019-04-11 17:50:05.0;
9;9425.5;2019-04-11 17:50:06.0;
9;9426.5;2019-04-11 17:50:20.0;
9;9427.5;2019-04-11 17:50:51.0;
9;9426.5;2019-04-11 17:50:52.0;
9;9427.5;2019-04-11 17:50:54.0;
9;9427;2019-04-11 17:51:04.0;
9;9426.5;2019-04-11 17:51:49.0;
9;9425.5;2019-04-11 17:52:04.0;
9;9427.5;2019-04-11 17:52:10.0;
9;9427;2019-04-11 17:52:17.0;
9;9427.5;2019-04-11 17:52:34.0;
9;9428;2019-04-11 17:52:43.0;
9;9427.5;2019-04-11 17:52:44.0;
9;9428;2019-04-11 17:52:46.0;
9;9427.5;2019-04-11 17:53:03.0;
9;9424.5;2019-04-11 17:53:19.0;
9;9425;2019-04-11 17:53:23.0;
9;9424.5;2019-04-11 17:53:28.0;
9;9423.5;2019-04-11 17:53:34.0;
9;9425;2019-04-11 17:53:47.0;
9;9424;2019-04-11 17:54:04.0;
9;9425;2019-04-11 17:54:19.0;
9;9425.5;2019-04-11 17:54:25.0;
9;9425;2019-04-11 17:54:45.0;
9;9426;2019-04-11 17:54:49.0;
9;9424.5;2019-04-11 17:55:03.0;
9;9425;2019-04-11 17:55:07.0;
9;9426;2019-04-11 17:55:26.0;
9;9425;2019-04-11 17:55:28.0;
9;9426;2019-04-11 17:55:29.0;
9;9426.5;2019-04-11 17:55:32.0;
9;9427;2019-04-11 17:55:35.0;
9;9426.5;2019-04-11 17:55:42.0;
9;9427.5;2019-04-11 17:56:03.0;
9;9426.5;2019-04-11 17:56:04.0;
9;9427.5;2019-04-11 17:56:06.0;
9;9427;2019-04-11 17:56:33.0;
9;9428;2019-04-11 17:57:09.0;
9;9427;2019-04-11 17:57:10.0;
9;9428;2019-04-11 17:57:12.0;
9;9429.5;2019-04-11 17:57:15.0;
9;9427.5;2019-04-11 17:57:27.0;
9;9428;2019-04-11 17:57:34.0;
9;9427.5;2019-04-11 17:57:35.0;
9;9429;2019-04-11 17:58:03.0;
9;9427.5;2019-04-11 17:58:14.0;
9;9428;2019-04-11 17:58:22.0;
9;9428.5;2019-04-11 17:59:10.0;
9;9429;2019-04-11 17:59:15.0;
9;9430.5;2019-04-11 18:01:36.0;
9;9429;2019-04-11 18:01:37.0;
9;9430.5;2019-04-11 18:01:39.0;
9;9430;2019-04-11 18:01:45.0;
9;9430.5;2019-04-11 18:01:48.0;
9;9430;2019-04-11 18:01:49.0;
9;9430.5;2019-04-11 18:01:52.0;
9;9430;2019-04-11 18:02:23.0;
9;9429.5;2019-04-11 18:04:03.0;
9;9431;2019-04-11 18:04:12.0;
9;9430.5;2019-04-11 18:04:20.0;
9;9431;2019-04-11 18:04:21.0;
9;9430.5;2019-04-11 18:04:23.0;
9;9431.5;2019-04-11 18:04:33.0;
9;9431;2019-04-11 18:05:19.0;
9;9431.5;2019-04-11 18:05:20.0;
9;9431;2019-04-11 18:05:22.0;
9;9431.5;2019-04-11 18:05:23.0;
9;9430.5;2019-04-11 18:05:38.0;
9;9431;2019-04-11 18:05:42.0;
9;9432;2019-04-11 18:06:13.0;
9;9433.5;2019-04-11 18:06:16.0;
9;9432;2019-04-11 18:06:18.0;
9;9433.5;2019-04-11 18:06:19.0;
9;9433;2019-04-11 18:06:29.0;
9;9433.5;2019-04-11 18:06:33.0;
9;9434;2019-04-11 18:07:03.0;
9;9433.5;2019-04-11 18:07:04.0;
9;9434;2019-04-11 18:07:06.0;
9;9433.5;2019-04-11 18:07:15.0;
9;9433;2019-04-11 18:07:35.0;
9;9433.5;2019-04-11 18:07:40.0;
9;9433;2019-04-11 18:07:48.0;
9;9432.5;2019-04-11 18:08:08.0;
9;9432;2019-04-11 18:08:16.0;
9;9432.5;2019-04-11 18:08:26.0;
9;9435;2019-04-11 18:08:30.0;
9;9432.5;2019-04-11 18:08:35.0;
9;9433;2019-04-11 18:08:41.0;
9;9434.5;2019-04-11 18:08:47.0;
9;9432.5;2019-04-11 18:08:52.0;
9;9434.5;2019-04-11 18:08:54.0;
9;9433;2019-04-11 18:08:56.0;
9;9434.5;2019-04-11 18:09:08.0;
9;9433;2019-04-11 18:09:14.0;
9;9433.5;2019-04-11 18:09:21.0;
9;9434;2019-04-11 18:09:31.0;
9;9433.5;2019-04-11 18:09:32.0;
9;9434;2019-04-11 18:09:33.0;
9;9433.5;2019-04-11 18:09:44.0;
9;9434.5;2019-04-11 18:10:05.0;
9;9435;2019-04-11 18:10:20.0;
9;9434.5;2019-04-11 18:10:50.0;
9;9435;2019-04-11 18:10:52.0;
9;9434.5;2019-04-11 18:10:53.0;
9;9434;2019-04-11 18:11:27.0;
9;9434.5;2019-04-11 18:11:42.0;
9;9434;2019-04-11 18:12:05.0;
9;9434.5;2019-04-11 18:12:06.0;
9;9434;2019-04-11 18:12:07.0;
9;9433.5;2019-04-11 18:12:20.0;
9;9435;2019-04-11 18:12:26.0;
9;9434.5;2019-04-11 18:12:31.0;
9;9433.5;2019-04-11 18:12:43.0;
9;9435;2019-04-11 18:12:47.0;
9;9433.5;2019-04-11 18:12:48.0;
9;9434.5;2019-04-11 18:12:51.0;
9;9436.5;2019-04-11 18:12:56.0;
9;9434.5;2019-04-11 18:12:57.0;
9;9437;2019-04-11 18:12:59.0;
9;9436.5;2019-04-11 18:13:03.0;
9;9437;2019-04-11 18:13:05.0;
9;9436.5;2019-04-11 18:13:06.0;
9;9435.5;2019-04-11 18:13:07.0;
9;9435;2019-04-11 18:13:18.0;
9;9434;2019-04-11 18:13:30.0;
9;9434.5;2019-04-11 18:13:36.0;
9;9435;2019-04-11 18:14:25.0;
9;9434;2019-04-11 18:14:54.0;
9;9434.5;2019-04-11 18:14:56.0;
9;9434;2019-04-11 18:16:11.0;
9;9434.5;2019-04-11 18:16:24.0;
9;9433.5;2019-04-11 18:16:32.0;
9;9434;2019-04-11 18:16:39.0;
9;9435;2019-04-11 18:16:45.0;
9;9433.5;2019-04-11 18:16:47.0;
9;9435;2019-04-11 18:17:41.0;
9;9435.5;2019-04-11 18:17:45.0;
9;9435;2019-04-11 18:17:48.0;
9;9434.5;2019-04-11 18:18:15.0;
9;9435;2019-04-11 18:18:23.0;
9;9434.5;2019-04-11 18:18:41.0;
9;9434;2019-04-11 18:20:05.0;
9;9433.5;2019-04-11 18:20:09.0;
9;9434;2019-04-11 18:20:11.0;
9;9433.5;2019-04-11 18:20:12.0;
9;9434;2019-04-11 18:20:24.0;
9;9435;2019-04-11 18:21:24.0;
9;9433;2019-04-11 18:21:28.0;
9;9435;2019-04-11 18:22:22.0;
9;9434;2019-04-11 18:22:28.0;
9;9434.5;2019-04-11 18:22:32.0;
9;9434;2019-04-11 18:22:33.0;
9;9434.5;2019-04-11 18:22:35.0;
9;9435;2019-04-11 18:22:56.0;
9;9434;2019-04-11 18:22:59.0;
9;9434.5;2019-04-11 18:23:03.0;
9;9434;2019-04-11 18:23:07.0;
9;9434.5;2019-04-11 18:23:16.0;
9;9435;2019-04-11 18:23:20.0;
9;9436.5;2019-04-11 18:24:03.0;
9;9437;2019-04-11 18:24:40.0;
9;9436;2019-04-11 18:24:46.0;
9;9435.5;2019-04-11 18:24:47.0;
9;9436;2019-04-11 18:24:49.0;
9;9435.5;2019-04-11 18:25:13.0;
9;9435;2019-04-11 18:25:15.0;
9;9435.5;2019-04-11 18:25:33.0;
9;9433.5;2019-04-11 18:26:05.0;
9;9435.5;2019-04-11 18:26:07.0;
9;9433.5;2019-04-11 18:26:09.0;
9;9434;2019-04-11 18:26:12.0;
9;9433.5;2019-04-11 18:26:13.0;
9;9434;2019-04-11 18:26:14.0;
9;9433.5;2019-04-11 18:26:16.0;
9;9434.5;2019-04-11 18:26:29.0;
9;9435;2019-04-11 18:27:36.0;
9;9434.5;2019-04-11 18:27:39.0;
9;9433;2019-04-11 18:28:29.0;
9;9432.5;2019-04-11 18:28:43.0;
9;9433.5;2019-04-11 18:29:18.0;
9;9433;2019-04-11 18:29:24.0;
9;9433.5;2019-04-11 18:29:33.0;
9;9433;2019-04-11 18:29:46.0;
9;9433.5;2019-04-11 18:30:04.0;
9;9433;2019-04-11 18:30:25.0;
9;9434;2019-04-11 18:31:35.0;
9;9433;2019-04-11 18:31:37.0;
9;9434;2019-04-11 18:31:39.0;
9;9434.5;2019-04-11 18:31:45.0;
9;9434;2019-04-11 18:31:46.0;
9;9434.5;2019-04-11 18:31:48.0;
9;9433.5;2019-04-11 18:31:49.0;
9;9434;2019-04-11 18:32:04.0;
9;9433.5;2019-04-11 18:32:11.0;
9;9434;2019-04-11 18:32:12.0;
9;9433.5;2019-04-11 18:32:13.0;
9;9432.5;2019-04-11 18:32:38.0;
9;9433;2019-04-11 18:32:44.0;
9;9433.5;2019-04-11 18:32:48.0;
9;9434;2019-04-11 18:33:08.0;
9;9433.5;2019-04-11 18:33:11.0;
9;9434;2019-04-11 18:33:12.0;
9;9433.5;2019-04-11 18:33:14.0;
9;9433;2019-04-11 18:33:36.0;
9;9433.5;2019-04-11 18:34:07.0;
9;9432.5;2019-04-11 18:34:11.0;
9;9433;2019-04-11 18:34:20.0;
9;9432.5;2019-04-11 18:34:21.0;
9;9433;2019-04-11 18:34:23.0;
9;9432.5;2019-04-11 18:34:24.0;
9;9433;2019-04-11 18:34:49.0;
9;9434;2019-04-11 18:35:07.0;
9;9433;2019-04-11 18:35:10.0;
9;9432.5;2019-04-11 18:35:11.0;
9;9434;2019-04-11 18:36:21.0;
9;9432.5;2019-04-11 18:36:22.0;
9;9432;2019-04-11 18:36:24.0;
9;9432.5;2019-04-11 18:36:31.0;
9;9432;2019-04-11 18:37:48.0;
9;9432.5;2019-04-11 18:38:24.0;
9;9432;2019-04-11 18:38:27.0;
9;9431.5;2019-04-11 18:38:28.0;
9;9432.5;2019-04-11 18:39:35.0;
9;9431.5;2019-04-11 18:39:47.0;
9;9432.5;2019-04-11 18:40:06.0;
9;9432;2019-04-11 18:40:07.0;
9;9432.5;2019-04-11 18:40:16.0;
9;9434.5;2019-04-11 18:40:21.0;
9;9434;2019-04-11 18:40:29.0;
9;9434.5;2019-04-11 18:40:30.0;
9;9434;2019-04-11 18:40:31.0;
9;9433.5;2019-04-11 18:40:53.0;
9;9434;2019-04-11 18:41:36.0;
9;9433.5;2019-04-11 18:41:39.0;
9;9434;2019-04-11 18:41:42.0;
9;9433.5;2019-04-11 18:41:43.0;
9;9430.5;2019-04-11 18:42:03.0;
9;9433.5;2019-04-11 18:42:06.0;
9;9430.5;2019-04-11 18:42:07.0;
9;9432;2019-04-11 18:42:08.0;
9;9430.5;2019-04-11 18:42:14.0;
9;9431;2019-04-11 18:42:19.0;
9;9432;2019-04-11 18:42:27.0;
9;9431.5;2019-04-11 18:42:39.0;
9;9432;2019-04-11 18:42:40.0;
9;9431.5;2019-04-11 18:42:41.0;
9;9431;2019-04-11 18:42:47.0;
9;9430.5;2019-04-11 18:42:51.0;
9;9431.5;2019-04-11 18:43:27.0;
9;9431;2019-04-11 18:43:45.0;
9;9431.5;2019-04-11 18:44:03.0;
9;9431;2019-04-11 18:44:17.0;
9;9432;2019-04-11 18:44:27.0;
9;9432.5;2019-04-11 18:44:33.0;
9;9432;2019-04-11 18:44:34.0;
9;9432.5;2019-04-11 18:44:37.0;
9;9432;2019-04-11 18:44:38.0;
9;9431.5;2019-04-11 18:45:06.0;
9;9433.5;2019-04-11 18:45:18.0;
9;9433;2019-04-11 18:45:19.0;
9;9433.5;2019-04-11 18:45:21.0;
9;9433;2019-04-11 18:45:22.0;
9;9432.5;2019-04-11 18:45:31.0;
9;9431.5;2019-04-11 18:46:04.0;
9;9431;2019-04-11 18:46:33.0;
9;9430.5;2019-04-11 18:47:28.0;
9;9431;2019-04-11 18:47:40.0;
9;9431.5;2019-04-11 18:48:13.0;
9;9431;2019-04-11 18:48:34.0;
9;9431.5;2019-04-11 18:48:59.0;
9;9431;2019-04-11 18:49:05.0;
9;9430.5;2019-04-11 18:49:11.0;
9;9431;2019-04-11 18:49:17.0;
9;9430.5;2019-04-11 18:49:34.0;
9;9431;2019-04-11 18:49:35.0;
9;9430.5;2019-04-11 18:49:37.0;
9;9430;2019-04-11 18:49:39.0;
9;9430.5;2019-04-11 18:49:44.0;
9;9431;2019-04-11 18:50:06.0;
9;9430.5;2019-04-11 18:50:31.0;
9;9430;2019-04-11 18:50:36.0;
9;9430.5;2019-04-11 18:50:52.0;
9;9430;2019-04-11 18:51:28.0;
9;9430.5;2019-04-11 18:52:26.0;
9;9431;2019-04-11 18:52:37.0;
9;9431.5;2019-04-11 18:52:40.0;
9;9431;2019-04-11 18:52:41.0;
9;9431.5;2019-04-11 18:52:43.0;
9;9431;2019-04-11 18:52:45.0;
9;9430.5;2019-04-11 18:52:47.0;
9;9431;2019-04-11 18:52:53.0;
9;9432.5;2019-04-11 18:52:54.0;
9;9431;2019-04-11 18:52:55.0;
9;9432.5;2019-04-11 18:52:57.0;
9;9433;2019-04-11 18:53:11.0;
9;9432.5;2019-04-11 18:53:12.0;
9;9433;2019-04-11 18:53:31.0;
9;9433.5;2019-04-11 18:53:38.0;
9;9433;2019-04-11 18:53:46.0;
9;9433.5;2019-04-11 18:54:02.0;
9;9433;2019-04-11 18:54:13.0;
9;9433.5;2019-04-11 18:54:14.0;
9;9433;2019-04-11 18:54:19.0;
9;9434;2019-04-11 18:54:33.0;
9;9433.5;2019-04-11 18:54:52.0;
9;9434;2019-04-11 18:54:53.0;
9;9433.5;2019-04-11 18:54:55.0;
9;9432.5;2019-04-11 18:55:09.0;
9;9433;2019-04-11 18:55:22.0;
9;9432;2019-04-11 18:55:31.0;
9;9431.5;2019-04-11 18:55:34.0;
9;9432;2019-04-11 18:55:36.0;
9;9431.5;2019-04-11 18:55:37.0;
9;9432;2019-04-11 18:55:39.0;
9;9432.5;2019-04-11 18:56:11.0;
9;9432;2019-04-11 18:56:39.0;
9;9433;2019-04-11 18:56:56.0;
9;9432.5;2019-04-11 18:57:03.0;
9;9433;2019-04-11 18:57:05.0;
9;9432.5;2019-04-11 18:57:06.0;
9;9433.5;2019-04-11 18:57:16.0;
9;9432;2019-04-11 18:57:49.0;
9;9432.5;2019-04-11 18:58:15.0;
9;9433;2019-04-11 18:58:39.0;
9;9432.5;2019-04-11 18:58:56.0;
9;9433;2019-04-11 18:58:57.0;
9;9432.5;2019-04-11 18:58:58.0;
9;9433.5;2019-04-11 18:59:20.0;
9;9432.5;2019-04-11 18:59:21.0;
9;9433.5;2019-04-11 18:59:22.0;
9;9433;2019-04-11 18:59:24.0;
9;9432.5;2019-04-11 18:59:30.0;
9;9433.5;2019-04-11 19:00:15.0;
9;9432.5;2019-04-11 19:00:39.0;
9;9433;2019-04-11 19:00:45.0;
9;9432.5;2019-04-11 19:01:10.0;
9;9433.5;2019-04-11 19:01:11.0;
9;9432.5;2019-04-11 19:01:13.0;
9;9433.5;2019-04-11 19:01:14.0;
9;9433;2019-04-11 19:01:23.0;
9;9433.5;2019-04-11 19:01:25.0;
9;9433;2019-04-11 19:01:26.0;
9;9433.5;2019-04-11 19:02:53.0;
9;9433;2019-04-11 19:02:55.0;
9;9432.5;2019-04-11 19:02:56.0;
9;9433;2019-04-11 19:02:59.0;
9;9432.5;2019-04-11 19:03:00.0;
9;9433;2019-04-11 19:03:02.0;
9;9432.5;2019-04-11 19:03:20.0;
9;9433;2019-04-11 19:03:33.0;
9;9432.5;2019-04-11 19:04:20.0;
9;9433.5;2019-04-11 19:05:18.0;
9;9433;2019-04-11 19:05:34.0;
9;9432.5;2019-04-11 19:05:47.0;
9;9432;2019-04-11 19:07:26.0;
9;9432.5;2019-04-11 19:07:29.0;
9;9432;2019-04-11 19:07:30.0;
9;9431.5;2019-04-11 19:07:44.0;
9;9432.5;2019-04-11 19:08:34.0;
9;9432;2019-04-11 19:08:40.0;
9;9431.5;2019-04-11 19:08:44.0;
9;9432;2019-04-11 19:08:45.0;
9;9432.5;2019-04-11 19:08:47.0;
9;9431.5;2019-04-11 19:08:48.0;
9;9432.5;2019-04-11 19:08:50.0;
9;9431.5;2019-04-11 19:08:55.0;
9;9432;2019-04-11 19:08:59.0;
9;9431.5;2019-04-11 19:10:37.0;
9;9433;2019-04-11 19:11:22.0;
9;9431.5;2019-04-11 19:11:23.0;
9;9433;2019-04-11 19:11:25.0;
9;9432.5;2019-04-11 19:11:48.0;
9;9432;2019-04-11 19:12:04.0;
9;9431.5;2019-04-11 19:12:20.0;
9;9432;2019-04-11 19:14:07.0;
9;9431.5;2019-04-11 19:14:38.0;
9;9432.5;2019-04-11 19:15:33.0;
9;9431.5;2019-04-11 19:15:36.0;
9;9432.5;2019-04-11 19:15:37.0;
9;9432;2019-04-11 19:15:39.0;
9;9431.5;2019-04-11 19:16:07.0;
9;9432;2019-04-11 19:16:24.0;
9;9431.5;2019-04-11 19:16:25.0;
9;9432;2019-04-11 19:16:27.0;
9;9431.5;2019-04-11 19:17:11.0;
9;9432.5;2019-04-11 19:17:46.0;
9;9433.5;2019-04-11 19:20:05.0;
9;9432;2019-04-11 19:20:17.0;
9;9433;2019-04-11 19:20:18.0;
9;9432.5;2019-04-11 19:20:44.0;
9;9433;2019-04-11 19:20:45.0;
9;9432.5;2019-04-11 19:20:47.0;
9;9433;2019-04-11 19:21:23.0;
9;9432.5;2019-04-11 19:21:43.0;
9;9433;2019-04-11 19:22:28.0;
9;9432.5;2019-04-11 19:23:01.0;
9;9433;2019-04-11 19:23:06.0;
9;9432.5;2019-04-11 19:23:15.0;
9;9433.5;2019-04-11 19:23:27.0;
9;9432.5;2019-04-11 19:23:28.0;
9;9433.5;2019-04-11 19:23:30.0;
9;9433;2019-04-11 19:24:07.0;
9;9433.5;2019-04-11 19:24:15.0;
9;9433;2019-04-11 19:24:16.0;
9;9433.5;2019-04-11 19:24:19.0;
9;9433;2019-04-11 19:24:33.0;
9;9432.5;2019-04-11 19:24:42.0;
9;9433;2019-04-11 19:26:20.0;
9;9432.5;2019-04-11 19:26:21.0;
9;9433;2019-04-11 19:26:22.0;
9;9432.5;2019-04-11 19:26:54.0;
9;9433;2019-04-11 19:27:19.0;
9;9432.5;2019-04-11 19:27:27.0;
9;9433;2019-04-11 19:27:29.0;
9;9432.5;2019-04-11 19:27:30.0;
9;9433;2019-04-11 19:27:41.0;
9;9434;2019-04-11 19:28:08.0;
9;9433.5;2019-04-11 19:28:17.0;
9;9434;2019-04-11 19:28:33.0;
9;9433.5;2019-04-11 19:28:49.0;
9;9434;2019-04-11 19:29:08.0;
9;9433.5;2019-04-11 19:29:09.0;
9;9434;2019-04-11 19:29:11.0;
9;9433.5;2019-04-11 19:29:19.0;
9;9434.5;2019-04-11 19:30:11.0;
9;9433;2019-04-11 19:30:33.0;
9;9434.5;2019-04-11 19:30:35.0;
9;9433;2019-04-11 19:30:36.0;
9;9432.5;2019-04-11 19:31:14.0;
9;9433.5;2019-04-11 19:31:33.0;
9;9432.5;2019-04-11 19:32:08.0;
9;9433;2019-04-11 19:32:10.0;
9;9432.5;2019-04-11 19:32:45.0;
9;9433.5;2019-04-11 19:34:05.0;
9;9432.5;2019-04-11 19:34:09.0;
9;9433;2019-04-11 19:34:13.0;
9;9433.5;2019-04-11 19:34:24.0;
9;9434;2019-04-11 19:34:28.0;
9;9434.5;2019-04-11 19:34:44.0;
9;9433.5;2019-04-11 19:35:02.0;
9;9434.5;2019-04-11 19:35:16.0;
9;9433.5;2019-04-11 19:35:19.0;
9;9434.5;2019-04-11 19:35:20.0;
9;9435.5;2019-04-11 19:35:23.0;
9;9435;2019-04-11 19:35:28.0;
9;9434.5;2019-04-11 19:36:03.0;
9;9435.5;2019-04-11 19:36:20.0;
9;9434.5;2019-04-11 19:36:21.0;
9;9435.5;2019-04-11 19:36:22.0;
9;9433.5;2019-04-11 19:36:59.0;
9;9434;2019-04-11 19:37:06.0;
9;9434.5;2019-04-11 19:37:34.0;
9;9434;2019-04-11 19:37:40.0;
9;9433.5;2019-04-11 19:38:08.0;
9;9434;2019-04-11 19:38:09.0;
9;9433.5;2019-04-11 19:38:11.0;
9;9433;2019-04-11 19:38:12.0;
9;9433.5;2019-04-11 19:38:13.0;
9;9433;2019-04-11 19:38:15.0;
9;9433.5;2019-04-11 19:38:21.0;
9;9433;2019-04-11 19:38:22.0;
9;9433.5;2019-04-11 19:38:24.0;
9;9433;2019-04-11 19:39:52.0;
9;9433.5;2019-04-11 19:40:50.0;
9;9433;2019-04-11 19:41:01.0;
9;9432.5;2019-04-11 19:41:16.0;
9;9431.5;2019-04-11 19:41:47.0;
9;9431;2019-04-11 19:42:25.0;
9;9430.5;2019-04-11 19:42:27.0;
9;9431;2019-04-11 19:42:32.0;
9;9430;2019-04-11 19:43:22.0;
9;9431.5;2019-04-11 19:43:24.0;
9;9431;2019-04-11 19:43:27.0;
9;9431.5;2019-04-11 19:43:28.0;
9;9431;2019-04-11 19:43:29.0;
9;9430.5;2019-04-11 19:43:35.0;
9;9431;2019-04-11 19:44:06.0;
9;9430.5;2019-04-11 19:44:31.0;
9;9431;2019-04-11 19:44:47.0;
9;9430.5;2019-04-11 19:45:06.0;
9;9431;2019-04-11 19:45:43.0;
9;9430.5;2019-04-11 19:45:47.0;
9;9431;2019-04-11 19:46:30.0;
9;9430.5;2019-04-11 19:46:32.0;
9;9431;2019-04-11 19:46:33.0;
9;9430;2019-04-11 19:46:46.0;
9;9430.5;2019-04-11 19:46:47.0;
9;9431;2019-04-11 19:46:52.0;
9;9430.5;2019-04-11 19:46:53.0;
9;9431;2019-04-11 19:46:56.0;
9;9430.5;2019-04-11 19:47:23.0;
9;9431.5;2019-04-11 19:47:44.0;
9;9431;2019-04-11 19:48:03.0;
9;9429.5;2019-04-11 19:49:23.0;
9;9430;2019-04-11 19:49:40.0;
9;9429.5;2019-04-11 19:49:47.0;
9;9431;2019-04-11 19:51:13.0;
9;9431.5;2019-04-11 19:51:18.0;
9;9430.5;2019-04-11 19:51:24.0;
9;9429.5;2019-04-11 19:52:02.0;
9;9430.5;2019-04-11 19:52:04.0;
9;9429.5;2019-04-11 19:52:06.0;
9;9429;2019-04-11 19:52:12.0;
9;9428.5;2019-04-11 19:52:47.0;
9;9429;2019-04-11 19:52:48.0;
9;9428.5;2019-04-11 19:52:50.0;
9;9428;2019-04-11 19:52:51.0;
9;9428.5;2019-04-11 19:52:53.0;
9;9428;2019-04-11 19:52:56.0;
9;9430;2019-04-11 19:53:09.0;
9;9429.5;2019-04-11 19:53:12.0;
9;9430;2019-04-11 19:53:13.0;
9;9429.5;2019-04-11 19:53:14.0;
9;9430;2019-04-11 19:53:16.0;
9;9429.5;2019-04-11 19:53:19.0;
9;9430;2019-04-11 19:53:20.0;
9;9429.5;2019-04-11 19:53:22.0;
9;9429;2019-04-11 19:53:26.0;
9;9429.5;2019-04-11 19:53:29.0;
9;9429;2019-04-11 19:53:39.0;
9;9429.5;2019-04-11 19:53:48.0;
9;9429;2019-04-11 19:54:33.0;
9;9428.5;2019-04-11 19:54:47.0;
9;9427.5;2019-04-11 19:55:11.0;
9;9429;2019-04-11 19:56:10.0;
9;9429.5;2019-04-11 19:56:14.0;
9;9428.5;2019-04-11 19:56:31.0;
9;9429;2019-04-11 19:56:50.0;
9;9428.5;2019-04-11 19:56:55.0;
9;9429;2019-04-11 19:56:58.0;
9;9428.5;2019-04-11 19:56:59.0;
9;9429.5;2019-04-11 19:57:18.0;
9;9429;2019-04-11 19:57:24.0;
9;9428.5;2019-04-11 19:57:26.0;
9;9429;2019-04-11 19:57:27.0;
9;9428;2019-04-11 19:58:15.0;
9;9429;2019-04-11 19:58:19.0;
9;9428.5;2019-04-11 19:58:27.0;
9;9429;2019-04-11 19:58:28.0;
9;9428.5;2019-04-11 19:58:31.0;
9;9427.5;2019-04-11 19:59:11.0;
9;9428;2019-04-11 19:59:15.0;
9;9427.5;2019-04-11 19:59:17.0;
9;9428;2019-04-11 19:59:18.0;
9;9427.5;2019-04-11 19:59:48.0;
9;9428;2019-04-11 19:59:49.0;
9;9427.5;2019-04-11 19:59:51.0;
9;9425.5;2019-04-11 20:00:02.0;
12;21665;2019-04-11 11:20:43.0;
12;21668;2019-04-11 11:21:00.0;
12;21667.5;2019-04-11 11:21:03.0;
12;21665;2019-04-11 11:21:07.0;
12;21667.5;2019-04-11 11:21:09.0;
12;21665;2019-04-11 11:21:12.0;
12;21663;2019-04-11 11:21:13.0;
12;21662.5;2019-04-11 11:21:16.0;
12;21668;2019-04-11 11:21:37.0;
12;21663;2019-04-11 11:22:08.0;
12;21667.5;2019-04-11 11:25:17.0;
12;21662.5;2019-04-11 11:25:20.0;
12;21663;2019-04-11 11:25:24.0;
12;21665;2019-04-11 11:25:44.0;
12;21662.5;2019-04-11 11:25:51.0;
12;21660;2019-04-11 11:28:27.0;
12;21653;2019-04-11 11:28:55.0;
12;21660;2019-04-11 11:28:58.0;
12;21653;2019-04-11 11:29:00.0;
12;21652.5;2019-04-11 11:29:06.0;
12;21657.5;2019-04-11 11:29:30.0;
12;21658;2019-04-11 11:29:32.0;
12;21657.5;2019-04-11 11:29:33.0;
12;21658;2019-04-11 11:29:34.0;
12;21660;2019-04-11 11:32:20.0;
12;21657.5;2019-04-11 11:32:27.0;
12;21658;2019-04-11 11:34:38.0;
12;21663;2019-04-11 11:35:49.0;
12;21658;2019-04-11 11:36:03.0;
12;21662.5;2019-04-11 11:37:05.0;
12;21658;2019-04-11 11:37:08.0;
12;21663;2019-04-11 11:37:18.0;
12;21667.5;2019-04-11 11:40:17.0;
12;21662.5;2019-04-11 11:40:51.0;
12;21667.5;2019-04-11 11:41:49.0;
12;21663;2019-04-11 11:42:04.0;
12;21668;2019-04-11 11:42:19.0;
12;21663;2019-04-11 11:42:20.0;
12;21668;2019-04-11 11:42:23.0;
12;21663;2019-04-11 11:43:13.0;
12;21672.5;2019-04-11 11:43:41.0;
12;21670;2019-04-11 11:43:45.0;
12;21668;2019-04-11 11:43:49.0;
12;21667.5;2019-04-11 11:44:12.0;
12;21663;2019-04-11 11:46:05.0;
12;21662.5;2019-04-11 11:46:08.0;
12;21663;2019-04-11 11:46:10.0;
12;21662.5;2019-04-11 11:46:11.0;
12;21663;2019-04-11 11:47:32.0;
12;21660;2019-04-11 11:47:44.0;
12;21658;2019-04-11 11:47:49.0;
12;21657.5;2019-04-11 11:48:29.0;
12;21660;2019-04-11 11:48:32.0;
12;21662.5;2019-04-11 11:48:49.0;
12;21660;2019-04-11 11:48:50.0;
12;21662.5;2019-04-11 11:49:00.0;
12;21663;2019-04-11 11:49:04.0;
12;21660;2019-04-11 11:49:16.0;
12;21658;2019-04-11 11:49:22.0;
12;21662.5;2019-04-11 11:49:35.0;
12;21658;2019-04-11 11:49:40.0;
12;21663;2019-04-11 11:50:05.0;
12;21660;2019-04-11 11:50:12.0;
12;21663;2019-04-11 11:50:19.0;
12;21660;2019-04-11 11:50:31.0;
12;21663;2019-04-11 11:50:39.0;
12;21660;2019-04-11 11:50:49.0;
12;21667.5;2019-04-11 11:51:49.0;
12;21665;2019-04-11 11:52:04.0;
12;21662.5;2019-04-11 11:52:09.0;
12;21665;2019-04-11 11:52:42.0;
12;21667.5;2019-04-11 11:52:46.0;
12;21662.5;2019-04-11 11:52:51.0;
12;21668;2019-04-11 11:53:44.0;
12;21665;2019-04-11 11:54:04.0;
12;21668;2019-04-11 11:54:08.0;
12;21665;2019-04-11 11:54:10.0;
12;21668;2019-04-11 11:54:11.0;
12;21667.5;2019-04-11 11:54:18.0;
12;21672.5;2019-04-11 11:54:23.0;
12;21667.5;2019-04-11 11:54:24.0;
12;21672.5;2019-04-11 11:54:26.0;
12;21670;2019-04-11 11:54:28.0;
12;21675;2019-04-11 11:54:30.0;
12;21672.5;2019-04-11 11:54:35.0;
12;21667.5;2019-04-11 11:54:38.0;
12;21672.5;2019-04-11 11:54:41.0;
12;21668;2019-04-11 11:54:43.0;
12;21663;2019-04-11 11:55:46.0;
12;21662.5;2019-04-11 11:56:04.0;
12;21665;2019-04-11 11:56:07.0;
12;21667.5;2019-04-11 11:56:29.0;
12;21668;2019-04-11 11:56:31.0;
12;21667.5;2019-04-11 11:56:33.0;
12;21668;2019-04-11 11:56:34.0;
12;21665;2019-04-11 11:56:38.0;
12;21662.5;2019-04-11 11:56:45.0;
12;21665;2019-04-11 11:56:49.0;
12;21662.5;2019-04-11 11:56:54.0;
12;21665;2019-04-11 11:59:11.0;
12;21662.5;2019-04-11 11:59:18.0;
12;21665;2019-04-11 11:59:32.0;
12;21662.5;2019-04-11 11:59:33.0;
12;21665;2019-04-11 11:59:34.0;
12;21662.5;2019-04-11 11:59:43.0;
12;21663;2019-04-11 12:00:04.0;
12;21662.5;2019-04-11 12:00:06.0;
12;21662;2019-04-11 12:00:07.0;
12;21659;2019-04-11 12:00:23.0;
12;21657;2019-04-11 12:00:28.0;
12;21660;2019-04-11 12:01:11.0;
12;21659;2019-04-11 12:01:16.0;
12;21660;2019-04-11 12:01:18.0;
12;21659;2019-04-11 12:01:20.0;
12;21662;2019-04-11 12:01:22.0;
12;21657;2019-04-11 12:01:33.0;
12;21659;2019-04-11 12:01:39.0;
12;21657;2019-04-11 12:02:05.0;
12;21660;2019-04-11 12:03:04.0;
12;21657;2019-04-11 12:03:07.0;
12;21660;2019-04-11 12:03:08.0;
12;21662.5;2019-04-11 12:03:10.0;
12;21662;2019-04-11 12:03:13.0;
12;21667;2019-04-11 12:03:41.0;
12;21662.5;2019-04-11 12:04:13.0;
12;21662;2019-04-11 12:04:19.0;
12;21665;2019-04-11 12:04:28.0;
12;21667.5;2019-04-11 12:04:32.0;
12;21665;2019-04-11 12:04:38.0;
12;21664;2019-04-11 12:04:39.0;
12;21662;2019-04-11 12:04:55.0;
12;21664;2019-04-11 12:04:56.0;
12;21662;2019-04-11 12:04:58.0;
12;21667.5;2019-04-11 12:05:02.0;
12;21667;2019-04-11 12:05:08.0;
12;21665;2019-04-11 12:06:15.0;
12;21667;2019-04-11 12:06:17.0;
12;21662.5;2019-04-11 12:06:19.0;
12;21662;2019-04-11 12:06:24.0;
12;21662.5;2019-04-11 12:06:25.0;
12;21662;2019-04-11 12:06:27.0;
12;21667;2019-04-11 12:09:25.0;
12;21672;2019-04-11 12:10:05.0;
12;21667;2019-04-11 12:10:10.0;
12;21667.5;2019-04-11 12:10:21.0;
12;21667;2019-04-11 12:10:24.0;
12;21669;2019-04-11 12:19:40.0;
12;21667;2019-04-11 12:19:45.0;
12;21669;2019-04-11 12:20:05.0;
12;21672;2019-04-11 12:20:08.0;
12;21667.5;2019-04-11 12:20:15.0;
12;21667;2019-04-11 12:20:20.0;
12;21670;2019-04-11 12:20:31.0;
12;21667;2019-04-11 12:20:32.0;
12;21670;2019-04-11 12:20:33.0;
12;21669;2019-04-11 12:20:35.0;
12;21672;2019-04-11 12:20:45.0;
12;21667.5;2019-04-11 12:21:00.0;
12;21667;2019-04-11 12:21:05.0;
12;21664;2019-04-11 12:28:32.0;
12;21667.5;2019-04-11 12:28:37.0;
12;21667;2019-04-11 12:28:39.0;
12;21667.5;2019-04-11 12:28:42.0;
12;21667;2019-04-11 12:28:43.0;
12;21664;2019-04-11 12:28:47.0;
12;21667;2019-04-11 12:28:54.0;
12;21664;2019-04-11 12:28:56.0;
12;21667;2019-04-11 12:28:58.0;
12;21667.5;2019-04-11 12:29:00.0;
12;21667;2019-04-11 12:29:04.0;
12;21670;2019-04-11 12:32:30.0;
12;21667.5;2019-04-11 12:32:31.0;
12;21670;2019-04-11 12:32:32.0;
12;21667.5;2019-04-11 12:32:34.0;
12;21667;2019-04-11 12:32:35.0;
12;21662;2019-04-11 12:35:38.0;
12;21667;2019-04-11 12:35:39.0;
12;21662;2019-04-11 12:35:40.0;
12;21667;2019-04-11 12:35:43.0;
12;21669;2019-04-11 12:40:04.0;
12;21667.5;2019-04-11 12:43:49.0;
12;21664;2019-04-11 12:44:04.0;
12;21672.5;2019-04-11 12:45:39.0;
12;21677.5;2019-04-11 12:45:46.0;
12;21674;2019-04-11 12:45:48.0;
12;21672.5;2019-04-11 12:46:05.0;
12;21672;2019-04-11 12:46:09.0;
12;21675;2019-04-11 12:46:28.0;
12;21677;2019-04-11 12:46:35.0;
12;21675;2019-04-11 12:46:47.0;
12;21674;2019-04-11 12:46:51.0;
12;21677;2019-04-11 12:46:59.0;
12;21674;2019-04-11 12:47:01.0;
12;21677;2019-04-11 12:47:03.0;
12;21672;2019-04-11 12:49:37.0;
12;21674;2019-04-11 12:50:04.0;
12;21672;2019-04-11 12:50:05.0;
12;21674;2019-04-11 12:50:07.0;
12;21677;2019-04-11 12:50:51.0;
12;21674;2019-04-11 12:50:52.0;
12;21677;2019-04-11 12:50:55.0;
12;21682.5;2019-04-11 12:50:59.0;
12;21677;2019-04-11 12:51:01.0;
12;21682.5;2019-04-11 12:51:02.0;
12;21679;2019-04-11 12:51:05.0;
12;21682.5;2019-04-11 12:51:07.0;
12;21679;2019-04-11 12:51:08.0;
12;21677;2019-04-11 12:51:09.0;
12;21682;2019-04-11 12:51:28.0;
12;21682.5;2019-04-11 12:54:52.0;
12;21682;2019-04-11 12:54:53.0;
12;21682.5;2019-04-11 12:54:56.0;
12;21677;2019-04-11 12:55:09.0;
12;21679;2019-04-11 12:55:12.0;
12;21682.5;2019-04-11 12:55:16.0;
12;21677.5;2019-04-11 12:55:20.0;
12;21677;2019-04-11 12:55:23.0;
12;21679;2019-04-11 12:55:29.0;
12;21677.5;2019-04-11 12:55:32.0;
12;21679;2019-04-11 12:55:33.0;
12;21677.5;2019-04-11 12:55:35.0;
12;21677;2019-04-11 12:55:36.0;
12;21679;2019-04-11 12:55:43.0;
12;21677;2019-04-11 12:55:50.0;
12;21682;2019-04-11 12:56:04.0;
12;21677;2019-04-11 12:56:06.0;
12;21682;2019-04-11 12:56:08.0;
12;21682.5;2019-04-11 12:56:46.0;
12;21679;2019-04-11 12:56:50.0;
12;21682;2019-04-11 12:57:42.0;
12;21687;2019-04-11 12:58:49.0;
12;21684;2019-04-11 12:59:19.0;
12;21687;2019-04-11 12:59:24.0;
12;21684;2019-04-11 12:59:34.0;
12;21687;2019-04-11 13:00:04.0;
12;21684;2019-04-11 13:00:05.0;
12;21687;2019-04-11 13:00:07.0;
12;21686;2019-04-11 13:00:28.0;
12;21685;2019-04-11 13:00:57.0;
12;21684;2019-04-11 13:01:01.0;
12;21686;2019-04-11 13:01:28.0;
12;21684;2019-04-11 13:01:41.0;
12;21682.5;2019-04-11 13:02:04.0;
12;21681;2019-04-11 13:02:11.0;
12;21684;2019-04-11 13:02:16.0;
12;21686;2019-04-11 13:02:24.0;
12;21684;2019-04-11 13:02:30.0;
12;21681;2019-04-11 13:02:52.0;
12;21684;2019-04-11 13:03:04.0;
12;21686;2019-04-11 13:03:09.0;
12;21690;2019-04-11 13:04:18.0;
12;21686;2019-04-11 13:04:20.0;
12;21690;2019-04-11 13:04:21.0;
12;21686;2019-04-11 13:04:25.0;
12;21689;2019-04-11 13:04:37.0;
12;21686;2019-04-11 13:04:55.0;
12;21690;2019-04-11 13:04:58.0;
12;21686;2019-04-11 13:04:59.0;
12;21690;2019-04-11 13:05:01.0;
12;21689;2019-04-11 13:05:03.0;
12;21687.5;2019-04-11 13:05:08.0;
12;21689;2019-04-11 13:05:11.0;
12;21687.5;2019-04-11 13:05:12.0;
12;21689;2019-04-11 13:05:13.0;
12;21687.5;2019-04-11 13:05:18.0;
12;21689;2019-04-11 13:05:19.0;
12;21687.5;2019-04-11 13:05:22.0;
12;21686;2019-04-11 13:05:23.0;
12;21691;2019-04-11 13:05:42.0;
12;21692.5;2019-04-11 13:06:10.0;
12;21691;2019-04-11 13:06:13.0;
12;21690;2019-04-11 13:06:19.0;
12;21689;2019-04-11 13:06:23.0;
12;21686;2019-04-11 13:06:27.0;
12;21691;2019-04-11 13:06:31.0;
12;21687.5;2019-04-11 13:08:40.0;
12;21691;2019-04-11 13:08:41.0;
12;21689;2019-04-11 13:08:42.0;
12;21687.5;2019-04-11 13:08:50.0;
12;21686;2019-04-11 13:08:51.0;
12;21689;2019-04-11 13:09:09.0;
12;21686;2019-04-11 13:09:10.0;
12;21689;2019-04-11 13:09:12.0;
12;21690;2019-04-11 13:09:28.0;
12;21689;2019-04-11 13:09:31.0;
12;21686;2019-04-11 13:10:05.0;
12;21687.5;2019-04-11 13:11:29.0;
12;21686;2019-04-11 13:11:31.0;
12;21685;2019-04-11 13:11:38.0;
12;21681;2019-04-11 13:11:39.0;
12;21685;2019-04-11 13:11:41.0;
12;21681;2019-04-11 13:11:42.0;
12;21686;2019-04-11 13:12:35.0;
12;21681;2019-04-11 13:12:46.0;
12;21684;2019-04-11 13:12:49.0;
12;21686;2019-04-11 13:12:55.0;
12;21681;2019-04-11 13:13:37.0;
12;21684;2019-04-11 13:14:28.0;
12;21681;2019-04-11 13:14:35.0;
12;21680;2019-04-11 13:16:08.0;
12;21679;2019-04-11 13:16:11.0;
12;21677.5;2019-04-11 13:16:25.0;
12;21679;2019-04-11 13:16:27.0;
12;21677.5;2019-04-11 13:16:37.0;
12;21682.5;2019-04-11 13:16:38.0;
12;21679;2019-04-11 13:16:46.0;
12;21677.5;2019-04-11 13:17:04.0;
12;21676;2019-04-11 13:17:10.0;
12;21680;2019-04-11 13:17:26.0;
12;21681;2019-04-11 13:17:29.0;
12;21685;2019-04-11 13:18:22.0;
12;21681;2019-04-11 13:18:24.0;
12;21685;2019-04-11 13:18:25.0;
12;21684;2019-04-11 13:18:28.0;
12;21687.5;2019-04-11 13:18:42.0;
12;21686;2019-04-11 13:18:46.0;
12;21684;2019-04-11 13:19:22.0;
12;21687.5;2019-04-11 13:19:30.0;
12;21684;2019-04-11 13:19:33.0;
12;21686;2019-04-11 13:19:35.0;
12;21681;2019-04-11 13:19:43.0;
12;21684;2019-04-11 13:19:47.0;
12;21681;2019-04-11 13:20:05.0;
12;21684;2019-04-11 13:20:06.0;
12;21681;2019-04-11 13:20:08.0;
12;21679;2019-04-11 13:21:03.0;
12;21681;2019-04-11 13:21:06.0;
12;21676;2019-04-11 13:21:07.0;
12;21677.5;2019-04-11 13:21:16.0;
12;21682.5;2019-04-11 13:21:24.0;
12;21681;2019-04-11 13:21:25.0;
12;21680;2019-04-11 13:21:48.0;
12;21676;2019-04-11 13:22:06.0;
12;21679;2019-04-11 13:22:27.0;
12;21676;2019-04-11 13:22:39.0;
12;21679;2019-04-11 13:22:42.0;
12;21676;2019-04-11 13:22:43.0;
12;21679;2019-04-11 13:22:45.0;
12;21676;2019-04-11 13:22:50.0;
12;21679;2019-04-11 13:22:56.0;
12;21681;2019-04-11 13:23:02.0;
12;21682.5;2019-04-11 13:23:04.0;
12;21681;2019-04-11 13:23:06.0;
12;21682.5;2019-04-11 13:23:07.0;
12;21681;2019-04-11 13:23:10.0;
12;21684;2019-04-11 13:24:14.0;
12;21681;2019-04-11 13:24:22.0;
12;21676;2019-04-11 13:25:23.0;
12;21680;2019-04-11 13:25:28.0;
12;21682.5;2019-04-11 13:25:33.0;
12;21677.5;2019-04-11 13:25:35.0;
12;21682.5;2019-04-11 13:25:36.0;
12;21677.5;2019-04-11 13:25:37.0;
12;21676;2019-04-11 13:25:39.0;
12;21679;2019-04-11 13:27:15.0;
12;21676;2019-04-11 13:27:16.0;
12;21679;2019-04-11 13:27:18.0;
12;21680;2019-04-11 13:27:21.0;
12;21679;2019-04-11 13:27:24.0;
12;21676;2019-04-11 13:27:39.0;
12;21682.5;2019-04-11 13:27:49.0;
12;21676;2019-04-11 13:27:51.0;
12;21682.5;2019-04-11 13:27:52.0;
12;21681;2019-04-11 13:28:07.0;
12;21677.5;2019-04-11 13:29:42.0;
12;21681;2019-04-11 13:29:44.0;
12;21677.5;2019-04-11 13:29:45.0;
12;21676;2019-04-11 13:29:47.0;
12;21679;2019-04-11 13:30:52.0;
12;21681;2019-04-11 13:30:58.0;
12;21679;2019-04-11 13:31:17.0;
12;21681;2019-04-11 13:31:20.0;
12;21679;2019-04-11 13:31:31.0;
12;21681;2019-04-11 13:31:33.0;
12;21679;2019-04-11 13:31:36.0;
12;21682.5;2019-04-11 13:31:41.0;
12;21680;2019-04-11 13:31:43.0;
12;21682.5;2019-04-11 13:31:48.0;
12;21680;2019-04-11 13:31:49.0;
12;21682.5;2019-04-11 13:31:50.0;
12;21679;2019-04-11 13:32:06.0;
12;21677.5;2019-04-11 13:32:27.0;
12;21679;2019-04-11 13:32:29.0;
12;21680;2019-04-11 13:32:39.0;
12;21677.5;2019-04-11 13:32:51.0;
12;21676;2019-04-11 13:32:58.0;
12;21675;2019-04-11 13:35:12.0;
12;21677.5;2019-04-11 13:35:14.0;
12;21676;2019-04-11 13:35:21.0;
12;21681;2019-04-11 13:38:08.0;
12;21676;2019-04-11 13:38:24.0;
12;21674;2019-04-11 13:40:16.0;
12;21676;2019-04-11 13:40:20.0;
12;21674;2019-04-11 13:40:23.0;
12;21671;2019-04-11 13:40:27.0;
12;21674;2019-04-11 13:40:42.0;
12;21675;2019-04-11 13:40:49.0;
12;21677.5;2019-04-11 13:40:55.0;
12;21672;2019-04-11 13:41:02.0;
12;21677;2019-04-11 13:42:15.0;
12;21672;2019-04-11 13:42:16.0;
12;21677;2019-04-11 13:42:18.0;
12;21682;2019-04-11 13:50:03.0;
12;21677;2019-04-11 13:50:05.0;
12;21682;2019-04-11 13:50:06.0;
12;21677;2019-04-11 13:55:48.0;
12;21677.5;2019-04-11 13:56:27.0;
12;21680;2019-04-11 13:56:34.0;
12;21677;2019-04-11 13:56:36.0;
12;21680;2019-04-11 13:56:37.0;
12;21677;2019-04-11 13:56:39.0;
12;21677.5;2019-04-11 13:59:25.0;
12;21677;2019-04-11 13:59:32.0;
12;21679;2019-04-11 14:00:06.0;
12;21672.5;2019-04-11 14:02:29.0;
12;21672;2019-04-11 14:02:34.0;
12;21675;2019-04-11 14:02:55.0;
12;21672;2019-04-11 14:02:57.0;
12;21672.5;2019-04-11 14:02:58.0;
12;21672;2019-04-11 14:03:03.0;
12;21674;2019-04-11 14:03:14.0;
12;21677;2019-04-11 14:03:30.0;
12;21674;2019-04-11 14:05:11.0;
12;21677.5;2019-04-11 14:05:22.0;
12;21677;2019-04-11 14:05:28.0;
12;21672;2019-04-11 14:05:34.0;
12;21674;2019-04-11 14:05:41.0;
12;21672;2019-04-11 14:06:04.0;
12;21674;2019-04-11 14:06:31.0;
12;21677;2019-04-11 14:06:40.0;
12;21674;2019-04-11 14:06:47.0;
12;21677;2019-04-11 14:06:56.0;
12;21672.5;2019-04-11 14:07:32.0;
12;21672;2019-04-11 14:07:38.0;
12;21677;2019-04-11 14:07:43.0;
12;21674;2019-04-11 14:07:49.0;
12;21672;2019-04-11 14:08:04.0;
12;21677.5;2019-04-11 14:08:12.0;
12;21680;2019-04-11 14:08:19.0;
12;21682;2019-04-11 14:08:25.0;
12;21679;2019-04-11 14:08:26.0;
12;21677.5;2019-04-11 14:08:39.0;
12;21677;2019-04-11 14:08:46.0;
12;21679;2019-04-11 14:08:53.0;
12;21677;2019-04-11 14:08:54.0;
12;21679;2019-04-11 14:08:56.0;
12;21677.5;2019-04-11 14:08:57.0;
12;21677;2019-04-11 14:09:02.0;
12;21672.5;2019-04-11 14:13:16.0;
12;21677;2019-04-11 14:13:17.0;
12;21674;2019-04-11 14:13:18.0;
12;21672.5;2019-04-11 14:13:24.0;
12;21672;2019-04-11 14:13:27.0;
12;21675;2019-04-11 14:13:30.0;
12;21672;2019-04-11 14:13:33.0;
12;21674;2019-04-11 14:13:34.0;
12;21677;2019-04-11 14:13:40.0;
12;21674;2019-04-11 14:13:46.0;
12;21675;2019-04-11 14:14:06.0;
12;21672.5;2019-04-11 14:14:24.0;
12;21675;2019-04-11 14:14:28.0;
12;21672.5;2019-04-11 14:14:31.0;
12;21675;2019-04-11 14:14:32.0;
12;21677.5;2019-04-11 14:14:33.0;
12;21677;2019-04-11 14:14:39.0;
12;21675;2019-04-11 14:15:10.0;
12;21674;2019-04-11 14:15:11.0;
12;21675;2019-04-11 14:15:12.0;
12;21674;2019-04-11 14:15:14.0;
12;21677.5;2019-04-11 14:15:17.0;
12;21674;2019-04-11 14:15:19.0;
12;21677;2019-04-11 14:15:21.0;
12;21674;2019-04-11 14:15:29.0;
12;21672;2019-04-11 14:15:45.0;
12;21677;2019-04-11 14:16:03.0;
12;21674;2019-04-11 14:16:23.0;
12;21672;2019-04-11 14:16:30.0;
12;21674;2019-04-11 14:16:36.0;
12;21677;2019-04-11 14:16:53.0;
12;21675;2019-04-11 14:18:42.0;
12;21672.5;2019-04-11 14:18:45.0;
12;21675;2019-04-11 14:18:46.0;
12;21672.5;2019-04-11 14:18:49.0;
12;21677.5;2019-04-11 14:18:51.0;
12;21675;2019-04-11 14:18:52.0;
12;21677.5;2019-04-11 14:18:54.0;
12;21677;2019-04-11 14:18:55.0;
12;21674;2019-04-11 14:19:03.0;
12;21677;2019-04-11 14:19:06.0;
12;21672.5;2019-04-11 14:19:08.0;
12;21674;2019-04-11 14:19:14.0;
12;21672.5;2019-04-11 14:19:44.0;
12;21672;2019-04-11 14:19:50.0;
12;21669;2019-04-11 14:20:08.0;
12;21677;2019-04-11 14:20:38.0;
12;21679;2019-04-11 14:21:20.0;
12;21680;2019-04-11 14:21:32.0;
12;21682.5;2019-04-11 14:21:35.0;
12;21679;2019-04-11 14:21:42.0;
12;21685;2019-04-11 14:23:37.0;
12;21687.5;2019-04-11 14:23:42.0;
12;21685;2019-04-11 14:23:48.0;
12;21687;2019-04-11 14:24:04.0;
12;21682;2019-04-11 14:30:07.0;
12;21687.5;2019-04-11 14:30:29.0;
12;21687;2019-04-11 14:30:31.0;
12;21689;2019-04-11 14:30:42.0;
12;21687;2019-04-11 14:30:43.0;
12;21689;2019-04-11 14:30:46.0;
12;21690;2019-04-11 14:30:52.0;
12;21687.5;2019-04-11 14:30:54.0;
12;21687;2019-04-11 14:30:59.0;
12;21689;2019-04-11 14:31:03.0;
12;21687;2019-04-11 14:31:06.0;
12;21689;2019-04-11 14:31:07.0;
12;21687;2019-04-11 14:31:09.0;
12;21682.5;2019-04-11 14:31:11.0;
12;21685;2019-04-11 14:31:15.0;
12;21687.5;2019-04-11 14:31:18.0;
12;21685;2019-04-11 14:31:19.0;
12;21687.5;2019-04-11 14:31:21.0;
12;21685;2019-04-11 14:31:24.0;
12;21687.5;2019-04-11 14:31:25.0;
12;21685;2019-04-11 14:31:27.0;
12;21687.5;2019-04-11 14:31:28.0;
12;21687;2019-04-11 14:31:30.0;
12;21690;2019-04-11 14:32:19.0;
12;21689;2019-04-11 14:32:23.0;
12;21692;2019-04-11 14:32:28.0;
12;21695;2019-04-11 14:33:05.0;
12;21692.5;2019-04-11 14:33:07.0;
12;21695;2019-04-11 14:33:09.0;
12;21692.5;2019-04-11 14:33:10.0;
12;21692;2019-04-11 14:33:12.0;
12;21694;2019-04-11 14:35:10.0;
12;21692;2019-04-11 14:35:14.0;
12;21694;2019-04-11 14:35:17.0;
12;21697;2019-04-11 14:35:25.0;
12;21692;2019-04-11 14:35:36.0;
12;21687.5;2019-04-11 14:36:08.0;
12;21687;2019-04-11 14:36:10.0;
12;21687.5;2019-04-11 14:36:12.0;
12;21687;2019-04-11 14:36:13.0;
12;21692;2019-04-11 14:36:21.0;
12;21687;2019-04-11 14:37:03.0;
12;21692.5;2019-04-11 14:37:38.0;
12;21692;2019-04-11 14:37:44.0;
12;21697.5;2019-04-11 14:38:56.0;
12;21692;2019-04-11 14:38:57.0;
12;21694;2019-04-11 14:39:00.0;
12;21697;2019-04-11 14:39:20.0;
12;21692;2019-04-11 14:39:32.0;
12;21697;2019-04-11 14:39:33.0;
12;21692;2019-04-11 14:39:35.0;
12;21687;2019-04-11 14:40:43.0;
12;21687.5;2019-04-11 14:40:44.0;
12;21687;2019-04-11 14:40:46.0;
12;21684;2019-04-11 14:41:50.0;
12;21682;2019-04-11 14:42:45.0;
12;21687;2019-04-11 14:42:52.0;
12;21684;2019-04-11 14:42:59.0;
12;21682;2019-04-11 14:43:05.0;
12;21687.5;2019-04-11 14:43:11.0;
12;21682;2019-04-11 14:43:13.0;
12;21687.5;2019-04-11 14:43:14.0;
12;21684;2019-04-11 14:43:15.0;
12;21687;2019-04-11 14:43:19.0;
12;21689;2019-04-11 14:46:07.0;
12;21687;2019-04-11 14:46:08.0;
12;21689;2019-04-11 14:46:10.0;
12;21690;2019-04-11 14:46:13.0;
12;21689;2019-04-11 14:46:14.0;
12;21692.5;2019-04-11 14:46:19.0;
12;21692;2019-04-11 14:46:24.0;
12;21697.5;2019-04-11 14:47:06.0;
12;21697;2019-04-11 14:47:12.0;
12;21697.5;2019-04-11 14:47:14.0;
12;21697;2019-04-11 14:47:15.0;
12;21692;2019-04-11 14:48:03.0;
12;21697;2019-04-11 14:48:42.0;
12;21692.5;2019-04-11 14:48:44.0;
12;21694;2019-04-11 14:48:49.0;
12;21692;2019-04-11 14:48:55.0;
12;21697;2019-04-11 14:50:23.0;
12;21696;2019-04-11 14:50:43.0;
12;21697;2019-04-11 14:50:55.0;
12;21696;2019-04-11 14:50:59.0;
12;21691;2019-04-11 14:51:08.0;
12;21696;2019-04-11 14:51:09.0;
12;21691;2019-04-11 14:51:10.0;
12;21694;2019-04-11 14:51:13.0;
12;21696;2019-04-11 14:51:16.0;
12;21695;2019-04-11 14:51:41.0;
12;21694;2019-04-11 14:51:45.0;
12;21697.5;2019-04-11 14:52:04.0;
12;21696;2019-04-11 14:52:10.0;
12;21694;2019-04-11 14:52:33.0;
12;21692.5;2019-04-11 14:52:39.0;
12;21691;2019-04-11 14:52:41.0;
12;21695;2019-04-11 14:54:11.0;
12;21694;2019-04-11 14:54:15.0;
12;21696;2019-04-11 14:54:34.0;
12;21694;2019-04-11 14:54:38.0;
12;21691;2019-04-11 14:54:56.0;
12;21694;2019-04-11 14:55:00.0;
12;21696;2019-04-11 14:55:10.0;
12;21692.5;2019-04-11 14:56:03.0;
12;21694;2019-04-11 14:56:10.0;
12;21691;2019-04-11 14:56:17.0;
12;21695;2019-04-11 14:56:20.0;
12;21694;2019-04-11 14:56:24.0;
12;21696;2019-04-11 14:56:31.0;
12;21694;2019-04-11 14:56:32.0;
12;21696;2019-04-11 14:56:35.0;
12;21692.5;2019-04-11 14:57:08.0;
12;21691;2019-04-11 14:57:11.0;
12;21692.5;2019-04-11 14:57:13.0;
12;21691;2019-04-11 14:57:14.0;
12;21694;2019-04-11 14:58:43.0;
12;21691;2019-04-11 14:58:47.0;
12;21694;2019-04-11 14:58:49.0;
12;21691;2019-04-11 14:58:50.0;
12;21695;2019-04-11 14:59:04.0;
12;21691;2019-04-11 14:59:05.0;
12;21694;2019-04-11 14:59:07.0;
12;21691;2019-04-11 14:59:16.0;
12;21695;2019-04-11 14:59:20.0;
12;21692.5;2019-04-11 14:59:23.0;
12;21695;2019-04-11 14:59:24.0;
12;21692.5;2019-04-11 14:59:25.0;
12;21694;2019-04-11 14:59:30.0;
12;21692.5;2019-04-11 15:00:03.0;
12;21691;2019-04-11 15:00:09.0;
12;21695;2019-04-11 15:00:41.0;
12;21694;2019-04-11 15:00:45.0;
12;21692.5;2019-04-11 15:00:47.0;
12;21691;2019-04-11 15:00:54.0;
12;21696;2019-04-11 15:02:15.0;
12;21702.5;2019-04-11 15:06:04.0;
12;21701;2019-04-11 15:06:08.0;
12;21702.5;2019-04-11 15:06:11.0;
12;21701;2019-04-11 15:06:13.0;
12;21702.5;2019-04-11 15:06:20.0;
12;21701;2019-04-11 15:06:25.0;
12;21697.5;2019-04-11 15:07:35.0;
12;21702.5;2019-04-11 15:07:39.0;
12;21701;2019-04-11 15:07:42.0;
12;21702.5;2019-04-11 15:07:44.0;
12;21701;2019-04-11 15:07:45.0;
12;21700;2019-04-11 15:07:47.0;
12;21701;2019-04-11 15:07:49.0;
12;21700;2019-04-11 15:07:50.0;
12;21699;2019-04-11 15:08:05.0;
12;21701;2019-04-11 15:08:18.0;
12;21696;2019-04-11 15:08:35.0;
12;21701;2019-04-11 15:08:36.0;
12;21696;2019-04-11 15:08:38.0;
12;21701;2019-04-11 15:09:25.0;
12;21699;2019-04-11 15:10:09.0;
12;21697.5;2019-04-11 15:10:18.0;
12;21696;2019-04-11 15:10:22.0;
12;21700;2019-04-11 15:10:48.0;
12;21696;2019-04-11 15:10:55.0;
12;21697.5;2019-04-11 15:10:58.0;
12;21696;2019-04-11 15:11:00.0;
12;21702.5;2019-04-11 15:11:04.0;
12;21701;2019-04-11 15:11:08.0;
12;21696;2019-04-11 15:11:36.0;
12;21699;2019-04-11 15:11:40.0;
12;21696;2019-04-11 15:11:41.0;
12;21699;2019-04-11 15:11:44.0;
12;21696;2019-04-11 15:11:46.0;
12;21700;2019-04-11 15:12:10.0;
12;21699;2019-04-11 15:12:14.0;
12;21702.5;2019-04-11 15:12:21.0;
12;21699;2019-04-11 15:12:24.0;
12;21696;2019-04-11 15:12:54.0;
12;21700;2019-04-11 15:12:58.0;
12;21696;2019-04-11 15:12:59.0;
12;21700;2019-04-11 15:13:00.0;
12;21702.5;2019-04-11 15:13:02.0;
12;21697.5;2019-04-11 15:13:08.0;
12;21696;2019-04-11 15:13:09.0;
12;21697.5;2019-04-11 15:13:12.0;
12;21696;2019-04-11 15:13:14.0;
12;21692.5;2019-04-11 15:14:55.0;
12;21696;2019-04-11 15:14:56.0;
12;21691;2019-04-11 15:15:02.0;
12;21697.5;2019-04-11 15:15:39.0;
12;21691;2019-04-11 15:15:45.0;
12;21692.5;2019-04-11 15:16:03.0;
12;21691;2019-04-11 15:16:05.0;
12;21692.5;2019-04-11 15:16:07.0;
12;21695;2019-04-11 15:17:08.0;
12;21694;2019-04-11 15:17:14.0;
12;21697.5;2019-04-11 15:17:19.0;
12;21691;2019-04-11 15:17:25.0;
12;21694;2019-04-11 15:17:31.0;
12;21691;2019-04-11 15:17:47.0;
12;21694;2019-04-11 15:17:48.0;
12;21691;2019-04-11 15:17:50.0;
12;21696;2019-04-11 15:18:16.0;
12;21691;2019-04-11 15:18:18.0;
12;21696;2019-04-11 15:18:20.0;
12;21701;2019-04-11 15:20:15.0;
12;21700;2019-04-11 15:20:35.0;
12;21699;2019-04-11 15:20:36.0;
12;21702.5;2019-04-11 15:20:39.0;
12;21701;2019-04-11 15:20:43.0;
12;21696;2019-04-11 15:20:56.0;
12;21699;2019-04-11 15:21:50.0;
12;21700;2019-04-11 15:22:11.0;
12;21699;2019-04-11 15:22:12.0;
12;21692.5;2019-04-11 15:22:15.0;
12;21691;2019-04-11 15:22:18.0;
12;21694;2019-04-11 15:22:46.0;
12;21686;2019-04-11 15:25:04.0;
12;21692.5;2019-04-11 15:25:08.0;
12;21691;2019-04-11 15:25:11.0;
12;21697.5;2019-04-11 15:25:35.0;
12;21695;2019-04-11 15:25:41.0;
12;21692.5;2019-04-11 15:25:44.0;
12;21691;2019-04-11 15:25:48.0;
12;21696;2019-04-11 15:26:07.0;
12;21694;2019-04-11 15:26:14.0;
12;21697.5;2019-04-11 15:26:24.0;
12;21696;2019-04-11 15:26:31.0;
12;21697;2019-04-11 15:27:16.0;
12;21695;2019-04-11 15:27:38.0;
12;21694;2019-04-11 15:27:39.0;
12;21692;2019-04-11 15:28:05.0;
12;21694;2019-04-11 15:29:12.0;
12;21692;2019-04-11 15:29:26.0;
12;21692.5;2019-04-11 15:30:04.0;
12;21687.5;2019-04-11 15:30:11.0;
12;21692;2019-04-11 15:30:17.0;
12;21687;2019-04-11 15:30:26.0;
12;21692;2019-04-11 15:30:35.0;
12;21687;2019-04-11 15:30:40.0;
12;21687.5;2019-04-11 15:30:46.0;
12;21687;2019-04-11 15:30:47.0;
12;21687.5;2019-04-11 15:30:49.0;
12;21684;2019-04-11 15:30:51.0;
12;21687.5;2019-04-11 15:30:54.0;
12;21684;2019-04-11 15:30:55.0;
12;21685;2019-04-11 15:31:00.0;
12;21682.5;2019-04-11 15:31:04.0;
12;21687.5;2019-04-11 15:31:13.0;
12;21687;2019-04-11 15:31:17.0;
12;21682;2019-04-11 15:31:24.0;
12;21679;2019-04-11 15:31:43.0;
12;21682;2019-04-11 15:32:05.0;
12;21687;2019-04-11 15:32:42.0;
12;21682.5;2019-04-11 15:32:56.0;
12;21682;2019-04-11 15:32:58.0;
12;21687.5;2019-04-11 15:33:14.0;
12;21682;2019-04-11 15:33:16.0;
12;21687.5;2019-04-11 15:33:18.0;
12;21682;2019-04-11 15:33:21.0;
12;21687.5;2019-04-11 15:33:31.0;
12;21682;2019-04-11 15:33:32.0;
12;21687;2019-04-11 15:33:34.0;
12;21684;2019-04-11 15:33:47.0;
12;21687;2019-04-11 15:34:03.0;
12;21682;2019-04-11 15:34:35.0;
12;21687.5;2019-04-11 15:34:41.0;
12;21682.5;2019-04-11 15:34:47.0;
12;21682;2019-04-11 15:34:48.0;
12;21687;2019-04-11 15:34:58.0;
12;21687.5;2019-04-11 15:35:00.0;
12;21687;2019-04-11 15:35:01.0;
12;21682;2019-04-11 15:35:41.0;
12;21672;2019-04-11 15:36:08.0;
12;21682;2019-04-11 15:36:10.0;
12;21672;2019-04-11 15:36:12.0;
12;21677.5;2019-04-11 15:36:24.0;
12;21677;2019-04-11 15:36:27.0;
12;21672;2019-04-11 15:36:34.0;
12;21677;2019-04-11 15:37:23.0;
12;21672.5;2019-04-11 15:37:31.0;
12;21672;2019-04-11 15:37:35.0;
12;21674;2019-04-11 15:37:40.0;
12;21677;2019-04-11 15:38:05.0;
12;21672.5;2019-04-11 15:38:56.0;
12;21677;2019-04-11 15:38:57.0;
12;21672;2019-04-11 15:38:58.0;
12;21672.5;2019-04-11 15:39:10.0;
12;21672;2019-04-11 15:39:17.0;
12;21677;2019-04-11 15:40:46.0;
12;21682;2019-04-11 15:41:12.0;
12;21687;2019-04-11 15:42:48.0;
12;21692;2019-04-11 15:43:12.0;
12;21687;2019-04-11 15:43:13.0;
12;21692;2019-04-11 15:43:15.0;
12;21692.5;2019-04-11 15:43:17.0;
12;21692;2019-04-11 15:43:21.0;
12;21697;2019-04-11 15:44:04.0;
12;21692;2019-04-11 15:44:31.0;
12;21687;2019-04-11 15:45:23.0;
12;21690;2019-04-11 15:45:36.0;
12;21687;2019-04-11 15:45:50.0;
12;21690;2019-04-11 15:46:13.0;
12;21687;2019-04-11 15:46:16.0;
12;21692.5;2019-04-11 15:46:19.0;
12;21692;2019-04-11 15:46:23.0;
12;21697.5;2019-04-11 15:46:52.0;
12;21697;2019-04-11 15:46:57.0;
12;21694;2019-04-11 15:47:07.0;
12;21695;2019-04-11 15:47:11.0;
12;21697.5;2019-04-11 15:47:17.0;
12;21692.5;2019-04-11 15:47:20.0;
12;21692;2019-04-11 15:47:23.0;
12;21697.5;2019-04-11 15:48:09.0;
12;21695;2019-04-11 15:48:13.0;
12;21697;2019-04-11 15:48:29.0;
12;21697.5;2019-04-11 15:48:35.0;
12;21697;2019-04-11 15:48:40.0;
12;21697.5;2019-04-11 15:48:41.0;
12;21697;2019-04-11 15:48:43.0;
12;21702.5;2019-04-11 15:49:06.0;
12;21697.5;2019-04-11 15:49:08.0;
12;21697;2019-04-11 15:49:09.0;
12;21702;2019-04-11 15:49:15.0;
12;21697.5;2019-04-11 15:49:16.0;
12;21697;2019-04-11 15:49:19.0;
12;21702.5;2019-04-11 15:49:27.0;
12;21700;2019-04-11 15:49:31.0;
12;21705;2019-04-11 15:50:12.0;
12;21700;2019-04-11 15:50:15.0;
12;21702.5;2019-04-11 15:50:17.0;
12;21702;2019-04-11 15:50:21.0;
12;21705;2019-04-11 15:50:36.0;
12;21702;2019-04-11 15:50:42.0;
12;21704;2019-04-11 15:50:45.0;
12;21702;2019-04-11 15:50:47.0;
12;21704;2019-04-11 15:50:48.0;
12;21702;2019-04-11 15:50:50.0;
12;21697.5;2019-04-11 15:51:09.0;
12;21697;2019-04-11 15:51:13.0;
12;21697.5;2019-04-11 15:51:15.0;
12;21697;2019-04-11 15:51:16.0;
12;21692;2019-04-11 15:51:24.0;
12;21697;2019-04-11 15:51:28.0;
12;21692;2019-04-11 15:51:29.0;
12;21697;2019-04-11 15:51:31.0;
12;21692;2019-04-11 15:51:48.0;
12;21687;2019-04-11 15:52:47.0;
12;21692;2019-04-11 15:52:49.0;
12;21687;2019-04-11 15:52:50.0;
12;21692;2019-04-11 15:52:52.0;
12;21690;2019-04-11 15:53:02.0;
12;21687;2019-04-11 15:53:16.0;
12;21690;2019-04-11 15:53:20.0;
12;21687;2019-04-11 15:53:21.0;
12;21687.5;2019-04-11 15:53:24.0;
12;21687;2019-04-11 15:53:29.0;
12;21690;2019-04-11 15:53:36.0;
12;21687.5;2019-04-11 15:53:39.0;
12;21690;2019-04-11 15:53:44.0;
12;21687.5;2019-04-11 15:53:45.0;
12;21690;2019-04-11 15:53:47.0;
12;21692.5;2019-04-11 15:53:48.0;
12;21690;2019-04-11 15:54:05.0;
12;21687.5;2019-04-11 15:54:09.0;
12;21687;2019-04-11 15:54:12.0;
12;21682.5;2019-04-11 15:54:49.0;
12;21677.5;2019-04-11 15:54:52.0;
12;21677;2019-04-11 15:54:56.0;
12;21677.5;2019-04-11 15:54:57.0;
12;21682;2019-04-11 15:54:59.0;
12;21677;2019-04-11 15:55:06.0;
12;21682;2019-04-11 15:55:08.0;
12;21677;2019-04-11 15:55:09.0;
12;21682.5;2019-04-11 15:55:11.0;
12;21682;2019-04-11 15:55:17.0;
12;21677.5;2019-04-11 15:55:33.0;
12;21677;2019-04-11 15:55:38.0;
12;21682.5;2019-04-11 15:55:40.0;
12;21677;2019-04-11 15:55:42.0;
12;21682.5;2019-04-11 15:55:44.0;
12;21680;2019-04-11 15:55:45.0;
12;21687;2019-04-11 15:57:02.0;
12;21682;2019-04-11 15:59:02.0;
12;21685;2019-04-11 15:59:03.0;
12;21687;2019-04-11 15:59:08.0;
12;21682;2019-04-11 15:59:20.0;
12;21677;2019-04-11 15:59:39.0;
12;21682;2019-04-11 15:59:43.0;
12;21677;2019-04-11 15:59:45.0;
12;21682;2019-04-11 15:59:46.0;
12;21687.5;2019-04-11 16:00:09.0;
12;21687;2019-04-11 16:00:17.0;
12;21682.5;2019-04-11 16:01:21.0;
12;21687;2019-04-11 16:01:23.0;
12;21685;2019-04-11 16:01:25.0;
12;21687;2019-04-11 16:02:47.0;
12;21692;2019-04-11 16:03:11.0;
12;21697.5;2019-04-11 16:04:35.0;
12;21692.5;2019-04-11 16:04:41.0;
12;21695;2019-04-11 16:04:45.0;
12;21697.5;2019-04-11 16:05:08.0;
12;21697;2019-04-11 16:05:15.0;
12;21692;2019-04-11 16:06:07.0;
12;21697.5;2019-04-11 16:07:15.0;
12;21692.5;2019-04-11 16:07:20.0;
12;21692;2019-04-11 16:07:24.0;
12;21687.5;2019-04-11 16:07:44.0;
12;21687;2019-04-11 16:07:49.0;
12;21692.5;2019-04-11 16:08:11.0;
12;21687.5;2019-04-11 16:08:18.0;
12;21687;2019-04-11 16:08:20.0;
12;21692.5;2019-04-11 16:08:40.0;
12;21692;2019-04-11 16:08:47.0;
12;21697;2019-04-11 16:10:26.0;
12;21695;2019-04-11 16:10:40.0;
12;21697;2019-04-11 16:10:41.0;
12;21695;2019-04-11 16:10:43.0;
12;21697;2019-04-11 16:10:45.0;
12;21692.5;2019-04-11 16:11:02.0;
12;21693;2019-04-11 16:11:04.0;
12;21690;2019-04-11 16:12:07.0;
12;21693;2019-04-11 16:12:08.0;
12;21690;2019-04-11 16:12:09.0;
12;21687.5;2019-04-11 16:12:16.0;
12;21688;2019-04-11 16:12:19.0;
12;21687.5;2019-04-11 16:12:21.0;
12;21688;2019-04-11 16:12:24.0;
12;21682.5;2019-04-11 16:12:48.0;
12;21685;2019-04-11 16:12:52.0;
12;21688;2019-04-11 16:12:59.0;
12;21690;2019-04-11 16:13:39.0;
12;21688;2019-04-11 16:14:05.0;
12;21693;2019-04-11 16:14:14.0;
12;21698;2019-04-11 16:15:08.0;
12;21703;2019-04-11 16:15:19.0;
12;21698;2019-04-11 16:15:25.0;
12;21695;2019-04-11 16:15:39.0;
12;21698;2019-04-11 16:15:45.0;
12;21700;2019-04-11 16:16:45.0;
12;21698;2019-04-11 16:16:51.0;
12;21702.5;2019-04-11 16:17:27.0;
12;21700;2019-04-11 16:17:35.0;
12;21703;2019-04-11 16:17:43.0;
12;21707.5;2019-04-11 16:18:09.0;
12;21702.5;2019-04-11 16:18:13.0;
12;21705;2019-04-11 16:18:16.0;
12;21708;2019-04-11 16:18:22.0;
12;21707.5;2019-04-11 16:18:28.0;
12;21708;2019-04-11 16:18:36.0;
12;21705;2019-04-11 16:18:39.0;
12;21708;2019-04-11 16:18:40.0;
12;21705;2019-04-11 16:18:42.0;
12;21702;2019-04-11 16:18:43.0;
12;21705;2019-04-11 16:18:46.0;
12;21702;2019-04-11 16:18:48.0;
12;21698;2019-04-11 16:20:34.0;
12;21702.5;2019-04-11 16:20:43.0;
12;21700;2019-04-11 16:20:48.0;
12;21698;2019-04-11 16:21:00.0;
12;21700;2019-04-11 16:21:07.0;
12;21703;2019-04-11 16:21:10.0;
12;21708;2019-04-11 16:23:06.0;
12;21703;2019-04-11 16:23:18.0;
12;21698;2019-04-11 16:24:11.0;
12;21703;2019-04-11 16:24:12.0;
12;21698;2019-04-11 16:24:15.0;
12;21703;2019-04-11 16:24:36.0;
12;21698;2019-04-11 16:25:49.0;
12;21700;2019-04-11 16:27:42.0;
12;21698;2019-04-11 16:27:44.0;
12;21700;2019-04-11 16:28:12.0;
12;21698;2019-04-11 16:28:19.0;
12;21702.5;2019-04-11 16:29:26.0;
12;21703;2019-04-11 16:29:27.0;
12;21702.5;2019-04-11 16:29:30.0;
12;21703;2019-04-11 16:29:32.0;
12;21700;2019-04-11 16:30:16.0;
12;21695;2019-04-11 16:31:17.0;
12;21698;2019-04-11 16:31:49.0;
12;21695;2019-04-11 16:31:50.0;
12;21698;2019-04-11 16:31:52.0;
12;21703;2019-04-11 16:32:03.0;
12;21700;2019-04-11 16:32:52.0;
12;21702.5;2019-04-11 16:32:56.0;
12;21703;2019-04-11 16:33:02.0;
12;21697.5;2019-04-11 16:33:04.0;
12;21703;2019-04-11 16:33:05.0;
12;21697.5;2019-04-11 16:33:07.0;
12;21703;2019-04-11 16:33:08.0;
12;21698;2019-04-11 16:33:28.0;
12;21693;2019-04-11 16:34:26.0;
12;21695;2019-04-11 16:34:41.0;
12;21697.5;2019-04-11 16:34:44.0;
12;21698;2019-04-11 16:34:49.0;
12;21702.5;2019-04-11 16:35:24.0;
12;21703;2019-04-11 16:35:27.0;
12;21698;2019-04-11 16:36:21.0;
12;21703;2019-04-11 16:36:22.0;
12;21698;2019-04-11 16:36:24.0;
12;21702.5;2019-04-11 16:36:25.0;
12;21703;2019-04-11 16:36:29.0;
12;21698;2019-04-11 16:36:31.0;
12;21700;2019-04-11 16:36:37.0;
12;21703;2019-04-11 16:36:48.0;
12;21702.5;2019-04-11 16:37:49.0;
12;21708;2019-04-11 16:38:04.0;
12;21702.5;2019-04-11 16:38:05.0;
12;21708;2019-04-11 16:38:07.0;
12;21705;2019-04-11 16:38:58.0;
12;21707;2019-04-11 16:39:06.0;
12;21702.5;2019-04-11 16:39:34.0;
12;21707.5;2019-04-11 16:39:42.0;
12;21705;2019-04-11 16:39:45.0;
12;21707;2019-04-11 16:39:49.0;
12;21712;2019-04-11 16:41:27.0;
12;21712.5;2019-04-11 16:41:32.0;
12;21712;2019-04-11 16:41:35.0;
12;21717.5;2019-04-11 16:42:28.0;
12;21717;2019-04-11 16:42:34.0;
12;21720;2019-04-11 16:43:03.0;
12;21727.5;2019-04-11 16:43:07.0;
12;21727;2019-04-11 16:43:11.0;
12;21722;2019-04-11 16:43:29.0;
12;21722.5;2019-04-11 16:44:22.0;
12;21722;2019-04-11 16:44:24.0;
12;21722.5;2019-04-11 16:44:25.0;
12;21722;2019-04-11 16:44:26.0;
12;21717.5;2019-04-11 16:44:28.0;
12;21722;2019-04-11 16:44:32.0;
12;21717.5;2019-04-11 16:44:34.0;
12;21722;2019-04-11 16:44:35.0;
12;21720;2019-04-11 16:45:23.0;
12;21722;2019-04-11 16:45:24.0;
12;21720;2019-04-11 16:45:26.0;
12;21717;2019-04-11 16:46:07.0;
12;21722.5;2019-04-11 16:46:21.0;
12;21720;2019-04-11 16:46:27.0;
12;21717.5;2019-04-11 16:46:36.0;
12;21720;2019-04-11 16:46:41.0;
12;21717.5;2019-04-11 16:46:45.0;
12;21717;2019-04-11 16:46:48.0;
12;21717.5;2019-04-11 16:46:50.0;
12;21717;2019-04-11 16:46:51.0;
12;21712.5;2019-04-11 16:47:15.0;
12;21717;2019-04-11 16:47:16.0;
12;21712.5;2019-04-11 16:47:18.0;
12;21715;2019-04-11 16:47:20.0;
12;21712;2019-04-11 16:47:24.0;
12;21707;2019-04-11 16:48:02.0;
12;21710;2019-04-11 16:48:06.0;
12;21707;2019-04-11 16:48:07.0;
12;21710;2019-04-11 16:48:09.0;
12;21712.5;2019-04-11 16:48:10.0;
12;21712;2019-04-11 16:48:17.0;
12;21710;2019-04-11 16:48:38.0;
12;21707;2019-04-11 16:48:46.0;
12;21712;2019-04-11 16:49:16.0;
12;21707;2019-04-11 16:49:24.0;
12;21710;2019-04-11 16:49:25.0;
12;21707;2019-04-11 16:49:26.0;
12;21712;2019-04-11 16:50:07.0;
12;21715;2019-04-11 16:50:32.0;
12;21717.5;2019-04-11 16:51:40.0;
12;21715;2019-04-11 16:51:41.0;
12;21717.5;2019-04-11 16:51:43.0;
12;21717;2019-04-11 16:51:46.0;
12;21712;2019-04-11 16:52:40.0;
12;21717;2019-04-11 16:52:47.0;
12;21719;2019-04-11 16:54:17.0;
12;21717;2019-04-11 16:54:24.0;
12;21712.5;2019-04-11 16:55:01.0;
12;21712;2019-04-11 16:55:07.0;
12;21717.5;2019-04-11 16:55:52.0;
12;21712;2019-04-11 16:56:06.0;
12;21717.5;2019-04-11 16:56:14.0;
12;21717;2019-04-11 16:56:17.0;
12;21712.5;2019-04-11 16:56:39.0;
12;21712;2019-04-11 16:56:46.0;
12;21717.5;2019-04-11 16:57:04.0;
12;21712;2019-04-11 16:57:09.0;
12;21717.5;2019-04-11 16:57:13.0;
12;21712;2019-04-11 16:57:14.0;
12;21717;2019-04-11 16:57:16.0;
12;21722;2019-04-11 16:57:41.0;
12;21717;2019-04-11 16:57:48.0;
12;21720;2019-04-11 16:58:04.0;
12;21717.5;2019-04-11 16:58:08.0;
12;21717;2019-04-11 16:58:12.0;
12;21717.5;2019-04-11 16:58:13.0;
12;21717;2019-04-11 16:58:16.0;
12;21719;2019-04-11 16:58:32.0;
12;21717;2019-04-11 16:58:38.0;
12;21722;2019-04-11 17:00:03.0;
12;21719;2019-04-11 17:00:09.0;
12;21727.5;2019-04-11 17:01:11.0;
12;21727;2019-04-11 17:01:12.0;
12;21722.5;2019-04-11 17:01:15.0;
12;21727;2019-04-11 17:01:17.0;
12;21722.5;2019-04-11 17:01:18.0;
12;21724;2019-04-11 17:01:20.0;
12;21722;2019-04-11 17:01:24.0;
12;21727.5;2019-04-11 17:01:30.0;
12;21722.5;2019-04-11 17:01:33.0;
12;21722;2019-04-11 17:01:40.0;
12;21717.5;2019-04-11 17:02:03.0;
12;21717;2019-04-11 17:02:08.0;
12;21712;2019-04-11 17:03:28.0;
12;21707;2019-04-11 17:03:35.0;
12;21709;2019-04-11 17:03:43.0;
12;21707;2019-04-11 17:03:44.0;
12;21709;2019-04-11 17:03:46.0;
12;21710;2019-04-11 17:03:47.0;
12;21709;2019-04-11 17:03:50.0;
12;21710;2019-04-11 17:03:51.0;
12;21712;2019-04-11 17:04:05.0;
12;21717.5;2019-04-11 17:04:44.0;
12;21712.5;2019-04-11 17:04:45.0;
12;21715;2019-04-11 17:04:52.0;
12;21712.5;2019-04-11 17:04:53.0;
12;21715;2019-04-11 17:04:55.0;
12;21717;2019-04-11 17:04:58.0;
12;21720;2019-04-11 17:05:42.0;
12;21717;2019-04-11 17:05:44.0;
12;21720;2019-04-11 17:05:45.0;
12;21717;2019-04-11 17:06:03.0;
12;21720;2019-04-11 17:06:05.0;
12;21717;2019-04-11 17:06:06.0;
12;21722;2019-04-11 17:06:16.0;
12;21727;2019-04-11 17:08:03.0;
12;21722;2019-04-11 17:08:04.0;
12;21727;2019-04-11 17:08:06.0;
12;21732;2019-04-11 17:10:03.0;
12;21727;2019-04-11 17:10:27.0;
12;21732;2019-04-11 17:12:52.0;
12;21727;2019-04-11 17:12:54.0;
12;21732;2019-04-11 17:12:56.0;
12;21727;2019-04-11 17:14:26.0;
12;21730;2019-04-11 17:14:28.0;
12;21732.5;2019-04-11 17:14:53.0;
12;21732;2019-04-11 17:14:57.0;
12;21727;2019-04-11 17:15:08.0;
12;21732;2019-04-11 17:15:16.0;
12;21730;2019-04-11 17:15:46.0;
12;21732;2019-04-11 17:16:07.0;
12;21737.5;2019-04-11 17:17:27.0;
12;21732;2019-04-11 17:17:28.0;
12;21737.5;2019-04-11 17:17:30.0;
12;21737;2019-04-11 17:17:31.0;
12;21732;2019-04-11 17:19:04.0;
12;21727.5;2019-04-11 17:20:09.0;
12;21732.5;2019-04-11 17:20:12.0;
12;21732;2019-04-11 17:20:16.0;
12;21730;2019-04-11 17:22:18.0;
12;21727.5;2019-04-11 17:22:20.0;
12;21727;2019-04-11 17:22:27.0;
12;21732;2019-04-11 17:23:13.0;
12;21727;2019-04-11 17:23:20.0;
12;21732;2019-04-11 17:23:31.0;
12;21727;2019-04-11 17:23:32.0;
12;21732;2019-04-11 17:23:34.0;
12;21727;2019-04-11 17:23:42.0;
12;21732;2019-04-11 17:24:19.0;
12;21727;2019-04-11 17:24:22.0;
12;21727.5;2019-04-11 17:24:23.0;
12;21727;2019-04-11 17:24:29.0;
12;21725;2019-04-11 17:25:16.0;
12;21722;2019-04-11 17:26:03.0;
12;21727.5;2019-04-11 17:26:45.0;
12;21727;2019-04-11 17:26:49.0;
12;21722;2019-04-11 17:27:17.0;
12;21722.5;2019-04-11 17:27:38.0;
12;21722;2019-04-11 17:27:40.0;
12;21727.5;2019-04-11 17:27:45.0;
12;21725;2019-04-11 17:27:48.0;
12;21722.5;2019-04-11 17:28:06.0;
12;21722;2019-04-11 17:28:12.0;
12;21727.5;2019-04-11 17:28:58.0;
12;21722;2019-04-11 17:28:59.0;
12;21727.5;2019-04-11 17:29:01.0;
12;21727;2019-04-11 17:29:03.0;
12;21727.5;2019-04-11 17:29:04.0;
12;21727;2019-04-11 17:29:06.0;
12;21722;2019-04-11 17:30:13.0;
12;21717.5;2019-04-11 17:31:04.0;
12;21717;2019-04-11 17:31:09.0;
12;21717.5;2019-04-11 17:31:10.0;
12;21717;2019-04-11 17:31:12.0;
12;21712.5;2019-04-11 17:32:31.0;
12;21717;2019-04-11 17:32:34.0;
12;21712;2019-04-11 17:32:35.0;
12;21710;2019-04-11 17:33:03.0;
12;21707.5;2019-04-11 17:34:25.0;
12;21710;2019-04-11 17:34:26.0;
12;21712;2019-04-11 17:34:28.0;
12;21707;2019-04-11 17:34:53.0;
12;21712;2019-04-11 17:35:12.0;
12;21707;2019-04-11 17:35:13.0;
12;21712;2019-04-11 17:35:15.0;
12;21707;2019-04-11 17:38:26.0;
12;21702;2019-04-11 17:39:31.0;
12;21697.5;2019-04-11 17:40:04.0;
12;21697;2019-04-11 17:40:07.0;
12;21692;2019-04-11 17:40:10.0;
12;21697;2019-04-11 17:40:18.0;
12;21692;2019-04-11 17:40:23.0;
12;21697;2019-04-11 17:40:24.0;
12;21692;2019-04-11 17:40:26.0;
12;21687;2019-04-11 17:40:32.0;
12;21683;2019-04-11 17:40:36.0;
12;21688;2019-04-11 17:40:52.0;
12;21678;2019-04-11 17:41:03.0;
12;21688;2019-04-11 17:41:05.0;
12;21678;2019-04-11 17:41:06.0;
12;21680;2019-04-11 17:41:08.0;
12;21682.5;2019-04-11 17:41:24.0;
12;21680;2019-04-11 17:41:26.0;
12;21683;2019-04-11 17:41:44.0;
12;21682.5;2019-04-11 17:42:12.0;
12;21683;2019-04-11 17:42:15.0;
12;21682.5;2019-04-11 17:42:51.0;
12;21683;2019-04-11 17:42:59.0;
12;21680;2019-04-11 17:43:05.0;
12;21678;2019-04-11 17:43:11.0;
12;21682.5;2019-04-11 17:43:15.0;
12;21680;2019-04-11 17:43:23.0;
12;21683;2019-04-11 17:43:30.0;
12;21688;2019-04-11 17:44:18.0;
12;21683;2019-04-11 17:44:19.0;
12;21682.5;2019-04-11 17:44:45.0;
12;21683;2019-04-11 17:44:48.0;
12;21682.5;2019-04-11 17:44:49.0;
12;21683;2019-04-11 17:44:51.0;
12;21688;2019-04-11 17:45:43.0;
12;21692.5;2019-04-11 17:45:48.0;
12;21693;2019-04-11 17:46:05.0;
12;21690;2019-04-11 17:46:10.0;
12;21693;2019-04-11 17:46:12.0;
12;21690;2019-04-11 17:46:14.0;
12;21688;2019-04-11 17:46:15.0;
12;21690;2019-04-11 17:46:18.0;
12;21688;2019-04-11 17:46:19.0;
12;21692.5;2019-04-11 17:46:37.0;
12;21687.5;2019-04-11 17:46:40.0;
12;21688;2019-04-11 17:46:46.0;
12;21692.5;2019-04-11 17:46:54.0;
12;21688;2019-04-11 17:46:56.0;
12;21693;2019-04-11 17:46:59.0;
12;21690;2019-04-11 17:47:06.0;
12;21687.5;2019-04-11 17:47:40.0;
12;21693;2019-04-11 17:47:47.0;
12;21690;2019-04-11 17:48:03.0;
12;21693;2019-04-11 17:48:05.0;
12;21690;2019-04-11 17:48:06.0;
12;21697.5;2019-04-11 17:48:55.0;
12;21698;2019-04-11 17:48:57.0;
12;21695;2019-04-11 17:49:04.0;
12;21692.5;2019-04-11 17:49:07.0;
12;21693;2019-04-11 17:49:11.0;
12;21698;2019-04-11 17:50:26.0;
12;21692.5;2019-04-11 17:51:43.0;
12;21693;2019-04-11 17:51:49.0;
12;21698;2019-04-11 17:54:49.0;
12;21692.5;2019-04-11 17:55:03.0;
12;21693;2019-04-11 17:55:09.0;
12;21690;2019-04-11 17:55:18.0;
12;21692.5;2019-04-11 17:55:25.0;
12;21693;2019-04-11 17:55:26.0;
12;21692.5;2019-04-11 17:55:28.0;
12;21693;2019-04-11 17:55:29.0;
12;21697.5;2019-04-11 17:56:03.0;
12;21698;2019-04-11 17:56:08.0;
12;21702.5;2019-04-11 17:58:36.0;
12;21703;2019-04-11 17:58:39.0;
12;21702.5;2019-04-11 17:58:42.0;
12;21703;2019-04-11 17:58:43.0;
12;21698;2019-04-11 17:58:45.0;
12;21693;2019-04-11 17:59:25.0;
12;21697.5;2019-04-11 18:04:10.0;
12;21692.5;2019-04-11 18:04:14.0;
12;21698;2019-04-11 18:04:20.0;
12;21692.5;2019-04-11 18:04:21.0;
12;21698;2019-04-11 18:04:23.0;
12;21702.5;2019-04-11 18:04:30.0;
12;21703;2019-04-11 18:04:36.0;
12;21708;2019-04-11 18:06:32.0;
12;21713;2019-04-11 18:07:12.0;
12;21708;2019-04-11 18:07:15.0;
12;21703;2019-04-11 18:08:08.0;
12;21705;2019-04-11 18:08:16.0;
12;21702.5;2019-04-11 18:08:19.0;
12;21703;2019-04-11 18:08:26.0;
12;21708;2019-04-11 18:09:35.0;
12;21702.5;2019-04-11 18:09:43.0;
12;21705;2019-04-11 18:09:48.0;
12;21708;2019-04-11 18:10:13.0;
12;21703;2019-04-11 18:10:40.0;
12;21705;2019-04-11 18:10:44.0;
12;21708;2019-04-11 18:10:46.0;
12;21705;2019-04-11 18:10:47.0;
12;21708;2019-04-11 18:10:49.0;
12;21702.5;2019-04-11 18:10:50.0;
12;21703;2019-04-11 18:10:56.0;
12;21707.5;2019-04-11 18:11:03.0;
12;21703;2019-04-11 18:11:04.0;
12;21707.5;2019-04-11 18:11:06.0;
12;21702.5;2019-04-11 18:11:08.0;
12;21703;2019-04-11 18:11:11.0;
12;21705;2019-04-11 18:11:29.0;
12;21702.5;2019-04-11 18:11:42.0;
12;21703;2019-04-11 18:11:47.0;
12;21697.5;2019-04-11 18:12:54.0;
12;21702.5;2019-04-11 18:12:59.0;
12;21697.5;2019-04-11 18:13:03.0;
12;21702.5;2019-04-11 18:13:05.0;
12;21697.5;2019-04-11 18:13:06.0;
12;21698;2019-04-11 18:13:07.0;
12;21697.5;2019-04-11 18:13:09.0;
12;21698;2019-04-11 18:13:10.0;
12;21703;2019-04-11 18:14:54.0;
12;21698;2019-04-11 18:15:08.0;
12;21693;2019-04-11 18:16:17.0;
12;21692.5;2019-04-11 18:16:32.0;
12;21693;2019-04-11 18:16:34.0;
12;21688;2019-04-11 18:16:45.0;
12;21693;2019-04-11 18:16:47.0;
12;21687.5;2019-04-11 18:19:47.0;
12;21688;2019-04-11 18:19:48.0;
12;21687.5;2019-04-11 18:19:50.0;
12;21688;2019-04-11 18:19:51.0;
12;21682.5;2019-04-11 18:21:28.0;
12;21683;2019-04-11 18:21:31.0;
12;21685;2019-04-11 18:22:10.0;
12;21688;2019-04-11 18:22:11.0;
12;21685;2019-04-11 18:22:13.0;
12;21688;2019-04-11 18:22:15.0;
12;21693;2019-04-11 18:22:32.0;
12;21688;2019-04-11 18:22:33.0;
12;21693;2019-04-11 18:22:35.0;
12;21688;2019-04-11 18:22:56.0;
12;21693;2019-04-11 18:22:59.0;
12;21688;2019-04-11 18:25:13.0;
12;21690;2019-04-11 18:25:15.0;
12;21693;2019-04-11 18:25:20.0;
12;21687.5;2019-04-11 18:26:03.0;
12;21690;2019-04-11 18:26:09.0;
12;21687.5;2019-04-11 18:26:10.0;
12;21690;2019-04-11 18:26:12.0;
12;21688;2019-04-11 18:27:36.0;
12;21692.5;2019-04-11 18:31:33.0;
12;21693;2019-04-11 18:31:35.0;
12;21692.5;2019-04-11 18:31:37.0;
12;21693;2019-04-11 18:31:39.0;
12;21687.5;2019-04-11 18:32:38.0;
12;21692.5;2019-04-11 18:32:39.0;
12;21687.5;2019-04-11 18:32:42.0;
12;21693;2019-04-11 18:32:44.0;
12;21698;2019-04-11 18:33:03.0;
12;21693;2019-04-11 18:33:08.0;
12;21698;2019-04-11 18:36:47.0;
12;21693;2019-04-11 18:36:50.0;
12;21698;2019-04-11 18:36:51.0;
12;21692.5;2019-04-11 18:39:49.0;
12;21698;2019-04-11 18:40:06.0;
12;21692.5;2019-04-11 18:40:56.0;
12;21698;2019-04-11 18:41:02.0;
12;21695;2019-04-11 18:41:03.0;
12;21698;2019-04-11 18:41:05.0;
12;21695;2019-04-11 18:41:06.0;
12;21697.5;2019-04-11 18:41:09.0;
12;21693;2019-04-11 18:41:24.0;
12;21692.5;2019-04-11 18:42:03.0;
12;21693;2019-04-11 18:42:06.0;
12;21692.5;2019-04-11 18:42:07.0;
12;21693;2019-04-11 18:42:08.0;
12;21698;2019-04-11 18:42:50.0;
12;21695;2019-04-11 18:42:54.0;
12;21693;2019-04-11 18:42:59.0;
12;21695;2019-04-11 18:43:11.0;
12;21693;2019-04-11 18:43:15.0;
12;21698;2019-04-11 18:43:27.0;
12;21693;2019-04-11 18:43:45.0;
12;21698;2019-04-11 18:44:03.0;
12;21693;2019-04-11 18:44:04.0;
12;21695;2019-04-11 18:44:07.0;
12;21697.5;2019-04-11 18:44:11.0;
12;21698;2019-04-11 18:44:17.0;
12;21697.5;2019-04-11 18:44:19.0;
12;21698;2019-04-11 18:44:20.0;
12;21700;2019-04-11 18:45:19.0;
12;21698;2019-04-11 18:45:21.0;
12;21700;2019-04-11 18:45:22.0;
12;21697.5;2019-04-11 18:45:25.0;
12;21698;2019-04-11 18:45:27.0;
12;21693;2019-04-11 18:46:11.0;
12;21698;2019-04-11 18:46:43.0;
12;21695;2019-04-11 18:46:45.0;
12;21693;2019-04-11 18:46:56.0;
12;21695;2019-04-11 18:47:15.0;
12;21697.5;2019-04-11 18:47:51.0;
12;21698;2019-04-11 18:48:03.0;
12;21695;2019-04-11 18:48:55.0;
12;21698;2019-04-11 18:48:56.0;
12;21695;2019-04-11 18:48:57.0;
12;21693;2019-04-11 18:49:05.0;
12;21698;2019-04-11 18:50:52.0;
12;21695;2019-04-11 18:51:19.0;
12;21698;2019-04-11 18:51:25.0;
12;21692.5;2019-04-11 18:52:14.0;
12;21693;2019-04-11 18:52:19.0;
12;21697.5;2019-04-11 18:52:26.0;
12;21695;2019-04-11 18:52:31.0;
12;21697.5;2019-04-11 18:52:33.0;
12;21695;2019-04-11 18:52:34.0;
12;21703;2019-04-11 18:54:03.0;
12;21695;2019-04-11 18:54:04.0;
12;21703;2019-04-11 18:54:06.0;
12;21707.5;2019-04-11 19:01:11.0;
12;21703;2019-04-11 19:01:13.0;
12;21707.5;2019-04-11 19:01:14.0;
12;21708;2019-04-11 19:01:17.0;
12;21713;2019-04-11 19:10:07.0;
12;21710;2019-04-11 19:14:53.0;
12;21713;2019-04-11 19:15:28.0;
12;21710;2019-04-11 19:15:29.0;
12;21713;2019-04-11 19:15:30.0;
12;21710;2019-04-11 19:16:37.0;
12;21708;2019-04-11 19:20:04.0;
12;21707.5;2019-04-11 19:20:10.0;
12;21708;2019-04-11 19:20:17.0;
12;21713;2019-04-11 19:20:49.0;
12;21710;2019-04-11 19:21:10.0;
12;21713;2019-04-11 19:21:11.0;
12;21710;2019-04-11 19:21:13.0;
12;21713;2019-04-11 19:21:20.0;
12;21710;2019-04-11 19:21:23.0;
12;21713;2019-04-11 19:21:27.0;
12;21710;2019-04-11 19:21:43.0;
12;21713;2019-04-11 19:21:50.0;
12;21710;2019-04-11 19:22:04.0;
12;21713;2019-04-11 19:22:25.0;
12;21717.5;2019-04-11 19:23:07.0;
12;21718;2019-04-11 19:23:12.0;
12;21715;2019-04-11 19:23:24.0;
12;21713;2019-04-11 19:25:05.0;
12;21718;2019-04-11 19:26:18.0;
12;21713;2019-04-11 19:26:25.0;
12;21718;2019-04-11 19:27:09.0;
12;21715;2019-04-11 19:30:15.0;
12;21713;2019-04-11 19:30:23.0;
12;21712.5;2019-04-11 19:31:14.0;
12;21710;2019-04-11 19:31:28.0;
12;21712.5;2019-04-11 19:31:29.0;
12;21707.5;2019-04-11 19:31:30.0;
12;21708;2019-04-11 19:31:33.0;
12;21713;2019-04-11 19:35:24.0;
12;21707.5;2019-04-11 19:35:40.0;
12;21713;2019-04-11 19:35:41.0;
12;21707.5;2019-04-11 19:35:42.0;
12;21708;2019-04-11 19:35:48.0;
12;21702.5;2019-04-11 19:38:15.0;
12;21703;2019-04-11 19:38:21.0;
12;21702.5;2019-04-11 19:38:22.0;
12;21703;2019-04-11 19:38:24.0;
12;21697.5;2019-04-11 19:39:39.0;
12;21703;2019-04-11 19:39:42.0;
12;21697.5;2019-04-11 19:39:44.0;
12;21703;2019-04-11 19:39:45.0;
12;21698;2019-04-11 19:40:50.0;
12;21702.5;2019-04-11 19:40:57.0;
12;21703;2019-04-11 19:41:01.0;
12;21698;2019-04-11 19:41:08.0;
12;21693;2019-04-11 19:42:05.0;
12;21695;2019-04-11 19:44:07.0;
12;21697.5;2019-04-11 19:44:15.0;
12;21698;2019-04-11 19:44:21.0;
12;21688;2019-04-11 19:45:36.0;
12;21693;2019-04-11 19:45:38.0;
12;21688;2019-04-11 19:45:40.0;
12;21693;2019-04-11 19:45:41.0;
12;21688;2019-04-11 19:46:06.0;
12;21690;2019-04-11 19:46:30.0;
12;21688;2019-04-11 19:46:32.0;
12;21690;2019-04-11 19:46:33.0;
12;21693;2019-04-11 19:46:47.0;
12;21690;2019-04-11 19:46:56.0;
12;21688;2019-04-11 19:47:03.0;
12;21690;2019-04-11 19:47:06.0;
12;21688;2019-04-11 19:47:07.0;
12;21693;2019-04-11 19:47:09.0;
12;21695;2019-04-11 19:48:16.0;
12;21693;2019-04-11 19:48:27.0;
12;21695;2019-04-11 19:48:32.0;
12;21693;2019-04-11 19:48:33.0;
12;21695;2019-04-11 19:48:34.0;
12;21698;2019-04-11 19:48:40.0;
12;21695;2019-04-11 19:48:42.0;
12;21698;2019-04-11 19:48:44.0;
12;21693;2019-04-11 19:49:23.0;
12;21695;2019-04-11 19:50:03.0;
12;21692.5;2019-04-11 19:50:10.0;
12;21693;2019-04-11 19:50:15.0;
12;21698;2019-04-11 19:51:06.0;
12;21693;2019-04-11 19:51:07.0;
12;21698;2019-04-11 19:51:09.0;
12;21693;2019-04-11 19:51:10.0;
12;21697.5;2019-04-11 19:51:12.0;
12;21698;2019-04-11 19:51:18.0;
12;21693;2019-04-11 19:51:27.0;
12;21698;2019-04-11 19:51:30.0;
12;21693;2019-04-11 19:51:31.0;
12;21688;2019-04-11 19:54:36.0;
12;21693;2019-04-11 19:55:06.0;
12;21690;2019-04-11 19:55:11.0;
12;21687.5;2019-04-11 19:55:15.0;
12;21690;2019-04-11 19:55:17.0;
12;21687.5;2019-04-11 19:55:18.0;
12;21688;2019-04-11 19:55:23.0;
12;21690;2019-04-11 19:56:11.0;
12;21688;2019-04-11 19:56:13.0;
12;21690;2019-04-11 19:56:14.0;
12;21692.5;2019-04-11 19:56:27.0;
12;21693;2019-04-11 19:56:31.0;
12;21688;2019-04-11 19:56:35.0;
12;21693;2019-04-11 19:56:37.0;
12;21687.5;2019-04-11 19:56:38.0;
12;21688;2019-04-11 19:56:40.0;
12;21687.5;2019-04-11 19:56:41.0;
12;21688;2019-04-11 19:56:42.0;
12;21692.5;2019-04-11 19:56:48.0;
12;21693;2019-04-11 19:56:50.0;
12;21692.5;2019-04-11 19:59:00.0;
12;21693;2019-04-11 19:59:05.0;
12;21687.5;2019-04-11 19:59:15.0;
12;21693;2019-04-11 19:59:17.0;
12;21687.5;2019-04-11 19:59:18.0;
12;21688;2019-04-11 19:59:20.0;
12;21690;2019-04-11 19:59:28.0;
12;21688;2019-04-11 19:59:33.0;
12;21693;2019-04-11 20:00:22.0;
12;21688;2019-04-11 20:00:31.0;
12;21692.5;2019-04-11 20:02:44.0;
12;21693;2019-04-11 20:02:48.0;
12;21687.5;2019-04-11 20:03:12.0;
12;21688;2019-04-11 20:03:16.0;
12;21692.5;2019-04-11 20:03:20.0;
12;21693;2019-04-11 20:03:23.0;
12;21692.5;2019-04-11 20:03:24.0;
12;21693;2019-04-11 20:03:26.0;
12;21692.5;2019-04-11 20:05:23.0;
12;21695;2019-04-11 20:05:29.0;
12;21698;2019-04-11 20:05:35.0;
12;21693;2019-04-11 20:06:04.0;
12;21688;2019-04-11 20:06:43.0;
12;21692.5;2019-04-11 20:07:05.0;
12;21693;2019-04-11 20:07:08.0;
12;21690;2019-04-11 20:07:23.0;
12;21693;2019-04-11 20:07:25.0;
12;21690;2019-04-11 20:07:26.0;
12;21687.5;2019-04-11 20:07:28.0;
12;21688;2019-04-11 20:07:31.0;
12;21683;2019-04-11 20:08:08.0;
12;21688;2019-04-11 20:08:12.0;
12;21683;2019-04-11 20:08:19.0;
12;21688;2019-04-11 20:08:20.0;
12;21683;2019-04-11 20:08:22.0;
12;21685;2019-04-11 20:08:29.0;
12;21688;2019-04-11 20:08:32.0;
12;21683;2019-04-11 20:11:00.0;
12;21688;2019-04-11 20:11:01.0;
12;21683;2019-04-11 20:11:03.0;
12;21685;2019-04-11 20:11:18.0;
12;21682.5;2019-04-11 20:11:22.0;
12;21687.5;2019-04-11 20:11:23.0;
12;21688;2019-04-11 20:11:29.0;
12;21687.5;2019-04-11 20:11:31.0;
12;21688;2019-04-11 20:11:32.0;
12;21685;2019-04-11 20:14:36.0;
12;21682.5;2019-04-11 20:14:42.0;
12;21683;2019-04-11 20:14:45.0;
12;21688;2019-04-11 20:15:50.0;
12;21683;2019-04-11 20:16:15.0;
12;21677.5;2019-04-11 20:17:03.0;
12;21678;2019-04-11 20:17:11.0;
12;21680;2019-04-11 20:17:19.0;
12;21678;2019-04-11 20:17:20.0;
12;21680;2019-04-11 20:17:22.0;
12;21683;2019-04-11 20:17:23.0;
12;21680;2019-04-11 20:17:36.0;
12;21683;2019-04-11 20:17:37.0;
12;21680;2019-04-11 20:17:40.0;
12;21683;2019-04-11 20:18:07.0;
12;21680;2019-04-11 20:18:13.0;
12;21682.5;2019-04-11 20:18:23.0;
12;21680;2019-04-11 20:18:25.0;
12;21682.5;2019-04-11 20:18:27.0;
12;21683;2019-04-11 20:18:29.0;
12;21687.5;2019-04-11 20:18:54.0;
12;21688;2019-04-11 20:18:56.0;
12;21685;2019-04-11 20:19:14.0;
12;21683;2019-04-11 20:19:21.0;
12;21685;2019-04-11 20:22:03.0;
12;21683;2019-04-11 20:22:05.0;
12;21685;2019-04-11 20:22:06.0;
12;21683;2019-04-11 20:22:09.0;
12;21687.5;2019-04-11 20:22:19.0;
12;21688;2019-04-11 20:22:26.0;
12;21683;2019-04-11 20:22:52.0;
12;21680;2019-04-11 20:25:10.0;
12;21677.5;2019-04-11 20:25:12.0;
12;21680;2019-04-11 20:25:16.0;
12;21683;2019-04-11 20:25:25.0;
12;21680;2019-04-11 20:25:27.0;
12;21677.5;2019-04-11 20:25:35.0;
12;21678;2019-04-11 20:25:37.0;
12;21680;2019-04-11 20:26:04.0;
12;21678;2019-04-11 20:26:05.0;
12;21680;2019-04-11 20:26:08.0;
12;21683;2019-04-11 20:26:19.0;
12;21682.5;2019-04-11 20:26:29.0;
12;21680;2019-04-11 20:26:47.0;
12;21683;2019-04-11 20:26:51.0;
12;21678;2019-04-11 20:27:50.0;
12;21683;2019-04-11 20:28:31.0;
12;21677.5;2019-04-11 20:28:39.0;
12;21678;2019-04-11 20:28:45.0;
12;21682.5;2019-04-11 20:31:19.0;
12;21683;2019-04-11 20:31:26.0;
12;21687.5;2019-04-11 20:32:10.0;
12;21688;2019-04-11 20:32:14.0;
12;21682.5;2019-04-11 20:32:48.0;
12;21688;2019-04-11 20:32:49.0;
12;21682.5;2019-04-11 20:32:51.0;
12;21683;2019-04-11 20:32:52.0;
12;21688;2019-04-11 20:34:32.0;
12;21683;2019-04-11 20:34:35.0;
12;21688;2019-04-11 20:34:36.0;
12;21683;2019-04-11 20:34:38.0;
12;21678;2019-04-11 20:35:20.0;
12;21680;2019-04-11 20:35:25.0;
12;21683;2019-04-11 20:35:31.0;
12;21680;2019-04-11 20:40:43.0;
12;21677.5;2019-04-11 20:40:48.0;
12;21680;2019-04-11 20:40:55.0;
12;21677.5;2019-04-11 20:41:01.0;
12;21678;2019-04-11 20:41:06.0;
12;21682.5;2019-04-11 20:41:09.0;
12;21678;2019-04-11 20:41:11.0;
12;21682.5;2019-04-11 20:41:12.0;
12;21683;2019-04-11 20:41:15.0;
12;21687.5;2019-04-11 20:43:12.0;
12;21685;2019-04-11 20:43:15.0;
12;21687.5;2019-04-11 20:43:17.0;
12;21685;2019-04-11 20:43:19.0;
12;21683;2019-04-11 20:50:10.0;
12;21688;2019-04-11 20:51:10.0;
12;21685;2019-04-11 20:54:09.0;
12;21683;2019-04-11 20:54:10.0;
12;21682.5;2019-04-11 20:56:35.0;
12;21683;2019-04-11 20:56:37.0;
12;21682.5;2019-04-11 20:56:38.0;
12;21685;2019-04-11 20:56:41.0;
12;21687.5;2019-04-11 20:57:00.0;
12;21688;2019-04-11 20:57:06.0;
12;21685;2019-04-11 20:57:07.0;
12;21688;2019-04-11 20:57:10.0;
12;21685;2019-04-11 20:57:11.0;
12;21687.5;2019-04-11 20:57:16.0;
12;21688;2019-04-11 20:57:20.0;
12;21692.5;2019-04-11 21:01:10.0;
12;21688;2019-04-11 21:01:12.0;
12;21692.5;2019-04-11 21:01:13.0;
12;21687.5;2019-04-11 21:01:16.0;
12;21692.5;2019-04-11 21:01:17.0;
12;21687.5;2019-04-11 21:01:18.0;
12;21690;2019-04-11 21:01:20.0;
12;21687.5;2019-04-11 21:01:28.0;
12;21688;2019-04-11 21:01:31.0;
12;21687.5;2019-04-11 21:01:32.0;
12;21688;2019-04-11 21:01:34.0;
12;21693;2019-04-11 21:02:03.0;
12;21698;2019-04-11 21:05:10.0;
12;21693;2019-04-11 21:05:15.0;
12;21697.5;2019-04-11 21:05:18.0;
12;21693;2019-04-11 21:05:20.0;
12;21697.5;2019-04-11 21:05:21.0;
12;21698;2019-04-11 21:05:23.0;
12;21697.5;2019-04-11 21:05:24.0;
12;21698;2019-04-11 21:05:26.0;
12;21692.5;2019-04-11 21:08:14.0;
12;21698;2019-04-11 21:08:22.0;
12;21693;2019-04-11 21:11:22.0;
12;21698;2019-04-11 21:11:32.0;
12;21693;2019-04-11 21:11:33.0;
12;21698;2019-04-11 21:11:35.0;
12;21695;2019-04-11 21:14:13.0;
12;21698;2019-04-11 21:14:28.0;
12;21693;2019-04-11 21:15:08.0;
12;21698;2019-04-11 21:15:09.0;
12;21703;2019-04-11 21:16:07.0;
12;21705;2019-04-11 21:17:36.0;
12;21703;2019-04-11 21:17:49.0;
12;21705;2019-04-11 21:18:03.0;
12;21703;2019-04-11 21:18:04.0;
12;21705;2019-04-11 21:18:06.0;
12;21708;2019-04-11 21:18:20.0;
12;21705;2019-04-11 21:18:22.0;
12;21708;2019-04-11 21:18:23.0;
12;21702.5;2019-04-11 21:19:17.0;
12;21703;2019-04-11 21:19:24.0;
12;21705;2019-04-11 21:19:49.0;
12;21708;2019-04-11 21:20:53.0;
12;21705;2019-04-11 21:20:54.0;
12;21708;2019-04-11 21:20:56.0;
12;21702.5;2019-04-11 21:23:27.0;
12;21703;2019-04-11 21:23:28.0;
12;21708;2019-04-11 21:30:39.0;
12;21702.5;2019-04-11 21:34:26.0;
12;21705;2019-04-11 21:34:30.0;
12;21707.5;2019-04-11 21:34:44.0;
12;21708;2019-04-11 21:34:48.0;
12;21702.5;2019-04-11 21:34:55.0;
12;21703;2019-04-11 21:35:00.0;
12;21702.5;2019-04-11 21:35:03.0;
12;21703;2019-04-11 21:35:04.0;
12;21705;2019-04-11 21:35:21.0;
12;21707.5;2019-04-11 21:36:47.0;
12;21708;2019-04-11 21:36:52.0;
12;21703;2019-04-11 21:36:56.0;
12;21708;2019-04-11 21:36:57.0;
12;21705;2019-04-11 21:36:58.0;
12;21703;2019-04-11 21:37:39.0;
12;21705;2019-04-11 21:38:04.0;
12;21703;2019-04-11 21:38:20.0;
12;21705;2019-04-11 21:42:51.0;
12;21708;2019-04-11 21:42:55.0;
12;21703;2019-04-11 21:46:35.0;
12;21705;2019-04-11 21:47:13.0;
12;21708;2019-04-11 21:47:19.0;
12;21702.5;2019-04-11 21:47:20.0;
12;21708;2019-04-11 21:47:23.0;
12;21702.5;2019-04-11 21:47:24.0;
12;21703;2019-04-11 21:47:28.0;
12;21707.5;2019-04-11 21:48:18.0;
12;21708;2019-04-11 21:48:19.0;
12;21707.5;2019-04-11 21:48:21.0;
12;21708;2019-04-11 21:48:22.0;
12;21703;2019-04-11 21:48:29.0;
12;21707.5;2019-04-11 21:48:36.0;
12;21705;2019-04-11 21:48:43.0;
12;21708;2019-04-11 21:49:03.0;
12;21703;2019-04-11 21:49:11.0;
12;21708;2019-04-11 21:50:12.0;
12;21703;2019-04-11 21:50:15.0;
12;21708;2019-04-11 21:50:17.0;
12;21705;2019-04-11 21:50:18.0;
12;21702.5;2019-04-11 21:50:27.0;
12;21705;2019-04-11 21:50:32.0;
12;21708;2019-04-11 21:50:59.0;
12;21702.5;2019-04-11 21:51:07.0;
12;21705;2019-04-11 21:51:14.0;
12;21703;2019-04-11 21:51:16.0;
12;21705;2019-04-11 21:51:17.0;
12;21703;2019-04-11 21:51:18.0;
12;21705;2019-04-11 21:51:21.0;
12;21702.5;2019-04-11 21:51:34.0;
12;21703;2019-04-11 21:51:37.0;
12;21705;2019-04-11 21:52:04.0;
12;21702.5;2019-04-11 21:52:14.0;
12;21703;2019-04-11 21:52:17.0;
12;21702.5;2019-04-11 21:52:18.0;
12;21703;2019-04-11 21:52:19.0;
12;21705;2019-04-11 21:53:07.0;
12;21707.5;2019-04-11 21:53:13.0;
12;21708;2019-04-11 21:53:19.0;
12;21710;2019-04-11 21:53:32.0;
12;21712.5;2019-04-11 21:53:39.0;
12;21710;2019-04-11 21:53:41.0;
12;21712.5;2019-04-11 21:53:42.0;
12;21713;2019-04-11 21:53:45.0;
12;21710;2019-04-11 21:54:14.0;
12;21713;2019-04-11 21:54:17.0;
12;21710;2019-04-11 21:54:18.0;
12;21712.5;2019-04-11 21:54:24.0;
12;21710;2019-04-11 21:54:26.0;
12;21713;2019-04-11 21:54:27.0;
12;21708;2019-04-11 21:56:05.0;
12;21710;2019-04-11 21:56:47.0;
12;21712.5;2019-04-11 21:56:51.0;
12;21713;2019-04-11 21:56:57.0;
12;21710;2019-04-11 21:58:52.0;
12;21707.5;2019-04-11 21:58:57.0;
12;21712.5;2019-04-11 21:59:00.0;
12;21713;2019-04-11 21:59:04.0;
12;21712.5;2019-04-11 21:59:05.0;
12;21713;2019-04-11 21:59:07.0;
12;21710;2019-04-11 21:59:33.0;
12;21713;2019-04-11 21:59:45.0;
12;21718;2019-04-11 22:00:24.0;
12;21713;2019-04-11 22:00:29.0;
12;21717.5;2019-04-11 22:01:13.0;
12;21718;2019-04-11 22:01:18.0;
12;21713;2019-04-11 22:01:30.0;
12;21707.5;2019-04-11 22:02:23.0;
12;21708;2019-04-11 22:02:29.0;
12;21710;2019-04-11 22:02:34.0;
12;21712.5;2019-04-11 22:02:36.0;
12;21708;2019-04-11 22:02:40.0;
12;21707.5;2019-04-11 22:02:51.0;
12;21702.5;2019-04-11 22:05:13.0;
12;21707.5;2019-04-11 22:05:20.0;
12;21708;2019-04-11 22:05:21.0;
12;21702.5;2019-04-11 22:06:03.0;
12;21707.5;2019-04-11 22:06:09.0;
12;21708;2019-04-11 22:06:13.0;
12;21705;2019-04-11 22:06:19.0;
12;21708;2019-04-11 22:06:20.0;
12;21705;2019-04-11 22:06:21.0;
12;21708;2019-04-11 22:06:24.0;
12;21705;2019-04-11 22:06:31.0;
12;21703;2019-04-11 22:06:35.0;
12;21708;2019-04-11 22:13:42.0;
12;21710;2019-04-11 22:14:58.0;
12;21708;2019-04-11 22:15:00.0;
12;21710;2019-04-11 22:15:01.0;
12;21707.5;2019-04-11 22:15:21.0;
12;21702.5;2019-04-11 22:24:54.0;
12;21707.5;2019-04-11 22:25:15.0;
12;21712.5;2019-04-11 22:34:55.0;
12;21713;2019-04-11 22:34:59.0;
12;21712.5;2019-04-11 22:35:00.0;
12;21713;2019-04-11 22:35:02.0;
12;21707.5;2019-04-11 22:39:07.0;
12;21708;2019-04-11 22:39:11.0;
12;21712.5;2019-04-11 22:44:33.0;
12;21713;2019-04-11 22:44:39.0;
12;21711;2019-04-11 23:00:05.0;
14;29864;2019-04-11 11:15:27.0;
14;29868.5;2019-04-11 11:15:32.0;
14;29870;2019-04-11 11:15:39.0;
14;29868;2019-04-11 11:15:45.0;
14;29867;2019-04-11 11:15:47.0;
14;29868;2019-04-11 11:15:48.0;
14;29867;2019-04-11 11:15:51.0;
14;29868;2019-04-11 11:16:03.0;
14;29867;2019-04-11 11:16:04.0;
14;29868;2019-04-11 11:16:06.0;
14;29865.5;2019-04-11 11:16:07.0;
14;29868;2019-04-11 11:16:08.0;
14;29865.5;2019-04-11 11:16:10.0;
14;29861.5;2019-04-11 11:16:12.0;
14;29865.5;2019-04-11 11:16:14.0;
14;29862;2019-04-11 11:16:15.0;
14;29864.5;2019-04-11 11:16:20.0;
14;29863;2019-04-11 11:16:27.0;
14;29864.5;2019-04-11 11:16:29.0;
14;29863;2019-04-11 11:16:30.0;
14;29864;2019-04-11 11:16:33.0;
14;29864.5;2019-04-11 11:16:36.0;
14;29864;2019-04-11 11:16:41.0;
14;29864.5;2019-04-11 11:16:43.0;
14;29864;2019-04-11 11:16:48.0;
14;29865.5;2019-04-11 11:16:52.0;
14;29864;2019-04-11 11:16:59.0;
14;29863;2019-04-11 11:17:04.0;
14;29864;2019-04-11 11:17:05.0;
14;29863;2019-04-11 11:17:07.0;
14;29869.5;2019-04-11 11:17:08.0;
14;29871.5;2019-04-11 11:17:12.0;
14;29873;2019-04-11 11:17:15.0;
14;29871.5;2019-04-11 11:17:16.0;
14;29873;2019-04-11 11:17:18.0;
14;29873.5;2019-04-11 11:17:19.0;
14;29874.5;2019-04-11 11:17:25.0;
14;29870.5;2019-04-11 11:17:27.0;
14;29870;2019-04-11 11:17:31.0;
14;29870.5;2019-04-11 11:17:32.0;
14;29870;2019-04-11 11:17:33.0;
14;29869.5;2019-04-11 11:17:36.0;
14;29870.5;2019-04-11 11:17:41.0;
14;29870;2019-04-11 11:17:44.0;
14;29870.5;2019-04-11 11:17:45.0;
14;29870;2019-04-11 11:17:47.0;
14;29870.5;2019-04-11 11:17:49.0;
14;29873.5;2019-04-11 11:18:07.0;
14;29870.5;2019-04-11 11:18:09.0;
14;29873.5;2019-04-11 11:18:11.0;
14;29874;2019-04-11 11:18:13.0;
14;29872;2019-04-11 11:18:17.0;
14;29875;2019-04-11 11:18:24.0;
14;29874.5;2019-04-11 11:18:37.0;
14;29874;2019-04-11 11:18:43.0;
14;29874.5;2019-04-11 11:18:46.0;
14;29875;2019-04-11 11:18:55.0;
14;29874.5;2019-04-11 11:19:03.0;
14;29875;2019-04-11 11:19:06.0;
14;29874.5;2019-04-11 11:19:08.0;
14;29875;2019-04-11 11:19:09.0;
14;29876;2019-04-11 11:19:15.0;
14;29877;2019-04-11 11:19:20.0;
14;29876;2019-04-11 11:19:28.0;
14;29875.5;2019-04-11 11:19:32.0;
14;29875;2019-04-11 11:19:39.0;
14;29873.5;2019-04-11 11:19:44.0;
14;29873;2019-04-11 11:19:50.0;
14;29874.5;2019-04-11 11:20:04.0;
14;29876;2019-04-11 11:20:11.0;
14;29875.5;2019-04-11 11:20:15.0;
14;29876.5;2019-04-11 11:20:20.0;
14;29877;2019-04-11 11:20:23.0;
14;29878.5;2019-04-11 11:20:28.0;
14;29879.5;2019-04-11 11:20:32.0;
14;29880;2019-04-11 11:20:54.0;
14;29879.5;2019-04-11 11:20:55.0;
14;29880;2019-04-11 11:21:00.0;
14;29880.5;2019-04-11 11:21:03.0;
14;29881;2019-04-11 11:21:07.0;
14;29880.5;2019-04-11 11:21:09.0;
14;29878.5;2019-04-11 11:21:12.0;
14;29878;2019-04-11 11:21:16.0;
14;29879;2019-04-11 11:21:22.0;
14;29881;2019-04-11 11:21:37.0;
14;29882.5;2019-04-11 11:21:41.0;
14;29881;2019-04-11 11:21:43.0;
14;29880.5;2019-04-11 11:21:44.0;
14;29881.5;2019-04-11 11:21:50.0;
14;29879;2019-04-11 11:22:04.0;
14;29881.5;2019-04-11 11:22:07.0;
14;29879.5;2019-04-11 11:22:08.0;
14;29878;2019-04-11 11:22:13.0;
14;29879.5;2019-04-11 11:22:14.0;
14;29878;2019-04-11 11:22:16.0;
14;29878.5;2019-04-11 11:22:17.0;
14;29879;2019-04-11 11:22:19.0;
14;29878;2019-04-11 11:22:24.0;
14;29876;2019-04-11 11:22:27.0;
14;29875;2019-04-11 11:22:33.0;
14;29874;2019-04-11 11:22:46.0;
14;29872.5;2019-04-11 11:22:52.0;
14;29874;2019-04-11 11:22:53.0;
14;29872.5;2019-04-11 11:22:54.0;
14;29871.5;2019-04-11 11:22:56.0;
14;29872;2019-04-11 11:23:11.0;
14;29870.5;2019-04-11 11:23:23.0;
14;29872;2019-04-11 11:23:25.0;
14;29871;2019-04-11 11:23:27.0;
14;29869.5;2019-04-11 11:23:31.0;
14;29871;2019-04-11 11:23:34.0;
14;29869;2019-04-11 11:23:35.0;
14;29868.5;2019-04-11 11:23:41.0;
14;29869;2019-04-11 11:23:44.0;
14;29870.5;2019-04-11 11:24:10.0;
14;29870;2019-04-11 11:24:12.0;
14;29870.5;2019-04-11 11:24:15.0;
14;29870;2019-04-11 11:24:16.0;
14;29870.5;2019-04-11 11:24:18.0;
14;29872;2019-04-11 11:24:19.0;
14;29870.5;2019-04-11 11:24:21.0;
14;29872;2019-04-11 11:24:22.0;
14;29872.5;2019-04-11 11:24:32.0;
14;29873;2019-04-11 11:24:37.0;
14;29873.5;2019-04-11 11:24:45.0;
14;29872.5;2019-04-11 11:24:54.0;
14;29873.5;2019-04-11 11:24:55.0;
14;29872.5;2019-04-11 11:24:58.0;
14;29873;2019-04-11 11:24:59.0;
14;29873.5;2019-04-11 11:25:04.0;
14;29874;2019-04-11 11:25:06.0;
14;29873.5;2019-04-11 11:25:08.0;
14;29874;2019-04-11 11:25:10.0;
14;29873.5;2019-04-11 11:25:11.0;
14;29874;2019-04-11 11:25:17.0;
14;29877;2019-04-11 11:25:20.0;
14;29874;2019-04-11 11:25:22.0;
14;29877;2019-04-11 11:25:23.0;
14;29878.5;2019-04-11 11:25:24.0;
14;29880;2019-04-11 11:25:30.0;
14;29879;2019-04-11 11:25:34.0;
14;29880;2019-04-11 11:25:42.0;
14;29880.5;2019-04-11 11:25:44.0;
14;29879.5;2019-04-11 11:25:51.0;
14;29878.5;2019-04-11 11:26:04.0;
14;29876;2019-04-11 11:26:08.0;
14;29875;2019-04-11 11:26:15.0;
14;29876;2019-04-11 11:26:20.0;
14;29875;2019-04-11 11:26:27.0;
14;29874.5;2019-04-11 11:26:32.0;
14;29875;2019-04-11 11:26:34.0;
14;29876.5;2019-04-11 11:26:44.0;
14;29875;2019-04-11 11:26:47.0;
14;29876.5;2019-04-11 11:26:48.0;
14;29877.5;2019-04-11 11:27:01.0;
14;29875.5;2019-04-11 11:27:03.0;
14;29876;2019-04-11 11:27:08.0;
14;29875.5;2019-04-11 11:27:10.0;
14;29876;2019-04-11 11:27:12.0;
14;29875.5;2019-04-11 11:27:13.0;
14;29876;2019-04-11 11:27:15.0;
14;29875.5;2019-04-11 11:27:16.0;
14;29876.5;2019-04-11 11:27:19.0;
14;29875.5;2019-04-11 11:27:24.0;
14;29876.5;2019-04-11 11:27:26.0;
14;29875.5;2019-04-11 11:27:29.0;
14;29876.5;2019-04-11 11:27:30.0;
14;29876;2019-04-11 11:27:32.0;
14;29876.5;2019-04-11 11:27:33.0;
14;29876;2019-04-11 11:27:36.0;
14;29874.5;2019-04-11 11:28:04.0;
14;29874;2019-04-11 11:28:11.0;
14;29875;2019-04-11 11:28:17.0;
14;29875.5;2019-04-11 11:28:23.0;
14;29871.5;2019-04-11 11:28:27.0;
14;29870.5;2019-04-11 11:28:39.0;
14;29872;2019-04-11 11:28:46.0;
14;29869.5;2019-04-11 11:28:55.0;
14;29872;2019-04-11 11:28:58.0;
14;29869.5;2019-04-11 11:29:00.0;
14;29870;2019-04-11 11:29:03.0;
14;29869.5;2019-04-11 11:29:04.0;
14;29870;2019-04-11 11:29:06.0;
14;29870.5;2019-04-11 11:29:14.0;
14;29871;2019-04-11 11:29:20.0;
14;29871.5;2019-04-11 11:29:27.0;
14;29872;2019-04-11 11:29:30.0;
14;29872.5;2019-04-11 11:29:38.0;
14;29872;2019-04-11 11:29:40.0;
14;29871;2019-04-11 11:29:43.0;
14;29871.5;2019-04-11 11:29:48.0;
14;29869.5;2019-04-11 11:30:05.0;
14;29870.5;2019-04-11 11:30:13.0;
14;29869.5;2019-04-11 11:30:14.0;
14;29871;2019-04-11 11:30:16.0;
14;29872.5;2019-04-11 11:30:27.0;
14;29873;2019-04-11 11:30:36.0;
14;29876;2019-04-11 11:30:41.0;
14;29877;2019-04-11 11:30:43.0;
14;29879;2019-04-11 11:30:47.0;
14;29880;2019-04-11 11:30:52.0;
14;29878;2019-04-11 11:30:56.0;
14;29880;2019-04-11 11:30:57.0;
14;29878;2019-04-11 11:30:59.0;
14;29879;2019-04-11 11:31:03.0;
14;29878;2019-04-11 11:31:04.0;
14;29879;2019-04-11 11:31:06.0;
14;29878.5;2019-04-11 11:31:09.0;
14;29879;2019-04-11 11:31:12.0;
14;29880.5;2019-04-11 11:31:21.0;
14;29881;2019-04-11 11:31:24.0;
14;29881.5;2019-04-11 11:31:32.0;
14;29882;2019-04-11 11:31:35.0;
14;29881;2019-04-11 11:31:40.0;
14;29882;2019-04-11 11:31:43.0;
14;29881;2019-04-11 11:31:44.0;
14;29882;2019-04-11 11:31:46.0;
14;29881.5;2019-04-11 11:31:47.0;
14;29882.5;2019-04-11 11:32:06.0;
14;29884;2019-04-11 11:32:15.0;
14;29884.5;2019-04-11 11:32:20.0;
14;29884;2019-04-11 11:32:22.0;
14;29884.5;2019-04-11 11:32:24.0;
14;29884;2019-04-11 11:32:25.0;
14;29882.5;2019-04-11 11:32:27.0;
14;29880.5;2019-04-11 11:32:37.0;
14;29881;2019-04-11 11:32:39.0;
14;29880.5;2019-04-11 11:32:41.0;
14;29881;2019-04-11 11:32:42.0;
14;29880;2019-04-11 11:32:44.0;
14;29879.5;2019-04-11 11:32:51.0;
14;29880;2019-04-11 11:32:55.0;
14;29879.5;2019-04-11 11:32:56.0;
14;29880;2019-04-11 11:32:57.0;
14;29879.5;2019-04-11 11:33:00.0;
14;29880.5;2019-04-11 11:33:07.0;
14;29881;2019-04-11 11:33:15.0;
14;29881.5;2019-04-11 11:33:21.0;
14;29881;2019-04-11 11:33:31.0;
14;29881.5;2019-04-11 11:33:36.0;
14;29881;2019-04-11 11:33:41.0;
14;29876.5;2019-04-11 11:34:04.0;
14;29877;2019-04-11 11:34:09.0;
14;29875.5;2019-04-11 11:34:11.0;
14;29871;2019-04-11 11:34:20.0;
14;29872;2019-04-11 11:34:22.0;
14;29868.5;2019-04-11 11:34:35.0;
14;29867.5;2019-04-11 11:34:39.0;
14;29868.5;2019-04-11 11:34:41.0;
14;29867.5;2019-04-11 11:34:42.0;
14;29870;2019-04-11 11:34:48.0;
14;29869;2019-04-11 11:34:53.0;
14;29869.5;2019-04-11 11:34:55.0;
14;29869;2019-04-11 11:34:56.0;
14;29869.5;2019-04-11 11:34:58.0;
14;29870;2019-04-11 11:35:03.0;
14;29870.5;2019-04-11 11:35:08.0;
14;29872;2019-04-11 11:35:16.0;
14;29874;2019-04-11 11:35:19.0;
14;29872;2019-04-11 11:35:21.0;
14;29874;2019-04-11 11:35:22.0;
14;29873.5;2019-04-11 11:35:31.0;
14;29874;2019-04-11 11:35:37.0;
14;29875.5;2019-04-11 11:35:40.0;
14;29874;2019-04-11 11:35:41.0;
14;29875.5;2019-04-11 11:35:42.0;
14;29876.5;2019-04-11 11:35:44.0;
14;29877.5;2019-04-11 11:35:49.0;
14;29872.5;2019-04-11 11:36:03.0;
14;29870.5;2019-04-11 11:36:13.0;
14;29871;2019-04-11 11:36:16.0;
14;29871.5;2019-04-11 11:36:23.0;
14;29871;2019-04-11 11:36:24.0;
14;29871.5;2019-04-11 11:36:26.0;
14;29872;2019-04-11 11:36:32.0;
14;29871.5;2019-04-11 11:36:34.0;
14;29873.5;2019-04-11 11:36:36.0;
14;29872.5;2019-04-11 11:36:38.0;
14;29873;2019-04-11 11:36:44.0;
14;29872.5;2019-04-11 11:36:45.0;
14;29873.5;2019-04-11 11:36:47.0;
14;29874.5;2019-04-11 11:36:52.0;
14;29875;2019-04-11 11:36:56.0;
14;29875.5;2019-04-11 11:37:08.0;
14;29876;2019-04-11 11:37:13.0;
14;29875.5;2019-04-11 11:37:18.0;
14;29876.5;2019-04-11 11:37:22.0;
14;29877.5;2019-04-11 11:37:26.0;
14;29879;2019-04-11 11:37:28.0;
14;29878.5;2019-04-11 11:37:35.0;
14;29879;2019-04-11 11:37:36.0;
14;29878.5;2019-04-11 11:37:38.0;
14;29879;2019-04-11 11:37:48.0;
14;29877.5;2019-04-11 11:38:12.0;
14;29876.5;2019-04-11 11:38:17.0;
14;29875;2019-04-11 11:38:20.0;
14;29873.5;2019-04-11 11:38:26.0;
14;29874;2019-04-11 11:38:28.0;
14;29873.5;2019-04-11 11:38:29.0;
14;29874;2019-04-11 11:38:30.0;
14;29873;2019-04-11 11:38:36.0;
14;29873.5;2019-04-11 11:38:41.0;
14;29872;2019-04-11 11:38:53.0;
14;29870.5;2019-04-11 11:38:55.0;
14;29870;2019-04-11 11:39:00.0;
14;29870.5;2019-04-11 11:39:05.0;
14;29871;2019-04-11 11:39:12.0;
14;29870.5;2019-04-11 11:39:15.0;
14;29871.5;2019-04-11 11:39:16.0;
14;29872.5;2019-04-11 11:39:21.0;
14;29873;2019-04-11 11:39:24.0;
14;29873.5;2019-04-11 11:39:30.0;
14;29874.5;2019-04-11 11:39:39.0;
14;29875;2019-04-11 11:39:44.0;
14;29875.5;2019-04-11 11:40:04.0;
14;29875;2019-04-11 11:40:05.0;
14;29876;2019-04-11 11:40:07.0;
14;29875;2019-04-11 11:40:31.0;
14;29874.5;2019-04-11 11:40:32.0;
14;29875;2019-04-11 11:40:35.0;
14;29875.5;2019-04-11 11:40:44.0;
14;29874.5;2019-04-11 11:40:51.0;
14;29875.5;2019-04-11 11:40:55.0;
14;29874.5;2019-04-11 11:41:01.0;
14;29874;2019-04-11 11:41:06.0;
14;29875.5;2019-04-11 11:41:12.0;
14;29876;2019-04-11 11:41:17.0;
14;29876.5;2019-04-11 11:41:20.0;
14;29877;2019-04-11 11:41:23.0;
14;29877.5;2019-04-11 11:41:27.0;
14;29879;2019-04-11 11:41:35.0;
14;29879.5;2019-04-11 11:41:49.0;
14;29879;2019-04-11 11:42:04.0;
14;29877.5;2019-04-11 11:42:07.0;
14;29878;2019-04-11 11:42:13.0;
14;29878.5;2019-04-11 11:42:16.0;
14;29875;2019-04-11 11:42:19.0;
14;29878.5;2019-04-11 11:42:20.0;
14;29875;2019-04-11 11:42:23.0;
14;29877.5;2019-04-11 11:42:26.0;
14;29875;2019-04-11 11:42:27.0;
14;29877.5;2019-04-11 11:42:30.0;
14;29878;2019-04-11 11:42:39.0;
14;29878.5;2019-04-11 11:42:43.0;
14;29877;2019-04-11 11:42:51.0;
14;29877.5;2019-04-11 11:43:02.0;
14;29878;2019-04-11 11:43:06.0;
14;29878.5;2019-04-11 11:43:32.0;
14;29882.5;2019-04-11 11:43:38.0;
14;29886;2019-04-11 11:43:40.0;
14;29888;2019-04-11 11:43:45.0;
14;29888.5;2019-04-11 11:43:49.0;
14;29888;2019-04-11 11:44:06.0;
14;29885.5;2019-04-11 11:44:12.0;
14;29884.5;2019-04-11 11:44:18.0;
14;29885.5;2019-04-11 11:44:19.0;
14;29884.5;2019-04-11 11:44:25.0;
14;29885;2019-04-11 11:44:29.0;
14;29886;2019-04-11 11:44:33.0;
14;29886.5;2019-04-11 11:44:37.0;
14;29886;2019-04-11 11:44:42.0;
14;29885;2019-04-11 11:44:55.0;
14;29885.5;2019-04-11 11:45:02.0;
14;29886;2019-04-11 11:45:06.0;
14;29887.5;2019-04-11 11:45:07.0;
14;29886;2019-04-11 11:45:09.0;
14;29887.5;2019-04-11 11:45:10.0;
14;29889.5;2019-04-11 11:45:15.0;
14;29887.5;2019-04-11 11:45:16.0;
14;29889.5;2019-04-11 11:45:19.0;
14;29891;2019-04-11 11:45:23.0;
14;29890;2019-04-11 11:45:26.0;
14;29891;2019-04-11 11:45:29.0;
14;29887.5;2019-04-11 11:45:31.0;
14;29889;2019-04-11 11:45:36.0;
14;29888.5;2019-04-11 11:45:42.0;
14;29888;2019-04-11 11:45:45.0;
14;29884;2019-04-11 11:46:05.0;
14;29882;2019-04-11 11:46:08.0;
14;29884;2019-04-11 11:46:10.0;
14;29881.5;2019-04-11 11:46:11.0;
14;29880.5;2019-04-11 11:46:20.0;
14;29881;2019-04-11 11:46:28.0;
14;29879;2019-04-11 11:46:35.0;
14;29880;2019-04-11 11:46:42.0;
14;29879;2019-04-11 11:46:49.0;
14;29878.5;2019-04-11 11:47:09.0;
14;29878;2019-04-11 11:47:10.0;
14;29878.5;2019-04-11 11:47:16.0;
14;29880;2019-04-11 11:47:21.0;
14;29880.5;2019-04-11 11:47:24.0;
14;29880;2019-04-11 11:47:27.0;
14;29878.5;2019-04-11 11:47:28.0;
14;29877.5;2019-04-11 11:47:35.0;
14;29878.5;2019-04-11 11:47:37.0;
14;29877.5;2019-04-11 11:47:38.0;
14;29878;2019-04-11 11:47:40.0;
14;29878.5;2019-04-11 11:47:44.0;
14;29879.5;2019-04-11 11:48:05.0;
14;29880;2019-04-11 11:48:08.0;
14;29881;2019-04-11 11:48:20.0;
14;29880.5;2019-04-11 11:48:24.0;
14;29881;2019-04-11 11:48:25.0;
14;29880.5;2019-04-11 11:48:27.0;
14;29881;2019-04-11 11:48:29.0;
14;29880.5;2019-04-11 11:48:32.0;
14;29880;2019-04-11 11:48:48.0;
14;29880.5;2019-04-11 11:48:53.0;
14;29881;2019-04-11 11:48:56.0;
14;29880.5;2019-04-11 11:48:57.0;
14;29881;2019-04-11 11:48:59.0;
14;29882;2019-04-11 11:49:00.0;
14;29883;2019-04-11 11:49:11.0;
14;29882;2019-04-11 11:49:40.0;
14;29884;2019-04-11 11:49:43.0;
14;29885;2019-04-11 11:50:05.0;
14;29884;2019-04-11 11:50:18.0;
14;29884.5;2019-04-11 11:50:19.0;
14;29882;2019-04-11 11:50:28.0;
14;29883;2019-04-11 11:50:31.0;
14;29882.5;2019-04-11 11:50:34.0;
14;29883;2019-04-11 11:50:36.0;
14;29882.5;2019-04-11 11:50:37.0;
14;29883;2019-04-11 11:50:41.0;
14;29882.5;2019-04-11 11:50:42.0;
14;29883;2019-04-11 11:50:44.0;
14;29882.5;2019-04-11 11:50:45.0;
14;29881;2019-04-11 11:50:47.0;
14;29882;2019-04-11 11:50:51.0;
14;29882.5;2019-04-11 11:51:00.0;
14;29882;2019-04-11 11:51:01.0;
14;29882.5;2019-04-11 11:51:03.0;
14;29881;2019-04-11 11:51:24.0;
14;29881.5;2019-04-11 11:51:28.0;
14;29881;2019-04-11 11:51:33.0;
14;29881.5;2019-04-11 11:51:39.0;
14;29881;2019-04-11 11:51:41.0;
14;29881.5;2019-04-11 11:51:42.0;
14;29884;2019-04-11 11:51:49.0;
14;29885;2019-04-11 11:52:04.0;
14;29884;2019-04-11 11:52:09.0;
14;29883.5;2019-04-11 11:52:19.0;
14;29882;2019-04-11 11:52:26.0;
14;29881;2019-04-11 11:52:33.0;
14;29881.5;2019-04-11 11:52:39.0;
14;29882.5;2019-04-11 11:52:42.0;
14;29883;2019-04-11 11:52:43.0;
14;29882.5;2019-04-11 11:52:47.0;
14;29883;2019-04-11 11:52:49.0;
14;29882;2019-04-11 11:52:51.0;
14;29880;2019-04-11 11:53:17.0;
14;29880.5;2019-04-11 11:53:20.0;
14;29880;2019-04-11 11:53:22.0;
14;29882;2019-04-11 11:53:24.0;
14;29881;2019-04-11 11:53:31.0;
14;29881.5;2019-04-11 11:53:38.0;
14;29884;2019-04-11 11:53:44.0;
14;29882;2019-04-11 11:54:04.0;
14;29884;2019-04-11 11:54:05.0;
14;29882;2019-04-11 11:54:07.0;
14;29883.5;2019-04-11 11:54:08.0;
14;29884;2019-04-11 11:54:10.0;
14;29887;2019-04-11 11:54:14.0;
14;29888;2019-04-11 11:54:18.0;
14;29894;2019-04-11 11:54:23.0;
14;29888;2019-04-11 11:54:24.0;
14;29894;2019-04-11 11:54:26.0;
14;29896;2019-04-11 11:54:28.0;
14;29895.5;2019-04-11 11:54:35.0;
14;29893.5;2019-04-11 11:54:38.0;
14;29895.5;2019-04-11 11:54:44.0;
14;29895;2019-04-11 11:54:51.0;
14;29892.5;2019-04-11 11:54:59.0;
14;29891.5;2019-04-11 11:55:04.0;
14;29892;2019-04-11 11:55:09.0;
14;29893.5;2019-04-11 11:55:11.0;
14;29892;2019-04-11 11:55:13.0;
14;29893.5;2019-04-11 11:55:15.0;
14;29895;2019-04-11 11:55:16.0;
14;29895.5;2019-04-11 11:55:24.0;
14;29896;2019-04-11 11:55:33.0;
14;29897.5;2019-04-11 11:55:38.0;
14;29893.5;2019-04-11 11:55:46.0;
14;29890;2019-04-11 11:56:03.0;
14;29891;2019-04-11 11:56:07.0;
14;29889.5;2019-04-11 11:56:12.0;
14;29891;2019-04-11 11:56:13.0;
14;29890;2019-04-11 11:56:16.0;
14;29889.5;2019-04-11 11:56:29.0;
14;29891;2019-04-11 11:56:31.0;
14;29889.5;2019-04-11 11:56:33.0;
14;29891;2019-04-11 11:56:34.0;
14;29889.5;2019-04-11 11:56:41.0;
14;29890;2019-04-11 11:56:45.0;
14;29889.5;2019-04-11 11:56:49.0;
14;29888.5;2019-04-11 11:56:54.0;
14;29886.5;2019-04-11 11:56:56.0;
14;29887;2019-04-11 11:56:59.0;
14;29887.5;2019-04-11 11:57:03.0;
14;29888.5;2019-04-11 11:57:08.0;
14;29889.5;2019-04-11 11:57:12.0;
14;29888;2019-04-11 11:57:17.0;
14;29888.5;2019-04-11 11:57:27.0;
14;29888;2019-04-11 11:57:28.0;
14;29888.5;2019-04-11 11:57:30.0;
14;29889;2019-04-11 11:57:33.0;
14;29888.5;2019-04-11 11:57:34.0;
14;29889.5;2019-04-11 11:57:41.0;
14;29890;2019-04-11 11:57:43.0;
14;29888.5;2019-04-11 11:57:47.0;
14;29890;2019-04-11 11:58:08.0;
14;29889.5;2019-04-11 11:58:23.0;
14;29888.5;2019-04-11 11:58:26.0;
14;29889.5;2019-04-11 11:58:28.0;
14;29888.5;2019-04-11 11:58:29.0;
14;29889.5;2019-04-11 11:58:32.0;
14;29888.5;2019-04-11 11:58:33.0;
14;29889.5;2019-04-11 11:58:35.0;
14;29888.5;2019-04-11 11:58:42.0;
14;29889.5;2019-04-11 11:58:45.0;
14;29888.5;2019-04-11 11:58:46.0;
14;29888;2019-04-11 11:58:49.0;
14;29889.5;2019-04-11 11:58:54.0;
14;29889;2019-04-11 11:59:00.0;
14;29890;2019-04-11 11:59:02.0;
14;29890.5;2019-04-11 11:59:23.0;
14;29891.5;2019-04-11 11:59:36.0;
14;29890;2019-04-11 11:59:43.0;
14;29887.5;2019-04-11 12:00:06.0;
14;29889;2019-04-11 12:00:08.0;
14;29890;2019-04-11 12:00:11.0;
14;29889;2019-04-11 12:00:13.0;
14;29890;2019-04-11 12:00:14.0;
14;29889.5;2019-04-11 12:00:17.0;
14;29889;2019-04-11 12:00:23.0;
14;29889.5;2019-04-11 12:00:28.0;
14;29889;2019-04-11 12:00:35.0;
14;29889.5;2019-04-11 12:00:38.0;
14;29889;2019-04-11 12:00:39.0;
14;29888;2019-04-11 12:00:40.0;
14;29889;2019-04-11 12:00:46.0;
14;29887.5;2019-04-11 12:00:52.0;
14;29888.5;2019-04-11 12:00:56.0;
14;29889;2019-04-11 12:01:00.0;
14;29890.5;2019-04-11 12:01:03.0;
14;29893;2019-04-11 12:01:11.0;
14;29897;2019-04-11 12:01:27.0;
14;29897.5;2019-04-11 12:01:31.0;
14;29898;2019-04-11 12:01:39.0;
14;29899;2019-04-11 12:01:47.0;
14;29898;2019-04-11 12:01:48.0;
14;29897;2019-04-11 12:02:07.0;
14;29897.5;2019-04-11 12:02:11.0;
14;29896.5;2019-04-11 12:02:16.0;
14;29897.5;2019-04-11 12:02:18.0;
14;29896.5;2019-04-11 12:02:19.0;
14;29896;2019-04-11 12:02:26.0;
14;29897.5;2019-04-11 12:02:29.0;
14;29897;2019-04-11 12:02:30.0;
14;29897.5;2019-04-11 12:02:32.0;
14;29897;2019-04-11 12:02:33.0;
14;29896;2019-04-11 12:02:37.0;
14;29896.5;2019-04-11 12:02:41.0;
14;29897;2019-04-11 12:02:59.0;
14;29897.5;2019-04-11 12:03:04.0;
14;29897;2019-04-11 12:03:07.0;
14;29897.5;2019-04-11 12:03:08.0;
14;29898;2019-04-11 12:03:10.0;
14;29900.5;2019-04-11 12:03:13.0;
14;29901;2019-04-11 12:03:15.0;
14;29898.5;2019-04-11 12:03:19.0;
14;29901;2019-04-11 12:03:21.0;
14;29898.5;2019-04-11 12:03:22.0;
14;29899.5;2019-04-11 12:03:25.0;
14;29899;2019-04-11 12:03:31.0;
14;29899.5;2019-04-11 12:03:32.0;
14;29899;2019-04-11 12:03:34.0;
14;29899.5;2019-04-11 12:03:35.0;
14;29900;2019-04-11 12:03:38.0;
14;29900.5;2019-04-11 12:03:41.0;
14;29899;2019-04-11 12:04:06.0;
14;29898.5;2019-04-11 12:04:13.0;
14;29899.5;2019-04-11 12:04:28.0;
14;29900;2019-04-11 12:04:39.0;
14;29899.5;2019-04-11 12:04:48.0;
14;29900;2019-04-11 12:04:49.0;
14;29899.5;2019-04-11 12:04:51.0;
14;29898;2019-04-11 12:04:54.0;
14;29899.5;2019-04-11 12:04:55.0;
14;29898;2019-04-11 12:04:56.0;
14;29899.5;2019-04-11 12:04:58.0;
14;29901.5;2019-04-11 12:05:02.0;
14;29904.5;2019-04-11 12:05:08.0;
14;29905.5;2019-04-11 12:05:12.0;
14;29904.5;2019-04-11 12:05:13.0;
14;29902.5;2019-04-11 12:05:21.0;
14;29903;2019-04-11 12:05:27.0;
14;29902.5;2019-04-11 12:05:28.0;
14;29903;2019-04-11 12:05:30.0;
14;29904.5;2019-04-11 12:05:31.0;
14;29904;2019-04-11 12:05:37.0;
14;29904.5;2019-04-11 12:05:38.0;
14;29903;2019-04-11 12:05:44.0;
14;29903.5;2019-04-11 12:05:51.0;
14;29904.5;2019-04-11 12:06:07.0;
14;29905.5;2019-04-11 12:06:08.0;
14;29904.5;2019-04-11 12:06:10.0;
14;29905.5;2019-04-11 12:06:11.0;
14;29905;2019-04-11 12:06:14.0;
14;29902;2019-04-11 12:06:15.0;
14;29905;2019-04-11 12:06:17.0;
14;29899;2019-04-11 12:06:19.0;
14;29899.5;2019-04-11 12:06:24.0;
14;29899;2019-04-11 12:06:25.0;
14;29899.5;2019-04-11 12:06:27.0;
14;29898.5;2019-04-11 12:06:29.0;
14;29899;2019-04-11 12:06:36.0;
14;29899.5;2019-04-11 12:06:43.0;
14;29898;2019-04-11 12:06:50.0;
14;29900.5;2019-04-11 12:06:56.0;
14;29898;2019-04-11 12:06:57.0;
14;29901;2019-04-11 12:06:58.0;
14;29902;2019-04-11 12:07:05.0;
14;29900.5;2019-04-11 12:07:10.0;
14;29900;2019-04-11 12:07:38.0;
14;29901;2019-04-11 12:07:39.0;
14;29900.5;2019-04-11 12:08:05.0;
14;29901;2019-04-11 12:08:07.0;
14;29901.5;2019-04-11 12:08:11.0;
14;29902;2019-04-11 12:08:17.0;
14;29900;2019-04-11 12:08:26.0;
14;29901.5;2019-04-11 12:08:31.0;
14;29900;2019-04-11 12:08:32.0;
14;29901.5;2019-04-11 12:08:33.0;
14;29901;2019-04-11 12:08:35.0;
14;29900;2019-04-11 12:08:39.0;
14;29901;2019-04-11 12:08:42.0;
14;29900.5;2019-04-11 12:08:43.0;
14;29899;2019-04-11 12:08:59.0;
14;29898.5;2019-04-11 12:09:06.0;
14;29899;2019-04-11 12:09:07.0;
14;29899.5;2019-04-11 12:09:11.0;
14;29901;2019-04-11 12:09:15.0;
14;29905;2019-04-11 12:09:25.0;
14;29904;2019-04-11 12:09:29.0;
14;29904.5;2019-04-11 12:09:31.0;
14;29904;2019-04-11 12:09:33.0;
14;29904.5;2019-04-11 12:09:35.0;
14;29903;2019-04-11 12:09:40.0;
14;29903.5;2019-04-11 12:09:45.0;
14;29904;2019-04-11 12:09:51.0;
14;29909;2019-04-11 12:10:05.0;
14;29908.5;2019-04-11 12:10:09.0;
14;29906;2019-04-11 12:10:10.0;
14;29908.5;2019-04-11 12:10:12.0;
14;29906;2019-04-11 12:10:13.0;
14;29905;2019-04-11 12:10:16.0;
14;29904;2019-04-11 12:10:19.0;
14;29905;2019-04-11 12:10:21.0;
14;29904;2019-04-11 12:10:22.0;
14;29902;2019-04-11 12:10:24.0;
14;29901;2019-04-11 12:10:29.0;
14;29901.5;2019-04-11 12:10:31.0;
14;29901;2019-04-11 12:10:32.0;
14;29901.5;2019-04-11 12:10:34.0;
14;29900.5;2019-04-11 12:10:35.0;
14;29901;2019-04-11 12:10:39.0;
14;29900;2019-04-11 12:10:45.0;
14;29900.5;2019-04-11 12:10:47.0;
14;29901.5;2019-04-11 12:10:56.0;
14;29900.5;2019-04-11 12:10:58.0;
14;29901.5;2019-04-11 12:10:59.0;
14;29902;2019-04-11 12:11:04.0;
14;29901.5;2019-04-11 12:11:09.0;
14;29902;2019-04-11 12:11:30.0;
14;29901;2019-04-11 12:11:31.0;
14;29902;2019-04-11 12:11:34.0;
14;29901.5;2019-04-11 12:11:35.0;
14;29901;2019-04-11 12:12:05.0;
14;29898.5;2019-04-11 12:12:07.0;
14;29899;2019-04-11 12:12:11.0;
14;29899.5;2019-04-11 12:12:17.0;
14;29900.5;2019-04-11 12:12:34.0;
14;29902;2019-04-11 12:12:46.0;
14;29902.5;2019-04-11 12:12:48.0;
14;29903.5;2019-04-11 12:12:55.0;
14;29902.5;2019-04-11 12:12:56.0;
14;29903.5;2019-04-11 12:12:58.0;
14;29903;2019-04-11 12:13:01.0;
14;29905;2019-04-11 12:13:06.0;
14;29906;2019-04-11 12:13:09.0;
14;29906.5;2019-04-11 12:13:22.0;
14;29905.5;2019-04-11 12:13:23.0;
14;29906.5;2019-04-11 12:13:26.0;
14;29905.5;2019-04-11 12:13:27.0;
14;29905;2019-04-11 12:13:32.0;
14;29905.5;2019-04-11 12:13:35.0;
14;29905;2019-04-11 12:13:36.0;
14;29905.5;2019-04-11 12:13:40.0;
14;29905;2019-04-11 12:13:45.0;
14;29904;2019-04-11 12:13:47.0;
14;29903;2019-04-11 12:14:04.0;
14;29904;2019-04-11 12:14:06.0;
14;29903;2019-04-11 12:14:07.0;
14;29902;2019-04-11 12:14:40.0;
14;29900.5;2019-04-11 12:14:48.0;
14;29900;2019-04-11 12:14:50.0;
14;29900.5;2019-04-11 12:14:52.0;
14;29900;2019-04-11 12:14:53.0;
14;29901.5;2019-04-11 12:14:55.0;
14;29901;2019-04-11 12:15:05.0;
14;29901.5;2019-04-11 12:15:16.0;
14;29900.5;2019-04-11 12:15:19.0;
14;29901.5;2019-04-11 12:15:20.0;
14;29900.5;2019-04-11 12:15:22.0;
14;29901.5;2019-04-11 12:15:23.0;
14;29900.5;2019-04-11 12:15:24.0;
14;29901.5;2019-04-11 12:15:26.0;
14;29901;2019-04-11 12:15:33.0;
14;29901.5;2019-04-11 12:15:45.0;
14;29902;2019-04-11 12:15:47.0;
14;29901.5;2019-04-11 12:15:50.0;
14;29902;2019-04-11 12:15:51.0;
14;29901;2019-04-11 12:16:02.0;
14;29901.5;2019-04-11 12:16:09.0;
14;29900.5;2019-04-11 12:16:16.0;
14;29901.5;2019-04-11 12:16:19.0;
14;29900.5;2019-04-11 12:16:20.0;
14;29901.5;2019-04-11 12:16:22.0;
14;29902.5;2019-04-11 12:16:52.0;
14;29901.5;2019-04-11 12:17:01.0;
14;29902;2019-04-11 12:17:04.0;
14;29901;2019-04-11 12:17:15.0;
14;29901.5;2019-04-11 12:17:20.0;
14;29902;2019-04-11 12:17:23.0;
14;29901.5;2019-04-11 12:17:28.0;
14;29902;2019-04-11 12:17:29.0;
14;29899.5;2019-04-11 12:17:31.0;
14;29900.5;2019-04-11 12:17:38.0;
14;29901;2019-04-11 12:17:39.0;
14;29900.5;2019-04-11 12:17:41.0;
14;29901;2019-04-11 12:17:42.0;
14;29900;2019-04-11 12:18:03.0;
14;29900.5;2019-04-11 12:18:09.0;
14;29901;2019-04-11 12:18:20.0;
14;29899;2019-04-11 12:18:29.0;
14;29899.5;2019-04-11 12:18:36.0;
14;29901;2019-04-11 12:18:44.0;
14;29900;2019-04-11 12:19:24.0;
14;29900.5;2019-04-11 12:19:36.0;
14;29904;2019-04-11 12:19:40.0;
14;29907;2019-04-11 12:20:08.0;
14;29905;2019-04-11 12:20:15.0;
14;29907;2019-04-11 12:20:16.0;
14;29905;2019-04-11 12:20:19.0;
14;29904.5;2019-04-11 12:20:31.0;
14;29905;2019-04-11 12:20:37.0;
14;29905.5;2019-04-11 12:20:39.0;
14;29906;2019-04-11 12:20:47.0;
14;29907;2019-04-11 12:20:50.0;
14;29904.5;2019-04-11 12:21:05.0;
14;29903.5;2019-04-11 12:21:06.0;
14;29904;2019-04-11 12:21:13.0;
14;29903;2019-04-11 12:21:19.0;
14;29903.5;2019-04-11 12:21:36.0;
14;29903;2019-04-11 12:21:37.0;
14;29900;2019-04-11 12:22:04.0;
14;29901;2019-04-11 12:22:08.0;
14;29900.5;2019-04-11 12:22:11.0;
14;29901;2019-04-11 12:22:12.0;
14;29900.5;2019-04-11 12:22:15.0;
14;29901;2019-04-11 12:22:28.0;
14;29900.5;2019-04-11 12:22:32.0;
14;29899.5;2019-04-11 12:22:37.0;
14;29900.5;2019-04-11 12:22:38.0;
14;29901;2019-04-11 12:22:48.0;
14;29899.5;2019-04-11 12:22:52.0;
14;29900.5;2019-04-11 12:22:56.0;
14;29901;2019-04-11 12:22:59.0;
14;29902;2019-04-11 12:23:12.0;
14;29900;2019-04-11 12:23:22.0;
14;29899.5;2019-04-11 12:23:26.0;
14;29900;2019-04-11 12:23:30.0;
14;29900.5;2019-04-11 12:23:32.0;
14;29900;2019-04-11 12:23:41.0;
14;29898.5;2019-04-11 12:23:44.0;
14;29900;2019-04-11 12:23:45.0;
14;29898.5;2019-04-11 12:23:46.0;
14;29899;2019-04-11 12:23:52.0;
14;29898.5;2019-04-11 12:24:05.0;
14;29899;2019-04-11 12:24:11.0;
14;29898.5;2019-04-11 12:24:27.0;
14;29897.5;2019-04-11 12:24:31.0;
14;29898.5;2019-04-11 12:24:34.0;
14;29898;2019-04-11 12:24:39.0;
14;29899;2019-04-11 12:24:46.0;
14;29898.5;2019-04-11 12:24:48.0;
14;29899;2019-04-11 12:24:49.0;
14;29898;2019-04-11 12:24:51.0;
14;29897.5;2019-04-11 12:25:05.0;
14;29898;2019-04-11 12:25:10.0;
14;29898.5;2019-04-11 12:25:15.0;
14;29899.5;2019-04-11 12:25:24.0;
14;29900.5;2019-04-11 12:25:28.0;
14;29901.5;2019-04-11 12:25:31.0;
14;29900.5;2019-04-11 12:25:32.0;
14;29901.5;2019-04-11 12:25:35.0;
14;29902;2019-04-11 12:25:36.0;
14;29901;2019-04-11 12:25:41.0;
14;29900.5;2019-04-11 12:25:47.0;
14;29900;2019-04-11 12:26:04.0;
14;29899;2019-04-11 12:26:09.0;
14;29899.5;2019-04-11 12:26:11.0;
14;29899;2019-04-11 12:26:12.0;
14;29899.5;2019-04-11 12:26:14.0;
14;29901;2019-04-11 12:26:15.0;
14;29902;2019-04-11 12:26:35.0;
14;29902.5;2019-04-11 12:26:42.0;
14;29901;2019-04-11 12:26:43.0;
14;29900;2019-04-11 12:27:12.0;
14;29901;2019-04-11 12:27:13.0;
14;29899.5;2019-04-11 12:27:16.0;
14;29899;2019-04-11 12:27:23.0;
14;29898.5;2019-04-11 12:27:31.0;
14;29899;2019-04-11 12:27:37.0;
14;29898;2019-04-11 12:28:02.0;
14;29898.5;2019-04-11 12:28:08.0;
14;29898;2019-04-11 12:28:17.0;
14;29898.5;2019-04-11 12:28:21.0;
14;29898;2019-04-11 12:28:22.0;
14;29897;2019-04-11 12:28:24.0;
14;29898.5;2019-04-11 12:28:25.0;
14;29898;2019-04-11 12:28:26.0;
14;29897;2019-04-11 12:28:28.0;
14;29898;2019-04-11 12:28:29.0;
14;29899;2019-04-11 12:28:37.0;
14;29897.5;2019-04-11 12:28:39.0;
14;29899;2019-04-11 12:28:42.0;
14;29897.5;2019-04-11 12:28:43.0;
14;29898;2019-04-11 12:28:45.0;
14;29897.5;2019-04-11 12:28:47.0;
14;29898;2019-04-11 12:28:56.0;
14;29897.5;2019-04-11 12:28:58.0;
14;29899;2019-04-11 12:29:00.0;
14;29898;2019-04-11 12:29:04.0;
14;29899.5;2019-04-11 12:29:07.0;
14;29901;2019-04-11 12:29:12.0;
14;29901.5;2019-04-11 12:29:15.0;
14;29900.5;2019-04-11 12:29:21.0;
14;29901;2019-04-11 12:29:26.0;
14;29902;2019-04-11 12:29:32.0;
14;29902.5;2019-04-11 12:29:35.0;
14;29903;2019-04-11 12:29:50.0;
14;29902.5;2019-04-11 12:30:13.0;
14;29905.5;2019-04-11 12:30:17.0;
14;29904.5;2019-04-11 12:30:31.0;
14;29905;2019-04-11 12:30:35.0;
14;29904.5;2019-04-11 12:30:50.0;
14;29905.5;2019-04-11 12:30:52.0;
14;29904.5;2019-04-11 12:30:53.0;
14;29905.5;2019-04-11 12:30:55.0;
14;29904.5;2019-04-11 12:30:59.0;
14;29905.5;2019-04-11 12:31:00.0;
14;29904.5;2019-04-11 12:31:02.0;
14;29903.5;2019-04-11 12:31:03.0;
14;29902;2019-04-11 12:31:08.0;
14;29902.5;2019-04-11 12:31:12.0;
14;29903;2019-04-11 12:31:16.0;
14;29904;2019-04-11 12:31:22.0;
14;29904.5;2019-04-11 12:31:34.0;
14;29904;2019-04-11 12:31:36.0;
14;29904.5;2019-04-11 12:31:37.0;
14;29903.5;2019-04-11 12:31:43.0;
14;29904;2019-04-11 12:31:48.0;
14;29905;2019-04-11 12:32:16.0;
14;29906;2019-04-11 12:32:40.0;
14;29906.5;2019-04-11 12:32:44.0;
14;29906;2019-04-11 12:32:48.0;
14;29906.5;2019-04-11 12:32:49.0;
14;29906;2019-04-11 12:32:51.0;
14;29904;2019-04-11 12:32:55.0;
14;29904.5;2019-04-11 12:32:59.0;
14;29905;2019-04-11 12:33:08.0;
14;29905.5;2019-04-11 12:33:32.0;
14;29906;2019-04-11 12:33:39.0;
14;29905.5;2019-04-11 12:33:41.0;
14;29906;2019-04-11 12:33:42.0;
14;29906.5;2019-04-11 12:33:44.0;
14;29907;2019-04-11 12:33:49.0;
14;29906.5;2019-04-11 12:34:02.0;
14;29905.5;2019-04-11 12:34:14.0;
14;29904;2019-04-11 12:34:20.0;
14;29903.5;2019-04-11 12:34:30.0;
14;29902.5;2019-04-11 12:35:13.0;
14;29903;2019-04-11 12:35:15.0;
14;29902.5;2019-04-11 12:35:16.0;
14;29903;2019-04-11 12:35:18.0;
14;29902;2019-04-11 12:35:22.0;
14;29902.5;2019-04-11 12:35:27.0;
14;29902;2019-04-11 12:35:30.0;
14;29902.5;2019-04-11 12:35:35.0;
14;29904;2019-04-11 12:35:44.0;
14;29904.5;2019-04-11 12:35:49.0;
14;29903.5;2019-04-11 12:36:08.0;
14;29904.5;2019-04-11 12:36:10.0;
14;29903.5;2019-04-11 12:36:12.0;
14;29904.5;2019-04-11 12:36:13.0;
14;29903;2019-04-11 12:36:30.0;
14;29902.5;2019-04-11 12:36:32.0;
14;29903;2019-04-11 12:36:33.0;
14;29902.5;2019-04-11 12:36:34.0;
14;29904;2019-04-11 12:36:37.0;
14;29905;2019-04-11 12:36:39.0;
14;29904.5;2019-04-11 12:36:43.0;
14;29905.5;2019-04-11 12:36:52.0;
14;29904.5;2019-04-11 12:36:53.0;
14;29906;2019-04-11 12:36:54.0;
14;29905.5;2019-04-11 12:36:58.0;
14;29905;2019-04-11 12:37:07.0;
14;29907;2019-04-11 12:37:11.0;
14;29903.5;2019-04-11 12:37:22.0;
14;29904;2019-04-11 12:37:24.0;
14;29903.5;2019-04-11 12:37:30.0;
14;29900.5;2019-04-11 12:38:04.0;
14;29901;2019-04-11 12:38:09.0;
14;29900.5;2019-04-11 12:38:14.0;
14;29901;2019-04-11 12:38:17.0;
14;29901.5;2019-04-11 12:38:19.0;
14;29901;2019-04-11 12:38:21.0;
14;29902;2019-04-11 12:38:22.0;
14;29901.5;2019-04-11 12:38:24.0;
14;29902;2019-04-11 12:38:25.0;
14;29902.5;2019-04-11 12:38:29.0;
14;29903.5;2019-04-11 12:38:31.0;
14;29904;2019-04-11 12:38:36.0;
14;29904.5;2019-04-11 12:38:40.0;
14;29905;2019-04-11 12:38:46.0;
14;29904.5;2019-04-11 12:38:48.0;
14;29905;2019-04-11 12:38:49.0;
14;29904.5;2019-04-11 12:39:00.0;
14;29905;2019-04-11 12:39:03.0;
14;29904.5;2019-04-11 12:39:04.0;
14;29905;2019-04-11 12:39:05.0;
14;29906.5;2019-04-11 12:39:07.0;
14;29906;2019-04-11 12:39:28.0;
14;29905;2019-04-11 12:39:31.0;
14;29906;2019-04-11 12:39:32.0;
14;29905;2019-04-11 12:39:34.0;
14;29904.5;2019-04-11 12:39:35.0;
14;29905;2019-04-11 12:39:41.0;
14;29907.5;2019-04-11 12:39:48.0;
14;29906.5;2019-04-11 12:40:04.0;
14;29905.5;2019-04-11 12:40:09.0;
14;29906;2019-04-11 12:40:10.0;
14;29906.5;2019-04-11 12:40:21.0;
14;29906;2019-04-11 12:40:22.0;
14;29907;2019-04-11 12:40:24.0;
14;29905.5;2019-04-11 12:40:39.0;
14;29905;2019-04-11 12:40:44.0;
14;29905.5;2019-04-11 12:40:50.0;
14;29905;2019-04-11 12:41:03.0;
14;29905.5;2019-04-11 12:41:09.0;
14;29905;2019-04-11 12:41:15.0;
14;29905.5;2019-04-11 12:41:19.0;
14;29905;2019-04-11 12:41:22.0;
14;29906;2019-04-11 12:41:24.0;
14;29905.5;2019-04-11 12:41:27.0;
14;29906;2019-04-11 12:41:29.0;
14;29905.5;2019-04-11 12:41:30.0;
14;29906;2019-04-11 12:41:32.0;
14;29905;2019-04-11 12:41:37.0;
14;29904.5;2019-04-11 12:41:47.0;
14;29905;2019-04-11 12:42:05.0;
14;29904.5;2019-04-11 12:42:26.0;
14;29905.5;2019-04-11 12:42:36.0;
14;29904.5;2019-04-11 12:42:39.0;
14;29904;2019-04-11 12:42:44.0;
14;29903;2019-04-11 12:42:54.0;
14;29902;2019-04-11 12:43:00.0;
14;29901;2019-04-11 12:43:20.0;
14;29901.5;2019-04-11 12:43:24.0;
14;29901;2019-04-11 12:43:40.0;
14;29901.5;2019-04-11 12:43:41.0;
14;29901;2019-04-11 12:43:42.0;
14;29900;2019-04-11 12:43:44.0;
14;29898.5;2019-04-11 12:43:49.0;
14;29899;2019-04-11 12:44:04.0;
14;29898.5;2019-04-11 12:44:09.0;
14;29899;2019-04-11 12:44:12.0;
14;29898.5;2019-04-11 12:44:13.0;
14;29899;2019-04-11 12:44:15.0;
14;29898.5;2019-04-11 12:44:22.0;
14;29899;2019-04-11 12:44:30.0;
14;29899.5;2019-04-11 12:44:38.0;
14;29900.5;2019-04-11 12:44:44.0;
14;29900;2019-04-11 12:44:48.0;
14;29899;2019-04-11 12:44:53.0;
14;29900;2019-04-11 12:44:58.0;
14;29901.5;2019-04-11 12:45:08.0;
14;29901;2019-04-11 12:45:16.0;
14;29901.5;2019-04-11 12:45:27.0;
14;29900.5;2019-04-11 12:45:33.0;
14;29901;2019-04-11 12:45:35.0;
14;29900.5;2019-04-11 12:45:36.0;
14;29901;2019-04-11 12:45:37.0;
14;29910.5;2019-04-11 12:45:46.0;
14;29912.5;2019-04-11 12:45:48.0;
14;29910.5;2019-04-11 12:46:05.0;
14;29909.5;2019-04-11 12:46:09.0;
14;29910;2019-04-11 12:46:14.0;
14;29911;2019-04-11 12:46:15.0;
14;29910;2019-04-11 12:46:17.0;
14;29911;2019-04-11 12:46:18.0;
14;29910.5;2019-04-11 12:46:20.0;
14;29911;2019-04-11 12:46:21.0;
14;29910.5;2019-04-11 12:46:22.0;
14;29911;2019-04-11 12:46:24.0;
14;29913.5;2019-04-11 12:46:28.0;
14;29917.5;2019-04-11 12:46:35.0;
14;29916.5;2019-04-11 12:46:40.0;
14;29915.5;2019-04-11 12:46:45.0;
14;29914;2019-04-11 12:46:47.0;
14;29915;2019-04-11 12:46:51.0;
14;29917;2019-04-11 12:47:11.0;
14;29915;2019-04-11 12:47:12.0;
14;29917;2019-04-11 12:47:13.0;
14;29916.5;2019-04-11 12:47:15.0;
14;29917;2019-04-11 12:47:17.0;
14;29916.5;2019-04-11 12:47:18.0;
14;29917.5;2019-04-11 12:47:20.0;
14;29919;2019-04-11 12:47:25.0;
14;29918.5;2019-04-11 12:47:27.0;
14;29919;2019-04-11 12:47:28.0;
14;29918.5;2019-04-11 12:47:30.0;
14;29919;2019-04-11 12:47:33.0;
14;29918.5;2019-04-11 12:47:47.0;
14;29917;2019-04-11 12:48:05.0;
14;29916.5;2019-04-11 12:48:07.0;
14;29917.5;2019-04-11 12:48:12.0;
14;29916.5;2019-04-11 12:48:16.0;
14;29917;2019-04-11 12:48:19.0;
14;29916.5;2019-04-11 12:48:24.0;
14;29911.5;2019-04-11 12:48:27.0;
14;29912;2019-04-11 12:48:31.0;
14;29911.5;2019-04-11 12:48:32.0;
14;29912;2019-04-11 12:48:34.0;
14;29913.5;2019-04-11 12:48:42.0;
14;29913;2019-04-11 12:48:46.0;
14;29913.5;2019-04-11 12:48:50.0;
14;29913;2019-04-11 12:48:51.0;
14;29913.5;2019-04-11 12:48:53.0;
14;29914.5;2019-04-11 12:48:55.0;
14;29913.5;2019-04-11 12:48:57.0;
14;29914.5;2019-04-11 12:48:58.0;
14;29914;2019-04-11 12:49:04.0;
14;29914.5;2019-04-11 12:49:10.0;
14;29916;2019-04-11 12:49:19.0;
14;29914.5;2019-04-11 12:49:27.0;
14;29915;2019-04-11 12:49:33.0;
14;29913;2019-04-11 12:49:37.0;
14;29913.5;2019-04-11 12:49:43.0;
14;29915.5;2019-04-11 12:50:04.0;
14;29916.5;2019-04-11 12:50:07.0;
14;29918.5;2019-04-11 12:50:13.0;
14;29919.5;2019-04-11 12:50:18.0;
14;29920;2019-04-11 12:50:21.0;
14;29919;2019-04-11 12:50:25.0;
14;29918.5;2019-04-11 12:50:26.0;
14;29919;2019-04-11 12:50:28.0;
14;29918.5;2019-04-11 12:50:30.0;
14;29919;2019-04-11 12:50:32.0;
14;29918.5;2019-04-11 12:50:46.0;
14;29919;2019-04-11 12:50:51.0;
14;29918.5;2019-04-11 12:50:52.0;
14;29919;2019-04-11 12:50:55.0;
14;29919.5;2019-04-11 12:50:57.0;
14;29924;2019-04-11 12:50:59.0;
14;29919.5;2019-04-11 12:51:01.0;
14;29924;2019-04-11 12:51:02.0;
14;29922.5;2019-04-11 12:51:05.0;
14;29924;2019-04-11 12:51:07.0;
14;29922.5;2019-04-11 12:51:08.0;
14;29923;2019-04-11 12:51:09.0;
14;29921;2019-04-11 12:51:15.0;
14;29920.5;2019-04-11 12:51:21.0;
14;29921.5;2019-04-11 12:51:28.0;
14;29922.5;2019-04-11 12:51:35.0;
14;29922;2019-04-11 12:51:41.0;
14;29924;2019-04-11 12:51:44.0;
14;29922;2019-04-11 12:51:45.0;
14;29924;2019-04-11 12:51:47.0;
14;29923.5;2019-04-11 12:51:50.0;
14;29920;2019-04-11 12:52:05.0;
14;29921;2019-04-11 12:52:11.0;
14;29921.5;2019-04-11 12:52:22.0;
14;29920;2019-04-11 12:52:26.0;
14;29921.5;2019-04-11 12:52:28.0;
14;29920;2019-04-11 12:52:29.0;
14;29920.5;2019-04-11 12:52:31.0;
14;29920;2019-04-11 12:52:43.0;
14;29919;2019-04-11 12:52:52.0;
14;29917.5;2019-04-11 12:52:53.0;
14;29918;2019-04-11 12:52:54.0;
14;29919;2019-04-11 12:52:56.0;
14;29918;2019-04-11 12:52:57.0;
14;29920;2019-04-11 12:52:59.0;
14;29920.5;2019-04-11 12:53:07.0;
14;29920;2019-04-11 12:53:09.0;
14;29920.5;2019-04-11 12:53:10.0;
14;29920;2019-04-11 12:53:15.0;
14;29919.5;2019-04-11 12:53:21.0;
14;29920;2019-04-11 12:53:22.0;
14;29919.5;2019-04-11 12:53:23.0;
14;29921;2019-04-11 12:53:26.0;
14;29920.5;2019-04-11 12:53:29.0;
14;29920;2019-04-11 12:53:31.0;
14;29919.5;2019-04-11 12:53:35.0;
14;29920;2019-04-11 12:53:46.0;
14;29919.5;2019-04-11 12:53:47.0;
14;29919;2019-04-11 12:54:09.0;
14;29918;2019-04-11 12:54:12.0;
14;29918.5;2019-04-11 12:54:15.0;
14;29918;2019-04-11 12:54:16.0;
14;29918.5;2019-04-11 12:54:18.0;
14;29918;2019-04-11 12:54:23.0;
14;29918.5;2019-04-11 12:54:25.0;
14;29919;2019-04-11 12:54:28.0;
14;29918;2019-04-11 12:54:32.0;
14;29919;2019-04-11 12:54:35.0;
14;29918;2019-04-11 12:54:36.0;
14;29919;2019-04-11 12:54:37.0;
14;29919.5;2019-04-11 12:54:40.0;
14;29920;2019-04-11 12:54:46.0;
14;29924.5;2019-04-11 12:54:52.0;
14;29920;2019-04-11 12:54:53.0;
14;29926;2019-04-11 12:54:56.0;
14;29925.5;2019-04-11 12:54:59.0;
14;29926;2019-04-11 12:55:00.0;
14;29925.5;2019-04-11 12:55:01.0;
14;29921.5;2019-04-11 12:55:04.0;
14;29919.5;2019-04-11 12:55:07.0;
14;29920;2019-04-11 12:55:11.0;
14;29922;2019-04-11 12:55:16.0;
14;29921;2019-04-11 12:55:23.0;
14;29920.5;2019-04-11 12:55:29.0;
14;29921;2019-04-11 12:55:32.0;
14;29920.5;2019-04-11 12:55:39.0;
14;29919.5;2019-04-11 12:55:43.0;
14;29919;2019-04-11 12:55:50.0;
14;29921;2019-04-11 12:56:04.0;
14;29919;2019-04-11 12:56:06.0;
14;29921.5;2019-04-11 12:56:08.0;
14;29921;2019-04-11 12:56:12.0;
14;29921.5;2019-04-11 12:56:13.0;
14;29921;2019-04-11 12:56:15.0;
14;29920.5;2019-04-11 12:56:16.0;
14;29919;2019-04-11 12:56:22.0;
14;29919.5;2019-04-11 12:56:24.0;
14;29918.5;2019-04-11 12:56:34.0;
14;29917;2019-04-11 12:56:41.0;
14;29919;2019-04-11 12:56:46.0;
14;29918;2019-04-11 12:56:50.0;
14;29918.5;2019-04-11 12:56:55.0;
14;29918;2019-04-11 12:56:59.0;
14;29918.5;2019-04-11 12:57:06.0;
14;29917.5;2019-04-11 12:57:12.0;
14;29917;2019-04-11 12:57:19.0;
14;29917.5;2019-04-11 12:57:24.0;
14;29918;2019-04-11 12:57:32.0;
14;29917.5;2019-04-11 12:57:33.0;
14;29918;2019-04-11 12:57:35.0;
14;29918.5;2019-04-11 12:57:40.0;
14;29919;2019-04-11 12:57:47.0;
14;29922.5;2019-04-11 12:58:04.0;
14;29922;2019-04-11 12:58:10.0;
14;29923;2019-04-11 12:58:17.0;
14;29922.5;2019-04-11 12:58:21.0;
14;29923.5;2019-04-11 12:58:27.0;
14;29922.5;2019-04-11 12:58:30.0;
14;29923.5;2019-04-11 12:58:31.0;
14;29923;2019-04-11 12:58:34.0;
14;29921.5;2019-04-11 12:58:39.0;
14;29922.5;2019-04-11 12:58:43.0;
14;29921.5;2019-04-11 12:58:45.0;
14;29922.5;2019-04-11 12:58:46.0;
14;29924.5;2019-04-11 12:58:49.0;
14;29923;2019-04-11 12:58:52.0;
14;29923.5;2019-04-11 12:58:53.0;
14;29924;2019-04-11 12:58:58.0;
14;29923.5;2019-04-11 12:59:03.0;
14;29924;2019-04-11 12:59:08.0;
14;29925;2019-04-11 12:59:15.0;
14;29925.5;2019-04-11 12:59:19.0;
14;29927.5;2019-04-11 12:59:21.0;
14;29925.5;2019-04-11 12:59:22.0;
14;29927.5;2019-04-11 12:59:24.0;
14;29929.5;2019-04-11 12:59:30.0;
14;29928.5;2019-04-11 12:59:34.0;
14;29927.5;2019-04-11 12:59:38.0;
14;29928.5;2019-04-11 12:59:41.0;
14;29927;2019-04-11 12:59:46.0;
14;29931.5;2019-04-11 13:00:04.0;
14;29927;2019-04-11 13:00:05.0;
14;29930;2019-04-11 13:00:07.0;
14;29930.5;2019-04-11 13:00:15.0;
14;29930;2019-04-11 13:00:27.0;
14;29929.5;2019-04-11 13:00:33.0;
14;29929;2019-04-11 13:00:48.0;
14;29928.5;2019-04-11 13:00:53.0;
14;29928;2019-04-11 13:01:06.0;
14;29928.5;2019-04-11 13:01:10.0;
14;29928;2019-04-11 13:01:15.0;
14;29928.5;2019-04-11 13:01:24.0;
14;29928;2019-04-11 13:01:25.0;
14;29928.5;2019-04-11 13:01:27.0;
14;29929.5;2019-04-11 13:01:28.0;
14;29929;2019-04-11 13:01:33.0;
14;29928.5;2019-04-11 13:01:41.0;
14;29928;2019-04-11 13:01:49.0;
14;29926.5;2019-04-11 13:02:04.0;
14;29927;2019-04-11 13:02:11.0;
14;29928.5;2019-04-11 13:02:16.0;
14;29927.5;2019-04-11 13:02:24.0;
14;29928;2019-04-11 13:02:30.0;
14;29927.5;2019-04-11 13:02:32.0;
14;29926;2019-04-11 13:02:59.0;
14;29925.5;2019-04-11 13:03:09.0;
14;29926;2019-04-11 13:03:11.0;
14;29926.5;2019-04-11 13:03:22.0;
14;29927;2019-04-11 13:03:24.0;
14;29928.5;2019-04-11 13:03:27.0;
14;29927;2019-04-11 13:03:29.0;
14;29928.5;2019-04-11 13:03:30.0;
14;29927;2019-04-11 13:03:49.0;
14;29927.5;2019-04-11 13:04:02.0;
14;29928.5;2019-04-11 13:04:11.0;
14;29927.5;2019-04-11 13:04:13.0;
14;29929.5;2019-04-11 13:04:15.0;
14;29932.5;2019-04-11 13:04:18.0;
14;29929.5;2019-04-11 13:04:20.0;
14;29932.5;2019-04-11 13:04:21.0;
14;29931;2019-04-11 13:04:24.0;
14;29930.5;2019-04-11 13:04:25.0;
14;29931;2019-04-11 13:04:27.0;
14;29930.5;2019-04-11 13:04:28.0;
14;29929;2019-04-11 13:04:32.0;
14;29930;2019-04-11 13:04:37.0;
14;29929;2019-04-11 13:04:42.0;
14;29928;2019-04-11 13:04:46.0;
14;29929;2019-04-11 13:04:50.0;
14;29930.5;2019-04-11 13:05:11.0;
14;29929;2019-04-11 13:05:12.0;
14;29930.5;2019-04-11 13:05:13.0;
14;29930;2019-04-11 13:05:16.0;
14;29929;2019-04-11 13:05:23.0;
14;29930;2019-04-11 13:05:28.0;
14;29930.5;2019-04-11 13:05:36.0;
14;29931;2019-04-11 13:05:43.0;
14;29929.5;2019-04-11 13:06:03.0;
14;29930;2019-04-11 13:06:10.0;
14;29929;2019-04-11 13:06:13.0;
14;29929.5;2019-04-11 13:06:19.0;
14;29928;2019-04-11 13:06:23.0;
14;29928.5;2019-04-11 13:06:27.0;
14;29929;2019-04-11 13:06:37.0;
14;29928.5;2019-04-11 13:06:38.0;
14;29929;2019-04-11 13:06:39.0;
14;29928.5;2019-04-11 13:06:42.0;
14;29929;2019-04-11 13:06:48.0;
14;29929.5;2019-04-11 13:06:56.0;
14;29928.5;2019-04-11 13:07:01.0;
14;29929.5;2019-04-11 13:07:03.0;
14;29929;2019-04-11 13:07:13.0;
14;29928.5;2019-04-11 13:07:16.0;
14;29929;2019-04-11 13:07:17.0;
14;29928.5;2019-04-11 13:07:18.0;
14;29929;2019-04-11 13:07:20.0;
14;29928.5;2019-04-11 13:07:28.0;
14;29927.5;2019-04-11 13:07:31.0;
14;29926.5;2019-04-11 13:07:39.0;
14;29928;2019-04-11 13:07:46.0;
14;29927;2019-04-11 13:07:49.0;
14;29929;2019-04-11 13:08:04.0;
14;29927.5;2019-04-11 13:08:08.0;
14;29928;2019-04-11 13:08:12.0;
14;29929;2019-04-11 13:08:15.0;
14;29928.5;2019-04-11 13:08:19.0;
14;29927.5;2019-04-11 13:08:28.0;
14;29928;2019-04-11 13:08:33.0;
14;29927.5;2019-04-11 13:08:35.0;
14;29927;2019-04-11 13:08:37.0;
14;29926.5;2019-04-11 13:08:42.0;
14;29925.5;2019-04-11 13:09:05.0;
14;29926;2019-04-11 13:09:09.0;
14;29925.5;2019-04-11 13:09:10.0;
14;29926;2019-04-11 13:09:12.0;
14;29925.5;2019-04-11 13:09:14.0;
14;29924;2019-04-11 13:09:25.0;
14;29923.5;2019-04-11 13:09:28.0;
14;29924;2019-04-11 13:09:31.0;
14;29926;2019-04-11 13:09:35.0;
14;29925.5;2019-04-11 13:09:38.0;
14;29926;2019-04-11 13:09:40.0;
14;29925.5;2019-04-11 13:09:41.0;
14;29926;2019-04-11 13:09:42.0;
14;29925.5;2019-04-11 13:09:44.0;
14;29926;2019-04-11 13:09:45.0;
14;29924.5;2019-04-11 13:10:17.0;
14;29922;2019-04-11 13:10:20.0;
14;29922.5;2019-04-11 13:10:24.0;
14;29922;2019-04-11 13:10:31.0;
14;29922.5;2019-04-11 13:10:33.0;
14;29922;2019-04-11 13:10:34.0;
14;29920.5;2019-04-11 13:10:38.0;
14;29921.5;2019-04-11 13:10:41.0;
14;29920.5;2019-04-11 13:10:44.0;
14;29921.5;2019-04-11 13:10:45.0;
14;29920;2019-04-11 13:10:48.0;
14;29920.5;2019-04-11 13:10:51.0;
14;29920;2019-04-11 13:10:53.0;
14;29920.5;2019-04-11 13:10:54.0;
14;29919.5;2019-04-11 13:10:55.0;
14;29920.5;2019-04-11 13:11:02.0;
14;29920;2019-04-11 13:11:04.0;
14;29920.5;2019-04-11 13:11:07.0;
14;29920;2019-04-11 13:11:10.0;
14;29921.5;2019-04-11 13:11:11.0;
14;29922;2019-04-11 13:11:18.0;
14;29922.5;2019-04-11 13:11:19.0;
14;29922;2019-04-11 13:11:22.0;
14;29922.5;2019-04-11 13:11:24.0;
14;29920.5;2019-04-11 13:11:38.0;
14;29921;2019-04-11 13:11:39.0;
14;29920.5;2019-04-11 13:11:41.0;
14;29921;2019-04-11 13:11:42.0;
14;29918.5;2019-04-11 13:11:44.0;
14;29919;2019-04-11 13:11:46.0;
14;29918.5;2019-04-11 13:12:04.0;
14;29919;2019-04-11 13:12:05.0;
14;29918.5;2019-04-11 13:12:06.0;
14;29919;2019-04-11 13:12:08.0;
14;29919.5;2019-04-11 13:12:29.0;
14;29922;2019-04-11 13:12:35.0;
14;29923;2019-04-11 13:12:39.0;
14;29921;2019-04-11 13:12:46.0;
14;29921.5;2019-04-11 13:12:48.0;
14;29921;2019-04-11 13:13:05.0;
14;29919;2019-04-11 13:13:19.0;
14;29920;2019-04-11 13:13:25.0;
14;29917.5;2019-04-11 13:13:37.0;
14;29918;2019-04-11 13:13:41.0;
14;29917;2019-04-11 13:14:04.0;
14;29918;2019-04-11 13:14:08.0;
14;29917.5;2019-04-11 13:14:11.0;
14;29918;2019-04-11 13:14:12.0;
14;29917.5;2019-04-11 13:14:14.0;
14;29918;2019-04-11 13:14:19.0;
14;29917.5;2019-04-11 13:14:22.0;
14;29919;2019-04-11 13:14:23.0;
14;29921;2019-04-11 13:14:28.0;
14;29920;2019-04-11 13:14:35.0;
14;29920.5;2019-04-11 13:14:38.0;
14;29920;2019-04-11 13:14:40.0;
14;29920.5;2019-04-11 13:14:41.0;
14;29921.5;2019-04-11 13:14:44.0;
14;29920.5;2019-04-11 13:14:46.0;
14;29921.5;2019-04-11 13:14:47.0;
14;29920.5;2019-04-11 13:14:49.0;
14;29918.5;2019-04-11 13:14:52.0;
14;29920.5;2019-04-11 13:14:54.0;
14;29917;2019-04-11 13:14:56.0;
14;29918;2019-04-11 13:14:58.0;
14;29917;2019-04-11 13:15:00.0;
14;29918;2019-04-11 13:15:02.0;
14;29919.5;2019-04-11 13:15:03.0;
14;29920;2019-04-11 13:15:08.0;
14;29918.5;2019-04-11 13:15:17.0;
14;29919;2019-04-11 13:15:19.0;
14;29918.5;2019-04-11 13:15:21.0;
14;29919;2019-04-11 13:15:22.0;
14;29919.5;2019-04-11 13:15:29.0;
14;29919;2019-04-11 13:15:37.0;
14;29918.5;2019-04-11 13:15:40.0;
14;29919;2019-04-11 13:15:45.0;
14;29919.5;2019-04-11 13:15:49.0;
14;29918;2019-04-11 13:16:03.0;
14;29916.5;2019-04-11 13:16:11.0;
14;29915.5;2019-04-11 13:16:16.0;
14;29914.5;2019-04-11 13:16:20.0;
14;29915;2019-04-11 13:16:25.0;
14;29915.5;2019-04-11 13:16:31.0;
14;29917;2019-04-11 13:16:38.0;
14;29916.5;2019-04-11 13:16:43.0;
14;29917.5;2019-04-11 13:16:55.0;
14;29918;2019-04-11 13:16:59.0;
14;29917;2019-04-11 13:17:10.0;
14;29916;2019-04-11 13:17:12.0;
14;29917;2019-04-11 13:17:17.0;
14;29917.5;2019-04-11 13:17:19.0;
14;29918;2019-04-11 13:17:26.0;
14;29921.5;2019-04-11 13:17:29.0;
14;29922;2019-04-11 13:17:31.0;
14;29921;2019-04-11 13:17:44.0;
14;29920.5;2019-04-11 13:18:02.0;
14;29921;2019-04-11 13:18:07.0;
14;29920.5;2019-04-11 13:18:21.0;
14;29921.5;2019-04-11 13:18:22.0;
14;29920.5;2019-04-11 13:18:24.0;
14;29921.5;2019-04-11 13:18:25.0;
14;29922;2019-04-11 13:18:31.0;
14;29921.5;2019-04-11 13:18:35.0;
14;29922;2019-04-11 13:18:38.0;
14;29922.5;2019-04-11 13:18:42.0;
14;29921.5;2019-04-11 13:18:46.0;
14;29920;2019-04-11 13:18:52.0;
14;29921.5;2019-04-11 13:18:55.0;
14;29920;2019-04-11 13:18:57.0;
14;29921.5;2019-04-11 13:18:59.0;
14;29921;2019-04-11 13:19:00.0;
14;29922;2019-04-11 13:19:04.0;
14;29921;2019-04-11 13:19:22.0;
14;29920.5;2019-04-11 13:19:29.0;
14;29922.5;2019-04-11 13:19:30.0;
14;29920.5;2019-04-11 13:19:33.0;
14;29922.5;2019-04-11 13:19:35.0;
14;29923;2019-04-11 13:19:40.0;
14;29923.5;2019-04-11 13:19:43.0;
14;29923;2019-04-11 13:19:47.0;
14;29922;2019-04-11 13:20:05.0;
14;29923;2019-04-11 13:20:06.0;
14;29921;2019-04-11 13:20:08.0;
14;29922;2019-04-11 13:20:09.0;
14;29921;2019-04-11 13:20:10.0;
14;29919.5;2019-04-11 13:20:35.0;
14;29919;2019-04-11 13:20:40.0;
14;29919.5;2019-04-11 13:20:44.0;
14;29920;2019-04-11 13:20:49.0;
14;29918.5;2019-04-11 13:21:03.0;
14;29920;2019-04-11 13:21:06.0;
14;29918.5;2019-04-11 13:21:07.0;
14;29915.5;2019-04-11 13:21:13.0;
14;29917;2019-04-11 13:21:24.0;
14;29915;2019-04-11 13:21:29.0;
14;29916;2019-04-11 13:21:35.0;
14;29915.5;2019-04-11 13:21:38.0;
14;29916.5;2019-04-11 13:21:42.0;
14;29915;2019-04-11 13:21:48.0;
14;29915.5;2019-04-11 13:22:07.0;
14;29916;2019-04-11 13:22:24.0;
14;29916.5;2019-04-11 13:22:37.0;
14;29917.5;2019-04-11 13:22:43.0;
14;29916.5;2019-04-11 13:22:53.0;
14;29917;2019-04-11 13:23:00.0;
14;29918;2019-04-11 13:23:10.0;
14;29919;2019-04-11 13:23:12.0;
14;29918;2019-04-11 13:23:13.0;
14;29919;2019-04-11 13:23:15.0;
14;29918.5;2019-04-11 13:23:26.0;
14;29917.5;2019-04-11 13:23:27.0;
14;29918;2019-04-11 13:23:32.0;
14;29917.5;2019-04-11 13:23:33.0;
14;29918;2019-04-11 13:23:35.0;
14;29919;2019-04-11 13:23:49.0;
14;29919.5;2019-04-11 13:24:07.0;
14;29918.5;2019-04-11 13:24:18.0;
14;29920.5;2019-04-11 13:24:22.0;
14;29919.5;2019-04-11 13:24:25.0;
14;29920;2019-04-11 13:24:29.0;
14;29919.5;2019-04-11 13:24:31.0;
14;29920;2019-04-11 13:24:32.0;
14;29920.5;2019-04-11 13:24:35.0;
14;29920;2019-04-11 13:24:37.0;
14;29920.5;2019-04-11 13:24:38.0;
14;29921.5;2019-04-11 13:24:39.0;
14;29920.5;2019-04-11 13:24:41.0;
14;29921.5;2019-04-11 13:24:42.0;
14;29919.5;2019-04-11 13:24:48.0;
14;29920;2019-04-11 13:24:56.0;
14;29919.5;2019-04-11 13:24:57.0;
14;29920;2019-04-11 13:24:59.0;
14;29918.5;2019-04-11 13:25:03.0;
14;29920;2019-04-11 13:25:04.0;
14;29918.5;2019-04-11 13:25:06.0;
14;29917.5;2019-04-11 13:25:16.0;
14;29918.5;2019-04-11 13:25:17.0;
14;29917.5;2019-04-11 13:25:19.0;
14;29917;2019-04-11 13:25:20.0;
14;29915.5;2019-04-11 13:25:28.0;
14;29917;2019-04-11 13:25:30.0;
14;29915.5;2019-04-11 13:25:32.0;
14;29916;2019-04-11 13:25:33.0;
14;29915;2019-04-11 13:25:35.0;
14;29916;2019-04-11 13:25:36.0;
14;29915;2019-04-11 13:25:37.0;
14;29915.5;2019-04-11 13:25:39.0;
14;29914.5;2019-04-11 13:25:48.0;
14;29915.5;2019-04-11 13:25:49.0;
14;29914.5;2019-04-11 13:25:50.0;
14;29913;2019-04-11 13:26:07.0;
14;29913.5;2019-04-11 13:26:13.0;
14;29914;2019-04-11 13:26:16.0;
14;29914.5;2019-04-11 13:26:20.0;
14;29913.5;2019-04-11 13:26:24.0;
14;29912.5;2019-04-11 13:26:27.0;
14;29913.5;2019-04-11 13:26:30.0;
14;29911;2019-04-11 13:26:31.0;
14;29912;2019-04-11 13:26:34.0;
14;29911;2019-04-11 13:26:36.0;
14;29910;2019-04-11 13:26:44.0;
14;29910.5;2019-04-11 13:26:50.0;
14;29909.5;2019-04-11 13:26:53.0;
14;29911;2019-04-11 13:26:54.0;
14;29909.5;2019-04-11 13:26:57.0;
14;29911.5;2019-04-11 13:26:59.0;
14;29911;2019-04-11 13:27:06.0;
14;29912.5;2019-04-11 13:27:07.0;
14;29910.5;2019-04-11 13:27:12.0;
14;29911.5;2019-04-11 13:27:15.0;
14;29910.5;2019-04-11 13:27:16.0;
14;29911.5;2019-04-11 13:27:18.0;
14;29912;2019-04-11 13:27:21.0;
14;29911.5;2019-04-11 13:27:24.0;
14;29912;2019-04-11 13:27:25.0;
14;29911.5;2019-04-11 13:27:27.0;
14;29911;2019-04-11 13:27:31.0;
14;29912;2019-04-11 13:27:39.0;
14;29911;2019-04-11 13:27:49.0;
14;29912;2019-04-11 13:27:51.0;
14;29911;2019-04-11 13:27:52.0;
14;29913;2019-04-11 13:28:07.0;
14;29913.5;2019-04-11 13:28:15.0;
14;29912;2019-04-11 13:28:19.0;
14;29913;2019-04-11 13:28:37.0;
14;29914;2019-04-11 13:28:38.0;
14;29913;2019-04-11 13:28:41.0;
14;29914;2019-04-11 13:28:42.0;
14;29913;2019-04-11 13:28:43.0;
14;29914;2019-04-11 13:28:52.0;
14;29913.5;2019-04-11 13:28:54.0;
14;29914;2019-04-11 13:28:55.0;
14;29913.5;2019-04-11 13:28:57.0;
14;29913;2019-04-11 13:28:59.0;
14;29913.5;2019-04-11 13:29:00.0;
14;29913;2019-04-11 13:29:02.0;
14;29912.5;2019-04-11 13:29:10.0;
14;29913;2019-04-11 13:29:12.0;
14;29912.5;2019-04-11 13:29:13.0;
14;29911;2019-04-11 13:29:16.0;
14;29909.5;2019-04-11 13:29:18.0;
14;29910;2019-04-11 13:29:22.0;
14;29909.5;2019-04-11 13:29:23.0;
14;29910;2019-04-11 13:29:25.0;
14;29908;2019-04-11 13:29:42.0;
14;29907;2019-04-11 13:29:48.0;
14;29906;2019-04-11 13:30:05.0;
14;29905.5;2019-04-11 13:30:12.0;
14;29907;2019-04-11 13:30:23.0;
14;29904.5;2019-04-11 13:30:32.0;
14;29907;2019-04-11 13:30:33.0;
14;29906;2019-04-11 13:30:35.0;
14;29909;2019-04-11 13:30:39.0;
14;29908.5;2019-04-11 13:30:44.0;
14;29909;2019-04-11 13:30:48.0;
14;29911.5;2019-04-11 13:30:58.0;
14;29913.5;2019-04-11 13:31:04.0;
14;29912.5;2019-04-11 13:31:07.0;
14;29913.5;2019-04-11 13:31:08.0;
14;29912.5;2019-04-11 13:31:10.0;
14;29913;2019-04-11 13:31:20.0;
14;29911.5;2019-04-11 13:31:30.0;
14;29911;2019-04-11 13:31:31.0;
14;29911.5;2019-04-11 13:31:33.0;
14;29913;2019-04-11 13:31:36.0;
14;29913.5;2019-04-11 13:31:41.0;
14;29914;2019-04-11 13:31:43.0;
14;29914.5;2019-04-11 13:31:48.0;
14;29914;2019-04-11 13:31:49.0;
14;29914.5;2019-04-11 13:31:50.0;
14;29912;2019-04-11 13:32:03.0;
14;29914.5;2019-04-11 13:32:04.0;
14;29912;2019-04-11 13:32:06.0;
14;29912.5;2019-04-11 13:32:10.0;
14;29913;2019-04-11 13:32:16.0;
14;29912.5;2019-04-11 13:32:17.0;
14;29912;2019-04-11 13:32:19.0;
14;29911;2019-04-11 13:32:23.0;
14;29908.5;2019-04-11 13:32:33.0;
14;29907.5;2019-04-11 13:32:35.0;
14;29908.5;2019-04-11 13:32:37.0;
14;29908;2019-04-11 13:32:39.0;
14;29908.5;2019-04-11 13:32:44.0;
14;29910.5;2019-04-11 13:32:47.0;
14;29909;2019-04-11 13:32:51.0;
14;29908.5;2019-04-11 13:32:58.0;
14;29909;2019-04-11 13:33:03.0;
14;29908;2019-04-11 13:33:08.0;
14;29909;2019-04-11 13:33:10.0;
14;29907.5;2019-04-11 13:33:11.0;
14;29908;2019-04-11 13:33:12.0;
14;29907.5;2019-04-11 13:33:14.0;
14;29908.5;2019-04-11 13:33:17.0;
14;29907;2019-04-11 13:33:22.0;
14;29908;2019-04-11 13:33:26.0;
14;29907.5;2019-04-11 13:33:29.0;
14;29906.5;2019-04-11 13:33:39.0;
14;29907;2019-04-11 13:33:45.0;
14;29905;2019-04-11 13:34:03.0;
14;29906;2019-04-11 13:34:09.0;
14;29905;2019-04-11 13:34:19.0;
14;29906;2019-04-11 13:34:23.0;
14;29905;2019-04-11 13:34:27.0;
14;29906;2019-04-11 13:34:29.0;
14;29905;2019-04-11 13:34:30.0;
14;29904.5;2019-04-11 13:34:32.0;
14;29905;2019-04-11 13:34:37.0;
14;29904;2019-04-11 13:34:39.0;
14;29905;2019-04-11 13:34:41.0;
14;29904;2019-04-11 13:34:43.0;
14;29904.5;2019-04-11 13:34:44.0;
14;29905;2019-04-11 13:34:50.0;
14;29906;2019-04-11 13:34:54.0;
14;29904;2019-04-11 13:35:00.0;
14;29903.5;2019-04-11 13:35:05.0;
14;29904;2019-04-11 13:35:09.0;
14;29903.5;2019-04-11 13:35:12.0;
14;29905;2019-04-11 13:35:14.0;
14;29905.5;2019-04-11 13:35:21.0;
14;29906.5;2019-04-11 13:35:23.0;
14;29907;2019-04-11 13:35:28.0;
14;29907.5;2019-04-11 13:35:31.0;
14;29908;2019-04-11 13:35:37.0;
14;29908.5;2019-04-11 13:35:43.0;
14;29908;2019-04-11 13:35:44.0;
14;29908.5;2019-04-11 13:35:45.0;
14;29907;2019-04-11 13:36:06.0;
14;29906.5;2019-04-11 13:36:10.0;
14;29906;2019-04-11 13:36:12.0;
14;29906.5;2019-04-11 13:36:13.0;
14;29906;2019-04-11 13:36:15.0;
14;29907;2019-04-11 13:36:17.0;
14;29905;2019-04-11 13:36:23.0;
14;29905.5;2019-04-11 13:36:32.0;
14;29905;2019-04-11 13:36:34.0;
14;29905.5;2019-04-11 13:36:36.0;
14;29906;2019-04-11 13:36:37.0;
14;29907.5;2019-04-11 13:36:43.0;
14;29908;2019-04-11 13:36:51.0;
14;29908.5;2019-04-11 13:36:56.0;
14;29908;2019-04-11 13:36:58.0;
14;29908.5;2019-04-11 13:36:59.0;
14;29909;2019-04-11 13:37:07.0;
14;29908.5;2019-04-11 13:37:12.0;
14;29909;2019-04-11 13:37:13.0;
14;29908.5;2019-04-11 13:37:15.0;
14;29909.5;2019-04-11 13:37:16.0;
14;29908;2019-04-11 13:37:27.0;
14;29907.5;2019-04-11 13:37:31.0;
14;29908;2019-04-11 13:37:34.0;
14;29907.5;2019-04-11 13:37:36.0;
14;29908;2019-04-11 13:37:37.0;
14;29907.5;2019-04-11 13:37:44.0;
14;29909.5;2019-04-11 13:38:02.0;
14;29907.5;2019-04-11 13:38:04.0;
14;29909.5;2019-04-11 13:38:05.0;
14;29912;2019-04-11 13:38:08.0;
14;29910.5;2019-04-11 13:38:11.0;
14;29911.5;2019-04-11 13:38:18.0;
14;29910.5;2019-04-11 13:38:24.0;
14;29911;2019-04-11 13:38:31.0;
14;29910;2019-04-11 13:38:35.0;
14;29911;2019-04-11 13:38:37.0;
14;29911.5;2019-04-11 13:38:54.0;
14;29909.5;2019-04-11 13:39:03.0;
14;29910;2019-04-11 13:39:09.0;
14;29910.5;2019-04-11 13:39:14.0;
14;29908.5;2019-04-11 13:39:21.0;
14;29909;2019-04-11 13:39:23.0;
14;29908.5;2019-04-11 13:39:24.0;
14;29909.5;2019-04-11 13:39:27.0;
14;29910;2019-04-11 13:39:33.0;
14;29908;2019-04-11 13:39:40.0;
14;29905.5;2019-04-11 13:39:44.0;
14;29906;2019-04-11 13:40:05.0;
14;29907;2019-04-11 13:40:07.0;
14;29906;2019-04-11 13:40:09.0;
14;29907;2019-04-11 13:40:10.0;
14;29906;2019-04-11 13:40:12.0;
14;29903;2019-04-11 13:40:16.0;
14;29902.5;2019-04-11 13:40:20.0;
14;29903;2019-04-11 13:40:23.0;
14;29902;2019-04-11 13:40:24.0;
14;29901.5;2019-04-11 13:40:27.0;
14;29902;2019-04-11 13:40:34.0;
14;29903;2019-04-11 13:40:42.0;
14;29898.5;2019-04-11 13:40:43.0;
14;29903;2019-04-11 13:40:45.0;
14;29898.5;2019-04-11 13:40:48.0;
14;29900;2019-04-11 13:40:49.0;
14;29899;2019-04-11 13:40:51.0;
14;29900;2019-04-11 13:40:54.0;
14;29899;2019-04-11 13:40:55.0;
14;29898;2019-04-11 13:41:06.0;
14;29897.5;2019-04-11 13:41:11.0;
14;29898;2019-04-11 13:41:18.0;
14;29898.5;2019-04-11 13:41:31.0;
14;29898;2019-04-11 13:41:33.0;
14;29898.5;2019-04-11 13:41:34.0;
14;29898;2019-04-11 13:41:37.0;
14;29898.5;2019-04-11 13:41:40.0;
14;29898;2019-04-11 13:41:42.0;
14;29898.5;2019-04-11 13:41:44.0;
14;29897.5;2019-04-11 13:41:47.0;
14;29900;2019-04-11 13:42:06.0;
14;29899;2019-04-11 13:42:08.0;
14;29900;2019-04-11 13:42:09.0;
14;29902;2019-04-11 13:42:12.0;
14;29903;2019-04-11 13:42:15.0;
14;29902;2019-04-11 13:42:16.0;
14;29900.5;2019-04-11 13:42:23.0;
14;29901;2019-04-11 13:42:26.0;
14;29900;2019-04-11 13:42:30.0;
14;29902;2019-04-11 13:42:39.0;
14;29901;2019-04-11 13:42:43.0;
14;29902;2019-04-11 13:42:49.0;
14;29900.5;2019-04-11 13:42:50.0;
14;29902;2019-04-11 13:42:56.0;
14;29899.5;2019-04-11 13:43:03.0;
14;29900;2019-04-11 13:43:09.0;
14;29900.5;2019-04-11 13:43:12.0;
14;29900;2019-04-11 13:43:13.0;
14;29899.5;2019-04-11 13:43:15.0;
14;29900.5;2019-04-11 13:43:19.0;
14;29899.5;2019-04-11 13:43:20.0;
14;29900.5;2019-04-11 13:43:22.0;
14;29901.5;2019-04-11 13:43:23.0;
14;29903;2019-04-11 13:43:26.0;
14;29901;2019-04-11 13:43:35.0;
14;29900.5;2019-04-11 13:43:43.0;
14;29901;2019-04-11 13:43:48.0;
14;29900.5;2019-04-11 13:44:04.0;
14;29901;2019-04-11 13:44:09.0;
14;29902.5;2019-04-11 13:44:11.0;
14;29901;2019-04-11 13:44:12.0;
14;29902.5;2019-04-11 13:44:13.0;
14;29901.5;2019-04-11 13:44:19.0;
14;29903;2019-04-11 13:44:26.0;
14;29902.5;2019-04-11 13:44:36.0;
14;29902;2019-04-11 13:44:46.0;
14;29901.5;2019-04-11 13:44:49.0;
14;29903;2019-04-11 13:44:51.0;
14;29901.5;2019-04-11 13:44:53.0;
14;29903;2019-04-11 13:44:54.0;
14;29902.5;2019-04-11 13:44:56.0;
14;29903;2019-04-11 13:44:58.0;
14;29902.5;2019-04-11 13:45:00.0;
14;29903;2019-04-11 13:45:01.0;
14;29904;2019-04-11 13:45:03.0;
14;29903;2019-04-11 13:45:08.0;
14;29903.5;2019-04-11 13:45:16.0;
14;29904;2019-04-11 13:45:23.0;
14;29906;2019-04-11 13:45:32.0;
14;29904;2019-04-11 13:45:33.0;
14;29906;2019-04-11 13:45:35.0;
14;29904;2019-04-11 13:45:40.0;
14;29903.5;2019-04-11 13:45:43.0;
14;29904;2019-04-11 13:45:48.0;
14;29904.5;2019-04-11 13:46:12.0;
14;29903.5;2019-04-11 13:46:37.0;
14;29904.5;2019-04-11 13:46:38.0;
14;29904;2019-04-11 13:46:40.0;
14;29905;2019-04-11 13:46:45.0;
14;29904;2019-04-11 13:47:22.0;
14;29905;2019-04-11 13:47:25.0;
14;29904;2019-04-11 13:47:27.0;
14;29905.5;2019-04-11 13:47:28.0;
14;29906;2019-04-11 13:47:43.0;
14;29907.5;2019-04-11 13:48:04.0;
14;29908.5;2019-04-11 13:48:09.0;
14;29906.5;2019-04-11 13:48:13.0;
14;29907;2019-04-11 13:48:18.0;
14;29907.5;2019-04-11 13:48:28.0;
14;29906.5;2019-04-11 13:48:33.0;
14;29907;2019-04-11 13:48:36.0;
14;29907.5;2019-04-11 13:48:39.0;
14;29907;2019-04-11 13:48:40.0;
14;29907.5;2019-04-11 13:48:41.0;
14;29906.5;2019-04-11 13:48:44.0;
14;29906;2019-04-11 13:48:47.0;
14;29906.5;2019-04-11 13:48:50.0;
14;29906;2019-04-11 13:48:51.0;
14;29906.5;2019-04-11 13:48:53.0;
14;29907.5;2019-04-11 13:49:23.0;
14;29906.5;2019-04-11 13:49:25.0;
14;29909;2019-04-11 13:49:28.0;
14;29909.5;2019-04-11 13:49:45.0;
14;29912.5;2019-04-11 13:50:03.0;
14;29909.5;2019-04-11 13:50:05.0;
14;29912.5;2019-04-11 13:50:06.0;
14;29913;2019-04-11 13:50:09.0;
14;29913.5;2019-04-11 13:50:10.0;
14;29913;2019-04-11 13:50:15.0;
14;29913.5;2019-04-11 13:50:19.0;
14;29914.5;2019-04-11 13:50:25.0;
14;29916.5;2019-04-11 13:50:32.0;
14;29917;2019-04-11 13:50:35.0;
14;29916;2019-04-11 13:50:46.0;
14;29915;2019-04-11 13:50:49.0;
14;29914;2019-04-11 13:50:55.0;
14;29915;2019-04-11 13:50:58.0;
14;29914;2019-04-11 13:50:59.0;
14;29915;2019-04-11 13:51:00.0;
14;29914;2019-04-11 13:51:02.0;
14;29915;2019-04-11 13:51:03.0;
14;29914;2019-04-11 13:51:05.0;
14;29914.5;2019-04-11 13:51:06.0;
14;29915;2019-04-11 13:51:11.0;
14;29913;2019-04-11 13:51:31.0;
14;29915;2019-04-11 13:51:33.0;
14;29913;2019-04-11 13:51:34.0;
14;29913.5;2019-04-11 13:51:39.0;
14;29912;2019-04-11 13:51:45.0;
14;29913;2019-04-11 13:52:08.0;
14;29912;2019-04-11 13:52:17.0;
14;29913;2019-04-11 13:52:21.0;
14;29913.5;2019-04-11 13:52:23.0;
14;29913;2019-04-11 13:52:25.0;
14;29913.5;2019-04-11 13:52:27.0;
14;29916;2019-04-11 13:52:28.0;
14;29915;2019-04-11 13:52:35.0;
14;29916;2019-04-11 13:52:39.0;
14;29915.5;2019-04-11 13:52:44.0;
14;29916;2019-04-11 13:52:45.0;
14;29916.5;2019-04-11 13:52:52.0;
14;29915.5;2019-04-11 13:52:59.0;
14;29914;2019-04-11 13:53:05.0;
14;29916;2019-04-11 13:53:16.0;
14;29916.5;2019-04-11 13:53:21.0;
14;29916;2019-04-11 13:53:35.0;
14;29913.5;2019-04-11 13:54:04.0;
14;29914;2019-04-11 13:54:08.0;
14;29914.5;2019-04-11 13:54:13.0;
14;29913.5;2019-04-11 13:54:23.0;
14;29914.5;2019-04-11 13:54:24.0;
14;29913.5;2019-04-11 13:54:26.0;
14;29914;2019-04-11 13:54:27.0;
14;29913;2019-04-11 13:54:31.0;
14;29914;2019-04-11 13:54:32.0;
14;29913;2019-04-11 13:54:34.0;
14;29913.5;2019-04-11 13:54:47.0;
14;29914;2019-04-11 13:54:51.0;
14;29914.5;2019-04-11 13:55:00.0;
14;29913;2019-04-11 13:55:07.0;
14;29914.5;2019-04-11 13:55:15.0;
14;29914;2019-04-11 13:55:35.0;
14;29914.5;2019-04-11 13:55:40.0;
14;29913;2019-04-11 13:55:45.0;
14;29912;2019-04-11 13:55:47.0;
14;29911.5;2019-04-11 13:56:03.0;
14;29912;2019-04-11 13:56:04.0;
14;29911.5;2019-04-11 13:56:05.0;
14;29908.5;2019-04-11 13:56:08.0;
14;29909.5;2019-04-11 13:56:28.0;
14;29910;2019-04-11 13:56:34.0;
14;29910.5;2019-04-11 13:56:36.0;
14;29910;2019-04-11 13:56:37.0;
14;29910.5;2019-04-11 13:56:39.0;
14;29911;2019-04-11 13:56:40.0;
14;29911.5;2019-04-11 13:56:48.0;
14;29909.5;2019-04-11 13:56:51.0;
14;29910;2019-04-11 13:57:06.0;
14;29908;2019-04-11 13:57:10.0;
14;29908.5;2019-04-11 13:57:16.0;
14;29908;2019-04-11 13:57:23.0;
14;29909;2019-04-11 13:57:28.0;
14;29908;2019-04-11 13:57:41.0;
14;29908.5;2019-04-11 13:57:48.0;
14;29907;2019-04-11 13:58:02.0;
14;29908.5;2019-04-11 13:58:03.0;
14;29907;2019-04-11 13:58:05.0;
14;29907.5;2019-04-11 13:58:07.0;
14;29908;2019-04-11 13:58:10.0;
14;29907.5;2019-04-11 13:58:12.0;
14;29908;2019-04-11 13:58:13.0;
14;29909.5;2019-04-11 13:58:26.0;
14;29909;2019-04-11 13:58:31.0;
14;29907.5;2019-04-11 13:58:34.0;
14;29909;2019-04-11 13:58:36.0;
14;29907.5;2019-04-11 13:58:37.0;
14;29907;2019-04-11 13:58:39.0;
14;29907.5;2019-04-11 13:58:40.0;
14;29906;2019-04-11 13:58:43.0;
14;29905;2019-04-11 13:59:00.0;
14;29906;2019-04-11 13:59:01.0;
14;29903;2019-04-11 13:59:03.0;
14;29903.5;2019-04-11 13:59:06.0;
14;29903;2019-04-11 13:59:07.0;
14;29903.5;2019-04-11 13:59:08.0;
14;29905;2019-04-11 13:59:11.0;
14;29903.5;2019-04-11 13:59:12.0;
14;29905;2019-04-11 13:59:14.0;
14;29908;2019-04-11 13:59:25.0;
14;29906;2019-04-11 13:59:32.0;
14;29907;2019-04-11 13:59:38.0;
14;29906;2019-04-11 13:59:42.0;
14;29907;2019-04-11 13:59:45.0;
14;29906;2019-04-11 13:59:47.0;
14;29907;2019-04-11 13:59:48.0;
14;29906;2019-04-11 14:00:06.0;
14;29906.5;2019-04-11 14:00:07.0;
14;29906;2019-04-11 14:00:09.0;
14;29905.5;2019-04-11 14:00:14.0;
14;29905;2019-04-11 14:00:19.0;
14;29906;2019-04-11 14:00:25.0;
14;29905.5;2019-04-11 14:00:32.0;
14;29905;2019-04-11 14:00:34.0;
14;29902;2019-04-11 14:00:45.0;
14;29901.5;2019-04-11 14:00:47.0;
14;29900.5;2019-04-11 14:00:58.0;
14;29900;2019-04-11 14:01:09.0;
14;29901;2019-04-11 14:01:10.0;
14;29900;2019-04-11 14:01:13.0;
14;29901;2019-04-11 14:01:14.0;
14;29901.5;2019-04-11 14:01:17.0;
14;29900;2019-04-11 14:01:18.0;
14;29901;2019-04-11 14:01:23.0;
14;29899.5;2019-04-11 14:01:40.0;
14;29900.5;2019-04-11 14:01:44.0;
14;29901.5;2019-04-11 14:01:46.0;
14;29903;2019-04-11 14:02:06.0;
14;29905;2019-04-11 14:02:19.0;
14;29903.5;2019-04-11 14:02:29.0;
14;29904;2019-04-11 14:02:40.0;
14;29905;2019-04-11 14:02:47.0;
14;29905.5;2019-04-11 14:02:55.0;
14;29905;2019-04-11 14:02:57.0;
14;29907;2019-04-11 14:03:14.0;
14;29905;2019-04-11 14:03:15.0;
14;29907;2019-04-11 14:03:18.0;
14;29907.5;2019-04-11 14:03:20.0;
14;29907;2019-04-11 14:03:21.0;
14;29910;2019-04-11 14:03:24.0;
14;29908.5;2019-04-11 14:03:29.0;
14;29907;2019-04-11 14:03:41.0;
14;29907.5;2019-04-11 14:03:44.0;
14;29908;2019-04-11 14:03:50.0;
14;29911;2019-04-11 14:04:02.0;
14;29910;2019-04-11 14:04:11.0;
14;29910.5;2019-04-11 14:04:15.0;
14;29908;2019-04-11 14:04:31.0;
14;29908.5;2019-04-11 14:04:35.0;
14;29909.5;2019-04-11 14:04:42.0;
14;29909;2019-04-11 14:04:46.0;
14;29909.5;2019-04-11 14:04:48.0;
14;29909;2019-04-11 14:04:49.0;
14;29906.5;2019-04-11 14:04:52.0;
14;29904;2019-04-11 14:04:54.0;
14;29905;2019-04-11 14:04:59.0;
14;29907;2019-04-11 14:05:06.0;
14;29905;2019-04-11 14:05:18.0;
14;29905.5;2019-04-11 14:05:22.0;
14;29904;2019-04-11 14:05:32.0;
14;29903.5;2019-04-11 14:05:35.0;
14;29902.5;2019-04-11 14:05:47.0;
14;29900;2019-04-11 14:06:04.0;
14;29900.5;2019-04-11 14:06:06.0;
14;29901.5;2019-04-11 14:06:25.0;
14;29902;2019-04-11 14:06:31.0;
14;29903.5;2019-04-11 14:06:35.0;
14;29902;2019-04-11 14:06:38.0;
14;29904;2019-04-11 14:06:40.0;
14;29906;2019-04-11 14:06:47.0;
14;29905;2019-04-11 14:06:52.0;
14;29906;2019-04-11 14:06:53.0;
14;29905;2019-04-11 14:06:55.0;
14;29905.5;2019-04-11 14:06:56.0;
14;29906;2019-04-11 14:07:05.0;
14;29904;2019-04-11 14:07:11.0;
14;29902;2019-04-11 14:07:19.0;
14;29904;2019-04-11 14:07:21.0;
14;29902;2019-04-11 14:07:22.0;
14;29902.5;2019-04-11 14:07:24.0;
14;29901.5;2019-04-11 14:07:29.0;
14;29902.5;2019-04-11 14:07:41.0;
14;29901.5;2019-04-11 14:07:43.0;
14;29902.5;2019-04-11 14:08:04.0;
14;29902;2019-04-11 14:08:08.0;
14;29903.5;2019-04-11 14:08:12.0;
14;29907;2019-04-11 14:08:19.0;
14;29906;2019-04-11 14:08:26.0;
14;29907;2019-04-11 14:08:32.0;
14;29905.5;2019-04-11 14:08:35.0;
14;29907;2019-04-11 14:08:36.0;
14;29904.5;2019-04-11 14:08:39.0;
14;29908;2019-04-11 14:08:46.0;
14;29907;2019-04-11 14:08:57.0;
14;29904.5;2019-04-11 14:09:02.0;
14;29905.5;2019-04-11 14:09:03.0;
14;29904.5;2019-04-11 14:09:04.0;
14;29905.5;2019-04-11 14:09:06.0;
14;29905;2019-04-11 14:09:09.0;
14;29905.5;2019-04-11 14:09:16.0;
14;29906;2019-04-11 14:09:24.0;
14;29905.5;2019-04-11 14:09:26.0;
14;29906;2019-04-11 14:09:28.0;
14;29905;2019-04-11 14:09:29.0;
14;29904;2019-04-11 14:09:35.0;
14;29904.5;2019-04-11 14:09:39.0;
14;29904;2019-04-11 14:09:40.0;
14;29904.5;2019-04-11 14:09:42.0;
14;29904;2019-04-11 14:09:43.0;
14;29905.5;2019-04-11 14:09:47.0;
14;29901;2019-04-11 14:10:03.0;
14;29902;2019-04-11 14:10:08.0;
14;29901;2019-04-11 14:10:09.0;
14;29901.5;2019-04-11 14:10:11.0;
14;29902;2019-04-11 14:10:15.0;
14;29901.5;2019-04-11 14:10:21.0;
14;29901;2019-04-11 14:10:27.0;
14;29900;2019-04-11 14:10:35.0;
14;29900.5;2019-04-11 14:10:41.0;
14;29901;2019-04-11 14:10:45.0;
14;29900.5;2019-04-11 14:10:47.0;
14;29901;2019-04-11 14:10:48.0;
14;29901.5;2019-04-11 14:10:50.0;
14;29900.5;2019-04-11 14:11:04.0;
14;29901;2019-04-11 14:11:08.0;
14;29900.5;2019-04-11 14:11:14.0;
14;29900;2019-04-11 14:11:31.0;
14;29898.5;2019-04-11 14:11:34.0;
14;29898;2019-04-11 14:11:39.0;
14;29899;2019-04-11 14:11:44.0;
14;29899.5;2019-04-11 14:11:50.0;
14;29897.5;2019-04-11 14:12:07.0;
14;29896;2019-04-11 14:12:11.0;
14;29895;2019-04-11 14:12:14.0;
14;29896;2019-04-11 14:12:15.0;
14;29895;2019-04-11 14:12:17.0;
14;29895.5;2019-04-11 14:12:18.0;
14;29895;2019-04-11 14:12:20.0;
14;29895.5;2019-04-11 14:12:21.0;
14;29897;2019-04-11 14:12:31.0;
14;29897.5;2019-04-11 14:12:35.0;
14;29898;2019-04-11 14:12:38.0;
14;29897.5;2019-04-11 14:12:39.0;
14;29898;2019-04-11 14:12:41.0;
14;29897.5;2019-04-11 14:12:48.0;
14;29896.5;2019-04-11 14:12:51.0;
14;29897.5;2019-04-11 14:12:53.0;
14;29896.5;2019-04-11 14:12:54.0;
14;29897;2019-04-11 14:12:55.0;
14;29896.5;2019-04-11 14:12:57.0;
14;29897;2019-04-11 14:12:58.0;
14;29897.5;2019-04-11 14:13:02.0;
14;29897;2019-04-11 14:13:04.0;
14;29897.5;2019-04-11 14:13:05.0;
14;29895;2019-04-11 14:13:10.0;
14;29894.5;2019-04-11 14:13:14.0;
14;29892.5;2019-04-11 14:13:24.0;
14;29893;2019-04-11 14:13:27.0;
14;29894.5;2019-04-11 14:13:30.0;
14;29894;2019-04-11 14:13:34.0;
14;29892.5;2019-04-11 14:13:40.0;
14;29890;2019-04-11 14:13:46.0;
14;29892;2019-04-11 14:14:06.0;
14;29892.5;2019-04-11 14:14:15.0;
14;29893;2019-04-11 14:14:21.0;
14;29892.5;2019-04-11 14:14:24.0;
14;29894.5;2019-04-11 14:14:29.0;
14;29892.5;2019-04-11 14:14:31.0;
14;29894.5;2019-04-11 14:14:32.0;
14;29893;2019-04-11 14:14:38.0;
14;29894;2019-04-11 14:14:39.0;
14;29894.5;2019-04-11 14:14:45.0;
14;29893;2019-04-11 14:14:51.0;
14;29892.5;2019-04-11 14:14:56.0;
14;29892;2019-04-11 14:15:00.0;
14;29892.5;2019-04-11 14:15:01.0;
14;29890.5;2019-04-11 14:15:03.0;
14;29891;2019-04-11 14:15:10.0;
14;29891.5;2019-04-11 14:15:11.0;
14;29891;2019-04-11 14:15:12.0;
14;29891.5;2019-04-11 14:15:14.0;
14;29893.5;2019-04-11 14:15:17.0;
14;29891.5;2019-04-11 14:15:19.0;
14;29893.5;2019-04-11 14:15:21.0;
14;29894;2019-04-11 14:15:29.0;
14;29893;2019-04-11 14:15:31.0;
14;29894;2019-04-11 14:15:38.0;
14;29892.5;2019-04-11 14:15:41.0;
14;29892;2019-04-11 14:15:45.0;
14;29893;2019-04-11 14:15:51.0;
14;29896;2019-04-11 14:16:03.0;
14;29894.5;2019-04-11 14:16:07.0;
14;29893;2019-04-11 14:16:13.0;
14;29893.5;2019-04-11 14:16:18.0;
14;29893;2019-04-11 14:16:19.0;
14;29893.5;2019-04-11 14:16:20.0;
14;29894;2019-04-11 14:16:22.0;
14;29893;2019-04-11 14:16:23.0;
14;29892;2019-04-11 14:16:28.0;
14;29893;2019-04-11 14:16:29.0;
14;29892;2019-04-11 14:16:30.0;
14;29892.5;2019-04-11 14:16:39.0;
14;29892;2019-04-11 14:16:42.0;
14;29892.5;2019-04-11 14:16:44.0;
14;29894.5;2019-04-11 14:16:53.0;
14;29895;2019-04-11 14:16:59.0;
14;29895.5;2019-04-11 14:17:04.0;
14;29896;2019-04-11 14:17:35.0;
14;29895.5;2019-04-11 14:17:36.0;
14;29896;2019-04-11 14:17:38.0;
14;29895.5;2019-04-11 14:17:39.0;
14;29896;2019-04-11 14:17:40.0;
14;29896.5;2019-04-11 14:17:45.0;
14;29897;2019-04-11 14:17:46.0;
14;29899.5;2019-04-11 14:18:03.0;
14;29898;2019-04-11 14:18:07.0;
14;29896.5;2019-04-11 14:18:14.0;
14;29897;2019-04-11 14:18:17.0;
14;29895.5;2019-04-11 14:18:32.0;
14;29895;2019-04-11 14:18:36.0;
14;29893;2019-04-11 14:18:43.0;
14;29893.5;2019-04-11 14:18:48.0;
14;29893;2019-04-11 14:18:49.0;
14;29893.5;2019-04-11 14:18:51.0;
14;29893;2019-04-11 14:18:59.0;
14;29893.5;2019-04-11 14:19:03.0;
14;29891.5;2019-04-11 14:19:06.0;
14;29892;2019-04-11 14:19:11.0;
14;29892.5;2019-04-11 14:19:16.0;
14;29893.5;2019-04-11 14:19:21.0;
14;29894.5;2019-04-11 14:19:36.0;
14;29893.5;2019-04-11 14:19:39.0;
14;29894;2019-04-11 14:19:44.0;
14;29893.5;2019-04-11 14:19:47.0;
14;29894;2019-04-11 14:19:48.0;
14;29893.5;2019-04-11 14:19:50.0;
14;29892;2019-04-11 14:20:08.0;
14;29892.5;2019-04-11 14:20:27.0;
14;29893.5;2019-04-11 14:20:38.0;
14;29894;2019-04-11 14:20:39.0;
14;29894.5;2019-04-11 14:20:43.0;
14;29895;2019-04-11 14:20:46.0;
14;29896;2019-04-11 14:20:56.0;
14;29897;2019-04-11 14:21:09.0;
14;29897.5;2019-04-11 14:21:14.0;
14;29900;2019-04-11 14:21:20.0;
14;29899;2019-04-11 14:21:29.0;
14;29900;2019-04-11 14:21:31.0;
14;29899.5;2019-04-11 14:21:32.0;
14;29899;2019-04-11 14:21:35.0;
14;29900;2019-04-11 14:21:42.0;
14;29902;2019-04-11 14:22:02.0;
14;29901;2019-04-11 14:22:10.0;
14;29902;2019-04-11 14:22:12.0;
14;29901;2019-04-11 14:22:14.0;
14;29901.5;2019-04-11 14:22:15.0;
14;29903;2019-04-11 14:22:19.0;
14;29902.5;2019-04-11 14:22:23.0;
14;29903;2019-04-11 14:22:26.0;
14;29902.5;2019-04-11 14:22:27.0;
14;29903;2019-04-11 14:22:29.0;
14;29901;2019-04-11 14:22:32.0;
14;29900.5;2019-04-11 14:22:33.0;
14;29901;2019-04-11 14:22:38.0;
14;29900.5;2019-04-11 14:22:39.0;
14;29901;2019-04-11 14:22:41.0;
14;29900;2019-04-11 14:22:46.0;
14;29899;2019-04-11 14:22:52.0;
14;29899.5;2019-04-11 14:22:54.0;
14;29899;2019-04-11 14:22:55.0;
14;29899.5;2019-04-11 14:22:57.0;
14;29900;2019-04-11 14:23:00.0;
14;29900.5;2019-04-11 14:23:05.0;
14;29901;2019-04-11 14:23:07.0;
14;29901.5;2019-04-11 14:23:36.0;
14;29902.5;2019-04-11 14:23:39.0;
14;29903.5;2019-04-11 14:23:42.0;
14;29903;2019-04-11 14:23:48.0;
14;29905;2019-04-11 14:24:05.0;
14;29905.5;2019-04-11 14:24:06.0;
14;29906.5;2019-04-11 14:24:11.0;
14;29905.5;2019-04-11 14:24:23.0;
14;29906;2019-04-11 14:24:29.0;
14;29907.5;2019-04-11 14:24:33.0;
14;29907;2019-04-11 14:24:34.0;
14;29907.5;2019-04-11 14:24:36.0;
14;29907;2019-04-11 14:24:37.0;
14;29908.5;2019-04-11 14:24:39.0;
14;29907;2019-04-11 14:24:41.0;
14;29908.5;2019-04-11 14:24:43.0;
14;29908;2019-04-11 14:24:46.0;
14;29908.5;2019-04-11 14:24:54.0;
14;29908;2019-04-11 14:24:57.0;
14;29909;2019-04-11 14:24:58.0;
14;29908.5;2019-04-11 14:24:59.0;
14;29909;2019-04-11 14:25:01.0;
14;29909.5;2019-04-11 14:25:07.0;
14;29910;2019-04-11 14:25:11.0;
14;29909.5;2019-04-11 14:25:13.0;
14;29908.5;2019-04-11 14:25:14.0;
14;29909;2019-04-11 14:25:20.0;
14;29908.5;2019-04-11 14:25:34.0;
14;29911;2019-04-11 14:25:40.0;
14;29910;2019-04-11 14:25:44.0;
14;29908.5;2019-04-11 14:25:47.0;
14;29911.5;2019-04-11 14:26:06.0;
14;29912;2019-04-11 14:26:13.0;
14;29910.5;2019-04-11 14:26:29.0;
14;29911;2019-04-11 14:26:35.0;
14;29910.5;2019-04-11 14:26:36.0;
14;29911;2019-04-11 14:26:37.0;
14;29908.5;2019-04-11 14:26:43.0;
14;29909;2019-04-11 14:26:47.0;
14;29907;2019-04-11 14:27:00.0;
14;29908;2019-04-11 14:27:04.0;
14;29907;2019-04-11 14:27:05.0;
14;29907.5;2019-04-11 14:27:07.0;
14;29906.5;2019-04-11 14:27:11.0;
14;29910.5;2019-04-11 14:27:15.0;
14;29911;2019-04-11 14:27:22.0;
14;29910.5;2019-04-11 14:27:35.0;
14;29911.5;2019-04-11 14:27:39.0;
14;29910.5;2019-04-11 14:27:40.0;
14;29911.5;2019-04-11 14:27:42.0;
14;29912;2019-04-11 14:27:43.0;
14;29910;2019-04-11 14:27:46.0;
14;29912;2019-04-11 14:27:48.0;
14;29910;2019-04-11 14:27:49.0;
14;29908;2019-04-11 14:28:06.0;
14;29907.5;2019-04-11 14:28:12.0;
14;29906.5;2019-04-11 14:28:24.0;
14;29907;2019-04-11 14:28:29.0;
14;29906;2019-04-11 14:28:31.0;
14;29906.5;2019-04-11 14:28:37.0;
14;29905.5;2019-04-11 14:28:41.0;
14;29906;2019-04-11 14:28:43.0;
14;29905.5;2019-04-11 14:28:44.0;
14;29906;2019-04-11 14:28:46.0;
14;29904;2019-04-11 14:28:54.0;
14;29906;2019-04-11 14:28:55.0;
14;29904;2019-04-11 14:28:57.0;
14;29903.5;2019-04-11 14:29:05.0;
14;29904;2019-04-11 14:29:18.0;
14;29903.5;2019-04-11 14:29:34.0;
14;29903;2019-04-11 14:29:36.0;
14;29903.5;2019-04-11 14:29:38.0;
14;29903;2019-04-11 14:29:39.0;
14;29903.5;2019-04-11 14:29:40.0;
14;29902;2019-04-11 14:29:41.0;
14;29902.5;2019-04-11 14:29:47.0;
14;29901;2019-04-11 14:30:02.0;
14;29902.5;2019-04-11 14:30:05.0;
14;29901;2019-04-11 14:30:07.0;
14;29897.5;2019-04-11 14:30:15.0;
14;29898.5;2019-04-11 14:30:18.0;
14;29897.5;2019-04-11 14:30:19.0;
14;29896.5;2019-04-11 14:30:22.0;
14;29895.5;2019-04-11 14:30:29.0;
14;29896;2019-04-11 14:30:31.0;
14;29896.5;2019-04-11 14:30:35.0;
14;29897.5;2019-04-11 14:30:40.0;
14;29896;2019-04-11 14:30:42.0;
14;29897.5;2019-04-11 14:30:43.0;
14;29897;2019-04-11 14:30:46.0;
14;29898;2019-04-11 14:30:51.0;
14;29897;2019-04-11 14:30:54.0;
14;29895.5;2019-04-11 14:30:59.0;
14;29893.5;2019-04-11 14:31:03.0;
14;29892.5;2019-04-11 14:31:06.0;
14;29893.5;2019-04-11 14:31:07.0;
14;29892.5;2019-04-11 14:31:09.0;
14;29890.5;2019-04-11 14:31:11.0;
14;29891;2019-04-11 14:31:15.0;
14;29891.5;2019-04-11 14:31:18.0;
14;29891;2019-04-11 14:31:19.0;
14;29891.5;2019-04-11 14:31:21.0;
14;29893;2019-04-11 14:31:24.0;
14;29893.5;2019-04-11 14:31:30.0;
14;29894;2019-04-11 14:31:35.0;
14;29893.5;2019-04-11 14:31:42.0;
14;29892;2019-04-11 14:31:43.0;
14;29891.5;2019-04-11 14:31:48.0;
14;29893;2019-04-11 14:32:06.0;
14;29894.5;2019-04-11 14:32:08.0;
14;29893;2019-04-11 14:32:12.0;
14;29891.5;2019-04-11 14:32:17.0;
14;29894.5;2019-04-11 14:32:21.0;
14;29895;2019-04-11 14:32:23.0;
14;29895.5;2019-04-11 14:32:28.0;
14;29896.5;2019-04-11 14:32:36.0;
14;29897.5;2019-04-11 14:32:40.0;
14;29896;2019-04-11 14:32:51.0;
14;29895.5;2019-04-11 14:33:00.0;
14;29894.5;2019-04-11 14:33:07.0;
14;29895.5;2019-04-11 14:33:09.0;
14;29894.5;2019-04-11 14:33:10.0;
14;29894;2019-04-11 14:33:12.0;
14;29893.5;2019-04-11 14:33:17.0;
14;29892;2019-04-11 14:33:23.0;
14;29890.5;2019-04-11 14:33:28.0;
14;29891.5;2019-04-11 14:33:31.0;
14;29890.5;2019-04-11 14:33:32.0;
14;29891.5;2019-04-11 14:33:34.0;
14;29891;2019-04-11 14:33:38.0;
14;29892;2019-04-11 14:33:44.0;
14;29893;2019-04-11 14:34:09.0;
14;29892;2019-04-11 14:34:10.0;
14;29893;2019-04-11 14:34:11.0;
14;29892;2019-04-11 14:34:14.0;
14;29890;2019-04-11 14:34:17.0;
14;29890.5;2019-04-11 14:34:21.0;
14;29889.5;2019-04-11 14:34:28.0;
14;29890;2019-04-11 14:34:33.0;
14;29890.5;2019-04-11 14:34:34.0;
14;29891;2019-04-11 14:34:39.0;
14;29890.5;2019-04-11 14:34:42.0;
14;29891;2019-04-11 14:34:49.0;
14;29891.5;2019-04-11 14:34:52.0;
14;29892.5;2019-04-11 14:34:55.0;
14;29892;2019-04-11 14:34:59.0;
14;29892.5;2019-04-11 14:35:04.0;
14;29892;2019-04-11 14:35:10.0;
14;29894;2019-04-11 14:35:15.0;
14;29894.5;2019-04-11 14:35:25.0;
14;29894;2019-04-11 14:35:40.0;
14;29893.5;2019-04-11 14:35:43.0;
14;29894;2019-04-11 14:35:47.0;
14;29893.5;2019-04-11 14:35:48.0;
14;29894;2019-04-11 14:35:50.0;
14;29888.5;2019-04-11 14:36:02.0;
14;29886.5;2019-04-11 14:36:08.0;
14;29884.5;2019-04-11 14:36:10.0;
14;29883;2019-04-11 14:36:15.0;
14;29887.5;2019-04-11 14:36:21.0;
14;29888.5;2019-04-11 14:36:25.0;
14;29887.5;2019-04-11 14:36:26.0;
14;29888;2019-04-11 14:36:33.0;
14;29889;2019-04-11 14:36:41.0;
14;29888.5;2019-04-11 14:36:42.0;
14;29888;2019-04-11 14:36:46.0;
14;29887.5;2019-04-11 14:36:52.0;
14;29884.5;2019-04-11 14:37:03.0;
14;29883.5;2019-04-11 14:37:13.0;
14;29884;2019-04-11 14:37:18.0;
14;29883.5;2019-04-11 14:37:19.0;
14;29884;2019-04-11 14:37:20.0;
14;29885.5;2019-04-11 14:37:24.0;
14;29886.5;2019-04-11 14:37:27.0;
14;29885.5;2019-04-11 14:37:28.0;
14;29886.5;2019-04-11 14:37:30.0;
14;29887.5;2019-04-11 14:37:31.0;
14;29886.5;2019-04-11 14:37:37.0;
14;29887;2019-04-11 14:37:40.0;
14;29889;2019-04-11 14:37:44.0;
14;29891;2019-04-11 14:37:47.0;
14;29889;2019-04-11 14:37:48.0;
14;29891;2019-04-11 14:37:50.0;
14;29889.5;2019-04-11 14:38:05.0;
14;29890.5;2019-04-11 14:38:10.0;
14;29891;2019-04-11 14:38:12.0;
14;29890.5;2019-04-11 14:38:13.0;
14;29891;2019-04-11 14:38:14.0;
14;29891.5;2019-04-11 14:38:23.0;
14;29892;2019-04-11 14:38:31.0;
14;29892.5;2019-04-11 14:38:35.0;
14;29893;2019-04-11 14:38:39.0;
14;29892.5;2019-04-11 14:38:44.0;
14;29891.5;2019-04-11 14:38:51.0;
14;29892.5;2019-04-11 14:38:54.0;
14;29890;2019-04-11 14:38:56.0;
14;29891.5;2019-04-11 14:39:00.0;
14;29890;2019-04-11 14:39:01.0;
14;29890.5;2019-04-11 14:39:12.0;
14;29889.5;2019-04-11 14:39:17.0;
14;29890.5;2019-04-11 14:39:20.0;
14;29890;2019-04-11 14:39:27.0;
14;29890.5;2019-04-11 14:39:30.0;
14;29886;2019-04-11 14:39:32.0;
14;29886.5;2019-04-11 14:39:39.0;
14;29885;2019-04-11 14:39:49.0;
14;29886.5;2019-04-11 14:40:04.0;
14;29884;2019-04-11 14:40:11.0;
14;29882;2019-04-11 14:40:21.0;
14;29884;2019-04-11 14:40:23.0;
14;29883.5;2019-04-11 14:40:24.0;
14;29882;2019-04-11 14:40:28.0;
14;29879;2019-04-11 14:40:43.0;
14;29880;2019-04-11 14:40:50.0;
14;29879.5;2019-04-11 14:40:53.0;
14;29880;2019-04-11 14:40:54.0;
14;29879.5;2019-04-11 14:40:55.0;
14;29881;2019-04-11 14:40:58.0;
14;29880;2019-04-11 14:41:07.0;
14;29876.5;2019-04-11 14:41:11.0;
14;29875;2019-04-11 14:41:12.0;
14;29874.5;2019-04-11 14:41:15.0;
14;29874;2019-04-11 14:41:20.0;
14;29876;2019-04-11 14:41:25.0;
14;29875.5;2019-04-11 14:41:27.0;
14;29877;2019-04-11 14:41:34.0;
14;29877.5;2019-04-11 14:41:38.0;
14;29877;2019-04-11 14:41:48.0;
14;29876.5;2019-04-11 14:42:03.0;
14;29875;2019-04-11 14:42:09.0;
14;29875.5;2019-04-11 14:42:12.0;
14;29875;2019-04-11 14:42:13.0;
14;29875.5;2019-04-11 14:42:15.0;
14;29876.5;2019-04-11 14:42:16.0;
14;29875.5;2019-04-11 14:42:17.0;
14;29876.5;2019-04-11 14:42:20.0;
14;29877;2019-04-11 14:42:22.0;
14;29877.5;2019-04-11 14:42:24.0;
14;29877;2019-04-11 14:42:26.0;
14;29876.5;2019-04-11 14:42:27.0;
14;29874.5;2019-04-11 14:42:35.0;
14;29875.5;2019-04-11 14:42:40.0;
14;29872.5;2019-04-11 14:42:45.0;
14;29872;2019-04-11 14:42:52.0;
14;29875;2019-04-11 14:42:57.0;
14;29873.5;2019-04-11 14:42:59.0;
14;29873;2019-04-11 14:43:05.0;
14;29872.5;2019-04-11 14:43:11.0;
14;29869.5;2019-04-11 14:43:15.0;
14;29868.5;2019-04-11 14:43:19.0;
14;29872;2019-04-11 14:43:23.0;
14;29871.5;2019-04-11 14:43:27.0;
14;29873.5;2019-04-11 14:43:33.0;
14;29874;2019-04-11 14:43:39.0;
14;29873.5;2019-04-11 14:43:40.0;
14;29874;2019-04-11 14:43:42.0;
14;29874.5;2019-04-11 14:43:43.0;
14;29874;2019-04-11 14:43:46.0;
14;29873.5;2019-04-11 14:43:47.0;
14;29870;2019-04-11 14:44:04.0;
14;29870.5;2019-04-11 14:44:12.0;
14;29870;2019-04-11 14:44:13.0;
14;29870.5;2019-04-11 14:44:15.0;
14;29871;2019-04-11 14:44:16.0;
14;29870;2019-04-11 14:44:22.0;
14;29870.5;2019-04-11 14:44:25.0;
14;29870;2019-04-11 14:44:26.0;
14;29870.5;2019-04-11 14:44:30.0;
14;29871.5;2019-04-11 14:44:52.0;
14;29870.5;2019-04-11 14:44:53.0;
14;29872;2019-04-11 14:44:55.0;
14;29873.5;2019-04-11 14:45:04.0;
14;29870;2019-04-11 14:45:07.0;
14;29871;2019-04-11 14:45:13.0;
14;29870.5;2019-04-11 14:45:15.0;
14;29871.5;2019-04-11 14:45:19.0;
14;29870;2019-04-11 14:45:28.0;
14;29871.5;2019-04-11 14:45:29.0;
14;29870.5;2019-04-11 14:45:31.0;
14;29870;2019-04-11 14:45:32.0;
14;29870.5;2019-04-11 14:45:34.0;
14;29869.5;2019-04-11 14:45:41.0;
14;29870.5;2019-04-11 14:45:42.0;
14;29869;2019-04-11 14:45:44.0;
14;29867.5;2019-04-11 14:45:48.0;
14;29868.5;2019-04-11 14:46:05.0;
14;29869.5;2019-04-11 14:46:07.0;
14;29868.5;2019-04-11 14:46:08.0;
14;29869.5;2019-04-11 14:46:10.0;
14;29869;2019-04-11 14:46:13.0;
14;29871;2019-04-11 14:46:19.0;
14;29873;2019-04-11 14:46:24.0;
14;29872;2019-04-11 14:46:33.0;
14;29871;2019-04-11 14:46:41.0;
14;29871.5;2019-04-11 14:46:43.0;
14;29873;2019-04-11 14:46:46.0;
14;29870.5;2019-04-11 14:46:53.0;
14;29871.5;2019-04-11 14:46:54.0;
14;29870.5;2019-04-11 14:46:56.0;
14;29871.5;2019-04-11 14:46:57.0;
14;29871;2019-04-11 14:47:04.0;
14;29873;2019-04-11 14:47:06.0;
14;29874.5;2019-04-11 14:47:12.0;
14;29873;2019-04-11 14:47:14.0;
14;29874.5;2019-04-11 14:47:15.0;
14;29876;2019-04-11 14:47:18.0;
14;29877;2019-04-11 14:47:22.0;
14;29877.5;2019-04-11 14:47:31.0;
14;29876.5;2019-04-11 14:47:43.0;
14;29877;2019-04-11 14:47:47.0;
14;29879;2019-04-11 14:48:03.0;
14;29877;2019-04-11 14:48:07.0;
14;29877.5;2019-04-11 14:48:08.0;
14;29879.5;2019-04-11 14:48:12.0;
14;29880;2019-04-11 14:48:19.0;
14;29879.5;2019-04-11 14:48:21.0;
14;29880;2019-04-11 14:48:22.0;
14;29881.5;2019-04-11 14:48:24.0;
14;29880;2019-04-11 14:48:30.0;
14;29881;2019-04-11 14:48:31.0;
14;29880;2019-04-11 14:48:33.0;
14;29881;2019-04-11 14:48:34.0;
14;29880.5;2019-04-11 14:48:37.0;
14;29881;2019-04-11 14:48:42.0;
14;29880.5;2019-04-11 14:48:49.0;
14;29880;2019-04-11 14:48:55.0;
14;29879.5;2019-04-11 14:48:59.0;
14;29880;2019-04-11 14:49:01.0;
14;29879.5;2019-04-11 14:49:02.0;
14;29879;2019-04-11 14:49:05.0;
14;29880;2019-04-11 14:49:09.0;
14;29879;2019-04-11 14:49:15.0;
14;29879.5;2019-04-11 14:49:22.0;
14;29879;2019-04-11 14:49:23.0;
14;29879.5;2019-04-11 14:49:25.0;
14;29876.5;2019-04-11 14:49:28.0;
14;29879.5;2019-04-11 14:49:29.0;
14;29875.5;2019-04-11 14:49:30.0;
14;29876.5;2019-04-11 14:49:32.0;
14;29875.5;2019-04-11 14:49:34.0;
14;29875;2019-04-11 14:49:43.0;
14;29875.5;2019-04-11 14:49:44.0;
14;29875;2019-04-11 14:49:46.0;
14;29877;2019-04-11 14:49:50.0;
14;29877.5;2019-04-11 14:50:02.0;
14;29878;2019-04-11 14:50:09.0;
14;29878.5;2019-04-11 14:50:19.0;
14;29879;2019-04-11 14:50:23.0;
14;29881;2019-04-11 14:50:29.0;
14;29881.5;2019-04-11 14:50:30.0;
14;29883.5;2019-04-11 14:50:38.0;
14;29882;2019-04-11 14:50:43.0;
14;29884;2019-04-11 14:50:49.0;
14;29884.5;2019-04-11 14:50:59.0;
14;29883;2019-04-11 14:51:08.0;
14;29884.5;2019-04-11 14:51:09.0;
14;29883;2019-04-11 14:51:10.0;
14;29884;2019-04-11 14:51:12.0;
14;29886;2019-04-11 14:51:16.0;
14;29885;2019-04-11 14:51:22.0;
14;29884;2019-04-11 14:51:28.0;
14;29883;2019-04-11 14:51:45.0;
14;29884;2019-04-11 14:52:04.0;
14;29883;2019-04-11 14:52:11.0;
14;29884;2019-04-11 14:52:13.0;
14;29883;2019-04-11 14:52:14.0;
14;29882;2019-04-11 14:52:18.0;
14;29883;2019-04-11 14:52:21.0;
14;29882;2019-04-11 14:52:23.0;
14;29878;2019-04-11 14:52:24.0;
14;29879;2019-04-11 14:52:27.0;
14;29878;2019-04-11 14:52:28.0;
14;29879;2019-04-11 14:52:30.0;
14;29879.5;2019-04-11 14:52:33.0;
14;29877.5;2019-04-11 14:52:39.0;
14;29877;2019-04-11 14:52:43.0;
14;29879.5;2019-04-11 14:52:48.0;
14;29879;2019-04-11 14:52:53.0;
14;29880;2019-04-11 14:52:55.0;
14;29879;2019-04-11 14:52:57.0;
14;29880.5;2019-04-11 14:52:59.0;
14;29882;2019-04-11 14:53:03.0;
14;29880.5;2019-04-11 14:53:04.0;
14;29882;2019-04-11 14:53:06.0;
14;29880;2019-04-11 14:53:09.0;
14;29877;2019-04-11 14:53:10.0;
14;29878;2019-04-11 14:53:18.0;
14;29877;2019-04-11 14:53:21.0;
14;29877.5;2019-04-11 14:53:23.0;
14;29877;2019-04-11 14:53:28.0;
14;29877.5;2019-04-11 14:53:32.0;
14;29877;2019-04-11 14:53:34.0;
14;29877.5;2019-04-11 14:53:35.0;
14;29878;2019-04-11 14:53:36.0;
14;29878.5;2019-04-11 14:53:39.0;
14;29880;2019-04-11 14:54:04.0;
14;29879;2019-04-11 14:54:07.0;
14;29880;2019-04-11 14:54:09.0;
14;29879;2019-04-11 14:54:10.0;
14;29880.5;2019-04-11 14:54:11.0;
14;29879.5;2019-04-11 14:54:15.0;
14;29880;2019-04-11 14:54:21.0;
14;29880.5;2019-04-11 14:54:28.0;
14;29879.5;2019-04-11 14:54:38.0;
14;29880;2019-04-11 14:54:43.0;
14;29878.5;2019-04-11 14:54:46.0;
14;29879;2019-04-11 14:54:56.0;
14;29877;2019-04-11 14:55:00.0;
14;29877.5;2019-04-11 14:55:04.0;
14;29878.5;2019-04-11 14:55:18.0;
14;29879;2019-04-11 14:55:20.0;
14;29879.5;2019-04-11 14:55:25.0;
14;29879;2019-04-11 14:55:26.0;
14;29879.5;2019-04-11 14:55:29.0;
14;29881;2019-04-11 14:55:40.0;
14;29880.5;2019-04-11 14:55:46.0;
14;29879;2019-04-11 14:55:50.0;
14;29878;2019-04-11 14:56:05.0;
14;29879;2019-04-11 14:56:06.0;
14;29878;2019-04-11 14:56:07.0;
14;29879.5;2019-04-11 14:56:10.0;
14;29878.5;2019-04-11 14:56:11.0;
14;29879;2019-04-11 14:56:28.0;
14;29878.5;2019-04-11 14:56:30.0;
14;29879.5;2019-04-11 14:56:31.0;
14;29879;2019-04-11 14:56:35.0;
14;29879.5;2019-04-11 14:56:37.0;
14;29879;2019-04-11 14:56:38.0;
14;29879.5;2019-04-11 14:56:40.0;
14;29877.5;2019-04-11 14:57:04.0;
14;29877;2019-04-11 14:57:08.0;
14;29874.5;2019-04-11 14:57:11.0;
14;29877;2019-04-11 14:57:13.0;
14;29874.5;2019-04-11 14:57:14.0;
14;29872;2019-04-11 14:57:16.0;
14;29871;2019-04-11 14:57:20.0;
14;29872;2019-04-11 14:57:21.0;
14;29871;2019-04-11 14:57:24.0;
14;29871.5;2019-04-11 14:57:41.0;
14;29871;2019-04-11 14:57:42.0;
14;29871.5;2019-04-11 14:57:43.0;
14;29872;2019-04-11 14:57:49.0;
14;29872.5;2019-04-11 14:58:05.0;
14;29870.5;2019-04-11 14:58:12.0;
14;29871;2019-04-11 14:58:14.0;
14;29870.5;2019-04-11 14:58:16.0;
14;29871;2019-04-11 14:58:17.0;
14;29872.5;2019-04-11 14:58:37.0;
14;29873;2019-04-11 14:58:39.0;
14;29872.5;2019-04-11 14:58:42.0;
14;29874;2019-04-11 14:58:43.0;
14;29872;2019-04-11 14:58:50.0;
14;29873;2019-04-11 14:58:54.0;
14;29872.5;2019-04-11 14:59:01.0;
14;29873;2019-04-11 14:59:04.0;
14;29872.5;2019-04-11 14:59:05.0;
14;29874;2019-04-11 14:59:07.0;
14;29874.5;2019-04-11 14:59:20.0;
14;29875.5;2019-04-11 14:59:31.0;
14;29874.5;2019-04-11 14:59:32.0;
14;29875.5;2019-04-11 14:59:34.0;
14;29873.5;2019-04-11 14:59:50.0;
14;29874;2019-04-11 15:00:03.0;
14;29870;2019-04-11 15:00:09.0;
14;29872;2019-04-11 15:00:16.0;
14;29872.5;2019-04-11 15:00:21.0;
14;29874;2019-04-11 15:00:23.0;
14;29875;2019-04-11 15:00:30.0;
14;29876;2019-04-11 15:00:32.0;
14;29875;2019-04-11 15:00:34.0;
14;29876;2019-04-11 15:00:35.0;
14;29878.5;2019-04-11 15:00:36.0;
14;29878;2019-04-11 15:00:42.0;
14;29879;2019-04-11 15:00:45.0;
14;29881;2019-04-11 15:00:47.0;
14;29880;2019-04-11 15:00:54.0;
14;29880.5;2019-04-11 15:00:55.0;
14;29879.5;2019-04-11 15:01:03.0;
14;29880;2019-04-11 15:01:11.0;
14;29880.5;2019-04-11 15:01:36.0;
14;29884.5;2019-04-11 15:02:02.0;
14;29885;2019-04-11 15:02:08.0;
14;29885.5;2019-04-11 15:02:11.0;
14;29886;2019-04-11 15:02:16.0;
14;29885.5;2019-04-11 15:02:19.0;
14;29886;2019-04-11 15:02:20.0;
14;29885;2019-04-11 15:02:23.0;
14;29887.5;2019-04-11 15:02:29.0;
14;29885;2019-04-11 15:02:33.0;
14;29886;2019-04-11 15:02:35.0;
14;29886.5;2019-04-11 15:02:37.0;
14;29887.5;2019-04-11 15:02:43.0;
14;29887;2019-04-11 15:02:47.0;
14;29886.5;2019-04-11 15:02:54.0;
14;29887;2019-04-11 15:03:01.0;
14;29888.5;2019-04-11 15:03:05.0;
14;29887;2019-04-11 15:03:06.0;
14;29890;2019-04-11 15:03:08.0;
14;29889.5;2019-04-11 15:03:11.0;
14;29890.5;2019-04-11 15:03:17.0;
14;29891.5;2019-04-11 15:03:25.0;
14;29894.5;2019-04-11 15:03:29.0;
14;29893.5;2019-04-11 15:03:31.0;
14;29894.5;2019-04-11 15:03:38.0;
14;29893;2019-04-11 15:03:44.0;
14;29892.5;2019-04-11 15:03:48.0;
14;29893;2019-04-11 15:04:05.0;
14;29892.5;2019-04-11 15:04:07.0;
14;29893;2019-04-11 15:04:08.0;
14;29892.5;2019-04-11 15:04:10.0;
14;29893;2019-04-11 15:04:11.0;
14;29892.5;2019-04-11 15:04:17.0;
14;29893;2019-04-11 15:04:21.0;
14;29893.5;2019-04-11 15:04:32.0;
14;29894.5;2019-04-11 15:04:35.0;
14;29893.5;2019-04-11 15:04:36.0;
14;29894.5;2019-04-11 15:04:38.0;
14;29895;2019-04-11 15:04:39.0;
14;29894.5;2019-04-11 15:04:44.0;
14;29895.5;2019-04-11 15:04:51.0;
14;29893.5;2019-04-11 15:04:59.0;
14;29895.5;2019-04-11 15:05:01.0;
14;29893.5;2019-04-11 15:05:02.0;
14;29895.5;2019-04-11 15:05:04.0;
14;29896;2019-04-11 15:05:10.0;
14;29894.5;2019-04-11 15:05:11.0;
14;29896;2019-04-11 15:05:16.0;
14;29895.5;2019-04-11 15:05:23.0;
14;29896;2019-04-11 15:05:24.0;
14;29897;2019-04-11 15:05:28.0;
14;29896;2019-04-11 15:05:37.0;
14;29896.5;2019-04-11 15:05:42.0;
14;29902.5;2019-04-11 15:06:04.0;
14;29903;2019-04-11 15:06:08.0;
14;29902.5;2019-04-11 15:06:11.0;
14;29903;2019-04-11 15:06:13.0;
14;29902.5;2019-04-11 15:06:15.0;
14;29902;2019-04-11 15:06:20.0;
14;29899.5;2019-04-11 15:06:25.0;
14;29900.5;2019-04-11 15:06:30.0;
14;29900;2019-04-11 15:06:34.0;
14;29901.5;2019-04-11 15:06:47.0;
14;29900;2019-04-11 15:06:52.0;
14;29900.5;2019-04-11 15:06:56.0;
14;29900;2019-04-11 15:06:57.0;
14;29901.5;2019-04-11 15:06:59.0;
14;29902;2019-04-11 15:07:04.0;
14;29903;2019-04-11 15:07:08.0;
14;29905;2019-04-11 15:07:11.0;
14;29904.5;2019-04-11 15:07:15.0;
14;29904;2019-04-11 15:07:21.0;
14;29905.5;2019-04-11 15:07:25.0;
14;29905;2019-04-11 15:07:27.0;
14;29906;2019-04-11 15:07:34.0;
14;29905;2019-04-11 15:07:35.0;
14;29904;2019-04-11 15:07:39.0;
14;29902;2019-04-11 15:08:05.0;
14;29899.5;2019-04-11 15:08:10.0;
14;29900.5;2019-04-11 15:08:12.0;
14;29899.5;2019-04-11 15:08:18.0;
14;29900.5;2019-04-11 15:08:19.0;
14;29901;2019-04-11 15:08:25.0;
14;29900.5;2019-04-11 15:08:26.0;
14;29901;2019-04-11 15:08:28.0;
14;29900;2019-04-11 15:08:34.0;
14;29898.5;2019-04-11 15:08:35.0;
14;29900;2019-04-11 15:08:36.0;
14;29898.5;2019-04-11 15:08:38.0;
14;29899;2019-04-11 15:08:39.0;
14;29898;2019-04-11 15:08:59.0;
14;29899;2019-04-11 15:09:00.0;
14;29898;2019-04-11 15:09:02.0;
14;29896;2019-04-11 15:09:09.0;
14;29896.5;2019-04-11 15:09:12.0;
14;29896;2019-04-11 15:09:13.0;
14;29897;2019-04-11 15:09:14.0;
14;29896;2019-04-11 15:09:19.0;
14;29897;2019-04-11 15:09:21.0;
14;29896;2019-04-11 15:09:22.0;
14;29897;2019-04-11 15:09:24.0;
14;29896.5;2019-04-11 15:09:28.0;
14;29897;2019-04-11 15:09:29.0;
14;29896.5;2019-04-11 15:09:37.0;
14;29895.5;2019-04-11 15:09:40.0;
14;29896;2019-04-11 15:09:43.0;
14;29895.5;2019-04-11 15:09:47.0;
14;29894;2019-04-11 15:10:06.0;
14;29895.5;2019-04-11 15:10:12.0;
14;29893.5;2019-04-11 15:10:19.0;
14;29891;2019-04-11 15:10:20.0;
14;29890.5;2019-04-11 15:10:24.0;
14;29891;2019-04-11 15:10:25.0;
14;29892;2019-04-11 15:10:28.0;
14;29891.5;2019-04-11 15:10:34.0;
14;29895.5;2019-04-11 15:10:35.0;
14;29891.5;2019-04-11 15:10:37.0;
14;29895.5;2019-04-11 15:10:38.0;
14;29894;2019-04-11 15:10:40.0;
14;29894.5;2019-04-11 15:10:44.0;
14;29895.5;2019-04-11 15:10:55.0;
14;29894.5;2019-04-11 15:10:57.0;
14;29895.5;2019-04-11 15:11:00.0;
14;29897;2019-04-11 15:11:01.0;
14;29896.5;2019-04-11 15:11:05.0;
14;29897;2019-04-11 15:11:13.0;
14;29895.5;2019-04-11 15:11:18.0;
14;29896;2019-04-11 15:11:20.0;
14;29895;2019-04-11 15:11:24.0;
14;29896;2019-04-11 15:11:31.0;
14;29895;2019-04-11 15:11:32.0;
14;29896;2019-04-11 15:11:34.0;
14;29893.5;2019-04-11 15:11:36.0;
14;29894;2019-04-11 15:11:40.0;
14;29895.5;2019-04-11 15:11:43.0;
14;29894;2019-04-11 15:11:44.0;
14;29895.5;2019-04-11 15:11:46.0;
14;29897;2019-04-11 15:11:53.0;
14;29896;2019-04-11 15:12:04.0;
14;29896.5;2019-04-11 15:12:06.0;
14;29897;2019-04-11 15:12:24.0;
14;29896.5;2019-04-11 15:12:30.0;
14;29897.5;2019-04-11 15:12:35.0;
14;29897;2019-04-11 15:12:44.0;
14;29896.5;2019-04-11 15:12:49.0;
14;29896;2019-04-11 15:12:54.0;
14;29896.5;2019-04-11 15:13:14.0;
14;29895;2019-04-11 15:13:20.0;
14;29895.5;2019-04-11 15:13:25.0;
14;29896.5;2019-04-11 15:13:31.0;
14;29897.5;2019-04-11 15:13:43.0;
14;29898.5;2019-04-11 15:13:46.0;
14;29897.5;2019-04-11 15:13:47.0;
14;29898.5;2019-04-11 15:13:49.0;
14;29894.5;2019-04-11 15:14:03.0;
14;29894;2019-04-11 15:14:11.0;
14;29893.5;2019-04-11 15:14:19.0;
14;29894;2019-04-11 15:14:25.0;
14;29895;2019-04-11 15:14:28.0;
14;29894;2019-04-11 15:14:29.0;
14;29893.5;2019-04-11 15:14:31.0;
14;29895;2019-04-11 15:14:35.0;
14;29894;2019-04-11 15:14:42.0;
14;29893.5;2019-04-11 15:14:43.0;
14;29894;2019-04-11 15:14:45.0;
14;29893.5;2019-04-11 15:14:46.0;
14;29894;2019-04-11 15:14:49.0;
14;29894.5;2019-04-11 15:14:55.0;
14;29893.5;2019-04-11 15:15:02.0;
14;29891.5;2019-04-11 15:15:03.0;
14;29893.5;2019-04-11 15:15:05.0;
14;29891.5;2019-04-11 15:15:06.0;
14;29889.5;2019-04-11 15:15:09.0;
14;29895.5;2019-04-11 15:15:13.0;
14;29896.5;2019-04-11 15:15:18.0;
14;29897.5;2019-04-11 15:15:19.0;
14;29896.5;2019-04-11 15:15:22.0;
14;29897.5;2019-04-11 15:15:23.0;
14;29898.5;2019-04-11 15:15:28.0;
14;29897.5;2019-04-11 15:15:33.0;
14;29898.5;2019-04-11 15:15:35.0;
14;29899.5;2019-04-11 15:15:39.0;
14;29897.5;2019-04-11 15:15:45.0;
14;29899.5;2019-04-11 15:15:48.0;
14;29897;2019-04-11 15:16:03.0;
14;29897.5;2019-04-11 15:16:08.0;
14;29898;2019-04-11 15:16:11.0;
14;29897.5;2019-04-11 15:16:25.0;
14;29898;2019-04-11 15:16:26.0;
14;29897.5;2019-04-11 15:16:29.0;
14;29899;2019-04-11 15:16:30.0;
14;29898;2019-04-11 15:16:32.0;
14;29899;2019-04-11 15:16:34.0;
14;29900;2019-04-11 15:16:49.0;
14;29899;2019-04-11 15:16:51.0;
14;29900;2019-04-11 15:17:06.0;
14;29900.5;2019-04-11 15:17:08.0;
14;29900;2019-04-11 15:17:15.0;
14;29900.5;2019-04-11 15:17:16.0;
14;29900;2019-04-11 15:17:18.0;
14;29899.5;2019-04-11 15:17:25.0;
14;29900;2019-04-11 15:17:31.0;
14;29899.5;2019-04-11 15:17:36.0;
14;29898.5;2019-04-11 15:17:47.0;
14;29899.5;2019-04-11 15:17:48.0;
14;29898.5;2019-04-11 15:17:50.0;
14;29898;2019-04-11 15:18:04.0;
14;29898.5;2019-04-11 15:18:09.0;
14;29899.5;2019-04-11 15:18:16.0;
14;29898.5;2019-04-11 15:18:18.0;
14;29899.5;2019-04-11 15:18:20.0;
14;29901.5;2019-04-11 15:18:21.0;
14;29903;2019-04-11 15:18:23.0;
14;29901.5;2019-04-11 15:18:24.0;
14;29903;2019-04-11 15:18:25.0;
14;29903.5;2019-04-11 15:18:49.0;
14;29903;2019-04-11 15:18:50.0;
14;29904;2019-04-11 15:18:55.0;
14;29903;2019-04-11 15:18:57.0;
14;29904;2019-04-11 15:18:59.0;
14;29902.5;2019-04-11 15:19:13.0;
14;29903.5;2019-04-11 15:19:15.0;
14;29902.5;2019-04-11 15:19:16.0;
14;29903.5;2019-04-11 15:19:17.0;
14;29903;2019-04-11 15:19:19.0;
14;29902.5;2019-04-11 15:19:23.0;
14;29903;2019-04-11 15:19:35.0;
14;29902.5;2019-04-11 15:19:36.0;
14;29903;2019-04-11 15:19:38.0;
14;29903.5;2019-04-11 15:19:39.0;
14;29902.5;2019-04-11 15:19:43.0;
14;29903.5;2019-04-11 15:19:45.0;
14;29902.5;2019-04-11 15:19:46.0;
14;29904;2019-04-11 15:19:53.0;
14;29905;2019-04-11 15:20:05.0;
14;29904.5;2019-04-11 15:20:09.0;
14;29905;2019-04-11 15:20:12.0;
14;29906;2019-04-11 15:20:15.0;
14;29909.5;2019-04-11 15:20:19.0;
14;29907;2019-04-11 15:20:26.0;
14;29909;2019-04-11 15:20:29.0;
14;29908;2019-04-11 15:20:38.0;
14;29909;2019-04-11 15:20:39.0;
14;29908.5;2019-04-11 15:20:43.0;
14;29908;2019-04-11 15:20:49.0;
14;29908.5;2019-04-11 15:20:52.0;
14;29910.5;2019-04-11 15:20:56.0;
14;29909.5;2019-04-11 15:21:01.0;
14;29908.5;2019-04-11 15:21:08.0;
14;29909;2019-04-11 15:21:12.0;
14;29908.5;2019-04-11 15:21:15.0;
14;29909;2019-04-11 15:21:17.0;
14;29908.5;2019-04-11 15:21:18.0;
14;29909;2019-04-11 15:21:20.0;
14;29909.5;2019-04-11 15:21:23.0;
14;29910;2019-04-11 15:21:32.0;
14;29909.5;2019-04-11 15:21:34.0;
14;29910;2019-04-11 15:21:35.0;
14;29909;2019-04-11 15:21:37.0;
14;29909.5;2019-04-11 15:21:42.0;
14;29911;2019-04-11 15:21:44.0;
14;29909.5;2019-04-11 15:21:45.0;
14;29911;2019-04-11 15:21:48.0;
14;29910;2019-04-11 15:21:50.0;
14;29910.5;2019-04-11 15:22:03.0;
14;29910;2019-04-11 15:22:09.0;
14;29908.5;2019-04-11 15:22:11.0;
14;29910;2019-04-11 15:22:12.0;
14;29904;2019-04-11 15:22:15.0;
14;29905;2019-04-11 15:22:18.0;
14;29905.5;2019-04-11 15:22:26.0;
14;29904.5;2019-04-11 15:22:37.0;
14;29906;2019-04-11 15:22:42.0;
14;29904.5;2019-04-11 15:22:43.0;
14;29906;2019-04-11 15:22:44.0;
14;29907;2019-04-11 15:22:46.0;
14;29906.5;2019-04-11 15:23:00.0;
14;29907;2019-04-11 15:23:02.0;
14;29906;2019-04-11 15:23:03.0;
14;29906.5;2019-04-11 15:23:05.0;
14;29906;2019-04-11 15:23:06.0;
14;29905.5;2019-04-11 15:23:11.0;
14;29907;2019-04-11 15:23:17.0;
14;29903.5;2019-04-11 15:23:31.0;
14;29903;2019-04-11 15:23:35.0;
14;29902.5;2019-04-11 15:24:02.0;
14;29900.5;2019-04-11 15:24:20.0;
14;29902.5;2019-04-11 15:24:21.0;
14;29900.5;2019-04-11 15:24:23.0;
14;29901;2019-04-11 15:24:31.0;
14;29901.5;2019-04-11 15:24:36.0;
14;29900;2019-04-11 15:24:52.0;
14;29901.5;2019-04-11 15:24:53.0;
14;29900;2019-04-11 15:24:55.0;
14;29900.5;2019-04-11 15:24:59.0;
14;29900;2019-04-11 15:25:04.0;
14;29900.5;2019-04-11 15:25:08.0;
14;29902.5;2019-04-11 15:25:11.0;
14;29903.5;2019-04-11 15:25:16.0;
14;29902.5;2019-04-11 15:25:17.0;
14;29902;2019-04-11 15:25:19.0;
14;29905;2019-04-11 15:25:23.0;
14;29904.5;2019-04-11 15:25:29.0;
14;29905;2019-04-11 15:25:31.0;
14;29906;2019-04-11 15:25:35.0;
14;29906.5;2019-04-11 15:25:41.0;
14;29908;2019-04-11 15:25:44.0;
14;29909;2019-04-11 15:25:48.0;
14;29910;2019-04-11 15:26:07.0;
14;29909.5;2019-04-11 15:26:38.0;
14;29908;2019-04-11 15:26:49.0;
14;29909;2019-04-11 15:26:51.0;
14;29908;2019-04-11 15:26:54.0;
14;29909;2019-04-11 15:26:56.0;
14;29908.5;2019-04-11 15:27:03.0;
14;29909;2019-04-11 15:27:07.0;
14;29908.5;2019-04-11 15:27:12.0;
14;29909;2019-04-11 15:27:16.0;
14;29908;2019-04-11 15:27:21.0;
14;29909;2019-04-11 15:27:24.0;
14;29908;2019-04-11 15:27:26.0;
14;29909;2019-04-11 15:27:28.0;
14;29908;2019-04-11 15:27:29.0;
14;29909;2019-04-11 15:27:31.0;
14;29908;2019-04-11 15:27:35.0;
14;29908.5;2019-04-11 15:27:39.0;
14;29906;2019-04-11 15:27:44.0;
14;29906.5;2019-04-11 15:27:48.0;
14;29901.5;2019-04-11 15:28:05.0;
14;29903.5;2019-04-11 15:28:09.0;
14;29902.5;2019-04-11 15:28:11.0;
14;29902;2019-04-11 15:28:15.0;
14;29901.5;2019-04-11 15:28:21.0;
14;29902;2019-04-11 15:28:27.0;
14;29901;2019-04-11 15:28:30.0;
14;29900;2019-04-11 15:28:31.0;
14;29901;2019-04-11 15:28:34.0;
14;29902;2019-04-11 15:28:35.0;
14;29902.5;2019-04-11 15:28:40.0;
14;29903;2019-04-11 15:28:43.0;
14;29902.5;2019-04-11 15:28:44.0;
14;29903;2019-04-11 15:28:45.0;
14;29901.5;2019-04-11 15:28:51.0;
14;29904;2019-04-11 15:28:55.0;
14;29902;2019-04-11 15:29:01.0;
14;29904;2019-04-11 15:29:07.0;
14;29902;2019-04-11 15:29:09.0;
14;29904;2019-04-11 15:29:10.0;
14;29906;2019-04-11 15:29:12.0;
14;29907.5;2019-04-11 15:29:18.0;
14;29906;2019-04-11 15:29:19.0;
14;29907.5;2019-04-11 15:29:20.0;
14;29906.5;2019-04-11 15:29:22.0;
14;29904.5;2019-04-11 15:29:26.0;
14;29905;2019-04-11 15:29:35.0;
14;29903.5;2019-04-11 15:29:38.0;
14;29904;2019-04-11 15:29:42.0;
14;29903.5;2019-04-11 15:29:44.0;
14;29904;2019-04-11 15:29:45.0;
14;29906.5;2019-04-11 15:30:04.0;
14;29901;2019-04-11 15:30:11.0;
14;29907.5;2019-04-11 15:30:17.0;
14;29903.5;2019-04-11 15:30:19.0;
14;29903;2019-04-11 15:30:26.0;
14;29897.5;2019-04-11 15:30:32.0;
14;29906.5;2019-04-11 15:30:35.0;
14;29897.5;2019-04-11 15:30:36.0;
14;29906.5;2019-04-11 15:30:38.0;
14;29900.5;2019-04-11 15:30:39.0;
14;29900;2019-04-11 15:30:42.0;
14;29901.5;2019-04-11 15:30:49.0;
14;29906.5;2019-04-11 15:30:51.0;
14;29901.5;2019-04-11 15:30:54.0;
14;29907.5;2019-04-11 15:30:55.0;
14;29905.5;2019-04-11 15:31:00.0;
14;29904;2019-04-11 15:31:04.0;
14;29905;2019-04-11 15:31:06.0;
14;29904.5;2019-04-11 15:31:13.0;
14;29903.5;2019-04-11 15:31:17.0;
14;29903;2019-04-11 15:31:19.0;
14;29899.5;2019-04-11 15:31:24.0;
14;29902.5;2019-04-11 15:31:25.0;
14;29899.5;2019-04-11 15:31:27.0;
14;29902.5;2019-04-11 15:31:29.0;
14;29902;2019-04-11 15:31:36.0;
14;29897;2019-04-11 15:31:42.0;
14;29895;2019-04-11 15:31:43.0;
14;29894;2019-04-11 15:31:47.0;
14;29898;2019-04-11 15:32:05.0;
14;29896.5;2019-04-11 15:32:06.0;
14;29897.5;2019-04-11 15:32:11.0;
14;29891.5;2019-04-11 15:32:15.0;
14;29893;2019-04-11 15:32:19.0;
14;29897.5;2019-04-11 15:32:25.0;
14;29898;2019-04-11 15:32:27.0;
14;29896.5;2019-04-11 15:32:30.0;
14;29898;2019-04-11 15:32:32.0;
14;29896.5;2019-04-11 15:32:33.0;
14;29892.5;2019-04-11 15:32:35.0;
14;29893.5;2019-04-11 15:32:40.0;
14;29902.5;2019-04-11 15:32:42.0;
14;29906;2019-04-11 15:32:47.0;
14;29902;2019-04-11 15:32:53.0;
14;29902.5;2019-04-11 15:33:02.0;
14;29899;2019-04-11 15:33:06.0;
14;29900.5;2019-04-11 15:33:14.0;
14;29897.5;2019-04-11 15:33:21.0;
14;29896.5;2019-04-11 15:33:22.0;
14;29902.5;2019-04-11 15:33:29.0;
14;29903;2019-04-11 15:33:31.0;
14;29902;2019-04-11 15:33:36.0;
14;29902.5;2019-04-11 15:33:41.0;
14;29902;2019-04-11 15:33:43.0;
14;29902.5;2019-04-11 15:33:45.0;
14;29897;2019-04-11 15:33:47.0;
14;29896;2019-04-11 15:34:03.0;
14;29898;2019-04-11 15:34:10.0;
14;29898.5;2019-04-11 15:34:12.0;
14;29897.5;2019-04-11 15:34:19.0;
14;29896.5;2019-04-11 15:34:20.0;
14;29897.5;2019-04-11 15:34:22.0;
14;29894;2019-04-11 15:34:23.0;
14;29893;2019-04-11 15:34:27.0;
14;29894;2019-04-11 15:34:29.0;
14;29893;2019-04-11 15:34:31.0;
14;29896;2019-04-11 15:34:33.0;
14;29894.5;2019-04-11 15:34:35.0;
14;29891.5;2019-04-11 15:34:47.0;
14;29890;2019-04-11 15:34:48.0;
14;29893.5;2019-04-11 15:34:54.0;
14;29897;2019-04-11 15:34:56.0;
14;29904;2019-04-11 15:35:00.0;
14;29901;2019-04-11 15:35:03.0;
14;29904;2019-04-11 15:35:05.0;
14;29901;2019-04-11 15:35:06.0;
14;29904.5;2019-04-11 15:35:09.0;
14;29900;2019-04-11 15:35:15.0;
14;29898;2019-04-11 15:35:20.0;
14;29900;2019-04-11 15:35:22.0;
14;29897;2019-04-11 15:35:24.0;
14;29896;2019-04-11 15:35:33.0;
14;29893;2019-04-11 15:35:39.0;
14;29892.5;2019-04-11 15:35:41.0;
14;29890;2019-04-11 15:35:43.0;
14;29894;2019-04-11 15:35:47.0;
14;29890.5;2019-04-11 15:36:05.0;
14;29880;2019-04-11 15:36:08.0;
14;29878;2019-04-11 15:36:12.0;
14;29880;2019-04-11 15:36:14.0;
14;29878;2019-04-11 15:36:15.0;
14;29879.5;2019-04-11 15:36:17.0;
14;29878;2019-04-11 15:36:20.0;
14;29880;2019-04-11 15:36:24.0;
14;29884.5;2019-04-11 15:36:27.0;
14;29883;2019-04-11 15:36:34.0;
14;29879.5;2019-04-11 15:36:35.0;
14;29883;2019-04-11 15:36:37.0;
14;29880;2019-04-11 15:36:40.0;
14;29876;2019-04-11 15:36:44.0;
14;29879.5;2019-04-11 15:36:55.0;
14;29879;2019-04-11 15:37:00.0;
14;29879.5;2019-04-11 15:37:02.0;
14;29880;2019-04-11 15:37:11.0;
14;29877.5;2019-04-11 15:37:15.0;
14;29878;2019-04-11 15:37:21.0;
14;29880.5;2019-04-11 15:37:23.0;
14;29878.5;2019-04-11 15:37:31.0;
14;29883;2019-04-11 15:37:40.0;
14;29881.5;2019-04-11 15:37:45.0;
14;29883;2019-04-11 15:37:48.0;
14;29882.5;2019-04-11 15:38:05.0;
14;29883;2019-04-11 15:38:07.0;
14;29882.5;2019-04-11 15:38:08.0;
14;29883;2019-04-11 15:38:12.0;
14;29881.5;2019-04-11 15:38:18.0;
14;29882;2019-04-11 15:38:20.0;
14;29879;2019-04-11 15:38:25.0;
14;29878.5;2019-04-11 15:38:28.0;
14;29878;2019-04-11 15:38:30.0;
14;29878.5;2019-04-11 15:38:32.0;
14;29878;2019-04-11 15:38:33.0;
14;29877.5;2019-04-11 15:38:43.0;
14;29879;2019-04-11 15:38:44.0;
14;29877.5;2019-04-11 15:38:46.0;
14;29877;2019-04-11 15:38:47.0;
14;29873.5;2019-04-11 15:38:54.0;
14;29871.5;2019-04-11 15:38:56.0;
14;29873.5;2019-04-11 15:38:57.0;
14;29872;2019-04-11 15:38:58.0;
14;29874;2019-04-11 15:39:05.0;
14;29872;2019-04-11 15:39:17.0;
14;29868;2019-04-11 15:39:19.0;
14;29864;2019-04-11 15:39:31.0;
14;29866.5;2019-04-11 15:39:37.0;
14;29868;2019-04-11 15:39:40.0;
14;29865.5;2019-04-11 15:39:46.0;
14;29862;2019-04-11 15:40:03.0;
14;29860;2019-04-11 15:40:07.0;
14;29857.5;2019-04-11 15:40:12.0;
14;29859;2019-04-11 15:40:15.0;
14;29855.5;2019-04-11 15:40:22.0;
14;29854.5;2019-04-11 15:40:25.0;
14;29855.5;2019-04-11 15:40:27.0;
14;29857.5;2019-04-11 15:40:28.0;
14;29859;2019-04-11 15:40:31.0;
14;29861.5;2019-04-11 15:40:36.0;
14;29862.5;2019-04-11 15:40:45.0;
14;29866;2019-04-11 15:40:49.0;
14;29862.5;2019-04-11 15:40:51.0;
14;29866.5;2019-04-11 15:40:53.0;
14;29867;2019-04-11 15:40:59.0;
14;29867.5;2019-04-11 15:41:03.0;
14;29868;2019-04-11 15:41:08.0;
14;29869;2019-04-11 15:41:11.0;
14;29872.5;2019-04-11 15:41:18.0;
14;29876;2019-04-11 15:41:24.0;
14;29877;2019-04-11 15:41:26.0;
14;29875;2019-04-11 15:41:28.0;
14;29877;2019-04-11 15:41:30.0;
14;29875;2019-04-11 15:41:31.0;
14;29878;2019-04-11 15:41:36.0;
14;29875;2019-04-11 15:41:38.0;
14;29879;2019-04-11 15:41:39.0;
14;29876.5;2019-04-11 15:41:45.0;
14;29875.5;2019-04-11 15:42:04.0;
14;29873;2019-04-11 15:42:10.0;
14;29875.5;2019-04-11 15:42:12.0;
14;29876;2019-04-11 15:42:15.0;
14;29878;2019-04-11 15:42:19.0;
14;29876;2019-04-11 15:42:21.0;
14;29879;2019-04-11 15:42:27.0;
14;29876.5;2019-04-11 15:42:32.0;
14;29878.5;2019-04-11 15:42:36.0;
14;29877;2019-04-11 15:42:41.0;
14;29877.5;2019-04-11 15:42:44.0;
14;29880.5;2019-04-11 15:42:48.0;
14;29882;2019-04-11 15:42:52.0;
14;29880.5;2019-04-11 15:42:53.0;
14;29882;2019-04-11 15:42:55.0;
14;29880.5;2019-04-11 15:42:59.0;
14;29882;2019-04-11 15:43:01.0;
14;29880.5;2019-04-11 15:43:02.0;
14;29881;2019-04-11 15:43:04.0;
14;29883;2019-04-11 15:43:10.0;
14;29886.5;2019-04-11 15:43:12.0;
14;29883;2019-04-11 15:43:13.0;
14;29886.5;2019-04-11 15:43:15.0;
14;29886;2019-04-11 15:43:17.0;
14;29887.5;2019-04-11 15:43:20.0;
14;29886;2019-04-11 15:43:23.0;
14;29886.5;2019-04-11 15:43:29.0;
14;29887;2019-04-11 15:43:38.0;
14;29885.5;2019-04-11 15:43:43.0;
14;29887;2019-04-11 15:43:44.0;
14;29885.5;2019-04-11 15:43:45.0;
14;29887;2019-04-11 15:43:47.0;
14;29892;2019-04-11 15:44:07.0;
14;29890;2019-04-11 15:44:13.0;
14;29891.5;2019-04-11 15:44:17.0;
14;29890.5;2019-04-11 15:44:19.0;
14;29889.5;2019-04-11 15:44:24.0;
14;29890.5;2019-04-11 15:44:29.0;
14;29887.5;2019-04-11 15:44:31.0;
14;29886;2019-04-11 15:44:36.0;
14;29884.5;2019-04-11 15:44:39.0;
14;29886;2019-04-11 15:44:46.0;
14;29885.5;2019-04-11 15:44:47.0;
14;29886;2019-04-11 15:44:50.0;
14;29887.5;2019-04-11 15:44:52.0;
14;29887;2019-04-11 15:44:56.0;
14;29887.5;2019-04-11 15:44:58.0;
14;29887;2019-04-11 15:44:59.0;
14;29885;2019-04-11 15:45:06.0;
14;29889;2019-04-11 15:45:07.0;
14;29885;2019-04-11 15:45:08.0;
14;29889;2019-04-11 15:45:10.0;
14;29888;2019-04-11 15:45:12.0;
14;29883.5;2019-04-11 15:45:18.0;
14;29885;2019-04-11 15:45:23.0;
14;29879.5;2019-04-11 15:45:26.0;
14;29881.5;2019-04-11 15:45:31.0;
14;29882.5;2019-04-11 15:45:36.0;
14;29884;2019-04-11 15:45:39.0;
14;29878.5;2019-04-11 15:45:48.0;
14;29881.5;2019-04-11 15:46:08.0;
14;29881;2019-04-11 15:46:13.0;
14;29878;2019-04-11 15:46:16.0;
14;29881.5;2019-04-11 15:46:19.0;
14;29882.5;2019-04-11 15:46:23.0;
14;29881.5;2019-04-11 15:46:30.0;
14;29883;2019-04-11 15:46:33.0;
14;29884;2019-04-11 15:46:35.0;
14;29882.5;2019-04-11 15:46:40.0;
14;29881;2019-04-11 15:46:47.0;
14;29885;2019-04-11 15:46:52.0;
14;29884;2019-04-11 15:46:57.0;
14;29887;2019-04-11 15:47:00.0;
14;29887.5;2019-04-11 15:47:03.0;
14;29886;2019-04-11 15:47:12.0;
14;29885.5;2019-04-11 15:47:17.0;
14;29886;2019-04-11 15:47:19.0;
14;29883;2019-04-11 15:47:24.0;
14;29883.5;2019-04-11 15:47:29.0;
14;29882.5;2019-04-11 15:47:30.0;
14;29881.5;2019-04-11 15:47:35.0;
14;29882;2019-04-11 15:47:38.0;
14;29881;2019-04-11 15:47:43.0;
14;29883;2019-04-11 15:47:48.0;
14;29887;2019-04-11 15:48:04.0;
14;29891.5;2019-04-11 15:48:09.0;
14;29893.5;2019-04-11 15:48:13.0;
14;29894;2019-04-11 15:48:17.0;
14;29895.5;2019-04-11 15:48:24.0;
14;29898;2019-04-11 15:48:29.0;
14;29902;2019-04-11 15:48:35.0;
14;29899.5;2019-04-11 15:48:40.0;
14;29902;2019-04-11 15:48:41.0;
14;29899.5;2019-04-11 15:48:43.0;
14;29898;2019-04-11 15:48:46.0;
14;29897;2019-04-11 15:48:48.0;
14;29898;2019-04-11 15:48:53.0;
14;29897;2019-04-11 15:49:09.0;
14;29896.5;2019-04-11 15:49:20.0;
14;29897;2019-04-11 15:49:23.0;
14;29899;2019-04-11 15:49:27.0;
14;29901.5;2019-04-11 15:49:31.0;
14;29900;2019-04-11 15:49:36.0;
14;29900.5;2019-04-11 15:49:43.0;
14;29899.5;2019-04-11 15:49:48.0;
14;29900.5;2019-04-11 15:49:50.0;
14;29899.5;2019-04-11 15:49:51.0;
14;29900;2019-04-11 15:50:05.0;
14;29902;2019-04-11 15:50:12.0;
14;29900;2019-04-11 15:50:15.0;
14;29903.5;2019-04-11 15:50:17.0;
14;29903;2019-04-11 15:50:21.0;
14;29900.5;2019-04-11 15:50:23.0;
14;29902;2019-04-11 15:50:26.0;
14;29900.5;2019-04-11 15:50:28.0;
14;29902;2019-04-11 15:50:29.0;
14;29904.5;2019-04-11 15:50:33.0;
14;29906;2019-04-11 15:50:36.0;
14;29907;2019-04-11 15:50:42.0;
14;29906;2019-04-11 15:50:45.0;
14;29905.5;2019-04-11 15:50:47.0;
14;29906;2019-04-11 15:50:48.0;
14;29905.5;2019-04-11 15:50:50.0;
14;29906;2019-04-11 15:50:51.0;
14;29904;2019-04-11 15:50:56.0;
14;29903.5;2019-04-11 15:50:59.0;
14;29904;2019-04-11 15:51:02.0;
14;29903.5;2019-04-11 15:51:04.0;
14;29902.5;2019-04-11 15:51:09.0;
14;29900;2019-04-11 15:51:13.0;
14;29902.5;2019-04-11 15:51:15.0;
14;29900;2019-04-11 15:51:16.0;
14;29896.5;2019-04-11 15:51:21.0;
14;29897;2019-04-11 15:51:22.0;
14;29899.5;2019-04-11 15:51:28.0;
14;29897;2019-04-11 15:51:29.0;
14;29899.5;2019-04-11 15:51:31.0;
14;29896.5;2019-04-11 15:51:33.0;
14;29898;2019-04-11 15:51:37.0;
14;29896.5;2019-04-11 15:51:38.0;
14;29898;2019-04-11 15:51:39.0;
14;29897.5;2019-04-11 15:51:41.0;
14;29895.5;2019-04-11 15:51:42.0;
14;29897.5;2019-04-11 15:51:44.0;
14;29895.5;2019-04-11 15:51:46.0;
14;29894;2019-04-11 15:51:48.0;
14;29892.5;2019-04-11 15:52:04.0;
14;29894;2019-04-11 15:52:08.0;
14;29891.5;2019-04-11 15:52:13.0;
14;29894;2019-04-11 15:52:14.0;
14;29889;2019-04-11 15:52:15.0;
14;29893.5;2019-04-11 15:52:22.0;
14;29894;2019-04-11 15:52:23.0;
14;29893.5;2019-04-11 15:52:25.0;
14;29895;2019-04-11 15:52:28.0;
14;29891.5;2019-04-11 15:52:39.0;
14;29892;2019-04-11 15:52:45.0;
14;29890.5;2019-04-11 15:52:47.0;
14;29892;2019-04-11 15:52:49.0;
14;29890.5;2019-04-11 15:52:50.0;
14;29891;2019-04-11 15:52:52.0;
14;29886.5;2019-04-11 15:53:00.0;
14;29885;2019-04-11 15:53:05.0;
14;29886;2019-04-11 15:53:08.0;
14;29887;2019-04-11 15:53:13.0;
14;29888;2019-04-11 15:53:15.0;
14;29887;2019-04-11 15:53:16.0;
14;29888;2019-04-11 15:53:18.0;
14;29889;2019-04-11 15:53:20.0;
14;29888;2019-04-11 15:53:21.0;
14;29887;2019-04-11 15:53:33.0;
14;29888;2019-04-11 15:53:36.0;
14;29886;2019-04-11 15:53:39.0;
14;29888;2019-04-11 15:53:42.0;
14;29887;2019-04-11 15:53:44.0;
14;29888;2019-04-11 15:53:49.0;
14;29887.5;2019-04-11 15:54:05.0;
14;29884.5;2019-04-11 15:54:09.0;
14;29884;2019-04-11 15:54:12.0;
14;29881;2019-04-11 15:54:17.0;
14;29878;2019-04-11 15:54:23.0;
14;29880.5;2019-04-11 15:54:27.0;
14;29878;2019-04-11 15:54:30.0;
14;29880;2019-04-11 15:54:31.0;
14;29877.5;2019-04-11 15:54:36.0;
14;29877;2019-04-11 15:54:41.0;
14;29875;2019-04-11 15:54:49.0;
14;29874;2019-04-11 15:54:52.0;
14;29877.5;2019-04-11 15:54:56.0;
14;29874;2019-04-11 15:54:57.0;
14;29877;2019-04-11 15:54:59.0;
14;29874.5;2019-04-11 15:55:05.0;
14;29870.5;2019-04-11 15:55:06.0;
14;29874.5;2019-04-11 15:55:08.0;
14;29870.5;2019-04-11 15:55:09.0;
14;29872.5;2019-04-11 15:55:11.0;
14;29872;2019-04-11 15:55:21.0;
14;29877;2019-04-11 15:55:27.0;
14;29875.5;2019-04-11 15:55:38.0;
14;29877.5;2019-04-11 15:55:40.0;
14;29875.5;2019-04-11 15:55:42.0;
14;29877.5;2019-04-11 15:55:44.0;
14;29876.5;2019-04-11 15:55:45.0;
14;29875.5;2019-04-11 15:55:51.0;
14;29877.5;2019-04-11 15:56:03.0;
14;29878.5;2019-04-11 15:56:07.0;
14;29879.5;2019-04-11 15:56:12.0;
14;29878;2019-04-11 15:56:16.0;
14;29877;2019-04-11 15:56:22.0;
14;29878;2019-04-11 15:56:23.0;
14;29877;2019-04-11 15:56:24.0;
14;29879;2019-04-11 15:56:28.0;
14;29877.5;2019-04-11 15:56:32.0;
14;29877;2019-04-11 15:56:37.0;
14;29879;2019-04-11 15:56:41.0;
14;29880;2019-04-11 15:56:42.0;
14;29879;2019-04-11 15:56:43.0;
14;29880;2019-04-11 15:56:45.0;
14;29880.5;2019-04-11 15:56:50.0;
14;29881;2019-04-11 15:56:54.0;
14;29881.5;2019-04-11 15:57:01.0;
14;29884.5;2019-04-11 15:57:02.0;
14;29885;2019-04-11 15:57:08.0;
14;29884.5;2019-04-11 15:57:09.0;
14;29885.5;2019-04-11 15:57:10.0;
14;29883;2019-04-11 15:57:15.0;
14;29883.5;2019-04-11 15:57:18.0;
14;29881.5;2019-04-11 15:57:25.0;
14;29880.5;2019-04-11 15:57:28.0;
14;29878;2019-04-11 15:57:30.0;
14;29879.5;2019-04-11 15:57:37.0;
14;29880;2019-04-11 15:57:42.0;
14;29879.5;2019-04-11 15:57:49.0;
14;29883.5;2019-04-11 15:58:06.0;
14;29884;2019-04-11 15:58:11.0;
14;29881.5;2019-04-11 15:58:16.0;
14;29883;2019-04-11 15:58:22.0;
14;29881;2019-04-11 15:58:24.0;
14;29883;2019-04-11 15:58:25.0;
14;29881;2019-04-11 15:58:27.0;
14;29884;2019-04-11 15:58:28.0;
14;29881.5;2019-04-11 15:58:31.0;
14;29882;2019-04-11 15:58:36.0;
14;29881;2019-04-11 15:58:41.0;
14;29879.5;2019-04-11 15:58:50.0;
14;29880;2019-04-11 15:58:52.0;
14;29879.5;2019-04-11 15:58:53.0;
14;29880;2019-04-11 15:58:56.0;
14;29879.5;2019-04-11 15:58:57.0;
14;29873.5;2019-04-11 15:59:02.0;
14;29874;2019-04-11 15:59:03.0;
14;29878.5;2019-04-11 15:59:08.0;
14;29877.5;2019-04-11 15:59:13.0;
14;29876.5;2019-04-11 15:59:17.0;
14;29876;2019-04-11 15:59:20.0;
14;29875.5;2019-04-11 15:59:23.0;
14;29873.5;2019-04-11 15:59:27.0;
14;29873;2019-04-11 15:59:33.0;
14;29872;2019-04-11 15:59:37.0;
14;29870;2019-04-11 15:59:39.0;
14;29872;2019-04-11 15:59:43.0;
14;29870;2019-04-11 15:59:45.0;
14;29872;2019-04-11 15:59:46.0;
14;29871.5;2019-04-11 15:59:52.0;
14;29882;2019-04-11 16:00:04.0;
14;29884.5;2019-04-11 16:00:09.0;
14;29877;2019-04-11 16:00:17.0;
14;29875;2019-04-11 16:00:23.0;
14;29876.5;2019-04-11 16:00:29.0;
14;29877.5;2019-04-11 16:00:34.0;
14;29877;2019-04-11 16:00:41.0;
14;29875.5;2019-04-11 16:00:44.0;
14;29877;2019-04-11 16:00:50.0;
14;29878;2019-04-11 16:00:52.0;
14;29876.5;2019-04-11 16:00:59.0;
14;29875.5;2019-04-11 16:01:05.0;
14;29874;2019-04-11 16:01:08.0;
14;29875;2019-04-11 16:01:13.0;
14;29874.5;2019-04-11 16:01:17.0;
14;29871.5;2019-04-11 16:01:21.0;
14;29874.5;2019-04-11 16:01:23.0;
14;29870;2019-04-11 16:01:25.0;
14;29869;2019-04-11 16:01:29.0;
14;29870;2019-04-11 16:01:33.0;
14;29868;2019-04-11 16:01:37.0;
14;29871;2019-04-11 16:01:50.0;
14;29871.5;2019-04-11 16:02:05.0;
14;29872;2019-04-11 16:02:06.0;
14;29871.5;2019-04-11 16:02:12.0;
14;29872;2019-04-11 16:02:13.0;
14;29871.5;2019-04-11 16:02:15.0;
14;29873.5;2019-04-11 16:02:16.0;
14;29872.5;2019-04-11 16:02:21.0;
14;29873.5;2019-04-11 16:02:24.0;
14;29872.5;2019-04-11 16:02:25.0;
14;29873.5;2019-04-11 16:02:27.0;
14;29873;2019-04-11 16:02:29.0;
14;29871.5;2019-04-11 16:02:36.0;
14;29873;2019-04-11 16:02:39.0;
14;29876.5;2019-04-11 16:02:47.0;
14;29876;2019-04-11 16:02:50.0;
14;29877.5;2019-04-11 16:02:56.0;
14;29878;2019-04-11 16:03:02.0;
14;29878.5;2019-04-11 16:03:03.0;
14;29878;2019-04-11 16:03:04.0;
14;29878.5;2019-04-11 16:03:06.0;
14;29880;2019-04-11 16:03:11.0;
14;29881.5;2019-04-11 16:03:19.0;
14;29884;2019-04-11 16:03:24.0;
14;29883.5;2019-04-11 16:03:27.0;
14;29884;2019-04-11 16:03:28.0;
14;29883.5;2019-04-11 16:03:30.0;
14;29882;2019-04-11 16:03:32.0;
14;29881;2019-04-11 16:03:35.0;
14;29882.5;2019-04-11 16:03:40.0;
14;29884;2019-04-11 16:03:43.0;
14;29882.5;2019-04-11 16:03:45.0;
14;29884;2019-04-11 16:03:46.0;
14;29885;2019-04-11 16:04:07.0;
14;29884;2019-04-11 16:04:15.0;
14;29886;2019-04-11 16:04:21.0;
14;29884.5;2019-04-11 16:04:25.0;
14;29884;2019-04-11 16:04:29.0;
14;29885;2019-04-11 16:04:34.0;
14;29886.5;2019-04-11 16:04:35.0;
14;29886;2019-04-11 16:04:41.0;
14;29883.5;2019-04-11 16:04:45.0;
14;29881.5;2019-04-11 16:04:48.0;
14;29883.5;2019-04-11 16:04:50.0;
14;29882.5;2019-04-11 16:04:51.0;
14;29885;2019-04-11 16:04:59.0;
14;29886;2019-04-11 16:05:04.0;
14;29887;2019-04-11 16:05:08.0;
14;29887.5;2019-04-11 16:05:12.0;
14;29887;2019-04-11 16:05:13.0;
14;29887.5;2019-04-11 16:05:25.0;
14;29886.5;2019-04-11 16:05:26.0;
14;29887.5;2019-04-11 16:05:28.0;
14;29886.5;2019-04-11 16:05:29.0;
14;29887;2019-04-11 16:05:32.0;
14;29885;2019-04-11 16:05:39.0;
14;29883;2019-04-11 16:05:44.0;
14;29880;2019-04-11 16:06:04.0;
14;29877;2019-04-11 16:06:07.0;
14;29875;2019-04-11 16:06:12.0;
14;29874;2019-04-11 16:06:19.0;
14;29875.5;2019-04-11 16:06:24.0;
14;29876.5;2019-04-11 16:06:31.0;
14;29875;2019-04-11 16:06:35.0;
14;29874;2019-04-11 16:06:41.0;
14;29875.5;2019-04-11 16:06:43.0;
14;29874;2019-04-11 16:06:44.0;
14;29875.5;2019-04-11 16:06:46.0;
14;29875;2019-04-11 16:06:47.0;
14;29876;2019-04-11 16:06:53.0;
14;29876.5;2019-04-11 16:06:55.0;
14;29877.5;2019-04-11 16:06:59.0;
14;29879.5;2019-04-11 16:07:05.0;
14;29881.5;2019-04-11 16:07:08.0;
14;29879.5;2019-04-11 16:07:11.0;
14;29879;2019-04-11 16:07:15.0;
14;29877;2019-04-11 16:07:20.0;
14;29878;2019-04-11 16:07:31.0;
14;29879;2019-04-11 16:07:36.0;
14;29875;2019-04-11 16:07:40.0;
14;29874.5;2019-04-11 16:07:44.0;
14;29872.5;2019-04-11 16:07:51.0;
14;29872;2019-04-11 16:08:05.0;
14;29873.5;2019-04-11 16:08:08.0;
14;29872;2019-04-11 16:08:09.0;
14;29874.5;2019-04-11 16:08:11.0;
14;29872.5;2019-04-11 16:08:17.0;
14;29873;2019-04-11 16:08:20.0;
14;29873.5;2019-04-11 16:08:23.0;
14;29877;2019-04-11 16:08:40.0;
14;29876.5;2019-04-11 16:08:47.0;
14;29876;2019-04-11 16:08:50.0;
14;29877;2019-04-11 16:08:52.0;
14;29876;2019-04-11 16:08:53.0;
14;29879;2019-04-11 16:08:59.0;
14;29877;2019-04-11 16:09:03.0;
14;29875.5;2019-04-11 16:09:09.0;
14;29876.5;2019-04-11 16:09:18.0;
14;29875.5;2019-04-11 16:09:21.0;
14;29877.5;2019-04-11 16:09:22.0;
14;29875.5;2019-04-11 16:09:34.0;
14;29874.5;2019-04-11 16:09:36.0;
14;29873.5;2019-04-11 16:09:42.0;
14;29875;2019-04-11 16:09:49.0;
14;29874.5;2019-04-11 16:10:07.0;
14;29876;2019-04-11 16:10:13.0;
14;29878.5;2019-04-11 16:10:21.0;
14;29881.5;2019-04-11 16:10:27.0;
14;29883;2019-04-11 16:10:33.0;
14;29882;2019-04-11 16:10:35.0;
14;29883;2019-04-11 16:10:36.0;
14;29882;2019-04-11 16:10:38.0;
14;29879.5;2019-04-11 16:10:40.0;
14;29882;2019-04-11 16:10:41.0;
14;29879.5;2019-04-11 16:10:43.0;
14;29879;2019-04-11 16:10:45.0;
14;29878;2019-04-11 16:10:57.0;
14;29874.5;2019-04-11 16:10:59.0;
14;29878;2019-04-11 16:11:00.0;
14;29874.5;2019-04-11 16:11:02.0;
14;29873.5;2019-04-11 16:11:04.0;
14;29874.5;2019-04-11 16:11:07.0;
14;29873.5;2019-04-11 16:11:12.0;
14;29873;2019-04-11 16:11:15.0;
14;29872.5;2019-04-11 16:11:22.0;
14;29873;2019-04-11 16:11:25.0;
14;29872.5;2019-04-11 16:11:27.0;
14;29873;2019-04-11 16:11:28.0;
14;29872;2019-04-11 16:11:30.0;
14;29873.5;2019-04-11 16:11:31.0;
14;29872;2019-04-11 16:11:32.0;
14;29873.5;2019-04-11 16:11:34.0;
14;29872.5;2019-04-11 16:11:35.0;
14;29873.5;2019-04-11 16:11:41.0;
14;29874;2019-04-11 16:11:43.0;
14;29873.5;2019-04-11 16:11:45.0;
14;29874;2019-04-11 16:11:46.0;
14;29872.5;2019-04-11 16:11:48.0;
14;29874;2019-04-11 16:11:49.0;
14;29872.5;2019-04-11 16:11:52.0;
14;29873;2019-04-11 16:12:05.0;
14;29872.5;2019-04-11 16:12:07.0;
14;29873;2019-04-11 16:12:08.0;
14;29871;2019-04-11 16:12:09.0;
14;29871.5;2019-04-11 16:12:11.0;
14;29871;2019-04-11 16:12:13.0;
14;29871.5;2019-04-11 16:12:14.0;
14;29870;2019-04-11 16:12:16.0;
14;29871.5;2019-04-11 16:12:18.0;
14;29870.5;2019-04-11 16:12:19.0;
14;29870;2019-04-11 16:12:31.0;
14;29867.5;2019-04-11 16:12:32.0;
14;29871;2019-04-11 16:12:35.0;
14;29869;2019-04-11 16:12:42.0;
14;29868.5;2019-04-11 16:12:45.0;
14;29865.5;2019-04-11 16:12:48.0;
14;29866;2019-04-11 16:12:52.0;
14;29871;2019-04-11 16:12:59.0;
14;29872;2019-04-11 16:13:04.0;
14;29873.5;2019-04-11 16:13:07.0;
14;29876;2019-04-11 16:13:10.0;
14;29877;2019-04-11 16:13:17.0;
14;29876;2019-04-11 16:13:18.0;
14;29877;2019-04-11 16:13:25.0;
14;29875.5;2019-04-11 16:13:27.0;
14;29877;2019-04-11 16:13:28.0;
14;29875.5;2019-04-11 16:13:30.0;
14;29876;2019-04-11 16:13:33.0;
14;29879;2019-04-11 16:13:39.0;
14;29880;2019-04-11 16:13:48.0;
14;29877.5;2019-04-11 16:14:05.0;
14;29876;2019-04-11 16:14:06.0;
14;29877.5;2019-04-11 16:14:08.0;
14;29875.5;2019-04-11 16:14:11.0;
14;29878;2019-04-11 16:14:14.0;
14;29879.5;2019-04-11 16:14:22.0;
14;29880;2019-04-11 16:14:27.0;
14;29879.5;2019-04-11 16:14:32.0;
14;29880;2019-04-11 16:14:35.0;
14;29881;2019-04-11 16:14:40.0;
14;29881.5;2019-04-11 16:14:45.0;
14;29882;2019-04-11 16:14:46.0;
14;29879.5;2019-04-11 16:14:51.0;
14;29882;2019-04-11 16:14:56.0;
14;29879.5;2019-04-11 16:14:57.0;
14;29881;2019-04-11 16:14:58.0;
14;29882;2019-04-11 16:15:00.0;
14;29881;2019-04-11 16:15:01.0;
14;29885;2019-04-11 16:15:03.0;
14;29881;2019-04-11 16:15:04.0;
14;29885;2019-04-11 16:15:08.0;
14;29883.5;2019-04-11 16:15:09.0;
14;29886.5;2019-04-11 16:15:11.0;
14;29883.5;2019-04-11 16:15:12.0;
14;29890;2019-04-11 16:15:13.0;
14;29892.5;2019-04-11 16:15:19.0;
14;29890.5;2019-04-11 16:15:22.0;
14;29887.5;2019-04-11 16:15:27.0;
14;29888.5;2019-04-11 16:15:30.0;
14;29889;2019-04-11 16:15:34.0;
14;29886.5;2019-04-11 16:15:40.0;
14;29887.5;2019-04-11 16:15:45.0;
14;29889;2019-04-11 16:15:49.0;
14;29891.5;2019-04-11 16:16:06.0;
14;29892;2019-04-11 16:16:08.0;
14;29891.5;2019-04-11 16:16:12.0;
14;29893.5;2019-04-11 16:16:15.0;
14;29892;2019-04-11 16:16:20.0;
14;29893.5;2019-04-11 16:16:21.0;
14;29892;2019-04-11 16:16:23.0;
14;29893;2019-04-11 16:16:25.0;
14;29892;2019-04-11 16:16:27.0;
14;29890;2019-04-11 16:16:32.0;
14;29893;2019-04-11 16:16:40.0;
14;29892.5;2019-04-11 16:16:45.0;
14;29893;2019-04-11 16:16:51.0;
14;29894;2019-04-11 16:16:58.0;
14;29893;2019-04-11 16:17:00.0;
14;29894;2019-04-11 16:17:01.0;
14;29893;2019-04-11 16:17:03.0;
14;29891.5;2019-04-11 16:17:13.0;
14;29892;2019-04-11 16:17:15.0;
14;29891.5;2019-04-11 16:17:16.0;
14;29892;2019-04-11 16:17:17.0;
14;29893.5;2019-04-11 16:17:19.0;
14;29899;2019-04-11 16:17:27.0;
14;29899.5;2019-04-11 16:17:33.0;
14;29897.5;2019-04-11 16:17:35.0;
14;29896.5;2019-04-11 16:17:43.0;
14;29898;2019-04-11 16:17:44.0;
14;29900;2019-04-11 16:17:47.0;
14;29903;2019-04-11 16:18:06.0;
14;29903.5;2019-04-11 16:18:09.0;
14;29901.5;2019-04-11 16:18:13.0;
14;29902;2019-04-11 16:18:16.0;
14;29902.5;2019-04-11 16:18:22.0;
14;29902;2019-04-11 16:18:25.0;
14;29902.5;2019-04-11 16:18:28.0;
14;29902;2019-04-11 16:18:36.0;
14;29901;2019-04-11 16:18:43.0;
14;29902;2019-04-11 16:18:46.0;
14;29901;2019-04-11 16:18:48.0;
14;29899;2019-04-11 16:18:49.0;
14;29898;2019-04-11 16:18:51.0;
14;29898.5;2019-04-11 16:18:55.0;
14;29899;2019-04-11 16:19:01.0;
14;29897;2019-04-11 16:19:04.0;
14;29899;2019-04-11 16:19:05.0;
14;29897;2019-04-11 16:19:07.0;
14;29896;2019-04-11 16:19:08.0;
14;29898;2019-04-11 16:19:11.0;
14;29896;2019-04-11 16:19:12.0;
14;29897.5;2019-04-11 16:19:15.0;
14;29899;2019-04-11 16:19:19.0;
14;29897.5;2019-04-11 16:19:24.0;
14;29895.5;2019-04-11 16:19:29.0;
14;29897.5;2019-04-11 16:19:30.0;
14;29895.5;2019-04-11 16:19:33.0;
14;29897.5;2019-04-11 16:19:34.0;
14;29897;2019-04-11 16:19:37.0;
14;29894;2019-04-11 16:19:44.0;
14;29895;2019-04-11 16:19:49.0;
14;29895.5;2019-04-11 16:20:08.0;
14;29895;2019-04-11 16:20:12.0;
14;29897;2019-04-11 16:20:16.0;
14;29895;2019-04-11 16:20:17.0;
14;29897.5;2019-04-11 16:20:19.0;
14;29896.5;2019-04-11 16:20:25.0;
14;29896;2019-04-11 16:20:27.0;
14;29894;2019-04-11 16:20:30.0;
14;29895.5;2019-04-11 16:20:35.0;
14;29897;2019-04-11 16:20:41.0;
14;29896;2019-04-11 16:20:43.0;
14;29895.5;2019-04-11 16:20:48.0;
14;29896.5;2019-04-11 16:20:51.0;
14;29895.5;2019-04-11 16:20:52.0;
14;29894.5;2019-04-11 16:21:02.0;
14;29895.5;2019-04-11 16:21:03.0;
14;29894.5;2019-04-11 16:21:05.0;
14;29896.5;2019-04-11 16:21:07.0;
14;29897;2019-04-11 16:21:10.0;
14;29897.5;2019-04-11 16:21:14.0;
14;29897;2019-04-11 16:21:16.0;
14;29897.5;2019-04-11 16:21:17.0;
14;29898;2019-04-11 16:21:19.0;
14;29898.5;2019-04-11 16:21:22.0;
14;29898;2019-04-11 16:21:25.0;
14;29897.5;2019-04-11 16:21:31.0;
14;29898;2019-04-11 16:21:39.0;
14;29897.5;2019-04-11 16:21:41.0;
14;29898;2019-04-11 16:21:43.0;
14;29898.5;2019-04-11 16:21:46.0;
14;29902;2019-04-11 16:22:05.0;
14;29902.5;2019-04-11 16:22:08.0;
14;29902;2019-04-11 16:22:09.0;
14;29901.5;2019-04-11 16:22:11.0;
14;29902.5;2019-04-11 16:22:13.0;
14;29901.5;2019-04-11 16:22:14.0;
14;29903.5;2019-04-11 16:22:17.0;
14;29903;2019-04-11 16:22:19.0;
14;29904.5;2019-04-11 16:22:30.0;
14;29901;2019-04-11 16:22:31.0;
14;29904.5;2019-04-11 16:22:33.0;
14;29901;2019-04-11 16:22:34.0;
14;29902.5;2019-04-11 16:22:37.0;
14;29902;2019-04-11 16:22:40.0;
14;29902.5;2019-04-11 16:22:43.0;
14;29903;2019-04-11 16:22:46.0;
14;29902.5;2019-04-11 16:22:54.0;
14;29903;2019-04-11 16:22:55.0;
14;29902.5;2019-04-11 16:22:56.0;
14;29903;2019-04-11 16:22:58.0;
14;29903.5;2019-04-11 16:23:01.0;
14;29905.5;2019-04-11 16:23:06.0;
14;29905;2019-04-11 16:23:13.0;
14;29901.5;2019-04-11 16:23:15.0;
14;29900;2019-04-11 16:23:22.0;
14;29898.5;2019-04-11 16:23:24.0;
14;29899.5;2019-04-11 16:23:29.0;
14;29900.5;2019-04-11 16:23:32.0;
14;29901;2019-04-11 16:23:37.0;
14;29901.5;2019-04-11 16:23:38.0;
14;29901;2019-04-11 16:23:39.0;
14;29901.5;2019-04-11 16:23:41.0;
14;29901;2019-04-11 16:23:44.0;
14;29900.5;2019-04-11 16:23:48.0;
14;29901;2019-04-11 16:23:52.0;
14;29900.5;2019-04-11 16:23:53.0;
14;29899;2019-04-11 16:24:02.0;
14;29900.5;2019-04-11 16:24:04.0;
14;29899;2019-04-11 16:24:05.0;
14;29898.5;2019-04-11 16:24:11.0;
14;29899;2019-04-11 16:24:12.0;
14;29898.5;2019-04-11 16:24:15.0;
14;29899;2019-04-11 16:24:17.0;
14;29899.5;2019-04-11 16:24:18.0;
14;29900.5;2019-04-11 16:24:30.0;
14;29899.5;2019-04-11 16:24:33.0;
14;29904.5;2019-04-11 16:24:36.0;
14;29907.5;2019-04-11 16:24:39.0;
14;29904.5;2019-04-11 16:24:41.0;
14;29907.5;2019-04-11 16:24:42.0;
14;29905;2019-04-11 16:24:45.0;
14;29909;2019-04-11 16:24:47.0;
14;29909.5;2019-04-11 16:24:57.0;
14;29908;2019-04-11 16:24:58.0;
14;29907.5;2019-04-11 16:25:04.0;
14;29908.5;2019-04-11 16:25:10.0;
14;29908;2019-04-11 16:25:16.0;
14;29907;2019-04-11 16:25:19.0;
14;29908;2019-04-11 16:25:24.0;
14;29907;2019-04-11 16:25:26.0;
14;29905;2019-04-11 16:25:27.0;
14;29908;2019-04-11 16:25:28.0;
14;29905;2019-04-11 16:25:30.0;
14;29901.5;2019-04-11 16:25:35.0;
14;29903;2019-04-11 16:25:40.0;
14;29901;2019-04-11 16:25:49.0;
14;29901.5;2019-04-11 16:26:06.0;
14;29902;2019-04-11 16:26:10.0;
14;29900.5;2019-04-11 16:26:26.0;
14;29901;2019-04-11 16:26:28.0;
14;29900.5;2019-04-11 16:26:30.0;
14;29901;2019-04-11 16:26:36.0;
14;29902;2019-04-11 16:26:41.0;
14;29901;2019-04-11 16:26:43.0;
14;29900.5;2019-04-11 16:26:47.0;
14;29899;2019-04-11 16:26:54.0;
14;29898;2019-04-11 16:26:56.0;
14;29899;2019-04-11 16:27:04.0;
14;29902;2019-04-11 16:27:06.0;
14;29898.5;2019-04-11 16:27:11.0;
14;29899.5;2019-04-11 16:27:17.0;
14;29900.5;2019-04-11 16:27:22.0;
14;29901.5;2019-04-11 16:27:23.0;
14;29904;2019-04-11 16:27:28.0;
14;29905.5;2019-04-11 16:27:34.0;
14;29905;2019-04-11 16:27:42.0;
14;29902.5;2019-04-11 16:27:45.0;
14;29901.5;2019-04-11 16:27:47.0;
14;29902.5;2019-04-11 16:27:48.0;
14;29901.5;2019-04-11 16:27:51.0;
14;29900;2019-04-11 16:28:03.0;
14;29901.5;2019-04-11 16:28:05.0;
14;29900;2019-04-11 16:28:07.0;
14;29903;2019-04-11 16:28:09.0;
14;29902.5;2019-04-11 16:28:12.0;
14;29901.5;2019-04-11 16:28:19.0;
14;29900.5;2019-04-11 16:28:26.0;
14;29902;2019-04-11 16:28:29.0;
14;29899.5;2019-04-11 16:28:38.0;
14;29901.5;2019-04-11 16:28:43.0;
14;29902.5;2019-04-11 16:28:57.0;
14;29901.5;2019-04-11 16:29:03.0;
14;29902.5;2019-04-11 16:29:05.0;
14;29901.5;2019-04-11 16:29:06.0;
14;29902;2019-04-11 16:29:08.0;
14;29900.5;2019-04-11 16:29:11.0;
14;29901;2019-04-11 16:29:17.0;
14;29900.5;2019-04-11 16:29:18.0;
14;29901;2019-04-11 16:29:19.0;
14;29904.5;2019-04-11 16:29:22.0;
14;29902;2019-04-11 16:29:24.0;
14;29904.5;2019-04-11 16:29:26.0;
14;29905.5;2019-04-11 16:29:27.0;
14;29904.5;2019-04-11 16:29:30.0;
14;29906.5;2019-04-11 16:29:32.0;
14;29906;2019-04-11 16:29:37.0;
14;29906.5;2019-04-11 16:29:39.0;
14;29904;2019-04-11 16:29:40.0;
14;29906;2019-04-11 16:29:42.0;
14;29904;2019-04-11 16:29:43.0;
14;29903.5;2019-04-11 16:29:45.0;
14;29905.5;2019-04-11 16:29:48.0;
14;29904;2019-04-11 16:30:06.0;
14;29904.5;2019-04-11 16:30:10.0;
14;29905;2019-04-11 16:30:14.0;
14;29903.5;2019-04-11 16:30:16.0;
14;29905;2019-04-11 16:30:19.0;
14;29903.5;2019-04-11 16:30:21.0;
14;29905;2019-04-11 16:30:22.0;
14;29901;2019-04-11 16:30:24.0;
14;29898.5;2019-04-11 16:30:29.0;
14;29901.5;2019-04-11 16:30:36.0;
14;29898.5;2019-04-11 16:30:37.0;
14;29901.5;2019-04-11 16:30:39.0;
14;29900.5;2019-04-11 16:30:45.0;
14;29901.5;2019-04-11 16:30:46.0;
14;29901;2019-04-11 16:30:48.0;
14;29899.5;2019-04-11 16:30:51.0;
14;29900;2019-04-11 16:31:06.0;
14;29899.5;2019-04-11 16:31:09.0;
14;29900;2019-04-11 16:31:10.0;
14;29898.5;2019-04-11 16:31:11.0;
14;29894;2019-04-11 16:31:17.0;
14;29895;2019-04-11 16:31:24.0;
14;29894;2019-04-11 16:31:31.0;
14;29893.5;2019-04-11 16:31:39.0;
14;29900;2019-04-11 16:31:47.0;
14;29901.5;2019-04-11 16:32:03.0;
14;29906;2019-04-11 16:32:07.0;
14;29906.5;2019-04-11 16:32:10.0;
14;29905.5;2019-04-11 16:32:16.0;
14;29903.5;2019-04-11 16:32:22.0;
14;29904;2019-04-11 16:32:23.0;
14;29903.5;2019-04-11 16:32:25.0;
14;29904;2019-04-11 16:32:26.0;
14;29905;2019-04-11 16:32:28.0;
14;29904.5;2019-04-11 16:32:32.0;
14;29903.5;2019-04-11 16:32:37.0;
14;29905;2019-04-11 16:32:44.0;
14;29902.5;2019-04-11 16:32:50.0;
14;29901;2019-04-11 16:32:52.0;
14;29900.5;2019-04-11 16:32:56.0;
14;29901;2019-04-11 16:32:59.0;
14;29900.5;2019-04-11 16:33:07.0;
14;29899;2019-04-11 16:33:13.0;
14;29900.5;2019-04-11 16:33:17.0;
14;29899;2019-04-11 16:33:19.0;
14;29901;2019-04-11 16:33:20.0;
14;29899.5;2019-04-11 16:33:23.0;
14;29896;2019-04-11 16:33:32.0;
14;29897;2019-04-11 16:33:38.0;
14;29895.5;2019-04-11 16:33:43.0;
14;29894;2019-04-11 16:33:49.0;
14;29895;2019-04-11 16:34:04.0;
14;29894;2019-04-11 16:34:07.0;
14;29893;2019-04-11 16:34:13.0;
14;29893.5;2019-04-11 16:34:16.0;
14;29891.5;2019-04-11 16:34:19.0;
14;29886.5;2019-04-11 16:34:23.0;
14;29887.5;2019-04-11 16:34:28.0;
14;29889.5;2019-04-11 16:34:31.0;
14;29890;2019-04-11 16:34:37.0;
14;29890.5;2019-04-11 16:34:41.0;
14;29891;2019-04-11 16:34:44.0;
14;29891.5;2019-04-11 16:34:49.0;
14;29893;2019-04-11 16:34:51.0;
14;29892.5;2019-04-11 16:34:55.0;
14;29893.5;2019-04-11 16:35:01.0;
14;29893;2019-04-11 16:35:04.0;
14;29894;2019-04-11 16:35:07.0;
14;29893;2019-04-11 16:35:11.0;
14;29894;2019-04-11 16:35:12.0;
14;29893;2019-04-11 16:35:13.0;
14;29893.5;2019-04-11 16:35:18.0;
14;29894;2019-04-11 16:35:19.0;
14;29896;2019-04-11 16:35:24.0;
14;29898;2019-04-11 16:35:27.0;
14;29898.5;2019-04-11 16:35:31.0;
14;29898;2019-04-11 16:35:36.0;
14;29899;2019-04-11 16:35:40.0;
14;29899.5;2019-04-11 16:35:44.0;
14;29898.5;2019-04-11 16:35:49.0;
14;29896;2019-04-11 16:36:04.0;
14;29894.5;2019-04-11 16:36:10.0;
14;29894;2019-04-11 16:36:11.0;
14;29894.5;2019-04-11 16:36:13.0;
14;29894;2019-04-11 16:36:14.0;
14;29895;2019-04-11 16:36:17.0;
14;29892;2019-04-11 16:36:21.0;
14;29893;2019-04-11 16:36:22.0;
14;29892;2019-04-11 16:36:24.0;
14;29893;2019-04-11 16:36:25.0;
14;29892.5;2019-04-11 16:36:29.0;
14;29893;2019-04-11 16:36:31.0;
14;29891;2019-04-11 16:36:37.0;
14;29888.5;2019-04-11 16:36:40.0;
14;29891.5;2019-04-11 16:36:43.0;
14;29892;2019-04-11 16:36:48.0;
14;29893;2019-04-11 16:36:51.0;
14;29893.5;2019-04-11 16:36:55.0;
14;29895;2019-04-11 16:37:03.0;
14;29893.5;2019-04-11 16:37:05.0;
14;29896.5;2019-04-11 16:37:07.0;
14;29895;2019-04-11 16:37:08.0;
14;29896.5;2019-04-11 16:37:10.0;
14;29896;2019-04-11 16:37:17.0;
14;29895;2019-04-11 16:37:21.0;
14;29896;2019-04-11 16:37:28.0;
14;29896.5;2019-04-11 16:37:31.0;
14;29897.5;2019-04-11 16:37:37.0;
14;29900;2019-04-11 16:37:43.0;
14;29899;2019-04-11 16:37:49.0;
14;29903;2019-04-11 16:38:04.0;
14;29899;2019-04-11 16:38:05.0;
14;29903;2019-04-11 16:38:07.0;
14;29903.5;2019-04-11 16:38:09.0;
14;29902.5;2019-04-11 16:38:12.0;
14;29903;2019-04-11 16:38:16.0;
14;29904;2019-04-11 16:38:22.0;
14;29903;2019-04-11 16:38:24.0;
14;29904;2019-04-11 16:38:27.0;
14;29904.5;2019-04-11 16:38:28.0;
14;29903.5;2019-04-11 16:38:33.0;
14;29904;2019-04-11 16:38:38.0;
14;29905;2019-04-11 16:38:43.0;
14;29904;2019-04-11 16:38:44.0;
14;29905;2019-04-11 16:38:45.0;
14;29904;2019-04-11 16:38:48.0;
14;29903.5;2019-04-11 16:38:51.0;
14;29904;2019-04-11 16:38:53.0;
14;29903.5;2019-04-11 16:38:54.0;
14;29900.5;2019-04-11 16:38:58.0;
14;29901.5;2019-04-11 16:39:06.0;
14;29901;2019-04-11 16:39:09.0;
14;29901.5;2019-04-11 16:39:13.0;
14;29902;2019-04-11 16:39:15.0;
14;29901;2019-04-11 16:39:21.0;
14;29900.5;2019-04-11 16:39:23.0;
14;29902;2019-04-11 16:39:29.0;
14;29898.5;2019-04-11 16:39:34.0;
14;29899;2019-04-11 16:39:39.0;
14;29898.5;2019-04-11 16:39:40.0;
14;29899;2019-04-11 16:39:42.0;
14;29897.5;2019-04-11 16:39:45.0;
14;29898.5;2019-04-11 16:39:49.0;
14;29900;2019-04-11 16:40:04.0;
14;29898.5;2019-04-11 16:40:15.0;
14;29900;2019-04-11 16:40:16.0;
14;29898.5;2019-04-11 16:40:17.0;
14;29898;2019-04-11 16:40:19.0;
14;29898.5;2019-04-11 16:40:23.0;
14;29899.5;2019-04-11 16:40:28.0;
14;29900;2019-04-11 16:40:31.0;
14;29899;2019-04-11 16:40:39.0;
14;29900;2019-04-11 16:40:44.0;
14;29902;2019-04-11 16:40:50.0;
14;29901.5;2019-04-11 16:40:54.0;
14;29902;2019-04-11 16:41:02.0;
14;29903;2019-04-11 16:41:04.0;
14;29899;2019-04-11 16:41:08.0;
14;29899.5;2019-04-11 16:41:13.0;
14;29900;2019-04-11 16:41:15.0;
14;29899;2019-04-11 16:41:20.0;
14;29900;2019-04-11 16:41:22.0;
14;29900.5;2019-04-11 16:41:23.0;
14;29901;2019-04-11 16:41:27.0;
14;29905;2019-04-11 16:41:32.0;
14;29904;2019-04-11 16:41:35.0;
14;29902;2019-04-11 16:41:41.0;
14;29902.5;2019-04-11 16:41:46.0;
14;29899;2019-04-11 16:42:06.0;
14;29899.5;2019-04-11 16:42:09.0;
14;29900;2019-04-11 16:42:12.0;
14;29899.5;2019-04-11 16:42:14.0;
14;29900.5;2019-04-11 16:42:17.0;
14;29900;2019-04-11 16:42:19.0;
14;29901.5;2019-04-11 16:42:24.0;
14;29907;2019-04-11 16:42:30.0;
14;29908.5;2019-04-11 16:42:31.0;
14;29909;2019-04-11 16:42:39.0;
14;29908;2019-04-11 16:42:47.0;
14;29907;2019-04-11 16:42:53.0;
14;29908;2019-04-11 16:42:54.0;
14;29908.5;2019-04-11 16:42:56.0;
14;29909;2019-04-11 16:43:00.0;
14;29916;2019-04-11 16:43:07.0;
14;29915;2019-04-11 16:43:11.0;
14;29914;2019-04-11 16:43:18.0;
14;29911.5;2019-04-11 16:43:24.0;
14;29914;2019-04-11 16:43:25.0;
14;29911.5;2019-04-11 16:43:27.0;
14;29910.5;2019-04-11 16:43:29.0;
14;29907.5;2019-04-11 16:43:32.0;
14;29908;2019-04-11 16:43:36.0;
14;29907.5;2019-04-11 16:43:37.0;
14;29908;2019-04-11 16:43:38.0;
14;29907.5;2019-04-11 16:43:40.0;
14;29905.5;2019-04-11 16:43:46.0;
14;29901.5;2019-04-11 16:44:04.0;
14;29898;2019-04-11 16:44:11.0;
14;29900;2019-04-11 16:44:16.0;
14;29900.5;2019-04-11 16:44:22.0;
14;29901;2019-04-11 16:44:24.0;
14;29900.5;2019-04-11 16:44:25.0;
14;29901;2019-04-11 16:44:26.0;
14;29898;2019-04-11 16:44:28.0;
14;29898.5;2019-04-11 16:44:32.0;
14;29898;2019-04-11 16:44:34.0;
14;29899;2019-04-11 16:44:35.0;
14;29898;2019-04-11 16:44:50.0;
14;29899;2019-04-11 16:44:52.0;
14;29898;2019-04-11 16:44:53.0;
14;29899;2019-04-11 16:44:56.0;
14;29897.5;2019-04-11 16:45:07.0;
14;29897;2019-04-11 16:45:11.0;
14;29897.5;2019-04-11 16:45:16.0;
14;29897;2019-04-11 16:45:18.0;
14;29897.5;2019-04-11 16:45:20.0;
14;29897;2019-04-11 16:45:21.0;
14;29898.5;2019-04-11 16:45:23.0;
14;29897;2019-04-11 16:45:24.0;
14;29898.5;2019-04-11 16:45:26.0;
14;29901.5;2019-04-11 16:45:28.0;
14;29901;2019-04-11 16:45:31.0;
14;29901.5;2019-04-11 16:45:33.0;
14;29901;2019-04-11 16:45:34.0;
14;29900;2019-04-11 16:45:37.0;
14;29898.5;2019-04-11 16:45:42.0;
14;29897;2019-04-11 16:45:43.0;
14;29898.5;2019-04-11 16:45:46.0;
14;29897.5;2019-04-11 16:45:48.0;
14;29898;2019-04-11 16:46:02.0;
14;29897.5;2019-04-11 16:46:04.0;
14;29898;2019-04-11 16:46:05.0;
14;29899;2019-04-11 16:46:07.0;
14;29898;2019-04-11 16:46:13.0;
14;29900.5;2019-04-11 16:46:21.0;
14;29899.5;2019-04-11 16:46:27.0;
14;29901.5;2019-04-11 16:46:28.0;
14;29902;2019-04-11 16:46:35.0;
14;29900;2019-04-11 16:46:36.0;
14;29899.5;2019-04-11 16:46:41.0;
14;29900;2019-04-11 16:46:45.0;
14;29897;2019-04-11 16:46:47.0;
14;29900;2019-04-11 16:46:51.0;
14;29899;2019-04-11 16:46:59.0;
14;29897;2019-04-11 16:47:03.0;
14;29893;2019-04-11 16:47:07.0;
14;29891.5;2019-04-11 16:47:13.0;
14;29890;2019-04-11 16:47:15.0;
14;29891.5;2019-04-11 16:47:16.0;
14;29890;2019-04-11 16:47:18.0;
14;29890.5;2019-04-11 16:47:38.0;
14;29892;2019-04-11 16:47:40.0;
14;29891.5;2019-04-11 16:47:43.0;
14;29892;2019-04-11 16:47:44.0;
14;29891.5;2019-04-11 16:47:46.0;
14;29891;2019-04-11 16:47:50.0;
14;29885.5;2019-04-11 16:48:02.0;
14;29889.5;2019-04-11 16:48:06.0;
14;29885.5;2019-04-11 16:48:07.0;
14;29889.5;2019-04-11 16:48:09.0;
14;29889;2019-04-11 16:48:10.0;
14;29890;2019-04-11 16:48:14.0;
14;29889;2019-04-11 16:48:16.0;
14;29890;2019-04-11 16:48:17.0;
14;29892;2019-04-11 16:48:19.0;
14;29890;2019-04-11 16:48:22.0;
14;29892;2019-04-11 16:48:23.0;
14;29890;2019-04-11 16:48:25.0;
14;29888;2019-04-11 16:48:26.0;
14;29890;2019-04-11 16:48:28.0;
14;29888;2019-04-11 16:48:29.0;
14;29887.5;2019-04-11 16:48:32.0;
14;29889.5;2019-04-11 16:48:38.0;
14;29888;2019-04-11 16:48:43.0;
14;29889.5;2019-04-11 16:48:44.0;
14;29888;2019-04-11 16:48:46.0;
14;29889;2019-04-11 16:48:49.0;
14;29887;2019-04-11 16:48:53.0;
14;29887.5;2019-04-11 16:48:54.0;
14;29887;2019-04-11 16:48:57.0;
14;29888;2019-04-11 16:48:59.0;
14;29889;2019-04-11 16:49:03.0;
14;29888.5;2019-04-11 16:49:10.0;
14;29889;2019-04-11 16:49:12.0;
14;29888.5;2019-04-11 16:49:13.0;
14;29889.5;2019-04-11 16:49:16.0;
14;29888;2019-04-11 16:49:19.0;
14;29889.5;2019-04-11 16:49:20.0;
14;29888;2019-04-11 16:49:22.0;
14;29888.5;2019-04-11 16:49:30.0;
14;29888;2019-04-11 16:49:32.0;
14;29889.5;2019-04-11 16:49:33.0;
14;29890;2019-04-11 16:49:41.0;
14;29890.5;2019-04-11 16:49:47.0;
14;29890;2019-04-11 16:50:04.0;
14;29890.5;2019-04-11 16:50:08.0;
14;29893.5;2019-04-11 16:50:16.0;
14;29894;2019-04-11 16:50:23.0;
14;29893;2019-04-11 16:50:32.0;
14;29892;2019-04-11 16:50:38.0;
14;29889.5;2019-04-11 16:50:47.0;
14;29889;2019-04-11 16:50:52.0;
14;29889.5;2019-04-11 16:50:59.0;
14;29889;2019-04-11 16:51:02.0;
14;29889.5;2019-04-11 16:51:04.0;
14;29889;2019-04-11 16:51:06.0;
14;29888.5;2019-04-11 16:51:08.0;
14;29889;2019-04-11 16:51:11.0;
14;29888.5;2019-04-11 16:51:13.0;
14;29890.5;2019-04-11 16:51:16.0;
14;29888;2019-04-11 16:51:20.0;
14;29889.5;2019-04-11 16:51:24.0;
14;29890;2019-04-11 16:51:30.0;
14;29888;2019-04-11 16:51:37.0;
14;29890;2019-04-11 16:51:40.0;
14;29888;2019-04-11 16:51:41.0;
14;29890;2019-04-11 16:51:43.0;
14;29891;2019-04-11 16:51:46.0;
14;29891.5;2019-04-11 16:51:48.0;
14;29891;2019-04-11 16:52:04.0;
14;29892;2019-04-11 16:52:05.0;
14;29890.5;2019-04-11 16:52:10.0;
14;29892.5;2019-04-11 16:52:24.0;
14;29889;2019-04-11 16:52:25.0;
14;29889.5;2019-04-11 16:52:30.0;
14;29889;2019-04-11 16:52:31.0;
14;29889.5;2019-04-11 16:52:34.0;
14;29890.5;2019-04-11 16:52:35.0;
14;29889.5;2019-04-11 16:52:40.0;
14;29890.5;2019-04-11 16:52:43.0;
14;29891;2019-04-11 16:52:49.0;
14;29891.5;2019-04-11 16:52:52.0;
14;29892.5;2019-04-11 16:52:56.0;
14;29891.5;2019-04-11 16:52:57.0;
14;29892.5;2019-04-11 16:52:59.0;
14;29892;2019-04-11 16:53:00.0;
14;29891.5;2019-04-11 16:53:07.0;
14;29894.5;2019-04-11 16:53:15.0;
14;29897;2019-04-11 16:53:20.0;
14;29896;2019-04-11 16:53:24.0;
14;29896.5;2019-04-11 16:53:27.0;
14;29896;2019-04-11 16:53:28.0;
14;29897;2019-04-11 16:53:31.0;
14;29891;2019-04-11 16:53:35.0;
14;29897;2019-04-11 16:53:36.0;
14;29891;2019-04-11 16:53:37.0;
14;29890.5;2019-04-11 16:53:39.0;
14;29891;2019-04-11 16:53:40.0;
14;29890.5;2019-04-11 16:53:41.0;
14;29890;2019-04-11 16:53:43.0;
14;29888.5;2019-04-11 16:53:46.0;
14;29890;2019-04-11 16:53:48.0;
14;29888.5;2019-04-11 16:53:50.0;
14;29890;2019-04-11 16:54:03.0;
14;29891;2019-04-11 16:54:09.0;
14;29891.5;2019-04-11 16:54:24.0;
14;29891;2019-04-11 16:54:35.0;
14;29889;2019-04-11 16:54:37.0;
14;29888.5;2019-04-11 16:54:41.0;
14;29889;2019-04-11 16:54:43.0;
14;29888.5;2019-04-11 16:54:45.0;
14;29889;2019-04-11 16:54:46.0;
14;29889.5;2019-04-11 16:54:47.0;
14;29887;2019-04-11 16:54:52.0;
14;29886;2019-04-11 16:54:56.0;
14;29887;2019-04-11 16:54:58.0;
14;29886;2019-04-11 16:54:59.0;
14;29883.5;2019-04-11 16:55:07.0;
14;29882;2019-04-11 16:55:11.0;
14;29884;2019-04-11 16:55:15.0;
14;29883;2019-04-11 16:55:24.0;
14;29885;2019-04-11 16:55:27.0;
14;29882;2019-04-11 16:55:31.0;
14;29878.5;2019-04-11 16:55:41.0;
14;29882;2019-04-11 16:55:50.0;
14;29883.5;2019-04-11 16:55:52.0;
14;29882;2019-04-11 16:56:06.0;
14;29883;2019-04-11 16:56:14.0;
14;29885;2019-04-11 16:56:17.0;
14;29884.5;2019-04-11 16:56:23.0;
14;29888;2019-04-11 16:56:27.0;
14;29886.5;2019-04-11 16:56:39.0;
14;29884.5;2019-04-11 16:56:46.0;
14;29886.5;2019-04-11 16:56:47.0;
14;29884.5;2019-04-11 16:56:49.0;
14;29886.5;2019-04-11 16:56:50.0;
14;29885;2019-04-11 16:56:53.0;
14;29885.5;2019-04-11 16:56:58.0;
14;29886;2019-04-11 16:57:00.0;
14;29886.5;2019-04-11 16:57:04.0;
14;29886;2019-04-11 16:57:09.0;
14;29886.5;2019-04-11 16:57:13.0;
14;29886;2019-04-11 16:57:14.0;
14;29888;2019-04-11 16:57:16.0;
14;29888.5;2019-04-11 16:57:21.0;
14;29890.5;2019-04-11 16:57:26.0;
14;29891.5;2019-04-11 16:57:35.0;
14;29890.5;2019-04-11 16:57:37.0;
14;29891.5;2019-04-11 16:57:38.0;
14;29892.5;2019-04-11 16:57:40.0;
14;29891;2019-04-11 16:57:49.0;
14;29890.5;2019-04-11 16:58:08.0;
14;29888.5;2019-04-11 16:58:12.0;
14;29890.5;2019-04-11 16:58:13.0;
14;29888.5;2019-04-11 16:58:16.0;
14;29889;2019-04-11 16:58:19.0;
14;29888.5;2019-04-11 16:58:22.0;
14;29889;2019-04-11 16:58:23.0;
14;29891;2019-04-11 16:58:26.0;
14;29889;2019-04-11 16:58:28.0;
14;29891;2019-04-11 16:58:30.0;
14;29891.5;2019-04-11 16:58:38.0;
14;29888.5;2019-04-11 16:58:43.0;
14;29889.5;2019-04-11 16:58:49.0;
14;29888.5;2019-04-11 16:58:50.0;
14;29889.5;2019-04-11 16:58:53.0;
14;29888.5;2019-04-11 16:58:54.0;
14;29889;2019-04-11 16:58:58.0;
14;29890;2019-04-11 16:59:06.0;
14;29889.5;2019-04-11 16:59:12.0;
14;29890;2019-04-11 16:59:20.0;
14;29890.5;2019-04-11 16:59:24.0;
14;29890;2019-04-11 16:59:25.0;
14;29890.5;2019-04-11 16:59:28.0;
14;29891;2019-04-11 16:59:30.0;
14;29891.5;2019-04-11 16:59:35.0;
14;29891;2019-04-11 16:59:37.0;
14;29891.5;2019-04-11 16:59:38.0;
14;29892.5;2019-04-11 16:59:50.0;
14;29894;2019-04-11 17:00:03.0;
14;29892.5;2019-04-11 17:00:05.0;
14;29894;2019-04-11 17:00:08.0;
14;29888.5;2019-04-11 17:00:09.0;
14;29891;2019-04-11 17:00:11.0;
14;29888.5;2019-04-11 17:00:13.0;
14;29891;2019-04-11 17:00:14.0;
14;29889;2019-04-11 17:00:15.0;
14;29891.5;2019-04-11 17:00:21.0;
14;29889;2019-04-11 17:00:23.0;
14;29890.5;2019-04-11 17:00:24.0;
14;29891;2019-04-11 17:00:34.0;
14;29892.5;2019-04-11 17:00:41.0;
14;29891.5;2019-04-11 17:00:42.0;
14;29888.5;2019-04-11 17:00:48.0;
14;29889;2019-04-11 17:00:55.0;
14;29889.5;2019-04-11 17:01:05.0;
14;29890;2019-04-11 17:01:11.0;
14;29890.5;2019-04-11 17:01:12.0;
14;29890;2019-04-11 17:01:14.0;
14;29889;2019-04-11 17:01:15.0;
14;29890;2019-04-11 17:01:20.0;
14;29891;2019-04-11 17:01:24.0;
14;29890.5;2019-04-11 17:01:30.0;
14;29891.5;2019-04-11 17:01:33.0;
14;29889.5;2019-04-11 17:01:39.0;
14;29889;2019-04-11 17:01:40.0;
14;29886;2019-04-11 17:01:48.0;
14;29883;2019-04-11 17:02:03.0;
14;29884;2019-04-11 17:02:08.0;
14;29882.5;2019-04-11 17:02:18.0;
14;29881.5;2019-04-11 17:02:19.0;
14;29880.5;2019-04-11 17:02:23.0;
14;29879.5;2019-04-11 17:02:29.0;
14;29880.5;2019-04-11 17:02:31.0;
14;29881;2019-04-11 17:02:32.0;
14;29880;2019-04-11 17:02:36.0;
14;29879.5;2019-04-11 17:02:42.0;
14;29880;2019-04-11 17:02:47.0;
14;29879.5;2019-04-11 17:02:49.0;
14;29880;2019-04-11 17:02:50.0;
14;29880.5;2019-04-11 17:02:54.0;
14;29878;2019-04-11 17:02:59.0;
14;29880.5;2019-04-11 17:03:06.0;
14;29880;2019-04-11 17:03:10.0;
14;29880.5;2019-04-11 17:03:13.0;
14;29880;2019-04-11 17:03:15.0;
14;29880.5;2019-04-11 17:03:16.0;
14;29880;2019-04-11 17:03:17.0;
14;29881;2019-04-11 17:03:19.0;
14;29880;2019-04-11 17:03:24.0;
14;29881;2019-04-11 17:03:25.0;
14;29880;2019-04-11 17:03:26.0;
14;29875;2019-04-11 17:03:28.0;
14;29867.5;2019-04-11 17:03:34.0;
14;29867;2019-04-11 17:03:35.0;
14;29865.5;2019-04-11 17:03:40.0;
14;29867;2019-04-11 17:03:41.0;
14;29866;2019-04-11 17:03:43.0;
14;29865.5;2019-04-11 17:03:44.0;
14;29866;2019-04-11 17:03:46.0;
14;29867;2019-04-11 17:03:47.0;
14;29866;2019-04-11 17:03:50.0;
14;29867;2019-04-11 17:03:51.0;
14;29868;2019-04-11 17:04:05.0;
14;29867.5;2019-04-11 17:04:06.0;
14;29864.5;2019-04-11 17:04:10.0;
14;29865.5;2019-04-11 17:04:14.0;
14;29866.5;2019-04-11 17:04:23.0;
14;29867;2019-04-11 17:04:26.0;
14;29864.5;2019-04-11 17:04:31.0;
14;29865;2019-04-11 17:04:34.0;
14;29866.5;2019-04-11 17:04:39.0;
14;29871;2019-04-11 17:04:44.0;
14;29869.5;2019-04-11 17:04:45.0;
14;29870.5;2019-04-11 17:04:52.0;
14;29869.5;2019-04-11 17:04:53.0;
14;29870.5;2019-04-11 17:04:55.0;
14;29872;2019-04-11 17:04:58.0;
14;29871;2019-04-11 17:05:08.0;
14;29873;2019-04-11 17:05:11.0;
14;29872.5;2019-04-11 17:05:14.0;
14;29873;2019-04-11 17:05:17.0;
14;29871;2019-04-11 17:05:28.0;
14;29872;2019-04-11 17:05:32.0;
14;29871.5;2019-04-11 17:05:36.0;
14;29870.5;2019-04-11 17:05:40.0;
14;29873;2019-04-11 17:05:42.0;
14;29870.5;2019-04-11 17:05:44.0;
14;29873;2019-04-11 17:05:45.0;
14;29872;2019-04-11 17:05:47.0;
14;29871;2019-04-11 17:06:03.0;
14;29872;2019-04-11 17:06:05.0;
14;29871;2019-04-11 17:06:06.0;
14;29871.5;2019-04-11 17:06:08.0;
14;29872.5;2019-04-11 17:06:11.0;
14;29874;2019-04-11 17:06:16.0;
14;29872.5;2019-04-11 17:06:21.0;
14;29873;2019-04-11 17:06:28.0;
14;29872;2019-04-11 17:06:32.0;
14;29872.5;2019-04-11 17:06:35.0;
14;29872;2019-04-11 17:06:37.0;
14;29872.5;2019-04-11 17:06:39.0;
14;29872;2019-04-11 17:06:44.0;
14;29873.5;2019-04-11 17:06:48.0;
14;29872;2019-04-11 17:06:50.0;
14;29873.5;2019-04-11 17:06:52.0;
14;29874;2019-04-11 17:06:55.0;
14;29872.5;2019-04-11 17:06:56.0;
14;29874;2019-04-11 17:06:57.0;
14;29872.5;2019-04-11 17:06:59.0;
14;29873;2019-04-11 17:07:00.0;
14;29872.5;2019-04-11 17:07:03.0;
14;29873;2019-04-11 17:07:05.0;
14;29872.5;2019-04-11 17:07:07.0;
14;29874.5;2019-04-11 17:07:16.0;
14;29871.5;2019-04-11 17:07:22.0;
14;29872;2019-04-11 17:07:23.0;
14;29871.5;2019-04-11 17:07:26.0;
14;29872.5;2019-04-11 17:07:28.0;
14;29872;2019-04-11 17:07:31.0;
14;29876;2019-04-11 17:07:44.0;
14;29872;2019-04-11 17:07:47.0;
14;29876;2019-04-11 17:07:48.0;
14;29876.5;2019-04-11 17:08:03.0;
14;29876;2019-04-11 17:08:04.0;
14;29876.5;2019-04-11 17:08:06.0;
14;29874.5;2019-04-11 17:08:09.0;
14;29875;2019-04-11 17:08:14.0;
14;29876;2019-04-11 17:08:20.0;
14;29877;2019-04-11 17:08:23.0;
14;29876;2019-04-11 17:08:28.0;
14;29874.5;2019-04-11 17:08:39.0;
14;29875;2019-04-11 17:08:44.0;
14;29876;2019-04-11 17:08:47.0;
14;29877.5;2019-04-11 17:08:53.0;
14;29880.5;2019-04-11 17:08:56.0;
14;29879.5;2019-04-11 17:09:02.0;
14;29880.5;2019-04-11 17:09:03.0;
14;29879.5;2019-04-11 17:09:04.0;
14;29880.5;2019-04-11 17:09:06.0;
14;29883.5;2019-04-11 17:09:13.0;
14;29882.5;2019-04-11 17:09:16.0;
14;29884;2019-04-11 17:09:22.0;
14;29883.5;2019-04-11 17:09:23.0;
14;29884;2019-04-11 17:09:26.0;
14;29881.5;2019-04-11 17:09:33.0;
14;29880.5;2019-04-11 17:09:39.0;
14;29882.5;2019-04-11 17:09:45.0;
14;29880.5;2019-04-11 17:09:46.0;
14;29882.5;2019-04-11 17:09:48.0;
14;29883.5;2019-04-11 17:10:03.0;
14;29884;2019-04-11 17:10:12.0;
14;29883;2019-04-11 17:10:16.0;
14;29882.5;2019-04-11 17:10:23.0;
14;29880.5;2019-04-11 17:10:27.0;
14;29879.5;2019-04-11 17:10:31.0;
14;29881.5;2019-04-11 17:10:36.0;
14;29882;2019-04-11 17:10:40.0;
14;29880;2019-04-11 17:10:44.0;
14;29880.5;2019-04-11 17:10:49.0;
14;29880;2019-04-11 17:10:50.0;
14;29880.5;2019-04-11 17:10:51.0;
14;29878.5;2019-04-11 17:10:53.0;
14;29880.5;2019-04-11 17:10:59.0;
14;29880;2019-04-11 17:11:08.0;
14;29880.5;2019-04-11 17:11:13.0;
14;29879.5;2019-04-11 17:11:16.0;
14;29879;2019-04-11 17:11:19.0;
14;29878;2019-04-11 17:11:26.0;
14;29879;2019-04-11 17:11:29.0;
14;29879.5;2019-04-11 17:11:31.0;
14;29879;2019-04-11 17:11:32.0;
14;29879.5;2019-04-11 17:11:34.0;
14;29880;2019-04-11 17:11:40.0;
14;29878.5;2019-04-11 17:11:45.0;
14;29879;2019-04-11 17:12:05.0;
14;29878;2019-04-11 17:12:09.0;
14;29874;2019-04-11 17:12:21.0;
14;29878;2019-04-11 17:12:22.0;
14;29875.5;2019-04-11 17:12:24.0;
14;29879.5;2019-04-11 17:12:31.0;
14;29878;2019-04-11 17:12:40.0;
14;29880;2019-04-11 17:12:44.0;
14;29881.5;2019-04-11 17:12:50.0;
14;29882;2019-04-11 17:12:52.0;
14;29881.5;2019-04-11 17:12:54.0;
14;29882.5;2019-04-11 17:12:56.0;
14;29884.5;2019-04-11 17:13:00.0;
14;29886;2019-04-11 17:13:08.0;
14;29883.5;2019-04-11 17:13:18.0;
14;29883;2019-04-11 17:13:19.0;
14;29884;2019-04-11 17:13:24.0;
14;29886;2019-04-11 17:13:28.0;
14;29886.5;2019-04-11 17:13:32.0;
14;29886;2019-04-11 17:13:33.0;
14;29885;2019-04-11 17:13:40.0;
14;29884.5;2019-04-11 17:13:48.0;
14;29885;2019-04-11 17:13:49.0;
14;29884.5;2019-04-11 17:13:52.0;
14;29888;2019-04-11 17:14:04.0;
14;29884.5;2019-04-11 17:14:05.0;
14;29888;2019-04-11 17:14:06.0;
14;29887.5;2019-04-11 17:14:08.0;
14;29888;2019-04-11 17:14:11.0;
14;29887.5;2019-04-11 17:14:13.0;
14;29888;2019-04-11 17:14:15.0;
14;29886;2019-04-11 17:14:20.0;
14;29885;2019-04-11 17:14:39.0;
14;29885.5;2019-04-11 17:14:44.0;
14;29885;2019-04-11 17:14:50.0;
14;29888;2019-04-11 17:14:53.0;
14;29887.5;2019-04-11 17:15:02.0;
14;29885.5;2019-04-11 17:15:08.0;
14;29887.5;2019-04-11 17:15:13.0;
14;29889.5;2019-04-11 17:15:16.0;
14;29890;2019-04-11 17:15:19.0;
14;29889.5;2019-04-11 17:15:20.0;
14;29891;2019-04-11 17:15:23.0;
14;29892.5;2019-04-11 17:15:27.0;
14;29893.5;2019-04-11 17:15:31.0;
14;29890.5;2019-04-11 17:15:36.0;
14;29893.5;2019-04-11 17:15:37.0;
14;29890.5;2019-04-11 17:15:39.0;
14;29888.5;2019-04-11 17:15:40.0;
14;29887;2019-04-11 17:15:46.0;
14;29888;2019-04-11 17:15:48.0;
14;29887;2019-04-11 17:15:49.0;
14;29888;2019-04-11 17:15:51.0;
14;29890.5;2019-04-11 17:16:07.0;
14;29890;2019-04-11 17:16:09.0;
14;29889;2019-04-11 17:16:18.0;
14;29889.5;2019-04-11 17:16:28.0;
14;29892;2019-04-11 17:16:41.0;
14;29894;2019-04-11 17:16:57.0;
14;29892;2019-04-11 17:16:59.0;
14;29894;2019-04-11 17:17:00.0;
14;29890.5;2019-04-11 17:17:04.0;
14;29891;2019-04-11 17:17:08.0;
14;29893;2019-04-11 17:17:10.0;
14;29891.5;2019-04-11 17:17:15.0;
14;29893;2019-04-11 17:17:16.0;
14;29891.5;2019-04-11 17:17:18.0;
14;29890.5;2019-04-11 17:17:19.0;
14;29890;2019-04-11 17:17:27.0;
14;29890.5;2019-04-11 17:17:28.0;
14;29890;2019-04-11 17:17:30.0;
14;29890.5;2019-04-11 17:17:31.0;
14;29891;2019-04-11 17:17:37.0;
14;29888.5;2019-04-11 17:17:38.0;
14;29890;2019-04-11 17:17:44.0;
14;29886.5;2019-04-11 17:18:07.0;
14;29887;2019-04-11 17:18:19.0;
14;29886.5;2019-04-11 17:18:20.0;
14;29887;2019-04-11 17:18:22.0;
14;29883.5;2019-04-11 17:18:30.0;
14;29887;2019-04-11 17:18:33.0;
14;29884.5;2019-04-11 17:18:35.0;
14;29883.5;2019-04-11 17:18:44.0;
14;29881.5;2019-04-11 17:18:48.0;
14;29881;2019-04-11 17:18:51.0;
14;29879;2019-04-11 17:18:58.0;
14;29877;2019-04-11 17:19:09.0;
14;29879.5;2019-04-11 17:19:10.0;
14;29877;2019-04-11 17:19:11.0;
14;29879.5;2019-04-11 17:19:13.0;
14;29880.5;2019-04-11 17:19:17.0;
14;29883;2019-04-11 17:19:20.0;
14;29882.5;2019-04-11 17:19:27.0;
14;29884.5;2019-04-11 17:19:32.0;
14;29882.5;2019-04-11 17:19:41.0;
14;29883;2019-04-11 17:19:42.0;
14;29885;2019-04-11 17:19:48.0;
14;29884;2019-04-11 17:20:04.0;
14;29882;2019-04-11 17:20:09.0;
14;29884;2019-04-11 17:20:12.0;
14;29886;2019-04-11 17:20:20.0;
14;29884;2019-04-11 17:20:22.0;
14;29885.5;2019-04-11 17:20:24.0;
14;29887;2019-04-11 17:20:28.0;
14;29887.5;2019-04-11 17:20:46.0;
14;29889;2019-04-11 17:20:55.0;
14;29885.5;2019-04-11 17:21:04.0;
14;29883.5;2019-04-11 17:21:09.0;
14;29884.5;2019-04-11 17:21:12.0;
14;29883.5;2019-04-11 17:21:13.0;
14;29882;2019-04-11 17:21:15.0;
14;29883.5;2019-04-11 17:21:26.0;
14;29885;2019-04-11 17:21:29.0;
14;29886;2019-04-11 17:21:36.0;
14;29883.5;2019-04-11 17:21:39.0;
14;29886;2019-04-11 17:21:41.0;
14;29882;2019-04-11 17:21:42.0;
14;29884;2019-04-11 17:21:48.0;
14;29883;2019-04-11 17:22:05.0;
14;29882.5;2019-04-11 17:22:08.0;
14;29881;2019-04-11 17:22:18.0;
14;29879.5;2019-04-11 17:22:20.0;
14;29878;2019-04-11 17:22:27.0;
14;29878.5;2019-04-11 17:22:35.0;
14;29880;2019-04-11 17:22:55.0;
14;29881;2019-04-11 17:23:04.0;
14;29881.5;2019-04-11 17:23:08.0;
14;29881;2019-04-11 17:23:10.0;
14;29885;2019-04-11 17:23:11.0;
14;29881;2019-04-11 17:23:14.0;
14;29885;2019-04-11 17:23:16.0;
14;29877;2019-04-11 17:23:19.0;
14;29878;2019-04-11 17:23:23.0;
14;29879;2019-04-11 17:23:30.0;
14;29880.5;2019-04-11 17:23:35.0;
14;29881;2019-04-11 17:23:40.0;
14;29879;2019-04-11 17:23:42.0;
14;29878.5;2019-04-11 17:23:49.0;
14;29874;2019-04-11 17:24:05.0;
14;29874.5;2019-04-11 17:24:09.0;
14;29875;2019-04-11 17:24:12.0;
14;29874.5;2019-04-11 17:24:13.0;
14;29878;2019-04-11 17:24:15.0;
14;29875;2019-04-11 17:24:18.0;
14;29877;2019-04-11 17:24:19.0;
14;29876;2019-04-11 17:24:26.0;
14;29872;2019-04-11 17:24:32.0;
14;29871;2019-04-11 17:24:41.0;
14;29871.5;2019-04-11 17:24:43.0;
14;29872;2019-04-11 17:24:51.0;
14;29873.5;2019-04-11 17:25:01.0;
14;29872;2019-04-11 17:25:03.0;
14;29870.5;2019-04-11 17:25:08.0;
14;29868.5;2019-04-11 17:25:11.0;
14;29867.5;2019-04-11 17:25:16.0;
14;29870;2019-04-11 17:25:24.0;
14;29871;2019-04-11 17:25:28.0;
14;29873.5;2019-04-11 17:25:34.0;
14;29871;2019-04-11 17:25:37.0;
14;29874;2019-04-11 17:25:47.0;
14;29871;2019-04-11 17:25:48.0;
14;29874;2019-04-11 17:25:49.0;
14;29876;2019-04-11 17:26:03.0;
14;29874.5;2019-04-11 17:26:10.0;
14;29875.5;2019-04-11 17:26:14.0;
14;29876;2019-04-11 17:26:16.0;
14;29875.5;2019-04-11 17:26:17.0;
14;29876;2019-04-11 17:26:19.0;
14;29874.5;2019-04-11 17:26:26.0;
14;29876;2019-04-11 17:26:27.0;
14;29877;2019-04-11 17:26:33.0;
14;29875.5;2019-04-11 17:26:36.0;
14;29876;2019-04-11 17:26:40.0;
14;29877.5;2019-04-11 17:26:46.0;
14;29876.5;2019-04-11 17:26:53.0;
14;29876;2019-04-11 17:26:55.0;
14;29877;2019-04-11 17:27:02.0;
14;29876;2019-04-11 17:27:09.0;
14;29877;2019-04-11 17:27:10.0;
14;29875.5;2019-04-11 17:27:11.0;
14;29874.5;2019-04-11 17:27:21.0;
14;29875;2019-04-11 17:27:24.0;
14;29874.5;2019-04-11 17:27:25.0;
14;29875;2019-04-11 17:27:33.0;
14;29877;2019-04-11 17:27:34.0;
14;29875;2019-04-11 17:27:36.0;
14;29877;2019-04-11 17:27:37.0;
14;29879;2019-04-11 17:27:45.0;
14;29878.5;2019-04-11 17:27:48.0;
14;29879;2019-04-11 17:27:51.0;
14;29878.5;2019-04-11 17:27:52.0;
14;29878;2019-04-11 17:28:04.0;
14;29877;2019-04-11 17:28:06.0;
14;29878;2019-04-11 17:28:09.0;
14;29877.5;2019-04-11 17:28:10.0;
14;29878;2019-04-11 17:28:16.0;
14;29876;2019-04-11 17:28:19.0;
14;29878;2019-04-11 17:28:20.0;
14;29876.5;2019-04-11 17:28:22.0;
14;29877;2019-04-11 17:28:27.0;
14;29876.5;2019-04-11 17:28:31.0;
14;29875.5;2019-04-11 17:28:48.0;
14;29876.5;2019-04-11 17:28:52.0;
14;29876;2019-04-11 17:28:54.0;
14;29876.5;2019-04-11 17:28:57.0;
14;29878;2019-04-11 17:28:58.0;
14;29876;2019-04-11 17:28:59.0;
14;29878;2019-04-11 17:29:01.0;
14;29877.5;2019-04-11 17:29:03.0;
14;29878;2019-04-11 17:29:04.0;
14;29877.5;2019-04-11 17:29:06.0;
14;29878;2019-04-11 17:29:08.0;
14;29878.5;2019-04-11 17:29:27.0;
14;29878;2019-04-11 17:29:28.0;
14;29878.5;2019-04-11 17:29:29.0;
14;29880.5;2019-04-11 17:29:33.0;
14;29879.5;2019-04-11 17:29:35.0;
14;29880;2019-04-11 17:29:41.0;
14;29878.5;2019-04-11 17:29:44.0;
14;29879;2019-04-11 17:29:47.0;
14;29877.5;2019-04-11 17:30:04.0;
14;29876.5;2019-04-11 17:30:07.0;
14;29875.5;2019-04-11 17:30:13.0;
14;29873;2019-04-11 17:30:15.0;
14;29875.5;2019-04-11 17:30:17.0;
14;29871.5;2019-04-11 17:30:18.0;
14;29873;2019-04-11 17:30:25.0;
14;29871.5;2019-04-11 17:30:32.0;
14;29871;2019-04-11 17:30:40.0;
14;29871.5;2019-04-11 17:30:41.0;
14;29871;2019-04-11 17:30:42.0;
14;29872;2019-04-11 17:30:44.0;
14;29872.5;2019-04-11 17:30:48.0;
14;29871;2019-04-11 17:30:53.0;
14;29870.5;2019-04-11 17:30:54.0;
14;29871;2019-04-11 17:31:02.0;
14;29870.5;2019-04-11 17:31:04.0;
14;29871.5;2019-04-11 17:31:09.0;
14;29870.5;2019-04-11 17:31:10.0;
14;29872;2019-04-11 17:31:12.0;
14;29871.5;2019-04-11 17:31:13.0;
14;29872;2019-04-11 17:31:14.0;
14;29870.5;2019-04-11 17:31:18.0;
14;29871;2019-04-11 17:31:19.0;
14;29871.5;2019-04-11 17:31:27.0;
14;29872;2019-04-11 17:31:29.0;
14;29871.5;2019-04-11 17:31:31.0;
14;29872;2019-04-11 17:31:32.0;
14;29871.5;2019-04-11 17:31:42.0;
14;29872;2019-04-11 17:31:51.0;
14;29873.5;2019-04-11 17:32:04.0;
14;29874;2019-04-11 17:32:08.0;
14;29871;2019-04-11 17:32:16.0;
14;29872;2019-04-11 17:32:22.0;
14;29871.5;2019-04-11 17:32:25.0;
14;29873;2019-04-11 17:32:30.0;
14;29871.5;2019-04-11 17:32:31.0;
14;29872;2019-04-11 17:32:33.0;
14;29869;2019-04-11 17:32:38.0;
14;29868;2019-04-11 17:32:45.0;
14;29867;2019-04-11 17:32:48.0;
14;29865.5;2019-04-11 17:32:51.0;
14;29867;2019-04-11 17:32:54.0;
14;29864.5;2019-04-11 17:32:56.0;
14;29865.5;2019-04-11 17:33:03.0;
14;29862;2019-04-11 17:33:07.0;
14;29862.5;2019-04-11 17:33:15.0;
14;29863.5;2019-04-11 17:33:20.0;
14;29864;2019-04-11 17:33:23.0;
14;29865.5;2019-04-11 17:33:32.0;
14;29864.5;2019-04-11 17:33:35.0;
14;29862;2019-04-11 17:33:39.0;
14;29862.5;2019-04-11 17:33:44.0;
14;29863;2019-04-11 17:33:49.0;
14;29859.5;2019-04-11 17:34:05.0;
14;29858.5;2019-04-11 17:34:08.0;
14;29855.5;2019-04-11 17:34:13.0;
14;29855;2019-04-11 17:34:16.0;
14;29852;2019-04-11 17:34:19.0;
14;29855;2019-04-11 17:34:20.0;
14;29852;2019-04-11 17:34:22.0;
14;29852.5;2019-04-11 17:34:25.0;
14;29852;2019-04-11 17:34:26.0;
14;29854;2019-04-11 17:34:28.0;
14;29853.5;2019-04-11 17:34:34.0;
14;29854;2019-04-11 17:34:37.0;
14;29855;2019-04-11 17:34:40.0;
14;29854;2019-04-11 17:34:41.0;
14;29855;2019-04-11 17:34:43.0;
14;29854.5;2019-04-11 17:34:44.0;
14;29855;2019-04-11 17:34:47.0;
14;29853;2019-04-11 17:34:53.0;
14;29852;2019-04-11 17:34:54.0;
14;29851.5;2019-04-11 17:35:07.0;
14;29854.5;2019-04-11 17:35:12.0;
14;29851.5;2019-04-11 17:35:13.0;
14;29854.5;2019-04-11 17:35:15.0;
14;29853.5;2019-04-11 17:35:21.0;
14;29853;2019-04-11 17:35:22.0;
14;29853.5;2019-04-11 17:35:28.0;
14;29856;2019-04-11 17:35:31.0;
14;29855.5;2019-04-11 17:35:39.0;
14;29856;2019-04-11 17:35:40.0;
14;29855.5;2019-04-11 17:35:41.0;
14;29857;2019-04-11 17:35:43.0;
14;29859;2019-04-11 17:36:03.0;
14;29857.5;2019-04-11 17:36:09.0;
14;29858;2019-04-11 17:36:10.0;
14;29857;2019-04-11 17:36:15.0;
14;29856;2019-04-11 17:36:22.0;
14;29856.5;2019-04-11 17:36:27.0;
14;29856;2019-04-11 17:36:32.0;
14;29851;2019-04-11 17:36:38.0;
14;29850.5;2019-04-11 17:36:44.0;
14;29851;2019-04-11 17:36:46.0;
14;29850.5;2019-04-11 17:36:47.0;
14;29845;2019-04-11 17:36:50.0;
14;29848;2019-04-11 17:36:58.0;
14;29849.5;2019-04-11 17:37:01.0;
14;29848.5;2019-04-11 17:37:06.0;
14;29849.5;2019-04-11 17:37:07.0;
14;29849;2019-04-11 17:37:10.0;
14;29851;2019-04-11 17:37:14.0;
14;29853;2019-04-11 17:37:17.0;
14;29854.5;2019-04-11 17:37:25.0;
14;29855;2019-04-11 17:37:26.0;
14;29854.5;2019-04-11 17:37:27.0;
14;29854;2019-04-11 17:37:30.0;
14;29853;2019-04-11 17:37:37.0;
14;29853.5;2019-04-11 17:37:38.0;
14;29853;2019-04-11 17:37:42.0;
14;29854.5;2019-04-11 17:37:43.0;
14;29854;2019-04-11 17:37:50.0;
14;29855.5;2019-04-11 17:38:04.0;
14;29856;2019-04-11 17:38:08.0;
14;29852.5;2019-04-11 17:38:15.0;
14;29850;2019-04-11 17:38:20.0;
14;29852.5;2019-04-11 17:38:21.0;
14;29850;2019-04-11 17:38:23.0;
14;29850.5;2019-04-11 17:38:26.0;
14;29850;2019-04-11 17:38:29.0;
14;29850.5;2019-04-11 17:38:37.0;
14;29850;2019-04-11 17:38:40.0;
14;29848.5;2019-04-11 17:38:43.0;
14;29847;2019-04-11 17:38:48.0;
14;29847.5;2019-04-11 17:38:52.0;
14;29848;2019-04-11 17:38:55.0;
14;29847.5;2019-04-11 17:38:57.0;
14;29848;2019-04-11 17:38:58.0;
14;29845.5;2019-04-11 17:39:15.0;
14;29842.5;2019-04-11 17:39:20.0;
14;29842;2019-04-11 17:39:26.0;
14;29841;2019-04-11 17:39:27.0;
14;29840.5;2019-04-11 17:39:37.0;
14;29840;2019-04-11 17:39:46.0;
14;29839.5;2019-04-11 17:39:47.0;
14;29840;2019-04-11 17:39:48.0;
14;29839.5;2019-04-11 17:39:50.0;
14;29838;2019-04-11 17:40:04.0;
14;29826.5;2019-04-11 17:40:10.0;
14;29831.5;2019-04-11 17:40:18.0;
14;29831;2019-04-11 17:40:23.0;
14;29831.5;2019-04-11 17:40:24.0;
14;29827.5;2019-04-11 17:40:26.0;
14;29825;2019-04-11 17:40:30.0;
14;29819;2019-04-11 17:40:36.0;
14;29817.5;2019-04-11 17:40:39.0;
14;29817;2019-04-11 17:40:44.0;
14;29815;2019-04-11 17:40:46.0;
14;29816.5;2019-04-11 17:40:52.0;
14;29815.5;2019-04-11 17:40:55.0;
14;29816.5;2019-04-11 17:40:56.0;
14;29815;2019-04-11 17:40:58.0;
14;29806.5;2019-04-11 17:41:03.0;
14;29810;2019-04-11 17:41:09.0;
14;29809.5;2019-04-11 17:41:11.0;
14;29810.5;2019-04-11 17:41:17.0;
14;29811.5;2019-04-11 17:41:18.0;
14;29815.5;2019-04-11 17:41:27.0;
14;29817;2019-04-11 17:41:33.0;
14;29817.5;2019-04-11 17:41:35.0;
14;29821;2019-04-11 17:41:40.0;
14;29818;2019-04-11 17:41:44.0;
14;29817;2019-04-11 17:41:48.0;
14;29819.5;2019-04-11 17:42:03.0;
14;29815;2019-04-11 17:42:19.0;
14;29809.5;2019-04-11 17:42:27.0;
14;29810;2019-04-11 17:42:35.0;
14;29809.5;2019-04-11 17:42:36.0;
14;29810;2019-04-11 17:42:37.0;
14;29808.5;2019-04-11 17:42:40.0;
14;29807;2019-04-11 17:42:44.0;
14;29806.5;2019-04-11 17:42:47.0;
14;29807;2019-04-11 17:42:49.0;
14;29804;2019-04-11 17:42:51.0;
14;29808;2019-04-11 17:42:59.0;
14;29806;2019-04-11 17:43:02.0;
14;29808;2019-04-11 17:43:04.0;
14;29806;2019-04-11 17:43:05.0;
14;29805.5;2019-04-11 17:43:11.0;
14;29801.5;2019-04-11 17:43:14.0;
14;29806;2019-04-11 17:43:17.0;
14;29810;2019-04-11 17:43:20.0;
14;29806;2019-04-11 17:43:21.0;
14;29805;2019-04-11 17:43:23.0;
14;29802.5;2019-04-11 17:43:30.0;
14;29806;2019-04-11 17:43:35.0;
14;29805.5;2019-04-11 17:43:40.0;
14;29806.5;2019-04-11 17:43:43.0;
14;29807;2019-04-11 17:43:48.0;
14;29807.5;2019-04-11 17:44:03.0;
14;29807;2019-04-11 17:44:06.0;
14;29807.5;2019-04-11 17:44:07.0;
14;29810;2019-04-11 17:44:08.0;
14;29808.5;2019-04-11 17:44:11.0;
14;29808;2019-04-11 17:44:18.0;
14;29804.5;2019-04-11 17:44:19.0;
14;29802.5;2019-04-11 17:44:24.0;
14;29797.5;2019-04-11 17:44:27.0;
14;29799.5;2019-04-11 17:44:31.0;
14;29805;2019-04-11 17:44:37.0;
14;29805.5;2019-04-11 17:44:39.0;
14;29808;2019-04-11 17:44:45.0;
14;29809.5;2019-04-11 17:44:48.0;
14;29808;2019-04-11 17:44:49.0;
14;29810;2019-04-11 17:44:51.0;
14;29810.5;2019-04-11 17:44:58.0;
14;29809.5;2019-04-11 17:45:00.0;
14;29810.5;2019-04-11 17:45:01.0;
14;29809.5;2019-04-11 17:45:04.0;
14;29808.5;2019-04-11 17:45:05.0;
14;29811.5;2019-04-11 17:45:08.0;
14;29808.5;2019-04-11 17:45:09.0;
14;29813;2019-04-11 17:45:12.0;
14;29810;2019-04-11 17:45:17.0;
14;29807.5;2019-04-11 17:45:21.0;
14;29809.5;2019-04-11 17:45:22.0;
14;29810;2019-04-11 17:45:31.0;
14;29808.5;2019-04-11 17:45:32.0;
14;29808;2019-04-11 17:45:36.0;
14;29811.5;2019-04-11 17:45:43.0;
14;29816.5;2019-04-11 17:45:48.0;
14;29816;2019-04-11 17:46:05.0;
14;29815.5;2019-04-11 17:46:09.0;
14;29819.5;2019-04-11 17:46:10.0;
14;29815.5;2019-04-11 17:46:12.0;
14;29819.5;2019-04-11 17:46:14.0;
14;29818;2019-04-11 17:46:15.0;
14;29821;2019-04-11 17:46:21.0;
14;29818;2019-04-11 17:46:22.0;
14;29819.5;2019-04-11 17:46:24.0;
14;29819;2019-04-11 17:46:31.0;
14;29820.5;2019-04-11 17:46:34.0;
14;29821.5;2019-04-11 17:46:40.0;
14;29820;2019-04-11 17:46:46.0;
14;29820.5;2019-04-11 17:46:47.0;
14;29821;2019-04-11 17:46:53.0;
14;29823.5;2019-04-11 17:46:54.0;
14;29821;2019-04-11 17:46:56.0;
14;29821.5;2019-04-11 17:46:59.0;
14;29822.5;2019-04-11 17:47:06.0;
14;29823;2019-04-11 17:47:07.0;
14;29824;2019-04-11 17:47:10.0;
14;29823;2019-04-11 17:47:11.0;
14;29824;2019-04-11 17:47:13.0;
14;29825;2019-04-11 17:47:16.0;
14;29824;2019-04-11 17:47:19.0;
14;29824.5;2019-04-11 17:47:23.0;
14;29826.5;2019-04-11 17:47:30.0;
14;29824;2019-04-11 17:47:36.0;
14;29823.5;2019-04-11 17:47:37.0;
14;29824;2019-04-11 17:47:39.0;
14;29822;2019-04-11 17:47:40.0;
14;29822.5;2019-04-11 17:47:44.0;
14;29822;2019-04-11 17:47:45.0;
14;29822.5;2019-04-11 17:47:46.0;
14;29824;2019-04-11 17:47:49.0;
14;29826;2019-04-11 17:48:03.0;
14;29824;2019-04-11 17:48:05.0;
14;29826;2019-04-11 17:48:06.0;
14;29827;2019-04-11 17:48:11.0;
14;29826;2019-04-11 17:48:19.0;
14;29827.5;2019-04-11 17:48:24.0;
14;29827;2019-04-11 17:48:27.0;
14;29828;2019-04-11 17:48:35.0;
14;29827;2019-04-11 17:48:36.0;
14;29828;2019-04-11 17:48:38.0;
14;29826.5;2019-04-11 17:48:45.0;
14;29829;2019-04-11 17:48:48.0;
14;29831.5;2019-04-11 17:48:55.0;
14;29831;2019-04-11 17:49:00.0;
14;29830.5;2019-04-11 17:49:03.0;
14;29831;2019-04-11 17:49:04.0;
14;29830.5;2019-04-11 17:49:05.0;
14;29829.5;2019-04-11 17:49:11.0;
14;29828;2019-04-11 17:49:16.0;
14;29826.5;2019-04-11 17:49:18.0;
14;29829.5;2019-04-11 17:49:24.0;
14;29828.5;2019-04-11 17:49:27.0;
14;29828;2019-04-11 17:49:31.0;
14;29828.5;2019-04-11 17:49:38.0;
14;29828;2019-04-11 17:49:40.0;
14;29828.5;2019-04-11 17:49:42.0;
14;29829;2019-04-11 17:49:44.0;
14;29830;2019-04-11 17:50:10.0;
14;29830.5;2019-04-11 17:50:13.0;
14;29830;2019-04-11 17:50:16.0;
14;29830.5;2019-04-11 17:50:20.0;
14;29832.5;2019-04-11 17:50:23.0;
14;29831.5;2019-04-11 17:50:32.0;
14;29831;2019-04-11 17:50:36.0;
14;29831.5;2019-04-11 17:50:38.0;
14;29831;2019-04-11 17:50:39.0;
14;29831.5;2019-04-11 17:50:41.0;
14;29832;2019-04-11 17:50:43.0;
14;29831.5;2019-04-11 17:50:44.0;
14;29832;2019-04-11 17:50:45.0;
14;29834;2019-04-11 17:50:51.0;
14;29832;2019-04-11 17:50:52.0;
14;29834;2019-04-11 17:50:54.0;
14;29834.5;2019-04-11 17:50:58.0;
14;29835;2019-04-11 17:51:01.0;
14;29834.5;2019-04-11 17:51:04.0;
14;29835;2019-04-11 17:51:08.0;
14;29838;2019-04-11 17:51:18.0;
14;29837.5;2019-04-11 17:51:27.0;
14;29838;2019-04-11 17:51:28.0;
14;29837.5;2019-04-11 17:51:29.0;
14;29839;2019-04-11 17:51:32.0;
14;29838.5;2019-04-11 17:51:35.0;
14;29837;2019-04-11 17:51:40.0;
14;29835.5;2019-04-11 17:51:43.0;
14;29836;2019-04-11 17:51:49.0;
14;29833.5;2019-04-11 17:52:04.0;
14;29829.5;2019-04-11 17:52:09.0;
14;29827;2019-04-11 17:52:10.0;
14;29828;2019-04-11 17:52:21.0;
14;29827;2019-04-11 17:52:22.0;
14;29828;2019-04-11 17:52:24.0;
14;29830;2019-04-11 17:52:25.0;
14;29828.5;2019-04-11 17:52:28.0;
14;29826.5;2019-04-11 17:52:34.0;
14;29828;2019-04-11 17:52:35.0;
14;29830;2019-04-11 17:52:42.0;
14;29829;2019-04-11 17:52:43.0;
14;29830;2019-04-11 17:52:44.0;
14;29829;2019-04-11 17:52:46.0;
14;29829.5;2019-04-11 17:52:49.0;
14;29830;2019-04-11 17:52:51.0;
14;29829.5;2019-04-11 17:52:57.0;
14;29828.5;2019-04-11 17:53:03.0;
14;29829;2019-04-11 17:53:07.0;
14;29828;2019-04-11 17:53:12.0;
14;29827.5;2019-04-11 17:53:18.0;
14;29828;2019-04-11 17:53:19.0;
14;29825;2019-04-11 17:53:23.0;
14;29826;2019-04-11 17:53:28.0;
14;29823.5;2019-04-11 17:53:34.0;
14;29825;2019-04-11 17:53:37.0;
14;29825.5;2019-04-11 17:53:42.0;
14;29825;2019-04-11 17:53:47.0;
14;29822.5;2019-04-11 17:54:04.0;
14;29823;2019-04-11 17:54:10.0;
14;29825.5;2019-04-11 17:54:14.0;
14;29824.5;2019-04-11 17:54:19.0;
14;29827.5;2019-04-11 17:54:26.0;
14;29824.5;2019-04-11 17:54:28.0;
14;29827.5;2019-04-11 17:54:30.0;
14;29826.5;2019-04-11 17:54:32.0;
14;29825.5;2019-04-11 17:54:38.0;
14;29826;2019-04-11 17:54:39.0;
14;29825.5;2019-04-11 17:54:40.0;
14;29826;2019-04-11 17:54:42.0;
14;29828;2019-04-11 17:54:45.0;
14;29830;2019-04-11 17:54:53.0;
14;29829;2019-04-11 17:54:57.0;
14;29824;2019-04-11 17:55:03.0;
14;29820;2019-04-11 17:55:07.0;
14;29824.5;2019-04-11 17:55:11.0;
14;29820;2019-04-11 17:55:13.0;
14;29824.5;2019-04-11 17:55:15.0;
14;29824;2019-04-11 17:55:25.0;
14;29825.5;2019-04-11 17:55:26.0;
14;29824;2019-04-11 17:55:28.0;
14;29825.5;2019-04-11 17:55:29.0;
14;29825;2019-04-11 17:55:32.0;
14;29826.5;2019-04-11 17:55:35.0;
14;29827.5;2019-04-11 17:55:40.0;
14;29828;2019-04-11 17:55:42.0;
14;29833;2019-04-11 17:56:03.0;
14;29832.5;2019-04-11 17:56:08.0;
14;29832;2019-04-11 17:56:13.0;
14;29835.5;2019-04-11 17:56:17.0;
14;29836;2019-04-11 17:56:20.0;
14;29835.5;2019-04-11 17:56:23.0;
14;29836;2019-04-11 17:56:24.0;
14;29835;2019-04-11 17:56:26.0;
14;29834.5;2019-04-11 17:56:45.0;
14;29835;2019-04-11 17:56:48.0;
14;29834.5;2019-04-11 17:56:55.0;
14;29835;2019-04-11 17:56:57.0;
14;29834.5;2019-04-11 17:56:58.0;
14;29833.5;2019-04-11 17:57:00.0;
14;29832;2019-04-11 17:57:05.0;
14;29835;2019-04-11 17:57:09.0;
14;29832;2019-04-11 17:57:10.0;
14;29835;2019-04-11 17:57:12.0;
14;29836.5;2019-04-11 17:57:15.0;
14;29835.5;2019-04-11 17:57:19.0;
14;29836;2019-04-11 17:57:27.0;
14;29835;2019-04-11 17:57:34.0;
14;29836.5;2019-04-11 17:57:43.0;
14;29837.5;2019-04-11 17:57:48.0;
14;29837;2019-04-11 17:58:03.0;
14;29836;2019-04-11 17:58:07.0;
14;29835.5;2019-04-11 17:58:14.0;
14;29836.5;2019-04-11 17:58:16.0;
14;29836;2019-04-11 17:58:22.0;
14;29836.5;2019-04-11 17:58:26.0;
14;29837;2019-04-11 17:58:29.0;
14;29841;2019-04-11 17:58:36.0;
14;29839.5;2019-04-11 17:58:39.0;
14;29841;2019-04-11 17:58:42.0;
14;29839.5;2019-04-11 17:58:43.0;
14;29837;2019-04-11 17:58:45.0;
14;29836.5;2019-04-11 17:58:46.0;
14;29836;2019-04-11 17:58:51.0;
14;29835.5;2019-04-11 17:58:56.0;
14;29836;2019-04-11 17:59:01.0;
14;29836.5;2019-04-11 17:59:03.0;
14;29837;2019-04-11 17:59:10.0;
14;29835.5;2019-04-11 17:59:12.0;
14;29837;2019-04-11 17:59:14.0;
14;29837.5;2019-04-11 17:59:15.0;
14;29838;2019-04-11 17:59:19.0;
14;29837.5;2019-04-11 17:59:21.0;
14;29838;2019-04-11 17:59:23.0;
14;29837;2019-04-11 17:59:25.0;
14;29836.5;2019-04-11 17:59:27.0;
14;29835.5;2019-04-11 17:59:33.0;
14;29836.5;2019-04-11 17:59:36.0;
14;29837;2019-04-11 17:59:43.0;
14;29836.5;2019-04-11 17:59:44.0;
14;29837;2019-04-11 17:59:45.0;
14;29835.5;2019-04-11 18:00:06.0;
14;29839;2019-04-11 18:00:09.0;
14;29839.5;2019-04-11 18:00:14.0;
14;29838;2019-04-11 18:00:15.0;
14;29836;2019-04-11 18:00:21.0;
14;29837;2019-04-11 18:00:27.0;
14;29836.5;2019-04-11 18:00:34.0;
14;29835.5;2019-04-11 18:00:36.0;
14;29834;2019-04-11 18:00:40.0;
14;29835;2019-04-11 18:00:47.0;
14;29834;2019-04-11 18:00:53.0;
14;29835;2019-04-11 18:01:09.0;
14;29835.5;2019-04-11 18:01:17.0;
14;29836;2019-04-11 18:01:21.0;
14;29835;2019-04-11 18:01:28.0;
14;29834.5;2019-04-11 18:01:34.0;
14;29837;2019-04-11 18:01:36.0;
14;29834.5;2019-04-11 18:01:37.0;
14;29837;2019-04-11 18:01:39.0;
14;29837.5;2019-04-11 18:01:48.0;
14;29837;2019-04-11 18:01:49.0;
14;29837.5;2019-04-11 18:01:52.0;
14;29837;2019-04-11 18:02:03.0;
14;29836;2019-04-11 18:02:08.0;
14;29835.5;2019-04-11 18:02:10.0;
14;29835;2019-04-11 18:02:17.0;
14;29834;2019-04-11 18:02:19.0;
14;29835;2019-04-11 18:02:20.0;
14;29834;2019-04-11 18:02:22.0;
14;29835;2019-04-11 18:02:28.0;
14;29836;2019-04-11 18:02:41.0;
14;29835;2019-04-11 18:02:42.0;
14;29836;2019-04-11 18:02:44.0;
14;29838.5;2019-04-11 18:02:45.0;
14;29839;2019-04-11 18:02:47.0;
14;29838.5;2019-04-11 18:02:48.0;
14;29839;2019-04-11 18:02:50.0;
14;29837;2019-04-11 18:02:53.0;
14;29837.5;2019-04-11 18:03:04.0;
14;29838.5;2019-04-11 18:03:08.0;
14;29838;2019-04-11 18:03:12.0;
14;29837;2019-04-11 18:03:15.0;
14;29838;2019-04-11 18:03:16.0;
14;29837;2019-04-11 18:03:17.0;
14;29836.5;2019-04-11 18:03:19.0;
14;29837;2019-04-11 18:03:36.0;
14;29835.5;2019-04-11 18:03:46.0;
14;29835;2019-04-11 18:03:49.0;
14;29836.5;2019-04-11 18:04:03.0;
14;29837.5;2019-04-11 18:04:06.0;
14;29836.5;2019-04-11 18:04:09.0;
14;29837.5;2019-04-11 18:04:10.0;
14;29838.5;2019-04-11 18:04:12.0;
14;29838;2019-04-11 18:04:14.0;
14;29839.5;2019-04-11 18:04:20.0;
14;29838;2019-04-11 18:04:21.0;
14;29840;2019-04-11 18:04:23.0;
14;29839.5;2019-04-11 18:04:24.0;
14;29840;2019-04-11 18:04:26.0;
14;29840.5;2019-04-11 18:04:33.0;
14;29841;2019-04-11 18:04:34.0;
14;29840.5;2019-04-11 18:04:37.0;
14;29840;2019-04-11 18:04:38.0;
14;29840.5;2019-04-11 18:04:53.0;
14;29840;2019-04-11 18:04:56.0;
14;29840.5;2019-04-11 18:04:57.0;
14;29842;2019-04-11 18:04:59.0;
14;29841;2019-04-11 18:05:03.0;
14;29839;2019-04-11 18:05:06.0;
14;29841;2019-04-11 18:05:12.0;
14;29838.5;2019-04-11 18:05:13.0;
14;29841;2019-04-11 18:05:15.0;
14;29838;2019-04-11 18:05:17.0;
14;29841;2019-04-11 18:05:25.0;
14;29840.5;2019-04-11 18:05:26.0;
14;29841;2019-04-11 18:05:29.0;
14;29840.5;2019-04-11 18:05:31.0;
14;29839;2019-04-11 18:05:33.0;
14;29837.5;2019-04-11 18:05:38.0;
14;29839;2019-04-11 18:05:42.0;
14;29840;2019-04-11 18:05:47.0;
14;29838.5;2019-04-11 18:06:04.0;
14;29841;2019-04-11 18:06:13.0;
14;29842.5;2019-04-11 18:06:16.0;
14;29841;2019-04-11 18:06:18.0;
14;29841.5;2019-04-11 18:06:19.0;
14;29842;2019-04-11 18:06:25.0;
14;29840.5;2019-04-11 18:06:29.0;
14;29841;2019-04-11 18:06:33.0;
14;29842;2019-04-11 18:06:37.0;
14;29841.5;2019-04-11 18:06:39.0;
14;29841;2019-04-11 18:06:46.0;
14;29840.5;2019-04-11 18:06:49.0;
14;29841;2019-04-11 18:06:54.0;
14;29840;2019-04-11 18:07:00.0;
14;29841.5;2019-04-11 18:07:03.0;
14;29840;2019-04-11 18:07:04.0;
14;29841.5;2019-04-11 18:07:06.0;
14;29841;2019-04-11 18:07:09.0;
14;29842.5;2019-04-11 18:07:12.0;
14;29841;2019-04-11 18:07:15.0;
14;29841.5;2019-04-11 18:07:22.0;
14;29842;2019-04-11 18:07:35.0;
14;29841.5;2019-04-11 18:07:44.0;
14;29837.5;2019-04-11 18:08:03.0;
14;29841.5;2019-04-11 18:08:04.0;
14;29837.5;2019-04-11 18:08:05.0;
14;29836.5;2019-04-11 18:08:08.0;
14;29837;2019-04-11 18:08:11.0;
14;29836.5;2019-04-11 18:08:14.0;
14;29839;2019-04-11 18:08:16.0;
14;29837;2019-04-11 18:08:19.0;
14;29837.5;2019-04-11 18:08:26.0;
14;29834;2019-04-11 18:08:35.0;
14;29835;2019-04-11 18:08:41.0;
14;29834;2019-04-11 18:08:57.0;
14;29833;2019-04-11 18:09:03.0;
14;29834;2019-04-11 18:09:04.0;
14;29833;2019-04-11 18:09:05.0;
14;29834;2019-04-11 18:09:08.0;
14;29833.5;2019-04-11 18:09:14.0;
14;29834;2019-04-11 18:09:21.0;
14;29835;2019-04-11 18:09:31.0;
14;29834;2019-04-11 18:09:32.0;
14;29835;2019-04-11 18:09:33.0;
14;29832.5;2019-04-11 18:09:44.0;
14;29830;2019-04-11 18:09:51.0;
14;29830.5;2019-04-11 18:10:04.0;
14;29831.5;2019-04-11 18:10:07.0;
14;29833.5;2019-04-11 18:10:10.0;
14;29834;2019-04-11 18:10:13.0;
14;29835;2019-04-11 18:10:20.0;
14;29833.5;2019-04-11 18:10:47.0;
14;29831;2019-04-11 18:10:50.0;
14;29833.5;2019-04-11 18:10:52.0;
14;29831;2019-04-11 18:10:53.0;
14;29831.5;2019-04-11 18:10:58.0;
14;29830;2019-04-11 18:11:06.0;
14;29828.5;2019-04-11 18:11:22.0;
14;29830;2019-04-11 18:11:27.0;
14;29831;2019-04-11 18:11:29.0;
14;29831.5;2019-04-11 18:11:34.0;
14;29831;2019-04-11 18:11:35.0;
14;29831.5;2019-04-11 18:11:37.0;
14;29829.5;2019-04-11 18:11:42.0;
14;29826.5;2019-04-11 18:11:47.0;
14;29829;2019-04-11 18:12:05.0;
14;29826.5;2019-04-11 18:12:06.0;
14;29829;2019-04-11 18:12:07.0;
14;29827;2019-04-11 18:12:10.0;
14;29829;2019-04-11 18:12:12.0;
14;29827;2019-04-11 18:12:13.0;
14;29828;2019-04-11 18:12:20.0;
14;29827.5;2019-04-11 18:12:26.0;
14;29827;2019-04-11 18:12:31.0;
14;29827.5;2019-04-11 18:12:43.0;
14;29826.5;2019-04-11 18:12:47.0;
14;29827.5;2019-04-11 18:12:48.0;
14;29826;2019-04-11 18:12:51.0;
14;29825.5;2019-04-11 18:12:59.0;
14;29826;2019-04-11 18:13:03.0;
14;29825.5;2019-04-11 18:13:05.0;
14;29826;2019-04-11 18:13:06.0;
14;29824.5;2019-04-11 18:13:07.0;
14;29824;2019-04-11 18:13:13.0;
14;29825;2019-04-11 18:13:18.0;
14;29824;2019-04-11 18:13:26.0;
14;29825;2019-04-11 18:13:27.0;
14;29824;2019-04-11 18:13:29.0;
14;29822.5;2019-04-11 18:13:30.0;
14;29823.5;2019-04-11 18:13:36.0;
14;29824;2019-04-11 18:13:40.0;
14;29825;2019-04-11 18:14:03.0;
14;29824.5;2019-04-11 18:14:07.0;
14;29825;2019-04-11 18:14:08.0;
14;29824.5;2019-04-11 18:14:10.0;
14;29825;2019-04-11 18:14:12.0;
14;29823;2019-04-11 18:14:17.0;
14;29825.5;2019-04-11 18:14:19.0;
14;29825;2019-04-11 18:14:27.0;
14;29823.5;2019-04-11 18:14:33.0;
14;29824.5;2019-04-11 18:14:37.0;
14;29824;2019-04-11 18:14:39.0;
14;29824.5;2019-04-11 18:14:40.0;
14;29825.5;2019-04-11 18:14:49.0;
14;29826.5;2019-04-11 18:14:54.0;
14;29827;2019-04-11 18:14:56.0;
14;29826.5;2019-04-11 18:14:59.0;
14;29828;2019-04-11 18:15:00.0;
14;29827;2019-04-11 18:15:03.0;
14;29828;2019-04-11 18:15:05.0;
14;29826;2019-04-11 18:15:08.0;
14;29824;2019-04-11 18:15:13.0;
14;29825.5;2019-04-11 18:15:16.0;
14;29825;2019-04-11 18:15:21.0;
14;29825.5;2019-04-11 18:15:34.0;
14;29825;2019-04-11 18:15:35.0;
14;29823.5;2019-04-11 18:15:44.0;
14;29821;2019-04-11 18:16:06.0;
14;29823.5;2019-04-11 18:16:07.0;
14;29821;2019-04-11 18:16:08.0;
14;29820.5;2019-04-11 18:16:10.0;
14;29820;2019-04-11 18:16:11.0;
14;29819;2019-04-11 18:16:17.0;
14;29819.5;2019-04-11 18:16:18.0;
14;29820.5;2019-04-11 18:16:24.0;
14;29819;2019-04-11 18:16:32.0;
14;29818;2019-04-11 18:16:35.0;
14;29819;2019-04-11 18:16:36.0;
14;29816;2019-04-11 18:16:39.0;
14;29816.5;2019-04-11 18:16:45.0;
14;29818;2019-04-11 18:16:51.0;
14;29817.5;2019-04-11 18:16:59.0;
14;29818.5;2019-04-11 18:17:06.0;
14;29817.5;2019-04-11 18:17:08.0;
14;29818.5;2019-04-11 18:17:10.0;
14;29819;2019-04-11 18:17:17.0;
14;29818;2019-04-11 18:17:21.0;
14;29816.5;2019-04-11 18:17:25.0;
14;29816;2019-04-11 18:17:27.0;
14;29818;2019-04-11 18:17:31.0;
14;29816;2019-04-11 18:17:34.0;
14;29818;2019-04-11 18:17:35.0;
14;29818.5;2019-04-11 18:17:37.0;
14;29819.5;2019-04-11 18:17:45.0;
14;29819;2019-04-11 18:17:48.0;
14;29821;2019-04-11 18:18:05.0;
14;29820.5;2019-04-11 18:18:12.0;
14;29820;2019-04-11 18:18:20.0;
14;29821;2019-04-11 18:18:23.0;
14;29822;2019-04-11 18:18:30.0;
14;29821;2019-04-11 18:18:32.0;
14;29822;2019-04-11 18:18:34.0;
14;29824.5;2019-04-11 18:18:43.0;
14;29824;2019-04-11 18:18:47.0;
14;29824.5;2019-04-11 18:18:48.0;
14;29824;2019-04-11 18:18:49.0;
14;29823;2019-04-11 18:18:55.0;
14;29824.5;2019-04-11 18:19:03.0;
14;29825;2019-04-11 18:19:07.0;
14;29824.5;2019-04-11 18:19:20.0;
14;29825;2019-04-11 18:19:23.0;
14;29824.5;2019-04-11 18:19:25.0;
14;29823.5;2019-04-11 18:19:33.0;
14;29823;2019-04-11 18:19:47.0;
14;29822.5;2019-04-11 18:19:48.0;
14;29823;2019-04-11 18:19:50.0;
14;29822.5;2019-04-11 18:19:51.0;
14;29824.5;2019-04-11 18:20:05.0;
14;29825;2019-04-11 18:20:09.0;
14;29824.5;2019-04-11 18:20:11.0;
14;29825;2019-04-11 18:20:12.0;
14;29824.5;2019-04-11 18:20:18.0;
14;29823.5;2019-04-11 18:20:21.0;
14;29824;2019-04-11 18:20:24.0;
14;29824.5;2019-04-11 18:20:27.0;
14;29823;2019-04-11 18:20:32.0;
14;29824.5;2019-04-11 18:20:34.0;
14;29823;2019-04-11 18:20:36.0;
14;29826;2019-04-11 18:20:40.0;
14;29823;2019-04-11 18:20:43.0;
14;29827;2019-04-11 18:20:45.0;
14;29826;2019-04-11 18:20:49.0;
14;29825;2019-04-11 18:21:03.0;
14;29824.5;2019-04-11 18:21:08.0;
14;29826;2019-04-11 18:21:14.0;
14;29824.5;2019-04-11 18:21:15.0;
14;29825;2019-04-11 18:21:19.0;
14;29823.5;2019-04-11 18:21:24.0;
14;29822;2019-04-11 18:21:28.0;
14;29820.5;2019-04-11 18:21:35.0;
14;29819.5;2019-04-11 18:21:39.0;
14;29820;2019-04-11 18:21:42.0;
14;29819.5;2019-04-11 18:21:44.0;
14;29820;2019-04-11 18:21:45.0;
14;29822;2019-04-11 18:21:47.0;
14;29819;2019-04-11 18:22:04.0;
14;29821;2019-04-11 18:22:10.0;
14;29822.5;2019-04-11 18:22:16.0;
14;29824;2019-04-11 18:22:22.0;
14;29826.5;2019-04-11 18:22:32.0;
14;29824;2019-04-11 18:22:33.0;
14;29825.5;2019-04-11 18:22:35.0;
14;29826.5;2019-04-11 18:22:36.0;
14;29825.5;2019-04-11 18:22:38.0;
14;29828;2019-04-11 18:22:43.0;
14;29826.5;2019-04-11 18:22:56.0;
14;29824.5;2019-04-11 18:22:59.0;
14;29827;2019-04-11 18:23:03.0;
14;29827.5;2019-04-11 18:23:07.0;
14;29825.5;2019-04-11 18:23:11.0;
14;29827;2019-04-11 18:23:16.0;
14;29827.5;2019-04-11 18:23:20.0;
14;29828;2019-04-11 18:23:23.0;
14;29827;2019-04-11 18:23:30.0;
14;29826.5;2019-04-11 18:23:31.0;
14;29827;2019-04-11 18:23:34.0;
14;29827.5;2019-04-11 18:23:41.0;
14;29828.5;2019-04-11 18:24:03.0;
14;29828;2019-04-11 18:24:06.0;
14;29829.5;2019-04-11 18:24:20.0;
14;29830.5;2019-04-11 18:24:26.0;
14;29829.5;2019-04-11 18:24:27.0;
14;29831;2019-04-11 18:24:28.0;
14;29830;2019-04-11 18:24:35.0;
14;29826.5;2019-04-11 18:25:13.0;
14;29827;2019-04-11 18:25:15.0;
14;29824.5;2019-04-11 18:25:20.0;
14;29826;2019-04-11 18:25:25.0;
14;29828;2019-04-11 18:25:29.0;
14;29825.5;2019-04-11 18:25:33.0;
14;29826;2019-04-11 18:25:37.0;
14;29824.5;2019-04-11 18:25:40.0;
14;29826;2019-04-11 18:25:44.0;
14;29822.5;2019-04-11 18:26:03.0;
14;29823;2019-04-11 18:26:09.0;
14;29822.5;2019-04-11 18:26:10.0;
14;29823;2019-04-11 18:26:13.0;
14;29822.5;2019-04-11 18:26:14.0;
14;29823;2019-04-11 18:26:16.0;
14;29823.5;2019-04-11 18:26:19.0;
14;29823;2019-04-11 18:26:21.0;
14;29823.5;2019-04-11 18:26:22.0;
14;29823;2019-04-11 18:26:25.0;
14;29821.5;2019-04-11 18:26:29.0;
14;29821;2019-04-11 18:26:34.0;
14;29821.5;2019-04-11 18:26:41.0;
14;29821;2019-04-11 18:26:45.0;
14;29821.5;2019-04-11 18:26:51.0;
14;29822;2019-04-11 18:26:56.0;
14;29821.5;2019-04-11 18:26:57.0;
14;29822;2019-04-11 18:26:58.0;
14;29820.5;2019-04-11 18:27:03.0;
14;29822;2019-04-11 18:27:05.0;
14;29820.5;2019-04-11 18:27:06.0;
14;29821;2019-04-11 18:27:09.0;
14;29820.5;2019-04-11 18:27:14.0;
14;29821.5;2019-04-11 18:27:26.0;
14;29822;2019-04-11 18:27:28.0;
14;29821.5;2019-04-11 18:27:30.0;
14;29824;2019-04-11 18:27:31.0;
14;29822;2019-04-11 18:27:33.0;
14;29824;2019-04-11 18:27:34.0;
14;29825.5;2019-04-11 18:27:36.0;
14;29826;2019-04-11 18:27:39.0;
14;29824;2019-04-11 18:28:03.0;
14;29826;2019-04-11 18:28:05.0;
14;29824;2019-04-11 18:28:06.0;
14;29823.5;2019-04-11 18:28:08.0;
14;29824;2019-04-11 18:28:09.0;
14;29821.5;2019-04-11 18:28:12.0;
14;29823;2019-04-11 18:28:18.0;
14;29822;2019-04-11 18:28:19.0;
14;29822.5;2019-04-11 18:28:29.0;
14;29823;2019-04-11 18:28:34.0;
14;29820.5;2019-04-11 18:28:50.0;
14;29821.5;2019-04-11 18:28:51.0;
14;29820.5;2019-04-11 18:28:55.0;
14;29820;2019-04-11 18:29:01.0;
14;29818.5;2019-04-11 18:29:03.0;
14;29820;2019-04-11 18:29:04.0;
14;29818.5;2019-04-11 18:29:07.0;
14;29819;2019-04-11 18:29:08.0;
14;29818;2019-04-11 18:29:11.0;
14;29819;2019-04-11 18:29:12.0;
14;29818;2019-04-11 18:29:14.0;
14;29818.5;2019-04-11 18:29:18.0;
14;29819.5;2019-04-11 18:29:25.0;
14;29820;2019-04-11 18:29:33.0;
14;29819;2019-04-11 18:29:37.0;
14;29820;2019-04-11 18:29:38.0;
14;29819.5;2019-04-11 18:29:40.0;
14;29820;2019-04-11 18:29:47.0;
14;29821.5;2019-04-11 18:30:04.0;
14;29821;2019-04-11 18:30:09.0;
14;29820.5;2019-04-11 18:30:16.0;
14;29820;2019-04-11 18:30:21.0;
14;29819;2019-04-11 18:30:25.0;
14;29818.5;2019-04-11 18:30:27.0;
14;29820.5;2019-04-11 18:30:31.0;
14;29823;2019-04-11 18:30:36.0;
14;29822;2019-04-11 18:30:41.0;
14;29820;2019-04-11 18:30:47.0;
14;29822;2019-04-11 18:30:49.0;
14;29820;2019-04-11 18:30:50.0;
14;29820.5;2019-04-11 18:30:56.0;
14;29820;2019-04-11 18:30:57.0;
14;29820.5;2019-04-11 18:30:58.0;
14;29819.5;2019-04-11 18:31:01.0;
14;29820;2019-04-11 18:31:06.0;
14;29820.5;2019-04-11 18:31:25.0;
14;29820;2019-04-11 18:31:26.0;
14;29821;2019-04-11 18:31:28.0;
14;29822.5;2019-04-11 18:31:35.0;
14;29821;2019-04-11 18:31:37.0;
14;29822.5;2019-04-11 18:31:39.0;
14;29823;2019-04-11 18:31:40.0;
14;29824;2019-04-11 18:31:43.0;
14;29823;2019-04-11 18:31:49.0;
14;29827;2019-04-11 18:32:04.0;
14;29825;2019-04-11 18:32:08.0;
14;29825.5;2019-04-11 18:32:22.0;
14;29826;2019-04-11 18:32:23.0;
14;29824.5;2019-04-11 18:32:31.0;
14;29824;2019-04-11 18:32:39.0;
14;29824.5;2019-04-11 18:32:42.0;
14;29825.5;2019-04-11 18:32:44.0;
14;29828.5;2019-04-11 18:32:48.0;
14;29827.5;2019-04-11 18:32:54.0;
14;29832;2019-04-11 18:32:55.0;
14;29827.5;2019-04-11 18:32:57.0;
14;29833;2019-04-11 18:32:59.0;
14;29833.5;2019-04-11 18:33:06.0;
14;29831.5;2019-04-11 18:33:08.0;
14;29830.5;2019-04-11 18:33:11.0;
14;29831.5;2019-04-11 18:33:12.0;
14;29830.5;2019-04-11 18:33:14.0;
14;29831;2019-04-11 18:33:15.0;
14;29829;2019-04-11 18:33:36.0;
14;29828;2019-04-11 18:33:42.0;
14;29829;2019-04-11 18:33:44.0;
14;29830;2019-04-11 18:34:03.0;
14;29829;2019-04-11 18:34:04.0;
14;29830;2019-04-11 18:34:05.0;
14;29826.5;2019-04-11 18:34:07.0;
14;29828.5;2019-04-11 18:34:11.0;
14;29829;2019-04-11 18:34:20.0;
14;29828.5;2019-04-11 18:34:21.0;
14;29829;2019-04-11 18:34:23.0;
14;29828.5;2019-04-11 18:34:24.0;
14;29827.5;2019-04-11 18:34:28.0;
14;29828.5;2019-04-11 18:34:29.0;
14;29829;2019-04-11 18:34:30.0;
14;29828;2019-04-11 18:34:38.0;
14;29829;2019-04-11 18:34:46.0;
14;29826;2019-04-11 18:34:49.0;
14;29827;2019-04-11 18:34:54.0;
14;29827.5;2019-04-11 18:34:55.0;
14;29828;2019-04-11 18:34:59.0;
14;29828.5;2019-04-11 18:35:06.0;
14;29827;2019-04-11 18:35:07.0;
14;29828.5;2019-04-11 18:35:10.0;
14;29826.5;2019-04-11 18:35:11.0;
14;29827;2019-04-11 18:35:15.0;
14;29827.5;2019-04-11 18:35:22.0;
14;29828;2019-04-11 18:35:23.0;
14;29827.5;2019-04-11 18:35:25.0;
14;29828;2019-04-11 18:35:26.0;
14;29827;2019-04-11 18:35:29.0;
14;29826;2019-04-11 18:35:35.0;
14;29825.5;2019-04-11 18:35:47.0;
14;29826;2019-04-11 18:35:50.0;
14;29825.5;2019-04-11 18:35:52.0;
14;29826;2019-04-11 18:36:05.0;
14;29825.5;2019-04-11 18:36:12.0;
14;29823.5;2019-04-11 18:36:15.0;
14;29823;2019-04-11 18:36:21.0;
14;29823.5;2019-04-11 18:36:22.0;
14;29821.5;2019-04-11 18:36:24.0;
14;29825;2019-04-11 18:36:31.0;
14;29824;2019-04-11 18:36:37.0;
14;29825;2019-04-11 18:36:38.0;
14;29824.5;2019-04-11 18:36:40.0;
14;29825;2019-04-11 18:36:45.0;
14;29826;2019-04-11 18:36:47.0;
14;29825;2019-04-11 18:36:50.0;
14;29826;2019-04-11 18:36:51.0;
14;29827;2019-04-11 18:36:54.0;
14;29824.5;2019-04-11 18:36:57.0;
14;29825.5;2019-04-11 18:37:01.0;
14;29824.5;2019-04-11 18:37:07.0;
14;29824;2019-04-11 18:37:14.0;
14;29825;2019-04-11 18:37:16.0;
14;29824;2019-04-11 18:37:17.0;
14;29825;2019-04-11 18:37:18.0;
14;29823.5;2019-04-11 18:37:23.0;
14;29824;2019-04-11 18:37:29.0;
14;29822.5;2019-04-11 18:37:31.0;
14;29824;2019-04-11 18:37:32.0;
14;29822.5;2019-04-11 18:37:34.0;
14;29823;2019-04-11 18:37:36.0;
14;29821;2019-04-11 18:37:39.0;
14;29823;2019-04-11 18:37:40.0;
14;29821;2019-04-11 18:37:42.0;
14;29819.5;2019-04-11 18:37:44.0;
14;29820.5;2019-04-11 18:37:48.0;
14;29822;2019-04-11 18:38:04.0;
14;29823;2019-04-11 18:38:07.0;
14;29822.5;2019-04-11 18:38:22.0;
14;29823;2019-04-11 18:38:24.0;
14;29822.5;2019-04-11 18:38:27.0;
14;29822;2019-04-11 18:38:28.0;
14;29820;2019-04-11 18:38:34.0;
14;29821;2019-04-11 18:38:37.0;
14;29819;2019-04-11 18:38:42.0;
14;29821;2019-04-11 18:38:44.0;
14;29819;2019-04-11 18:38:45.0;
14;29819.5;2019-04-11 18:38:48.0;
14;29820;2019-04-11 18:38:52.0;
14;29820.5;2019-04-11 18:38:55.0;
14;29820;2019-04-11 18:39:00.0;
14;29821;2019-04-11 18:39:17.0;
14;29822;2019-04-11 18:39:20.0;
14;29819.5;2019-04-11 18:39:32.0;
14;29820;2019-04-11 18:39:35.0;
14;29821;2019-04-11 18:39:43.0;
14;29820;2019-04-11 18:39:44.0;
14;29821;2019-04-11 18:39:46.0;
14;29818;2019-04-11 18:39:47.0;
14;29817;2019-04-11 18:40:06.0;
14;29816;2019-04-11 18:40:07.0;
14;29817;2019-04-11 18:40:12.0;
14;29816.5;2019-04-11 18:40:16.0;
14;29819.5;2019-04-11 18:40:21.0;
14;29820.5;2019-04-11 18:40:23.0;
14;29819;2019-04-11 18:40:29.0;
14;29820.5;2019-04-11 18:40:30.0;
14;29819;2019-04-11 18:40:31.0;
14;29820.5;2019-04-11 18:40:41.0;
14;29821;2019-04-11 18:40:44.0;
14;29819;2019-04-11 18:40:53.0;
14;29818;2019-04-11 18:40:59.0;
14;29819;2019-04-11 18:41:00.0;
14;29818;2019-04-11 18:41:02.0;
14;29818.5;2019-04-11 18:41:03.0;
14;29818;2019-04-11 18:41:05.0;
14;29818.5;2019-04-11 18:41:06.0;
14;29817.5;2019-04-11 18:41:09.0;
14;29818;2019-04-11 18:41:10.0;
14;29817.5;2019-04-11 18:41:12.0;
14;29818;2019-04-11 18:41:13.0;
14;29817.5;2019-04-11 18:41:16.0;
14;29815.5;2019-04-11 18:41:24.0;
14;29814;2019-04-11 18:41:31.0;
14;29812.5;2019-04-11 18:41:39.0;
14;29814;2019-04-11 18:41:42.0;
14;29812;2019-04-11 18:41:43.0;
14;29813.5;2019-04-11 18:41:47.0;
14;29809.5;2019-04-11 18:42:03.0;
14;29813.5;2019-04-11 18:42:06.0;
14;29809.5;2019-04-11 18:42:07.0;
14;29811;2019-04-11 18:42:08.0;
14;29812.5;2019-04-11 18:42:14.0;
14;29812;2019-04-11 18:42:19.0;
14;29813;2019-04-11 18:42:25.0;
14;29812.5;2019-04-11 18:42:36.0;
14;29813;2019-04-11 18:42:39.0;
14;29812.5;2019-04-11 18:42:40.0;
14;29813;2019-04-11 18:42:41.0;
14;29814.5;2019-04-11 18:42:43.0;
14;29815;2019-04-11 18:42:47.0;
14;29813.5;2019-04-11 18:42:51.0;
14;29815;2019-04-11 18:42:56.0;
14;29813.5;2019-04-11 18:42:59.0;
14;29814.5;2019-04-11 18:43:03.0;
14;29815;2019-04-11 18:43:11.0;
14;29816;2019-04-11 18:43:19.0;
14;29820.5;2019-04-11 18:43:27.0;
14;29819.5;2019-04-11 18:43:31.0;
14;29819;2019-04-11 18:43:40.0;
14;29817;2019-04-11 18:43:45.0;
14;29818.5;2019-04-11 18:44:03.0;
14;29820;2019-04-11 18:44:17.0;
14;29818.5;2019-04-11 18:44:19.0;
14;29820;2019-04-11 18:44:20.0;
14;29821;2019-04-11 18:44:24.0;
14;29822;2019-04-11 18:44:27.0;
14;29821.5;2019-04-11 18:44:33.0;
14;29821;2019-04-11 18:44:34.0;
14;29821.5;2019-04-11 18:44:37.0;
14;29821;2019-04-11 18:44:38.0;
14;29820;2019-04-11 18:44:59.0;
14;29818.5;2019-04-11 18:45:08.0;
14;29819;2019-04-11 18:45:12.0;
14;29821;2019-04-11 18:45:19.0;
14;29819;2019-04-11 18:45:21.0;
14;29821;2019-04-11 18:45:22.0;
14;29820;2019-04-11 18:45:25.0;
14;29816.5;2019-04-11 18:45:31.0;
14;29817.5;2019-04-11 18:45:36.0;
14;29817;2019-04-11 18:45:43.0;
14;29815.5;2019-04-11 18:46:04.0;
14;29814;2019-04-11 18:46:11.0;
14;29815;2019-04-11 18:46:15.0;
14;29814.5;2019-04-11 18:46:24.0;
14;29815;2019-04-11 18:46:28.0;
14;29815.5;2019-04-11 18:46:33.0;
14;29816;2019-04-11 18:46:34.0;
14;29815.5;2019-04-11 18:46:37.0;
14;29816;2019-04-11 18:46:39.0;
14;29817;2019-04-11 18:46:40.0;
14;29816.5;2019-04-11 18:46:45.0;
14;29816;2019-04-11 18:46:50.0;
14;29815;2019-04-11 18:46:56.0;
14;29816;2019-04-11 18:47:05.0;
14;29815;2019-04-11 18:47:06.0;
14;29813.5;2019-04-11 18:47:08.0;
14;29815.5;2019-04-11 18:47:15.0;
14;29814.5;2019-04-11 18:47:19.0;
14;29815;2019-04-11 18:47:26.0;
14;29815.5;2019-04-11 18:47:28.0;
14;29815;2019-04-11 18:47:31.0;
14;29817.5;2019-04-11 18:47:51.0;
14;29816;2019-04-11 18:48:03.0;
14;29817.5;2019-04-11 18:48:13.0;
14;29818;2019-04-11 18:48:23.0;
14;29817;2019-04-11 18:48:34.0;
14;29816.5;2019-04-11 18:48:44.0;
14;29816;2019-04-11 18:48:47.0;
14;29816.5;2019-04-11 18:48:48.0;
14;29816;2019-04-11 18:48:50.0;
14;29817;2019-04-11 18:48:53.0;
14;29815;2019-04-11 18:48:55.0;
14;29817;2019-04-11 18:48:56.0;
14;29815;2019-04-11 18:48:57.0;
14;29814.5;2019-04-11 18:48:59.0;
14;29815;2019-04-11 18:49:07.0;
14;29816;2019-04-11 18:49:19.0;
14;29814.5;2019-04-11 18:49:34.0;
14;29816;2019-04-11 18:49:35.0;
14;29814.5;2019-04-11 18:49:37.0;
14;29814;2019-04-11 18:49:39.0;
14;29816;2019-04-11 18:49:44.0;
14;29816.5;2019-04-11 18:50:06.0;
14;29812.5;2019-04-11 18:50:09.0;
14;29814;2019-04-11 18:50:15.0;
14;29810.5;2019-04-11 18:50:20.0;
14;29811;2019-04-11 18:50:24.0;
14;29811.5;2019-04-11 18:50:27.0;
14;29812;2019-04-11 18:50:32.0;
14;29811.5;2019-04-11 18:50:36.0;
14;29809.5;2019-04-11 18:50:43.0;
14;29811.5;2019-04-11 18:50:44.0;
14;29809.5;2019-04-11 18:50:46.0;
14;29811;2019-04-11 18:50:48.0;
14;29813;2019-04-11 18:50:52.0;
14;29813.5;2019-04-11 18:50:57.0;
14;29813;2019-04-11 18:51:03.0;
14;29814;2019-04-11 18:51:08.0;
14;29813;2019-04-11 18:51:09.0;
14;29812;2019-04-11 18:51:23.0;
14;29812.5;2019-04-11 18:51:28.0;
14;29814;2019-04-11 18:51:32.0;
14;29814.5;2019-04-11 18:51:43.0;
14;29812;2019-04-11 18:52:06.0;
14;29812.5;2019-04-11 18:52:10.0;
14;29813;2019-04-11 18:52:19.0;
14;29813.5;2019-04-11 18:52:24.0;
14;29815;2019-04-11 18:52:26.0;
14;29817.5;2019-04-11 18:52:31.0;
14;29816.5;2019-04-11 18:52:40.0;
14;29817.5;2019-04-11 18:52:41.0;
14;29816.5;2019-04-11 18:52:43.0;
14;29817;2019-04-11 18:52:45.0;
14;29818;2019-04-11 18:53:00.0;
14;29817;2019-04-11 18:53:02.0;
14;29817.5;2019-04-11 18:53:08.0;
14;29818;2019-04-11 18:53:11.0;
14;29817.5;2019-04-11 18:53:12.0;
14;29818;2019-04-11 18:53:18.0;
14;29817.5;2019-04-11 18:53:19.0;
14;29818;2019-04-11 18:53:21.0;
14;29816.5;2019-04-11 18:53:34.0;
14;29818;2019-04-11 18:53:35.0;
14;29816.5;2019-04-11 18:53:37.0;
14;29817.5;2019-04-11 18:53:38.0;
14;29818;2019-04-11 18:53:46.0;
14;29819.5;2019-04-11 18:54:03.0;
14;29818;2019-04-11 18:54:04.0;
14;29824;2019-04-11 18:54:06.0;
14;29824.5;2019-04-11 18:54:14.0;
14;29825.5;2019-04-11 18:54:19.0;
14;29826;2019-04-11 18:54:25.0;
14;29825;2019-04-11 18:54:26.0;
14;29826;2019-04-11 18:54:29.0;
14;29825;2019-04-11 18:54:31.0;
14;29827;2019-04-11 18:54:33.0;
14;29827.5;2019-04-11 18:54:38.0;
14;29825.5;2019-04-11 18:54:44.0;
14;29826;2019-04-11 18:54:46.0;
14;29829;2019-04-11 18:54:52.0;
14;29826;2019-04-11 18:54:53.0;
14;29829;2019-04-11 18:54:55.0;
14;29831.5;2019-04-11 18:55:08.0;
14;29829;2019-04-11 18:55:09.0;
14;29830.5;2019-04-11 18:55:15.0;
14;29831;2019-04-11 18:55:22.0;
14;29831.5;2019-04-11 18:55:31.0;
14;29830;2019-04-11 18:55:34.0;
14;29831.5;2019-04-11 18:55:36.0;
14;29830;2019-04-11 18:55:37.0;
14;29830.5;2019-04-11 18:55:39.0;
14;29830;2019-04-11 18:55:45.0;
14;29828;2019-04-11 18:56:04.0;
14;29830;2019-04-11 18:56:05.0;
14;29828;2019-04-11 18:56:07.0;
14;29829;2019-04-11 18:56:11.0;
14;29827.5;2019-04-11 18:56:17.0;
14;29828;2019-04-11 18:56:20.0;
14;29827.5;2019-04-11 18:56:21.0;
14;29829;2019-04-11 18:56:29.0;
14;29828.5;2019-04-11 18:56:32.0;
14;29828;2019-04-11 18:56:39.0;
14;29829.5;2019-04-11 18:56:56.0;
14;29830;2019-04-11 18:57:03.0;
14;29829.5;2019-04-11 18:57:05.0;
14;29830;2019-04-11 18:57:06.0;
14;29831;2019-04-11 18:57:10.0;
14;29832.5;2019-04-11 18:57:16.0;
14;29832;2019-04-11 18:57:20.0;
14;29832.5;2019-04-11 18:57:21.0;
14;29833;2019-04-11 18:57:23.0;
14;29832;2019-04-11 18:57:39.0;
14;29832.5;2019-04-11 18:57:41.0;
14;29833.5;2019-04-11 18:57:49.0;
14;29832.5;2019-04-11 18:58:07.0;
14;29833.5;2019-04-11 18:58:29.0;
14;29834;2019-04-11 18:58:39.0;
14;29834.5;2019-04-11 18:58:44.0;
14;29833.5;2019-04-11 18:58:56.0;
14;29834.5;2019-04-11 18:58:57.0;
14;29834;2019-04-11 18:58:58.0;
15;26159.5;2019-04-11 11:16:07.0;
15;26158.5;2019-04-11 11:16:15.0;
15;26159.5;2019-04-11 11:16:33.0;
15;26160;2019-04-11 11:16:36.0;
15;26159.5;2019-04-11 11:16:41.0;
15;26160;2019-04-11 11:16:48.0;
15;26158.5;2019-04-11 11:16:59.0;
15;26157.5;2019-04-11 11:17:04.0;
15;26159;2019-04-11 11:17:12.0;
15;26158.5;2019-04-11 11:17:25.0;
15;26159.5;2019-04-11 11:17:36.0;
15;26160;2019-04-11 11:17:44.0;
15;26159.5;2019-04-11 11:17:45.0;
15;26160;2019-04-11 11:17:47.0;
15;26159.5;2019-04-11 11:18:17.0;
15;26161.5;2019-04-11 11:18:24.0;
15;26160.5;2019-04-11 11:18:40.0;
15;26162;2019-04-11 11:18:43.0;
15;26161;2019-04-11 11:18:55.0;
15;26160.5;2019-04-11 11:19:11.0;
15;26161;2019-04-11 11:19:12.0;
15;26160.5;2019-04-11 11:19:13.0;
15;26162.5;2019-04-11 11:19:15.0;
15;26162;2019-04-11 11:19:20.0;
15;26162.5;2019-04-11 11:19:26.0;
15;26163;2019-04-11 11:19:32.0;
15;26162;2019-04-11 11:19:39.0;
15;26161;2019-04-11 11:19:44.0;
15;26161.5;2019-04-11 11:20:08.0;
15;26161;2019-04-11 11:20:20.0;
15;26161.5;2019-04-11 11:20:23.0;
15;26161;2019-04-11 11:20:24.0;
15;26162.5;2019-04-11 11:20:28.0;
15;26164.5;2019-04-11 11:20:41.0;
15;26165.5;2019-04-11 11:20:45.0;
15;26166.5;2019-04-11 11:20:48.0;
15;26167;2019-04-11 11:20:55.0;
15;26166;2019-04-11 11:21:00.0;
15;26167.5;2019-04-11 11:21:03.0;
15;26167;2019-04-11 11:21:07.0;
15;26167.5;2019-04-11 11:21:09.0;
15;26167;2019-04-11 11:21:12.0;
15;26167.5;2019-04-11 11:21:22.0;
15;26167;2019-04-11 11:21:31.0;
15;26169;2019-04-11 11:21:37.0;
15;26171;2019-04-11 11:21:41.0;
15;26169;2019-04-11 11:21:43.0;
15;26171;2019-04-11 11:21:44.0;
15;26169;2019-04-11 11:22:04.0;
15;26171;2019-04-11 11:22:06.0;
15;26170;2019-04-11 11:22:08.0;
15;26169;2019-04-11 11:22:13.0;
15;26170;2019-04-11 11:22:14.0;
15;26169;2019-04-11 11:22:16.0;
15;26168;2019-04-11 11:22:19.0;
15;26169;2019-04-11 11:22:24.0;
15;26168;2019-04-11 11:22:32.0;
15;26169;2019-04-11 11:22:38.0;
15;26168.5;2019-04-11 11:22:52.0;
15;26169;2019-04-11 11:22:53.0;
15;26168.5;2019-04-11 11:22:54.0;
15;26170.5;2019-04-11 11:23:18.0;
15;26169.5;2019-04-11 11:23:31.0;
15;26169;2019-04-11 11:23:35.0;
15;26169.5;2019-04-11 11:23:44.0;
15;26169;2019-04-11 11:24:03.0;
15;26168;2019-04-11 11:24:10.0;
15;26169;2019-04-11 11:24:15.0;
15;26170.5;2019-04-11 11:24:32.0;
15;26169;2019-04-11 11:24:37.0;
15;26168.5;2019-04-11 11:24:41.0;
15;26169.5;2019-04-11 11:24:45.0;
15;26168;2019-04-11 11:24:49.0;
15;26167.5;2019-04-11 11:24:54.0;
15;26168.5;2019-04-11 11:24:55.0;
15;26167.5;2019-04-11 11:24:58.0;
15;26168;2019-04-11 11:24:59.0;
15;26171;2019-04-11 11:25:06.0;
15;26168;2019-04-11 11:25:08.0;
15;26171;2019-04-11 11:25:10.0;
15;26170;2019-04-11 11:25:11.0;
15;26171.5;2019-04-11 11:25:17.0;
15;26172.5;2019-04-11 11:25:20.0;
15;26171.5;2019-04-11 11:25:22.0;
15;26172.5;2019-04-11 11:25:23.0;
15;26172;2019-04-11 11:25:30.0;
15;26171.5;2019-04-11 11:25:42.0;
15;26172.5;2019-04-11 11:25:44.0;
15;26171.5;2019-04-11 11:25:51.0;
15;26170.5;2019-04-11 11:26:04.0;
15;26171;2019-04-11 11:26:08.0;
15;26170.5;2019-04-11 11:26:10.0;
15;26171;2019-04-11 11:26:11.0;
15;26170;2019-04-11 11:26:13.0;
15;26169.5;2019-04-11 11:26:27.0;
15;26170;2019-04-11 11:26:35.0;
15;26171;2019-04-11 11:26:40.0;
15;26170.5;2019-04-11 11:27:06.0;
15;26171;2019-04-11 11:27:16.0;
15;26169.5;2019-04-11 11:27:30.0;
15;26170;2019-04-11 11:27:32.0;
15;26169.5;2019-04-11 11:27:33.0;
15;26170;2019-04-11 11:27:36.0;
15;26169.5;2019-04-11 11:27:40.0;
15;26168.5;2019-04-11 11:28:03.0;
15;26169.5;2019-04-11 11:28:04.0;
15;26168.5;2019-04-11 11:28:05.0;
15;26169.5;2019-04-11 11:28:08.0;
15;26168.5;2019-04-11 11:28:11.0;
15;26168;2019-04-11 11:28:27.0;
15;26167;2019-04-11 11:28:39.0;
15;26166;2019-04-11 11:28:52.0;
15;26165.5;2019-04-11 11:28:55.0;
15;26166;2019-04-11 11:28:58.0;
15;26165.5;2019-04-11 11:29:00.0;
15;26164.5;2019-04-11 11:29:07.0;
15;26165.5;2019-04-11 11:29:09.0;
15;26164.5;2019-04-11 11:29:10.0;
15;26165.5;2019-04-11 11:29:13.0;
15;26166.5;2019-04-11 11:29:18.0;
15;26168;2019-04-11 11:29:24.0;
15;26169;2019-04-11 11:29:30.0;
15;26168;2019-04-11 11:29:34.0;
15;26168.5;2019-04-11 11:29:48.0;
15;26167.5;2019-04-11 11:30:05.0;
15;26168;2019-04-11 11:30:11.0;
15;26168.5;2019-04-11 11:30:14.0;
15;26170.5;2019-04-11 11:30:41.0;
15;26171;2019-04-11 11:30:43.0;
15;26170.5;2019-04-11 11:30:56.0;
15;26171;2019-04-11 11:30:57.0;
15;26170.5;2019-04-11 11:30:59.0;
15;26170;2019-04-11 11:31:13.0;
15;26169.5;2019-04-11 11:31:20.0;
15;26172.5;2019-04-11 11:31:23.0;
15;26171;2019-04-11 11:31:24.0;
15;26172.5;2019-04-11 11:31:26.0;
15;26173;2019-04-11 11:32:04.0;
15;26172;2019-04-11 11:32:09.0;
15;26173;2019-04-11 11:32:10.0;
15;26173.5;2019-04-11 11:32:11.0;
15;26174.5;2019-04-11 11:32:15.0;
15;26176;2019-04-11 11:32:20.0;
15;26173.5;2019-04-11 11:32:27.0;
15;26172.5;2019-04-11 11:32:33.0;
15;26173.5;2019-04-11 11:32:51.0;
15;26174;2019-04-11 11:33:00.0;
15;26173.5;2019-04-11 11:33:06.0;
15;26173;2019-04-11 11:33:07.0;
15;26173.5;2019-04-11 11:33:15.0;
15;26173;2019-04-11 11:33:45.0;
15;26173.5;2019-04-11 11:34:04.0;
15;26174;2019-04-11 11:34:11.0;
15;26173;2019-04-11 11:34:20.0;
15;26173.5;2019-04-11 11:34:29.0;
15;26173;2019-04-11 11:34:31.0;
15;26173.5;2019-04-11 11:34:32.0;
15;26173;2019-04-11 11:34:35.0;
15;26172;2019-04-11 11:34:39.0;
15;26173;2019-04-11 11:34:41.0;
15;26172;2019-04-11 11:34:42.0;
15;26171.5;2019-04-11 11:34:43.0;
15;26172;2019-04-11 11:34:45.0;
15;26171.5;2019-04-11 11:34:48.0;
15;26171;2019-04-11 11:34:49.0;
15;26171.5;2019-04-11 11:34:52.0;
15;26173;2019-04-11 11:35:03.0;
15;26172.5;2019-04-11 11:35:08.0;
15;26173;2019-04-11 11:35:16.0;
15;26174.5;2019-04-11 11:35:19.0;
15;26173;2019-04-11 11:35:21.0;
15;26174.5;2019-04-11 11:35:22.0;
15;26175.5;2019-04-11 11:35:37.0;
15;26176;2019-04-11 11:35:49.0;
15;26174.5;2019-04-11 11:36:03.0;
15;26175;2019-04-11 11:36:22.0;
15;26176;2019-04-11 11:36:23.0;
15;26175;2019-04-11 11:36:24.0;
15;26176;2019-04-11 11:36:26.0;
15;26176.5;2019-04-11 11:36:27.0;
15;26177.5;2019-04-11 11:36:47.0;
15;26178;2019-04-11 11:37:03.0;
15;26181;2019-04-11 11:37:08.0;
15;26179.5;2019-04-11 11:37:13.0;
15;26180.5;2019-04-11 11:37:18.0;
15;26181.5;2019-04-11 11:37:26.0;
15;26182.5;2019-04-11 11:37:28.0;
15;26182;2019-04-11 11:38:12.0;
15;26181.5;2019-04-11 11:38:17.0;
15;26180.5;2019-04-11 11:38:37.0;
15;26180;2019-04-11 11:38:53.0;
15;26180.5;2019-04-11 11:38:55.0;
15;26177.5;2019-04-11 11:39:05.0;
15;26177;2019-04-11 11:39:07.0;
15;26178;2019-04-11 11:39:12.0;
15;26177;2019-04-11 11:39:15.0;
15;26178;2019-04-11 11:39:16.0;
15;26177.5;2019-04-11 11:39:21.0;
15;26180;2019-04-11 11:40:07.0;
15;26181;2019-04-11 11:40:17.0;
15;26181.5;2019-04-11 11:40:24.0;
15;26182.5;2019-04-11 11:40:35.0;
15;26181.5;2019-04-11 11:40:44.0;
15;26182.5;2019-04-11 11:40:45.0;
15;26181.5;2019-04-11 11:40:48.0;
15;26182;2019-04-11 11:40:55.0;
15;26181.5;2019-04-11 11:40:56.0;
15;26182;2019-04-11 11:40:59.0;
15;26181.5;2019-04-11 11:41:23.0;
15;26182;2019-04-11 11:41:35.0;
15;26183.5;2019-04-11 11:41:49.0;
15;26184;2019-04-11 11:42:04.0;
15;26183.5;2019-04-11 11:42:07.0;
15;26184;2019-04-11 11:42:09.0;
15;26183.5;2019-04-11 11:42:10.0;
15;26185;2019-04-11 11:42:13.0;
15;26184;2019-04-11 11:42:41.0;
15;26184.5;2019-04-11 11:42:57.0;
15;26185.5;2019-04-11 11:43:10.0;
15;26188.5;2019-04-11 11:43:41.0;
15;26189.5;2019-04-11 11:43:45.0;
15;26191.5;2019-04-11 11:43:51.0;
15;26189;2019-04-11 11:44:03.0;
15;26191.5;2019-04-11 11:44:04.0;
15;26189;2019-04-11 11:44:06.0;
15;26188.5;2019-04-11 11:44:08.0;
15;26186.5;2019-04-11 11:44:12.0;
15;26185.5;2019-04-11 11:44:16.0;
15;26187;2019-04-11 11:44:21.0;
15;26186;2019-04-11 11:44:25.0;
15;26187;2019-04-11 11:44:37.0;
15;26185.5;2019-04-11 11:44:42.0;
15;26186;2019-04-11 11:44:44.0;
15;26185.5;2019-04-11 11:44:46.0;
15;26186;2019-04-11 11:44:53.0;
15;26185.5;2019-04-11 11:44:55.0;
15;26184.5;2019-04-11 11:45:02.0;
15;26185.5;2019-04-11 11:45:07.0;
15;26184.5;2019-04-11 11:45:09.0;
15;26185.5;2019-04-11 11:45:10.0;
15;26185;2019-04-11 11:45:15.0;
15;26185.5;2019-04-11 11:45:16.0;
15;26185;2019-04-11 11:45:19.0;
15;26186.5;2019-04-11 11:45:23.0;
15;26185;2019-04-11 11:45:26.0;
15;26186.5;2019-04-11 11:45:29.0;
15;26185;2019-04-11 11:45:31.0;
15;26184;2019-04-11 11:45:32.0;
15;26183.5;2019-04-11 11:45:36.0;
15;26182.5;2019-04-11 11:45:42.0;
15;26182;2019-04-11 11:45:46.0;
15;26183;2019-04-11 11:45:48.0;
15;26179.5;2019-04-11 11:46:05.0;
15;26178.5;2019-04-11 11:46:08.0;
15;26178;2019-04-11 11:46:15.0;
15;26177.5;2019-04-11 11:46:20.0;
15;26176.5;2019-04-11 11:46:35.0;
15;26177.5;2019-04-11 11:46:59.0;
15;26178.5;2019-04-11 11:47:12.0;
15;26179.5;2019-04-11 11:47:21.0;
15;26178;2019-04-11 11:47:32.0;
15;26179;2019-04-11 11:47:40.0;
15;26179.5;2019-04-11 11:47:44.0;
15;26181;2019-04-11 11:48:05.0;
15;26181.5;2019-04-11 11:48:12.0;
15;26179.5;2019-04-11 11:48:15.0;
15;26180;2019-04-11 11:48:20.0;
15;26178.5;2019-04-11 11:48:28.0;
15;26180;2019-04-11 11:48:29.0;
15;26178.5;2019-04-11 11:48:31.0;
15;26179.5;2019-04-11 11:48:33.0;
15;26180;2019-04-11 11:48:35.0;
15;26180.5;2019-04-11 11:48:44.0;
15;26180;2019-04-11 11:48:45.0;
15;26180.5;2019-04-11 11:48:46.0;
15;26180;2019-04-11 11:48:48.0;
15;26179.5;2019-04-11 11:48:56.0;
15;26180;2019-04-11 11:48:57.0;
15;26179.5;2019-04-11 11:48:59.0;
15;26181;2019-04-11 11:49:00.0;
15;26182;2019-04-11 11:49:10.0;
15;26180.5;2019-04-11 11:49:16.0;
15;26180;2019-04-11 11:49:22.0;
15;26179.5;2019-04-11 11:49:24.0;
15;26180;2019-04-11 11:49:25.0;
15;26180.5;2019-04-11 11:49:50.0;
15;26181;2019-04-11 11:50:07.0;
15;26181.5;2019-04-11 11:50:12.0;
15;26180.5;2019-04-11 11:50:19.0;
15;26180;2019-04-11 11:50:28.0;
15;26180.5;2019-04-11 11:50:31.0;
15;26181;2019-04-11 11:50:39.0;
15;26180;2019-04-11 11:50:49.0;
15;26180.5;2019-04-11 11:50:56.0;
15;26181;2019-04-11 11:51:01.0;
15;26181.5;2019-04-11 11:51:08.0;
15;26180.5;2019-04-11 11:51:19.0;
15;26179.5;2019-04-11 11:51:23.0;
15;26180;2019-04-11 11:51:30.0;
15;26180.5;2019-04-11 11:51:48.0;
15;26180;2019-04-11 11:52:04.0;
15;26180.5;2019-04-11 11:52:05.0;
15;26180;2019-04-11 11:52:08.0;
15;26179.5;2019-04-11 11:52:14.0;
15;26178;2019-04-11 11:52:26.0;
15;26179.5;2019-04-11 11:52:42.0;
15;26179;2019-04-11 11:52:47.0;
15;26179.5;2019-04-11 11:52:49.0;
15;26178.5;2019-04-11 11:52:51.0;
15;26177.5;2019-04-11 11:53:02.0;
15;26178;2019-04-11 11:53:20.0;
15;26177.5;2019-04-11 11:53:22.0;
15;26178;2019-04-11 11:53:24.0;
15;26178.5;2019-04-11 11:53:38.0;
15;26181;2019-04-11 11:53:45.0;
15;26180.5;2019-04-11 11:54:03.0;
15;26181;2019-04-11 11:54:05.0;
15;26180.5;2019-04-11 11:54:07.0;
15;26182.5;2019-04-11 11:54:08.0;
15;26183.5;2019-04-11 11:54:11.0;
15;26187;2019-04-11 11:54:14.0;
15;26183.5;2019-04-11 11:54:15.0;
15;26187;2019-04-11 11:54:17.0;
15;26186.5;2019-04-11 11:54:18.0;
15;26188.5;2019-04-11 11:54:23.0;
15;26186.5;2019-04-11 11:54:24.0;
15;26188.5;2019-04-11 11:54:26.0;
15;26191.5;2019-04-11 11:54:28.0;
15;26190.5;2019-04-11 11:54:30.0;
15;26191;2019-04-11 11:54:38.0;
15;26187;2019-04-11 11:54:44.0;
15;26185;2019-04-11 11:54:59.0;
15;26185.5;2019-04-11 11:55:02.0;
15;26187.5;2019-04-11 11:55:15.0;
15;26187;2019-04-11 11:55:23.0;
15;26187.5;2019-04-11 11:55:24.0;
15;26187;2019-04-11 11:55:25.0;
15;26187.5;2019-04-11 11:55:27.0;
15;26188.5;2019-04-11 11:55:33.0;
15;26187;2019-04-11 11:55:40.0;
15;26185.5;2019-04-11 11:55:46.0;
15;26185;2019-04-11 11:56:04.0;
15;26185.5;2019-04-11 11:56:06.0;
15;26185;2019-04-11 11:56:07.0;
15;26186;2019-04-11 11:56:12.0;
15;26185;2019-04-11 11:56:13.0;
15;26185.5;2019-04-11 11:56:16.0;
15;26186;2019-04-11 11:56:22.0;
15;26185.5;2019-04-11 11:56:23.0;
15;26186.5;2019-04-11 11:56:29.0;
15;26185;2019-04-11 11:56:41.0;
15;26183.5;2019-04-11 11:56:53.0;
15;26183;2019-04-11 11:56:56.0;
15;26183.5;2019-04-11 11:56:58.0;
15;26182;2019-04-11 11:56:59.0;
15;26184;2019-04-11 11:57:03.0;
15;26183.5;2019-04-11 11:57:12.0;
15;26182.5;2019-04-11 11:57:17.0;
15;26182;2019-04-11 11:57:23.0;
15;26184;2019-04-11 11:57:41.0;
15;26183;2019-04-11 11:57:47.0;
15;26183.5;2019-04-11 11:58:08.0;
15;26183;2019-04-11 11:58:16.0;
15;26182;2019-04-11 11:58:23.0;
15;26183;2019-04-11 11:58:53.0;
15;26183.5;2019-04-11 11:59:06.0;
15;26183;2019-04-11 11:59:11.0;
15;26182;2019-04-11 11:59:27.0;
15;26183.5;2019-04-11 11:59:36.0;
15;26184;2019-04-11 11:59:43.0;
15;26179;2019-04-11 12:00:07.0;
15;26178.5;2019-04-11 12:00:08.0;
15;26178;2019-04-11 12:00:17.0;
15;26177.5;2019-04-11 12:00:23.0;
15;26177;2019-04-11 12:00:28.0;
15;26177.5;2019-04-11 12:00:33.0;
15;26178;2019-04-11 12:00:45.0;
15;26177.5;2019-04-11 12:00:52.0;
15;26179.5;2019-04-11 12:00:56.0;
15;26180.5;2019-04-11 12:01:00.0;
15;26181.5;2019-04-11 12:01:03.0;
15;26180.5;2019-04-11 12:01:12.0;
15;26181;2019-04-11 12:01:20.0;
15;26182.5;2019-04-11 12:01:22.0;
15;26183.5;2019-04-11 12:01:27.0;
15;26184.5;2019-04-11 12:01:37.0;
15;26184;2019-04-11 12:02:05.0;
15;26183.5;2019-04-11 12:02:07.0;
15;26184;2019-04-11 12:02:19.0;
15;26183;2019-04-11 12:02:21.0;
15;26184;2019-04-11 12:02:26.0;
15;26183;2019-04-11 12:02:30.0;
15;26184;2019-04-11 12:02:32.0;
15;26183;2019-04-11 12:02:33.0;
15;26183.5;2019-04-11 12:02:37.0;
15;26186;2019-04-11 12:03:10.0;
15;26188;2019-04-11 12:03:13.0;
15;26187.5;2019-04-11 12:03:15.0;
15;26186.5;2019-04-11 12:03:19.0;
15;26187.5;2019-04-11 12:03:21.0;
15;26186.5;2019-04-11 12:03:22.0;
15;26186;2019-04-11 12:03:25.0;
15;26187;2019-04-11 12:03:35.0;
15;26188;2019-04-11 12:03:41.0;
15;26189;2019-04-11 12:03:45.0;
15;26188;2019-04-11 12:03:50.0;
15;26187;2019-04-11 12:04:06.0;
15;26187.5;2019-04-11 12:04:08.0;
15;26187;2019-04-11 12:04:09.0;
15;26186;2019-04-11 12:04:11.0;
15;26187;2019-04-11 12:04:12.0;
15;26186;2019-04-11 12:04:13.0;
15;26186.5;2019-04-11 12:04:16.0;
15;26188;2019-04-11 12:04:28.0;
15;26188.5;2019-04-11 12:04:48.0;
15;26188;2019-04-11 12:04:49.0;
15;26188.5;2019-04-11 12:04:51.0;
15;26188;2019-04-11 12:04:52.0;
15;26188.5;2019-04-11 12:05:08.0;
15;26189.5;2019-04-11 12:05:15.0;
15;26188.5;2019-04-11 12:05:21.0;
15;26189;2019-04-11 12:05:24.0;
15;26189.5;2019-04-11 12:05:30.0;
15;26189;2019-04-11 12:05:44.0;
15;26190.5;2019-04-11 12:06:07.0;
15;26190;2019-04-11 12:06:11.0;
15;26188.5;2019-04-11 12:06:15.0;
15;26190;2019-04-11 12:06:17.0;
15;26187;2019-04-11 12:06:18.0;
15;26188;2019-04-11 12:06:24.0;
15;26187;2019-04-11 12:06:25.0;
15;26188;2019-04-11 12:06:27.0;
15;26187;2019-04-11 12:06:42.0;
15;26186.5;2019-04-11 12:06:47.0;
15;26188;2019-04-11 12:06:58.0;
15;26187.5;2019-04-11 12:07:05.0;
15;26186;2019-04-11 12:07:10.0;
15;26187;2019-04-11 12:07:39.0;
15;26187.5;2019-04-11 12:07:48.0;
15;26189;2019-04-11 12:08:04.0;
15;26187.5;2019-04-11 12:08:07.0;
15;26189;2019-04-11 12:08:08.0;
15;26188.5;2019-04-11 12:08:31.0;
15;26189;2019-04-11 12:08:32.0;
15;26188.5;2019-04-11 12:08:33.0;
15;26189;2019-04-11 12:08:52.0;
15;26188.5;2019-04-11 12:08:53.0;
15;26189;2019-04-11 12:08:55.0;
15;26188.5;2019-04-11 12:09:00.0;
15;26189;2019-04-11 12:09:06.0;
15;26188.5;2019-04-11 12:09:10.0;
15;26189.5;2019-04-11 12:09:11.0;
15;26190;2019-04-11 12:09:25.0;
15;26192;2019-04-11 12:09:29.0;
15;26193;2019-04-11 12:09:31.0;
15;26192;2019-04-11 12:09:33.0;
15;26192.5;2019-04-11 12:09:35.0;
15;26192;2019-04-11 12:09:40.0;
15;26192.5;2019-04-11 12:09:45.0;
15;26193.5;2019-04-11 12:09:51.0;
15;26196;2019-04-11 12:10:03.0;
15;26195;2019-04-11 12:10:10.0;
15;26193;2019-04-11 12:10:16.0;
15;26194;2019-04-11 12:10:19.0;
15;26193;2019-04-11 12:10:21.0;
15;26194;2019-04-11 12:10:22.0;
15;26193;2019-04-11 12:10:27.0;
15;26192.5;2019-04-11 12:10:39.0;
15;26193;2019-04-11 12:10:41.0;
15;26192.5;2019-04-11 12:10:44.0;
15;26193;2019-04-11 12:10:45.0;
15;26192.5;2019-04-11 12:10:47.0;
15;26193.5;2019-04-11 12:10:51.0;
15;26192.5;2019-04-11 12:10:54.0;
15;26193.5;2019-04-11 12:10:55.0;
15;26194;2019-04-11 12:10:56.0;
15;26193.5;2019-04-11 12:11:09.0;
15;26192.5;2019-04-11 12:11:30.0;
15;26190.5;2019-04-11 12:11:35.0;
15;26192.5;2019-04-11 12:11:37.0;
15;26190.5;2019-04-11 12:11:40.0;
15;26189.5;2019-04-11 12:12:08.0;
15;26190.5;2019-04-11 12:12:11.0;
15;26189.5;2019-04-11 12:12:13.0;
15;26190.5;2019-04-11 12:12:14.0;
15;26190;2019-04-11 12:12:17.0;
15;26190.5;2019-04-11 12:12:27.0;
15;26191.5;2019-04-11 12:12:34.0;
15;26191;2019-04-11 12:12:37.0;
15;26192.5;2019-04-11 12:12:40.0;
15;26193;2019-04-11 12:12:45.0;
15;26192.5;2019-04-11 12:12:55.0;
15;26193;2019-04-11 12:13:22.0;
15;26192.5;2019-04-11 12:13:25.0;
15;26193;2019-04-11 12:13:26.0;
15;26192.5;2019-04-11 12:13:27.0;
15;26193.5;2019-04-11 12:13:37.0;
15;26192.5;2019-04-11 12:13:40.0;
15;26193;2019-04-11 12:13:45.0;
15;26192;2019-04-11 12:13:47.0;
15;26191;2019-04-11 12:14:04.0;
15;26192;2019-04-11 12:14:06.0;
15;26191;2019-04-11 12:14:07.0;
15;26191.5;2019-04-11 12:14:32.0;
15;26190.5;2019-04-11 12:14:35.0;
15;26190;2019-04-11 12:14:48.0;
15;26189.5;2019-04-11 12:15:00.0;
15;26189;2019-04-11 12:15:06.0;
15;26189.5;2019-04-11 12:15:10.0;
15;26190.5;2019-04-11 12:15:17.0;
15;26189.5;2019-04-11 12:15:19.0;
15;26190.5;2019-04-11 12:15:23.0;
15;26189.5;2019-04-11 12:15:24.0;
15;26190.5;2019-04-11 12:15:26.0;
15;26190;2019-04-11 12:15:27.0;
15;26188.5;2019-04-11 12:15:33.0;
15;26189;2019-04-11 12:15:47.0;
15;26188.5;2019-04-11 12:15:50.0;
15;26189;2019-04-11 12:15:51.0;
15;26188.5;2019-04-11 12:16:04.0;
15;26189.5;2019-04-11 12:16:09.0;
15;26189;2019-04-11 12:16:11.0;
15;26188;2019-04-11 12:16:16.0;
15;26187.5;2019-04-11 12:16:19.0;
15;26188;2019-04-11 12:16:20.0;
15;26187.5;2019-04-11 12:16:22.0;
15;26187;2019-04-11 12:16:42.0;
15;26186.5;2019-04-11 12:16:49.0;
15;26190;2019-04-11 12:16:52.0;
15;26189;2019-04-11 12:16:58.0;
15;26188.5;2019-04-11 12:17:01.0;
15;26189;2019-04-11 12:17:03.0;
15;26189.5;2019-04-11 12:17:08.0;
15;26189;2019-04-11 12:17:09.0;
15;26189.5;2019-04-11 12:17:11.0;
15;26189;2019-04-11 12:17:15.0;
15;26188.5;2019-04-11 12:17:31.0;
15;26189;2019-04-11 12:17:32.0;
15;26188.5;2019-04-11 12:17:34.0;
15;26189.5;2019-04-11 12:17:35.0;
15;26188.5;2019-04-11 12:17:46.0;
15;26189;2019-04-11 12:17:51.0;
15;26189.5;2019-04-11 12:18:05.0;
15;26190.5;2019-04-11 12:18:20.0;
15;26190;2019-04-11 12:18:26.0;
15;26190.5;2019-04-11 12:18:30.0;
15;26189.5;2019-04-11 12:18:53.0;
15;26190;2019-04-11 12:19:12.0;
15;26189.5;2019-04-11 12:19:19.0;
15;26188;2019-04-11 12:19:24.0;
15;26189.5;2019-04-11 12:19:29.0;
15;26189;2019-04-11 12:19:35.0;
15;26191.5;2019-04-11 12:19:49.0;
15;26192.5;2019-04-11 12:20:11.0;
15;26193;2019-04-11 12:20:20.0;
15;26193.5;2019-04-11 12:20:23.0;
15;26194;2019-04-11 12:20:45.0;
15;26193.5;2019-04-11 12:20:50.0;
15;26192;2019-04-11 12:21:00.0;
15;26191.5;2019-04-11 12:21:13.0;
15;26190.5;2019-04-11 12:21:26.0;
15;26191;2019-04-11 12:21:43.0;
15;26190;2019-04-11 12:22:04.0;
15;26190.5;2019-04-11 12:22:41.0;
15;26189.5;2019-04-11 12:23:09.0;
15;26189;2019-04-11 12:23:22.0;
15;26188.5;2019-04-11 12:23:44.0;
15;26189;2019-04-11 12:23:45.0;
15;26188.5;2019-04-11 12:23:46.0;
15;26189;2019-04-11 12:24:05.0;
15;26189.5;2019-04-11 12:24:21.0;
15;26189;2019-04-11 12:24:30.0;
15;26188;2019-04-11 12:24:48.0;
15;26189;2019-04-11 12:24:49.0;
15;26188;2019-04-11 12:24:51.0;
15;26188.5;2019-04-11 12:25:02.0;
15;26187.5;2019-04-11 12:25:06.0;
15;26187;2019-04-11 12:25:08.0;
15;26187.5;2019-04-11 12:25:10.0;
15;26187;2019-04-11 12:25:11.0;
15;26188.5;2019-04-11 12:25:23.0;
15;26189;2019-04-11 12:25:31.0;
15;26188.5;2019-04-11 12:25:32.0;
15;26189;2019-04-11 12:25:35.0;
15;26188.5;2019-04-11 12:25:41.0;
15;26189;2019-04-11 12:25:47.0;
15;26188;2019-04-11 12:26:05.0;
15;26189;2019-04-11 12:26:08.0;
15;26188.5;2019-04-11 12:26:11.0;
15;26189;2019-04-11 12:26:18.0;
15;26189.5;2019-04-11 12:26:20.0;
15;26189;2019-04-11 12:26:23.0;
15;26189.5;2019-04-11 12:26:24.0;
15;26189;2019-04-11 12:26:42.0;
15;26188.5;2019-04-11 12:27:05.0;
15;26189;2019-04-11 12:27:08.0;
15;26188.5;2019-04-11 12:27:12.0;
15;26189;2019-04-11 12:27:13.0;
15;26188.5;2019-04-11 12:27:16.0;
15;26187.5;2019-04-11 12:27:23.0;
15;26187;2019-04-11 12:27:37.0;
15;26187.5;2019-04-11 12:27:42.0;
15;26186.5;2019-04-11 12:28:07.0;
15;26186;2019-04-11 12:28:08.0;
15;26186.5;2019-04-11 12:28:17.0;
15;26183.5;2019-04-11 12:28:24.0;
15;26186.5;2019-04-11 12:28:25.0;
15;26184;2019-04-11 12:28:26.0;
15;26183.5;2019-04-11 12:28:28.0;
15;26184;2019-04-11 12:28:29.0;
15;26184.5;2019-04-11 12:28:32.0;
15;26185;2019-04-11 12:28:37.0;
15;26184.5;2019-04-11 12:28:45.0;
15;26183.5;2019-04-11 12:28:47.0;
15;26184.5;2019-04-11 12:28:54.0;
15;26186.5;2019-04-11 12:29:00.0;
15;26186;2019-04-11 12:29:04.0;
15;26185.5;2019-04-11 12:29:21.0;
15;26186.5;2019-04-11 12:29:26.0;
15;26187;2019-04-11 12:29:35.0;
15;26187.5;2019-04-11 12:30:08.0;
15;26189.5;2019-04-11 12:30:17.0;
15;26188.5;2019-04-11 12:30:28.0;
15;26189;2019-04-11 12:30:31.0;
15;26188.5;2019-04-11 12:30:56.0;
15;26187.5;2019-04-11 12:31:08.0;
15;26188;2019-04-11 12:31:16.0;
15;26187.5;2019-04-11 12:31:23.0;
15;26188;2019-04-11 12:31:25.0;
15;26187.5;2019-04-11 12:31:26.0;
15;26188;2019-04-11 12:31:29.0;
15;26189.5;2019-04-11 12:32:05.0;
15;26190;2019-04-11 12:32:29.0;
15;26189;2019-04-11 12:32:55.0;
15;26190;2019-04-11 12:33:04.0;
15;26189.5;2019-04-11 12:33:10.0;
15;26190.5;2019-04-11 12:33:20.0;
15;26191;2019-04-11 12:33:36.0;
15;26190.5;2019-04-11 12:33:39.0;
15;26191.5;2019-04-11 12:33:44.0;
15;26191;2019-04-11 12:33:51.0;
15;26190;2019-04-11 12:34:03.0;
15;26191;2019-04-11 12:34:05.0;
15;26190;2019-04-11 12:34:06.0;
15;26189.5;2019-04-11 12:34:14.0;
15;26188.5;2019-04-11 12:34:20.0;
15;26190;2019-04-11 12:34:36.0;
15;26189;2019-04-11 12:34:42.0;
15;26190;2019-04-11 12:34:47.0;
15;26188.5;2019-04-11 12:35:15.0;
15;26190;2019-04-11 12:35:16.0;
15;26188.5;2019-04-11 12:35:18.0;
15;26189;2019-04-11 12:35:27.0;
15;26189.5;2019-04-11 12:35:35.0;
15;26188;2019-04-11 12:35:40.0;
15;26190;2019-04-11 12:35:49.0;
15;26191;2019-04-11 12:36:03.0;
15;26190.5;2019-04-11 12:36:08.0;
15;26191;2019-04-11 12:36:10.0;
15;26190.5;2019-04-11 12:36:12.0;
15;26190;2019-04-11 12:36:15.0;
15;26189.5;2019-04-11 12:36:24.0;
15;26189;2019-04-11 12:36:30.0;
15;26189.5;2019-04-11 12:36:32.0;
15;26189;2019-04-11 12:36:33.0;
15;26189.5;2019-04-11 12:36:34.0;
15;26190;2019-04-11 12:36:37.0;
15;26190.5;2019-04-11 12:36:42.0;
15;26191;2019-04-11 12:36:54.0;
15;26190;2019-04-11 12:36:58.0;
15;26190.5;2019-04-11 12:37:06.0;
15;26191;2019-04-11 12:37:11.0;
15;26190.5;2019-04-11 12:37:17.0;
15;26189;2019-04-11 12:37:24.0;
15;26188.5;2019-04-11 12:38:04.0;
15;26189;2019-04-11 12:38:10.0;
15;26188.5;2019-04-11 12:38:11.0;
15;26189.5;2019-04-11 12:38:17.0;
15;26190.5;2019-04-11 12:38:29.0;
15;26190;2019-04-11 12:38:32.0;
15;26191;2019-04-11 12:38:36.0;
15;26191.5;2019-04-11 12:38:50.0;
15;26191;2019-04-11 12:39:00.0;
15;26191.5;2019-04-11 12:39:03.0;
15;26191;2019-04-11 12:39:04.0;
15;26190.5;2019-04-11 12:39:17.0;
15;26191;2019-04-11 12:39:18.0;
15;26190.5;2019-04-11 12:39:20.0;
15;26190;2019-04-11 12:39:31.0;
15;26190.5;2019-04-11 12:39:32.0;
15;26190;2019-04-11 12:39:34.0;
15;26189.5;2019-04-11 12:39:35.0;
15;26190;2019-04-11 12:39:41.0;
15;26191.5;2019-04-11 12:39:42.0;
15;26192.5;2019-04-11 12:40:04.0;
15;26191.5;2019-04-11 12:40:09.0;
15;26192;2019-04-11 12:40:21.0;
15;26191.5;2019-04-11 12:40:22.0;
15;26192;2019-04-11 12:40:24.0;
15;26193;2019-04-11 12:40:35.0;
15;26192;2019-04-11 12:40:44.0;
15;26191.5;2019-04-11 12:40:50.0;
15;26192;2019-04-11 12:41:15.0;
15;26191.5;2019-04-11 12:41:37.0;
15;26191;2019-04-11 12:41:39.0;
15;26191.5;2019-04-11 12:41:40.0;
15;26191;2019-04-11 12:41:42.0;
15;26190;2019-04-11 12:42:05.0;
15;26189;2019-04-11 12:42:14.0;
15;26189.5;2019-04-11 12:42:18.0;
15;26190;2019-04-11 12:42:30.0;
15;26191;2019-04-11 12:42:36.0;
15;26189.5;2019-04-11 12:42:44.0;
15;26189;2019-04-11 12:42:54.0;
15;26188;2019-04-11 12:43:20.0;
15;26187.5;2019-04-11 12:43:30.0;
15;26186.5;2019-04-11 12:43:49.0;
15;26187;2019-04-11 12:44:04.0;
15;26187.5;2019-04-11 12:44:09.0;
15;26187;2019-04-11 12:44:15.0;
15;26186;2019-04-11 12:44:25.0;
15;26187;2019-04-11 12:44:27.0;
15;26186;2019-04-11 12:44:34.0;
15;26190;2019-04-11 12:44:38.0;
15;26191.5;2019-04-11 12:44:39.0;
15;26190;2019-04-11 12:44:53.0;
15;26189.5;2019-04-11 12:45:12.0;
15;26190;2019-04-11 12:45:28.0;
15;26189.5;2019-04-11 12:45:29.0;
15;26190;2019-04-11 12:45:30.0;
15;26189.5;2019-04-11 12:45:33.0;
15;26195.5;2019-04-11 12:45:39.0;
15;26197.5;2019-04-11 12:45:46.0;
15;26195.5;2019-04-11 12:46:05.0;
15;26196.5;2019-04-11 12:46:24.0;
15;26198;2019-04-11 12:46:28.0;
15;26202.5;2019-04-11 12:46:35.0;
15;26202;2019-04-11 12:46:45.0;
15;26198.5;2019-04-11 12:46:48.0;
15;26199;2019-04-11 12:46:51.0;
15;26201;2019-04-11 12:47:03.0;
15;26200;2019-04-11 12:47:11.0;
15;26201;2019-04-11 12:47:20.0;
15;26201.5;2019-04-11 12:47:25.0;
15;26202;2019-04-11 12:47:27.0;
15;26201.5;2019-04-11 12:47:28.0;
15;26202;2019-04-11 12:47:30.0;
15;26203;2019-04-11 12:47:38.0;
15;26201.5;2019-04-11 12:47:41.0;
15;26201;2019-04-11 12:47:43.0;
15;26201.5;2019-04-11 12:47:44.0;
15;26201;2019-04-11 12:47:45.0;
15;26201.5;2019-04-11 12:47:47.0;
15;26201;2019-04-11 12:48:08.0;
15;26201.5;2019-04-11 12:48:12.0;
15;26202;2019-04-11 12:48:16.0;
15;26201.5;2019-04-11 12:48:18.0;
15;26203.5;2019-04-11 12:48:19.0;
15;26200;2019-04-11 12:48:26.0;
15;26199;2019-04-11 12:48:27.0;
15;26199.5;2019-04-11 12:48:31.0;
15;26199;2019-04-11 12:48:32.0;
15;26199.5;2019-04-11 12:48:34.0;
15;26200;2019-04-11 12:48:47.0;
15;26199.5;2019-04-11 12:48:49.0;
15;26200.5;2019-04-11 12:48:50.0;
15;26200;2019-04-11 12:48:51.0;
15;26200.5;2019-04-11 12:48:53.0;
15;26199.5;2019-04-11 12:48:55.0;
15;26200;2019-04-11 12:49:02.0;
15;26200.5;2019-04-11 12:49:06.0;
15;26200;2019-04-11 12:49:14.0;
15;26199.5;2019-04-11 12:49:20.0;
15;26199;2019-04-11 12:49:33.0;
15;26198;2019-04-11 12:49:39.0;
15;26199.5;2019-04-11 12:50:04.0;
15;26198;2019-04-11 12:50:05.0;
15;26199.5;2019-04-11 12:50:07.0;
15;26200;2019-04-11 12:50:13.0;
15;26199.5;2019-04-11 12:50:18.0;
15;26201.5;2019-04-11 12:50:21.0;
15;26202;2019-04-11 12:50:30.0;
15;26201;2019-04-11 12:50:32.0;
15;26202;2019-04-11 12:50:46.0;
15;26202.5;2019-04-11 12:50:48.0;
15;26203.5;2019-04-11 12:50:51.0;
15;26202.5;2019-04-11 12:50:52.0;
15;26203.5;2019-04-11 12:50:55.0;
15;26204;2019-04-11 12:50:57.0;
15;26204.5;2019-04-11 12:50:59.0;
15;26204;2019-04-11 12:51:05.0;
15;26203.5;2019-04-11 12:51:07.0;
15;26204;2019-04-11 12:51:08.0;
15;26203.5;2019-04-11 12:51:09.0;
15;26203;2019-04-11 12:51:12.0;
15;26204;2019-04-11 12:51:22.0;
15;26204.5;2019-04-11 12:51:24.0;
15;26204;2019-04-11 12:51:28.0;
15;26205;2019-04-11 12:51:31.0;
15;26204;2019-04-11 12:51:32.0;
15;26205;2019-04-11 12:51:34.0;
15;26204;2019-04-11 12:51:35.0;
15;26205;2019-04-11 12:51:41.0;
15;26204.5;2019-04-11 12:51:44.0;
15;26202;2019-04-11 12:52:05.0;
15;26204;2019-04-11 12:52:11.0;
15;26202.5;2019-04-11 12:52:13.0;
15;26201.5;2019-04-11 12:52:29.0;
15;26202;2019-04-11 12:52:36.0;
15;26201.5;2019-04-11 12:52:43.0;
15;26202.5;2019-04-11 12:53:10.0;
15;26202;2019-04-11 12:53:15.0;
15;26201.5;2019-04-11 12:53:32.0;
15;26202;2019-04-11 12:53:46.0;
15;26199.5;2019-04-11 12:53:47.0;
15;26202;2019-04-11 12:53:49.0;
15;26199.5;2019-04-11 12:53:51.0;
15;26199;2019-04-11 12:54:04.0;
15;26199.5;2019-04-11 12:54:09.0;
15;26200.5;2019-04-11 12:54:15.0;
15;26200;2019-04-11 12:54:23.0;
15;26200.5;2019-04-11 12:54:25.0;
15;26200;2019-04-11 12:54:28.0;
15;26200.5;2019-04-11 12:54:48.0;
15;26203.5;2019-04-11 12:54:52.0;
15;26200.5;2019-04-11 12:54:53.0;
15;26204;2019-04-11 12:54:56.0;
15;26202.5;2019-04-11 12:54:59.0;
15;26204;2019-04-11 12:55:00.0;
15;26202.5;2019-04-11 12:55:01.0;
15;26201.5;2019-04-11 12:55:04.0;
15;26200.5;2019-04-11 12:55:09.0;
15;26201.5;2019-04-11 12:55:11.0;
15;26203;2019-04-11 12:55:16.0;
15;26201.5;2019-04-11 12:55:20.0;
15;26202;2019-04-11 12:55:23.0;
15;26202.5;2019-04-11 12:55:29.0;
15;26202;2019-04-11 12:55:36.0;
15;26201.5;2019-04-11 12:55:48.0;
15;26203.5;2019-04-11 12:56:08.0;
15;26203;2019-04-11 12:56:12.0;
15;26203.5;2019-04-11 12:56:13.0;
15;26203;2019-04-11 12:56:15.0;
15;26201.5;2019-04-11 12:56:19.0;
15;26203;2019-04-11 12:56:20.0;
15;26201.5;2019-04-11 12:56:22.0;
15;26200.5;2019-04-11 12:56:34.0;
15;26200;2019-04-11 12:57:01.0;
15;26199;2019-04-11 12:57:06.0;
15;26199.5;2019-04-11 12:57:16.0;
15;26200.5;2019-04-11 12:57:24.0;
15;26201;2019-04-11 12:57:29.0;
15;26200;2019-04-11 12:57:32.0;
15;26201;2019-04-11 12:57:33.0;
15;26200;2019-04-11 12:57:35.0;
15;26203;2019-04-11 12:58:05.0;
15;26203.5;2019-04-11 12:58:12.0;
15;26204;2019-04-11 12:58:25.0;
15;26204.5;2019-04-11 12:58:28.0;
15;26204;2019-04-11 12:58:30.0;
15;26204.5;2019-04-11 12:58:31.0;
15;26205;2019-04-11 12:58:43.0;
15;26204.5;2019-04-11 12:58:45.0;
15;26205;2019-04-11 12:58:46.0;
15;26206;2019-04-11 12:58:49.0;
15;26205;2019-04-11 12:58:52.0;
15;26206;2019-04-11 12:58:58.0;
15;26205.5;2019-04-11 12:59:08.0;
15;26205;2019-04-11 12:59:10.0;
15;26205.5;2019-04-11 12:59:26.0;
15;26204.5;2019-04-11 12:59:34.0;
15;26206;2019-04-11 12:59:42.0;
15;26207;2019-04-11 12:59:48.0;
15;26206.5;2019-04-11 13:00:04.0;
15;26207;2019-04-11 13:00:05.0;
15;26206.5;2019-04-11 13:00:07.0;
15;26207;2019-04-11 13:00:27.0;
15;26206.5;2019-04-11 13:00:30.0;
15;26207.5;2019-04-11 13:00:31.0;
15;26207;2019-04-11 13:00:39.0;
15;26207.5;2019-04-11 13:00:43.0;
15;26207;2019-04-11 13:00:53.0;
15;26206.5;2019-04-11 13:00:57.0;
15;26207;2019-04-11 13:01:01.0;
15;26206.5;2019-04-11 13:01:18.0;
15;26207;2019-04-11 13:01:19.0;
15;26206.5;2019-04-11 13:01:23.0;
15;26207;2019-04-11 13:01:24.0;
15;26208.5;2019-04-11 13:01:30.0;
15;26208;2019-04-11 13:01:33.0;
15;26206.5;2019-04-11 13:01:41.0;
15;26205;2019-04-11 13:02:04.0;
15;26205.5;2019-04-11 13:02:11.0;
15;26207;2019-04-11 13:02:16.0;
15;26206;2019-04-11 13:02:59.0;
15;26207.5;2019-04-11 13:03:04.0;
15;26208;2019-04-11 13:03:22.0;
15;26208.5;2019-04-11 13:03:24.0;
15;26208;2019-04-11 13:03:44.0;
15;26209;2019-04-11 13:03:49.0;
15;26208.5;2019-04-11 13:04:04.0;
15;26209;2019-04-11 13:04:11.0;
15;26208.5;2019-04-11 13:04:13.0;
15;26210.5;2019-04-11 13:04:14.0;
15;26218.5;2019-04-11 13:04:18.0;
15;26217.5;2019-04-11 13:04:24.0;
15;26215.5;2019-04-11 13:04:28.0;
15;26214;2019-04-11 13:04:32.0;
15;26217;2019-04-11 13:04:37.0;
15;26217.5;2019-04-11 13:04:44.0;
15;26217;2019-04-11 13:04:46.0;
15;26217.5;2019-04-11 13:04:55.0;
15;26217;2019-04-11 13:04:58.0;
15;26217.5;2019-04-11 13:04:59.0;
15;26217;2019-04-11 13:05:01.0;
15;26218;2019-04-11 13:05:03.0;
15;26219;2019-04-11 13:05:11.0;
15;26218;2019-04-11 13:05:12.0;
15;26219;2019-04-11 13:05:13.0;
15;26218;2019-04-11 13:05:28.0;
15;26218.5;2019-04-11 13:05:33.0;
15;26220.5;2019-04-11 13:05:43.0;
15;26220;2019-04-11 13:05:46.0;
15;26217.5;2019-04-11 13:06:03.0;
15;26218;2019-04-11 13:06:07.0;
15;26217.5;2019-04-11 13:06:08.0;
15;26218;2019-04-11 13:06:10.0;
15;26217.5;2019-04-11 13:06:13.0;
15;26216.5;2019-04-11 13:06:19.0;
15;26217.5;2019-04-11 13:06:23.0;
15;26215.5;2019-04-11 13:06:24.0;
15;26215;2019-04-11 13:06:27.0;
15;26215.5;2019-04-11 13:06:28.0;
15;26215;2019-04-11 13:06:29.0;
15;26217;2019-04-11 13:06:34.0;
15;26215;2019-04-11 13:06:35.0;
15;26217.5;2019-04-11 13:06:37.0;
15;26217;2019-04-11 13:06:38.0;
15;26217.5;2019-04-11 13:06:39.0;
15;26217;2019-04-11 13:06:53.0;
15;26218;2019-04-11 13:06:56.0;
15;26217.5;2019-04-11 13:07:01.0;
15;26218.5;2019-04-11 13:07:03.0;
15;26218;2019-04-11 13:07:13.0;
15;26218.5;2019-04-11 13:07:20.0;
15;26218;2019-04-11 13:07:21.0;
15;26218.5;2019-04-11 13:07:23.0;
15;26217.5;2019-04-11 13:07:49.0;
15;26219;2019-04-11 13:08:04.0;
15;26220.5;2019-04-11 13:08:19.0;
15;26219;2019-04-11 13:08:22.0;
15;26220.5;2019-04-11 13:08:23.0;
15;26224;2019-04-11 13:08:32.0;
15;26220.5;2019-04-11 13:08:34.0;
15;26219.5;2019-04-11 13:08:37.0;
15;26220.5;2019-04-11 13:08:42.0;
15;26219.5;2019-04-11 13:08:51.0;
15;26218.5;2019-04-11 13:09:12.0;
15;26219.5;2019-04-11 13:09:13.0;
15;26218.5;2019-04-11 13:09:14.0;
15;26219.5;2019-04-11 13:09:25.0;
15;26219;2019-04-11 13:09:28.0;
15;26219.5;2019-04-11 13:09:45.0;
15;26220;2019-04-11 13:09:48.0;
15;26220.5;2019-04-11 13:10:07.0;
15;26220;2019-04-11 13:10:10.0;
15;26220.5;2019-04-11 13:10:11.0;
15;26220;2019-04-11 13:10:13.0;
15;26219;2019-04-11 13:10:17.0;
15;26218;2019-04-11 13:10:21.0;
15;26216.5;2019-04-11 13:10:24.0;
15;26215.5;2019-04-11 13:10:38.0;
15;26213.5;2019-04-11 13:10:41.0;
15;26214.5;2019-04-11 13:10:44.0;
15;26213.5;2019-04-11 13:10:45.0;
15;26214.5;2019-04-11 13:10:48.0;
15;26213.5;2019-04-11 13:10:55.0;
15;26214;2019-04-11 13:11:19.0;
15;26213.5;2019-04-11 13:11:22.0;
15;26214;2019-04-11 13:11:24.0;
15;26212.5;2019-04-11 13:11:29.0;
15;26212;2019-04-11 13:11:32.0;
15;26210.5;2019-04-11 13:11:39.0;
15;26212;2019-04-11 13:11:41.0;
15;26210.5;2019-04-11 13:11:42.0;
15;26211.5;2019-04-11 13:12:05.0;
15;26211;2019-04-11 13:12:30.0;
15;26212;2019-04-11 13:12:35.0;
15;26213;2019-04-11 13:12:39.0;
15;26212;2019-04-11 13:12:46.0;
15;26211;2019-04-11 13:12:48.0;
15;26214;2019-04-11 13:12:51.0;
15;26211;2019-04-11 13:12:52.0;
15;26214;2019-04-11 13:12:53.0;
15;26213.5;2019-04-11 13:13:05.0;
15;26212.5;2019-04-11 13:13:08.0;
15;26212;2019-04-11 13:13:25.0;
15;26211.5;2019-04-11 13:13:31.0;
15;26210.5;2019-04-11 13:13:37.0;
15;26209.5;2019-04-11 13:13:41.0;
15;26210;2019-04-11 13:13:44.0;
15;26211;2019-04-11 13:14:18.0;
15;26211.5;2019-04-11 13:14:25.0;
15;26212;2019-04-11 13:14:28.0;
15;26213;2019-04-11 13:14:44.0;
15;26212;2019-04-11 13:14:46.0;
15;26213;2019-04-11 13:14:47.0;
15;26212;2019-04-11 13:14:56.0;
15;26213;2019-04-11 13:14:57.0;
15;26212;2019-04-11 13:14:58.0;
15;26213;2019-04-11 13:15:00.0;
15;26212;2019-04-11 13:15:02.0;
15;26213;2019-04-11 13:15:03.0;
15;26213.5;2019-04-11 13:15:05.0;
15;26214;2019-04-11 13:15:12.0;
15;26213.5;2019-04-11 13:15:17.0;
15;26213;2019-04-11 13:15:19.0;
15;26211.5;2019-04-11 13:15:34.0;
15;26210.5;2019-04-11 13:15:37.0;
15;26210;2019-04-11 13:15:40.0;
15;26210.5;2019-04-11 13:15:46.0;
15;26209;2019-04-11 13:16:08.0;
15;26210;2019-04-11 13:16:20.0;
15;26209;2019-04-11 13:17:10.0;
15;26209.5;2019-04-11 13:17:17.0;
15;26210.5;2019-04-11 13:17:26.0;
15;26212;2019-04-11 13:17:29.0;
15;26212.5;2019-04-11 13:17:31.0;
15;26213.5;2019-04-11 13:17:34.0;
15;26212.5;2019-04-11 13:17:36.0;
15;26213.5;2019-04-11 13:17:37.0;
15;26215;2019-04-11 13:17:44.0;
15;26213.5;2019-04-11 13:17:48.0;
15;26215;2019-04-11 13:17:49.0;
15;26213.5;2019-04-11 13:17:51.0;
15;26211;2019-04-11 13:18:02.0;
15;26213;2019-04-11 13:18:21.0;
15;26213.5;2019-04-11 13:18:28.0;
15;26212;2019-04-11 13:18:35.0;
15;26212.5;2019-04-11 13:18:38.0;
15;26212;2019-04-11 13:18:39.0;
15;26212.5;2019-04-11 13:18:41.0;
15;26213;2019-04-11 13:18:42.0;
15;26211.5;2019-04-11 13:18:46.0;
15;26212;2019-04-11 13:18:55.0;
15;26211.5;2019-04-11 13:18:57.0;
15;26212;2019-04-11 13:18:59.0;
15;26212.5;2019-04-11 13:19:00.0;
15;26212;2019-04-11 13:19:13.0;
15;26210.5;2019-04-11 13:19:15.0;
15;26212;2019-04-11 13:19:16.0;
15;26210.5;2019-04-11 13:19:18.0;
15;26210;2019-04-11 13:19:35.0;
15;26209.5;2019-04-11 13:19:43.0;
15;26207.5;2019-04-11 13:20:03.0;
15;26206.5;2019-04-11 13:20:28.0;
15;26207;2019-04-11 13:20:41.0;
15;26206;2019-04-11 13:21:02.0;
15;26204;2019-04-11 13:21:03.0;
15;26206;2019-04-11 13:21:06.0;
15;26204;2019-04-11 13:21:07.0;
15;26204.5;2019-04-11 13:21:11.0;
15;26205;2019-04-11 13:21:19.0;
15;26205.5;2019-04-11 13:21:29.0;
15;26205;2019-04-11 13:21:32.0;
15;26204.5;2019-04-11 13:21:38.0;
15;26204;2019-04-11 13:21:48.0;
15;26201;2019-04-11 13:22:06.0;
15;26201.5;2019-04-11 13:22:18.0;
15;26202;2019-04-11 13:22:21.0;
15;26201.5;2019-04-11 13:22:22.0;
15;26202;2019-04-11 13:22:24.0;
15;26201;2019-04-11 13:22:27.0;
15;26202;2019-04-11 13:22:32.0;
15;26203;2019-04-11 13:22:45.0;
15;26203.5;2019-04-11 13:22:50.0;
15;26202;2019-04-11 13:22:53.0;
15;26204.5;2019-04-11 13:23:00.0;
15;26205;2019-04-11 13:23:04.0;
15;26204.5;2019-04-11 13:23:06.0;
15;26205;2019-04-11 13:23:07.0;
15;26205.5;2019-04-11 13:23:10.0;
15;26207.5;2019-04-11 13:23:12.0;
15;26205.5;2019-04-11 13:23:13.0;
15;26208;2019-04-11 13:23:15.0;
15;26209;2019-04-11 13:23:19.0;
15;26207;2019-04-11 13:23:43.0;
15;26208.5;2019-04-11 13:23:50.0;
15;26207.5;2019-04-11 13:24:25.0;
15;26207;2019-04-11 13:24:48.0;
15;26208;2019-04-11 13:24:59.0;
15;26207;2019-04-11 13:25:00.0;
15;26208;2019-04-11 13:25:01.0;
15;26204.5;2019-04-11 13:25:04.0;
15;26204;2019-04-11 13:25:08.0;
15;26205;2019-04-11 13:25:16.0;
15;26204;2019-04-11 13:25:17.0;
15;26205;2019-04-11 13:25:19.0;
15;26203.5;2019-04-11 13:25:20.0;
15;26202;2019-04-11 13:25:25.0;
15;26201;2019-04-11 13:25:28.0;
15;26202;2019-04-11 13:25:30.0;
15;26201;2019-04-11 13:25:32.0;
15;26200.5;2019-04-11 13:26:07.0;
15;26201;2019-04-11 13:26:13.0;
15;26200.5;2019-04-11 13:26:14.0;
15;26201;2019-04-11 13:26:16.0;
15;26200.5;2019-04-11 13:26:19.0;
15;26201;2019-04-11 13:26:20.0;
15;26200.5;2019-04-11 13:26:21.0;
15;26201;2019-04-11 13:26:24.0;
15;26200.5;2019-04-11 13:26:27.0;
15;26201;2019-04-11 13:26:28.0;
15;26200.5;2019-04-11 13:26:33.0;
15;26200;2019-04-11 13:26:39.0;
15;26200.5;2019-04-11 13:26:44.0;
15;26200;2019-04-11 13:26:51.0;
15;26201;2019-04-11 13:26:54.0;
15;26200;2019-04-11 13:26:57.0;
15;26200.5;2019-04-11 13:26:59.0;
15;26201;2019-04-11 13:27:12.0;
15;26201.5;2019-04-11 13:27:15.0;
15;26201;2019-04-11 13:27:16.0;
15;26201.5;2019-04-11 13:27:18.0;
15;26201;2019-04-11 13:27:21.0;
15;26200.5;2019-04-11 13:27:31.0;
15;26201.5;2019-04-11 13:27:32.0;
15;26201;2019-04-11 13:27:39.0;
15;26202;2019-04-11 13:27:49.0;
15;26204;2019-04-11 13:28:07.0;
15;26203;2019-04-11 13:28:15.0;
15;26202;2019-04-11 13:28:19.0;
15;26202.5;2019-04-11 13:28:26.0;
15;26203.5;2019-04-11 13:28:41.0;
15;26203;2019-04-11 13:28:52.0;
15;26203.5;2019-04-11 13:28:57.0;
15;26202.5;2019-04-11 13:29:02.0;
15;26202;2019-04-11 13:29:15.0;
15;26202.5;2019-04-11 13:29:16.0;
15;26202;2019-04-11 13:29:18.0;
15;26201;2019-04-11 13:29:20.0;
15;26200.5;2019-04-11 13:29:47.0;
15;26201.5;2019-04-11 13:30:12.0;
15;26200;2019-04-11 13:30:15.0;
15;26199.5;2019-04-11 13:30:39.0;
15;26202.5;2019-04-11 13:30:44.0;
15;26201.5;2019-04-11 13:30:48.0;
15;26203.5;2019-04-11 13:30:52.0;
15;26204;2019-04-11 13:30:58.0;
15;26205.5;2019-04-11 13:31:06.0;
15;26204.5;2019-04-11 13:31:10.0;
15;26205.5;2019-04-11 13:31:11.0;
15;26204.5;2019-04-11 13:31:16.0;
15;26206;2019-04-11 13:31:20.0;
15;26205;2019-04-11 13:31:24.0;
15;26204.5;2019-04-11 13:31:40.0;
15;26206.5;2019-04-11 13:31:43.0;
15;26205;2019-04-11 13:32:06.0;
15;26205.5;2019-04-11 13:32:10.0;
15;26206.5;2019-04-11 13:32:13.0;
15;26208.5;2019-04-11 13:32:16.0;
15;26206.5;2019-04-11 13:32:17.0;
15;26208.5;2019-04-11 13:32:19.0;
15;26207;2019-04-11 13:32:27.0;
15;26205.5;2019-04-11 13:32:29.0;
15;26205;2019-04-11 13:32:33.0;
15;26204.5;2019-04-11 13:32:35.0;
15;26205;2019-04-11 13:32:36.0;
15;26205.5;2019-04-11 13:32:48.0;
15;26205;2019-04-11 13:32:51.0;
15;26203;2019-04-11 13:33:03.0;
15;26203.5;2019-04-11 13:33:08.0;
15;26203;2019-04-11 13:33:10.0;
15;26203.5;2019-04-11 13:33:12.0;
15;26203;2019-04-11 13:33:14.0;
15;26202;2019-04-11 13:33:22.0;
15;26202.5;2019-04-11 13:33:29.0;
15;26200.5;2019-04-11 13:34:03.0;
15;26203.5;2019-04-11 13:34:09.0;
15;26204.5;2019-04-11 13:34:14.0;
15;26204;2019-04-11 13:34:19.0;
15;26203.5;2019-04-11 13:34:23.0;
15;26204;2019-04-11 13:34:26.0;
15;26203;2019-04-11 13:34:37.0;
15;26202;2019-04-11 13:34:39.0;
15;26203;2019-04-11 13:34:41.0;
15;26202;2019-04-11 13:34:43.0;
15;26203;2019-04-11 13:34:44.0;
15;26205;2019-04-11 13:34:54.0;
15;26204;2019-04-11 13:35:05.0;
15;26203.5;2019-04-11 13:35:12.0;
15;26205.5;2019-04-11 13:35:14.0;
15;26204.5;2019-04-11 13:35:23.0;
15;26205.5;2019-04-11 13:35:31.0;
15;26205;2019-04-11 13:35:45.0;
15;26204;2019-04-11 13:36:06.0;
15;26205.5;2019-04-11 13:36:10.0;
15;26201.5;2019-04-11 13:36:23.0;
15;26202.5;2019-04-11 13:36:27.0;
15;26201.5;2019-04-11 13:36:29.0;
15;26202.5;2019-04-11 13:36:30.0;
15;26203;2019-04-11 13:36:36.0;
15;26204.5;2019-04-11 13:36:51.0;
15;26205;2019-04-11 13:37:00.0;
15;26205.5;2019-04-11 13:37:05.0;
15;26204.5;2019-04-11 13:37:27.0;
15;26207.5;2019-04-11 13:38:02.0;
15;26204.5;2019-04-11 13:38:04.0;
15;26207.5;2019-04-11 13:38:05.0;
15;26208;2019-04-11 13:38:08.0;
15;26208.5;2019-04-11 13:38:18.0;
15;26210.5;2019-04-11 13:38:24.0;
15;26207;2019-04-11 13:38:35.0;
15;26206;2019-04-11 13:38:45.0;
15;26206.5;2019-04-11 13:38:49.0;
15;26207;2019-04-11 13:38:54.0;
15;26205.5;2019-04-11 13:39:04.0;
15;26205;2019-04-11 13:39:09.0;
15;26206;2019-04-11 13:39:14.0;
15;26204;2019-04-11 13:39:21.0;
15;26204.5;2019-04-11 13:39:23.0;
15;26204;2019-04-11 13:39:24.0;
15;26204.5;2019-04-11 13:39:27.0;
15;26204;2019-04-11 13:39:33.0;
15;26203;2019-04-11 13:39:40.0;
15;26202.5;2019-04-11 13:40:05.0;
15;26200;2019-04-11 13:40:16.0;
15;26198.5;2019-04-11 13:40:24.0;
15;26197.5;2019-04-11 13:40:27.0;
15;26197;2019-04-11 13:40:31.0;
15;26197.5;2019-04-11 13:40:34.0;
15;26198.5;2019-04-11 13:40:40.0;
15;26199;2019-04-11 13:40:43.0;
15;26198;2019-04-11 13:40:49.0;
15;26197;2019-04-11 13:40:51.0;
15;26198;2019-04-11 13:40:54.0;
15;26197.5;2019-04-11 13:40:55.0;
15;26197;2019-04-11 13:41:02.0;
15;26198;2019-04-11 13:41:06.0;
15;26196;2019-04-11 13:41:08.0;
15;26195.5;2019-04-11 13:41:11.0;
15;26194;2019-04-11 13:41:18.0;
15;26195.5;2019-04-11 13:41:20.0;
15;26196;2019-04-11 13:41:27.0;
15;26196.5;2019-04-11 13:41:37.0;
15;26196;2019-04-11 13:41:40.0;
15;26196.5;2019-04-11 13:41:42.0;
15;26196;2019-04-11 13:41:44.0;
15;26196.5;2019-04-11 13:42:12.0;
15;26198.5;2019-04-11 13:42:15.0;
15;26196.5;2019-04-11 13:42:16.0;
15;26198.5;2019-04-11 13:42:18.0;
15;26199;2019-04-11 13:42:23.0;
15;26196;2019-04-11 13:42:30.0;
15;26198;2019-04-11 13:42:39.0;
15;26197;2019-04-11 13:42:49.0;
15;26197.5;2019-04-11 13:42:50.0;
15;26198;2019-04-11 13:42:56.0;
15;26197.5;2019-04-11 13:43:05.0;
15;26196.5;2019-04-11 13:43:06.0;
15;26197.5;2019-04-11 13:43:08.0;
15;26196.5;2019-04-11 13:43:09.0;
15;26197;2019-04-11 13:43:12.0;
15;26196.5;2019-04-11 13:43:15.0;
15;26197;2019-04-11 13:43:19.0;
15;26196.5;2019-04-11 13:43:20.0;
15;26197;2019-04-11 13:43:22.0;
15;26197.5;2019-04-11 13:43:23.0;
15;26197;2019-04-11 13:43:34.0;
15;26196.5;2019-04-11 13:43:48.0;
15;26198;2019-04-11 13:44:05.0;
15;26197.5;2019-04-11 13:44:06.0;
15;26196.5;2019-04-11 13:44:15.0;
15;26197;2019-04-11 13:44:19.0;
15;26196.5;2019-04-11 13:44:22.0;
15;26198.5;2019-04-11 13:44:23.0;
15;26198;2019-04-11 13:44:29.0;
15;26198.5;2019-04-11 13:44:31.0;
15;26198;2019-04-11 13:44:33.0;
15;26198.5;2019-04-11 13:44:34.0;
15;26198;2019-04-11 13:44:49.0;
15;26198.5;2019-04-11 13:44:51.0;
15;26198;2019-04-11 13:44:53.0;
15;26198.5;2019-04-11 13:44:54.0;
15;26199;2019-04-11 13:44:56.0;
15;26199.5;2019-04-11 13:45:08.0;
15;26199;2019-04-11 13:45:23.0;
15;26199.5;2019-04-11 13:45:25.0;
15;26199;2019-04-11 13:45:26.0;
15;26199.5;2019-04-11 13:45:27.0;
15;26201;2019-04-11 13:45:35.0;
15;26200;2019-04-11 13:45:40.0;
15;26200.5;2019-04-11 13:45:43.0;
15;26199.5;2019-04-11 13:46:04.0;
15;26199;2019-04-11 13:46:12.0;
15;26197.5;2019-04-11 13:46:27.0;
15;26199;2019-04-11 13:46:28.0;
15;26197.5;2019-04-11 13:46:29.0;
15;26196;2019-04-11 13:46:31.0;
15;26197.5;2019-04-11 13:46:34.0;
15;26196;2019-04-11 13:46:35.0;
15;26197;2019-04-11 13:46:37.0;
15;26197.5;2019-04-11 13:46:51.0;
15;26197;2019-04-11 13:46:56.0;
15;26198;2019-04-11 13:47:06.0;
15;26197;2019-04-11 13:47:24.0;
15;26198;2019-04-11 13:47:25.0;
15;26197;2019-04-11 13:47:27.0;
15;26197.5;2019-04-11 13:47:34.0;
15;26198.5;2019-04-11 13:47:49.0;
15;26200.5;2019-04-11 13:48:04.0;
15;26200;2019-04-11 13:48:09.0;
15;26199.5;2019-04-11 13:48:13.0;
15;26200;2019-04-11 13:48:19.0;
15;26199.5;2019-04-11 13:48:23.0;
15;26199;2019-04-11 13:48:41.0;
15;26198.5;2019-04-11 13:48:44.0;
15;26199;2019-04-11 13:48:46.0;
15;26198.5;2019-04-11 13:48:47.0;
15;26199;2019-04-11 13:48:53.0;
15;26200.5;2019-04-11 13:49:23.0;
15;26199;2019-04-11 13:49:25.0;
15;26200.5;2019-04-11 13:49:28.0;
15;26200;2019-04-11 13:49:33.0;
15;26199.5;2019-04-11 13:49:39.0;
15;26201;2019-04-11 13:50:03.0;
15;26199.5;2019-04-11 13:50:05.0;
15;26201;2019-04-11 13:50:06.0;
15;26201.5;2019-04-11 13:50:19.0;
15;26202;2019-04-11 13:50:29.0;
15;26203;2019-04-11 13:50:32.0;
15;26204;2019-04-11 13:50:35.0;
15;26202.5;2019-04-11 13:50:46.0;
15;26202;2019-04-11 13:50:49.0;
15;26202.5;2019-04-11 13:50:55.0;
15;26202;2019-04-11 13:50:58.0;
15;26202.5;2019-04-11 13:50:59.0;
15;26202;2019-04-11 13:51:00.0;
15;26202.5;2019-04-11 13:51:02.0;
15;26202;2019-04-11 13:51:03.0;
15;26201;2019-04-11 13:51:31.0;
15;26202;2019-04-11 13:51:33.0;
15;26201;2019-04-11 13:51:34.0;
15;26199.5;2019-04-11 13:51:45.0;
15;26200.5;2019-04-11 13:52:04.0;
15;26199.5;2019-04-11 13:52:06.0;
15;26200.5;2019-04-11 13:52:08.0;
15;26201;2019-04-11 13:52:11.0;
15;26202.5;2019-04-11 13:52:39.0;
15;26203;2019-04-11 13:52:44.0;
15;26202.5;2019-04-11 13:52:45.0;
15;26203;2019-04-11 13:52:47.0;
15;26202.5;2019-04-11 13:52:52.0;
15;26202;2019-04-11 13:53:07.0;
15;26202.5;2019-04-11 13:53:08.0;
15;26202;2019-04-11 13:53:09.0;
15;26203.5;2019-04-11 13:53:11.0;
15;26204.5;2019-04-11 13:53:16.0;
15;26205.5;2019-04-11 13:53:21.0;
15;26206.5;2019-04-11 13:53:26.0;
15;26205.5;2019-04-11 13:53:27.0;
15;26206.5;2019-04-11 13:53:28.0;
15;26205.5;2019-04-11 13:53:30.0;
15;26205;2019-04-11 13:53:38.0;
15;26206;2019-04-11 13:53:39.0;
15;26204.5;2019-04-11 13:53:44.0;
15;26204;2019-04-11 13:53:49.0;
15;26202.5;2019-04-11 13:54:04.0;
15;26203;2019-04-11 13:54:27.0;
15;26204;2019-04-11 13:54:34.0;
15;26204.5;2019-04-11 13:54:47.0;
15;26204;2019-04-11 13:54:51.0;
15;26203;2019-04-11 13:55:07.0;
15;26204.5;2019-04-11 13:55:15.0;
15;26204;2019-04-11 13:55:19.0;
15;26204.5;2019-04-11 13:55:22.0;
15;26204;2019-04-11 13:55:24.0;
15;26204.5;2019-04-11 13:55:25.0;
15;26204;2019-04-11 13:55:28.0;
15;26204.5;2019-04-11 13:55:29.0;
15;26204;2019-04-11 13:55:31.0;
15;26204.5;2019-04-11 13:55:35.0;
15;26204;2019-04-11 13:55:45.0;
15;26202;2019-04-11 13:55:47.0;
15;26201.5;2019-04-11 13:56:03.0;
15;26202;2019-04-11 13:56:04.0;
15;26201.5;2019-04-11 13:56:05.0;
15;26200.5;2019-04-11 13:56:08.0;
15;26201.5;2019-04-11 13:56:28.0;
15;26200.5;2019-04-11 13:56:30.0;
15;26201.5;2019-04-11 13:56:31.0;
15;26201;2019-04-11 13:56:48.0;
15;26201.5;2019-04-11 13:56:51.0;
15;26202;2019-04-11 13:56:57.0;
15;26201.5;2019-04-11 13:56:59.0;
15;26201;2019-04-11 13:57:00.0;
15;26201.5;2019-04-11 13:57:03.0;
15;26201;2019-04-11 13:57:09.0;
15;26200;2019-04-11 13:57:16.0;
15;26201;2019-04-11 13:57:23.0;
15;26200;2019-04-11 13:57:24.0;
15;26201;2019-04-11 13:57:27.0;
15;26201.5;2019-04-11 13:57:43.0;
15;26200;2019-04-11 13:58:05.0;
15;26200.5;2019-04-11 13:58:10.0;
15;26201;2019-04-11 13:58:26.0;
15;26200.5;2019-04-11 13:58:39.0;
15;26201;2019-04-11 13:58:40.0;
15;26200.5;2019-04-11 13:59:00.0;
15;26201;2019-04-11 13:59:01.0;
15;26200.5;2019-04-11 13:59:03.0;
15;26201;2019-04-11 13:59:11.0;
15;26200.5;2019-04-11 13:59:18.0;
15;26202.5;2019-04-11 13:59:25.0;
15;26201.5;2019-04-11 13:59:32.0;
15;26202;2019-04-11 13:59:38.0;
15;26197;2019-04-11 14:00:06.0;
15;26198.5;2019-04-11 14:00:07.0;
15;26197;2019-04-11 14:00:09.0;
15;26196;2019-04-11 14:00:14.0;
15;26195.5;2019-04-11 14:00:26.0;
15;26194;2019-04-11 14:00:33.0;
15;26195;2019-04-11 14:00:38.0;
15;26191.5;2019-04-11 14:00:45.0;
15;26189.5;2019-04-11 14:00:47.0;
15;26189;2019-04-11 14:00:52.0;
15;26189.5;2019-04-11 14:00:55.0;
15;26189;2019-04-11 14:01:01.0;
15;26190.5;2019-04-11 14:01:04.0;
15;26191;2019-04-11 14:01:11.0;
15;26190.5;2019-04-11 14:01:13.0;
15;26191;2019-04-11 14:01:15.0;
15;26193;2019-04-11 14:01:17.0;
15;26192;2019-04-11 14:01:18.0;
15;26193;2019-04-11 14:01:30.0;
15;26192.5;2019-04-11 14:01:35.0;
15;26192;2019-04-11 14:01:40.0;
15;26191.5;2019-04-11 14:01:44.0;
15;26192;2019-04-11 14:01:46.0;
15;26191;2019-04-11 14:02:08.0;
15;26192;2019-04-11 14:02:14.0;
15;26192.5;2019-04-11 14:02:22.0;
15;26191.5;2019-04-11 14:02:23.0;
15;26190.5;2019-04-11 14:02:29.0;
15;26191.5;2019-04-11 14:02:34.0;
15;26192.5;2019-04-11 14:02:54.0;
15;26191.5;2019-04-11 14:02:57.0;
15;26192.5;2019-04-11 14:03:03.0;
15;26192;2019-04-11 14:03:10.0;
15;26193.5;2019-04-11 14:03:18.0;
15;26196;2019-04-11 14:03:30.0;
15;26195;2019-04-11 14:03:37.0;
15;26193.5;2019-04-11 14:03:42.0;
15;26193;2019-04-11 14:03:44.0;
15;26194;2019-04-11 14:03:50.0;
15;26195.5;2019-04-11 14:04:06.0;
15;26194;2019-04-11 14:04:08.0;
15;26195.5;2019-04-11 14:04:10.0;
15;26195;2019-04-11 14:04:15.0;
15;26194.5;2019-04-11 14:04:23.0;
15;26193;2019-04-11 14:04:32.0;
15;26193.5;2019-04-11 14:04:38.0;
15;26194.5;2019-04-11 14:04:44.0;
15;26194;2019-04-11 14:04:46.0;
15;26194.5;2019-04-11 14:04:48.0;
15;26194;2019-04-11 14:04:49.0;
15;26191.5;2019-04-11 14:04:52.0;
15;26192;2019-04-11 14:04:54.0;
15;26191.5;2019-04-11 14:04:59.0;
15;26193;2019-04-11 14:05:06.0;
15;26192;2019-04-11 14:05:11.0;
15;26193;2019-04-11 14:05:15.0;
15;26193.5;2019-04-11 14:05:18.0;
15;26193;2019-04-11 14:05:25.0;
15;26191;2019-04-11 14:05:34.0;
15;26189;2019-04-11 14:05:47.0;
15;26188.5;2019-04-11 14:06:06.0;
15;26189;2019-04-11 14:06:09.0;
15;26188.5;2019-04-11 14:06:11.0;
15;26190;2019-04-11 14:06:12.0;
15;26191;2019-04-11 14:06:24.0;
15;26189.5;2019-04-11 14:06:28.0;
15;26191;2019-04-11 14:06:29.0;
15;26190.5;2019-04-11 14:06:31.0;
15;26189;2019-04-11 14:06:40.0;
15;26190;2019-04-11 14:06:47.0;
15;26191;2019-04-11 14:06:49.0;
15;26190;2019-04-11 14:06:51.0;
15;26191.5;2019-04-11 14:06:52.0;
15;26191;2019-04-11 14:06:53.0;
15;26191.5;2019-04-11 14:06:55.0;
15;26191;2019-04-11 14:06:56.0;
15;26192;2019-04-11 14:06:59.0;
15;26192.5;2019-04-11 14:07:05.0;
15;26190.5;2019-04-11 14:07:11.0;
15;26189.5;2019-04-11 14:07:19.0;
15;26190.5;2019-04-11 14:07:29.0;
15;26189;2019-04-11 14:07:32.0;
15;26188.5;2019-04-11 14:07:36.0;
15;26189.5;2019-04-11 14:07:42.0;
15;26189;2019-04-11 14:07:49.0;
15;26190;2019-04-11 14:08:10.0;
15;26193;2019-04-11 14:08:19.0;
15;26192.5;2019-04-11 14:08:28.0;
15;26193;2019-04-11 14:08:34.0;
15;26191.5;2019-04-11 14:08:35.0;
15;26193;2019-04-11 14:08:38.0;
15;26190.5;2019-04-11 14:08:39.0;
15;26191;2019-04-11 14:08:46.0;
15;26192.5;2019-04-11 14:08:47.0;
15;26191;2019-04-11 14:08:49.0;
15;26192.5;2019-04-11 14:08:50.0;
15;26193;2019-04-11 14:08:53.0;
15;26192.5;2019-04-11 14:08:54.0;
15;26193;2019-04-11 14:08:56.0;
15;26190.5;2019-04-11 14:09:02.0;
15;26191;2019-04-11 14:09:03.0;
15;26190.5;2019-04-11 14:09:04.0;
15;26191;2019-04-11 14:09:07.0;
15;26192;2019-04-11 14:09:13.0;
15;26191;2019-04-11 14:09:32.0;
15;26190.5;2019-04-11 14:09:39.0;
15;26191;2019-04-11 14:09:40.0;
15;26190.5;2019-04-11 14:09:42.0;
15;26191.5;2019-04-11 14:09:43.0;
15;26191;2019-04-11 14:09:47.0;
15;26188.5;2019-04-11 14:10:03.0;
15;26191;2019-04-11 14:10:06.0;
15;26188.5;2019-04-11 14:10:07.0;
15;26189.5;2019-04-11 14:10:12.0;
15;26189;2019-04-11 14:10:21.0;
15;26190;2019-04-11 14:10:26.0;
15;26189.5;2019-04-11 14:10:29.0;
15;26190;2019-04-11 14:10:31.0;
15;26190.5;2019-04-11 14:10:58.0;
15;26189;2019-04-11 14:11:00.0;
15;26190.5;2019-04-11 14:11:02.0;
15;26189.5;2019-04-11 14:11:04.0;
15;26188.5;2019-04-11 14:11:09.0;
15;26189;2019-04-11 14:11:12.0;
15;26188;2019-04-11 14:11:17.0;
15;26187;2019-04-11 14:11:31.0;
15;26185.5;2019-04-11 14:11:39.0;
15;26187;2019-04-11 14:11:43.0;
15;26187.5;2019-04-11 14:12:03.0;
15;26187;2019-04-11 14:12:05.0;
15;26187.5;2019-04-11 14:12:07.0;
15;26188;2019-04-11 14:12:14.0;
15;26185.5;2019-04-11 14:12:18.0;
15;26188;2019-04-11 14:12:20.0;
15;26185.5;2019-04-11 14:12:21.0;
15;26186.5;2019-04-11 14:12:31.0;
15;26185.5;2019-04-11 14:12:35.0;
15;26186;2019-04-11 14:12:38.0;
15;26185.5;2019-04-11 14:12:39.0;
15;26186;2019-04-11 14:12:41.0;
15;26183.5;2019-04-11 14:12:48.0;
15;26182;2019-04-11 14:12:51.0;
15;26183.5;2019-04-11 14:12:53.0;
15;26182;2019-04-11 14:12:54.0;
15;26182.5;2019-04-11 14:12:55.0;
15;26182;2019-04-11 14:12:57.0;
15;26182.5;2019-04-11 14:12:58.0;
15;26183;2019-04-11 14:13:02.0;
15;26182.5;2019-04-11 14:13:04.0;
15;26183;2019-04-11 14:13:05.0;
15;26181.5;2019-04-11 14:13:11.0;
15;26180.5;2019-04-11 14:13:13.0;
15;26181;2019-04-11 14:13:18.0;
15;26182.5;2019-04-11 14:13:30.0;
15;26183.5;2019-04-11 14:13:34.0;
15;26184;2019-04-11 14:13:40.0;
15;26185;2019-04-11 14:13:46.0;
15;26186.5;2019-04-11 14:14:06.0;
15;26185.5;2019-04-11 14:14:09.0;
15;26185;2019-04-11 14:14:16.0;
15;26185.5;2019-04-11 14:14:19.0;
15;26184.5;2019-04-11 14:14:21.0;
15;26185;2019-04-11 14:14:24.0;
15;26185.5;2019-04-11 14:14:28.0;
15;26185;2019-04-11 14:14:31.0;
15;26185.5;2019-04-11 14:14:32.0;
15;26185;2019-04-11 14:14:41.0;
15;26185.5;2019-04-11 14:14:42.0;
15;26185;2019-04-11 14:14:49.0;
15;26184.5;2019-04-11 14:15:03.0;
15;26183.5;2019-04-11 14:15:10.0;
15;26184;2019-04-11 14:15:11.0;
15;26183.5;2019-04-11 14:15:12.0;
15;26184;2019-04-11 14:15:14.0;
15;26185;2019-04-11 14:15:17.0;
15;26185.5;2019-04-11 14:15:19.0;
15;26185;2019-04-11 14:15:24.0;
15;26185.5;2019-04-11 14:15:29.0;
15;26185;2019-04-11 14:15:41.0;
15;26184.5;2019-04-11 14:15:45.0;
15;26185.5;2019-04-11 14:15:51.0;
15;26187.5;2019-04-11 14:16:07.0;
15;26185.5;2019-04-11 14:16:13.0;
15;26184.5;2019-04-11 14:16:23.0;
15;26185;2019-04-11 14:16:30.0;
15;26184.5;2019-04-11 14:16:36.0;
15;26185.5;2019-04-11 14:16:48.0;
15;26186.5;2019-04-11 14:16:53.0;
15;26186;2019-04-11 14:16:54.0;
15;26186.5;2019-04-11 14:16:56.0;
15;26186;2019-04-11 14:16:57.0;
15;26186.5;2019-04-11 14:17:04.0;
15;26187.5;2019-04-11 14:17:09.0;
15;26186;2019-04-11 14:17:15.0;
15;26186.5;2019-04-11 14:17:19.0;
15;26187;2019-04-11 14:17:36.0;
15;26186.5;2019-04-11 14:17:38.0;
15;26187;2019-04-11 14:17:39.0;
15;26187.5;2019-04-11 14:18:03.0;
15;26187;2019-04-11 14:18:10.0;
15;26186.5;2019-04-11 14:18:11.0;
15;26186;2019-04-11 14:18:17.0;
15;26186.5;2019-04-11 14:18:21.0;
15;26184.5;2019-04-11 14:18:32.0;
15;26184;2019-04-11 14:18:36.0;
15;26184.5;2019-04-11 14:18:39.0;
15;26184;2019-04-11 14:18:41.0;
15;26183.5;2019-04-11 14:18:43.0;
15;26184.5;2019-04-11 14:18:48.0;
15;26183.5;2019-04-11 14:18:49.0;
15;26185;2019-04-11 14:18:51.0;
15;26183.5;2019-04-11 14:18:55.0;
15;26184;2019-04-11 14:19:06.0;
15;26183.5;2019-04-11 14:19:11.0;
15;26184;2019-04-11 14:19:16.0;
15;26183;2019-04-11 14:19:36.0;
15;26184;2019-04-11 14:19:39.0;
15;26182;2019-04-11 14:20:07.0;
15;26182.5;2019-04-11 14:20:11.0;
15;26181.5;2019-04-11 14:20:20.0;
15;26182.5;2019-04-11 14:20:33.0;
15;26183;2019-04-11 14:20:38.0;
15;26185.5;2019-04-11 14:20:39.0;
15;26185;2019-04-11 14:20:48.0;
15;26185.5;2019-04-11 14:20:53.0;
15;26185;2019-04-11 14:20:59.0;
15;26185.5;2019-04-11 14:21:00.0;
15;26185;2019-04-11 14:21:02.0;
15;26187.5;2019-04-11 14:21:14.0;
15;26188.5;2019-04-11 14:21:20.0;
15;26190;2019-04-11 14:21:24.0;
15;26187;2019-04-11 14:21:31.0;
15;26188;2019-04-11 14:21:35.0;
15;26187;2019-04-11 14:21:42.0;
15;26187.5;2019-04-11 14:21:49.0;
15;26190.5;2019-04-11 14:22:05.0;
15;26191;2019-04-11 14:22:15.0;
15;26191.5;2019-04-11 14:22:19.0;
15;26190.5;2019-04-11 14:22:36.0;
15;26191.5;2019-04-11 14:22:38.0;
15;26190.5;2019-04-11 14:22:39.0;
15;26191.5;2019-04-11 14:22:41.0;
15;26190.5;2019-04-11 14:22:43.0;
15;26188;2019-04-11 14:22:54.0;
15;26188.5;2019-04-11 14:23:00.0;
15;26189.5;2019-04-11 14:23:05.0;
15;26190;2019-04-11 14:23:13.0;
15;26191;2019-04-11 14:23:18.0;
15;26191.5;2019-04-11 14:23:25.0;
15;26192;2019-04-11 14:23:36.0;
15;26191.5;2019-04-11 14:23:39.0;
15;26192;2019-04-11 14:23:43.0;
15;26193.5;2019-04-11 14:24:06.0;
15;26196.5;2019-04-11 14:24:11.0;
15;26199;2019-04-11 14:24:23.0;
15;26197.5;2019-04-11 14:24:29.0;
15;26199;2019-04-11 14:24:37.0;
15;26199.5;2019-04-11 14:24:39.0;
15;26200;2019-04-11 14:24:53.0;
15;26199;2019-04-11 14:24:54.0;
15;26200.5;2019-04-11 14:25:01.0;
15;26199.5;2019-04-11 14:25:11.0;
15;26200.5;2019-04-11 14:25:13.0;
15;26199.5;2019-04-11 14:25:14.0;
15;26199;2019-04-11 14:25:26.0;
15;26199.5;2019-04-11 14:25:37.0;
15;26200;2019-04-11 14:25:40.0;
15;26202;2019-04-11 14:25:44.0;
15;26201.5;2019-04-11 14:25:47.0;
15;26206;2019-04-11 14:26:06.0;
15;26207;2019-04-11 14:26:13.0;
15;26207.5;2019-04-11 14:26:14.0;
15;26206.5;2019-04-11 14:26:17.0;
15;26207;2019-04-11 14:26:22.0;
15;26208;2019-04-11 14:26:32.0;
15;26207;2019-04-11 14:26:36.0;
15;26206.5;2019-04-11 14:26:47.0;
15;26206;2019-04-11 14:26:52.0;
15;26204;2019-04-11 14:26:55.0;
15;26203;2019-04-11 14:27:00.0;
15;26204;2019-04-11 14:27:04.0;
15;26202.5;2019-04-11 14:27:08.0;
15;26204;2019-04-11 14:27:10.0;
15;26204.5;2019-04-11 14:27:11.0;
15;26206.5;2019-04-11 14:27:15.0;
15;26206;2019-04-11 14:27:24.0;
15;26203.5;2019-04-11 14:27:46.0;
15;26202.5;2019-04-11 14:28:06.0;
15;26203.5;2019-04-11 14:28:15.0;
15;26202.5;2019-04-11 14:28:16.0;
15;26203.5;2019-04-11 14:28:18.0;
15;26203;2019-04-11 14:28:19.0;
15;26202;2019-04-11 14:28:41.0;
15;26201.5;2019-04-11 14:28:54.0;
15;26202;2019-04-11 14:28:55.0;
15;26201.5;2019-04-11 14:28:57.0;
15;26203;2019-04-11 14:29:00.0;
15;26200;2019-04-11 14:29:15.0;
15;26199;2019-04-11 14:29:36.0;
15;26194;2019-04-11 14:30:02.0;
15;26199;2019-04-11 14:30:05.0;
15;26194;2019-04-11 14:30:07.0;
15;26191.5;2019-04-11 14:30:08.0;
15;26190;2019-04-11 14:30:22.0;
15;26189;2019-04-11 14:30:29.0;
15;26188;2019-04-11 14:30:32.0;
15;26191;2019-04-11 14:30:35.0;
15;26193;2019-04-11 14:30:38.0;
15;26190;2019-04-11 14:30:45.0;
15;26192.5;2019-04-11 14:30:48.0;
15;26191.5;2019-04-11 14:30:54.0;
15;26191;2019-04-11 14:30:59.0;
15;26190.5;2019-04-11 14:31:03.0;
15;26187;2019-04-11 14:31:06.0;
15;26190.5;2019-04-11 14:31:07.0;
15;26186;2019-04-11 14:31:11.0;
15;26187;2019-04-11 14:31:21.0;
15;26189;2019-04-11 14:31:22.0;
15;26191;2019-04-11 14:31:28.0;
15;26193;2019-04-11 14:31:30.0;
15;26192;2019-04-11 14:31:35.0;
15;26191;2019-04-11 14:31:41.0;
15;26190.5;2019-04-11 14:31:43.0;
15;26189.5;2019-04-11 14:31:48.0;
15;26195.5;2019-04-11 14:32:08.0;
15;26196;2019-04-11 14:32:12.0;
15;26198;2019-04-11 14:32:19.0;
15;26198.5;2019-04-11 14:32:28.0;
15;26201;2019-04-11 14:32:36.0;
15;26202;2019-04-11 14:32:40.0;
15;26205;2019-04-11 14:32:44.0;
15;26203;2019-04-11 14:32:51.0;
15;26203.5;2019-04-11 14:32:54.0;
15;26203;2019-04-11 14:32:56.0;
15;26201.5;2019-04-11 14:32:57.0;
15;26202;2019-04-11 14:33:00.0;
15;26204.5;2019-04-11 14:33:05.0;
15;26201.5;2019-04-11 14:33:10.0;
15;26202.5;2019-04-11 14:33:12.0;
15;26201.5;2019-04-11 14:33:14.0;
15;26202;2019-04-11 14:33:16.0;
15;26201;2019-04-11 14:33:23.0;
15;26202;2019-04-11 14:33:24.0;
15;26201;2019-04-11 14:33:26.0;
15;26199.5;2019-04-11 14:33:28.0;
15;26200.5;2019-04-11 14:33:44.0;
15;26200;2019-04-11 14:33:47.0;
15;26199.5;2019-04-11 14:34:09.0;
15;26200;2019-04-11 14:34:23.0;
15;26199.5;2019-04-11 14:34:28.0;
15;26200;2019-04-11 14:34:40.0;
15;26199.5;2019-04-11 14:34:42.0;
15;26200;2019-04-11 14:34:43.0;
15;26201;2019-04-11 14:34:45.0;
15;26201.5;2019-04-11 14:34:53.0;
15;26202.5;2019-04-11 14:35:08.0;
15;26203.5;2019-04-11 14:35:11.0;
15;26202.5;2019-04-11 14:35:17.0;
15;26202;2019-04-11 14:35:20.0;
15;26203;2019-04-11 14:35:25.0;
15;26202.5;2019-04-11 14:35:29.0;
15;26202;2019-04-11 14:35:31.0;
15;26202.5;2019-04-11 14:35:43.0;
15;26203;2019-04-11 14:35:47.0;
15;26202.5;2019-04-11 14:35:48.0;
15;26203;2019-04-11 14:35:50.0;
15;26200;2019-04-11 14:36:02.0;
15;26198.5;2019-04-11 14:36:08.0;
15;26196.5;2019-04-11 14:36:12.0;
15;26195.5;2019-04-11 14:36:15.0;
15;26196.5;2019-04-11 14:36:21.0;
15;26196;2019-04-11 14:36:22.0;
15;26196.5;2019-04-11 14:36:24.0;
15;26196;2019-04-11 14:36:25.0;
15;26195.5;2019-04-11 14:36:32.0;
15;26196.5;2019-04-11 14:36:33.0;
15;26198;2019-04-11 14:36:42.0;
15;26196.5;2019-04-11 14:36:46.0;
15;26197;2019-04-11 14:36:57.0;
15;26194;2019-04-11 14:36:58.0;
15;26197;2019-04-11 14:37:00.0;
15;26194;2019-04-11 14:37:01.0;
15;26193;2019-04-11 14:37:03.0;
15;26194.5;2019-04-11 14:37:18.0;
15;26193;2019-04-11 14:37:19.0;
15;26194.5;2019-04-11 14:37:20.0;
15;26195;2019-04-11 14:37:24.0;
15;26197;2019-04-11 14:37:31.0;
15;26194.5;2019-04-11 14:37:37.0;
15;26196;2019-04-11 14:37:40.0;
15;26197;2019-04-11 14:37:44.0;
15;26198;2019-04-11 14:37:47.0;
15;26197;2019-04-11 14:37:48.0;
15;26198;2019-04-11 14:37:50.0;
15;26198.5;2019-04-11 14:38:17.0;
15;26199;2019-04-11 14:38:21.0;
15;26198.5;2019-04-11 14:38:25.0;
15;26199;2019-04-11 14:38:26.0;
15;26198.5;2019-04-11 14:38:27.0;
15;26199.5;2019-04-11 14:38:31.0;
15;26198.5;2019-04-11 14:38:43.0;
15;26200;2019-04-11 14:38:47.0;
15;26199.5;2019-04-11 14:38:51.0;
15;26198.5;2019-04-11 14:38:56.0;
15;26199.5;2019-04-11 14:38:57.0;
15;26199;2019-04-11 14:39:00.0;
15;26200;2019-04-11 14:39:05.0;
15;26199.5;2019-04-11 14:39:12.0;
15;26200;2019-04-11 14:39:27.0;
15;26198.5;2019-04-11 14:39:32.0;
15;26196.5;2019-04-11 14:39:39.0;
15;26196;2019-04-11 14:39:49.0;
15;26194.5;2019-04-11 14:40:04.0;
15;26195;2019-04-11 14:40:13.0;
15;26195.5;2019-04-11 14:40:21.0;
15;26196;2019-04-11 14:40:24.0;
15;26194.5;2019-04-11 14:40:31.0;
15;26192;2019-04-11 14:40:43.0;
15;26190.5;2019-04-11 14:40:47.0;
15;26190;2019-04-11 14:40:55.0;
15;26189.5;2019-04-11 14:41:00.0;
15;26190;2019-04-11 14:41:03.0;
15;26189.5;2019-04-11 14:41:04.0;
15;26190;2019-04-11 14:41:07.0;
15;26189;2019-04-11 14:41:11.0;
15;26187.5;2019-04-11 14:41:12.0;
15;26188;2019-04-11 14:41:15.0;
15;26187;2019-04-11 14:41:25.0;
15;26189;2019-04-11 14:41:27.0;
15;26188.5;2019-04-11 14:41:38.0;
15;26188;2019-04-11 14:41:50.0;
15;26189.5;2019-04-11 14:42:03.0;
15;26189;2019-04-11 14:42:30.0;
15;26185.5;2019-04-11 14:42:35.0;
15;26186.5;2019-04-11 14:42:40.0;
15;26185.5;2019-04-11 14:42:42.0;
15;26186.5;2019-04-11 14:42:43.0;
15;26184;2019-04-11 14:42:45.0;
15;26185;2019-04-11 14:42:52.0;
15;26186;2019-04-11 14:42:57.0;
15;26185.5;2019-04-11 14:43:05.0;
15;26186;2019-04-11 14:43:11.0;
15;26185;2019-04-11 14:43:15.0;
15;26186;2019-04-11 14:43:23.0;
15;26186.5;2019-04-11 14:43:33.0;
15;26187.5;2019-04-11 14:43:39.0;
15;26186.5;2019-04-11 14:43:40.0;
15;26187.5;2019-04-11 14:43:42.0;
15;26188;2019-04-11 14:43:43.0;
15;26187.5;2019-04-11 14:43:46.0;
15;26188;2019-04-11 14:43:47.0;
15;26187;2019-04-11 14:44:04.0;
15;26186.5;2019-04-11 14:44:09.0;
15;26186;2019-04-11 14:44:12.0;
15;26186.5;2019-04-11 14:44:13.0;
15;26187;2019-04-11 14:44:20.0;
15;26187.5;2019-04-11 14:44:26.0;
15;26187;2019-04-11 14:44:28.0;
15;26187.5;2019-04-11 14:44:33.0;
15;26187;2019-04-11 14:44:35.0;
15;26186.5;2019-04-11 14:44:43.0;
15;26186;2019-04-11 14:44:49.0;
15;26186.5;2019-04-11 14:44:50.0;
15;26186;2019-04-11 14:44:52.0;
15;26187;2019-04-11 14:45:04.0;
15;26186;2019-04-11 14:45:07.0;
15;26186.5;2019-04-11 14:45:32.0;
15;26184;2019-04-11 14:45:35.0;
15;26186.5;2019-04-11 14:46:03.0;
15;26184;2019-04-11 14:46:05.0;
15;26186.5;2019-04-11 14:46:07.0;
15;26187.5;2019-04-11 14:46:13.0;
15;26190;2019-04-11 14:46:21.0;
15;26191.5;2019-04-11 14:46:22.0;
15;26190;2019-04-11 14:46:24.0;
15;26191.5;2019-04-11 14:46:25.0;
15;26193;2019-04-11 14:46:27.0;
15;26192;2019-04-11 14:46:33.0;
15;26190.5;2019-04-11 14:46:35.0;
15;26191.5;2019-04-11 14:46:41.0;
15;26191;2019-04-11 14:46:54.0;
15;26191.5;2019-04-11 14:46:56.0;
15;26191;2019-04-11 14:46:57.0;
15;26194;2019-04-11 14:47:08.0;
15;26193.5;2019-04-11 14:47:12.0;
15;26194;2019-04-11 14:47:14.0;
15;26193.5;2019-04-11 14:47:15.0;
15;26195.5;2019-04-11 14:47:18.0;
15;26195;2019-04-11 14:47:25.0;
15;26196;2019-04-11 14:47:28.0;
15;26193;2019-04-11 14:47:31.0;
15;26194;2019-04-11 14:47:40.0;
15;26192;2019-04-11 14:48:03.0;
15;26194;2019-04-11 14:48:05.0;
15;26192;2019-04-11 14:48:07.0;
15;26191.5;2019-04-11 14:48:11.0;
15;26192;2019-04-11 14:48:24.0;
15;26193;2019-04-11 14:48:37.0;
15;26194;2019-04-11 14:48:42.0;
15;26193.5;2019-04-11 14:48:48.0;
15;26193;2019-04-11 14:48:54.0;
15;26192.5;2019-04-11 14:48:56.0;
15;26193;2019-04-11 14:48:58.0;
15;26192.5;2019-04-11 14:49:01.0;
15;26193;2019-04-11 14:49:02.0;
15;26192.5;2019-04-11 14:49:06.0;
15;26192;2019-04-11 14:49:09.0;
15;26191.5;2019-04-11 14:49:15.0;
15;26191;2019-04-11 14:49:19.0;
15;26188.5;2019-04-11 14:49:28.0;
15;26191;2019-04-11 14:49:29.0;
15;26188.5;2019-04-11 14:49:30.0;
15;26189;2019-04-11 14:49:37.0;
15;26188;2019-04-11 14:49:43.0;
15;26191.5;2019-04-11 14:49:50.0;
15;26194.5;2019-04-11 14:50:02.0;
15;26195;2019-04-11 14:50:12.0;
15;26195.5;2019-04-11 14:50:18.0;
15;26196;2019-04-11 14:50:23.0;
15;26197;2019-04-11 14:50:30.0;
15;26198;2019-04-11 14:50:35.0;
15;26197;2019-04-11 14:50:42.0;
15;26196.5;2019-04-11 14:50:55.0;
15;26196;2019-04-11 14:51:05.0;
15;26194.5;2019-04-11 14:51:08.0;
15;26196;2019-04-11 14:51:09.0;
15;26194.5;2019-04-11 14:51:10.0;
15;26196.5;2019-04-11 14:51:18.0;
15;26196;2019-04-11 14:51:23.0;
15;26196.5;2019-04-11 14:51:25.0;
15;26196;2019-04-11 14:51:26.0;
15;26195.5;2019-04-11 14:51:28.0;
15;26196.5;2019-04-11 14:51:41.0;
15;26195.5;2019-04-11 14:51:45.0;
15;26195;2019-04-11 14:51:48.0;
15;26197.5;2019-04-11 14:52:04.0;
15;26197;2019-04-11 14:52:10.0;
15;26195.5;2019-04-11 14:52:11.0;
15;26197;2019-04-11 14:52:13.0;
15;26195.5;2019-04-11 14:52:14.0;
15;26195;2019-04-11 14:52:17.0;
15;26193;2019-04-11 14:52:24.0;
15;26193.5;2019-04-11 14:52:33.0;
15;26191.5;2019-04-11 14:52:39.0;
15;26192.5;2019-04-11 14:52:43.0;
15;26193;2019-04-11 14:52:47.0;
15;26194;2019-04-11 14:52:55.0;
15;26193;2019-04-11 14:52:57.0;
15;26191.5;2019-04-11 14:53:16.0;
15;26192;2019-04-11 14:53:23.0;
15;26192.5;2019-04-11 14:53:32.0;
15;26194.5;2019-04-11 14:53:39.0;
15;26193;2019-04-11 14:53:48.0;
15;26193.5;2019-04-11 14:54:13.0;
15;26193;2019-04-11 14:54:21.0;
15;26193.5;2019-04-11 14:54:27.0;
15;26194.5;2019-04-11 14:54:34.0;
15;26194;2019-04-11 14:54:38.0;
15;26193;2019-04-11 14:54:51.0;
15;26192;2019-04-11 14:54:56.0;
15;26191.5;2019-04-11 14:55:10.0;
15;26192.5;2019-04-11 14:55:17.0;
15;26193;2019-04-11 14:55:20.0;
15;26192.5;2019-04-11 14:55:46.0;
15;26191;2019-04-11 14:56:05.0;
15;26192.5;2019-04-11 14:56:06.0;
15;26191;2019-04-11 14:56:07.0;
15;26189.5;2019-04-11 14:56:17.0;
15;26190.5;2019-04-11 14:56:24.0;
15;26191.5;2019-04-11 14:56:28.0;
15;26191;2019-04-11 14:56:31.0;
15;26191.5;2019-04-11 14:56:32.0;
15;26191;2019-04-11 14:56:35.0;
15;26190.5;2019-04-11 14:57:02.0;
15;26190;2019-04-11 14:57:04.0;
15;26188.5;2019-04-11 14:57:08.0;
15;26187.5;2019-04-11 14:57:11.0;
15;26188.5;2019-04-11 14:57:13.0;
15;26187.5;2019-04-11 14:57:14.0;
15;26187;2019-04-11 14:57:16.0;
15;26185.5;2019-04-11 14:57:24.0;
15;26186.5;2019-04-11 14:57:26.0;
15;26186;2019-04-11 14:57:32.0;
15;26186.5;2019-04-11 14:57:45.0;
15;26187;2019-04-11 14:57:49.0;
15;26188;2019-04-11 14:58:05.0;
15;26186;2019-04-11 14:58:12.0;
15;26186.5;2019-04-11 14:58:23.0;
15;26187.5;2019-04-11 14:58:37.0;
15;26188;2019-04-11 14:58:39.0;
15;26187.5;2019-04-11 14:58:42.0;
15;26188;2019-04-11 14:58:43.0;
15;26187;2019-04-11 14:58:50.0;
15;26186;2019-04-11 14:59:21.0;
15;26186.5;2019-04-11 14:59:27.0;
15;26187;2019-04-11 14:59:28.0;
15;26187.5;2019-04-11 14:59:36.0;
15;26187;2019-04-11 14:59:38.0;
15;26187.5;2019-04-11 14:59:40.0;
15;26186;2019-04-11 14:59:41.0;
15;26187;2019-04-11 14:59:44.0;
15;26186.5;2019-04-11 14:59:47.0;
15;26187;2019-04-11 14:59:48.0;
15;26186.5;2019-04-11 14:59:50.0;
15;26186;2019-04-11 15:00:03.0;
15;26186.5;2019-04-11 15:00:05.0;
15;26186;2019-04-11 15:00:07.0;
15;26185;2019-04-11 15:00:11.0;
15;26186;2019-04-11 15:00:16.0;
15;26187;2019-04-11 15:00:21.0;
15;26188.5;2019-04-11 15:00:32.0;
15;26187;2019-04-11 15:00:34.0;
15;26188.5;2019-04-11 15:00:35.0;
15;26189;2019-04-11 15:00:36.0;
15;26191;2019-04-11 15:00:41.0;
15;26190.5;2019-04-11 15:00:47.0;
15;26189.5;2019-04-11 15:00:54.0;
15;26189;2019-04-11 15:00:55.0;
15;26189.5;2019-04-11 15:00:57.0;
15;26189;2019-04-11 15:00:58.0;
15;26188;2019-04-11 15:01:06.0;
15;26187.5;2019-04-11 15:01:11.0;
15;26188;2019-04-11 15:01:13.0;
15;26187.5;2019-04-11 15:01:14.0;
15;26188;2019-04-11 15:01:21.0;
15;26187;2019-04-11 15:01:26.0;
15;26188;2019-04-11 15:01:29.0;
15;26188.5;2019-04-11 15:01:48.0;
15;26188;2019-04-11 15:01:50.0;
15;26188.5;2019-04-11 15:01:51.0;
15;26189.5;2019-04-11 15:02:04.0;
15;26190.5;2019-04-11 15:02:09.0;
15;26191.5;2019-04-11 15:02:11.0;
15;26193;2019-04-11 15:02:27.0;
15;26192.5;2019-04-11 15:02:33.0;
15;26192;2019-04-11 15:02:45.0;
15;26192.5;2019-04-11 15:03:01.0;
15;26192;2019-04-11 15:03:11.0;
15;26192.5;2019-04-11 15:03:17.0;
15;26193.5;2019-04-11 15:03:25.0;
15;26194;2019-04-11 15:03:31.0;
15;26194.5;2019-04-11 15:03:34.0;
15;26197;2019-04-11 15:03:44.0;
15;26196;2019-04-11 15:03:48.0;
15;26194.5;2019-04-11 15:04:05.0;
15;26195;2019-04-11 15:04:11.0;
15;26195.5;2019-04-11 15:04:17.0;
15;26196;2019-04-11 15:04:25.0;
15;26195.5;2019-04-11 15:04:35.0;
15;26196;2019-04-11 15:04:36.0;
15;26195.5;2019-04-11 15:04:38.0;
15;26197;2019-04-11 15:04:54.0;
15;26196;2019-04-11 15:04:58.0;
15;26195.5;2019-04-11 15:04:59.0;
15;26196;2019-04-11 15:05:01.0;
15;26195.5;2019-04-11 15:05:02.0;
15;26197.5;2019-04-11 15:05:05.0;
15;26197;2019-04-11 15:05:10.0;
15;26196.5;2019-04-11 15:05:23.0;
15;26196;2019-04-11 15:05:24.0;
15;26195;2019-04-11 15:05:37.0;
15;26196;2019-04-11 15:05:48.0;
15;26200.5;2019-04-11 15:06:04.0;
15;26199.5;2019-04-11 15:06:08.0;
15;26200.5;2019-04-11 15:06:11.0;
15;26199.5;2019-04-11 15:06:13.0;
15;26199;2019-04-11 15:06:14.0;
15;26199.5;2019-04-11 15:06:15.0;
15;26199;2019-04-11 15:06:20.0;
15;26197.5;2019-04-11 15:06:25.0;
15;26196;2019-04-11 15:06:37.0;
15;26195.5;2019-04-11 15:06:41.0;
15;26196;2019-04-11 15:06:45.0;
15;26197;2019-04-11 15:06:47.0;
15;26196.5;2019-04-11 15:06:52.0;
15;26197;2019-04-11 15:07:04.0;
15;26197.5;2019-04-11 15:07:08.0;
15;26197;2019-04-11 15:07:11.0;
15;26198;2019-04-11 15:07:15.0;
15;26199.5;2019-04-11 15:07:25.0;
15;26199;2019-04-11 15:07:34.0;
15;26197;2019-04-11 15:07:35.0;
15;26198;2019-04-11 15:07:39.0;
15;26197.5;2019-04-11 15:07:47.0;
15;26197;2019-04-11 15:08:05.0;
15;26198;2019-04-11 15:08:13.0;
15;26197;2019-04-11 15:08:15.0;
15;26198;2019-04-11 15:08:16.0;
15;26198.5;2019-04-11 15:08:25.0;
15;26199;2019-04-11 15:08:26.0;
15;26198.5;2019-04-11 15:08:32.0;
15;26198;2019-04-11 15:08:38.0;
15;26197.5;2019-04-11 15:08:57.0;
15;26198;2019-04-11 15:09:05.0;
15;26197.5;2019-04-11 15:09:06.0;
15;26198;2019-04-11 15:09:08.0;
15;26196;2019-04-11 15:09:12.0;
15;26197;2019-04-11 15:09:19.0;
15;26196;2019-04-11 15:09:21.0;
15;26197;2019-04-11 15:09:22.0;
15;26198;2019-04-11 15:09:25.0;
15;26197;2019-04-11 15:09:28.0;
15;26198;2019-04-11 15:09:29.0;
15;26197;2019-04-11 15:09:31.0;
15;26196;2019-04-11 15:09:32.0;
15;26197;2019-04-11 15:09:37.0;
15;26195.5;2019-04-11 15:09:45.0;
15;26195;2019-04-11 15:09:47.0;
15;26194.5;2019-04-11 15:10:06.0;
15;26194;2019-04-11 15:10:12.0;
15;26193.5;2019-04-11 15:10:19.0;
15;26193;2019-04-11 15:10:28.0;
15;26192.5;2019-04-11 15:10:34.0;
15;26195;2019-04-11 15:10:35.0;
15;26192.5;2019-04-11 15:10:37.0;
15;26195;2019-04-11 15:10:38.0;
15;26195.5;2019-04-11 15:10:40.0;
15;26196;2019-04-11 15:10:44.0;
15;26195.5;2019-04-11 15:10:55.0;
15;26196;2019-04-11 15:11:00.0;
15;26195.5;2019-04-11 15:11:01.0;
15;26196;2019-04-11 15:11:04.0;
15;26195;2019-04-11 15:11:18.0;
15;26194.5;2019-04-11 15:11:24.0;
15;26195;2019-04-11 15:11:31.0;
15;26194.5;2019-04-11 15:11:32.0;
15;26195;2019-04-11 15:11:34.0;
15;26193.5;2019-04-11 15:11:36.0;
15;26195;2019-04-11 15:11:40.0;
15;26193.5;2019-04-11 15:11:41.0;
15;26194.5;2019-04-11 15:11:43.0;
15;26195;2019-04-11 15:11:44.0;
15;26194.5;2019-04-11 15:11:46.0;
15;26195;2019-04-11 15:11:47.0;
15;26194.5;2019-04-11 15:11:49.0;
15;26195;2019-04-11 15:11:50.0;
15;26195.5;2019-04-11 15:12:04.0;
15;26197.5;2019-04-11 15:12:36.0;
15;26197;2019-04-11 15:12:44.0;
15;26198;2019-04-11 15:13:02.0;
15;26197.5;2019-04-11 15:13:04.0;
15;26198;2019-04-11 15:13:05.0;
15;26196.5;2019-04-11 15:13:07.0;
15;26197;2019-04-11 15:13:14.0;
15;26196.5;2019-04-11 15:13:15.0;
15;26197;2019-04-11 15:13:17.0;
15;26196.5;2019-04-11 15:13:20.0;
15;26197;2019-04-11 15:13:29.0;
15;26197.5;2019-04-11 15:13:38.0;
15;26197;2019-04-11 15:13:46.0;
15;26197.5;2019-04-11 15:13:47.0;
15;26197;2019-04-11 15:13:49.0;
15;26194.5;2019-04-11 15:14:03.0;
15;26195;2019-04-11 15:14:08.0;
15;26194;2019-04-11 15:14:28.0;
15;26195;2019-04-11 15:14:29.0;
15;26194;2019-04-11 15:14:31.0;
15;26193.5;2019-04-11 15:14:43.0;
15;26194;2019-04-11 15:14:45.0;
15;26193.5;2019-04-11 15:14:46.0;
15;26191;2019-04-11 15:14:50.0;
15;26193;2019-04-11 15:14:56.0;
15;26190;2019-04-11 15:15:02.0;
15;26192;2019-04-11 15:15:03.0;
15;26190;2019-04-11 15:15:05.0;
15;26192;2019-04-11 15:15:06.0;
15;26190;2019-04-11 15:15:09.0;
15;26191.5;2019-04-11 15:15:13.0;
15;26193;2019-04-11 15:15:18.0;
15;26193.5;2019-04-11 15:15:28.0;
15;26192;2019-04-11 15:15:33.0;
15;26193.5;2019-04-11 15:15:35.0;
15;26194.5;2019-04-11 15:15:39.0;
15;26195.5;2019-04-11 15:15:44.0;
15;26195;2019-04-11 15:15:48.0;
15;26194;2019-04-11 15:16:03.0;
15;26193;2019-04-11 15:16:30.0;
15;26194;2019-04-11 15:16:32.0;
15;26193;2019-04-11 15:16:34.0;
15;26194.5;2019-04-11 15:16:43.0;
15;26193;2019-04-11 15:16:45.0;
15;26194.5;2019-04-11 15:16:46.0;
15;26195;2019-04-11 15:16:48.0;
15;26194.5;2019-04-11 15:16:51.0;
15;26195;2019-04-11 15:16:52.0;
15;26195.5;2019-04-11 15:17:06.0;
15;26196.5;2019-04-11 15:17:08.0;
15;26195.5;2019-04-11 15:17:14.0;
15;26195;2019-04-11 15:17:15.0;
15;26195.5;2019-04-11 15:17:16.0;
15;26195;2019-04-11 15:17:18.0;
15;26195.5;2019-04-11 15:17:19.0;
15;26195;2019-04-11 15:17:24.0;
15;26196;2019-04-11 15:17:31.0;
15;26195.5;2019-04-11 15:17:44.0;
15;26193.5;2019-04-11 15:17:51.0;
15;26195;2019-04-11 15:18:04.0;
15;26192.5;2019-04-11 15:18:09.0;
15;26194;2019-04-11 15:18:17.0;
15;26192.5;2019-04-11 15:18:18.0;
15;26194;2019-04-11 15:18:20.0;
15;26196.5;2019-04-11 15:18:21.0;
15;26196;2019-04-11 15:18:27.0;
15;26195;2019-04-11 15:18:29.0;
15;26195.5;2019-04-11 15:18:33.0;
15;26196;2019-04-11 15:18:40.0;
15;26196.5;2019-04-11 15:18:49.0;
15;26196;2019-04-11 15:18:50.0;
15;26196.5;2019-04-11 15:18:52.0;
15;26196;2019-04-11 15:19:00.0;
15;26195.5;2019-04-11 15:19:11.0;
15;26196.5;2019-04-11 15:19:14.0;
15;26196;2019-04-11 15:19:20.0;
15;26196.5;2019-04-11 15:19:26.0;
15;26196;2019-04-11 15:19:41.0;
15;26196.5;2019-04-11 15:20:09.0;
15;26196;2019-04-11 15:20:12.0;
15;26197.5;2019-04-11 15:20:15.0;
15;26199;2019-04-11 15:20:19.0;
15;26198;2019-04-11 15:20:25.0;
15;26198.5;2019-04-11 15:20:28.0;
15;26197.5;2019-04-11 15:20:33.0;
15;26198.5;2019-04-11 15:20:38.0;
15;26199;2019-04-11 15:20:39.0;
15;26198;2019-04-11 15:20:55.0;
15;26199;2019-04-11 15:21:02.0;
15;26199.5;2019-04-11 15:21:04.0;
15;26199;2019-04-11 15:21:05.0;
15;26199.5;2019-04-11 15:21:08.0;
15;26199;2019-04-11 15:21:15.0;
15;26199.5;2019-04-11 15:21:17.0;
15;26199;2019-04-11 15:21:18.0;
15;26198.5;2019-04-11 15:21:20.0;
15;26198;2019-04-11 15:21:28.0;
15;26199;2019-04-11 15:21:32.0;
15;26198;2019-04-11 15:21:34.0;
15;26199;2019-04-11 15:21:35.0;
15;26199.5;2019-04-11 15:21:37.0;
15;26200;2019-04-11 15:21:41.0;
15;26200.5;2019-04-11 15:21:44.0;
15;26201;2019-04-11 15:21:50.0;
15;26202.5;2019-04-11 15:22:05.0;
15;26201.5;2019-04-11 15:22:11.0;
15;26202.5;2019-04-11 15:22:12.0;
15;26201.5;2019-04-11 15:22:14.0;
15;26197.5;2019-04-11 15:22:15.0;
15;26198.5;2019-04-11 15:22:18.0;
15;26199.5;2019-04-11 15:22:43.0;
15;26198.5;2019-04-11 15:23:11.0;
15;26199.5;2019-04-11 15:23:18.0;
15;26199;2019-04-11 15:23:24.0;
15;26197.5;2019-04-11 15:23:31.0;
15;26197;2019-04-11 15:23:47.0;
15;26196.5;2019-04-11 15:24:02.0;
15;26197;2019-04-11 15:24:10.0;
15;26196.5;2019-04-11 15:24:11.0;
15;26197;2019-04-11 15:24:14.0;
15;26196.5;2019-04-11 15:24:16.0;
15;26197.5;2019-04-11 15:24:18.0;
15;26197;2019-04-11 15:24:20.0;
15;26197.5;2019-04-11 15:24:21.0;
15;26197;2019-04-11 15:24:23.0;
15;26196;2019-04-11 15:24:31.0;
15;26197.5;2019-04-11 15:24:44.0;
15;26196;2019-04-11 15:24:46.0;
15;26194.5;2019-04-11 15:24:47.0;
15;26193.5;2019-04-11 15:24:55.0;
15;26192.5;2019-04-11 15:25:02.0;
15;26193.5;2019-04-11 15:25:06.0;
15;26194.5;2019-04-11 15:25:13.0;
15;26196;2019-04-11 15:25:20.0;
15;26197.5;2019-04-11 15:25:29.0;
15;26198.5;2019-04-11 15:25:35.0;
15;26199.5;2019-04-11 15:25:48.0;
15;26198.5;2019-04-11 15:26:07.0;
15;26199;2019-04-11 15:26:14.0;
15;26199.5;2019-04-11 15:26:20.0;
15;26199;2019-04-11 15:26:21.0;
15;26199.5;2019-04-11 15:26:23.0;
15;26200;2019-04-11 15:27:07.0;
15;26200.5;2019-04-11 15:27:21.0;
15;26201;2019-04-11 15:27:24.0;
15;26200.5;2019-04-11 15:27:25.0;
15;26201;2019-04-11 15:27:26.0;
15;26200.5;2019-04-11 15:27:36.0;
15;26201;2019-04-11 15:27:39.0;
15;26200;2019-04-11 15:27:44.0;
15;26196;2019-04-11 15:28:05.0;
15;26194.5;2019-04-11 15:28:11.0;
15;26195;2019-04-11 15:28:15.0;
15;26196;2019-04-11 15:28:21.0;
15;26195;2019-04-11 15:28:27.0;
15;26193.5;2019-04-11 15:28:30.0;
15;26194;2019-04-11 15:28:31.0;
15;26195.5;2019-04-11 15:28:37.0;
15;26196.5;2019-04-11 15:28:40.0;
15;26198.5;2019-04-11 15:28:43.0;
15;26196.5;2019-04-11 15:28:44.0;
15;26198.5;2019-04-11 15:28:45.0;
15;26198;2019-04-11 15:28:55.0;
15;26197;2019-04-11 15:29:01.0;
15;26199;2019-04-11 15:29:07.0;
15;26197;2019-04-11 15:29:09.0;
15;26199;2019-04-11 15:29:10.0;
15;26201.5;2019-04-11 15:29:12.0;
15;26202;2019-04-11 15:29:18.0;
15;26201.5;2019-04-11 15:29:19.0;
15;26202;2019-04-11 15:29:20.0;
15;26200.5;2019-04-11 15:29:22.0;
15;26199;2019-04-11 15:29:26.0;
15;26199.5;2019-04-11 15:29:35.0;
15;26199;2019-04-11 15:29:37.0;
15;26199.5;2019-04-11 15:29:40.0;
15;26199;2019-04-11 15:29:45.0;
15;26199.5;2019-04-11 15:29:47.0;
15;26199;2019-04-11 15:29:50.0;
15;26199.5;2019-04-11 15:29:51.0;
15;26203;2019-04-11 15:30:04.0;
15;26197;2019-04-11 15:30:20.0;
15;26197.5;2019-04-11 15:30:24.0;
15;26193.5;2019-04-11 15:30:26.0;
15;26197.5;2019-04-11 15:30:29.0;
15;26188.5;2019-04-11 15:30:30.0;
15;26190;2019-04-11 15:30:38.0;
15;26185.5;2019-04-11 15:30:39.0;
15;26179.5;2019-04-11 15:30:43.0;
15;26185.5;2019-04-11 15:30:49.0;
15;26188.5;2019-04-11 15:30:51.0;
15;26185.5;2019-04-11 15:30:54.0;
15;26188;2019-04-11 15:30:55.0;
15;26184;2019-04-11 15:31:00.0;
15;26188;2019-04-11 15:31:01.0;
15;26183.5;2019-04-11 15:31:03.0;
15;26184;2019-04-11 15:31:09.0;
15;26185.5;2019-04-11 15:31:12.0;
15;26182.5;2019-04-11 15:31:25.0;
15;26188;2019-04-11 15:31:27.0;
15;26185;2019-04-11 15:31:33.0;
15;26187.5;2019-04-11 15:31:36.0;
15;26181;2019-04-11 15:31:42.0;
15;26179.5;2019-04-11 15:31:43.0;
15;26183.5;2019-04-11 15:31:47.0;
15;26190.5;2019-04-11 15:32:06.0;
15;26190;2019-04-11 15:32:11.0;
15;26187;2019-04-11 15:32:15.0;
15;26191.5;2019-04-11 15:32:24.0;
15;26190.5;2019-04-11 15:32:30.0;
15;26201;2019-04-11 15:32:42.0;
15;26203;2019-04-11 15:32:47.0;
15;26200.5;2019-04-11 15:32:53.0;
15;26197;2019-04-11 15:32:56.0;
15;26198.5;2019-04-11 15:32:58.0;
15;26196;2019-04-11 15:33:06.0;
15;26196.5;2019-04-11 15:33:08.0;
15;26192.5;2019-04-11 15:33:12.0;
15;26195.5;2019-04-11 15:33:16.0;
15;26199;2019-04-11 15:33:21.0;
15;26192;2019-04-11 15:33:22.0;
15;26199;2019-04-11 15:33:24.0;
15;26192;2019-04-11 15:33:25.0;
15;26191;2019-04-11 15:33:29.0;
15;26192.5;2019-04-11 15:33:31.0;
15;26192;2019-04-11 15:33:36.0;
15;26189.5;2019-04-11 15:33:41.0;
15;26186;2019-04-11 15:33:47.0;
15;26190.5;2019-04-11 15:34:06.0;
15;26191;2019-04-11 15:34:12.0;
15;26190.5;2019-04-11 15:34:19.0;
15;26188;2019-04-11 15:34:22.0;
15;26189.5;2019-04-11 15:34:27.0;
15;26188;2019-04-11 15:34:29.0;
15;26184.5;2019-04-11 15:34:31.0;
15;26181.5;2019-04-11 15:34:35.0;
15;26184.5;2019-04-11 15:34:41.0;
15;26180.5;2019-04-11 15:34:46.0;
15;26182.5;2019-04-11 15:34:48.0;
15;26185.5;2019-04-11 15:34:54.0;
15;26188.5;2019-04-11 15:34:56.0;
15;26191;2019-04-11 15:35:00.0;
15;26195.5;2019-04-11 15:35:09.0;
15;26181.5;2019-04-11 15:35:15.0;
15;26182;2019-04-11 15:35:20.0;
15;26181.5;2019-04-11 15:35:22.0;
15;26182;2019-04-11 15:35:24.0;
15;26182.5;2019-04-11 15:35:27.0;
15;26177.5;2019-04-11 15:35:39.0;
15;26176.5;2019-04-11 15:35:41.0;
15;26177.5;2019-04-11 15:35:43.0;
15;26176.5;2019-04-11 15:35:44.0;
15;26169.5;2019-04-11 15:36:07.0;
15;26159.5;2019-04-11 15:36:11.0;
15;26157.5;2019-04-11 15:36:17.0;
15;26158.5;2019-04-11 15:36:20.0;
15;26160;2019-04-11 15:36:24.0;
15;26162.5;2019-04-11 15:36:27.0;
15;26164.5;2019-04-11 15:36:34.0;
15;26160.5;2019-04-11 15:36:35.0;
15;26164.5;2019-04-11 15:36:37.0;
15;26161.5;2019-04-11 15:36:40.0;
15;26155.5;2019-04-11 15:36:44.0;
15;26157;2019-04-11 15:36:48.0;
15;26161.5;2019-04-11 15:36:55.0;
15;26156.5;2019-04-11 15:37:00.0;
15;26154.5;2019-04-11 15:37:02.0;
15;26155;2019-04-11 15:37:11.0;
15;26156;2019-04-11 15:37:13.0;
15;26156.5;2019-04-11 15:37:18.0;
15;26157.5;2019-04-11 15:37:21.0;
15;26160.5;2019-04-11 15:37:25.0;
15;26162.5;2019-04-11 15:37:31.0;
15;26160.5;2019-04-11 15:37:32.0;
15;26162.5;2019-04-11 15:37:34.0;
15;26165;2019-04-11 15:37:35.0;
15;26167.5;2019-04-11 15:37:40.0;
15;26164.5;2019-04-11 15:37:45.0;
15;26168;2019-04-11 15:37:48.0;
15;26166.5;2019-04-11 15:38:05.0;
15;26168;2019-04-11 15:38:07.0;
15;26164.5;2019-04-11 15:38:08.0;
15;26166.5;2019-04-11 15:38:09.0;
15;26164.5;2019-04-11 15:38:11.0;
15;26165.5;2019-04-11 15:38:20.0;
15;26163;2019-04-11 15:38:24.0;
15;26162.5;2019-04-11 15:38:29.0;
15;26160.5;2019-04-11 15:38:30.0;
15;26162.5;2019-04-11 15:38:32.0;
15;26160.5;2019-04-11 15:38:33.0;
15;26162;2019-04-11 15:38:40.0;
15;26160.5;2019-04-11 15:38:44.0;
15;26161.5;2019-04-11 15:38:49.0;
15;26160.5;2019-04-11 15:38:50.0;
15;26157;2019-04-11 15:38:51.0;
15;26161.5;2019-04-11 15:38:53.0;
15;26157;2019-04-11 15:38:54.0;
15;26158;2019-04-11 15:38:58.0;
15;26160;2019-04-11 15:39:05.0;
15;26157.5;2019-04-11 15:39:10.0;
15;26158;2019-04-11 15:39:17.0;
15;26152.5;2019-04-11 15:39:19.0;
15;26151.5;2019-04-11 15:39:23.0;
15;26145;2019-04-11 15:39:31.0;
15;26147;2019-04-11 15:39:37.0;
15;26155.5;2019-04-11 15:39:40.0;
15;26152.5;2019-04-11 15:39:46.0;
15;26152;2019-04-11 15:39:50.0;
15;26156.5;2019-04-11 15:40:04.0;
15;26149.5;2019-04-11 15:40:07.0;
15;26150.5;2019-04-11 15:40:12.0;
15;26151.5;2019-04-11 15:40:15.0;
15;26146.5;2019-04-11 15:40:22.0;
15;26146;2019-04-11 15:40:25.0;
15;26146.5;2019-04-11 15:40:27.0;
15;26146;2019-04-11 15:40:28.0;
15;26148.5;2019-04-11 15:40:31.0;
15;26152;2019-04-11 15:40:36.0;
15;26152.5;2019-04-11 15:40:40.0;
15;26156.5;2019-04-11 15:40:46.0;
15;26158.5;2019-04-11 15:40:49.0;
15;26159.5;2019-04-11 15:40:51.0;
15;26157.5;2019-04-11 15:40:56.0;
15;26160.5;2019-04-11 15:41:03.0;
15;26162.5;2019-04-11 15:41:08.0;
15;26164.5;2019-04-11 15:41:11.0;
15;26166.5;2019-04-11 15:41:18.0;
15;26168.5;2019-04-11 15:41:20.0;
15;26170.5;2019-04-11 15:41:24.0;
15;26168;2019-04-11 15:41:30.0;
15;26168.5;2019-04-11 15:41:33.0;
15;26170.5;2019-04-11 15:41:34.0;
15;26168.5;2019-04-11 15:41:37.0;
15;26170.5;2019-04-11 15:41:39.0;
15;26169.5;2019-04-11 15:41:41.0;
15;26168.5;2019-04-11 15:42:08.0;
15;26167.5;2019-04-11 15:42:10.0;
15;26168.5;2019-04-11 15:42:12.0;
15;26167.5;2019-04-11 15:42:13.0;
15;26170.5;2019-04-11 15:42:18.0;
15;26170;2019-04-11 15:42:19.0;
15;26170.5;2019-04-11 15:42:21.0;
15;26170;2019-04-11 15:42:23.0;
15;26171.5;2019-04-11 15:42:24.0;
15;26170;2019-04-11 15:42:26.0;
15;26170.5;2019-04-11 15:42:27.0;
15;26171;2019-04-11 15:42:32.0;
15;26174;2019-04-11 15:42:36.0;
15;26172;2019-04-11 15:42:41.0;
15;26173;2019-04-11 15:42:44.0;
15;26176.5;2019-04-11 15:42:48.0;
15;26178.5;2019-04-11 15:42:56.0;
15;26177.5;2019-04-11 15:42:59.0;
15;26178.5;2019-04-11 15:43:01.0;
15;26177.5;2019-04-11 15:43:02.0;
15;26176.5;2019-04-11 15:43:04.0;
15;26177.5;2019-04-11 15:43:10.0;
15;26183;2019-04-11 15:43:12.0;
15;26177.5;2019-04-11 15:43:13.0;
15;26183;2019-04-11 15:43:15.0;
15;26183.5;2019-04-11 15:43:17.0;
15;26187;2019-04-11 15:43:24.0;
15;26183.5;2019-04-11 15:43:26.0;
15;26187;2019-04-11 15:43:27.0;
15;26186;2019-04-11 15:43:32.0;
15;26187;2019-04-11 15:43:34.0;
15;26185.5;2019-04-11 15:43:35.0;
15;26190;2019-04-11 15:43:51.0;
15;26193.5;2019-04-11 15:44:07.0;
15;26190.5;2019-04-11 15:44:13.0;
15;26191;2019-04-11 15:44:17.0;
15;26189.5;2019-04-11 15:44:20.0;
15;26191;2019-04-11 15:44:22.0;
15;26189.5;2019-04-11 15:44:23.0;
15;26191;2019-04-11 15:44:26.0;
15;26192;2019-04-11 15:44:29.0;
15;26191;2019-04-11 15:44:31.0;
15;26186;2019-04-11 15:44:39.0;
15;26183.5;2019-04-11 15:44:46.0;
15;26184;2019-04-11 15:44:52.0;
15;26186;2019-04-11 15:44:53.0;
15;26185.5;2019-04-11 15:44:55.0;
15;26186;2019-04-11 15:44:56.0;
15;26185.5;2019-04-11 15:44:58.0;
15;26183.5;2019-04-11 15:45:02.0;
15;26186.5;2019-04-11 15:45:08.0;
15;26188;2019-04-11 15:45:13.0;
15;26184.5;2019-04-11 15:45:18.0;
15;26180;2019-04-11 15:45:23.0;
15;26182.5;2019-04-11 15:45:29.0;
15;26184.5;2019-04-11 15:45:31.0;
15;26182.5;2019-04-11 15:45:34.0;
15;26184.5;2019-04-11 15:45:36.0;
15;26185.5;2019-04-11 15:45:39.0;
15;26186;2019-04-11 15:45:48.0;
15;26180;2019-04-11 15:46:03.0;
15;26186.5;2019-04-11 15:46:07.0;
15;26187.5;2019-04-11 15:46:13.0;
15;26184.5;2019-04-11 15:46:16.0;
15;26187.5;2019-04-11 15:46:20.0;
15;26184.5;2019-04-11 15:46:22.0;
15;26188.5;2019-04-11 15:46:23.0;
15;26191;2019-04-11 15:46:29.0;
15;26190.5;2019-04-11 15:46:35.0;
15;26192.5;2019-04-11 15:46:37.0;
15;26190.5;2019-04-11 15:46:38.0;
15;26188.5;2019-04-11 15:46:40.0;
15;26187;2019-04-11 15:46:47.0;
15;26195.5;2019-04-11 15:46:52.0;
15;26194.5;2019-04-11 15:46:57.0;
15;26196.5;2019-04-11 15:47:00.0;
15;26195;2019-04-11 15:47:03.0;
15;26196.5;2019-04-11 15:47:06.0;
15;26196;2019-04-11 15:47:11.0;
15;26196.5;2019-04-11 15:47:13.0;
15;26196;2019-04-11 15:47:20.0;
15;26193;2019-04-11 15:47:23.0;
15;26195.5;2019-04-11 15:47:29.0;
15;26194.5;2019-04-11 15:47:35.0;
15;26192.5;2019-04-11 15:47:43.0;
15;26191.5;2019-04-11 15:47:48.0;
15;26203.5;2019-04-11 15:48:04.0;
15;26205.5;2019-04-11 15:48:10.0;
15;26210;2019-04-11 15:48:13.0;
15;26213.5;2019-04-11 15:48:19.0;
15;26210.5;2019-04-11 15:48:21.0;
15;26211.5;2019-04-11 15:48:26.0;
15;26216.5;2019-04-11 15:48:35.0;
15;26215.5;2019-04-11 15:48:38.0;
15;26216.5;2019-04-11 15:48:40.0;
15;26213.5;2019-04-11 15:48:45.0;
15;26211.5;2019-04-11 15:48:48.0;
15;26214;2019-04-11 15:49:06.0;
15;26213.5;2019-04-11 15:49:07.0;
15;26214.5;2019-04-11 15:49:13.0;
15;26213.5;2019-04-11 15:49:17.0;
15;26212.5;2019-04-11 15:49:19.0;
15;26210.5;2019-04-11 15:49:23.0;
15;26212.5;2019-04-11 15:49:27.0;
15;26214;2019-04-11 15:49:28.0;
15;26213.5;2019-04-11 15:49:31.0;
15;26214;2019-04-11 15:49:32.0;
15;26213.5;2019-04-11 15:49:34.0;
15;26216.5;2019-04-11 15:49:36.0;
15;26214.5;2019-04-11 15:49:46.0;
15;26215.5;2019-04-11 15:49:48.0;
15;26216.5;2019-04-11 15:50:05.0;
15;26214.5;2019-04-11 15:50:07.0;
15;26216.5;2019-04-11 15:50:10.0;
15;26217.5;2019-04-11 15:50:12.0;
15;26219.5;2019-04-11 15:50:15.0;
15;26216.5;2019-04-11 15:50:23.0;
15;26219.5;2019-04-11 15:50:29.0;
15;26221.5;2019-04-11 15:50:33.0;
15;26224;2019-04-11 15:50:36.0;
15;26227.5;2019-04-11 15:50:42.0;
15;26225.5;2019-04-11 15:50:47.0;
15;26224;2019-04-11 15:50:56.0;
15;26223;2019-04-11 15:51:04.0;
15;26221.5;2019-04-11 15:51:09.0;
15;26216.5;2019-04-11 15:51:13.0;
15;26221.5;2019-04-11 15:51:15.0;
15;26214.5;2019-04-11 15:51:16.0;
15;26213.5;2019-04-11 15:51:21.0;
15;26212.5;2019-04-11 15:51:22.0;
15;26211.5;2019-04-11 15:51:33.0;
15;26214;2019-04-11 15:51:36.0;
15;26212.5;2019-04-11 15:51:41.0;
15;26211;2019-04-11 15:51:42.0;
15;26212.5;2019-04-11 15:51:44.0;
15;26211;2019-04-11 15:51:46.0;
15;26207.5;2019-04-11 15:51:48.0;
15;26203.5;2019-04-11 15:52:04.0;
15;26206.5;2019-04-11 15:52:08.0;
15;26203.5;2019-04-11 15:52:13.0;
15;26206.5;2019-04-11 15:52:14.0;
15;26200.5;2019-04-11 15:52:15.0;
15;26201;2019-04-11 15:52:22.0;
15;26205;2019-04-11 15:52:23.0;
15;26201;2019-04-11 15:52:25.0;
15;26205;2019-04-11 15:52:26.0;
15;26207;2019-04-11 15:52:28.0;
15;26208;2019-04-11 15:52:32.0;
15;26207;2019-04-11 15:52:38.0;
15;26204;2019-04-11 15:52:42.0;
15;26202.5;2019-04-11 15:52:45.0;
15;26201.5;2019-04-11 15:52:47.0;
15;26202.5;2019-04-11 15:52:48.0;
15;26201.5;2019-04-11 15:52:50.0;
15;26200.5;2019-04-11 15:52:57.0;
15;26197.5;2019-04-11 15:53:02.0;
15;26193.5;2019-04-11 15:53:04.0;
15;26195.5;2019-04-11 15:53:15.0;
15;26196.5;2019-04-11 15:53:20.0;
15;26195.5;2019-04-11 15:53:21.0;
15;26198;2019-04-11 15:53:23.0;
15;26199.5;2019-04-11 15:53:36.0;
15;26199;2019-04-11 15:53:39.0;
15;26199.5;2019-04-11 15:53:48.0;
15;26200.5;2019-04-11 15:54:05.0;
15;26197;2019-04-11 15:54:09.0;
15;26195.5;2019-04-11 15:54:11.0;
15;26191.5;2019-04-11 15:54:17.0;
15;26192;2019-04-11 15:54:21.0;
15;26189;2019-04-11 15:54:23.0;
15;26191.5;2019-04-11 15:54:27.0;
15;26189;2019-04-11 15:54:30.0;
15;26193;2019-04-11 15:54:31.0;
15;26190;2019-04-11 15:54:36.0;
15;26188.5;2019-04-11 15:54:41.0;
15;26189.5;2019-04-11 15:54:44.0;
15;26186.5;2019-04-11 15:54:49.0;
15;26185.5;2019-04-11 15:54:52.0;
15;26186.5;2019-04-11 15:54:59.0;
15;26184.5;2019-04-11 15:55:03.0;
15;26181;2019-04-11 15:55:09.0;
15;26187;2019-04-11 15:55:12.0;
15;26183;2019-04-11 15:55:17.0;
15;26182;2019-04-11 15:55:27.0;
15;26185.5;2019-04-11 15:55:28.0;
15;26179.5;2019-04-11 15:55:33.0;
15;26181.5;2019-04-11 15:55:38.0;
15;26183.5;2019-04-11 15:55:40.0;
15;26181.5;2019-04-11 15:55:42.0;
15;26183.5;2019-04-11 15:55:44.0;
15;26182;2019-04-11 15:55:45.0;
15;26181.5;2019-04-11 15:55:51.0;
15;26184.5;2019-04-11 15:56:04.0;
15;26187.5;2019-04-11 15:56:10.0;
15;26184;2019-04-11 15:56:12.0;
15;26188;2019-04-11 15:56:14.0;
15;26187;2019-04-11 15:56:19.0;
15;26188;2019-04-11 15:56:20.0;
15;26191.5;2019-04-11 15:56:28.0;
15;26190.5;2019-04-11 15:56:32.0;
15;26189;2019-04-11 15:56:35.0;
15;26189.5;2019-04-11 15:56:39.0;
15;26190.5;2019-04-11 15:56:42.0;
15;26189.5;2019-04-11 15:56:43.0;
15;26190.5;2019-04-11 15:56:45.0;
15;26190;2019-04-11 15:56:50.0;
15;26190.5;2019-04-11 15:56:54.0;
15;26191.5;2019-04-11 15:57:01.0;
15;26192.5;2019-04-11 15:57:02.0;
15;26198.5;2019-04-11 15:57:08.0;
15;26192.5;2019-04-11 15:57:09.0;
15;26198.5;2019-04-11 15:57:10.0;
15;26193.5;2019-04-11 15:57:30.0;
15;26195.5;2019-04-11 15:57:42.0;
15;26199.5;2019-04-11 15:58:06.0;
15;26202;2019-04-11 15:58:11.0;
15;26200;2019-04-11 15:58:16.0;
15;26202.5;2019-04-11 15:58:22.0;
15;26201.5;2019-04-11 15:58:24.0;
15;26202.5;2019-04-11 15:58:25.0;
15;26201.5;2019-04-11 15:58:27.0;
15;26205.5;2019-04-11 15:58:28.0;
15;26201.5;2019-04-11 15:58:33.0;
15;26201;2019-04-11 15:58:39.0;
15;26200;2019-04-11 15:58:56.0;
15;26196.5;2019-04-11 15:59:02.0;
15;26195;2019-04-11 15:59:03.0;
15;26202.5;2019-04-11 15:59:08.0;
15;26201.5;2019-04-11 15:59:13.0;
15;26198.5;2019-04-11 15:59:17.0;
15;26197;2019-04-11 15:59:20.0;
15;26194.5;2019-04-11 15:59:24.0;
15;26193.5;2019-04-11 15:59:27.0;
15;26194.5;2019-04-11 15:59:30.0;
15;26193.5;2019-04-11 15:59:31.0;
15;26191.5;2019-04-11 15:59:33.0;
15;26190;2019-04-11 15:59:37.0;
15;26188.5;2019-04-11 15:59:40.0;
15;26190.5;2019-04-11 15:59:43.0;
15;26188.5;2019-04-11 15:59:45.0;
15;26190.5;2019-04-11 15:59:46.0;
15;26188.5;2019-04-11 15:59:50.0;
15;26194.5;2019-04-11 16:00:05.0;
15;26201;2019-04-11 16:00:09.0;
15;26202.5;2019-04-11 16:00:13.0;
15;26201;2019-04-11 16:00:16.0;
15;26201.5;2019-04-11 16:00:23.0;
15;26202.5;2019-04-11 16:00:29.0;
15;26202;2019-04-11 16:00:34.0;
15;26201.5;2019-04-11 16:00:41.0;
15;26202;2019-04-11 16:00:42.0;
15;26201.5;2019-04-11 16:00:44.0;
15;26199.5;2019-04-11 16:00:50.0;
15;26202.5;2019-04-11 16:00:55.0;
15;26201;2019-04-11 16:00:59.0;
15;26200;2019-04-11 16:01:05.0;
15;26196.5;2019-04-11 16:01:11.0;
15;26198;2019-04-11 16:01:17.0;
15;26197.5;2019-04-11 16:01:21.0;
15;26198;2019-04-11 16:01:23.0;
15;26194;2019-04-11 16:01:25.0;
15;26192.5;2019-04-11 16:01:34.0;
15;26189.5;2019-04-11 16:01:37.0;
15;26188.5;2019-04-11 16:01:43.0;
15;26191;2019-04-11 16:01:50.0;
15;26192;2019-04-11 16:02:09.0;
15;26191.5;2019-04-11 16:02:18.0;
15;26190.5;2019-04-11 16:02:20.0;
15;26190;2019-04-11 16:02:29.0;
15;26190.5;2019-04-11 16:02:34.0;
15;26188;2019-04-11 16:02:36.0;
15;26189.5;2019-04-11 16:02:39.0;
15;26195.5;2019-04-11 16:02:47.0;
15;26196.5;2019-04-11 16:02:56.0;
15;26198.5;2019-04-11 16:03:03.0;
15;26199.5;2019-04-11 16:03:13.0;
15;26200.5;2019-04-11 16:03:17.0;
15;26202;2019-04-11 16:03:27.0;
15;26200.5;2019-04-11 16:03:28.0;
15;26202;2019-04-11 16:03:30.0;
15;26199.5;2019-04-11 16:03:32.0;
15;26199;2019-04-11 16:03:37.0;
15;26199.5;2019-04-11 16:03:39.0;
15;26200.5;2019-04-11 16:03:43.0;
15;26199.5;2019-04-11 16:03:45.0;
15;26200.5;2019-04-11 16:03:46.0;
15;26200;2019-04-11 16:03:47.0;
15;26198.5;2019-04-11 16:04:07.0;
15;26196.5;2019-04-11 16:04:09.0;
15;26198.5;2019-04-11 16:04:11.0;
15;26195.5;2019-04-11 16:04:12.0;
15;26198.5;2019-04-11 16:04:13.0;
15;26195.5;2019-04-11 16:04:15.0;
15;26196.5;2019-04-11 16:04:16.0;
15;26197.5;2019-04-11 16:04:34.0;
15;26199.5;2019-04-11 16:04:35.0;
15;26198;2019-04-11 16:04:41.0;
15;26195.5;2019-04-11 16:04:45.0;
15;26194.5;2019-04-11 16:04:50.0;
15;26195;2019-04-11 16:04:57.0;
15;26198.5;2019-04-11 16:04:59.0;
15;26195;2019-04-11 16:05:01.0;
15;26198.5;2019-04-11 16:05:02.0;
15;26202;2019-04-11 16:05:04.0;
15;26201;2019-04-11 16:05:08.0;
15;26201.5;2019-04-11 16:05:11.0;
15;26201;2019-04-11 16:05:13.0;
15;26199.5;2019-04-11 16:05:15.0;
15;26198.5;2019-04-11 16:05:25.0;
15;26196.5;2019-04-11 16:05:26.0;
15;26198.5;2019-04-11 16:05:28.0;
15;26196.5;2019-04-11 16:05:29.0;
15;26194;2019-04-11 16:05:32.0;
15;26197;2019-04-11 16:05:35.0;
15;26196.5;2019-04-11 16:05:41.0;
15;26193.5;2019-04-11 16:05:43.0;
15;26192.5;2019-04-11 16:05:48.0;
15;26189.5;2019-04-11 16:06:04.0;
15;26187.5;2019-04-11 16:06:12.0;
15;26186.5;2019-04-11 16:06:17.0;
15;26185.5;2019-04-11 16:06:19.0;
15;26186;2019-04-11 16:06:24.0;
15;26186.5;2019-04-11 16:06:31.0;
15;26186;2019-04-11 16:06:35.0;
15;26185.5;2019-04-11 16:06:43.0;
15;26186;2019-04-11 16:06:44.0;
15;26185.5;2019-04-11 16:06:46.0;
15;26188.5;2019-04-11 16:06:53.0;
15;26185.5;2019-04-11 16:06:55.0;
15;26189.5;2019-04-11 16:06:56.0;
15;26190;2019-04-11 16:07:03.0;
15;26189.5;2019-04-11 16:07:05.0;
15;26190;2019-04-11 16:07:08.0;
15;26191;2019-04-11 16:07:09.0;
15;26188.5;2019-04-11 16:07:11.0;
15;26187.5;2019-04-11 16:07:15.0;
15;26184.5;2019-04-11 16:07:20.0;
15;26184;2019-04-11 16:07:26.0;
15;26183.5;2019-04-11 16:07:27.0;
15;26184.5;2019-04-11 16:07:33.0;
15;26183;2019-04-11 16:07:36.0;
15;26181.5;2019-04-11 16:07:42.0;
15;26178.5;2019-04-11 16:07:51.0;
15;26175.5;2019-04-11 16:08:05.0;
15;26182;2019-04-11 16:08:08.0;
15;26183.5;2019-04-11 16:08:11.0;
15;26181.5;2019-04-11 16:08:20.0;
15;26181;2019-04-11 16:08:26.0;
15;26180;2019-04-11 16:08:30.0;
15;26181;2019-04-11 16:08:37.0;
15;26183.5;2019-04-11 16:08:41.0;
15;26181;2019-04-11 16:08:43.0;
15;26183.5;2019-04-11 16:08:44.0;
15;26184.5;2019-04-11 16:08:47.0;
15;26185;2019-04-11 16:08:50.0;
15;26184.5;2019-04-11 16:08:55.0;
15;26187;2019-04-11 16:08:59.0;
15;26186;2019-04-11 16:09:03.0;
15;26187;2019-04-11 16:09:09.0;
15;26186;2019-04-11 16:09:11.0;
15;26185.5;2019-04-11 16:09:15.0;
15;26188.5;2019-04-11 16:09:18.0;
15;26185.5;2019-04-11 16:09:21.0;
15;26189.5;2019-04-11 16:09:22.0;
15;26189;2019-04-11 16:09:28.0;
15;26189.5;2019-04-11 16:09:30.0;
15;26186;2019-04-11 16:09:31.0;
15;26189;2019-04-11 16:09:33.0;
15;26186;2019-04-11 16:09:34.0;
15;26188;2019-04-11 16:09:36.0;
15;26188.5;2019-04-11 16:09:41.0;
15;26189.5;2019-04-11 16:09:42.0;
15;26188.5;2019-04-11 16:09:44.0;
15;26189.5;2019-04-11 16:09:45.0;
15;26189;2019-04-11 16:09:51.0;
15;26191.5;2019-04-11 16:10:07.0;
15;26189;2019-04-11 16:10:09.0;
15;26191.5;2019-04-11 16:10:12.0;
15;26190;2019-04-11 16:10:15.0;
15;26191.5;2019-04-11 16:10:21.0;
15;26193.5;2019-04-11 16:10:26.0;
15;26193;2019-04-11 16:10:35.0;
15;26193.5;2019-04-11 16:10:36.0;
15;26193;2019-04-11 16:10:38.0;
15;26191;2019-04-11 16:10:40.0;
15;26193;2019-04-11 16:10:41.0;
15;26191;2019-04-11 16:10:43.0;
15;26189;2019-04-11 16:10:45.0;
15;26189.5;2019-04-11 16:10:50.0;
15;26187.5;2019-04-11 16:10:52.0;
15;26189.5;2019-04-11 16:10:53.0;
15;26187.5;2019-04-11 16:10:55.0;
15;26186.5;2019-04-11 16:10:57.0;
15;26185.5;2019-04-11 16:11:02.0;
15;26181.5;2019-04-11 16:11:05.0;
15;26184.5;2019-04-11 16:11:07.0;
15;26181.5;2019-04-11 16:11:12.0;
15;26179;2019-04-11 16:11:15.0;
15;26177.5;2019-04-11 16:11:24.0;
15;26178;2019-04-11 16:11:30.0;
15;26178.5;2019-04-11 16:11:31.0;
15;26178;2019-04-11 16:11:32.0;
15;26178.5;2019-04-11 16:11:34.0;
15;26177.5;2019-04-11 16:11:35.0;
15;26179;2019-04-11 16:11:41.0;
15;26180.5;2019-04-11 16:11:43.0;
15;26179;2019-04-11 16:11:52.0;
15;26173.5;2019-04-11 16:12:04.0;
15;26174.5;2019-04-11 16:12:14.0;
15;26172.5;2019-04-11 16:12:19.0;
15;26174.5;2019-04-11 16:12:21.0;
15;26172.5;2019-04-11 16:12:24.0;
15;26174.5;2019-04-11 16:12:31.0;
15;26175;2019-04-11 16:12:32.0;
15;26173.5;2019-04-11 16:12:35.0;
15;26172;2019-04-11 16:12:39.0;
15;26174;2019-04-11 16:12:45.0;
15;26169.5;2019-04-11 16:12:48.0;
15;26171.5;2019-04-11 16:12:52.0;
15;26175.5;2019-04-11 16:12:59.0;
15;26174.5;2019-04-11 16:13:04.0;
15;26180.5;2019-04-11 16:13:10.0;
15;26181.5;2019-04-11 16:13:17.0;
15;26180.5;2019-04-11 16:13:18.0;
15;26182;2019-04-11 16:13:19.0;
15;26184.5;2019-04-11 16:13:25.0;
15;26183.5;2019-04-11 16:13:27.0;
15;26181.5;2019-04-11 16:13:33.0;
15;26183;2019-04-11 16:13:41.0;
15;26186.5;2019-04-11 16:13:45.0;
15;26183;2019-04-11 16:13:47.0;
15;26185.5;2019-04-11 16:13:48.0;
15;26182.5;2019-04-11 16:14:06.0;
15;26181;2019-04-11 16:14:11.0;
15;26184.5;2019-04-11 16:14:20.0;
15;26186.5;2019-04-11 16:14:22.0;
15;26187.5;2019-04-11 16:14:27.0;
15;26186.5;2019-04-11 16:14:32.0;
15;26187;2019-04-11 16:14:35.0;
15;26189.5;2019-04-11 16:14:40.0;
15;26187.5;2019-04-11 16:14:51.0;
15;26190;2019-04-11 16:14:56.0;
15;26187.5;2019-04-11 16:14:57.0;
15;26190;2019-04-11 16:14:58.0;
15;26194.5;2019-04-11 16:15:08.0;
15;26199.5;2019-04-11 16:15:13.0;
15;26200.5;2019-04-11 16:15:19.0;
15;26197;2019-04-11 16:15:22.0;
15;26200.5;2019-04-11 16:15:25.0;
15;26195.5;2019-04-11 16:15:27.0;
15;26193.5;2019-04-11 16:15:30.0;
15;26192.5;2019-04-11 16:15:34.0;
15;26192;2019-04-11 16:15:40.0;
15;26192.5;2019-04-11 16:15:42.0;
15;26195.5;2019-04-11 16:15:43.0;
15;26193;2019-04-11 16:15:49.0;
15;26195;2019-04-11 16:16:06.0;
15;26197;2019-04-11 16:16:08.0;
15;26198;2019-04-11 16:16:12.0;
15;26198.5;2019-04-11 16:16:15.0;
15;26200.5;2019-04-11 16:16:20.0;
15;26198.5;2019-04-11 16:16:21.0;
15;26200.5;2019-04-11 16:16:23.0;
15;26200;2019-04-11 16:16:25.0;
15;26197.5;2019-04-11 16:16:31.0;
15;26192;2019-04-11 16:16:32.0;
15;26198.5;2019-04-11 16:16:37.0;
15;26199.5;2019-04-11 16:16:41.0;
15;26198.5;2019-04-11 16:16:48.0;
15;26197.5;2019-04-11 16:16:57.0;
15;26198;2019-04-11 16:17:03.0;
15;26200.5;2019-04-11 16:17:19.0;
15;26203.5;2019-04-11 16:17:27.0;
15;26203;2019-04-11 16:17:28.0;
15;26203.5;2019-04-11 16:17:31.0;
15;26203;2019-04-11 16:17:33.0;
15;26201;2019-04-11 16:17:35.0;
15;26201.5;2019-04-11 16:17:47.0;
15;26207;2019-04-11 16:18:06.0;
15;26209.5;2019-04-11 16:18:10.0;
15;26207.5;2019-04-11 16:18:12.0;
15;26209.5;2019-04-11 16:18:18.0;
15;26210.5;2019-04-11 16:18:21.0;
15;26209.5;2019-04-11 16:18:25.0;
15;26210.5;2019-04-11 16:18:26.0;
15;26209.5;2019-04-11 16:18:28.0;
15;26211.5;2019-04-11 16:18:36.0;
15;26210;2019-04-11 16:18:39.0;
15;26211.5;2019-04-11 16:18:40.0;
15;26210;2019-04-11 16:18:42.0;
15;26210.5;2019-04-11 16:18:43.0;
15;26210;2019-04-11 16:18:46.0;
15;26210.5;2019-04-11 16:18:48.0;
15;26209;2019-04-11 16:18:49.0;
15;26206.5;2019-04-11 16:18:52.0;
15;26209;2019-04-11 16:18:54.0;
15;26205.5;2019-04-11 16:18:55.0;
15;26206;2019-04-11 16:19:01.0;
15;26204.5;2019-04-11 16:19:04.0;
15;26206;2019-04-11 16:19:05.0;
15;26204.5;2019-04-11 16:19:07.0;
15;26204;2019-04-11 16:19:08.0;
15;26206.5;2019-04-11 16:19:11.0;
15;26204;2019-04-11 16:19:12.0;
15;26206.5;2019-04-11 16:19:14.0;
15;26205.5;2019-04-11 16:19:26.0;
15;26206.5;2019-04-11 16:19:27.0;
15;26204.5;2019-04-11 16:19:29.0;
15;26205.5;2019-04-11 16:19:30.0;
15;26205;2019-04-11 16:19:31.0;
15;26204.5;2019-04-11 16:19:33.0;
15;26205;2019-04-11 16:19:34.0;
15;26206;2019-04-11 16:19:37.0;
15;26205.5;2019-04-11 16:19:40.0;
15;26206;2019-04-11 16:19:41.0;
15;26203.5;2019-04-11 16:19:44.0;
15;26205.5;2019-04-11 16:19:49.0;
15;26206;2019-04-11 16:20:05.0;
15;26204.5;2019-04-11 16:20:11.0;
15;26206.5;2019-04-11 16:20:17.0;
15;26206;2019-04-11 16:20:23.0;
15;26203;2019-04-11 16:20:30.0;
15;26200.5;2019-04-11 16:20:37.0;
15;26201.5;2019-04-11 16:20:48.0;
15;26202;2019-04-11 16:20:51.0;
15;26201.5;2019-04-11 16:20:52.0;
15;26202;2019-04-11 16:20:53.0;
15;26199;2019-04-11 16:20:59.0;
15;26200;2019-04-11 16:21:02.0;
15;26199;2019-04-11 16:21:03.0;
15;26200;2019-04-11 16:21:05.0;
15;26201;2019-04-11 16:21:07.0;
15;26203;2019-04-11 16:21:10.0;
15;26203.5;2019-04-11 16:21:14.0;
15;26204;2019-04-11 16:21:22.0;
15;26203.5;2019-04-11 16:21:25.0;
15;26205.5;2019-04-11 16:21:26.0;
15;26206.5;2019-04-11 16:21:31.0;
15;26204.5;2019-04-11 16:21:34.0;
15;26203.5;2019-04-11 16:21:39.0;
15;26204.5;2019-04-11 16:21:41.0;
15;26203;2019-04-11 16:21:43.0;
15;26203.5;2019-04-11 16:21:44.0;
15;26205;2019-04-11 16:21:46.0;
15;26205.5;2019-04-11 16:22:04.0;
15;26202.5;2019-04-11 16:22:14.0;
15;26204;2019-04-11 16:22:17.0;
15;26205;2019-04-11 16:22:19.0;
15;26205.5;2019-04-11 16:22:23.0;
15;26207.5;2019-04-11 16:22:30.0;
15;26207;2019-04-11 16:22:37.0;
15;26203.5;2019-04-11 16:22:43.0;
15;26204.5;2019-04-11 16:22:47.0;
15;26203;2019-04-11 16:22:54.0;
15;26202.5;2019-04-11 16:22:55.0;
15;26203;2019-04-11 16:22:56.0;
15;26202.5;2019-04-11 16:22:58.0;
15;26202;2019-04-11 16:23:01.0;
15;26202.5;2019-04-11 16:23:06.0;
15;26205.5;2019-04-11 16:23:10.0;
15;26204;2019-04-11 16:23:13.0;
15;26202;2019-04-11 16:23:18.0;
15;26200.5;2019-04-11 16:23:19.0;
15;26202;2019-04-11 16:23:21.0;
15;26200.5;2019-04-11 16:23:22.0;
15;26200;2019-04-11 16:23:25.0;
15;26198;2019-04-11 16:23:29.0;
15;26199.5;2019-04-11 16:23:32.0;
15;26197.5;2019-04-11 16:23:37.0;
15;26199;2019-04-11 16:23:38.0;
15;26197.5;2019-04-11 16:23:39.0;
15;26199;2019-04-11 16:23:41.0;
15;26197.5;2019-04-11 16:23:44.0;
15;26198;2019-04-11 16:23:48.0;
15;26197;2019-04-11 16:24:02.0;
15;26198;2019-04-11 16:24:04.0;
15;26197;2019-04-11 16:24:05.0;
15;26193.5;2019-04-11 16:24:09.0;
15;26194.5;2019-04-11 16:24:23.0;
15;26195.5;2019-04-11 16:24:25.0;
15;26197;2019-04-11 16:24:30.0;
15;26200;2019-04-11 16:24:36.0;
15;26200.5;2019-04-11 16:24:41.0;
15;26199.5;2019-04-11 16:24:51.0;
15;26202.5;2019-04-11 16:24:57.0;
15;26200;2019-04-11 16:25:04.0;
15;26203;2019-04-11 16:25:10.0;
15;26201;2019-04-11 16:25:16.0;
15;26199.5;2019-04-11 16:25:27.0;
15;26201;2019-04-11 16:25:28.0;
15;26199.5;2019-04-11 16:25:30.0;
15;26196.5;2019-04-11 16:25:35.0;
15;26194.5;2019-04-11 16:25:44.0;
15;26192;2019-04-11 16:25:49.0;
15;26193;2019-04-11 16:26:05.0;
15;26191.5;2019-04-11 16:26:11.0;
15;26192;2019-04-11 16:26:13.0;
15;26191.5;2019-04-11 16:26:14.0;
15;26192;2019-04-11 16:26:16.0;
15;26192.5;2019-04-11 16:26:19.0;
15;26189.5;2019-04-11 16:26:26.0;
15;26190;2019-04-11 16:26:28.0;
15;26189.5;2019-04-11 16:26:30.0;
15;26190;2019-04-11 16:26:33.0;
15;26189;2019-04-11 16:26:36.0;
15;26188.5;2019-04-11 16:26:54.0;
15;26187.5;2019-04-11 16:26:56.0;
15;26190.5;2019-04-11 16:27:06.0;
15;26185.5;2019-04-11 16:27:11.0;
15;26187;2019-04-11 16:27:22.0;
15;26186;2019-04-11 16:27:23.0;
15;26189.5;2019-04-11 16:27:28.0;
15;26189;2019-04-11 16:27:38.0;
15;26190;2019-04-11 16:27:44.0;
15;26188.5;2019-04-11 16:27:47.0;
15;26190;2019-04-11 16:27:48.0;
15;26188.5;2019-04-11 16:27:51.0;
15;26186.5;2019-04-11 16:28:05.0;
15;26189.5;2019-04-11 16:28:07.0;
15;26191.5;2019-04-11 16:28:13.0;
15;26188.5;2019-04-11 16:28:19.0;
15;26186.5;2019-04-11 16:28:26.0;
15;26187;2019-04-11 16:28:29.0;
15;26186.5;2019-04-11 16:28:31.0;
15;26185;2019-04-11 16:28:38.0;
15;26184;2019-04-11 16:28:39.0;
15;26186;2019-04-11 16:28:45.0;
15;26187;2019-04-11 16:28:47.0;
15;26186;2019-04-11 16:28:48.0;
15;26187;2019-04-11 16:28:50.0;
15;26188.5;2019-04-11 16:28:55.0;
15;26189;2019-04-11 16:29:01.0;
15;26188;2019-04-11 16:29:05.0;
15;26189;2019-04-11 16:29:06.0;
15;26186.5;2019-04-11 16:29:17.0;
15;26189;2019-04-11 16:29:18.0;
15;26186.5;2019-04-11 16:29:19.0;
15;26192.5;2019-04-11 16:29:22.0;
15;26189.5;2019-04-11 16:29:24.0;
15;26192.5;2019-04-11 16:29:26.0;
15;26196;2019-04-11 16:29:32.0;
15;26194.5;2019-04-11 16:29:37.0;
15;26193;2019-04-11 16:29:39.0;
15;26194.5;2019-04-11 16:29:42.0;
15;26193;2019-04-11 16:29:43.0;
15;26191;2019-04-11 16:29:45.0;
15;26194.5;2019-04-11 16:29:51.0;
15;26192;2019-04-11 16:30:08.0;
15;26191.5;2019-04-11 16:30:14.0;
15;26191;2019-04-11 16:30:16.0;
15;26191.5;2019-04-11 16:30:19.0;
15;26188;2019-04-11 16:30:25.0;
15;26185.5;2019-04-11 16:30:29.0;
15;26188;2019-04-11 16:30:31.0;
15;26185;2019-04-11 16:30:33.0;
15;26186;2019-04-11 16:30:36.0;
15;26185;2019-04-11 16:30:39.0;
15;26186.5;2019-04-11 16:30:40.0;
15;26186;2019-04-11 16:30:42.0;
15;26184.5;2019-04-11 16:30:43.0;
15;26186.5;2019-04-11 16:30:45.0;
15;26184.5;2019-04-11 16:30:46.0;
15;26185;2019-04-11 16:30:50.0;
15;26184.5;2019-04-11 16:30:56.0;
15;26185;2019-04-11 16:31:00.0;
15;26184.5;2019-04-11 16:31:04.0;
15;26182.5;2019-04-11 16:31:10.0;
15;26178.5;2019-04-11 16:31:17.0;
15;26176.5;2019-04-11 16:31:19.0;
15;26177.5;2019-04-11 16:31:24.0;
15;26178.5;2019-04-11 16:31:31.0;
15;26181;2019-04-11 16:31:37.0;
15;26185.5;2019-04-11 16:31:47.0;
15;26182.5;2019-04-11 16:31:50.0;
15;26185.5;2019-04-11 16:31:52.0;
15;26189.5;2019-04-11 16:32:03.0;
15;26194.5;2019-04-11 16:32:07.0;
15;26193;2019-04-11 16:32:11.0;
15;26194.5;2019-04-11 16:32:13.0;
15;26193;2019-04-11 16:32:14.0;
15;26189.5;2019-04-11 16:32:16.0;
15;26187.5;2019-04-11 16:32:26.0;
15;26188.5;2019-04-11 16:32:28.0;
15;26187.5;2019-04-11 16:32:32.0;
15;26185.5;2019-04-11 16:32:52.0;
15;26186;2019-04-11 16:33:02.0;
15;26185.5;2019-04-11 16:33:07.0;
15;26184.5;2019-04-11 16:33:13.0;
15;26185.5;2019-04-11 16:33:17.0;
15;26184.5;2019-04-11 16:33:19.0;
15;26186.5;2019-04-11 16:33:20.0;
15;26187;2019-04-11 16:33:23.0;
15;26187.5;2019-04-11 16:33:28.0;
15;26187;2019-04-11 16:33:32.0;
15;26184;2019-04-11 16:33:38.0;
15;26183.5;2019-04-11 16:33:43.0;
15;26182;2019-04-11 16:33:48.0;
15;26183;2019-04-11 16:34:04.0;
15;26181.5;2019-04-11 16:34:07.0;
15;26182;2019-04-11 16:34:17.0;
15;26180.5;2019-04-11 16:34:19.0;
15;26176.5;2019-04-11 16:34:23.0;
15;26178.5;2019-04-11 16:34:28.0;
15;26176.5;2019-04-11 16:34:29.0;
15;26178.5;2019-04-11 16:34:31.0;
15;26177.5;2019-04-11 16:34:32.0;
15;26178;2019-04-11 16:34:37.0;
15;26179.5;2019-04-11 16:34:41.0;
15;26180.5;2019-04-11 16:34:44.0;
15;26183;2019-04-11 16:34:49.0;
15;26182.5;2019-04-11 16:34:51.0;
15;26183;2019-04-11 16:34:55.0;
15;26184;2019-04-11 16:35:01.0;
15;26183.5;2019-04-11 16:35:04.0;
15;26186.5;2019-04-11 16:35:07.0;
15;26185;2019-04-11 16:35:18.0;
15;26187.5;2019-04-11 16:35:19.0;
15;26190;2019-04-11 16:35:24.0;
15;26189.5;2019-04-11 16:35:40.0;
15;26190.5;2019-04-11 16:35:44.0;
15;26187;2019-04-11 16:36:04.0;
15;26184.5;2019-04-11 16:36:10.0;
15;26183.5;2019-04-11 16:36:17.0;
15;26182;2019-04-11 16:36:21.0;
15;26183.5;2019-04-11 16:36:22.0;
15;26182;2019-04-11 16:36:24.0;
15;26183;2019-04-11 16:36:25.0;
15;26185;2019-04-11 16:36:29.0;
15;26182.5;2019-04-11 16:36:31.0;
15;26183;2019-04-11 16:36:37.0;
15;26185;2019-04-11 16:36:40.0;
15;26186;2019-04-11 16:36:51.0;
15;26186.5;2019-04-11 16:36:55.0;
15;26189.5;2019-04-11 16:37:01.0;
15;26190.5;2019-04-11 16:37:07.0;
15;26189.5;2019-04-11 16:37:08.0;
15;26190.5;2019-04-11 16:37:10.0;
15;26192.5;2019-04-11 16:37:14.0;
15;26191.5;2019-04-11 16:37:17.0;
15;26189.5;2019-04-11 16:37:21.0;
15;26192;2019-04-11 16:37:33.0;
15;26193.5;2019-04-11 16:37:45.0;
15;26193;2019-04-11 16:37:49.0;
15;26196;2019-04-11 16:38:07.0;
15;26194.5;2019-04-11 16:38:12.0;
15;26198;2019-04-11 16:38:22.0;
15;26197;2019-04-11 16:38:24.0;
15;26199.5;2019-04-11 16:38:26.0;
15;26198.5;2019-04-11 16:38:31.0;
15;26196;2019-04-11 16:38:43.0;
15;26196.5;2019-04-11 16:38:50.0;
15;26196;2019-04-11 16:38:56.0;
15;26195.5;2019-04-11 16:39:01.0;
15;26196;2019-04-11 16:39:09.0;
15;26197;2019-04-11 16:39:13.0;
15;26196;2019-04-11 16:39:16.0;
15;26195;2019-04-11 16:39:21.0;
15;26192.5;2019-04-11 16:39:23.0;
15;26191;2019-04-11 16:39:29.0;
15;26190.5;2019-04-11 16:39:34.0;
15;26190;2019-04-11 16:39:39.0;
15;26189.5;2019-04-11 16:39:45.0;
15;26190.5;2019-04-11 16:39:49.0;
15;26191;2019-04-11 16:40:04.0;
15;26192;2019-04-11 16:40:12.0;
15;26191.5;2019-04-11 16:40:19.0;
15;26192;2019-04-11 16:40:28.0;
15;26189.5;2019-04-11 16:40:39.0;
15;26191.5;2019-04-11 16:40:50.0;
15;26194.5;2019-04-11 16:40:54.0;
15;26193.5;2019-04-11 16:41:02.0;
15;26193;2019-04-11 16:41:05.0;
15;26191.5;2019-04-11 16:41:13.0;
15;26192;2019-04-11 16:41:15.0;
15;26191.5;2019-04-11 16:41:20.0;
15;26191;2019-04-11 16:41:27.0;
15;26194;2019-04-11 16:41:29.0;
15;26198;2019-04-11 16:41:32.0;
15;26196;2019-04-11 16:41:37.0;
15;26195.5;2019-04-11 16:41:41.0;
15;26195;2019-04-11 16:41:44.0;
15;26195.5;2019-04-11 16:41:51.0;
15;26192.5;2019-04-11 16:42:03.0;
15;26193.5;2019-04-11 16:42:11.0;
15;26194.5;2019-04-11 16:42:17.0;
15;26196;2019-04-11 16:42:22.0;
15;26194;2019-04-11 16:42:24.0;
15;26201.5;2019-04-11 16:42:30.0;
15;26203;2019-04-11 16:42:41.0;
15;26201;2019-04-11 16:42:53.0;
15;26204.5;2019-04-11 16:42:56.0;
15;26206.5;2019-04-11 16:43:00.0;
15;26206;2019-04-11 16:43:07.0;
15;26213.5;2019-04-11 16:43:11.0;
15;26211;2019-04-11 16:43:16.0;
15;26210.5;2019-04-11 16:43:19.0;
15;26207.5;2019-04-11 16:43:24.0;
15;26210.5;2019-04-11 16:43:25.0;
15;26207.5;2019-04-11 16:43:27.0;
15;26208.5;2019-04-11 16:43:29.0;
15;26207;2019-04-11 16:43:34.0;
15;26206.5;2019-04-11 16:43:40.0;
15;26206;2019-04-11 16:43:46.0;
15;26203.5;2019-04-11 16:43:50.0;
15;26205;2019-04-11 16:44:03.0;
15;26203;2019-04-11 16:44:09.0;
15;26202;2019-04-11 16:44:11.0;
15;26203.5;2019-04-11 16:44:21.0;
15;26202;2019-04-11 16:44:28.0;
15;26202.5;2019-04-11 16:44:32.0;
15;26202;2019-04-11 16:44:34.0;
15;26202.5;2019-04-11 16:44:42.0;
15;26203.5;2019-04-11 16:44:47.0;
15;26203;2019-04-11 16:44:50.0;
15;26203.5;2019-04-11 16:44:52.0;
15;26203;2019-04-11 16:44:53.0;
15;26203.5;2019-04-11 16:44:56.0;
15;26205;2019-04-11 16:45:02.0;
15;26204;2019-04-11 16:45:07.0;
15;26205;2019-04-11 16:45:11.0;
15;26207.5;2019-04-11 16:45:20.0;
15;26208.5;2019-04-11 16:45:28.0;
15;26209.5;2019-04-11 16:45:37.0;
15;26207;2019-04-11 16:45:43.0;
15;26209.5;2019-04-11 16:45:46.0;
15;26206.5;2019-04-11 16:45:48.0;
15;26205.5;2019-04-11 16:46:09.0;
15;26206;2019-04-11 16:46:16.0;
15;26205.5;2019-04-11 16:46:18.0;
15;26206;2019-04-11 16:46:19.0;
15;26208;2019-04-11 16:46:21.0;
15;26206.5;2019-04-11 16:46:27.0;
15;26209;2019-04-11 16:46:28.0;
15;26206;2019-04-11 16:46:36.0;
15;26207;2019-04-11 16:46:41.0;
15;26207.5;2019-04-11 16:46:45.0;
15;26208.5;2019-04-11 16:46:51.0;
15;26209;2019-04-11 16:46:57.0;
15;26206.5;2019-04-11 16:47:03.0;
15;26209;2019-04-11 16:47:06.0;
15;26204;2019-04-11 16:47:07.0;
15;26202.5;2019-04-11 16:47:13.0;
15;26200.5;2019-04-11 16:47:15.0;
15;26202.5;2019-04-11 16:47:16.0;
15;26200.5;2019-04-11 16:47:18.0;
15;26202;2019-04-11 16:47:19.0;
15;26203;2019-04-11 16:47:27.0;
15;26203.5;2019-04-11 16:47:33.0;
15;26203;2019-04-11 16:47:40.0;
15;26203.5;2019-04-11 16:47:43.0;
15;26203;2019-04-11 16:47:44.0;
15;26203.5;2019-04-11 16:47:46.0;
15;26202;2019-04-11 16:47:50.0;
15;26195.5;2019-04-11 16:48:02.0;
15;26198.5;2019-04-11 16:48:06.0;
15;26195.5;2019-04-11 16:48:07.0;
15;26198.5;2019-04-11 16:48:09.0;
15;26200.5;2019-04-11 16:48:17.0;
15;26202.5;2019-04-11 16:48:19.0;
15;26200.5;2019-04-11 16:48:22.0;
15;26200;2019-04-11 16:48:23.0;
15;26198;2019-04-11 16:48:29.0;
15;26196.5;2019-04-11 16:48:32.0;
15;26197;2019-04-11 16:48:38.0;
15;26196;2019-04-11 16:48:43.0;
15;26193.5;2019-04-11 16:48:50.0;
15;26194;2019-04-11 16:48:54.0;
15;26193.5;2019-04-11 16:48:57.0;
15;26194;2019-04-11 16:48:59.0;
15;26194.5;2019-04-11 16:49:03.0;
15;26196.5;2019-04-11 16:49:09.0;
15;26197.5;2019-04-11 16:49:16.0;
15;26195.5;2019-04-11 16:49:24.0;
15;26198;2019-04-11 16:49:25.0;
15;26195.5;2019-04-11 16:49:26.0;
15;26196.5;2019-04-11 16:49:30.0;
15;26197;2019-04-11 16:49:36.0;
15;26196.5;2019-04-11 16:49:44.0;
15;26197.5;2019-04-11 16:49:50.0;
15;26199.5;2019-04-11 16:50:04.0;
15;26199;2019-04-11 16:50:08.0;
15;26201.5;2019-04-11 16:50:16.0;
15;26203.5;2019-04-11 16:50:22.0;
15;26204.5;2019-04-11 16:50:23.0;
15;26203.5;2019-04-11 16:50:25.0;
15;26204.5;2019-04-11 16:50:26.0;
15;26203.5;2019-04-11 16:50:32.0;
15;26201.5;2019-04-11 16:50:38.0;
15;26202;2019-04-11 16:50:44.0;
15;26200;2019-04-11 16:50:47.0;
15;26202;2019-04-11 16:50:49.0;
15;26200;2019-04-11 16:50:50.0;
15;26202;2019-04-11 16:50:59.0;
15;26200;2019-04-11 16:51:02.0;
15;26202;2019-04-11 16:51:04.0;
15;26200;2019-04-11 16:51:09.0;
15;26202;2019-04-11 16:51:11.0;
15;26200;2019-04-11 16:51:13.0;
15;26197.5;2019-04-11 16:51:14.0;
15;26196;2019-04-11 16:51:20.0;
15;26197;2019-04-11 16:51:24.0;
15;26195.5;2019-04-11 16:51:40.0;
15;26197;2019-04-11 16:51:41.0;
15;26195.5;2019-04-11 16:51:43.0;
15;26197.5;2019-04-11 16:51:46.0;
15;26198;2019-04-11 16:51:48.0;
15;26197.5;2019-04-11 16:52:04.0;
15;26199.5;2019-04-11 16:52:10.0;
15;26200.5;2019-04-11 16:52:22.0;
15;26197;2019-04-11 16:52:25.0;
15;26197.5;2019-04-11 16:52:28.0;
15;26197;2019-04-11 16:52:30.0;
15;26198.5;2019-04-11 16:52:37.0;
15;26199;2019-04-11 16:52:40.0;
15;26200.5;2019-04-11 16:52:43.0;
15;26199;2019-04-11 16:52:44.0;
15;26200.5;2019-04-11 16:52:46.0;
15;26200;2019-04-11 16:52:47.0;
15;26199;2019-04-11 16:52:56.0;
15;26200;2019-04-11 16:52:57.0;
15;26199;2019-04-11 16:52:59.0;
15;26199.5;2019-04-11 16:53:00.0;
15;26198.5;2019-04-11 16:53:05.0;
15;26197.5;2019-04-11 16:53:07.0;
15;26199;2019-04-11 16:53:12.0;
15;26201.5;2019-04-11 16:53:15.0;
15;26202.5;2019-04-11 16:53:21.0;
15;26203.5;2019-04-11 16:53:24.0;
15;26202.5;2019-04-11 16:53:26.0;
15;26202;2019-04-11 16:53:31.0;
15;26198.5;2019-04-11 16:53:35.0;
15;26202;2019-04-11 16:53:36.0;
15;26198.5;2019-04-11 16:53:37.0;
15;26199;2019-04-11 16:53:39.0;
15;26198.5;2019-04-11 16:53:40.0;
15;26199;2019-04-11 16:53:41.0;
15;26197.5;2019-04-11 16:53:43.0;
15;26195.5;2019-04-11 16:53:46.0;
15;26197;2019-04-11 16:54:03.0;
15;26199;2019-04-11 16:54:09.0;
15;26197.5;2019-04-11 16:54:11.0;
15;26199;2019-04-11 16:54:12.0;
15;26197.5;2019-04-11 16:54:14.0;
15;26197;2019-04-11 16:54:23.0;
15;26196.5;2019-04-11 16:54:33.0;
15;26195.5;2019-04-11 16:54:37.0;
15;26194.5;2019-04-11 16:54:40.0;
15;26193.5;2019-04-11 16:54:49.0;
15;26191.5;2019-04-11 16:54:52.0;
15;26193.5;2019-04-11 16:54:53.0;
15;26191.5;2019-04-11 16:54:56.0;
15;26189.5;2019-04-11 16:55:01.0;
15;26190.5;2019-04-11 16:55:07.0;
15;26189;2019-04-11 16:55:09.0;
15;26186.5;2019-04-11 16:55:13.0;
15;26188;2019-04-11 16:55:20.0;
15;26187.5;2019-04-11 16:55:30.0;
15;26186;2019-04-11 16:55:31.0;
15;26185;2019-04-11 16:55:40.0;
15;26191.5;2019-04-11 16:55:52.0;
15;26187;2019-04-11 16:56:06.0;
15;26188;2019-04-11 16:56:12.0;
15;26192;2019-04-11 16:56:17.0;
15;26192.5;2019-04-11 16:56:27.0;
15;26186.5;2019-04-11 16:56:39.0;
15;26187.5;2019-04-11 16:56:47.0;
15;26187;2019-04-11 16:56:55.0;
15;26184.5;2019-04-11 16:56:58.0;
15;26187.5;2019-04-11 16:57:00.0;
15;26186.5;2019-04-11 16:57:09.0;
15;26187;2019-04-11 16:57:13.0;
15;26186.5;2019-04-11 16:57:14.0;
15;26191.5;2019-04-11 16:57:16.0;
15;26192.5;2019-04-11 16:57:21.0;
15;26193;2019-04-11 16:57:33.0;
15;26196.5;2019-04-11 16:57:35.0;
15;26193;2019-04-11 16:57:36.0;
15;26196.5;2019-04-11 16:57:38.0;
15;26195.5;2019-04-11 16:57:40.0;
15;26197.5;2019-04-11 16:57:44.0;
15;26197;2019-04-11 16:58:04.0;
15;26197.5;2019-04-11 16:58:05.0;
15;26195;2019-04-11 16:58:08.0;
15;26193;2019-04-11 16:58:12.0;
15;26195;2019-04-11 16:58:13.0;
15;26193;2019-04-11 16:58:14.0;
15;26194.5;2019-04-11 16:58:19.0;
15;26193;2019-04-11 16:58:22.0;
15;26194.5;2019-04-11 16:58:23.0;
15;26195.5;2019-04-11 16:58:25.0;
15;26197;2019-04-11 16:58:30.0;
15;26197.5;2019-04-11 16:58:32.0;
15;26198;2019-04-11 16:58:38.0;
15;26197;2019-04-11 16:58:41.0;
15;26194;2019-04-11 16:58:43.0;
15;26197;2019-04-11 16:58:44.0;
15;26194;2019-04-11 16:58:45.0;
15;26194.5;2019-04-11 16:58:49.0;
15;26193.5;2019-04-11 16:58:54.0;
15;26192.5;2019-04-11 16:58:58.0;
15;26195.5;2019-04-11 16:59:06.0;
15;26196;2019-04-11 16:59:22.0;
15;26195.5;2019-04-11 16:59:24.0;
15;26196;2019-04-11 16:59:25.0;
15;26195.5;2019-04-11 16:59:28.0;
15;26197;2019-04-11 16:59:31.0;
15;26195.5;2019-04-11 16:59:32.0;
15;26197;2019-04-11 16:59:35.0;
15;26198.5;2019-04-11 16:59:50.0;
15;26202.5;2019-04-11 17:00:03.0;
15;26198.5;2019-04-11 17:00:05.0;
15;26202.5;2019-04-11 17:00:08.0;
15;26198.5;2019-04-11 17:00:09.0;
15;26197.5;2019-04-11 17:00:15.0;
15;26199;2019-04-11 17:00:21.0;
15;26197.5;2019-04-11 17:00:23.0;
15;26199;2019-04-11 17:00:24.0;
15;26202;2019-04-11 17:00:29.0;
15;26200.5;2019-04-11 17:00:32.0;
15;26202;2019-04-11 17:00:33.0;
15;26200.5;2019-04-11 17:00:34.0;
15;26202.5;2019-04-11 17:00:38.0;
15;26203.5;2019-04-11 17:00:41.0;
15;26200.5;2019-04-11 17:00:48.0;
15;26200;2019-04-11 17:00:55.0;
15;26200.5;2019-04-11 17:00:57.0;
15;26202.5;2019-04-11 17:00:58.0;
15;26203;2019-04-11 17:01:05.0;
15;26203.5;2019-04-11 17:01:11.0;
15;26202.5;2019-04-11 17:01:15.0;
15;26202;2019-04-11 17:01:20.0;
15;26201.5;2019-04-11 17:01:24.0;
15;26202.5;2019-04-11 17:01:30.0;
15;26204;2019-04-11 17:01:33.0;
15;26203.5;2019-04-11 17:01:39.0;
15;26202.5;2019-04-11 17:01:40.0;
15;26203;2019-04-11 17:01:48.0;
15;26199.5;2019-04-11 17:01:50.0;
15;26196;2019-04-11 17:02:06.0;
15;26194.5;2019-04-11 17:02:08.0;
15;26196;2019-04-11 17:02:11.0;
15;26195.5;2019-04-11 17:02:12.0;
15;26192.5;2019-04-11 17:02:18.0;
15;26191;2019-04-11 17:02:19.0;
15;26190.5;2019-04-11 17:02:29.0;
15;26191;2019-04-11 17:02:31.0;
15;26191.5;2019-04-11 17:02:32.0;
15;26190.5;2019-04-11 17:02:36.0;
15;26189.5;2019-04-11 17:02:42.0;
15;26190.5;2019-04-11 17:02:47.0;
15;26189.5;2019-04-11 17:02:49.0;
15;26190.5;2019-04-11 17:02:50.0;
15;26191.5;2019-04-11 17:02:57.0;
15;26190;2019-04-11 17:02:59.0;
15;26190.5;2019-04-11 17:03:04.0;
15;26191.5;2019-04-11 17:03:13.0;
15;26192;2019-04-11 17:03:15.0;
15;26191.5;2019-04-11 17:03:16.0;
15;26192;2019-04-11 17:03:17.0;
15;26189.5;2019-04-11 17:03:19.0;
15;26186.5;2019-04-11 17:03:24.0;
15;26185.5;2019-04-11 17:03:29.0;
15;26179;2019-04-11 17:03:34.0;
15;26178.5;2019-04-11 17:03:35.0;
15;26183.5;2019-04-11 17:04:05.0;
15;26181.5;2019-04-11 17:04:06.0;
15;26179;2019-04-11 17:04:10.0;
15;26178.5;2019-04-11 17:04:15.0;
15;26179;2019-04-11 17:04:17.0;
15;26178.5;2019-04-11 17:04:18.0;
15;26181.5;2019-04-11 17:04:23.0;
15;26183.5;2019-04-11 17:04:26.0;
15;26183;2019-04-11 17:04:31.0;
15;26182.5;2019-04-11 17:04:34.0;
15;26184.5;2019-04-11 17:04:44.0;
15;26187;2019-04-11 17:04:49.0;
15;26189.5;2019-04-11 17:04:55.0;
15;26190.5;2019-04-11 17:04:58.0;
15;26192;2019-04-11 17:05:03.0;
15;26190.5;2019-04-11 17:05:08.0;
15;26190;2019-04-11 17:05:11.0;
15;26190.5;2019-04-11 17:05:14.0;
15;26189.5;2019-04-11 17:05:17.0;
15;26190;2019-04-11 17:05:22.0;
15;26188;2019-04-11 17:05:27.0;
15;26188.5;2019-04-11 17:05:36.0;
15;26189.5;2019-04-11 17:05:40.0;
15;26190.5;2019-04-11 17:05:42.0;
15;26189.5;2019-04-11 17:05:44.0;
15;26190.5;2019-04-11 17:05:45.0;
15;26189.5;2019-04-11 17:05:47.0;
15;26190.5;2019-04-11 17:06:11.0;
15;26191;2019-04-11 17:06:15.0;
15;26190.5;2019-04-11 17:06:17.0;
15;26191;2019-04-11 17:06:19.0;
15;26191.5;2019-04-11 17:06:21.0;
15;26191;2019-04-11 17:06:22.0;
15;26191.5;2019-04-11 17:06:25.0;
15;26191;2019-04-11 17:06:28.0;
15;26190.5;2019-04-11 17:06:34.0;
15;26188.5;2019-04-11 17:06:44.0;
15;26191;2019-04-11 17:06:48.0;
15;26188.5;2019-04-11 17:06:50.0;
15;26191;2019-04-11 17:06:51.0;
15;26190;2019-04-11 17:06:53.0;
15;26190.5;2019-04-11 17:06:59.0;
15;26191.5;2019-04-11 17:07:03.0;
15;26189.5;2019-04-11 17:07:09.0;
15;26189;2019-04-11 17:07:16.0;
15;26190.5;2019-04-11 17:07:23.0;
15;26191.5;2019-04-11 17:07:38.0;
15;26190.5;2019-04-11 17:07:39.0;
15;26191.5;2019-04-11 17:07:42.0;
15;26194;2019-04-11 17:07:44.0;
15;26193.5;2019-04-11 17:07:47.0;
15;26194.5;2019-04-11 17:08:03.0;
15;26193.5;2019-04-11 17:08:04.0;
15;26194.5;2019-04-11 17:08:06.0;
15;26193.5;2019-04-11 17:08:09.0;
15;26193;2019-04-11 17:08:14.0;
15;26194.5;2019-04-11 17:08:20.0;
15;26196.5;2019-04-11 17:08:23.0;
15;26194.5;2019-04-11 17:08:29.0;
15;26194;2019-04-11 17:08:39.0;
15;26193.5;2019-04-11 17:08:44.0;
15;26194;2019-04-11 17:08:47.0;
15;26196.5;2019-04-11 17:08:53.0;
15;26196;2019-04-11 17:08:56.0;
15;26199;2019-04-11 17:09:13.0;
15;26198.5;2019-04-11 17:09:16.0;
15;26196.5;2019-04-11 17:09:33.0;
15;26197;2019-04-11 17:09:40.0;
15;26199;2019-04-11 17:09:43.0;
15;26197;2019-04-11 17:09:46.0;
15;26199;2019-04-11 17:09:48.0;
15;26200.5;2019-04-11 17:10:03.0;
15;26201.5;2019-04-11 17:10:11.0;
15;26200.5;2019-04-11 17:10:17.0;
15;26198;2019-04-11 17:10:27.0;
15;26200.5;2019-04-11 17:10:28.0;
15;26198;2019-04-11 17:10:30.0;
15;26197.5;2019-04-11 17:10:31.0;
15;26198.5;2019-04-11 17:10:36.0;
15;26199.5;2019-04-11 17:10:40.0;
15;26198.5;2019-04-11 17:10:44.0;
15;26197;2019-04-11 17:10:50.0;
15;26196.5;2019-04-11 17:10:51.0;
15;26195.5;2019-04-11 17:10:59.0;
15;26196.5;2019-04-11 17:11:03.0;
15;26194.5;2019-04-11 17:11:13.0;
15;26195;2019-04-11 17:11:16.0;
15;26195.5;2019-04-11 17:11:20.0;
15;26194.5;2019-04-11 17:11:29.0;
15;26196;2019-04-11 17:11:34.0;
15;26195.5;2019-04-11 17:11:40.0;
15;26194.5;2019-04-11 17:11:45.0;
15;26195;2019-04-11 17:11:48.0;
15;26196.5;2019-04-11 17:12:05.0;
15;26197;2019-04-11 17:12:09.0;
15;26195;2019-04-11 17:12:15.0;
15;26191.5;2019-04-11 17:12:21.0;
15;26195;2019-04-11 17:12:22.0;
15;26190.5;2019-04-11 17:12:24.0;
15;26194.5;2019-04-11 17:12:31.0;
15;26192.5;2019-04-11 17:12:36.0;
15;26194.5;2019-04-11 17:12:37.0;
15;26192.5;2019-04-11 17:12:40.0;
15;26192;2019-04-11 17:12:41.0;
15;26193;2019-04-11 17:12:44.0;
15;26195.5;2019-04-11 17:12:50.0;
15;26196;2019-04-11 17:12:52.0;
15;26195.5;2019-04-11 17:12:54.0;
15;26196.5;2019-04-11 17:12:56.0;
15;26197.5;2019-04-11 17:13:00.0;
15;26198.5;2019-04-11 17:13:04.0;
15;26199;2019-04-11 17:13:08.0;
15;26196.5;2019-04-11 17:13:12.0;
15;26198;2019-04-11 17:13:18.0;
15;26196;2019-04-11 17:13:21.0;
15;26198.5;2019-04-11 17:13:24.0;
15;26198;2019-04-11 17:13:28.0;
15;26197.5;2019-04-11 17:13:32.0;
15;26198;2019-04-11 17:13:33.0;
15;26196;2019-04-11 17:13:35.0;
15;26197;2019-04-11 17:13:48.0;
15;26196;2019-04-11 17:13:49.0;
15;26197;2019-04-11 17:13:52.0;
15;26196;2019-04-11 17:14:04.0;
15;26197;2019-04-11 17:14:05.0;
15;26196;2019-04-11 17:14:06.0;
15;26198.5;2019-04-11 17:14:15.0;
15;26195.5;2019-04-11 17:14:20.0;
15;26194.5;2019-04-11 17:14:26.0;
15;26194;2019-04-11 17:14:28.0;
15;26193;2019-04-11 17:14:36.0;
15;26194.5;2019-04-11 17:14:44.0;
15;26194;2019-04-11 17:14:50.0;
15;26196.5;2019-04-11 17:14:53.0;
15;26197.5;2019-04-11 17:15:01.0;
15;26196.5;2019-04-11 17:15:03.0;
15;26194;2019-04-11 17:15:08.0;
15;26196.5;2019-04-11 17:15:13.0;
15;26195.5;2019-04-11 17:15:16.0;
15;26197;2019-04-11 17:15:23.0;
15;26197.5;2019-04-11 17:15:29.0;
15;26198;2019-04-11 17:15:33.0;
15;26197.5;2019-04-11 17:15:36.0;
15;26198;2019-04-11 17:15:37.0;
15;26197.5;2019-04-11 17:15:39.0;
15;26195.5;2019-04-11 17:15:40.0;
15;26194.5;2019-04-11 17:15:46.0;
15;26199.5;2019-04-11 17:16:07.0;
15;26197.5;2019-04-11 17:16:09.0;
15;26198;2019-04-11 17:16:12.0;
15;26196.5;2019-04-11 17:16:18.0;
15;26197;2019-04-11 17:16:23.0;
15;26196.5;2019-04-11 17:16:24.0;
15;26197;2019-04-11 17:16:26.0;
15;26197.5;2019-04-11 17:16:29.0;
15;26196.5;2019-04-11 17:16:35.0;
15;26199.5;2019-04-11 17:16:41.0;
15;26199;2019-04-11 17:16:44.0;
15;26199.5;2019-04-11 17:16:45.0;
15;26199;2019-04-11 17:16:47.0;
15;26199.5;2019-04-11 17:16:48.0;
15;26201.5;2019-04-11 17:16:51.0;
15;26198;2019-04-11 17:17:02.0;
15;26196.5;2019-04-11 17:17:04.0;
15;26197.5;2019-04-11 17:17:08.0;
15;26199;2019-04-11 17:17:10.0;
15;26198;2019-04-11 17:17:19.0;
15;26195.5;2019-04-11 17:17:20.0;
15;26195;2019-04-11 17:17:31.0;
15;26194.5;2019-04-11 17:17:38.0;
15;26191;2019-04-11 17:18:05.0;
15;26194.5;2019-04-11 17:18:07.0;
15;26192;2019-04-11 17:18:08.0;
15;26194.5;2019-04-11 17:18:16.0;
15;26195;2019-04-11 17:18:19.0;
15;26194.5;2019-04-11 17:18:20.0;
15;26195;2019-04-11 17:18:22.0;
15;26195.5;2019-04-11 17:18:23.0;
15;26195;2019-04-11 17:18:29.0;
15;26191.5;2019-04-11 17:18:35.0;
15;26189.5;2019-04-11 17:18:43.0;
15;26190.5;2019-04-11 17:18:49.0;
15;26187.5;2019-04-11 17:18:51.0;
15;26185.5;2019-04-11 17:18:58.0;
15;26184.5;2019-04-11 17:19:07.0;
15;26187.5;2019-04-11 17:19:13.0;
15;26189.5;2019-04-11 17:19:20.0;
15;26187.5;2019-04-11 17:19:27.0;
15;26191.5;2019-04-11 17:19:32.0;
15;26190.5;2019-04-11 17:19:35.0;
15;26187.5;2019-04-11 17:19:41.0;
15;26188;2019-04-11 17:19:42.0;
15;26189;2019-04-11 17:19:48.0;
15;26188.5;2019-04-11 17:20:04.0;
15;26187.5;2019-04-11 17:20:12.0;
15;26188.5;2019-04-11 17:20:19.0;
15;26190.5;2019-04-11 17:20:20.0;
15;26188.5;2019-04-11 17:20:22.0;
15;26188;2019-04-11 17:20:24.0;
15;26190.5;2019-04-11 17:20:32.0;
15;26188;2019-04-11 17:20:46.0;
15;26189.5;2019-04-11 17:20:48.0;
15;26190;2019-04-11 17:20:58.0;
15;26186.5;2019-04-11 17:21:04.0;
15;26187.5;2019-04-11 17:21:09.0;
15;26187;2019-04-11 17:21:12.0;
15;26187.5;2019-04-11 17:21:13.0;
15;26187;2019-04-11 17:21:15.0;
15;26185.5;2019-04-11 17:21:16.0;
15;26187.5;2019-04-11 17:21:26.0;
15;26189;2019-04-11 17:21:29.0;
15;26188;2019-04-11 17:21:32.0;
15;26189;2019-04-11 17:21:33.0;
15;26188;2019-04-11 17:21:34.0;
15;26189.5;2019-04-11 17:21:36.0;
15;26187.5;2019-04-11 17:21:39.0;
15;26189.5;2019-04-11 17:21:41.0;
15;26189;2019-04-11 17:21:42.0;
15;26186;2019-04-11 17:22:05.0;
15;26186.5;2019-04-11 17:22:08.0;
15;26184.5;2019-04-11 17:22:18.0;
15;26184;2019-04-11 17:22:20.0;
15;26183.5;2019-04-11 17:22:25.0;
15;26184;2019-04-11 17:22:32.0;
15;26183.5;2019-04-11 17:22:33.0;
15;26184;2019-04-11 17:22:35.0;
15;26179.5;2019-04-11 17:22:37.0;
15;26181;2019-04-11 17:22:39.0;
15;26179.5;2019-04-11 17:22:43.0;
15;26181.5;2019-04-11 17:22:50.0;
15;26182;2019-04-11 17:22:55.0;
15;26182.5;2019-04-11 17:23:04.0;
15;26185.5;2019-04-11 17:23:08.0;
15;26182.5;2019-04-11 17:23:10.0;
15;26186;2019-04-11 17:23:11.0;
15;26184.5;2019-04-11 17:23:19.0;
15;26183.5;2019-04-11 17:23:23.0;
15;26185;2019-04-11 17:23:30.0;
15;26184.5;2019-04-11 17:23:31.0;
15;26185;2019-04-11 17:23:32.0;
15;26184.5;2019-04-11 17:23:34.0;
15;26186;2019-04-11 17:23:35.0;
15;26185.5;2019-04-11 17:23:40.0;
15;26183.5;2019-04-11 17:23:42.0;
15;26182.5;2019-04-11 17:23:49.0;
15;26180;2019-04-11 17:24:05.0;
15;26182;2019-04-11 17:24:09.0;
15;26182.5;2019-04-11 17:24:12.0;
15;26182;2019-04-11 17:24:13.0;
15;26182.5;2019-04-11 17:24:15.0;
15;26183.5;2019-04-11 17:24:19.0;
15;26178.5;2019-04-11 17:24:32.0;
15;26178;2019-04-11 17:24:43.0;
15;26179;2019-04-11 17:24:44.0;
15;26178.5;2019-04-11 17:24:53.0;
15;26180;2019-04-11 17:24:55.0;
15;26179.5;2019-04-11 17:25:01.0;
15;26180;2019-04-11 17:25:03.0;
15;26179;2019-04-11 17:25:04.0;
15;26179.5;2019-04-11 17:25:11.0;
15;26175;2019-04-11 17:25:16.0;
15;26174.5;2019-04-11 17:25:19.0;
15;26176;2019-04-11 17:25:24.0;
15;26176.5;2019-04-11 17:25:34.0;
15;26177;2019-04-11 17:25:41.0;
15;26180.5;2019-04-11 17:25:47.0;
15;26182.5;2019-04-11 17:26:03.0;
15;26180.5;2019-04-11 17:26:07.0;
15;26182.5;2019-04-11 17:26:08.0;
15;26180.5;2019-04-11 17:26:10.0;
15;26178;2019-04-11 17:26:26.0;
15;26180.5;2019-04-11 17:26:31.0;
15;26180;2019-04-11 17:26:38.0;
15;26180.5;2019-04-11 17:26:39.0;
15;26182;2019-04-11 17:26:46.0;
15;26181.5;2019-04-11 17:26:50.0;
15;26181;2019-04-11 17:26:56.0;
15;26180.5;2019-04-11 17:27:02.0;
15;26181.5;2019-04-11 17:27:04.0;
15;26181;2019-04-11 17:27:11.0;
15;26180;2019-04-11 17:27:17.0;
15;26178;2019-04-11 17:27:21.0;
15;26180.5;2019-04-11 17:27:24.0;
15;26178;2019-04-11 17:27:25.0;
15;26180.5;2019-04-11 17:27:27.0;
15;26179.5;2019-04-11 17:27:28.0;
15;26180.5;2019-04-11 17:27:33.0;
15;26180;2019-04-11 17:27:38.0;
15;26180.5;2019-04-11 17:27:40.0;
15;26180;2019-04-11 17:27:48.0;
15;26182;2019-04-11 17:28:03.0;
15;26180.5;2019-04-11 17:28:12.0;
15;26177.5;2019-04-11 17:28:19.0;
15;26180.5;2019-04-11 17:28:20.0;
15;26178.5;2019-04-11 17:28:22.0;
15;26178;2019-04-11 17:28:31.0;
15;26178.5;2019-04-11 17:28:34.0;
15;26177.5;2019-04-11 17:28:40.0;
15;26175.5;2019-04-11 17:28:47.0;
15;26175;2019-04-11 17:28:52.0;
15;26179;2019-04-11 17:28:54.0;
15;26175;2019-04-11 17:28:57.0;
15;26179.5;2019-04-11 17:28:58.0;
15;26179;2019-04-11 17:28:59.0;
15;26179.5;2019-04-11 17:29:01.0;
15;26180;2019-04-11 17:29:03.0;
15;26179.5;2019-04-11 17:29:04.0;
15;26180;2019-04-11 17:29:06.0;
15;26180.5;2019-04-11 17:29:08.0;
15;26180;2019-04-11 17:29:15.0;
15;26181.5;2019-04-11 17:29:18.0;
15;26182.5;2019-04-11 17:29:23.0;
15;26183.5;2019-04-11 17:29:33.0;
15;26182.5;2019-04-11 17:29:35.0;
15;26181.5;2019-04-11 17:29:41.0;
15;26179.5;2019-04-11 17:29:44.0;
15;26180;2019-04-11 17:29:47.0;
15;26179.5;2019-04-11 17:30:07.0;
15;26176.5;2019-04-11 17:30:09.0;
15;26173;2019-04-11 17:30:13.0;
15;26174.5;2019-04-11 17:30:15.0;
15;26173;2019-04-11 17:30:17.0;
15;26171;2019-04-11 17:30:18.0;
15;26169.5;2019-04-11 17:30:25.0;
15;26170.5;2019-04-11 17:30:30.0;
15;26170;2019-04-11 17:30:32.0;
15;26166.5;2019-04-11 17:30:40.0;
15;26170;2019-04-11 17:30:41.0;
15;26166.5;2019-04-11 17:30:42.0;
15;26165.5;2019-04-11 17:30:53.0;
15;26166.5;2019-04-11 17:30:56.0;
15;26167;2019-04-11 17:31:04.0;
15;26168.5;2019-04-11 17:31:09.0;
15;26170.5;2019-04-11 17:31:16.0;
15;26173;2019-04-11 17:31:27.0;
15;26172.5;2019-04-11 17:31:31.0;
15;26171.5;2019-04-11 17:31:37.0;
15;26173;2019-04-11 17:32:04.0;
15;26172.5;2019-04-11 17:32:09.0;
15;26170.5;2019-04-11 17:32:16.0;
15;26171.5;2019-04-11 17:32:30.0;
15;26171;2019-04-11 17:32:31.0;
15;26170.5;2019-04-11 17:32:37.0;
15;26169;2019-04-11 17:32:40.0;
15;26170;2019-04-11 17:32:45.0;
15;26169;2019-04-11 17:32:48.0;
15;26167;2019-04-11 17:32:51.0;
15;26169;2019-04-11 17:32:54.0;
15;26167.5;2019-04-11 17:32:56.0;
15;26168.5;2019-04-11 17:33:03.0;
15;26167.5;2019-04-11 17:33:07.0;
15;26165.5;2019-04-11 17:33:12.0;
15;26167.5;2019-04-11 17:33:13.0;
15;26165.5;2019-04-11 17:33:15.0;
15;26166.5;2019-04-11 17:33:22.0;
15;26167.5;2019-04-11 17:33:23.0;
15;26165.5;2019-04-11 17:33:35.0;
15;26164.5;2019-04-11 17:33:39.0;
15;26166.5;2019-04-11 17:33:44.0;
15;26165.5;2019-04-11 17:34:13.0;
15;26163.5;2019-04-11 17:34:19.0;
15;26165.5;2019-04-11 17:34:20.0;
15;26163.5;2019-04-11 17:34:22.0;
15;26166.5;2019-04-11 17:34:25.0;
15;26163.5;2019-04-11 17:34:26.0;
15;26167;2019-04-11 17:34:28.0;
15;26167.5;2019-04-11 17:34:34.0;
15;26168.5;2019-04-11 17:34:37.0;
15;26167.5;2019-04-11 17:34:53.0;
15;26167;2019-04-11 17:34:54.0;
15;26167.5;2019-04-11 17:35:00.0;
15;26166.5;2019-04-11 17:35:07.0;
15;26167.5;2019-04-11 17:35:08.0;
15;26166.5;2019-04-11 17:35:10.0;
15;26168.5;2019-04-11 17:35:12.0;
15;26167;2019-04-11 17:35:16.0;
15;26168;2019-04-11 17:35:19.0;
15;26166.5;2019-04-11 17:35:28.0;
15;26166;2019-04-11 17:35:33.0;
15;26166.5;2019-04-11 17:35:35.0;
15;26169.5;2019-04-11 17:35:37.0;
15;26166.5;2019-04-11 17:35:39.0;
15;26169.5;2019-04-11 17:35:40.0;
15;26166.5;2019-04-11 17:35:41.0;
15;26168.5;2019-04-11 17:35:47.0;
15;26170;2019-04-11 17:36:03.0;
15;26170.5;2019-04-11 17:36:08.0;
15;26171.5;2019-04-11 17:36:12.0;
15;26172.5;2019-04-11 17:36:27.0;
15;26171.5;2019-04-11 17:36:32.0;
15;26169;2019-04-11 17:36:38.0;
15;26169.5;2019-04-11 17:36:44.0;
15;26167.5;2019-04-11 17:36:50.0;
15;26168;2019-04-11 17:36:58.0;
15;26169;2019-04-11 17:37:06.0;
15;26169.5;2019-04-11 17:37:10.0;
15;26171;2019-04-11 17:37:14.0;
15;26172;2019-04-11 17:37:19.0;
15;26171.5;2019-04-11 17:37:25.0;
15;26172.5;2019-04-11 17:37:30.0;
15;26171.5;2019-04-11 17:37:37.0;
15;26172;2019-04-11 17:37:38.0;
15;26171.5;2019-04-11 17:37:42.0;
15;26172;2019-04-11 17:37:43.0;
15;26171.5;2019-04-11 17:37:51.0;
15;26172;2019-04-11 17:38:04.0;
15;26171.5;2019-04-11 17:38:08.0;
15;26169.5;2019-04-11 17:38:15.0;
15;26166.5;2019-04-11 17:38:19.0;
15;26167;2019-04-11 17:38:37.0;
15;26167.5;2019-04-11 17:38:40.0;
15;26166.5;2019-04-11 17:38:43.0;
15;26165.5;2019-04-11 17:38:48.0;
15;26166;2019-04-11 17:38:52.0;
15;26165.5;2019-04-11 17:38:59.0;
15;26165;2019-04-11 17:39:09.0;
15;26163;2019-04-11 17:39:12.0;
15;26165;2019-04-11 17:39:13.0;
15;26162.5;2019-04-11 17:39:15.0;
15;26157.5;2019-04-11 17:39:20.0;
15;26159.5;2019-04-11 17:39:26.0;
15;26159;2019-04-11 17:39:27.0;
15;26157;2019-04-11 17:39:31.0;
15;26154.5;2019-04-11 17:39:37.0;
15;26155;2019-04-11 17:39:39.0;
15;26154.5;2019-04-11 17:39:40.0;
15;26155;2019-04-11 17:39:42.0;
15;26153.5;2019-04-11 17:39:46.0;
15;26154;2019-04-11 17:39:47.0;
15;26153.5;2019-04-11 17:39:48.0;
15;26154;2019-04-11 17:39:50.0;
15;26152.5;2019-04-11 17:40:04.0;
15;26140.5;2019-04-11 17:40:10.0;
15;26131.5;2019-04-11 17:40:11.0;
15;26136.5;2019-04-11 17:40:18.0;
15;26132;2019-04-11 17:40:20.0;
15;26136.5;2019-04-11 17:40:21.0;
15;26135.5;2019-04-11 17:40:26.0;
15;26127.5;2019-04-11 17:40:32.0;
15;26125.5;2019-04-11 17:40:36.0;
15;26113;2019-04-11 17:40:39.0;
15;26112.5;2019-04-11 17:40:44.0;
15;26105.5;2019-04-11 17:40:46.0;
15;26108.5;2019-04-11 17:40:50.0;
15;26111;2019-04-11 17:40:55.0;
15;26108.5;2019-04-11 17:40:56.0;
15;26109.5;2019-04-11 17:40:58.0;
15;26092;2019-04-11 17:41:03.0;
15;26092.5;2019-04-11 17:41:09.0;
15;26091;2019-04-11 17:41:11.0;
15;26095.5;2019-04-11 17:41:18.0;
15;26091.5;2019-04-11 17:41:22.0;
15;26095.5;2019-04-11 17:41:30.0;
15;26097;2019-04-11 17:41:35.0;
15;26101;2019-04-11 17:41:40.0;
15;26101.5;2019-04-11 17:41:44.0;
15;26105.5;2019-04-11 17:42:03.0;
15;26104;2019-04-11 17:42:09.0;
15;26105.5;2019-04-11 17:42:10.0;
15;26104.5;2019-04-11 17:42:12.0;
15;26100.5;2019-04-11 17:42:15.0;
15;26099.5;2019-04-11 17:42:19.0;
15;26095.5;2019-04-11 17:42:27.0;
15;26093.5;2019-04-11 17:42:29.0;
15;26091;2019-04-11 17:42:35.0;
15;26093;2019-04-11 17:42:36.0;
15;26091;2019-04-11 17:42:37.0;
15;26094;2019-04-11 17:42:40.0;
15;26091.5;2019-04-11 17:42:47.0;
15;26094;2019-04-11 17:42:49.0;
15;26091.5;2019-04-11 17:42:51.0;
15;26095;2019-04-11 17:42:59.0;
15;26092;2019-04-11 17:43:05.0;
15;26089.5;2019-04-11 17:43:11.0;
15;26087;2019-04-11 17:43:14.0;
15;26092.5;2019-04-11 17:43:17.0;
15;26096.5;2019-04-11 17:43:20.0;
15;26092.5;2019-04-11 17:43:21.0;
15;26093;2019-04-11 17:43:23.0;
15;26092.5;2019-04-11 17:43:30.0;
15;26095.5;2019-04-11 17:43:35.0;
15;26094;2019-04-11 17:43:37.0;
15;26095.5;2019-04-11 17:43:38.0;
15;26094.5;2019-04-11 17:43:43.0;
15;26095.5;2019-04-11 17:43:46.0;
15;26096;2019-04-11 17:43:47.0;
15;26095.5;2019-04-11 17:44:04.0;
15;26096;2019-04-11 17:44:06.0;
15;26095.5;2019-04-11 17:44:07.0;
15;26097;2019-04-11 17:44:08.0;
15;26096.5;2019-04-11 17:44:11.0;
15;26098.5;2019-04-11 17:44:18.0;
15;26091.5;2019-04-11 17:44:19.0;
15;26087.5;2019-04-11 17:44:24.0;
15;26085.5;2019-04-11 17:44:28.0;
15;26087.5;2019-04-11 17:44:30.0;
15;26086;2019-04-11 17:44:31.0;
15;26089;2019-04-11 17:44:37.0;
15;26091;2019-04-11 17:44:39.0;
15;26090.5;2019-04-11 17:44:45.0;
15;26092.5;2019-04-11 17:44:48.0;
15;26094.5;2019-04-11 17:44:52.0;
15;26092.5;2019-04-11 17:44:54.0;
15;26094.5;2019-04-11 17:44:55.0;
15;26093.5;2019-04-11 17:44:58.0;
15;26092.5;2019-04-11 17:45:05.0;
15;26091;2019-04-11 17:45:08.0;
15;26092.5;2019-04-11 17:45:09.0;
15;26092;2019-04-11 17:45:12.0;
15;26090.5;2019-04-11 17:45:18.0;
15;26091.5;2019-04-11 17:45:25.0;
15;26092.5;2019-04-11 17:45:31.0;
15;26092;2019-04-11 17:45:32.0;
15;26091.5;2019-04-11 17:45:36.0;
15;26095.5;2019-04-11 17:45:43.0;
15;26098.5;2019-04-11 17:45:44.0;
15;26099.5;2019-04-11 17:45:49.0;
15;26098.5;2019-04-11 17:45:50.0;
15;26099.5;2019-04-11 17:45:52.0;
15;26100.5;2019-04-11 17:46:05.0;
15;26096.5;2019-04-11 17:46:10.0;
15;26100.5;2019-04-11 17:46:12.0;
15;26096.5;2019-04-11 17:46:14.0;
15;26093;2019-04-11 17:46:15.0;
15;26096.5;2019-04-11 17:46:18.0;
15;26093;2019-04-11 17:46:19.0;
15;26094.5;2019-04-11 17:46:21.0;
15;26095;2019-04-11 17:46:25.0;
15;26094.5;2019-04-11 17:46:27.0;
15;26093.5;2019-04-11 17:46:31.0;
15;26094.5;2019-04-11 17:46:33.0;
15;26095;2019-04-11 17:46:34.0;
15;26092;2019-04-11 17:46:42.0;
15;26091;2019-04-11 17:46:43.0;
15;26093.5;2019-04-11 17:46:50.0;
15;26091.5;2019-04-11 17:47:00.0;
15;26091;2019-04-11 17:47:07.0;
15;26094.5;2019-04-11 17:47:10.0;
15;26091;2019-04-11 17:47:11.0;
15;26094.5;2019-04-11 17:47:13.0;
15;26093.5;2019-04-11 17:47:19.0;
15;26096;2019-04-11 17:47:23.0;
15;26095.5;2019-04-11 17:47:30.0;
15;26093.5;2019-04-11 17:47:36.0;
15;26094.5;2019-04-11 17:47:37.0;
15;26093.5;2019-04-11 17:47:39.0;
15;26090.5;2019-04-11 17:47:40.0;
15;26091;2019-04-11 17:47:44.0;
15;26090.5;2019-04-11 17:47:45.0;
15;26091;2019-04-11 17:47:46.0;
15;26092;2019-04-11 17:47:50.0;
15;26093.5;2019-04-11 17:48:03.0;
15;26092;2019-04-11 17:48:05.0;
15;26093.5;2019-04-11 17:48:06.0;
15;26094.5;2019-04-11 17:48:08.0;
15;26094;2019-04-11 17:48:12.0;
15;26095.5;2019-04-11 17:48:24.0;
15;26094.5;2019-04-11 17:48:27.0;
15;26094;2019-04-11 17:48:32.0;
15;26095.5;2019-04-11 17:48:39.0;
15;26098.5;2019-04-11 17:48:48.0;
15;26099.5;2019-04-11 17:48:54.0;
15;26099;2019-04-11 17:49:00.0;
15;26097.5;2019-04-11 17:49:11.0;
15;26096;2019-04-11 17:49:14.0;
15;26093.5;2019-04-11 17:49:16.0;
15;26096;2019-04-11 17:49:18.0;
15;26093.5;2019-04-11 17:49:20.0;
15;26094.5;2019-04-11 17:49:27.0;
15;26097.5;2019-04-11 17:49:38.0;
15;26094.5;2019-04-11 17:49:40.0;
15;26097.5;2019-04-11 17:49:42.0;
15;26097;2019-04-11 17:49:50.0;
15;26094.5;2019-04-11 17:50:03.0;
15;26097;2019-04-11 17:50:05.0;
15;26094.5;2019-04-11 17:50:06.0;
15;26095.5;2019-04-11 17:50:10.0;
15;26096;2019-04-11 17:50:13.0;
15;26094;2019-04-11 17:50:16.0;
15;26098.5;2019-04-11 17:50:20.0;
15;26099.5;2019-04-11 17:50:36.0;
15;26098.5;2019-04-11 17:50:38.0;
15;26099.5;2019-04-11 17:50:39.0;
15;26099;2019-04-11 17:50:41.0;
15;26098.5;2019-04-11 17:50:43.0;
15;26099;2019-04-11 17:50:44.0;
15;26098.5;2019-04-11 17:50:45.0;
15;26101.5;2019-04-11 17:50:51.0;
15;26098.5;2019-04-11 17:50:52.0;
15;26101.5;2019-04-11 17:50:54.0;
15;26102;2019-04-11 17:50:58.0;
15;26100.5;2019-04-11 17:51:01.0;
15;26099.5;2019-04-11 17:51:08.0;
15;26099;2019-04-11 17:51:18.0;
15;26099.5;2019-04-11 17:51:21.0;
15;26099;2019-04-11 17:51:22.0;
15;26099.5;2019-04-11 17:51:31.0;
15;26099;2019-04-11 17:51:42.0;
15;26096.5;2019-04-11 17:51:43.0;
15;26098;2019-04-11 17:51:47.0;
15;26095.5;2019-04-11 17:52:04.0;
15;26093.5;2019-04-11 17:52:09.0;
15;26092;2019-04-11 17:52:14.0;
15;26093;2019-04-11 17:52:17.0;
15;26094;2019-04-11 17:52:21.0;
15;26095.5;2019-04-11 17:52:28.0;
15;26096.5;2019-04-11 17:52:29.0;
15;26095.5;2019-04-11 17:52:32.0;
15;26092;2019-04-11 17:52:34.0;
15;26092.5;2019-04-11 17:52:35.0;
15;26094;2019-04-11 17:52:42.0;
15;26095;2019-04-11 17:52:53.0;
15;26094.5;2019-04-11 17:52:57.0;
15;26094;2019-04-11 17:53:03.0;
15;26093;2019-04-11 17:53:07.0;
15;26092;2019-04-11 17:53:12.0;
15;26094.5;2019-04-11 17:53:19.0;
15;26094;2019-04-11 17:53:23.0;
15;26095.5;2019-04-11 17:53:28.0;
15;26094.5;2019-04-11 17:53:34.0;
15;26095;2019-04-11 17:53:37.0;
15;26095.5;2019-04-11 17:53:42.0;
15;26097;2019-04-11 17:53:47.0;
15;26094.5;2019-04-11 17:54:04.0;
15;26092.5;2019-04-11 17:54:10.0;
15;26093.5;2019-04-11 17:54:12.0;
15;26095.5;2019-04-11 17:54:19.0;
15;26096.5;2019-04-11 17:54:25.0;
15;26097.5;2019-04-11 17:54:26.0;
15;26096.5;2019-04-11 17:54:28.0;
15;26097.5;2019-04-11 17:54:30.0;
15;26096.5;2019-04-11 17:54:36.0;
15;26097;2019-04-11 17:54:40.0;
15;26097.5;2019-04-11 17:54:42.0;
15;26098.5;2019-04-11 17:54:49.0;
15;26098;2019-04-11 17:54:57.0;
15;26095.5;2019-04-11 17:55:03.0;
15;26089.5;2019-04-11 17:55:07.0;
15;26088.5;2019-04-11 17:55:11.0;
15;26089.5;2019-04-11 17:55:13.0;
15;26088.5;2019-04-11 17:55:14.0;
15;26090.5;2019-04-11 17:55:18.0;
15;26093.5;2019-04-11 17:55:26.0;
15;26090.5;2019-04-11 17:55:28.0;
15;26093.5;2019-04-11 17:55:29.0;
15;26094;2019-04-11 17:55:32.0;
15;26096;2019-04-11 17:55:35.0;
15;26097;2019-04-11 17:55:42.0;
15;26098;2019-04-11 17:55:49.0;
15;26103.5;2019-04-11 17:56:03.0;
15;26098;2019-04-11 17:56:04.0;
15;26103.5;2019-04-11 17:56:06.0;
15;26102.5;2019-04-11 17:56:08.0;
15;26104;2019-04-11 17:56:13.0;
15;26106.5;2019-04-11 17:56:17.0;
15;26108;2019-04-11 17:56:28.0;
15;26107.5;2019-04-11 17:56:33.0;
15;26108;2019-04-11 17:56:42.0;
15;26107;2019-04-11 17:56:45.0;
15;26107.5;2019-04-11 17:56:48.0;
15;26106.5;2019-04-11 17:56:51.0;
15;26107.5;2019-04-11 17:56:52.0;
15;26106.5;2019-04-11 17:56:54.0;
15;26105.5;2019-04-11 17:57:05.0;
15;26109.5;2019-04-11 17:57:10.0;
15;26107.5;2019-04-11 17:57:12.0;
15;26110.5;2019-04-11 17:57:15.0;
15;26109.5;2019-04-11 17:57:27.0;
15;26108.5;2019-04-11 17:57:34.0;
15;26110;2019-04-11 17:57:35.0;
15;26110.5;2019-04-11 17:57:43.0;
15;26108.5;2019-04-11 17:58:07.0;
15;26110.5;2019-04-11 17:58:27.0;
15;26112.5;2019-04-11 17:58:32.0;
15;26115;2019-04-11 17:58:36.0;
15;26113.5;2019-04-11 17:58:39.0;
15;26115;2019-04-11 17:58:42.0;
15;26113.5;2019-04-11 17:58:43.0;
15;26112;2019-04-11 17:58:45.0;
15;26108.5;2019-04-11 17:58:47.0;
15;26109.5;2019-04-11 17:59:01.0;
15;26108.5;2019-04-11 17:59:06.0;
15;26106.5;2019-04-11 17:59:12.0;
15;26108.5;2019-04-11 17:59:18.0;
15;26109;2019-04-11 17:59:23.0;
15;26108.5;2019-04-11 17:59:27.0;
15;26106.5;2019-04-11 17:59:33.0;
15;26110.5;2019-04-11 17:59:36.0;
15;26110;2019-04-11 17:59:40.0;
15;26110.5;2019-04-11 17:59:41.0;
15;26110;2019-04-11 17:59:44.0;
15;26110.5;2019-04-11 17:59:45.0;
15;26112;2019-04-11 17:59:50.0;
15;26111.5;2019-04-11 18:00:09.0;
15;26113.5;2019-04-11 18:00:14.0;
15;26110;2019-04-11 18:00:15.0;
15;26108;2019-04-11 18:00:24.0;
15;26109;2019-04-11 18:00:27.0;
15;26108;2019-04-11 18:00:34.0;
15;26108.5;2019-04-11 18:00:36.0;
15;26108;2019-04-11 18:00:40.0;
15;26110;2019-04-11 18:00:47.0;
15;26109.5;2019-04-11 18:00:53.0;
15;26110.5;2019-04-11 18:00:57.0;
15;26111.5;2019-04-11 18:00:58.0;
15;26110.5;2019-04-11 18:01:00.0;
15;26109.5;2019-04-11 18:01:03.0;
15;26110.5;2019-04-11 18:01:17.0;
15;26109.5;2019-04-11 18:01:21.0;
15;26108.5;2019-04-11 18:01:32.0;
15;26111;2019-04-11 18:01:39.0;
15;26112.5;2019-04-11 18:01:48.0;
15;26111;2019-04-11 18:01:49.0;
15;26112.5;2019-04-11 18:01:52.0;
15;26112;2019-04-11 18:02:05.0;
15;26109.5;2019-04-11 18:02:08.0;
15;26109;2019-04-11 18:02:10.0;
15;26109.5;2019-04-11 18:02:17.0;
15;26108.5;2019-04-11 18:02:19.0;
15;26109.5;2019-04-11 18:02:20.0;
15;26108.5;2019-04-11 18:02:22.0;
15;26109;2019-04-11 18:02:23.0;
15;26109.5;2019-04-11 18:02:28.0;
15;26109;2019-04-11 18:02:35.0;
15;26111.5;2019-04-11 18:02:41.0;
15;26109;2019-04-11 18:02:42.0;
15;26111.5;2019-04-11 18:02:44.0;
15;26112.5;2019-04-11 18:02:45.0;
15;26113.5;2019-04-11 18:02:47.0;
15;26112.5;2019-04-11 18:02:48.0;
15;26113.5;2019-04-11 18:02:50.0;
15;26113;2019-04-11 18:02:55.0;
15;26112;2019-04-11 18:03:01.0;
15;26114;2019-04-11 18:03:04.0;
15;26113.5;2019-04-11 18:03:08.0;
15;26112;2019-04-11 18:03:19.0;
15;26112.5;2019-04-11 18:03:29.0;
15;26112;2019-04-11 18:03:32.0;
15;26113;2019-04-11 18:03:37.0;
15;26115.5;2019-04-11 18:03:49.0;
15;26116.5;2019-04-11 18:04:03.0;
15;26115.5;2019-04-11 18:04:12.0;
15;26114.5;2019-04-11 18:04:14.0;
15;26114;2019-04-11 18:04:20.0;
15;26114.5;2019-04-11 18:04:21.0;
15;26113.5;2019-04-11 18:04:23.0;
15;26114;2019-04-11 18:04:24.0;
15;26113.5;2019-04-11 18:04:26.0;
15;26113;2019-04-11 18:04:29.0;
15;26114.5;2019-04-11 18:04:36.0;
15;26113;2019-04-11 18:04:37.0;
15;26112.5;2019-04-11 18:04:49.0;
15;26114.5;2019-04-11 18:04:56.0;
15;26118.5;2019-04-11 18:04:59.0;
15;26114.5;2019-04-11 18:05:01.0;
15;26117.5;2019-04-11 18:05:03.0;
15;26118;2019-04-11 18:05:06.0;
15;26118.5;2019-04-11 18:05:10.0;
15;26117.5;2019-04-11 18:05:16.0;
15;26116;2019-04-11 18:05:22.0;
15;26118;2019-04-11 18:05:25.0;
15;26118.5;2019-04-11 18:05:32.0;
15;26118;2019-04-11 18:05:33.0;
15;26118.5;2019-04-11 18:05:35.0;
15;26116.5;2019-04-11 18:05:41.0;
15;26118.5;2019-04-11 18:05:44.0;
15;26120;2019-04-11 18:05:47.0;
15;26120.5;2019-04-11 18:06:04.0;
15;26122.5;2019-04-11 18:06:13.0;
15;26123.5;2019-04-11 18:06:16.0;
15;26122.5;2019-04-11 18:06:18.0;
15;26124.5;2019-04-11 18:06:19.0;
15;26122.5;2019-04-11 18:06:35.0;
15;26123.5;2019-04-11 18:06:39.0;
15;26123;2019-04-11 18:06:46.0;
15;26122.5;2019-04-11 18:06:49.0;
15;26123;2019-04-11 18:06:54.0;
15;26122.5;2019-04-11 18:06:57.0;
15;26123;2019-04-11 18:06:59.0;
15;26121.5;2019-04-11 18:07:00.0;
15;26127;2019-04-11 18:07:03.0;
15;26121.5;2019-04-11 18:07:04.0;
15;26127;2019-04-11 18:07:06.0;
15;26129;2019-04-11 18:07:12.0;
15;26125.5;2019-04-11 18:07:16.0;
15;26126.5;2019-04-11 18:07:21.0;
15;26127.5;2019-04-11 18:07:28.0;
15;26125.5;2019-04-11 18:07:35.0;
15;26126;2019-04-11 18:07:40.0;
15;26125.5;2019-04-11 18:07:44.0;
15;26121;2019-04-11 18:08:07.0;
15;26118.5;2019-04-11 18:08:08.0;
15;26121;2019-04-11 18:08:16.0;
15;26119.5;2019-04-11 18:08:19.0;
15;26120;2019-04-11 18:08:26.0;
15;26118.5;2019-04-11 18:08:28.0;
15;26117.5;2019-04-11 18:08:37.0;
15;26118;2019-04-11 18:08:41.0;
15;26116;2019-04-11 18:08:47.0;
15;26115.5;2019-04-11 18:08:52.0;
15;26116;2019-04-11 18:08:54.0;
15;26115.5;2019-04-11 18:08:56.0;
15;26117.5;2019-04-11 18:09:03.0;
15;26119.5;2019-04-11 18:09:08.0;
15;26118.5;2019-04-11 18:09:14.0;
15;26119.5;2019-04-11 18:09:15.0;
15;26121.5;2019-04-11 18:09:33.0;
15;26117.5;2019-04-11 18:09:46.0;
15;26117;2019-04-11 18:09:47.0;
15;26117.5;2019-04-11 18:09:48.0;
15;26117;2019-04-11 18:09:51.0;
15;26118.5;2019-04-11 18:10:05.0;
15;26119;2019-04-11 18:10:13.0;
15;26121.5;2019-04-11 18:10:20.0;
15;26120;2019-04-11 18:10:26.0;
15;26120.5;2019-04-11 18:10:32.0;
15;26120;2019-04-11 18:10:34.0;
15;26118;2019-04-11 18:10:40.0;
15;26119;2019-04-11 18:10:43.0;
15;26118.5;2019-04-11 18:10:50.0;
15;26119;2019-04-11 18:10:52.0;
15;26118.5;2019-04-11 18:10:53.0;
15;26116.5;2019-04-11 18:10:54.0;
15;26117;2019-04-11 18:10:58.0;
15;26119;2019-04-11 18:11:03.0;
15;26115.5;2019-04-11 18:11:08.0;
15;26116.5;2019-04-11 18:11:11.0;
15;26115.5;2019-04-11 18:11:22.0;
15;26118.5;2019-04-11 18:11:29.0;
15;26119.5;2019-04-11 18:11:33.0;
15;26119;2019-04-11 18:11:34.0;
15;26119.5;2019-04-11 18:11:35.0;
15;26119;2019-04-11 18:11:37.0;
15;26117.5;2019-04-11 18:11:42.0;
15;26115.5;2019-04-11 18:11:47.0;
15;26114;2019-04-11 18:12:05.0;
15;26115.5;2019-04-11 18:12:06.0;
15;26113;2019-04-11 18:12:07.0;
15;26114;2019-04-11 18:12:09.0;
15;26113;2019-04-11 18:12:10.0;
15;26113.5;2019-04-11 18:12:16.0;
15;26113;2019-04-11 18:12:18.0;
15;26113.5;2019-04-11 18:12:19.0;
15;26113;2019-04-11 18:12:20.0;
15;26112.5;2019-04-11 18:12:25.0;
15;26113.5;2019-04-11 18:12:29.0;
15;26113;2019-04-11 18:12:33.0;
15;26111.5;2019-04-11 18:12:35.0;
15;26113;2019-04-11 18:12:37.0;
15;26111.5;2019-04-11 18:12:39.0;
15;26112;2019-04-11 18:12:44.0;
15;26111.5;2019-04-11 18:12:51.0;
15;26112.5;2019-04-11 18:12:59.0;
15;26111;2019-04-11 18:13:10.0;
15;26112;2019-04-11 18:13:18.0;
15;26110;2019-04-11 18:13:24.0;
15;26108;2019-04-11 18:13:30.0;
15;26109.5;2019-04-11 18:13:36.0;
15;26111;2019-04-11 18:13:43.0;
15;26111.5;2019-04-11 18:13:47.0;
15;26113;2019-04-11 18:14:03.0;
15;26112;2019-04-11 18:14:07.0;
15;26113;2019-04-11 18:14:08.0;
15;26112;2019-04-11 18:14:10.0;
15;26112.5;2019-04-11 18:14:11.0;
15;26114.5;2019-04-11 18:14:19.0;
15;26116;2019-04-11 18:14:25.0;
15;26115.5;2019-04-11 18:14:27.0;
15;26115;2019-04-11 18:14:33.0;
15;26115.5;2019-04-11 18:14:37.0;
15;26118;2019-04-11 18:14:49.0;
15;26119.5;2019-04-11 18:14:54.0;
15;26120;2019-04-11 18:15:00.0;
15;26119.5;2019-04-11 18:15:01.0;
15;26118.5;2019-04-11 18:15:03.0;
15;26120;2019-04-11 18:15:05.0;
15;26118.5;2019-04-11 18:15:06.0;
15;26116.5;2019-04-11 18:15:13.0;
15;26117.5;2019-04-11 18:15:16.0;
15;26116;2019-04-11 18:15:24.0;
15;26114.5;2019-04-11 18:15:27.0;
15;26115.5;2019-04-11 18:15:34.0;
15;26116;2019-04-11 18:15:35.0;
15;26117;2019-04-11 18:15:40.0;
15;26116;2019-04-11 18:15:44.0;
15;26114.5;2019-04-11 18:16:06.0;
15;26116;2019-04-11 18:16:07.0;
15;26114.5;2019-04-11 18:16:08.0;
15;26114;2019-04-11 18:16:11.0;
15;26112.5;2019-04-11 18:16:17.0;
15;26110.5;2019-04-11 18:16:18.0;
15;26113;2019-04-11 18:16:24.0;
15;26113.5;2019-04-11 18:16:29.0;
15;26109.5;2019-04-11 18:16:32.0;
15;26113.5;2019-04-11 18:16:34.0;
15;26109.5;2019-04-11 18:16:35.0;
15;26108.5;2019-04-11 18:16:39.0;
15;26109.5;2019-04-11 18:16:41.0;
15;26108.5;2019-04-11 18:16:42.0;
15;26105.5;2019-04-11 18:16:45.0;
15;26106.5;2019-04-11 18:16:47.0;
15;26108.5;2019-04-11 18:16:51.0;
15;26110;2019-04-11 18:16:58.0;
15;26110.5;2019-04-11 18:17:06.0;
15;26109.5;2019-04-11 18:17:08.0;
15;26110;2019-04-11 18:17:10.0;
15;26112.5;2019-04-11 18:17:17.0;
15;26111;2019-04-11 18:17:21.0;
15;26109.5;2019-04-11 18:17:25.0;
15;26111.5;2019-04-11 18:17:27.0;
15;26113.5;2019-04-11 18:17:31.0;
15;26114;2019-04-11 18:17:37.0;
15;26113.5;2019-04-11 18:17:38.0;
15;26114;2019-04-11 18:17:40.0;
15;26116;2019-04-11 18:17:41.0;
15;26115.5;2019-04-11 18:17:48.0;
15;26117.5;2019-04-11 18:18:05.0;
15;26117;2019-04-11 18:18:12.0;
15;26116;2019-04-11 18:18:15.0;
15;26117.5;2019-04-11 18:18:23.0;
15;26118;2019-04-11 18:18:30.0;
15;26117.5;2019-04-11 18:18:32.0;
15;26118;2019-04-11 18:18:34.0;
15;26118.5;2019-04-11 18:18:36.0;
15;26118;2019-04-11 18:18:41.0;
15;26117.5;2019-04-11 18:18:51.0;
15;26118;2019-04-11 18:19:06.0;
15;26117.5;2019-04-11 18:19:07.0;
15;26116.5;2019-04-11 18:19:09.0;
15;26117;2019-04-11 18:19:16.0;
15;26116.5;2019-04-11 18:19:27.0;
15;26117;2019-04-11 18:19:33.0;
15;26113.5;2019-04-11 18:19:35.0;
15;26117;2019-04-11 18:19:38.0;
15;26115.5;2019-04-11 18:19:39.0;
15;26115;2019-04-11 18:19:44.0;
15;26115.5;2019-04-11 18:19:45.0;
15;26115;2019-04-11 18:19:47.0;
15;26113.5;2019-04-11 18:19:48.0;
15;26115;2019-04-11 18:19:50.0;
15;26113.5;2019-04-11 18:19:51.0;
15;26114;2019-04-11 18:20:05.0;
15;26114.5;2019-04-11 18:20:09.0;
15;26114;2019-04-11 18:20:11.0;
15;26114.5;2019-04-11 18:20:12.0;
15;26112.5;2019-04-11 18:20:16.0;
15;26111.5;2019-04-11 18:20:21.0;
15;26112;2019-04-11 18:20:24.0;
15;26114;2019-04-11 18:20:27.0;
15;26111.5;2019-04-11 18:20:32.0;
15;26113.5;2019-04-11 18:20:40.0;
15;26111.5;2019-04-11 18:20:43.0;
15;26112.5;2019-04-11 18:20:45.0;
15;26113;2019-04-11 18:20:49.0;
15;26114;2019-04-11 18:20:53.0;
15;26113.5;2019-04-11 18:20:57.0;
15;26112.5;2019-04-11 18:21:03.0;
15;26113;2019-04-11 18:21:08.0;
15;26113.5;2019-04-11 18:21:14.0;
15;26113;2019-04-11 18:21:15.0;
15;26114;2019-04-11 18:21:24.0;
15;26110.5;2019-04-11 18:21:28.0;
15;26108.5;2019-04-11 18:21:31.0;
15;26106.5;2019-04-11 18:21:35.0;
15;26107;2019-04-11 18:21:39.0;
15;26106.5;2019-04-11 18:21:42.0;
15;26107;2019-04-11 18:21:44.0;
15;26106.5;2019-04-11 18:21:45.0;
15;26109.5;2019-04-11 18:21:47.0;
15;26107.5;2019-04-11 18:22:04.0;
15;26111;2019-04-11 18:22:09.0;
15;26112.5;2019-04-11 18:22:16.0;
15;26113.5;2019-04-11 18:22:22.0;
15;26114;2019-04-11 18:22:28.0;
15;26115.5;2019-04-11 18:22:32.0;
15;26114;2019-04-11 18:22:33.0;
15;26116.5;2019-04-11 18:22:35.0;
15;26115.5;2019-04-11 18:22:36.0;
15;26116.5;2019-04-11 18:22:38.0;
15;26113.5;2019-04-11 18:22:56.0;
15;26115.5;2019-04-11 18:22:59.0;
15;26114;2019-04-11 18:23:11.0;
15;26114.5;2019-04-11 18:23:16.0;
15;26115.5;2019-04-11 18:23:20.0;
15;26115;2019-04-11 18:23:31.0;
15;26116.5;2019-04-11 18:23:40.0;
15;26114;2019-04-11 18:23:46.0;
15;26115.5;2019-04-11 18:23:49.0;
15;26116.5;2019-04-11 18:24:03.0;
15;26117;2019-04-11 18:24:07.0;
15;26116.5;2019-04-11 18:24:10.0;
15;26117;2019-04-11 18:24:11.0;
15;26119;2019-04-11 18:24:20.0;
15;26119.5;2019-04-11 18:24:26.0;
15;26120;2019-04-11 18:24:31.0;
15;26119.5;2019-04-11 18:24:32.0;
15;26120;2019-04-11 18:24:34.0;
15;26120.5;2019-04-11 18:24:35.0;
15;26118.5;2019-04-11 18:24:40.0;
15;26119;2019-04-11 18:24:47.0;
15;26118.5;2019-04-11 18:24:49.0;
15;26118;2019-04-11 18:24:57.0;
15;26117.5;2019-04-11 18:25:03.0;
15;26118;2019-04-11 18:25:07.0;
15;26117.5;2019-04-11 18:25:10.0;
15;26118;2019-04-11 18:25:12.0;
15;26114.5;2019-04-11 18:25:13.0;
15;26115;2019-04-11 18:25:18.0;
15;26116.5;2019-04-11 18:25:25.0;
15;26116;2019-04-11 18:25:33.0;
15;26113.5;2019-04-11 18:25:37.0;
15;26115.5;2019-04-11 18:25:44.0;
15;26117.5;2019-04-11 18:25:47.0;
15;26115.5;2019-04-11 18:25:48.0;
15;26117.5;2019-04-11 18:25:50.0;
15;26111.5;2019-04-11 18:26:05.0;
15;26117.5;2019-04-11 18:26:07.0;
15;26111.5;2019-04-11 18:26:09.0;
15;26111;2019-04-11 18:26:12.0;
15;26112.5;2019-04-11 18:26:16.0;
15;26111;2019-04-11 18:26:17.0;
15;26112.5;2019-04-11 18:26:19.0;
15;26111.5;2019-04-11 18:26:25.0;
15;26112.5;2019-04-11 18:26:29.0;
15;26111.5;2019-04-11 18:26:34.0;
15;26110.5;2019-04-11 18:26:45.0;
15;26109.5;2019-04-11 18:26:48.0;
15;26110.5;2019-04-11 18:26:49.0;
15;26109.5;2019-04-11 18:26:51.0;
15;26112.5;2019-04-11 18:26:54.0;
15;26111.5;2019-04-11 18:27:05.0;
15;26108.5;2019-04-11 18:27:09.0;
15;26109.5;2019-04-11 18:27:14.0;
15;26109;2019-04-11 18:27:19.0;
15;26110.5;2019-04-11 18:27:24.0;
15;26111.5;2019-04-11 18:27:28.0;
15;26110.5;2019-04-11 18:27:30.0;
15;26110;2019-04-11 18:27:31.0;
15;26111.5;2019-04-11 18:27:33.0;
15;26110;2019-04-11 18:27:34.0;
15;26111.5;2019-04-11 18:27:36.0;
15;26112;2019-04-11 18:27:40.0;
15;26111.5;2019-04-11 18:27:51.0;
15;26110;2019-04-11 18:28:03.0;
15;26111.5;2019-04-11 18:28:05.0;
15;26110;2019-04-11 18:28:06.0;
15;26108.5;2019-04-11 18:28:08.0;
15;26110;2019-04-11 18:28:09.0;
15;26107.5;2019-04-11 18:28:12.0;
15;26108.5;2019-04-11 18:28:16.0;
15;26106;2019-04-11 18:28:19.0;
15;26106.5;2019-04-11 18:28:23.0;
15;26107.5;2019-04-11 18:28:30.0;
15;26108.5;2019-04-11 18:28:38.0;
15;26107.5;2019-04-11 18:28:43.0;
15;26106.5;2019-04-11 18:28:56.0;
15;26107.5;2019-04-11 18:29:01.0;
15;26107;2019-04-11 18:29:08.0;
15;26106.5;2019-04-11 18:29:11.0;
15;26107;2019-04-11 18:29:12.0;
15;26106.5;2019-04-11 18:29:14.0;
15;26107.5;2019-04-11 18:29:18.0;
15;26108;2019-04-11 18:29:27.0;
15;26108.5;2019-04-11 18:29:33.0;
15;26107.5;2019-04-11 18:29:46.0;
15;26108.5;2019-04-11 18:29:47.0;
15;26109.5;2019-04-11 18:30:04.0;
15;26108;2019-04-11 18:30:15.0;
15;26107;2019-04-11 18:30:21.0;
15;26106.5;2019-04-11 18:30:25.0;
15;26104.5;2019-04-11 18:30:27.0;
15;26106.5;2019-04-11 18:30:31.0;
15;26108.5;2019-04-11 18:30:36.0;
15;26106.5;2019-04-11 18:30:44.0;
15;26108.5;2019-04-11 18:30:46.0;
15;26106.5;2019-04-11 18:30:47.0;
15;26105;2019-04-11 18:30:53.0;
15;26106.5;2019-04-11 18:30:58.0;
15;26106;2019-04-11 18:31:04.0;
15;26106.5;2019-04-11 18:31:09.0;
15;26107.5;2019-04-11 18:31:15.0;
15;26108.5;2019-04-11 18:31:21.0;
15;26109.5;2019-04-11 18:31:25.0;
15;26108.5;2019-04-11 18:31:26.0;
15;26109.5;2019-04-11 18:31:28.0;
15;26108.5;2019-04-11 18:31:35.0;
15;26109.5;2019-04-11 18:31:37.0;
15;26108.5;2019-04-11 18:31:39.0;
15;26110;2019-04-11 18:31:40.0;
15;26110.5;2019-04-11 18:31:45.0;
15;26110;2019-04-11 18:31:46.0;
15;26110.5;2019-04-11 18:31:48.0;
15;26111.5;2019-04-11 18:32:04.0;
15;26110.5;2019-04-11 18:32:08.0;
15;26111;2019-04-11 18:32:11.0;
15;26110.5;2019-04-11 18:32:12.0;
15;26111;2019-04-11 18:32:13.0;
15;26110.5;2019-04-11 18:32:22.0;
15;26109;2019-04-11 18:32:32.0;
15;26108.5;2019-04-11 18:32:36.0;
15;26111.5;2019-04-11 18:32:39.0;
15;26112.5;2019-04-11 18:32:46.0;
15;26114;2019-04-11 18:32:54.0;
15;26113.5;2019-04-11 18:32:55.0;
15;26114;2019-04-11 18:32:57.0;
15;26115.5;2019-04-11 18:32:59.0;
15;26116.5;2019-04-11 18:33:06.0;
15;26115.5;2019-04-11 18:33:08.0;
15;26112;2019-04-11 18:33:11.0;
15;26115.5;2019-04-11 18:33:12.0;
15;26112;2019-04-11 18:33:14.0;
15;26112.5;2019-04-11 18:33:21.0;
15;26111.5;2019-04-11 18:33:36.0;
15;26111;2019-04-11 18:33:42.0;
15;26112;2019-04-11 18:33:46.0;
15;26110.5;2019-04-11 18:34:04.0;
15;26112;2019-04-11 18:34:05.0;
15;26110;2019-04-11 18:34:07.0;
15;26110.5;2019-04-11 18:34:09.0;
15;26110;2019-04-11 18:34:10.0;
15;26109.5;2019-04-11 18:34:11.0;
15;26110;2019-04-11 18:34:14.0;
15;26109.5;2019-04-11 18:34:20.0;
15;26110;2019-04-11 18:34:21.0;
15;26109.5;2019-04-11 18:34:23.0;
15;26110;2019-04-11 18:34:28.0;
15;26109.5;2019-04-11 18:34:29.0;
15;26110;2019-04-11 18:34:30.0;
15;26112;2019-04-11 18:34:33.0;
15;26113;2019-04-11 18:34:40.0;
15;26112.5;2019-04-11 18:34:46.0;
15;26109;2019-04-11 18:34:49.0;
15;26111.5;2019-04-11 18:34:54.0;
15;26110.5;2019-04-11 18:34:55.0;
15;26112;2019-04-11 18:34:59.0;
15;26111;2019-04-11 18:35:06.0;
15;26111.5;2019-04-11 18:35:07.0;
15;26111;2019-04-11 18:35:10.0;
15;26111.5;2019-04-11 18:35:11.0;
15;26111;2019-04-11 18:35:15.0;
15;26113;2019-04-11 18:35:22.0;
15;26114;2019-04-11 18:35:23.0;
15;26113;2019-04-11 18:35:25.0;
15;26114;2019-04-11 18:35:26.0;
15;26113;2019-04-11 18:35:29.0;
15;26111.5;2019-04-11 18:35:31.0;
15;26110.5;2019-04-11 18:35:35.0;
15;26111;2019-04-11 18:35:39.0;
15;26110.5;2019-04-11 18:35:42.0;
15;26111;2019-04-11 18:35:43.0;
15;26110.5;2019-04-11 18:35:47.0;
15;26112;2019-04-11 18:36:05.0;
15;26112.5;2019-04-11 18:36:12.0;
15;26110.5;2019-04-11 18:36:24.0;
15;26113.5;2019-04-11 18:36:32.0;
15;26114.5;2019-04-11 18:36:45.0;
15;26115;2019-04-11 18:36:48.0;
15;26114.5;2019-04-11 18:36:50.0;
15;26115;2019-04-11 18:36:51.0;
15;26117;2019-04-11 18:36:54.0;
15;26117.5;2019-04-11 18:36:57.0;
15;26119.5;2019-04-11 18:37:01.0;
15;26118.5;2019-04-11 18:37:07.0;
15;26116.5;2019-04-11 18:37:14.0;
15;26118;2019-04-11 18:37:23.0;
15;26116.5;2019-04-11 18:37:24.0;
15;26118;2019-04-11 18:37:25.0;
15;26117.5;2019-04-11 18:37:28.0;
15;26118.5;2019-04-11 18:37:31.0;
15;26120;2019-04-11 18:37:35.0;
15;26120.5;2019-04-11 18:37:44.0;
15;26120;2019-04-11 18:37:46.0;
15;26120.5;2019-04-11 18:37:47.0;
15;26117.5;2019-04-11 18:37:48.0;
15;26118.5;2019-04-11 18:38:05.0;
15;26120.5;2019-04-11 18:38:11.0;
15;26118.5;2019-04-11 18:38:13.0;
15;26120.5;2019-04-11 18:38:15.0;
15;26118.5;2019-04-11 18:38:24.0;
15;26120.5;2019-04-11 18:38:25.0;
15;26119.5;2019-04-11 18:38:28.0;
15;26118.5;2019-04-11 18:38:42.0;
15;26119.5;2019-04-11 18:38:44.0;
15;26118.5;2019-04-11 18:38:45.0;
15;26119;2019-04-11 18:38:48.0;
15;26120.5;2019-04-11 18:38:55.0;
15;26118.5;2019-04-11 18:39:00.0;
15;26120.5;2019-04-11 18:39:02.0;
15;26118.5;2019-04-11 18:39:03.0;
15;26119.5;2019-04-11 18:39:11.0;
15;26120.5;2019-04-11 18:39:17.0;
15;26121.5;2019-04-11 18:39:20.0;
15;26122;2019-04-11 18:39:25.0;
15;26120;2019-04-11 18:39:30.0;
15;26121;2019-04-11 18:39:40.0;
15;26120.5;2019-04-11 18:39:44.0;
15;26117.5;2019-04-11 18:39:47.0;
15;26120.5;2019-04-11 18:40:04.0;
15;26119.5;2019-04-11 18:40:09.0;
15;26121;2019-04-11 18:40:20.0;
15;26118.5;2019-04-11 18:40:23.0;
15;26119.5;2019-04-11 18:40:29.0;
15;26118.5;2019-04-11 18:40:30.0;
15;26119.5;2019-04-11 18:40:31.0;
15;26118.5;2019-04-11 18:40:33.0;
15;26119.5;2019-04-11 18:40:36.0;
15;26118.5;2019-04-11 18:40:37.0;
15;26119.5;2019-04-11 18:40:39.0;
15;26120.5;2019-04-11 18:40:41.0;
15;26120;2019-04-11 18:40:47.0;
15;26118.5;2019-04-11 18:40:53.0;
15;26117;2019-04-11 18:41:03.0;
15;26118.5;2019-04-11 18:41:05.0;
15;26117;2019-04-11 18:41:06.0;
15;26116.5;2019-04-11 18:41:16.0;
15;26114.5;2019-04-11 18:41:24.0;
15;26113.5;2019-04-11 18:41:32.0;
15;26114.5;2019-04-11 18:41:33.0;
15;26111.5;2019-04-11 18:41:42.0;
15;26109.5;2019-04-11 18:41:47.0;
15;26110;2019-04-11 18:41:50.0;
15;26110.5;2019-04-11 18:42:03.0;
15;26110;2019-04-11 18:42:06.0;
15;26110.5;2019-04-11 18:42:07.0;
15;26112.5;2019-04-11 18:42:08.0;
15;26113.5;2019-04-11 18:42:19.0;
15;26114.5;2019-04-11 18:42:27.0;
15;26113.5;2019-04-11 18:42:36.0;
15;26114.5;2019-04-11 18:42:39.0;
15;26113.5;2019-04-11 18:42:40.0;
15;26114.5;2019-04-11 18:42:41.0;
15;26115;2019-04-11 18:42:43.0;
15;26114.5;2019-04-11 18:42:47.0;
15;26113.5;2019-04-11 18:42:54.0;
15;26112.5;2019-04-11 18:42:59.0;
15;26114;2019-04-11 18:43:03.0;
15;26112.5;2019-04-11 18:43:19.0;
15;26114;2019-04-11 18:43:27.0;
15;26113.5;2019-04-11 18:43:31.0;
15;26114.5;2019-04-11 18:43:40.0;
15;26112.5;2019-04-11 18:43:45.0;
15;26111;2019-04-11 18:44:09.0;
15;26113;2019-04-11 18:44:11.0;
15;26114.5;2019-04-11 18:44:17.0;
15;26114;2019-04-11 18:44:19.0;
15;26115;2019-04-11 18:44:24.0;
15;26115.5;2019-04-11 18:44:27.0;
15;26115;2019-04-11 18:44:44.0;
15;26115.5;2019-04-11 18:44:48.0;
15;26115;2019-04-11 18:44:49.0;
15;26115.5;2019-04-11 18:44:50.0;
15;26115;2019-04-11 18:44:55.0;
15;26114.5;2019-04-11 18:44:59.0;
15;26115.5;2019-04-11 18:45:06.0;
15;26113.5;2019-04-11 18:45:08.0;
15;26115.5;2019-04-11 18:45:12.0;
15;26117.5;2019-04-11 18:45:18.0;
15;26120.5;2019-04-11 18:45:19.0;
15;26117.5;2019-04-11 18:45:21.0;
15;26120.5;2019-04-11 18:45:22.0;
15;26118.5;2019-04-11 18:45:27.0;
15;26117.5;2019-04-11 18:45:31.0;
15;26116.5;2019-04-11 18:45:43.0;
15;26114.5;2019-04-11 18:45:49.0;
15;26112;2019-04-11 18:46:02.0;
15;26110.5;2019-04-11 18:46:11.0;
15;26111.5;2019-04-11 18:46:20.0;
15;26110.5;2019-04-11 18:46:24.0;
15;26110;2019-04-11 18:46:28.0;
15;26111;2019-04-11 18:46:33.0;
15;26112;2019-04-11 18:46:40.0;
15;26112.5;2019-04-11 18:46:45.0;
15;26112;2019-04-11 18:46:50.0;
15;26110.5;2019-04-11 18:46:56.0;
15;26111;2019-04-11 18:47:05.0;
15;26110.5;2019-04-11 18:47:06.0;
15;26112;2019-04-11 18:47:17.0;
15;26110.5;2019-04-11 18:47:19.0;
15;26110;2019-04-11 18:47:24.0;
15;26110.5;2019-04-11 18:47:30.0;
15;26111.5;2019-04-11 18:47:51.0;
15;26110.5;2019-04-11 18:48:06.0;
15;26112.5;2019-04-11 18:48:11.0;
15;26111;2019-04-11 18:48:19.0;
15;26109.5;2019-04-11 18:48:36.0;
15;26110.5;2019-04-11 18:48:39.0;
15;26109.5;2019-04-11 18:48:44.0;
15;26111.5;2019-04-11 18:48:53.0;
15;26108.5;2019-04-11 18:48:54.0;
15;26111.5;2019-04-11 18:48:56.0;
15;26108.5;2019-04-11 18:48:57.0;
15;26107.5;2019-04-11 18:49:03.0;
15;26108.5;2019-04-11 18:49:08.0;
15;26109;2019-04-11 18:49:17.0;
15;26108.5;2019-04-11 18:49:20.0;
15;26109.5;2019-04-11 18:49:23.0;
15;26109;2019-04-11 18:49:37.0;
15;26107.5;2019-04-11 18:49:39.0;
15;26108;2019-04-11 18:49:44.0;
15;26108.5;2019-04-11 18:49:46.0;
15;26108;2019-04-11 18:49:49.0;
15;26108.5;2019-04-11 18:49:51.0;
15;26110;2019-04-11 18:50:06.0;
15;26107;2019-04-11 18:50:09.0;
15;26107.5;2019-04-11 18:50:19.0;
15;26106.5;2019-04-11 18:50:36.0;
15;26107;2019-04-11 18:50:43.0;
15;26106.5;2019-04-11 18:50:44.0;
15;26107;2019-04-11 18:50:46.0;
15;26106.5;2019-04-11 18:50:48.0;
15;26108.5;2019-04-11 18:50:52.0;
15;26107.5;2019-04-11 18:50:57.0;
15;26108.5;2019-04-11 18:51:03.0;
15;26109.5;2019-04-11 18:51:08.0;
15;26108;2019-04-11 18:51:13.0;
15;26107.5;2019-04-11 18:51:16.0;
15;26108.5;2019-04-11 18:51:28.0;
15;26110;2019-04-11 18:51:33.0;
15;26110.5;2019-04-11 18:51:43.0;
15;26110;2019-04-11 18:51:49.0;
15;26109.5;2019-04-11 18:52:06.0;
15;26108;2019-04-11 18:52:08.0;
15;26107;2019-04-11 18:52:10.0;
15;26106.5;2019-04-11 18:52:14.0;
15;26107.5;2019-04-11 18:52:23.0;
15;26110;2019-04-11 18:52:31.0;
15;26111.5;2019-04-11 18:52:40.0;
15;26110;2019-04-11 18:52:41.0;
15;26111.5;2019-04-11 18:52:43.0;
15;26112.5;2019-04-11 18:52:45.0;
15;26113.5;2019-04-11 18:52:54.0;
15;26113;2019-04-11 18:53:25.0;
15;26112;2019-04-11 18:53:37.0;
15;26112.5;2019-04-11 18:53:38.0;
15;26112;2019-04-11 18:53:48.0;
15;26112.5;2019-04-11 18:53:49.0;
15;26116.5;2019-04-11 18:54:03.0;
15;26112.5;2019-04-11 18:54:04.0;
15;26116.5;2019-04-11 18:54:06.0;
15;26118.5;2019-04-11 18:54:13.0;
15;26116.5;2019-04-11 18:54:26.0;
15;26118.5;2019-04-11 18:54:29.0;
15;26116.5;2019-04-11 18:54:31.0;
15;26117.5;2019-04-11 18:54:33.0;
15;26118.5;2019-04-11 18:54:37.0;
15;26119.5;2019-04-11 18:54:41.0;
15;26118.5;2019-04-11 18:54:44.0;
15;26117.5;2019-04-11 18:54:46.0;
15;26119.5;2019-04-11 18:54:52.0;
15;26117.5;2019-04-11 18:54:53.0;
15;26119.5;2019-04-11 18:54:55.0;
15;26118.5;2019-04-11 18:54:56.0;
15;26116;2019-04-11 18:55:02.0;
15;26116.5;2019-04-11 18:55:11.0;
15;26116;2019-04-11 18:55:13.0;
15;26116.5;2019-04-11 18:55:15.0;
15;26118.5;2019-04-11 18:55:18.0;
15;26117.5;2019-04-11 18:55:22.0;
15;26115.5;2019-04-11 18:55:31.0;
15;26115;2019-04-11 18:55:34.0;
15;26115.5;2019-04-11 18:55:36.0;
15;26115;2019-04-11 18:55:37.0;
15;26115.5;2019-04-11 18:55:39.0;
15;26112.5;2019-04-11 18:56:04.0;
15;26115.5;2019-04-11 18:56:05.0;
15;26113.5;2019-04-11 18:56:07.0;
15;26112.5;2019-04-11 18:56:08.0;
15;26113.5;2019-04-11 18:56:10.0;
15;26112.5;2019-04-11 18:56:20.0;
15;26113.5;2019-04-11 18:56:21.0;
15;26111.5;2019-04-11 18:56:23.0;
15;26112.5;2019-04-11 18:56:29.0;
15;26113;2019-04-11 18:56:32.0;
15;26110.5;2019-04-11 18:56:39.0;
15;26112.5;2019-04-11 18:56:50.0;
15;26114.5;2019-04-11 18:57:03.0;
15;26115.5;2019-04-11 18:57:13.0;
15;26116.5;2019-04-11 18:57:16.0;
15;26116;2019-04-11 18:57:20.0;
15;26116.5;2019-04-11 18:57:21.0;
15;26116;2019-04-11 18:57:23.0;
15;26115;2019-04-11 18:57:28.0;
15;26116;2019-04-11 18:57:39.0;
15;26115.5;2019-04-11 18:57:41.0;
15;26113.5;2019-04-11 18:57:48.0;
15;26114.5;2019-04-11 18:58:07.0;
15;26115;2019-04-11 18:58:15.0;
15;26116;2019-04-11 18:58:23.0;
15;26115;2019-04-11 18:58:26.0;
15;26116;2019-04-11 18:58:27.0;
15;26116.5;2019-04-11 18:58:36.0;
15;26116;2019-04-11 18:58:37.0;
15;26116.5;2019-04-11 18:58:39.0;
15;26115.5;2019-04-11 18:58:48.0;
15;26114.5;2019-04-11 18:58:56.0;
15;26115.5;2019-04-11 18:58:57.0;
15;26114.5;2019-04-11 18:59:00.0;
15;26113.5;2019-04-11 18:59:07.0;
15;26112.5;2019-04-11 18:59:09.0;
15;26113.5;2019-04-11 18:59:10.0;
15;26112;2019-04-11 18:59:11.0;
15;26110.5;2019-04-11 18:59:17.0;
15;26111.5;2019-04-11 18:59:18.0;
15;26110.5;2019-04-11 18:59:21.0;
15;26111.5;2019-04-11 18:59:22.0;
15;26112.5;2019-04-11 18:59:24.0;
15;26111.5;2019-04-11 18:59:30.0;
15;26112.5;2019-04-11 18:59:36.0;
15;26111.5;2019-04-11 18:59:40.0;
15;26111;2019-04-11 19:00:09.0;
15;26112.5;2019-04-11 19:00:10.0;
15;26112;2019-04-11 19:00:15.0;
15;26111.5;2019-04-11 19:00:17.0;
15;26111;2019-04-11 19:00:18.0;
15;26111.5;2019-04-11 19:00:20.0;
15;26111;2019-04-11 19:00:21.0;
15;26111.5;2019-04-11 19:00:24.0;
15;26110.5;2019-04-11 19:00:27.0;
15;26110;2019-04-11 19:00:32.0;
15;26110.5;2019-04-11 19:00:33.0;
15;26110;2019-04-11 19:00:36.0;
15;26109.5;2019-04-11 19:00:41.0;
15;26110;2019-04-11 19:00:43.0;
15;26109.5;2019-04-11 19:00:44.0;
15;26110;2019-04-11 19:00:47.0;
15;26109.5;2019-04-11 19:00:48.0;
15;26110;2019-04-11 19:00:50.0;
15;26109.5;2019-04-11 19:00:51.0;
15;26110;2019-04-11 19:00:57.0;
15;26110.5;2019-04-11 19:01:02.0;
15;26114.5;2019-04-11 19:01:04.0;
15;26110.5;2019-04-11 19:01:07.0;
15;26114.5;2019-04-11 19:01:08.0;
15;26115.5;2019-04-11 19:01:10.0;
15;26116.5;2019-04-11 19:01:14.0;
15;26115.5;2019-04-11 19:01:17.0;
15;26115;2019-04-11 19:01:19.0;
15;26115.5;2019-04-11 19:01:22.0;
15;26114;2019-04-11 19:01:30.0;
15;26114.5;2019-04-11 19:01:34.0;
15;26114;2019-04-11 19:01:36.0;
15;26114.5;2019-04-11 19:01:37.0;
15;26115.5;2019-04-11 19:01:39.0;
15;26114.5;2019-04-11 19:01:49.0;
15;26115;2019-04-11 19:02:04.0;
15;26114;2019-04-11 19:02:07.0;
15;26115;2019-04-11 19:02:09.0;
15;26114;2019-04-11 19:02:10.0;
15;26115.5;2019-04-11 19:02:15.0;
15;26114.5;2019-04-11 19:02:19.0;
15;26115;2019-04-11 19:02:28.0;
15;26115.5;2019-04-11 19:02:35.0;
15;26116;2019-04-11 19:02:44.0;
15;26115.5;2019-04-11 19:03:03.0;
15;26115;2019-04-11 19:03:11.0;
15;26116.5;2019-04-11 19:03:20.0;
15;26115.5;2019-04-11 19:03:27.0;
15;26114;2019-04-11 19:03:33.0;
15;26113.5;2019-04-11 19:03:36.0;
15;26115;2019-04-11 19:03:46.0;
15;26114;2019-04-11 19:03:47.0;
15;26113.5;2019-04-11 19:04:06.0;
15;26114.5;2019-04-11 19:04:19.0;
15;26114;2019-04-11 19:04:20.0;
15;26112.5;2019-04-11 19:04:36.0;
15;26113;2019-04-11 19:04:40.0;
15;26112.5;2019-04-11 19:04:44.0;
15;26113;2019-04-11 19:04:51.0;
15;26114.5;2019-04-11 19:05:08.0;
15;26117.5;2019-04-11 19:05:20.0;
15;26116.5;2019-04-11 19:05:24.0;
15;26113;2019-04-11 19:05:28.0;
15;26115;2019-04-11 19:05:34.0;
15;26117;2019-04-11 19:05:43.0;
15;26116;2019-04-11 19:05:47.0;
15;26117.5;2019-04-11 19:06:04.0;
15;26116;2019-04-11 19:06:05.0;
15;26117.5;2019-04-11 19:06:07.0;
15;26116;2019-04-11 19:06:15.0;
15;26115;2019-04-11 19:06:20.0;
15;26115.5;2019-04-11 19:06:23.0;
15;26114;2019-04-11 19:06:28.0;
15;26115;2019-04-11 19:06:33.0;
15;26114;2019-04-11 19:06:35.0;
15;26115;2019-04-11 19:06:36.0;
15;26117;2019-04-11 19:06:39.0;
15;26116.5;2019-04-11 19:06:45.0;
15;26115.5;2019-04-11 19:06:46.0;
15;26116.5;2019-04-11 19:06:59.0;
15;26116;2019-04-11 19:07:05.0;
15;26115.5;2019-04-11 19:07:08.0;
15;26116;2019-04-11 19:07:09.0;
15;26115.5;2019-04-11 19:07:10.0;
15;26116;2019-04-11 19:07:13.0;
15;26115;2019-04-11 19:07:21.0;
15;26114.5;2019-04-11 19:07:26.0;
15;26114;2019-04-11 19:07:37.0;
15;26115.5;2019-04-11 19:08:03.0;
15;26114;2019-04-11 19:08:04.0;
15;26115.5;2019-04-11 19:08:06.0;
15;26116.5;2019-04-11 19:08:13.0;
15;26115;2019-04-11 19:08:17.0;
15;26115.5;2019-04-11 19:08:22.0;
15;26115;2019-04-11 19:08:23.0;
15;26115.5;2019-04-11 19:08:24.0;
15;26116;2019-04-11 19:08:27.0;
15;26116.5;2019-04-11 19:08:28.0;
15;26118.5;2019-04-11 19:08:31.0;
15;26119;2019-04-11 19:08:40.0;
15;26118.5;2019-04-11 19:08:41.0;
15;26119.5;2019-04-11 19:08:43.0;
15;26119;2019-04-11 19:08:44.0;
15;26119.5;2019-04-11 19:08:45.0;
15;26120;2019-04-11 19:08:48.0;
15;26121;2019-04-11 19:08:51.0;
15;26120;2019-04-11 19:08:52.0;
15;26121;2019-04-11 19:08:54.0;
15;26120.5;2019-04-11 19:08:59.0;
15;26120;2019-04-11 19:09:02.0;
15;26120.5;2019-04-11 19:09:04.0;
15;26120;2019-04-11 19:09:05.0;
15;26118.5;2019-04-11 19:09:09.0;
15;26119.5;2019-04-11 19:09:16.0;
15;26120;2019-04-11 19:09:19.0;
15;26119.5;2019-04-11 19:09:20.0;
15;26120;2019-04-11 19:09:22.0;
15;26120.5;2019-04-11 19:09:23.0;
15;26120;2019-04-11 19:09:26.0;
15;26120.5;2019-04-11 19:09:28.0;
15;26123.5;2019-04-11 19:09:33.0;
15;26123;2019-04-11 19:09:40.0;
15;26123.5;2019-04-11 19:09:45.0;
15;26124.5;2019-04-11 19:10:04.0;
15;26125;2019-04-11 19:10:07.0;
15;26124.5;2019-04-11 19:10:10.0;
15;26123.5;2019-04-11 19:10:15.0;
15;26122;2019-04-11 19:10:21.0;
15;26123.5;2019-04-11 19:10:29.0;
15;26124;2019-04-11 19:10:31.0;
15;26123.5;2019-04-11 19:10:32.0;
15;26124;2019-04-11 19:10:34.0;
15;26125;2019-04-11 19:10:35.0;
15;26124;2019-04-11 19:10:46.0;
15;26124.5;2019-04-11 19:10:47.0;
15;26124;2019-04-11 19:10:48.0;
15;26124.5;2019-04-11 19:10:50.0;
15;26123.5;2019-04-11 19:10:59.0;
15;26124;2019-04-11 19:11:00.0;
15;26123.5;2019-04-11 19:11:01.0;
15;26124.5;2019-04-11 19:11:05.0;
15;26123.5;2019-04-11 19:11:07.0;
15;26124.5;2019-04-11 19:11:08.0;
15;26125.5;2019-04-11 19:11:11.0;
15;26126;2019-04-11 19:11:21.0;
15;26124.5;2019-04-11 19:11:22.0;
15;26126;2019-04-11 19:11:23.0;
15;26124.5;2019-04-11 19:11:25.0;
15;26126;2019-04-11 19:11:29.0;
15;26124.5;2019-04-11 19:11:31.0;
15;26126;2019-04-11 19:11:32.0;
15;26124.5;2019-04-11 19:11:33.0;
15;26125;2019-04-11 19:11:36.0;
15;26123.5;2019-04-11 19:11:39.0;
15;26124.5;2019-04-11 19:11:43.0;
15;26125;2019-04-11 19:11:48.0;
15;26124.5;2019-04-11 19:12:06.0;
15;26125;2019-04-11 19:12:13.0;
15;26125.5;2019-04-11 19:12:18.0;
15;26124.5;2019-04-11 19:12:27.0;
15;26123.5;2019-04-11 19:12:32.0;
15;26123;2019-04-11 19:12:36.0;
15;26122;2019-04-11 19:12:40.0;
15;26123;2019-04-11 19:12:49.0;
15;26122.5;2019-04-11 19:12:51.0;
15;26123;2019-04-11 19:12:54.0;
15;26121.5;2019-04-11 19:12:55.0;
15;26125.5;2019-04-11 19:13:03.0;
15;26124.5;2019-04-11 19:13:15.0;
15;26125;2019-04-11 19:13:33.0;
15;26124.5;2019-04-11 19:13:41.0;
15;26123.5;2019-04-11 19:13:47.0;
15;26121.5;2019-04-11 19:14:02.0;
15;26121;2019-04-11 19:14:07.0;
15;26121.5;2019-04-11 19:14:11.0;
15;26122;2019-04-11 19:14:21.0;
15;26121.5;2019-04-11 19:14:31.0;
15;26122;2019-04-11 19:14:32.0;
15;26121.5;2019-04-11 19:14:34.0;
15;26119.5;2019-04-11 19:14:39.0;
15;26120;2019-04-11 19:14:46.0;
15;26119.5;2019-04-11 19:14:51.0;
15;26120;2019-04-11 19:14:52.0;
15;26120.5;2019-04-11 19:14:53.0;
15;26119.5;2019-04-11 19:14:55.0;
15;26120.5;2019-04-11 19:14:56.0;
15;26120;2019-04-11 19:14:58.0;
15;26119.5;2019-04-11 19:15:06.0;
15;26120;2019-04-11 19:15:12.0;
15;26119;2019-04-11 19:15:20.0;
15;26117.5;2019-04-11 19:15:24.0;
15;26119;2019-04-11 19:15:28.0;
15;26117.5;2019-04-11 19:15:29.0;
15;26120;2019-04-11 19:15:30.0;
15;26119.5;2019-04-11 19:15:37.0;
15;26120;2019-04-11 19:15:39.0;
15;26119;2019-04-11 19:15:47.0;
15;26118.5;2019-04-11 19:16:10.0;
15;26119;2019-04-11 19:16:14.0;
15;26118.5;2019-04-11 19:16:15.0;
15;26120.5;2019-04-11 19:16:18.0;
15;26119;2019-04-11 19:16:24.0;
15;26120.5;2019-04-11 19:16:25.0;
15;26117.5;2019-04-11 19:16:27.0;
15;26118.5;2019-04-11 19:16:35.0;
15;26118;2019-04-11 19:16:48.0;
15;26117.5;2019-04-11 19:16:55.0;
15;26118;2019-04-11 19:17:02.0;
15;26119;2019-04-11 19:17:08.0;
15;26118;2019-04-11 19:17:11.0;
15;26119;2019-04-11 19:17:17.0;
15;26119.5;2019-04-11 19:17:25.0;
15;26118.5;2019-04-11 19:17:46.0;
15;26119.5;2019-04-11 19:18:12.0;
15;26119;2019-04-11 19:18:15.0;
15;26119.5;2019-04-11 19:18:18.0;
15;26119;2019-04-11 19:18:20.0;
15;26119.5;2019-04-11 19:18:22.0;
15;26120.5;2019-04-11 19:18:32.0;
15;26119.5;2019-04-11 19:18:53.0;
15;26120.5;2019-04-11 19:18:55.0;
15;26119.5;2019-04-11 19:18:56.0;
15;26120.5;2019-04-11 19:18:58.0;
15;26119.5;2019-04-11 19:19:00.0;
15;26118.5;2019-04-11 19:19:14.0;
15;26116.5;2019-04-11 19:19:29.0;
15;26117.5;2019-04-11 19:19:38.0;
15;26117;2019-04-11 19:19:42.0;
15;26117.5;2019-04-11 19:19:43.0;
15;26117;2019-04-11 19:19:45.0;
15;26117.5;2019-04-11 19:19:46.0;
15;26118;2019-04-11 19:20:05.0;
15;26117.5;2019-04-11 19:20:11.0;
15;26118;2019-04-11 19:20:18.0;
15;26116;2019-04-11 19:20:27.0;
15;26115.5;2019-04-11 19:20:33.0;
15;26115;2019-04-11 19:20:35.0;
15;26116;2019-04-11 19:20:39.0;
15;26117;2019-04-11 19:20:49.0;
15;26117.5;2019-04-11 19:21:04.0;
15;26117;2019-04-11 19:21:06.0;
15;26117.5;2019-04-11 19:21:09.0;
15;26116.5;2019-04-11 19:21:10.0;
15;26115;2019-04-11 19:21:17.0;
15;26115.5;2019-04-11 19:21:23.0;
15;26115;2019-04-11 19:21:38.0;
15;26114.5;2019-04-11 19:21:43.0;
15;26115.5;2019-04-11 19:21:46.0;
15;26113.5;2019-04-11 19:22:06.0;
15;26112.5;2019-04-11 19:22:19.0;
15;26113.5;2019-04-11 19:22:25.0;
15;26113;2019-04-11 19:22:28.0;
15;26115.5;2019-04-11 19:22:34.0;
15;26113;2019-04-11 19:22:35.0;
15;26115.5;2019-04-11 19:22:37.0;
15;26116.5;2019-04-11 19:23:00.0;
15;26117.5;2019-04-11 19:23:01.0;
15;26119.5;2019-04-11 19:23:12.0;
15;26118;2019-04-11 19:23:18.0;
15;26117.5;2019-04-11 19:23:27.0;
15;26115.5;2019-04-11 19:24:06.0;
15;26115;2019-04-11 19:24:13.0;
15;26117.5;2019-04-11 19:24:20.0;
15;26115.5;2019-04-11 19:24:22.0;
15;26115;2019-04-11 19:24:27.0;
15;26115.5;2019-04-11 19:24:33.0;
15;26116.5;2019-04-11 19:24:37.0;
15;26117;2019-04-11 19:24:40.0;
15;26116.5;2019-04-11 19:24:41.0;
15;26115;2019-04-11 19:24:48.0;
15;26116;2019-04-11 19:24:52.0;
15;26117;2019-04-11 19:24:54.0;
15;26115.5;2019-04-11 19:25:05.0;
15;26115;2019-04-11 19:25:10.0;
15;26116;2019-04-11 19:25:16.0;
15;26116.5;2019-04-11 19:25:18.0;
15;26116;2019-04-11 19:25:29.0;
15;26116.5;2019-04-11 19:25:32.0;
15;26116;2019-04-11 19:25:33.0;
15;26116.5;2019-04-11 19:25:36.0;
15;26116;2019-04-11 19:25:37.0;
15;26117.5;2019-04-11 19:25:39.0;
15;26118;2019-04-11 19:25:49.0;
15;26118.5;2019-04-11 19:26:04.0;
15;26116.5;2019-04-11 19:26:24.0;
15;26116;2019-04-11 19:26:28.0;
15;26117.5;2019-04-11 19:26:36.0;
15;26118.5;2019-04-11 19:26:54.0;
15;26119.5;2019-04-11 19:27:06.0;
15;26120;2019-04-11 19:27:19.0;
15;26118.5;2019-04-11 19:27:27.0;
15;26120;2019-04-11 19:27:29.0;
15;26118.5;2019-04-11 19:27:30.0;
15;26118;2019-04-11 19:27:33.0;
15;26118.5;2019-04-11 19:27:36.0;
15;26119.5;2019-04-11 19:27:46.0;
15;26120.5;2019-04-11 19:27:47.0;
15;26119.5;2019-04-11 19:27:49.0;
15;26120.5;2019-04-11 19:27:50.0;
15;26123;2019-04-11 19:28:08.0;
15;26120.5;2019-04-11 19:28:12.0;
15;26119;2019-04-11 19:28:17.0;
15;26119.5;2019-04-11 19:28:24.0;
15;26119;2019-04-11 19:28:25.0;
15;26119.5;2019-04-11 19:28:27.0;
15;26120;2019-04-11 19:28:28.0;
15;26120.5;2019-04-11 19:28:33.0;
15;26119;2019-04-11 19:28:42.0;
15;26118.5;2019-04-11 19:28:49.0;
15;26119.5;2019-04-11 19:28:55.0;
15;26120.5;2019-04-11 19:29:03.0;
15;26119.5;2019-04-11 19:29:19.0;
15;26119;2019-04-11 19:29:25.0;
15;26118.5;2019-04-11 19:29:36.0;
15;26118;2019-04-11 19:29:40.0;
15;26117.5;2019-04-11 19:29:47.0;
15;26115.5;2019-04-11 19:30:03.0;
15;26117.5;2019-04-11 19:30:04.0;
15;26116;2019-04-11 19:30:07.0;
15;26115.5;2019-04-11 19:30:11.0;
15;26114;2019-04-11 19:30:15.0;
15;26113;2019-04-11 19:30:17.0;
15;26114;2019-04-11 19:30:19.0;
15;26113;2019-04-11 19:30:22.0;
15;26113.5;2019-04-11 19:30:23.0;
15;26113;2019-04-11 19:30:24.0;
15;26113.5;2019-04-11 19:30:26.0;
15;26112.5;2019-04-11 19:30:33.0;
15;26113.5;2019-04-11 19:30:35.0;
15;26112.5;2019-04-11 19:30:36.0;
15;26109.5;2019-04-11 19:30:44.0;
15;26108.5;2019-04-11 19:30:51.0;
15;26107.5;2019-04-11 19:30:58.0;
15;26105.5;2019-04-11 19:31:02.0;
15;26106.5;2019-04-11 19:31:10.0;
15;26108.5;2019-04-11 19:31:14.0;
15;26109.5;2019-04-11 19:31:22.0;
15;26108;2019-04-11 19:31:28.0;
15;26109.5;2019-04-11 19:31:29.0;
15;26107;2019-04-11 19:31:30.0;
15;26105.5;2019-04-11 19:31:33.0;
15;26106.5;2019-04-11 19:31:39.0;
15;26106;2019-04-11 19:31:47.0;
15;26104.5;2019-04-11 19:32:04.0;
15;26102.5;2019-04-11 19:32:10.0;
15;26101.5;2019-04-11 19:32:16.0;
15;26102.5;2019-04-11 19:32:21.0;
15;26103;2019-04-11 19:32:26.0;
15;26102.5;2019-04-11 19:32:28.0;
15;26103;2019-04-11 19:32:29.0;
15;26102;2019-04-11 19:32:30.0;
15;26103;2019-04-11 19:32:36.0;
15;26105.5;2019-04-11 19:32:45.0;
15;26107;2019-04-11 19:32:46.0;
15;26105.5;2019-04-11 19:32:48.0;
15;26107;2019-04-11 19:32:49.0;
15;26107.5;2019-04-11 19:32:52.0;
15;26107;2019-04-11 19:32:53.0;
15;26105.5;2019-04-11 19:32:55.0;
15;26106.5;2019-04-11 19:33:03.0;
15;26107.5;2019-04-11 19:33:16.0;
15;26107;2019-04-11 19:33:22.0;
15;26108.5;2019-04-11 19:33:26.0;
15;26107;2019-04-11 19:33:28.0;
15;26108.5;2019-04-11 19:33:29.0;
15;26108;2019-04-11 19:33:32.0;
15;26107.5;2019-04-11 19:33:38.0;
15;26108.5;2019-04-11 19:33:47.0;
15;26109.5;2019-04-11 19:34:05.0;
15;26110;2019-04-11 19:34:09.0;
15;26106.5;2019-04-11 19:34:15.0;
15;26110;2019-04-11 19:34:16.0;
15;26106.5;2019-04-11 19:34:17.0;
15;26107.5;2019-04-11 19:34:19.0;
15;26108.5;2019-04-11 19:34:24.0;
15;26108;2019-04-11 19:34:28.0;
15;26109.5;2019-04-11 19:34:36.0;
15;26109;2019-04-11 19:34:47.0;
15;26110.5;2019-04-11 19:34:54.0;
15;26110;2019-04-11 19:34:59.0;
15;26110.5;2019-04-11 19:35:02.0;
15;26112.5;2019-04-11 19:35:15.0;
15;26113;2019-04-11 19:35:16.0;
15;26112.5;2019-04-11 19:35:19.0;
15;26113;2019-04-11 19:35:20.0;
15;26113.5;2019-04-11 19:35:24.0;
15;26112.5;2019-04-11 19:35:34.0;
15;26111.5;2019-04-11 19:35:48.0;
15;26112.5;2019-04-11 19:35:51.0;
15;26110;2019-04-11 19:36:05.0;
15;26109.5;2019-04-11 19:36:10.0;
15;26108.5;2019-04-11 19:36:12.0;
15;26109.5;2019-04-11 19:36:14.0;
15;26108.5;2019-04-11 19:36:16.0;
15;26106.5;2019-04-11 19:36:17.0;
15;26108;2019-04-11 19:36:18.0;
15;26106.5;2019-04-11 19:36:21.0;
15;26108;2019-04-11 19:36:22.0;
15;26107.5;2019-04-11 19:36:24.0;
15;26109.5;2019-04-11 19:36:26.0;
15;26109;2019-04-11 19:36:33.0;
15;26108.5;2019-04-11 19:36:35.0;
15;26109;2019-04-11 19:36:37.0;
15;26108.5;2019-04-11 19:36:38.0;
15;26109;2019-04-11 19:36:48.0;
15;26108;2019-04-11 19:36:51.0;
15;26108.5;2019-04-11 19:37:06.0;
15;26109.5;2019-04-11 19:37:12.0;
15;26111;2019-04-11 19:37:19.0;
15;26110.5;2019-04-11 19:37:24.0;
15;26110;2019-04-11 19:37:27.0;
15;26110.5;2019-04-11 19:37:29.0;
15;26110;2019-04-11 19:37:30.0;
15;26108.5;2019-04-11 19:37:34.0;
15;26107.5;2019-04-11 19:37:35.0;
15;26110.5;2019-04-11 19:37:40.0;
15;26107.5;2019-04-11 19:38:05.0;
15;26108;2019-04-11 19:38:11.0;
15;26107.5;2019-04-11 19:38:12.0;
15;26108;2019-04-11 19:38:13.0;
15;26106;2019-04-11 19:38:15.0;
15;26106.5;2019-04-11 19:38:21.0;
15;26106;2019-04-11 19:38:22.0;
15;26106.5;2019-04-11 19:38:24.0;
15;26104.5;2019-04-11 19:38:25.0;
15;26105.5;2019-04-11 19:38:28.0;
15;26104.5;2019-04-11 19:38:31.0;
15;26103.5;2019-04-11 19:38:39.0;
15;26104.5;2019-04-11 19:38:45.0;
15;26102.5;2019-04-11 19:38:50.0;
15;26103;2019-04-11 19:38:56.0;
15;26104;2019-04-11 19:38:59.0;
15;26103;2019-04-11 19:39:01.0;
15;26104;2019-04-11 19:39:03.0;
15;26104.5;2019-04-11 19:39:10.0;
15;26104;2019-04-11 19:39:11.0;
15;26104.5;2019-04-11 19:39:12.0;
15;26104;2019-04-11 19:39:14.0;
15;26105;2019-04-11 19:39:20.0;
15;26106;2019-04-11 19:39:26.0;
15;26102;2019-04-11 19:39:31.0;
15;26099.5;2019-04-11 19:39:39.0;
15;26102;2019-04-11 19:39:42.0;
15;26099.5;2019-04-11 19:39:44.0;
15;26098.5;2019-04-11 19:39:45.0;
15;26100;2019-04-11 19:39:52.0;
15;26100.5;2019-04-11 19:40:03.0;
15;26098.5;2019-04-11 19:40:07.0;
15;26100.5;2019-04-11 19:40:09.0;
15;26098.5;2019-04-11 19:40:10.0;
15;26100;2019-04-11 19:40:12.0;
15;26098.5;2019-04-11 19:40:13.0;
15;26100;2019-04-11 19:40:15.0;
15;26101;2019-04-11 19:40:17.0;
15;26100;2019-04-11 19:40:19.0;
15;26101;2019-04-11 19:40:21.0;
15;26098;2019-04-11 19:40:23.0;
15;26096.5;2019-04-11 19:40:31.0;
15;26097;2019-04-11 19:40:38.0;
15;26094.5;2019-04-11 19:40:50.0;
15;26095;2019-04-11 19:40:57.0;
15;26094.5;2019-04-11 19:41:01.0;
15;26087;2019-04-11 19:41:08.0;
15;26087.5;2019-04-11 19:41:14.0;
15;26086.5;2019-04-11 19:41:16.0;
15;26084.5;2019-04-11 19:41:20.0;
15;26085.5;2019-04-11 19:41:29.0;
15;26088.5;2019-04-11 19:41:33.0;
15;26090;2019-04-11 19:41:38.0;
15;26087.5;2019-04-11 19:41:40.0;
15;26085.5;2019-04-11 19:41:46.0;
15;26086;2019-04-11 19:41:47.0;
15;26078.5;2019-04-11 19:42:03.0;
15;26086;2019-04-11 19:42:05.0;
15;26078.5;2019-04-11 19:42:06.0;
15;26078;2019-04-11 19:42:10.0;
15;26081.5;2019-04-11 19:42:12.0;
15;26078;2019-04-11 19:42:14.0;
15;26081.5;2019-04-11 19:42:15.0;
15;26083.5;2019-04-11 19:42:17.0;
15;26080;2019-04-11 19:42:25.0;
15;26077.5;2019-04-11 19:42:27.0;
15;26078;2019-04-11 19:42:32.0;
15;26078.5;2019-04-11 19:42:39.0;
15;26079;2019-04-11 19:42:40.0;
15;26078.5;2019-04-11 19:42:41.0;
15;26079;2019-04-11 19:42:43.0;
15;26078;2019-04-11 19:42:51.0;
15;26076.5;2019-04-11 19:43:00.0;
15;26078;2019-04-11 19:43:01.0;
15;26076.5;2019-04-11 19:43:02.0;
15;26077;2019-04-11 19:43:04.0;
15;26076.5;2019-04-11 19:43:05.0;
15;26077;2019-04-11 19:43:07.0;
15;26076;2019-04-11 19:43:08.0;
15;26078;2019-04-11 19:43:11.0;
15;26078.5;2019-04-11 19:43:21.0;
15;26082.5;2019-04-11 19:43:25.0;
15;26084;2019-04-11 19:43:27.0;
15;26082.5;2019-04-11 19:43:28.0;
15;26084;2019-04-11 19:43:29.0;
15;26082.5;2019-04-11 19:43:32.0;
15;26084;2019-04-11 19:43:34.0;
15;26081.5;2019-04-11 19:43:35.0;
15;26081;2019-04-11 19:43:43.0;
15;26079;2019-04-11 19:43:44.0;
15;26079.5;2019-04-11 19:43:48.0;
15;26080.5;2019-04-11 19:44:06.0;
15;26079.5;2019-04-11 19:44:11.0;
15;26080;2019-04-11 19:44:21.0;
15;26081.5;2019-04-11 19:44:27.0;
15;26080.5;2019-04-11 19:44:31.0;
15;26081.5;2019-04-11 19:44:34.0;
15;26082.5;2019-04-11 19:44:40.0;
15;26084.5;2019-04-11 19:44:47.0;
15;26083.5;2019-04-11 19:44:51.0;
15;26084.5;2019-04-11 19:44:53.0;
15;26083.5;2019-04-11 19:44:54.0;
15;26084.5;2019-04-11 19:44:55.0;
15;26082.5;2019-04-11 19:45:06.0;
15;26083.5;2019-04-11 19:45:18.0;
15;26082.5;2019-04-11 19:45:24.0;
15;26083;2019-04-11 19:45:30.0;
15;26084;2019-04-11 19:45:31.0;
15;26083.5;2019-04-11 19:45:35.0;
15;26085;2019-04-11 19:45:38.0;
15;26083.5;2019-04-11 19:45:40.0;
15;26085;2019-04-11 19:45:41.0;
15;26086.5;2019-04-11 19:45:45.0;
15;26087;2019-04-11 19:46:06.0;
15;26086.5;2019-04-11 19:46:12.0;
15;26087;2019-04-11 19:46:23.0;
15;26086.5;2019-04-11 19:46:26.0;
15;26087;2019-04-11 19:46:27.0;
15;26089.5;2019-04-11 19:46:30.0;
15;26087;2019-04-11 19:46:32.0;
15;26089.5;2019-04-11 19:46:33.0;
15;26088;2019-04-11 19:46:39.0;
15;26089;2019-04-11 19:46:47.0;
15;26088.5;2019-04-11 19:47:02.0;
15;26089;2019-04-11 19:47:03.0;
15;26088.5;2019-04-11 19:47:06.0;
15;26089;2019-04-11 19:47:07.0;
15;26091.5;2019-04-11 19:47:09.0;
15;26090.5;2019-04-11 19:47:17.0;
15;26091.5;2019-04-11 19:47:23.0;
15;26091;2019-04-11 19:47:35.0;
15;26091.5;2019-04-11 19:47:36.0;
15;26091;2019-04-11 19:47:39.0;
15;26090.5;2019-04-11 19:47:40.0;
15;26091.5;2019-04-11 19:47:44.0;
15;26093.5;2019-04-11 19:48:03.0;
15;26095.5;2019-04-11 19:48:09.0;
15;26097.5;2019-04-11 19:48:12.0;
15;26098.5;2019-04-11 19:48:16.0;
15;26096.5;2019-04-11 19:48:23.0;
15;26096;2019-04-11 19:48:27.0;
15;26097;2019-04-11 19:48:34.0;
15;26096.5;2019-04-11 19:48:36.0;
15;26097;2019-04-11 19:48:37.0;
15;26096.5;2019-04-11 19:48:38.0;
15;26099;2019-04-11 19:48:48.0;
15;26096.5;2019-04-11 19:48:52.0;
15;26097.5;2019-04-11 19:48:55.0;
15;26096.5;2019-04-11 19:48:56.0;
15;26097.5;2019-04-11 19:48:58.0;
15;26098;2019-04-11 19:49:04.0;
15;26097;2019-04-11 19:49:12.0;
15;26096.5;2019-04-11 19:49:17.0;
15;26097;2019-04-11 19:49:18.0;
15;26096.5;2019-04-11 19:49:20.0;
15;26094.5;2019-04-11 19:49:23.0;
15;26093.5;2019-04-11 19:49:31.0;
15;26093;2019-04-11 19:49:34.0;
15;26093.5;2019-04-11 19:49:35.0;
15;26093;2019-04-11 19:49:37.0;
15;26091.5;2019-04-11 19:49:40.0;
15;26094.5;2019-04-11 19:49:47.0;
15;26095.5;2019-04-11 19:50:13.0;
15;26096;2019-04-11 19:50:36.0;
15;26094.5;2019-04-11 19:50:42.0;
15;26093.5;2019-04-11 19:50:44.0;
15;26094.5;2019-04-11 19:50:45.0;
15;26093.5;2019-04-11 19:50:46.0;
15;26094.5;2019-04-11 19:50:48.0;
15;26095.5;2019-04-11 19:50:52.0;
15;26096;2019-04-11 19:50:55.0;
15;26097.5;2019-04-11 19:51:07.0;
15;26096.5;2019-04-11 19:51:13.0;
15;26095.5;2019-04-11 19:51:20.0;
15;26094.5;2019-04-11 19:51:24.0;
15;26095.5;2019-04-11 19:51:31.0;
15;26096.5;2019-04-11 19:51:37.0;
15;26095.5;2019-04-11 19:51:41.0;
15;26096.5;2019-04-11 19:51:43.0;
15;26095.5;2019-04-11 19:51:44.0;
15;26096.5;2019-04-11 19:51:49.0;
15;26095.5;2019-04-11 19:51:50.0;
15;26096.5;2019-04-11 19:51:51.0;
15;26094.5;2019-04-11 19:52:02.0;
15;26096.5;2019-04-11 19:52:04.0;
15;26094.5;2019-04-11 19:52:06.0;
15;26093.5;2019-04-11 19:52:08.0;
15;26092.5;2019-04-11 19:52:12.0;
15;26093;2019-04-11 19:52:19.0;
15;26092.5;2019-04-11 19:52:24.0;
15;26092;2019-04-11 19:52:32.0;
15;26092.5;2019-04-11 19:52:36.0;
15;26092;2019-04-11 19:52:37.0;
15;26092.5;2019-04-11 19:52:39.0;
15;26092;2019-04-11 19:52:47.0;
15;26092.5;2019-04-11 19:52:48.0;
15;26092;2019-04-11 19:52:50.0;
15;26091;2019-04-11 19:52:51.0;
15;26092;2019-04-11 19:52:53.0;
15;26091;2019-04-11 19:52:56.0;
15;26093.5;2019-04-11 19:52:59.0;
15;26091;2019-04-11 19:53:01.0;
15;26093.5;2019-04-11 19:53:02.0;
15;26096;2019-04-11 19:53:03.0;
15;26097.5;2019-04-11 19:53:09.0;
15;26096.5;2019-04-11 19:53:12.0;
15;26097.5;2019-04-11 19:53:13.0;
15;26096.5;2019-04-11 19:53:14.0;
15;26095.5;2019-04-11 19:53:16.0;
15;26093.5;2019-04-11 19:53:19.0;
15;26095.5;2019-04-11 19:53:20.0;
15;26093.5;2019-04-11 19:53:22.0;
15;26094.5;2019-04-11 19:53:26.0;
15;26095.5;2019-04-11 19:53:29.0;
15;26094.5;2019-04-11 19:53:33.0;
15;26095.5;2019-04-11 19:53:37.0;
15;26096;2019-04-11 19:53:43.0;
15;26097.5;2019-04-11 19:53:48.0;
15;26096.5;2019-04-11 19:54:04.0;
15;26097.5;2019-04-11 19:54:06.0;
15;26095.5;2019-04-11 19:54:07.0;
15;26096.5;2019-04-11 19:54:17.0;
15;26097.5;2019-04-11 19:54:20.0;
15;26095.5;2019-04-11 19:54:25.0;
15;26094.5;2019-04-11 19:54:28.0;
15;26093.5;2019-04-11 19:54:33.0;
15;26092.5;2019-04-11 19:54:36.0;
15;26093.5;2019-04-11 19:54:40.0;
15;26094;2019-04-11 19:54:48.0;
15;26093.5;2019-04-11 19:54:49.0;
15;26092.5;2019-04-11 19:54:54.0;
15;26093.5;2019-04-11 19:54:55.0;
15;26092.5;2019-04-11 19:54:57.0;
15;26093.5;2019-04-11 19:54:59.0;
15;26094;2019-04-11 19:55:11.0;
15;26092;2019-04-11 19:55:15.0;
15;26092.5;2019-04-11 19:55:23.0;
15;26093;2019-04-11 19:55:30.0;
15;26090.5;2019-04-11 19:55:33.0;
15;26088.5;2019-04-11 19:55:39.0;
15;26090.5;2019-04-11 19:55:40.0;
15;26088.5;2019-04-11 19:55:42.0;
15;26089.5;2019-04-11 19:55:44.0;
15;26088.5;2019-04-11 19:55:46.0;
15;26089.5;2019-04-11 19:55:49.0;
15;26088.5;2019-04-11 19:55:50.0;
15;26089.5;2019-04-11 19:56:03.0;
15;26091.5;2019-04-11 19:56:10.0;
15;26092;2019-04-11 19:56:11.0;
15;26091.5;2019-04-11 19:56:13.0;
15;26094;2019-04-11 19:56:14.0;
15;26095.5;2019-04-11 19:56:22.0;
15;26096.5;2019-04-11 19:56:27.0;
15;26094.5;2019-04-11 19:56:31.0;
15;26096.5;2019-04-11 19:56:32.0;
15;26094.5;2019-04-11 19:56:34.0;
15;26094;2019-04-11 19:56:35.0;
15;26094.5;2019-04-11 19:56:42.0;
15;26095;2019-04-11 19:56:48.0;
15;26097.5;2019-04-11 19:56:50.0;
15;26097;2019-04-11 19:56:59.0;
15;26096.5;2019-04-11 19:57:06.0;
15;26099.5;2019-04-11 19:57:18.0;
15;26099;2019-04-11 19:57:24.0;
15;26099.5;2019-04-11 19:57:30.0;
15;26098.5;2019-04-11 19:57:34.0;
15;26099;2019-04-11 19:57:39.0;
15;26098.5;2019-04-11 19:57:41.0;
15;26098;2019-04-11 19:57:42.0;
15;26098.5;2019-04-11 19:58:04.0;
15;26099.5;2019-04-11 19:58:09.0;
15;26098;2019-04-11 19:58:11.0;
15;26099;2019-04-11 19:58:21.0;
15;26097.5;2019-04-11 19:58:27.0;
15;26098;2019-04-11 19:58:33.0;
15;26096.5;2019-04-11 19:58:36.0;
15;26095;2019-04-11 19:58:55.0;
15;26095.5;2019-04-11 19:59:11.0;
15;26094.5;2019-04-11 19:59:15.0;
15;26095.5;2019-04-11 19:59:17.0;
15;26094.5;2019-04-11 19:59:18.0;
15;26094;2019-04-11 19:59:20.0;
15;26094.5;2019-04-11 19:59:33.0;
15;26092.5;2019-04-11 19:59:38.0;
15;26091.5;2019-04-11 20:00:04.0;
15;26092;2019-04-11 20:00:10.0;
15;26093;2019-04-11 20:00:13.0;
15;26093.5;2019-04-11 20:00:18.0;
15;26093;2019-04-11 20:00:19.0;
15;26093.5;2019-04-11 20:00:21.0;
15;26098.5;2019-04-11 20:00:22.0;
15;26097;2019-04-11 20:00:27.0;
15;26094.5;2019-04-11 20:00:31.0;
15;26089.5;2019-04-11 20:00:37.0;
15;26094.5;2019-04-11 20:00:38.0;
15;26089.5;2019-04-11 20:00:40.0;
15;26088.5;2019-04-11 20:00:41.0;
15;26091;2019-04-11 20:00:47.0;
15;26088.5;2019-04-11 20:00:48.0;
15;26091;2019-04-11 20:00:50.0;
15;26090.5;2019-04-11 20:00:57.0;
15;26089;2019-04-11 20:01:03.0;
15;26089.5;2019-04-11 20:01:05.0;
15;26088.5;2019-04-11 20:01:10.0;
15;26089.5;2019-04-11 20:01:11.0;
15;26090;2019-04-11 20:01:16.0;
15;26089.5;2019-04-11 20:01:19.0;
15;26089;2019-04-11 20:01:27.0;
15;26088.5;2019-04-11 20:01:36.0;
15;26089;2019-04-11 20:01:40.0;
15;26087.5;2019-04-11 20:01:48.0;
15;26089;2019-04-11 20:02:04.0;
15;26087.5;2019-04-11 20:02:05.0;
15;26089;2019-04-11 20:02:07.0;
15;26087.5;2019-04-11 20:02:09.0;
15;26088;2019-04-11 20:02:12.0;
15;26087;2019-04-11 20:02:15.0;
15;26088;2019-04-11 20:02:16.0;
15;26087;2019-04-11 20:02:18.0;
15;26087.5;2019-04-11 20:02:25.0;
15;26087;2019-04-11 20:02:26.0;
15;26087.5;2019-04-11 20:02:28.0;
15;26089.5;2019-04-11 20:02:32.0;
15;26087.5;2019-04-11 20:02:34.0;
15;26090.5;2019-04-11 20:02:35.0;
15;26091.5;2019-04-11 20:02:44.0;
15;26092.5;2019-04-11 20:02:48.0;
15;26092;2019-04-11 20:02:59.0;
15;26091.5;2019-04-11 20:03:01.0;
15;26090.5;2019-04-11 20:03:03.0;
15;26091.5;2019-04-11 20:03:06.0;
15;26090;2019-04-11 20:03:07.0;
15;26086.5;2019-04-11 20:03:12.0;
15;26088.5;2019-04-11 20:03:20.0;
15;26089;2019-04-11 20:03:23.0;
15;26088.5;2019-04-11 20:03:24.0;
15;26089;2019-04-11 20:03:25.0;
15;26090;2019-04-11 20:03:27.0;
15;26088.5;2019-04-11 20:03:31.0;
15;26090.5;2019-04-11 20:03:41.0;
15;26089.5;2019-04-11 20:04:03.0;
15;26090;2019-04-11 20:04:06.0;
15;26089.5;2019-04-11 20:04:07.0;
15;26090;2019-04-11 20:04:08.0;
15;26089;2019-04-11 20:04:20.0;
15;26089.5;2019-04-11 20:04:24.0;
15;26090;2019-04-11 20:04:29.0;
15;26090.5;2019-04-11 20:04:32.0;
15;26090;2019-04-11 20:04:34.0;
15;26092.5;2019-04-11 20:04:35.0;
15;26092;2019-04-11 20:04:42.0;
15;26090;2019-04-11 20:04:48.0;
15;26090.5;2019-04-11 20:04:53.0;
15;26091;2019-04-11 20:04:57.0;
15;26090;2019-04-11 20:05:03.0;
15;26091.5;2019-04-11 20:05:07.0;
15;26091;2019-04-11 20:05:11.0;
15;26090;2019-04-11 20:05:17.0;
15;26092;2019-04-11 20:05:18.0;
15;26090;2019-04-11 20:05:19.0;
15;26092;2019-04-11 20:05:22.0;
15;26092.5;2019-04-11 20:05:23.0;
15;26093;2019-04-11 20:05:29.0;
15;26094.5;2019-04-11 20:05:35.0;
15;26095;2019-04-11 20:05:38.0;
15;26094.5;2019-04-11 20:05:44.0;
15;26094;2019-04-11 20:05:47.0;
15;26094.5;2019-04-11 20:05:48.0;
15;26094;2019-04-11 20:05:50.0;
15;26087;2019-04-11 20:06:06.0;
15;26087.5;2019-04-11 20:06:07.0;
15;26087;2019-04-11 20:06:10.0;
15;26086;2019-04-11 20:06:11.0;
15;26084;2019-04-11 20:06:15.0;
15;26084.5;2019-04-11 20:06:21.0;
15;26084;2019-04-11 20:06:26.0;
15;26085;2019-04-11 20:06:33.0;
15;26087;2019-04-11 20:06:37.0;
15;26080.5;2019-04-11 20:06:45.0;
15;26080;2019-04-11 20:06:52.0;
15;26080.5;2019-04-11 20:06:54.0;
15;26079;2019-04-11 20:06:56.0;
15;26080;2019-04-11 20:06:57.0;
15;26079;2019-04-11 20:06:58.0;
15;26081;2019-04-11 20:07:00.0;
15;26084.5;2019-04-11 20:07:11.0;
15;26081;2019-04-11 20:07:12.0;
15;26084.5;2019-04-11 20:07:13.0;
15;26083;2019-04-11 20:07:20.0;
15;26082;2019-04-11 20:07:23.0;
15;26083;2019-04-11 20:07:25.0;
15;26082;2019-04-11 20:07:26.0;
15;26081.5;2019-04-11 20:07:28.0;
15;26079.5;2019-04-11 20:07:30.0;
15;26080;2019-04-11 20:07:43.0;
15;26079.5;2019-04-11 20:07:45.0;
15;26080;2019-04-11 20:07:46.0;
15;26079.5;2019-04-11 20:07:49.0;
15;26070.5;2019-04-11 20:08:08.0;
15;26072;2019-04-11 20:08:12.0;
15;26073.5;2019-04-11 20:08:18.0;
15;26075;2019-04-11 20:08:23.0;
15;26073.5;2019-04-11 20:08:25.0;
15;26074.5;2019-04-11 20:08:29.0;
15;26076.5;2019-04-11 20:08:32.0;
15;26077.5;2019-04-11 20:08:37.0;
15;26080.5;2019-04-11 20:08:39.0;
15;26077.5;2019-04-11 20:08:43.0;
15;26078.5;2019-04-11 20:08:47.0;
15;26079;2019-04-11 20:08:56.0;
15;26076.5;2019-04-11 20:08:59.0;
15;26079;2019-04-11 20:09:00.0;
15;26076.5;2019-04-11 20:09:02.0;
15;26076;2019-04-11 20:09:04.0;
15;26076.5;2019-04-11 20:09:06.0;
15;26077;2019-04-11 20:09:08.0;
15;26077.5;2019-04-11 20:09:14.0;
15;26076.5;2019-04-11 20:09:15.0;
15;26078.5;2019-04-11 20:09:19.0;
15;26080;2019-04-11 20:09:25.0;
15;26079;2019-04-11 20:09:28.0;
15;26079.5;2019-04-11 20:09:35.0;
15;26079;2019-04-11 20:09:37.0;
15;26078.5;2019-04-11 20:09:39.0;
15;26073.5;2019-04-11 20:10:04.0;
15;26074.5;2019-04-11 20:10:17.0;
15;26075;2019-04-11 20:10:21.0;
15;26074.5;2019-04-11 20:10:24.0;
15;26074;2019-04-11 20:10:39.0;
15;26074.5;2019-04-11 20:10:45.0;
15;26072.5;2019-04-11 20:10:56.0;
15;26072;2019-04-11 20:11:00.0;
15;26072.5;2019-04-11 20:11:01.0;
15;26072;2019-04-11 20:11:03.0;
15;26070;2019-04-11 20:11:05.0;
15;26072.5;2019-04-11 20:11:08.0;
15;26071;2019-04-11 20:11:18.0;
15;26073;2019-04-11 20:11:22.0;
15;26073.5;2019-04-11 20:11:28.0;
15;26077.5;2019-04-11 20:11:35.0;
15;26074;2019-04-11 20:11:36.0;
15;26077.5;2019-04-11 20:11:39.0;
15;26078;2019-04-11 20:11:45.0;
15;26078.5;2019-04-11 20:11:47.0;
15;26078;2019-04-11 20:11:48.0;
15;26078.5;2019-04-11 20:11:50.0;
15;26080;2019-04-11 20:12:11.0;
15;26080.5;2019-04-11 20:12:14.0;
15;26080;2019-04-11 20:12:16.0;
15;26082.5;2019-04-11 20:12:18.0;
15;26082;2019-04-11 20:12:34.0;
15;26082.5;2019-04-11 20:12:36.0;
15;26082;2019-04-11 20:12:37.0;
15;26079;2019-04-11 20:12:40.0;
15;26080;2019-04-11 20:12:46.0;
15;26079;2019-04-11 20:12:48.0;
15;26080;2019-04-11 20:12:50.0;
15;26082.5;2019-04-11 20:12:52.0;
15;26082;2019-04-11 20:13:02.0;
15;26079.5;2019-04-11 20:13:08.0;
15;26082.5;2019-04-11 20:13:11.0;
15;26083.5;2019-04-11 20:13:16.0;
15;26081.5;2019-04-11 20:13:20.0;
15;26082.5;2019-04-11 20:13:36.0;
15;26083.5;2019-04-11 20:13:39.0;
15;26084;2019-04-11 20:13:49.0;
15;26083.5;2019-04-11 20:14:05.0;
15;26084;2019-04-11 20:14:07.0;
15;26083.5;2019-04-11 20:14:08.0;
15;26085;2019-04-11 20:14:10.0;
15;26082.5;2019-04-11 20:14:21.0;
15;26083.5;2019-04-11 20:14:24.0;
15;26082.5;2019-04-11 20:14:28.0;
15;26081;2019-04-11 20:14:36.0;
15;26082;2019-04-11 20:14:50.0;
15;26081;2019-04-11 20:14:51.0;
15;26079.5;2019-04-11 20:14:57.0;
15;26081;2019-04-11 20:14:58.0;
15;26079.5;2019-04-11 20:15:00.0;
15;26080;2019-04-11 20:15:01.0;
15;26079.5;2019-04-11 20:15:06.0;
15;26080;2019-04-11 20:15:07.0;
15;26078.5;2019-04-11 20:15:08.0;
15;26079;2019-04-11 20:15:20.0;
15;26078.5;2019-04-11 20:15:27.0;
15;26079.5;2019-04-11 20:15:28.0;
15;26078.5;2019-04-11 20:15:30.0;
15;26079.5;2019-04-11 20:15:31.0;
15;26080.5;2019-04-11 20:15:35.0;
15;26079.5;2019-04-11 20:15:38.0;
15;26080.5;2019-04-11 20:15:39.0;
15;26082;2019-04-11 20:15:41.0;
15;26079.5;2019-04-11 20:16:13.0;
15;26078.5;2019-04-11 20:16:14.0;
15;26080;2019-04-11 20:16:28.0;
15;26077.5;2019-04-11 20:16:37.0;
15;26078.5;2019-04-11 20:16:42.0;
15;26078;2019-04-11 20:16:46.0;
15;26076;2019-04-11 20:16:52.0;
15;26075.5;2019-04-11 20:16:57.0;
15;26076.5;2019-04-11 20:16:59.0;
15;26076;2019-04-11 20:17:03.0;
15;26074.5;2019-04-11 20:17:11.0;
15;26075.5;2019-04-11 20:17:16.0;
15;26074.5;2019-04-11 20:17:17.0;
15;26075.5;2019-04-11 20:17:19.0;
15;26078;2019-04-11 20:17:23.0;
15;26077;2019-04-11 20:17:27.0;
15;26078;2019-04-11 20:17:33.0;
15;26075.5;2019-04-11 20:17:36.0;
15;26076;2019-04-11 20:17:42.0;
15;26075.5;2019-04-11 20:18:07.0;
15;26077;2019-04-11 20:18:23.0;
15;26077.5;2019-04-11 20:18:27.0;
15;26080;2019-04-11 20:18:40.0;
15;26080.5;2019-04-11 20:18:44.0;
15;26080;2019-04-11 20:18:46.0;
15;26083.5;2019-04-11 20:18:47.0;
15;26084.5;2019-04-11 20:18:56.0;
15;26086.5;2019-04-11 20:19:00.0;
15;26084.5;2019-04-11 20:19:14.0;
15;26084;2019-04-11 20:19:21.0;
15;26084.5;2019-04-11 20:19:22.0;
15;26083.5;2019-04-11 20:19:24.0;
15;26083;2019-04-11 20:19:31.0;
15;26084;2019-04-11 20:19:35.0;
15;26083;2019-04-11 20:19:36.0;
15;26084;2019-04-11 20:19:38.0;
15;26085;2019-04-11 20:19:44.0;
15;26083;2019-04-11 20:19:50.0;
15;26082.5;2019-04-11 20:20:06.0;
15;26082;2019-04-11 20:20:07.0;
15;26083.5;2019-04-11 20:20:13.0;
15;26082;2019-04-11 20:20:14.0;
15;26083;2019-04-11 20:20:22.0;
15;26080;2019-04-11 20:20:25.0;
15;26081.5;2019-04-11 20:20:33.0;
15;26082.5;2019-04-11 20:20:37.0;
15;26081;2019-04-11 20:20:44.0;
15;26081.5;2019-04-11 20:20:49.0;
15;26082.5;2019-04-11 20:20:56.0;
15;26083;2019-04-11 20:21:01.0;
15;26083.5;2019-04-11 20:21:14.0;
15;26084;2019-04-11 20:21:20.0;
15;26083.5;2019-04-11 20:21:21.0;
15;26084;2019-04-11 20:21:22.0;
15;26083.5;2019-04-11 20:21:25.0;
15;26084;2019-04-11 20:21:26.0;
15;26083;2019-04-11 20:21:28.0;
15;26080.5;2019-04-11 20:21:32.0;
15;26082;2019-04-11 20:21:41.0;
15;26082.5;2019-04-11 20:21:45.0;
15;26084.5;2019-04-11 20:22:03.0;
15;26082.5;2019-04-11 20:22:05.0;
15;26084.5;2019-04-11 20:22:06.0;
15;26083.5;2019-04-11 20:22:09.0;
15;26082.5;2019-04-11 20:22:15.0;
15;26084.5;2019-04-11 20:22:19.0;
15;26085.5;2019-04-11 20:22:27.0;
15;26085;2019-04-11 20:22:32.0;
15;26084.5;2019-04-11 20:22:35.0;
15;26086;2019-04-11 20:22:44.0;
15;26084.5;2019-04-11 20:22:52.0;
15;26085.5;2019-04-11 20:22:54.0;
15;26083.5;2019-04-11 20:22:55.0;
15;26084.5;2019-04-11 20:23:00.0;
15;26081.5;2019-04-11 20:23:04.0;
15;26081;2019-04-11 20:23:13.0;
15;26081.5;2019-04-11 20:23:17.0;
15;26082.5;2019-04-11 20:23:29.0;
15;26082;2019-04-11 20:23:31.0;
15;26082.5;2019-04-11 20:23:39.0;
15;26082;2019-04-11 20:23:50.0;
15;26083;2019-04-11 20:24:08.0;
15;26083.5;2019-04-11 20:24:18.0;
15;26084.5;2019-04-11 20:24:25.0;
15;26085.5;2019-04-11 20:24:32.0;
15;26084.5;2019-04-11 20:24:34.0;
15;26082;2019-04-11 20:24:35.0;
15;26081.5;2019-04-11 20:24:43.0;
15;26082.5;2019-04-11 20:24:48.0;
15;26079.5;2019-04-11 20:24:51.0;
15;26078.5;2019-04-11 20:24:55.0;
15;26079.5;2019-04-11 20:25:01.0;
15;26078.5;2019-04-11 20:25:06.0;
15;26077.5;2019-04-11 20:25:07.0;
15;26078.5;2019-04-11 20:25:09.0;
15;26077.5;2019-04-11 20:25:10.0;
15;26077;2019-04-11 20:25:14.0;
15;26077.5;2019-04-11 20:25:20.0;
15;26077;2019-04-11 20:25:27.0;
15;26076;2019-04-11 20:25:35.0;
15;26075.5;2019-04-11 20:25:40.0;
15;26076;2019-04-11 20:25:41.0;
15;26075.5;2019-04-11 20:25:43.0;
15;26077;2019-04-11 20:26:16.0;
15;26077.5;2019-04-11 20:26:19.0;
15;26077;2019-04-11 20:26:22.0;
15;26078.5;2019-04-11 20:26:27.0;
15;26079.5;2019-04-11 20:26:36.0;
15;26078.5;2019-04-11 20:26:41.0;
15;26079.5;2019-04-11 20:26:44.0;
15;26076.5;2019-04-11 20:26:51.0;
15;26079;2019-04-11 20:27:04.0;
15;26079.5;2019-04-11 20:27:09.0;
15;26079;2019-04-11 20:27:12.0;
15;26079.5;2019-04-11 20:27:18.0;
15;26079;2019-04-11 20:27:21.0;
15;26079.5;2019-04-11 20:27:23.0;
15;26079;2019-04-11 20:27:24.0;
15;26078.5;2019-04-11 20:27:29.0;
15;26078;2019-04-11 20:27:44.0;
15;26076;2019-04-11 20:27:50.0;
15;26075;2019-04-11 20:28:05.0;
15;26074;2019-04-11 20:28:08.0;
15;26073.5;2019-04-11 20:28:15.0;
15;26074;2019-04-11 20:28:28.0;
15;26075;2019-04-11 20:28:29.0;
15;26075.5;2019-04-11 20:28:35.0;
15;26073.5;2019-04-11 20:28:39.0;
15;26073;2019-04-11 20:28:49.0;
15;26072.5;2019-04-11 20:28:51.0;
15;26073;2019-04-11 20:28:52.0;
15;26072.5;2019-04-11 20:28:55.0;
15;26071.5;2019-04-11 20:28:57.0;
15;26070.5;2019-04-11 20:29:08.0;
15;26071;2019-04-11 20:29:16.0;
15;26070.5;2019-04-11 20:29:20.0;
15;26071;2019-04-11 20:29:26.0;
15;26071.5;2019-04-11 20:29:32.0;
15;26070.5;2019-04-11 20:29:36.0;
15;26067.5;2019-04-11 20:29:39.0;
15;26070.5;2019-04-11 20:29:40.0;
15;26067.5;2019-04-11 20:29:42.0;
15;26066;2019-04-11 20:29:48.0;
15;26062;2019-04-11 20:30:04.0;
15;26063.5;2019-04-11 20:30:06.0;
15;26064.5;2019-04-11 20:30:14.0;
15;26064;2019-04-11 20:30:18.0;
15;26063;2019-04-11 20:30:23.0;
15;26063.5;2019-04-11 20:30:26.0;
15;26066;2019-04-11 20:30:38.0;
15;26068.5;2019-04-11 20:30:48.0;
15;26069.5;2019-04-11 20:30:53.0;
15;26071.5;2019-04-11 20:31:00.0;
15;26070.5;2019-04-11 20:31:02.0;
15;26071.5;2019-04-11 20:31:03.0;
15;26070;2019-04-11 20:31:06.0;
15;26071.5;2019-04-11 20:31:16.0;
15;26073.5;2019-04-11 20:31:19.0;
15;26076.5;2019-04-11 20:31:26.0;
15;26077.5;2019-04-11 20:31:34.0;
15;26078.5;2019-04-11 20:31:43.0;
15;26076.5;2019-04-11 20:32:05.0;
15;26081;2019-04-11 20:32:10.0;
15;26080;2019-04-11 20:32:14.0;
15;26079.5;2019-04-11 20:32:20.0;
15;26080;2019-04-11 20:32:23.0;
15;26079.5;2019-04-11 20:32:24.0;
15;26078.5;2019-04-11 20:32:26.0;
15;26076.5;2019-04-11 20:32:28.0;
15;26074.5;2019-04-11 20:32:36.0;
15;26077.5;2019-04-11 20:32:37.0;
15;26075.5;2019-04-11 20:32:45.0;
15;26073.5;2019-04-11 20:32:48.0;
15;26075.5;2019-04-11 20:32:49.0;
15;26073.5;2019-04-11 20:32:51.0;
15;26074;2019-04-11 20:32:52.0;
15;26074.5;2019-04-11 20:32:58.0;
15;26072.5;2019-04-11 20:33:05.0;
15;26071.5;2019-04-11 20:33:08.0;
15;26070.5;2019-04-11 20:33:16.0;
15;26072.5;2019-04-11 20:33:22.0;
15;26071.5;2019-04-11 20:33:24.0;
15;26072.5;2019-04-11 20:33:26.0;
15;26071;2019-04-11 20:33:28.0;
15;26071.5;2019-04-11 20:33:30.0;
15;26071;2019-04-11 20:33:32.0;
15;26072;2019-04-11 20:33:33.0;
15;26074.5;2019-04-11 20:33:36.0;
15;26075;2019-04-11 20:33:44.0;
15;26073;2019-04-11 20:34:11.0;
15;26074.5;2019-04-11 20:34:18.0;
15;26075.5;2019-04-11 20:34:20.0;
15;26074.5;2019-04-11 20:34:23.0;
15;26075.5;2019-04-11 20:34:26.0;
15;26076.5;2019-04-11 20:34:27.0;
15;26077.5;2019-04-11 20:34:32.0;
15;26077;2019-04-11 20:34:43.0;
15;26075;2019-04-11 20:34:53.0;
15;26074;2019-04-11 20:34:55.0;
15;26073.5;2019-04-11 20:35:00.0;
15;26075;2019-04-11 20:35:07.0;
15;26073;2019-04-11 20:35:15.0;
15;26071;2019-04-11 20:35:20.0;
15;26071.5;2019-04-11 20:35:31.0;
15;26072.5;2019-04-11 20:35:42.0;
15;26073;2019-04-11 20:35:43.0;
15;26074;2019-04-11 20:35:48.0;
15;26076.5;2019-04-11 20:36:04.0;
15;26076;2019-04-11 20:36:08.0;
15;26076.5;2019-04-11 20:36:10.0;
15;26076;2019-04-11 20:36:12.0;
15;26076.5;2019-04-11 20:36:13.0;
15;26078.5;2019-04-11 20:36:35.0;
15;26079.5;2019-04-11 20:36:48.0;
15;26078.5;2019-04-11 20:36:50.0;
15;26079.5;2019-04-11 20:36:51.0;
15;26080;2019-04-11 20:36:56.0;
15;26079.5;2019-04-11 20:36:58.0;
15;26080;2019-04-11 20:36:59.0;
15;26078.5;2019-04-11 20:37:01.0;
15;26080;2019-04-11 20:37:02.0;
15;26078.5;2019-04-11 20:37:04.0;
15;26079.5;2019-04-11 20:37:05.0;
15;26078;2019-04-11 20:37:10.0;
15;26080.5;2019-04-11 20:37:12.0;
15;26079;2019-04-11 20:37:21.0;
15;26081;2019-04-11 20:37:33.0;
15;26080;2019-04-11 20:37:36.0;
15;26081;2019-04-11 20:37:37.0;
15;26080;2019-04-11 20:37:38.0;
15;26080.5;2019-04-11 20:37:44.0;
15;26081;2019-04-11 20:37:50.0;
15;26079.5;2019-04-11 20:38:03.0;
15;26076.5;2019-04-11 20:38:08.0;
15;26077;2019-04-11 20:38:16.0;
15;26074;2019-04-11 20:38:23.0;
15;26076.5;2019-04-11 20:38:35.0;
15;26075;2019-04-11 20:38:52.0;
15;26076.5;2019-04-11 20:39:05.0;
15;26077.5;2019-04-11 20:39:16.0;
15;26079;2019-04-11 20:39:22.0;
15;26079.5;2019-04-11 20:39:24.0;
15;26079;2019-04-11 20:39:26.0;
15;26079.5;2019-04-11 20:39:28.0;
15;26079;2019-04-11 20:39:36.0;
15;26079.5;2019-04-11 20:39:37.0;
15;26079;2019-04-11 20:39:44.0;
15;26075.5;2019-04-11 20:39:49.0;
15;26078;2019-04-11 20:40:05.0;
15;26078.5;2019-04-11 20:40:11.0;
15;26079.5;2019-04-11 20:40:13.0;
15;26080.5;2019-04-11 20:40:15.0;
15;26081;2019-04-11 20:40:19.0;
15;26080.5;2019-04-11 20:40:26.0;
15;26081;2019-04-11 20:40:33.0;
15;26082;2019-04-11 20:40:40.0;
15;26080;2019-04-11 20:40:44.0;
15;26081;2019-04-11 20:40:50.0;
15;26080.5;2019-04-11 20:40:55.0;
15;26082.5;2019-04-11 20:40:57.0;
15;26083.5;2019-04-11 20:41:01.0;
15;26082.5;2019-04-11 20:41:06.0;
15;26083;2019-04-11 20:41:15.0;
15;26084.5;2019-04-11 20:41:20.0;
15;26083;2019-04-11 20:41:22.0;
15;26084.5;2019-04-11 20:41:23.0;
15;26083.5;2019-04-11 20:41:28.0;
15;26085.5;2019-04-11 20:41:32.0;
15;26084.5;2019-04-11 20:41:35.0;
15;26085.5;2019-04-11 20:41:36.0;
15;26084.5;2019-04-11 20:41:37.0;
15;26086;2019-04-11 20:41:40.0;
15;26087.5;2019-04-11 20:41:43.0;
15;26087;2019-04-11 20:41:47.0;
15;26082.5;2019-04-11 20:42:06.0;
15;26083;2019-04-11 20:42:08.0;
15;26083.5;2019-04-11 20:42:16.0;
15;26082.5;2019-04-11 20:42:18.0;
15;26083.5;2019-04-11 20:42:20.0;
15;26082.5;2019-04-11 20:42:21.0;
15;26083.5;2019-04-11 20:42:26.0;
15;26083;2019-04-11 20:42:41.0;
15;26083.5;2019-04-11 20:42:42.0;
15;26086;2019-04-11 20:42:48.0;
15;26086.5;2019-04-11 20:42:55.0;
15;26089.5;2019-04-11 20:43:04.0;
15;26086.5;2019-04-11 20:43:05.0;
15;26089.5;2019-04-11 20:43:06.0;
15;26091;2019-04-11 20:43:09.0;
15;26093.5;2019-04-11 20:43:15.0;
15;26091;2019-04-11 20:43:17.0;
15;26093;2019-04-11 20:43:19.0;
15;26094.5;2019-04-11 20:43:27.0;
15;26093;2019-04-11 20:43:29.0;
15;26094.5;2019-04-11 20:43:30.0;
15;26093.5;2019-04-11 20:43:32.0;
15;26096.5;2019-04-11 20:43:41.0;
15;26097;2019-04-11 20:44:06.0;
15;26097.5;2019-04-11 20:44:14.0;
15;26096.5;2019-04-11 20:44:18.0;
15;26097.5;2019-04-11 20:44:20.0;
15;26096.5;2019-04-11 20:44:21.0;
15;26094.5;2019-04-11 20:44:23.0;
15;26094;2019-04-11 20:44:39.0;
15;26094.5;2019-04-11 20:44:42.0;
15;26094;2019-04-11 20:44:44.0;
15;26094.5;2019-04-11 20:44:46.0;
15;26095;2019-04-11 20:44:47.0;
15;26094.5;2019-04-11 20:44:48.0;
15;26095;2019-04-11 20:44:50.0;
15;26096;2019-04-11 20:44:53.0;
15;26097.5;2019-04-11 20:44:58.0;
15;26095.5;2019-04-11 20:45:06.0;
15;26094;2019-04-11 20:45:07.0;
15;26093.5;2019-04-11 20:45:13.0;
15;26092.5;2019-04-11 20:45:20.0;
15;26092;2019-04-11 20:45:28.0;
15;26093;2019-04-11 20:45:37.0;
15;26092.5;2019-04-11 20:45:45.0;
15;26094;2019-04-11 20:46:04.0;
15;26092.5;2019-04-11 20:46:05.0;
15;26094;2019-04-11 20:46:07.0;
15;26094.5;2019-04-11 20:46:14.0;
15;26093.5;2019-04-11 20:46:15.0;
15;26094.5;2019-04-11 20:46:22.0;
15;26095.5;2019-04-11 20:46:28.0;
15;26095;2019-04-11 20:46:31.0;
15;26095.5;2019-04-11 20:46:33.0;
15;26094.5;2019-04-11 20:46:35.0;
15;26092.5;2019-04-11 20:46:40.0;
15;26091.5;2019-04-11 20:46:48.0;
15;26092.5;2019-04-11 20:46:49.0;
15;26090.5;2019-04-11 20:46:52.0;
15;26089.5;2019-04-11 20:47:04.0;
15;26090.5;2019-04-11 20:47:08.0;
15;26091;2019-04-11 20:47:11.0;
15;26090.5;2019-04-11 20:47:12.0;
15;26091;2019-04-11 20:47:14.0;
15;26090.5;2019-04-11 20:47:15.0;
15;26090;2019-04-11 20:47:21.0;
15;26090.5;2019-04-11 20:47:22.0;
15;26089.5;2019-04-11 20:47:26.0;
15;26090;2019-04-11 20:47:31.0;
15;26090.5;2019-04-11 20:47:38.0;
15;26091;2019-04-11 20:47:49.0;
15;26093.5;2019-04-11 20:48:06.0;
15;26092.5;2019-04-11 20:48:07.0;
15;26093.5;2019-04-11 20:48:08.0;
15;26092.5;2019-04-11 20:48:10.0;
15;26091;2019-04-11 20:48:12.0;
15;26091.5;2019-04-11 20:48:22.0;
15;26092;2019-04-11 20:48:36.0;
15;26091.5;2019-04-11 20:48:43.0;
15;26093.5;2019-04-11 20:48:55.0;
15;26093;2019-04-11 20:49:00.0;
15;26093.5;2019-04-11 20:49:02.0;
15;26093;2019-04-11 20:49:04.0;
15;26093.5;2019-04-11 20:49:05.0;
15;26091.5;2019-04-11 20:49:08.0;
15;26093.5;2019-04-11 20:49:09.0;
15;26091.5;2019-04-11 20:49:11.0;
15;26090.5;2019-04-11 20:49:12.0;
15;26091;2019-04-11 20:49:16.0;
15;26091.5;2019-04-11 20:49:21.0;
15;26091;2019-04-11 20:49:22.0;
15;26091.5;2019-04-11 20:49:23.0;
15;26092.5;2019-04-11 20:49:39.0;
15;26091.5;2019-04-11 20:49:41.0;
15;26093;2019-04-11 20:49:43.0;
15;26091.5;2019-04-11 20:50:04.0;
15;26091;2019-04-11 20:50:10.0;
15;26084.5;2019-04-11 20:50:11.0;
15;26086.5;2019-04-11 20:50:20.0;
15;26085;2019-04-11 20:50:27.0;
15;26086.5;2019-04-11 20:50:28.0;
15;26085;2019-04-11 20:50:29.0;
15;26083.5;2019-04-11 20:50:32.0;
15;26084.5;2019-04-11 20:50:35.0;
15;26083.5;2019-04-11 20:50:36.0;
15;26084.5;2019-04-11 20:50:38.0;
15;26085.5;2019-04-11 20:50:39.0;
15;26085;2019-04-11 20:50:44.0;
15;26085.5;2019-04-11 20:50:45.0;
15;26085;2019-04-11 20:50:46.0;
15;26085.5;2019-04-11 20:50:48.0;
15;26085;2019-04-11 20:50:56.0;
15;26087.5;2019-04-11 20:51:05.0;
15;26090;2019-04-11 20:51:10.0;
15;26089.5;2019-04-11 20:51:17.0;
15;26090;2019-04-11 20:51:21.0;
15;26091.5;2019-04-11 20:51:23.0;
15;26090;2019-04-11 20:51:25.0;
15;26091.5;2019-04-11 20:51:27.0;
15;26092;2019-04-11 20:51:29.0;
15;26093;2019-04-11 20:51:35.0;
15;26092.5;2019-04-11 20:51:38.0;
15;26091.5;2019-04-11 20:51:40.0;
15;26090;2019-04-11 20:51:43.0;
15;26089.5;2019-04-11 20:52:07.0;
15;26088;2019-04-11 20:52:10.0;
15;26089.5;2019-04-11 20:52:12.0;
15;26088;2019-04-11 20:52:14.0;
15;26089.5;2019-04-11 20:52:18.0;
15;26088;2019-04-11 20:52:20.0;
15;26089.5;2019-04-11 20:52:21.0;
15;26090;2019-04-11 20:52:30.0;
15;26089;2019-04-11 20:52:38.0;
15;26089.5;2019-04-11 20:52:45.0;
15;26090;2019-04-11 20:52:50.0;
15;26089;2019-04-11 20:53:00.0;
15;26089.5;2019-04-11 20:53:10.0;
15;26092.5;2019-04-11 20:53:14.0;
15;26090.5;2019-04-11 20:53:18.0;
15;26089.5;2019-04-11 20:53:27.0;
15;26088.5;2019-04-11 20:53:34.0;
15;26090.5;2019-04-11 20:53:40.0;
15;26089.5;2019-04-11 20:54:03.0;
15;26088.5;2019-04-11 20:54:10.0;
15;26088;2019-04-11 20:54:21.0;
15;26086;2019-04-11 20:54:23.0;
15;26088;2019-04-11 20:54:24.0;
15;26086;2019-04-11 20:54:27.0;
15;26087;2019-04-11 20:54:28.0;
15;26086;2019-04-11 20:54:32.0;
15;26085.5;2019-04-11 20:54:38.0;
15;26086.5;2019-04-11 20:54:41.0;
15;26088;2019-04-11 20:54:44.0;
15;26086.5;2019-04-11 20:54:46.0;
15;26088.5;2019-04-11 20:54:47.0;
15;26088;2019-04-11 20:54:48.0;
15;26088.5;2019-04-11 20:54:50.0;
15;26087.5;2019-04-11 20:54:57.0;
15;26087;2019-04-11 20:55:00.0;
15;26086;2019-04-11 20:55:05.0;
15;26085.5;2019-04-11 20:55:10.0;
15;26086;2019-04-11 20:55:18.0;
15;26086.5;2019-04-11 20:55:20.0;
15;26086;2019-04-11 20:55:21.0;
15;26086.5;2019-04-11 20:55:23.0;
15;26085;2019-04-11 20:55:27.0;
15;26083.5;2019-04-11 20:55:31.0;
15;26085;2019-04-11 20:55:33.0;
15;26083.5;2019-04-11 20:55:34.0;
15;26084;2019-04-11 20:55:38.0;
15;26084.5;2019-04-11 20:55:44.0;
15;26082;2019-04-11 20:56:04.0;
15;26082.5;2019-04-11 20:56:12.0;
15;26081.5;2019-04-11 20:56:20.0;
15;26080.5;2019-04-11 20:56:27.0;
15;26081;2019-04-11 20:56:31.0;
15;26087.5;2019-04-11 20:56:35.0;
15;26086.5;2019-04-11 20:56:41.0;
15;26087;2019-04-11 20:56:46.0;
15;26086.5;2019-04-11 20:57:00.0;
15;26088;2019-04-11 20:57:06.0;
15;26086.5;2019-04-11 20:57:07.0;
15;26088;2019-04-11 20:57:10.0;
15;26086.5;2019-04-11 20:57:11.0;
15;26088.5;2019-04-11 20:57:15.0;
15;26089;2019-04-11 20:57:23.0;
15;26088.5;2019-04-11 20:57:27.0;
15;26089.5;2019-04-11 20:57:32.0;
15;26090;2019-04-11 20:57:38.0;
15;26089.5;2019-04-11 20:57:42.0;
15;26088.5;2019-04-11 20:57:49.0;
15;26087.5;2019-04-11 20:58:04.0;
15;26085.5;2019-04-11 20:58:13.0;
15;26087.5;2019-04-11 20:58:14.0;
15;26086;2019-04-11 20:58:16.0;
15;26086.5;2019-04-11 20:58:20.0;
15;26088.5;2019-04-11 20:58:23.0;
15;26089;2019-04-11 20:58:30.0;
15;26090.5;2019-04-11 20:58:33.0;
15;26089;2019-04-11 20:58:34.0;
15;26091.5;2019-04-11 20:58:36.0;
15;26092.5;2019-04-11 20:58:44.0;
15;26091.5;2019-04-11 20:58:54.0;
15;26092;2019-04-11 20:58:56.0;
15;26091.5;2019-04-11 20:59:04.0;
15;26091;2019-04-11 20:59:08.0;
15;26092;2019-04-11 20:59:15.0;
15;26091.5;2019-04-11 20:59:28.0;
15;26093.5;2019-04-11 20:59:33.0;
15;26091.5;2019-04-11 20:59:35.0;
15;26094.5;2019-04-11 20:59:36.0;
15;26091;2019-04-11 20:59:43.0;
15;26094.5;2019-04-11 20:59:45.0;
15;26091;2019-04-11 20:59:46.0;
15;26091.5;2019-04-11 20:59:48.0;
15;26091;2019-04-11 20:59:49.0;
15;26091.5;2019-04-11 20:59:52.0;
15;26090.5;2019-04-11 21:00:07.0;
15;26089;2019-04-11 21:00:11.0;
15;26088;2019-04-11 21:00:15.0;
15;26089;2019-04-11 21:00:16.0;
15;26088;2019-04-11 21:00:18.0;
15;26087.5;2019-04-11 21:00:25.0;
15;26087;2019-04-11 21:00:32.0;
15;26089;2019-04-11 21:00:36.0;
15;26087.5;2019-04-11 21:00:51.0;
15;26090;2019-04-11 21:00:56.0;
15;26088.5;2019-04-11 21:01:00.0;
15;26091;2019-04-11 21:01:06.0;
15;26090;2019-04-11 21:01:07.0;
15;26095.5;2019-04-11 21:01:10.0;
15;26090;2019-04-11 21:01:12.0;
15;26095.5;2019-04-11 21:01:13.0;
15;26097;2019-04-11 21:01:20.0;
15;26094.5;2019-04-11 21:01:23.0;
15;26097;2019-04-11 21:01:24.0;
15;26094.5;2019-04-11 21:01:26.0;
15;26096.5;2019-04-11 21:01:28.0;
15;26095.5;2019-04-11 21:01:31.0;
15;26096.5;2019-04-11 21:01:32.0;
15;26095.5;2019-04-11 21:01:34.0;
15;26096;2019-04-11 21:01:36.0;
15;26095.5;2019-04-11 21:01:39.0;
15;26099.5;2019-04-11 21:02:05.0;
15;26100;2019-04-11 21:02:10.0;
15;26101.5;2019-04-11 21:02:16.0;
15;26100;2019-04-11 21:02:18.0;
15;26101.5;2019-04-11 21:02:19.0;
15;26102.5;2019-04-11 21:02:21.0;
15;26100.5;2019-04-11 21:02:24.0;
15;26099;2019-04-11 21:02:28.0;
15;26101;2019-04-11 21:02:39.0;
15;26099;2019-04-11 21:02:40.0;
15;26101;2019-04-11 21:02:42.0;
15;26098.5;2019-04-11 21:02:45.0;
15;26099;2019-04-11 21:02:47.0;
15;26098.5;2019-04-11 21:02:50.0;
15;26099;2019-04-11 21:02:52.0;
15;26098.5;2019-04-11 21:02:53.0;
15;26100;2019-04-11 21:03:00.0;
15;26099.5;2019-04-11 21:03:03.0;
15;26100;2019-04-11 21:03:04.0;
15;26099.5;2019-04-11 21:03:06.0;
15;26097.5;2019-04-11 21:03:08.0;
15;26098;2019-04-11 21:03:15.0;
15;26099.5;2019-04-11 21:03:29.0;
15;26099;2019-04-11 21:03:39.0;
15;26099.5;2019-04-11 21:03:40.0;
15;26098.5;2019-04-11 21:03:44.0;
15;26100.5;2019-04-11 21:04:06.0;
15;26100;2019-04-11 21:04:10.0;
15;26100.5;2019-04-11 21:04:11.0;
15;26101;2019-04-11 21:04:18.0;
15;26100;2019-04-11 21:04:24.0;
15;26102;2019-04-11 21:04:27.0;
15;26103.5;2019-04-11 21:04:38.0;
15;26103;2019-04-11 21:04:49.0;
15;26103.5;2019-04-11 21:04:53.0;
15;26105;2019-04-11 21:04:54.0;
15;26103.5;2019-04-11 21:04:55.0;
15;26105;2019-04-11 21:04:57.0;
15;26105.5;2019-04-11 21:04:58.0;
15;26106.5;2019-04-11 21:05:06.0;
15;26105.5;2019-04-11 21:05:09.0;
15;26106.5;2019-04-11 21:05:10.0;
15;26105.5;2019-04-11 21:05:15.0;
15;26107.5;2019-04-11 21:05:18.0;
15;26105.5;2019-04-11 21:05:19.0;
15;26107.5;2019-04-11 21:05:21.0;
15;26109.5;2019-04-11 21:05:28.0;
15;26110.5;2019-04-11 21:05:34.0;
15;26109.5;2019-04-11 21:05:42.0;
15;26111.5;2019-04-11 21:05:46.0;
15;26113;2019-04-11 21:06:07.0;
15;26112.5;2019-04-11 21:06:11.0;
15;26113.5;2019-04-11 21:06:22.0;
15;26112.5;2019-04-11 21:06:23.0;
15;26113.5;2019-04-11 21:06:25.0;
15;26112.5;2019-04-11 21:06:26.0;
15;26113;2019-04-11 21:06:29.0;
15;26112.5;2019-04-11 21:06:35.0;
15;26112;2019-04-11 21:06:39.0;
15;26112.5;2019-04-11 21:06:42.0;
15;26111.5;2019-04-11 21:06:43.0;
15;26112.5;2019-04-11 21:06:48.0;
15;26113;2019-04-11 21:06:52.0;
15;26112;2019-04-11 21:06:55.0;
15;26110.5;2019-04-11 21:07:06.0;
15;26109.5;2019-04-11 21:07:08.0;
15;26110.5;2019-04-11 21:07:09.0;
15;26109.5;2019-04-11 21:07:10.0;
15;26112;2019-04-11 21:07:21.0;
15;26111.5;2019-04-11 21:07:29.0;
15;26112;2019-04-11 21:07:30.0;
15;26109.5;2019-04-11 21:07:32.0;
15;26108.5;2019-04-11 21:07:34.0;
15;26109.5;2019-04-11 21:07:36.0;
15;26108.5;2019-04-11 21:07:37.0;
15;26107.5;2019-04-11 21:08:03.0;
15;26108.5;2019-04-11 21:08:04.0;
15;26107.5;2019-04-11 21:08:05.0;
15;26108;2019-04-11 21:08:10.0;
15;26107.5;2019-04-11 21:08:11.0;
15;26105.5;2019-04-11 21:08:14.0;
15;26104;2019-04-11 21:08:32.0;
15;26105.5;2019-04-11 21:08:34.0;
15;26102.5;2019-04-11 21:08:38.0;
15;26103;2019-04-11 21:08:52.0;
15;26102.5;2019-04-11 21:08:53.0;
15;26103;2019-04-11 21:08:55.0;
15;26105.5;2019-04-11 21:09:03.0;
15;26103;2019-04-11 21:09:04.0;
15;26105.5;2019-04-11 21:09:06.0;
15;26106.5;2019-04-11 21:09:08.0;
15;26108;2019-04-11 21:09:14.0;
15;26105;2019-04-11 21:09:20.0;
15;26102.5;2019-04-11 21:09:22.0;
15;26103.5;2019-04-11 21:09:25.0;
15;26104.5;2019-04-11 21:09:39.0;
15;26103.5;2019-04-11 21:09:41.0;
15;26106;2019-04-11 21:09:42.0;
15;26105;2019-04-11 21:09:46.0;
15;26106;2019-04-11 21:09:48.0;
15;26105;2019-04-11 21:09:49.0;
15;26105.5;2019-04-11 21:10:07.0;
15;26106.5;2019-04-11 21:10:12.0;
15;26104.5;2019-04-11 21:10:27.0;
15;26104;2019-04-11 21:10:33.0;
15;26103;2019-04-11 21:10:44.0;
15;26104;2019-04-11 21:10:47.0;
15;26104.5;2019-04-11 21:10:53.0;
15;26105;2019-04-11 21:10:57.0;
15;26104.5;2019-04-11 21:10:59.0;
15;26105.5;2019-04-11 21:11:12.0;
15;26107.5;2019-04-11 21:11:16.0;
15;26103.5;2019-04-11 21:11:24.0;
15;26104.5;2019-04-11 21:11:29.0;
15;26107.5;2019-04-11 21:11:35.0;
15;26107;2019-04-11 21:11:42.0;
15;26108.5;2019-04-11 21:11:44.0;
15;26108;2019-04-11 21:11:48.0;
15;26107.5;2019-04-11 21:12:10.0;
15;26108.5;2019-04-11 21:12:18.0;
15;26109;2019-04-11 21:12:22.0;
15;26109.5;2019-04-11 21:12:30.0;
15;26109;2019-04-11 21:12:32.0;
15;26109.5;2019-04-11 21:12:35.0;
15;26110.5;2019-04-11 21:12:40.0;
15;26110;2019-04-11 21:12:46.0;
15;26109.5;2019-04-11 21:12:50.0;
15;26107.5;2019-04-11 21:13:04.0;
15;26105;2019-04-11 21:13:08.0;
15;26106;2019-04-11 21:13:16.0;
15;26105;2019-04-11 21:13:17.0;
15;26106;2019-04-11 21:13:19.0;
15;26105.5;2019-04-11 21:13:23.0;
15;26106;2019-04-11 21:13:30.0;
15;26106.5;2019-04-11 21:13:37.0;
15;26107.5;2019-04-11 21:13:38.0;
15;26106.5;2019-04-11 21:13:40.0;
15;26107.5;2019-04-11 21:13:42.0;
15;26105.5;2019-04-11 21:14:02.0;
15;26105;2019-04-11 21:14:08.0;
15;26104.5;2019-04-11 21:14:13.0;
15;26103.5;2019-04-11 21:14:15.0;
15;26104.5;2019-04-11 21:14:17.0;
15;26103.5;2019-04-11 21:14:19.0;
15;26102.5;2019-04-11 21:14:23.0;
15;26103.5;2019-04-11 21:14:24.0;
15;26102.5;2019-04-11 21:14:26.0;
15;26104;2019-04-11 21:14:28.0;
15;26105;2019-04-11 21:14:32.0;
15;26104;2019-04-11 21:14:36.0;
15;26105;2019-04-11 21:14:37.0;
15;26104;2019-04-11 21:14:39.0;
15;26105.5;2019-04-11 21:14:41.0;
15;26104;2019-04-11 21:14:43.0;
15;26105.5;2019-04-11 21:14:44.0;
15;26104;2019-04-11 21:14:51.0;
15;26102.5;2019-04-11 21:14:56.0;
15;26104.5;2019-04-11 21:14:57.0;
15;26102.5;2019-04-11 21:15:02.0;
15;26104.5;2019-04-11 21:15:19.0;
15;26107;2019-04-11 21:15:25.0;
15;26109.5;2019-04-11 21:15:28.0;
15;26111.5;2019-04-11 21:15:31.0;
15;26112.5;2019-04-11 21:16:07.0;
15;26112;2019-04-11 21:16:12.0;
15;26113;2019-04-11 21:16:18.0;
15;26112;2019-04-11 21:16:21.0;
15;26113;2019-04-11 21:16:25.0;
15;26111.5;2019-04-11 21:16:27.0;
15;26113;2019-04-11 21:16:30.0;
15;26111.5;2019-04-11 21:16:31.0;
15;26110.5;2019-04-11 21:16:38.0;
15;26111.5;2019-04-11 21:16:40.0;
15;26109.5;2019-04-11 21:16:44.0;
15;26111;2019-04-11 21:16:50.0;
15;26110.5;2019-04-11 21:16:55.0;
15;26112;2019-04-11 21:17:03.0;
15;26113.5;2019-04-11 21:17:04.0;
15;26114;2019-04-11 21:17:07.0;
15;26113.5;2019-04-11 21:17:09.0;
15;26114;2019-04-11 21:17:10.0;
15;26114.5;2019-04-11 21:17:14.0;
15;26114;2019-04-11 21:17:15.0;
15;26113.5;2019-04-11 21:17:16.0;
15;26114.5;2019-04-11 21:17:28.0;
15;26115.5;2019-04-11 21:17:31.0;
15;26114.5;2019-04-11 21:17:36.0;
15;26113.5;2019-04-11 21:17:43.0;
15;26112.5;2019-04-11 21:17:49.0;
15;26113.5;2019-04-11 21:18:03.0;
15;26112.5;2019-04-11 21:18:04.0;
15;26113.5;2019-04-11 21:18:05.0;
15;26112.5;2019-04-11 21:18:07.0;
15;26113.5;2019-04-11 21:18:10.0;
15;26114;2019-04-11 21:18:31.0;
15;26113.5;2019-04-11 21:18:35.0;
15;26112.5;2019-04-11 21:19:08.0;
15;26111.5;2019-04-11 21:19:15.0;
15;26110.5;2019-04-11 21:19:24.0;
15;26111.5;2019-04-11 21:19:27.0;
15;26110.5;2019-04-11 21:19:28.0;
15;26110;2019-04-11 21:19:34.0;
15;26109.5;2019-04-11 21:19:36.0;
15;26110;2019-04-11 21:19:37.0;
15;26109.5;2019-04-11 21:19:38.0;
15;26112;2019-04-11 21:19:52.0;
15;26110.5;2019-04-11 21:20:07.0;
15;26109.5;2019-04-11 21:20:19.0;
15;26110.5;2019-04-11 21:20:20.0;
15;26109.5;2019-04-11 21:20:22.0;
15;26110;2019-04-11 21:20:44.0;
15;26111;2019-04-11 21:20:53.0;
15;26110;2019-04-11 21:20:54.0;
15;26111.5;2019-04-11 21:20:56.0;
15;26110.5;2019-04-11 21:21:11.0;
15;26109.5;2019-04-11 21:21:16.0;
15;26110.5;2019-04-11 21:21:17.0;
15;26109.5;2019-04-11 21:21:19.0;
15;26110;2019-04-11 21:21:23.0;
15;26109.5;2019-04-11 21:21:32.0;
15;26110;2019-04-11 21:21:33.0;
15;26109.5;2019-04-11 21:21:34.0;
15;26110;2019-04-11 21:21:36.0;
15;26110.5;2019-04-11 21:21:39.0;
15;26110;2019-04-11 21:21:45.0;
15;26110.5;2019-04-11 21:22:04.0;
15;26110;2019-04-11 21:22:11.0;
15;26110.5;2019-04-11 21:22:15.0;
15;26108.5;2019-04-11 21:22:24.0;
15;26109.5;2019-04-11 21:22:27.0;
15;26108.5;2019-04-11 21:22:31.0;
15;26109.5;2019-04-11 21:22:34.0;
15;26108.5;2019-04-11 21:22:35.0;
15;26109.5;2019-04-11 21:22:38.0;
15;26110.5;2019-04-11 21:22:41.0;
15;26109.5;2019-04-11 21:22:51.0;
15;26110.5;2019-04-11 21:22:53.0;
15;26108.5;2019-04-11 21:22:54.0;
15;26109.5;2019-04-11 21:23:05.0;
15;26108.5;2019-04-11 21:23:09.0;
15;26107.5;2019-04-11 21:23:20.0;
15;26108.5;2019-04-11 21:23:32.0;
15;26107.5;2019-04-11 21:23:40.0;
15;26107;2019-04-11 21:23:48.0;
15;26107.5;2019-04-11 21:24:02.0;
15;26105.5;2019-04-11 21:24:10.0;
15;26104.5;2019-04-11 21:24:12.0;
15;26105;2019-04-11 21:24:20.0;
15;26104.5;2019-04-11 21:24:25.0;
15;26103.5;2019-04-11 21:24:26.0;
15;26104.5;2019-04-11 21:24:31.0;
15;26105;2019-04-11 21:24:39.0;
15;26104.5;2019-04-11 21:24:41.0;
15;26104;2019-04-11 21:24:48.0;
15;26104.5;2019-04-11 21:24:54.0;
15;26102;2019-04-11 21:25:03.0;
15;26103.5;2019-04-11 21:25:07.0;
15;26103;2019-04-11 21:25:13.0;
15;26104;2019-04-11 21:25:14.0;
15;26104.5;2019-04-11 21:25:21.0;
15;26105;2019-04-11 21:25:30.0;
15;26105.5;2019-04-11 21:25:39.0;
15;26104.5;2019-04-11 21:26:04.0;
15;26106;2019-04-11 21:26:08.0;
15;26106.5;2019-04-11 21:26:24.0;
15;26105.5;2019-04-11 21:26:40.0;
15;26104.5;2019-04-11 21:26:51.0;
15;26104;2019-04-11 21:27:15.0;
15;26104.5;2019-04-11 21:27:20.0;
15;26105.5;2019-04-11 21:27:26.0;
15;26105;2019-04-11 21:27:33.0;
15;26103.5;2019-04-11 21:27:35.0;
15;26105;2019-04-11 21:27:37.0;
15;26103.5;2019-04-11 21:27:38.0;
15;26102.5;2019-04-11 21:27:41.0;
15;26103.5;2019-04-11 21:28:10.0;
15;26102.5;2019-04-11 21:28:14.0;
15;26102;2019-04-11 21:28:27.0;
15;26102.5;2019-04-11 21:28:28.0;
15;26102;2019-04-11 21:28:30.0;
15;26103;2019-04-11 21:28:34.0;
15;26101.5;2019-04-11 21:28:35.0;
15;26103;2019-04-11 21:28:38.0;
15;26101.5;2019-04-11 21:28:39.0;
15;26101;2019-04-11 21:28:41.0;
15;26101.5;2019-04-11 21:28:53.0;
15;26102.5;2019-04-11 21:29:04.0;
15;26103;2019-04-11 21:29:11.0;
15;26103.5;2019-04-11 21:29:22.0;
15;26102.5;2019-04-11 21:29:24.0;
15;26101.5;2019-04-11 21:29:32.0;
15;26101;2019-04-11 21:29:35.0;
15;26100.5;2019-04-11 21:29:40.0;
15;26101;2019-04-11 21:29:41.0;
15;26100.5;2019-04-11 21:29:42.0;
15;26103.5;2019-04-11 21:30:12.0;
15;26100.5;2019-04-11 21:30:16.0;
15;26101.5;2019-04-11 21:30:20.0;
15;26102.5;2019-04-11 21:30:23.0;
15;26101.5;2019-04-11 21:30:26.0;
15;26102.5;2019-04-11 21:30:27.0;
15;26102;2019-04-11 21:30:30.0;
15;26102.5;2019-04-11 21:30:34.0;
15;26104.5;2019-04-11 21:30:39.0;
15;26108.5;2019-04-11 21:30:55.0;
15;26109.5;2019-04-11 21:31:05.0;
15;26108.5;2019-04-11 21:31:08.0;
15;26110.5;2019-04-11 21:31:12.0;
15;26106.5;2019-04-11 21:31:27.0;
15;26106;2019-04-11 21:31:34.0;
15;26105.5;2019-04-11 21:31:36.0;
15;26107.5;2019-04-11 21:31:41.0;
15;26109.5;2019-04-11 21:31:47.0;
15;26113;2019-04-11 21:32:03.0;
15;26109.5;2019-04-11 21:32:04.0;
15;26113;2019-04-11 21:32:05.0;
15;26113.5;2019-04-11 21:32:07.0;
15;26113;2019-04-11 21:32:10.0;
15;26113.5;2019-04-11 21:32:11.0;
15;26112.5;2019-04-11 21:32:17.0;
15;26113.5;2019-04-11 21:32:18.0;
15;26112.5;2019-04-11 21:32:19.0;
15;26113.5;2019-04-11 21:32:22.0;
15;26114.5;2019-04-11 21:32:32.0;
15;26113.5;2019-04-11 21:32:39.0;
15;26114;2019-04-11 21:32:48.0;
15;26114.5;2019-04-11 21:32:53.0;
15;26116.5;2019-04-11 21:33:02.0;
15;26114.5;2019-04-11 21:33:03.0;
15;26116.5;2019-04-11 21:33:05.0;
15;26115.5;2019-04-11 21:33:08.0;
15;26114.5;2019-04-11 21:33:23.0;
15;26115.5;2019-04-11 21:33:26.0;
15;26115;2019-04-11 21:33:39.0;
15;26115.5;2019-04-11 21:33:44.0;
15;26117;2019-04-11 21:33:48.0;
15;26112.5;2019-04-11 21:34:03.0;
15;26113;2019-04-11 21:34:11.0;
15;26113.5;2019-04-11 21:34:17.0;
15;26112.5;2019-04-11 21:34:24.0;
15;26110;2019-04-11 21:34:27.0;
15;26111;2019-04-11 21:34:36.0;
15;26114;2019-04-11 21:34:47.0;
15;26112;2019-04-11 21:34:55.0;
15;26113.5;2019-04-11 21:35:07.0;
15;26112;2019-04-11 21:35:10.0;
15;26114.5;2019-04-11 21:35:11.0;
15;26113.5;2019-04-11 21:35:21.0;
15;26110.5;2019-04-11 21:35:40.0;
15;26113.5;2019-04-11 21:35:41.0;
15;26110.5;2019-04-11 21:35:42.0;
15;26110;2019-04-11 21:35:50.0;
15;26110.5;2019-04-11 21:36:04.0;
15;26113.5;2019-04-11 21:36:08.0;
15;26109.5;2019-04-11 21:36:19.0;
15;26108.5;2019-04-11 21:36:26.0;
15;26108;2019-04-11 21:36:33.0;
15;26109.5;2019-04-11 21:36:36.0;
15;26108;2019-04-11 21:36:37.0;
15;26111.5;2019-04-11 21:36:39.0;
15;26112;2019-04-11 21:36:52.0;
15;26111;2019-04-11 21:36:56.0;
15;26112;2019-04-11 21:36:57.0;
15;26110.5;2019-04-11 21:36:58.0;
15;26112;2019-04-11 21:37:04.0;
15;26114.5;2019-04-11 21:37:11.0;
15;26113;2019-04-11 21:37:18.0;
15;26114.5;2019-04-11 21:37:19.0;
15;26113;2019-04-11 21:37:21.0;
15;26114.5;2019-04-11 21:37:22.0;
15;26115;2019-04-11 21:37:24.0;
15;26116.5;2019-04-11 21:37:31.0;
15;26115;2019-04-11 21:37:35.0;
15;26114;2019-04-11 21:37:39.0;
15;26113;2019-04-11 21:37:44.0;
15;26113.5;2019-04-11 21:37:50.0;
15;26115.5;2019-04-11 21:38:03.0;
15;26114.5;2019-04-11 21:38:15.0;
15;26113.5;2019-04-11 21:38:20.0;
15;26114.5;2019-04-11 21:38:35.0;
15;26115.5;2019-04-11 21:38:39.0;
15;26113.5;2019-04-11 21:38:43.0;
15;26113;2019-04-11 21:38:49.0;
15;26114;2019-04-11 21:38:57.0;
15;26115;2019-04-11 21:39:04.0;
15;26115.5;2019-04-11 21:39:06.0;
15;26115;2019-04-11 21:39:12.0;
15;26114.5;2019-04-11 21:39:18.0;
15;26115;2019-04-11 21:39:21.0;
15;26114.5;2019-04-11 21:39:26.0;
15;26112.5;2019-04-11 21:39:32.0;
15;26111;2019-04-11 21:39:36.0;
15;26112.5;2019-04-11 21:39:37.0;
15;26111;2019-04-11 21:39:40.0;
15;26111.5;2019-04-11 21:39:42.0;
15;26112;2019-04-11 21:39:44.0;
15;26112.5;2019-04-11 21:39:47.0;
15;26112;2019-04-11 21:39:48.0;
15;26112.5;2019-04-11 21:39:50.0;
15;26114.5;2019-04-11 21:40:04.0;
15;26112.5;2019-04-11 21:40:06.0;
15;26113;2019-04-11 21:40:07.0;
15;26112.5;2019-04-11 21:40:15.0;
15;26112;2019-04-11 21:40:18.0;
15;26112.5;2019-04-11 21:40:27.0;
15;26113;2019-04-11 21:40:34.0;
15;26113.5;2019-04-11 21:40:36.0;
15;26113;2019-04-11 21:40:37.0;
15;26112.5;2019-04-11 21:40:39.0;
15;26113.5;2019-04-11 21:40:52.0;
15;26114;2019-04-11 21:40:57.0;
15;26113.5;2019-04-11 21:41:02.0;
15;26114.5;2019-04-11 21:41:09.0;
15;26115;2019-04-11 21:41:11.0;
15;26114.5;2019-04-11 21:41:12.0;
15;26115;2019-04-11 21:41:14.0;
15;26115.5;2019-04-11 21:41:17.0;
15;26111;2019-04-11 21:41:18.0;
15;26115.5;2019-04-11 21:41:20.0;
15;26111;2019-04-11 21:41:21.0;
15;26111.5;2019-04-11 21:41:22.0;
15;26111;2019-04-11 21:41:24.0;
15;26111.5;2019-04-11 21:41:25.0;
15;26111;2019-04-11 21:41:26.0;
15;26112;2019-04-11 21:41:39.0;
15;26110.5;2019-04-11 21:41:46.0;
15;26112;2019-04-11 21:42:03.0;
15;26114.5;2019-04-11 21:42:09.0;
15;26114;2019-04-11 21:42:13.0;
15;26113;2019-04-11 21:42:14.0;
15;26114;2019-04-11 21:42:17.0;
15;26112.5;2019-04-11 21:42:19.0;
15;26112;2019-04-11 21:42:24.0;
15;26112.5;2019-04-11 21:42:26.0;
15;26113;2019-04-11 21:42:30.0;
15;26112.5;2019-04-11 21:42:35.0;
15;26115.5;2019-04-11 21:42:51.0;
15;26116.5;2019-04-11 21:42:56.0;
15;26117;2019-04-11 21:42:58.0;
15;26116.5;2019-04-11 21:42:59.0;
15;26117;2019-04-11 21:43:01.0;
15;26116.5;2019-04-11 21:43:03.0;
15;26118.5;2019-04-11 21:43:17.0;
15;26120;2019-04-11 21:43:20.0;
15;26119.5;2019-04-11 21:43:21.0;
15;26120.5;2019-04-11 21:43:26.0;
15;26123.5;2019-04-11 21:43:42.0;
15;26122.5;2019-04-11 21:44:04.0;
15;26123.5;2019-04-11 21:44:05.0;
15;26122.5;2019-04-11 21:44:07.0;
15;26123.5;2019-04-11 21:44:12.0;
15;26124.5;2019-04-11 21:44:18.0;
15;26125.5;2019-04-11 21:44:24.0;
15;26124.5;2019-04-11 21:44:25.0;
15;26123.5;2019-04-11 21:44:31.0;
15;26123;2019-04-11 21:44:43.0;
15;26123.5;2019-04-11 21:44:46.0;
15;26123;2019-04-11 21:44:49.0;
15;26123.5;2019-04-11 21:44:50.0;
15;26124.5;2019-04-11 21:44:52.0;
15;26123.5;2019-04-11 21:44:56.0;
15;26124.5;2019-04-11 21:45:03.0;
15;26123.5;2019-04-11 21:45:05.0;
15;26124.5;2019-04-11 21:45:06.0;
15;26124;2019-04-11 21:45:10.0;
15;26130.5;2019-04-11 21:45:16.0;
15;26129.5;2019-04-11 21:45:20.0;
15;26131.5;2019-04-11 21:45:24.0;
15;26129.5;2019-04-11 21:45:26.0;
15;26131.5;2019-04-11 21:45:27.0;
15;26130.5;2019-04-11 21:45:33.0;
15;26129.5;2019-04-11 21:45:40.0;
15;26130.5;2019-04-11 21:45:41.0;
15;26129.5;2019-04-11 21:45:42.0;
15;26128.5;2019-04-11 21:45:45.0;
15;26126.5;2019-04-11 21:45:48.0;
15;26128.5;2019-04-11 21:45:49.0;
15;26126.5;2019-04-11 21:45:50.0;
15;26127.5;2019-04-11 21:46:09.0;
15;26126.5;2019-04-11 21:46:12.0;
15;26127;2019-04-11 21:46:15.0;
15;26122.5;2019-04-11 21:46:21.0;
15;26123.5;2019-04-11 21:46:28.0;
15;26118.5;2019-04-11 21:46:46.0;
15;26124.5;2019-04-11 21:46:59.0;
15;26124;2019-04-11 21:47:03.0;
15;26125.5;2019-04-11 21:47:07.0;
15;26124;2019-04-11 21:47:08.0;
15;26125.5;2019-04-11 21:47:11.0;
15;26127.5;2019-04-11 21:47:13.0;
15;26125;2019-04-11 21:47:19.0;
15;26122;2019-04-11 21:47:20.0;
15;26125;2019-04-11 21:47:23.0;
15;26122;2019-04-11 21:47:24.0;
15;26123.5;2019-04-11 21:47:28.0;
15;26122;2019-04-11 21:47:29.0;
15;26123.5;2019-04-11 21:47:30.0;
15;26123;2019-04-11 21:47:32.0;
15;26121.5;2019-04-11 21:47:36.0;
15;26123;2019-04-11 21:47:37.0;
15;26121.5;2019-04-11 21:47:39.0;
15;26122.5;2019-04-11 21:47:41.0;
15;26122;2019-04-11 21:47:44.0;
15;26121;2019-04-11 21:47:47.0;
15;26121.5;2019-04-11 21:48:06.0;
15;26123.5;2019-04-11 21:48:13.0;
15;26124.5;2019-04-11 21:48:18.0;
15;26125;2019-04-11 21:48:19.0;
15;26124.5;2019-04-11 21:48:21.0;
15;26125;2019-04-11 21:48:22.0;
15;26126.5;2019-04-11 21:48:29.0;
15;26126;2019-04-11 21:48:33.0;
15;26126.5;2019-04-11 21:48:36.0;
15;26124.5;2019-04-11 21:48:43.0;
15;26126.5;2019-04-11 21:48:44.0;
15;26124.5;2019-04-11 21:48:46.0;
15;26126;2019-04-11 21:48:49.0;
15;26126.5;2019-04-11 21:48:52.0;
15;26126;2019-04-11 21:49:00.0;
15;26124;2019-04-11 21:49:07.0;
15;26123.5;2019-04-11 21:49:13.0;
15;26121.5;2019-04-11 21:49:15.0;
15;26122.5;2019-04-11 21:49:22.0;
15;26121.5;2019-04-11 21:49:26.0;
15;26122.5;2019-04-11 21:49:27.0;
15;26123;2019-04-11 21:49:28.0;
15;26122;2019-04-11 21:49:35.0;
15;26123.5;2019-04-11 21:49:39.0;
15;26122.5;2019-04-11 21:49:46.0;
15;26128;2019-04-11 21:50:04.0;
15;26123.5;2019-04-11 21:50:12.0;
15;26128;2019-04-11 21:50:15.0;
15;26124;2019-04-11 21:50:17.0;
15;26124.5;2019-04-11 21:50:20.0;
15;26124;2019-04-11 21:50:21.0;
15;26124.5;2019-04-11 21:50:23.0;
15;26123.5;2019-04-11 21:50:25.0;
15;26120.5;2019-04-11 21:50:27.0;
15;26126.5;2019-04-11 21:50:32.0;
15;26126;2019-04-11 21:50:40.0;
15;26124.5;2019-04-11 21:50:44.0;
15;26129;2019-04-11 21:50:59.0;
15;26128.5;2019-04-11 21:51:16.0;
15;26129;2019-04-11 21:51:17.0;
15;26128.5;2019-04-11 21:51:18.0;
15;26131;2019-04-11 21:51:21.0;
15;26129;2019-04-11 21:51:27.0;
15;26126.5;2019-04-11 21:51:32.0;
15;26127.5;2019-04-11 21:51:37.0;
15;26126.5;2019-04-11 21:51:47.0;
15;26125.5;2019-04-11 21:52:04.0;
15;26127;2019-04-11 21:52:09.0;
15;26127.5;2019-04-11 21:52:11.0;
15;26127;2019-04-11 21:52:13.0;
15;26127.5;2019-04-11 21:52:14.0;
15;26125.5;2019-04-11 21:52:17.0;
15;26127.5;2019-04-11 21:52:18.0;
15;26125.5;2019-04-11 21:52:19.0;
15;26123.5;2019-04-11 21:52:24.0;
15;26124.5;2019-04-11 21:52:29.0;
15;26127;2019-04-11 21:52:37.0;
15;26126;2019-04-11 21:52:44.0;
15;26127.5;2019-04-11 21:52:49.0;
15;26129;2019-04-11 21:52:55.0;
15;26129.5;2019-04-11 21:53:07.0;
15;26128.5;2019-04-11 21:53:08.0;
15;26129.5;2019-04-11 21:53:10.0;
15;26130.5;2019-04-11 21:53:11.0;
15;26129.5;2019-04-11 21:53:12.0;
15;26130.5;2019-04-11 21:53:14.0;
15;26131;2019-04-11 21:53:21.0;
15;26129;2019-04-11 21:53:24.0;
15;26132;2019-04-11 21:53:29.0;
15;26137.5;2019-04-11 21:53:32.0;
15;26139;2019-04-11 21:53:36.0;
15;26141;2019-04-11 21:53:39.0;
15;26139;2019-04-11 21:53:41.0;
15;26141;2019-04-11 21:53:42.0;
15;26141.5;2019-04-11 21:53:45.0;
15;26143;2019-04-11 21:53:48.0;
15;26141.5;2019-04-11 21:53:49.0;
15;26143;2019-04-11 21:53:51.0;
15;26150.5;2019-04-11 21:54:03.0;
15;26143;2019-04-11 21:54:04.0;
15;26150.5;2019-04-11 21:54:06.0;
15;26148;2019-04-11 21:54:07.0;
15;26150.5;2019-04-11 21:54:10.0;
15;26148;2019-04-11 21:54:11.0;
15;26147.5;2019-04-11 21:54:13.0;
15;26146.5;2019-04-11 21:54:20.0;
15;26148;2019-04-11 21:54:24.0;
15;26146.5;2019-04-11 21:54:26.0;
15;26148.5;2019-04-11 21:54:27.0;
15;26150;2019-04-11 21:54:35.0;
15;26151.5;2019-04-11 21:54:40.0;
15;26150;2019-04-11 21:54:41.0;
15;26151.5;2019-04-11 21:54:43.0;
15;26152.5;2019-04-11 21:54:48.0;
15;26151.5;2019-04-11 21:54:50.0;
15;26152.5;2019-04-11 21:54:51.0;
15;26153.5;2019-04-11 21:54:58.0;
15;26152.5;2019-04-11 21:55:00.0;
15;26153.5;2019-04-11 21:55:02.0;
15;26152.5;2019-04-11 21:55:03.0;
15;26154.5;2019-04-11 21:55:05.0;
15;26156.5;2019-04-11 21:55:08.0;
15;26156;2019-04-11 21:55:11.0;
15;26156.5;2019-04-11 21:55:12.0;
15;26156;2019-04-11 21:55:14.0;
15;26151;2019-04-11 21:55:18.0;
15;26156;2019-04-11 21:55:20.0;
15;26151;2019-04-11 21:55:21.0;
15;26150.5;2019-04-11 21:55:27.0;
15;26149;2019-04-11 21:55:31.0;
15;26151;2019-04-11 21:55:45.0;
15;26151.5;2019-04-11 21:55:51.0;
15;26149;2019-04-11 21:56:03.0;
15;26151;2019-04-11 21:56:11.0;
15;26150.5;2019-04-11 21:56:16.0;
15;26150;2019-04-11 21:56:19.0;
15;26150.5;2019-04-11 21:56:20.0;
15;26150;2019-04-11 21:56:22.0;
15;26147.5;2019-04-11 21:56:29.0;
15;26148.5;2019-04-11 21:56:39.0;
15;26149.5;2019-04-11 21:56:45.0;
15;26151;2019-04-11 21:56:50.0;
15;26150.5;2019-04-11 21:56:55.0;
15;26151;2019-04-11 21:57:02.0;
15;26149.5;2019-04-11 21:57:11.0;
15;26148.5;2019-04-11 21:57:24.0;
15;26147.5;2019-04-11 21:57:25.0;
15;26150.5;2019-04-11 21:57:30.0;
15;26150;2019-04-11 21:57:44.0;
15;26150.5;2019-04-11 21:57:47.0;
15;26149.5;2019-04-11 21:58:04.0;
15;26150.5;2019-04-11 21:58:05.0;
15;26149.5;2019-04-11 21:58:06.0;
15;26150.5;2019-04-11 21:58:08.0;
15;26151.5;2019-04-11 21:58:14.0;
15;26153;2019-04-11 21:58:16.0;
15;26154.5;2019-04-11 21:58:19.0;
15;26152.5;2019-04-11 21:58:25.0;
15;26153;2019-04-11 21:58:30.0;
15;26153.5;2019-04-11 21:58:32.0;
15;26153;2019-04-11 21:58:36.0;
15;26152;2019-04-11 21:58:39.0;
15;26153;2019-04-11 21:58:41.0;
15;26152;2019-04-11 21:58:42.0;
15;26154.5;2019-04-11 21:58:49.0;
15;26156;2019-04-11 21:58:52.0;
15;26155.5;2019-04-11 21:58:57.0;
15;26153.5;2019-04-11 21:59:04.0;
15;26155.5;2019-04-11 21:59:05.0;
15;26153.5;2019-04-11 21:59:07.0;
15;26155;2019-04-11 21:59:08.0;
15;26156.5;2019-04-11 21:59:11.0;
15;26158;2019-04-11 21:59:15.0;
15;26156.5;2019-04-11 21:59:17.0;
15;26158;2019-04-11 21:59:18.0;
15;26152.5;2019-04-11 21:59:20.0;
15;26149.5;2019-04-11 21:59:26.0;
15;26152.5;2019-04-11 21:59:28.0;
15;26149.5;2019-04-11 21:59:29.0;
15;26150.5;2019-04-11 21:59:32.0;
15;26147;2019-04-11 21:59:35.0;
15;26150.5;2019-04-11 21:59:38.0;
15;26147;2019-04-11 21:59:39.0;
15;26146;2019-04-11 21:59:42.0;
15;26142.5;2019-04-11 21:59:45.0;
15;26146;2019-04-11 21:59:46.0;
15;26142.5;2019-04-11 21:59:47.0;
15;26144.5;2019-04-11 21:59:50.0;
15;26140;2019-04-11 22:00:06.0;
15;26137.5;2019-04-11 22:00:24.0;
15;26138;2019-04-11 22:00:29.0;
15;26140;2019-04-11 22:00:31.0;
15;26138;2019-04-11 22:00:33.0;
15;26140;2019-04-11 22:00:34.0;
15;26138;2019-04-11 22:00:36.0;
15;26140;2019-04-11 22:00:37.0;
15;26137;2019-04-11 22:00:40.0;
15;26139.5;2019-04-11 22:00:44.0;
15;26141;2019-04-11 22:00:47.0;
15;26140.5;2019-04-11 22:00:53.0;
15;26139.5;2019-04-11 22:00:58.0;
15;26138.5;2019-04-11 22:01:00.0;
15;26139;2019-04-11 22:01:05.0;
15;26140;2019-04-11 22:01:07.0;
15;26139;2019-04-11 22:01:10.0;
15;26140;2019-04-11 22:01:11.0;
15;26137.5;2019-04-11 22:01:13.0;
15;26139;2019-04-11 22:01:18.0;
15;26136.5;2019-04-11 22:01:24.0;
15;26134.5;2019-04-11 22:01:30.0;
15;26132;2019-04-11 22:01:31.0;
15;26131.5;2019-04-11 22:01:38.0;
15;26130.5;2019-04-11 22:01:41.0;
15;26127.5;2019-04-11 22:02:04.0;
15;26128.5;2019-04-11 22:02:17.0;
15;26126.5;2019-04-11 22:02:23.0;
15;26124.5;2019-04-11 22:02:29.0;
15;26125.5;2019-04-11 22:02:36.0;
15;26126.5;2019-04-11 22:02:40.0;
15;26128.5;2019-04-11 22:02:48.0;
15;26129.5;2019-04-11 22:02:53.0;
15;26130.5;2019-04-11 22:02:56.0;
15;26129.5;2019-04-11 22:02:57.0;
15;26130.5;2019-04-11 22:02:58.0;
15;26129.5;2019-04-11 22:03:01.0;
15;26132.5;2019-04-11 22:03:07.0;
15;26133.5;2019-04-11 22:03:12.0;
15;26132.5;2019-04-11 22:03:13.0;
15;26133.5;2019-04-11 22:03:15.0;
15;26132.5;2019-04-11 22:03:18.0;
15;26129.5;2019-04-11 22:03:23.0;
15;26130;2019-04-11 22:03:30.0;
15;26127.5;2019-04-11 22:03:34.0;
15;26126.5;2019-04-11 22:03:41.0;
15;26124;2019-04-11 22:04:05.0;
15;26124.5;2019-04-11 22:04:10.0;
15;26123.5;2019-04-11 22:04:16.0;
15;26124.5;2019-04-11 22:04:30.0;
15;26125;2019-04-11 22:04:43.0;
15;26124.5;2019-04-11 22:04:44.0;
15;26125;2019-04-11 22:04:47.0;
15;26128.5;2019-04-11 22:04:48.0;
15;26129.5;2019-04-11 22:04:54.0;
15;26130;2019-04-11 22:04:59.0;
15;26129.5;2019-04-11 22:05:06.0;
15;26130;2019-04-11 22:05:08.0;
15;26128.5;2019-04-11 22:05:20.0;
15;26128;2019-04-11 22:05:21.0;
15;26127;2019-04-11 22:05:27.0;
15;26126;2019-04-11 22:05:39.0;
15;26124.5;2019-04-11 22:05:46.0;
15;26122.5;2019-04-11 22:06:03.0;
15;26123.5;2019-04-11 22:06:13.0;
15;26124.5;2019-04-11 22:06:17.0;
15;26123.5;2019-04-11 22:06:18.0;
15;26124.5;2019-04-11 22:06:20.0;
15;26123.5;2019-04-11 22:06:21.0;
15;26122.5;2019-04-11 22:06:27.0;
15;26123.5;2019-04-11 22:06:28.0;
15;26122;2019-04-11 22:06:31.0;
15;26120;2019-04-11 22:06:35.0;
15;26120.5;2019-04-11 22:06:42.0;
15;26119.5;2019-04-11 22:06:43.0;
15;26123.5;2019-04-11 22:06:53.0;
15;26121;2019-04-11 22:06:55.0;
15;26123.5;2019-04-11 22:06:56.0;
15;26121;2019-04-11 22:06:57.0;
15;26121.5;2019-04-11 22:07:03.0;
15;26122.5;2019-04-11 22:07:04.0;
15;26123;2019-04-11 22:07:25.0;
15;26122.5;2019-04-11 22:07:27.0;
15;26121.5;2019-04-11 22:07:44.0;
15;26123.5;2019-04-11 22:07:51.0;
15;26120.5;2019-04-11 22:08:02.0;
15;26123.5;2019-04-11 22:08:03.0;
15;26120.5;2019-04-11 22:08:05.0;
15;26122.5;2019-04-11 22:08:23.0;
15;26123;2019-04-11 22:08:26.0;
15;26122.5;2019-04-11 22:08:27.0;
15;26123;2019-04-11 22:08:28.0;
15;26124;2019-04-11 22:08:34.0;
15;26124.5;2019-04-11 22:08:45.0;
15;26124;2019-04-11 22:08:46.0;
15;26124.5;2019-04-11 22:08:48.0;
15;26121.5;2019-04-11 22:08:52.0;
15;26122;2019-04-11 22:09:00.0;
15;26123.5;2019-04-11 22:09:03.0;
15;26122;2019-04-11 22:09:04.0;
15;26123.5;2019-04-11 22:09:05.0;
15;26123;2019-04-11 22:09:08.0;
15;26123.5;2019-04-11 22:09:09.0;
15;26121.5;2019-04-11 22:09:11.0;
15;26120.5;2019-04-11 22:09:16.0;
15;26119.5;2019-04-11 22:09:26.0;
15;26120.5;2019-04-11 22:09:32.0;
15;26119.5;2019-04-11 22:09:33.0;
15;26120.5;2019-04-11 22:09:34.0;
15;26121;2019-04-11 22:09:39.0;
15;26123;2019-04-11 22:09:43.0;
15;26122.5;2019-04-11 22:09:48.0;
15;26122;2019-04-11 22:10:04.0;
15;26122.5;2019-04-11 22:10:05.0;
15;26122;2019-04-11 22:10:06.0;
15;26124;2019-04-11 22:10:15.0;
15;26122.5;2019-04-11 22:10:19.0;
15;26122;2019-04-11 22:10:24.0;
15;26120.5;2019-04-11 22:10:30.0;
15;26121;2019-04-11 22:10:42.0;
15;26120.5;2019-04-11 22:10:52.0;
15;26121;2019-04-11 22:10:59.0;
15;26120.5;2019-04-11 22:11:04.0;
15;26119.5;2019-04-11 22:11:22.0;
15;26118.5;2019-04-11 22:12:03.0;
15;26119.5;2019-04-11 22:12:05.0;
15;26118.5;2019-04-11 22:12:06.0;
15;26119.5;2019-04-11 22:12:13.0;
15;26118.5;2019-04-11 22:12:18.0;
15;26119.5;2019-04-11 22:12:43.0;
15;26118.5;2019-04-11 22:13:25.0;
15;26119.5;2019-04-11 22:13:32.0;
15;26118.5;2019-04-11 22:13:33.0;
15;26122;2019-04-11 22:13:42.0;
15;26123.5;2019-04-11 22:13:43.0;
15;26122;2019-04-11 22:13:44.0;
15;26123.5;2019-04-11 22:13:46.0;
15;26125.5;2019-04-11 22:13:47.0;
15;26129.5;2019-04-11 22:14:04.0;
15;26130.5;2019-04-11 22:14:12.0;
15;26128.5;2019-04-11 22:14:18.0;
15;26130.5;2019-04-11 22:14:19.0;
15;26128.5;2019-04-11 22:14:21.0;
15;26129.5;2019-04-11 22:14:23.0;
15;26130.5;2019-04-11 22:14:26.0;
15;26129.5;2019-04-11 22:14:28.0;
15;26130.5;2019-04-11 22:14:29.0;
15;26126.5;2019-04-11 22:14:30.0;
15;26129.5;2019-04-11 22:14:36.0;
15;26131.5;2019-04-11 22:14:39.0;
15;26133;2019-04-11 22:14:42.0;
15;26131.5;2019-04-11 22:14:45.0;
15;26134;2019-04-11 22:14:46.0;
15;26135.5;2019-04-11 22:14:53.0;
15;26132;2019-04-11 22:14:56.0;
15;26130.5;2019-04-11 22:14:58.0;
15;26132;2019-04-11 22:15:00.0;
15;26130.5;2019-04-11 22:15:01.0;
15;26134;2019-04-11 22:15:03.0;
15;26133.5;2019-04-11 22:30:06.0;
15;26130.5;2019-04-11 22:30:07.0;
15;26133.5;2019-04-11 22:30:08.0;
15;26130.5;2019-04-11 22:30:10.0;
15;26131.5;2019-04-11 22:30:13.0;
15;26134;2019-04-11 22:30:16.0;
15;26131.5;2019-04-11 22:30:17.0;
15;26134.5;2019-04-11 22:30:19.0;
15;26134;2019-04-11 22:30:20.0;
15;26134.5;2019-04-11 22:30:21.0;
15;26135.5;2019-04-11 22:30:46.0;
15;26136;2019-04-11 22:30:49.0;
15;26135.5;2019-04-11 22:30:51.0;
15;26136;2019-04-11 22:30:52.0;
15;26134.5;2019-04-11 22:30:56.0;
15;26135;2019-04-11 22:31:00.0;
15;26140;2019-04-11 22:31:09.0;
15;26135;2019-04-11 22:31:10.0;
15;26140;2019-04-11 22:31:11.0;
15;26136.5;2019-04-11 22:31:13.0;
15;26137;2019-04-11 22:31:24.0;
15;26139;2019-04-11 22:31:42.0;
15;26138.5;2019-04-11 22:31:44.0;
15;26139;2019-04-11 22:31:45.0;
15;26138.5;2019-04-11 22:31:46.0;
15;26139;2019-04-11 22:32:31.0;
15;26138.5;2019-04-11 22:32:33.0;
15;26139;2019-04-11 22:32:34.0;
15;26138;2019-04-11 22:32:37.0;
15;26139.5;2019-04-11 22:32:45.0;
15;26141;2019-04-11 22:32:47.0;
15;26139.5;2019-04-11 22:32:48.0;
15;26141;2019-04-11 22:32:49.0;
15;26140;2019-04-11 22:32:51.0;
15;26141;2019-04-11 22:32:52.0;
15;26140;2019-04-11 22:32:53.0;
15;26139.5;2019-04-11 22:32:58.0;
15;26140;2019-04-11 22:32:59.0;
15;26139.5;2019-04-11 22:33:01.0;
15;26141.5;2019-04-11 22:33:04.0;
15;26144;2019-04-11 22:33:10.0;
15;26142;2019-04-11 22:33:16.0;
15;26142.5;2019-04-11 22:33:22.0;
15;26142;2019-04-11 22:33:23.0;
15;26141.5;2019-04-11 22:33:29.0;
15;26142;2019-04-11 22:33:30.0;
15;26141.5;2019-04-11 22:33:32.0;
15;26142;2019-04-11 22:33:33.0;
15;26142.5;2019-04-11 22:33:34.0;
15;26143;2019-04-11 22:33:43.0;
15;26142.5;2019-04-11 22:33:44.0;
15;26143;2019-04-11 22:33:46.0;
15;26143.5;2019-04-11 22:33:49.0;
15;26143;2019-04-11 22:34:06.0;
15;26143.5;2019-04-11 22:34:14.0;
15;26145;2019-04-11 22:34:47.0;
15;26144.5;2019-04-11 22:34:55.0;
15;26145.5;2019-04-11 22:34:58.0;
15;26146;2019-04-11 22:34:59.0;
15;26145.5;2019-04-11 22:35:00.0;
15;26146;2019-04-11 22:35:02.0;
15;26147;2019-04-11 22:35:04.0;
15;26146.5;2019-04-11 22:35:15.0;
15;26146;2019-04-11 22:35:30.0;
15;26145;2019-04-11 22:35:32.0;
15;26146;2019-04-11 22:35:34.0;
15;26145.5;2019-04-11 22:35:35.0;
15;26144;2019-04-11 22:36:05.0;
15;26148;2019-04-11 22:36:10.0;
15;26146;2019-04-11 22:36:23.0;
15;26145;2019-04-11 22:36:38.0;
15;26144;2019-04-11 22:36:40.0;
15;26143.5;2019-04-11 22:36:44.0;
15;26142.5;2019-04-11 22:36:47.0;
15;26145;2019-04-11 22:37:07.0;
15;26146.5;2019-04-11 22:37:11.0;
15;26145.5;2019-04-11 22:37:20.0;
15;26146.5;2019-04-11 22:37:26.0;
15;26146;2019-04-11 22:37:50.0;
15;26147;2019-04-11 22:38:08.0;
15;26147.5;2019-04-11 22:38:15.0;
15;26147;2019-04-11 22:38:23.0;
15;26146.5;2019-04-11 22:38:27.0;
15;26146;2019-04-11 22:38:40.0;
15;26145;2019-04-11 22:38:55.0;
15;26143;2019-04-11 22:39:06.0;
15;26142.5;2019-04-11 22:39:11.0;
15;26143.5;2019-04-11 22:39:30.0;
15;26142.5;2019-04-11 22:39:35.0;
15;26143.5;2019-04-11 22:39:38.0;
15;26142.5;2019-04-11 22:39:39.0;
15;26141.5;2019-04-11 22:40:12.0;
15;26141;2019-04-11 22:40:28.0;
15;26139;2019-04-11 22:40:44.0;
15;26136;2019-04-11 22:40:48.0;
15;26135;2019-04-11 22:40:51.0;
15;26136;2019-04-11 22:40:53.0;
15;26134.5;2019-04-11 22:41:02.0;
15;26134;2019-04-11 22:41:15.0;
15;26134.5;2019-04-11 22:41:34.0;
15;26135;2019-04-11 22:41:39.0;
15;26135.5;2019-04-11 22:42:02.0;
15;26135;2019-04-11 22:42:04.0;
15;26135.5;2019-04-11 22:42:05.0;
15;26136;2019-04-11 22:42:07.0;
15;26136.5;2019-04-11 22:42:11.0;
15;26136;2019-04-11 22:42:12.0;
15;26136.5;2019-04-11 22:42:13.0;
15;26138;2019-04-11 22:42:35.0;
15;26138.5;2019-04-11 22:42:48.0;
15;26137.5;2019-04-11 22:42:56.0;
15;26138.5;2019-04-11 22:43:45.0;
15;26139;2019-04-11 22:43:48.0;
15;26138;2019-04-11 22:44:08.0;
15;26140;2019-04-11 22:44:23.0;
15;26140.5;2019-04-11 22:44:37.0;
15;26141.5;2019-04-11 22:44:56.0;
15;26140;2019-04-11 22:45:04.0;
15;26141.5;2019-04-11 22:45:05.0;
15;26139.5;2019-04-11 22:45:08.0;
15;26139;2019-04-11 22:45:13.0;
15;26138;2019-04-11 22:45:15.0;
15;26139;2019-04-11 22:45:16.0;
15;26138;2019-04-11 22:45:17.0;
15;26137.5;2019-04-11 22:45:19.0;
15;26135;2019-04-11 22:45:24.0;
15;26140.5;2019-04-11 22:45:39.0;
15;26141.5;2019-04-11 22:46:04.0;
15;26141;2019-04-11 22:46:07.0;
15;26140.5;2019-04-11 22:46:13.0;
15;26141;2019-04-11 22:46:49.0;
15;26141.5;2019-04-11 22:47:14.0;
15;26141;2019-04-11 22:47:23.0;
15;26140;2019-04-11 22:47:50.0;
15;26140.5;2019-04-11 22:48:04.0;
15;26141.5;2019-04-11 22:48:19.0;
15;26141;2019-04-11 22:48:26.0;
15;26140.5;2019-04-11 22:48:32.0;
15;26141;2019-04-11 22:48:43.0;
15;26140.5;2019-04-11 22:48:44.0;
15;26141;2019-04-11 22:48:47.0;
15;26141.5;2019-04-11 22:48:49.0;
15;26143;2019-04-11 22:48:57.0;
15;26142;2019-04-11 22:49:14.0;
15;26142.5;2019-04-11 22:49:18.0;
15;26140.5;2019-04-11 22:49:39.0;
15;26143;2019-04-11 22:50:06.0;
15;26142.5;2019-04-11 22:50:14.0;
15;26143.5;2019-04-11 22:50:18.0;
15;26144;2019-04-11 22:50:20.0;
15;26143.5;2019-04-11 22:50:21.0;
15;26144;2019-04-11 22:50:22.0;
15;26145;2019-04-11 22:51:07.0;
15;26144;2019-04-11 22:51:09.0;
15;26145;2019-04-11 22:51:10.0;
15;26145.5;2019-04-11 22:51:12.0;
15;26146;2019-04-11 22:51:17.0;
15;26147;2019-04-11 22:51:49.0;
15;26146;2019-04-11 22:52:03.0;
15;26147;2019-04-11 22:52:08.0;
15;26146;2019-04-11 22:52:14.0;
15;26144.5;2019-04-11 22:52:22.0;
15;26147;2019-04-11 22:52:29.0;
15;26149;2019-04-11 22:52:33.0;
15;26151;2019-04-11 22:52:46.0;
15;26153.5;2019-04-11 22:52:53.0;
15;26154;2019-04-11 22:53:04.0;
15;26153;2019-04-11 22:53:07.0;
15;26154;2019-04-11 22:53:10.0;
15;26153;2019-04-11 22:53:11.0;
15;26153.5;2019-04-11 22:53:24.0;
15;26153;2019-04-11 22:53:25.0;
15;26153.5;2019-04-11 22:53:26.0;
15;26156;2019-04-11 22:53:35.0;
15;26157;2019-04-11 22:53:41.0;
15;26156.5;2019-04-11 22:53:50.0;
15;26157;2019-04-11 22:54:06.0;
15;26156;2019-04-11 22:54:18.0;
15;26155;2019-04-11 22:54:22.0;
15;26156.5;2019-04-11 22:54:39.0;
15;26157;2019-04-11 22:54:46.0;
15;26158;2019-04-11 22:54:52.0;
15;26157;2019-04-11 22:55:03.0;
15;26156;2019-04-11 22:55:33.0;
15;26157;2019-04-11 22:55:45.0;
15;26156;2019-04-11 22:55:48.0;
15;26157;2019-04-11 22:55:49.0;
15;26156;2019-04-11 22:55:52.0;
15;26157;2019-04-11 22:56:04.0;
15;26156.5;2019-04-11 22:56:11.0;
15;26156;2019-04-11 22:56:23.0;
15;26157;2019-04-11 22:56:36.0;
15;26156.5;2019-04-11 22:56:42.0;
15;26156;2019-04-11 22:56:44.0;
15;26156.5;2019-04-11 22:56:49.0;
15;26156;2019-04-11 22:57:01.0;
15;26156.5;2019-04-11 22:57:33.0;
15;26156;2019-04-11 22:57:37.0;
15;26157.5;2019-04-11 22:57:46.0;
15;26157;2019-04-11 22:58:04.0;
15;26157.5;2019-04-11 22:58:05.0;
15;26156.5;2019-04-11 22:58:07.0;
15;26156;2019-04-11 22:58:14.0;
15;26155;2019-04-11 22:58:15.0;
15;26153;2019-04-11 22:58:18.0;
15;26154.5;2019-04-11 22:58:27.0;
15;26156.5;2019-04-11 22:59:02.0;
15;26155.5;2019-04-11 22:59:06.0;
15;26156;2019-04-11 22:59:07.0;
15;26159.5;2019-04-11 22:59:13.0;
15;26158.5;2019-04-11 22:59:18.0;
15;26157.5;2019-04-11 22:59:20.0;
15;26158.5;2019-04-11 22:59:21.0;
15;26157.5;2019-04-11 22:59:23.0;
15;26154;2019-04-11 22:59:25.0;
15;26154.5;2019-04-11 22:59:27.0;
15;26154;2019-04-11 22:59:34.0;
15;26154.5;2019-04-11 22:59:43.0;
15;26154;2019-04-11 22:59:46.0;
15;26153.5;2019-04-11 22:59:47.0;
15;26160;2019-04-11 23:00:03.0;
15;26149.5;2019-04-11 23:48:30.0;
15;26160;2019-04-11 23:49:09.0;
16;2894.62;2019-04-11 11:17:02.0;
16;2894.88;2019-04-11 11:17:08.0;
16;2894.62;2019-04-11 11:17:09.0;
16;2894.88;2019-04-11 11:17:12.0;
16;2895.12;2019-04-11 11:18:23.0;
16;2894.88;2019-04-11 11:18:37.0;
16;2895.12;2019-04-11 11:18:46.0;
16;2894.88;2019-04-11 11:18:52.0;
16;2895.12;2019-04-11 11:19:12.0;
16;2894.88;2019-04-11 11:19:47.0;
16;2895.12;2019-04-11 11:20:28.0;
16;2894.88;2019-04-11 11:20:29.0;
16;2895.12;2019-04-11 11:20:31.0;
16;2895.38;2019-04-11 11:20:43.0;
16;2895.62;2019-04-11 11:21:07.0;
16;2895.88;2019-04-11 11:21:38.0;
16;2895.62;2019-04-11 11:22:07.0;
16;2895.38;2019-04-11 11:24:52.0;
16;2895.62;2019-04-11 11:25:04.0;
16;2895.88;2019-04-11 11:25:17.0;
16;2895.62;2019-04-11 11:26:04.0;
16;2895.88;2019-04-11 11:26:10.0;
16;2895.62;2019-04-11 11:26:11.0;
16;2895.38;2019-04-11 11:28:29.0;
16;2895.12;2019-04-11 11:28:57.0;
16;2895.38;2019-04-11 11:28:58.0;
16;2895.12;2019-04-11 11:29:00.0;
16;2895.38;2019-04-11 11:29:27.0;
16;2895.62;2019-04-11 11:30:43.0;
16;2895.5;2019-04-11 11:30:52.0;
16;2895.38;2019-04-11 11:30:53.0;
16;2895.62;2019-04-11 11:31:18.0;
16;2895.38;2019-04-11 11:31:20.0;
16;2895.62;2019-04-11 11:31:23.0;
16;2895.88;2019-04-11 11:32:17.0;
16;2895.62;2019-04-11 11:32:30.0;
16;2895.38;2019-04-11 11:34:38.0;
16;2895.62;2019-04-11 11:35:27.0;
16;2895.88;2019-04-11 11:36:51.0;
16;2896.12;2019-04-11 11:37:09.0;
16;2895.88;2019-04-11 11:37:12.0;
16;2896.12;2019-04-11 11:37:18.0;
16;2895.88;2019-04-11 11:38:37.0;
16;2896.12;2019-04-11 11:40:14.0;
16;2896.38;2019-04-11 11:42:14.0;
16;2896.62;2019-04-11 11:43:43.0;
16;2897.12;2019-04-11 11:43:45.0;
16;2896.88;2019-04-11 11:44:10.0;
16;2896.62;2019-04-11 11:44:13.0;
16;2896.88;2019-04-11 11:44:21.0;
16;2896.62;2019-04-11 11:44:25.0;
16;2896.88;2019-04-11 11:45:23.0;
16;2896.62;2019-04-11 11:45:28.0;
16;2896.88;2019-04-11 11:45:29.0;
16;2896.62;2019-04-11 11:45:31.0;
16;2896.38;2019-04-11 11:46:11.0;
16;2896.62;2019-04-11 11:53:47.0;
16;2896.38;2019-04-11 11:54:05.0;
16;2896.62;2019-04-11 11:54:08.0;
16;2896.88;2019-04-11 11:54:17.0;
16;2897.12;2019-04-11 11:54:26.0;
16;2897.38;2019-04-11 11:54:28.0;
16;2896.88;2019-04-11 11:54:43.0;
16;2896.62;2019-04-11 11:54:58.0;
16;2896.88;2019-04-11 11:55:18.0;
16;2897.12;2019-04-11 11:55:34.0;
16;2896.88;2019-04-11 11:55:38.0;
16;2896.62;2019-04-11 11:55:47.0;
16;2896.38;2019-04-11 11:57:02.0;
16;2896.62;2019-04-11 11:57:06.0;
16;2896.38;2019-04-11 11:57:49.0;
16;2896.62;2019-04-11 11:58:08.0;
16;2896.38;2019-04-11 11:58:19.0;
16;2896.62;2019-04-11 11:59:00.0;
16;2896.38;2019-04-11 11:59:43.0;
16;2896.12;2019-04-11 12:00:30.0;
16;2896.38;2019-04-11 12:00:45.0;
16;2896.12;2019-04-11 12:00:46.0;
16;2896.38;2019-04-11 12:00:48.0;
16;2896.62;2019-04-11 12:01:13.0;
16;2896.88;2019-04-11 12:03:10.0;
16;2897.12;2019-04-11 12:03:14.0;
16;2896.88;2019-04-11 12:03:21.0;
16;2897.12;2019-04-11 12:03:40.0;
16;2896.88;2019-04-11 12:04:05.0;
16;2897.12;2019-04-11 12:04:31.0;
16;2897.38;2019-04-11 12:05:06.0;
16;2897.62;2019-04-11 12:05:16.0;
16;2897.38;2019-04-11 12:05:18.0;
16;2897.62;2019-04-11 12:05:19.0;
16;2897.38;2019-04-11 12:05:24.0;
16;2897.12;2019-04-11 12:06:17.0;
16;2896.88;2019-04-11 12:06:21.0;
16;2897.12;2019-04-11 12:06:25.0;
16;2896.88;2019-04-11 12:06:41.0;
16;2897.12;2019-04-11 12:07:01.0;
16;2896.88;2019-04-11 12:07:10.0;
16;2897.12;2019-04-11 12:07:41.0;
16;2897.38;2019-04-11 12:09:25.0;
16;2897.88;2019-04-11 12:10:03.0;
16;2897.62;2019-04-11 12:10:07.0;
16;2897.5;2019-04-11 12:10:44.0;
16;2897.38;2019-04-11 12:10:49.0;
16;2897.62;2019-04-11 12:10:59.0;
16;2897.38;2019-04-11 12:11:40.0;
16;2897.62;2019-04-11 12:12:42.0;
16;2897.38;2019-04-11 12:12:58.0;
16;2897.62;2019-04-11 12:13:01.0;
16;2897.38;2019-04-11 12:13:02.0;
16;2897.62;2019-04-11 12:13:09.0;
16;2897.38;2019-04-11 12:13:23.0;
16;2897.62;2019-04-11 12:13:40.0;
16;2897.38;2019-04-11 12:13:50.0;
16;2897.12;2019-04-11 12:14:55.0;
16;2897.38;2019-04-11 12:15:19.0;
16;2897.12;2019-04-11 12:15:21.0;
16;2897.38;2019-04-11 12:15:23.0;
16;2897.12;2019-04-11 12:15:34.0;
16;2897.38;2019-04-11 12:15:50.0;
16;2897.12;2019-04-11 12:16:19.0;
16;2897.38;2019-04-11 12:16:54.0;
16;2897.12;2019-04-11 12:17:01.0;
16;2897.38;2019-04-11 12:17:02.0;
16;2897.12;2019-04-11 12:17:04.0;
16;2897.38;2019-04-11 12:19:40.0;
16;2897.62;2019-04-11 12:20:46.0;
16;2897.38;2019-04-11 12:21:02.0;
16;2897.12;2019-04-11 12:25:10.0;
16;2897.38;2019-04-11 12:25:23.0;
16;2897.12;2019-04-11 12:25:24.0;
16;2897.38;2019-04-11 12:25:26.0;
16;2897.12;2019-04-11 12:27:20.0;
16;2897.38;2019-04-11 12:27:22.0;
16;2897.12;2019-04-11 12:27:23.0;
16;2896.88;2019-04-11 12:28:24.0;
16;2897.12;2019-04-11 12:28:25.0;
16;2896.88;2019-04-11 12:28:28.0;
16;2897.12;2019-04-11 12:29:01.0;
16;2896.88;2019-04-11 12:29:18.0;
16;2897.12;2019-04-11 12:29:22.0;
16;2897.38;2019-04-11 12:30:04.0;
16;2897.12;2019-04-11 12:30:05.0;
16;2897.38;2019-04-11 12:30:08.0;
16;2897.62;2019-04-11 12:30:21.0;
16;2897.38;2019-04-11 12:30:25.0;
16;2897.62;2019-04-11 12:33:20.0;
16;2897.38;2019-04-11 12:33:25.0;
16;2897.62;2019-04-11 12:33:47.0;
16;2897.38;2019-04-11 12:34:05.0;
16;2897.62;2019-04-11 12:36:06.0;
16;2897.38;2019-04-11 12:36:28.0;
16;2897.62;2019-04-11 12:36:36.0;
16;2897.38;2019-04-11 12:36:37.0;
16;2897.62;2019-04-11 12:36:39.0;
16;2897.38;2019-04-11 12:37:27.0;
16;2897.62;2019-04-11 12:38:28.0;
16;2897.38;2019-04-11 12:38:29.0;
16;2897.62;2019-04-11 12:38:31.0;
16;2897.38;2019-04-11 12:39:34.0;
16;2897.62;2019-04-11 12:39:45.0;
16;2897.38;2019-04-11 12:41:42.0;
16;2897.62;2019-04-11 12:42:36.0;
16;2897.38;2019-04-11 12:42:42.0;
16;2897.12;2019-04-11 12:43:22.0;
16;2897.38;2019-04-11 12:44:42.0;
16;2897.88;2019-04-11 12:45:41.0;
16;2898.12;2019-04-11 12:45:48.0;
16;2897.88;2019-04-11 12:46:09.0;
16;2898.12;2019-04-11 12:46:24.0;
16;2897.88;2019-04-11 12:46:25.0;
16;2898.12;2019-04-11 12:46:26.0;
16;2898.38;2019-04-11 12:46:31.0;
16;2898.12;2019-04-11 12:47:00.0;
16;2898.38;2019-04-11 12:47:01.0;
16;2898.62;2019-04-11 12:48:22.0;
16;2898.12;2019-04-11 12:48:26.0;
16;2897.88;2019-04-11 12:49:34.0;
16;2898.12;2019-04-11 12:50:05.0;
16;2898.38;2019-04-11 12:50:26.0;
16;2898.62;2019-04-11 12:50:57.0;
16;2898.38;2019-04-11 12:51:12.0;
16;2898.62;2019-04-11 12:51:15.0;
16;2898.38;2019-04-11 12:51:17.0;
16;2898.62;2019-04-11 12:51:18.0;
16;2898.38;2019-04-11 12:52:07.0;
16;2898.25;2019-04-11 12:53:51.0;
16;2898.38;2019-04-11 12:54:11.0;
16;2898.62;2019-04-11 12:54:56.0;
16;2898.38;2019-04-11 12:55:06.0;
16;2898.62;2019-04-11 12:55:16.0;
16;2898.38;2019-04-11 12:55:22.0;
16;2898.62;2019-04-11 12:55:31.0;
16;2898.38;2019-04-11 12:55:36.0;
16;2898.62;2019-04-11 12:56:11.0;
16;2898.38;2019-04-11 12:56:30.0;
16;2898.62;2019-04-11 12:58:07.0;
16;2898.88;2019-04-11 12:58:46.0;
16;2898.62;2019-04-11 12:58:52.0;
16;2898.88;2019-04-11 12:59:02.0;
16;2898.62;2019-04-11 12:59:08.0;
16;2898.88;2019-04-11 13:00:07.0;
16;2899.12;2019-04-11 13:00:28.0;
16;2898.88;2019-04-11 13:01:41.0;
16;2899.12;2019-04-11 13:02:15.0;
16;2898.88;2019-04-11 13:02:16.0;
16;2899.12;2019-04-11 13:02:19.0;
16;2898.88;2019-04-11 13:02:54.0;
16;2899.12;2019-04-11 13:03:04.0;
16;2899.38;2019-04-11 13:04:15.0;
16;2899.62;2019-04-11 13:04:24.0;
16;2899.38;2019-04-11 13:04:31.0;
16;2899.62;2019-04-11 13:04:36.0;
16;2899.88;2019-04-11 13:05:45.0;
16;2899.62;2019-04-11 13:06:25.0;
16;2899.88;2019-04-11 13:06:34.0;
16;2899.62;2019-04-11 13:07:14.0;
16;2899.88;2019-04-11 13:07:21.0;
16;2899.38;2019-04-11 13:10:26.0;
16;2899.12;2019-04-11 13:10:36.0;
16;2898.88;2019-04-11 13:11:32.0;
16;2898.62;2019-04-11 13:13:35.0;
16;2898.88;2019-04-11 13:14:32.0;
16;2898.75;2019-04-11 13:15:37.0;
16;2898.88;2019-04-11 13:15:46.0;
16;2898.62;2019-04-11 13:16:12.0;
16;2898.88;2019-04-11 13:17:31.0;
16;2899.12;2019-04-11 13:18:27.0;
16;2898.88;2019-04-11 13:18:38.0;
16;2899.12;2019-04-11 13:18:45.0;
16;2898.88;2019-04-11 13:18:46.0;
16;2899.12;2019-04-11 13:18:48.0;
16;2898.88;2019-04-11 13:18:49.0;
16;2899.12;2019-04-11 13:18:55.0;
16;2898.88;2019-04-11 13:19:00.0;
16;2899.12;2019-04-11 13:19:06.0;
16;2898.88;2019-04-11 13:19:12.0;
16;2899.12;2019-04-11 13:19:13.0;
16;2898.88;2019-04-11 13:19:15.0;
16;2898.62;2019-04-11 13:20:06.0;
16;2898.38;2019-04-11 13:21:02.0;
16;2898.62;2019-04-11 13:21:23.0;
16;2898.38;2019-04-11 13:21:51.0;
16;2898.62;2019-04-11 13:23:04.0;
16;2898.38;2019-04-11 13:23:06.0;
16;2898.62;2019-04-11 13:23:07.0;
16;2898.88;2019-04-11 13:23:48.0;
16;2898.62;2019-04-11 13:24:22.0;
16;2898.38;2019-04-11 13:25:03.0;
16;2898.62;2019-04-11 13:25:04.0;
16;2898.38;2019-04-11 13:25:07.0;
16;2898.12;2019-04-11 13:25:28.0;
16;2898.38;2019-04-11 13:28:04.0;
16;2898.12;2019-04-11 13:28:21.0;
16;2898.38;2019-04-11 13:28:41.0;
16;2898.12;2019-04-11 13:28:48.0;
16;2897.88;2019-04-11 13:29:22.0;
16;2898.12;2019-04-11 13:30:46.0;
16;2898.38;2019-04-11 13:30:52.0;
16;2898.62;2019-04-11 13:31:07.0;
16;2898.38;2019-04-11 13:31:13.0;
16;2898.62;2019-04-11 13:31:21.0;
16;2898.38;2019-04-11 13:31:33.0;
16;2898.62;2019-04-11 13:32:11.0;
16;2898.38;2019-04-11 13:32:23.0;
16;2898.12;2019-04-11 13:33:08.0;
16;2897.88;2019-04-11 13:35:13.0;
16;2898.12;2019-04-11 13:35:19.0;
16;2897.88;2019-04-11 13:36:23.0;
16;2898.12;2019-04-11 13:36:48.0;
16;2898.38;2019-04-11 13:38:04.0;
16;2898.12;2019-04-11 13:38:08.0;
16;2898.38;2019-04-11 13:38:13.0;
16;2898.62;2019-04-11 13:38:24.0;
16;2898.38;2019-04-11 13:38:28.0;
16;2898.12;2019-04-11 13:38:43.0;
16;2898.38;2019-04-11 13:38:45.0;
16;2898.12;2019-04-11 13:38:49.0;
16;2897.88;2019-04-11 13:39:23.0;
16;2897.62;2019-04-11 13:39:48.0;
16;2897.88;2019-04-11 13:40:05.0;
16;2897.62;2019-04-11 13:40:07.0;
16;2897.88;2019-04-11 13:40:09.0;
16;2897.62;2019-04-11 13:40:18.0;
16;2897.38;2019-04-11 13:40:29.0;
16;2897.62;2019-04-11 13:40:43.0;
16;2897.38;2019-04-11 13:40:45.0;
16;2897.62;2019-04-11 13:42:15.0;
16;2897.38;2019-04-11 13:42:23.0;
16;2897.62;2019-04-11 13:44:26.0;
16;2897.88;2019-04-11 13:45:36.0;
16;2897.62;2019-04-11 13:46:12.0;
16;2897.88;2019-04-11 13:48:05.0;
16;2897.62;2019-04-11 13:48:33.0;
16;2897.75;2019-04-11 13:49:25.0;
16;2897.88;2019-04-11 13:49:40.0;
16;2898.12;2019-04-11 13:50:18.0;
16;2897.88;2019-04-11 13:51:45.0;
16;2898.12;2019-04-11 13:53:18.0;
16;2897.88;2019-04-11 13:53:41.0;
16;2897.62;2019-04-11 13:55:50.0;
16;2897.88;2019-04-11 13:59:22.0;
16;2897.62;2019-04-11 13:59:24.0;
16;2897.88;2019-04-11 13:59:25.0;
16;2897.62;2019-04-11 14:00:04.0;
16;2897.88;2019-04-11 14:00:06.0;
16;2897.62;2019-04-11 14:00:07.0;
16;2897.38;2019-04-11 14:00:34.0;
16;2897.12;2019-04-11 14:00:49.0;
16;2897.38;2019-04-11 14:01:11.0;
16;2897.12;2019-04-11 14:01:13.0;
16;2897.38;2019-04-11 14:01:15.0;
16;2897.12;2019-04-11 14:01:20.0;
16;2897.38;2019-04-11 14:01:40.0;
16;2897.12;2019-04-11 14:02:06.0;
16;2897.38;2019-04-11 14:02:20.0;
16;2897.12;2019-04-11 14:02:30.0;
16;2897.38;2019-04-11 14:02:57.0;
16;2897.62;2019-04-11 14:03:50.0;
16;2897.38;2019-04-11 14:04:35.0;
16;2897.62;2019-04-11 14:04:40.0;
16;2897.38;2019-04-11 14:04:50.0;
16;2897.12;2019-04-11 14:05:25.0;
16;2897.38;2019-04-11 14:05:29.0;
16;2897.12;2019-04-11 14:05:32.0;
16;2896.88;2019-04-11 14:05:50.0;
16;2897.12;2019-04-11 14:06:25.0;
16;2896.88;2019-04-11 14:06:31.0;
16;2897.12;2019-04-11 14:06:35.0;
16;2896.88;2019-04-11 14:07:21.0;
16;2897.12;2019-04-11 14:08:16.0;
16;2896.88;2019-04-11 14:08:18.0;
16;2897.12;2019-04-11 14:08:19.0;
16;2896.88;2019-04-11 14:08:41.0;
16;2897.12;2019-04-11 14:08:46.0;
16;2896.88;2019-04-11 14:09:00.0;
16;2897.12;2019-04-11 14:09:06.0;
16;2896.88;2019-04-11 14:10:06.0;
16;2896.62;2019-04-11 14:11:12.0;
16;2896.88;2019-04-11 14:11:14.0;
16;2896.62;2019-04-11 14:11:17.0;
16;2896.38;2019-04-11 14:12:51.0;
16;2896.12;2019-04-11 14:13:13.0;
16;2896.38;2019-04-11 14:13:40.0;
16;2896.12;2019-04-11 14:15:08.0;
16;2896.38;2019-04-11 14:15:10.0;
16;2896.12;2019-04-11 14:15:11.0;
16;2896.38;2019-04-11 14:15:17.0;
16;2896.62;2019-04-11 14:16:09.0;
16;2896.38;2019-04-11 14:16:15.0;
16;2896.62;2019-04-11 14:17:09.0;
16;2896.38;2019-04-11 14:17:10.0;
16;2896.62;2019-04-11 14:17:11.0;
16;2896.38;2019-04-11 14:17:19.0;
16;2896.12;2019-04-11 14:18:32.0;
16;2895.88;2019-04-11 14:19:01.0;
16;2895.62;2019-04-11 14:20:06.0;
16;2895.88;2019-04-11 14:20:33.0;
16;2896.12;2019-04-11 14:20:37.0;
16;2896.38;2019-04-11 14:21:13.0;
16;2896.12;2019-04-11 14:21:14.0;
16;2896.62;2019-04-11 14:21:16.0;
16;2896.38;2019-04-11 14:21:24.0;
16;2896.62;2019-04-11 14:21:26.0;
16;2896.38;2019-04-11 14:21:27.0;
16;2896.62;2019-04-11 14:22:05.0;
16;2896.38;2019-04-11 14:22:52.0;
16;2896.62;2019-04-11 14:23:07.0;
16;2896.88;2019-04-11 14:24:06.0;
16;2897.12;2019-04-11 14:24:11.0;
16;2897.38;2019-04-11 14:25:40.0;
16;2897.88;2019-04-11 14:26:04.0;
16;2897.62;2019-04-11 14:26:39.0;
16;2897.38;2019-04-11 14:27:10.0;
16;2897.88;2019-04-11 14:27:15.0;
16;2897.62;2019-04-11 14:27:49.0;
16;2897.88;2019-04-11 14:28:15.0;
16;2897.62;2019-04-11 14:28:19.0;
16;2897.38;2019-04-11 14:28:57.0;
16;2896.88;2019-04-11 14:30:05.0;
16;2896.62;2019-04-11 14:30:25.0;
16;2896.38;2019-04-11 14:30:29.0;
16;2896.12;2019-04-11 14:31:09.0;
16;2895.88;2019-04-11 14:31:14.0;
16;2896.12;2019-04-11 14:31:25.0;
16;2896.38;2019-04-11 14:31:28.0;
16;2896.62;2019-04-11 14:31:30.0;
16;2896.38;2019-04-11 14:31:33.0;
16;2896.62;2019-04-11 14:31:34.0;
16;2896.38;2019-04-11 14:31:40.0;
16;2896.62;2019-04-11 14:32:04.0;
16;2896.88;2019-04-11 14:32:09.0;
16;2897.12;2019-04-11 14:32:19.0;
16;2896.88;2019-04-11 14:32:21.0;
16;2897.12;2019-04-11 14:32:23.0;
16;2897.38;2019-04-11 14:32:30.0;
16;2897.62;2019-04-11 14:32:36.0;
16;2897.88;2019-04-11 14:32:39.0;
16;2898.12;2019-04-11 14:33:05.0;
16;2897.88;2019-04-11 14:33:30.0;
16;2898.12;2019-04-11 14:35:14.0;
16;2897.88;2019-04-11 14:36:08.0;
16;2897.62;2019-04-11 14:36:10.0;
16;2897.38;2019-04-11 14:36:12.0;
16;2897.12;2019-04-11 14:36:21.0;
16;2897.38;2019-04-11 14:36:25.0;
16;2897.62;2019-04-11 14:36:45.0;
16;2897.38;2019-04-11 14:36:50.0;
16;2897.12;2019-04-11 14:37:00.0;
16;2897.38;2019-04-11 14:37:31.0;
16;2897.12;2019-04-11 14:37:36.0;
16;2897.38;2019-04-11 14:37:41.0;
16;2897.12;2019-04-11 14:39:36.0;
16;2896.88;2019-04-11 14:40:07.0;
16;2896.62;2019-04-11 14:40:41.0;
16;2896.38;2019-04-11 14:40:51.0;
16;2896.12;2019-04-11 14:41:00.0;
16;2896.38;2019-04-11 14:41:04.0;
16;2896.12;2019-04-11 14:41:05.0;
16;2896.38;2019-04-11 14:41:07.0;
16;2896.12;2019-04-11 14:41:11.0;
16;2896.38;2019-04-11 14:41:12.0;
16;2896.12;2019-04-11 14:41:14.0;
16;2895.88;2019-04-11 14:42:35.0;
16;2895.62;2019-04-11 14:42:38.0;
16;2895.88;2019-04-11 14:42:53.0;
16;2895.62;2019-04-11 14:43:19.0;
16;2895.88;2019-04-11 14:43:27.0;
16;2896.12;2019-04-11 14:43:40.0;
16;2895.88;2019-04-11 14:45:37.0;
16;2896.12;2019-04-11 14:45:38.0;
16;2895.88;2019-04-11 14:45:39.0;
16;2896.12;2019-04-11 14:46:05.0;
16;2895.88;2019-04-11 14:46:07.0;
16;2896.38;2019-04-11 14:46:08.0;
16;2896.62;2019-04-11 14:46:21.0;
16;2896.88;2019-04-11 14:46:22.0;
16;2896.62;2019-04-11 14:46:38.0;
16;2896.88;2019-04-11 14:46:44.0;
16;2896.62;2019-04-11 14:46:53.0;
16;2896.88;2019-04-11 14:46:59.0;
16;2897.12;2019-04-11 14:47:09.0;
16;2897.38;2019-04-11 14:47:18.0;
16;2896.88;2019-04-11 14:48:07.0;
16;2897.12;2019-04-11 14:48:37.0;
16;2896.88;2019-04-11 14:48:58.0;
16;2896.62;2019-04-11 14:49:29.0;
16;2896.88;2019-04-11 14:49:47.0;
16;2897.12;2019-04-11 14:50:19.0;
16;2897.38;2019-04-11 14:50:30.0;
16;2897.12;2019-04-11 14:51:09.0;
16;2897.38;2019-04-11 14:51:19.0;
16;2897.12;2019-04-11 14:51:43.0;
16;2897.38;2019-04-11 14:52:04.0;
16;2897.12;2019-04-11 14:52:08.0;
16;2896.88;2019-04-11 14:52:24.0;
16;2896.62;2019-04-11 14:52:36.0;
16;2896.38;2019-04-11 14:53:15.0;
16;2896.62;2019-04-11 14:53:41.0;
16;2896.88;2019-04-11 14:54:40.0;
16;2896.62;2019-04-11 14:54:46.0;
16;2896.88;2019-04-11 14:54:50.0;
16;2896.62;2019-04-11 14:55:01.0;
16;2896.88;2019-04-11 14:55:20.0;
16;2896.62;2019-04-11 14:55:23.0;
16;2896.88;2019-04-11 14:55:25.0;
16;2896.62;2019-04-11 14:55:26.0;
16;2896.38;2019-04-11 14:56:05.0;
16;2896.12;2019-04-11 14:57:07.0;
16;2895.88;2019-04-11 14:57:14.0;
16;2895.62;2019-04-11 14:57:20.0;
16;2895.88;2019-04-11 14:57:21.0;
16;2895.62;2019-04-11 14:57:22.0;
16;2895.88;2019-04-11 14:57:29.0;
16;2896.12;2019-04-11 14:58:05.0;
16;2895.88;2019-04-11 14:58:06.0;
16;2896.12;2019-04-11 14:58:43.0;
16;2895.88;2019-04-11 14:58:47.0;
16;2896.12;2019-04-11 14:58:49.0;
16;2895.88;2019-04-11 14:58:50.0;
16;2895.62;2019-04-11 15:00:08.0;
16;2895.88;2019-04-11 15:00:09.0;
16;2895.62;2019-04-11 15:00:11.0;
16;2895.88;2019-04-11 15:00:13.0;
16;2896.12;2019-04-11 15:00:35.0;
16;2896.38;2019-04-11 15:00:41.0;
16;2896.12;2019-04-11 15:01:04.0;
16;2896.38;2019-04-11 15:01:06.0;
16;2896.12;2019-04-11 15:01:07.0;
16;2896.38;2019-04-11 15:02:04.0;
16;2896.62;2019-04-11 15:02:19.0;
16;2896.88;2019-04-11 15:02:26.0;
16;2897.12;2019-04-11 15:03:38.0;
16;2897.38;2019-04-11 15:04:14.0;
16;2897.88;2019-04-11 15:06:05.0;
16;2897.62;2019-04-11 15:06:23.0;
16;2897.88;2019-04-11 15:07:25.0;
16;2897.62;2019-04-11 15:07:35.0;
16;2897.88;2019-04-11 15:07:38.0;
16;2897.62;2019-04-11 15:07:39.0;
16;2897.38;2019-04-11 15:10:05.0;
16;2897.12;2019-04-11 15:10:20.0;
16;2897.38;2019-04-11 15:10:38.0;
16;2897.12;2019-04-11 15:11:37.0;
16;2897.38;2019-04-11 15:11:39.0;
16;2897.12;2019-04-11 15:11:40.0;
16;2897.38;2019-04-11 15:11:43.0;
16;2897.12;2019-04-11 15:14:06.0;
16;2896.88;2019-04-11 15:14:42.0;
16;2896.62;2019-04-11 15:14:58.0;
16;2896.38;2019-04-11 15:15:05.0;
16;2896.62;2019-04-11 15:15:15.0;
16;2896.88;2019-04-11 15:15:19.0;
16;2897.12;2019-04-11 15:15:44.0;
16;2896.88;2019-04-11 15:16:05.0;
16;2897.12;2019-04-11 15:17:11.0;
16;2896.88;2019-04-11 15:17:50.0;
16;2897.12;2019-04-11 15:18:23.0;
16;2897.38;2019-04-11 15:20:16.0;
16;2897.12;2019-04-11 15:20:19.0;
16;2897.62;2019-04-11 15:20:21.0;
16;2897.38;2019-04-11 15:20:24.0;
16;2897.62;2019-04-11 15:20:25.0;
16;2897.38;2019-04-11 15:20:26.0;
16;2897.62;2019-04-11 15:21:48.0;
16;2897.88;2019-04-11 15:22:09.0;
16;2897.62;2019-04-11 15:22:12.0;
16;2897.38;2019-04-11 15:22:15.0;
16;2897.12;2019-04-11 15:23:29.0;
16;2897.38;2019-04-11 15:23:31.0;
16;2897.12;2019-04-11 15:23:32.0;
16;2896.88;2019-04-11 15:24:50.0;
16;2897.12;2019-04-11 15:25:20.0;
16;2897.38;2019-04-11 15:25:31.0;
16;2897.62;2019-04-11 15:25:35.0;
16;2897.88;2019-04-11 15:27:11.0;
16;2897.38;2019-04-11 15:28:05.0;
16;2897.62;2019-04-11 15:28:09.0;
16;2897.12;2019-04-11 15:28:13.0;
16;2897.38;2019-04-11 15:28:15.0;
16;2897.62;2019-04-11 15:28:41.0;
16;2897.88;2019-04-11 15:29:15.0;
16;2897.62;2019-04-11 15:29:23.0;
16;2897.88;2019-04-11 15:29:31.0;
16;2897.38;2019-04-11 15:30:17.0;
16;2896.88;2019-04-11 15:30:20.0;
16;2896.62;2019-04-11 15:30:26.0;
16;2896.88;2019-04-11 15:30:29.0;
16;2896.12;2019-04-11 15:30:30.0;
16;2896.62;2019-04-11 15:30:32.0;
16;2896.12;2019-04-11 15:30:35.0;
16;2895.38;2019-04-11 15:30:39.0;
16;2895.62;2019-04-11 15:30:51.0;
16;2895.88;2019-04-11 15:30:54.0;
16;2895.62;2019-04-11 15:31:01.0;
16;2895.38;2019-04-11 15:31:06.0;
16;2895.62;2019-04-11 15:31:10.0;
16;2895.88;2019-04-11 15:31:14.0;
16;2895.38;2019-04-11 15:31:25.0;
16;2895.62;2019-04-11 15:31:33.0;
16;2895.38;2019-04-11 15:31:34.0;
16;2894.62;2019-04-11 15:31:40.0;
16;2894.38;2019-04-11 15:31:44.0;
16;2894.88;2019-04-11 15:31:50.0;
16;2895.12;2019-04-11 15:32:09.0;
16;2895.38;2019-04-11 15:32:15.0;
16;2895.12;2019-04-11 15:32:17.0;
16;2894.88;2019-04-11 15:32:19.0;
16;2895.38;2019-04-11 15:32:25.0;
16;2895.12;2019-04-11 15:32:32.0;
16;2895.38;2019-04-11 15:32:33.0;
16;2894.88;2019-04-11 15:32:36.0;
16;2895.12;2019-04-11 15:32:40.0;
16;2895.88;2019-04-11 15:32:42.0;
16;2895.12;2019-04-11 15:32:43.0;
16;2895.88;2019-04-11 15:32:45.0;
16;2895.38;2019-04-11 15:32:52.0;
16;2895.88;2019-04-11 15:32:53.0;
16;2895.12;2019-04-11 15:32:55.0;
16;2894.88;2019-04-11 15:33:06.0;
16;2895.12;2019-04-11 15:33:08.0;
16;2894.62;2019-04-11 15:33:11.0;
16;2895.38;2019-04-11 15:33:16.0;
16;2894.62;2019-04-11 15:33:21.0;
16;2894.88;2019-04-11 15:33:26.0;
16;2894.62;2019-04-11 15:33:27.0;
16;2894.88;2019-04-11 15:33:31.0;
16;2895.12;2019-04-11 15:33:34.0;
16;2894.88;2019-04-11 15:33:36.0;
16;2895.12;2019-04-11 15:33:37.0;
16;2895.38;2019-04-11 15:33:41.0;
16;2894.88;2019-04-11 15:33:47.0;
16;2895.38;2019-04-11 15:33:49.0;
16;2894.88;2019-04-11 15:33:50.0;
16;2895.12;2019-04-11 15:34:06.0;
16;2895.38;2019-04-11 15:34:17.0;
16;2895.12;2019-04-11 15:34:19.0;
16;2895.38;2019-04-11 15:34:22.0;
16;2895.12;2019-04-11 15:34:25.0;
16;2894.62;2019-04-11 15:34:30.0;
16;2894.38;2019-04-11 15:34:37.0;
16;2894.62;2019-04-11 15:34:41.0;
16;2894.38;2019-04-11 15:34:44.0;
16;2894.12;2019-04-11 15:34:51.0;
16;2894.62;2019-04-11 15:34:54.0;
16;2894.12;2019-04-11 15:34:56.0;
16;2894.88;2019-04-11 15:34:57.0;
16;2895.38;2019-04-11 15:35:01.0;
16;2895.62;2019-04-11 15:35:05.0;
16;2895.12;2019-04-11 15:35:15.0;
16;2894.62;2019-04-11 15:35:18.0;
16;2894.38;2019-04-11 15:35:20.0;
16;2893.88;2019-04-11 15:35:36.0;
16;2894.38;2019-04-11 15:35:39.0;
16;2893.62;2019-04-11 15:35:41.0;
16;2892.38;2019-04-11 15:36:05.0;
16;2892.12;2019-04-11 15:36:10.0;
16;2891.88;2019-04-11 15:36:12.0;
16;2892.38;2019-04-11 15:36:20.0;
16;2892.62;2019-04-11 15:36:25.0;
16;2892.38;2019-04-11 15:36:40.0;
16;2891.88;2019-04-11 15:36:44.0;
16;2892.38;2019-04-11 15:36:55.0;
16;2892.62;2019-04-11 15:37:10.0;
16;2892.38;2019-04-11 15:37:13.0;
16;2892.62;2019-04-11 15:37:15.0;
16;2892.38;2019-04-11 15:37:18.0;
16;2892.62;2019-04-11 15:37:19.0;
16;2892.88;2019-04-11 15:37:27.0;
16;2892.62;2019-04-11 15:37:35.0;
16;2893.12;2019-04-11 15:37:41.0;
16;2893.38;2019-04-11 15:38:07.0;
16;2892.88;2019-04-11 15:38:56.0;
16;2892.62;2019-04-11 15:38:57.0;
16;2892.88;2019-04-11 15:38:58.0;
16;2893.12;2019-04-11 15:39:05.0;
16;2893.38;2019-04-11 15:39:10.0;
16;2892.88;2019-04-11 15:39:13.0;
16;2892.38;2019-04-11 15:39:24.0;
16;2892.12;2019-04-11 15:39:33.0;
16;2892.62;2019-04-11 15:39:42.0;
16;2892.38;2019-04-11 15:39:46.0;
16;2891.88;2019-04-11 15:40:04.0;
16;2892.12;2019-04-11 15:40:17.0;
16;2891.88;2019-04-11 15:40:21.0;
16;2891.62;2019-04-11 15:40:25.0;
16;2891.88;2019-04-11 15:40:34.0;
16;2892.38;2019-04-11 15:40:40.0;
16;2892.62;2019-04-11 15:40:49.0;
16;2892.38;2019-04-11 15:40:59.0;
16;2892.62;2019-04-11 15:41:00.0;
16;2892.88;2019-04-11 15:41:06.0;
16;2893.12;2019-04-11 15:41:15.0;
16;2893.62;2019-04-11 15:41:20.0;
16;2893.88;2019-04-11 15:41:36.0;
16;2893.62;2019-04-11 15:41:46.0;
16;2893.38;2019-04-11 15:42:05.0;
16;2893.12;2019-04-11 15:42:10.0;
16;2893.38;2019-04-11 15:42:12.0;
16;2893.12;2019-04-11 15:42:15.0;
16;2893.38;2019-04-11 15:42:18.0;
16;2893.62;2019-04-11 15:42:24.0;
16;2893.88;2019-04-11 15:42:49.0;
16;2894.12;2019-04-11 15:42:57.0;
16;2894.62;2019-04-11 15:43:15.0;
16;2894.88;2019-04-11 15:43:21.0;
16;2894.62;2019-04-11 15:43:35.0;
16;2894.88;2019-04-11 15:43:39.0;
16;2895.12;2019-04-11 15:43:50.0;
16;2895.62;2019-04-11 15:44:04.0;
16;2895.38;2019-04-11 15:44:14.0;
16;2894.62;2019-04-11 15:44:34.0;
16;2894.88;2019-04-11 15:44:40.0;
16;2894.62;2019-04-11 15:44:46.0;
16;2894.88;2019-04-11 15:44:55.0;
16;2894.62;2019-04-11 15:44:59.0;
16;2894.88;2019-04-11 15:45:18.0;
16;2894.38;2019-04-11 15:45:19.0;
16;2894.12;2019-04-11 15:45:26.0;
16;2893.88;2019-04-11 15:45:31.0;
16;2894.12;2019-04-11 15:45:36.0;
16;2894.38;2019-04-11 15:45:47.0;
16;2893.88;2019-04-11 15:45:50.0;
16;2893.62;2019-04-11 15:46:04.0;
16;2894.38;2019-04-11 15:46:09.0;
16;2894.12;2019-04-11 15:46:17.0;
16;2894.38;2019-04-11 15:46:20.0;
16;2894.88;2019-04-11 15:46:26.0;
16;2894.62;2019-04-11 15:46:31.0;
16;2894.88;2019-04-11 15:46:33.0;
16;2894.62;2019-04-11 15:46:35.0;
16;2894.88;2019-04-11 15:46:39.0;
16;2894.38;2019-04-11 15:46:40.0;
16;2894.88;2019-04-11 15:46:50.0;
16;2895.12;2019-04-11 15:46:57.0;
16;2895.38;2019-04-11 15:47:01.0;
16;2895.12;2019-04-11 15:47:17.0;
16;2894.88;2019-04-11 15:47:32.0;
16;2894.62;2019-04-11 15:47:38.0;
16;2894.38;2019-04-11 15:47:48.0;
16;2894.62;2019-04-11 15:47:51.0;
16;2895.38;2019-04-11 15:48:07.0;
16;2895.88;2019-04-11 15:48:12.0;
16;2895.62;2019-04-11 15:48:13.0;
16;2895.38;2019-04-11 15:48:21.0;
16;2895.62;2019-04-11 15:48:26.0;
16;2895.88;2019-04-11 15:48:35.0;
16;2895.62;2019-04-11 15:48:50.0;
16;2895.88;2019-04-11 15:49:09.0;
16;2895.62;2019-04-11 15:49:13.0;
16;2895.88;2019-04-11 15:49:15.0;
16;2895.62;2019-04-11 15:49:19.0;
16;2895.38;2019-04-11 15:49:27.0;
16;2895.62;2019-04-11 15:49:31.0;
16;2895.88;2019-04-11 15:49:37.0;
16;2895.62;2019-04-11 15:49:38.0;
16;2895.88;2019-04-11 15:49:40.0;
16;2895.62;2019-04-11 15:49:43.0;
16;2895.88;2019-04-11 15:49:46.0;
16;2895.62;2019-04-11 15:49:47.0;
16;2895.88;2019-04-11 15:50:03.0;
16;2895.62;2019-04-11 15:50:04.0;
16;2895.88;2019-04-11 15:50:05.0;
16;2895.62;2019-04-11 15:50:10.0;
16;2896.12;2019-04-11 15:50:15.0;
16;2896.38;2019-04-11 15:50:17.0;
16;2896.62;2019-04-11 15:50:36.0;
16;2897.12;2019-04-11 15:50:39.0;
16;2896.88;2019-04-11 15:50:43.0;
16;2897.12;2019-04-11 15:50:45.0;
16;2896.88;2019-04-11 15:50:47.0;
16;2896.62;2019-04-11 15:50:56.0;
16;2896.38;2019-04-11 15:51:09.0;
16;2896.12;2019-04-11 15:51:16.0;
16;2895.62;2019-04-11 15:51:19.0;
16;2895.88;2019-04-11 15:51:38.0;
16;2896.12;2019-04-11 15:51:41.0;
16;2895.88;2019-04-11 15:51:42.0;
16;2896.12;2019-04-11 15:51:44.0;
16;2895.88;2019-04-11 15:51:46.0;
16;2895.62;2019-04-11 15:51:50.0;
16;2895.12;2019-04-11 15:52:04.0;
16;2895.38;2019-04-11 15:52:11.0;
16;2894.88;2019-04-11 15:52:15.0;
16;2895.38;2019-04-11 15:52:19.0;
16;2894.88;2019-04-11 15:52:20.0;
16;2894.62;2019-04-11 15:52:22.0;
16;2895.12;2019-04-11 15:52:26.0;
16;2894.88;2019-04-11 15:52:37.0;
16;2895.12;2019-04-11 15:52:38.0;
16;2894.88;2019-04-11 15:52:39.0;
16;2894.38;2019-04-11 15:52:47.0;
16;2893.88;2019-04-11 15:53:04.0;
16;2894.12;2019-04-11 15:53:13.0;
16;2894.38;2019-04-11 15:53:29.0;
16;2894.12;2019-04-11 15:53:30.0;
16;2894.38;2019-04-11 15:53:38.0;
16;2894.62;2019-04-11 15:54:06.0;
16;2894.12;2019-04-11 15:54:11.0;
16;2893.88;2019-04-11 15:54:17.0;
16;2893.62;2019-04-11 15:54:21.0;
16;2893.38;2019-04-11 15:54:26.0;
16;2893.62;2019-04-11 15:54:30.0;
16;2893.88;2019-04-11 15:54:33.0;
16;2893.62;2019-04-11 15:54:36.0;
16;2893.38;2019-04-11 15:54:48.0;
16;2893.62;2019-04-11 15:54:49.0;
16;2893.38;2019-04-11 15:54:51.0;
16;2893.62;2019-04-11 15:55:01.0;
16;2893.38;2019-04-11 15:55:06.0;
16;2892.88;2019-04-11 15:55:09.0;
16;2893.38;2019-04-11 15:55:15.0;
16;2893.12;2019-04-11 15:55:18.0;
16;2893.38;2019-04-11 15:55:28.0;
16;2892.88;2019-04-11 15:55:38.0;
16;2893.12;2019-04-11 15:55:40.0;
16;2893.38;2019-04-11 15:56:07.0;
16;2893.62;2019-04-11 15:56:09.0;
16;2893.88;2019-04-11 15:56:24.0;
16;2894.12;2019-04-11 15:56:29.0;
16;2893.88;2019-04-11 15:56:37.0;
16;2894.12;2019-04-11 15:56:43.0;
16;2893.88;2019-04-11 15:56:45.0;
16;2894.12;2019-04-11 15:56:47.0;
16;2894.38;2019-04-11 15:56:59.0;
16;2894.62;2019-04-11 15:57:04.0;
16;2895.12;2019-04-11 15:57:10.0;
16;2894.62;2019-04-11 15:57:16.0;
16;2895.12;2019-04-11 15:58:04.0;
16;2894.88;2019-04-11 15:58:16.0;
16;2895.12;2019-04-11 15:58:20.0;
16;2894.88;2019-04-11 15:58:22.0;
16;2895.12;2019-04-11 15:58:24.0;
16;2894.88;2019-04-11 15:58:25.0;
16;2895.38;2019-04-11 15:58:31.0;
16;2895.12;2019-04-11 15:58:34.0;
16;2894.88;2019-04-11 15:58:43.0;
16;2895.12;2019-04-11 15:58:44.0;
16;2894.88;2019-04-11 15:58:56.0;
16;2894.62;2019-04-11 15:58:57.0;
16;2894.12;2019-04-11 15:59:00.0;
16;2894.62;2019-04-11 15:59:02.0;
16;2894.12;2019-04-11 15:59:03.0;
16;2894.62;2019-04-11 15:59:10.0;
16;2894.38;2019-04-11 15:59:21.0;
16;2894.12;2019-04-11 15:59:26.0;
16;2893.88;2019-04-11 15:59:37.0;
16;2893.38;2019-04-11 15:59:39.0;
16;2893.62;2019-04-11 15:59:45.0;
16;2893.38;2019-04-11 15:59:49.0;
16;2894.62;2019-04-11 16:00:05.0;
16;2894.88;2019-04-11 16:00:09.0;
16;2894.62;2019-04-11 16:00:16.0;
16;2894.38;2019-04-11 16:00:25.0;
16;2894.88;2019-04-11 16:00:31.0;
16;2894.62;2019-04-11 16:00:44.0;
16;2894.88;2019-04-11 16:00:50.0;
16;2894.62;2019-04-11 16:01:06.0;
16;2894.38;2019-04-11 16:01:09.0;
16;2894.12;2019-04-11 16:01:26.0;
16;2893.88;2019-04-11 16:01:34.0;
16;2893.62;2019-04-11 16:01:43.0;
16;2894.12;2019-04-11 16:02:03.0;
16;2893.62;2019-04-11 16:02:05.0;
16;2894.12;2019-04-11 16:02:06.0;
16;2893.88;2019-04-11 16:02:09.0;
16;2894.12;2019-04-11 16:02:33.0;
16;2893.88;2019-04-11 16:02:38.0;
16;2894.12;2019-04-11 16:02:44.0;
16;2894.62;2019-04-11 16:02:49.0;
16;2894.88;2019-04-11 16:03:03.0;
16;2894.62;2019-04-11 16:03:04.0;
16;2894.88;2019-04-11 16:03:06.0;
16;2895.12;2019-04-11 16:03:26.0;
16;2894.88;2019-04-11 16:03:27.0;
16;2895.12;2019-04-11 16:03:28.0;
16;2894.88;2019-04-11 16:03:34.0;
16;2895.12;2019-04-11 16:03:43.0;
16;2894.88;2019-04-11 16:03:45.0;
16;2895.12;2019-04-11 16:03:46.0;
16;2894.88;2019-04-11 16:03:52.0;
16;2894.62;2019-04-11 16:04:21.0;
16;2894.88;2019-04-11 16:04:23.0;
16;2894.62;2019-04-11 16:04:25.0;
16;2894.88;2019-04-11 16:04:34.0;
16;2894.62;2019-04-11 16:04:46.0;
16;2894.38;2019-04-11 16:04:48.0;
16;2894.62;2019-04-11 16:04:51.0;
16;2895.12;2019-04-11 16:05:01.0;
16;2895.38;2019-04-11 16:05:05.0;
16;2895.12;2019-04-11 16:05:29.0;
16;2894.88;2019-04-11 16:05:43.0;
16;2894.38;2019-04-11 16:06:05.0;
16;2894.12;2019-04-11 16:06:12.0;
16;2893.88;2019-04-11 16:06:17.0;
16;2894.12;2019-04-11 16:06:19.0;
16;2893.88;2019-04-11 16:06:20.0;
16;2893.62;2019-04-11 16:06:43.0;
16;2894.12;2019-04-11 16:06:55.0;
16;2893.88;2019-04-11 16:07:17.0;
16;2893.62;2019-04-11 16:07:20.0;
16;2893.88;2019-04-11 16:07:31.0;
16;2893.62;2019-04-11 16:07:39.0;
16;2893.88;2019-04-11 16:07:40.0;
16;2893.62;2019-04-11 16:07:42.0;
16;2893.38;2019-04-11 16:07:51.0;
16;2893.62;2019-04-11 16:08:09.0;
16;2893.88;2019-04-11 16:08:14.0;
16;2893.62;2019-04-11 16:08:20.0;
16;2893.38;2019-04-11 16:08:24.0;
16;2893.88;2019-04-11 16:08:41.0;
16;2894.12;2019-04-11 16:09:02.0;
16;2893.88;2019-04-11 16:09:14.0;
16;2894.12;2019-04-11 16:09:21.0;
16;2893.88;2019-04-11 16:09:31.0;
16;2894.12;2019-04-11 16:09:33.0;
16;2893.88;2019-04-11 16:09:34.0;
16;2894.12;2019-04-11 16:09:45.0;
16;2894.38;2019-04-11 16:10:15.0;
16;2894.62;2019-04-11 16:10:22.0;
16;2894.38;2019-04-11 16:10:38.0;
16;2894.12;2019-04-11 16:10:46.0;
16;2894.38;2019-04-11 16:10:53.0;
16;2894.12;2019-04-11 16:10:55.0;
16;2893.88;2019-04-11 16:11:02.0;
16;2893.62;2019-04-11 16:11:05.0;
16;2893.88;2019-04-11 16:11:12.0;
16;2893.62;2019-04-11 16:11:15.0;
16;2893.38;2019-04-11 16:11:18.0;
16;2893.12;2019-04-11 16:11:25.0;
16;2893.38;2019-04-11 16:11:31.0;
16;2892.88;2019-04-11 16:12:07.0;
16;2892.62;2019-04-11 16:12:19.0;
16;2892.38;2019-04-11 16:12:27.0;
16;2892.12;2019-04-11 16:12:53.0;
16;2892.38;2019-04-11 16:12:57.0;
16;2892.62;2019-04-11 16:13:01.0;
16;2893.12;2019-04-11 16:13:12.0;
16;2892.88;2019-04-11 16:13:13.0;
16;2893.12;2019-04-11 16:13:15.0;
16;2893.38;2019-04-11 16:13:22.0;
16;2893.12;2019-04-11 16:13:28.0;
16;2893.62;2019-04-11 16:13:42.0;
16;2893.12;2019-04-11 16:14:05.0;
16;2892.88;2019-04-11 16:14:09.0;
16;2893.62;2019-04-11 16:14:22.0;
16;2893.88;2019-04-11 16:14:43.0;
16;2893.62;2019-04-11 16:14:48.0;
16;2893.88;2019-04-11 16:14:56.0;
16;2893.62;2019-04-11 16:14:57.0;
16;2893.88;2019-04-11 16:14:58.0;
16;2894.38;2019-04-11 16:15:03.0;
16;2894.62;2019-04-11 16:15:13.0;
16;2894.88;2019-04-11 16:15:18.0;
16;2894.62;2019-04-11 16:15:27.0;
16;2894.38;2019-04-11 16:15:33.0;
16;2894.12;2019-04-11 16:15:37.0;
16;2893.88;2019-04-11 16:15:42.0;
16;2894.12;2019-04-11 16:15:45.0;
16;2893.88;2019-04-11 16:15:51.0;
16;2894.12;2019-04-11 16:16:04.0;
16;2894.38;2019-04-11 16:16:12.0;
16;2894.62;2019-04-11 16:16:14.0;
16;2894.88;2019-04-11 16:16:20.0;
16;2894.62;2019-04-11 16:16:21.0;
16;2894.88;2019-04-11 16:16:23.0;
16;2894.38;2019-04-11 16:16:29.0;
16;2894.12;2019-04-11 16:16:34.0;
16;2894.62;2019-04-11 16:16:37.0;
16;2894.88;2019-04-11 16:16:43.0;
16;2894.62;2019-04-11 16:16:58.0;
16;2894.88;2019-04-11 16:17:00.0;
16;2894.62;2019-04-11 16:17:01.0;
16;2894.88;2019-04-11 16:17:03.0;
16;2894.62;2019-04-11 16:17:04.0;
16;2894.88;2019-04-11 16:17:06.0;
16;2894.62;2019-04-11 16:17:07.0;
16;2894.88;2019-04-11 16:17:17.0;
16;2895.12;2019-04-11 16:17:25.0;
16;2894.88;2019-04-11 16:17:39.0;
16;2895.12;2019-04-11 16:17:46.0;
16;2895.62;2019-04-11 16:18:06.0;
16;2895.88;2019-04-11 16:18:10.0;
16;2895.62;2019-04-11 16:18:25.0;
16;2895.88;2019-04-11 16:18:26.0;
16;2895.62;2019-04-11 16:18:28.0;
16;2895.88;2019-04-11 16:18:33.0;
16;2895.62;2019-04-11 16:18:52.0;
16;2895.38;2019-04-11 16:19:04.0;
16;2895.62;2019-04-11 16:19:05.0;
16;2895.38;2019-04-11 16:19:07.0;
16;2895.88;2019-04-11 16:19:14.0;
16;2895.62;2019-04-11 16:19:17.0;
16;2895.88;2019-04-11 16:19:19.0;
16;2895.62;2019-04-11 16:19:26.0;
16;2895.38;2019-04-11 16:19:44.0;
16;2895.62;2019-04-11 16:19:46.0;
16;2895.38;2019-04-11 16:19:47.0;
16;2895.62;2019-04-11 16:19:49.0;
16;2895.88;2019-04-11 16:20:17.0;
16;2895.62;2019-04-11 16:20:23.0;
16;2895.38;2019-04-11 16:20:33.0;
16;2895.12;2019-04-11 16:21:00.0;
16;2895.62;2019-04-11 16:21:13.0;
16;2895.88;2019-04-11 16:21:35.0;
16;2895.62;2019-04-11 16:21:39.0;
16;2895.88;2019-04-11 16:21:41.0;
16;2895.62;2019-04-11 16:21:43.0;
16;2895.88;2019-04-11 16:21:47.0;
16;2895.62;2019-04-11 16:22:14.0;
16;2895.88;2019-04-11 16:22:17.0;
16;2896.12;2019-04-11 16:22:30.0;
16;2895.88;2019-04-11 16:22:33.0;
16;2895.62;2019-04-11 16:22:47.0;
16;2895.88;2019-04-11 16:23:08.0;
16;2895.62;2019-04-11 16:23:13.0;
16;2895.38;2019-04-11 16:23:22.0;
16;2895.12;2019-04-11 16:23:28.0;
16;2895.38;2019-04-11 16:23:37.0;
16;2895.12;2019-04-11 16:24:07.0;
16;2894.88;2019-04-11 16:24:09.0;
16;2895.12;2019-04-11 16:24:30.0;
16;2895.38;2019-04-11 16:24:39.0;
16;2895.62;2019-04-11 16:24:41.0;
16;2895.88;2019-04-11 16:24:57.0;
16;2895.62;2019-04-11 16:24:58.0;
16;2896.12;2019-04-11 16:25:00.0;
16;2895.88;2019-04-11 16:25:02.0;
16;2896.12;2019-04-11 16:25:04.0;
16;2895.88;2019-04-11 16:25:05.0;
16;2896.12;2019-04-11 16:25:16.0;
16;2895.88;2019-04-11 16:25:27.0;
16;2896.12;2019-04-11 16:25:28.0;
16;2895.88;2019-04-11 16:25:30.0;
16;2895.62;2019-04-11 16:25:35.0;
16;2895.38;2019-04-11 16:25:47.0;
16;2895.12;2019-04-11 16:26:20.0;
16;2895.38;2019-04-11 16:26:22.0;
16;2895.12;2019-04-11 16:26:23.0;
16;2895.38;2019-04-11 16:27:11.0;
16;2894.88;2019-04-11 16:27:13.0;
16;2895.12;2019-04-11 16:27:22.0;
16;2895.38;2019-04-11 16:27:30.0;
16;2895.62;2019-04-11 16:27:41.0;
16;2894.88;2019-04-11 16:28:05.0;
16;2895.12;2019-04-11 16:28:09.0;
16;2895.38;2019-04-11 16:28:12.0;
16;2895.12;2019-04-11 16:28:14.0;
16;2895.38;2019-04-11 16:28:16.0;
16;2895.12;2019-04-11 16:28:22.0;
16;2894.88;2019-04-11 16:28:26.0;
16;2895.12;2019-04-11 16:28:29.0;
16;2894.88;2019-04-11 16:28:31.0;
16;2895.12;2019-04-11 16:28:32.0;
16;2894.88;2019-04-11 16:28:36.0;
16;2894.62;2019-04-11 16:28:42.0;
16;2894.88;2019-04-11 16:28:48.0;
16;2895.12;2019-04-11 16:28:51.0;
16;2895.38;2019-04-11 16:28:55.0;
16;2895.12;2019-04-11 16:28:57.0;
16;2895.38;2019-04-11 16:28:58.0;
16;2895.12;2019-04-11 16:29:01.0;
16;2894.88;2019-04-11 16:29:12.0;
16;2895.12;2019-04-11 16:29:17.0;
16;2895.38;2019-04-11 16:29:26.0;
16;2895.62;2019-04-11 16:29:27.0;
16;2895.38;2019-04-11 16:29:30.0;
16;2895.62;2019-04-11 16:29:32.0;
16;2895.38;2019-04-11 16:29:42.0;
16;2895.12;2019-04-11 16:29:45.0;
16;2895.38;2019-04-11 16:30:06.0;
16;2895.62;2019-04-11 16:30:10.0;
16;2895.38;2019-04-11 16:30:19.0;
16;2894.88;2019-04-11 16:30:29.0;
16;2894.62;2019-04-11 16:30:33.0;
16;2894.88;2019-04-11 16:30:36.0;
16;2894.62;2019-04-11 16:31:02.0;
16;2894.38;2019-04-11 16:31:10.0;
16;2893.88;2019-04-11 16:31:16.0;
16;2894.12;2019-04-11 16:31:46.0;
16;2894.38;2019-04-11 16:31:50.0;
16;2895.62;2019-04-11 16:32:09.0;
16;2895.12;2019-04-11 16:32:10.0;
16;2895.62;2019-04-11 16:32:11.0;
16;2895.38;2019-04-11 16:32:16.0;
16;2895.12;2019-04-11 16:32:22.0;
16;2894.88;2019-04-11 16:32:53.0;
16;2895.12;2019-04-11 16:33:01.0;
16;2894.88;2019-04-11 16:33:11.0;
16;2894.62;2019-04-11 16:33:13.0;
16;2894.88;2019-04-11 16:33:23.0;
16;2894.62;2019-04-11 16:33:34.0;
16;2894.38;2019-04-11 16:33:36.0;
16;2893.88;2019-04-11 16:33:51.0;
16;2894.38;2019-04-11 16:34:05.0;
16;2893.88;2019-04-11 16:34:07.0;
16;2894.38;2019-04-11 16:34:08.0;
16;2894.12;2019-04-11 16:34:13.0;
16;2893.88;2019-04-11 16:34:21.0;
16;2893.38;2019-04-11 16:34:23.0;
16;2893.62;2019-04-11 16:34:28.0;
16;2893.38;2019-04-11 16:34:29.0;
16;2893.62;2019-04-11 16:34:31.0;
16;2894.12;2019-04-11 16:34:48.0;
16;2893.88;2019-04-11 16:34:49.0;
16;2894.12;2019-04-11 16:34:51.0;
16;2893.88;2019-04-11 16:34:55.0;
16;2894.12;2019-04-11 16:35:02.0;
16;2893.88;2019-04-11 16:35:09.0;
16;2894.12;2019-04-11 16:35:11.0;
16;2894.38;2019-04-11 16:35:21.0;
16;2894.62;2019-04-11 16:35:27.0;
16;2894.88;2019-04-11 16:35:51.0;
16;2894.38;2019-04-11 16:36:08.0;
16;2894.62;2019-04-11 16:36:10.0;
16;2894.38;2019-04-11 16:36:11.0;
16;2894.12;2019-04-11 16:36:21.0;
16;2894.38;2019-04-11 16:36:29.0;
16;2894.12;2019-04-11 16:36:33.0;
16;2894.38;2019-04-11 16:36:43.0;
16;2894.12;2019-04-11 16:36:45.0;
16;2894.38;2019-04-11 16:36:46.0;
16;2894.62;2019-04-11 16:37:01.0;
16;2894.88;2019-04-11 16:37:08.0;
16;2894.62;2019-04-11 16:37:17.0;
16;2894.88;2019-04-11 16:37:39.0;
16;2895.38;2019-04-11 16:38:07.0;
16;2895.12;2019-04-11 16:38:16.0;
16;2895.38;2019-04-11 16:38:22.0;
16;2895.62;2019-04-11 16:38:29.0;
16;2895.38;2019-04-11 16:38:32.0;
16;2895.12;2019-04-11 16:38:47.0;
16;2895.38;2019-04-11 16:39:09.0;
16;2895.12;2019-04-11 16:39:27.0;
16;2895.38;2019-04-11 16:39:29.0;
16;2895.12;2019-04-11 16:39:30.0;
16;2894.88;2019-04-11 16:39:39.0;
16;2895.12;2019-04-11 16:39:48.0;
16;2895.38;2019-04-11 16:40:28.0;
16;2895.12;2019-04-11 16:40:38.0;
16;2895.38;2019-04-11 16:40:44.0;
16;2895.62;2019-04-11 16:40:48.0;
16;2895.38;2019-04-11 16:41:09.0;
16;2895.62;2019-04-11 16:41:29.0;
16;2895.88;2019-04-11 16:41:38.0;
16;2895.62;2019-04-11 16:41:44.0;
16;2895.88;2019-04-11 16:42:25.0;
16;2896.62;2019-04-11 16:42:39.0;
16;2896.38;2019-04-11 16:42:53.0;
16;2896.62;2019-04-11 16:42:58.0;
16;2897.12;2019-04-11 16:43:08.0;
16;2897.38;2019-04-11 16:43:13.0;
16;2897.12;2019-04-11 16:43:19.0;
16;2896.88;2019-04-11 16:43:25.0;
16;2897.12;2019-04-11 16:43:27.0;
16;2896.88;2019-04-11 16:43:28.0;
16;2896.62;2019-04-11 16:43:34.0;
16;2896.88;2019-04-11 16:43:38.0;
16;2896.62;2019-04-11 16:43:48.0;
16;2896.38;2019-04-11 16:44:09.0;
16;2896.62;2019-04-11 16:45:20.0;
16;2896.38;2019-04-11 16:45:21.0;
16;2896.62;2019-04-11 16:45:23.0;
16;2896.88;2019-04-11 16:45:30.0;
16;2896.62;2019-04-11 16:45:46.0;
16;2896.88;2019-04-11 16:46:21.0;
16;2896.62;2019-04-11 16:46:41.0;
16;2896.88;2019-04-11 16:46:45.0;
16;2896.62;2019-04-11 16:46:47.0;
16;2896.88;2019-04-11 16:46:48.0;
16;2896.62;2019-04-11 16:47:06.0;
16;2896.38;2019-04-11 16:47:09.0;
16;2896.12;2019-04-11 16:47:13.0;
16;2895.88;2019-04-11 16:47:18.0;
16;2896.12;2019-04-11 16:47:24.0;
16;2895.62;2019-04-11 16:48:04.0;
16;2895.88;2019-04-11 16:48:14.0;
16;2895.62;2019-04-11 16:48:16.0;
16;2895.88;2019-04-11 16:48:19.0;
16;2896.12;2019-04-11 16:48:22.0;
16;2895.88;2019-04-11 16:48:23.0;
16;2895.62;2019-04-11 16:48:33.0;
16;2895.38;2019-04-11 16:48:54.0;
16;2895.62;2019-04-11 16:49:10.0;
16;2895.38;2019-04-11 16:49:25.0;
16;2895.62;2019-04-11 16:49:28.0;
16;2895.88;2019-04-11 16:50:04.0;
16;2896.12;2019-04-11 16:50:14.0;
16;2896.38;2019-04-11 16:50:25.0;
16;2896.12;2019-04-11 16:50:35.0;
16;2895.88;2019-04-11 16:50:49.0;
16;2896.12;2019-04-11 16:50:59.0;
16;2895.88;2019-04-11 16:51:01.0;
16;2896.12;2019-04-11 16:51:02.0;
16;2895.88;2019-04-11 16:51:09.0;
16;2895.62;2019-04-11 16:51:16.0;
16;2895.88;2019-04-11 16:51:30.0;
16;2895.62;2019-04-11 16:51:37.0;
16;2895.88;2019-04-11 16:51:51.0;
16;2895.62;2019-04-11 16:52:25.0;
16;2895.88;2019-04-11 16:52:44.0;
16;2895.62;2019-04-11 16:53:03.0;
16;2895.88;2019-04-11 16:53:15.0;
16;2895.62;2019-04-11 16:53:39.0;
16;2895.38;2019-04-11 16:53:43.0;
16;2895.62;2019-04-11 16:54:03.0;
16;2895.38;2019-04-11 16:54:43.0;
16;2895.12;2019-04-11 16:54:53.0;
16;2894.62;2019-04-11 16:55:07.0;
16;2894.88;2019-04-11 16:55:18.0;
16;2894.62;2019-04-11 16:55:28.0;
16;2894.38;2019-04-11 16:55:40.0;
16;2894.88;2019-04-11 16:55:52.0;
16;2894.62;2019-04-11 16:56:04.0;
16;2894.88;2019-04-11 16:56:14.0;
16;2895.12;2019-04-11 16:56:18.0;
16;2894.38;2019-04-11 16:56:42.0;
16;2894.62;2019-04-11 16:57:04.0;
16;2894.38;2019-04-11 16:57:09.0;
16;2894.62;2019-04-11 16:57:14.0;
16;2894.88;2019-04-11 16:57:19.0;
16;2895.12;2019-04-11 16:57:25.0;
16;2895.38;2019-04-11 16:57:35.0;
16;2895.62;2019-04-11 16:57:44.0;
16;2895.38;2019-04-11 16:57:49.0;
16;2895.12;2019-04-11 16:58:08.0;
16;2894.88;2019-04-11 16:58:14.0;
16;2895.12;2019-04-11 16:58:16.0;
16;2894.88;2019-04-11 16:58:19.0;
16;2895.12;2019-04-11 16:58:30.0;
16;2894.88;2019-04-11 16:58:44.0;
16;2895.12;2019-04-11 16:58:49.0;
16;2894.88;2019-04-11 16:58:54.0;
16;2895.12;2019-04-11 16:59:04.0;
16;2895.38;2019-04-11 16:59:10.0;
16;2895.12;2019-04-11 16:59:20.0;
16;2895.38;2019-04-11 16:59:34.0;
16;2895.12;2019-04-11 16:59:43.0;
16;2895.88;2019-04-11 17:00:03.0;
16;2895.38;2019-04-11 17:00:14.0;
16;2895.62;2019-04-11 17:00:20.0;
16;2895.38;2019-04-11 17:00:23.0;
16;2895.62;2019-04-11 17:00:24.0;
16;2895.88;2019-04-11 17:00:29.0;
16;2895.62;2019-04-11 17:00:34.0;
16;2896.12;2019-04-11 17:00:39.0;
16;2895.88;2019-04-11 17:00:41.0;
16;2896.12;2019-04-11 17:00:42.0;
16;2895.88;2019-04-11 17:00:49.0;
16;2896.12;2019-04-11 17:01:05.0;
16;2895.88;2019-04-11 17:01:18.0;
16;2896.12;2019-04-11 17:01:30.0;
16;2895.62;2019-04-11 17:01:49.0;
16;2895.12;2019-04-11 17:02:05.0;
16;2894.62;2019-04-11 17:02:18.0;
16;2894.38;2019-04-11 17:02:40.0;
16;2894.62;2019-04-11 17:02:42.0;
16;2894.38;2019-04-11 17:03:22.0;
16;2894.12;2019-04-11 17:03:25.0;
16;2893.88;2019-04-11 17:03:29.0;
16;2893.12;2019-04-11 17:03:35.0;
16;2893.38;2019-04-11 17:03:40.0;
16;2893.88;2019-04-11 17:04:05.0;
16;2893.62;2019-04-11 17:04:10.0;
16;2893.38;2019-04-11 17:04:13.0;
16;2893.62;2019-04-11 17:04:25.0;
16;2893.88;2019-04-11 17:04:29.0;
16;2894.12;2019-04-11 17:04:44.0;
16;2894.62;2019-04-11 17:04:49.0;
16;2894.88;2019-04-11 17:04:59.0;
16;2894.62;2019-04-11 17:05:29.0;
16;2894.88;2019-04-11 17:06:05.0;
16;2895.12;2019-04-11 17:06:19.0;
16;2894.88;2019-04-11 17:07:09.0;
16;2895.12;2019-04-11 17:07:14.0;
16;2895.38;2019-04-11 17:07:44.0;
16;2895.62;2019-04-11 17:08:09.0;
16;2895.88;2019-04-11 17:08:50.0;
16;2896.12;2019-04-11 17:09:00.0;
16;2896.38;2019-04-11 17:09:14.0;
16;2896.12;2019-04-11 17:09:33.0;
16;2896.38;2019-04-11 17:10:03.0;
16;2896.12;2019-04-11 17:10:30.0;
16;2895.88;2019-04-11 17:10:34.0;
16;2896.12;2019-04-11 17:10:40.0;
16;2895.88;2019-04-11 17:10:49.0;
16;2896.12;2019-04-11 17:12:09.0;
16;2895.62;2019-04-11 17:12:19.0;
16;2896.12;2019-04-11 17:12:21.0;
16;2895.62;2019-04-11 17:12:22.0;
16;2895.88;2019-04-11 17:12:34.0;
16;2895.62;2019-04-11 17:12:40.0;
16;2895.88;2019-04-11 17:12:50.0;
16;2896.12;2019-04-11 17:13:00.0;
16;2895.88;2019-04-11 17:13:18.0;
16;2896.12;2019-04-11 17:13:24.0;
16;2895.88;2019-04-11 17:13:45.0;
16;2896.12;2019-04-11 17:14:04.0;
16;2895.88;2019-04-11 17:14:24.0;
16;2895.62;2019-04-11 17:14:33.0;
16;2895.38;2019-04-11 17:14:39.0;
16;2895.62;2019-04-11 17:14:44.0;
16;2896.12;2019-04-11 17:14:54.0;
16;2895.88;2019-04-11 17:15:20.0;
16;2896.12;2019-04-11 17:15:23.0;
16;2896.38;2019-04-11 17:15:33.0;
16;2896.12;2019-04-11 17:15:39.0;
16;2895.88;2019-04-11 17:15:45.0;
16;2896.38;2019-04-11 17:16:04.0;
16;2896.12;2019-04-11 17:16:10.0;
16;2896.38;2019-04-11 17:16:44.0;
16;2896.12;2019-04-11 17:17:06.0;
16;2896.38;2019-04-11 17:17:10.0;
16;2896.12;2019-04-11 17:17:20.0;
16;2895.62;2019-04-11 17:18:05.0;
16;2895.88;2019-04-11 17:18:20.0;
16;2895.38;2019-04-11 17:18:35.0;
16;2895.12;2019-04-11 17:18:51.0;
16;2894.88;2019-04-11 17:18:59.0;
16;2894.62;2019-04-11 17:19:05.0;
16;2894.88;2019-04-11 17:19:14.0;
16;2895.12;2019-04-11 17:19:20.0;
16;2894.88;2019-04-11 17:19:22.0;
16;2895.12;2019-04-11 17:19:25.0;
16;2895.62;2019-04-11 17:19:36.0;
16;2895.38;2019-04-11 17:19:39.0;
16;2895.62;2019-04-11 17:19:49.0;
16;2895.38;2019-04-11 17:20:10.0;
16;2895.62;2019-04-11 17:20:20.0;
16;2895.88;2019-04-11 17:20:41.0;
16;2895.62;2019-04-11 17:20:45.0;
16;2895.38;2019-04-11 17:21:05.0;
16;2895.62;2019-04-11 17:21:26.0;
16;2895.88;2019-04-11 17:21:36.0;
16;2895.62;2019-04-11 17:21:39.0;
16;2895.38;2019-04-11 17:22:18.0;
16;2894.88;2019-04-11 17:22:35.0;
16;2895.12;2019-04-11 17:22:39.0;
16;2894.88;2019-04-11 17:22:50.0;
16;2895.12;2019-04-11 17:22:58.0;
16;2895.62;2019-04-11 17:23:10.0;
16;2895.38;2019-04-11 17:23:19.0;
16;2895.62;2019-04-11 17:23:40.0;
16;2895.38;2019-04-11 17:23:45.0;
16;2895.12;2019-04-11 17:23:49.0;
16;2894.88;2019-04-11 17:24:05.0;
16;2895.12;2019-04-11 17:24:09.0;
16;2895.38;2019-04-11 17:24:15.0;
16;2895.12;2019-04-11 17:24:29.0;
16;2894.88;2019-04-11 17:24:37.0;
16;2894.62;2019-04-11 17:24:51.0;
16;2894.88;2019-04-11 17:25:00.0;
16;2894.38;2019-04-11 17:25:16.0;
16;2894.62;2019-04-11 17:25:51.0;
16;2894.88;2019-04-11 17:26:07.0;
16;2894.62;2019-04-11 17:26:10.0;
16;2894.88;2019-04-11 17:26:20.0;
16;2894.62;2019-04-11 17:26:24.0;
16;2894.88;2019-04-11 17:26:45.0;
16;2894.62;2019-04-11 17:27:14.0;
16;2894.88;2019-04-11 17:27:34.0;
16;2894.62;2019-04-11 17:27:37.0;
16;2894.88;2019-04-11 17:27:38.0;
16;2894.62;2019-04-11 17:27:40.0;
16;2894.88;2019-04-11 17:28:04.0;
16;2894.62;2019-04-11 17:28:05.0;
16;2894.88;2019-04-11 17:28:07.0;
16;2894.62;2019-04-11 17:28:10.0;
16;2894.88;2019-04-11 17:28:12.0;
16;2894.62;2019-04-11 17:28:13.0;
16;2894.88;2019-04-11 17:28:14.0;
16;2894.38;2019-04-11 17:28:22.0;
16;2894.62;2019-04-11 17:28:25.0;
16;2894.38;2019-04-11 17:28:32.0;
16;2894.62;2019-04-11 17:28:34.0;
16;2894.38;2019-04-11 17:28:35.0;
16;2894.62;2019-04-11 17:28:54.0;
16;2894.88;2019-04-11 17:29:04.0;
16;2894.62;2019-04-11 17:30:09.0;
16;2894.38;2019-04-11 17:30:14.0;
16;2894.12;2019-04-11 17:30:17.0;
16;2893.88;2019-04-11 17:30:25.0;
16;2894.12;2019-04-11 17:30:52.0;
16;2893.88;2019-04-11 17:31:02.0;
16;2894.12;2019-04-11 17:31:20.0;
16;2893.88;2019-04-11 17:31:22.0;
16;2894.12;2019-04-11 17:31:23.0;
16;2893.88;2019-04-11 17:32:16.0;
16;2893.62;2019-04-11 17:32:41.0;
16;2893.38;2019-04-11 17:33:09.0;
16;2893.12;2019-04-11 17:33:42.0;
16;2893.38;2019-04-11 17:33:46.0;
16;2893.12;2019-04-11 17:34:20.0;
16;2893.38;2019-04-11 17:34:25.0;
16;2893.12;2019-04-11 17:34:47.0;
16;2893.38;2019-04-11 17:35:13.0;
16;2893.12;2019-04-11 17:35:16.0;
16;2893.62;2019-04-11 17:35:35.0;
16;2893.38;2019-04-11 17:35:40.0;
16;2893.62;2019-04-11 17:35:41.0;
16;2893.38;2019-04-11 17:35:43.0;
16;2893.62;2019-04-11 17:35:45.0;
16;2893.88;2019-04-11 17:36:06.0;
16;2893.62;2019-04-11 17:36:35.0;
16;2893.38;2019-04-11 17:36:51.0;
16;2893.62;2019-04-11 17:37:06.0;
16;2893.88;2019-04-11 17:37:27.0;
16;2893.62;2019-04-11 17:38:13.0;
16;2893.38;2019-04-11 17:38:17.0;
16;2893.12;2019-04-11 17:38:26.0;
16;2892.88;2019-04-11 17:38:45.0;
16;2892.62;2019-04-11 17:39:13.0;
16;2892.88;2019-04-11 17:39:15.0;
16;2892.62;2019-04-11 17:39:16.0;
16;2892.12;2019-04-11 17:39:20.0;
16;2892.38;2019-04-11 17:39:26.0;
16;2892.12;2019-04-11 17:39:30.0;
16;2891.88;2019-04-11 17:39:33.0;
16;2891.62;2019-04-11 17:39:36.0;
16;2890.62;2019-04-11 17:40:10.0;
16;2889.38;2019-04-11 17:40:15.0;
16;2889.62;2019-04-11 17:40:16.0;
16;2889.88;2019-04-11 17:40:21.0;
16;2889.62;2019-04-11 17:40:24.0;
16;2888.62;2019-04-11 17:40:33.0;
16;2888.38;2019-04-11 17:40:37.0;
16;2887.12;2019-04-11 17:40:41.0;
16;2887.38;2019-04-11 17:40:58.0;
16;2887.12;2019-04-11 17:41:03.0;
16;2885.62;2019-04-11 17:41:05.0;
16;2885.88;2019-04-11 17:41:08.0;
16;2886.38;2019-04-11 17:41:12.0;
16;2885.88;2019-04-11 17:41:14.0;
16;2886.62;2019-04-11 17:41:15.0;
16;2886.38;2019-04-11 17:41:17.0;
16;2886.62;2019-04-11 17:41:18.0;
16;2886.88;2019-04-11 17:41:20.0;
16;2887.38;2019-04-11 17:41:30.0;
16;2887.88;2019-04-11 17:41:41.0;
16;2887.62;2019-04-11 17:41:42.0;
16;2887.88;2019-04-11 17:41:44.0;
16;2887.62;2019-04-11 17:41:45.0;
16;2887.38;2019-04-11 17:41:51.0;
16;2887.88;2019-04-11 17:42:06.0;
16;2887.62;2019-04-11 17:42:21.0;
16;2887.38;2019-04-11 17:42:27.0;
16;2887.12;2019-04-11 17:42:29.0;
16;2886.88;2019-04-11 17:42:32.0;
16;2887.12;2019-04-11 17:42:33.0;
16;2886.88;2019-04-11 17:42:36.0;
16;2887.12;2019-04-11 17:42:37.0;
16;2886.88;2019-04-11 17:42:52.0;
16;2887.12;2019-04-11 17:42:56.0;
16;2886.88;2019-04-11 17:43:07.0;
16;2886.62;2019-04-11 17:43:13.0;
16;2887.38;2019-04-11 17:43:17.0;
16;2887.12;2019-04-11 17:43:27.0;
16;2887.38;2019-04-11 17:43:34.0;
16;2887.12;2019-04-11 17:43:47.0;
16;2887.38;2019-04-11 17:44:07.0;
16;2887.62;2019-04-11 17:44:11.0;
16;2887.88;2019-04-11 17:44:18.0;
16;2887.38;2019-04-11 17:44:22.0;
16;2887.12;2019-04-11 17:44:27.0;
16;2887.62;2019-04-11 17:44:37.0;
16;2887.38;2019-04-11 17:44:46.0;
16;2887.62;2019-04-11 17:44:48.0;
16;2887.38;2019-04-11 17:44:49.0;
16;2887.62;2019-04-11 17:44:51.0;
16;2887.88;2019-04-11 17:45:41.0;
16;2888.38;2019-04-11 17:45:48.0;
16;2887.88;2019-04-11 17:45:49.0;
16;2888.38;2019-04-11 17:45:50.0;
16;2888.62;2019-04-11 17:46:07.0;
16;2888.38;2019-04-11 17:46:12.0;
16;2888.12;2019-04-11 17:46:18.0;
16;2888.38;2019-04-11 17:46:22.0;
16;2888.12;2019-04-11 17:46:33.0;
16;2888.62;2019-04-11 17:46:37.0;
16;2888.38;2019-04-11 17:46:40.0;
16;2888.12;2019-04-11 17:46:46.0;
16;2888.38;2019-04-11 17:46:47.0;
16;2888.12;2019-04-11 17:46:50.0;
16;2888.38;2019-04-11 17:46:52.0;
16;2888.12;2019-04-11 17:47:03.0;
16;2888.38;2019-04-11 17:47:11.0;
16;2888.12;2019-04-11 17:47:44.0;
16;2888.38;2019-04-11 17:47:49.0;
16;2888.62;2019-04-11 17:48:26.0;
16;2888.38;2019-04-11 17:48:33.0;
16;2888.62;2019-04-11 17:48:38.0;
16;2888.88;2019-04-11 17:48:48.0;
16;2888.62;2019-04-11 17:49:04.0;
16;2888.38;2019-04-11 17:49:08.0;
16;2888.62;2019-04-11 17:49:10.0;
16;2888.38;2019-04-11 17:49:11.0;
16;2888.12;2019-04-11 17:49:16.0;
16;2888.38;2019-04-11 17:49:42.0;
16;2888.12;2019-04-11 17:50:03.0;
16;2888.38;2019-04-11 17:50:09.0;
16;2888.62;2019-04-11 17:50:23.0;
16;2888.88;2019-04-11 17:50:26.0;
16;2889.12;2019-04-11 17:50:55.0;
16;2888.88;2019-04-11 17:51:02.0;
16;2888.62;2019-04-11 17:51:46.0;
16;2888.38;2019-04-11 17:52:05.0;
16;2888.62;2019-04-11 17:52:25.0;
16;2888.38;2019-04-11 17:52:29.0;
16;2888.12;2019-04-11 17:52:37.0;
16;2888.38;2019-04-11 17:52:43.0;
16;2888.62;2019-04-11 17:52:49.0;
16;2888.38;2019-04-11 17:53:01.0;
16;2888.62;2019-04-11 17:53:19.0;
16;2888.38;2019-04-11 17:53:24.0;
16;2888.62;2019-04-11 17:53:30.0;
16;2888.38;2019-04-11 17:53:36.0;
16;2888.62;2019-04-11 17:53:42.0;
16;2888.38;2019-04-11 17:54:05.0;
16;2888.62;2019-04-11 17:54:15.0;
16;2888.88;2019-04-11 17:54:49.0;
16;2888.62;2019-04-11 17:54:50.0;
16;2888.88;2019-04-11 17:54:51.0;
16;2888.62;2019-04-11 17:55:00.0;
16;2888.38;2019-04-11 17:55:06.0;
16;2887.88;2019-04-11 17:55:13.0;
16;2888.12;2019-04-11 17:55:15.0;
16;2888.38;2019-04-11 17:55:29.0;
16;2888.62;2019-04-11 17:55:37.0;
16;2889.12;2019-04-11 17:56:06.0;
16;2889.38;2019-04-11 17:56:16.0;
16;2889.12;2019-04-11 17:57:01.0;
16;2889.38;2019-04-11 17:57:05.0;
16;2889.62;2019-04-11 17:57:10.0;
16;2889.88;2019-04-11 17:57:18.0;
16;2889.62;2019-04-11 17:57:27.0;
16;2889.38;2019-04-11 17:57:34.0;
16;2889.62;2019-04-11 17:57:43.0;
16;2889.38;2019-04-11 17:58:11.0;
16;2889.62;2019-04-11 17:58:30.0;
16;2889.88;2019-04-11 17:58:37.0;
16;2889.62;2019-04-11 17:58:42.0;
16;2889.38;2019-04-11 17:58:46.0;
16;2889.12;2019-04-11 17:59:12.0;
16;2889.38;2019-04-11 17:59:14.0;
16;2889.12;2019-04-11 17:59:15.0;
16;2889.38;2019-04-11 17:59:18.0;
16;2889.12;2019-04-11 17:59:33.0;
16;2889.38;2019-04-11 17:59:36.0;
16;2889.62;2019-04-11 18:00:11.0;
16;2889.38;2019-04-11 18:00:17.0;
16;2889.12;2019-04-11 18:00:27.0;
16;2889.38;2019-04-11 18:01:01.0;
16;2889.12;2019-04-11 18:01:08.0;
16;2889.38;2019-04-11 18:01:16.0;
16;2889.12;2019-04-11 18:01:22.0;
16;2889.38;2019-04-11 18:01:37.0;
16;2889.62;2019-04-11 18:01:50.0;
16;2889.38;2019-04-11 18:02:06.0;
16;2889.12;2019-04-11 18:02:12.0;
16;2889.38;2019-04-11 18:02:41.0;
16;2889.62;2019-04-11 18:02:47.0;
16;2889.38;2019-04-11 18:02:48.0;
16;2889.62;2019-04-11 18:02:50.0;
16;2889.38;2019-04-11 18:02:51.0;
16;2889.12;2019-04-11 18:03:22.0;
16;2889.38;2019-04-11 18:03:27.0;
16;2889.62;2019-04-11 18:04:03.0;
16;2889.88;2019-04-11 18:04:37.0;
16;2889.62;2019-04-11 18:04:38.0;
16;2890.12;2019-04-11 18:05:03.0;
16;2889.88;2019-04-11 18:05:19.0;
16;2890.12;2019-04-11 18:05:23.0;
16;2890.38;2019-04-11 18:06:12.0;
16;2890.12;2019-04-11 18:06:27.0;
16;2890.38;2019-04-11 18:06:40.0;
16;2890.12;2019-04-11 18:06:42.0;
16;2890.38;2019-04-11 18:06:43.0;
16;2890.12;2019-04-11 18:06:49.0;
16;2890.38;2019-04-11 18:07:04.0;
16;2890.12;2019-04-11 18:07:06.0;
16;2890.38;2019-04-11 18:07:07.0;
16;2889.88;2019-04-11 18:08:04.0;
16;2890.38;2019-04-11 18:08:05.0;
16;2889.88;2019-04-11 18:08:07.0;
16;2890.12;2019-04-11 18:08:14.0;
16;2889.88;2019-04-11 18:08:38.0;
16;2889.62;2019-04-11 18:08:47.0;
16;2889.88;2019-04-11 18:09:03.0;
16;2890.12;2019-04-11 18:09:32.0;
16;2889.88;2019-04-11 18:09:46.0;
16;2890.12;2019-04-11 18:10:13.0;
16;2889.88;2019-04-11 18:10:44.0;
16;2890.12;2019-04-11 18:10:46.0;
16;2889.88;2019-04-11 18:10:47.0;
16;2889.62;2019-04-11 18:10:54.0;
16;2889.88;2019-04-11 18:11:02.0;
16;2889.62;2019-04-11 18:11:03.0;
16;2889.88;2019-04-11 18:11:04.0;
16;2889.62;2019-04-11 18:11:12.0;
16;2889.38;2019-04-11 18:11:24.0;
16;2889.62;2019-04-11 18:11:25.0;
16;2889.38;2019-04-11 18:11:27.0;
16;2889.88;2019-04-11 18:11:29.0;
16;2889.62;2019-04-11 18:11:42.0;
16;2889.38;2019-04-11 18:11:49.0;
16;2889.12;2019-04-11 18:13:03.0;
16;2888.88;2019-04-11 18:13:29.0;
16;2889.12;2019-04-11 18:13:47.0;
16;2889.38;2019-04-11 18:14:23.0;
16;2889.12;2019-04-11 18:14:25.0;
16;2889.38;2019-04-11 18:14:49.0;
16;2889.62;2019-04-11 18:14:53.0;
16;2889.38;2019-04-11 18:15:05.0;
16;2889.12;2019-04-11 18:15:13.0;
16;2888.88;2019-04-11 18:15:28.0;
16;2889.12;2019-04-11 18:15:38.0;
16;2888.88;2019-04-11 18:16:06.0;
16;2888.62;2019-04-11 18:16:18.0;
16;2888.88;2019-04-11 18:16:24.0;
16;2888.62;2019-04-11 18:16:25.0;
16;2888.88;2019-04-11 18:16:27.0;
16;2888.62;2019-04-11 18:16:32.0;
16;2888.38;2019-04-11 18:16:39.0;
16;2887.88;2019-04-11 18:16:45.0;
16;2888.12;2019-04-11 18:16:49.0;
16;2888.38;2019-04-11 18:16:54.0;
16;2888.62;2019-04-11 18:17:34.0;
16;2888.88;2019-04-11 18:17:42.0;
16;2889.12;2019-04-11 18:18:04.0;
16;2888.88;2019-04-11 18:18:07.0;
16;2889.12;2019-04-11 18:18:08.0;
16;2888.88;2019-04-11 18:18:12.0;
16;2889.12;2019-04-11 18:18:23.0;
16;2888.88;2019-04-11 18:19:33.0;
16;2888.62;2019-04-11 18:19:39.0;
16;2888.88;2019-04-11 18:19:44.0;
16;2888.62;2019-04-11 18:19:45.0;
16;2888.88;2019-04-11 18:19:47.0;
16;2888.62;2019-04-11 18:19:48.0;
16;2888.38;2019-04-11 18:20:15.0;
16;2888.62;2019-04-11 18:20:16.0;
16;2888.38;2019-04-11 18:20:18.0;
16;2888.62;2019-04-11 18:20:29.0;
16;2888.38;2019-04-11 18:20:34.0;
16;2888.62;2019-04-11 18:20:40.0;
16;2888.38;2019-04-11 18:21:25.0;
16;2888.12;2019-04-11 18:21:33.0;
16;2887.88;2019-04-11 18:21:39.0;
16;2888.38;2019-04-11 18:22:09.0;
16;2888.62;2019-04-11 18:22:15.0;
16;2888.38;2019-04-11 18:22:16.0;
16;2888.62;2019-04-11 18:22:18.0;
16;2888.88;2019-04-11 18:22:35.0;
16;2889.12;2019-04-11 18:24:14.0;
16;2889.38;2019-04-11 18:24:38.0;
16;2889.12;2019-04-11 18:24:42.0;
16;2888.62;2019-04-11 18:25:13.0;
16;2889.12;2019-04-11 18:25:15.0;
16;2888.62;2019-04-11 18:25:16.0;
16;2888.88;2019-04-11 18:25:30.0;
16;2888.62;2019-04-11 18:25:33.0;
16;2888.88;2019-04-11 18:25:50.0;
16;2888.12;2019-04-11 18:26:05.0;
16;2888.88;2019-04-11 18:26:06.0;
16;2888.12;2019-04-11 18:26:07.0;
16;2887.88;2019-04-11 18:26:26.0;
16;2888.12;2019-04-11 18:26:54.0;
16;2887.88;2019-04-11 18:27:05.0;
16;2888.12;2019-04-11 18:27:26.0;
16;2888.38;2019-04-11 18:27:40.0;
16;2888.12;2019-04-11 18:27:42.0;
16;2888.38;2019-04-11 18:27:43.0;
16;2888.12;2019-04-11 18:27:50.0;
16;2887.88;2019-04-11 18:28:18.0;
16;2888.12;2019-04-11 18:30:06.0;
16;2887.88;2019-04-11 18:30:19.0;
16;2887.62;2019-04-11 18:30:29.0;
16;2887.88;2019-04-11 18:30:34.0;
16;2888.12;2019-04-11 18:31:35.0;
16;2888.38;2019-04-11 18:31:40.0;
16;2888.62;2019-04-11 18:32:04.0;
16;2888.38;2019-04-11 18:32:05.0;
16;2888.62;2019-04-11 18:32:07.0;
16;2888.38;2019-04-11 18:32:09.0;
16;2888.12;2019-04-11 18:32:35.0;
16;2888.38;2019-04-11 18:32:39.0;
16;2888.12;2019-04-11 18:32:41.0;
16;2888.38;2019-04-11 18:32:44.0;
16;2888.62;2019-04-11 18:32:54.0;
16;2888.88;2019-04-11 18:33:03.0;
16;2888.62;2019-04-11 18:33:14.0;
16;2888.38;2019-04-11 18:33:39.0;
16;2888.62;2019-04-11 18:33:49.0;
16;2888.38;2019-04-11 18:34:04.0;
16;2888.62;2019-04-11 18:34:32.0;
16;2888.38;2019-04-11 18:34:49.0;
16;2888.62;2019-04-11 18:34:51.0;
16;2888.38;2019-04-11 18:34:52.0;
16;2888.62;2019-04-11 18:34:54.0;
16;2888.38;2019-04-11 18:35:09.0;
16;2888.62;2019-04-11 18:35:16.0;
16;2888.38;2019-04-11 18:35:33.0;
16;2888.62;2019-04-11 18:36:03.0;
16;2888.38;2019-04-11 18:36:25.0;
16;2888.62;2019-04-11 18:36:27.0;
16;2889.12;2019-04-11 18:36:51.0;
16;2889.38;2019-04-11 18:37:04.0;
16;2889.12;2019-04-11 18:37:14.0;
16;2889.38;2019-04-11 18:38:18.0;
16;2889.12;2019-04-11 18:39:03.0;
16;2889.38;2019-04-11 18:39:20.0;
16;2889.12;2019-04-11 18:39:50.0;
16;2889.38;2019-04-11 18:40:04.0;
16;2889.62;2019-04-11 18:40:20.0;
16;2889.38;2019-04-11 18:40:23.0;
16;2889.62;2019-04-11 18:40:40.0;
16;2889.38;2019-04-11 18:40:49.0;
16;2889.12;2019-04-11 18:41:09.0;
16;2888.88;2019-04-11 18:41:24.0;
16;2888.62;2019-04-11 18:41:42.0;
16;2888.38;2019-04-11 18:41:45.0;
16;2888.62;2019-04-11 18:41:49.0;
16;2888.38;2019-04-11 18:42:04.0;
16;2888.62;2019-04-11 18:42:08.0;
16;2888.88;2019-04-11 18:42:30.0;
16;2889.12;2019-04-11 18:43:41.0;
16;2888.88;2019-04-11 18:43:42.0;
16;2889.12;2019-04-11 18:44:16.0;
16;2889.38;2019-04-11 18:44:37.0;
16;2889.12;2019-04-11 18:44:50.0;
16;2889.38;2019-04-11 18:45:16.0;
16;2889.12;2019-04-11 18:45:18.0;
16;2889.38;2019-04-11 18:45:19.0;
16;2889.88;2019-04-11 18:45:21.0;
16;2889.62;2019-04-11 18:45:31.0;
16;2889.38;2019-04-11 18:45:33.0;
16;2889.62;2019-04-11 18:45:41.0;
16;2889.12;2019-04-11 18:45:50.0;
16;2888.88;2019-04-11 18:46:06.0;
16;2888.62;2019-04-11 18:46:09.0;
16;2888.88;2019-04-11 18:46:39.0;
16;2888.62;2019-04-11 18:46:57.0;
16;2888.88;2019-04-11 18:47:16.0;
16;2888.62;2019-04-11 18:47:24.0;
16;2888.88;2019-04-11 18:47:51.0;
16;2888.62;2019-04-11 18:48:06.0;
16;2888.88;2019-04-11 18:48:14.0;
16;2888.62;2019-04-11 18:48:16.0;
16;2888.88;2019-04-11 18:48:17.0;
16;2889.12;2019-04-11 18:48:51.0;
16;2888.88;2019-04-11 18:48:53.0;
16;2889.12;2019-04-11 18:48:55.0;
16;2888.62;2019-04-11 18:48:56.0;
16;2889.12;2019-04-11 18:48:57.0;
16;2888.62;2019-04-11 18:48:59.0;
16;2888.38;2019-04-11 18:49:41.0;
16;2888.62;2019-04-11 18:49:46.0;
16;2888.88;2019-04-11 18:50:56.0;
16;2889.12;2019-04-11 18:51:10.0;
16;2888.88;2019-04-11 18:51:16.0;
16;2889.12;2019-04-11 18:51:33.0;
16;2888.88;2019-04-11 18:52:07.0;
16;2889.12;2019-04-11 18:52:08.0;
16;2888.88;2019-04-11 18:52:10.0;
16;2889.12;2019-04-11 18:52:27.0;
16;2889.38;2019-04-11 18:52:34.0;
16;2889.62;2019-04-11 18:52:48.0;
16;2889.88;2019-04-11 18:53:46.0;
16;2890.12;2019-04-11 18:54:06.0;
16;2890.38;2019-04-11 18:54:11.0;
16;2890.12;2019-04-11 18:54:28.0;
16;2890.38;2019-04-11 18:54:33.0;
16;2890.62;2019-04-11 18:54:40.0;
16;2890.38;2019-04-11 18:54:41.0;
16;2890.62;2019-04-11 18:54:44.0;
16;2890.38;2019-04-11 18:54:46.0;
16;2890.62;2019-04-11 18:54:52.0;
16;2890.38;2019-04-11 18:54:53.0;
16;2890.62;2019-04-11 18:54:55.0;
16;2890.38;2019-04-11 18:54:58.0;
16;2890.62;2019-04-11 18:55:15.0;
16;2890.38;2019-04-11 18:55:33.0;
16;2890.12;2019-04-11 18:56:04.0;
16;2889.88;2019-04-11 18:56:23.0;
16;2890.12;2019-04-11 18:56:28.0;
16;2889.88;2019-04-11 18:56:35.0;
16;2890.12;2019-04-11 18:56:49.0;
16;2890.38;2019-04-11 18:56:53.0;
16;2890.62;2019-04-11 18:57:14.0;
16;2890.38;2019-04-11 18:58:04.0;
16;2890.62;2019-04-11 18:58:09.0;
16;2890.88;2019-04-11 18:58:37.0;
16;2890.62;2019-04-11 18:59:05.0;
16;2890.38;2019-04-11 18:59:16.0;
16;2890.62;2019-04-11 18:59:17.0;
16;2890.38;2019-04-11 18:59:20.0;
16;2890.62;2019-04-11 18:59:24.0;
16;2890.38;2019-04-11 18:59:30.0;
16;2890.62;2019-04-11 18:59:38.0;
16;2890.38;2019-04-11 18:59:43.0;
16;2890.62;2019-04-11 19:00:10.0;
16;2890.38;2019-04-11 19:00:15.0;
16;2890.88;2019-04-11 19:01:04.0;
16;2891.12;2019-04-11 19:01:11.0;
16;2890.88;2019-04-11 19:01:13.0;
16;2891.12;2019-04-11 19:01:14.0;
16;2890.88;2019-04-11 19:02:06.0;
16;2891.12;2019-04-11 19:02:16.0;
16;2891.38;2019-04-11 19:02:33.0;
16;2891.62;2019-04-11 19:03:22.0;
16;2891.38;2019-04-11 19:03:34.0;
16;2891.12;2019-04-11 19:04:04.0;
16;2891.38;2019-04-11 19:04:06.0;
16;2891.12;2019-04-11 19:04:07.0;
16;2891.38;2019-04-11 19:04:19.0;
16;2891.12;2019-04-11 19:04:24.0;
16;2891.38;2019-04-11 19:05:09.0;
16;2891.12;2019-04-11 19:05:11.0;
16;2891.38;2019-04-11 19:05:12.0;
16;2891.62;2019-04-11 19:05:44.0;
16;2891.38;2019-04-11 19:05:50.0;
16;2891.62;2019-04-11 19:05:51.0;
16;2891.38;2019-04-11 19:05:53.0;
16;2891.62;2019-04-11 19:06:05.0;
16;2891.38;2019-04-11 19:06:07.0;
16;2891.62;2019-04-11 19:06:08.0;
16;2891.38;2019-04-11 19:06:10.0;
16;2891.12;2019-04-11 19:06:22.0;
16;2891.38;2019-04-11 19:06:41.0;
16;2891.12;2019-04-11 19:07:12.0;
16;2890.88;2019-04-11 19:07:20.0;
16;2891.12;2019-04-11 19:08:04.0;
16;2890.88;2019-04-11 19:08:20.0;
16;2891.12;2019-04-11 19:08:35.0;
16;2891.38;2019-04-11 19:08:48.0;
16;2891.12;2019-04-11 19:09:09.0;
16;2891.38;2019-04-11 19:09:32.0;
16;2891.62;2019-04-11 19:10:37.0;
16;2891.38;2019-04-11 19:10:42.0;
16;2891.62;2019-04-11 19:13:06.0;
16;2891.38;2019-04-11 19:14:05.0;
16;2891.12;2019-04-11 19:14:41.0;
16;2891.38;2019-04-11 19:15:00.0;
16;2891.12;2019-04-11 19:15:21.0;
16;2890.88;2019-04-11 19:15:23.0;
16;2891.12;2019-04-11 19:15:26.0;
16;2891.38;2019-04-11 19:16:22.0;
16;2891.12;2019-04-11 19:16:27.0;
16;2891.38;2019-04-11 19:17:17.0;
16;2891.12;2019-04-11 19:17:47.0;
16;2891.38;2019-04-11 19:18:56.0;
16;2891.12;2019-04-11 19:19:02.0;
16;2890.88;2019-04-11 19:19:27.0;
16;2891.12;2019-04-11 19:20:11.0;
16;2890.88;2019-04-11 19:20:13.0;
16;2891.12;2019-04-11 19:20:14.0;
16;2890.88;2019-04-11 19:20:24.0;
16;2890.62;2019-04-11 19:20:31.0;
16;2890.88;2019-04-11 19:20:42.0;
16;2890.62;2019-04-11 19:21:18.0;
16;2890.38;2019-04-11 19:22:17.0;
16;2890.62;2019-04-11 19:22:37.0;
16;2890.88;2019-04-11 19:22:59.0;
16;2891.12;2019-04-11 19:23:07.0;
16;2890.88;2019-04-11 19:23:21.0;
16;2890.62;2019-04-11 19:23:47.0;
16;2890.88;2019-04-11 19:23:48.0;
16;2890.62;2019-04-11 19:23:50.0;
16;2890.38;2019-04-11 19:24:24.0;
16;2890.12;2019-04-11 19:25:04.0;
16;2890.38;2019-04-11 19:25:14.0;
16;2890.12;2019-04-11 19:26:26.0;
16;2890.38;2019-04-11 19:26:30.0;
16;2890.62;2019-04-11 19:27:07.0;
16;2890.38;2019-04-11 19:27:27.0;
16;2890.62;2019-04-11 19:27:29.0;
16;2890.38;2019-04-11 19:27:30.0;
16;2890.62;2019-04-11 19:27:46.0;
16;2890.38;2019-04-11 19:28:15.0;
16;2890.62;2019-04-11 19:29:02.0;
16;2890.38;2019-04-11 19:29:22.0;
16;2890.12;2019-04-11 19:29:41.0;
16;2890.38;2019-04-11 19:29:47.0;
16;2890.12;2019-04-11 19:30:04.0;
16;2889.88;2019-04-11 19:30:15.0;
16;2890.12;2019-04-11 19:30:16.0;
16;2889.88;2019-04-11 19:30:17.0;
16;2889.62;2019-04-11 19:30:42.0;
16;2889.38;2019-04-11 19:30:44.0;
16;2889.12;2019-04-11 19:31:02.0;
16;2889.38;2019-04-11 19:31:04.0;
16;2889.12;2019-04-11 19:31:05.0;
16;2889.38;2019-04-11 19:31:12.0;
16;2889.12;2019-04-11 19:31:30.0;
16;2888.88;2019-04-11 19:32:07.0;
16;2888.62;2019-04-11 19:32:11.0;
16;2888.38;2019-04-11 19:32:32.0;
16;2888.62;2019-04-11 19:32:36.0;
16;2889.12;2019-04-11 19:32:46.0;
16;2889.38;2019-04-11 19:33:27.0;
16;2889.12;2019-04-11 19:33:31.0;
16;2889.38;2019-04-11 19:34:08.0;
16;2889.12;2019-04-11 19:34:17.0;
16;2889.38;2019-04-11 19:34:26.0;
16;2889.62;2019-04-11 19:34:37.0;
16;2889.88;2019-04-11 19:35:16.0;
16;2889.62;2019-04-11 19:36:07.0;
16;2889.38;2019-04-11 19:36:17.0;
16;2889.62;2019-04-11 19:36:22.0;
16;2889.38;2019-04-11 19:37:31.0;
16;2889.62;2019-04-11 19:37:43.0;
16;2889.38;2019-04-11 19:38:08.0;
16;2889.12;2019-04-11 19:38:18.0;
16;2888.88;2019-04-11 19:38:27.0;
16;2888.62;2019-04-11 19:38:39.0;
16;2888.88;2019-04-11 19:39:24.0;
16;2888.62;2019-04-11 19:39:33.0;
16;2888.38;2019-04-11 19:39:39.0;
16;2888.62;2019-04-11 19:39:41.0;
16;2888.38;2019-04-11 19:39:42.0;
16;2888.62;2019-04-11 19:39:52.0;
16;2888.38;2019-04-11 19:40:23.0;
16;2888.12;2019-04-11 19:40:54.0;
16;2887.88;2019-04-11 19:41:09.0;
16;2887.62;2019-04-11 19:41:12.0;
16;2887.38;2019-04-11 19:41:18.0;
16;2887.62;2019-04-11 19:41:31.0;
16;2887.38;2019-04-11 19:41:43.0;
16;2886.88;2019-04-11 19:42:05.0;
16;2887.12;2019-04-11 19:42:12.0;
16;2887.38;2019-04-11 19:42:17.0;
16;2887.12;2019-04-11 19:42:21.0;
16;2886.88;2019-04-11 19:42:27.0;
16;2887.12;2019-04-11 19:43:19.0;
16;2887.38;2019-04-11 19:43:25.0;
16;2887.12;2019-04-11 19:43:35.0;
16;2887.38;2019-04-11 19:44:08.0;
16;2887.62;2019-04-11 19:44:27.0;
16;2887.88;2019-04-11 19:44:47.0;
16;2887.62;2019-04-11 19:44:51.0;
16;2887.88;2019-04-11 19:44:58.0;
16;2887.62;2019-04-11 19:45:03.0;
16;2887.88;2019-04-11 19:45:44.0;
16;2887.62;2019-04-11 19:45:45.0;
16;2887.88;2019-04-11 19:45:47.0;
16;2888.12;2019-04-11 19:46:32.0;
16;2888.38;2019-04-11 19:46:52.0;
16;2888.12;2019-04-11 19:46:56.0;
16;2888.38;2019-04-11 19:47:12.0;
16;2888.88;2019-04-11 19:48:07.0;
16;2888.62;2019-04-11 19:48:09.0;
16;2889.12;2019-04-11 19:48:12.0;
16;2889.38;2019-04-11 19:48:42.0;
16;2889.12;2019-04-11 19:49:23.0;
16;2888.88;2019-04-11 19:49:43.0;
16;2889.12;2019-04-11 19:49:47.0;
16;2889.38;2019-04-11 19:50:11.0;
16;2889.12;2019-04-11 19:50:40.0;
16;2889.38;2019-04-11 19:50:53.0;
16;2889.62;2019-04-11 19:51:06.0;
16;2889.38;2019-04-11 19:51:24.0;
16;2889.62;2019-04-11 19:51:26.0;
16;2889.38;2019-04-11 19:51:27.0;
16;2889.12;2019-04-11 19:52:04.0;
16;2888.88;2019-04-11 19:52:12.0;
16;2889.12;2019-04-11 19:53:01.0;
16;2889.38;2019-04-11 19:53:06.0;
16;2889.12;2019-04-11 19:53:17.0;
16;2889.38;2019-04-11 19:53:19.0;
16;2889.12;2019-04-11 19:53:20.0;
16;2888.88;2019-04-11 19:54:27.0;
16;2888.62;2019-04-11 19:55:17.0;
16;2888.38;2019-04-11 19:55:32.0;
16;2888.12;2019-04-11 19:55:47.0;
16;2888.38;2019-04-11 19:56:07.0;
16;2888.62;2019-04-11 19:56:17.0;
16;2888.88;2019-04-11 19:56:28.0;
16;2888.62;2019-04-11 19:56:32.0;
16;2888.88;2019-04-11 19:56:48.0;
16;2889.12;2019-04-11 19:57:23.0;
16;2888.88;2019-04-11 19:57:42.0;
16;2889.12;2019-04-11 19:57:44.0;
16;2888.88;2019-04-11 19:57:47.0;
16;2889.12;2019-04-11 19:58:08.0;
16;2888.88;2019-04-11 19:58:12.0;
16;2889.12;2019-04-11 19:58:17.0;
16;2888.88;2019-04-11 19:58:32.0;
16;2888.62;2019-04-11 19:58:57.0;
16;2888.38;2019-04-11 19:59:38.0;
16;2888.12;2019-04-11 20:00:04.0;
16;2888.38;2019-04-11 20:00:13.0;
16;2888.88;2019-04-11 20:00:22.0;
16;2888.62;2019-04-11 20:00:27.0;
16;2888.88;2019-04-11 20:00:28.0;
16;2888.62;2019-04-11 20:00:30.0;
16;2887.88;2019-04-11 20:00:37.0;
16;2888.62;2019-04-11 20:00:38.0;
16;2887.88;2019-04-11 20:00:40.0;
16;2888.12;2019-04-11 20:00:48.0;
16;2887.88;2019-04-11 20:00:50.0;
16;2888.12;2019-04-11 20:00:53.0;
16;2887.88;2019-04-11 20:01:03.0;
16;2888.12;2019-04-11 20:01:17.0;
16;2887.88;2019-04-11 20:01:22.0;
16;2888.12;2019-04-11 20:02:26.0;
16;2888.38;2019-04-11 20:02:39.0;
16;2888.62;2019-04-11 20:02:48.0;
16;2888.38;2019-04-11 20:03:05.0;
16;2888.12;2019-04-11 20:03:13.0;
16;2888.38;2019-04-11 20:03:20.0;
16;2888.62;2019-04-11 20:03:39.0;
16;2888.38;2019-04-11 20:03:41.0;
16;2888.62;2019-04-11 20:03:42.0;
16;2888.88;2019-04-11 20:04:35.0;
16;2888.38;2019-04-11 20:04:43.0;
16;2888.88;2019-04-11 20:05:08.0;
16;2889.12;2019-04-11 20:05:19.0;
16;2889.38;2019-04-11 20:05:35.0;
16;2889.12;2019-04-11 20:05:47.0;
16;2889.38;2019-04-11 20:05:48.0;
16;2889.12;2019-04-11 20:05:50.0;
16;2888.62;2019-04-11 20:06:06.0;
16;2888.38;2019-04-11 20:06:16.0;
16;2888.62;2019-04-11 20:06:18.0;
16;2888.38;2019-04-11 20:06:19.0;
16;2888.62;2019-04-11 20:06:33.0;
16;2888.12;2019-04-11 20:06:46.0;
16;2887.88;2019-04-11 20:07:02.0;
16;2888.12;2019-04-11 20:07:06.0;
16;2888.38;2019-04-11 20:07:11.0;
16;2888.12;2019-04-11 20:07:12.0;
16;2888.38;2019-04-11 20:07:13.0;
16;2887.88;2019-04-11 20:07:32.0;
16;2888.12;2019-04-11 20:07:33.0;
16;2887.88;2019-04-11 20:07:36.0;
16;2887.38;2019-04-11 20:08:05.0;
16;2887.12;2019-04-11 20:08:11.0;
16;2887.38;2019-04-11 20:08:16.0;
16;2887.62;2019-04-11 20:08:30.0;
16;2887.88;2019-04-11 20:08:40.0;
16;2887.62;2019-04-11 20:08:46.0;
16;2887.38;2019-04-11 20:09:00.0;
16;2887.62;2019-04-11 20:09:11.0;
16;2887.38;2019-04-11 20:09:14.0;
16;2887.62;2019-04-11 20:09:21.0;
16;2887.88;2019-04-11 20:09:26.0;
16;2887.62;2019-04-11 20:09:30.0;
16;2887.88;2019-04-11 20:09:36.0;
16;2887.62;2019-04-11 20:09:46.0;
16;2887.38;2019-04-11 20:10:05.0;
16;2887.12;2019-04-11 20:10:56.0;
16;2887.38;2019-04-11 20:11:22.0;
16;2887.88;2019-04-11 20:11:36.0;
16;2888.12;2019-04-11 20:12:11.0;
16;2888.38;2019-04-11 20:12:23.0;
16;2888.62;2019-04-11 20:12:36.0;
16;2888.12;2019-04-11 20:12:42.0;
16;2888.38;2019-04-11 20:12:52.0;
16;2888.12;2019-04-11 20:13:06.0;
16;2888.38;2019-04-11 20:13:12.0;
16;2888.12;2019-04-11 20:13:22.0;
16;2888.62;2019-04-11 20:13:47.0;
16;2888.38;2019-04-11 20:14:07.0;
16;2888.62;2019-04-11 20:14:12.0;
16;2888.38;2019-04-11 20:14:22.0;
16;2888.12;2019-04-11 20:14:37.0;
16;2887.88;2019-04-11 20:14:53.0;
16;2888.12;2019-04-11 20:15:42.0;
16;2887.88;2019-04-11 20:16:13.0;
16;2887.62;2019-04-11 20:16:37.0;
16;2887.38;2019-04-11 20:16:52.0;
16;2887.62;2019-04-11 20:16:53.0;
16;2887.38;2019-04-11 20:16:55.0;
16;2887.12;2019-04-11 20:17:08.0;
16;2887.38;2019-04-11 20:17:09.0;
16;2887.12;2019-04-11 20:17:11.0;
16;2887.38;2019-04-11 20:17:16.0;
16;2887.62;2019-04-11 20:17:25.0;
16;2887.38;2019-04-11 20:17:37.0;
16;2887.62;2019-04-11 20:18:27.0;
16;2887.88;2019-04-11 20:18:41.0;
16;2888.12;2019-04-11 20:18:50.0;
16;2888.38;2019-04-11 20:18:57.0;
16;2888.12;2019-04-11 20:19:13.0;
16;2888.38;2019-04-11 20:19:14.0;
16;2888.12;2019-04-11 20:19:16.0;
16;2887.88;2019-04-11 20:19:42.0;
16;2887.62;2019-04-11 20:20:08.0;
16;2887.38;2019-04-11 20:20:22.0;
16;2887.62;2019-04-11 20:20:37.0;
16;2887.38;2019-04-11 20:21:32.0;
16;2887.62;2019-04-11 20:21:41.0;
16;2887.88;2019-04-11 20:22:06.0;
16;2887.62;2019-04-11 20:22:11.0;
16;2887.88;2019-04-11 20:22:21.0;
16;2887.62;2019-04-11 20:22:47.0;
16;2887.38;2019-04-11 20:23:04.0;
16;2887.62;2019-04-11 20:23:06.0;
16;2887.38;2019-04-11 20:23:08.0;
16;2887.12;2019-04-11 20:23:13.0;
16;2887.38;2019-04-11 20:23:19.0;
16;2887.62;2019-04-11 20:24:26.0;
16;2887.38;2019-04-11 20:24:34.0;
16;2887.12;2019-04-11 20:24:36.0;
16;2887.38;2019-04-11 20:24:44.0;
16;2887.12;2019-04-11 20:24:45.0;
16;2887.38;2019-04-11 20:24:47.0;
16;2887.12;2019-04-11 20:24:54.0;
16;2886.88;2019-04-11 20:25:07.0;
16;2886.62;2019-04-11 20:25:40.0;
16;2886.88;2019-04-11 20:26:17.0;
16;2887.12;2019-04-11 20:26:29.0;
16;2886.88;2019-04-11 20:26:54.0;
16;2887.12;2019-04-11 20:26:56.0;
16;2886.88;2019-04-11 20:27:03.0;
16;2887.12;2019-04-11 20:27:07.0;
16;2886.88;2019-04-11 20:27:51.0;
16;2886.62;2019-04-11 20:28:45.0;
16;2886.38;2019-04-11 20:29:42.0;
16;2886.12;2019-04-11 20:30:07.0;
16;2886.38;2019-04-11 20:30:39.0;
16;2886.62;2019-04-11 20:30:49.0;
16;2886.88;2019-04-11 20:31:00.0;
16;2886.62;2019-04-11 20:31:02.0;
16;2886.88;2019-04-11 20:31:03.0;
16;2886.62;2019-04-11 20:31:06.0;
16;2886.88;2019-04-11 20:31:07.0;
16;2886.62;2019-04-11 20:31:09.0;
16;2886.88;2019-04-11 20:31:10.0;
16;2887.12;2019-04-11 20:31:21.0;
16;2887.38;2019-04-11 20:31:29.0;
16;2887.62;2019-04-11 20:31:47.0;
16;2887.38;2019-04-11 20:32:30.0;
16;2887.62;2019-04-11 20:32:38.0;
16;2887.38;2019-04-11 20:32:49.0;
16;2887.62;2019-04-11 20:32:54.0;
16;2887.38;2019-04-11 20:33:02.0;
16;2887.12;2019-04-11 20:33:11.0;
16;2887.38;2019-04-11 20:33:39.0;
16;2887.62;2019-04-11 20:34:32.0;
16;2887.38;2019-04-11 20:34:50.0;
16;2887.12;2019-04-11 20:35:00.0;
16;2886.88;2019-04-11 20:35:23.0;
16;2887.12;2019-04-11 20:35:51.0;
16;2887.38;2019-04-11 20:36:53.0;
16;2887.12;2019-04-11 20:37:08.0;
16;2887.38;2019-04-11 20:37:10.0;
16;2887.12;2019-04-11 20:37:12.0;
16;2887.38;2019-04-11 20:37:14.0;
16;2887.12;2019-04-11 20:38:05.0;
16;2886.88;2019-04-11 20:38:10.0;
16;2887.12;2019-04-11 20:39:22.0;
16;2886.62;2019-04-11 20:39:51.0;
16;2886.88;2019-04-11 20:40:06.0;
16;2887.12;2019-04-11 20:40:22.0;
16;2886.88;2019-04-11 20:40:26.0;
16;2887.12;2019-04-11 20:40:32.0;
16;2886.88;2019-04-11 20:40:46.0;
16;2887.12;2019-04-11 20:40:53.0;
16;2887.38;2019-04-11 20:41:19.0;
16;2887.62;2019-04-11 20:41:45.0;
16;2887.38;2019-04-11 20:41:51.0;
16;2887.12;2019-04-11 20:42:05.0;
16;2886.88;2019-04-11 20:42:20.0;
16;2887.12;2019-04-11 20:42:27.0;
16;2887.38;2019-04-11 20:42:46.0;
16;2887.62;2019-04-11 20:43:06.0;
16;2887.88;2019-04-11 20:43:12.0;
16;2888.12;2019-04-11 20:43:26.0;
16;2888.38;2019-04-11 20:43:47.0;
16;2888.62;2019-04-11 20:43:50.0;
16;2888.38;2019-04-11 20:44:27.0;
16;2888.62;2019-04-11 20:44:57.0;
16;2888.38;2019-04-11 20:45:07.0;
16;2888.12;2019-04-11 20:45:23.0;
16;2887.88;2019-04-11 20:45:41.0;
16;2888.12;2019-04-11 20:45:43.0;
16;2888.38;2019-04-11 20:46:28.0;
16;2888.12;2019-04-11 20:46:40.0;
16;2887.88;2019-04-11 20:46:52.0;
16;2888.12;2019-04-11 20:48:04.0;
16;2887.88;2019-04-11 20:48:06.0;
16;2888.12;2019-04-11 20:48:07.0;
16;2887.88;2019-04-11 20:48:12.0;
16;2888.12;2019-04-11 20:48:13.0;
16;2887.88;2019-04-11 20:48:14.0;
16;2888.12;2019-04-11 20:48:57.0;
16;2887.88;2019-04-11 20:49:11.0;
16;2887.62;2019-04-11 20:49:12.0;
16;2887.88;2019-04-11 20:49:27.0;
16;2888.12;2019-04-11 20:49:37.0;
16;2887.88;2019-04-11 20:49:39.0;
16;2888.12;2019-04-11 20:49:40.0;
16;2887.88;2019-04-11 20:50:08.0;
16;2887.62;2019-04-11 20:50:10.0;
16;2887.88;2019-04-11 20:50:11.0;
16;2886.88;2019-04-11 20:50:12.0;
16;2886.62;2019-04-11 20:50:18.0;
16;2887.12;2019-04-11 20:50:20.0;
16;2886.62;2019-04-11 20:50:21.0;
16;2887.12;2019-04-11 20:50:23.0;
16;2886.88;2019-04-11 20:50:31.0;
16;2887.12;2019-04-11 20:50:39.0;
16;2887.38;2019-04-11 20:51:07.0;
16;2887.62;2019-04-11 20:51:10.0;
16;2887.88;2019-04-11 20:51:25.0;
16;2887.62;2019-04-11 20:51:47.0;
16;2887.38;2019-04-11 20:52:08.0;
16;2887.62;2019-04-11 20:52:12.0;
16;2887.38;2019-04-11 20:52:39.0;
16;2887.62;2019-04-11 20:52:43.0;
16;2888.12;2019-04-11 20:53:14.0;
16;2887.88;2019-04-11 20:53:20.0;
16;2887.62;2019-04-11 20:53:26.0;
16;2887.38;2019-04-11 20:54:06.0;
16;2887.12;2019-04-11 20:54:20.0;
16;2886.88;2019-04-11 20:54:31.0;
16;2887.12;2019-04-11 20:54:44.0;
16;2886.88;2019-04-11 20:54:46.0;
16;2887.12;2019-04-11 20:54:47.0;
16;2886.88;2019-04-11 20:55:02.0;
16;2886.62;2019-04-11 20:55:31.0;
16;2886.88;2019-04-11 20:55:33.0;
16;2886.62;2019-04-11 20:55:34.0;
16;2886.38;2019-04-11 20:56:06.0;
16;2886.12;2019-04-11 20:56:27.0;
16;2886.88;2019-04-11 20:56:38.0;
16;2886.62;2019-04-11 20:56:48.0;
16;2886.88;2019-04-11 20:56:49.0;
16;2887.12;2019-04-11 20:57:17.0;
16;2887.38;2019-04-11 20:57:34.0;
16;2887.12;2019-04-11 20:58:03.0;
16;2887.38;2019-04-11 20:58:06.0;
16;2887.12;2019-04-11 20:58:07.0;
16;2886.88;2019-04-11 20:58:13.0;
16;2887.12;2019-04-11 20:58:23.0;
16;2887.38;2019-04-11 20:58:33.0;
16;2887.62;2019-04-11 20:58:43.0;
16;2887.38;2019-04-11 20:59:08.0;
16;2887.62;2019-04-11 20:59:15.0;
16;2887.88;2019-04-11 20:59:40.0;
16;2887.62;2019-04-11 20:59:41.0;
16;2887.88;2019-04-11 20:59:43.0;
16;2887.62;2019-04-11 20:59:45.0;
16;2887.38;2019-04-11 21:00:19.0;
16;2887.12;2019-04-11 21:00:31.0;
16;2887.38;2019-04-11 21:00:40.0;
16;2887.62;2019-04-11 21:00:59.0;
16;2887.38;2019-04-11 21:01:00.0;
16;2887.62;2019-04-11 21:01:04.0;
16;2888.12;2019-04-11 21:01:12.0;
16;2887.62;2019-04-11 21:01:13.0;
16;2888.12;2019-04-11 21:01:14.0;
16;2888.38;2019-04-11 21:01:20.0;
16;2888.12;2019-04-11 21:01:39.0;
16;2888.62;2019-04-11 21:02:05.0;
16;2888.12;2019-04-11 21:02:06.0;
16;2888.62;2019-04-11 21:02:08.0;
16;2888.88;2019-04-11 21:02:13.0;
16;2888.62;2019-04-11 21:02:24.0;
16;2888.88;2019-04-11 21:03:02.0;
16;2888.62;2019-04-11 21:03:06.0;
16;2888.88;2019-04-11 21:04:11.0;
16;2889.12;2019-04-11 21:04:43.0;
16;2889.38;2019-04-11 21:04:54.0;
16;2889.62;2019-04-11 21:05:23.0;
16;2889.88;2019-04-11 21:05:28.0;
16;2889.62;2019-04-11 21:05:34.0;
16;2889.88;2019-04-11 21:05:35.0;
16;2889.62;2019-04-11 21:05:36.0;
16;2889.88;2019-04-11 21:05:38.0;
16;2890.12;2019-04-11 21:06:06.0;
16;2890.38;2019-04-11 21:06:21.0;
16;2890.12;2019-04-11 21:06:25.0;
16;2889.88;2019-04-11 21:07:09.0;
16;2890.12;2019-04-11 21:07:16.0;
16;2889.88;2019-04-11 21:07:17.0;
16;2890.12;2019-04-11 21:07:21.0;
16;2889.88;2019-04-11 21:07:36.0;
16;2890.12;2019-04-11 21:07:37.0;
16;2889.88;2019-04-11 21:07:38.0;
16;2889.62;2019-04-11 21:08:17.0;
16;2889.38;2019-04-11 21:08:19.0;
16;2889.62;2019-04-11 21:08:32.0;
16;2889.38;2019-04-11 21:08:34.0;
16;2889.62;2019-04-11 21:09:06.0;
16;2889.38;2019-04-11 21:09:08.0;
16;2889.62;2019-04-11 21:09:10.0;
16;2889.38;2019-04-11 21:09:20.0;
16;2889.62;2019-04-11 21:09:41.0;
16;2889.38;2019-04-11 21:10:30.0;
16;2889.12;2019-04-11 21:10:44.0;
16;2889.38;2019-04-11 21:10:53.0;
16;2889.12;2019-04-11 21:10:54.0;
16;2889.38;2019-04-11 21:10:56.0;
16;2889.62;2019-04-11 21:11:05.0;
16;2889.38;2019-04-11 21:11:11.0;
16;2889.62;2019-04-11 21:11:16.0;
16;2889.12;2019-04-11 21:11:22.0;
16;2889.38;2019-04-11 21:11:33.0;
16;2889.62;2019-04-11 21:11:36.0;
16;2889.88;2019-04-11 21:12:18.0;
16;2889.62;2019-04-11 21:12:27.0;
16;2889.88;2019-04-11 21:12:42.0;
16;2889.62;2019-04-11 21:12:55.0;
16;2889.88;2019-04-11 21:12:57.0;
16;2889.62;2019-04-11 21:12:58.0;
16;2889.38;2019-04-11 21:13:08.0;
16;2888.88;2019-04-11 21:14:02.0;
16;2888.62;2019-04-11 21:14:15.0;
16;2888.88;2019-04-11 21:14:17.0;
16;2888.62;2019-04-11 21:14:19.0;
16;2888.88;2019-04-11 21:14:33.0;
16;2888.62;2019-04-11 21:14:36.0;
16;2888.88;2019-04-11 21:14:43.0;
16;2888.62;2019-04-11 21:14:44.0;
16;2888.88;2019-04-11 21:14:45.0;
16;2888.62;2019-04-11 21:14:59.0;
16;2888.88;2019-04-11 21:15:00.0;
16;2888.62;2019-04-11 21:15:05.0;
16;2888.88;2019-04-11 21:15:21.0;
16;2889.12;2019-04-11 21:15:25.0;
16;2889.38;2019-04-11 21:15:35.0;
16;2889.62;2019-04-11 21:16:05.0;
16;2889.38;2019-04-11 21:16:10.0;
16;2889.12;2019-04-11 21:16:30.0;
16;2889.38;2019-04-11 21:17:00.0;
16;2889.62;2019-04-11 21:17:10.0;
16;2889.88;2019-04-11 21:17:33.0;
16;2889.62;2019-04-11 21:17:38.0;
16;2889.88;2019-04-11 21:18:07.0;
16;2889.62;2019-04-11 21:19:09.0;
16;2889.38;2019-04-11 21:19:40.0;
16;2889.62;2019-04-11 21:19:49.0;
16;2889.38;2019-04-11 21:20:09.0;
16;2889.62;2019-04-11 21:20:56.0;
16;2889.38;2019-04-11 21:21:14.0;
16;2889.62;2019-04-11 21:22:43.0;
16;2889.38;2019-04-11 21:22:45.0;
16;2889.62;2019-04-11 21:22:46.0;
16;2889.38;2019-04-11 21:22:54.0;
16;2889.12;2019-04-11 21:23:18.0;
16;2889.38;2019-04-11 21:23:20.0;
16;2889.12;2019-04-11 21:23:21.0;
16;2889.38;2019-04-11 21:23:32.0;
16;2889.12;2019-04-11 21:23:43.0;
16;2888.88;2019-04-11 21:24:08.0;
16;2889.12;2019-04-11 21:24:10.0;
16;2888.88;2019-04-11 21:24:11.0;
16;2888.62;2019-04-11 21:26:07.0;
16;2888.88;2019-04-11 21:26:11.0;
16;2888.62;2019-04-11 21:26:52.0;
16;2888.88;2019-04-11 21:26:53.0;
16;2888.62;2019-04-11 21:26:55.0;
16;2888.88;2019-04-11 21:27:26.0;
16;2888.62;2019-04-11 21:27:35.0;
16;2888.38;2019-04-11 21:29:36.0;
16;2888.62;2019-04-11 21:30:26.0;
16;2888.88;2019-04-11 21:30:40.0;
16;2889.38;2019-04-11 21:30:53.0;
16;2889.62;2019-04-11 21:31:08.0;
16;2889.12;2019-04-11 21:31:27.0;
16;2889.38;2019-04-11 21:31:41.0;
16;2889.88;2019-04-11 21:32:05.0;
16;2890.12;2019-04-11 21:32:22.0;
16;2889.88;2019-04-11 21:32:25.0;
16;2890.12;2019-04-11 21:32:27.0;
16;2890.38;2019-04-11 21:32:51.0;
16;2890.62;2019-04-11 21:33:32.0;
16;2890.38;2019-04-11 21:34:07.0;
16;2890.12;2019-04-11 21:34:26.0;
16;2890.38;2019-04-11 21:34:27.0;
16;2890.12;2019-04-11 21:34:29.0;
16;2890.38;2019-04-11 21:34:44.0;
16;2890.12;2019-04-11 21:34:57.0;
16;2890.38;2019-04-11 21:35:11.0;
16;2889.88;2019-04-11 21:35:40.0;
16;2890.38;2019-04-11 21:36:04.0;
16;2890.62;2019-04-11 21:36:09.0;
16;2890.38;2019-04-11 21:36:17.0;
16;2890.12;2019-04-11 21:36:23.0;
16;2890.38;2019-04-11 21:36:40.0;
16;2890.62;2019-04-11 21:36:56.0;
16;2890.38;2019-04-11 21:36:57.0;
16;2890.62;2019-04-11 21:36:58.0;
16;2890.38;2019-04-11 21:37:00.0;
16;2890.62;2019-04-11 21:37:05.0;
16;2890.88;2019-04-11 21:37:09.0;
16;2891.12;2019-04-11 21:37:24.0;
16;2890.88;2019-04-11 21:37:30.0;
16;2890.62;2019-04-11 21:37:41.0;
16;2890.38;2019-04-11 21:38:21.0;
16;2890.62;2019-04-11 21:38:35.0;
16;2890.38;2019-04-11 21:38:45.0;
16;2890.62;2019-04-11 21:38:46.0;
16;2890.38;2019-04-11 21:38:47.0;
16;2890.62;2019-04-11 21:39:06.0;
16;2890.38;2019-04-11 21:39:34.0;
16;2890.12;2019-04-11 21:39:36.0;
16;2890.38;2019-04-11 21:39:37.0;
16;2890.12;2019-04-11 21:39:39.0;
16;2890.38;2019-04-11 21:39:40.0;
16;2890.62;2019-04-11 21:40:07.0;
16;2890.38;2019-04-11 21:40:11.0;
16;2890.12;2019-04-11 21:40:20.0;
16;2890.38;2019-04-11 21:40:27.0;
16;2890.12;2019-04-11 21:40:41.0;
16;2890.38;2019-04-11 21:41:04.0;
16;2890.62;2019-04-11 21:41:11.0;
16;2890.38;2019-04-11 21:41:12.0;
16;2890.62;2019-04-11 21:41:14.0;
16;2890.12;2019-04-11 21:41:22.0;
16;2890.38;2019-04-11 21:41:24.0;
16;2890.12;2019-04-11 21:41:29.0;
16;2890.38;2019-04-11 21:41:39.0;
16;2890.12;2019-04-11 21:41:46.0;
16;2890.38;2019-04-11 21:42:06.0;
16;2890.62;2019-04-11 21:42:10.0;
16;2890.38;2019-04-11 21:42:13.0;
16;2890.62;2019-04-11 21:42:47.0;
16;2890.88;2019-04-11 21:43:20.0;
16;2890.62;2019-04-11 21:43:21.0;
16;2890.88;2019-04-11 21:43:23.0;
16;2890.62;2019-04-11 21:43:26.0;
16;2890.88;2019-04-11 21:44:19.0;
16;2890.62;2019-04-11 21:45:03.0;
16;2890.88;2019-04-11 21:45:05.0;
16;2890.62;2019-04-11 21:45:06.0;
16;2890.88;2019-04-11 21:45:13.0;
16;2891.38;2019-04-11 21:45:18.0;
16;2891.12;2019-04-11 21:45:48.0;
16;2891.38;2019-04-11 21:45:49.0;
16;2891.12;2019-04-11 21:45:52.0;
16;2890.62;2019-04-11 21:46:23.0;
16;2890.12;2019-04-11 21:46:46.0;
16;2890.38;2019-04-11 21:46:57.0;
16;2890.62;2019-04-11 21:47:11.0;
16;2890.38;2019-04-11 21:47:13.0;
16;2890.62;2019-04-11 21:47:14.0;
16;2890.38;2019-04-11 21:47:17.0;
16;2890.12;2019-04-11 21:47:21.0;
16;2890.38;2019-04-11 21:47:23.0;
16;2890.12;2019-04-11 21:47:24.0;
16;2890.38;2019-04-11 21:48:16.0;
16;2890.12;2019-04-11 21:48:46.0;
16;2890.62;2019-04-11 21:50:06.0;
16;2890.38;2019-04-11 21:50:14.0;
16;2890.12;2019-04-11 21:50:28.0;
16;2890.38;2019-04-11 21:50:29.0;
16;2890.62;2019-04-11 21:50:32.0;
16;2890.88;2019-04-11 21:51:01.0;
16;2890.62;2019-04-11 21:51:32.0;
16;2890.38;2019-04-11 21:51:50.0;
16;2889.88;2019-04-11 21:52:24.0;
16;2890.12;2019-04-11 21:52:26.0;
16;2890.38;2019-04-11 21:52:33.0;
16;2890.62;2019-04-11 21:52:57.0;
16;2890.88;2019-04-11 21:53:13.0;
16;2891.12;2019-04-11 21:53:28.0;
16;2891.38;2019-04-11 21:53:32.0;
16;2891.62;2019-04-11 21:53:38.0;
16;2891.88;2019-04-11 21:53:45.0;
16;2892.12;2019-04-11 21:53:46.0;
16;2891.88;2019-04-11 21:53:48.0;
16;2892.12;2019-04-11 21:53:49.0;
16;2892.88;2019-04-11 21:54:04.0;
16;2892.62;2019-04-11 21:54:09.0;
16;2892.38;2019-04-11 21:54:18.0;
16;2892.62;2019-04-11 21:54:24.0;
16;2892.38;2019-04-11 21:54:26.0;
16;2892.62;2019-04-11 21:54:27.0;
16;2892.88;2019-04-11 21:54:38.0;
16;2893.12;2019-04-11 21:54:54.0;
16;2893.38;2019-04-11 21:55:10.0;
16;2892.88;2019-04-11 21:55:25.0;
16;2893.12;2019-04-11 21:55:46.0;
16;2892.88;2019-04-11 21:56:07.0;
16;2893.12;2019-04-11 21:56:12.0;
16;2892.62;2019-04-11 21:56:22.0;
16;2892.88;2019-04-11 21:56:23.0;
16;2892.62;2019-04-11 21:56:24.0;
16;2892.88;2019-04-11 21:56:47.0;
16;2892.62;2019-04-11 21:57:13.0;
16;2892.88;2019-04-11 21:57:16.0;
16;2892.62;2019-04-11 21:57:25.0;
16;2892.88;2019-04-11 21:57:31.0;
16;2893.12;2019-04-11 21:58:18.0;
16;2892.88;2019-04-11 21:58:28.0;
16;2893.12;2019-04-11 21:58:53.0;
16;2893.38;2019-04-11 21:59:08.0;
16;2893.12;2019-04-11 21:59:20.0;
16;2892.88;2019-04-11 21:59:22.0;
16;2893.12;2019-04-11 21:59:24.0;
16;2892.88;2019-04-11 21:59:25.0;
16;2893.12;2019-04-11 21:59:28.0;
16;2892.62;2019-04-11 21:59:33.0;
16;2892.88;2019-04-11 21:59:39.0;
16;2892.62;2019-04-11 21:59:43.0;
16;2891.88;2019-04-11 22:00:03.0;
16;2892.62;2019-04-11 22:00:06.0;
16;2891.88;2019-04-11 22:00:08.0;
16;2892.12;2019-04-11 22:00:19.0;
16;2891.88;2019-04-11 22:00:24.0;
16;2892.12;2019-04-11 22:00:26.0;
16;2892.38;2019-04-11 22:00:27.0;
16;2891.88;2019-04-11 22:00:34.0;
16;2892.12;2019-04-11 22:00:42.0;
16;2891.88;2019-04-11 22:01:04.0;
16;2891.62;2019-04-11 22:01:23.0;
16;2891.38;2019-04-11 22:01:28.0;
16;2891.12;2019-04-11 22:01:33.0;
16;2890.88;2019-04-11 22:02:04.0;
16;2891.12;2019-04-11 22:02:06.0;
16;2890.88;2019-04-11 22:02:07.0;
16;2890.62;2019-04-11 22:02:23.0;
16;2890.88;2019-04-11 22:02:37.0;
16;2891.12;2019-04-11 22:02:48.0;
16;2891.38;2019-04-11 22:03:07.0;
16;2891.25;2019-04-11 22:03:27.0;
16;2890.88;2019-04-11 22:03:33.0;
16;2891.25;2019-04-11 22:03:34.0;
16;2890.88;2019-04-11 22:03:36.0;
16;2890.62;2019-04-11 22:04:05.0;
16;2890.88;2019-04-11 22:04:06.0;
16;2890.62;2019-04-11 22:04:08.0;
16;2890.88;2019-04-11 22:04:47.0;
16;2891.12;2019-04-11 22:04:51.0;
16;2891.38;2019-04-11 22:05:09.0;
16;2891.12;2019-04-11 22:05:10.0;
16;2891.38;2019-04-11 22:05:12.0;
16;2891.12;2019-04-11 22:05:20.0;
16;2890.88;2019-04-11 22:05:43.0;
16;2891.12;2019-04-11 22:05:45.0;
16;2890.62;2019-04-11 22:06:03.0;
16;2890.88;2019-04-11 22:06:13.0;
16;2890.62;2019-04-11 22:06:23.0;
16;2890.38;2019-04-11 22:06:34.0;
16;2890.12;2019-04-11 22:06:39.0;
16;2890.38;2019-04-11 22:06:53.0;
16;2890.25;2019-04-11 22:07:03.0;
16;2890.38;2019-04-11 22:07:04.0;
16;2890.62;2019-04-11 22:08:03.0;
16;2890.38;2019-04-11 22:08:05.0;
16;2890.62;2019-04-11 22:08:06.0;
16;2890.12;2019-04-11 22:08:09.0;
16;2890.38;2019-04-11 22:08:20.0;
16;2890.62;2019-04-11 22:08:46.0;
16;2890.38;2019-04-11 22:08:52.0;
16;2890.62;2019-04-11 22:08:53.0;
16;2890.38;2019-04-11 22:08:55.0;
16;2890.62;2019-04-11 22:09:04.0;
16;2890.38;2019-04-11 22:09:05.0;
16;2890.62;2019-04-11 22:09:07.0;
16;2890.38;2019-04-11 22:09:12.0;
16;2890.62;2019-04-11 22:09:43.0;
16;2890.88;2019-04-11 22:10:17.0;
16;2890.62;2019-04-11 22:10:19.0;
16;2890.88;2019-04-11 22:10:20.0;
16;2890.62;2019-04-11 22:10:21.0;
16;2891.12;2019-04-11 22:13:40.0;
16;2891.38;2019-04-11 22:13:50.0;
16;2891.88;2019-04-11 22:14:02.0;
16;2892.12;2019-04-11 22:14:14.0;
16;2891.88;2019-04-11 22:14:18.0;
16;2891.62;2019-04-11 22:14:36.0;
16;2892.12;2019-04-11 22:14:37.0;
16;2891.88;2019-04-11 22:14:39.0;
16;2892.12;2019-04-11 22:14:40.0;
16;2891.88;2019-04-11 22:14:54.0;
16;2891.62;2019-04-11 22:15:00.0;
16;2891.88;2019-04-11 22:15:01.0;
16;2891.62;2019-04-11 22:15:03.0;
16;2891.5;2019-04-11 22:15:09.0;
16;2891.38;2019-04-11 22:30:04.0;
16;2891.75;2019-04-11 22:30:16.0;
16;2891.62;2019-04-11 22:30:20.0;
16;2891.88;2019-04-11 22:30:45.0;
16;2891.62;2019-04-11 22:30:56.0;
16;2891.88;2019-04-11 22:31:42.0;
16;2891.62;2019-04-11 22:31:46.0;
16;2891.88;2019-04-11 22:32:06.0;
16;2892.12;2019-04-11 22:32:47.0;
16;2891.88;2019-04-11 22:32:51.0;
16;2892.12;2019-04-11 22:32:52.0;
16;2891.88;2019-04-11 22:33:29.0;
16;2892.12;2019-04-11 22:33:30.0;
16;2892.38;2019-04-11 22:34:48.0;
16;2892.62;2019-04-11 22:35:39.0;
16;2892.38;2019-04-11 22:36:06.0;
16;2892.62;2019-04-11 22:38:05.0;
16;2892.38;2019-04-11 22:38:57.0;
16;2892.12;2019-04-11 22:39:06.0;
16;2892.38;2019-04-11 22:39:30.0;
16;2892.12;2019-04-11 22:40:15.0;
16;2891.88;2019-04-11 22:40:40.0;
16;2891.62;2019-04-11 22:42:56.0;
16;2891.88;2019-04-11 22:42:57.0;
16;2891.62;2019-04-11 22:42:59.0;
16;2891.88;2019-04-11 22:44:05.0;
16;2892.12;2019-04-11 22:44:56.0;
16;2891.88;2019-04-11 22:45:06.0;
16;2892;2019-04-11 22:47:03.0;
16;2892.12;2019-04-11 22:47:09.0;
16;2891.88;2019-04-11 22:47:13.0;
16;2892;2019-04-11 22:47:21.0;
16;2892.12;2019-04-11 22:47:32.0;
16;2892;2019-04-11 22:47:38.0;
16;2891.88;2019-04-11 22:47:44.0;
16;2892.12;2019-04-11 22:50:18.0;
16;2891.88;2019-04-11 22:52:11.0;
16;2892.12;2019-04-11 22:52:14.0;
16;2891.88;2019-04-11 22:52:15.0;
16;2892.12;2019-04-11 22:52:46.0;
16;2892.38;2019-04-11 22:53:38.0;
16;2892.62;2019-04-11 22:54:35.0;
16;2892.38;2019-04-11 22:56:11.0;
16;2892.12;2019-04-11 22:57:07.0;
16;2892.38;2019-04-11 22:57:38.0;
16;2892.12;2019-04-11 22:59:38.0;
16;2892.38;2019-04-11 23:00:05.0;
16;2892.25;2019-04-11 23:45:08.0;
17;7637.88;2019-04-11 11:15:27.0;
17;7638;2019-04-11 11:15:39.0;
17;7637.88;2019-04-11 11:16:06.0;
17;7637.75;2019-04-11 11:16:07.0;
17;7637.62;2019-04-11 11:16:17.0;
17;7638;2019-04-11 11:16:36.0;
17;7637.88;2019-04-11 11:16:41.0;
17;7638;2019-04-11 11:16:43.0;
17;7638.12;2019-04-11 11:16:48.0;
17;7637.88;2019-04-11 11:16:54.0;
17;7637.5;2019-04-11 11:16:59.0;
17;7637.38;2019-04-11 11:17:04.0;
17;7637.5;2019-04-11 11:17:05.0;
17;7637.38;2019-04-11 11:17:07.0;
17;7637.5;2019-04-11 11:17:08.0;
17;7637.38;2019-04-11 11:17:12.0;
17;7637.25;2019-04-11 11:17:19.0;
17;7637.5;2019-04-11 11:17:29.0;
17;7637.38;2019-04-11 11:17:31.0;
17;7637.5;2019-04-11 11:17:32.0;
17;7637.38;2019-04-11 11:17:33.0;
17;7637.62;2019-04-11 11:17:36.0;
17;7637.88;2019-04-11 11:17:44.0;
17;7637.62;2019-04-11 11:17:45.0;
17;7637.88;2019-04-11 11:17:47.0;
17;7637.75;2019-04-11 11:17:49.0;
17;7637.62;2019-04-11 11:18:13.0;
17;7637.5;2019-04-11 11:18:17.0;
17;7638.12;2019-04-11 11:18:24.0;
17;7638.38;2019-04-11 11:18:34.0;
17;7637.88;2019-04-11 11:18:40.0;
17;7637.75;2019-04-11 11:18:43.0;
17;7638;2019-04-11 11:18:46.0;
17;7637.75;2019-04-11 11:18:55.0;
17;7637.62;2019-04-11 11:19:13.0;
17;7638.38;2019-04-11 11:19:15.0;
17;7638.12;2019-04-11 11:19:20.0;
17;7637.88;2019-04-11 11:19:32.0;
17;7637.62;2019-04-11 11:19:44.0;
17;7638.25;2019-04-11 11:20:08.0;
17;7638.38;2019-04-11 11:20:10.0;
17;7638.12;2019-04-11 11:20:15.0;
17;7638.38;2019-04-11 11:20:20.0;
17;7638.62;2019-04-11 11:20:35.0;
17;7639.25;2019-04-11 11:20:43.0;
17;7639.12;2019-04-11 11:20:44.0;
17;7639.62;2019-04-11 11:21:03.0;
17;7639.38;2019-04-11 11:21:07.0;
17;7639.62;2019-04-11 11:21:09.0;
17;7639.38;2019-04-11 11:21:12.0;
17;7639.5;2019-04-11 11:21:13.0;
17;7639.38;2019-04-11 11:21:16.0;
17;7639.62;2019-04-11 11:21:21.0;
17;7640;2019-04-11 11:21:29.0;
17;7639.5;2019-04-11 11:21:31.0;
17;7639.88;2019-04-11 11:21:37.0;
17;7640.12;2019-04-11 11:21:41.0;
17;7639.88;2019-04-11 11:21:43.0;
17;7640.12;2019-04-11 11:21:44.0;
17;7640.38;2019-04-11 11:21:50.0;
17;7639.38;2019-04-11 11:22:04.0;
17;7640.38;2019-04-11 11:22:07.0;
17;7639.62;2019-04-11 11:22:08.0;
17;7639.25;2019-04-11 11:22:13.0;
17;7639.62;2019-04-11 11:22:14.0;
17;7639.25;2019-04-11 11:22:16.0;
17;7639.38;2019-04-11 11:22:17.0;
17;7639.12;2019-04-11 11:22:24.0;
17;7639.38;2019-04-11 11:22:27.0;
17;7639.5;2019-04-11 11:22:32.0;
17;7639.25;2019-04-11 11:22:46.0;
17;7639.38;2019-04-11 11:22:49.0;
17;7639.25;2019-04-11 11:22:52.0;
17;7639.62;2019-04-11 11:23:04.0;
17;7639.75;2019-04-11 11:23:21.0;
17;7639.62;2019-04-11 11:23:24.0;
17;7639.75;2019-04-11 11:23:25.0;
17;7639.62;2019-04-11 11:23:27.0;
17;7639.38;2019-04-11 11:23:31.0;
17;7639.12;2019-04-11 11:23:47.0;
17;7639.38;2019-04-11 11:24:06.0;
17;7639.5;2019-04-11 11:24:15.0;
17;7639.38;2019-04-11 11:24:16.0;
17;7639.5;2019-04-11 11:24:18.0;
17;7639.62;2019-04-11 11:24:32.0;
17;7639.25;2019-04-11 11:24:37.0;
17;7639.12;2019-04-11 11:24:41.0;
17;7638.88;2019-04-11 11:24:49.0;
17;7639.12;2019-04-11 11:24:54.0;
17;7639.25;2019-04-11 11:25:04.0;
17;7639.38;2019-04-11 11:25:06.0;
17;7639.25;2019-04-11 11:25:08.0;
17;7639.38;2019-04-11 11:25:10.0;
17;7639.62;2019-04-11 11:25:17.0;
17;7639.75;2019-04-11 11:25:24.0;
17;7639.88;2019-04-11 11:25:32.0;
17;7639.75;2019-04-11 11:25:33.0;
17;7639.88;2019-04-11 11:25:34.0;
17;7639.75;2019-04-11 11:25:42.0;
17;7639.88;2019-04-11 11:25:44.0;
17;7639.75;2019-04-11 11:25:51.0;
17;7639.38;2019-04-11 11:26:04.0;
17;7639.62;2019-04-11 11:26:08.0;
17;7639.12;2019-04-11 11:26:15.0;
17;7639.25;2019-04-11 11:26:20.0;
17;7639;2019-04-11 11:26:27.0;
17;7639.38;2019-04-11 11:26:35.0;
17;7639;2019-04-11 11:26:38.0;
17;7639.38;2019-04-11 11:26:40.0;
17;7639.25;2019-04-11 11:26:47.0;
17;7639.12;2019-04-11 11:26:55.0;
17;7638.88;2019-04-11 11:27:08.0;
17;7639.12;2019-04-11 11:27:10.0;
17;7638.88;2019-04-11 11:27:12.0;
17;7638.75;2019-04-11 11:27:27.0;
17;7638.88;2019-04-11 11:27:29.0;
17;7638.75;2019-04-11 11:27:30.0;
17;7638.88;2019-04-11 11:27:32.0;
17;7638.75;2019-04-11 11:27:33.0;
17;7638.62;2019-04-11 11:27:39.0;
17;7638.75;2019-04-11 11:28:03.0;
17;7638.88;2019-04-11 11:28:09.0;
17;7638.62;2019-04-11 11:28:15.0;
17;7638.88;2019-04-11 11:28:23.0;
17;7638.38;2019-04-11 11:28:27.0;
17;7638.12;2019-04-11 11:28:55.0;
17;7638.38;2019-04-11 11:28:58.0;
17;7638.12;2019-04-11 11:29:00.0;
17;7637.88;2019-04-11 11:29:07.0;
17;7638.12;2019-04-11 11:29:13.0;
17;7637.75;2019-04-11 11:29:20.0;
17;7638.12;2019-04-11 11:29:22.0;
17;7638.38;2019-04-11 11:29:30.0;
17;7638.5;2019-04-11 11:29:34.0;
17;7638.62;2019-04-11 11:29:38.0;
17;7638.5;2019-04-11 11:29:40.0;
17;7638.62;2019-04-11 11:29:43.0;
17;7638.25;2019-04-11 11:30:05.0;
17;7638.38;2019-04-11 11:30:13.0;
17;7638.25;2019-04-11 11:30:22.0;
17;7638.38;2019-04-11 11:30:23.0;
17;7638.88;2019-04-11 11:30:41.0;
17;7639;2019-04-11 11:30:43.0;
17;7638.62;2019-04-11 11:30:47.0;
17;7638.75;2019-04-11 11:30:52.0;
17;7638.38;2019-04-11 11:30:56.0;
17;7638.75;2019-04-11 11:30:57.0;
17;7638.38;2019-04-11 11:30:59.0;
17;7638.25;2019-04-11 11:31:00.0;
17;7638.38;2019-04-11 11:31:09.0;
17;7638.25;2019-04-11 11:31:12.0;
17;7638.38;2019-04-11 11:31:16.0;
17;7638.25;2019-04-11 11:31:18.0;
17;7638.38;2019-04-11 11:31:20.0;
17;7638.5;2019-04-11 11:31:21.0;
17;7638.62;2019-04-11 11:31:24.0;
17;7638.5;2019-04-11 11:31:32.0;
17;7638.62;2019-04-11 11:31:35.0;
17;7638.5;2019-04-11 11:31:39.0;
17;7638.62;2019-04-11 11:32:06.0;
17;7639.38;2019-04-11 11:32:20.0;
17;7638.88;2019-04-11 11:32:22.0;
17;7639.38;2019-04-11 11:32:24.0;
17;7638.88;2019-04-11 11:32:25.0;
17;7638.38;2019-04-11 11:32:27.0;
17;7638.12;2019-04-11 11:32:33.0;
17;7638.25;2019-04-11 11:32:37.0;
17;7638;2019-04-11 11:32:51.0;
17;7638.25;2019-04-11 11:32:55.0;
17;7638.38;2019-04-11 11:32:56.0;
17;7638.25;2019-04-11 11:32:57.0;
17;7638.5;2019-04-11 11:33:00.0;
17;7638.25;2019-04-11 11:33:06.0;
17;7638.12;2019-04-11 11:33:07.0;
17;7638.25;2019-04-11 11:33:21.0;
17;7638.12;2019-04-11 11:33:24.0;
17;7638;2019-04-11 11:33:31.0;
17;7637.88;2019-04-11 11:33:45.0;
17;7638;2019-04-11 11:34:09.0;
17;7637.75;2019-04-11 11:34:20.0;
17;7637.62;2019-04-11 11:34:22.0;
17;7637.75;2019-04-11 11:34:24.0;
17;7637.62;2019-04-11 11:34:25.0;
17;7637.38;2019-04-11 11:34:35.0;
17;7637.25;2019-04-11 11:34:39.0;
17;7637.38;2019-04-11 11:34:41.0;
17;7637.25;2019-04-11 11:34:42.0;
17;7637.12;2019-04-11 11:34:48.0;
17;7637.25;2019-04-11 11:34:53.0;
17;7637.12;2019-04-11 11:34:55.0;
17;7637.25;2019-04-11 11:34:56.0;
17;7637.12;2019-04-11 11:34:58.0;
17;7637.25;2019-04-11 11:34:59.0;
17;7637.38;2019-04-11 11:35:03.0;
17;7637.25;2019-04-11 11:35:08.0;
17;7637.38;2019-04-11 11:35:14.0;
17;7637.62;2019-04-11 11:35:16.0;
17;7637.75;2019-04-11 11:35:24.0;
17;7637.62;2019-04-11 11:35:25.0;
17;7637.75;2019-04-11 11:35:27.0;
17;7637.5;2019-04-11 11:35:29.0;
17;7637.62;2019-04-11 11:35:37.0;
17;7638;2019-04-11 11:35:49.0;
17;7637.5;2019-04-11 11:36:03.0;
17;7637.88;2019-04-11 11:36:23.0;
17;7638;2019-04-11 11:36:30.0;
17;7638.12;2019-04-11 11:36:32.0;
17;7638;2019-04-11 11:36:34.0;
17;7638.12;2019-04-11 11:36:36.0;
17;7638.38;2019-04-11 11:36:47.0;
17;7638.5;2019-04-11 11:36:52.0;
17;7638.62;2019-04-11 11:37:03.0;
17;7638.5;2019-04-11 11:37:05.0;
17;7639;2019-04-11 11:37:08.0;
17;7638.75;2019-04-11 11:37:13.0;
17;7639.12;2019-04-11 11:37:18.0;
17;7639.25;2019-04-11 11:37:28.0;
17;7639.12;2019-04-11 11:37:33.0;
17;7639.5;2019-04-11 11:37:48.0;
17;7639.38;2019-04-11 11:38:08.0;
17;7639.5;2019-04-11 11:38:09.0;
17;7639.38;2019-04-11 11:38:11.0;
17;7639.25;2019-04-11 11:38:12.0;
17;7639.38;2019-04-11 11:38:19.0;
17;7639.25;2019-04-11 11:38:26.0;
17;7639;2019-04-11 11:38:28.0;
17;7639.25;2019-04-11 11:38:29.0;
17;7639;2019-04-11 11:38:30.0;
17;7638.88;2019-04-11 11:38:36.0;
17;7638.62;2019-04-11 11:38:47.0;
17;7638.38;2019-04-11 11:38:53.0;
17;7638.5;2019-04-11 11:38:55.0;
17;7638.12;2019-04-11 11:39:05.0;
17;7638.5;2019-04-11 11:39:15.0;
17;7638.38;2019-04-11 11:39:21.0;
17;7638.62;2019-04-11 11:39:24.0;
17;7638.5;2019-04-11 11:39:49.0;
17;7638.88;2019-04-11 11:40:07.0;
17;7639.38;2019-04-11 11:40:17.0;
17;7639.88;2019-04-11 11:40:24.0;
17;7639.75;2019-04-11 11:40:42.0;
17;7639.38;2019-04-11 11:40:44.0;
17;7639.75;2019-04-11 11:40:45.0;
17;7639.38;2019-04-11 11:40:48.0;
17;7639.62;2019-04-11 11:40:55.0;
17;7639.38;2019-04-11 11:40:56.0;
17;7639.62;2019-04-11 11:40:59.0;
17;7639.75;2019-04-11 11:41:08.0;
17;7639.88;2019-04-11 11:41:17.0;
17;7640.12;2019-04-11 11:41:35.0;
17;7640.25;2019-04-11 11:41:49.0;
17;7640.5;2019-04-11 11:42:04.0;
17;7640.25;2019-04-11 11:42:07.0;
17;7640.38;2019-04-11 11:42:13.0;
17;7640.5;2019-04-11 11:42:16.0;
17;7640.38;2019-04-11 11:42:19.0;
17;7640.5;2019-04-11 11:42:20.0;
17;7640.38;2019-04-11 11:42:23.0;
17;7640.25;2019-04-11 11:42:26.0;
17;7640.38;2019-04-11 11:42:27.0;
17;7640.25;2019-04-11 11:42:30.0;
17;7640.38;2019-04-11 11:42:36.0;
17;7640.5;2019-04-11 11:42:39.0;
17;7640.38;2019-04-11 11:42:43.0;
17;7640.5;2019-04-11 11:42:51.0;
17;7640.38;2019-04-11 11:42:57.0;
17;7640.5;2019-04-11 11:42:59.0;
17;7640.38;2019-04-11 11:43:00.0;
17;7640.5;2019-04-11 11:43:02.0;
17;7640.62;2019-04-11 11:43:04.0;
17;7640.5;2019-04-11 11:43:15.0;
17;7640.62;2019-04-11 11:43:16.0;
17;7640.5;2019-04-11 11:43:17.0;
17;7640.38;2019-04-11 11:43:29.0;
17;7640.75;2019-04-11 11:43:34.0;
17;7640.38;2019-04-11 11:43:36.0;
17;7640.75;2019-04-11 11:43:37.0;
17;7640.38;2019-04-11 11:43:38.0;
17;7641;2019-04-11 11:43:41.0;
17;7641.5;2019-04-11 11:43:45.0;
17;7642;2019-04-11 11:43:49.0;
17;7641.38;2019-04-11 11:44:12.0;
17;7641.5;2019-04-11 11:44:26.0;
17;7641.62;2019-04-11 11:44:32.0;
17;7641.75;2019-04-11 11:44:42.0;
17;7641.88;2019-04-11 11:44:47.0;
17;7641.75;2019-04-11 11:44:50.0;
17;7641.88;2019-04-11 11:44:51.0;
17;7641.75;2019-04-11 11:44:55.0;
17;7641.62;2019-04-11 11:45:02.0;
17;7641.88;2019-04-11 11:45:07.0;
17;7641.62;2019-04-11 11:45:09.0;
17;7641.88;2019-04-11 11:45:10.0;
17;7642.12;2019-04-11 11:45:15.0;
17;7641.88;2019-04-11 11:45:16.0;
17;7642.12;2019-04-11 11:45:19.0;
17;7641.88;2019-04-11 11:45:26.0;
17;7642.12;2019-04-11 11:45:29.0;
17;7641.88;2019-04-11 11:45:31.0;
17;7641.75;2019-04-11 11:45:32.0;
17;7641.62;2019-04-11 11:45:48.0;
17;7641.38;2019-04-11 11:46:10.0;
17;7640.88;2019-04-11 11:46:22.0;
17;7641.38;2019-04-11 11:46:24.0;
17;7640.88;2019-04-11 11:46:25.0;
17;7641;2019-04-11 11:46:28.0;
17;7640.5;2019-04-11 11:46:35.0;
17;7640.62;2019-04-11 11:46:52.0;
17;7640.25;2019-04-11 11:46:59.0;
17;7640.88;2019-04-11 11:47:10.0;
17;7640.62;2019-04-11 11:47:25.0;
17;7640.88;2019-04-11 11:47:27.0;
17;7640.62;2019-04-11 11:47:35.0;
17;7640.88;2019-04-11 11:47:37.0;
17;7640.62;2019-04-11 11:47:38.0;
17;7640.75;2019-04-11 11:47:44.0;
17;7640.88;2019-04-11 11:47:49.0;
17;7641;2019-04-11 11:48:05.0;
17;7640.5;2019-04-11 11:48:15.0;
17;7641;2019-04-11 11:48:16.0;
17;7640.5;2019-04-11 11:48:20.0;
17;7640.75;2019-04-11 11:48:27.0;
17;7640.5;2019-04-11 11:48:29.0;
17;7640.75;2019-04-11 11:48:31.0;
17;7640.62;2019-04-11 11:48:32.0;
17;7640.75;2019-04-11 11:48:41.0;
17;7640.62;2019-04-11 11:48:44.0;
17;7640.75;2019-04-11 11:48:45.0;
17;7640.62;2019-04-11 11:48:46.0;
17;7640.88;2019-04-11 11:49:00.0;
17;7641;2019-04-11 11:49:04.0;
17;7640.88;2019-04-11 11:49:11.0;
17;7641;2019-04-11 11:49:14.0;
17;7640.62;2019-04-11 11:49:16.0;
17;7640.5;2019-04-11 11:49:22.0;
17;7640.75;2019-04-11 11:49:24.0;
17;7640.62;2019-04-11 11:49:38.0;
17;7640.75;2019-04-11 11:49:43.0;
17;7640.62;2019-04-11 11:50:19.0;
17;7640.38;2019-04-11 11:50:28.0;
17;7640.5;2019-04-11 11:50:31.0;
17;7640.62;2019-04-11 11:50:39.0;
17;7640.5;2019-04-11 11:50:49.0;
17;7640.75;2019-04-11 11:51:01.0;
17;7640.62;2019-04-11 11:51:08.0;
17;7640.5;2019-04-11 11:51:14.0;
17;7640.62;2019-04-11 11:51:19.0;
17;7640.5;2019-04-11 11:51:23.0;
17;7640.38;2019-04-11 11:51:30.0;
17;7640.88;2019-04-11 11:51:33.0;
17;7640.38;2019-04-11 11:51:41.0;
17;7640.88;2019-04-11 11:51:48.0;
17;7640.62;2019-04-11 11:52:04.0;
17;7640.88;2019-04-11 11:52:05.0;
17;7640.62;2019-04-11 11:52:08.0;
17;7640.5;2019-04-11 11:52:09.0;
17;7640.12;2019-04-11 11:52:14.0;
17;7640.25;2019-04-11 11:52:19.0;
17;7640.38;2019-04-11 11:52:27.0;
17;7640.25;2019-04-11 11:52:30.0;
17;7640.38;2019-04-11 11:52:32.0;
17;7640.25;2019-04-11 11:52:39.0;
17;7640.38;2019-04-11 11:52:42.0;
17;7640.25;2019-04-11 11:52:51.0;
17;7640.38;2019-04-11 11:53:02.0;
17;7640.25;2019-04-11 11:53:12.0;
17;7640.5;2019-04-11 11:53:20.0;
17;7640.25;2019-04-11 11:53:22.0;
17;7640.62;2019-04-11 11:53:24.0;
17;7641.38;2019-04-11 11:53:44.0;
17;7641.25;2019-04-11 11:53:49.0;
17;7640.88;2019-04-11 11:54:03.0;
17;7641;2019-04-11 11:54:08.0;
17;7640.88;2019-04-11 11:54:10.0;
17;7641.75;2019-04-11 11:54:11.0;
17;7642.38;2019-04-11 11:54:14.0;
17;7641.75;2019-04-11 11:54:15.0;
17;7642.38;2019-04-11 11:54:17.0;
17;7643.5;2019-04-11 11:54:23.0;
17;7642.38;2019-04-11 11:54:24.0;
17;7643.5;2019-04-11 11:54:26.0;
17;7643.38;2019-04-11 11:54:28.0;
17;7643.5;2019-04-11 11:54:30.0;
17;7643.38;2019-04-11 11:54:35.0;
17;7642.62;2019-04-11 11:54:38.0;
17;7643.38;2019-04-11 11:54:41.0;
17;7642.38;2019-04-11 11:54:43.0;
17;7642.5;2019-04-11 11:54:48.0;
17;7642.12;2019-04-11 11:54:51.0;
17;7641.75;2019-04-11 11:54:59.0;
17;7641.88;2019-04-11 11:55:02.0;
17;7641.75;2019-04-11 11:55:04.0;
17;7641.88;2019-04-11 11:55:05.0;
17;7642;2019-04-11 11:55:13.0;
17;7642.25;2019-04-11 11:55:15.0;
17;7642;2019-04-11 11:55:16.0;
17;7642.25;2019-04-11 11:55:18.0;
17;7642.38;2019-04-11 11:55:21.0;
17;7642.62;2019-04-11 11:55:33.0;
17;7642.38;2019-04-11 11:55:35.0;
17;7641.75;2019-04-11 11:55:40.0;
17;7641.38;2019-04-11 11:55:46.0;
17;7641;2019-04-11 11:56:04.0;
17;7641.12;2019-04-11 11:56:07.0;
17;7640.75;2019-04-11 11:56:16.0;
17;7641.12;2019-04-11 11:56:22.0;
17;7641.38;2019-04-11 11:56:29.0;
17;7641.12;2019-04-11 11:56:41.0;
17;7640.88;2019-04-11 11:56:45.0;
17;7640.75;2019-04-11 11:56:49.0;
17;7640.88;2019-04-11 11:56:53.0;
17;7640.75;2019-04-11 11:56:56.0;
17;7640.88;2019-04-11 11:56:58.0;
17;7640.62;2019-04-11 11:56:59.0;
17;7641.12;2019-04-11 11:57:05.0;
17;7641;2019-04-11 11:57:12.0;
17;7640.88;2019-04-11 11:57:17.0;
17;7640.62;2019-04-11 11:57:23.0;
17;7640.12;2019-04-11 11:57:33.0;
17;7640.25;2019-04-11 11:57:34.0;
17;7640.62;2019-04-11 11:57:41.0;
17;7640.75;2019-04-11 11:57:47.0;
17;7640.25;2019-04-11 11:58:05.0;
17;7640.75;2019-04-11 11:58:08.0;
17;7640.5;2019-04-11 11:58:16.0;
17;7640.38;2019-04-11 11:58:46.0;
17;7640.62;2019-04-11 11:58:53.0;
17;7640.5;2019-04-11 11:58:59.0;
17;7640.75;2019-04-11 11:59:04.0;
17;7641.38;2019-04-11 11:59:06.0;
17;7641.12;2019-04-11 11:59:11.0;
17;7641;2019-04-11 11:59:18.0;
17;7641.38;2019-04-11 11:59:23.0;
17;7641.62;2019-04-11 11:59:27.0;
17;7641.88;2019-04-11 11:59:32.0;
17;7641.62;2019-04-11 11:59:33.0;
17;7641.88;2019-04-11 11:59:34.0;
17;7641.75;2019-04-11 11:59:36.0;
17;7641;2019-04-11 11:59:49.0;
17;7642.12;2019-04-11 12:00:06.0;
17;7640.75;2019-04-11 12:00:08.0;
17;7640.88;2019-04-11 12:00:11.0;
17;7640.75;2019-04-11 12:00:13.0;
17;7640.88;2019-04-11 12:00:14.0;
17;7640.62;2019-04-11 12:00:17.0;
17;7640.75;2019-04-11 12:00:20.0;
17;7640.62;2019-04-11 12:00:23.0;
17;7640.5;2019-04-11 12:00:28.0;
17;7640.38;2019-04-11 12:00:33.0;
17;7640.75;2019-04-11 12:00:45.0;
17;7641;2019-04-11 12:00:56.0;
17;7641.38;2019-04-11 12:01:03.0;
17;7641.25;2019-04-11 12:01:09.0;
17;7641.38;2019-04-11 12:01:11.0;
17;7643;2019-04-11 12:01:12.0;
17;7643.12;2019-04-11 12:01:16.0;
17;7643;2019-04-11 12:01:18.0;
17;7643.12;2019-04-11 12:01:20.0;
17;7643;2019-04-11 12:01:37.0;
17;7642.62;2019-04-11 12:01:44.0;
17;7642.75;2019-04-11 12:02:05.0;
17;7642.62;2019-04-11 12:02:07.0;
17;7642.5;2019-04-11 12:02:13.0;
17;7642.75;2019-04-11 12:02:19.0;
17;7642.5;2019-04-11 12:02:21.0;
17;7643;2019-04-11 12:02:26.0;
17;7643.12;2019-04-11 12:02:30.0;
17;7643;2019-04-11 12:02:37.0;
17;7643.12;2019-04-11 12:02:56.0;
17;7643;2019-04-11 12:03:01.0;
17;7643.75;2019-04-11 12:03:10.0;
17;7645.38;2019-04-11 12:03:13.0;
17;7645.25;2019-04-11 12:03:15.0;
17;7644.62;2019-04-11 12:03:19.0;
17;7645.25;2019-04-11 12:03:21.0;
17;7644.62;2019-04-11 12:03:22.0;
17;7644.88;2019-04-11 12:03:31.0;
17;7645;2019-04-11 12:03:38.0;
17;7645.12;2019-04-11 12:03:44.0;
17;7644.75;2019-04-11 12:04:06.0;
17;7644.5;2019-04-11 12:04:13.0;
17;7644.75;2019-04-11 12:04:28.0;
17;7645.12;2019-04-11 12:04:29.0;
17;7646;2019-04-11 12:04:32.0;
17;7645.88;2019-04-11 12:04:46.0;
17;7645.75;2019-04-11 12:04:54.0;
17;7646.25;2019-04-11 12:04:55.0;
17;7645.75;2019-04-11 12:04:56.0;
17;7646.25;2019-04-11 12:04:58.0;
17;7646.88;2019-04-11 12:05:08.0;
17;7647;2019-04-11 12:05:15.0;
17;7647.12;2019-04-11 12:05:18.0;
17;7646.62;2019-04-11 12:05:21.0;
17;7646.38;2019-04-11 12:05:24.0;
17;7646.12;2019-04-11 12:05:31.0;
17;7646.25;2019-04-11 12:05:37.0;
17;7645.38;2019-04-11 12:05:38.0;
17;7645.62;2019-04-11 12:05:51.0;
17;7645.75;2019-04-11 12:06:07.0;
17;7645.62;2019-04-11 12:06:14.0;
17;7645.38;2019-04-11 12:06:15.0;
17;7645.62;2019-04-11 12:06:17.0;
17;7645;2019-04-11 12:06:18.0;
17;7645.25;2019-04-11 12:06:27.0;
17;7645.12;2019-04-11 12:06:36.0;
17;7645.62;2019-04-11 12:06:58.0;
17;7645.38;2019-04-11 12:07:10.0;
17;7645.25;2019-04-11 12:07:19.0;
17;7645.38;2019-04-11 12:07:21.0;
17;7645.25;2019-04-11 12:07:22.0;
17;7645;2019-04-11 12:07:24.0;
17;7644.88;2019-04-11 12:07:38.0;
17;7645.62;2019-04-11 12:07:39.0;
17;7646.12;2019-04-11 12:07:48.0;
17;7646;2019-04-11 12:08:05.0;
17;7646.12;2019-04-11 12:08:07.0;
17;7646;2019-04-11 12:08:08.0;
17;7646.38;2019-04-11 12:08:15.0;
17;7646.12;2019-04-11 12:08:19.0;
17;7646.38;2019-04-11 12:08:21.0;
17;7646.12;2019-04-11 12:08:22.0;
17;7646;2019-04-11 12:08:26.0;
17;7646.12;2019-04-11 12:08:27.0;
17;7646;2019-04-11 12:08:31.0;
17;7646.12;2019-04-11 12:08:32.0;
17;7646;2019-04-11 12:08:33.0;
17;7646.12;2019-04-11 12:08:39.0;
17;7646;2019-04-11 12:08:42.0;
17;7646.12;2019-04-11 12:08:43.0;
17;7646.25;2019-04-11 12:09:07.0;
17;7646.38;2019-04-11 12:09:15.0;
17;7646.62;2019-04-11 12:09:25.0;
17;7646.88;2019-04-11 12:09:27.0;
17;7646.62;2019-04-11 12:09:29.0;
17;7646.88;2019-04-11 12:09:31.0;
17;7646.38;2019-04-11 12:09:39.0;
17;7646.62;2019-04-11 12:09:40.0;
17;7646.38;2019-04-11 12:09:42.0;
17;7647.25;2019-04-11 12:10:03.0;
17;7646.62;2019-04-11 12:10:09.0;
17;7646.75;2019-04-11 12:10:10.0;
17;7646.62;2019-04-11 12:10:12.0;
17;7646.75;2019-04-11 12:10:13.0;
17;7646.62;2019-04-11 12:10:16.0;
17;7646.75;2019-04-11 12:10:18.0;
17;7646.62;2019-04-11 12:10:24.0;
17;7646.5;2019-04-11 12:10:29.0;
17;7646.62;2019-04-11 12:10:31.0;
17;7646.5;2019-04-11 12:10:32.0;
17;7646.62;2019-04-11 12:10:34.0;
17;7646.38;2019-04-11 12:10:36.0;
17;7645.88;2019-04-11 12:10:47.0;
17;7646;2019-04-11 12:10:51.0;
17;7646.38;2019-04-11 12:10:56.0;
17;7646.12;2019-04-11 12:11:04.0;
17;7646.38;2019-04-11 12:11:11.0;
17;7646.12;2019-04-11 12:11:13.0;
17;7646.25;2019-04-11 12:11:16.0;
17;7646.5;2019-04-11 12:11:22.0;
17;7646.38;2019-04-11 12:11:25.0;
17;7646.75;2019-04-11 12:11:30.0;
17;7646.38;2019-04-11 12:11:35.0;
17;7646.12;2019-04-11 12:11:43.0;
17;7646.38;2019-04-11 12:11:44.0;
17;7646.12;2019-04-11 12:11:45.0;
17;7646.25;2019-04-11 12:12:05.0;
17;7645.88;2019-04-11 12:12:11.0;
17;7646;2019-04-11 12:12:28.0;
17;7645.88;2019-04-11 12:12:34.0;
17;7646;2019-04-11 12:12:35.0;
17;7646.62;2019-04-11 12:12:41.0;
17;7646.75;2019-04-11 12:12:46.0;
17;7646.38;2019-04-11 12:12:55.0;
17;7646.75;2019-04-11 12:12:56.0;
17;7646.38;2019-04-11 12:12:58.0;
17;7646.62;2019-04-11 12:13:01.0;
17;7646.5;2019-04-11 12:13:06.0;
17;7646.62;2019-04-11 12:13:09.0;
17;7647;2019-04-11 12:13:15.0;
17;7646.88;2019-04-11 12:13:22.0;
17;7646.62;2019-04-11 12:13:25.0;
17;7646.88;2019-04-11 12:13:26.0;
17;7646.62;2019-04-11 12:13:27.0;
17;7646.75;2019-04-11 12:13:28.0;
17;7646.5;2019-04-11 12:13:32.0;
17;7646.62;2019-04-11 12:13:40.0;
17;7646.75;2019-04-11 12:13:50.0;
17;7646.25;2019-04-11 12:14:04.0;
17;7646.75;2019-04-11 12:14:06.0;
17;7646.25;2019-04-11 12:14:07.0;
17;7646;2019-04-11 12:14:12.0;
17;7645.88;2019-04-11 12:14:14.0;
17;7646;2019-04-11 12:14:16.0;
17;7645.88;2019-04-11 12:14:17.0;
17;7645.75;2019-04-11 12:14:28.0;
17;7646;2019-04-11 12:14:33.0;
17;7645.88;2019-04-11 12:14:38.0;
17;7645.75;2019-04-11 12:14:39.0;
17;7645.62;2019-04-11 12:14:46.0;
17;7645.5;2019-04-11 12:14:48.0;
17;7645.12;2019-04-11 12:14:50.0;
17;7645.5;2019-04-11 12:14:52.0;
17;7645.12;2019-04-11 12:14:53.0;
17;7645.25;2019-04-11 12:15:00.0;
17;7644.88;2019-04-11 12:15:05.0;
17;7645.12;2019-04-11 12:15:12.0;
17;7644.88;2019-04-11 12:15:19.0;
17;7645.38;2019-04-11 12:15:23.0;
17;7644.88;2019-04-11 12:15:24.0;
17;7645.38;2019-04-11 12:15:26.0;
17;7645.25;2019-04-11 12:15:27.0;
17;7645;2019-04-11 12:15:31.0;
17;7645.12;2019-04-11 12:15:41.0;
17;7645;2019-04-11 12:15:42.0;
17;7645.12;2019-04-11 12:15:44.0;
17;7645;2019-04-11 12:15:45.0;
17;7645.12;2019-04-11 12:15:47.0;
17;7645.38;2019-04-11 12:16:11.0;
17;7644.88;2019-04-11 12:16:16.0;
17;7644.75;2019-04-11 12:16:19.0;
17;7644.88;2019-04-11 12:16:20.0;
17;7644.75;2019-04-11 12:16:22.0;
17;7644.88;2019-04-11 12:16:24.0;
17;7645;2019-04-11 12:16:31.0;
17;7644.88;2019-04-11 12:16:36.0;
17;7644.62;2019-04-11 12:16:42.0;
17;7644.88;2019-04-11 12:16:43.0;
17;7644.62;2019-04-11 12:16:46.0;
17;7644.88;2019-04-11 12:16:47.0;
17;7645;2019-04-11 12:16:49.0;
17;7645.5;2019-04-11 12:16:52.0;
17;7645.38;2019-04-11 12:16:58.0;
17;7644.62;2019-04-11 12:17:01.0;
17;7644.38;2019-04-11 12:17:15.0;
17;7644.5;2019-04-11 12:17:18.0;
17;7644.38;2019-04-11 12:17:28.0;
17;7644.5;2019-04-11 12:17:29.0;
17;7644.38;2019-04-11 12:17:31.0;
17;7644.25;2019-04-11 12:17:44.0;
17;7644.38;2019-04-11 12:17:51.0;
17;7644.5;2019-04-11 12:18:26.0;
17;7644.38;2019-04-11 12:18:32.0;
17;7644.5;2019-04-11 12:18:36.0;
17;7644.12;2019-04-11 12:18:53.0;
17;7643.88;2019-04-11 12:18:57.0;
17;7644.12;2019-04-11 12:19:07.0;
17;7644.38;2019-04-11 12:19:19.0;
17;7645.12;2019-04-11 12:19:40.0;
17;7645.62;2019-04-11 12:20:03.0;
17;7646.12;2019-04-11 12:20:08.0;
17;7646.25;2019-04-11 12:20:14.0;
17;7645.88;2019-04-11 12:20:15.0;
17;7646.25;2019-04-11 12:20:16.0;
17;7646;2019-04-11 12:20:19.0;
17;7646.12;2019-04-11 12:20:25.0;
17;7646.25;2019-04-11 12:20:30.0;
17;7646.12;2019-04-11 12:20:36.0;
17;7646.38;2019-04-11 12:20:45.0;
17;7646.5;2019-04-11 12:20:47.0;
17;7646.12;2019-04-11 12:21:00.0;
17;7645.88;2019-04-11 12:21:05.0;
17;7645.62;2019-04-11 12:21:13.0;
17;7645.75;2019-04-11 12:21:16.0;
17;7645.62;2019-04-11 12:21:18.0;
17;7645.88;2019-04-11 12:21:30.0;
17;7646.12;2019-04-11 12:21:40.0;
17;7646.25;2019-04-11 12:21:51.0;
17;7646.12;2019-04-11 12:22:02.0;
17;7646.25;2019-04-11 12:22:24.0;
17;7646.12;2019-04-11 12:22:32.0;
17;7646.25;2019-04-11 12:22:41.0;
17;7646.38;2019-04-11 12:22:49.0;
17;7646.5;2019-04-11 12:22:55.0;
17;7646.38;2019-04-11 12:22:56.0;
17;7646.5;2019-04-11 12:22:59.0;
17;7646.38;2019-04-11 12:23:00.0;
17;7646.62;2019-04-11 12:23:06.0;
17;7646.5;2019-04-11 12:23:18.0;
17;7646.38;2019-04-11 12:23:19.0;
17;7646.5;2019-04-11 12:23:21.0;
17;7646.38;2019-04-11 12:23:22.0;
17;7646.25;2019-04-11 12:23:52.0;
17;7646.38;2019-04-11 12:24:05.0;
17;7646.5;2019-04-11 12:24:11.0;
17;7646.38;2019-04-11 12:24:15.0;
17;7646.5;2019-04-11 12:24:27.0;
17;7646.38;2019-04-11 12:24:30.0;
17;7646.25;2019-04-11 12:24:48.0;
17;7646.38;2019-04-11 12:24:49.0;
17;7646.25;2019-04-11 12:24:51.0;
17;7646.12;2019-04-11 12:24:57.0;
17;7646.25;2019-04-11 12:24:59.0;
17;7645.88;2019-04-11 12:25:10.0;
17;7645.75;2019-04-11 12:25:15.0;
17;7645.88;2019-04-11 12:25:20.0;
17;7645.75;2019-04-11 12:25:22.0;
17;7645.88;2019-04-11 12:25:23.0;
17;7646.12;2019-04-11 12:25:24.0;
17;7646.25;2019-04-11 12:25:28.0;
17;7646.5;2019-04-11 12:25:41.0;
17;7645.88;2019-04-11 12:25:47.0;
17;7645.62;2019-04-11 12:26:05.0;
17;7645.38;2019-04-11 12:26:08.0;
17;7645.75;2019-04-11 12:26:18.0;
17;7645.62;2019-04-11 12:26:20.0;
17;7645.75;2019-04-11 12:26:23.0;
17;7645.62;2019-04-11 12:26:24.0;
17;7645.5;2019-04-11 12:26:27.0;
17;7645.62;2019-04-11 12:26:28.0;
17;7645.5;2019-04-11 12:26:30.0;
17;7645.62;2019-04-11 12:26:32.0;
17;7645.88;2019-04-11 12:26:35.0;
17;7645.62;2019-04-11 12:26:42.0;
17;7645.5;2019-04-11 12:26:53.0;
17;7645.38;2019-04-11 12:26:59.0;
17;7645.12;2019-04-11 12:27:12.0;
17;7645.38;2019-04-11 12:27:13.0;
17;7645.12;2019-04-11 12:27:15.0;
17;7644.88;2019-04-11 12:27:22.0;
17;7645;2019-04-11 12:27:42.0;
17;7644.75;2019-04-11 12:28:07.0;
17;7644.88;2019-04-11 12:28:08.0;
17;7645;2019-04-11 12:28:17.0;
17;7644.38;2019-04-11 12:28:24.0;
17;7645;2019-04-11 12:28:25.0;
17;7644.38;2019-04-11 12:28:26.0;
17;7644.5;2019-04-11 12:28:37.0;
17;7644.38;2019-04-11 12:28:39.0;
17;7644.5;2019-04-11 12:28:42.0;
17;7644.38;2019-04-11 12:28:43.0;
17;7644.5;2019-04-11 12:28:54.0;
17;7644.88;2019-04-11 12:29:00.0;
17;7644.75;2019-04-11 12:29:04.0;
17;7644.62;2019-04-11 12:29:21.0;
17;7645.25;2019-04-11 12:29:26.0;
17;7645.75;2019-04-11 12:30:03.0;
17;7645.25;2019-04-11 12:30:04.0;
17;7645.75;2019-04-11 12:30:05.0;
17;7645.12;2019-04-11 12:30:08.0;
17;7645.62;2019-04-11 12:30:15.0;
17;7645.38;2019-04-11 12:30:25.0;
17;7645.12;2019-04-11 12:30:28.0;
17;7645.38;2019-04-11 12:30:31.0;
17;7645.25;2019-04-11 12:30:37.0;
17;7645;2019-04-11 12:30:39.0;
17;7645.38;2019-04-11 12:30:44.0;
17;7645.5;2019-04-11 12:30:52.0;
17;7645.38;2019-04-11 12:30:53.0;
17;7645.5;2019-04-11 12:30:55.0;
17;7645.12;2019-04-11 12:30:59.0;
17;7645.5;2019-04-11 12:31:00.0;
17;7645.12;2019-04-11 12:31:02.0;
17;7644.88;2019-04-11 12:31:37.0;
17;7645;2019-04-11 12:31:43.0;
17;7645.12;2019-04-11 12:31:48.0;
17;7645.38;2019-04-11 12:32:05.0;
17;7645.25;2019-04-11 12:32:08.0;
17;7645.38;2019-04-11 12:32:09.0;
17;7645.25;2019-04-11 12:32:10.0;
17;7645.38;2019-04-11 12:32:13.0;
17;7645.62;2019-04-11 12:32:16.0;
17;7646.25;2019-04-11 12:32:29.0;
17;7645.88;2019-04-11 12:32:34.0;
17;7646.12;2019-04-11 12:32:35.0;
17;7645.88;2019-04-11 12:32:36.0;
17;7646;2019-04-11 12:32:39.0;
17;7645.75;2019-04-11 12:32:55.0;
17;7645.88;2019-04-11 12:33:04.0;
17;7646.38;2019-04-11 12:33:19.0;
17;7646.25;2019-04-11 12:33:26.0;
17;7646.12;2019-04-11 12:33:41.0;
17;7646.38;2019-04-11 12:33:44.0;
17;7646.25;2019-04-11 12:33:51.0;
17;7646.12;2019-04-11 12:34:03.0;
17;7646.25;2019-04-11 12:34:05.0;
17;7645.88;2019-04-11 12:34:06.0;
17;7646.12;2019-04-11 12:34:07.0;
17;7645.88;2019-04-11 12:34:09.0;
17;7645.75;2019-04-11 12:34:14.0;
17;7645.5;2019-04-11 12:34:21.0;
17;7645.38;2019-04-11 12:34:24.0;
17;7645.5;2019-04-11 12:34:30.0;
17;7645.62;2019-04-11 12:34:36.0;
17;7645.5;2019-04-11 12:34:42.0;
17;7645.88;2019-04-11 12:34:47.0;
17;7645.75;2019-04-11 12:34:49.0;
17;7645.62;2019-04-11 12:34:55.0;
17;7645.75;2019-04-11 12:34:58.0;
17;7645.62;2019-04-11 12:34:59.0;
17;7645.75;2019-04-11 12:35:02.0;
17;7645.62;2019-04-11 12:35:04.0;
17;7645.75;2019-04-11 12:35:06.0;
17;7645.62;2019-04-11 12:35:10.0;
17;7645.5;2019-04-11 12:35:18.0;
17;7645.75;2019-04-11 12:35:35.0;
17;7645.5;2019-04-11 12:35:36.0;
17;7645.75;2019-04-11 12:35:39.0;
17;7645.5;2019-04-11 12:35:40.0;
17;7646;2019-04-11 12:35:43.0;
17;7646.38;2019-04-11 12:36:03.0;
17;7646.62;2019-04-11 12:36:12.0;
17;7646.5;2019-04-11 12:36:15.0;
17;7646.38;2019-04-11 12:36:24.0;
17;7646;2019-04-11 12:36:30.0;
17;7646.12;2019-04-11 12:36:32.0;
17;7646;2019-04-11 12:36:33.0;
17;7646.12;2019-04-11 12:36:34.0;
17;7646.25;2019-04-11 12:36:37.0;
17;7646.38;2019-04-11 12:36:39.0;
17;7646.62;2019-04-11 12:36:54.0;
17;7646.38;2019-04-11 12:37:06.0;
17;7646.62;2019-04-11 12:37:11.0;
17;7646.5;2019-04-11 12:37:15.0;
17;7646;2019-04-11 12:37:25.0;
17;7645.88;2019-04-11 12:37:32.0;
17;7646;2019-04-11 12:37:40.0;
17;7646.12;2019-04-11 12:37:49.0;
17;7645.88;2019-04-11 12:38:04.0;
17;7646;2019-04-11 12:38:17.0;
17;7646.12;2019-04-11 12:38:19.0;
17;7646;2019-04-11 12:38:21.0;
17;7646.12;2019-04-11 12:38:22.0;
17;7646.38;2019-04-11 12:38:28.0;
17;7646.75;2019-04-11 12:38:36.0;
17;7646.62;2019-04-11 12:38:45.0;
17;7646.5;2019-04-11 12:38:53.0;
17;7646.88;2019-04-11 12:38:58.0;
17;7646.62;2019-04-11 12:39:00.0;
17;7646.88;2019-04-11 12:39:03.0;
17;7646.62;2019-04-11 12:39:04.0;
17;7646.38;2019-04-11 12:39:20.0;
17;7646.12;2019-04-11 12:39:35.0;
17;7646;2019-04-11 12:39:41.0;
17;7646.5;2019-04-11 12:39:42.0;
17;7646.62;2019-04-11 12:39:48.0;
17;7646.12;2019-04-11 12:40:09.0;
17;7646.38;2019-04-11 12:40:10.0;
17;7646.12;2019-04-11 12:40:15.0;
17;7646.25;2019-04-11 12:40:24.0;
17;7645.88;2019-04-11 12:40:28.0;
17;7646.25;2019-04-11 12:40:31.0;
17;7646.12;2019-04-11 12:40:32.0;
17;7645.88;2019-04-11 12:40:35.0;
17;7646;2019-04-11 12:40:37.0;
17;7645.88;2019-04-11 12:40:39.0;
17;7646;2019-04-11 12:40:44.0;
17;7645.88;2019-04-11 12:40:50.0;
17;7645.75;2019-04-11 12:41:15.0;
17;7645.62;2019-04-11 12:41:27.0;
17;7645.75;2019-04-11 12:41:29.0;
17;7645.62;2019-04-11 12:41:30.0;
17;7645.38;2019-04-11 12:41:32.0;
17;7645.25;2019-04-11 12:41:47.0;
17;7645.38;2019-04-11 12:41:48.0;
17;7645.25;2019-04-11 12:41:50.0;
17;7645.12;2019-04-11 12:42:05.0;
17;7645;2019-04-11 12:42:13.0;
17;7644.88;2019-04-11 12:42:14.0;
17;7645;2019-04-11 12:42:32.0;
17;7645.25;2019-04-11 12:42:36.0;
17;7644.88;2019-04-11 12:42:44.0;
17;7644.62;2019-04-11 12:42:54.0;
17;7644.88;2019-04-11 12:42:56.0;
17;7644.62;2019-04-11 12:42:59.0;
17;7644.38;2019-04-11 12:43:16.0;
17;7644.62;2019-04-11 12:43:17.0;
17;7644.38;2019-04-11 12:43:18.0;
17;7644.12;2019-04-11 12:43:20.0;
17;7644.38;2019-04-11 12:44:05.0;
17;7644.12;2019-04-11 12:44:08.0;
17;7643.88;2019-04-11 12:44:12.0;
17;7644;2019-04-11 12:44:16.0;
17;7643.88;2019-04-11 12:44:27.0;
17;7644.5;2019-04-11 12:44:38.0;
17;7645;2019-04-11 12:44:39.0;
17;7645.12;2019-04-11 12:44:48.0;
17;7644.88;2019-04-11 12:44:53.0;
17;7644.75;2019-04-11 12:44:58.0;
17;7645.12;2019-04-11 12:45:08.0;
17;7645;2019-04-11 12:45:18.0;
17;7644.88;2019-04-11 12:45:21.0;
17;7645.12;2019-04-11 12:45:27.0;
17;7646.62;2019-04-11 12:45:39.0;
17;7647.5;2019-04-11 12:45:46.0;
17;7647.62;2019-04-11 12:45:48.0;
17;7647;2019-04-11 12:46:05.0;
17;7646.62;2019-04-11 12:46:09.0;
17;7646.88;2019-04-11 12:46:14.0;
17;7647.38;2019-04-11 12:46:24.0;
17;7647.88;2019-04-11 12:46:28.0;
17;7647.62;2019-04-11 12:46:40.0;
17;7647.5;2019-04-11 12:46:45.0;
17;7647.25;2019-04-11 12:46:48.0;
17;7647.38;2019-04-11 12:46:51.0;
17;7647.25;2019-04-11 12:46:57.0;
17;7647.38;2019-04-11 12:46:59.0;
17;7647.25;2019-04-11 12:47:01.0;
17;7647.75;2019-04-11 12:47:03.0;
17;7647.62;2019-04-11 12:47:11.0;
17;7647.75;2019-04-11 12:47:12.0;
17;7647.62;2019-04-11 12:47:13.0;
17;7647.75;2019-04-11 12:47:20.0;
17;7647.88;2019-04-11 12:47:25.0;
17;7648.25;2019-04-11 12:47:33.0;
17;7647.88;2019-04-11 12:47:38.0;
17;7648;2019-04-11 12:47:41.0;
17;7647.88;2019-04-11 12:47:43.0;
17;7648;2019-04-11 12:47:44.0;
17;7647.88;2019-04-11 12:47:45.0;
17;7648;2019-04-11 12:47:47.0;
17;7647.75;2019-04-11 12:48:05.0;
17;7647.5;2019-04-11 12:48:12.0;
17;7647.62;2019-04-11 12:48:16.0;
17;7647.5;2019-04-11 12:48:18.0;
17;7647.88;2019-04-11 12:48:19.0;
17;7647;2019-04-11 12:48:24.0;
17;7647.38;2019-04-11 12:48:27.0;
17;7647.12;2019-04-11 12:49:27.0;
17;7647;2019-04-11 12:49:33.0;
17;7646.62;2019-04-11 12:49:37.0;
17;7646.88;2019-04-11 12:49:43.0;
17;7647.12;2019-04-11 12:50:04.0;
17;7647.25;2019-04-11 12:50:13.0;
17;7647.38;2019-04-11 12:50:18.0;
17;7648;2019-04-11 12:50:21.0;
17;7647.88;2019-04-11 12:50:32.0;
17;7648.25;2019-04-11 12:50:39.0;
17;7647.88;2019-04-11 12:50:46.0;
17;7648;2019-04-11 12:50:48.0;
17;7647.88;2019-04-11 12:51:01.0;
17;7647.75;2019-04-11 12:51:05.0;
17;7647.38;2019-04-11 12:51:12.0;
17;7647.5;2019-04-11 12:51:17.0;
17;7647.75;2019-04-11 12:51:22.0;
17;7647.88;2019-04-11 12:51:24.0;
17;7647.75;2019-04-11 12:51:25.0;
17;7647.88;2019-04-11 12:51:28.0;
17;7647.62;2019-04-11 12:51:31.0;
17;7647.88;2019-04-11 12:51:32.0;
17;7647.62;2019-04-11 12:51:34.0;
17;7647.75;2019-04-11 12:51:35.0;
17;7647.88;2019-04-11 12:51:44.0;
17;7648;2019-04-11 12:51:48.0;
17;7647.5;2019-04-11 12:52:05.0;
17;7647;2019-04-11 12:52:11.0;
17;7647.38;2019-04-11 12:52:17.0;
17;7647.25;2019-04-11 12:52:22.0;
17;7647.38;2019-04-11 12:52:25.0;
17;7647.5;2019-04-11 12:52:29.0;
17;7647.12;2019-04-11 12:52:31.0;
17;7647.25;2019-04-11 12:52:36.0;
17;7647.12;2019-04-11 12:52:39.0;
17;7647.25;2019-04-11 12:52:40.0;
17;7647.12;2019-04-11 12:52:43.0;
17;7647;2019-04-11 12:52:49.0;
17;7647.12;2019-04-11 12:52:50.0;
17;7647;2019-04-11 12:52:53.0;
17;7647.12;2019-04-11 12:52:54.0;
17;7646.88;2019-04-11 12:53:13.0;
17;7647;2019-04-11 12:53:17.0;
17;7647.38;2019-04-11 12:53:26.0;
17;7647.25;2019-04-11 12:53:29.0;
17;7647.38;2019-04-11 12:53:31.0;
17;7647;2019-04-11 12:53:32.0;
17;7647.12;2019-04-11 12:53:43.0;
17;7646.88;2019-04-11 12:53:47.0;
17;7647.12;2019-04-11 12:54:04.0;
17;7647.25;2019-04-11 12:54:15.0;
17;7647.12;2019-04-11 12:54:16.0;
17;7647.25;2019-04-11 12:54:18.0;
17;7647.38;2019-04-11 12:54:23.0;
17;7647.25;2019-04-11 12:54:25.0;
17;7647.38;2019-04-11 12:54:28.0;
17;7647.25;2019-04-11 12:54:32.0;
17;7647.12;2019-04-11 12:54:48.0;
17;7647.88;2019-04-11 12:54:56.0;
17;7647.75;2019-04-11 12:54:59.0;
17;7647.88;2019-04-11 12:55:00.0;
17;7647.75;2019-04-11 12:55:01.0;
17;7647.62;2019-04-11 12:55:06.0;
17;7647.12;2019-04-11 12:55:07.0;
17;7647.25;2019-04-11 12:55:12.0;
17;7647.75;2019-04-11 12:55:20.0;
17;7647.25;2019-04-11 12:55:23.0;
17;7647.62;2019-04-11 12:55:29.0;
17;7647.38;2019-04-11 12:55:36.0;
17;7647.25;2019-04-11 12:55:39.0;
17;7647.12;2019-04-11 12:55:50.0;
17;7647.25;2019-04-11 12:56:03.0;
17;7647.12;2019-04-11 12:56:06.0;
17;7647.62;2019-04-11 12:56:08.0;
17;7647.5;2019-04-11 12:56:12.0;
17;7647.62;2019-04-11 12:56:13.0;
17;7647.5;2019-04-11 12:56:15.0;
17;7647.12;2019-04-11 12:56:22.0;
17;7647.38;2019-04-11 12:56:29.0;
17;7647.12;2019-04-11 12:56:34.0;
17;7646.75;2019-04-11 12:56:46.0;
17;7647.12;2019-04-11 12:56:52.0;
17;7646.88;2019-04-11 12:57:01.0;
17;7647;2019-04-11 12:57:24.0;
17;7646.88;2019-04-11 12:57:32.0;
17;7647;2019-04-11 12:57:33.0;
17;7646.88;2019-04-11 12:57:35.0;
17;7647.38;2019-04-11 12:57:42.0;
17;7648.25;2019-04-11 12:58:05.0;
17;7648.12;2019-04-11 12:58:17.0;
17;7647.75;2019-04-11 12:58:20.0;
17;7648;2019-04-11 12:58:32.0;
17;7647.88;2019-04-11 12:58:39.0;
17;7648.12;2019-04-11 12:58:43.0;
17;7647.88;2019-04-11 12:58:45.0;
17;7648.12;2019-04-11 12:58:46.0;
17;7648.38;2019-04-11 12:58:49.0;
17;7648.12;2019-04-11 12:58:52.0;
17;7648;2019-04-11 12:59:10.0;
17;7647.88;2019-04-11 12:59:13.0;
17;7647.75;2019-04-11 12:59:34.0;
17;7648;2019-04-11 12:59:38.0;
17;7647.75;2019-04-11 12:59:41.0;
17;7648;2019-04-11 12:59:42.0;
17;7648.5;2019-04-11 13:00:04.0;
17;7648;2019-04-11 13:00:05.0;
17;7648.88;2019-04-11 13:00:07.0;
17;7649.38;2019-04-11 13:00:27.0;
17;7649.62;2019-04-11 13:00:33.0;
17;7649.38;2019-04-11 13:00:34.0;
17;7649.62;2019-04-11 13:00:36.0;
17;7649.75;2019-04-11 13:00:39.0;
17;7650.12;2019-04-11 13:00:43.0;
17;7650.25;2019-04-11 13:00:48.0;
17;7650.12;2019-04-11 13:00:57.0;
17;7650.25;2019-04-11 13:01:05.0;
17;7650;2019-04-11 13:01:11.0;
17;7650.12;2019-04-11 13:01:24.0;
17;7650;2019-04-11 13:01:25.0;
17;7650.12;2019-04-11 13:01:27.0;
17;7650.25;2019-04-11 13:01:28.0;
17;7649.88;2019-04-11 13:01:41.0;
17;7649.12;2019-04-11 13:02:04.0;
17;7649.38;2019-04-11 13:02:11.0;
17;7649.88;2019-04-11 13:02:16.0;
17;7649.75;2019-04-11 13:02:24.0;
17;7649.88;2019-04-11 13:02:29.0;
17;7649.62;2019-04-11 13:02:32.0;
17;7649.88;2019-04-11 13:02:39.0;
17;7649.75;2019-04-11 13:02:59.0;
17;7649.88;2019-04-11 13:03:02.0;
17;7650.12;2019-04-11 13:03:04.0;
17;7649.75;2019-04-11 13:03:05.0;
17;7650;2019-04-11 13:03:07.0;
17;7650.12;2019-04-11 13:03:08.0;
17;7650;2019-04-11 13:03:09.0;
17;7650.38;2019-04-11 13:03:20.0;
17;7650.62;2019-04-11 13:03:26.0;
17;7650.88;2019-04-11 13:03:27.0;
17;7650.62;2019-04-11 13:03:29.0;
17;7650.88;2019-04-11 13:03:30.0;
17;7650.75;2019-04-11 13:03:32.0;
17;7650.88;2019-04-11 13:03:37.0;
17;7650.75;2019-04-11 13:04:02.0;
17;7650.88;2019-04-11 13:04:07.0;
17;7651.62;2019-04-11 13:04:14.0;
17;7652.88;2019-04-11 13:04:18.0;
17;7652.38;2019-04-11 13:04:25.0;
17;7651.88;2019-04-11 13:04:27.0;
17;7651.62;2019-04-11 13:04:32.0;
17;7652.62;2019-04-11 13:04:37.0;
17;7652.12;2019-04-11 13:04:42.0;
17;7652;2019-04-11 13:04:46.0;
17;7652.12;2019-04-11 13:04:50.0;
17;7652.25;2019-04-11 13:04:58.0;
17;7652.12;2019-04-11 13:04:59.0;
17;7652.25;2019-04-11 13:05:01.0;
17;7652.5;2019-04-11 13:05:03.0;
17;7652.62;2019-04-11 13:05:08.0;
17;7653.25;2019-04-11 13:05:11.0;
17;7652.62;2019-04-11 13:05:12.0;
17;7653.25;2019-04-11 13:05:13.0;
17;7653.12;2019-04-11 13:05:16.0;
17;7653.38;2019-04-11 13:05:23.0;
17;7653.25;2019-04-11 13:05:31.0;
17;7653.12;2019-04-11 13:05:38.0;
17;7653.5;2019-04-11 13:05:42.0;
17;7653.62;2019-04-11 13:05:43.0;
17;7653.5;2019-04-11 13:05:46.0;
17;7652.88;2019-04-11 13:06:03.0;
17;7653.75;2019-04-11 13:06:07.0;
17;7652.88;2019-04-11 13:06:08.0;
17;7653.75;2019-04-11 13:06:10.0;
17;7653.5;2019-04-11 13:06:13.0;
17;7653.25;2019-04-11 13:06:23.0;
17;7653.38;2019-04-11 13:06:27.0;
17;7653.75;2019-04-11 13:06:34.0;
17;7653.38;2019-04-11 13:06:35.0;
17;7653.88;2019-04-11 13:06:37.0;
17;7653.75;2019-04-11 13:06:38.0;
17;7653.88;2019-04-11 13:06:39.0;
17;7653.75;2019-04-11 13:06:41.0;
17;7653.88;2019-04-11 13:06:45.0;
17;7653.75;2019-04-11 13:06:48.0;
17;7653.88;2019-04-11 13:06:56.0;
17;7653.38;2019-04-11 13:07:01.0;
17;7653.25;2019-04-11 13:07:03.0;
17;7653.5;2019-04-11 13:07:07.0;
17;7653.12;2019-04-11 13:07:13.0;
17;7653.88;2019-04-11 13:07:20.0;
17;7653.12;2019-04-11 13:07:21.0;
17;7653.75;2019-04-11 13:07:24.0;
17;7653.62;2019-04-11 13:07:29.0;
17;7653.5;2019-04-11 13:08:04.0;
17;7653.62;2019-04-11 13:08:08.0;
17;7653.38;2019-04-11 13:08:12.0;
17;7653.5;2019-04-11 13:08:15.0;
17;7653.25;2019-04-11 13:08:19.0;
17;7653.38;2019-04-11 13:08:24.0;
17;7653.12;2019-04-11 13:08:37.0;
17;7653.38;2019-04-11 13:08:42.0;
17;7653.25;2019-04-11 13:08:48.0;
17;7653.12;2019-04-11 13:08:51.0;
17;7653;2019-04-11 13:08:59.0;
17;7653.12;2019-04-11 13:09:12.0;
17;7653;2019-04-11 13:09:13.0;
17;7653.12;2019-04-11 13:09:14.0;
17;7653;2019-04-11 13:09:19.0;
17;7653.12;2019-04-11 13:09:20.0;
17;7653;2019-04-11 13:09:21.0;
17;7652.88;2019-04-11 13:09:25.0;
17;7652.75;2019-04-11 13:09:31.0;
17;7652.62;2019-04-11 13:09:41.0;
17;7652.5;2019-04-11 13:09:42.0;
17;7652.62;2019-04-11 13:09:44.0;
17;7652.5;2019-04-11 13:09:45.0;
17;7652.88;2019-04-11 13:09:48.0;
17;7652.62;2019-04-11 13:10:07.0;
17;7652.88;2019-04-11 13:10:08.0;
17;7652.62;2019-04-11 13:10:11.0;
17;7652.25;2019-04-11 13:10:17.0;
17;7652.12;2019-04-11 13:10:20.0;
17;7651.88;2019-04-11 13:10:24.0;
17;7651.5;2019-04-11 13:10:26.0;
17;7651.88;2019-04-11 13:10:28.0;
17;7651.5;2019-04-11 13:10:29.0;
17;7651.38;2019-04-11 13:10:31.0;
17;7651.5;2019-04-11 13:10:33.0;
17;7651.38;2019-04-11 13:10:34.0;
17;7651.12;2019-04-11 13:10:38.0;
17;7651.25;2019-04-11 13:10:44.0;
17;7651.12;2019-04-11 13:10:45.0;
17;7651.38;2019-04-11 13:10:48.0;
17;7651.12;2019-04-11 13:10:51.0;
17;7651.38;2019-04-11 13:10:53.0;
17;7651.12;2019-04-11 13:10:54.0;
17;7650.88;2019-04-11 13:10:55.0;
17;7650.62;2019-04-11 13:11:02.0;
17;7650.75;2019-04-11 13:11:04.0;
17;7650.62;2019-04-11 13:11:07.0;
17;7650.75;2019-04-11 13:11:10.0;
17;7650.62;2019-04-11 13:11:11.0;
17;7650.75;2019-04-11 13:11:18.0;
17;7650.88;2019-04-11 13:11:19.0;
17;7650.75;2019-04-11 13:11:21.0;
17;7650.88;2019-04-11 13:11:24.0;
17;7650.62;2019-04-11 13:11:29.0;
17;7650.38;2019-04-11 13:11:31.0;
17;7650.12;2019-04-11 13:11:39.0;
17;7650.38;2019-04-11 13:11:41.0;
17;7650.12;2019-04-11 13:11:42.0;
17;7649.88;2019-04-11 13:11:44.0;
17;7649.75;2019-04-11 13:11:46.0;
17;7649.62;2019-04-11 13:12:04.0;
17;7649.88;2019-04-11 13:12:08.0;
17;7649.62;2019-04-11 13:12:09.0;
17;7649.88;2019-04-11 13:12:10.0;
17;7649.75;2019-04-11 13:12:18.0;
17;7649.5;2019-04-11 13:12:23.0;
17;7649.75;2019-04-11 13:12:25.0;
17;7649.5;2019-04-11 13:12:27.0;
17;7649.75;2019-04-11 13:12:29.0;
17;7650.12;2019-04-11 13:12:35.0;
17;7650.25;2019-04-11 13:12:39.0;
17;7649.75;2019-04-11 13:12:46.0;
17;7650.25;2019-04-11 13:12:51.0;
17;7649.75;2019-04-11 13:12:52.0;
17;7650.25;2019-04-11 13:12:55.0;
17;7649.88;2019-04-11 13:13:06.0;
17;7650.12;2019-04-11 13:13:08.0;
17;7650.25;2019-04-11 13:13:19.0;
17;7649.88;2019-04-11 13:13:25.0;
17;7649.5;2019-04-11 13:13:37.0;
17;7649.38;2019-04-11 13:13:41.0;
17;7649.12;2019-04-11 13:14:04.0;
17;7649.25;2019-04-11 13:14:08.0;
17;7649.12;2019-04-11 13:14:11.0;
17;7649.5;2019-04-11 13:14:25.0;
17;7649.75;2019-04-11 13:14:28.0;
17;7649.62;2019-04-11 13:14:41.0;
17;7649.75;2019-04-11 13:14:43.0;
17;7649.5;2019-04-11 13:14:52.0;
17;7649.62;2019-04-11 13:15:02.0;
17;7649.88;2019-04-11 13:15:03.0;
17;7649.75;2019-04-11 13:15:08.0;
17;7649.62;2019-04-11 13:15:23.0;
17;7649.75;2019-04-11 13:15:29.0;
17;7649.62;2019-04-11 13:15:34.0;
17;7649.5;2019-04-11 13:15:37.0;
17;7649.62;2019-04-11 13:15:45.0;
17;7649.75;2019-04-11 13:15:49.0;
17;7649.62;2019-04-11 13:16:03.0;
17;7649.12;2019-04-11 13:16:08.0;
17;7649.25;2019-04-11 13:16:11.0;
17;7649.62;2019-04-11 13:16:20.0;
17;7649.75;2019-04-11 13:16:27.0;
17;7649.38;2019-04-11 13:16:37.0;
17;7649.5;2019-04-11 13:16:38.0;
17;7649.38;2019-04-11 13:16:46.0;
17;7649.5;2019-04-11 13:16:49.0;
17;7649.38;2019-04-11 13:16:50.0;
17;7649.5;2019-04-11 13:16:51.0;
17;7649.38;2019-04-11 13:16:59.0;
17;7649.12;2019-04-11 13:17:10.0;
17;7649.25;2019-04-11 13:17:12.0;
17;7649.38;2019-04-11 13:17:17.0;
17;7649.88;2019-04-11 13:17:29.0;
17;7650.12;2019-04-11 13:17:34.0;
17;7649.88;2019-04-11 13:17:36.0;
17;7650.12;2019-04-11 13:17:37.0;
17;7649.88;2019-04-11 13:17:51.0;
17;7650.12;2019-04-11 13:18:04.0;
17;7649.88;2019-04-11 13:18:06.0;
17;7650;2019-04-11 13:18:07.0;
17;7649.88;2019-04-11 13:18:16.0;
17;7650.38;2019-04-11 13:18:21.0;
17;7650.75;2019-04-11 13:18:28.0;
17;7650.5;2019-04-11 13:18:35.0;
17;7650.75;2019-04-11 13:18:38.0;
17;7650.62;2019-04-11 13:18:42.0;
17;7650.88;2019-04-11 13:18:52.0;
17;7650.62;2019-04-11 13:18:53.0;
17;7651.38;2019-04-11 13:18:55.0;
17;7650.88;2019-04-11 13:19:00.0;
17;7651;2019-04-11 13:19:03.0;
17;7651.12;2019-04-11 13:19:08.0;
17;7651.38;2019-04-11 13:19:09.0;
17;7651.12;2019-04-11 13:19:12.0;
17;7651.38;2019-04-11 13:19:13.0;
17;7651.12;2019-04-11 13:19:15.0;
17;7651.25;2019-04-11 13:19:22.0;
17;7651;2019-04-11 13:19:30.0;
17;7651.25;2019-04-11 13:19:33.0;
17;7650.88;2019-04-11 13:19:35.0;
17;7651;2019-04-11 13:19:39.0;
17;7650.62;2019-04-11 13:19:43.0;
17;7650.25;2019-04-11 13:20:03.0;
17;7650;2019-04-11 13:20:08.0;
17;7650.12;2019-04-11 13:20:13.0;
17;7649.88;2019-04-11 13:20:28.0;
17;7650;2019-04-11 13:20:40.0;
17;7649.88;2019-04-11 13:20:44.0;
17;7649.75;2019-04-11 13:21:02.0;
17;7649.5;2019-04-11 13:21:03.0;
17;7649.75;2019-04-11 13:21:06.0;
17;7649.5;2019-04-11 13:21:07.0;
17;7649.62;2019-04-11 13:21:16.0;
17;7649.75;2019-04-11 13:21:24.0;
17;7649.62;2019-04-11 13:21:29.0;
17;7649.5;2019-04-11 13:21:38.0;
17;7649.38;2019-04-11 13:21:42.0;
17;7649.25;2019-04-11 13:21:48.0;
17;7649.12;2019-04-11 13:22:06.0;
17;7649.25;2019-04-11 13:22:07.0;
17;7649.5;2019-04-11 13:22:13.0;
17;7649.12;2019-04-11 13:22:18.0;
17;7649.25;2019-04-11 13:22:24.0;
17;7649;2019-04-11 13:22:32.0;
17;7648.88;2019-04-11 13:22:37.0;
17;7648.62;2019-04-11 13:22:45.0;
17;7648.5;2019-04-11 13:22:47.0;
17;7648.62;2019-04-11 13:22:49.0;
17;7648.5;2019-04-11 13:22:50.0;
17;7648.38;2019-04-11 13:22:53.0;
17;7648.75;2019-04-11 13:22:56.0;
17;7649;2019-04-11 13:23:02.0;
17;7649.38;2019-04-11 13:23:04.0;
17;7649;2019-04-11 13:23:06.0;
17;7649.38;2019-04-11 13:23:07.0;
17;7649.75;2019-04-11 13:23:12.0;
17;7649.38;2019-04-11 13:23:13.0;
17;7649.75;2019-04-11 13:23:15.0;
17;7649.62;2019-04-11 13:23:19.0;
17;7649.5;2019-04-11 13:23:25.0;
17;7649.75;2019-04-11 13:23:32.0;
17;7649.5;2019-04-11 13:23:33.0;
17;7649.75;2019-04-11 13:23:35.0;
17;7649.62;2019-04-11 13:23:36.0;
17;7649.88;2019-04-11 13:23:40.0;
17;7649.62;2019-04-11 13:23:42.0;
17;7649.88;2019-04-11 13:23:43.0;
17;7650;2019-04-11 13:23:49.0;
17;7650.38;2019-04-11 13:24:14.0;
17;7650.25;2019-04-11 13:24:18.0;
17;7650.12;2019-04-11 13:24:25.0;
17;7650;2019-04-11 13:24:39.0;
17;7650.12;2019-04-11 13:24:41.0;
17;7650;2019-04-11 13:24:42.0;
17;7649.88;2019-04-11 13:24:48.0;
17;7649.75;2019-04-11 13:24:54.0;
17;7649.88;2019-04-11 13:24:56.0;
17;7649.75;2019-04-11 13:24:57.0;
17;7649.88;2019-04-11 13:24:59.0;
17;7649.75;2019-04-11 13:25:00.0;
17;7649.38;2019-04-11 13:25:03.0;
17;7649.75;2019-04-11 13:25:04.0;
17;7649.38;2019-04-11 13:25:06.0;
17;7649;2019-04-11 13:25:19.0;
17;7648.75;2019-04-11 13:25:23.0;
17;7648.38;2019-04-11 13:25:28.0;
17;7648.5;2019-04-11 13:25:33.0;
17;7648.62;2019-04-11 13:25:48.0;
17;7648.5;2019-04-11 13:25:49.0;
17;7648.62;2019-04-11 13:25:50.0;
17;7648.5;2019-04-11 13:26:07.0;
17;7648.62;2019-04-11 13:26:13.0;
17;7648.88;2019-04-11 13:26:27.0;
17;7648.62;2019-04-11 13:26:30.0;
17;7648.75;2019-04-11 13:26:34.0;
17;7648.62;2019-04-11 13:26:36.0;
17;7648.5;2019-04-11 13:26:39.0;
17;7648.88;2019-04-11 13:26:44.0;
17;7648.62;2019-04-11 13:26:53.0;
17;7648.88;2019-04-11 13:26:54.0;
17;7648.62;2019-04-11 13:26:57.0;
17;7648.88;2019-04-11 13:26:59.0;
17;7648.62;2019-04-11 13:27:06.0;
17;7648.88;2019-04-11 13:27:07.0;
17;7648.62;2019-04-11 13:27:11.0;
17;7649.12;2019-04-11 13:27:12.0;
17;7649.62;2019-04-11 13:27:15.0;
17;7649.12;2019-04-11 13:27:16.0;
17;7649.62;2019-04-11 13:27:18.0;
17;7649.38;2019-04-11 13:27:21.0;
17;7649.5;2019-04-11 13:27:24.0;
17;7649.25;2019-04-11 13:27:31.0;
17;7649.5;2019-04-11 13:27:39.0;
17;7649.75;2019-04-11 13:27:49.0;
17;7650.12;2019-04-11 13:28:07.0;
17;7649.62;2019-04-11 13:28:16.0;
17;7649.5;2019-04-11 13:28:19.0;
17;7649.62;2019-04-11 13:28:24.0;
17;7649.38;2019-04-11 13:28:34.0;
17;7649.62;2019-04-11 13:28:42.0;
17;7649.88;2019-04-11 13:28:57.0;
17;7649.38;2019-04-11 13:28:59.0;
17;7649.88;2019-04-11 13:29:00.0;
17;7649.5;2019-04-11 13:29:02.0;
17;7649.38;2019-04-11 13:29:03.0;
17;7649.5;2019-04-11 13:29:05.0;
17;7649.38;2019-04-11 13:29:08.0;
17;7649.5;2019-04-11 13:29:09.0;
17;7649.38;2019-04-11 13:29:10.0;
17;7649.12;2019-04-11 13:29:16.0;
17;7648.75;2019-04-11 13:29:18.0;
17;7648.62;2019-04-11 13:29:22.0;
17;7648.75;2019-04-11 13:29:23.0;
17;7648.62;2019-04-11 13:29:25.0;
17;7648.75;2019-04-11 13:29:27.0;
17;7648.62;2019-04-11 13:29:30.0;
17;7648.5;2019-04-11 13:29:35.0;
17;7648.25;2019-04-11 13:29:42.0;
17;7648.38;2019-04-11 13:29:48.0;
17;7648.5;2019-04-11 13:30:05.0;
17;7648.62;2019-04-11 13:30:07.0;
17;7648.38;2019-04-11 13:30:15.0;
17;7648.62;2019-04-11 13:30:23.0;
17;7648.5;2019-04-11 13:30:29.0;
17;7648.38;2019-04-11 13:30:32.0;
17;7648.5;2019-04-11 13:30:33.0;
17;7648.62;2019-04-11 13:30:35.0;
17;7648.75;2019-04-11 13:30:39.0;
17;7649.62;2019-04-11 13:30:44.0;
17;7649.5;2019-04-11 13:30:48.0;
17;7649.88;2019-04-11 13:30:51.0;
17;7650.38;2019-04-11 13:31:04.0;
17;7650.12;2019-04-11 13:31:10.0;
17;7650.38;2019-04-11 13:31:11.0;
17;7650.25;2019-04-11 13:31:13.0;
17;7650.12;2019-04-11 13:31:14.0;
17;7650.25;2019-04-11 13:31:16.0;
17;7650.12;2019-04-11 13:31:17.0;
17;7650.25;2019-04-11 13:31:23.0;
17;7650;2019-04-11 13:31:31.0;
17;7650.25;2019-04-11 13:31:33.0;
17;7650.88;2019-04-11 13:31:43.0;
17;7650.38;2019-04-11 13:32:06.0;
17;7650.25;2019-04-11 13:32:10.0;
17;7650.62;2019-04-11 13:32:13.0;
17;7650.75;2019-04-11 13:32:19.0;
17;7650.62;2019-04-11 13:32:27.0;
17;7650.12;2019-04-11 13:32:29.0;
17;7649.88;2019-04-11 13:32:33.0;
17;7650;2019-04-11 13:32:47.0;
17;7649.88;2019-04-11 13:32:51.0;
17;7649.38;2019-04-11 13:33:03.0;
17;7649;2019-04-11 13:33:08.0;
17;7649.38;2019-04-11 13:33:10.0;
17;7649;2019-04-11 13:33:11.0;
17;7649.12;2019-04-11 13:33:17.0;
17;7648.88;2019-04-11 13:33:26.0;
17;7648.75;2019-04-11 13:33:29.0;
17;7648.62;2019-04-11 13:33:49.0;
17;7648.75;2019-04-11 13:34:03.0;
17;7649.12;2019-04-11 13:34:09.0;
17;7649.25;2019-04-11 13:34:30.0;
17;7649;2019-04-11 13:34:32.0;
17;7649.25;2019-04-11 13:34:33.0;
17;7649;2019-04-11 13:34:34.0;
17;7648.88;2019-04-11 13:34:37.0;
17;7648.62;2019-04-11 13:34:39.0;
17;7648.88;2019-04-11 13:34:41.0;
17;7648.62;2019-04-11 13:34:43.0;
17;7648.75;2019-04-11 13:34:44.0;
17;7648.88;2019-04-11 13:34:50.0;
17;7648.75;2019-04-11 13:35:05.0;
17;7648.62;2019-04-11 13:35:09.0;
17;7648.75;2019-04-11 13:35:14.0;
17;7648.5;2019-04-11 13:35:21.0;
17;7648.75;2019-04-11 13:35:23.0;
17;7648.88;2019-04-11 13:35:28.0;
17;7649;2019-04-11 13:35:31.0;
17;7648.88;2019-04-11 13:35:45.0;
17;7648.62;2019-04-11 13:36:06.0;
17;7648;2019-04-11 13:36:23.0;
17;7648.12;2019-04-11 13:36:27.0;
17;7648.38;2019-04-11 13:36:51.0;
17;7648.62;2019-04-11 13:36:56.0;
17;7648.38;2019-04-11 13:36:58.0;
17;7648.62;2019-04-11 13:36:59.0;
17;7648.75;2019-04-11 13:37:20.0;
17;7648.62;2019-04-11 13:37:27.0;
17;7648.5;2019-04-11 13:37:31.0;
17;7648.62;2019-04-11 13:37:50.0;
17;7649;2019-04-11 13:38:02.0;
17;7648.62;2019-04-11 13:38:04.0;
17;7649;2019-04-11 13:38:05.0;
17;7649.25;2019-04-11 13:38:11.0;
17;7649.38;2019-04-11 13:38:18.0;
17;7650.12;2019-04-11 13:38:24.0;
17;7649.12;2019-04-11 13:38:31.0;
17;7650.12;2019-04-11 13:38:33.0;
17;7649.12;2019-04-11 13:38:35.0;
17;7649;2019-04-11 13:38:40.0;
17;7648.62;2019-04-11 13:38:45.0;
17;7648.38;2019-04-11 13:38:54.0;
17;7648.62;2019-04-11 13:38:56.0;
17;7648.38;2019-04-11 13:38:59.0;
17;7647.88;2019-04-11 13:39:03.0;
17;7647.5;2019-04-11 13:39:21.0;
17;7647.62;2019-04-11 13:39:27.0;
17;7647.38;2019-04-11 13:39:33.0;
17;7647.12;2019-04-11 13:39:40.0;
17;7646.62;2019-04-11 13:39:47.0;
17;7647.12;2019-04-11 13:40:05.0;
17;7647.25;2019-04-11 13:40:12.0;
17;7646.62;2019-04-11 13:40:16.0;
17;7646.5;2019-04-11 13:40:27.0;
17;7646.38;2019-04-11 13:40:31.0;
17;7646.5;2019-04-11 13:40:40.0;
17;7645.75;2019-04-11 13:40:43.0;
17;7646.12;2019-04-11 13:40:49.0;
17;7645.62;2019-04-11 13:40:51.0;
17;7646.12;2019-04-11 13:40:54.0;
17;7645.62;2019-04-11 13:40:55.0;
17;7645.5;2019-04-11 13:40:56.0;
17;7645.75;2019-04-11 13:41:02.0;
17;7645.38;2019-04-11 13:41:06.0;
17;7645.12;2019-04-11 13:41:11.0;
17;7645;2019-04-11 13:41:18.0;
17;7644.75;2019-04-11 13:41:20.0;
17;7645.38;2019-04-11 13:41:27.0;
17;7645.12;2019-04-11 13:41:40.0;
17;7645.38;2019-04-11 13:41:42.0;
17;7645.12;2019-04-11 13:41:44.0;
17;7645;2019-04-11 13:42:06.0;
17;7645.12;2019-04-11 13:42:12.0;
17;7645.62;2019-04-11 13:42:15.0;
17;7645.12;2019-04-11 13:42:16.0;
17;7645.62;2019-04-11 13:42:18.0;
17;7645.12;2019-04-11 13:42:23.0;
17;7644.75;2019-04-11 13:42:30.0;
17;7645.12;2019-04-11 13:42:39.0;
17;7645.25;2019-04-11 13:42:50.0;
17;7645.5;2019-04-11 13:42:56.0;
17;7645.12;2019-04-11 13:43:03.0;
17;7645.25;2019-04-11 13:43:12.0;
17;7645.38;2019-04-11 13:43:15.0;
17;7645.5;2019-04-11 13:43:19.0;
17;7645.38;2019-04-11 13:43:20.0;
17;7645.5;2019-04-11 13:43:22.0;
17;7645.62;2019-04-11 13:43:23.0;
17;7645.38;2019-04-11 13:43:34.0;
17;7645.5;2019-04-11 13:43:45.0;
17;7645.62;2019-04-11 13:44:05.0;
17;7645.5;2019-04-11 13:44:15.0;
17;7645.62;2019-04-11 13:44:18.0;
17;7646;2019-04-11 13:44:26.0;
17;7645.75;2019-04-11 13:44:27.0;
17;7646;2019-04-11 13:44:33.0;
17;7645.88;2019-04-11 13:44:51.0;
17;7646;2019-04-11 13:44:53.0;
17;7645.88;2019-04-11 13:44:54.0;
17;7646.12;2019-04-11 13:44:58.0;
17;7645.88;2019-04-11 13:45:00.0;
17;7646.12;2019-04-11 13:45:01.0;
17;7646.38;2019-04-11 13:45:08.0;
17;7646.25;2019-04-11 13:45:12.0;
17;7646.12;2019-04-11 13:45:23.0;
17;7646.38;2019-04-11 13:45:29.0;
17;7646.75;2019-04-11 13:45:32.0;
17;7646.38;2019-04-11 13:45:33.0;
17;7646.75;2019-04-11 13:45:35.0;
17;7646.62;2019-04-11 13:45:36.0;
17;7646.5;2019-04-11 13:45:51.0;
17;7646.38;2019-04-11 13:46:04.0;
17;7646.12;2019-04-11 13:46:12.0;
17;7646.38;2019-04-11 13:46:25.0;
17;7646;2019-04-11 13:46:31.0;
17;7645.88;2019-04-11 13:46:40.0;
17;7645.75;2019-04-11 13:46:51.0;
17;7645.88;2019-04-11 13:46:56.0;
17;7646.12;2019-04-11 13:47:10.0;
17;7646.25;2019-04-11 13:47:11.0;
17;7646.12;2019-04-11 13:47:13.0;
17;7646.5;2019-04-11 13:47:14.0;
17;7646.38;2019-04-11 13:47:21.0;
17;7646.12;2019-04-11 13:47:22.0;
17;7646.38;2019-04-11 13:47:25.0;
17;7646.12;2019-04-11 13:47:27.0;
17;7646.5;2019-04-11 13:47:49.0;
17;7646.62;2019-04-11 13:48:04.0;
17;7646.75;2019-04-11 13:48:28.0;
17;7646.62;2019-04-11 13:48:36.0;
17;7646.25;2019-04-11 13:48:47.0;
17;7646.38;2019-04-11 13:48:53.0;
17;7646.5;2019-04-11 13:48:59.0;
17;7646.62;2019-04-11 13:49:04.0;
17;7646.88;2019-04-11 13:49:28.0;
17;7647;2019-04-11 13:49:32.0;
17;7646.88;2019-04-11 13:49:49.0;
17;7647.38;2019-04-11 13:50:03.0;
17;7646.88;2019-04-11 13:50:05.0;
17;7647.38;2019-04-11 13:50:06.0;
17;7647.75;2019-04-11 13:50:09.0;
17;7648.12;2019-04-11 13:50:18.0;
17;7648;2019-04-11 13:50:19.0;
17;7648.12;2019-04-11 13:50:29.0;
17;7648.38;2019-04-11 13:50:35.0;
17;7648.12;2019-04-11 13:50:46.0;
17;7648.25;2019-04-11 13:50:55.0;
17;7648.12;2019-04-11 13:50:58.0;
17;7648.25;2019-04-11 13:50:59.0;
17;7648.12;2019-04-11 13:51:05.0;
17;7648.25;2019-04-11 13:51:15.0;
17;7648.38;2019-04-11 13:51:24.0;
17;7648.62;2019-04-11 13:51:30.0;
17;7648.38;2019-04-11 13:51:33.0;
17;7648.25;2019-04-11 13:51:39.0;
17;7647.75;2019-04-11 13:52:04.0;
17;7648.25;2019-04-11 13:52:06.0;
17;7647.88;2019-04-11 13:52:08.0;
17;7648.38;2019-04-11 13:52:28.0;
17;7648.12;2019-04-11 13:52:35.0;
17;7648.38;2019-04-11 13:52:39.0;
17;7648.62;2019-04-11 13:53:16.0;
17;7648.38;2019-04-11 13:53:35.0;
17;7648.12;2019-04-11 13:53:39.0;
17;7648.25;2019-04-11 13:53:49.0;
17;7648;2019-04-11 13:54:04.0;
17;7647.88;2019-04-11 13:54:16.0;
17;7648;2019-04-11 13:54:17.0;
17;7647.88;2019-04-11 13:54:19.0;
17;7647.75;2019-04-11 13:54:23.0;
17;7647.88;2019-04-11 13:54:24.0;
17;7647.75;2019-04-11 13:54:26.0;
17;7647.88;2019-04-11 13:54:27.0;
17;7647.75;2019-04-11 13:54:31.0;
17;7647.88;2019-04-11 13:54:32.0;
17;7647.75;2019-04-11 13:54:34.0;
17;7647.62;2019-04-11 13:54:37.0;
17;7647.88;2019-04-11 13:54:40.0;
17;7648;2019-04-11 13:54:46.0;
17;7648.25;2019-04-11 13:54:55.0;
17;7648;2019-04-11 13:54:57.0;
17;7648.25;2019-04-11 13:55:00.0;
17;7648;2019-04-11 13:55:07.0;
17;7648.12;2019-04-11 13:55:19.0;
17;7648;2019-04-11 13:55:22.0;
17;7648.12;2019-04-11 13:55:24.0;
17;7648.25;2019-04-11 13:55:25.0;
17;7648.12;2019-04-11 13:55:27.0;
17;7648.38;2019-04-11 13:55:35.0;
17;7648.25;2019-04-11 13:55:40.0;
17;7648.12;2019-04-11 13:55:45.0;
17;7647.62;2019-04-11 13:55:48.0;
17;7647.5;2019-04-11 13:56:05.0;
17;7647.12;2019-04-11 13:56:08.0;
17;7646.88;2019-04-11 13:56:19.0;
17;7647;2019-04-11 13:56:27.0;
17;7647.12;2019-04-11 13:56:36.0;
17;7647;2019-04-11 13:56:37.0;
17;7647.12;2019-04-11 13:56:39.0;
17;7647;2019-04-11 13:56:40.0;
17;7646.88;2019-04-11 13:56:43.0;
17;7647;2019-04-11 13:56:44.0;
17;7646.88;2019-04-11 13:56:47.0;
17;7646.62;2019-04-11 13:56:48.0;
17;7646.38;2019-04-11 13:56:51.0;
17;7646.62;2019-04-11 13:57:03.0;
17;7646.38;2019-04-11 13:57:09.0;
17;7646.25;2019-04-11 13:57:16.0;
17;7646.12;2019-04-11 13:57:21.0;
17;7646.62;2019-04-11 13:57:28.0;
17;7646.5;2019-04-11 13:57:36.0;
17;7646.62;2019-04-11 13:57:37.0;
17;7646.5;2019-04-11 13:57:39.0;
17;7646.38;2019-04-11 13:57:41.0;
17;7646.62;2019-04-11 13:57:43.0;
17;7646.38;2019-04-11 13:57:45.0;
17;7646.62;2019-04-11 13:57:46.0;
17;7646.38;2019-04-11 13:58:07.0;
17;7646.5;2019-04-11 13:58:10.0;
17;7646.75;2019-04-11 13:58:28.0;
17;7646.88;2019-04-11 13:58:31.0;
17;7646.75;2019-04-11 13:58:39.0;
17;7646.88;2019-04-11 13:58:40.0;
17;7646.75;2019-04-11 13:58:48.0;
17;7646.88;2019-04-11 13:58:53.0;
17;7646.75;2019-04-11 13:58:54.0;
17;7646.88;2019-04-11 13:58:55.0;
17;7646.75;2019-04-11 13:58:58.0;
17;7646.62;2019-04-11 13:59:04.0;
17;7646.88;2019-04-11 13:59:11.0;
17;7646.62;2019-04-11 13:59:12.0;
17;7646.88;2019-04-11 13:59:14.0;
17;7647.25;2019-04-11 13:59:25.0;
17;7647.38;2019-04-11 13:59:32.0;
17;7647.62;2019-04-11 13:59:35.0;
17;7647.38;2019-04-11 13:59:36.0;
17;7647.62;2019-04-11 13:59:38.0;
17;7647.5;2019-04-11 13:59:40.0;
17;7647.38;2019-04-11 14:00:06.0;
17;7647.12;2019-04-11 14:00:10.0;
17;7646.88;2019-04-11 14:00:14.0;
17;7646.75;2019-04-11 14:00:26.0;
17;7646.38;2019-04-11 14:00:33.0;
17;7646.25;2019-04-11 14:00:38.0;
17;7645.88;2019-04-11 14:00:45.0;
17;7645.62;2019-04-11 14:00:47.0;
17;7645.88;2019-04-11 14:00:48.0;
17;7645.62;2019-04-11 14:00:49.0;
17;7645.38;2019-04-11 14:00:58.0;
17;7645.12;2019-04-11 14:01:02.0;
17;7645.38;2019-04-11 14:01:10.0;
17;7645.12;2019-04-11 14:01:11.0;
17;7645.38;2019-04-11 14:01:14.0;
17;7645.12;2019-04-11 14:01:18.0;
17;7645.5;2019-04-11 14:01:30.0;
17;7645.25;2019-04-11 14:01:40.0;
17;7645.38;2019-04-11 14:01:46.0;
17;7645.12;2019-04-11 14:02:06.0;
17;7645.25;2019-04-11 14:02:14.0;
17;7645.38;2019-04-11 14:02:17.0;
17;7645.62;2019-04-11 14:02:19.0;
17;7645.38;2019-04-11 14:02:29.0;
17;7645.12;2019-04-11 14:02:34.0;
17;7645.38;2019-04-11 14:02:36.0;
17;7645.5;2019-04-11 14:02:39.0;
17;7645.88;2019-04-11 14:02:54.0;
17;7645.5;2019-04-11 14:02:57.0;
17;7646;2019-04-11 14:02:58.0;
17;7645.62;2019-04-11 14:03:10.0;
17;7645.75;2019-04-11 14:03:11.0;
17;7645.88;2019-04-11 14:03:18.0;
17;7646.12;2019-04-11 14:03:20.0;
17;7645.88;2019-04-11 14:03:21.0;
17;7646.12;2019-04-11 14:03:22.0;
17;7646.38;2019-04-11 14:03:24.0;
17;7646.5;2019-04-11 14:03:37.0;
17;7646.62;2019-04-11 14:03:42.0;
17;7647.12;2019-04-11 14:04:03.0;
17;7647.38;2019-04-11 14:04:06.0;
17;7647.12;2019-04-11 14:04:08.0;
17;7647.38;2019-04-11 14:04:10.0;
17;7647.25;2019-04-11 14:04:11.0;
17;7647.12;2019-04-11 14:04:15.0;
17;7646.88;2019-04-11 14:04:29.0;
17;7646.5;2019-04-11 14:04:31.0;
17;7646.62;2019-04-11 14:04:38.0;
17;7646.88;2019-04-11 14:04:42.0;
17;7646.62;2019-04-11 14:04:44.0;
17;7646.88;2019-04-11 14:04:45.0;
17;7646.62;2019-04-11 14:04:46.0;
17;7646.88;2019-04-11 14:04:48.0;
17;7646.38;2019-04-11 14:04:50.0;
17;7646.25;2019-04-11 14:04:54.0;
17;7645.88;2019-04-11 14:04:59.0;
17;7646.12;2019-04-11 14:05:06.0;
17;7645.88;2019-04-11 14:05:11.0;
17;7645.12;2019-04-11 14:05:22.0;
17;7645.62;2019-04-11 14:05:28.0;
17;7645.38;2019-04-11 14:05:32.0;
17;7645;2019-04-11 14:05:35.0;
17;7644.88;2019-04-11 14:05:42.0;
17;7644.38;2019-04-11 14:05:47.0;
17;7643.88;2019-04-11 14:06:04.0;
17;7644.62;2019-04-11 14:06:24.0;
17;7644.12;2019-04-11 14:06:28.0;
17;7644.62;2019-04-11 14:06:29.0;
17;7644.25;2019-04-11 14:06:31.0;
17;7644.5;2019-04-11 14:06:35.0;
17;7644.25;2019-04-11 14:06:38.0;
17;7644.38;2019-04-11 14:06:40.0;
17;7644.62;2019-04-11 14:06:47.0;
17;7644.25;2019-04-11 14:06:49.0;
17;7644.62;2019-04-11 14:06:51.0;
17;7644.75;2019-04-11 14:06:52.0;
17;7644.25;2019-04-11 14:06:53.0;
17;7644.75;2019-04-11 14:06:55.0;
17;7644.5;2019-04-11 14:06:56.0;
17;7644.75;2019-04-11 14:06:59.0;
17;7644.88;2019-04-11 14:07:05.0;
17;7644.38;2019-04-11 14:07:11.0;
17;7644.5;2019-04-11 14:07:16.0;
17;7644.12;2019-04-11 14:07:19.0;
17;7644.5;2019-04-11 14:07:21.0;
17;7644;2019-04-11 14:07:24.0;
17;7644.38;2019-04-11 14:07:29.0;
17;7643.62;2019-04-11 14:07:32.0;
17;7643.75;2019-04-11 14:07:42.0;
17;7643.62;2019-04-11 14:07:49.0;
17;7643.88;2019-04-11 14:08:04.0;
17;7644.12;2019-04-11 14:08:08.0;
17;7644.88;2019-04-11 14:08:19.0;
17;7644.5;2019-04-11 14:08:24.0;
17;7644.62;2019-04-11 14:08:28.0;
17;7644.38;2019-04-11 14:08:35.0;
17;7644.25;2019-04-11 14:08:42.0;
17;7644.62;2019-04-11 14:08:46.0;
17;7645.38;2019-04-11 14:08:47.0;
17;7644.62;2019-04-11 14:08:49.0;
17;7645.38;2019-04-11 14:08:50.0;
17;7645.5;2019-04-11 14:08:53.0;
17;7645.38;2019-04-11 14:08:54.0;
17;7645.5;2019-04-11 14:08:56.0;
17;7645.12;2019-04-11 14:08:57.0;
17;7644.88;2019-04-11 14:09:03.0;
17;7645.12;2019-04-11 14:09:04.0;
17;7644.88;2019-04-11 14:09:06.0;
17;7645.5;2019-04-11 14:09:09.0;
17;7645;2019-04-11 14:09:13.0;
17;7645.38;2019-04-11 14:09:16.0;
17;7645.62;2019-04-11 14:09:22.0;
17;7645.5;2019-04-11 14:09:24.0;
17;7645.62;2019-04-11 14:09:26.0;
17;7645.5;2019-04-11 14:09:28.0;
17;7645.12;2019-04-11 14:09:29.0;
17;7645.38;2019-04-11 14:09:35.0;
17;7645.5;2019-04-11 14:09:38.0;
17;7645.62;2019-04-11 14:09:43.0;
17;7645.12;2019-04-11 14:09:49.0;
17;7644.12;2019-04-11 14:10:06.0;
17;7644.25;2019-04-11 14:10:21.0;
17;7644.38;2019-04-11 14:10:29.0;
17;7644.25;2019-04-11 14:10:31.0;
17;7644.38;2019-04-11 14:10:32.0;
17;7644.25;2019-04-11 14:10:47.0;
17;7644.38;2019-04-11 14:10:48.0;
17;7644.25;2019-04-11 14:10:50.0;
17;7644.12;2019-04-11 14:10:51.0;
17;7644.25;2019-04-11 14:10:54.0;
17;7644.12;2019-04-11 14:10:55.0;
17;7644.38;2019-04-11 14:11:14.0;
17;7644.12;2019-04-11 14:11:19.0;
17;7643.88;2019-04-11 14:11:25.0;
17;7643.62;2019-04-11 14:11:37.0;
17;7643.88;2019-04-11 14:11:44.0;
17;7643.75;2019-04-11 14:12:04.0;
17;7643.88;2019-04-11 14:12:05.0;
17;7643.75;2019-04-11 14:12:07.0;
17;7643.62;2019-04-11 14:12:11.0;
17;7643.12;2019-04-11 14:12:14.0;
17;7643.62;2019-04-11 14:12:15.0;
17;7643.12;2019-04-11 14:12:17.0;
17;7643.25;2019-04-11 14:12:18.0;
17;7643.12;2019-04-11 14:12:20.0;
17;7643.25;2019-04-11 14:12:21.0;
17;7643.12;2019-04-11 14:12:24.0;
17;7643.62;2019-04-11 14:12:31.0;
17;7643.38;2019-04-11 14:12:35.0;
17;7643.25;2019-04-11 14:12:45.0;
17;7642.38;2019-04-11 14:12:51.0;
17;7643.25;2019-04-11 14:12:53.0;
17;7642.38;2019-04-11 14:12:54.0;
17;7642.12;2019-04-11 14:12:59.0;
17;7642.38;2019-04-11 14:13:02.0;
17;7641.38;2019-04-11 14:13:10.0;
17;7641.25;2019-04-11 14:13:18.0;
17;7640.88;2019-04-11 14:13:27.0;
17;7641.38;2019-04-11 14:13:30.0;
17;7641.62;2019-04-11 14:13:34.0;
17;7641.88;2019-04-11 14:13:40.0;
17;7642.38;2019-04-11 14:13:46.0;
17;7642.88;2019-04-11 14:14:06.0;
17;7642.75;2019-04-11 14:14:16.0;
17;7642.88;2019-04-11 14:14:19.0;
17;7642.75;2019-04-11 14:14:21.0;
17;7642.88;2019-04-11 14:14:29.0;
17;7642.75;2019-04-11 14:14:31.0;
17;7642.88;2019-04-11 14:14:32.0;
17;7642.75;2019-04-11 14:14:38.0;
17;7643.12;2019-04-11 14:14:39.0;
17;7642.75;2019-04-11 14:14:41.0;
17;7643.12;2019-04-11 14:14:42.0;
17;7642.88;2019-04-11 14:14:46.0;
17;7643.12;2019-04-11 14:14:48.0;
17;7642.88;2019-04-11 14:14:49.0;
17;7642.62;2019-04-11 14:14:51.0;
17;7642.5;2019-04-11 14:15:03.0;
17;7642.12;2019-04-11 14:15:10.0;
17;7642.38;2019-04-11 14:15:11.0;
17;7642.12;2019-04-11 14:15:12.0;
17;7642.38;2019-04-11 14:15:14.0;
17;7642.62;2019-04-11 14:15:17.0;
17;7642.38;2019-04-11 14:15:19.0;
17;7642.62;2019-04-11 14:15:21.0;
17;7642.88;2019-04-11 14:15:31.0;
17;7642.62;2019-04-11 14:15:41.0;
17;7642.75;2019-04-11 14:15:50.0;
17;7643.12;2019-04-11 14:16:03.0;
17;7643.5;2019-04-11 14:16:07.0;
17;7643;2019-04-11 14:16:13.0;
17;7642.88;2019-04-11 14:16:19.0;
17;7643;2019-04-11 14:16:20.0;
17;7642.88;2019-04-11 14:16:22.0;
17;7642.12;2019-04-11 14:16:30.0;
17;7642;2019-04-11 14:16:39.0;
17;7642.12;2019-04-11 14:16:45.0;
17;7642;2019-04-11 14:16:46.0;
17;7642.38;2019-04-11 14:16:48.0;
17;7642.62;2019-04-11 14:16:53.0;
17;7642.12;2019-04-11 14:16:54.0;
17;7642.62;2019-04-11 14:16:56.0;
17;7642.12;2019-04-11 14:16:57.0;
17;7642.38;2019-04-11 14:16:59.0;
17;7641.25;2019-04-11 14:17:04.0;
17;7642.12;2019-04-11 14:17:10.0;
17;7641.5;2019-04-11 14:17:23.0;
17;7641.62;2019-04-11 14:17:35.0;
17;7641.5;2019-04-11 14:17:39.0;
17;7641.62;2019-04-11 14:17:45.0;
17;7641.5;2019-04-11 14:17:49.0;
17;7641.62;2019-04-11 14:18:03.0;
17;7641.75;2019-04-11 14:18:07.0;
17;7641.62;2019-04-11 14:18:14.0;
17;7641.38;2019-04-11 14:18:24.0;
17;7640.88;2019-04-11 14:18:31.0;
17;7641;2019-04-11 14:18:36.0;
17;7640.38;2019-04-11 14:18:45.0;
17;7641;2019-04-11 14:18:46.0;
17;7640.12;2019-04-11 14:18:48.0;
17;7640.38;2019-04-11 14:18:49.0;
17;7640.12;2019-04-11 14:18:59.0;
17;7639.38;2019-04-11 14:19:14.0;
17;7639.88;2019-04-11 14:19:15.0;
17;7639.38;2019-04-11 14:19:16.0;
17;7639.88;2019-04-11 14:19:18.0;
17;7639.75;2019-04-11 14:19:20.0;
17;7639.62;2019-04-11 14:19:24.0;
17;7639.75;2019-04-11 14:19:26.0;
17;7639.62;2019-04-11 14:19:28.0;
17;7639.88;2019-04-11 14:19:32.0;
17;7640.38;2019-04-11 14:19:36.0;
17;7639.38;2019-04-11 14:19:44.0;
17;7639;2019-04-11 14:20:07.0;
17;7638.88;2019-04-11 14:20:11.0;
17;7639.12;2019-04-11 14:20:18.0;
17;7638.88;2019-04-11 14:20:19.0;
17;7639.12;2019-04-11 14:20:20.0;
17;7639.75;2019-04-11 14:20:33.0;
17;7640.38;2019-04-11 14:20:35.0;
17;7639.75;2019-04-11 14:20:37.0;
17;7640.38;2019-04-11 14:20:38.0;
17;7640.88;2019-04-11 14:20:39.0;
17;7641.12;2019-04-11 14:20:45.0;
17;7641.38;2019-04-11 14:20:51.0;
17;7641.5;2019-04-11 14:20:56.0;
17;7641.12;2019-04-11 14:21:06.0;
17;7642;2019-04-11 14:21:14.0;
17;7642.5;2019-04-11 14:21:20.0;
17;7641.75;2019-04-11 14:21:29.0;
17;7641.5;2019-04-11 14:21:32.0;
17;7641.62;2019-04-11 14:21:35.0;
17;7641.75;2019-04-11 14:21:45.0;
17;7641.62;2019-04-11 14:21:46.0;
17;7641.5;2019-04-11 14:21:49.0;
17;7642.12;2019-04-11 14:22:05.0;
17;7642;2019-04-11 14:22:15.0;
17;7642.12;2019-04-11 14:22:19.0;
17;7642.38;2019-04-11 14:22:26.0;
17;7642.12;2019-04-11 14:22:27.0;
17;7642.38;2019-04-11 14:22:29.0;
17;7642.62;2019-04-11 14:22:32.0;
17;7642.25;2019-04-11 14:22:35.0;
17;7641.88;2019-04-11 14:22:43.0;
17;7641.62;2019-04-11 14:22:46.0;
17;7641.75;2019-04-11 14:22:54.0;
17;7641.62;2019-04-11 14:22:55.0;
17;7641.75;2019-04-11 14:22:57.0;
17;7641.62;2019-04-11 14:23:00.0;
17;7641.88;2019-04-11 14:23:05.0;
17;7642.12;2019-04-11 14:23:13.0;
17;7642.5;2019-04-11 14:23:18.0;
17;7642.62;2019-04-11 14:23:29.0;
17;7642.75;2019-04-11 14:23:42.0;
17;7642.88;2019-04-11 14:23:48.0;
17;7643.38;2019-04-11 14:24:04.0;
17;7644.12;2019-04-11 14:24:11.0;
17;7644.25;2019-04-11 14:24:14.0;
17;7644.12;2019-04-11 14:24:16.0;
17;7644.25;2019-04-11 14:24:17.0;
17;7644.12;2019-04-11 14:24:20.0;
17;7644.62;2019-04-11 14:24:34.0;
17;7644.12;2019-04-11 14:24:36.0;
17;7644.62;2019-04-11 14:24:37.0;
17;7644.5;2019-04-11 14:24:46.0;
17;7644.38;2019-04-11 14:24:53.0;
17;7644.25;2019-04-11 14:24:54.0;
17;7644.38;2019-04-11 14:24:57.0;
17;7644.62;2019-04-11 14:24:58.0;
17;7644.25;2019-04-11 14:24:59.0;
17;7644.62;2019-04-11 14:25:01.0;
17;7644.38;2019-04-11 14:25:07.0;
17;7644.12;2019-04-11 14:25:11.0;
17;7644.38;2019-04-11 14:25:13.0;
17;7644.25;2019-04-11 14:25:14.0;
17;7643.88;2019-04-11 14:25:20.0;
17;7643.62;2019-04-11 14:25:26.0;
17;7643.75;2019-04-11 14:25:31.0;
17;7643.88;2019-04-11 14:25:34.0;
17;7644.12;2019-04-11 14:25:42.0;
17;7644.5;2019-04-11 14:25:44.0;
17;7644.25;2019-04-11 14:25:47.0;
17;7646.12;2019-04-11 14:26:06.0;
17;7646;2019-04-11 14:26:13.0;
17;7646.25;2019-04-11 14:26:14.0;
17;7646.12;2019-04-11 14:26:17.0;
17;7646.38;2019-04-11 14:26:24.0;
17;7645.88;2019-04-11 14:26:35.0;
17;7646.38;2019-04-11 14:26:36.0;
17;7645.88;2019-04-11 14:26:37.0;
17;7646;2019-04-11 14:26:47.0;
17;7646.12;2019-04-11 14:26:55.0;
17;7645.62;2019-04-11 14:27:00.0;
17;7644.88;2019-04-11 14:27:07.0;
17;7645.62;2019-04-11 14:27:11.0;
17;7646.12;2019-04-11 14:27:15.0;
17;7646;2019-04-11 14:27:22.0;
17;7646.12;2019-04-11 14:27:32.0;
17;7646;2019-04-11 14:27:35.0;
17;7646.12;2019-04-11 14:27:43.0;
17;7645.62;2019-04-11 14:27:46.0;
17;7645.38;2019-04-11 14:28:06.0;
17;7645.5;2019-04-11 14:28:18.0;
17;7645.25;2019-04-11 14:28:31.0;
17;7645.5;2019-04-11 14:28:33.0;
17;7645.25;2019-04-11 14:28:34.0;
17;7645.12;2019-04-11 14:28:43.0;
17;7644.5;2019-04-11 14:28:57.0;
17;7644.38;2019-04-11 14:29:01.0;
17;7644.12;2019-04-11 14:29:02.0;
17;7644.38;2019-04-11 14:29:04.0;
17;7644.12;2019-04-11 14:29:05.0;
17;7644.25;2019-04-11 14:29:12.0;
17;7644.12;2019-04-11 14:29:15.0;
17;7644.38;2019-04-11 14:29:22.0;
17;7644.12;2019-04-11 14:29:24.0;
17;7644.38;2019-04-11 14:29:25.0;
17;7644.5;2019-04-11 14:29:26.0;
17;7643.88;2019-04-11 14:29:36.0;
17;7643.75;2019-04-11 14:29:47.0;
17;7643.38;2019-04-11 14:30:02.0;
17;7643.75;2019-04-11 14:30:05.0;
17;7643.38;2019-04-11 14:30:07.0;
17;7643.25;2019-04-11 14:30:08.0;
17;7643.38;2019-04-11 14:30:15.0;
17;7643.5;2019-04-11 14:30:18.0;
17;7643.38;2019-04-11 14:30:19.0;
17;7643;2019-04-11 14:30:22.0;
17;7642.75;2019-04-11 14:30:31.0;
17;7643;2019-04-11 14:30:39.0;
17;7642.5;2019-04-11 14:30:42.0;
17;7643;2019-04-11 14:30:43.0;
17;7642.5;2019-04-11 14:30:45.0;
17;7642.62;2019-04-11 14:30:51.0;
17;7642.5;2019-04-11 14:30:52.0;
17;7642.38;2019-04-11 14:30:54.0;
17;7642.12;2019-04-11 14:30:59.0;
17;7640.88;2019-04-11 14:31:06.0;
17;7642.12;2019-04-11 14:31:07.0;
17;7640.12;2019-04-11 14:31:11.0;
17;7641.12;2019-04-11 14:31:18.0;
17;7640.12;2019-04-11 14:31:19.0;
17;7641.12;2019-04-11 14:31:21.0;
17;7642;2019-04-11 14:31:22.0;
17;7642.12;2019-04-11 14:31:28.0;
17;7642.5;2019-04-11 14:31:30.0;
17;7642.38;2019-04-11 14:31:35.0;
17;7641.75;2019-04-11 14:31:41.0;
17;7641.12;2019-04-11 14:31:43.0;
17;7641.25;2019-04-11 14:31:48.0;
17;7642.38;2019-04-11 14:32:06.0;
17;7642.88;2019-04-11 14:32:08.0;
17;7643.88;2019-04-11 14:32:19.0;
17;7644.38;2019-04-11 14:32:28.0;
17;7645.88;2019-04-11 14:32:36.0;
17;7646.12;2019-04-11 14:32:40.0;
17;7646;2019-04-11 14:32:57.0;
17;7646.38;2019-04-11 14:33:00.0;
17;7647.38;2019-04-11 14:33:06.0;
17;7646.75;2019-04-11 14:33:07.0;
17;7646.62;2019-04-11 14:33:14.0;
17;7646.88;2019-04-11 14:33:17.0;
17;7647.12;2019-04-11 14:33:21.0;
17;7646.38;2019-04-11 14:33:28.0;
17;7646.88;2019-04-11 14:33:34.0;
17;7647.12;2019-04-11 14:33:36.0;
17;7646.88;2019-04-11 14:33:37.0;
17;7647.12;2019-04-11 14:33:38.0;
17;7647.62;2019-04-11 14:33:46.0;
17;7647.5;2019-04-11 14:33:47.0;
17;7647.62;2019-04-11 14:33:50.0;
17;7647.5;2019-04-11 14:33:51.0;
17;7646.62;2019-04-11 14:34:09.0;
17;7646.88;2019-04-11 14:34:10.0;
17;7646.62;2019-04-11 14:34:11.0;
17;7646.88;2019-04-11 14:34:17.0;
17;7646.62;2019-04-11 14:34:21.0;
17;7646.25;2019-04-11 14:34:34.0;
17;7646.88;2019-04-11 14:34:40.0;
17;7646.25;2019-04-11 14:34:42.0;
17;7646.88;2019-04-11 14:34:43.0;
17;7646.75;2019-04-11 14:34:45.0;
17;7646.62;2019-04-11 14:34:48.0;
17;7646.88;2019-04-11 14:34:53.0;
17;7646.75;2019-04-11 14:34:55.0;
17;7646.62;2019-04-11 14:34:59.0;
17;7646.75;2019-04-11 14:35:10.0;
17;7646.88;2019-04-11 14:35:15.0;
17;7647.12;2019-04-11 14:35:20.0;
17;7646.62;2019-04-11 14:35:31.0;
17;7647;2019-04-11 14:35:36.0;
17;7646.88;2019-04-11 14:35:43.0;
17;7645.88;2019-04-11 14:36:02.0;
17;7645.5;2019-04-11 14:36:08.0;
17;7644.12;2019-04-11 14:36:15.0;
17;7644.88;2019-04-11 14:36:21.0;
17;7644.62;2019-04-11 14:36:25.0;
17;7644.88;2019-04-11 14:36:26.0;
17;7644.62;2019-04-11 14:36:32.0;
17;7644.88;2019-04-11 14:36:33.0;
17;7644.75;2019-04-11 14:36:41.0;
17;7645.25;2019-04-11 14:36:43.0;
17;7644.75;2019-04-11 14:36:45.0;
17;7644.88;2019-04-11 14:36:46.0;
17;7644.5;2019-04-11 14:36:52.0;
17;7644.75;2019-04-11 14:36:54.0;
17;7644.5;2019-04-11 14:36:55.0;
17;7644.75;2019-04-11 14:36:57.0;
17;7644.12;2019-04-11 14:36:58.0;
17;7644.75;2019-04-11 14:37:00.0;
17;7644.12;2019-04-11 14:37:01.0;
17;7643.75;2019-04-11 14:37:03.0;
17;7643.88;2019-04-11 14:37:07.0;
17;7643.75;2019-04-11 14:37:13.0;
17;7643.62;2019-04-11 14:37:18.0;
17;7643.75;2019-04-11 14:37:19.0;
17;7643.62;2019-04-11 14:37:20.0;
17;7643.75;2019-04-11 14:37:24.0;
17;7644.38;2019-04-11 14:37:31.0;
17;7644;2019-04-11 14:37:37.0;
17;7644.62;2019-04-11 14:37:44.0;
17;7645;2019-04-11 14:38:05.0;
17;7644.88;2019-04-11 14:38:10.0;
17;7644.62;2019-04-11 14:38:12.0;
17;7644.88;2019-04-11 14:38:13.0;
17;7644.62;2019-04-11 14:38:14.0;
17;7644.88;2019-04-11 14:38:17.0;
17;7645;2019-04-11 14:38:20.0;
17;7645.12;2019-04-11 14:38:23.0;
17;7644.88;2019-04-11 14:38:31.0;
17;7645.12;2019-04-11 14:38:35.0;
17;7644.88;2019-04-11 14:38:36.0;
17;7645.12;2019-04-11 14:38:38.0;
17;7645;2019-04-11 14:38:39.0;
17;7645.12;2019-04-11 14:38:44.0;
17;7644.62;2019-04-11 14:38:48.0;
17;7645.25;2019-04-11 14:38:51.0;
17;7644.62;2019-04-11 14:38:54.0;
17;7644.88;2019-04-11 14:38:56.0;
17;7645;2019-04-11 14:39:00.0;
17;7644.88;2019-04-11 14:39:01.0;
17;7644.75;2019-04-11 14:39:02.0;
17;7644.88;2019-04-11 14:39:12.0;
17;7645;2019-04-11 14:39:17.0;
17;7645.12;2019-04-11 14:39:29.0;
17;7644.88;2019-04-11 14:39:32.0;
17;7645.12;2019-04-11 14:39:33.0;
17;7644.88;2019-04-11 14:39:35.0;
17;7644.12;2019-04-11 14:39:39.0;
17;7643.88;2019-04-11 14:39:48.0;
17;7642.88;2019-04-11 14:40:06.0;
17;7642.75;2019-04-11 14:40:13.0;
17;7642.88;2019-04-11 14:40:17.0;
17;7643.12;2019-04-11 14:40:24.0;
17;7642.75;2019-04-11 14:40:28.0;
17;7642.38;2019-04-11 14:40:35.0;
17;7641.75;2019-04-11 14:40:43.0;
17;7641.88;2019-04-11 14:40:44.0;
17;7641.75;2019-04-11 14:40:46.0;
17;7641.38;2019-04-11 14:40:50.0;
17;7640.88;2019-04-11 14:40:58.0;
17;7641.12;2019-04-11 14:41:07.0;
17;7640.62;2019-04-11 14:41:12.0;
17;7640.88;2019-04-11 14:41:20.0;
17;7641.38;2019-04-11 14:41:27.0;
17;7641.5;2019-04-11 14:41:34.0;
17;7641.25;2019-04-11 14:41:38.0;
17;7641.12;2019-04-11 14:41:45.0;
17;7641.38;2019-04-11 14:41:48.0;
17;7641.12;2019-04-11 14:42:07.0;
17;7641.62;2019-04-11 14:42:12.0;
17;7641.12;2019-04-11 14:42:13.0;
17;7641.62;2019-04-11 14:42:15.0;
17;7641.75;2019-04-11 14:42:22.0;
17;7641.88;2019-04-11 14:42:24.0;
17;7641.38;2019-04-11 14:42:30.0;
17;7639.38;2019-04-11 14:42:35.0;
17;7639.88;2019-04-11 14:42:40.0;
17;7639.38;2019-04-11 14:42:45.0;
17;7640.12;2019-04-11 14:42:52.0;
17;7640.38;2019-04-11 14:42:57.0;
17;7640.12;2019-04-11 14:42:59.0;
17;7639.88;2019-04-11 14:43:05.0;
17;7640.12;2019-04-11 14:43:11.0;
17;7639.38;2019-04-11 14:43:15.0;
17;7640.38;2019-04-11 14:43:25.0;
17;7640.12;2019-04-11 14:43:27.0;
17;7640.62;2019-04-11 14:43:39.0;
17;7640.12;2019-04-11 14:43:40.0;
17;7640.62;2019-04-11 14:43:42.0;
17;7641.12;2019-04-11 14:43:43.0;
17;7640.62;2019-04-11 14:43:46.0;
17;7641.5;2019-04-11 14:43:47.0;
17;7640.62;2019-04-11 14:44:04.0;
17;7640.88;2019-04-11 14:44:09.0;
17;7641.12;2019-04-11 14:44:12.0;
17;7640.88;2019-04-11 14:44:13.0;
17;7641.12;2019-04-11 14:44:15.0;
17;7640.88;2019-04-11 14:44:20.0;
17;7641.12;2019-04-11 14:44:26.0;
17;7640.88;2019-04-11 14:44:43.0;
17;7641.12;2019-04-11 14:44:52.0;
17;7640.88;2019-04-11 14:44:53.0;
17;7641;2019-04-11 14:44:55.0;
17;7641.12;2019-04-11 14:44:56.0;
17;7641;2019-04-11 14:44:57.0;
17;7641.12;2019-04-11 14:45:00.0;
17;7641;2019-04-11 14:45:04.0;
17;7640.88;2019-04-11 14:45:07.0;
17;7641;2019-04-11 14:45:13.0;
17;7640.88;2019-04-11 14:45:15.0;
17;7641;2019-04-11 14:45:19.0;
17;7641.38;2019-04-11 14:45:23.0;
17;7640.38;2019-04-11 14:45:35.0;
17;7641.5;2019-04-11 14:46:05.0;
17;7641.38;2019-04-11 14:46:07.0;
17;7641.88;2019-04-11 14:46:14.0;
17;7642.62;2019-04-11 14:46:19.0;
17;7643.38;2019-04-11 14:46:24.0;
17;7643.62;2019-04-11 14:46:27.0;
17;7643.38;2019-04-11 14:46:33.0;
17;7642.88;2019-04-11 14:46:35.0;
17;7643.12;2019-04-11 14:46:41.0;
17;7642.88;2019-04-11 14:46:53.0;
17;7643;2019-04-11 14:46:54.0;
17;7642.88;2019-04-11 14:47:03.0;
17;7643.88;2019-04-11 14:47:06.0;
17;7644.12;2019-04-11 14:47:12.0;
17;7643.88;2019-04-11 14:47:14.0;
17;7644.12;2019-04-11 14:47:15.0;
17;7644.38;2019-04-11 14:47:18.0;
17;7644.62;2019-04-11 14:47:28.0;
17;7644.25;2019-04-11 14:47:34.0;
17;7644.12;2019-04-11 14:47:40.0;
17;7644.38;2019-04-11 14:47:43.0;
17;7642.88;2019-04-11 14:48:03.0;
17;7644.38;2019-04-11 14:48:05.0;
17;7642.88;2019-04-11 14:48:08.0;
17;7643.12;2019-04-11 14:48:15.0;
17;7642.88;2019-04-11 14:48:24.0;
17;7643;2019-04-11 14:48:31.0;
17;7642.88;2019-04-11 14:48:33.0;
17;7643;2019-04-11 14:48:34.0;
17;7643.38;2019-04-11 14:48:37.0;
17;7643.25;2019-04-11 14:48:54.0;
17;7642.88;2019-04-11 14:48:56.0;
17;7643.25;2019-04-11 14:48:58.0;
17;7643.12;2019-04-11 14:48:59.0;
17;7642.88;2019-04-11 14:49:01.0;
17;7643.12;2019-04-11 14:49:02.0;
17;7642.88;2019-04-11 14:49:09.0;
17;7643;2019-04-11 14:49:25.0;
17;7641.88;2019-04-11 14:49:28.0;
17;7643;2019-04-11 14:49:29.0;
17;7641.88;2019-04-11 14:49:30.0;
17;7642.38;2019-04-11 14:49:44.0;
17;7642.88;2019-04-11 14:49:50.0;
17;7643.25;2019-04-11 14:50:02.0;
17;7643.12;2019-04-11 14:50:09.0;
17;7643.38;2019-04-11 14:50:18.0;
17;7644;2019-04-11 14:50:19.0;
17;7644.12;2019-04-11 14:50:23.0;
17;7644.25;2019-04-11 14:50:30.0;
17;7644.38;2019-04-11 14:50:34.0;
17;7644.62;2019-04-11 14:50:35.0;
17;7644.38;2019-04-11 14:50:42.0;
17;7644.62;2019-04-11 14:50:45.0;
17;7644.38;2019-04-11 14:50:55.0;
17;7644;2019-04-11 14:51:06.0;
17;7643.38;2019-04-11 14:51:08.0;
17;7644;2019-04-11 14:51:09.0;
17;7643.38;2019-04-11 14:51:10.0;
17;7643.62;2019-04-11 14:51:13.0;
17;7644.38;2019-04-11 14:51:16.0;
17;7644.12;2019-04-11 14:51:19.0;
17;7643.62;2019-04-11 14:51:29.0;
17;7643.75;2019-04-11 14:51:33.0;
17;7643.88;2019-04-11 14:51:36.0;
17;7643.38;2019-04-11 14:51:45.0;
17;7643.12;2019-04-11 14:51:48.0;
17;7644.12;2019-04-11 14:52:04.0;
17;7643.62;2019-04-11 14:52:11.0;
17;7644.12;2019-04-11 14:52:13.0;
17;7643.62;2019-04-11 14:52:14.0;
17;7642.62;2019-04-11 14:52:24.0;
17;7642.88;2019-04-11 14:52:33.0;
17;7641.88;2019-04-11 14:52:39.0;
17;7642.38;2019-04-11 14:52:43.0;
17;7641.62;2019-04-11 14:53:09.0;
17;7641.38;2019-04-11 14:53:18.0;
17;7641.5;2019-04-11 14:53:23.0;
17;7641.62;2019-04-11 14:53:28.0;
17;7641.88;2019-04-11 14:53:32.0;
17;7641.75;2019-04-11 14:53:36.0;
17;7642.38;2019-04-11 14:53:45.0;
17;7642.5;2019-04-11 14:54:04.0;
17;7642.62;2019-04-11 14:54:11.0;
17;7643.25;2019-04-11 14:54:15.0;
17;7642.88;2019-04-11 14:54:26.0;
17;7643.12;2019-04-11 14:54:34.0;
17;7642.88;2019-04-11 14:54:38.0;
17;7643.12;2019-04-11 14:54:51.0;
17;7642.88;2019-04-11 14:54:56.0;
17;7642.62;2019-04-11 14:55:00.0;
17;7642.88;2019-04-11 14:55:06.0;
17;7642.62;2019-04-11 14:55:13.0;
17;7642.75;2019-04-11 14:55:18.0;
17;7642.62;2019-04-11 14:55:25.0;
17;7642.75;2019-04-11 14:55:26.0;
17;7642.62;2019-04-11 14:55:29.0;
17;7642.38;2019-04-11 14:55:35.0;
17;7642.62;2019-04-11 14:55:40.0;
17;7642.38;2019-04-11 14:55:46.0;
17;7641.38;2019-04-11 14:56:05.0;
17;7642.38;2019-04-11 14:56:06.0;
17;7641.38;2019-04-11 14:56:07.0;
17;7641.12;2019-04-11 14:56:11.0;
17;7640.5;2019-04-11 14:56:17.0;
17;7640.88;2019-04-11 14:56:24.0;
17;7641.12;2019-04-11 14:56:28.0;
17;7640.88;2019-04-11 14:56:30.0;
17;7641.12;2019-04-11 14:56:40.0;
17;7641.38;2019-04-11 14:56:47.0;
17;7641.12;2019-04-11 14:56:48.0;
17;7641.38;2019-04-11 14:56:50.0;
17;7641.12;2019-04-11 14:56:51.0;
17;7640.88;2019-04-11 14:57:02.0;
17;7640.38;2019-04-11 14:57:04.0;
17;7639.88;2019-04-11 14:57:08.0;
17;7639.5;2019-04-11 14:57:16.0;
17;7638.88;2019-04-11 14:57:20.0;
17;7639.5;2019-04-11 14:57:21.0;
17;7638.88;2019-04-11 14:57:24.0;
17;7639.12;2019-04-11 14:57:26.0;
17;7638.88;2019-04-11 14:57:29.0;
17;7639.12;2019-04-11 14:57:31.0;
17;7639.25;2019-04-11 14:57:32.0;
17;7639.12;2019-04-11 14:57:36.0;
17;7639.25;2019-04-11 14:57:38.0;
17;7639;2019-04-11 14:57:39.0;
17;7639.88;2019-04-11 14:57:49.0;
17;7640.88;2019-04-11 14:58:05.0;
17;7639.88;2019-04-11 14:58:12.0;
17;7640.12;2019-04-11 14:58:17.0;
17;7639.62;2019-04-11 14:58:23.0;
17;7639.75;2019-04-11 14:58:29.0;
17;7639.5;2019-04-11 14:58:33.0;
17;7639.38;2019-04-11 14:58:37.0;
17;7639.88;2019-04-11 14:58:39.0;
17;7639.38;2019-04-11 14:58:42.0;
17;7639.88;2019-04-11 14:58:43.0;
17;7639.62;2019-04-11 14:58:50.0;
17;7639.38;2019-04-11 14:58:56.0;
17;7639.62;2019-04-11 14:59:01.0;
17;7639.38;2019-04-11 14:59:28.0;
17;7639.5;2019-04-11 14:59:34.0;
17;7639.62;2019-04-11 14:59:40.0;
17;7639.75;2019-04-11 15:00:03.0;
17;7638.5;2019-04-11 15:00:09.0;
17;7639.38;2019-04-11 15:00:11.0;
17;7639.62;2019-04-11 15:00:16.0;
17;7639.88;2019-04-11 15:00:21.0;
17;7640.12;2019-04-11 15:00:23.0;
17;7639.88;2019-04-11 15:00:29.0;
17;7640.38;2019-04-11 15:00:32.0;
17;7641;2019-04-11 15:00:36.0;
17;7640.38;2019-04-11 15:00:38.0;
17;7641.75;2019-04-11 15:00:39.0;
17;7641.62;2019-04-11 15:00:45.0;
17;7641.38;2019-04-11 15:00:54.0;
17;7641.12;2019-04-11 15:00:55.0;
17;7640.88;2019-04-11 15:01:07.0;
17;7640.62;2019-04-11 15:01:11.0;
17;7640.88;2019-04-11 15:01:13.0;
17;7640.62;2019-04-11 15:01:14.0;
17;7640.88;2019-04-11 15:01:28.0;
17;7640.38;2019-04-11 15:01:36.0;
17;7641.12;2019-04-11 15:01:37.0;
17;7641.25;2019-04-11 15:01:48.0;
17;7641.12;2019-04-11 15:01:50.0;
17;7641.25;2019-04-11 15:01:51.0;
17;7642.12;2019-04-11 15:02:02.0;
17;7642.38;2019-04-11 15:02:08.0;
17;7642.62;2019-04-11 15:02:11.0;
17;7642.88;2019-04-11 15:02:19.0;
17;7642.62;2019-04-11 15:02:20.0;
17;7642.88;2019-04-11 15:02:21.0;
17;7643.12;2019-04-11 15:02:23.0;
17;7642.88;2019-04-11 15:02:24.0;
17;7643.12;2019-04-11 15:02:26.0;
17;7643.38;2019-04-11 15:02:33.0;
17;7643.12;2019-04-11 15:02:36.0;
17;7643.5;2019-04-11 15:02:40.0;
17;7643.12;2019-04-11 15:02:45.0;
17;7643.38;2019-04-11 15:02:46.0;
17;7643.12;2019-04-11 15:02:54.0;
17;7643.38;2019-04-11 15:02:56.0;
17;7643.12;2019-04-11 15:02:57.0;
17;7643.38;2019-04-11 15:03:05.0;
17;7643.12;2019-04-11 15:03:11.0;
17;7643.38;2019-04-11 15:03:16.0;
17;7643.62;2019-04-11 15:03:19.0;
17;7643.88;2019-04-11 15:03:22.0;
17;7643.62;2019-04-11 15:03:24.0;
17;7643.88;2019-04-11 15:03:25.0;
17;7644.12;2019-04-11 15:03:34.0;
17;7643.88;2019-04-11 15:03:35.0;
17;7644.12;2019-04-11 15:03:37.0;
17;7643.62;2019-04-11 15:03:39.0;
17;7644.38;2019-04-11 15:03:44.0;
17;7644;2019-04-11 15:03:48.0;
17;7644.12;2019-04-11 15:04:05.0;
17;7644.62;2019-04-11 15:04:11.0;
17;7644.12;2019-04-11 15:04:14.0;
17;7644.62;2019-04-11 15:04:15.0;
17;7644.88;2019-04-11 15:04:24.0;
17;7644.75;2019-04-11 15:04:27.0;
17;7645;2019-04-11 15:04:32.0;
17;7644.88;2019-04-11 15:04:35.0;
17;7645;2019-04-11 15:04:36.0;
17;7644.88;2019-04-11 15:04:38.0;
17;7644.75;2019-04-11 15:04:43.0;
17;7644.88;2019-04-11 15:04:48.0;
17;7644.75;2019-04-11 15:04:49.0;
17;7644.88;2019-04-11 15:04:51.0;
17;7645.12;2019-04-11 15:04:58.0;
17;7644.75;2019-04-11 15:04:59.0;
17;7645.12;2019-04-11 15:05:01.0;
17;7644.75;2019-04-11 15:05:02.0;
17;7645.12;2019-04-11 15:05:04.0;
17;7644.88;2019-04-11 15:05:10.0;
17;7645.12;2019-04-11 15:05:19.0;
17;7644.62;2019-04-11 15:05:26.0;
17;7644.88;2019-04-11 15:05:31.0;
17;7645.12;2019-04-11 15:05:37.0;
17;7644.5;2019-04-11 15:05:42.0;
17;7644.88;2019-04-11 15:05:48.0;
17;7646.88;2019-04-11 15:06:04.0;
17;7647.12;2019-04-11 15:06:08.0;
17;7646.88;2019-04-11 15:06:11.0;
17;7647.12;2019-04-11 15:06:13.0;
17;7646.88;2019-04-11 15:06:14.0;
17;7647.12;2019-04-11 15:06:15.0;
17;7647.25;2019-04-11 15:06:20.0;
17;7646.38;2019-04-11 15:06:25.0;
17;7646.12;2019-04-11 15:06:27.0;
17;7646.38;2019-04-11 15:06:28.0;
17;7646.12;2019-04-11 15:06:29.0;
17;7645.88;2019-04-11 15:06:32.0;
17;7646.38;2019-04-11 15:06:39.0;
17;7645.88;2019-04-11 15:06:41.0;
17;7646.38;2019-04-11 15:06:44.0;
17;7646.62;2019-04-11 15:06:49.0;
17;7646.25;2019-04-11 15:06:56.0;
17;7646.38;2019-04-11 15:06:59.0;
17;7646.12;2019-04-11 15:07:17.0;
17;7646.25;2019-04-11 15:07:21.0;
17;7646.38;2019-04-11 15:07:25.0;
17;7646.62;2019-04-11 15:07:27.0;
17;7646.38;2019-04-11 15:07:35.0;
17;7646.12;2019-04-11 15:07:47.0;
17;7646.38;2019-04-11 15:07:49.0;
17;7646.12;2019-04-11 15:07:50.0;
17;7645.88;2019-04-11 15:08:05.0;
17;7645.75;2019-04-11 15:08:10.0;
17;7645.88;2019-04-11 15:08:12.0;
17;7646.12;2019-04-11 15:08:19.0;
17;7645.88;2019-04-11 15:08:32.0;
17;7645.62;2019-04-11 15:08:50.0;
17;7645.88;2019-04-11 15:08:59.0;
17;7645.62;2019-04-11 15:09:00.0;
17;7645.88;2019-04-11 15:09:02.0;
17;7645.62;2019-04-11 15:09:09.0;
17;7645.88;2019-04-11 15:09:12.0;
17;7645.62;2019-04-11 15:09:13.0;
17;7645.88;2019-04-11 15:09:14.0;
17;7646.12;2019-04-11 15:09:24.0;
17;7645.88;2019-04-11 15:09:25.0;
17;7645.62;2019-04-11 15:09:31.0;
17;7645.5;2019-04-11 15:09:37.0;
17;7645.75;2019-04-11 15:09:40.0;
17;7645.12;2019-04-11 15:09:50.0;
17;7644.88;2019-04-11 15:10:06.0;
17;7645;2019-04-11 15:10:10.0;
17;7644.88;2019-04-11 15:10:18.0;
17;7644.38;2019-04-11 15:10:22.0;
17;7643.88;2019-04-11 15:10:30.0;
17;7644.12;2019-04-11 15:10:35.0;
17;7644.88;2019-04-11 15:10:40.0;
17;7645.25;2019-04-11 15:11:00.0;
17;7645.12;2019-04-11 15:11:18.0;
17;7645;2019-04-11 15:11:20.0;
17;7644.88;2019-04-11 15:11:24.0;
17;7644.75;2019-04-11 15:11:31.0;
17;7644.38;2019-04-11 15:11:36.0;
17;7644.88;2019-04-11 15:11:40.0;
17;7644.38;2019-04-11 15:11:41.0;
17;7644.88;2019-04-11 15:11:43.0;
17;7645;2019-04-11 15:11:47.0;
17;7644.88;2019-04-11 15:11:49.0;
17;7645;2019-04-11 15:11:50.0;
17;7645.25;2019-04-11 15:12:04.0;
17;7645.62;2019-04-11 15:12:35.0;
17;7645.25;2019-04-11 15:12:36.0;
17;7645.62;2019-04-11 15:12:39.0;
17;7645.5;2019-04-11 15:12:49.0;
17;7645.38;2019-04-11 15:12:54.0;
17;7645.5;2019-04-11 15:12:58.0;
17;7645.38;2019-04-11 15:12:59.0;
17;7645.5;2019-04-11 15:13:00.0;
17;7645.12;2019-04-11 15:13:05.0;
17;7645.5;2019-04-11 15:13:07.0;
17;7645.12;2019-04-11 15:13:08.0;
17;7645.38;2019-04-11 15:13:15.0;
17;7645.12;2019-04-11 15:13:18.0;
17;7645.62;2019-04-11 15:13:27.0;
17;7645.12;2019-04-11 15:13:29.0;
17;7645.62;2019-04-11 15:13:31.0;
17;7645.88;2019-04-11 15:13:43.0;
17;7645.62;2019-04-11 15:13:46.0;
17;7645.88;2019-04-11 15:13:47.0;
17;7645.62;2019-04-11 15:13:49.0;
17;7645.12;2019-04-11 15:14:05.0;
17;7645.38;2019-04-11 15:14:11.0;
17;7645.25;2019-04-11 15:14:15.0;
17;7645.38;2019-04-11 15:14:16.0;
17;7645.25;2019-04-11 15:14:18.0;
17;7645.12;2019-04-11 15:14:28.0;
17;7645.25;2019-04-11 15:14:29.0;
17;7645.12;2019-04-11 15:14:31.0;
17;7645;2019-04-11 15:14:35.0;
17;7645.12;2019-04-11 15:14:42.0;
17;7645.38;2019-04-11 15:14:43.0;
17;7645.12;2019-04-11 15:14:45.0;
17;7645.38;2019-04-11 15:14:46.0;
17;7644.25;2019-04-11 15:14:50.0;
17;7644.88;2019-04-11 15:14:56.0;
17;7644;2019-04-11 15:15:02.0;
17;7643.62;2019-04-11 15:15:03.0;
17;7644;2019-04-11 15:15:05.0;
17;7643.62;2019-04-11 15:15:06.0;
17;7643.75;2019-04-11 15:15:15.0;
17;7644.88;2019-04-11 15:15:18.0;
17;7644.62;2019-04-11 15:15:28.0;
17;7645.25;2019-04-11 15:15:35.0;
17;7645.12;2019-04-11 15:15:39.0;
17;7644.12;2019-04-11 15:16:03.0;
17;7645.12;2019-04-11 15:16:05.0;
17;7644.12;2019-04-11 15:16:07.0;
17;7644;2019-04-11 15:16:17.0;
17;7644.38;2019-04-11 15:16:21.0;
17;7644.12;2019-04-11 15:16:34.0;
17;7644;2019-04-11 15:16:43.0;
17;7644.38;2019-04-11 15:16:56.0;
17;7644;2019-04-11 15:16:58.0;
17;7644.12;2019-04-11 15:16:59.0;
17;7644.38;2019-04-11 15:17:00.0;
17;7644.12;2019-04-11 15:17:02.0;
17;7644.88;2019-04-11 15:17:08.0;
17;7645.12;2019-04-11 15:17:14.0;
17;7644.5;2019-04-11 15:17:15.0;
17;7645.12;2019-04-11 15:17:16.0;
17;7644.5;2019-04-11 15:17:18.0;
17;7644.62;2019-04-11 15:17:19.0;
17;7645.38;2019-04-11 15:17:31.0;
17;7645.12;2019-04-11 15:17:36.0;
17;7644.62;2019-04-11 15:17:47.0;
17;7645.12;2019-04-11 15:17:48.0;
17;7644.62;2019-04-11 15:17:50.0;
17;7644.12;2019-04-11 15:18:04.0;
17;7644.62;2019-04-11 15:18:16.0;
17;7644.12;2019-04-11 15:18:18.0;
17;7644.62;2019-04-11 15:18:20.0;
17;7645.12;2019-04-11 15:18:21.0;
17;7645.38;2019-04-11 15:18:27.0;
17;7645.12;2019-04-11 15:18:29.0;
17;7645.38;2019-04-11 15:18:40.0;
17;7645.5;2019-04-11 15:18:53.0;
17;7645.62;2019-04-11 15:18:55.0;
17;7645.5;2019-04-11 15:18:57.0;
17;7645.62;2019-04-11 15:18:59.0;
17;7645.38;2019-04-11 15:19:00.0;
17;7644.88;2019-04-11 15:19:11.0;
17;7645;2019-04-11 15:19:15.0;
17;7645.12;2019-04-11 15:19:21.0;
17;7645.25;2019-04-11 15:19:26.0;
17;7645.38;2019-04-11 15:19:28.0;
17;7645.12;2019-04-11 15:20:09.0;
17;7645.88;2019-04-11 15:20:15.0;
17;7645.38;2019-04-11 15:20:26.0;
17;7645.62;2019-04-11 15:20:28.0;
17;7645.38;2019-04-11 15:20:35.0;
17;7645.62;2019-04-11 15:20:39.0;
17;7645.38;2019-04-11 15:20:41.0;
17;7645.62;2019-04-11 15:20:42.0;
17;7645.38;2019-04-11 15:20:45.0;
17;7645.62;2019-04-11 15:20:46.0;
17;7645.38;2019-04-11 15:20:47.0;
17;7645.25;2019-04-11 15:20:49.0;
17;7645.38;2019-04-11 15:20:52.0;
17;7645.25;2019-04-11 15:20:56.0;
17;7645.12;2019-04-11 15:21:00.0;
17;7645.25;2019-04-11 15:21:08.0;
17;7645.12;2019-04-11 15:21:20.0;
17;7645.38;2019-04-11 15:21:23.0;
17;7645.62;2019-04-11 15:21:28.0;
17;7645.88;2019-04-11 15:21:42.0;
17;7646.38;2019-04-11 15:21:50.0;
17;7646.62;2019-04-11 15:22:05.0;
17;7646.88;2019-04-11 15:22:09.0;
17;7647.12;2019-04-11 15:22:11.0;
17;7646.88;2019-04-11 15:22:12.0;
17;7647.12;2019-04-11 15:22:14.0;
17;7645.75;2019-04-11 15:22:15.0;
17;7645.88;2019-04-11 15:22:26.0;
17;7645.75;2019-04-11 15:22:27.0;
17;7645.88;2019-04-11 15:22:29.0;
17;7645.75;2019-04-11 15:22:37.0;
17;7645.88;2019-04-11 15:22:39.0;
17;7645.75;2019-04-11 15:22:40.0;
17;7646.12;2019-04-11 15:22:50.0;
17;7645.75;2019-04-11 15:22:57.0;
17;7645.88;2019-04-11 15:23:02.0;
17;7645.75;2019-04-11 15:23:05.0;
17;7645.88;2019-04-11 15:23:06.0;
17;7645.62;2019-04-11 15:23:11.0;
17;7645.75;2019-04-11 15:23:18.0;
17;7645.62;2019-04-11 15:23:20.0;
17;7645.75;2019-04-11 15:23:21.0;
17;7645.38;2019-04-11 15:23:22.0;
17;7645.12;2019-04-11 15:23:47.0;
17;7645.38;2019-04-11 15:24:11.0;
17;7645.12;2019-04-11 15:24:14.0;
17;7645.38;2019-04-11 15:24:16.0;
17;7645.62;2019-04-11 15:24:31.0;
17;7645.5;2019-04-11 15:24:39.0;
17;7645.12;2019-04-11 15:24:42.0;
17;7644;2019-04-11 15:24:49.0;
17;7643.88;2019-04-11 15:24:52.0;
17;7644;2019-04-11 15:24:53.0;
17;7643.88;2019-04-11 15:24:55.0;
17;7643.5;2019-04-11 15:24:59.0;
17;7644.12;2019-04-11 15:25:04.0;
17;7644.88;2019-04-11 15:25:19.0;
17;7645.62;2019-04-11 15:25:25.0;
17;7645.88;2019-04-11 15:25:29.0;
17;7646.12;2019-04-11 15:25:31.0;
17;7646.62;2019-04-11 15:25:35.0;
17;7646.38;2019-04-11 15:25:41.0;
17;7646.62;2019-04-11 15:25:44.0;
17;7647.12;2019-04-11 15:25:48.0;
17;7646.88;2019-04-11 15:26:07.0;
17;7647.12;2019-04-11 15:26:14.0;
17;7647.38;2019-04-11 15:26:19.0;
17;7647.12;2019-04-11 15:26:24.0;
17;7646.88;2019-04-11 15:26:51.0;
17;7647.12;2019-04-11 15:26:56.0;
17;7646.88;2019-04-11 15:26:57.0;
17;7647.12;2019-04-11 15:26:58.0;
17;7646.88;2019-04-11 15:27:00.0;
17;7646.75;2019-04-11 15:27:04.0;
17;7646.88;2019-04-11 15:27:06.0;
17;7647.38;2019-04-11 15:27:07.0;
17;7647.5;2019-04-11 15:27:44.0;
17;7647.12;2019-04-11 15:27:48.0;
17;7645.38;2019-04-11 15:28:04.0;
17;7646.38;2019-04-11 15:28:09.0;
17;7645.62;2019-04-11 15:28:11.0;
17;7645.12;2019-04-11 15:28:15.0;
17;7644.88;2019-04-11 15:28:27.0;
17;7644.62;2019-04-11 15:28:30.0;
17;7644.75;2019-04-11 15:28:37.0;
17;7645.62;2019-04-11 15:28:40.0;
17;7645.12;2019-04-11 15:28:51.0;
17;7644.88;2019-04-11 15:29:01.0;
17;7645.75;2019-04-11 15:29:03.0;
17;7644.88;2019-04-11 15:29:04.0;
17;7645.75;2019-04-11 15:29:06.0;
17;7646.5;2019-04-11 15:29:07.0;
17;7645.75;2019-04-11 15:29:09.0;
17;7646.5;2019-04-11 15:29:10.0;
17;7647.12;2019-04-11 15:29:12.0;
17;7647.62;2019-04-11 15:29:18.0;
17;7647.12;2019-04-11 15:29:19.0;
17;7647.62;2019-04-11 15:29:20.0;
17;7646.12;2019-04-11 15:29:22.0;
17;7646.62;2019-04-11 15:29:27.0;
17;7646.38;2019-04-11 15:29:37.0;
17;7646.62;2019-04-11 15:29:41.0;
17;7646.38;2019-04-11 15:29:47.0;
17;7646.62;2019-04-11 15:29:50.0;
17;7646.38;2019-04-11 15:29:51.0;
17;7646.62;2019-04-11 15:30:04.0;
17;7645.62;2019-04-11 15:30:17.0;
17;7642.88;2019-04-11 15:30:19.0;
17;7643.62;2019-04-11 15:30:24.0;
17;7642.62;2019-04-11 15:30:29.0;
17;7640.5;2019-04-11 15:30:35.0;
17;7640;2019-04-11 15:30:38.0;
17;7640.5;2019-04-11 15:30:39.0;
17;7638.38;2019-04-11 15:30:40.0;
17;7637.25;2019-04-11 15:30:42.0;
17;7638.38;2019-04-11 15:30:45.0;
17;7638.62;2019-04-11 15:30:46.0;
17;7637.25;2019-04-11 15:30:47.0;
17;7638.62;2019-04-11 15:30:49.0;
17;7639.88;2019-04-11 15:30:51.0;
17;7638.62;2019-04-11 15:30:54.0;
17;7639.38;2019-04-11 15:30:55.0;
17;7638.88;2019-04-11 15:31:00.0;
17;7639.38;2019-04-11 15:31:01.0;
17;7639.12;2019-04-11 15:31:09.0;
17;7640.25;2019-04-11 15:31:12.0;
17;7640.5;2019-04-11 15:31:17.0;
17;7639.88;2019-04-11 15:31:19.0;
17;7638.62;2019-04-11 15:31:24.0;
17;7638.38;2019-04-11 15:31:30.0;
17;7638.12;2019-04-11 15:31:36.0;
17;7635.62;2019-04-11 15:31:42.0;
17;7634.38;2019-04-11 15:31:43.0;
17;7635.62;2019-04-11 15:31:50.0;
17;7634.88;2019-04-11 15:32:05.0;
17;7635.12;2019-04-11 15:32:06.0;
17;7637.25;2019-04-11 15:32:11.0;
17;7636.75;2019-04-11 15:32:17.0;
17;7635.88;2019-04-11 15:32:19.0;
17;7636.75;2019-04-11 15:32:20.0;
17;7635.88;2019-04-11 15:32:21.0;
17;7636.88;2019-04-11 15:32:25.0;
17;7637.38;2019-04-11 15:32:28.0;
17;7636.88;2019-04-11 15:32:35.0;
17;7639.38;2019-04-11 15:32:42.0;
17;7639.5;2019-04-11 15:32:47.0;
17;7636.75;2019-04-11 15:32:53.0;
17;7636.62;2019-04-11 15:32:56.0;
17;7636.12;2019-04-11 15:32:58.0;
17;7635.62;2019-04-11 15:33:02.0;
17;7634.62;2019-04-11 15:33:08.0;
17;7634.25;2019-04-11 15:33:12.0;
17;7637.12;2019-04-11 15:33:14.0;
17;7634.25;2019-04-11 15:33:16.0;
17;7637.12;2019-04-11 15:33:18.0;
17;7634.88;2019-04-11 15:33:21.0;
17;7635.12;2019-04-11 15:33:22.0;
17;7636.25;2019-04-11 15:33:29.0;
17;7636.75;2019-04-11 15:33:31.0;
17;7638.25;2019-04-11 15:33:36.0;
17;7639.25;2019-04-11 15:33:41.0;
17;7639.62;2019-04-11 15:33:43.0;
17;7639.25;2019-04-11 15:33:45.0;
17;7636.88;2019-04-11 15:33:47.0;
17;7637.38;2019-04-11 15:34:03.0;
17;7636.88;2019-04-11 15:34:05.0;
17;7637.38;2019-04-11 15:34:06.0;
17;7637.25;2019-04-11 15:34:10.0;
17;7637.88;2019-04-11 15:34:12.0;
17;7638.88;2019-04-11 15:34:19.0;
17;7638.38;2019-04-11 15:34:20.0;
17;7638.88;2019-04-11 15:34:22.0;
17;7639.12;2019-04-11 15:34:23.0;
17;7639.88;2019-04-11 15:34:31.0;
17;7639.38;2019-04-11 15:34:38.0;
17;7639.62;2019-04-11 15:34:41.0;
17;7637.75;2019-04-11 15:34:46.0;
17;7636.88;2019-04-11 15:34:48.0;
17;7638.38;2019-04-11 15:34:54.0;
17;7640.88;2019-04-11 15:34:56.0;
17;7642.38;2019-04-11 15:35:01.0;
17;7641.12;2019-04-11 15:35:03.0;
17;7642.38;2019-04-11 15:35:05.0;
17;7641.12;2019-04-11 15:35:06.0;
17;7640.62;2019-04-11 15:35:09.0;
17;7637.38;2019-04-11 15:35:15.0;
17;7636.88;2019-04-11 15:35:20.0;
17;7637.38;2019-04-11 15:35:22.0;
17;7637.88;2019-04-11 15:35:24.0;
17;7636.88;2019-04-11 15:35:26.0;
17;7637.62;2019-04-11 15:35:27.0;
17;7637.88;2019-04-11 15:35:33.0;
17;7637.62;2019-04-11 15:35:41.0;
17;7637;2019-04-11 15:35:44.0;
17;7637.5;2019-04-11 15:35:50.0;
17;7636.62;2019-04-11 15:36:05.0;
17;7630.62;2019-04-11 15:36:08.0;
17;7636.62;2019-04-11 15:36:10.0;
17;7631.88;2019-04-11 15:36:11.0;
17;7632.75;2019-04-11 15:36:17.0;
17;7633.25;2019-04-11 15:36:24.0;
17;7633.38;2019-04-11 15:36:27.0;
17;7633.12;2019-04-11 15:36:34.0;
17;7633.25;2019-04-11 15:36:40.0;
17;7631.62;2019-04-11 15:36:41.0;
17;7633.25;2019-04-11 15:36:42.0;
17;7630.62;2019-04-11 15:36:44.0;
17;7631.62;2019-04-11 15:36:48.0;
17;7632.88;2019-04-11 15:36:55.0;
17;7632.62;2019-04-11 15:37:00.0;
17;7633.88;2019-04-11 15:37:02.0;
17;7633.38;2019-04-11 15:37:11.0;
17;7633.12;2019-04-11 15:37:15.0;
17;7633.88;2019-04-11 15:37:23.0;
17;7633;2019-04-11 15:37:28.0;
17;7631.62;2019-04-11 15:37:31.0;
17;7633;2019-04-11 15:37:32.0;
17;7631.62;2019-04-11 15:37:34.0;
17;7631.75;2019-04-11 15:37:35.0;
17;7633;2019-04-11 15:37:40.0;
17;7632.38;2019-04-11 15:37:45.0;
17;7631.62;2019-04-11 15:37:48.0;
17;7633.38;2019-04-11 15:38:05.0;
17;7632.38;2019-04-11 15:38:08.0;
17;7633.38;2019-04-11 15:38:09.0;
17;7632.38;2019-04-11 15:38:11.0;
17;7631.62;2019-04-11 15:38:12.0;
17;7631.38;2019-04-11 15:38:18.0;
17;7632.38;2019-04-11 15:38:20.0;
17;7633.12;2019-04-11 15:38:25.0;
17;7632.62;2019-04-11 15:38:28.0;
17;7632.38;2019-04-11 15:38:30.0;
17;7632.62;2019-04-11 15:38:32.0;
17;7632.38;2019-04-11 15:38:33.0;
17;7632.12;2019-04-11 15:38:42.0;
17;7632.75;2019-04-11 15:38:44.0;
17;7632.12;2019-04-11 15:38:46.0;
17;7630.62;2019-04-11 15:38:54.0;
17;7630.5;2019-04-11 15:38:56.0;
17;7630.62;2019-04-11 15:38:57.0;
17;7630.5;2019-04-11 15:38:58.0;
17;7630.12;2019-04-11 15:39:00.0;
17;7631.12;2019-04-11 15:39:05.0;
17;7630.12;2019-04-11 15:39:10.0;
17;7630.38;2019-04-11 15:39:17.0;
17;7628.62;2019-04-11 15:39:19.0;
17;7629.12;2019-04-11 15:39:24.0;
17;7628.62;2019-04-11 15:39:31.0;
17;7628.75;2019-04-11 15:39:37.0;
17;7629.12;2019-04-11 15:39:40.0;
17;7628.12;2019-04-11 15:39:46.0;
17;7628.38;2019-04-11 15:39:47.0;
17;7628.12;2019-04-11 15:39:48.0;
17;7628.38;2019-04-11 15:39:50.0;
17;7626.62;2019-04-11 15:40:06.0;
17;7627.12;2019-04-11 15:40:12.0;
17;7627.62;2019-04-11 15:40:15.0;
17;7627.88;2019-04-11 15:40:25.0;
17;7627.62;2019-04-11 15:40:27.0;
17;7627.88;2019-04-11 15:40:28.0;
17;7628.5;2019-04-11 15:40:40.0;
17;7630.12;2019-04-11 15:40:46.0;
17;7630.38;2019-04-11 15:40:53.0;
17;7629.12;2019-04-11 15:40:59.0;
17;7629.38;2019-04-11 15:41:03.0;
17;7629.62;2019-04-11 15:41:08.0;
17;7630.88;2019-04-11 15:41:11.0;
17;7631.62;2019-04-11 15:41:18.0;
17;7631.88;2019-04-11 15:41:20.0;
17;7632.12;2019-04-11 15:41:26.0;
17;7632.38;2019-04-11 15:41:31.0;
17;7634.38;2019-04-11 15:41:36.0;
17;7633.88;2019-04-11 15:41:39.0;
17;7633.38;2019-04-11 15:41:45.0;
17;7632.38;2019-04-11 15:42:04.0;
17;7632.75;2019-04-11 15:42:09.0;
17;7631.88;2019-04-11 15:42:10.0;
17;7632.75;2019-04-11 15:42:12.0;
17;7632.38;2019-04-11 15:42:15.0;
17;7631.88;2019-04-11 15:42:19.0;
17;7632.38;2019-04-11 15:42:21.0;
17;7632.12;2019-04-11 15:42:41.0;
17;7631.88;2019-04-11 15:42:44.0;
17;7632.62;2019-04-11 15:42:48.0;
17;7633.12;2019-04-11 15:42:52.0;
17;7632.62;2019-04-11 15:42:53.0;
17;7633.12;2019-04-11 15:42:55.0;
17;7632.38;2019-04-11 15:42:59.0;
17;7631.88;2019-04-11 15:43:10.0;
17;7632;2019-04-11 15:43:12.0;
17;7631.88;2019-04-11 15:43:13.0;
17;7632;2019-04-11 15:43:15.0;
17;7632.38;2019-04-11 15:43:17.0;
17;7632.62;2019-04-11 15:43:20.0;
17;7633.25;2019-04-11 15:43:24.0;
17;7632.62;2019-04-11 15:43:31.0;
17;7632.88;2019-04-11 15:43:39.0;
17;7632.62;2019-04-11 15:43:41.0;
17;7633.12;2019-04-11 15:43:44.0;
17;7632.62;2019-04-11 15:43:45.0;
17;7633.12;2019-04-11 15:43:47.0;
17;7635.88;2019-04-11 15:44:04.0;
17;7634.12;2019-04-11 15:44:07.0;
17;7633.88;2019-04-11 15:44:12.0;
17;7634.62;2019-04-11 15:44:17.0;
17;7635.38;2019-04-11 15:44:19.0;
17;7634.88;2019-04-11 15:44:24.0;
17;7633.88;2019-04-11 15:44:30.0;
17;7633.12;2019-04-11 15:44:31.0;
17;7633.88;2019-04-11 15:44:33.0;
17;7633.12;2019-04-11 15:44:34.0;
17;7631.88;2019-04-11 15:44:36.0;
17;7632.12;2019-04-11 15:44:46.0;
17;7631.75;2019-04-11 15:44:56.0;
17;7630.88;2019-04-11 15:45:02.0;
17;7631.62;2019-04-11 15:45:08.0;
17;7630.12;2019-04-11 15:45:13.0;
17;7628.12;2019-04-11 15:45:18.0;
17;7627.38;2019-04-11 15:45:23.0;
17;7626.12;2019-04-11 15:45:25.0;
17;7623.88;2019-04-11 15:45:29.0;
17;7625.62;2019-04-11 15:45:36.0;
17;7624.75;2019-04-11 15:45:39.0;
17;7625.62;2019-04-11 15:45:41.0;
17;7624.75;2019-04-11 15:45:48.0;
17;7622.38;2019-04-11 15:46:03.0;
17;7624.75;2019-04-11 15:46:04.0;
17;7622.38;2019-04-11 15:46:06.0;
17;7624.25;2019-04-11 15:46:07.0;
17;7624.88;2019-04-11 15:46:13.0;
17;7623.62;2019-04-11 15:46:16.0;
17;7624.12;2019-04-11 15:46:19.0;
17;7625.38;2019-04-11 15:46:23.0;
17;7625.62;2019-04-11 15:46:30.0;
17;7625.12;2019-04-11 15:46:33.0;
17;7625.62;2019-04-11 15:46:37.0;
17;7625.12;2019-04-11 15:46:39.0;
17;7625.25;2019-04-11 15:46:40.0;
17;7624.12;2019-04-11 15:46:47.0;
17;7625.88;2019-04-11 15:46:48.0;
17;7624.12;2019-04-11 15:46:50.0;
17;7626.38;2019-04-11 15:46:52.0;
17;7626.25;2019-04-11 15:46:55.0;
17;7626.38;2019-04-11 15:47:00.0;
17;7625.88;2019-04-11 15:47:05.0;
17;7626.5;2019-04-11 15:47:07.0;
17;7626.38;2019-04-11 15:47:11.0;
17;7626.5;2019-04-11 15:47:13.0;
17;7626.12;2019-04-11 15:47:15.0;
17;7626.5;2019-04-11 15:47:19.0;
17;7625.38;2019-04-11 15:47:24.0;
17;7625.62;2019-04-11 15:47:29.0;
17;7625.38;2019-04-11 15:47:30.0;
17;7624.62;2019-04-11 15:47:38.0;
17;7623.62;2019-04-11 15:47:43.0;
17;7624.62;2019-04-11 15:47:48.0;
17;7626.88;2019-04-11 15:48:04.0;
17;7628.12;2019-04-11 15:48:08.0;
17;7627.88;2019-04-11 15:48:13.0;
17;7627.12;2019-04-11 15:48:19.0;
17;7626.88;2019-04-11 15:48:21.0;
17;7627.38;2019-04-11 15:48:24.0;
17;7628.38;2019-04-11 15:48:29.0;
17;7627.62;2019-04-11 15:48:35.0;
17;7627.12;2019-04-11 15:48:45.0;
17;7626.62;2019-04-11 15:48:48.0;
17;7627.12;2019-04-11 15:48:53.0;
17;7627.25;2019-04-11 15:49:06.0;
17;7627.62;2019-04-11 15:49:07.0;
17;7626.38;2019-04-11 15:49:09.0;
17;7625.62;2019-04-11 15:49:15.0;
17;7625.12;2019-04-11 15:49:20.0;
17;7625.62;2019-04-11 15:49:23.0;
17;7625.88;2019-04-11 15:49:27.0;
17;7626.62;2019-04-11 15:49:36.0;
17;7627;2019-04-11 15:49:43.0;
17;7626.62;2019-04-11 15:49:48.0;
17;7626.25;2019-04-11 15:50:07.0;
17;7626.62;2019-04-11 15:50:10.0;
17;7627.62;2019-04-11 15:50:12.0;
17;7628.38;2019-04-11 15:50:18.0;
17;7627.12;2019-04-11 15:50:25.0;
17;7627.88;2019-04-11 15:50:29.0;
17;7628.12;2019-04-11 15:50:33.0;
17;7628.38;2019-04-11 15:50:36.0;
17;7628.12;2019-04-11 15:50:38.0;
17;7628.38;2019-04-11 15:50:39.0;
17;7628.88;2019-04-11 15:50:41.0;
17;7629.12;2019-04-11 15:50:47.0;
17;7628.88;2019-04-11 15:50:48.0;
17;7629.12;2019-04-11 15:50:50.0;
17;7629.38;2019-04-11 15:50:51.0;
17;7629.62;2019-04-11 15:50:56.0;
17;7628.62;2019-04-11 15:50:59.0;
17;7629.62;2019-04-11 15:51:02.0;
17;7628.62;2019-04-11 15:51:04.0;
17;7626.75;2019-04-11 15:51:09.0;
17;7627;2019-04-11 15:51:13.0;
17;7626.75;2019-04-11 15:51:15.0;
17;7626;2019-04-11 15:51:16.0;
17;7623.38;2019-04-11 15:51:19.0;
17;7623.12;2019-04-11 15:51:24.0;
17;7624.38;2019-04-11 15:51:28.0;
17;7623.12;2019-04-11 15:51:29.0;
17;7624.38;2019-04-11 15:51:31.0;
17;7623.62;2019-04-11 15:51:33.0;
17;7624.12;2019-04-11 15:51:36.0;
17;7624.75;2019-04-11 15:51:41.0;
17;7624.12;2019-04-11 15:51:42.0;
17;7624.75;2019-04-11 15:51:44.0;
17;7624.12;2019-04-11 15:51:46.0;
17;7623.12;2019-04-11 15:51:48.0;
17;7621.62;2019-04-11 15:52:04.0;
17;7622.25;2019-04-11 15:52:08.0;
17;7620.38;2019-04-11 15:52:13.0;
17;7622.25;2019-04-11 15:52:14.0;
17;7619.62;2019-04-11 15:52:15.0;
17;7620.38;2019-04-11 15:52:19.0;
17;7619.62;2019-04-11 15:52:20.0;
17;7619.88;2019-04-11 15:52:22.0;
17;7621;2019-04-11 15:52:28.0;
17;7621.12;2019-04-11 15:52:31.0;
17;7620.12;2019-04-11 15:52:37.0;
17;7619.88;2019-04-11 15:52:42.0;
17;7619.12;2019-04-11 15:52:45.0;
17;7618.38;2019-04-11 15:52:47.0;
17;7619.12;2019-04-11 15:52:48.0;
17;7618.38;2019-04-11 15:52:50.0;
17;7618.25;2019-04-11 15:52:52.0;
17;7618.38;2019-04-11 15:52:57.0;
17;7617.38;2019-04-11 15:53:02.0;
17;7617.12;2019-04-11 15:53:04.0;
17;7616.88;2019-04-11 15:53:09.0;
17;7617.62;2019-04-11 15:53:15.0;
17;7617.75;2019-04-11 15:53:16.0;
17;7617.5;2019-04-11 15:53:24.0;
17;7617.62;2019-04-11 15:53:29.0;
17;7617.25;2019-04-11 15:53:33.0;
17;7618.38;2019-04-11 15:53:39.0;
17;7618.88;2019-04-11 15:54:05.0;
17;7617.62;2019-04-11 15:54:10.0;
17;7616.88;2019-04-11 15:54:11.0;
17;7617.12;2019-04-11 15:54:17.0;
17;7616.88;2019-04-11 15:54:18.0;
17;7617.12;2019-04-11 15:54:20.0;
17;7616.12;2019-04-11 15:54:21.0;
17;7615.62;2019-04-11 15:54:23.0;
17;7616.38;2019-04-11 15:54:27.0;
17;7615.62;2019-04-11 15:54:30.0;
17;7617.12;2019-04-11 15:54:31.0;
17;7616.38;2019-04-11 15:54:36.0;
17;7616.12;2019-04-11 15:54:41.0;
17;7616;2019-04-11 15:54:52.0;
17;7616.12;2019-04-11 15:54:59.0;
17;7615.88;2019-04-11 15:55:05.0;
17;7614.75;2019-04-11 15:55:06.0;
17;7615.88;2019-04-11 15:55:08.0;
17;7614.75;2019-04-11 15:55:09.0;
17;7616.12;2019-04-11 15:55:11.0;
17;7615.62;2019-04-11 15:55:17.0;
17;7615.88;2019-04-11 15:55:21.0;
17;7616.62;2019-04-11 15:55:27.0;
17;7617.88;2019-04-11 15:55:28.0;
17;7617.62;2019-04-11 15:55:33.0;
17;7616.62;2019-04-11 15:55:38.0;
17;7617.12;2019-04-11 15:55:40.0;
17;7616.62;2019-04-11 15:55:42.0;
17;7617.12;2019-04-11 15:55:44.0;
17;7616.75;2019-04-11 15:55:51.0;
17;7617.62;2019-04-11 15:56:04.0;
17;7617.88;2019-04-11 15:56:10.0;
17;7617.38;2019-04-11 15:56:17.0;
17;7618.25;2019-04-11 15:56:24.0;
17;7619.38;2019-04-11 15:56:28.0;
17;7618.88;2019-04-11 15:56:35.0;
17;7620.12;2019-04-11 15:56:41.0;
17;7620.88;2019-04-11 15:56:45.0;
17;7620.62;2019-04-11 15:56:47.0;
17;7620.38;2019-04-11 15:56:50.0;
17;7619.62;2019-04-11 15:56:54.0;
17;7620.38;2019-04-11 15:56:55.0;
17;7619.62;2019-04-11 15:56:57.0;
17;7620.62;2019-04-11 15:56:58.0;
17;7619.62;2019-04-11 15:56:59.0;
17;7620.62;2019-04-11 15:57:01.0;
17;7621.38;2019-04-11 15:57:02.0;
17;7620.88;2019-04-11 15:57:10.0;
17;7620.38;2019-04-11 15:57:16.0;
17;7620.12;2019-04-11 15:57:28.0;
17;7620.62;2019-04-11 15:57:30.0;
17;7620.12;2019-04-11 15:57:31.0;
17;7620.62;2019-04-11 15:57:33.0;
17;7621;2019-04-11 15:57:35.0;
17;7622.12;2019-04-11 15:58:06.0;
17;7621.75;2019-04-11 15:58:11.0;
17;7621.25;2019-04-11 15:58:16.0;
17;7621.88;2019-04-11 15:58:22.0;
17;7621.5;2019-04-11 15:58:24.0;
17;7621.88;2019-04-11 15:58:25.0;
17;7621.5;2019-04-11 15:58:27.0;
17;7622.62;2019-04-11 15:58:28.0;
17;7622.25;2019-04-11 15:58:31.0;
17;7622.12;2019-04-11 15:58:41.0;
17;7621.75;2019-04-11 15:58:44.0;
17;7621.12;2019-04-11 15:58:50.0;
17;7621.38;2019-04-11 15:58:52.0;
17;7621.12;2019-04-11 15:58:53.0;
17;7621.38;2019-04-11 15:58:56.0;
17;7621;2019-04-11 15:58:57.0;
17;7619.12;2019-04-11 15:59:02.0;
17;7619.62;2019-04-11 15:59:03.0;
17;7620.75;2019-04-11 15:59:08.0;
17;7620.88;2019-04-11 15:59:13.0;
17;7620.38;2019-04-11 15:59:17.0;
17;7620.12;2019-04-11 15:59:20.0;
17;7619.38;2019-04-11 15:59:23.0;
17;7619.12;2019-04-11 15:59:27.0;
17;7617.88;2019-04-11 15:59:33.0;
17;7618.12;2019-04-11 15:59:37.0;
17;7616.88;2019-04-11 15:59:40.0;
17;7617.88;2019-04-11 15:59:43.0;
17;7616.88;2019-04-11 15:59:45.0;
17;7617.88;2019-04-11 15:59:46.0;
17;7618.12;2019-04-11 15:59:52.0;
17;7619.12;2019-04-11 16:00:05.0;
17;7620.88;2019-04-11 16:00:09.0;
17;7620.62;2019-04-11 16:00:23.0;
17;7621.62;2019-04-11 16:00:29.0;
17;7622.12;2019-04-11 16:00:34.0;
17;7621.62;2019-04-11 16:00:41.0;
17;7622.12;2019-04-11 16:00:42.0;
17;7620.62;2019-04-11 16:00:44.0;
17;7621.12;2019-04-11 16:00:50.0;
17;7621.5;2019-04-11 16:00:55.0;
17;7621.62;2019-04-11 16:00:58.0;
17;7620.75;2019-04-11 16:00:59.0;
17;7619.5;2019-04-11 16:01:05.0;
17;7619.62;2019-04-11 16:01:11.0;
17;7620.5;2019-04-11 16:01:17.0;
17;7619.62;2019-04-11 16:01:21.0;
17;7620.5;2019-04-11 16:01:23.0;
17;7618.38;2019-04-11 16:01:25.0;
17;7618.12;2019-04-11 16:01:29.0;
17;7617.88;2019-04-11 16:01:33.0;
17;7617.12;2019-04-11 16:01:37.0;
17;7618;2019-04-11 16:01:43.0;
17;7617.62;2019-04-11 16:01:46.0;
17;7618;2019-04-11 16:01:47.0;
17;7617.62;2019-04-11 16:01:49.0;
17;7619.12;2019-04-11 16:01:50.0;
17;7618.62;2019-04-11 16:02:06.0;
17;7618.38;2019-04-11 16:02:09.0;
17;7619.25;2019-04-11 16:02:18.0;
17;7618.88;2019-04-11 16:02:20.0;
17;7618.38;2019-04-11 16:02:24.0;
17;7618.75;2019-04-11 16:02:29.0;
17;7619.25;2019-04-11 16:02:34.0;
17;7618.12;2019-04-11 16:02:36.0;
17;7618.88;2019-04-11 16:02:39.0;
17;7620.38;2019-04-11 16:02:47.0;
17;7620.5;2019-04-11 16:02:56.0;
17;7621.25;2019-04-11 16:03:03.0;
17;7621.5;2019-04-11 16:03:15.0;
17;7621.12;2019-04-11 16:03:17.0;
17;7621.62;2019-04-11 16:03:18.0;
17;7622.12;2019-04-11 16:03:26.0;
17;7622.38;2019-04-11 16:03:30.0;
17;7621.88;2019-04-11 16:03:34.0;
17;7621.38;2019-04-11 16:03:37.0;
17;7621.88;2019-04-11 16:03:39.0;
17;7621.5;2019-04-11 16:03:40.0;
17;7622.12;2019-04-11 16:03:43.0;
17;7621.5;2019-04-11 16:03:45.0;
17;7622.12;2019-04-11 16:03:46.0;
17;7621.12;2019-04-11 16:04:07.0;
17;7620.5;2019-04-11 16:04:15.0;
17;7621.12;2019-04-11 16:04:23.0;
17;7621.5;2019-04-11 16:04:26.0;
17;7621.38;2019-04-11 16:04:29.0;
17;7622.38;2019-04-11 16:04:32.0;
17;7622.12;2019-04-11 16:04:35.0;
17;7621.88;2019-04-11 16:04:41.0;
17;7621.12;2019-04-11 16:04:45.0;
17;7620.62;2019-04-11 16:04:48.0;
17;7621.12;2019-04-11 16:04:50.0;
17;7621.38;2019-04-11 16:04:51.0;
17;7622.88;2019-04-11 16:04:59.0;
17;7623.25;2019-04-11 16:05:04.0;
17;7623.38;2019-04-11 16:05:11.0;
17;7623.25;2019-04-11 16:05:13.0;
17;7623.12;2019-04-11 16:05:15.0;
17;7623.38;2019-04-11 16:05:19.0;
17;7623.62;2019-04-11 16:05:25.0;
17;7623.38;2019-04-11 16:05:26.0;
17;7623.62;2019-04-11 16:05:28.0;
17;7623.38;2019-04-11 16:05:29.0;
17;7622.62;2019-04-11 16:05:32.0;
17;7623.5;2019-04-11 16:05:37.0;
17;7623.62;2019-04-11 16:05:41.0;
17;7622.88;2019-04-11 16:05:43.0;
17;7623.12;2019-04-11 16:06:04.0;
17;7621.75;2019-04-11 16:06:12.0;
17;7621.5;2019-04-11 16:06:17.0;
17;7621.75;2019-04-11 16:06:31.0;
17;7621.12;2019-04-11 16:06:35.0;
17;7620.62;2019-04-11 16:06:41.0;
17;7620.88;2019-04-11 16:06:47.0;
17;7621.62;2019-04-11 16:06:53.0;
17;7622.12;2019-04-11 16:06:55.0;
17;7622.38;2019-04-11 16:06:59.0;
17;7621.62;2019-04-11 16:07:11.0;
17;7621.88;2019-04-11 16:07:15.0;
17;7621.38;2019-04-11 16:07:20.0;
17;7622.12;2019-04-11 16:07:31.0;
17;7622.88;2019-04-11 16:07:36.0;
17;7621.62;2019-04-11 16:07:42.0;
17;7620.62;2019-04-11 16:07:44.0;
17;7620.38;2019-04-11 16:07:51.0;
17;7618.88;2019-04-11 16:08:05.0;
17;7619.38;2019-04-11 16:08:08.0;
17;7620.88;2019-04-11 16:08:11.0;
17;7619.88;2019-04-11 16:08:18.0;
17;7619.62;2019-04-11 16:08:20.0;
17;7620;2019-04-11 16:08:24.0;
17;7619.88;2019-04-11 16:08:31.0;
17;7620.12;2019-04-11 16:08:37.0;
17;7621.38;2019-04-11 16:08:41.0;
17;7620.12;2019-04-11 16:08:43.0;
17;7621.38;2019-04-11 16:08:44.0;
17;7622.12;2019-04-11 16:08:47.0;
17;7622.75;2019-04-11 16:08:55.0;
17;7623.12;2019-04-11 16:08:59.0;
17;7622.62;2019-04-11 16:09:03.0;
17;7621.38;2019-04-11 16:09:11.0;
17;7622.12;2019-04-11 16:09:22.0;
17;7620.88;2019-04-11 16:09:34.0;
17;7620.75;2019-04-11 16:09:36.0;
17;7621.88;2019-04-11 16:09:42.0;
17;7622;2019-04-11 16:09:49.0;
17;7622.12;2019-04-11 16:10:07.0;
17;7623.12;2019-04-11 16:10:12.0;
17;7622.62;2019-04-11 16:10:15.0;
17;7623;2019-04-11 16:10:21.0;
17;7624.12;2019-04-11 16:10:26.0;
17;7625.12;2019-04-11 16:10:32.0;
17;7624.75;2019-04-11 16:10:38.0;
17;7624.62;2019-04-11 16:10:45.0;
17;7624.25;2019-04-11 16:10:52.0;
17;7624.62;2019-04-11 16:10:53.0;
17;7624.25;2019-04-11 16:10:55.0;
17;7624.38;2019-04-11 16:10:57.0;
17;7623.12;2019-04-11 16:10:59.0;
17;7624.38;2019-04-11 16:11:00.0;
17;7623.12;2019-04-11 16:11:02.0;
17;7622.75;2019-04-11 16:11:04.0;
17;7623.38;2019-04-11 16:11:09.0;
17;7622.38;2019-04-11 16:11:12.0;
17;7621.5;2019-04-11 16:11:18.0;
17;7621.12;2019-04-11 16:11:24.0;
17;7621.88;2019-04-11 16:11:30.0;
17;7621.38;2019-04-11 16:11:31.0;
17;7621.88;2019-04-11 16:11:32.0;
17;7621.38;2019-04-11 16:11:34.0;
17;7619.38;2019-04-11 16:12:07.0;
17;7619.75;2019-04-11 16:12:14.0;
17;7620;2019-04-11 16:12:16.0;
17;7619.75;2019-04-11 16:12:18.0;
17;7618.25;2019-04-11 16:12:19.0;
17;7616.75;2019-04-11 16:12:27.0;
17;7616.62;2019-04-11 16:12:32.0;
17;7615.62;2019-04-11 16:12:35.0;
17;7616.38;2019-04-11 16:12:42.0;
17;7616.88;2019-04-11 16:12:45.0;
17;7614.88;2019-04-11 16:12:48.0;
17;7616.62;2019-04-11 16:12:59.0;
17;7617;2019-04-11 16:13:04.0;
17;7617.75;2019-04-11 16:13:09.0;
17;7617.88;2019-04-11 16:13:10.0;
17;7618.12;2019-04-11 16:13:19.0;
17;7618.38;2019-04-11 16:13:25.0;
17;7618.25;2019-04-11 16:13:27.0;
17;7617.88;2019-04-11 16:13:33.0;
17;7619.38;2019-04-11 16:13:39.0;
17;7619.25;2019-04-11 16:13:45.0;
17;7619.38;2019-04-11 16:13:47.0;
17;7618.88;2019-04-11 16:13:48.0;
17;7616.75;2019-04-11 16:14:06.0;
17;7617.12;2019-04-11 16:14:11.0;
17;7617.88;2019-04-11 16:14:20.0;
17;7618.38;2019-04-11 16:14:22.0;
17;7618.25;2019-04-11 16:14:32.0;
17;7619.12;2019-04-11 16:14:40.0;
17;7619.38;2019-04-11 16:14:45.0;
17;7618.88;2019-04-11 16:14:46.0;
17;7619.12;2019-04-11 16:14:51.0;
17;7619.5;2019-04-11 16:14:56.0;
17;7619.12;2019-04-11 16:14:57.0;
17;7619.5;2019-04-11 16:14:58.0;
17;7621.38;2019-04-11 16:15:03.0;
17;7619.5;2019-04-11 16:15:04.0;
17;7621.38;2019-04-11 16:15:08.0;
17;7621.62;2019-04-11 16:15:09.0;
17;7623.62;2019-04-11 16:15:13.0;
17;7624.88;2019-04-11 16:15:19.0;
17;7624.12;2019-04-11 16:15:22.0;
17;7622.88;2019-04-11 16:15:30.0;
17;7621.88;2019-04-11 16:15:39.0;
17;7622.25;2019-04-11 16:15:49.0;
17;7623.12;2019-04-11 16:16:04.0;
17;7622.62;2019-04-11 16:16:10.0;
17;7623.88;2019-04-11 16:16:12.0;
17;7623.62;2019-04-11 16:16:18.0;
17;7624;2019-04-11 16:16:20.0;
17;7623.62;2019-04-11 16:16:21.0;
17;7624;2019-04-11 16:16:23.0;
17;7623.5;2019-04-11 16:16:25.0;
17;7622.12;2019-04-11 16:16:31.0;
17;7621.62;2019-04-11 16:16:32.0;
17;7623.38;2019-04-11 16:16:40.0;
17;7623.5;2019-04-11 16:16:45.0;
17;7623.25;2019-04-11 16:16:52.0;
17;7622.62;2019-04-11 16:16:58.0;
17;7623;2019-04-11 16:17:00.0;
17;7622.62;2019-04-11 16:17:01.0;
17;7623;2019-04-11 16:17:03.0;
17;7623.5;2019-04-11 16:17:04.0;
17;7623.38;2019-04-11 16:17:09.0;
17;7622.88;2019-04-11 16:17:13.0;
17;7623.75;2019-04-11 16:17:19.0;
17;7624.38;2019-04-11 16:17:27.0;
17;7624;2019-04-11 16:17:29.0;
17;7624.38;2019-04-11 16:17:31.0;
17;7624;2019-04-11 16:17:33.0;
17;7623.88;2019-04-11 16:17:35.0;
17;7623.38;2019-04-11 16:17:41.0;
17;7623.88;2019-04-11 16:17:46.0;
17;7624.62;2019-04-11 16:18:06.0;
17;7624.75;2019-04-11 16:18:13.0;
17;7624.88;2019-04-11 16:18:16.0;
17;7626.12;2019-04-11 16:18:21.0;
17;7625.62;2019-04-11 16:18:28.0;
17;7626.38;2019-04-11 16:18:36.0;
17;7626.12;2019-04-11 16:18:39.0;
17;7626.38;2019-04-11 16:18:40.0;
17;7626.12;2019-04-11 16:18:42.0;
17;7626.5;2019-04-11 16:18:43.0;
17;7626.12;2019-04-11 16:18:46.0;
17;7626.5;2019-04-11 16:18:48.0;
17;7626.12;2019-04-11 16:18:49.0;
17;7625.88;2019-04-11 16:18:52.0;
17;7626.12;2019-04-11 16:18:54.0;
17;7626.38;2019-04-11 16:18:55.0;
17;7626.25;2019-04-11 16:19:01.0;
17;7625.38;2019-04-11 16:19:04.0;
17;7626.25;2019-04-11 16:19:05.0;
17;7625.38;2019-04-11 16:19:07.0;
17;7625.88;2019-04-11 16:19:11.0;
17;7625.38;2019-04-11 16:19:12.0;
17;7625.88;2019-04-11 16:19:19.0;
17;7625.62;2019-04-11 16:19:24.0;
17;7625.12;2019-04-11 16:19:29.0;
17;7625.62;2019-04-11 16:19:30.0;
17;7625.38;2019-04-11 16:19:31.0;
17;7625.12;2019-04-11 16:19:33.0;
17;7625.38;2019-04-11 16:19:34.0;
17;7625.88;2019-04-11 16:19:37.0;
17;7625.62;2019-04-11 16:19:40.0;
17;7625.88;2019-04-11 16:19:41.0;
17;7625.62;2019-04-11 16:19:44.0;
17;7624.88;2019-04-11 16:19:46.0;
17;7625.12;2019-04-11 16:19:47.0;
17;7625.38;2019-04-11 16:20:05.0;
17;7626.12;2019-04-11 16:20:10.0;
17;7626.75;2019-04-11 16:20:17.0;
17;7626.88;2019-04-11 16:20:22.0;
17;7626.38;2019-04-11 16:20:23.0;
17;7625.62;2019-04-11 16:20:30.0;
17;7625.88;2019-04-11 16:20:37.0;
17;7626.12;2019-04-11 16:20:43.0;
17;7626.25;2019-04-11 16:20:48.0;
17;7626.12;2019-04-11 16:20:53.0;
17;7625.62;2019-04-11 16:20:59.0;
17;7625.88;2019-04-11 16:21:02.0;
17;7625.62;2019-04-11 16:21:09.0;
17;7625.75;2019-04-11 16:21:10.0;
17;7626.12;2019-04-11 16:21:14.0;
17;7626.38;2019-04-11 16:21:26.0;
17;7626.75;2019-04-11 16:21:34.0;
17;7626.25;2019-04-11 16:21:39.0;
17;7626.75;2019-04-11 16:21:41.0;
17;7626.25;2019-04-11 16:21:43.0;
17;7625.38;2019-04-11 16:21:46.0;
17;7626.38;2019-04-11 16:21:49.0;
17;7626.62;2019-04-11 16:22:04.0;
17;7626.75;2019-04-11 16:22:08.0;
17;7626.62;2019-04-11 16:22:09.0;
17;7626.75;2019-04-11 16:22:11.0;
17;7626.12;2019-04-11 16:22:14.0;
17;7627;2019-04-11 16:22:17.0;
17;7627.12;2019-04-11 16:22:19.0;
17;7627.88;2019-04-11 16:22:30.0;
17;7627.12;2019-04-11 16:22:34.0;
17;7627.62;2019-04-11 16:22:37.0;
17;7627.12;2019-04-11 16:22:40.0;
17;7626.88;2019-04-11 16:22:43.0;
17;7627.12;2019-04-11 16:22:46.0;
17;7626.88;2019-04-11 16:22:47.0;
17;7626.62;2019-04-11 16:22:54.0;
17;7626.75;2019-04-11 16:23:01.0;
17;7626.62;2019-04-11 16:23:06.0;
17;7626.88;2019-04-11 16:23:10.0;
17;7626.38;2019-04-11 16:23:15.0;
17;7625.88;2019-04-11 16:23:19.0;
17;7625.62;2019-04-11 16:23:25.0;
17;7625.12;2019-04-11 16:23:29.0;
17;7625.62;2019-04-11 16:23:32.0;
17;7625.88;2019-04-11 16:23:37.0;
17;7625.62;2019-04-11 16:23:48.0;
17;7625.88;2019-04-11 16:24:02.0;
17;7625.62;2019-04-11 16:24:04.0;
17;7625.88;2019-04-11 16:24:05.0;
17;7625;2019-04-11 16:24:09.0;
17;7624.12;2019-04-11 16:24:17.0;
17;7624.38;2019-04-11 16:24:23.0;
17;7625.12;2019-04-11 16:24:30.0;
17;7625.38;2019-04-11 16:24:33.0;
17;7625.88;2019-04-11 16:24:36.0;
17;7627;2019-04-11 16:24:42.0;
17;7627.12;2019-04-11 16:24:45.0;
17;7627.38;2019-04-11 16:24:47.0;
17;7627.12;2019-04-11 16:24:51.0;
17;7627.75;2019-04-11 16:24:57.0;
17;7627.88;2019-04-11 16:25:02.0;
17;7627.12;2019-04-11 16:25:04.0;
17;7627.75;2019-04-11 16:25:10.0;
17;7627.38;2019-04-11 16:25:16.0;
17;7627;2019-04-11 16:25:22.0;
17;7626.88;2019-04-11 16:25:24.0;
17;7627;2019-04-11 16:25:26.0;
17;7626.38;2019-04-11 16:25:27.0;
17;7626.88;2019-04-11 16:25:28.0;
17;7626.38;2019-04-11 16:25:30.0;
17;7626.12;2019-04-11 16:25:35.0;
17;7625.62;2019-04-11 16:25:49.0;
17;7626.12;2019-04-11 16:26:05.0;
17;7626.38;2019-04-11 16:26:11.0;
17;7626.25;2019-04-11 16:26:17.0;
17;7626.38;2019-04-11 16:26:19.0;
17;7626.25;2019-04-11 16:26:20.0;
17;7626.38;2019-04-11 16:26:22.0;
17;7625.5;2019-04-11 16:26:24.0;
17;7625.62;2019-04-11 16:26:28.0;
17;7625.5;2019-04-11 16:26:30.0;
17;7625.62;2019-04-11 16:26:33.0;
17;7625.75;2019-04-11 16:26:40.0;
17;7626.62;2019-04-11 16:26:47.0;
17;7626.88;2019-04-11 16:27:04.0;
17;7626.62;2019-04-11 16:27:05.0;
17;7627.62;2019-04-11 16:27:06.0;
17;7625.88;2019-04-11 16:27:11.0;
17;7626.38;2019-04-11 16:27:17.0;
17;7626.25;2019-04-11 16:27:23.0;
17;7627;2019-04-11 16:27:28.0;
17;7626.38;2019-04-11 16:27:34.0;
17;7626.88;2019-04-11 16:27:42.0;
17;7626.12;2019-04-11 16:27:45.0;
17;7625.25;2019-04-11 16:27:47.0;
17;7626.12;2019-04-11 16:27:48.0;
17;7625.25;2019-04-11 16:27:51.0;
17;7624.38;2019-04-11 16:28:03.0;
17;7625.25;2019-04-11 16:28:05.0;
17;7624.38;2019-04-11 16:28:07.0;
17;7625.62;2019-04-11 16:28:09.0;
17;7625.75;2019-04-11 16:28:12.0;
17;7626.5;2019-04-11 16:28:16.0;
17;7625.75;2019-04-11 16:28:17.0;
17;7625.88;2019-04-11 16:28:19.0;
17;7625.12;2019-04-11 16:28:26.0;
17;7625.5;2019-04-11 16:28:27.0;
17;7625.38;2019-04-11 16:28:33.0;
17;7624.62;2019-04-11 16:28:38.0;
17;7624.38;2019-04-11 16:28:42.0;
17;7625.12;2019-04-11 16:28:43.0;
17;7626.12;2019-04-11 16:28:55.0;
17;7625.38;2019-04-11 16:29:01.0;
17;7625.62;2019-04-11 16:29:06.0;
17;7624.62;2019-04-11 16:29:14.0;
17;7625.12;2019-04-11 16:29:15.0;
17;7624.62;2019-04-11 16:29:18.0;
17;7625.12;2019-04-11 16:29:19.0;
17;7625.88;2019-04-11 16:29:22.0;
17;7625.12;2019-04-11 16:29:24.0;
17;7625.88;2019-04-11 16:29:26.0;
17;7626.62;2019-04-11 16:29:32.0;
17;7626.38;2019-04-11 16:29:37.0;
17;7626.62;2019-04-11 16:29:39.0;
17;7626.38;2019-04-11 16:29:40.0;
17;7625.88;2019-04-11 16:29:47.0;
17;7627.12;2019-04-11 16:29:51.0;
17;7626.5;2019-04-11 16:30:08.0;
17;7626.62;2019-04-11 16:30:14.0;
17;7626.38;2019-04-11 16:30:16.0;
17;7625.62;2019-04-11 16:30:25.0;
17;7625.12;2019-04-11 16:30:29.0;
17;7625.62;2019-04-11 16:30:31.0;
17;7625.12;2019-04-11 16:30:33.0;
17;7625.88;2019-04-11 16:30:36.0;
17;7625.12;2019-04-11 16:30:37.0;
17;7626.12;2019-04-11 16:30:40.0;
17;7626;2019-04-11 16:30:45.0;
17;7625.88;2019-04-11 16:30:50.0;
17;7626.12;2019-04-11 16:30:56.0;
17;7625.62;2019-04-11 16:30:59.0;
17;7626.12;2019-04-11 16:31:04.0;
17;7625.62;2019-04-11 16:31:10.0;
17;7625.75;2019-04-11 16:31:15.0;
17;7623.62;2019-04-11 16:31:17.0;
17;7623.5;2019-04-11 16:31:19.0;
17;7623.12;2019-04-11 16:31:31.0;
17;7623.38;2019-04-11 16:31:39.0;
17;7622.62;2019-04-11 16:31:40.0;
17;7623.62;2019-04-11 16:31:44.0;
17;7624.62;2019-04-11 16:31:49.0;
17;7623.62;2019-04-11 16:31:50.0;
17;7624.62;2019-04-11 16:31:52.0;
17;7626.12;2019-04-11 16:32:03.0;
17;7628.12;2019-04-11 16:32:07.0;
17;7628.38;2019-04-11 16:32:11.0;
17;7628.12;2019-04-11 16:32:13.0;
17;7628.38;2019-04-11 16:32:14.0;
17;7627.88;2019-04-11 16:32:16.0;
17;7627.38;2019-04-11 16:32:22.0;
17;7627.5;2019-04-11 16:32:37.0;
17;7627.12;2019-04-11 16:32:44.0;
17;7626.62;2019-04-11 16:32:52.0;
17;7626.75;2019-04-11 16:33:02.0;
17;7626.88;2019-04-11 16:33:08.0;
17;7626.62;2019-04-11 16:33:13.0;
17;7626.38;2019-04-11 16:33:20.0;
17;7626.62;2019-04-11 16:33:23.0;
17;7627.12;2019-04-11 16:33:28.0;
17;7626.38;2019-04-11 16:33:32.0;
17;7625.62;2019-04-11 16:33:38.0;
17;7625.38;2019-04-11 16:33:45.0;
17;7624.62;2019-04-11 16:33:48.0;
17;7624.12;2019-04-11 16:34:08.0;
17;7624.25;2019-04-11 16:34:17.0;
17;7622.62;2019-04-11 16:34:19.0;
17;7620.38;2019-04-11 16:34:26.0;
17;7620.88;2019-04-11 16:34:28.0;
17;7620.62;2019-04-11 16:34:32.0;
17;7620.88;2019-04-11 16:34:37.0;
17;7621.88;2019-04-11 16:34:44.0;
17;7622.38;2019-04-11 16:34:49.0;
17;7621.62;2019-04-11 16:34:51.0;
17;7621.5;2019-04-11 16:34:55.0;
17;7622.38;2019-04-11 16:35:01.0;
17;7621.88;2019-04-11 16:35:04.0;
17;7623.38;2019-04-11 16:35:09.0;
17;7622.88;2019-04-11 16:35:11.0;
17;7623.38;2019-04-11 16:35:12.0;
17;7622.88;2019-04-11 16:35:13.0;
17;7622.62;2019-04-11 16:35:18.0;
17;7622.88;2019-04-11 16:35:19.0;
17;7623.88;2019-04-11 16:35:24.0;
17;7624.62;2019-04-11 16:35:27.0;
17;7624.88;2019-04-11 16:35:31.0;
17;7624.62;2019-04-11 16:35:36.0;
17;7624.25;2019-04-11 16:35:40.0;
17;7625.62;2019-04-11 16:35:44.0;
17;7624.25;2019-04-11 16:35:45.0;
17;7625.62;2019-04-11 16:35:47.0;
17;7625.88;2019-04-11 16:35:51.0;
17;7624.38;2019-04-11 16:36:04.0;
17;7624.12;2019-04-11 16:36:10.0;
17;7624.62;2019-04-11 16:36:11.0;
17;7624.12;2019-04-11 16:36:13.0;
17;7624.62;2019-04-11 16:36:14.0;
17;7624.12;2019-04-11 16:36:17.0;
17;7623.38;2019-04-11 16:36:21.0;
17;7624.12;2019-04-11 16:36:22.0;
17;7623.38;2019-04-11 16:36:24.0;
17;7624.12;2019-04-11 16:36:25.0;
17;7624.62;2019-04-11 16:36:29.0;
17;7623.62;2019-04-11 16:36:31.0;
17;7624.62;2019-04-11 16:36:33.0;
17;7623.62;2019-04-11 16:36:34.0;
17;7624.12;2019-04-11 16:36:37.0;
17;7624.62;2019-04-11 16:36:43.0;
17;7624.5;2019-04-11 16:36:51.0;
17;7625.12;2019-04-11 16:36:55.0;
17;7625.62;2019-04-11 16:37:01.0;
17;7625.38;2019-04-11 16:37:03.0;
17;7625.62;2019-04-11 16:37:05.0;
17;7625.75;2019-04-11 16:37:07.0;
17;7625.38;2019-04-11 16:37:08.0;
17;7625.75;2019-04-11 16:37:10.0;
17;7625.38;2019-04-11 16:37:14.0;
17;7626.5;2019-04-11 16:37:17.0;
17;7625.38;2019-04-11 16:37:23.0;
17;7626.12;2019-04-11 16:37:24.0;
17;7625.38;2019-04-11 16:37:25.0;
17;7626.12;2019-04-11 16:37:27.0;
17;7626;2019-04-11 16:37:33.0;
17;7626.62;2019-04-11 16:37:37.0;
17;7626.75;2019-04-11 16:37:42.0;
17;7626.5;2019-04-11 16:37:49.0;
17;7627.62;2019-04-11 16:38:04.0;
17;7626.5;2019-04-11 16:38:05.0;
17;7627.62;2019-04-11 16:38:07.0;
17;7627.88;2019-04-11 16:38:09.0;
17;7627.12;2019-04-11 16:38:16.0;
17;7628.25;2019-04-11 16:38:22.0;
17;7628.38;2019-04-11 16:38:24.0;
17;7628.5;2019-04-11 16:38:32.0;
17;7628.38;2019-04-11 16:38:37.0;
17;7628.25;2019-04-11 16:38:40.0;
17;7628.12;2019-04-11 16:38:43.0;
17;7628.25;2019-04-11 16:38:44.0;
17;7628.12;2019-04-11 16:38:45.0;
17;7627.75;2019-04-11 16:38:48.0;
17;7627.38;2019-04-11 16:38:51.0;
17;7627.12;2019-04-11 16:38:58.0;
17;7626.88;2019-04-11 16:39:01.0;
17;7627.38;2019-04-11 16:39:06.0;
17;7627.88;2019-04-11 16:39:09.0;
17;7628;2019-04-11 16:39:12.0;
17;7628.75;2019-04-11 16:39:16.0;
17;7628.62;2019-04-11 16:39:21.0;
17;7628.38;2019-04-11 16:39:24.0;
17;7628.5;2019-04-11 16:39:29.0;
17;7628.12;2019-04-11 16:39:34.0;
17;7628;2019-04-11 16:39:41.0;
17;7628.12;2019-04-11 16:39:45.0;
17;7628.38;2019-04-11 16:39:48.0;
17;7628.75;2019-04-11 16:40:04.0;
17;7628.38;2019-04-11 16:40:07.0;
17;7628.88;2019-04-11 16:40:28.0;
17;7629.38;2019-04-11 16:40:39.0;
17;7631.25;2019-04-11 16:40:50.0;
17;7631.12;2019-04-11 16:40:54.0;
17;7630.88;2019-04-11 16:41:01.0;
17;7630.5;2019-04-11 16:41:08.0;
17;7630.25;2019-04-11 16:41:13.0;
17;7629.88;2019-04-11 16:41:18.0;
17;7629.38;2019-04-11 16:41:20.0;
17;7629.5;2019-04-11 16:41:27.0;
17;7630.25;2019-04-11 16:41:29.0;
17;7630.5;2019-04-11 16:41:32.0;
17;7630.88;2019-04-11 16:41:35.0;
17;7630.12;2019-04-11 16:41:41.0;
17;7630.62;2019-04-11 16:41:46.0;
17;7630.25;2019-04-11 16:42:06.0;
17;7630.5;2019-04-11 16:42:17.0;
17;7630.12;2019-04-11 16:42:21.0;
17;7630.38;2019-04-11 16:42:25.0;
17;7631.12;2019-04-11 16:42:30.0;
17;7631.38;2019-04-11 16:42:36.0;
17;7631.12;2019-04-11 16:42:37.0;
17;7631.38;2019-04-11 16:42:39.0;
17;7631.75;2019-04-11 16:42:41.0;
17;7631.38;2019-04-11 16:42:43.0;
17;7631.88;2019-04-11 16:42:47.0;
17;7632.12;2019-04-11 16:42:53.0;
17;7631.88;2019-04-11 16:42:54.0;
17;7632.12;2019-04-11 16:42:56.0;
17;7632.38;2019-04-11 16:42:58.0;
17;7632.62;2019-04-11 16:43:03.0;
17;7633.88;2019-04-11 16:43:11.0;
17;7633.38;2019-04-11 16:43:16.0;
17;7632.25;2019-04-11 16:43:24.0;
17;7633.38;2019-04-11 16:43:25.0;
17;7632.25;2019-04-11 16:43:27.0;
17;7631.75;2019-04-11 16:43:29.0;
17;7631.62;2019-04-11 16:43:34.0;
17;7632;2019-04-11 16:43:36.0;
17;7631.5;2019-04-11 16:43:41.0;
17;7631.88;2019-04-11 16:43:46.0;
17;7631.5;2019-04-11 16:43:50.0;
17;7632;2019-04-11 16:44:04.0;
17;7631.38;2019-04-11 16:44:11.0;
17;7630.88;2019-04-11 16:44:15.0;
17;7631.38;2019-04-11 16:44:21.0;
17;7631.5;2019-04-11 16:44:28.0;
17;7631.38;2019-04-11 16:44:35.0;
17;7631.12;2019-04-11 16:44:37.0;
17;7631.38;2019-04-11 16:44:38.0;
17;7631.12;2019-04-11 16:44:39.0;
17;7631.62;2019-04-11 16:44:42.0;
17;7631.38;2019-04-11 16:44:53.0;
17;7631.62;2019-04-11 16:44:56.0;
17;7631.5;2019-04-11 16:45:02.0;
17;7631.12;2019-04-11 16:45:07.0;
17;7631.25;2019-04-11 16:45:11.0;
17;7631.38;2019-04-11 16:45:16.0;
17;7632.5;2019-04-11 16:45:21.0;
17;7633.62;2019-04-11 16:45:28.0;
17;7633.25;2019-04-11 16:45:37.0;
17;7632.25;2019-04-11 16:45:43.0;
17;7633.25;2019-04-11 16:45:46.0;
17;7632.38;2019-04-11 16:45:48.0;
17;7632;2019-04-11 16:46:07.0;
17;7631.88;2019-04-11 16:46:09.0;
17;7631.75;2019-04-11 16:46:13.0;
17;7631.62;2019-04-11 16:46:16.0;
17;7631.75;2019-04-11 16:46:18.0;
17;7631.62;2019-04-11 16:46:19.0;
17;7632.12;2019-04-11 16:46:21.0;
17;7632.75;2019-04-11 16:46:28.0;
17;7632.62;2019-04-11 16:46:35.0;
17;7631.88;2019-04-11 16:46:36.0;
17;7632.62;2019-04-11 16:46:41.0;
17;7632.12;2019-04-11 16:46:47.0;
17;7632.62;2019-04-11 16:46:51.0;
17;7632.38;2019-04-11 16:46:57.0;
17;7632.25;2019-04-11 16:47:01.0;
17;7631.62;2019-04-11 16:47:03.0;
17;7632.25;2019-04-11 16:47:06.0;
17;7631.62;2019-04-11 16:47:07.0;
17;7631;2019-04-11 16:47:09.0;
17;7630.88;2019-04-11 16:47:10.0;
17;7631;2019-04-11 16:47:12.0;
17;7630.88;2019-04-11 16:47:13.0;
17;7629.88;2019-04-11 16:47:15.0;
17;7630.25;2019-04-11 16:47:21.0;
17;7629.88;2019-04-11 16:47:24.0;
17;7630.25;2019-04-11 16:47:25.0;
17;7630.38;2019-04-11 16:47:27.0;
17;7630.88;2019-04-11 16:47:33.0;
17;7630.62;2019-04-11 16:47:40.0;
17;7630.38;2019-04-11 16:47:50.0;
17;7629.62;2019-04-11 16:48:02.0;
17;7629.88;2019-04-11 16:48:06.0;
17;7629.62;2019-04-11 16:48:07.0;
17;7629.88;2019-04-11 16:48:09.0;
17;7630.12;2019-04-11 16:48:10.0;
17;7631;2019-04-11 16:48:14.0;
17;7630.12;2019-04-11 16:48:16.0;
17;7631;2019-04-11 16:48:17.0;
17;7631.62;2019-04-11 16:48:19.0;
17;7631;2019-04-11 16:48:22.0;
17;7631.12;2019-04-11 16:48:23.0;
17;7631.25;2019-04-11 16:48:29.0;
17;7630.12;2019-04-11 16:48:32.0;
17;7630.62;2019-04-11 16:48:38.0;
17;7630.38;2019-04-11 16:48:44.0;
17;7630.12;2019-04-11 16:48:53.0;
17;7629.88;2019-04-11 16:48:56.0;
17;7630.12;2019-04-11 16:48:57.0;
17;7629.88;2019-04-11 16:48:59.0;
17;7630.12;2019-04-11 16:49:09.0;
17;7629.88;2019-04-11 16:49:10.0;
17;7630.12;2019-04-11 16:49:12.0;
17;7629.88;2019-04-11 16:49:13.0;
17;7630.12;2019-04-11 16:49:16.0;
17;7629.88;2019-04-11 16:49:22.0;
17;7630;2019-04-11 16:49:30.0;
17;7629.88;2019-04-11 16:49:32.0;
17;7630;2019-04-11 16:49:33.0;
17;7630.12;2019-04-11 16:49:35.0;
17;7630.62;2019-04-11 16:49:39.0;
17;7631.12;2019-04-11 16:50:04.0;
17;7630.62;2019-04-11 16:50:08.0;
17;7631.25;2019-04-11 16:50:16.0;
17;7630.62;2019-04-11 16:50:22.0;
17;7631.12;2019-04-11 16:50:23.0;
17;7630.62;2019-04-11 16:50:25.0;
17;7631.12;2019-04-11 16:50:26.0;
17;7631.38;2019-04-11 16:50:44.0;
17;7630.88;2019-04-11 16:50:52.0;
17;7630.38;2019-04-11 16:51:08.0;
17;7630.88;2019-04-11 16:51:11.0;
17;7630.38;2019-04-11 16:51:13.0;
17;7630.88;2019-04-11 16:51:16.0;
17;7630.62;2019-04-11 16:51:20.0;
17;7630.88;2019-04-11 16:51:24.0;
17;7631.38;2019-04-11 16:51:30.0;
17;7630.88;2019-04-11 16:51:37.0;
17;7630.62;2019-04-11 16:51:40.0;
17;7630.88;2019-04-11 16:51:41.0;
17;7630.62;2019-04-11 16:51:43.0;
17;7630.88;2019-04-11 16:51:46.0;
17;7631.38;2019-04-11 16:51:48.0;
17;7631.12;2019-04-11 16:52:02.0;
17;7631.38;2019-04-11 16:52:04.0;
17;7631.12;2019-04-11 16:52:05.0;
17;7631.38;2019-04-11 16:52:08.0;
17;7631.62;2019-04-11 16:52:22.0;
17;7630.62;2019-04-11 16:52:25.0;
17;7630.88;2019-04-11 16:52:30.0;
17;7630.62;2019-04-11 16:52:31.0;
17;7630.88;2019-04-11 16:52:32.0;
17;7630.62;2019-04-11 16:52:40.0;
17;7631.12;2019-04-11 16:52:43.0;
17;7631.38;2019-04-11 16:52:52.0;
17;7630.88;2019-04-11 16:52:56.0;
17;7631.38;2019-04-11 16:52:57.0;
17;7630.88;2019-04-11 16:52:59.0;
17;7630.5;2019-04-11 16:53:05.0;
17;7631;2019-04-11 16:53:07.0;
17;7630.5;2019-04-11 16:53:09.0;
17;7631.38;2019-04-11 16:53:11.0;
17;7631.88;2019-04-11 16:53:15.0;
17;7631.62;2019-04-11 16:53:20.0;
17;7631.5;2019-04-11 16:53:24.0;
17;7631.38;2019-04-11 16:53:27.0;
17;7631.5;2019-04-11 16:53:28.0;
17;7630.88;2019-04-11 16:53:31.0;
17;7630.12;2019-04-11 16:53:35.0;
17;7630.88;2019-04-11 16:53:36.0;
17;7630.12;2019-04-11 16:53:37.0;
17;7630.25;2019-04-11 16:53:39.0;
17;7630.12;2019-04-11 16:53:40.0;
17;7630.25;2019-04-11 16:53:41.0;
17;7629.62;2019-04-11 16:53:46.0;
17;7629.38;2019-04-11 16:54:03.0;
17;7629.88;2019-04-11 16:54:09.0;
17;7630.25;2019-04-11 16:54:11.0;
17;7629.88;2019-04-11 16:54:12.0;
17;7630.25;2019-04-11 16:54:14.0;
17;7630.88;2019-04-11 16:54:17.0;
17;7631.12;2019-04-11 16:54:23.0;
17;7631.25;2019-04-11 16:54:35.0;
17;7631.38;2019-04-11 16:54:37.0;
17;7630.62;2019-04-11 16:54:40.0;
17;7630.25;2019-04-11 16:54:43.0;
17;7630.62;2019-04-11 16:54:45.0;
17;7630.25;2019-04-11 16:54:46.0;
17;7630.62;2019-04-11 16:54:47.0;
17;7630.12;2019-04-11 16:54:52.0;
17;7629.62;2019-04-11 16:54:56.0;
17;7630.12;2019-04-11 16:54:58.0;
17;7629.62;2019-04-11 16:54:59.0;
17;7629.25;2019-04-11 16:55:01.0;
17;7629;2019-04-11 16:55:07.0;
17;7628.12;2019-04-11 16:55:11.0;
17;7628.62;2019-04-11 16:55:15.0;
17;7628.75;2019-04-11 16:55:20.0;
17;7628.62;2019-04-11 16:55:30.0;
17;7628.5;2019-04-11 16:55:33.0;
17;7628.62;2019-04-11 16:55:35.0;
17;7628.5;2019-04-11 16:55:38.0;
17;7628.12;2019-04-11 16:55:40.0;
17;7628.88;2019-04-11 16:55:50.0;
17;7629.38;2019-04-11 16:55:52.0;
17;7629;2019-04-11 16:56:06.0;
17;7629.5;2019-04-11 16:56:14.0;
17;7629.88;2019-04-11 16:56:17.0;
17;7630.12;2019-04-11 16:56:27.0;
17;7629.88;2019-04-11 16:56:31.0;
17;7628.25;2019-04-11 16:56:39.0;
17;7628.12;2019-04-11 16:56:46.0;
17;7628.38;2019-04-11 16:56:47.0;
17;7628.12;2019-04-11 16:56:49.0;
17;7628.38;2019-04-11 16:56:50.0;
17;7628.25;2019-04-11 16:56:51.0;
17;7627.88;2019-04-11 16:56:58.0;
17;7628.38;2019-04-11 16:57:00.0;
17;7628.5;2019-04-11 16:57:04.0;
17;7628.62;2019-04-11 16:57:09.0;
17;7629.25;2019-04-11 16:57:13.0;
17;7628.62;2019-04-11 16:57:14.0;
17;7630.38;2019-04-11 16:57:16.0;
17;7629.88;2019-04-11 16:57:21.0;
17;7630.12;2019-04-11 16:57:26.0;
17;7630.5;2019-04-11 16:57:28.0;
17;7630.12;2019-04-11 16:57:29.0;
17;7630.88;2019-04-11 16:57:33.0;
17;7630.12;2019-04-11 16:57:35.0;
17;7630.88;2019-04-11 16:57:37.0;
17;7631.12;2019-04-11 16:57:38.0;
17;7631.38;2019-04-11 16:57:40.0;
17;7631.75;2019-04-11 16:57:44.0;
17;7631.38;2019-04-11 16:57:49.0;
17;7631.25;2019-04-11 16:58:04.0;
17;7631.38;2019-04-11 16:58:05.0;
17;7630.62;2019-04-11 16:58:12.0;
17;7631.38;2019-04-11 16:58:13.0;
17;7630.38;2019-04-11 16:58:14.0;
17;7630.62;2019-04-11 16:58:16.0;
17;7630.38;2019-04-11 16:58:18.0;
17;7630.62;2019-04-11 16:58:19.0;
17;7630.38;2019-04-11 16:58:22.0;
17;7630.62;2019-04-11 16:58:23.0;
17;7630.88;2019-04-11 16:58:25.0;
17;7631.12;2019-04-11 16:58:30.0;
17;7631;2019-04-11 16:58:40.0;
17;7630.62;2019-04-11 16:58:43.0;
17;7631;2019-04-11 16:58:44.0;
17;7630.62;2019-04-11 16:58:45.0;
17;7631;2019-04-11 16:59:03.0;
17;7630.62;2019-04-11 16:59:04.0;
17;7631;2019-04-11 16:59:06.0;
17;7631.12;2019-04-11 16:59:18.0;
17;7631;2019-04-11 16:59:20.0;
17;7631.12;2019-04-11 16:59:22.0;
17;7630.88;2019-04-11 16:59:28.0;
17;7631.38;2019-04-11 16:59:31.0;
17;7631.88;2019-04-11 16:59:32.0;
17;7631.38;2019-04-11 16:59:34.0;
17;7630.75;2019-04-11 16:59:40.0;
17;7631.38;2019-04-11 16:59:41.0;
17;7631.88;2019-04-11 16:59:50.0;
17;7632.38;2019-04-11 17:00:03.0;
17;7631.88;2019-04-11 17:00:05.0;
17;7632.38;2019-04-11 17:00:08.0;
17;7632.62;2019-04-11 17:00:09.0;
17;7632.25;2019-04-11 17:00:14.0;
17;7632.62;2019-04-11 17:00:21.0;
17;7632.25;2019-04-11 17:00:23.0;
17;7632.38;2019-04-11 17:00:24.0;
17;7633.12;2019-04-11 17:00:27.0;
17;7633.62;2019-04-11 17:00:36.0;
17;7634.62;2019-04-11 17:00:41.0;
17;7633.88;2019-04-11 17:00:48.0;
17;7634;2019-04-11 17:00:57.0;
17;7634.38;2019-04-11 17:00:58.0;
17;7634.75;2019-04-11 17:01:05.0;
17;7634.62;2019-04-11 17:01:11.0;
17;7634.12;2019-04-11 17:01:15.0;
17;7634.62;2019-04-11 17:01:17.0;
17;7634.12;2019-04-11 17:01:18.0;
17;7634;2019-04-11 17:01:24.0;
17;7634.25;2019-04-11 17:01:32.0;
17;7634.12;2019-04-11 17:01:39.0;
17;7634;2019-04-11 17:01:40.0;
17;7632.75;2019-04-11 17:01:48.0;
17;7632.38;2019-04-11 17:02:03.0;
17;7632.5;2019-04-11 17:02:08.0;
17;7632.38;2019-04-11 17:02:13.0;
17;7630.38;2019-04-11 17:02:18.0;
17;7630;2019-04-11 17:02:19.0;
17;7629.88;2019-04-11 17:02:29.0;
17;7630;2019-04-11 17:02:31.0;
17;7631.25;2019-04-11 17:02:32.0;
17;7630.88;2019-04-11 17:02:36.0;
17;7630.5;2019-04-11 17:02:42.0;
17;7631.12;2019-04-11 17:02:47.0;
17;7630.5;2019-04-11 17:02:49.0;
17;7631.12;2019-04-11 17:02:50.0;
17;7630.75;2019-04-11 17:02:54.0;
17;7631;2019-04-11 17:02:57.0;
17;7630.62;2019-04-11 17:02:59.0;
17;7630.5;2019-04-11 17:03:06.0;
17;7630.62;2019-04-11 17:03:10.0;
17;7630.88;2019-04-11 17:03:13.0;
17;7631;2019-04-11 17:03:15.0;
17;7630.88;2019-04-11 17:03:16.0;
17;7631;2019-04-11 17:03:17.0;
17;7630.25;2019-04-11 17:03:19.0;
17;7629.38;2019-04-11 17:03:24.0;
17;7628.62;2019-04-11 17:03:29.0;
17;7626.62;2019-04-11 17:03:34.0;
17;7627.12;2019-04-11 17:03:35.0;
17;7626.62;2019-04-11 17:03:40.0;
17;7625.88;2019-04-11 17:03:43.0;
17;7626.62;2019-04-11 17:03:44.0;
17;7625.88;2019-04-11 17:03:46.0;
17;7626.62;2019-04-11 17:03:51.0;
17;7627.12;2019-04-11 17:04:05.0;
17;7626.62;2019-04-11 17:04:06.0;
17;7626.38;2019-04-11 17:04:10.0;
17;7625.62;2019-04-11 17:04:15.0;
17;7626.12;2019-04-11 17:04:18.0;
17;7625.62;2019-04-11 17:04:20.0;
17;7626.12;2019-04-11 17:04:21.0;
17;7626.62;2019-04-11 17:04:23.0;
17;7627.38;2019-04-11 17:04:26.0;
17;7627.62;2019-04-11 17:04:31.0;
17;7627;2019-04-11 17:04:34.0;
17;7627.62;2019-04-11 17:04:35.0;
17;7627;2019-04-11 17:04:38.0;
17;7627.62;2019-04-11 17:04:44.0;
17;7629.12;2019-04-11 17:04:49.0;
17;7629.88;2019-04-11 17:04:55.0;
17;7629.75;2019-04-11 17:04:58.0;
17;7629.62;2019-04-11 17:05:03.0;
17;7630;2019-04-11 17:05:08.0;
17;7629.62;2019-04-11 17:05:13.0;
17;7629.75;2019-04-11 17:05:14.0;
17;7629.5;2019-04-11 17:05:17.0;
17;7629.62;2019-04-11 17:05:23.0;
17;7629.12;2019-04-11 17:05:29.0;
17;7629.25;2019-04-11 17:05:36.0;
17;7629.38;2019-04-11 17:05:40.0;
17;7630.38;2019-04-11 17:05:42.0;
17;7629.38;2019-04-11 17:05:44.0;
17;7630.38;2019-04-11 17:05:45.0;
17;7629.62;2019-04-11 17:05:47.0;
17;7629.88;2019-04-11 17:06:03.0;
17;7629.62;2019-04-11 17:06:05.0;
17;7629.88;2019-04-11 17:06:06.0;
17;7630;2019-04-11 17:06:08.0;
17;7630.12;2019-04-11 17:06:11.0;
17;7630.5;2019-04-11 17:06:15.0;
17;7631.12;2019-04-11 17:06:21.0;
17;7630.88;2019-04-11 17:06:34.0;
17;7631.12;2019-04-11 17:06:48.0;
17;7630.88;2019-04-11 17:06:50.0;
17;7631.12;2019-04-11 17:06:51.0;
17;7631;2019-04-11 17:06:57.0;
17;7631.12;2019-04-11 17:07:01.0;
17;7631;2019-04-11 17:07:03.0;
17;7631.12;2019-04-11 17:07:09.0;
17;7630.62;2019-04-11 17:07:16.0;
17;7630.75;2019-04-11 17:07:21.0;
17;7630.62;2019-04-11 17:07:23.0;
17;7630.75;2019-04-11 17:07:26.0;
17;7630.62;2019-04-11 17:07:28.0;
17;7630.88;2019-04-11 17:07:31.0;
17;7631.12;2019-04-11 17:07:37.0;
17;7631.38;2019-04-11 17:07:38.0;
17;7631.12;2019-04-11 17:07:39.0;
17;7631.38;2019-04-11 17:07:41.0;
17;7631.5;2019-04-11 17:07:44.0;
17;7631.62;2019-04-11 17:07:47.0;
17;7632.25;2019-04-11 17:08:03.0;
17;7631.62;2019-04-11 17:08:04.0;
17;7632.25;2019-04-11 17:08:06.0;
17;7632.38;2019-04-11 17:08:09.0;
17;7632.5;2019-04-11 17:08:12.0;
17;7632.88;2019-04-11 17:08:14.0;
17;7633.12;2019-04-11 17:08:23.0;
17;7632.62;2019-04-11 17:08:29.0;
17;7632.5;2019-04-11 17:08:39.0;
17;7632.62;2019-04-11 17:08:41.0;
17;7632.5;2019-04-11 17:08:44.0;
17;7632.75;2019-04-11 17:08:45.0;
17;7632.88;2019-04-11 17:08:47.0;
17;7633.12;2019-04-11 17:08:53.0;
17;7633;2019-04-11 17:08:56.0;
17;7633.38;2019-04-11 17:09:01.0;
17;7632.88;2019-04-11 17:09:03.0;
17;7633.12;2019-04-11 17:09:11.0;
17;7634.12;2019-04-11 17:09:16.0;
17;7633.88;2019-04-11 17:09:22.0;
17;7633.38;2019-04-11 17:09:23.0;
17;7633.88;2019-04-11 17:09:26.0;
17;7633.38;2019-04-11 17:09:28.0;
17;7632.62;2019-04-11 17:09:33.0;
17;7632.5;2019-04-11 17:09:40.0;
17;7633.12;2019-04-11 17:09:43.0;
17;7632.5;2019-04-11 17:09:46.0;
17;7633.12;2019-04-11 17:09:48.0;
17;7633.5;2019-04-11 17:10:03.0;
17;7633.38;2019-04-11 17:10:16.0;
17;7633;2019-04-11 17:10:20.0;
17;7632.88;2019-04-11 17:10:23.0;
17;7632.12;2019-04-11 17:10:27.0;
17;7632.38;2019-04-11 17:10:36.0;
17;7632.62;2019-04-11 17:10:40.0;
17;7632.5;2019-04-11 17:10:44.0;
17;7632.12;2019-04-11 17:10:51.0;
17;7632.25;2019-04-11 17:10:59.0;
17;7632.38;2019-04-11 17:11:03.0;
17;7632.12;2019-04-11 17:11:08.0;
17;7631.75;2019-04-11 17:11:13.0;
17;7631.38;2019-04-11 17:11:16.0;
17;7631.88;2019-04-11 17:11:20.0;
17;7631.62;2019-04-11 17:11:26.0;
17;7631.75;2019-04-11 17:11:34.0;
17;7631.88;2019-04-11 17:11:35.0;
17;7631.75;2019-04-11 17:11:36.0;
17;7631.88;2019-04-11 17:11:38.0;
17;7632.12;2019-04-11 17:11:48.0;
17;7632.75;2019-04-11 17:12:03.0;
17;7632.38;2019-04-11 17:12:15.0;
17;7631.12;2019-04-11 17:12:21.0;
17;7632.38;2019-04-11 17:12:22.0;
17;7631.38;2019-04-11 17:12:24.0;
17;7631.25;2019-04-11 17:12:30.0;
17;7631.38;2019-04-11 17:12:31.0;
17;7631.25;2019-04-11 17:12:41.0;
17;7631.38;2019-04-11 17:12:44.0;
17;7632.12;2019-04-11 17:12:50.0;
17;7632;2019-04-11 17:12:52.0;
17;7632.12;2019-04-11 17:12:54.0;
17;7632;2019-04-11 17:12:56.0;
17;7632.62;2019-04-11 17:13:00.0;
17;7632.75;2019-04-11 17:13:04.0;
17;7632.88;2019-04-11 17:13:08.0;
17;7631.75;2019-04-11 17:13:12.0;
17;7631.62;2019-04-11 17:13:21.0;
17;7631.88;2019-04-11 17:13:24.0;
17;7631.62;2019-04-11 17:13:32.0;
17;7631.88;2019-04-11 17:13:33.0;
17;7631.38;2019-04-11 17:13:35.0;
17;7631.75;2019-04-11 17:13:40.0;
17;7631.88;2019-04-11 17:13:45.0;
17;7631.62;2019-04-11 17:13:48.0;
17;7631.88;2019-04-11 17:13:49.0;
17;7631.62;2019-04-11 17:13:52.0;
17;7632.12;2019-04-11 17:14:04.0;
17;7631.62;2019-04-11 17:14:05.0;
17;7632.12;2019-04-11 17:14:06.0;
17;7632.38;2019-04-11 17:14:15.0;
17;7631.38;2019-04-11 17:14:20.0;
17;7631.75;2019-04-11 17:14:26.0;
17;7631.5;2019-04-11 17:14:28.0;
17;7631.38;2019-04-11 17:14:36.0;
17;7630.88;2019-04-11 17:14:40.0;
17;7631.25;2019-04-11 17:14:46.0;
17;7631.38;2019-04-11 17:14:49.0;
17;7631.62;2019-04-11 17:14:57.0;
17;7631.5;2019-04-11 17:15:01.0;
17;7631.62;2019-04-11 17:15:03.0;
17;7631.25;2019-04-11 17:15:08.0;
17;7631.75;2019-04-11 17:15:16.0;
17;7631.62;2019-04-11 17:15:19.0;
17;7631.75;2019-04-11 17:15:20.0;
17;7631.88;2019-04-11 17:15:23.0;
17;7632;2019-04-11 17:15:31.0;
17;7631.88;2019-04-11 17:15:36.0;
17;7632;2019-04-11 17:15:37.0;
17;7631.88;2019-04-11 17:15:39.0;
17;7631.62;2019-04-11 17:15:40.0;
17;7631.38;2019-04-11 17:15:48.0;
17;7631.62;2019-04-11 17:15:49.0;
17;7631.38;2019-04-11 17:15:51.0;
17;7631.88;2019-04-11 17:16:05.0;
17;7631.62;2019-04-11 17:16:10.0;
17;7631.88;2019-04-11 17:16:12.0;
17;7631.62;2019-04-11 17:16:13.0;
17;7631.88;2019-04-11 17:16:16.0;
17;7631.5;2019-04-11 17:16:18.0;
17;7631.38;2019-04-11 17:16:23.0;
17;7631.5;2019-04-11 17:16:24.0;
17;7631.38;2019-04-11 17:16:26.0;
17;7631.12;2019-04-11 17:16:28.0;
17;7630.88;2019-04-11 17:16:35.0;
17;7630.62;2019-04-11 17:16:37.0;
17;7630.88;2019-04-11 17:16:38.0;
17;7631.62;2019-04-11 17:16:39.0;
17;7631.75;2019-04-11 17:16:44.0;
17;7631.62;2019-04-11 17:16:45.0;
17;7631.75;2019-04-11 17:16:47.0;
17;7631.88;2019-04-11 17:16:48.0;
17;7632.5;2019-04-11 17:16:53.0;
17;7632.38;2019-04-11 17:16:57.0;
17;7632.5;2019-04-11 17:16:59.0;
17;7632.38;2019-04-11 17:17:00.0;
17;7632.88;2019-04-11 17:17:08.0;
17;7633.38;2019-04-11 17:17:10.0;
17;7632.62;2019-04-11 17:17:20.0;
17;7632.25;2019-04-11 17:17:27.0;
17;7632.62;2019-04-11 17:17:28.0;
17;7632.25;2019-04-11 17:17:31.0;
17;7632.62;2019-04-11 17:17:33.0;
17;7632.25;2019-04-11 17:17:35.0;
17;7632.38;2019-04-11 17:17:37.0;
17;7632.25;2019-04-11 17:17:38.0;
17;7632.38;2019-04-11 17:17:40.0;
17;7632.25;2019-04-11 17:17:42.0;
17;7632.38;2019-04-11 17:17:44.0;
17;7632.12;2019-04-11 17:17:47.0;
17;7631.38;2019-04-11 17:18:05.0;
17;7632.12;2019-04-11 17:18:07.0;
17;7631.5;2019-04-11 17:18:08.0;
17;7631.38;2019-04-11 17:18:13.0;
17;7631.75;2019-04-11 17:18:16.0;
17;7631.88;2019-04-11 17:18:19.0;
17;7631.75;2019-04-11 17:18:20.0;
17;7631.88;2019-04-11 17:18:22.0;
17;7631.75;2019-04-11 17:18:29.0;
17;7630.88;2019-04-11 17:18:30.0;
17;7631.75;2019-04-11 17:18:33.0;
17;7630.88;2019-04-11 17:18:35.0;
17;7630.62;2019-04-11 17:18:43.0;
17;7629.62;2019-04-11 17:18:51.0;
17;7629.38;2019-04-11 17:18:55.0;
17;7629.62;2019-04-11 17:18:57.0;
17;7629.12;2019-04-11 17:18:58.0;
17;7628.88;2019-04-11 17:19:04.0;
17;7628.62;2019-04-11 17:19:09.0;
17;7629.62;2019-04-11 17:19:13.0;
17;7630.25;2019-04-11 17:19:20.0;
17;7629.88;2019-04-11 17:19:27.0;
17;7631.25;2019-04-11 17:19:32.0;
17;7631.38;2019-04-11 17:19:35.0;
17;7631.12;2019-04-11 17:19:41.0;
17;7631.62;2019-04-11 17:19:48.0;
17;7631.38;2019-04-11 17:20:04.0;
17;7631.62;2019-04-11 17:20:12.0;
17;7631.88;2019-04-11 17:20:16.0;
17;7632.12;2019-04-11 17:20:20.0;
17;7632.38;2019-04-11 17:20:25.0;
17;7632.5;2019-04-11 17:20:26.0;
17;7632.38;2019-04-11 17:20:28.0;
17;7632.62;2019-04-11 17:20:32.0;
17;7633.38;2019-04-11 17:20:41.0;
17;7633.12;2019-04-11 17:20:46.0;
17;7632.88;2019-04-11 17:20:58.0;
17;7632.38;2019-04-11 17:21:04.0;
17;7632.62;2019-04-11 17:21:12.0;
17;7632.38;2019-04-11 17:21:13.0;
17;7632.88;2019-04-11 17:21:15.0;
17;7632.38;2019-04-11 17:21:19.0;
17;7633.12;2019-04-11 17:21:26.0;
17;7633;2019-04-11 17:21:32.0;
17;7633.12;2019-04-11 17:21:33.0;
17;7633;2019-04-11 17:21:34.0;
17;7633.38;2019-04-11 17:21:36.0;
17;7632.88;2019-04-11 17:21:39.0;
17;7633.38;2019-04-11 17:21:41.0;
17;7632.88;2019-04-11 17:21:42.0;
17;7633.38;2019-04-11 17:21:48.0;
17;7632.88;2019-04-11 17:22:05.0;
17;7633.12;2019-04-11 17:22:08.0;
17;7632.62;2019-04-11 17:22:18.0;
17;7633.12;2019-04-11 17:22:35.0;
17;7633;2019-04-11 17:22:39.0;
17;7632.88;2019-04-11 17:22:43.0;
17;7632.62;2019-04-11 17:22:50.0;
17;7633;2019-04-11 17:22:55.0;
17;7633.12;2019-04-11 17:23:01.0;
17;7633.62;2019-04-11 17:23:04.0;
17;7635.88;2019-04-11 17:23:08.0;
17;7633.62;2019-04-11 17:23:10.0;
17;7636.38;2019-04-11 17:23:11.0;
17;7635.88;2019-04-11 17:23:14.0;
17;7636.38;2019-04-11 17:23:16.0;
17;7635.12;2019-04-11 17:23:19.0;
17;7635.75;2019-04-11 17:23:30.0;
17;7635.88;2019-04-11 17:23:31.0;
17;7635.75;2019-04-11 17:23:32.0;
17;7635.88;2019-04-11 17:23:34.0;
17;7636.38;2019-04-11 17:23:35.0;
17;7636.25;2019-04-11 17:23:40.0;
17;7635.62;2019-04-11 17:23:44.0;
17;7636.25;2019-04-11 17:23:45.0;
17;7635.62;2019-04-11 17:23:47.0;
17;7635.75;2019-04-11 17:23:49.0;
17;7634.88;2019-04-11 17:24:05.0;
17;7635.38;2019-04-11 17:24:09.0;
17;7635.75;2019-04-11 17:24:12.0;
17;7635.38;2019-04-11 17:24:13.0;
17;7635.75;2019-04-11 17:24:15.0;
17;7636.12;2019-04-11 17:24:19.0;
17;7635.88;2019-04-11 17:24:26.0;
17;7635;2019-04-11 17:24:32.0;
17;7634.88;2019-04-11 17:24:35.0;
17;7634.62;2019-04-11 17:24:41.0;
17;7634.75;2019-04-11 17:24:43.0;
17;7633.88;2019-04-11 17:24:53.0;
17;7634;2019-04-11 17:24:55.0;
17;7634.5;2019-04-11 17:25:01.0;
17;7634;2019-04-11 17:25:03.0;
17;7634.38;2019-04-11 17:25:04.0;
17;7634.62;2019-04-11 17:25:08.0;
17;7634.25;2019-04-11 17:25:11.0;
17;7631.62;2019-04-11 17:25:16.0;
17;7631.75;2019-04-11 17:25:24.0;
17;7632.12;2019-04-11 17:25:28.0;
17;7631.62;2019-04-11 17:25:34.0;
17;7631.88;2019-04-11 17:25:41.0;
17;7632.12;2019-04-11 17:25:47.0;
17;7631.88;2019-04-11 17:25:48.0;
17;7632.12;2019-04-11 17:25:49.0;
17;7632.5;2019-04-11 17:26:03.0;
17;7632.12;2019-04-11 17:26:07.0;
17;7632.5;2019-04-11 17:26:08.0;
17;7631.75;2019-04-11 17:26:10.0;
17;7632.25;2019-04-11 17:26:14.0;
17;7632.5;2019-04-11 17:26:16.0;
17;7632.25;2019-04-11 17:26:17.0;
17;7632.12;2019-04-11 17:26:26.0;
17;7632.75;2019-04-11 17:26:31.0;
17;7632.62;2019-04-11 17:26:38.0;
17;7632.88;2019-04-11 17:26:39.0;
17;7633.38;2019-04-11 17:26:49.0;
17;7633;2019-04-11 17:26:50.0;
17;7632.88;2019-04-11 17:26:55.0;
17;7633.12;2019-04-11 17:27:07.0;
17;7632.88;2019-04-11 17:27:13.0;
17;7632.12;2019-04-11 17:27:17.0;
17;7632.62;2019-04-11 17:27:21.0;
17;7632.88;2019-04-11 17:27:27.0;
17;7633.12;2019-04-11 17:27:33.0;
17;7633.38;2019-04-11 17:27:38.0;
17;7633.12;2019-04-11 17:27:40.0;
17;7633.38;2019-04-11 17:27:48.0;
17;7633.5;2019-04-11 17:28:03.0;
17;7632.88;2019-04-11 17:28:12.0;
17;7631.88;2019-04-11 17:28:19.0;
17;7632.88;2019-04-11 17:28:20.0;
17;7631.88;2019-04-11 17:28:22.0;
17;7631.62;2019-04-11 17:28:27.0;
17;7631.5;2019-04-11 17:28:50.0;
17;7631.38;2019-04-11 17:28:51.0;
17;7632.12;2019-04-11 17:28:57.0;
17;7632.38;2019-04-11 17:28:59.0;
17;7632.62;2019-04-11 17:29:06.0;
17;7632.88;2019-04-11 17:29:35.0;
17;7632.5;2019-04-11 17:29:41.0;
17;7632.38;2019-04-11 17:29:47.0;
17;7632.25;2019-04-11 17:30:07.0;
17;7631.38;2019-04-11 17:30:09.0;
17;7630.38;2019-04-11 17:30:13.0;
17;7631.25;2019-04-11 17:30:15.0;
17;7630.38;2019-04-11 17:30:17.0;
17;7630.62;2019-04-11 17:30:18.0;
17;7630.38;2019-04-11 17:30:25.0;
17;7630.5;2019-04-11 17:30:30.0;
17;7630.62;2019-04-11 17:30:32.0;
17;7630.38;2019-04-11 17:30:36.0;
17;7630.25;2019-04-11 17:30:40.0;
17;7630.38;2019-04-11 17:30:41.0;
17;7630.25;2019-04-11 17:30:42.0;
17;7629.88;2019-04-11 17:31:02.0;
17;7630.12;2019-04-11 17:31:04.0;
17;7630.5;2019-04-11 17:31:09.0;
17;7630.62;2019-04-11 17:31:12.0;
17;7630.5;2019-04-11 17:31:13.0;
17;7630.88;2019-04-11 17:31:16.0;
17;7631.62;2019-04-11 17:31:29.0;
17;7631.38;2019-04-11 17:31:31.0;
17;7631.62;2019-04-11 17:31:37.0;
17;7631;2019-04-11 17:31:44.0;
17;7630.12;2019-04-11 17:32:04.0;
17;7629.88;2019-04-11 17:32:08.0;
17;7630.12;2019-04-11 17:32:16.0;
17;7629.62;2019-04-11 17:32:18.0;
17;7629.75;2019-04-11 17:32:19.0;
17;7629.62;2019-04-11 17:32:20.0;
17;7629.75;2019-04-11 17:32:22.0;
17;7629.62;2019-04-11 17:32:30.0;
17;7629.12;2019-04-11 17:32:35.0;
17;7628.75;2019-04-11 17:32:40.0;
17;7629.38;2019-04-11 17:32:45.0;
17;7628.75;2019-04-11 17:32:47.0;
17;7628.88;2019-04-11 17:32:48.0;
17;7628.62;2019-04-11 17:33:00.0;
17;7628.88;2019-04-11 17:33:01.0;
17;7628;2019-04-11 17:33:07.0;
17;7627.62;2019-04-11 17:33:12.0;
17;7628;2019-04-11 17:33:13.0;
17;7627.12;2019-04-11 17:33:15.0;
17;7627.38;2019-04-11 17:33:22.0;
17;7627.12;2019-04-11 17:33:27.0;
17;7627.62;2019-04-11 17:33:32.0;
17;7627.12;2019-04-11 17:33:35.0;
17;7627.88;2019-04-11 17:33:44.0;
17;7627.62;2019-04-11 17:33:49.0;
17;7627.12;2019-04-11 17:34:05.0;
17;7627.62;2019-04-11 17:34:08.0;
17;7627.38;2019-04-11 17:34:13.0;
17;7627.62;2019-04-11 17:34:16.0;
17;7626.88;2019-04-11 17:34:19.0;
17;7627.62;2019-04-11 17:34:20.0;
17;7626.88;2019-04-11 17:34:22.0;
17;7627.62;2019-04-11 17:34:25.0;
17;7626.88;2019-04-11 17:34:26.0;
17;7628.62;2019-04-11 17:34:28.0;
17;7628.12;2019-04-11 17:34:34.0;
17;7628.38;2019-04-11 17:34:37.0;
17;7627.62;2019-04-11 17:34:40.0;
17;7628.38;2019-04-11 17:34:41.0;
17;7627.62;2019-04-11 17:34:43.0;
17;7627.12;2019-04-11 17:34:44.0;
17;7627.62;2019-04-11 17:34:47.0;
17;7627.12;2019-04-11 17:34:53.0;
17;7627.62;2019-04-11 17:35:02.0;
17;7628;2019-04-11 17:35:07.0;
17;7627.62;2019-04-11 17:35:08.0;
17;7628;2019-04-11 17:35:10.0;
17;7628.75;2019-04-11 17:35:12.0;
17;7627.88;2019-04-11 17:35:16.0;
17;7628;2019-04-11 17:35:19.0;
17;7628.12;2019-04-11 17:35:27.0;
17;7628.88;2019-04-11 17:35:37.0;
17;7628.62;2019-04-11 17:35:39.0;
17;7628.88;2019-04-11 17:35:40.0;
17;7628.62;2019-04-11 17:35:41.0;
17;7629.12;2019-04-11 17:35:47.0;
17;7628.62;2019-04-11 17:35:48.0;
17;7629.12;2019-04-11 17:35:50.0;
17;7628.62;2019-04-11 17:35:51.0;
17;7629.62;2019-04-11 17:36:04.0;
17;7629.88;2019-04-11 17:36:10.0;
17;7629.62;2019-04-11 17:36:15.0;
17;7629.88;2019-04-11 17:36:20.0;
17;7629.62;2019-04-11 17:36:22.0;
17;7629.88;2019-04-11 17:36:24.0;
17;7629.62;2019-04-11 17:36:25.0;
17;7629.88;2019-04-11 17:36:27.0;
17;7629.75;2019-04-11 17:36:32.0;
17;7629.12;2019-04-11 17:36:38.0;
17;7628.88;2019-04-11 17:36:44.0;
17;7629.12;2019-04-11 17:36:46.0;
17;7628.88;2019-04-11 17:36:47.0;
17;7628.12;2019-04-11 17:36:50.0;
17;7628.62;2019-04-11 17:36:58.0;
17;7629.38;2019-04-11 17:37:01.0;
17;7628.62;2019-04-11 17:37:04.0;
17;7629.38;2019-04-11 17:37:06.0;
17;7629.88;2019-04-11 17:37:10.0;
17;7630.12;2019-04-11 17:37:14.0;
17;7630.38;2019-04-11 17:37:19.0;
17;7630.5;2019-04-11 17:37:30.0;
17;7630.38;2019-04-11 17:37:36.0;
17;7630.62;2019-04-11 17:38:04.0;
17;7630.5;2019-04-11 17:38:08.0;
17;7629.38;2019-04-11 17:38:15.0;
17;7628.38;2019-04-11 17:38:19.0;
17;7629.38;2019-04-11 17:38:21.0;
17;7628.38;2019-04-11 17:38:23.0;
17;7627.88;2019-04-11 17:38:26.0;
17;7628.62;2019-04-11 17:38:29.0;
17;7628.25;2019-04-11 17:38:34.0;
17;7627.75;2019-04-11 17:38:39.0;
17;7627.12;2019-04-11 17:38:43.0;
17;7626.88;2019-04-11 17:38:48.0;
17;7627.38;2019-04-11 17:38:52.0;
17;7627.12;2019-04-11 17:38:55.0;
17;7627.38;2019-04-11 17:38:57.0;
17;7627.12;2019-04-11 17:38:58.0;
17;7627.38;2019-04-11 17:39:05.0;
17;7627.62;2019-04-11 17:39:09.0;
17;7626.75;2019-04-11 17:39:12.0;
17;7627.62;2019-04-11 17:39:13.0;
17;7626.38;2019-04-11 17:39:15.0;
17;7625.38;2019-04-11 17:39:20.0;
17;7626.12;2019-04-11 17:39:26.0;
17;7624.38;2019-04-11 17:39:27.0;
17;7623.88;2019-04-11 17:39:31.0;
17;7623.12;2019-04-11 17:39:37.0;
17;7622.62;2019-04-11 17:39:46.0;
17;7622.88;2019-04-11 17:39:47.0;
17;7622.62;2019-04-11 17:39:48.0;
17;7622.88;2019-04-11 17:39:50.0;
17;7619.62;2019-04-11 17:40:07.0;
17;7617.38;2019-04-11 17:40:11.0;
17;7617.62;2019-04-11 17:40:18.0;
17;7619.38;2019-04-11 17:40:20.0;
17;7618.88;2019-04-11 17:40:23.0;
17;7619.38;2019-04-11 17:40:24.0;
17;7618.88;2019-04-11 17:40:26.0;
17;7616.88;2019-04-11 17:40:32.0;
17;7613.62;2019-04-11 17:40:39.0;
17;7612.88;2019-04-11 17:40:44.0;
17;7612.5;2019-04-11 17:40:46.0;
17;7613.38;2019-04-11 17:40:50.0;
17;7613.62;2019-04-11 17:40:55.0;
17;7613.38;2019-04-11 17:40:56.0;
17;7610.88;2019-04-11 17:41:03.0;
17;7609.88;2019-04-11 17:41:09.0;
17;7611.62;2019-04-11 17:41:11.0;
17;7611.88;2019-04-11 17:41:17.0;
17;7612.38;2019-04-11 17:41:18.0;
17;7612.25;2019-04-11 17:41:22.0;
17;7613.75;2019-04-11 17:41:27.0;
17;7613.62;2019-04-11 17:41:34.0;
17;7613.88;2019-04-11 17:41:37.0;
17;7613.62;2019-04-11 17:41:38.0;
17;7613.75;2019-04-11 17:41:40.0;
17;7614.38;2019-04-11 17:41:44.0;
17;7614.12;2019-04-11 17:41:48.0;
17;7615.38;2019-04-11 17:42:03.0;
17;7615;2019-04-11 17:42:27.0;
17;7614.25;2019-04-11 17:42:29.0;
17;7613.88;2019-04-11 17:42:32.0;
17;7614.25;2019-04-11 17:42:33.0;
17;7613.88;2019-04-11 17:42:35.0;
17;7614.38;2019-04-11 17:42:36.0;
17;7613.88;2019-04-11 17:42:37.0;
17;7614.38;2019-04-11 17:42:40.0;
17;7614.12;2019-04-11 17:42:44.0;
17;7613.88;2019-04-11 17:42:47.0;
17;7614.12;2019-04-11 17:42:49.0;
17;7613.38;2019-04-11 17:42:51.0;
17;7613.62;2019-04-11 17:42:59.0;
17;7613.38;2019-04-11 17:43:02.0;
17;7613.62;2019-04-11 17:43:03.0;
17;7613.38;2019-04-11 17:43:05.0;
17;7613.62;2019-04-11 17:43:11.0;
17;7613.12;2019-04-11 17:43:14.0;
17;7615.38;2019-04-11 17:43:17.0;
17;7615.62;2019-04-11 17:43:20.0;
17;7615.38;2019-04-11 17:43:21.0;
17;7615.62;2019-04-11 17:43:23.0;
17;7615.25;2019-04-11 17:43:30.0;
17;7616.62;2019-04-11 17:43:35.0;
17;7616.75;2019-04-11 17:43:40.0;
17;7616.62;2019-04-11 17:43:46.0;
17;7616.12;2019-04-11 17:43:47.0;
17;7615.38;2019-04-11 17:44:03.0;
17;7616.12;2019-04-11 17:44:06.0;
17;7615.38;2019-04-11 17:44:07.0;
17;7615.88;2019-04-11 17:44:08.0;
17;7616.62;2019-04-11 17:44:18.0;
17;7615.75;2019-04-11 17:44:19.0;
17;7615.25;2019-04-11 17:44:24.0;
17;7614.62;2019-04-11 17:44:28.0;
17;7615.12;2019-04-11 17:44:31.0;
17;7616.38;2019-04-11 17:44:37.0;
17;7616.88;2019-04-11 17:44:39.0;
17;7616.38;2019-04-11 17:44:45.0;
17;7616.62;2019-04-11 17:44:48.0;
17;7617.12;2019-04-11 17:44:55.0;
17;7616.12;2019-04-11 17:45:06.0;
17;7616.88;2019-04-11 17:45:08.0;
17;7616.12;2019-04-11 17:45:09.0;
17;7616.88;2019-04-11 17:45:12.0;
17;7617.25;2019-04-11 17:45:21.0;
17;7617.5;2019-04-11 17:45:31.0;
17;7617.88;2019-04-11 17:45:32.0;
17;7617.62;2019-04-11 17:45:36.0;
17;7618.12;2019-04-11 17:45:43.0;
17;7618.62;2019-04-11 17:45:48.0;
17;7618.38;2019-04-11 17:46:05.0;
17;7617.38;2019-04-11 17:46:09.0;
17;7617.62;2019-04-11 17:46:10.0;
17;7617.38;2019-04-11 17:46:12.0;
17;7617.62;2019-04-11 17:46:14.0;
17;7617.38;2019-04-11 17:46:15.0;
17;7617.88;2019-04-11 17:46:21.0;
17;7617.38;2019-04-11 17:46:22.0;
17;7617.88;2019-04-11 17:46:24.0;
17;7617.5;2019-04-11 17:46:27.0;
17;7617.88;2019-04-11 17:46:28.0;
17;7617.62;2019-04-11 17:46:31.0;
17;7617.88;2019-04-11 17:46:34.0;
17;7618.38;2019-04-11 17:46:40.0;
17;7617.88;2019-04-11 17:46:46.0;
17;7618.62;2019-04-11 17:46:47.0;
17;7618.5;2019-04-11 17:46:54.0;
17;7618.62;2019-04-11 17:46:56.0;
17;7618.12;2019-04-11 17:46:59.0;
17;7618;2019-04-11 17:47:07.0;
17;7618.25;2019-04-11 17:47:10.0;
17;7618;2019-04-11 17:47:11.0;
17;7618.25;2019-04-11 17:47:13.0;
17;7617.88;2019-04-11 17:47:18.0;
17;7618;2019-04-11 17:47:30.0;
17;7617.5;2019-04-11 17:47:36.0;
17;7617;2019-04-11 17:47:40.0;
17;7617.62;2019-04-11 17:47:47.0;
17;7618.62;2019-04-11 17:48:03.0;
17;7617.62;2019-04-11 17:48:05.0;
17;7618.62;2019-04-11 17:48:06.0;
17;7618.75;2019-04-11 17:48:08.0;
17;7618.38;2019-04-11 17:48:11.0;
17;7618.75;2019-04-11 17:48:17.0;
17;7619.38;2019-04-11 17:48:24.0;
17;7618.88;2019-04-11 17:48:27.0;
17;7618.62;2019-04-11 17:48:32.0;
17;7619.12;2019-04-11 17:48:39.0;
17;7619.25;2019-04-11 17:48:48.0;
17;7618.88;2019-04-11 17:48:55.0;
17;7619.12;2019-04-11 17:49:00.0;
17;7618.5;2019-04-11 17:49:05.0;
17;7617.38;2019-04-11 17:49:11.0;
17;7616.88;2019-04-11 17:49:18.0;
17;7617.38;2019-04-11 17:49:23.0;
17;7617.88;2019-04-11 17:49:24.0;
17;7618.12;2019-04-11 17:49:27.0;
17;7618.5;2019-04-11 17:49:38.0;
17;7618.12;2019-04-11 17:49:40.0;
17;7618.5;2019-04-11 17:49:42.0;
17;7618.62;2019-04-11 17:49:44.0;
17;7618.88;2019-04-11 17:49:50.0;
17;7618.12;2019-04-11 17:50:03.0;
17;7618.88;2019-04-11 17:50:05.0;
17;7618.12;2019-04-11 17:50:06.0;
17;7618.38;2019-04-11 17:50:10.0;
17;7618.62;2019-04-11 17:50:13.0;
17;7618.12;2019-04-11 17:50:16.0;
17;7619.25;2019-04-11 17:50:20.0;
17;7619.88;2019-04-11 17:50:26.0;
17;7620.38;2019-04-11 17:50:29.0;
17;7620.62;2019-04-11 17:50:32.0;
17;7620.88;2019-04-11 17:50:36.0;
17;7620.62;2019-04-11 17:50:38.0;
17;7620.88;2019-04-11 17:50:39.0;
17;7621.38;2019-04-11 17:50:41.0;
17;7621.12;2019-04-11 17:50:43.0;
17;7621.38;2019-04-11 17:50:44.0;
17;7621.12;2019-04-11 17:50:45.0;
17;7620.88;2019-04-11 17:50:48.0;
17;7622;2019-04-11 17:50:51.0;
17;7620.88;2019-04-11 17:50:52.0;
17;7622;2019-04-11 17:50:54.0;
17;7621.62;2019-04-11 17:50:58.0;
17;7620.38;2019-04-11 17:51:01.0;
17;7620.62;2019-04-11 17:51:18.0;
17;7620.5;2019-04-11 17:51:27.0;
17;7620.62;2019-04-11 17:51:28.0;
17;7620.5;2019-04-11 17:51:29.0;
17;7620.38;2019-04-11 17:51:31.0;
17;7620.25;2019-04-11 17:51:37.0;
17;7619.5;2019-04-11 17:51:43.0;
17;7620.12;2019-04-11 17:51:47.0;
17;7618.62;2019-04-11 17:52:04.0;
17;7618.38;2019-04-11 17:52:14.0;
17;7618.62;2019-04-11 17:52:21.0;
17;7619.38;2019-04-11 17:52:28.0;
17;7618.88;2019-04-11 17:52:32.0;
17;7619.38;2019-04-11 17:52:42.0;
17;7619.25;2019-04-11 17:52:46.0;
17;7619.12;2019-04-11 17:52:47.0;
17;7618.75;2019-04-11 17:53:12.0;
17;7619.88;2019-04-11 17:53:18.0;
17;7619.62;2019-04-11 17:53:19.0;
17;7619.12;2019-04-11 17:53:23.0;
17;7618.38;2019-04-11 17:53:34.0;
17;7618.75;2019-04-11 17:53:37.0;
17;7619.38;2019-04-11 17:53:42.0;
17;7618.88;2019-04-11 17:53:47.0;
17;7618.38;2019-04-11 17:54:04.0;
17;7618.88;2019-04-11 17:54:10.0;
17;7619.5;2019-04-11 17:54:14.0;
17;7619.38;2019-04-11 17:54:19.0;
17;7619.12;2019-04-11 17:54:32.0;
17;7618.62;2019-04-11 17:54:38.0;
17;7618.88;2019-04-11 17:54:39.0;
17;7619.38;2019-04-11 17:54:45.0;
17;7619.62;2019-04-11 17:54:53.0;
17;7619.12;2019-04-11 17:54:57.0;
17;7618.62;2019-04-11 17:54:59.0;
17;7619.12;2019-04-11 17:55:00.0;
17;7617.88;2019-04-11 17:55:03.0;
17;7617.38;2019-04-11 17:55:09.0;
17;7616.62;2019-04-11 17:55:11.0;
17;7617.38;2019-04-11 17:55:13.0;
17;7616.62;2019-04-11 17:55:15.0;
17;7617.38;2019-04-11 17:55:26.0;
17;7616.5;2019-04-11 17:55:28.0;
17;7617.38;2019-04-11 17:55:29.0;
17;7617.12;2019-04-11 17:55:32.0;
17;7617.62;2019-04-11 17:55:35.0;
17;7618.88;2019-04-11 17:56:03.0;
17;7617.62;2019-04-11 17:56:04.0;
17;7618.88;2019-04-11 17:56:06.0;
17;7619.38;2019-04-11 17:56:11.0;
17;7619.88;2019-04-11 17:56:17.0;
17;7620.12;2019-04-11 17:56:26.0;
17;7620.62;2019-04-11 17:56:29.0;
17;7620.12;2019-04-11 17:56:33.0;
17;7620.38;2019-04-11 17:56:34.0;
17;7620.12;2019-04-11 17:56:37.0;
17;7620.38;2019-04-11 17:56:39.0;
17;7620.25;2019-04-11 17:56:42.0;
17;7619.62;2019-04-11 17:56:45.0;
17;7619.25;2019-04-11 17:56:48.0;
17;7619.38;2019-04-11 17:56:51.0;
17;7619.25;2019-04-11 17:56:52.0;
17;7619.38;2019-04-11 17:56:54.0;
17;7619.5;2019-04-11 17:56:55.0;
17;7619.62;2019-04-11 17:57:00.0;
17;7619.38;2019-04-11 17:57:05.0;
17;7620.38;2019-04-11 17:57:10.0;
17;7620.88;2019-04-11 17:57:17.0;
17;7621.12;2019-04-11 17:57:19.0;
17;7620.88;2019-04-11 17:57:21.0;
17;7621.12;2019-04-11 17:57:22.0;
17;7620.5;2019-04-11 17:57:24.0;
17;7620.38;2019-04-11 17:57:27.0;
17;7619.75;2019-04-11 17:57:34.0;
17;7620;2019-04-11 17:57:35.0;
17;7620.62;2019-04-11 17:57:43.0;
17;7620.75;2019-04-11 17:57:48.0;
17;7619.88;2019-04-11 17:58:03.0;
17;7619.5;2019-04-11 17:58:14.0;
17;7619.62;2019-04-11 17:58:16.0;
17;7620.12;2019-04-11 17:58:27.0;
17;7620.38;2019-04-11 17:58:32.0;
17;7621.38;2019-04-11 17:58:36.0;
17;7620.88;2019-04-11 17:58:39.0;
17;7621.38;2019-04-11 17:58:42.0;
17;7620.88;2019-04-11 17:58:43.0;
17;7620.38;2019-04-11 17:58:45.0;
17;7619.62;2019-04-11 17:58:46.0;
17;7619.38;2019-04-11 17:58:51.0;
17;7619.12;2019-04-11 17:59:01.0;
17;7619.38;2019-04-11 17:59:06.0;
17;7619;2019-04-11 17:59:07.0;
17;7619.38;2019-04-11 17:59:09.0;
17;7619;2019-04-11 17:59:10.0;
17;7618.88;2019-04-11 17:59:12.0;
17;7619.38;2019-04-11 17:59:19.0;
17;7618.88;2019-04-11 17:59:20.0;
17;7619.38;2019-04-11 17:59:22.0;
17;7619.25;2019-04-11 17:59:25.0;
17;7619.38;2019-04-11 17:59:27.0;
17;7619.12;2019-04-11 17:59:33.0;
17;7619;2019-04-11 17:59:36.0;
17;7619.12;2019-04-11 17:59:43.0;
17;7619.62;2019-04-11 17:59:50.0;
17;7619.38;2019-04-11 18:00:03.0;
17;7619.62;2019-04-11 18:00:04.0;
17;7619.38;2019-04-11 18:00:06.0;
17;7620.62;2019-04-11 18:00:09.0;
17;7620.38;2019-04-11 18:00:14.0;
17;7618.75;2019-04-11 18:00:15.0;
17;7618.38;2019-04-11 18:00:21.0;
17;7618.25;2019-04-11 18:00:27.0;
17;7617.88;2019-04-11 18:00:34.0;
17;7618.12;2019-04-11 18:00:38.0;
17;7617.88;2019-04-11 18:00:40.0;
17;7618;2019-04-11 18:00:47.0;
17;7617.62;2019-04-11 18:00:53.0;
17;7618.12;2019-04-11 18:00:57.0;
17;7618.62;2019-04-11 18:00:58.0;
17;7618.12;2019-04-11 18:01:00.0;
17;7617.62;2019-04-11 18:01:03.0;
17;7617;2019-04-11 18:01:14.0;
17;7618.12;2019-04-11 18:01:17.0;
17;7617.88;2019-04-11 18:01:21.0;
17;7618.12;2019-04-11 18:01:22.0;
17;7617.88;2019-04-11 18:01:23.0;
17;7617.62;2019-04-11 18:01:25.0;
17;7618.62;2019-04-11 18:01:37.0;
17;7619.12;2019-04-11 18:01:48.0;
17;7618.62;2019-04-11 18:01:49.0;
17;7619.12;2019-04-11 18:01:52.0;
17;7618.62;2019-04-11 18:02:03.0;
17;7617.62;2019-04-11 18:02:08.0;
17;7617.12;2019-04-11 18:02:10.0;
17;7617.38;2019-04-11 18:02:17.0;
17;7617.25;2019-04-11 18:02:23.0;
17;7617.62;2019-04-11 18:02:28.0;
17;7617.88;2019-04-11 18:02:32.0;
17;7618;2019-04-11 18:02:35.0;
17;7618.12;2019-04-11 18:02:41.0;
17;7618;2019-04-11 18:02:42.0;
17;7618.12;2019-04-11 18:02:44.0;
17;7618.62;2019-04-11 18:02:45.0;
17;7618.88;2019-04-11 18:02:47.0;
17;7618.62;2019-04-11 18:02:48.0;
17;7618.88;2019-04-11 18:02:50.0;
17;7618.25;2019-04-11 18:02:55.0;
17;7618.38;2019-04-11 18:03:01.0;
17;7619;2019-04-11 18:03:04.0;
17;7619.25;2019-04-11 18:03:08.0;
17;7618.88;2019-04-11 18:03:12.0;
17;7618.25;2019-04-11 18:03:19.0;
17;7618.5;2019-04-11 18:03:27.0;
17;7618.38;2019-04-11 18:03:34.0;
17;7618.12;2019-04-11 18:03:36.0;
17;7618.25;2019-04-11 18:03:49.0;
17;7618.62;2019-04-11 18:04:03.0;
17;7618.88;2019-04-11 18:04:06.0;
17;7618.62;2019-04-11 18:04:09.0;
17;7618.88;2019-04-11 18:04:10.0;
17;7618;2019-04-11 18:04:14.0;
17;7619.62;2019-04-11 18:04:20.0;
17;7618;2019-04-11 18:04:21.0;
17;7619.88;2019-04-11 18:04:23.0;
17;7619.62;2019-04-11 18:04:24.0;
17;7619.88;2019-04-11 18:04:26.0;
17;7620.62;2019-04-11 18:04:36.0;
17;7619.88;2019-04-11 18:04:37.0;
17;7620.62;2019-04-11 18:04:38.0;
17;7620.12;2019-04-11 18:04:40.0;
17;7619.88;2019-04-11 18:04:43.0;
17;7619.62;2019-04-11 18:04:47.0;
17;7620.38;2019-04-11 18:04:56.0;
17;7621.25;2019-04-11 18:05:03.0;
17;7621.12;2019-04-11 18:05:06.0;
17;7620.88;2019-04-11 18:05:16.0;
17;7620.75;2019-04-11 18:05:19.0;
17;7620.88;2019-04-11 18:05:20.0;
17;7620.75;2019-04-11 18:05:22.0;
17;7621.38;2019-04-11 18:05:23.0;
17;7621.12;2019-04-11 18:05:26.0;
17;7621.38;2019-04-11 18:05:28.0;
17;7621.12;2019-04-11 18:05:29.0;
17;7621;2019-04-11 18:05:33.0;
17;7620.62;2019-04-11 18:05:38.0;
17;7621.38;2019-04-11 18:05:44.0;
17;7621.62;2019-04-11 18:05:47.0;
17;7621.38;2019-04-11 18:06:04.0;
17;7622.12;2019-04-11 18:06:13.0;
17;7622.38;2019-04-11 18:06:19.0;
17;7621.88;2019-04-11 18:06:27.0;
17;7622.12;2019-04-11 18:06:29.0;
17;7621.88;2019-04-11 18:06:30.0;
17;7620.62;2019-04-11 18:06:46.0;
17;7620.88;2019-04-11 18:06:49.0;
17;7620.75;2019-04-11 18:06:57.0;
17;7620.62;2019-04-11 18:06:59.0;
17;7621.5;2019-04-11 18:07:03.0;
17;7621.75;2019-04-11 18:07:10.0;
17;7621.25;2019-04-11 18:07:15.0;
17;7621.38;2019-04-11 18:07:22.0;
17;7621.12;2019-04-11 18:07:28.0;
17;7621.38;2019-04-11 18:07:35.0;
17;7621.75;2019-04-11 18:07:40.0;
17;7621.25;2019-04-11 18:07:48.0;
17;7620.88;2019-04-11 18:08:07.0;
17;7620.62;2019-04-11 18:08:08.0;
17;7622;2019-04-11 18:08:11.0;
17;7620.62;2019-04-11 18:08:14.0;
17;7622.62;2019-04-11 18:08:16.0;
17;7622.38;2019-04-11 18:08:19.0;
17;7622.62;2019-04-11 18:08:26.0;
17;7622.38;2019-04-11 18:08:28.0;
17;7622.62;2019-04-11 18:08:30.0;
17;7622.12;2019-04-11 18:08:32.0;
17;7620.75;2019-04-11 18:08:35.0;
17;7622.12;2019-04-11 18:08:37.0;
17;7620.75;2019-04-11 18:08:38.0;
17;7620.88;2019-04-11 18:08:41.0;
17;7621.25;2019-04-11 18:08:47.0;
17;7620.62;2019-04-11 18:08:52.0;
17;7621.25;2019-04-11 18:08:54.0;
17;7620.62;2019-04-11 18:08:56.0;
17;7620.88;2019-04-11 18:09:03.0;
17;7621.25;2019-04-11 18:09:08.0;
17;7621.38;2019-04-11 18:09:14.0;
17;7622.38;2019-04-11 18:09:15.0;
17;7622.62;2019-04-11 18:09:21.0;
17;7622.38;2019-04-11 18:09:25.0;
17;7622.62;2019-04-11 18:09:35.0;
17;7622.88;2019-04-11 18:09:39.0;
17;7621.62;2019-04-11 18:09:44.0;
17;7621.88;2019-04-11 18:09:51.0;
17;7622.38;2019-04-11 18:10:07.0;
17;7622.62;2019-04-11 18:10:13.0;
17;7622.88;2019-04-11 18:10:20.0;
17;7622.62;2019-04-11 18:10:26.0;
17;7622.75;2019-04-11 18:10:32.0;
17;7622.62;2019-04-11 18:10:40.0;
17;7622.25;2019-04-11 18:10:43.0;
17;7622.12;2019-04-11 18:10:50.0;
17;7621.5;2019-04-11 18:10:56.0;
17;7621.88;2019-04-11 18:10:58.0;
17;7622.38;2019-04-11 18:11:03.0;
17;7621.88;2019-04-11 18:11:04.0;
17;7621.38;2019-04-11 18:11:06.0;
17;7621.12;2019-04-11 18:11:15.0;
17;7620.88;2019-04-11 18:11:22.0;
17;7621.88;2019-04-11 18:11:27.0;
17;7621.62;2019-04-11 18:11:42.0;
17;7620.88;2019-04-11 18:11:47.0;
17;7621.38;2019-04-11 18:12:07.0;
17;7620.88;2019-04-11 18:12:09.0;
17;7620.62;2019-04-11 18:12:20.0;
17;7620.5;2019-04-11 18:12:26.0;
17;7620.62;2019-04-11 18:12:33.0;
17;7620.5;2019-04-11 18:12:35.0;
17;7620.62;2019-04-11 18:12:37.0;
17;7620.38;2019-04-11 18:12:44.0;
17;7620;2019-04-11 18:12:54.0;
17;7620.12;2019-04-11 18:12:59.0;
17;7619.88;2019-04-11 18:13:03.0;
17;7620.12;2019-04-11 18:13:05.0;
17;7619.88;2019-04-11 18:13:06.0;
17;7619.38;2019-04-11 18:13:07.0;
17;7619.88;2019-04-11 18:13:09.0;
17;7619.38;2019-04-11 18:13:10.0;
17;7620.12;2019-04-11 18:13:18.0;
17;7619.38;2019-04-11 18:13:24.0;
17;7619.12;2019-04-11 18:13:36.0;
17;7619.38;2019-04-11 18:13:43.0;
17;7619.88;2019-04-11 18:13:47.0;
17;7619.75;2019-04-11 18:14:03.0;
17;7620.12;2019-04-11 18:14:07.0;
17;7619.75;2019-04-11 18:14:08.0;
17;7620.12;2019-04-11 18:14:10.0;
17;7620;2019-04-11 18:14:11.0;
17;7619.88;2019-04-11 18:14:17.0;
17;7620.62;2019-04-11 18:14:19.0;
17;7620.25;2019-04-11 18:14:27.0;
17;7620.38;2019-04-11 18:14:37.0;
17;7620.12;2019-04-11 18:14:39.0;
17;7620.38;2019-04-11 18:14:40.0;
17;7620.12;2019-04-11 18:14:43.0;
17;7620.88;2019-04-11 18:14:49.0;
17;7621.12;2019-04-11 18:14:54.0;
17;7621;2019-04-11 18:14:56.0;
17;7621.38;2019-04-11 18:15:00.0;
17;7621;2019-04-11 18:15:01.0;
17;7620.5;2019-04-11 18:15:03.0;
17;7621.38;2019-04-11 18:15:05.0;
17;7620.5;2019-04-11 18:15:06.0;
17;7620.38;2019-04-11 18:15:08.0;
17;7619.38;2019-04-11 18:15:13.0;
17;7619.62;2019-04-11 18:15:18.0;
17;7619.88;2019-04-11 18:15:19.0;
17;7619.75;2019-04-11 18:15:24.0;
17;7619.25;2019-04-11 18:15:27.0;
17;7619.38;2019-04-11 18:15:34.0;
17;7619.62;2019-04-11 18:15:35.0;
17;7619.5;2019-04-11 18:15:40.0;
17;7619.38;2019-04-11 18:15:45.0;
17;7618.62;2019-04-11 18:16:06.0;
17;7619.38;2019-04-11 18:16:07.0;
17;7618.62;2019-04-11 18:16:08.0;
17;7617.62;2019-04-11 18:16:17.0;
17;7618.38;2019-04-11 18:16:24.0;
17;7618.12;2019-04-11 18:16:27.0;
17;7618.38;2019-04-11 18:16:28.0;
17;7618.12;2019-04-11 18:16:29.0;
17;7618;2019-04-11 18:16:32.0;
17;7617;2019-04-11 18:16:35.0;
17;7618;2019-04-11 18:16:36.0;
17;7616.25;2019-04-11 18:16:39.0;
17;7614.88;2019-04-11 18:16:45.0;
17;7615.62;2019-04-11 18:16:47.0;
17;7616.12;2019-04-11 18:16:52.0;
17;7615.62;2019-04-11 18:16:55.0;
17;7616.12;2019-04-11 18:16:56.0;
17;7616.38;2019-04-11 18:16:58.0;
17;7616.88;2019-04-11 18:17:06.0;
17;7616.62;2019-04-11 18:17:08.0;
17;7616.5;2019-04-11 18:17:10.0;
17;7617.75;2019-04-11 18:17:17.0;
17;7617.38;2019-04-11 18:17:21.0;
17;7617;2019-04-11 18:17:25.0;
17;7616.75;2019-04-11 18:17:27.0;
17;7617;2019-04-11 18:17:30.0;
17;7618.25;2019-04-11 18:17:31.0;
17;7618.75;2019-04-11 18:17:37.0;
17;7618.88;2019-04-11 18:17:41.0;
17;7618.62;2019-04-11 18:17:48.0;
17;7619.5;2019-04-11 18:18:05.0;
17;7619.25;2019-04-11 18:18:08.0;
17;7619.5;2019-04-11 18:18:11.0;
17;7618.88;2019-04-11 18:18:12.0;
17;7618.75;2019-04-11 18:18:20.0;
17;7619.38;2019-04-11 18:18:23.0;
17;7619.62;2019-04-11 18:18:30.0;
17;7619.38;2019-04-11 18:18:32.0;
17;7619.62;2019-04-11 18:18:34.0;
17;7619.88;2019-04-11 18:18:36.0;
17;7620;2019-04-11 18:18:43.0;
17;7619.88;2019-04-11 18:18:47.0;
17;7620;2019-04-11 18:18:48.0;
17;7619.88;2019-04-11 18:18:49.0;
17;7619.62;2019-04-11 18:18:51.0;
17;7619.5;2019-04-11 18:18:56.0;
17;7619.75;2019-04-11 18:18:59.0;
17;7619.5;2019-04-11 18:19:01.0;
17;7619.75;2019-04-11 18:19:03.0;
17;7619.62;2019-04-11 18:19:07.0;
17;7619.75;2019-04-11 18:19:16.0;
17;7620;2019-04-11 18:19:23.0;
17;7619.75;2019-04-11 18:19:25.0;
17;7619.5;2019-04-11 18:19:27.0;
17;7619.12;2019-04-11 18:19:33.0;
17;7618.62;2019-04-11 18:19:39.0;
17;7618.88;2019-04-11 18:19:44.0;
17;7618.62;2019-04-11 18:19:45.0;
17;7618.88;2019-04-11 18:19:47.0;
17;7618.5;2019-04-11 18:19:48.0;
17;7618.88;2019-04-11 18:19:50.0;
17;7618.5;2019-04-11 18:19:51.0;
17;7618.25;2019-04-11 18:20:02.0;
17;7618.12;2019-04-11 18:20:09.0;
17;7618.25;2019-04-11 18:20:11.0;
17;7618;2019-04-11 18:20:12.0;
17;7617.62;2019-04-11 18:20:18.0;
17;7617.38;2019-04-11 18:20:21.0;
17;7618;2019-04-11 18:20:24.0;
17;7618.5;2019-04-11 18:20:27.0;
17;7618;2019-04-11 18:20:32.0;
17;7618.5;2019-04-11 18:20:34.0;
17;7618;2019-04-11 18:20:36.0;
17;7618.75;2019-04-11 18:20:40.0;
17;7618;2019-04-11 18:20:43.0;
17;7618.88;2019-04-11 18:20:45.0;
17;7618.62;2019-04-11 18:20:49.0;
17;7618.88;2019-04-11 18:20:53.0;
17;7618.75;2019-04-11 18:20:57.0;
17;7618.5;2019-04-11 18:21:02.0;
17;7618.25;2019-04-11 18:21:04.0;
17;7618.5;2019-04-11 18:21:06.0;
17;7618.75;2019-04-11 18:21:14.0;
17;7618.88;2019-04-11 18:21:19.0;
17;7619.25;2019-04-11 18:21:24.0;
17;7618.62;2019-04-11 18:21:28.0;
17;7617.62;2019-04-11 18:21:31.0;
17;7618;2019-04-11 18:21:35.0;
17;7617.75;2019-04-11 18:21:39.0;
17;7617.62;2019-04-11 18:21:47.0;
17;7618.12;2019-04-11 18:22:04.0;
17;7619.38;2019-04-11 18:22:09.0;
17;7620.12;2019-04-11 18:22:16.0;
17;7620.38;2019-04-11 18:22:22.0;
17;7620.75;2019-04-11 18:22:32.0;
17;7620.38;2019-04-11 18:22:33.0;
17;7621.12;2019-04-11 18:22:35.0;
17;7620.75;2019-04-11 18:22:36.0;
17;7621.12;2019-04-11 18:22:38.0;
17;7621.5;2019-04-11 18:22:50.0;
17;7620;2019-04-11 18:22:56.0;
17;7620.62;2019-04-11 18:22:59.0;
17;7620.88;2019-04-11 18:23:04.0;
17;7620.5;2019-04-11 18:23:11.0;
17;7620.62;2019-04-11 18:23:16.0;
17;7620.75;2019-04-11 18:23:21.0;
17;7620.5;2019-04-11 18:23:28.0;
17;7620.25;2019-04-11 18:23:31.0;
17;7620.5;2019-04-11 18:23:41.0;
17;7620.25;2019-04-11 18:23:44.0;
17;7620;2019-04-11 18:23:49.0;
17;7619.88;2019-04-11 18:24:05.0;
17;7620.62;2019-04-11 18:24:12.0;
17;7620.75;2019-04-11 18:24:31.0;
17;7620.62;2019-04-11 18:24:32.0;
17;7620.75;2019-04-11 18:24:34.0;
17;7621;2019-04-11 18:24:35.0;
17;7620;2019-04-11 18:24:40.0;
17;7621;2019-04-11 18:24:42.0;
17;7620;2019-04-11 18:24:43.0;
17;7620.5;2019-04-11 18:24:49.0;
17;7620.38;2019-04-11 18:24:56.0;
17;7620.5;2019-04-11 18:25:07.0;
17;7620.38;2019-04-11 18:25:10.0;
17;7620.5;2019-04-11 18:25:12.0;
17;7619.62;2019-04-11 18:25:13.0;
17;7619.38;2019-04-11 18:25:15.0;
17;7619.62;2019-04-11 18:25:18.0;
17;7619.12;2019-04-11 18:25:25.0;
17;7619.25;2019-04-11 18:25:29.0;
17;7619.12;2019-04-11 18:25:33.0;
17;7618.88;2019-04-11 18:25:38.0;
17;7619.25;2019-04-11 18:25:44.0;
17;7619.88;2019-04-11 18:25:47.0;
17;7619.25;2019-04-11 18:25:48.0;
17;7619.88;2019-04-11 18:25:50.0;
17;7617.75;2019-04-11 18:26:06.0;
17;7619.88;2019-04-11 18:26:07.0;
17;7617.5;2019-04-11 18:26:09.0;
17;7617.75;2019-04-11 18:26:10.0;
17;7617.12;2019-04-11 18:26:12.0;
17;7617.5;2019-04-11 18:26:13.0;
17;7617.12;2019-04-11 18:26:14.0;
17;7617.5;2019-04-11 18:26:16.0;
17;7617.62;2019-04-11 18:26:19.0;
17;7617.5;2019-04-11 18:26:21.0;
17;7617.62;2019-04-11 18:26:22.0;
17;7617.38;2019-04-11 18:26:25.0;
17;7617.12;2019-04-11 18:26:34.0;
17;7616.88;2019-04-11 18:26:41.0;
17;7617.12;2019-04-11 18:26:54.0;
17;7617.62;2019-04-11 18:26:55.0;
17;7617.12;2019-04-11 18:26:57.0;
17;7617.62;2019-04-11 18:26:58.0;
17;7617.38;2019-04-11 18:27:00.0;
17;7617.25;2019-04-11 18:27:03.0;
17;7617;2019-04-11 18:27:09.0;
17;7617.12;2019-04-11 18:27:14.0;
17;7617;2019-04-11 18:27:16.0;
17;7617.25;2019-04-11 18:27:22.0;
17;7617.88;2019-04-11 18:27:26.0;
17;7618.12;2019-04-11 18:27:28.0;
17;7617.88;2019-04-11 18:27:30.0;
17;7618.38;2019-04-11 18:27:31.0;
17;7618.12;2019-04-11 18:27:33.0;
17;7618.38;2019-04-11 18:27:34.0;
17;7618.5;2019-04-11 18:27:40.0;
17;7618.62;2019-04-11 18:27:44.0;
17;7618.25;2019-04-11 18:27:51.0;
17;7617.88;2019-04-11 18:28:03.0;
17;7618.25;2019-04-11 18:28:05.0;
17;7617.88;2019-04-11 18:28:06.0;
17;7618;2019-04-11 18:28:08.0;
17;7617.88;2019-04-11 18:28:09.0;
17;7618.12;2019-04-11 18:28:18.0;
17;7617.88;2019-04-11 18:28:22.0;
17;7618.12;2019-04-11 18:28:29.0;
17;7618.25;2019-04-11 18:28:36.0;
17;7618.12;2019-04-11 18:28:38.0;
17;7618.25;2019-04-11 18:28:39.0;
17;7618.12;2019-04-11 18:28:40.0;
17;7618.5;2019-04-11 18:28:45.0;
17;7618.12;2019-04-11 18:28:46.0;
17;7618.5;2019-04-11 18:28:47.0;
17;7618.38;2019-04-11 18:28:50.0;
17;7618.25;2019-04-11 18:28:56.0;
17;7618.38;2019-04-11 18:29:01.0;
17;7618.25;2019-04-11 18:29:03.0;
17;7618.38;2019-04-11 18:29:04.0;
17;7618.25;2019-04-11 18:29:07.0;
17;7618.38;2019-04-11 18:29:18.0;
17;7618.5;2019-04-11 18:29:27.0;
17;7618.38;2019-04-11 18:29:28.0;
17;7618.5;2019-04-11 18:29:29.0;
17;7618.62;2019-04-11 18:29:33.0;
17;7618.5;2019-04-11 18:29:35.0;
17;7618.12;2019-04-11 18:29:46.0;
17;7618.5;2019-04-11 18:29:47.0;
17;7618.75;2019-04-11 18:30:04.0;
17;7618.38;2019-04-11 18:30:15.0;
17;7618.5;2019-04-11 18:30:21.0;
17;7617.75;2019-04-11 18:30:27.0;
17;7618.62;2019-04-11 18:30:31.0;
17;7619.38;2019-04-11 18:30:36.0;
17;7618.88;2019-04-11 18:30:41.0;
17;7618.12;2019-04-11 18:30:47.0;
17;7618.88;2019-04-11 18:30:49.0;
17;7618.12;2019-04-11 18:30:50.0;
17;7618.25;2019-04-11 18:30:53.0;
17;7618.88;2019-04-11 18:30:56.0;
17;7618.25;2019-04-11 18:30:57.0;
17;7618.88;2019-04-11 18:30:58.0;
17;7618.5;2019-04-11 18:31:01.0;
17;7618;2019-04-11 18:31:06.0;
17;7618.5;2019-04-11 18:31:07.0;
17;7618.62;2019-04-11 18:31:15.0;
17;7619.12;2019-04-11 18:31:25.0;
17;7619.25;2019-04-11 18:31:33.0;
17;7619.38;2019-04-11 18:31:35.0;
17;7619.25;2019-04-11 18:31:37.0;
17;7619.38;2019-04-11 18:31:39.0;
17;7619.62;2019-04-11 18:31:40.0;
17;7619.75;2019-04-11 18:31:48.0;
17;7620.12;2019-04-11 18:32:04.0;
17;7619.88;2019-04-11 18:32:08.0;
17;7619.75;2019-04-11 18:32:19.0;
17;7620;2019-04-11 18:32:25.0;
17;7619.88;2019-04-11 18:32:31.0;
17;7619.62;2019-04-11 18:32:38.0;
17;7620.12;2019-04-11 18:32:39.0;
17;7619.62;2019-04-11 18:32:42.0;
17;7620.38;2019-04-11 18:32:44.0;
17;7620.62;2019-04-11 18:32:48.0;
17;7620.88;2019-04-11 18:32:55.0;
17;7620.62;2019-04-11 18:32:57.0;
17;7620.88;2019-04-11 18:32:59.0;
17;7621.38;2019-04-11 18:33:01.0;
17;7620.88;2019-04-11 18:33:08.0;
17;7620.38;2019-04-11 18:33:11.0;
17;7620.88;2019-04-11 18:33:12.0;
17;7620.38;2019-04-11 18:33:14.0;
17;7620.62;2019-04-11 18:33:15.0;
17;7620.88;2019-04-11 18:33:21.0;
17;7620.5;2019-04-11 18:33:23.0;
17;7620.62;2019-04-11 18:33:30.0;
17;7620.12;2019-04-11 18:33:36.0;
17;7619.88;2019-04-11 18:33:42.0;
17;7619.75;2019-04-11 18:33:44.0;
17;7620.25;2019-04-11 18:33:50.0;
17;7619.62;2019-04-11 18:34:03.0;
17;7620.25;2019-04-11 18:34:04.0;
17;7619.62;2019-04-11 18:34:05.0;
17;7619.38;2019-04-11 18:34:07.0;
17;7620;2019-04-11 18:34:11.0;
17;7620.12;2019-04-11 18:34:14.0;
17;7619.62;2019-04-11 18:34:20.0;
17;7620.12;2019-04-11 18:34:21.0;
17;7619.62;2019-04-11 18:34:23.0;
17;7619.75;2019-04-11 18:34:24.0;
17;7619.5;2019-04-11 18:34:28.0;
17;7619.75;2019-04-11 18:34:29.0;
17;7620.12;2019-04-11 18:34:30.0;
17;7620.25;2019-04-11 18:34:38.0;
17;7620.38;2019-04-11 18:34:46.0;
17;7619.62;2019-04-11 18:34:49.0;
17;7620.38;2019-04-11 18:34:52.0;
17;7620.12;2019-04-11 18:34:57.0;
17;7620.5;2019-04-11 18:34:59.0;
17;7620.38;2019-04-11 18:35:06.0;
17;7620.12;2019-04-11 18:35:07.0;
17;7620.38;2019-04-11 18:35:10.0;
17;7620.12;2019-04-11 18:35:11.0;
17;7620.88;2019-04-11 18:35:16.0;
17;7620.62;2019-04-11 18:35:22.0;
17;7620.12;2019-04-11 18:35:32.0;
17;7619.75;2019-04-11 18:35:35.0;
17;7619.62;2019-04-11 18:35:47.0;
17;7620.38;2019-04-11 18:36:05.0;
17;7619.88;2019-04-11 18:36:12.0;
17;7619.75;2019-04-11 18:36:15.0;
17;7619.88;2019-04-11 18:36:21.0;
17;7619.62;2019-04-11 18:36:25.0;
17;7619.38;2019-04-11 18:36:27.0;
17;7619.62;2019-04-11 18:36:28.0;
17;7620.12;2019-04-11 18:36:31.0;
17;7620.25;2019-04-11 18:36:45.0;
17;7620.12;2019-04-11 18:36:48.0;
17;7620.25;2019-04-11 18:36:50.0;
17;7620.12;2019-04-11 18:36:51.0;
17;7620.62;2019-04-11 18:36:54.0;
17;7621.12;2019-04-11 18:37:01.0;
17;7620.88;2019-04-11 18:37:07.0;
17;7620.62;2019-04-11 18:37:14.0;
17;7620.38;2019-04-11 18:37:16.0;
17;7620.62;2019-04-11 18:37:17.0;
17;7620.38;2019-04-11 18:37:18.0;
17;7620.62;2019-04-11 18:37:23.0;
17;7620.5;2019-04-11 18:37:29.0;
17;7620.88;2019-04-11 18:37:31.0;
17;7620.5;2019-04-11 18:37:32.0;
17;7620.88;2019-04-11 18:37:34.0;
17;7621.12;2019-04-11 18:37:35.0;
17;7621;2019-04-11 18:37:39.0;
17;7620.62;2019-04-11 18:37:48.0;
17;7620.88;2019-04-11 18:38:05.0;
17;7621.12;2019-04-11 18:38:07.0;
17;7621.25;2019-04-11 18:38:11.0;
17;7621.12;2019-04-11 18:38:13.0;
17;7621.25;2019-04-11 18:38:14.0;
17;7621.12;2019-04-11 18:38:15.0;
17;7621.25;2019-04-11 18:38:22.0;
17;7621.38;2019-04-11 18:38:25.0;
17;7621.25;2019-04-11 18:38:27.0;
17;7621.75;2019-04-11 18:38:28.0;
17;7621.38;2019-04-11 18:38:34.0;
17;7620.88;2019-04-11 18:38:42.0;
17;7621.38;2019-04-11 18:38:44.0;
17;7620.88;2019-04-11 18:38:45.0;
17;7620.62;2019-04-11 18:38:48.0;
17;7620.75;2019-04-11 18:38:55.0;
17;7619.88;2019-04-11 18:39:00.0;
17;7619.62;2019-04-11 18:39:07.0;
17;7619.88;2019-04-11 18:39:08.0;
17;7620.12;2019-04-11 18:39:11.0;
17;7619.88;2019-04-11 18:39:14.0;
17;7620.38;2019-04-11 18:39:15.0;
17;7620.12;2019-04-11 18:39:26.0;
17;7620.38;2019-04-11 18:39:40.0;
17;7620.12;2019-04-11 18:39:44.0;
17;7619.38;2019-04-11 18:39:49.0;
17;7620.38;2019-04-11 18:40:06.0;
17;7620.62;2019-04-11 18:40:13.0;
17;7621.12;2019-04-11 18:40:20.0;
17;7620.38;2019-04-11 18:40:23.0;
17;7620.88;2019-04-11 18:40:36.0;
17;7620.38;2019-04-11 18:40:37.0;
17;7620.88;2019-04-11 18:40:39.0;
17;7620.38;2019-04-11 18:40:47.0;
17;7619.88;2019-04-11 18:40:56.0;
17;7619.62;2019-04-11 18:41:02.0;
17;7619.88;2019-04-11 18:41:03.0;
17;7619.62;2019-04-11 18:41:05.0;
17;7619.88;2019-04-11 18:41:06.0;
17;7619.62;2019-04-11 18:41:10.0;
17;7619.88;2019-04-11 18:41:12.0;
17;7619.62;2019-04-11 18:41:13.0;
17;7619.5;2019-04-11 18:41:24.0;
17;7620.12;2019-04-11 18:41:31.0;
17;7619.38;2019-04-11 18:41:32.0;
17;7620.12;2019-04-11 18:41:33.0;
17;7619.38;2019-04-11 18:41:42.0;
17;7620;2019-04-11 18:42:08.0;
17;7619.62;2019-04-11 18:42:14.0;
17;7619.5;2019-04-11 18:42:15.0;
17;7619.38;2019-04-11 18:42:19.0;
17;7619.75;2019-04-11 18:42:27.0;
17;7619.62;2019-04-11 18:42:34.0;
17;7619.75;2019-04-11 18:42:44.0;
17;7619.88;2019-04-11 18:42:49.0;
17;7619.62;2019-04-11 18:42:51.0;
17;7619.38;2019-04-11 18:42:56.0;
17;7619.12;2019-04-11 18:42:59.0;
17;7619.38;2019-04-11 18:43:03.0;
17;7619.62;2019-04-11 18:43:11.0;
17;7619.88;2019-04-11 18:43:27.0;
17;7620.12;2019-04-11 18:43:31.0;
17;7620.38;2019-04-11 18:43:40.0;
17;7620;2019-04-11 18:43:52.0;
17;7619.88;2019-04-11 18:44:09.0;
17;7620.62;2019-04-11 18:44:11.0;
17;7620.88;2019-04-11 18:44:17.0;
17;7621.12;2019-04-11 18:44:30.0;
17;7621;2019-04-11 18:44:31.0;
17;7621.12;2019-04-11 18:44:34.0;
17;7621;2019-04-11 18:44:37.0;
17;7621.12;2019-04-11 18:44:38.0;
17;7621;2019-04-11 18:44:44.0;
17;7620.88;2019-04-11 18:44:50.0;
17;7620.75;2019-04-11 18:44:52.0;
17;7620.62;2019-04-11 18:44:59.0;
17;7620.88;2019-04-11 18:45:08.0;
17;7621.88;2019-04-11 18:45:18.0;
17;7622.62;2019-04-11 18:45:19.0;
17;7621.88;2019-04-11 18:45:21.0;
17;7622.62;2019-04-11 18:45:22.0;
17;7621.88;2019-04-11 18:45:25.0;
17;7621.62;2019-04-11 18:45:27.0;
17;7621;2019-04-11 18:45:33.0;
17;7620.88;2019-04-11 18:45:36.0;
17;7620.62;2019-04-11 18:45:43.0;
17;7620.5;2019-04-11 18:45:49.0;
17;7619.75;2019-04-11 18:46:02.0;
17;7619.38;2019-04-11 18:46:11.0;
17;7619.75;2019-04-11 18:46:24.0;
17;7619.88;2019-04-11 18:46:28.0;
17;7620.12;2019-04-11 18:46:33.0;
17;7620.38;2019-04-11 18:46:39.0;
17;7620.12;2019-04-11 18:46:40.0;
17;7620.38;2019-04-11 18:46:43.0;
17;7620.5;2019-04-11 18:46:45.0;
17;7619.88;2019-04-11 18:46:56.0;
17;7619.62;2019-04-11 18:46:59.0;
17;7619.88;2019-04-11 18:47:13.0;
17;7620.12;2019-04-11 18:47:16.0;
17;7619.88;2019-04-11 18:47:19.0;
17;7619.62;2019-04-11 18:47:24.0;
17;7619.88;2019-04-11 18:47:30.0;
17;7619.75;2019-04-11 18:47:31.0;
17;7620.12;2019-04-11 18:47:40.0;
17;7620.75;2019-04-11 18:47:51.0;
17;7620.12;2019-04-11 18:48:03.0;
17;7619.88;2019-04-11 18:48:08.0;
17;7620.12;2019-04-11 18:48:09.0;
17;7620.38;2019-04-11 18:48:19.0;
17;7620.12;2019-04-11 18:48:36.0;
17;7620.38;2019-04-11 18:48:39.0;
17;7620.12;2019-04-11 18:48:44.0;
17;7620.62;2019-04-11 18:48:53.0;
17;7619.75;2019-04-11 18:48:55.0;
17;7620.62;2019-04-11 18:48:56.0;
17;7619.75;2019-04-11 18:48:57.0;
17;7619.88;2019-04-11 18:49:07.0;
17;7619.62;2019-04-11 18:49:11.0;
17;7619.88;2019-04-11 18:49:17.0;
17;7619.62;2019-04-11 18:49:20.0;
17;7619.88;2019-04-11 18:49:23.0;
17;7619.38;2019-04-11 18:49:39.0;
17;7619.88;2019-04-11 18:49:44.0;
17;7619.75;2019-04-11 18:49:46.0;
17;7619.62;2019-04-11 18:50:09.0;
17;7619.88;2019-04-11 18:50:19.0;
17;7620;2019-04-11 18:50:24.0;
17;7619.62;2019-04-11 18:50:27.0;
17;7619.88;2019-04-11 18:50:43.0;
17;7619.62;2019-04-11 18:50:44.0;
17;7619.88;2019-04-11 18:50:46.0;
17;7620;2019-04-11 18:50:48.0;
17;7620.38;2019-04-11 18:50:52.0;
17;7620.12;2019-04-11 18:50:57.0;
17;7620.5;2019-04-11 18:51:03.0;
17;7620.88;2019-04-11 18:51:08.0;
17;7620.62;2019-04-11 18:51:13.0;
17;7620.12;2019-04-11 18:51:16.0;
17;7620.62;2019-04-11 18:51:18.0;
17;7620;2019-04-11 18:51:19.0;
17;7620.25;2019-04-11 18:51:25.0;
17;7620.5;2019-04-11 18:51:26.0;
17;7620.88;2019-04-11 18:51:32.0;
17;7621.12;2019-04-11 18:51:38.0;
17;7621;2019-04-11 18:51:49.0;
17;7620.25;2019-04-11 18:52:06.0;
17;7620.12;2019-04-11 18:52:14.0;
17;7620.5;2019-04-11 18:52:19.0;
17;7620.38;2019-04-11 18:52:24.0;
17;7620.88;2019-04-11 18:52:26.0;
17;7621.38;2019-04-11 18:52:31.0;
17;7620.88;2019-04-11 18:52:33.0;
17;7621.38;2019-04-11 18:52:34.0;
17;7621.88;2019-04-11 18:52:37.0;
17;7622.12;2019-04-11 18:52:43.0;
17;7622.62;2019-04-11 18:52:48.0;
17;7622.38;2019-04-11 18:52:50.0;
17;7622.62;2019-04-11 18:52:51.0;
17;7622.38;2019-04-11 18:52:53.0;
17;7622.88;2019-04-11 18:53:00.0;
17;7622.62;2019-04-11 18:53:08.0;
17;7623.12;2019-04-11 18:53:14.0;
17;7622.88;2019-04-11 18:53:18.0;
17;7623.12;2019-04-11 18:53:19.0;
17;7622.88;2019-04-11 18:53:21.0;
17;7622.62;2019-04-11 18:53:25.0;
17;7623.38;2019-04-11 18:53:31.0;
17;7623.25;2019-04-11 18:53:34.0;
17;7623.38;2019-04-11 18:53:35.0;
17;7623.25;2019-04-11 18:53:37.0;
17;7623.12;2019-04-11 18:53:40.0;
17;7623.38;2019-04-11 18:53:46.0;
17;7625.12;2019-04-11 18:54:03.0;
17;7623.38;2019-04-11 18:54:04.0;
17;7625.38;2019-04-11 18:54:06.0;
17;7626;2019-04-11 18:54:13.0;
17;7625.88;2019-04-11 18:54:14.0;
17;7625.62;2019-04-11 18:54:25.0;
17;7625.88;2019-04-11 18:54:37.0;
17;7626.38;2019-04-11 18:54:41.0;
17;7625.38;2019-04-11 18:54:44.0;
17;7625.88;2019-04-11 18:54:46.0;
17;7625.62;2019-04-11 18:54:52.0;
17;7625.88;2019-04-11 18:54:53.0;
17;7625.75;2019-04-11 18:55:02.0;
17;7625.38;2019-04-11 18:55:05.0;
17;7625.88;2019-04-11 18:55:06.0;
17;7625.62;2019-04-11 18:55:12.0;
17;7625.88;2019-04-11 18:55:13.0;
17;7626.38;2019-04-11 18:55:15.0;
17;7626.12;2019-04-11 18:55:22.0;
17;7626;2019-04-11 18:55:31.0;
17;7625.88;2019-04-11 18:55:34.0;
17;7626;2019-04-11 18:55:36.0;
17;7625.88;2019-04-11 18:55:37.0;
17;7626;2019-04-11 18:55:39.0;
17;7626.12;2019-04-11 18:55:45.0;
17;7625.12;2019-04-11 18:56:04.0;
17;7626.12;2019-04-11 18:56:05.0;
17;7625.5;2019-04-11 18:56:07.0;
17;7625.12;2019-04-11 18:56:08.0;
17;7625.5;2019-04-11 18:56:10.0;
17;7625.62;2019-04-11 18:56:11.0;
17;7625.38;2019-04-11 18:56:17.0;
17;7625.62;2019-04-11 18:56:19.0;
17;7625.38;2019-04-11 18:56:20.0;
17;7625.12;2019-04-11 18:56:36.0;
17;7625.38;2019-04-11 18:56:38.0;
17;7625.25;2019-04-11 18:56:43.0;
17;7625.88;2019-04-11 18:56:50.0;
17;7626.75;2019-04-11 18:56:56.0;
17;7626.88;2019-04-11 18:57:03.0;
17;7626.75;2019-04-11 18:57:05.0;
17;7626.88;2019-04-11 18:57:06.0;
17;7627.38;2019-04-11 18:57:13.0;
17;7627.88;2019-04-11 18:57:16.0;
17;7627.62;2019-04-11 18:57:20.0;
17;7627.88;2019-04-11 18:57:21.0;
17;7627.62;2019-04-11 18:57:23.0;
17;7627.5;2019-04-11 18:57:28.0;
17;7627.88;2019-04-11 18:57:39.0;
17;7627.5;2019-04-11 18:57:41.0;
17;7627.38;2019-04-11 18:57:45.0;
17;7627.5;2019-04-11 18:57:46.0;
17;7627.38;2019-04-11 18:57:48.0;
17;7626.62;2019-04-11 18:58:07.0;
17;7627.25;2019-04-11 18:58:15.0;
17;7627.38;2019-04-11 18:58:19.0;
17;7627.25;2019-04-11 18:58:20.0;
17;7627.38;2019-04-11 18:58:22.0;
17;7626.88;2019-04-11 18:58:36.0;
17;7627.38;2019-04-11 18:58:37.0;
17;7627.12;2019-04-11 18:58:39.0;
17;7627.38;2019-04-11 18:58:53.0;
17;7626.88;2019-04-11 18:58:56.0;
17;7627.38;2019-04-11 18:58:57.0;
17;7627.25;2019-04-11 18:59:00.0;
17;7626.88;2019-04-11 18:59:07.0;
17;7626.62;2019-04-11 18:59:11.0;
17;7626.75;2019-04-11 18:59:20.0;
17;7626.62;2019-04-11 18:59:21.0;
17;7626.75;2019-04-11 18:59:22.0;
17;7627.12;2019-04-11 18:59:24.0;
17;7626.88;2019-04-11 18:59:30.0;
17;7627.12;2019-04-11 18:59:36.0;
17;7626.62;2019-04-11 18:59:40.0;
17;7626.88;2019-04-11 18:59:48.0;
17;7626.62;2019-04-11 18:59:50.0;
17;7626.88;2019-04-11 18:59:51.0;
17;7626.62;2019-04-11 19:00:21.0;
17;7626.88;2019-04-11 19:00:26.0;
17;7626.62;2019-04-11 19:00:27.0;
17;7626.38;2019-04-11 19:00:32.0;
17;7626.62;2019-04-11 19:00:33.0;
17;7626.38;2019-04-11 19:00:36.0;
17;7625.88;2019-04-11 19:00:41.0;
17;7626.38;2019-04-11 19:00:43.0;
17;7625.88;2019-04-11 19:00:44.0;
17;7626.12;2019-04-11 19:00:47.0;
17;7626.38;2019-04-11 19:00:51.0;
17;7626.12;2019-04-11 19:00:57.0;
17;7627.62;2019-04-11 19:01:05.0;
17;7626.12;2019-04-11 19:01:07.0;
17;7628.25;2019-04-11 19:01:08.0;
17;7629.25;2019-04-11 19:01:14.0;
17;7628.88;2019-04-11 19:01:17.0;
17;7629.25;2019-04-11 19:01:19.0;
17;7628.88;2019-04-11 19:01:23.0;
17;7629.25;2019-04-11 19:01:25.0;
17;7628.88;2019-04-11 19:01:26.0;
17;7629.12;2019-04-11 19:01:39.0;
17;7628.75;2019-04-11 19:01:43.0;
17;7628.12;2019-04-11 19:01:49.0;
17;7627.62;2019-04-11 19:02:04.0;
17;7627.75;2019-04-11 19:02:07.0;
17;7627.62;2019-04-11 19:02:09.0;
17;7627.75;2019-04-11 19:02:10.0;
17;7628.62;2019-04-11 19:02:15.0;
17;7628.12;2019-04-11 19:02:19.0;
17;7628.25;2019-04-11 19:02:25.0;
17;7628.88;2019-04-11 19:02:35.0;
17;7628.62;2019-04-11 19:02:38.0;
17;7628.5;2019-04-11 19:02:40.0;
17;7628.62;2019-04-11 19:02:41.0;
17;7628.5;2019-04-11 19:02:43.0;
17;7628.62;2019-04-11 19:02:44.0;
17;7628.5;2019-04-11 19:02:46.0;
17;7628.62;2019-04-11 19:02:47.0;
17;7628.5;2019-04-11 19:02:53.0;
17;7628.62;2019-04-11 19:02:55.0;
17;7628.38;2019-04-11 19:02:56.0;
17;7628.12;2019-04-11 19:02:59.0;
17;7628.38;2019-04-11 19:03:00.0;
17;7628.12;2019-04-11 19:03:02.0;
17;7628.62;2019-04-11 19:03:03.0;
17;7628.5;2019-04-11 19:03:06.0;
17;7628.62;2019-04-11 19:03:08.0;
17;7628.5;2019-04-11 19:03:09.0;
17;7628.38;2019-04-11 19:03:11.0;
17;7628.62;2019-04-11 19:03:16.0;
17;7628.88;2019-04-11 19:03:20.0;
17;7628.62;2019-04-11 19:03:26.0;
17;7628.12;2019-04-11 19:03:33.0;
17;7628;2019-04-11 19:03:36.0;
17;7628.12;2019-04-11 19:03:42.0;
17;7628;2019-04-11 19:03:46.0;
17;7627.38;2019-04-11 19:04:06.0;
17;7627.62;2019-04-11 19:04:11.0;
17;7627.38;2019-04-11 19:04:13.0;
17;7627.62;2019-04-11 19:04:14.0;
17;7628.12;2019-04-11 19:04:16.0;
17;7627.75;2019-04-11 19:04:20.0;
17;7627.5;2019-04-11 19:04:26.0;
17;7627.38;2019-04-11 19:04:27.0;
17;7627.5;2019-04-11 19:04:28.0;
17;7627.38;2019-04-11 19:04:30.0;
17;7627;2019-04-11 19:04:36.0;
17;7627.12;2019-04-11 19:04:37.0;
17;7627;2019-04-11 19:04:39.0;
17;7627.25;2019-04-11 19:04:40.0;
17;7627.38;2019-04-11 19:04:46.0;
17;7627.5;2019-04-11 19:05:04.0;
17;7627.88;2019-04-11 19:05:07.0;
17;7628.62;2019-04-11 19:05:18.0;
17;7628.25;2019-04-11 19:05:22.0;
17;7627.88;2019-04-11 19:05:28.0;
17;7628.12;2019-04-11 19:05:34.0;
17;7628.38;2019-04-11 19:05:44.0;
17;7627.75;2019-04-11 19:05:47.0;
17;7627.88;2019-04-11 19:06:04.0;
17;7627.75;2019-04-11 19:06:05.0;
17;7627.88;2019-04-11 19:06:07.0;
17;7627.5;2019-04-11 19:06:08.0;
17;7627.12;2019-04-11 19:06:15.0;
17;7626.88;2019-04-11 19:06:20.0;
17;7626.62;2019-04-11 19:06:23.0;
17;7626.75;2019-04-11 19:06:32.0;
17;7627.38;2019-04-11 19:06:33.0;
17;7627.62;2019-04-11 19:06:45.0;
17;7627.12;2019-04-11 19:06:49.0;
17;7627.38;2019-04-11 19:06:59.0;
17;7627.12;2019-04-11 19:07:05.0;
17;7627.25;2019-04-11 19:07:08.0;
17;7627.12;2019-04-11 19:07:13.0;
17;7626.88;2019-04-11 19:07:21.0;
17;7626.62;2019-04-11 19:07:26.0;
17;7626.88;2019-04-11 19:07:29.0;
17;7626.62;2019-04-11 19:07:30.0;
17;7626.88;2019-04-11 19:07:32.0;
17;7626.62;2019-04-11 19:07:44.0;
17;7626.88;2019-04-11 19:07:50.0;
17;7627.38;2019-04-11 19:08:03.0;
17;7626.88;2019-04-11 19:08:04.0;
17;7627.38;2019-04-11 19:08:06.0;
17;7627.12;2019-04-11 19:08:09.0;
17;7626.88;2019-04-11 19:08:13.0;
17;7626.62;2019-04-11 19:08:17.0;
17;7626.88;2019-04-11 19:08:27.0;
17;7627.38;2019-04-11 19:08:40.0;
17;7627.75;2019-04-11 19:08:50.0;
17;7628;2019-04-11 19:08:51.0;
17;7627.75;2019-04-11 19:08:52.0;
17;7627.88;2019-04-11 19:08:59.0;
17;7627.75;2019-04-11 19:09:02.0;
17;7627.88;2019-04-11 19:09:04.0;
17;7627.75;2019-04-11 19:09:05.0;
17;7627.62;2019-04-11 19:09:09.0;
17;7627.12;2019-04-11 19:09:13.0;
17;7627.62;2019-04-11 19:09:15.0;
17;7626.88;2019-04-11 19:09:16.0;
17;7627;2019-04-11 19:09:23.0;
17;7626.88;2019-04-11 19:09:25.0;
17;7627.12;2019-04-11 19:09:28.0;
17;7627.38;2019-04-11 19:09:33.0;
17;7627.12;2019-04-11 19:09:39.0;
17;7627;2019-04-11 19:09:45.0;
17;7627.12;2019-04-11 19:09:52.0;
17;7627.38;2019-04-11 19:10:07.0;
17;7627.12;2019-04-11 19:10:10.0;
17;7626.88;2019-04-11 19:10:20.0;
17;7627.25;2019-04-11 19:10:29.0;
17;7627.38;2019-04-11 19:10:31.0;
17;7627.25;2019-04-11 19:10:37.0;
17;7627.12;2019-04-11 19:10:38.0;
17;7627.38;2019-04-11 19:10:52.0;
17;7627.12;2019-04-11 19:10:59.0;
17;7627.25;2019-04-11 19:11:07.0;
17;7627.12;2019-04-11 19:11:11.0;
17;7627;2019-04-11 19:11:15.0;
17;7626.88;2019-04-11 19:11:21.0;
17;7626.62;2019-04-11 19:11:22.0;
17;7626.88;2019-04-11 19:11:23.0;
17;7626.62;2019-04-11 19:11:25.0;
17;7626.88;2019-04-11 19:11:29.0;
17;7627.12;2019-04-11 19:11:31.0;
17;7626.88;2019-04-11 19:11:32.0;
17;7627.12;2019-04-11 19:11:33.0;
17;7626.88;2019-04-11 19:11:36.0;
17;7627.12;2019-04-11 19:11:42.0;
17;7627.38;2019-04-11 19:12:03.0;
17;7627.5;2019-04-11 19:12:13.0;
17;7627;2019-04-11 19:12:17.0;
17;7627.12;2019-04-11 19:12:20.0;
17;7627.25;2019-04-11 19:12:27.0;
17;7626.5;2019-04-11 19:12:32.0;
17;7626.62;2019-04-11 19:12:36.0;
17;7627;2019-04-11 19:12:40.0;
17;7626.88;2019-04-11 19:12:42.0;
17;7627;2019-04-11 19:12:44.0;
17;7626.88;2019-04-11 19:12:45.0;
17;7626.62;2019-04-11 19:12:55.0;
17;7626.75;2019-04-11 19:13:00.0;
17;7627.62;2019-04-11 19:13:03.0;
17;7627.75;2019-04-11 19:13:28.0;
17;7628.38;2019-04-11 19:13:33.0;
17;7628.62;2019-04-11 19:13:35.0;
17;7628.5;2019-04-11 19:13:41.0;
17;7628.62;2019-04-11 19:13:42.0;
17;7628.5;2019-04-11 19:13:43.0;
17;7628.62;2019-04-11 19:13:45.0;
17;7627.62;2019-04-11 19:14:04.0;
17;7627.38;2019-04-11 19:14:05.0;
17;7627.62;2019-04-11 19:14:21.0;
17;7627.12;2019-04-11 19:14:38.0;
17;7627;2019-04-11 19:14:45.0;
17;7627.12;2019-04-11 19:14:46.0;
17;7626.88;2019-04-11 19:14:51.0;
17;7627.12;2019-04-11 19:14:52.0;
17;7626.88;2019-04-11 19:14:55.0;
17;7627.12;2019-04-11 19:14:56.0;
17;7627.38;2019-04-11 19:15:00.0;
17;7627.25;2019-04-11 19:15:14.0;
17;7627.38;2019-04-11 19:15:16.0;
17;7627.25;2019-04-11 19:15:18.0;
17;7627;2019-04-11 19:15:20.0;
17;7626.88;2019-04-11 19:15:23.0;
17;7626.62;2019-04-11 19:15:28.0;
17;7627.38;2019-04-11 19:15:30.0;
17;7627.25;2019-04-11 19:15:37.0;
17;7627.75;2019-04-11 19:15:39.0;
17;7627.5;2019-04-11 19:15:43.0;
17;7627.62;2019-04-11 19:16:03.0;
17;7627.75;2019-04-11 19:16:18.0;
17;7627.62;2019-04-11 19:16:20.0;
17;7627.75;2019-04-11 19:16:21.0;
17;7627.38;2019-04-11 19:16:22.0;
17;7627.25;2019-04-11 19:16:27.0;
17;7627.38;2019-04-11 19:16:37.0;
17;7627;2019-04-11 19:16:42.0;
17;7627.12;2019-04-11 19:16:48.0;
17;7627;2019-04-11 19:16:49.0;
17;7627.12;2019-04-11 19:16:51.0;
17;7627;2019-04-11 19:16:53.0;
17;7626.88;2019-04-11 19:17:01.0;
17;7627.12;2019-04-11 19:17:02.0;
17;7626.88;2019-04-11 19:17:04.0;
17;7627.12;2019-04-11 19:17:07.0;
17;7627.38;2019-04-11 19:17:15.0;
17;7627.25;2019-04-11 19:17:18.0;
17;7627.12;2019-04-11 19:17:25.0;
17;7627;2019-04-11 19:17:31.0;
17;7627.5;2019-04-11 19:17:34.0;
17;7627;2019-04-11 19:17:35.0;
17;7627.5;2019-04-11 19:17:36.0;
17;7627.38;2019-04-11 19:17:40.0;
17;7626.75;2019-04-11 19:17:46.0;
17;7627.25;2019-04-11 19:17:49.0;
17;7626.75;2019-04-11 19:17:50.0;
17;7626.88;2019-04-11 19:18:06.0;
17;7627;2019-04-11 19:18:12.0;
17;7626.88;2019-04-11 19:18:15.0;
17;7627;2019-04-11 19:18:16.0;
17;7626.88;2019-04-11 19:18:18.0;
17;7626.62;2019-04-11 19:18:24.0;
17;7626.75;2019-04-11 19:18:34.0;
17;7626.62;2019-04-11 19:18:39.0;
17;7626.5;2019-04-11 19:18:42.0;
17;7626.62;2019-04-11 19:18:47.0;
17;7627.25;2019-04-11 19:18:55.0;
17;7626.62;2019-04-11 19:18:56.0;
17;7627.25;2019-04-11 19:18:58.0;
17;7627.12;2019-04-11 19:19:00.0;
17;7626.75;2019-04-11 19:19:07.0;
17;7627.5;2019-04-11 19:19:08.0;
17;7626.75;2019-04-11 19:19:10.0;
17;7627;2019-04-11 19:19:11.0;
17;7626.62;2019-04-11 19:19:15.0;
17;7626.12;2019-04-11 19:19:22.0;
17;7626.62;2019-04-11 19:19:24.0;
17;7626.12;2019-04-11 19:19:25.0;
17;7625.62;2019-04-11 19:19:29.0;
17;7625.38;2019-04-11 19:19:35.0;
17;7625.62;2019-04-11 19:19:46.0;
17;7626.12;2019-04-11 19:20:07.0;
17;7625.62;2019-04-11 19:20:08.0;
17;7626.12;2019-04-11 19:20:10.0;
17;7626.25;2019-04-11 19:20:17.0;
17;7625.62;2019-04-11 19:20:27.0;
17;7625.38;2019-04-11 19:20:33.0;
17;7625.62;2019-04-11 19:20:35.0;
17;7626.12;2019-04-11 19:20:39.0;
17;7626.25;2019-04-11 19:20:44.0;
17;7626.12;2019-04-11 19:20:45.0;
17;7626.38;2019-04-11 19:20:47.0;
17;7626.62;2019-04-11 19:20:49.0;
17;7626.5;2019-04-11 19:20:58.0;
17;7626.62;2019-04-11 19:21:06.0;
17;7626.5;2019-04-11 19:21:09.0;
17;7626.12;2019-04-11 19:21:10.0;
17;7625.88;2019-04-11 19:21:17.0;
17;7626.12;2019-04-11 19:21:23.0;
17;7626.25;2019-04-11 19:21:27.0;
17;7626.12;2019-04-11 19:21:36.0;
17;7625.62;2019-04-11 19:22:04.0;
17;7625.38;2019-04-11 19:22:07.0;
17;7625.62;2019-04-11 19:22:09.0;
17;7625.38;2019-04-11 19:22:10.0;
17;7625.12;2019-04-11 19:22:14.0;
17;7624.88;2019-04-11 19:22:21.0;
17;7625.12;2019-04-11 19:22:25.0;
17;7625.62;2019-04-11 19:22:37.0;
17;7625.88;2019-04-11 19:22:52.0;
17;7626.38;2019-04-11 19:22:57.0;
17;7626.25;2019-04-11 19:23:01.0;
17;7626.75;2019-04-11 19:23:07.0;
17;7626.88;2019-04-11 19:23:12.0;
17;7625.5;2019-04-11 19:23:18.0;
17;7625.62;2019-04-11 19:23:22.0;
17;7625.88;2019-04-11 19:23:27.0;
17;7625.62;2019-04-11 19:23:28.0;
17;7625.88;2019-04-11 19:23:30.0;
17;7625.75;2019-04-11 19:23:39.0;
17;7625.62;2019-04-11 19:23:45.0;
17;7624.88;2019-04-11 19:24:06.0;
17;7624.62;2019-04-11 19:24:13.0;
17;7624.75;2019-04-11 19:24:19.0;
17;7624;2019-04-11 19:24:22.0;
17;7623.38;2019-04-11 19:24:27.0;
17;7623.62;2019-04-11 19:24:32.0;
17;7623.88;2019-04-11 19:24:36.0;
17;7623.38;2019-04-11 19:24:44.0;
17;7623.12;2019-04-11 19:24:47.0;
17;7623.38;2019-04-11 19:25:00.0;
17;7622.62;2019-04-11 19:25:05.0;
17;7622.88;2019-04-11 19:25:11.0;
17;7623.25;2019-04-11 19:25:16.0;
17;7623.38;2019-04-11 19:25:18.0;
17;7623.5;2019-04-11 19:25:26.0;
17;7623.38;2019-04-11 19:25:28.0;
17;7623.62;2019-04-11 19:25:29.0;
17;7623.5;2019-04-11 19:25:32.0;
17;7623.62;2019-04-11 19:25:33.0;
17;7623.12;2019-04-11 19:25:36.0;
17;7623.62;2019-04-11 19:25:37.0;
17;7623.12;2019-04-11 19:25:39.0;
17;7623.38;2019-04-11 19:25:40.0;
17;7623.62;2019-04-11 19:25:42.0;
17;7623.38;2019-04-11 19:26:04.0;
17;7623.62;2019-04-11 19:26:07.0;
17;7623.38;2019-04-11 19:26:14.0;
17;7623.88;2019-04-11 19:26:20.0;
17;7622.62;2019-04-11 19:26:25.0;
17;7622.75;2019-04-11 19:26:26.0;
17;7622.88;2019-04-11 19:26:36.0;
17;7623.12;2019-04-11 19:26:44.0;
17;7623.62;2019-04-11 19:26:54.0;
17;7623.88;2019-04-11 19:26:56.0;
17;7623.62;2019-04-11 19:26:57.0;
17;7623.88;2019-04-11 19:26:58.0;
17;7624.12;2019-04-11 19:27:00.0;
17;7624.62;2019-04-11 19:27:14.0;
17;7624.38;2019-04-11 19:27:19.0;
17;7623.88;2019-04-11 19:27:27.0;
17;7624.38;2019-04-11 19:27:29.0;
17;7623.88;2019-04-11 19:27:30.0;
17;7623.62;2019-04-11 19:27:33.0;
17;7623.88;2019-04-11 19:27:41.0;
17;7624.38;2019-04-11 19:27:43.0;
17;7623.88;2019-04-11 19:27:44.0;
17;7624.38;2019-04-11 19:27:46.0;
17;7624.12;2019-04-11 19:28:12.0;
17;7623.62;2019-04-11 19:28:17.0;
17;7623.88;2019-04-11 19:28:24.0;
17;7623.5;2019-04-11 19:28:36.0;
17;7623.38;2019-04-11 19:28:42.0;
17;7623.62;2019-04-11 19:28:49.0;
17;7624.25;2019-04-11 19:29:03.0;
17;7624;2019-04-11 19:29:08.0;
17;7624.25;2019-04-11 19:29:09.0;
17;7624;2019-04-11 19:29:11.0;
17;7623.62;2019-04-11 19:29:19.0;
17;7623.5;2019-04-11 19:29:25.0;
17;7623.62;2019-04-11 19:29:30.0;
17;7623.38;2019-04-11 19:29:32.0;
17;7623.5;2019-04-11 19:29:36.0;
17;7622.88;2019-04-11 19:30:03.0;
17;7623.5;2019-04-11 19:30:04.0;
17;7623.38;2019-04-11 19:30:07.0;
17;7623.12;2019-04-11 19:30:15.0;
17;7623;2019-04-11 19:30:17.0;
17;7623.12;2019-04-11 19:30:19.0;
17;7623;2019-04-11 19:30:22.0;
17;7622.88;2019-04-11 19:30:23.0;
17;7623;2019-04-11 19:30:24.0;
17;7622.88;2019-04-11 19:30:26.0;
17;7622.62;2019-04-11 19:30:35.0;
17;7622.88;2019-04-11 19:30:36.0;
17;7622.62;2019-04-11 19:30:38.0;
17;7622.75;2019-04-11 19:30:41.0;
17;7620;2019-04-11 19:30:42.0;
17;7622.75;2019-04-11 19:30:44.0;
17;7620;2019-04-11 19:30:45.0;
17;7620.88;2019-04-11 19:30:46.0;
17;7621.12;2019-04-11 19:30:51.0;
17;7620.38;2019-04-11 19:30:58.0;
17;7620.25;2019-04-11 19:31:02.0;
17;7619.88;2019-04-11 19:31:10.0;
17;7620.75;2019-04-11 19:31:14.0;
17;7620.62;2019-04-11 19:31:22.0;
17;7620.38;2019-04-11 19:31:28.0;
17;7620.62;2019-04-11 19:31:29.0;
17;7619.88;2019-04-11 19:31:30.0;
17;7619.38;2019-04-11 19:31:33.0;
17;7619.88;2019-04-11 19:31:39.0;
17;7618.62;2019-04-11 19:32:04.0;
17;7617.88;2019-04-11 19:32:10.0;
17;7617.38;2019-04-11 19:32:16.0;
17;7617.62;2019-04-11 19:32:21.0;
17;7616.62;2019-04-11 19:32:26.0;
17;7617.62;2019-04-11 19:32:28.0;
17;7616.62;2019-04-11 19:32:29.0;
17;7617.38;2019-04-11 19:32:40.0;
17;7616.62;2019-04-11 19:32:42.0;
17;7617.38;2019-04-11 19:32:43.0;
17;7618.38;2019-04-11 19:32:45.0;
17;7618.88;2019-04-11 19:32:46.0;
17;7618.38;2019-04-11 19:32:48.0;
17;7618.88;2019-04-11 19:32:49.0;
17;7618.38;2019-04-11 19:32:55.0;
17;7619.12;2019-04-11 19:33:03.0;
17;7619;2019-04-11 19:33:12.0;
17;7618.88;2019-04-11 19:33:17.0;
17;7619.12;2019-04-11 19:33:21.0;
17;7619.62;2019-04-11 19:33:26.0;
17;7619.12;2019-04-11 19:33:28.0;
17;7619.62;2019-04-11 19:33:29.0;
17;7619.38;2019-04-11 19:33:35.0;
17;7619.62;2019-04-11 19:33:41.0;
17;7619.25;2019-04-11 19:33:47.0;
17;7619.62;2019-04-11 19:34:05.0;
17;7619.75;2019-04-11 19:34:09.0;
17;7619.38;2019-04-11 19:34:13.0;
17;7619;2019-04-11 19:34:15.0;
17;7619.38;2019-04-11 19:34:16.0;
17;7619;2019-04-11 19:34:17.0;
17;7619.25;2019-04-11 19:34:19.0;
17;7619.75;2019-04-11 19:34:28.0;
17;7619.88;2019-04-11 19:34:36.0;
17;7620;2019-04-11 19:34:41.0;
17;7619.62;2019-04-11 19:34:47.0;
17;7619.88;2019-04-11 19:34:54.0;
17;7620;2019-04-11 19:35:02.0;
17;7620.12;2019-04-11 19:35:07.0;
17;7620.5;2019-04-11 19:35:15.0;
17;7620.62;2019-04-11 19:35:16.0;
17;7620.5;2019-04-11 19:35:19.0;
17;7620.62;2019-04-11 19:35:20.0;
17;7620.88;2019-04-11 19:35:23.0;
17;7621.25;2019-04-11 19:35:28.0;
17;7620.88;2019-04-11 19:35:34.0;
17;7620.75;2019-04-11 19:35:40.0;
17;7620.88;2019-04-11 19:35:41.0;
17;7620.75;2019-04-11 19:35:42.0;
17;7620.62;2019-04-11 19:35:48.0;
17;7619.62;2019-04-11 19:36:03.0;
17;7619.88;2019-04-11 19:36:09.0;
17;7619.5;2019-04-11 19:36:12.0;
17;7619.12;2019-04-11 19:36:17.0;
17;7619.5;2019-04-11 19:36:18.0;
17;7619.62;2019-04-11 19:36:20.0;
17;7619.12;2019-04-11 19:36:21.0;
17;7619.62;2019-04-11 19:36:22.0;
17;7619.38;2019-04-11 19:36:24.0;
17;7619.5;2019-04-11 19:36:33.0;
17;7619.38;2019-04-11 19:36:35.0;
17;7619.5;2019-04-11 19:36:37.0;
17;7619.38;2019-04-11 19:36:38.0;
17;7619.12;2019-04-11 19:36:41.0;
17;7619.25;2019-04-11 19:36:48.0;
17;7619.12;2019-04-11 19:36:51.0;
17;7619.38;2019-04-11 19:36:59.0;
17;7619.12;2019-04-11 19:37:00.0;
17;7619.38;2019-04-11 19:37:02.0;
17;7619.12;2019-04-11 19:37:04.0;
17;7619.25;2019-04-11 19:37:13.0;
17;7619.12;2019-04-11 19:37:15.0;
17;7619.25;2019-04-11 19:37:16.0;
17;7619.62;2019-04-11 19:37:19.0;
17;7619.38;2019-04-11 19:37:24.0;
17;7619.12;2019-04-11 19:37:27.0;
17;7618.88;2019-04-11 19:37:34.0;
17;7619.12;2019-04-11 19:37:35.0;
17;7619.38;2019-04-11 19:37:44.0;
17;7619.25;2019-04-11 19:37:50.0;
17;7617.88;2019-04-11 19:38:05.0;
17;7616.88;2019-04-11 19:38:15.0;
17;7616.38;2019-04-11 19:38:21.0;
17;7616.88;2019-04-11 19:38:22.0;
17;7616.38;2019-04-11 19:38:24.0;
17;7615.75;2019-04-11 19:38:25.0;
17;7616.12;2019-04-11 19:38:27.0;
17;7615.62;2019-04-11 19:38:31.0;
17;7615.38;2019-04-11 19:38:36.0;
17;7614.88;2019-04-11 19:38:39.0;
17;7615.12;2019-04-11 19:38:46.0;
17;7615.62;2019-04-11 19:38:50.0;
17;7614.62;2019-04-11 19:38:52.0;
17;7614.88;2019-04-11 19:38:56.0;
17;7614.62;2019-04-11 19:38:59.0;
17;7614.88;2019-04-11 19:39:01.0;
17;7614.62;2019-04-11 19:39:03.0;
17;7613.88;2019-04-11 19:39:04.0;
17;7614.12;2019-04-11 19:39:10.0;
17;7614.38;2019-04-11 19:39:20.0;
17;7614.12;2019-04-11 19:39:28.0;
17;7614.38;2019-04-11 19:39:29.0;
17;7614.12;2019-04-11 19:39:31.0;
17;7613.88;2019-04-11 19:39:32.0;
17;7613.75;2019-04-11 19:39:39.0;
17;7613.88;2019-04-11 19:39:42.0;
17;7613.75;2019-04-11 19:39:44.0;
17;7613.62;2019-04-11 19:39:45.0;
17;7614.12;2019-04-11 19:39:52.0;
17;7613.88;2019-04-11 19:40:05.0;
17;7614.12;2019-04-11 19:40:12.0;
17;7613.88;2019-04-11 19:40:13.0;
17;7614.12;2019-04-11 19:40:15.0;
17;7614.38;2019-04-11 19:40:17.0;
17;7613.88;2019-04-11 19:40:19.0;
17;7614.38;2019-04-11 19:40:21.0;
17;7613.88;2019-04-11 19:40:23.0;
17;7613.75;2019-04-11 19:40:31.0;
17;7613.62;2019-04-11 19:40:38.0;
17;7613.88;2019-04-11 19:40:39.0;
17;7613.62;2019-04-11 19:40:42.0;
17;7614;2019-04-11 19:40:44.0;
17;7612.25;2019-04-11 19:40:50.0;
17;7612.38;2019-04-11 19:40:57.0;
17;7612.62;2019-04-11 19:41:01.0;
17;7610.62;2019-04-11 19:41:08.0;
17;7610.12;2019-04-11 19:41:16.0;
17;7609.62;2019-04-11 19:41:20.0;
17;7610.12;2019-04-11 19:41:23.0;
17;7610.38;2019-04-11 19:41:29.0;
17;7610.88;2019-04-11 19:41:33.0;
17;7611.12;2019-04-11 19:41:38.0;
17;7610.62;2019-04-11 19:41:40.0;
17;7610.38;2019-04-11 19:41:46.0;
17;7609.12;2019-04-11 19:42:06.0;
17;7608.88;2019-04-11 19:42:07.0;
17;7609.62;2019-04-11 19:42:12.0;
17;7608.88;2019-04-11 19:42:14.0;
17;7609.62;2019-04-11 19:42:15.0;
17;7608.75;2019-04-11 19:42:25.0;
17;7608.62;2019-04-11 19:42:27.0;
17;7608.88;2019-04-11 19:42:39.0;
17;7609.12;2019-04-11 19:42:40.0;
17;7609.38;2019-04-11 19:42:51.0;
17;7609.25;2019-04-11 19:43:00.0;
17;7609.38;2019-04-11 19:43:01.0;
17;7609.25;2019-04-11 19:43:02.0;
17;7609.38;2019-04-11 19:43:04.0;
17;7609.25;2019-04-11 19:43:05.0;
17;7609.38;2019-04-11 19:43:07.0;
17;7608.88;2019-04-11 19:43:08.0;
17;7609.38;2019-04-11 19:43:17.0;
17;7609.88;2019-04-11 19:43:22.0;
17;7610.38;2019-04-11 19:43:24.0;
17;7610.62;2019-04-11 19:43:27.0;
17;7610.38;2019-04-11 19:43:28.0;
17;7610.62;2019-04-11 19:43:29.0;
17;7610.38;2019-04-11 19:43:31.0;
17;7610.12;2019-04-11 19:43:35.0;
17;7610.25;2019-04-11 19:43:44.0;
17;7609.75;2019-04-11 19:43:48.0;
17;7610.88;2019-04-11 19:44:06.0;
17;7611.12;2019-04-11 19:44:11.0;
17;7611.62;2019-04-11 19:44:27.0;
17;7611.88;2019-04-11 19:44:34.0;
17;7611.38;2019-04-11 19:44:40.0;
17;7611.12;2019-04-11 19:44:45.0;
17;7611.38;2019-04-11 19:44:47.0;
17;7611.12;2019-04-11 19:44:51.0;
17;7611.38;2019-04-11 19:44:53.0;
17;7611.12;2019-04-11 19:44:54.0;
17;7611.38;2019-04-11 19:44:55.0;
17;7610.75;2019-04-11 19:45:06.0;
17;7610.38;2019-04-11 19:45:18.0;
17;7610.62;2019-04-11 19:45:23.0;
17;7610.75;2019-04-11 19:45:24.0;
17;7610.88;2019-04-11 19:45:30.0;
17;7610.75;2019-04-11 19:45:31.0;
17;7610.88;2019-04-11 19:45:44.0;
17;7611.88;2019-04-11 19:45:45.0;
17;7611.5;2019-04-11 19:46:06.0;
17;7611.62;2019-04-11 19:46:12.0;
17;7612.38;2019-04-11 19:46:30.0;
17;7611.62;2019-04-11 19:46:32.0;
17;7612.38;2019-04-11 19:46:33.0;
17;7612.62;2019-04-11 19:46:46.0;
17;7612.88;2019-04-11 19:46:47.0;
17;7612.62;2019-04-11 19:46:52.0;
17;7612.88;2019-04-11 19:46:53.0;
17;7612.62;2019-04-11 19:46:56.0;
17;7612.38;2019-04-11 19:47:02.0;
17;7612.12;2019-04-11 19:47:03.0;
17;7612.38;2019-04-11 19:47:06.0;
17;7612.12;2019-04-11 19:47:07.0;
17;7612.88;2019-04-11 19:47:09.0;
17;7613.12;2019-04-11 19:47:12.0;
17;7612.88;2019-04-11 19:47:17.0;
17;7613.12;2019-04-11 19:47:23.0;
17;7612.88;2019-04-11 19:47:27.0;
17;7613.12;2019-04-11 19:47:29.0;
17;7612.88;2019-04-11 19:47:30.0;
17;7613.38;2019-04-11 19:47:35.0;
17;7613.12;2019-04-11 19:47:40.0;
17;7613.38;2019-04-11 19:47:44.0;
17;7614.12;2019-04-11 19:48:03.0;
17;7614.5;2019-04-11 19:48:09.0;
17;7615.12;2019-04-11 19:48:12.0;
17;7615.38;2019-04-11 19:48:23.0;
17;7615.12;2019-04-11 19:48:27.0;
17;7615.38;2019-04-11 19:48:29.0;
17;7615.12;2019-04-11 19:48:30.0;
17;7615.38;2019-04-11 19:48:33.0;
17;7615.62;2019-04-11 19:48:40.0;
17;7615.38;2019-04-11 19:48:42.0;
17;7615.62;2019-04-11 19:48:44.0;
17;7616.12;2019-04-11 19:48:50.0;
17;7615.5;2019-04-11 19:48:51.0;
17;7616.12;2019-04-11 19:48:54.0;
17;7615.5;2019-04-11 19:48:55.0;
17;7616;2019-04-11 19:48:59.0;
17;7615.5;2019-04-11 19:49:04.0;
17;7615.75;2019-04-11 19:49:09.0;
17;7615.62;2019-04-11 19:49:12.0;
17;7615.38;2019-04-11 19:49:17.0;
17;7615.62;2019-04-11 19:49:18.0;
17;7615.38;2019-04-11 19:49:20.0;
17;7615.25;2019-04-11 19:49:23.0;
17;7614.88;2019-04-11 19:49:31.0;
17;7614.62;2019-04-11 19:49:34.0;
17;7614.88;2019-04-11 19:49:35.0;
17;7614.62;2019-04-11 19:49:37.0;
17;7614.38;2019-04-11 19:49:40.0;
17;7615;2019-04-11 19:49:47.0;
17;7614.88;2019-04-11 19:50:07.0;
17;7615.38;2019-04-11 19:50:10.0;
17;7615.12;2019-04-11 19:50:21.0;
17;7615.38;2019-04-11 19:50:24.0;
17;7615.25;2019-04-11 19:50:28.0;
17;7615.38;2019-04-11 19:50:29.0;
17;7615.25;2019-04-11 19:50:36.0;
17;7615.12;2019-04-11 19:50:42.0;
17;7615.62;2019-04-11 19:50:50.0;
17;7615.38;2019-04-11 19:50:52.0;
17;7615.62;2019-04-11 19:50:53.0;
17;7616.12;2019-04-11 19:50:57.0;
17;7616.62;2019-04-11 19:51:03.0;
17;7616.12;2019-04-11 19:51:05.0;
17;7616.62;2019-04-11 19:51:06.0;
17;7616.38;2019-04-11 19:51:23.0;
17;7615.38;2019-04-11 19:51:27.0;
17;7615.62;2019-04-11 19:51:37.0;
17;7615.12;2019-04-11 19:52:02.0;
17;7615.62;2019-04-11 19:52:04.0;
17;7615.12;2019-04-11 19:52:06.0;
17;7614.75;2019-04-11 19:52:08.0;
17;7614.12;2019-04-11 19:52:12.0;
17;7613.62;2019-04-11 19:52:19.0;
17;7613.88;2019-04-11 19:52:24.0;
17;7614.12;2019-04-11 19:52:28.0;
17;7614;2019-04-11 19:52:32.0;
17;7613.88;2019-04-11 19:52:36.0;
17;7613.38;2019-04-11 19:52:44.0;
17;7613.62;2019-04-11 19:52:47.0;
17;7613.38;2019-04-11 19:52:48.0;
17;7613.62;2019-04-11 19:52:50.0;
17;7613.88;2019-04-11 19:52:59.0;
17;7613.62;2019-04-11 19:53:01.0;
17;7613.88;2019-04-11 19:53:02.0;
17;7614.12;2019-04-11 19:53:03.0;
17;7614.75;2019-04-11 19:53:09.0;
17;7614.62;2019-04-11 19:53:12.0;
17;7614.75;2019-04-11 19:53:13.0;
17;7614.62;2019-04-11 19:53:14.0;
17;7614.12;2019-04-11 19:53:16.0;
17;7613.88;2019-04-11 19:53:19.0;
17;7614.12;2019-04-11 19:53:20.0;
17;7613.88;2019-04-11 19:53:22.0;
17;7614.12;2019-04-11 19:53:29.0;
17;7614;2019-04-11 19:53:33.0;
17;7613.88;2019-04-11 19:53:39.0;
17;7613.38;2019-04-11 19:53:43.0;
17;7612.62;2019-04-11 19:54:03.0;
17;7612.88;2019-04-11 19:54:17.0;
17;7612.38;2019-04-11 19:54:25.0;
17;7612;2019-04-11 19:54:33.0;
17;7612.38;2019-04-11 19:54:40.0;
17;7612.5;2019-04-11 19:54:47.0;
17;7612.38;2019-04-11 19:54:48.0;
17;7612.5;2019-04-11 19:54:49.0;
17;7611.88;2019-04-11 19:54:55.0;
17;7612.5;2019-04-11 19:54:57.0;
17;7611.88;2019-04-11 19:54:59.0;
17;7612.38;2019-04-11 19:55:01.0;
17;7613;2019-04-11 19:55:11.0;
17;7611.88;2019-04-11 19:55:15.0;
17;7613;2019-04-11 19:55:17.0;
17;7611.88;2019-04-11 19:55:18.0;
17;7612.12;2019-04-11 19:55:23.0;
17;7611.88;2019-04-11 19:55:33.0;
17;7611.62;2019-04-11 19:55:37.0;
17;7610.88;2019-04-11 19:55:39.0;
17;7611.62;2019-04-11 19:55:40.0;
17;7610.88;2019-04-11 19:55:42.0;
17;7610.62;2019-04-11 19:55:44.0;
17;7610.88;2019-04-11 19:55:46.0;
17;7610.38;2019-04-11 19:55:47.0;
17;7610.62;2019-04-11 19:55:49.0;
17;7610.38;2019-04-11 19:55:50.0;
17;7610.62;2019-04-11 19:56:03.0;
17;7611.38;2019-04-11 19:56:10.0;
17;7611.62;2019-04-11 19:56:14.0;
17;7611.88;2019-04-11 19:56:22.0;
17;7612.5;2019-04-11 19:56:27.0;
17;7611.88;2019-04-11 19:56:31.0;
17;7612.12;2019-04-11 19:56:42.0;
17;7612.38;2019-04-11 19:56:48.0;
17;7612.12;2019-04-11 19:56:59.0;
17;7612.38;2019-04-11 19:57:06.0;
17;7611.88;2019-04-11 19:57:12.0;
17;7612.12;2019-04-11 19:57:14.0;
17;7611.88;2019-04-11 19:57:15.0;
17;7612.12;2019-04-11 19:57:17.0;
17;7612.88;2019-04-11 19:57:18.0;
17;7612.75;2019-04-11 19:57:30.0;
17;7612.38;2019-04-11 19:57:34.0;
17;7612.5;2019-04-11 19:57:39.0;
17;7612;2019-04-11 19:57:44.0;
17;7612.62;2019-04-11 19:57:50.0;
17;7612.38;2019-04-11 19:58:05.0;
17;7612.62;2019-04-11 19:58:08.0;
17;7612.38;2019-04-11 19:58:09.0;
17;7612.5;2019-04-11 19:58:11.0;
17;7612.62;2019-04-11 19:58:12.0;
17;7612.5;2019-04-11 19:58:14.0;
17;7612;2019-04-11 19:58:17.0;
17;7611.88;2019-04-11 19:58:21.0;
17;7611.62;2019-04-11 19:58:36.0;
17;7611.75;2019-04-11 19:59:04.0;
17;7611.62;2019-04-11 19:59:07.0;
17;7611.25;2019-04-11 19:59:15.0;
17;7611.62;2019-04-11 19:59:17.0;
17;7611.25;2019-04-11 19:59:18.0;
17;7611.62;2019-04-11 19:59:20.0;
17;7611.88;2019-04-11 19:59:33.0;
17;7611.38;2019-04-11 19:59:38.0;
17;7611.25;2019-04-11 19:59:40.0;
17;7611.12;2019-04-11 19:59:43.0;
17;7611.25;2019-04-11 19:59:48.0;
17;7611.12;2019-04-11 19:59:49.0;
17;7611.25;2019-04-11 19:59:51.0;
17;7610.5;2019-04-11 20:00:02.0;
17;7610.88;2019-04-11 20:00:09.0;
17;7611.12;2019-04-11 20:00:13.0;
17;7611.38;2019-04-11 20:00:18.0;
17;7611.12;2019-04-11 20:00:19.0;
17;7611.38;2019-04-11 20:00:21.0;
17;7612.88;2019-04-11 20:00:22.0;
17;7612.5;2019-04-11 20:00:25.0;
17;7611.88;2019-04-11 20:00:27.0;
17;7612.12;2019-04-11 20:00:31.0;
17;7610.62;2019-04-11 20:00:36.0;
17;7612.12;2019-04-11 20:00:38.0;
17;7610.62;2019-04-11 20:00:40.0;
17;7610.38;2019-04-11 20:00:41.0;
17;7610.12;2019-04-11 20:00:43.0;
17;7610.38;2019-04-11 20:00:44.0;
17;7610.12;2019-04-11 20:00:46.0;
17;7610.62;2019-04-11 20:00:47.0;
17;7610.12;2019-04-11 20:00:48.0;
17;7610.62;2019-04-11 20:00:50.0;
17;7609.62;2019-04-11 20:01:03.0;
17;7609.88;2019-04-11 20:01:05.0;
17;7610.12;2019-04-11 20:01:11.0;
17;7609.88;2019-04-11 20:01:19.0;
17;7609.75;2019-04-11 20:01:26.0;
17;7609.88;2019-04-11 20:01:27.0;
17;7609.62;2019-04-11 20:01:36.0;
17;7609.88;2019-04-11 20:01:40.0;
17;7609.62;2019-04-11 20:01:47.0;
17;7610.25;2019-04-11 20:02:04.0;
17;7609.62;2019-04-11 20:02:05.0;
17;7610.25;2019-04-11 20:02:07.0;
17;7609.62;2019-04-11 20:02:09.0;
17;7610.12;2019-04-11 20:02:12.0;
17;7610.5;2019-04-11 20:02:20.0;
17;7610.88;2019-04-11 20:02:25.0;
17;7610.5;2019-04-11 20:02:26.0;
17;7610.88;2019-04-11 20:02:28.0;
17;7611.38;2019-04-11 20:02:38.0;
17;7610.88;2019-04-11 20:02:42.0;
17;7611.38;2019-04-11 20:02:44.0;
17;7611.88;2019-04-11 20:02:48.0;
17;7611.75;2019-04-11 20:02:53.0;
17;7611.88;2019-04-11 20:02:56.0;
17;7611.75;2019-04-11 20:02:57.0;
17;7611.88;2019-04-11 20:02:59.0;
17;7611.62;2019-04-11 20:03:01.0;
17;7611.38;2019-04-11 20:03:03.0;
17;7611.62;2019-04-11 20:03:06.0;
17;7611.12;2019-04-11 20:03:07.0;
17;7610.38;2019-04-11 20:03:12.0;
17;7611.12;2019-04-11 20:03:20.0;
17;7611.38;2019-04-11 20:03:23.0;
17;7611.12;2019-04-11 20:03:24.0;
17;7611.38;2019-04-11 20:03:25.0;
17;7611.88;2019-04-11 20:03:41.0;
17;7612.12;2019-04-11 20:04:04.0;
17;7612;2019-04-11 20:04:14.0;
17;7612.12;2019-04-11 20:04:24.0;
17;7612.25;2019-04-11 20:04:32.0;
17;7612.12;2019-04-11 20:04:34.0;
17;7612.88;2019-04-11 20:04:35.0;
17;7611.88;2019-04-11 20:04:42.0;
17;7611.38;2019-04-11 20:04:48.0;
17;7611.5;2019-04-11 20:04:57.0;
17;7611.62;2019-04-11 20:04:58.0;
17;7611.5;2019-04-11 20:05:00.0;
17;7611.62;2019-04-11 20:05:01.0;
17;7611.88;2019-04-11 20:05:03.0;
17;7612.38;2019-04-11 20:05:07.0;
17;7612.12;2019-04-11 20:05:11.0;
17;7611.75;2019-04-11 20:05:17.0;
17;7612.38;2019-04-11 20:05:18.0;
17;7611.75;2019-04-11 20:05:19.0;
17;7612.38;2019-04-11 20:05:22.0;
17;7612.62;2019-04-11 20:05:29.0;
17;7612.88;2019-04-11 20:05:31.0;
17;7612.62;2019-04-11 20:05:32.0;
17;7613.5;2019-04-11 20:05:33.0;
17;7613.62;2019-04-11 20:05:38.0;
17;7613.38;2019-04-11 20:05:44.0;
17;7613;2019-04-11 20:05:47.0;
17;7613.38;2019-04-11 20:05:48.0;
17;7613;2019-04-11 20:05:50.0;
17;7611.38;2019-04-11 20:06:06.0;
17;7610.5;2019-04-11 20:06:07.0;
17;7611.38;2019-04-11 20:06:10.0;
17;7610.5;2019-04-11 20:06:11.0;
17;7609.12;2019-04-11 20:06:15.0;
17;7609.38;2019-04-11 20:06:24.0;
17;7609.25;2019-04-11 20:06:25.0;
17;7609.88;2019-04-11 20:06:26.0;
17;7609.25;2019-04-11 20:06:28.0;
17;7609.88;2019-04-11 20:06:30.0;
17;7610.12;2019-04-11 20:06:33.0;
17;7610.38;2019-04-11 20:06:43.0;
17;7608.88;2019-04-11 20:06:49.0;
17;7607.12;2019-04-11 20:06:53.0;
17;7608.88;2019-04-11 20:06:54.0;
17;7607.62;2019-04-11 20:06:56.0;
17;7607.12;2019-04-11 20:06:57.0;
17;7607.62;2019-04-11 20:06:58.0;
17;7607.75;2019-04-11 20:07:00.0;
17;7608.62;2019-04-11 20:07:05.0;
17;7608.88;2019-04-11 20:07:08.0;
17;7609.38;2019-04-11 20:07:15.0;
17;7609.62;2019-04-11 20:07:20.0;
17;7609.12;2019-04-11 20:07:23.0;
17;7609.62;2019-04-11 20:07:25.0;
17;7609.12;2019-04-11 20:07:26.0;
17;7608.62;2019-04-11 20:07:28.0;
17;7607.88;2019-04-11 20:07:33.0;
17;7608;2019-04-11 20:07:36.0;
17;7607.88;2019-04-11 20:07:39.0;
17;7607.62;2019-04-11 20:07:49.0;
17;7605;2019-04-11 20:08:08.0;
17;7605.5;2019-04-11 20:08:12.0;
17;7605.25;2019-04-11 20:08:18.0;
17;7605.88;2019-04-11 20:08:23.0;
17;7605.25;2019-04-11 20:08:25.0;
17;7606.38;2019-04-11 20:08:29.0;
17;7606.5;2019-04-11 20:08:32.0;
17;7607.25;2019-04-11 20:08:39.0;
17;7606.88;2019-04-11 20:08:43.0;
17;7606.62;2019-04-11 20:08:56.0;
17;7606.38;2019-04-11 20:08:59.0;
17;7606.62;2019-04-11 20:09:00.0;
17;7606.38;2019-04-11 20:09:02.0;
17;7606.12;2019-04-11 20:09:04.0;
17;7606.38;2019-04-11 20:09:06.0;
17;7606.62;2019-04-11 20:09:08.0;
17;7606.88;2019-04-11 20:09:14.0;
17;7606.62;2019-04-11 20:09:15.0;
17;7607.12;2019-04-11 20:09:19.0;
17;7607.62;2019-04-11 20:09:25.0;
17;7607.38;2019-04-11 20:09:28.0;
17;7607.5;2019-04-11 20:09:35.0;
17;7607.38;2019-04-11 20:09:39.0;
17;7607.5;2019-04-11 20:09:40.0;
17;7607.38;2019-04-11 20:09:42.0;
17;7607.25;2019-04-11 20:10:04.0;
17;7606.38;2019-04-11 20:10:11.0;
17;7606.62;2019-04-11 20:10:17.0;
17;7606.5;2019-04-11 20:10:21.0;
17;7606.62;2019-04-11 20:10:24.0;
17;7606.75;2019-04-11 20:10:28.0;
17;7607.12;2019-04-11 20:10:32.0;
17;7606.62;2019-04-11 20:10:39.0;
17;7606.88;2019-04-11 20:10:45.0;
17;7607.12;2019-04-11 20:10:54.0;
17;7607;2019-04-11 20:10:56.0;
17;7606.38;2019-04-11 20:11:00.0;
17;7607;2019-04-11 20:11:01.0;
17;7606.38;2019-04-11 20:11:03.0;
17;7606.88;2019-04-11 20:11:08.0;
17;7606.5;2019-04-11 20:11:18.0;
17;7607.38;2019-04-11 20:11:22.0;
17;7608.38;2019-04-11 20:11:36.0;
17;7608.62;2019-04-11 20:11:39.0;
17;7608.88;2019-04-11 20:12:09.0;
17;7609;2019-04-11 20:12:11.0;
17;7609.12;2019-04-11 20:12:14.0;
17;7609;2019-04-11 20:12:16.0;
17;7609.5;2019-04-11 20:12:18.0;
17;7609.75;2019-04-11 20:12:26.0;
17;7609.62;2019-04-11 20:12:27.0;
17;7609.75;2019-04-11 20:12:30.0;
17;7609.62;2019-04-11 20:12:31.0;
17;7609.88;2019-04-11 20:12:34.0;
17;7609.62;2019-04-11 20:12:36.0;
17;7609.88;2019-04-11 20:12:37.0;
17;7609.12;2019-04-11 20:12:40.0;
17;7608.75;2019-04-11 20:12:42.0;
17;7609.12;2019-04-11 20:12:43.0;
17;7608.75;2019-04-11 20:12:45.0;
17;7608.88;2019-04-11 20:12:46.0;
17;7608.75;2019-04-11 20:12:48.0;
17;7608.88;2019-04-11 20:12:50.0;
17;7609.12;2019-04-11 20:12:52.0;
17;7609.38;2019-04-11 20:12:56.0;
17;7609.25;2019-04-11 20:12:59.0;
17;7609.5;2019-04-11 20:13:02.0;
17;7608.88;2019-04-11 20:13:08.0;
17;7609.25;2019-04-11 20:13:11.0;
17;7609.12;2019-04-11 20:13:16.0;
17;7608.62;2019-04-11 20:13:20.0;
17;7608.75;2019-04-11 20:13:22.0;
17;7608.88;2019-04-11 20:13:28.0;
17;7608.75;2019-04-11 20:13:29.0;
17;7608.88;2019-04-11 20:13:30.0;
17;7608.62;2019-04-11 20:13:32.0;
17;7609.12;2019-04-11 20:13:39.0;
17;7609.25;2019-04-11 20:13:44.0;
17;7609.62;2019-04-11 20:13:49.0;
17;7609.88;2019-04-11 20:14:11.0;
17;7609.12;2019-04-11 20:14:21.0;
17;7609.38;2019-04-11 20:14:24.0;
17;7609.12;2019-04-11 20:14:28.0;
17;7608.62;2019-04-11 20:14:36.0;
17;7608.5;2019-04-11 20:14:42.0;
17;7608.38;2019-04-11 20:14:43.0;
17;7608.75;2019-04-11 20:14:50.0;
17;7608.38;2019-04-11 20:14:51.0;
17;7608.12;2019-04-11 20:14:57.0;
17;7608.38;2019-04-11 20:14:58.0;
17;7608.12;2019-04-11 20:15:00.0;
17;7608.62;2019-04-11 20:15:01.0;
17;7608.5;2019-04-11 20:15:06.0;
17;7608.62;2019-04-11 20:15:07.0;
17;7608.38;2019-04-11 20:15:08.0;
17;7608.75;2019-04-11 20:15:21.0;
17;7608.62;2019-04-11 20:15:27.0;
17;7609.12;2019-04-11 20:15:28.0;
17;7608.62;2019-04-11 20:15:35.0;
17;7609.12;2019-04-11 20:15:38.0;
17;7608.62;2019-04-11 20:15:39.0;
17;7609.12;2019-04-11 20:15:41.0;
17;7609.38;2019-04-11 20:15:50.0;
17;7609.25;2019-04-11 20:16:07.0;
17;7608.62;2019-04-11 20:16:13.0;
17;7608;2019-04-11 20:16:14.0;
17;7607.88;2019-04-11 20:16:19.0;
17;7608.12;2019-04-11 20:16:24.0;
17;7608;2019-04-11 20:16:28.0;
17;7608.38;2019-04-11 20:16:31.0;
17;7607.62;2019-04-11 20:16:37.0;
17;7607.88;2019-04-11 20:16:44.0;
17;7607.62;2019-04-11 20:16:49.0;
17;7607.88;2019-04-11 20:16:52.0;
17;7607.62;2019-04-11 20:16:57.0;
17;7607.38;2019-04-11 20:17:03.0;
17;7606.88;2019-04-11 20:17:11.0;
17;7607.25;2019-04-11 20:17:13.0;
17;7607.62;2019-04-11 20:17:16.0;
17;7607.25;2019-04-11 20:17:17.0;
17;7607.62;2019-04-11 20:17:19.0;
17;7608.38;2019-04-11 20:17:23.0;
17;7608.62;2019-04-11 20:17:27.0;
17;7608.25;2019-04-11 20:17:33.0;
17;7608.12;2019-04-11 20:17:36.0;
17;7608.38;2019-04-11 20:17:42.0;
17;7608.12;2019-04-11 20:17:43.0;
17;7608.38;2019-04-11 20:17:46.0;
17;7607.88;2019-04-11 20:17:48.0;
17;7608.12;2019-04-11 20:18:04.0;
17;7607.88;2019-04-11 20:18:10.0;
17;7608;2019-04-11 20:18:17.0;
17;7607.88;2019-04-11 20:18:19.0;
17;7608;2019-04-11 20:18:20.0;
17;7607.88;2019-04-11 20:18:21.0;
17;7608.5;2019-04-11 20:18:23.0;
17;7608.62;2019-04-11 20:18:29.0;
17;7608.12;2019-04-11 20:18:32.0;
17;7608.62;2019-04-11 20:18:34.0;
17;7608.12;2019-04-11 20:18:36.0;
17;7609.12;2019-04-11 20:18:40.0;
17;7609.5;2019-04-11 20:18:44.0;
17;7609.88;2019-04-11 20:18:47.0;
17;7610.12;2019-04-11 20:18:54.0;
17;7610.88;2019-04-11 20:18:56.0;
17;7611;2019-04-11 20:19:14.0;
17;7610.12;2019-04-11 20:19:21.0;
17;7611;2019-04-11 20:19:22.0;
17;7610.38;2019-04-11 20:19:24.0;
17;7610.12;2019-04-11 20:19:31.0;
17;7610;2019-04-11 20:19:35.0;
17;7610.12;2019-04-11 20:19:42.0;
17;7609.75;2019-04-11 20:19:46.0;
17;7609.38;2019-04-11 20:19:47.0;
17;7608.88;2019-04-11 20:20:06.0;
17;7609.12;2019-04-11 20:20:09.0;
17;7608.88;2019-04-11 20:20:14.0;
17;7608.62;2019-04-11 20:20:22.0;
17;7608.5;2019-04-11 20:20:29.0;
17;7608.88;2019-04-11 20:20:33.0;
17;7609.12;2019-04-11 20:20:37.0;
17;7608.88;2019-04-11 20:20:40.0;
17;7609.12;2019-04-11 20:20:43.0;
17;7609;2019-04-11 20:20:44.0;
17;7609.12;2019-04-11 20:20:49.0;
17;7609;2019-04-11 20:20:52.0;
17;7609.12;2019-04-11 20:20:53.0;
17;7609;2019-04-11 20:20:54.0;
17;7609.12;2019-04-11 20:20:56.0;
17;7608.88;2019-04-11 20:21:06.0;
17;7608.75;2019-04-11 20:21:07.0;
17;7608.88;2019-04-11 20:21:12.0;
17;7609.12;2019-04-11 20:21:20.0;
17;7608.88;2019-04-11 20:21:21.0;
17;7609.12;2019-04-11 20:21:22.0;
17;7609.25;2019-04-11 20:21:25.0;
17;7609.12;2019-04-11 20:21:26.0;
17;7608.88;2019-04-11 20:21:28.0;
17;7608.38;2019-04-11 20:21:35.0;
17;7608.5;2019-04-11 20:21:41.0;
17;7608.38;2019-04-11 20:21:42.0;
17;7608.5;2019-04-11 20:21:44.0;
17;7609.12;2019-04-11 20:21:45.0;
17;7609.38;2019-04-11 20:21:49.0;
17;7608.62;2019-04-11 20:22:09.0;
17;7609;2019-04-11 20:22:15.0;
17;7609.38;2019-04-11 20:22:19.0;
17;7609.62;2019-04-11 20:22:26.0;
17;7609.12;2019-04-11 20:22:32.0;
17;7609.5;2019-04-11 20:22:35.0;
17;7609.12;2019-04-11 20:22:44.0;
17;7608.38;2019-04-11 20:22:52.0;
17;7608.62;2019-04-11 20:22:55.0;
17;7608.88;2019-04-11 20:23:00.0;
17;7608.12;2019-04-11 20:23:04.0;
17;7607.88;2019-04-11 20:23:08.0;
17;7607.12;2019-04-11 20:23:13.0;
17;7607.62;2019-04-11 20:23:17.0;
17;7607.88;2019-04-11 20:23:29.0;
17;7607.75;2019-04-11 20:23:31.0;
17;7607.88;2019-04-11 20:23:35.0;
17;7608.12;2019-04-11 20:23:39.0;
17;7607.88;2019-04-11 20:23:47.0;
17;7607.75;2019-04-11 20:24:18.0;
17;7609.12;2019-04-11 20:24:26.0;
17;7608.38;2019-04-11 20:24:32.0;
17;7607.62;2019-04-11 20:24:35.0;
17;7608.38;2019-04-11 20:24:36.0;
17;7607.62;2019-04-11 20:24:39.0;
17;7607.38;2019-04-11 20:24:41.0;
17;7607.75;2019-04-11 20:24:43.0;
17;7607.88;2019-04-11 20:24:48.0;
17;7607.38;2019-04-11 20:24:51.0;
17;7607.12;2019-04-11 20:24:57.0;
17;7606.88;2019-04-11 20:25:04.0;
17;7605.88;2019-04-11 20:25:10.0;
17;7606.12;2019-04-11 20:25:12.0;
17;7605.88;2019-04-11 20:25:14.0;
17;7606.38;2019-04-11 20:25:20.0;
17;7606.25;2019-04-11 20:25:27.0;
17;7605.75;2019-04-11 20:25:35.0;
17;7605.88;2019-04-11 20:25:43.0;
17;7605.75;2019-04-11 20:25:44.0;
17;7605.88;2019-04-11 20:25:45.0;
17;7605.62;2019-04-11 20:25:48.0;
17;7605.38;2019-04-11 20:26:13.0;
17;7606.12;2019-04-11 20:26:16.0;
17;7606.5;2019-04-11 20:26:26.0;
17;7607;2019-04-11 20:26:27.0;
17;7606.5;2019-04-11 20:26:29.0;
17;7607;2019-04-11 20:26:31.0;
17;7606.88;2019-04-11 20:26:33.0;
17;7607;2019-04-11 20:26:36.0;
17;7607.38;2019-04-11 20:26:37.0;
17;7607.12;2019-04-11 20:26:41.0;
17;7607.38;2019-04-11 20:26:46.0;
17;7607.12;2019-04-11 20:26:47.0;
17;7606.88;2019-04-11 20:26:51.0;
17;7607.62;2019-04-11 20:27:04.0;
17;7607.12;2019-04-11 20:27:09.0;
17;7607.38;2019-04-11 20:27:12.0;
17;7607.12;2019-04-11 20:27:18.0;
17;7607.38;2019-04-11 20:27:20.0;
17;7607.12;2019-04-11 20:27:23.0;
17;7607.38;2019-04-11 20:27:24.0;
17;7607.75;2019-04-11 20:27:31.0;
17;7607.38;2019-04-11 20:27:32.0;
17;7607.75;2019-04-11 20:27:34.0;
17;7607.62;2019-04-11 20:27:37.0;
17;7607.12;2019-04-11 20:27:44.0;
17;7606.88;2019-04-11 20:27:50.0;
17;7607.12;2019-04-11 20:28:02.0;
17;7607;2019-04-11 20:28:11.0;
17;7606.88;2019-04-11 20:28:22.0;
17;7607.12;2019-04-11 20:28:28.0;
17;7607.38;2019-04-11 20:28:33.0;
17;7606.75;2019-04-11 20:28:39.0;
17;7606.62;2019-04-11 20:28:49.0;
17;7606.88;2019-04-11 20:28:59.0;
17;7606.62;2019-04-11 20:29:01.0;
17;7606.88;2019-04-11 20:29:03.0;
17;7606.38;2019-04-11 20:29:10.0;
17;7606.62;2019-04-11 20:29:12.0;
17;7606.38;2019-04-11 20:29:13.0;
17;7606.62;2019-04-11 20:29:16.0;
17;7606.88;2019-04-11 20:29:20.0;
17;7607.38;2019-04-11 20:29:32.0;
17;7606.88;2019-04-11 20:29:36.0;
17;7606.38;2019-04-11 20:29:39.0;
17;7606.62;2019-04-11 20:29:46.0;
17;7606.38;2019-04-11 20:29:48.0;
17;7606.62;2019-04-11 20:29:50.0;
17;7606.38;2019-04-11 20:29:52.0;
17;7603.62;2019-04-11 20:30:04.0;
17;7603.5;2019-04-11 20:30:06.0;
17;7603.88;2019-04-11 20:30:11.0;
17;7603.62;2019-04-11 20:30:23.0;
17;7604.62;2019-04-11 20:30:38.0;
17;7605.25;2019-04-11 20:30:48.0;
17;7605.62;2019-04-11 20:30:53.0;
17;7605.75;2019-04-11 20:30:55.0;
17;7605.62;2019-04-11 20:30:56.0;
17;7605.75;2019-04-11 20:30:57.0;
17;7606.12;2019-04-11 20:31:00.0;
17;7605.75;2019-04-11 20:31:02.0;
17;7606.12;2019-04-11 20:31:03.0;
17;7606.25;2019-04-11 20:31:06.0;
17;7606.62;2019-04-11 20:31:16.0;
17;7607.38;2019-04-11 20:31:19.0;
17;7608.62;2019-04-11 20:31:26.0;
17;7608.12;2019-04-11 20:31:34.0;
17;7608.38;2019-04-11 20:31:43.0;
17;7608.12;2019-04-11 20:32:05.0;
17;7608.5;2019-04-11 20:32:10.0;
17;7608.12;2019-04-11 20:32:21.0;
17;7608.5;2019-04-11 20:32:23.0;
17;7608.12;2019-04-11 20:32:24.0;
17;7607.38;2019-04-11 20:32:28.0;
17;7607.62;2019-04-11 20:32:40.0;
17;7607.12;2019-04-11 20:32:48.0;
17;7607.62;2019-04-11 20:32:49.0;
17;7607.12;2019-04-11 20:32:51.0;
17;7607.88;2019-04-11 20:32:52.0;
17;7607.62;2019-04-11 20:32:58.0;
17;7607.12;2019-04-11 20:33:08.0;
17;7606.62;2019-04-11 20:33:13.0;
17;7606.88;2019-04-11 20:33:16.0;
17;7607.12;2019-04-11 20:33:22.0;
17;7607;2019-04-11 20:33:28.0;
17;7607.12;2019-04-11 20:33:29.0;
17;7607;2019-04-11 20:33:30.0;
17;7607.12;2019-04-11 20:33:32.0;
17;7607.88;2019-04-11 20:33:36.0;
17;7607.62;2019-04-11 20:34:05.0;
17;7607.88;2019-04-11 20:34:18.0;
17;7608.12;2019-04-11 20:34:20.0;
17;7608.62;2019-04-11 20:34:32.0;
17;7607.62;2019-04-11 20:34:35.0;
17;7608.62;2019-04-11 20:34:36.0;
17;7607.62;2019-04-11 20:34:38.0;
17;7607.12;2019-04-11 20:34:53.0;
17;7606.88;2019-04-11 20:34:55.0;
17;7606.62;2019-04-11 20:35:00.0;
17;7606.5;2019-04-11 20:35:07.0;
17;7606.38;2019-04-11 20:35:15.0;
17;7606.12;2019-04-11 20:35:17.0;
17;7605.88;2019-04-11 20:35:20.0;
17;7606.12;2019-04-11 20:35:23.0;
17;7605.88;2019-04-11 20:35:24.0;
17;7606.12;2019-04-11 20:35:25.0;
17;7605.88;2019-04-11 20:35:34.0;
17;7606.12;2019-04-11 20:35:43.0;
17;7606.38;2019-04-11 20:35:48.0;
17;7606.88;2019-04-11 20:36:04.0;
17;7606.62;2019-04-11 20:36:08.0;
17;7606.88;2019-04-11 20:36:10.0;
17;7606.62;2019-04-11 20:36:12.0;
17;7606.88;2019-04-11 20:36:13.0;
17;7606.62;2019-04-11 20:36:15.0;
17;7606.38;2019-04-11 20:36:20.0;
17;7606.25;2019-04-11 20:36:31.0;
17;7606.62;2019-04-11 20:36:38.0;
17;7606.88;2019-04-11 20:36:48.0;
17;7606.62;2019-04-11 20:36:50.0;
17;7606.88;2019-04-11 20:36:51.0;
17;7607;2019-04-11 20:36:56.0;
17;7606.12;2019-04-11 20:37:04.0;
17;7605.88;2019-04-11 20:37:09.0;
17;7606.62;2019-04-11 20:37:12.0;
17;7606.88;2019-04-11 20:37:14.0;
17;7606.62;2019-04-11 20:37:16.0;
17;7606.88;2019-04-11 20:37:17.0;
17;7606.62;2019-04-11 20:37:21.0;
17;7607.25;2019-04-11 20:37:25.0;
17;7606.62;2019-04-11 20:37:29.0;
17;7605.88;2019-04-11 20:38:03.0;
17;7605.62;2019-04-11 20:38:13.0;
17;7605.5;2019-04-11 20:38:17.0;
17;7605.62;2019-04-11 20:38:20.0;
17;7605.5;2019-04-11 20:38:21.0;
17;7605.62;2019-04-11 20:38:23.0;
17;7605.88;2019-04-11 20:38:45.0;
17;7605.38;2019-04-11 20:38:51.0;
17;7605.62;2019-04-11 20:38:55.0;
17;7605.38;2019-04-11 20:39:02.0;
17;7605.5;2019-04-11 20:39:05.0;
17;7605.12;2019-04-11 20:39:09.0;
17;7605.62;2019-04-11 20:39:16.0;
17;7605.88;2019-04-11 20:39:22.0;
17;7606.25;2019-04-11 20:39:24.0;
17;7605.88;2019-04-11 20:39:26.0;
17;7606.25;2019-04-11 20:39:28.0;
17;7606.12;2019-04-11 20:39:29.0;
17;7605.88;2019-04-11 20:39:35.0;
17;7604.62;2019-04-11 20:39:49.0;
17;7605.5;2019-04-11 20:40:05.0;
17;7605.38;2019-04-11 20:40:06.0;
17;7605.25;2019-04-11 20:40:13.0;
17;7605.38;2019-04-11 20:40:15.0;
17;7605.62;2019-04-11 20:40:19.0;
17;7605.38;2019-04-11 20:40:26.0;
17;7605.88;2019-04-11 20:40:33.0;
17;7606;2019-04-11 20:40:40.0;
17;7605.12;2019-04-11 20:40:44.0;
17;7605.88;2019-04-11 20:40:55.0;
17;7606.12;2019-04-11 20:41:01.0;
17;7606.25;2019-04-11 20:41:06.0;
17;7606.12;2019-04-11 20:41:07.0;
17;7606.25;2019-04-11 20:41:11.0;
17;7606.12;2019-04-11 20:41:12.0;
17;7606.25;2019-04-11 20:41:15.0;
17;7606.62;2019-04-11 20:41:16.0;
17;7606.88;2019-04-11 20:41:20.0;
17;7606.62;2019-04-11 20:41:22.0;
17;7606.38;2019-04-11 20:41:29.0;
17;7606.12;2019-04-11 20:41:35.0;
17;7606.62;2019-04-11 20:41:43.0;
17;7606.38;2019-04-11 20:41:47.0;
17;7605.5;2019-04-11 20:42:06.0;
17;7605.12;2019-04-11 20:42:08.0;
17;7604.88;2019-04-11 20:42:16.0;
17;7604.62;2019-04-11 20:42:18.0;
17;7604.88;2019-04-11 20:42:20.0;
17;7604.62;2019-04-11 20:42:21.0;
17;7604.38;2019-04-11 20:42:30.0;
17;7605.38;2019-04-11 20:42:42.0;
17;7605.12;2019-04-11 20:42:48.0;
17;7605.62;2019-04-11 20:42:51.0;
17;7605.75;2019-04-11 20:42:55.0;
17;7605.88;2019-04-11 20:42:59.0;
17;7606.62;2019-04-11 20:43:04.0;
17;7605.88;2019-04-11 20:43:05.0;
17;7606.62;2019-04-11 20:43:06.0;
17;7606.5;2019-04-11 20:43:09.0;
17;7607.62;2019-04-11 20:43:15.0;
17;7606.5;2019-04-11 20:43:17.0;
17;7607.75;2019-04-11 20:43:19.0;
17;7607.88;2019-04-11 20:43:26.0;
17;7608.12;2019-04-11 20:43:27.0;
17;7607.88;2019-04-11 20:43:29.0;
17;7608.12;2019-04-11 20:43:30.0;
17;7607.38;2019-04-11 20:43:32.0;
17;7607.62;2019-04-11 20:43:41.0;
17;7608.38;2019-04-11 20:43:44.0;
17;7608.88;2019-04-11 20:43:50.0;
17;7608.75;2019-04-11 20:44:03.0;
17;7608.88;2019-04-11 20:44:05.0;
17;7608.75;2019-04-11 20:44:08.0;
17;7608.88;2019-04-11 20:44:09.0;
17;7609.12;2019-04-11 20:44:10.0;
17;7609.38;2019-04-11 20:44:18.0;
17;7609.12;2019-04-11 20:44:20.0;
17;7609.38;2019-04-11 20:44:21.0;
17;7608.88;2019-04-11 20:44:23.0;
17;7608.62;2019-04-11 20:44:32.0;
17;7608.5;2019-04-11 20:44:34.0;
17;7608.38;2019-04-11 20:44:39.0;
17;7608.5;2019-04-11 20:44:47.0;
17;7608.38;2019-04-11 20:44:48.0;
17;7608.5;2019-04-11 20:44:50.0;
17;7608.62;2019-04-11 20:44:53.0;
17;7608.5;2019-04-11 20:44:54.0;
17;7608.62;2019-04-11 20:44:57.0;
17;7608.88;2019-04-11 20:44:58.0;
17;7608.38;2019-04-11 20:45:04.0;
17;7607.88;2019-04-11 20:45:07.0;
17;7608;2019-04-11 20:45:13.0;
17;7607.38;2019-04-11 20:45:20.0;
17;7607.62;2019-04-11 20:45:23.0;
17;7607.12;2019-04-11 20:45:28.0;
17;7607.38;2019-04-11 20:45:37.0;
17;7606.88;2019-04-11 20:45:40.0;
17;7607.38;2019-04-11 20:45:41.0;
17;7607.12;2019-04-11 20:45:43.0;
17;7607.38;2019-04-11 20:45:45.0;
17;7607.12;2019-04-11 20:46:04.0;
17;7607.38;2019-04-11 20:46:05.0;
17;7607.12;2019-04-11 20:46:07.0;
17;7607.38;2019-04-11 20:46:15.0;
17;7607.12;2019-04-11 20:46:18.0;
17;7607.38;2019-04-11 20:46:19.0;
17;7607.5;2019-04-11 20:46:21.0;
17;7607.88;2019-04-11 20:46:26.0;
17;7608.12;2019-04-11 20:46:29.0;
17;7607.75;2019-04-11 20:46:31.0;
17;7608.12;2019-04-11 20:46:33.0;
17;7607.75;2019-04-11 20:46:35.0;
17;7607.5;2019-04-11 20:46:36.0;
17;7607.62;2019-04-11 20:46:40.0;
17;7607.75;2019-04-11 20:46:48.0;
17;7607.38;2019-04-11 20:46:52.0;
17;7607.5;2019-04-11 20:46:56.0;
17;7607.38;2019-04-11 20:46:57.0;
17;7607.5;2019-04-11 20:46:59.0;
17;7607.38;2019-04-11 20:47:04.0;
17;7607.62;2019-04-11 20:47:11.0;
17;7607.38;2019-04-11 20:47:12.0;
17;7607.62;2019-04-11 20:47:14.0;
17;7607.38;2019-04-11 20:47:29.0;
17;7607.5;2019-04-11 20:47:31.0;
17;7607.38;2019-04-11 20:47:34.0;
17;7607.62;2019-04-11 20:47:35.0;
17;7607.5;2019-04-11 20:47:36.0;
17;7607.62;2019-04-11 20:47:38.0;
17;7607.25;2019-04-11 20:47:44.0;
17;7607.12;2019-04-11 20:47:49.0;
17;7608.25;2019-04-11 20:48:06.0;
17;7607.62;2019-04-11 20:48:07.0;
17;7608.25;2019-04-11 20:48:08.0;
17;7607.62;2019-04-11 20:48:10.0;
17;7607.12;2019-04-11 20:48:12.0;
17;7606.88;2019-04-11 20:48:22.0;
17;7606.62;2019-04-11 20:48:24.0;
17;7606.88;2019-04-11 20:48:31.0;
17;7607;2019-04-11 20:48:36.0;
17;7607.5;2019-04-11 20:48:42.0;
17;7607.25;2019-04-11 20:48:43.0;
17;7607.5;2019-04-11 20:48:48.0;
17;7608;2019-04-11 20:48:57.0;
17;7608.38;2019-04-11 20:49:00.0;
17;7608;2019-04-11 20:49:02.0;
17;7608.38;2019-04-11 20:49:04.0;
17;7608.12;2019-04-11 20:49:05.0;
17;7607.75;2019-04-11 20:49:08.0;
17;7608.12;2019-04-11 20:49:09.0;
17;7607.75;2019-04-11 20:49:11.0;
17;7607.62;2019-04-11 20:49:12.0;
17;7607.38;2019-04-11 20:49:16.0;
17;7607.5;2019-04-11 20:49:21.0;
17;7608;2019-04-11 20:49:39.0;
17;7607.62;2019-04-11 20:49:44.0;
17;7607.5;2019-04-11 20:49:47.0;
17;7607.62;2019-04-11 20:49:48.0;
17;7607.5;2019-04-11 20:49:50.0;
17;7606.12;2019-04-11 20:50:03.0;
17;7605.38;2019-04-11 20:50:10.0;
17;7602.12;2019-04-11 20:50:11.0;
17;7602.5;2019-04-11 20:50:15.0;
17;7603.75;2019-04-11 20:50:20.0;
17;7602.75;2019-04-11 20:50:27.0;
17;7603.62;2019-04-11 20:50:28.0;
17;7602.75;2019-04-11 20:50:31.0;
17;7603.12;2019-04-11 20:50:32.0;
17;7604;2019-04-11 20:50:35.0;
17;7603.12;2019-04-11 20:50:36.0;
17;7604;2019-04-11 20:50:38.0;
17;7604.88;2019-04-11 20:50:44.0;
17;7604;2019-04-11 20:50:45.0;
17;7604.88;2019-04-11 20:50:46.0;
17;7604.5;2019-04-11 20:50:52.0;
17;7604.38;2019-04-11 20:50:58.0;
17;7604.75;2019-04-11 20:50:59.0;
17;7604.38;2019-04-11 20:51:00.0;
17;7604.75;2019-04-11 20:51:02.0;
17;7604.88;2019-04-11 20:51:05.0;
17;7606.12;2019-04-11 20:51:10.0;
17;7606;2019-04-11 20:51:16.0;
17;7605.88;2019-04-11 20:51:21.0;
17;7606;2019-04-11 20:51:23.0;
17;7605.88;2019-04-11 20:51:25.0;
17;7606;2019-04-11 20:51:26.0;
17;7606.38;2019-04-11 20:51:30.0;
17;7605.5;2019-04-11 20:51:43.0;
17;7605.62;2019-04-11 20:51:47.0;
17;7605.5;2019-04-11 20:51:49.0;
17;7605.62;2019-04-11 20:51:50.0;
17;7605.12;2019-04-11 20:52:07.0;
17;7605.25;2019-04-11 20:52:10.0;
17;7605.12;2019-04-11 20:52:18.0;
17;7605.25;2019-04-11 20:52:20.0;
17;7605.12;2019-04-11 20:52:21.0;
17;7605.25;2019-04-11 20:52:24.0;
17;7605;2019-04-11 20:52:38.0;
17;7605.38;2019-04-11 20:52:45.0;
17;7605.62;2019-04-11 20:52:46.0;
17;7605.25;2019-04-11 20:52:50.0;
17;7605.38;2019-04-11 20:52:56.0;
17;7605.5;2019-04-11 20:53:06.0;
17;7605.38;2019-04-11 20:53:07.0;
17;7605.62;2019-04-11 20:53:10.0;
17;7606.62;2019-04-11 20:53:14.0;
17;7605.88;2019-04-11 20:53:23.0;
17;7606.62;2019-04-11 20:53:26.0;
17;7605.88;2019-04-11 20:53:27.0;
17;7605.75;2019-04-11 20:53:33.0;
17;7605.62;2019-04-11 20:53:34.0;
17;7606;2019-04-11 20:53:40.0;
17;7606.12;2019-04-11 20:53:45.0;
17;7605.62;2019-04-11 20:53:46.0;
17;7606.12;2019-04-11 20:53:47.0;
17;7605.62;2019-04-11 20:53:49.0;
17;7605.25;2019-04-11 20:54:05.0;
17;7605.12;2019-04-11 20:54:09.0;
17;7605.25;2019-04-11 20:54:17.0;
17;7605.12;2019-04-11 20:54:19.0;
17;7605.25;2019-04-11 20:54:20.0;
17;7604.88;2019-04-11 20:54:22.0;
17;7604.12;2019-04-11 20:54:27.0;
17;7603.75;2019-04-11 20:54:32.0;
17;7603.62;2019-04-11 20:54:38.0;
17;7604.38;2019-04-11 20:54:44.0;
17;7603.62;2019-04-11 20:54:46.0;
17;7604.5;2019-04-11 20:54:47.0;
17;7604.38;2019-04-11 20:54:48.0;
17;7604.5;2019-04-11 20:54:50.0;
17;7604.62;2019-04-11 20:54:51.0;
17;7604.38;2019-04-11 20:54:57.0;
17;7603.75;2019-04-11 20:55:00.0;
17;7603.88;2019-04-11 20:55:05.0;
17;7604.12;2019-04-11 20:55:10.0;
17;7604.38;2019-04-11 20:55:16.0;
17;7604.12;2019-04-11 20:55:17.0;
17;7604.38;2019-04-11 20:55:18.0;
17;7604.12;2019-04-11 20:55:21.0;
17;7603.88;2019-04-11 20:55:27.0;
17;7604.12;2019-04-11 20:55:30.0;
17;7603.88;2019-04-11 20:55:31.0;
17;7603.75;2019-04-11 20:55:36.0;
17;7603.88;2019-04-11 20:55:37.0;
17;7603.75;2019-04-11 20:55:38.0;
17;7603.88;2019-04-11 20:55:44.0;
17;7603.62;2019-04-11 20:55:47.0;
17;7602.38;2019-04-11 20:56:03.0;
17;7602.88;2019-04-11 20:56:07.0;
17;7603.38;2019-04-11 20:56:16.0;
17;7602.62;2019-04-11 20:56:27.0;
17;7602.38;2019-04-11 20:56:31.0;
17;7604.12;2019-04-11 20:56:35.0;
17;7604;2019-04-11 20:56:41.0;
17;7604.12;2019-04-11 20:56:46.0;
17;7603.88;2019-04-11 20:57:00.0;
17;7604.12;2019-04-11 20:57:06.0;
17;7604.25;2019-04-11 20:57:07.0;
17;7604.12;2019-04-11 20:57:10.0;
17;7604;2019-04-11 20:57:11.0;
17;7604.38;2019-04-11 20:57:16.0;
17;7604.62;2019-04-11 20:57:20.0;
17;7604.5;2019-04-11 20:57:24.0;
17;7604.62;2019-04-11 20:57:27.0;
17;7604.88;2019-04-11 20:57:32.0;
17;7604.38;2019-04-11 20:57:38.0;
17;7604.75;2019-04-11 20:57:42.0;
17;7604.88;2019-04-11 20:57:44.0;
17;7604.62;2019-04-11 20:57:49.0;
17;7604.75;2019-04-11 20:58:04.0;
17;7604.38;2019-04-11 20:58:11.0;
17;7603.88;2019-04-11 20:58:13.0;
17;7604.38;2019-04-11 20:58:14.0;
17;7603.88;2019-04-11 20:58:16.0;
17;7604.5;2019-04-11 20:58:23.0;
17;7604.88;2019-04-11 20:58:30.0;
17;7605.12;2019-04-11 20:58:33.0;
17;7604.88;2019-04-11 20:58:34.0;
17;7605.25;2019-04-11 20:58:36.0;
17;7605.12;2019-04-11 20:58:39.0;
17;7606.12;2019-04-11 20:58:44.0;
17;7606.38;2019-04-11 20:58:49.0;
17;7606.12;2019-04-11 20:58:54.0;
17;7606;2019-04-11 20:59:04.0;
17;7605.62;2019-04-11 20:59:08.0;
17;7606.12;2019-04-11 20:59:15.0;
17;7606.25;2019-04-11 20:59:21.0;
17;7606.38;2019-04-11 20:59:24.0;
17;7606.12;2019-04-11 20:59:39.0;
17;7605.88;2019-04-11 20:59:45.0;
17;7606.38;2019-04-11 21:00:07.0;
17;7606.12;2019-04-11 21:00:11.0;
17;7605.88;2019-04-11 21:00:18.0;
17;7605.25;2019-04-11 21:00:25.0;
17;7604.88;2019-04-11 21:00:27.0;
17;7605;2019-04-11 21:00:36.0;
17;7605.62;2019-04-11 21:00:40.0;
17;7605.88;2019-04-11 21:00:51.0;
17;7606.38;2019-04-11 21:00:59.0;
17;7605.88;2019-04-11 21:01:00.0;
17;7606.62;2019-04-11 21:01:06.0;
17;7606.25;2019-04-11 21:01:07.0;
17;7608.12;2019-04-11 21:01:10.0;
17;7606.25;2019-04-11 21:01:12.0;
17;7608.12;2019-04-11 21:01:13.0;
17;7608.5;2019-04-11 21:01:16.0;
17;7608.12;2019-04-11 21:01:17.0;
17;7608.5;2019-04-11 21:01:18.0;
17;7608.75;2019-04-11 21:01:20.0;
17;7608.38;2019-04-11 21:01:23.0;
17;7608.75;2019-04-11 21:01:24.0;
17;7608.38;2019-04-11 21:01:26.0;
17;7608.88;2019-04-11 21:01:27.0;
17;7609;2019-04-11 21:01:36.0;
17;7608.25;2019-04-11 21:01:39.0;
17;7610;2019-04-11 21:02:05.0;
17;7609.88;2019-04-11 21:02:09.0;
17;7610;2019-04-11 21:02:12.0;
17;7609.88;2019-04-11 21:02:13.0;
17;7610.12;2019-04-11 21:02:16.0;
17;7610.38;2019-04-11 21:02:21.0;
17;7610.12;2019-04-11 21:02:22.0;
17;7610;2019-04-11 21:02:28.0;
17;7609.88;2019-04-11 21:02:33.0;
17;7609.5;2019-04-11 21:02:45.0;
17;7609.62;2019-04-11 21:02:47.0;
17;7610.12;2019-04-11 21:03:00.0;
17;7609.88;2019-04-11 21:03:03.0;
17;7610.12;2019-04-11 21:03:04.0;
17;7609.88;2019-04-11 21:03:06.0;
17;7609.5;2019-04-11 21:03:08.0;
17;7609.38;2019-04-11 21:03:13.0;
17;7609.88;2019-04-11 21:03:16.0;
17;7610.12;2019-04-11 21:03:33.0;
17;7609.62;2019-04-11 21:03:44.0;
17;7609.5;2019-04-11 21:03:48.0;
17;7609.62;2019-04-11 21:04:05.0;
17;7610.38;2019-04-11 21:04:10.0;
17;7609.88;2019-04-11 21:04:18.0;
17;7609.75;2019-04-11 21:04:24.0;
17;7610.38;2019-04-11 21:04:27.0;
17;7610.75;2019-04-11 21:04:38.0;
17;7610.62;2019-04-11 21:04:43.0;
17;7610.38;2019-04-11 21:04:49.0;
17;7611.12;2019-04-11 21:04:54.0;
17;7610.38;2019-04-11 21:04:55.0;
17;7611.12;2019-04-11 21:04:57.0;
17;7611;2019-04-11 21:04:58.0;
17;7611.62;2019-04-11 21:05:04.0;
17;7611.38;2019-04-11 21:05:06.0;
17;7611.62;2019-04-11 21:05:09.0;
17;7611.38;2019-04-11 21:05:10.0;
17;7611.62;2019-04-11 21:05:11.0;
17;7611.38;2019-04-11 21:05:15.0;
17;7611.88;2019-04-11 21:05:18.0;
17;7611.38;2019-04-11 21:05:19.0;
17;7611.88;2019-04-11 21:05:21.0;
17;7611.62;2019-04-11 21:05:23.0;
17;7611.88;2019-04-11 21:05:24.0;
17;7611.62;2019-04-11 21:05:26.0;
17;7612.12;2019-04-11 21:05:28.0;
17;7612.62;2019-04-11 21:05:34.0;
17;7612.38;2019-04-11 21:05:39.0;
17;7612.62;2019-04-11 21:05:41.0;
17;7612.25;2019-04-11 21:05:42.0;
17;7612.62;2019-04-11 21:05:46.0;
17;7613.12;2019-04-11 21:06:06.0;
17;7613.62;2019-04-11 21:06:07.0;
17;7613.75;2019-04-11 21:06:11.0;
17;7613.88;2019-04-11 21:06:16.0;
17;7613.75;2019-04-11 21:06:23.0;
17;7613.88;2019-04-11 21:06:25.0;
17;7613.75;2019-04-11 21:06:26.0;
17;7613.62;2019-04-11 21:06:29.0;
17;7613.38;2019-04-11 21:06:43.0;
17;7613.62;2019-04-11 21:06:48.0;
17;7613.12;2019-04-11 21:07:10.0;
17;7613.88;2019-04-11 21:07:21.0;
17;7614;2019-04-11 21:07:26.0;
17;7614.12;2019-04-11 21:07:29.0;
17;7614;2019-04-11 21:07:30.0;
17;7613.62;2019-04-11 21:07:32.0;
17;7613.38;2019-04-11 21:07:34.0;
17;7613.62;2019-04-11 21:07:36.0;
17;7613.38;2019-04-11 21:07:37.0;
17;7613.62;2019-04-11 21:07:40.0;
17;7613.38;2019-04-11 21:07:46.0;
17;7613.25;2019-04-11 21:08:03.0;
17;7613.38;2019-04-11 21:08:04.0;
17;7613.25;2019-04-11 21:08:05.0;
17;7613;2019-04-11 21:08:08.0;
17;7613.38;2019-04-11 21:08:10.0;
17;7613;2019-04-11 21:08:11.0;
17;7613.25;2019-04-11 21:08:14.0;
17;7612.38;2019-04-11 21:08:22.0;
17;7612.25;2019-04-11 21:08:31.0;
17;7612.5;2019-04-11 21:08:34.0;
17;7611.62;2019-04-11 21:08:38.0;
17;7611.88;2019-04-11 21:08:43.0;
17;7612.12;2019-04-11 21:08:46.0;
17;7612;2019-04-11 21:08:56.0;
17;7612.12;2019-04-11 21:09:00.0;
17;7612.38;2019-04-11 21:09:03.0;
17;7612.12;2019-04-11 21:09:04.0;
17;7612.38;2019-04-11 21:09:06.0;
17;7612.25;2019-04-11 21:09:14.0;
17;7612.12;2019-04-11 21:09:20.0;
17;7611.88;2019-04-11 21:09:25.0;
17;7612.12;2019-04-11 21:09:32.0;
17;7612.5;2019-04-11 21:09:39.0;
17;7612.12;2019-04-11 21:09:41.0;
17;7612.88;2019-04-11 21:09:42.0;
17;7612.62;2019-04-11 21:10:03.0;
17;7612.75;2019-04-11 21:10:12.0;
17;7612.38;2019-04-11 21:10:27.0;
17;7612.12;2019-04-11 21:10:35.0;
17;7612.38;2019-04-11 21:10:36.0;
17;7612.12;2019-04-11 21:10:38.0;
17;7611.88;2019-04-11 21:10:39.0;
17;7611.38;2019-04-11 21:10:44.0;
17;7611.88;2019-04-11 21:10:49.0;
17;7612.12;2019-04-11 21:10:53.0;
17;7612;2019-04-11 21:10:59.0;
17;7611.75;2019-04-11 21:11:08.0;
17;7612.12;2019-04-11 21:11:09.0;
17;7613;2019-04-11 21:11:16.0;
17;7611.38;2019-04-11 21:11:22.0;
17;7611.62;2019-04-11 21:11:24.0;
17;7612.25;2019-04-11 21:11:32.0;
17;7611.62;2019-04-11 21:11:33.0;
17;7612.75;2019-04-11 21:11:35.0;
17;7612.25;2019-04-11 21:11:36.0;
17;7612.75;2019-04-11 21:11:38.0;
17;7612.88;2019-04-11 21:11:42.0;
17;7613.12;2019-04-11 21:11:44.0;
17;7613.38;2019-04-11 21:12:04.0;
17;7613.12;2019-04-11 21:12:05.0;
17;7613.38;2019-04-11 21:12:08.0;
17;7613.12;2019-04-11 21:12:10.0;
17;7613.38;2019-04-11 21:12:11.0;
17;7613.62;2019-04-11 21:12:18.0;
17;7613.88;2019-04-11 21:12:21.0;
17;7613.75;2019-04-11 21:12:25.0;
17;7613.62;2019-04-11 21:12:35.0;
17;7613.88;2019-04-11 21:12:54.0;
17;7613.62;2019-04-11 21:12:55.0;
17;7613.88;2019-04-11 21:12:57.0;
17;7613.12;2019-04-11 21:13:04.0;
17;7612.88;2019-04-11 21:13:08.0;
17;7612.62;2019-04-11 21:13:13.0;
17;7612.88;2019-04-11 21:13:19.0;
17;7612.38;2019-04-11 21:13:24.0;
17;7612.62;2019-04-11 21:13:31.0;
17;7612.38;2019-04-11 21:13:48.0;
17;7611.25;2019-04-11 21:14:02.0;
17;7610.88;2019-04-11 21:14:05.0;
17;7611.25;2019-04-11 21:14:06.0;
17;7610.88;2019-04-11 21:14:08.0;
17;7611.12;2019-04-11 21:14:13.0;
17;7609.88;2019-04-11 21:14:16.0;
17;7611.12;2019-04-11 21:14:17.0;
17;7609.88;2019-04-11 21:14:19.0;
17;7610.38;2019-04-11 21:14:20.0;
17;7610.5;2019-04-11 21:14:23.0;
17;7610.38;2019-04-11 21:14:24.0;
17;7610.5;2019-04-11 21:14:26.0;
17;7610.88;2019-04-11 21:14:32.0;
17;7609.88;2019-04-11 21:14:34.0;
17;7610.62;2019-04-11 21:14:41.0;
17;7610.12;2019-04-11 21:14:43.0;
17;7610.62;2019-04-11 21:14:44.0;
17;7611.12;2019-04-11 21:14:48.0;
17;7610.88;2019-04-11 21:14:51.0;
17;7610.62;2019-04-11 21:14:56.0;
17;7610.88;2019-04-11 21:14:57.0;
17;7610.38;2019-04-11 21:15:02.0;
17;7610.12;2019-04-11 21:15:08.0;
17;7610.38;2019-04-11 21:15:09.0;
17;7610.12;2019-04-11 21:15:15.0;
17;7610.62;2019-04-11 21:15:18.0;
17;7610.75;2019-04-11 21:15:23.0;
17;7611.38;2019-04-11 21:15:29.0;
17;7612.12;2019-04-11 21:15:31.0;
17;7612;2019-04-11 21:15:38.0;
17;7612.12;2019-04-11 21:15:40.0;
17;7612;2019-04-11 21:15:41.0;
17;7611.75;2019-04-11 21:15:45.0;
17;7611.88;2019-04-11 21:15:47.0;
17;7611.75;2019-04-11 21:16:05.0;
17;7611.38;2019-04-11 21:16:08.0;
17;7610.62;2019-04-11 21:16:12.0;
17;7610.88;2019-04-11 21:16:22.0;
17;7610.12;2019-04-11 21:16:27.0;
17;7609.88;2019-04-11 21:16:44.0;
17;7610.12;2019-04-11 21:16:50.0;
17;7610.25;2019-04-11 21:16:55.0;
17;7610.88;2019-04-11 21:17:03.0;
17;7611.12;2019-04-11 21:17:04.0;
17;7611.38;2019-04-11 21:17:07.0;
17;7611.12;2019-04-11 21:17:09.0;
17;7611.38;2019-04-11 21:17:10.0;
17;7611.88;2019-04-11 21:17:14.0;
17;7611.38;2019-04-11 21:17:15.0;
17;7611.88;2019-04-11 21:17:16.0;
17;7612.5;2019-04-11 21:17:27.0;
17;7612.62;2019-04-11 21:17:33.0;
17;7612.25;2019-04-11 21:17:38.0;
17;7612.12;2019-04-11 21:17:40.0;
17;7612.25;2019-04-11 21:17:41.0;
17;7612.12;2019-04-11 21:17:43.0;
17;7612.38;2019-04-11 21:18:07.0;
17;7612.62;2019-04-11 21:18:12.0;
17;7612.5;2019-04-11 21:18:16.0;
17;7612.88;2019-04-11 21:18:19.0;
17;7612.62;2019-04-11 21:18:31.0;
17;7612.12;2019-04-11 21:18:35.0;
17;7612.25;2019-04-11 21:18:45.0;
17;7612.38;2019-04-11 21:18:49.0;
17;7612.62;2019-04-11 21:18:55.0;
17;7612.75;2019-04-11 21:19:03.0;
17;7611.88;2019-04-11 21:19:08.0;
17;7611.5;2019-04-11 21:19:17.0;
17;7611.38;2019-04-11 21:19:20.0;
17;7611.25;2019-04-11 21:19:24.0;
17;7611.38;2019-04-11 21:19:28.0;
17;7611.25;2019-04-11 21:19:29.0;
17;7611.38;2019-04-11 21:19:31.0;
17;7610.88;2019-04-11 21:19:36.0;
17;7611.38;2019-04-11 21:19:37.0;
17;7610.88;2019-04-11 21:19:38.0;
17;7611.12;2019-04-11 21:19:40.0;
17;7612.38;2019-04-11 21:19:52.0;
17;7611.38;2019-04-11 21:20:07.0;
17;7611.5;2019-04-11 21:20:15.0;
17;7611.38;2019-04-11 21:20:16.0;
17;7611.5;2019-04-11 21:20:18.0;
17;7611.62;2019-04-11 21:20:19.0;
17;7611.5;2019-04-11 21:20:20.0;
17;7611.62;2019-04-11 21:20:22.0;
17;7611.38;2019-04-11 21:20:23.0;
17;7611.62;2019-04-11 21:20:35.0;
17;7611.75;2019-04-11 21:20:49.0;
17;7612.5;2019-04-11 21:20:53.0;
17;7611.75;2019-04-11 21:20:54.0;
17;7612.38;2019-04-11 21:20:56.0;
17;7612.62;2019-04-11 21:21:03.0;
17;7612.38;2019-04-11 21:21:11.0;
17;7612.25;2019-04-11 21:21:16.0;
17;7612.12;2019-04-11 21:21:20.0;
17;7612.5;2019-04-11 21:21:23.0;
17;7612.12;2019-04-11 21:21:29.0;
17;7611.88;2019-04-11 21:21:32.0;
17;7612.12;2019-04-11 21:21:33.0;
17;7611.88;2019-04-11 21:21:34.0;
17;7612.12;2019-04-11 21:21:36.0;
17;7611.88;2019-04-11 21:21:37.0;
17;7612.12;2019-04-11 21:21:39.0;
17;7611.75;2019-04-11 21:21:48.0;
17;7611.5;2019-04-11 21:22:04.0;
17;7611.88;2019-04-11 21:22:10.0;
17;7611.62;2019-04-11 21:22:12.0;
17;7611.88;2019-04-11 21:22:15.0;
17;7611.62;2019-04-11 21:22:24.0;
17;7611.88;2019-04-11 21:22:27.0;
17;7612.12;2019-04-11 21:22:38.0;
17;7612.38;2019-04-11 21:22:41.0;
17;7612.12;2019-04-11 21:22:43.0;
17;7612.38;2019-04-11 21:22:45.0;
17;7612.12;2019-04-11 21:22:46.0;
17;7611.62;2019-04-11 21:22:51.0;
17;7612.12;2019-04-11 21:22:53.0;
17;7611.62;2019-04-11 21:22:54.0;
17;7611.88;2019-04-11 21:23:05.0;
17;7611.38;2019-04-11 21:23:09.0;
17;7611.62;2019-04-11 21:23:14.0;
17;7610.88;2019-04-11 21:23:20.0;
17;7611.12;2019-04-11 21:23:32.0;
17;7610.62;2019-04-11 21:23:40.0;
17;7610.38;2019-04-11 21:23:48.0;
17;7610.75;2019-04-11 21:24:02.0;
17;7609.88;2019-04-11 21:24:10.0;
17;7608.88;2019-04-11 21:24:12.0;
17;7609.12;2019-04-11 21:24:14.0;
17;7609.75;2019-04-11 21:24:20.0;
17;7609.38;2019-04-11 21:24:25.0;
17;7609.62;2019-04-11 21:24:26.0;
17;7609.38;2019-04-11 21:24:31.0;
17;7609.12;2019-04-11 21:24:42.0;
17;7608.62;2019-04-11 21:24:50.0;
17;7608.75;2019-04-11 21:24:58.0;
17;7608.62;2019-04-11 21:25:00.0;
17;7608.75;2019-04-11 21:25:01.0;
17;7608.5;2019-04-11 21:25:03.0;
17;7608.88;2019-04-11 21:25:07.0;
17;7608.62;2019-04-11 21:25:11.0;
17;7608.88;2019-04-11 21:25:14.0;
17;7608.62;2019-04-11 21:25:21.0;
17;7608.5;2019-04-11 21:25:26.0;
17;7608.62;2019-04-11 21:25:30.0;
17;7607.62;2019-04-11 21:25:35.0;
17;7608.12;2019-04-11 21:25:40.0;
17;7607.12;2019-04-11 21:26:04.0;
17;7607.62;2019-04-11 21:26:08.0;
17;7607.38;2019-04-11 21:26:13.0;
17;7607.25;2019-04-11 21:26:17.0;
17;7607.5;2019-04-11 21:26:20.0;
17;7607.25;2019-04-11 21:26:21.0;
17;7607.5;2019-04-11 21:26:22.0;
17;7607.62;2019-04-11 21:26:24.0;
17;7607.88;2019-04-11 21:26:30.0;
17;7607.75;2019-04-11 21:26:35.0;
17;7607.62;2019-04-11 21:26:40.0;
17;7607.88;2019-04-11 21:26:42.0;
17;7607.62;2019-04-11 21:26:47.0;
17;7607.88;2019-04-11 21:26:48.0;
17;7607.62;2019-04-11 21:26:49.0;
17;7606.88;2019-04-11 21:26:52.0;
17;7607.12;2019-04-11 21:26:59.0;
17;7607.38;2019-04-11 21:27:08.0;
17;7607.25;2019-04-11 21:27:12.0;
17;7607.38;2019-04-11 21:27:17.0;
17;7607.88;2019-04-11 21:27:20.0;
17;7607.38;2019-04-11 21:27:21.0;
17;7607.88;2019-04-11 21:27:23.0;
17;7608.12;2019-04-11 21:27:29.0;
17;7607.62;2019-04-11 21:27:35.0;
17;7608.12;2019-04-11 21:27:37.0;
17;7607.62;2019-04-11 21:27:38.0;
17;7607.38;2019-04-11 21:28:03.0;
17;7607.75;2019-04-11 21:28:10.0;
17;7607.62;2019-04-11 21:28:14.0;
17;7607.5;2019-04-11 21:28:17.0;
17;7607.38;2019-04-11 21:28:18.0;
17;7607.62;2019-04-11 21:28:24.0;
17;7607.38;2019-04-11 21:28:26.0;
17;7607.62;2019-04-11 21:28:27.0;
17;7607.38;2019-04-11 21:28:35.0;
17;7607.62;2019-04-11 21:28:38.0;
17;7607.38;2019-04-11 21:28:39.0;
17;7606.88;2019-04-11 21:28:41.0;
17;7607;2019-04-11 21:28:51.0;
17;7606.88;2019-04-11 21:29:00.0;
17;7606.62;2019-04-11 21:29:10.0;
17;7607.12;2019-04-11 21:29:11.0;
17;7606.62;2019-04-11 21:29:13.0;
17;7607.12;2019-04-11 21:29:14.0;
17;7606.62;2019-04-11 21:29:24.0;
17;7605.38;2019-04-11 21:29:32.0;
17;7605.88;2019-04-11 21:29:35.0;
17;7605.38;2019-04-11 21:29:40.0;
17;7605.88;2019-04-11 21:29:41.0;
17;7605.38;2019-04-11 21:29:42.0;
17;7605.12;2019-04-11 21:29:45.0;
17;7605.38;2019-04-11 21:29:48.0;
17;7605.12;2019-04-11 21:30:03.0;
17;7605.38;2019-04-11 21:30:06.0;
17;7605.12;2019-04-11 21:30:07.0;
17;7605.88;2019-04-11 21:30:12.0;
17;7605.38;2019-04-11 21:30:16.0;
17;7605.5;2019-04-11 21:30:20.0;
17;7605.88;2019-04-11 21:30:23.0;
17;7605.62;2019-04-11 21:30:30.0;
17;7605.38;2019-04-11 21:30:34.0;
17;7605.62;2019-04-11 21:30:36.0;
17;7605.38;2019-04-11 21:30:37.0;
17;7605.88;2019-04-11 21:30:39.0;
17;7605.75;2019-04-11 21:30:46.0;
17;7605.88;2019-04-11 21:30:47.0;
17;7606.88;2019-04-11 21:30:52.0;
17;7605.88;2019-04-11 21:30:53.0;
17;7606.88;2019-04-11 21:30:55.0;
17;7607.12;2019-04-11 21:30:59.0;
17;7607.75;2019-04-11 21:31:05.0;
17;7607;2019-04-11 21:31:08.0;
17;7607.62;2019-04-11 21:31:12.0;
17;7607.88;2019-04-11 21:31:18.0;
17;7607.62;2019-04-11 21:31:19.0;
17;7607.75;2019-04-11 21:31:20.0;
17;7607.88;2019-04-11 21:31:22.0;
17;7607.75;2019-04-11 21:31:23.0;
17;7606.5;2019-04-11 21:31:24.0;
17;7606;2019-04-11 21:31:34.0;
17;7605.88;2019-04-11 21:31:36.0;
17;7606;2019-04-11 21:31:37.0;
17;7605.88;2019-04-11 21:31:38.0;
17;7606.62;2019-04-11 21:31:41.0;
17;7605.88;2019-04-11 21:31:43.0;
17;7606.62;2019-04-11 21:31:44.0;
17;7606.88;2019-04-11 21:31:47.0;
17;7607.88;2019-04-11 21:32:03.0;
17;7606.88;2019-04-11 21:32:04.0;
17;7607.88;2019-04-11 21:32:05.0;
17;7608;2019-04-11 21:32:07.0;
17;7607.88;2019-04-11 21:32:10.0;
17;7608;2019-04-11 21:32:11.0;
17;7608.12;2019-04-11 21:32:12.0;
17;7608.5;2019-04-11 21:32:22.0;
17;7608.75;2019-04-11 21:32:32.0;
17;7608.88;2019-04-11 21:32:39.0;
17;7609.12;2019-04-11 21:32:44.0;
17;7609.38;2019-04-11 21:33:02.0;
17;7609.12;2019-04-11 21:33:03.0;
17;7609.38;2019-04-11 21:33:05.0;
17;7609.12;2019-04-11 21:33:08.0;
17;7609.62;2019-04-11 21:33:28.0;
17;7610.25;2019-04-11 21:33:33.0;
17;7609.62;2019-04-11 21:33:35.0;
17;7610.25;2019-04-11 21:33:36.0;
17;7610.12;2019-04-11 21:33:39.0;
17;7610.38;2019-04-11 21:33:44.0;
17;7610.25;2019-04-11 21:33:46.0;
17;7610.38;2019-04-11 21:33:47.0;
17;7610.25;2019-04-11 21:33:48.0;
17;7609.62;2019-04-11 21:34:03.0;
17;7610.25;2019-04-11 21:34:04.0;
17;7609.62;2019-04-11 21:34:06.0;
17;7610.12;2019-04-11 21:34:17.0;
17;7608.88;2019-04-11 21:34:24.0;
17;7609;2019-04-11 21:34:29.0;
17;7609.12;2019-04-11 21:34:36.0;
17;7608.88;2019-04-11 21:34:38.0;
17;7609.12;2019-04-11 21:34:39.0;
17;7609.88;2019-04-11 21:34:44.0;
17;7609.62;2019-04-11 21:34:48.0;
17;7609.38;2019-04-11 21:34:52.0;
17;7609.25;2019-04-11 21:35:05.0;
17;7609.88;2019-04-11 21:35:11.0;
17;7610.12;2019-04-11 21:35:17.0;
17;7610.25;2019-04-11 21:35:21.0;
17;7610.38;2019-04-11 21:35:27.0;
17;7610.12;2019-04-11 21:35:35.0;
17;7609.12;2019-04-11 21:35:40.0;
17;7610.12;2019-04-11 21:35:41.0;
17;7609.12;2019-04-11 21:35:42.0;
17;7609.38;2019-04-11 21:35:44.0;
17;7609.12;2019-04-11 21:35:47.0;
17;7609.38;2019-04-11 21:35:48.0;
17;7609.62;2019-04-11 21:35:50.0;
17;7610.88;2019-04-11 21:36:08.0;
17;7611.12;2019-04-11 21:36:14.0;
17;7610.62;2019-04-11 21:36:17.0;
17;7610.38;2019-04-11 21:36:19.0;
17;7609.88;2019-04-11 21:36:26.0;
17;7610.12;2019-04-11 21:36:36.0;
17;7610.62;2019-04-11 21:36:41.0;
17;7610.88;2019-04-11 21:36:47.0;
17;7611.12;2019-04-11 21:36:52.0;
17;7610.62;2019-04-11 21:36:56.0;
17;7611.12;2019-04-11 21:36:57.0;
17;7610.62;2019-04-11 21:36:58.0;
17;7611.12;2019-04-11 21:37:04.0;
17;7611.88;2019-04-11 21:37:11.0;
17;7612.12;2019-04-11 21:37:12.0;
17;7611.88;2019-04-11 21:37:14.0;
17;7612;2019-04-11 21:37:15.0;
17;7611.88;2019-04-11 21:37:16.0;
17;7612;2019-04-11 21:37:18.0;
17;7611.88;2019-04-11 21:37:19.0;
17;7612;2019-04-11 21:37:24.0;
17;7611.88;2019-04-11 21:37:25.0;
17;7612;2019-04-11 21:37:27.0;
17;7611.62;2019-04-11 21:37:35.0;
17;7611.12;2019-04-11 21:37:39.0;
17;7611;2019-04-11 21:37:44.0;
17;7611.12;2019-04-11 21:37:49.0;
17;7610.5;2019-04-11 21:38:07.0;
17;7610.62;2019-04-11 21:38:15.0;
17;7610.38;2019-04-11 21:38:17.0;
17;7610;2019-04-11 21:38:20.0;
17;7609.88;2019-04-11 21:38:22.0;
17;7609.75;2019-04-11 21:38:28.0;
17;7609.88;2019-04-11 21:38:29.0;
17;7609.75;2019-04-11 21:38:32.0;
17;7609.62;2019-04-11 21:38:33.0;
17;7610.12;2019-04-11 21:38:39.0;
17;7610.25;2019-04-11 21:38:45.0;
17;7609.38;2019-04-11 21:38:49.0;
17;7609.25;2019-04-11 21:38:52.0;
17;7609.38;2019-04-11 21:38:53.0;
17;7609.25;2019-04-11 21:38:54.0;
17;7609.38;2019-04-11 21:38:57.0;
17;7610.25;2019-04-11 21:38:58.0;
17;7610.38;2019-04-11 21:39:04.0;
17;7610.25;2019-04-11 21:39:06.0;
17;7610.12;2019-04-11 21:39:16.0;
17;7609.88;2019-04-11 21:39:22.0;
17;7610.12;2019-04-11 21:39:26.0;
17;7609.38;2019-04-11 21:39:32.0;
17;7610.12;2019-04-11 21:39:33.0;
17;7609.38;2019-04-11 21:39:34.0;
17;7608.88;2019-04-11 21:39:36.0;
17;7609.38;2019-04-11 21:39:39.0;
17;7608.88;2019-04-11 21:39:40.0;
17;7609.38;2019-04-11 21:39:42.0;
17;7609.88;2019-04-11 21:40:04.0;
17;7609.38;2019-04-11 21:40:06.0;
17;7609.12;2019-04-11 21:40:07.0;
17;7608.62;2019-04-11 21:40:15.0;
17;7608.88;2019-04-11 21:40:18.0;
17;7609.12;2019-04-11 21:40:33.0;
17;7608.88;2019-04-11 21:40:42.0;
17;7609.62;2019-04-11 21:40:48.0;
17;7609.75;2019-04-11 21:40:57.0;
17;7609.38;2019-04-11 21:41:02.0;
17;7609.5;2019-04-11 21:41:05.0;
17;7609.88;2019-04-11 21:41:11.0;
17;7609.5;2019-04-11 21:41:12.0;
17;7609.88;2019-04-11 21:41:14.0;
17;7610.12;2019-04-11 21:41:17.0;
17;7609.12;2019-04-11 21:41:18.0;
17;7610.12;2019-04-11 21:41:20.0;
17;7609.12;2019-04-11 21:41:21.0;
17;7609.38;2019-04-11 21:41:25.0;
17;7608.5;2019-04-11 21:41:26.0;
17;7608.62;2019-04-11 21:41:32.0;
17;7609.38;2019-04-11 21:41:35.0;
17;7609.12;2019-04-11 21:41:39.0;
17;7608.38;2019-04-11 21:41:46.0;
17;7609.62;2019-04-11 21:42:03.0;
17;7610.25;2019-04-11 21:42:09.0;
17;7609.62;2019-04-11 21:42:10.0;
17;7609.75;2019-04-11 21:42:19.0;
17;7609.38;2019-04-11 21:42:24.0;
17;7609.88;2019-04-11 21:42:30.0;
17;7609.62;2019-04-11 21:42:35.0;
17;7610.38;2019-04-11 21:42:51.0;
17;7610.25;2019-04-11 21:42:56.0;
17;7610.12;2019-04-11 21:43:06.0;
17;7610.38;2019-04-11 21:43:17.0;
17;7610.75;2019-04-11 21:43:20.0;
17;7609.88;2019-04-11 21:43:26.0;
17;7610.75;2019-04-11 21:43:27.0;
17;7609.88;2019-04-11 21:43:28.0;
17;7610.12;2019-04-11 21:43:31.0;
17;7610.25;2019-04-11 21:43:41.0;
17;7610.12;2019-04-11 21:43:42.0;
17;7610.38;2019-04-11 21:44:18.0;
17;7610.62;2019-04-11 21:44:29.0;
17;7610.88;2019-04-11 21:44:31.0;
17;7610.75;2019-04-11 21:44:39.0;
17;7610.62;2019-04-11 21:44:43.0;
17;7611;2019-04-11 21:44:52.0;
17;7610.62;2019-04-11 21:44:56.0;
17;7610.75;2019-04-11 21:45:00.0;
17;7610.62;2019-04-11 21:45:03.0;
17;7610.75;2019-04-11 21:45:05.0;
17;7610.62;2019-04-11 21:45:06.0;
17;7610.5;2019-04-11 21:45:10.0;
17;7610.62;2019-04-11 21:45:15.0;
17;7611.88;2019-04-11 21:45:16.0;
17;7611.62;2019-04-11 21:45:19.0;
17;7612.12;2019-04-11 21:45:24.0;
17;7611.62;2019-04-11 21:45:26.0;
17;7612.12;2019-04-11 21:45:27.0;
17;7611.88;2019-04-11 21:45:28.0;
17;7611.5;2019-04-11 21:45:45.0;
17;7610.88;2019-04-11 21:45:48.0;
17;7611.5;2019-04-11 21:45:49.0;
17;7610.88;2019-04-11 21:45:50.0;
17;7610.62;2019-04-11 21:46:03.0;
17;7610.25;2019-04-11 21:46:09.0;
17;7610.62;2019-04-11 21:46:12.0;
17;7609.62;2019-04-11 21:46:21.0;
17;7609.38;2019-04-11 21:46:35.0;
17;7609.5;2019-04-11 21:46:36.0;
17;7609.25;2019-04-11 21:46:39.0;
17;7608;2019-04-11 21:46:44.0;
17;7607.62;2019-04-11 21:46:50.0;
17;7607.88;2019-04-11 21:46:54.0;
17;7608;2019-04-11 21:47:00.0;
17;7607.88;2019-04-11 21:47:03.0;
17;7608.25;2019-04-11 21:47:07.0;
17;7607.88;2019-04-11 21:47:08.0;
17;7608.25;2019-04-11 21:47:11.0;
17;7607.38;2019-04-11 21:47:19.0;
17;7607;2019-04-11 21:47:20.0;
17;7607.38;2019-04-11 21:47:23.0;
17;7607;2019-04-11 21:47:24.0;
17;7607.38;2019-04-11 21:47:26.0;
17;7607.12;2019-04-11 21:47:32.0;
17;7606.88;2019-04-11 21:47:36.0;
17;7607.12;2019-04-11 21:47:37.0;
17;7606.88;2019-04-11 21:47:39.0;
17;7607;2019-04-11 21:47:41.0;
17;7607.12;2019-04-11 21:47:44.0;
17;7606.88;2019-04-11 21:47:47.0;
17;7607.25;2019-04-11 21:48:06.0;
17;7607.12;2019-04-11 21:48:08.0;
17;7607.25;2019-04-11 21:48:11.0;
17;7607.38;2019-04-11 21:48:12.0;
17;7607.62;2019-04-11 21:48:18.0;
17;7607.38;2019-04-11 21:48:19.0;
17;7607.62;2019-04-11 21:48:21.0;
17;7607.38;2019-04-11 21:48:22.0;
17;7607.5;2019-04-11 21:48:23.0;
17;7607.38;2019-04-11 21:48:29.0;
17;7606.62;2019-04-11 21:48:44.0;
17;7606.88;2019-04-11 21:48:52.0;
17;7607.12;2019-04-11 21:49:03.0;
17;7606.88;2019-04-11 21:49:04.0;
17;7607.12;2019-04-11 21:49:06.0;
17;7607.25;2019-04-11 21:49:07.0;
17;7606.88;2019-04-11 21:49:13.0;
17;7606.75;2019-04-11 21:49:28.0;
17;7606.38;2019-04-11 21:49:31.0;
17;7606.75;2019-04-11 21:49:32.0;
17;7606.38;2019-04-11 21:49:34.0;
17;7606.62;2019-04-11 21:49:39.0;
17;7606.88;2019-04-11 21:49:46.0;
17;7607.88;2019-04-11 21:50:04.0;
17;7607.38;2019-04-11 21:50:12.0;
17;7607.88;2019-04-11 21:50:15.0;
17;7607.62;2019-04-11 21:50:20.0;
17;7607.88;2019-04-11 21:50:21.0;
17;7607.62;2019-04-11 21:50:23.0;
17;7607.25;2019-04-11 21:50:27.0;
17;7608.12;2019-04-11 21:50:32.0;
17;7608.62;2019-04-11 21:50:38.0;
17;7608.88;2019-04-11 21:50:47.0;
17;7608.62;2019-04-11 21:50:50.0;
17;7608.88;2019-04-11 21:50:52.0;
17;7609.62;2019-04-11 21:50:59.0;
17;7609.12;2019-04-11 21:51:03.0;
17;7608.38;2019-04-11 21:51:07.0;
17;7608.62;2019-04-11 21:51:14.0;
17;7608.38;2019-04-11 21:51:16.0;
17;7608.62;2019-04-11 21:51:17.0;
17;7608.38;2019-04-11 21:51:18.0;
17;7608.5;2019-04-11 21:51:21.0;
17;7608.62;2019-04-11 21:51:27.0;
17;7608.12;2019-04-11 21:51:34.0;
17;7607.88;2019-04-11 21:51:37.0;
17;7607.62;2019-04-11 21:51:49.0;
17;7607.75;2019-04-11 21:52:04.0;
17;7607.88;2019-04-11 21:52:09.0;
17;7607.62;2019-04-11 21:52:11.0;
17;7607.88;2019-04-11 21:52:13.0;
17;7607.62;2019-04-11 21:52:14.0;
17;7607.5;2019-04-11 21:52:17.0;
17;7607.62;2019-04-11 21:52:18.0;
17;7606.12;2019-04-11 21:52:19.0;
17;7607.5;2019-04-11 21:52:21.0;
17;7606.12;2019-04-11 21:52:22.0;
17;7606.88;2019-04-11 21:52:29.0;
17;7607.38;2019-04-11 21:52:33.0;
17;7607.5;2019-04-11 21:52:40.0;
17;7607.38;2019-04-11 21:52:49.0;
17;7607.62;2019-04-11 21:52:53.0;
17;7608.12;2019-04-11 21:52:55.0;
17;7608;2019-04-11 21:53:06.0;
17;7608.38;2019-04-11 21:53:07.0;
17;7608;2019-04-11 21:53:08.0;
17;7608.38;2019-04-11 21:53:10.0;
17;7608.88;2019-04-11 21:53:11.0;
17;7609.12;2019-04-11 21:53:19.0;
17;7609.88;2019-04-11 21:53:29.0;
17;7610.75;2019-04-11 21:53:32.0;
17;7611.88;2019-04-11 21:53:36.0;
17;7611.38;2019-04-11 21:53:39.0;
17;7611.88;2019-04-11 21:53:41.0;
17;7611.38;2019-04-11 21:53:42.0;
17;7612.25;2019-04-11 21:53:45.0;
17;7612.5;2019-04-11 21:53:48.0;
17;7612.25;2019-04-11 21:53:49.0;
17;7612.5;2019-04-11 21:53:51.0;
17;7613.88;2019-04-11 21:54:03.0;
17;7612.5;2019-04-11 21:54:04.0;
17;7613.88;2019-04-11 21:54:06.0;
17;7613.38;2019-04-11 21:54:07.0;
17;7613.88;2019-04-11 21:54:10.0;
17;7613.38;2019-04-11 21:54:11.0;
17;7613;2019-04-11 21:54:13.0;
17;7612.38;2019-04-11 21:54:20.0;
17;7612.62;2019-04-11 21:54:27.0;
17;7613.38;2019-04-11 21:54:35.0;
17;7612.62;2019-04-11 21:54:38.0;
17;7613.38;2019-04-11 21:54:40.0;
17;7613.12;2019-04-11 21:54:45.0;
17;7613.88;2019-04-11 21:54:51.0;
17;7613.38;2019-04-11 21:54:58.0;
17;7613.5;2019-04-11 21:55:05.0;
17;7615.62;2019-04-11 21:55:10.0;
17;7615.12;2019-04-11 21:55:16.0;
17;7614.25;2019-04-11 21:55:27.0;
17;7614.62;2019-04-11 21:55:31.0;
17;7614.88;2019-04-11 21:55:36.0;
17;7614.62;2019-04-11 21:55:37.0;
17;7614.88;2019-04-11 21:55:39.0;
17;7615.75;2019-04-11 21:55:45.0;
17;7615.88;2019-04-11 21:55:51.0;
17;7614.62;2019-04-11 21:56:03.0;
17;7615.38;2019-04-11 21:56:06.0;
17;7614.88;2019-04-11 21:56:11.0;
17;7615.38;2019-04-11 21:56:16.0;
17;7615;2019-04-11 21:56:22.0;
17;7614.62;2019-04-11 21:56:30.0;
17;7615.12;2019-04-11 21:56:45.0;
17;7615.62;2019-04-11 21:56:48.0;
17;7616;2019-04-11 21:56:55.0;
17;7615.62;2019-04-11 21:57:02.0;
17;7615.88;2019-04-11 21:57:07.0;
17;7615.62;2019-04-11 21:57:14.0;
17;7615.88;2019-04-11 21:57:16.0;
17;7615.62;2019-04-11 21:57:17.0;
17;7616.12;2019-04-11 21:57:30.0;
17;7616;2019-04-11 21:57:44.0;
17;7616.12;2019-04-11 21:57:47.0;
17;7615.88;2019-04-11 21:58:04.0;
17;7616.12;2019-04-11 21:58:05.0;
17;7615.88;2019-04-11 21:58:06.0;
17;7616;2019-04-11 21:58:08.0;
17;7615.88;2019-04-11 21:58:14.0;
17;7616.38;2019-04-11 21:58:19.0;
17;7616;2019-04-11 21:58:25.0;
17;7615.5;2019-04-11 21:58:30.0;
17;7615.38;2019-04-11 21:58:32.0;
17;7615.12;2019-04-11 21:58:36.0;
17;7615.38;2019-04-11 21:58:49.0;
17;7615.62;2019-04-11 21:58:52.0;
17;7615.88;2019-04-11 21:58:57.0;
17;7616;2019-04-11 21:59:00.0;
17;7616.38;2019-04-11 21:59:04.0;
17;7616;2019-04-11 21:59:05.0;
17;7616.38;2019-04-11 21:59:07.0;
17;7616.88;2019-04-11 21:59:08.0;
17;7617.38;2019-04-11 21:59:11.0;
17;7617.62;2019-04-11 21:59:15.0;
17;7617.38;2019-04-11 21:59:17.0;
17;7617.62;2019-04-11 21:59:18.0;
17;7616.12;2019-04-11 21:59:21.0;
17;7615.75;2019-04-11 21:59:26.0;
17;7616.62;2019-04-11 21:59:28.0;
17;7615.75;2019-04-11 21:59:30.0;
17;7616.62;2019-04-11 21:59:32.0;
17;7616.12;2019-04-11 21:59:33.0;
17;7616.38;2019-04-11 21:59:35.0;
17;7616.12;2019-04-11 21:59:38.0;
17;7616.38;2019-04-11 21:59:39.0;
17;7616.5;2019-04-11 21:59:41.0;
17;7616.62;2019-04-11 21:59:45.0;
17;7617.12;2019-04-11 21:59:50.0;
17;7615.62;2019-04-11 22:00:03.0;
17;7617.12;2019-04-11 22:00:04.0;
17;7615.62;2019-04-11 22:00:06.0;
17;7616.25;2019-04-11 22:00:12.0;
17;7615.62;2019-04-11 22:00:13.0;
17;7617.25;2019-04-11 22:00:16.0;
17;7616.75;2019-04-11 22:00:24.0;
17;7617.25;2019-04-11 22:00:29.0;
17;7617.12;2019-04-11 22:00:31.0;
17;7617.25;2019-04-11 22:00:33.0;
17;7617.12;2019-04-11 22:00:34.0;
17;7616.88;2019-04-11 22:00:40.0;
17;7617.62;2019-04-11 22:00:44.0;
17;7617.38;2019-04-11 22:00:47.0;
17;7617;2019-04-11 22:00:53.0;
17;7617.12;2019-04-11 22:00:58.0;
17;7616.62;2019-04-11 22:01:00.0;
17;7616.88;2019-04-11 22:01:05.0;
17;7616.75;2019-04-11 22:01:07.0;
17;7616.88;2019-04-11 22:01:10.0;
17;7616.75;2019-04-11 22:01:11.0;
17;7616.62;2019-04-11 22:01:13.0;
17;7616.88;2019-04-11 22:01:18.0;
17;7616.12;2019-04-11 22:01:20.0;
17;7615.12;2019-04-11 22:01:31.0;
17;7614.88;2019-04-11 22:01:41.0;
17;7615.38;2019-04-11 22:01:44.0;
17;7615.5;2019-04-11 22:01:50.0;
17;7615;2019-04-11 22:02:04.0;
17;7615.38;2019-04-11 22:02:09.0;
17;7615.25;2019-04-11 22:02:17.0;
17;7614.25;2019-04-11 22:02:23.0;
17;7613.88;2019-04-11 22:02:29.0;
17;7614;2019-04-11 22:02:34.0;
17;7614.38;2019-04-11 22:02:36.0;
17;7614.25;2019-04-11 22:02:40.0;
17;7614.88;2019-04-11 22:02:45.0;
17;7614.75;2019-04-11 22:02:51.0;
17;7615.12;2019-04-11 22:02:56.0;
17;7614.75;2019-04-11 22:02:57.0;
17;7615.12;2019-04-11 22:02:58.0;
17;7615.62;2019-04-11 22:03:07.0;
17;7615.88;2019-04-11 22:03:12.0;
17;7615.62;2019-04-11 22:03:13.0;
17;7615.88;2019-04-11 22:03:15.0;
17;7615.62;2019-04-11 22:03:23.0;
17;7615.88;2019-04-11 22:03:27.0;
17;7614.88;2019-04-11 22:03:34.0;
17;7614.62;2019-04-11 22:03:36.0;
17;7614.88;2019-04-11 22:03:41.0;
17;7614.62;2019-04-11 22:04:05.0;
17;7614.38;2019-04-11 22:04:14.0;
17;7614.62;2019-04-11 22:04:27.0;
17;7614.38;2019-04-11 22:04:40.0;
17;7614.88;2019-04-11 22:04:43.0;
17;7614.38;2019-04-11 22:04:44.0;
17;7614.88;2019-04-11 22:04:47.0;
17;7615.62;2019-04-11 22:04:48.0;
17;7615.38;2019-04-11 22:04:54.0;
17;7615.88;2019-04-11 22:04:59.0;
17;7615.75;2019-04-11 22:05:08.0;
17;7616.62;2019-04-11 22:05:13.0;
17;7615.88;2019-04-11 22:05:20.0;
17;7615.38;2019-04-11 22:05:27.0;
17;7615.5;2019-04-11 22:05:31.0;
17;7614.88;2019-04-11 22:05:39.0;
17;7615.12;2019-04-11 22:05:43.0;
17;7614.88;2019-04-11 22:05:45.0;
17;7614.62;2019-04-11 22:05:46.0;
17;7614.5;2019-04-11 22:06:04.0;
17;7614.62;2019-04-11 22:06:09.0;
17;7614.75;2019-04-11 22:06:17.0;
17;7614.12;2019-04-11 22:06:18.0;
17;7614.75;2019-04-11 22:06:20.0;
17;7614.12;2019-04-11 22:06:21.0;
17;7614.38;2019-04-11 22:06:24.0;
17;7613.62;2019-04-11 22:06:31.0;
17;7612.62;2019-04-11 22:06:35.0;
17;7611.88;2019-04-11 22:06:42.0;
17;7612.62;2019-04-11 22:06:43.0;
17;7613.62;2019-04-11 22:06:53.0;
17;7613.12;2019-04-11 22:06:55.0;
17;7613.62;2019-04-11 22:06:56.0;
17;7613.12;2019-04-11 22:06:57.0;
17;7613.38;2019-04-11 22:07:04.0;
17;7613.62;2019-04-11 22:07:19.0;
17;7613.88;2019-04-11 22:07:25.0;
17;7614.12;2019-04-11 22:07:37.0;
17;7613.62;2019-04-11 22:07:44.0;
17;7613.88;2019-04-11 22:07:51.0;
17;7613.75;2019-04-11 22:08:05.0;
17;7613.25;2019-04-11 22:08:06.0;
17;7613.12;2019-04-11 22:08:14.0;
17;7613.62;2019-04-11 22:08:20.0;
17;7613.75;2019-04-11 22:08:26.0;
17;7614.12;2019-04-11 22:08:33.0;
17;7614.38;2019-04-11 22:08:42.0;
17;7614.62;2019-04-11 22:08:45.0;
17;7614.38;2019-04-11 22:08:46.0;
17;7614.12;2019-04-11 22:08:49.0;
17;7614.38;2019-04-11 22:09:00.0;
17;7615;2019-04-11 22:09:03.0;
17;7614.38;2019-04-11 22:09:04.0;
17;7615;2019-04-11 22:09:05.0;
17;7614.62;2019-04-11 22:09:08.0;
17;7615;2019-04-11 22:09:09.0;
17;7614.62;2019-04-11 22:09:11.0;
17;7614.38;2019-04-11 22:09:16.0;
17;7614.62;2019-04-11 22:09:22.0;
17;7614.38;2019-04-11 22:09:23.0;
17;7614.62;2019-04-11 22:09:26.0;
17;7614.88;2019-04-11 22:09:34.0;
17;7615.38;2019-04-11 22:09:44.0;
17;7615.12;2019-04-11 22:09:48.0;
17;7615.38;2019-04-11 22:10:02.0;
17;7616.12;2019-04-11 22:10:15.0;
17;7615.62;2019-04-11 22:10:19.0;
17;7615.38;2019-04-11 22:10:33.0;
17;7615.62;2019-04-11 22:10:35.0;
17;7615.38;2019-04-11 22:10:36.0;
17;7614.88;2019-04-11 22:10:38.0;
17;7615.38;2019-04-11 22:10:39.0;
17;7614.88;2019-04-11 22:10:42.0;
17;7615.12;2019-04-11 22:11:15.0;
17;7615;2019-04-11 22:11:22.0;
17;7614.62;2019-04-11 22:11:26.0;
17;7614.88;2019-04-11 22:11:30.0;
17;7614.62;2019-04-11 22:11:33.0;
17;7614.88;2019-04-11 22:11:34.0;
17;7615.12;2019-04-11 22:12:03.0;
17;7614.88;2019-04-11 22:12:05.0;
17;7615.12;2019-04-11 22:12:06.0;
17;7615.25;2019-04-11 22:12:14.0;
17;7614.62;2019-04-11 22:12:16.0;
17;7614.88;2019-04-11 22:12:24.0;
17;7614.62;2019-04-11 22:12:25.0;
17;7614.88;2019-04-11 22:12:26.0;
17;7615;2019-04-11 22:12:45.0;
17;7614.88;2019-04-11 22:12:52.0;
17;7614.75;2019-04-11 22:13:01.0;
17;7614.88;2019-04-11 22:13:04.0;
17;7614.75;2019-04-11 22:13:05.0;
17;7614.88;2019-04-11 22:13:07.0;
17;7614.62;2019-04-11 22:13:23.0;
17;7614.88;2019-04-11 22:13:32.0;
17;7615.62;2019-04-11 22:13:38.0;
17;7616;2019-04-11 22:13:43.0;
17;7615.62;2019-04-11 22:13:44.0;
17;7616;2019-04-11 22:13:46.0;
17;7616.12;2019-04-11 22:13:47.0;
17;7617.12;2019-04-11 22:14:04.0;
17;7617.62;2019-04-11 22:14:12.0;
17;7617.25;2019-04-11 22:14:18.0;
17;7617.62;2019-04-11 22:14:19.0;
17;7617.25;2019-04-11 22:14:21.0;
17;7617.12;2019-04-11 22:14:23.0;
17;7617.75;2019-04-11 22:14:26.0;
17;7617.12;2019-04-11 22:14:28.0;
17;7617.75;2019-04-11 22:14:29.0;
17;7616.38;2019-04-11 22:14:30.0;
17;7617.12;2019-04-11 22:14:34.0;
17;7617.62;2019-04-11 22:14:40.0;
17;7618.12;2019-04-11 22:14:46.0;
17;7617.88;2019-04-11 22:14:53.0;
17;7617.38;2019-04-11 22:14:54.0;
17;7616.38;2019-04-11 22:14:58.0;
17;7617.38;2019-04-11 22:15:00.0;
17;7616.38;2019-04-11 22:15:01.0;
17;7616;2019-04-11 22:15:08.0;
17;7616.12;2019-04-11 22:15:21.0;
17;7616;2019-04-11 22:15:34.0;
17;7616.38;2019-04-11 22:30:03.0;
17;7616;2019-04-11 22:30:04.0;
17;7616.38;2019-04-11 22:30:06.0;
17;7615.62;2019-04-11 22:30:07.0;
17;7616.12;2019-04-11 22:30:13.0;
17;7616.5;2019-04-11 22:30:16.0;
17;7616.12;2019-04-11 22:30:17.0;
17;7616.62;2019-04-11 22:30:19.0;
17;7616.5;2019-04-11 22:30:20.0;
17;7616.62;2019-04-11 22:30:21.0;
17;7616.75;2019-04-11 22:30:24.0;
17;7616.62;2019-04-11 22:30:25.0;
17;7616.75;2019-04-11 22:30:27.0;
17;7617.12;2019-04-11 22:30:31.0;
17;7617.38;2019-04-11 22:30:41.0;
17;7617.5;2019-04-11 22:30:48.0;
17;7617.12;2019-04-11 22:30:56.0;
17;7617.38;2019-04-11 22:31:03.0;
17;7617.25;2019-04-11 22:31:09.0;
17;7617.62;2019-04-11 22:31:16.0;
17;7617.75;2019-04-11 22:31:21.0;
17;7617.88;2019-04-11 22:31:33.0;
17;7618.75;2019-04-11 22:31:40.0;
17;7617.88;2019-04-11 22:31:41.0;
17;7618.75;2019-04-11 22:31:42.0;
17;7617.88;2019-04-11 22:31:44.0;
17;7618.75;2019-04-11 22:31:45.0;
17;7617.88;2019-04-11 22:31:46.0;
17;7618.25;2019-04-11 22:32:06.0;
17;7618.38;2019-04-11 22:32:07.0;
17;7618.25;2019-04-11 22:32:09.0;
17;7618.38;2019-04-11 22:32:10.0;
17;7618.12;2019-04-11 22:32:20.0;
17;7618.38;2019-04-11 22:32:31.0;
17;7618.25;2019-04-11 22:32:37.0;
17;7618.12;2019-04-11 22:32:42.0;
17;7618.25;2019-04-11 22:32:44.0;
17;7618.62;2019-04-11 22:32:51.0;
17;7618.5;2019-04-11 22:32:58.0;
17;7618.62;2019-04-11 22:32:59.0;
17;7618.5;2019-04-11 22:33:01.0;
17;7618.62;2019-04-11 22:33:04.0;
17;7618.38;2019-04-11 22:33:16.0;
17;7618.25;2019-04-11 22:33:23.0;
17;7618;2019-04-11 22:33:30.0;
17;7618.62;2019-04-11 22:33:41.0;
17;7618.88;2019-04-11 22:34:04.0;
17;7618.62;2019-04-11 22:34:06.0;
17;7618.88;2019-04-11 22:34:07.0;
17;7619.12;2019-04-11 22:34:25.0;
17;7619;2019-04-11 22:34:35.0;
17;7619.12;2019-04-11 22:34:41.0;
17;7619.38;2019-04-11 22:34:47.0;
17;7619.5;2019-04-11 22:34:55.0;
17;7619.75;2019-04-11 22:34:59.0;
17;7619.5;2019-04-11 22:35:00.0;
17;7619.75;2019-04-11 22:35:02.0;
17;7619.38;2019-04-11 22:35:20.0;
17;7619.75;2019-04-11 22:35:22.0;
17;7619.38;2019-04-11 22:35:23.0;
17;7619.12;2019-04-11 22:35:30.0;
17;7619.38;2019-04-11 22:35:36.0;
17;7619.5;2019-04-11 22:35:46.0;
17;7619.38;2019-04-11 22:35:48.0;
17;7619.5;2019-04-11 22:35:49.0;
17;7619.12;2019-04-11 22:36:05.0;
17;7618.88;2019-04-11 22:36:12.0;
17;7618.62;2019-04-11 22:36:19.0;
17;7618.5;2019-04-11 22:37:44.0;
17;7619.25;2019-04-11 22:38:08.0;
17;7619.38;2019-04-11 22:38:15.0;
17;7619.25;2019-04-11 22:38:27.0;
17;7619.12;2019-04-11 22:38:35.0;
17;7619.25;2019-04-11 22:38:37.0;
17;7619.12;2019-04-11 22:38:38.0;
17;7618.75;2019-04-11 22:38:55.0;
17;7618.88;2019-04-11 22:39:01.0;
17;7618.38;2019-04-11 22:39:06.0;
17;7618.12;2019-04-11 22:39:11.0;
17;7618.62;2019-04-11 22:39:25.0;
17;7618.88;2019-04-11 22:39:30.0;
17;7618.75;2019-04-11 22:39:33.0;
17;7618.5;2019-04-11 22:39:42.0;
17;7618.88;2019-04-11 22:39:46.0;
17;7618.62;2019-04-11 22:39:47.0;
17;7618.75;2019-04-11 22:40:07.0;
17;7618.38;2019-04-11 22:40:12.0;
17;7618.25;2019-04-11 22:40:18.0;
17;7618;2019-04-11 22:40:23.0;
17;7617.75;2019-04-11 22:40:28.0;
17;7618;2019-04-11 22:40:31.0;
17;7617.75;2019-04-11 22:40:34.0;
17;7618;2019-04-11 22:40:35.0;
17;7616.88;2019-04-11 22:40:44.0;
17;7617;2019-04-11 22:40:47.0;
17;7616.88;2019-04-11 22:41:01.0;
17;7616.75;2019-04-11 22:41:06.0;
17;7617.12;2019-04-11 22:41:20.0;
17;7617.38;2019-04-11 22:41:34.0;
17;7617.5;2019-04-11 22:41:47.0;
17;7617.62;2019-04-11 22:42:02.0;
17;7617.5;2019-04-11 22:42:04.0;
17;7617.62;2019-04-11 22:42:05.0;
17;7617.88;2019-04-11 22:42:37.0;
17;7618;2019-04-11 22:42:39.0;
17;7618.12;2019-04-11 22:42:49.0;
17;7617.88;2019-04-11 22:42:56.0;
17;7618.25;2019-04-11 22:43:32.0;
17;7617.88;2019-04-11 22:43:33.0;
17;7618.25;2019-04-11 22:43:35.0;
17;7618.12;2019-04-11 22:43:43.0;
17;7617.75;2019-04-11 22:44:08.0;
17;7617.62;2019-04-11 22:44:10.0;
17;7618;2019-04-11 22:44:23.0;
17;7617.75;2019-04-11 22:44:30.0;
17;7617.88;2019-04-11 22:44:33.0;
17;7617.75;2019-04-11 22:44:44.0;
17;7617.88;2019-04-11 22:44:47.0;
17;7617.62;2019-04-11 22:45:04.0;
17;7617.88;2019-04-11 22:45:05.0;
17;7617.5;2019-04-11 22:45:08.0;
17;7617.88;2019-04-11 22:45:13.0;
17;7618;2019-04-11 22:45:24.0;
17;7617.75;2019-04-11 22:45:34.0;
17;7617.88;2019-04-11 22:45:37.0;
17;7617.75;2019-04-11 22:45:45.0;
17;7617.5;2019-04-11 22:45:49.0;
17;7617.88;2019-04-11 22:46:04.0;
17;7618.12;2019-04-11 22:46:07.0;
17;7618;2019-04-11 22:46:15.0;
17;7617.88;2019-04-11 22:46:25.0;
17;7617.62;2019-04-11 22:46:29.0;
17;7617.88;2019-04-11 22:46:36.0;
17;7618.12;2019-04-11 22:47:00.0;
17;7618.25;2019-04-11 22:47:12.0;
17;7618.12;2019-04-11 22:47:13.0;
17;7618.25;2019-04-11 22:47:14.0;
17;7618;2019-04-11 22:47:16.0;
17;7618.12;2019-04-11 22:47:19.0;
17;7618;2019-04-11 22:47:21.0;
17;7618.25;2019-04-11 22:47:23.0;
17;7618.12;2019-04-11 22:47:27.0;
17;7618.25;2019-04-11 22:47:32.0;
17;7618;2019-04-11 22:47:35.0;
17;7618.25;2019-04-11 22:47:38.0;
17;7618;2019-04-11 22:47:39.0;
17;7617.88;2019-04-11 22:47:41.0;
17;7618;2019-04-11 22:48:51.0;
17;7617.88;2019-04-11 22:48:53.0;
17;7618;2019-04-11 22:48:54.0;
17;7617.88;2019-04-11 22:48:57.0;
17;7617.62;2019-04-11 22:49:14.0;
17;7617.5;2019-04-11 22:49:45.0;
17;7617.88;2019-04-11 22:50:07.0;
17;7617.5;2019-04-11 22:50:10.0;
17;7617.88;2019-04-11 22:50:11.0;
17;7619.38;2019-04-11 22:50:18.0;
17;7619.5;2019-04-11 22:50:35.0;
17;7619.38;2019-04-11 22:50:36.0;
17;7619.5;2019-04-11 22:50:38.0;
17;7619.12;2019-04-11 22:51:03.0;
17;7619.5;2019-04-11 22:51:07.0;
17;7619.12;2019-04-11 22:51:09.0;
17;7619.5;2019-04-11 22:51:10.0;
17;7619.25;2019-04-11 22:51:13.0;
17;7619.5;2019-04-11 22:51:17.0;
17;7619.38;2019-04-11 22:51:31.0;
17;7619.12;2019-04-11 22:51:43.0;
17;7618.75;2019-04-11 22:52:03.0;
17;7618.5;2019-04-11 22:52:11.0;
17;7618.12;2019-04-11 22:52:15.0;
17;7618.25;2019-04-11 22:52:22.0;
17;7618;2019-04-11 22:52:24.0;
17;7617.75;2019-04-11 22:52:33.0;
17;7618.12;2019-04-11 22:52:46.0;
17;7618.25;2019-04-11 22:52:53.0;
17;7618.12;2019-04-11 22:53:00.0;
17;7617.75;2019-04-11 22:53:07.0;
17;7618.12;2019-04-11 22:53:10.0;
17;7617.25;2019-04-11 22:53:11.0;
17;7617.75;2019-04-11 22:53:24.0;
17;7617.25;2019-04-11 22:53:25.0;
17;7617.75;2019-04-11 22:53:26.0;
17;7618.25;2019-04-11 22:53:29.0;
17;7618.75;2019-04-11 22:53:36.0;
17;7618.25;2019-04-11 22:53:38.0;
17;7618.75;2019-04-11 22:53:39.0;
17;7618.5;2019-04-11 22:53:45.0;
17;7618.62;2019-04-11 22:53:50.0;
17;7619;2019-04-11 22:54:06.0;
17;7619.25;2019-04-11 22:54:07.0;
17;7618.88;2019-04-11 22:54:11.0;
17;7619;2019-04-11 22:54:24.0;
17;7619.25;2019-04-11 22:54:26.0;
17;7619;2019-04-11 22:54:28.0;
17;7619.25;2019-04-11 22:54:29.0;
17;7619;2019-04-11 22:54:32.0;
17;7619.25;2019-04-11 22:54:34.0;
17;7619.12;2019-04-11 22:54:35.0;
17;7619.25;2019-04-11 22:54:46.0;
17;7619;2019-04-11 22:54:47.0;
17;7619.38;2019-04-11 22:55:01.0;
17;7619.5;2019-04-11 22:55:08.0;
17;7619.38;2019-04-11 22:55:35.0;
17;7619.5;2019-04-11 22:55:38.0;
17;7619.38;2019-04-11 22:55:39.0;
17;7619.62;2019-04-11 22:56:04.0;
17;7619.38;2019-04-11 22:56:11.0;
17;7619;2019-04-11 22:56:23.0;
17;7619.12;2019-04-11 22:56:36.0;
17;7619;2019-04-11 22:56:37.0;
17;7619.12;2019-04-11 22:56:38.0;
17;7618.88;2019-04-11 22:56:44.0;
17;7618.75;2019-04-11 22:56:48.0;
17;7618.5;2019-04-11 22:56:52.0;
17;7618.38;2019-04-11 22:57:01.0;
17;7618.62;2019-04-11 22:57:07.0;
17;7618.75;2019-04-11 22:57:20.0;
17;7618.5;2019-04-11 22:57:27.0;
17;7619.12;2019-04-11 22:57:37.0;
17;7619.25;2019-04-11 22:58:04.0;
17;7619.12;2019-04-11 22:58:05.0;
17;7619.5;2019-04-11 22:58:07.0;
17;7619;2019-04-11 22:58:14.0;
17;7618.88;2019-04-11 22:58:18.0;
17;7618.62;2019-04-11 22:58:27.0;
17;7618.5;2019-04-11 22:58:32.0;
17;7618.62;2019-04-11 22:58:41.0;
17;7618.75;2019-04-11 22:58:51.0;
17;7618.62;2019-04-11 22:58:52.0;
17;7618.75;2019-04-11 22:58:55.0;
17;7618.88;2019-04-11 22:58:56.0;
17;7618.75;2019-04-11 22:58:57.0;
17;7618.88;2019-04-11 22:58:59.0;
17;7618.75;2019-04-11 22:59:13.0;
17;7619.38;2019-04-11 22:59:18.0;
17;7619.5;2019-04-11 22:59:20.0;
17;7619.38;2019-04-11 22:59:21.0;
17;7619.5;2019-04-11 22:59:23.0;
17;7619.62;2019-04-11 22:59:32.0;
17;7619.12;2019-04-11 22:59:40.0;
17;7619.5;2019-04-11 22:59:47.0;
17;7620;2019-04-11 23:45:04.0;
17;7619.25;2019-04-11 23:55:02.0;
17;7620;2019-04-11 23:55:04.0;
17;7619.25;2019-04-11 23:55:05.0;
17;7620;2019-04-11 23:56:42.0;
17;7619.12;2019-04-11 23:57:04.0;
17;7620;2019-04-11 23:57:20.0;
17;7619.12;2019-04-11 23:57:21.0;
17;7620;2019-04-11 23:57:22.0;
18;1585.2;2019-04-11 11:15:39.0;
18;1585.25;2019-04-11 11:16:06.0;
18;1585.2;2019-04-11 11:16:12.0;
18;1585.25;2019-04-11 11:16:14.0;
18;1585.2;2019-04-11 11:16:15.0;
18;1585.25;2019-04-11 11:16:33.0;
18;1585.35;2019-04-11 11:16:36.0;
18;1585.3;2019-04-11 11:16:43.0;
18;1585.35;2019-04-11 11:16:48.0;
18;1585.2;2019-04-11 11:16:59.0;
18;1585.15;2019-04-11 11:17:04.0;
18;1585.2;2019-04-11 11:17:05.0;
18;1585.15;2019-04-11 11:17:07.0;
18;1585.2;2019-04-11 11:17:08.0;
18;1585.15;2019-04-11 11:18:04.0;
18;1585.3;2019-04-11 11:18:07.0;
18;1585.15;2019-04-11 11:18:09.0;
18;1585.3;2019-04-11 11:18:11.0;
18;1585.2;2019-04-11 11:18:13.0;
18;1585.25;2019-04-11 11:18:17.0;
18;1585.3;2019-04-11 11:18:30.0;
18;1585.2;2019-04-11 11:18:37.0;
18;1585.25;2019-04-11 11:18:46.0;
18;1585.2;2019-04-11 11:18:55.0;
18;1585.15;2019-04-11 11:19:06.0;
18;1585.2;2019-04-11 11:19:08.0;
18;1585.15;2019-04-11 11:19:09.0;
18;1585.3;2019-04-11 11:19:13.0;
18;1585.25;2019-04-11 11:19:15.0;
18;1585.35;2019-04-11 11:19:32.0;
18;1585.3;2019-04-11 11:19:39.0;
18;1585.2;2019-04-11 11:19:44.0;
18;1585.3;2019-04-11 11:19:50.0;
18;1585.25;2019-04-11 11:20:04.0;
18;1585.35;2019-04-11 11:20:23.0;
18;1585.5;2019-04-11 11:20:44.0;
18;1585.7;2019-04-11 11:21:03.0;
18;1585.65;2019-04-11 11:21:07.0;
18;1585.7;2019-04-11 11:21:09.0;
18;1585.65;2019-04-11 11:21:12.0;
18;1585.8;2019-04-11 11:21:37.0;
18;1585.75;2019-04-11 11:21:44.0;
18;1585.7;2019-04-11 11:22:04.0;
18;1585.75;2019-04-11 11:22:07.0;
18;1585.65;2019-04-11 11:22:08.0;
18;1585.6;2019-04-11 11:22:46.0;
18;1585.65;2019-04-11 11:23:18.0;
18;1585.55;2019-04-11 11:23:31.0;
18;1585.65;2019-04-11 11:23:34.0;
18;1585.55;2019-04-11 11:23:35.0;
18;1585.65;2019-04-11 11:23:44.0;
18;1585.6;2019-04-11 11:23:47.0;
18;1585.55;2019-04-11 11:24:05.0;
18;1585.45;2019-04-11 11:24:19.0;
18;1585.55;2019-04-11 11:24:21.0;
18;1585.45;2019-04-11 11:24:22.0;
18;1585.6;2019-04-11 11:24:32.0;
18;1585.55;2019-04-11 11:24:37.0;
18;1585.6;2019-04-11 11:24:54.0;
18;1585.55;2019-04-11 11:24:55.0;
18;1585.6;2019-04-11 11:24:58.0;
18;1585.55;2019-04-11 11:24:59.0;
18;1585.7;2019-04-11 11:25:06.0;
18;1585.55;2019-04-11 11:25:08.0;
18;1585.7;2019-04-11 11:25:10.0;
18;1585.65;2019-04-11 11:25:11.0;
18;1585.75;2019-04-11 11:25:17.0;
18;1585.7;2019-04-11 11:25:20.0;
18;1585.75;2019-04-11 11:25:22.0;
18;1585.7;2019-04-11 11:25:23.0;
18;1585.75;2019-04-11 11:25:34.0;
18;1585.85;2019-04-11 11:25:44.0;
18;1585.8;2019-04-11 11:25:51.0;
18;1585.75;2019-04-11 11:26:04.0;
18;1585.7;2019-04-11 11:26:08.0;
18;1585.65;2019-04-11 11:26:15.0;
18;1585.7;2019-04-11 11:26:40.0;
18;1585.65;2019-04-11 11:27:08.0;
18;1585.7;2019-04-11 11:27:10.0;
18;1585.65;2019-04-11 11:27:12.0;
18;1585.6;2019-04-11 11:28:04.0;
18;1585.7;2019-04-11 11:28:09.0;
18;1585.65;2019-04-11 11:28:11.0;
18;1585.7;2019-04-11 11:28:14.0;
18;1585.6;2019-04-11 11:28:15.0;
18;1585.75;2019-04-11 11:28:23.0;
18;1585.6;2019-04-11 11:28:27.0;
18;1585.55;2019-04-11 11:28:33.0;
18;1585.5;2019-04-11 11:28:55.0;
18;1585.55;2019-04-11 11:28:58.0;
18;1585.45;2019-04-11 11:29:00.0;
18;1585.4;2019-04-11 11:29:07.0;
18;1585.45;2019-04-11 11:29:18.0;
18;1585.6;2019-04-11 11:29:24.0;
18;1585.55;2019-04-11 11:29:30.0;
18;1585.6;2019-04-11 11:29:38.0;
18;1585.55;2019-04-11 11:29:40.0;
18;1585.6;2019-04-11 11:29:43.0;
18;1585.55;2019-04-11 11:29:48.0;
18;1585.65;2019-04-11 11:30:41.0;
18;1585.7;2019-04-11 11:30:43.0;
18;1585.6;2019-04-11 11:30:47.0;
18;1585.55;2019-04-11 11:30:52.0;
18;1585.65;2019-04-11 11:31:21.0;
18;1585.8;2019-04-11 11:32:15.0;
18;1585.75;2019-04-11 11:32:22.0;
18;1585.8;2019-04-11 11:32:24.0;
18;1585.75;2019-04-11 11:32:25.0;
18;1585.7;2019-04-11 11:32:27.0;
18;1585.65;2019-04-11 11:32:33.0;
18;1585.6;2019-04-11 11:33:45.0;
18;1585.65;2019-04-11 11:34:04.0;
18;1585.6;2019-04-11 11:34:09.0;
18;1585.7;2019-04-11 11:34:11.0;
18;1585.65;2019-04-11 11:34:15.0;
18;1585.6;2019-04-11 11:34:20.0;
18;1585.55;2019-04-11 11:34:22.0;
18;1585.65;2019-04-11 11:34:31.0;
18;1585.55;2019-04-11 11:34:32.0;
18;1585.5;2019-04-11 11:34:39.0;
18;1585.55;2019-04-11 11:34:41.0;
18;1585.5;2019-04-11 11:34:42.0;
18;1585.45;2019-04-11 11:34:53.0;
18;1585.6;2019-04-11 11:35:16.0;
18;1585.55;2019-04-11 11:35:19.0;
18;1585.6;2019-04-11 11:35:21.0;
18;1585.55;2019-04-11 11:35:22.0;
18;1585.65;2019-04-11 11:35:24.0;
18;1585.55;2019-04-11 11:35:25.0;
18;1585.65;2019-04-11 11:35:27.0;
18;1585.6;2019-04-11 11:35:29.0;
18;1585.7;2019-04-11 11:35:49.0;
18;1585.55;2019-04-11 11:36:03.0;
18;1585.5;2019-04-11 11:36:13.0;
18;1585.55;2019-04-11 11:36:16.0;
18;1585.6;2019-04-11 11:36:27.0;
18;1585.65;2019-04-11 11:36:36.0;
18;1585.6;2019-04-11 11:36:38.0;
18;1585.7;2019-04-11 11:36:47.0;
18;1585.65;2019-04-11 11:36:52.0;
18;1585.85;2019-04-11 11:37:08.0;
18;1585.75;2019-04-11 11:37:13.0;
18;1585.85;2019-04-11 11:37:22.0;
18;1585.8;2019-04-11 11:37:26.0;
18;1585.9;2019-04-11 11:37:28.0;
18;1585.85;2019-04-11 11:37:33.0;
18;1585.9;2019-04-11 11:37:40.0;
18;1585.85;2019-04-11 11:37:41.0;
18;1585.9;2019-04-11 11:37:43.0;
18;1585.85;2019-04-11 11:37:45.0;
18;1585.8;2019-04-11 11:37:48.0;
18;1585.85;2019-04-11 11:38:08.0;
18;1585.8;2019-04-11 11:38:09.0;
18;1585.85;2019-04-11 11:38:11.0;
18;1585.8;2019-04-11 11:38:17.0;
18;1585.75;2019-04-11 11:38:36.0;
18;1585.7;2019-04-11 11:38:41.0;
18;1585.75;2019-04-11 11:38:53.0;
18;1585.65;2019-04-11 11:38:55.0;
18;1585.7;2019-04-11 11:39:00.0;
18;1585.65;2019-04-11 11:39:05.0;
18;1585.6;2019-04-11 11:39:38.0;
18;1585.65;2019-04-11 11:39:44.0;
18;1585.8;2019-04-11 11:40:04.0;
18;1585.65;2019-04-11 11:40:05.0;
18;1585.75;2019-04-11 11:40:07.0;
18;1585.85;2019-04-11 11:40:17.0;
18;1585.95;2019-04-11 11:41:17.0;
18;1585.85;2019-04-11 11:41:20.0;
18;1586;2019-04-11 11:41:49.0;
18;1585.95;2019-04-11 11:42:04.0;
18;1586.1;2019-04-11 11:42:13.0;
18;1586.05;2019-04-11 11:42:16.0;
18;1586.15;2019-04-11 11:42:39.0;
18;1586.1;2019-04-11 11:42:43.0;
18;1586.15;2019-04-11 11:43:40.0;
18;1586.35;2019-04-11 11:43:45.0;
18;1586.5;2019-04-11 11:43:49.0;
18;1586.4;2019-04-11 11:44:06.0;
18;1586.2;2019-04-11 11:44:12.0;
18;1586.25;2019-04-11 11:44:19.0;
18;1586.2;2019-04-11 11:44:25.0;
18;1586.15;2019-04-11 11:44:29.0;
18;1586.2;2019-04-11 11:44:37.0;
18;1586.15;2019-04-11 11:44:55.0;
18;1586.1;2019-04-11 11:45:06.0;
18;1586.15;2019-04-11 11:45:07.0;
18;1586.1;2019-04-11 11:45:09.0;
18;1586.15;2019-04-11 11:45:10.0;
18;1586.25;2019-04-11 11:45:15.0;
18;1586.15;2019-04-11 11:45:16.0;
18;1586.25;2019-04-11 11:45:17.0;
18;1586.2;2019-04-11 11:45:26.0;
18;1586.25;2019-04-11 11:45:29.0;
18;1586.15;2019-04-11 11:45:31.0;
18;1586.2;2019-04-11 11:45:36.0;
18;1586.1;2019-04-11 11:45:42.0;
18;1586.05;2019-04-11 11:46:05.0;
18;1586;2019-04-11 11:46:15.0;
18;1585.95;2019-04-11 11:46:49.0;
18;1586;2019-04-11 11:46:59.0;
18;1585.95;2019-04-11 11:47:01.0;
18;1586;2019-04-11 11:47:02.0;
18;1586.05;2019-04-11 11:47:21.0;
18;1586;2019-04-11 11:47:24.0;
18;1586.05;2019-04-11 11:47:27.0;
18;1586;2019-04-11 11:47:28.0;
18;1585.95;2019-04-11 11:47:32.0;
18;1586.1;2019-04-11 11:48:05.0;
18;1586.05;2019-04-11 11:48:08.0;
18;1586;2019-04-11 11:48:15.0;
18;1586.05;2019-04-11 11:48:16.0;
18;1585.95;2019-04-11 11:48:20.0;
18;1586;2019-04-11 11:48:24.0;
18;1585.95;2019-04-11 11:48:25.0;
18;1586;2019-04-11 11:48:27.0;
18;1585.95;2019-04-11 11:48:29.0;
18;1586.05;2019-04-11 11:48:32.0;
18;1586;2019-04-11 11:48:35.0;
18;1586.1;2019-04-11 11:48:44.0;
18;1586;2019-04-11 11:48:45.0;
18;1586.1;2019-04-11 11:48:46.0;
18;1586.05;2019-04-11 11:48:48.0;
18;1585.95;2019-04-11 11:48:56.0;
18;1586.05;2019-04-11 11:48:57.0;
18;1585.95;2019-04-11 11:48:59.0;
18;1586.15;2019-04-11 11:49:00.0;
18;1586.1;2019-04-11 11:49:04.0;
18;1586.05;2019-04-11 11:49:22.0;
18;1586.1;2019-04-11 11:49:30.0;
18;1586.15;2019-04-11 11:50:07.0;
18;1586.1;2019-04-11 11:50:31.0;
18;1586.05;2019-04-11 11:50:39.0;
18;1586.1;2019-04-11 11:50:41.0;
18;1585.95;2019-04-11 11:50:45.0;
18;1586.1;2019-04-11 11:50:47.0;
18;1585.95;2019-04-11 11:50:49.0;
18;1585.85;2019-04-11 11:51:00.0;
18;1585.95;2019-04-11 11:51:01.0;
18;1585.85;2019-04-11 11:51:03.0;
18;1585.9;2019-04-11 11:51:48.0;
18;1585.85;2019-04-11 11:52:04.0;
18;1585.9;2019-04-11 11:52:26.0;
18;1585.85;2019-04-11 11:52:27.0;
18;1585.9;2019-04-11 11:52:30.0;
18;1585.85;2019-04-11 11:52:32.0;
18;1585.8;2019-04-11 11:52:47.0;
18;1585.85;2019-04-11 11:52:49.0;
18;1585.8;2019-04-11 11:52:51.0;
18;1585.75;2019-04-11 11:53:17.0;
18;1585.85;2019-04-11 11:53:20.0;
18;1585.75;2019-04-11 11:53:22.0;
18;1585.8;2019-04-11 11:53:24.0;
18;1585.9;2019-04-11 11:53:38.0;
18;1585.85;2019-04-11 11:53:40.0;
18;1585.9;2019-04-11 11:53:42.0;
18;1585.95;2019-04-11 11:53:44.0;
18;1585.85;2019-04-11 11:54:03.0;
18;1585.95;2019-04-11 11:54:05.0;
18;1585.85;2019-04-11 11:54:07.0;
18;1585.95;2019-04-11 11:54:08.0;
18;1586.3;2019-04-11 11:54:14.0;
18;1586.2;2019-04-11 11:54:18.0;
18;1586.4;2019-04-11 11:54:23.0;
18;1586.2;2019-04-11 11:54:24.0;
18;1586.4;2019-04-11 11:54:26.0;
18;1586.5;2019-04-11 11:54:28.0;
18;1586.4;2019-04-11 11:54:30.0;
18;1586.5;2019-04-11 11:54:31.0;
18;1586.4;2019-04-11 11:54:33.0;
18;1586.25;2019-04-11 11:54:38.0;
18;1586.2;2019-04-11 11:54:44.0;
18;1586.15;2019-04-11 11:54:46.0;
18;1586.2;2019-04-11 11:54:47.0;
18;1586.15;2019-04-11 11:54:48.0;
18;1585.95;2019-04-11 11:54:59.0;
18;1586.1;2019-04-11 11:55:04.0;
18;1586;2019-04-11 11:55:09.0;
18;1586.1;2019-04-11 11:55:16.0;
18;1586.15;2019-04-11 11:55:24.0;
18;1586.25;2019-04-11 11:55:33.0;
18;1586.15;2019-04-11 11:55:38.0;
18;1585.9;2019-04-11 11:55:46.0;
18;1585.85;2019-04-11 11:56:07.0;
18;1585.95;2019-04-11 11:56:12.0;
18;1585.85;2019-04-11 11:56:13.0;
18;1585.95;2019-04-11 11:56:22.0;
18;1585.9;2019-04-11 11:56:23.0;
18;1585.95;2019-04-11 11:56:29.0;
18;1585.9;2019-04-11 11:56:45.0;
18;1585.85;2019-04-11 11:56:54.0;
18;1585.95;2019-04-11 11:57:03.0;
18;1585.9;2019-04-11 11:57:08.0;
18;1585.85;2019-04-11 11:57:12.0;
18;1585.75;2019-04-11 11:57:23.0;
18;1585.9;2019-04-11 11:57:34.0;
18;1585.85;2019-04-11 11:57:41.0;
18;1585.8;2019-04-11 11:57:47.0;
18;1585.75;2019-04-11 11:58:05.0;
18;1585.8;2019-04-11 11:58:08.0;
18;1585.75;2019-04-11 11:58:16.0;
18;1585.8;2019-04-11 11:58:32.0;
18;1585.75;2019-04-11 11:58:33.0;
18;1585.8;2019-04-11 11:58:35.0;
18;1585.85;2019-04-11 11:58:54.0;
18;1585.95;2019-04-11 11:59:06.0;
18;1585.9;2019-04-11 11:59:11.0;
18;1585.85;2019-04-11 11:59:14.0;
18;1585.9;2019-04-11 11:59:18.0;
18;1585.95;2019-04-11 11:59:23.0;
18;1585.9;2019-04-11 11:59:27.0;
18;1585.8;2019-04-11 11:59:49.0;
18;1585.75;2019-04-11 12:00:08.0;
18;1585.7;2019-04-11 12:00:28.0;
18;1585.65;2019-04-11 12:00:33.0;
18;1585.7;2019-04-11 12:00:45.0;
18;1585.65;2019-04-11 12:00:52.0;
18;1585.8;2019-04-11 12:00:56.0;
18;1585.75;2019-04-11 12:01:00.0;
18;1585.8;2019-04-11 12:01:03.0;
18;1585.95;2019-04-11 12:01:12.0;
18;1586;2019-04-11 12:01:22.0;
18;1585.95;2019-04-11 12:01:27.0;
18;1586;2019-04-11 12:01:31.0;
18;1585.95;2019-04-11 12:01:37.0;
18;1586;2019-04-11 12:01:39.0;
18;1585.95;2019-04-11 12:01:41.0;
18;1586;2019-04-11 12:01:43.0;
18;1585.95;2019-04-11 12:02:11.0;
18;1585.9;2019-04-11 12:02:16.0;
18;1585.95;2019-04-11 12:02:18.0;
18;1585.9;2019-04-11 12:02:19.0;
18;1586;2019-04-11 12:02:26.0;
18;1585.95;2019-04-11 12:02:29.0;
18;1586.05;2019-04-11 12:02:58.0;
18;1586;2019-04-11 12:03:01.0;
18;1586.15;2019-04-11 12:03:10.0;
18;1586.2;2019-04-11 12:03:13.0;
18;1586.15;2019-04-11 12:03:15.0;
18;1586.1;2019-04-11 12:03:31.0;
18;1586.2;2019-04-11 12:03:38.0;
18;1586.15;2019-04-11 12:03:41.0;
18;1586.2;2019-04-11 12:03:50.0;
18;1586.15;2019-04-11 12:04:13.0;
18;1586.1;2019-04-11 12:04:18.0;
18;1586.15;2019-04-11 12:04:21.0;
18;1586.2;2019-04-11 12:04:28.0;
18;1586.3;2019-04-11 12:04:38.0;
18;1586.25;2019-04-11 12:04:41.0;
18;1586.2;2019-04-11 12:04:46.0;
18;1586.4;2019-04-11 12:05:02.0;
18;1586.35;2019-04-11 12:05:08.0;
18;1586.4;2019-04-11 12:05:09.0;
18;1586.35;2019-04-11 12:05:11.0;
18;1586.3;2019-04-11 12:05:21.0;
18;1586.4;2019-04-11 12:05:24.0;
18;1586.35;2019-04-11 12:05:30.0;
18;1586.4;2019-04-11 12:06:08.0;
18;1586.35;2019-04-11 12:06:10.0;
18;1586.4;2019-04-11 12:06:11.0;
18;1586.35;2019-04-11 12:06:14.0;
18;1586.2;2019-04-11 12:06:15.0;
18;1586.35;2019-04-11 12:06:17.0;
18;1586.15;2019-04-11 12:06:18.0;
18;1586.1;2019-04-11 12:06:36.0;
18;1586.05;2019-04-11 12:06:41.0;
18;1586;2019-04-11 12:06:43.0;
18;1586.05;2019-04-11 12:06:58.0;
18;1586;2019-04-11 12:07:11.0;
18;1586.05;2019-04-11 12:07:12.0;
18;1586;2019-04-11 12:07:15.0;
18;1585.95;2019-04-11 12:07:16.0;
18;1586.1;2019-04-11 12:07:39.0;
18;1586.15;2019-04-11 12:08:05.0;
18;1586.1;2019-04-11 12:08:07.0;
18;1586.15;2019-04-11 12:08:08.0;
18;1586.1;2019-04-11 12:08:22.0;
18;1586.15;2019-04-11 12:08:26.0;
18;1586.1;2019-04-11 12:08:31.0;
18;1586.15;2019-04-11 12:08:32.0;
18;1586.1;2019-04-11 12:08:33.0;
18;1586.2;2019-04-11 12:09:11.0;
18;1586.35;2019-04-11 12:09:25.0;
18;1586.3;2019-04-11 12:09:29.0;
18;1586.25;2019-04-11 12:09:40.0;
18;1586.3;2019-04-11 12:09:45.0;
18;1586.55;2019-04-11 12:10:03.0;
18;1586.45;2019-04-11 12:10:10.0;
18;1586.55;2019-04-11 12:10:12.0;
18;1586.45;2019-04-11 12:10:13.0;
18;1586.4;2019-04-11 12:10:16.0;
18;1586.45;2019-04-11 12:10:19.0;
18;1586.4;2019-04-11 12:10:21.0;
18;1586.45;2019-04-11 12:10:22.0;
18;1586.4;2019-04-11 12:10:24.0;
18;1586.35;2019-04-11 12:10:31.0;
18;1586.4;2019-04-11 12:10:32.0;
18;1586.35;2019-04-11 12:10:34.0;
18;1586.4;2019-04-11 12:10:39.0;
18;1586.35;2019-04-11 12:10:47.0;
18;1586.4;2019-04-11 12:10:56.0;
18;1586.45;2019-04-11 12:11:18.0;
18;1586.35;2019-04-11 12:11:25.0;
18;1586.45;2019-04-11 12:11:30.0;
18;1586.4;2019-04-11 12:11:31.0;
18;1586.45;2019-04-11 12:11:34.0;
18;1586.35;2019-04-11 12:11:35.0;
18;1586.3;2019-04-11 12:12:05.0;
18;1586.25;2019-04-11 12:12:17.0;
18;1586.3;2019-04-11 12:12:27.0;
18;1586.25;2019-04-11 12:12:34.0;
18;1586.3;2019-04-11 12:12:35.0;
18;1586.35;2019-04-11 12:12:46.0;
18;1586.4;2019-04-11 12:12:55.0;
18;1586.35;2019-04-11 12:12:56.0;
18;1586.4;2019-04-11 12:12:58.0;
18;1586.35;2019-04-11 12:13:06.0;
18;1586.4;2019-04-11 12:13:32.0;
18;1586.35;2019-04-11 12:13:35.0;
18;1586.4;2019-04-11 12:13:36.0;
18;1586.5;2019-04-11 12:13:37.0;
18;1586.45;2019-04-11 12:13:40.0;
18;1586.4;2019-04-11 12:13:45.0;
18;1586.35;2019-04-11 12:13:47.0;
18;1586.3;2019-04-11 12:14:04.0;
18;1586.35;2019-04-11 12:14:06.0;
18;1586.3;2019-04-11 12:14:07.0;
18;1586.25;2019-04-11 12:14:12.0;
18;1586.2;2019-04-11 12:14:39.0;
18;1586.15;2019-04-11 12:14:55.0;
18;1586.2;2019-04-11 12:15:47.0;
18;1586.15;2019-04-11 12:15:50.0;
18;1586.2;2019-04-11 12:15:51.0;
18;1586.15;2019-04-11 12:16:04.0;
18;1586.2;2019-04-11 12:16:09.0;
18;1586.15;2019-04-11 12:16:16.0;
18;1586.1;2019-04-11 12:16:19.0;
18;1586.15;2019-04-11 12:16:20.0;
18;1586.1;2019-04-11 12:16:22.0;
18;1586.05;2019-04-11 12:16:43.0;
18;1586.1;2019-04-11 12:16:46.0;
18;1586.05;2019-04-11 12:16:47.0;
18;1586.2;2019-04-11 12:16:52.0;
18;1586.15;2019-04-11 12:17:01.0;
18;1586.1;2019-04-11 12:17:08.0;
18;1586.15;2019-04-11 12:17:09.0;
18;1586.1;2019-04-11 12:17:11.0;
18;1586.15;2019-04-11 12:17:20.0;
18;1586.1;2019-04-11 12:17:28.0;
18;1586.15;2019-04-11 12:17:29.0;
18;1586.1;2019-04-11 12:17:31.0;
18;1586.15;2019-04-11 12:17:38.0;
18;1586.1;2019-04-11 12:17:39.0;
18;1586.15;2019-04-11 12:17:41.0;
18;1586.1;2019-04-11 12:17:42.0;
18;1586.05;2019-04-11 12:17:46.0;
18;1586.15;2019-04-11 12:19:40.0;
18;1586.2;2019-04-11 12:19:49.0;
18;1586.3;2019-04-11 12:20:08.0;
18;1586.25;2019-04-11 12:20:11.0;
18;1586.3;2019-04-11 12:20:12.0;
18;1586.25;2019-04-11 12:20:14.0;
18;1586.35;2019-04-11 12:20:39.0;
18;1586.25;2019-04-11 12:21:00.0;
18;1586.2;2019-04-11 12:21:08.0;
18;1586.25;2019-04-11 12:21:10.0;
18;1586.2;2019-04-11 12:21:12.0;
18;1586.3;2019-04-11 12:21:16.0;
18;1586.2;2019-04-11 12:21:18.0;
18;1586.3;2019-04-11 12:21:30.0;
18;1586.25;2019-04-11 12:21:33.0;
18;1586.2;2019-04-11 12:21:36.0;
18;1586.25;2019-04-11 12:21:37.0;
18;1586.2;2019-04-11 12:22:04.0;
18;1586.25;2019-04-11 12:22:42.0;
18;1586.2;2019-04-11 12:22:44.0;
18;1586.25;2019-04-11 12:22:45.0;
18;1586.2;2019-04-11 12:23:52.0;
18;1586.25;2019-04-11 12:24:11.0;
18;1586.3;2019-04-11 12:24:31.0;
18;1586.25;2019-04-11 12:24:39.0;
18;1586.2;2019-04-11 12:24:48.0;
18;1586.25;2019-04-11 12:24:49.0;
18;1586.2;2019-04-11 12:24:51.0;
18;1586.3;2019-04-11 12:24:59.0;
18;1586.2;2019-04-11 12:25:01.0;
18;1586.3;2019-04-11 12:25:02.0;
18;1586.25;2019-04-11 12:25:05.0;
18;1586.15;2019-04-11 12:25:10.0;
18;1586.2;2019-04-11 12:25:19.0;
18;1586.15;2019-04-11 12:25:22.0;
18;1586.2;2019-04-11 12:25:23.0;
18;1586.25;2019-04-11 12:25:24.0;
18;1586.2;2019-04-11 12:25:28.0;
18;1586.25;2019-04-11 12:25:47.0;
18;1586.15;2019-04-11 12:26:04.0;
18;1586.25;2019-04-11 12:26:15.0;
18;1586.2;2019-04-11 12:26:20.0;
18;1586.25;2019-04-11 12:26:23.0;
18;1586.2;2019-04-11 12:26:24.0;
18;1586.15;2019-04-11 12:26:55.0;
18;1586.2;2019-04-11 12:27:08.0;
18;1586.15;2019-04-11 12:27:16.0;
18;1586.05;2019-04-11 12:27:23.0;
18;1586;2019-04-11 12:28:08.0;
18;1586.05;2019-04-11 12:28:17.0;
18;1586;2019-04-11 12:28:24.0;
18;1586.05;2019-04-11 12:28:25.0;
18;1585.85;2019-04-11 12:28:26.0;
18;1586;2019-04-11 12:28:28.0;
18;1585.85;2019-04-11 12:28:29.0;
18;1585.95;2019-04-11 12:28:32.0;
18;1585.85;2019-04-11 12:28:45.0;
18;1586.05;2019-04-11 12:29:00.0;
18;1586;2019-04-11 12:29:04.0;
18;1585.95;2019-04-11 12:29:07.0;
18;1586.05;2019-04-11 12:29:26.0;
18;1586;2019-04-11 12:29:32.0;
18;1586.05;2019-04-11 12:29:39.0;
18;1586;2019-04-11 12:29:41.0;
18;1586.1;2019-04-11 12:29:42.0;
18;1586.05;2019-04-11 12:29:43.0;
18;1586.1;2019-04-11 12:29:45.0;
18;1586.05;2019-04-11 12:30:08.0;
18;1586.2;2019-04-11 12:30:17.0;
18;1586.25;2019-04-11 12:30:22.0;
18;1586.2;2019-04-11 12:30:28.0;
18;1586.15;2019-04-11 12:30:31.0;
18;1586.1;2019-04-11 12:31:08.0;
18;1586.15;2019-04-11 12:31:16.0;
18;1586.1;2019-04-11 12:31:29.0;
18;1586.15;2019-04-11 12:31:48.0;
18;1586.25;2019-04-11 12:32:29.0;
18;1586.2;2019-04-11 12:32:31.0;
18;1586.25;2019-04-11 12:32:32.0;
18;1586.2;2019-04-11 12:32:34.0;
18;1586.15;2019-04-11 12:32:59.0;
18;1586.3;2019-04-11 12:33:20.0;
18;1586.2;2019-04-11 12:33:26.0;
18;1586.25;2019-04-11 12:33:39.0;
18;1586.2;2019-04-11 12:34:03.0;
18;1586.25;2019-04-11 12:34:05.0;
18;1586.15;2019-04-11 12:34:06.0;
18;1586.2;2019-04-11 12:34:07.0;
18;1586.15;2019-04-11 12:34:09.0;
18;1586.25;2019-04-11 12:34:36.0;
18;1586.2;2019-04-11 12:34:39.0;
18;1586.15;2019-04-11 12:34:47.0;
18;1586.3;2019-04-11 12:35:40.0;
18;1586.25;2019-04-11 12:35:44.0;
18;1586.3;2019-04-11 12:36:15.0;
18;1586.25;2019-04-11 12:36:30.0;
18;1586.35;2019-04-11 12:36:32.0;
18;1586.25;2019-04-11 12:36:33.0;
18;1586.35;2019-04-11 12:36:34.0;
18;1586.4;2019-04-11 12:36:37.0;
18;1586.35;2019-04-11 12:36:39.0;
18;1586.25;2019-04-11 12:37:24.0;
18;1586.3;2019-04-11 12:38:29.0;
18;1586.45;2019-04-11 12:38:36.0;
18;1586.4;2019-04-11 12:38:40.0;
18;1586.35;2019-04-11 12:38:45.0;
18;1586.45;2019-04-11 12:38:53.0;
18;1586.4;2019-04-11 12:38:58.0;
18;1586.35;2019-04-11 12:39:35.0;
18;1586.45;2019-04-11 12:39:48.0;
18;1586.4;2019-04-11 12:40:04.0;
18;1586.5;2019-04-11 12:40:10.0;
18;1586.4;2019-04-11 12:40:15.0;
18;1586.45;2019-04-11 12:40:24.0;
18;1586.5;2019-04-11 12:40:32.0;
18;1586.45;2019-04-11 12:40:35.0;
18;1586.4;2019-04-11 12:40:39.0;
18;1586.45;2019-04-11 12:41:15.0;
18;1586.4;2019-04-11 12:41:19.0;
18;1586.45;2019-04-11 12:41:22.0;
18;1586.4;2019-04-11 12:41:24.0;
18;1586.35;2019-04-11 12:41:27.0;
18;1586.4;2019-04-11 12:41:29.0;
18;1586.35;2019-04-11 12:41:30.0;
18;1586.4;2019-04-11 12:41:39.0;
18;1586.35;2019-04-11 12:41:40.0;
18;1586.4;2019-04-11 12:41:42.0;
18;1586.35;2019-04-11 12:41:43.0;
18;1586.3;2019-04-11 12:42:05.0;
18;1586.4;2019-04-11 12:42:06.0;
18;1586.3;2019-04-11 12:42:08.0;
18;1586.4;2019-04-11 12:42:09.0;
18;1586.35;2019-04-11 12:42:13.0;
18;1586.3;2019-04-11 12:42:14.0;
18;1586.4;2019-04-11 12:42:32.0;
18;1586.35;2019-04-11 12:42:44.0;
18;1586.4;2019-04-11 12:42:46.0;
18;1586.35;2019-04-11 12:42:47.0;
18;1586.3;2019-04-11 12:42:54.0;
18;1586.25;2019-04-11 12:43:24.0;
18;1586.2;2019-04-11 12:44:12.0;
18;1586.25;2019-04-11 12:44:13.0;
18;1586.2;2019-04-11 12:44:15.0;
18;1586.35;2019-04-11 12:44:34.0;
18;1586.3;2019-04-11 12:44:39.0;
18;1586.35;2019-04-11 12:44:44.0;
18;1586.3;2019-04-11 12:44:53.0;
18;1586.4;2019-04-11 12:45:06.0;
18;1586.35;2019-04-11 12:45:08.0;
18;1586.3;2019-04-11 12:45:21.0;
18;1586.35;2019-04-11 12:45:27.0;
18;1586.45;2019-04-11 12:45:39.0;
18;1586.8;2019-04-11 12:45:46.0;
18;1586.7;2019-04-11 12:46:05.0;
18;1586.6;2019-04-11 12:46:14.0;
18;1586.65;2019-04-11 12:46:24.0;
18;1586.75;2019-04-11 12:46:28.0;
18;1586.95;2019-04-11 12:46:35.0;
18;1586.85;2019-04-11 12:46:45.0;
18;1586.8;2019-04-11 12:46:48.0;
18;1586.85;2019-04-11 12:46:51.0;
18;1586.95;2019-04-11 12:47:03.0;
18;1586.9;2019-04-11 12:47:12.0;
18;1586.95;2019-04-11 12:47:13.0;
18;1587.05;2019-04-11 12:47:27.0;
18;1586.95;2019-04-11 12:47:28.0;
18;1587.05;2019-04-11 12:47:30.0;
18;1587;2019-04-11 12:47:33.0;
18;1586.95;2019-04-11 12:48:05.0;
18;1586.9;2019-04-11 12:48:07.0;
18;1587;2019-04-11 12:48:11.0;
18;1586.95;2019-04-11 12:48:16.0;
18;1587.1;2019-04-11 12:48:19.0;
18;1586.95;2019-04-11 12:48:24.0;
18;1586.9;2019-04-11 12:48:27.0;
18;1586.85;2019-04-11 12:48:31.0;
18;1586.9;2019-04-11 12:48:32.0;
18;1586.85;2019-04-11 12:48:34.0;
18;1586.9;2019-04-11 12:48:37.0;
18;1587;2019-04-11 12:48:42.0;
18;1586.95;2019-04-11 12:48:46.0;
18;1586.85;2019-04-11 12:48:50.0;
18;1586.95;2019-04-11 12:48:51.0;
18;1586.85;2019-04-11 12:48:53.0;
18;1586.9;2019-04-11 12:48:55.0;
18;1586.85;2019-04-11 12:48:57.0;
18;1586.9;2019-04-11 12:48:58.0;
18;1586.85;2019-04-11 12:49:37.0;
18;1586.8;2019-04-11 12:49:39.0;
18;1586.75;2019-04-11 12:49:43.0;
18;1586.8;2019-04-11 12:49:49.0;
18;1586.95;2019-04-11 12:50:04.0;
18;1587;2019-04-11 12:50:07.0;
18;1587.2;2019-04-11 12:50:21.0;
18;1587.15;2019-04-11 12:50:25.0;
18;1586.95;2019-04-11 12:50:36.0;
18;1586.9;2019-04-11 12:50:39.0;
18;1586.85;2019-04-11 12:50:46.0;
18;1586.95;2019-04-11 12:50:51.0;
18;1586.85;2019-04-11 12:50:52.0;
18;1586.95;2019-04-11 12:50:55.0;
18;1587.1;2019-04-11 12:50:59.0;
18;1587.05;2019-04-11 12:51:07.0;
18;1587.1;2019-04-11 12:51:08.0;
18;1587.05;2019-04-11 12:51:09.0;
18;1586.95;2019-04-11 12:51:12.0;
18;1586.9;2019-04-11 12:51:17.0;
18;1586.95;2019-04-11 12:51:22.0;
18;1586.85;2019-04-11 12:52:05.0;
18;1586.95;2019-04-11 12:52:22.0;
18;1587;2019-04-11 12:52:25.0;
18;1586.9;2019-04-11 12:52:29.0;
18;1586.85;2019-04-11 12:52:43.0;
18;1586.95;2019-04-11 12:52:52.0;
18;1586.85;2019-04-11 12:52:53.0;
18;1586.9;2019-04-11 12:52:54.0;
18;1586.95;2019-04-11 12:52:56.0;
18;1586.9;2019-04-11 12:52:57.0;
18;1586.85;2019-04-11 12:53:31.0;
18;1586.8;2019-04-11 12:53:47.0;
18;1586.85;2019-04-11 12:54:09.0;
18;1586.8;2019-04-11 12:54:15.0;
18;1586.85;2019-04-11 12:54:16.0;
18;1586.8;2019-04-11 12:54:18.0;
18;1586.85;2019-04-11 12:54:22.0;
18;1586.8;2019-04-11 12:54:35.0;
18;1586.85;2019-04-11 12:54:36.0;
18;1586.8;2019-04-11 12:54:37.0;
18;1586.9;2019-04-11 12:54:40.0;
18;1586.95;2019-04-11 12:54:46.0;
18;1586.85;2019-04-11 12:54:48.0;
18;1587.2;2019-04-11 12:54:56.0;
18;1587.15;2019-04-11 12:54:59.0;
18;1587.2;2019-04-11 12:55:00.0;
18;1587.15;2019-04-11 12:55:01.0;
18;1587.1;2019-04-11 12:55:04.0;
18;1586.85;2019-04-11 12:55:07.0;
18;1587;2019-04-11 12:55:11.0;
18;1586.95;2019-04-11 12:55:23.0;
18;1587.05;2019-04-11 12:55:29.0;
18;1586.95;2019-04-11 12:55:39.0;
18;1587;2019-04-11 12:55:43.0;
18;1587.1;2019-04-11 12:56:08.0;
18;1587.05;2019-04-11 12:56:12.0;
18;1587.1;2019-04-11 12:56:13.0;
18;1587.05;2019-04-11 12:56:15.0;
18;1587;2019-04-11 12:56:24.0;
18;1587.05;2019-04-11 12:56:29.0;
18;1587;2019-04-11 12:56:34.0;
18;1586.95;2019-04-11 12:56:59.0;
18;1587;2019-04-11 12:57:06.0;
18;1586.95;2019-04-11 12:57:12.0;
18;1586.9;2019-04-11 12:57:29.0;
18;1587.05;2019-04-11 12:57:32.0;
18;1586.9;2019-04-11 12:57:33.0;
18;1587.1;2019-04-11 12:57:35.0;
18;1587.05;2019-04-11 12:57:36.0;
18;1587.1;2019-04-11 12:57:39.0;
18;1587.05;2019-04-11 12:57:40.0;
18;1587.15;2019-04-11 12:58:04.0;
18;1587.1;2019-04-11 12:58:07.0;
18;1587.15;2019-04-11 12:58:09.0;
18;1587.1;2019-04-11 12:58:10.0;
18;1587.15;2019-04-11 12:58:17.0;
18;1587.1;2019-04-11 12:58:21.0;
18;1587.15;2019-04-11 12:58:27.0;
18;1587.1;2019-04-11 12:58:30.0;
18;1587.15;2019-04-11 12:58:31.0;
18;1587.2;2019-04-11 12:58:43.0;
18;1587.15;2019-04-11 12:58:45.0;
18;1587.2;2019-04-11 12:58:46.0;
18;1587.25;2019-04-11 12:58:52.0;
18;1587.15;2019-04-11 12:58:53.0;
18;1587.2;2019-04-11 12:58:58.0;
18;1587.15;2019-04-11 12:59:08.0;
18;1587.2;2019-04-11 12:59:14.0;
18;1587.15;2019-04-11 12:59:19.0;
18;1587.2;2019-04-11 12:59:24.0;
18;1587.25;2019-04-11 13:00:04.0;
18;1587.2;2019-04-11 13:00:05.0;
18;1587.25;2019-04-11 13:00:07.0;
18;1587.4;2019-04-11 13:00:27.0;
18;1587.55;2019-04-11 13:00:48.0;
18;1587.5;2019-04-11 13:00:57.0;
18;1587.55;2019-04-11 13:01:06.0;
18;1587.5;2019-04-11 13:01:10.0;
18;1587.55;2019-04-11 13:01:15.0;
18;1587.65;2019-04-11 13:01:33.0;
18;1587.45;2019-04-11 13:01:41.0;
18;1587.4;2019-04-11 13:02:11.0;
18;1587.5;2019-04-11 13:02:16.0;
18;1587.55;2019-04-11 13:02:37.0;
18;1587.45;2019-04-11 13:02:59.0;
18;1587.55;2019-04-11 13:03:04.0;
18;1587.65;2019-04-11 13:03:22.0;
18;1587.6;2019-04-11 13:03:24.0;
18;1587.65;2019-04-11 13:03:27.0;
18;1587.6;2019-04-11 13:03:29.0;
18;1587.65;2019-04-11 13:03:30.0;
18;1587.85;2019-04-11 13:04:02.0;
18;1587.9;2019-04-11 13:04:11.0;
18;1587.85;2019-04-11 13:04:13.0;
18;1588.05;2019-04-11 13:04:14.0;
18;1588.15;2019-04-11 13:04:18.0;
18;1588.05;2019-04-11 13:04:28.0;
18;1588;2019-04-11 13:04:32.0;
18;1588.2;2019-04-11 13:04:37.0;
18;1588.05;2019-04-11 13:04:46.0;
18;1588.15;2019-04-11 13:04:50.0;
18;1588.1;2019-04-11 13:04:55.0;
18;1588.2;2019-04-11 13:04:58.0;
18;1588.1;2019-04-11 13:04:59.0;
18;1588.2;2019-04-11 13:05:01.0;
18;1588.15;2019-04-11 13:05:03.0;
18;1588.1;2019-04-11 13:05:08.0;
18;1588.15;2019-04-11 13:05:11.0;
18;1588.1;2019-04-11 13:05:12.0;
18;1588.15;2019-04-11 13:05:13.0;
18;1588.35;2019-04-11 13:05:43.0;
18;1588.25;2019-04-11 13:05:46.0;
18;1588.15;2019-04-11 13:06:23.0;
18;1588.3;2019-04-11 13:06:34.0;
18;1588.15;2019-04-11 13:06:35.0;
18;1588.25;2019-04-11 13:06:37.0;
18;1588.3;2019-04-11 13:06:38.0;
18;1588.25;2019-04-11 13:06:39.0;
18;1588.35;2019-04-11 13:06:56.0;
18;1588.3;2019-04-11 13:07:01.0;
18;1588.25;2019-04-11 13:07:03.0;
18;1588.2;2019-04-11 13:07:49.0;
18;1588.25;2019-04-11 13:08:04.0;
18;1588.2;2019-04-11 13:08:08.0;
18;1588.15;2019-04-11 13:08:12.0;
18;1588.1;2019-04-11 13:08:37.0;
18;1588.2;2019-04-11 13:08:40.0;
18;1588.1;2019-04-11 13:08:41.0;
18;1588.2;2019-04-11 13:08:42.0;
18;1588.35;2019-04-11 13:09:09.0;
18;1588.2;2019-04-11 13:09:10.0;
18;1588.35;2019-04-11 13:09:12.0;
18;1588.15;2019-04-11 13:09:35.0;
18;1588.1;2019-04-11 13:09:48.0;
18;1588.15;2019-04-11 13:10:03.0;
18;1588.1;2019-04-11 13:10:04.0;
18;1588.15;2019-04-11 13:10:05.0;
18;1588.1;2019-04-11 13:10:17.0;
18;1588.05;2019-04-11 13:10:20.0;
18;1587.95;2019-04-11 13:10:24.0;
18;1588;2019-04-11 13:10:31.0;
18;1587.95;2019-04-11 13:10:33.0;
18;1588;2019-04-11 13:10:34.0;
18;1587.9;2019-04-11 13:10:38.0;
18;1587.85;2019-04-11 13:10:44.0;
18;1587.9;2019-04-11 13:10:45.0;
18;1587.85;2019-04-11 13:10:48.0;
18;1587.8;2019-04-11 13:11:02.0;
18;1587.85;2019-04-11 13:11:18.0;
18;1587.75;2019-04-11 13:11:31.0;
18;1587.65;2019-04-11 13:11:39.0;
18;1587.75;2019-04-11 13:11:41.0;
18;1587.65;2019-04-11 13:11:42.0;
18;1587.6;2019-04-11 13:12:19.0;
18;1587.65;2019-04-11 13:12:22.0;
18;1587.75;2019-04-11 13:12:35.0;
18;1587.8;2019-04-11 13:12:48.0;
18;1587.85;2019-04-11 13:12:51.0;
18;1587.8;2019-04-11 13:12:52.0;
18;1587.85;2019-04-11 13:12:53.0;
18;1587.8;2019-04-11 13:12:59.0;
18;1587.7;2019-04-11 13:13:05.0;
18;1587.75;2019-04-11 13:13:08.0;
18;1587.7;2019-04-11 13:13:11.0;
18;1587.65;2019-04-11 13:13:19.0;
18;1587.6;2019-04-11 13:13:25.0;
18;1587.55;2019-04-11 13:13:37.0;
18;1587.45;2019-04-11 13:13:41.0;
18;1587.5;2019-04-11 13:14:11.0;
18;1587.45;2019-04-11 13:14:12.0;
18;1587.5;2019-04-11 13:14:14.0;
18;1587.55;2019-04-11 13:14:18.0;
18;1587.5;2019-04-11 13:14:19.0;
18;1587.45;2019-04-11 13:14:25.0;
18;1587.65;2019-04-11 13:14:28.0;
18;1587.55;2019-04-11 13:14:32.0;
18;1587.6;2019-04-11 13:14:35.0;
18;1587.65;2019-04-11 13:14:44.0;
18;1587.6;2019-04-11 13:14:46.0;
18;1587.65;2019-04-11 13:14:47.0;
18;1587.6;2019-04-11 13:14:49.0;
18;1587.65;2019-04-11 13:14:52.0;
18;1587.6;2019-04-11 13:14:54.0;
18;1587.5;2019-04-11 13:14:56.0;
18;1587.65;2019-04-11 13:15:03.0;
18;1587.7;2019-04-11 13:15:08.0;
18;1587.65;2019-04-11 13:15:12.0;
18;1587.75;2019-04-11 13:15:23.0;
18;1587.65;2019-04-11 13:15:29.0;
18;1587.6;2019-04-11 13:15:40.0;
18;1587.65;2019-04-11 13:15:49.0;
18;1587.55;2019-04-11 13:16:08.0;
18;1587.65;2019-04-11 13:16:20.0;
18;1587.6;2019-04-11 13:16:25.0;
18;1587.55;2019-04-11 13:16:27.0;
18;1587.6;2019-04-11 13:16:38.0;
18;1587.65;2019-04-11 13:16:49.0;
18;1587.6;2019-04-11 13:16:50.0;
18;1587.65;2019-04-11 13:16:51.0;
18;1587.6;2019-04-11 13:16:55.0;
18;1587.55;2019-04-11 13:16:59.0;
18;1587.5;2019-04-11 13:17:10.0;
18;1587.55;2019-04-11 13:17:12.0;
18;1587.65;2019-04-11 13:17:17.0;
18;1587.6;2019-04-11 13:17:19.0;
18;1587.65;2019-04-11 13:17:26.0;
18;1587.7;2019-04-11 13:17:29.0;
18;1587.75;2019-04-11 13:17:31.0;
18;1587.8;2019-04-11 13:18:07.0;
18;1587.75;2019-04-11 13:18:10.0;
18;1587.85;2019-04-11 13:18:22.0;
18;1587.75;2019-04-11 13:18:24.0;
18;1587.85;2019-04-11 13:18:25.0;
18;1587.9;2019-04-11 13:18:28.0;
18;1587.75;2019-04-11 13:18:31.0;
18;1587.8;2019-04-11 13:18:35.0;
18;1587.85;2019-04-11 13:18:38.0;
18;1587.95;2019-04-11 13:18:42.0;
18;1587.9;2019-04-11 13:18:46.0;
18;1587.85;2019-04-11 13:18:52.0;
18;1588;2019-04-11 13:18:55.0;
18;1587.85;2019-04-11 13:18:57.0;
18;1588;2019-04-11 13:18:59.0;
18;1587.85;2019-04-11 13:19:00.0;
18;1587.95;2019-04-11 13:19:03.0;
18;1587.9;2019-04-11 13:19:08.0;
18;1587.85;2019-04-11 13:19:15.0;
18;1587.8;2019-04-11 13:19:43.0;
18;1587.75;2019-04-11 13:19:47.0;
18;1587.7;2019-04-11 13:20:08.0;
18;1587.8;2019-04-11 13:20:22.0;
18;1587.75;2019-04-11 13:20:28.0;
18;1587.65;2019-04-11 13:20:35.0;
18;1587.6;2019-04-11 13:21:02.0;
18;1587.55;2019-04-11 13:21:03.0;
18;1587.6;2019-04-11 13:21:06.0;
18;1587.5;2019-04-11 13:21:07.0;
18;1587.55;2019-04-11 13:21:13.0;
18;1587.65;2019-04-11 13:21:24.0;
18;1587.6;2019-04-11 13:21:48.0;
18;1587.65;2019-04-11 13:22:39.0;
18;1587.6;2019-04-11 13:22:42.0;
18;1587.65;2019-04-11 13:22:43.0;
18;1587.6;2019-04-11 13:22:53.0;
18;1587.65;2019-04-11 13:23:00.0;
18;1587.7;2019-04-11 13:23:04.0;
18;1587.65;2019-04-11 13:23:06.0;
18;1587.7;2019-04-11 13:23:07.0;
18;1587.8;2019-04-11 13:23:10.0;
18;1587.75;2019-04-11 13:23:12.0;
18;1587.8;2019-04-11 13:23:13.0;
18;1587.75;2019-04-11 13:23:15.0;
18;1587.85;2019-04-11 13:23:49.0;
18;1587.8;2019-04-11 13:24:05.0;
18;1587.75;2019-04-11 13:24:09.0;
18;1587.85;2019-04-11 13:24:14.0;
18;1587.8;2019-04-11 13:24:25.0;
18;1587.75;2019-04-11 13:24:29.0;
18;1587.8;2019-04-11 13:24:31.0;
18;1587.75;2019-04-11 13:24:32.0;
18;1587.7;2019-04-11 13:24:33.0;
18;1587.55;2019-04-11 13:25:03.0;
18;1587.7;2019-04-11 13:25:04.0;
18;1587.55;2019-04-11 13:25:06.0;
18;1587.65;2019-04-11 13:25:08.0;
18;1587.6;2019-04-11 13:25:14.0;
18;1587.55;2019-04-11 13:25:16.0;
18;1587.6;2019-04-11 13:25:17.0;
18;1587.55;2019-04-11 13:25:19.0;
18;1587.35;2019-04-11 13:25:25.0;
18;1587.3;2019-04-11 13:25:33.0;
18;1587.35;2019-04-11 13:25:35.0;
18;1587.3;2019-04-11 13:25:36.0;
18;1587.35;2019-04-11 13:25:37.0;
18;1587.3;2019-04-11 13:25:44.0;
18;1587.25;2019-04-11 13:25:48.0;
18;1587.3;2019-04-11 13:25:49.0;
18;1587.25;2019-04-11 13:25:50.0;
18;1587.15;2019-04-11 13:26:13.0;
18;1587.25;2019-04-11 13:26:27.0;
18;1587.15;2019-04-11 13:26:30.0;
18;1587.2;2019-04-11 13:26:34.0;
18;1587.15;2019-04-11 13:26:36.0;
18;1587.25;2019-04-11 13:27:15.0;
18;1587.15;2019-04-11 13:27:16.0;
18;1587.25;2019-04-11 13:27:18.0;
18;1587.2;2019-04-11 13:27:21.0;
18;1587.15;2019-04-11 13:27:24.0;
18;1587.2;2019-04-11 13:27:25.0;
18;1587.15;2019-04-11 13:27:27.0;
18;1587.1;2019-04-11 13:27:31.0;
18;1587.25;2019-04-11 13:27:39.0;
18;1587.2;2019-04-11 13:27:45.0;
18;1587.35;2019-04-11 13:28:07.0;
18;1587.25;2019-04-11 13:28:19.0;
18;1587.2;2019-04-11 13:28:24.0;
18;1587.35;2019-04-11 13:28:37.0;
18;1587.3;2019-04-11 13:28:38.0;
18;1587.35;2019-04-11 13:28:41.0;
18;1587.3;2019-04-11 13:28:42.0;
18;1587.25;2019-04-11 13:28:43.0;
18;1587.35;2019-04-11 13:28:52.0;
18;1587.25;2019-04-11 13:28:54.0;
18;1587.35;2019-04-11 13:28:55.0;
18;1587.3;2019-04-11 13:28:57.0;
18;1587.25;2019-04-11 13:28:59.0;
18;1587.3;2019-04-11 13:29:00.0;
18;1587.2;2019-04-11 13:29:02.0;
18;1587.25;2019-04-11 13:29:03.0;
18;1587.2;2019-04-11 13:29:05.0;
18;1587.25;2019-04-11 13:29:08.0;
18;1587.2;2019-04-11 13:29:09.0;
18;1587.3;2019-04-11 13:29:10.0;
18;1587.25;2019-04-11 13:29:12.0;
18;1587.3;2019-04-11 13:29:13.0;
18;1587.2;2019-04-11 13:29:16.0;
18;1587.15;2019-04-11 13:29:18.0;
18;1587.05;2019-04-11 13:29:22.0;
18;1587.15;2019-04-11 13:29:23.0;
18;1587.05;2019-04-11 13:29:25.0;
18;1587.1;2019-04-11 13:30:23.0;
18;1587.15;2019-04-11 13:30:35.0;
18;1587.3;2019-04-11 13:30:39.0;
18;1587.35;2019-04-11 13:30:44.0;
18;1587.3;2019-04-11 13:30:48.0;
18;1587.45;2019-04-11 13:30:58.0;
18;1587.55;2019-04-11 13:31:02.0;
18;1587.65;2019-04-11 13:31:04.0;
18;1587.55;2019-04-11 13:31:07.0;
18;1587.65;2019-04-11 13:31:08.0;
18;1587.55;2019-04-11 13:31:10.0;
18;1587.65;2019-04-11 13:31:20.0;
18;1587.6;2019-04-11 13:31:24.0;
18;1587.7;2019-04-11 13:31:31.0;
18;1587.6;2019-04-11 13:31:33.0;
18;1587.65;2019-04-11 13:31:41.0;
18;1587.7;2019-04-11 13:31:48.0;
18;1587.65;2019-04-11 13:31:49.0;
18;1587.7;2019-04-11 13:31:50.0;
18;1587.6;2019-04-11 13:32:03.0;
18;1587.7;2019-04-11 13:32:04.0;
18;1587.6;2019-04-11 13:32:06.0;
18;1587.65;2019-04-11 13:32:13.0;
18;1587.75;2019-04-11 13:32:16.0;
18;1587.65;2019-04-11 13:32:17.0;
18;1587.7;2019-04-11 13:32:19.0;
18;1587.6;2019-04-11 13:32:23.0;
18;1587.55;2019-04-11 13:32:29.0;
18;1587.6;2019-04-11 13:32:35.0;
18;1587.55;2019-04-11 13:32:37.0;
18;1587.6;2019-04-11 13:32:58.0;
18;1587.45;2019-04-11 13:33:08.0;
18;1587.6;2019-04-11 13:33:10.0;
18;1587.45;2019-04-11 13:33:11.0;
18;1587.4;2019-04-11 13:33:22.0;
18;1587.45;2019-04-11 13:33:36.0;
18;1587.4;2019-04-11 13:33:45.0;
18;1587.45;2019-04-11 13:34:03.0;
18;1587.4;2019-04-11 13:34:37.0;
18;1587.45;2019-04-11 13:34:44.0;
18;1587.4;2019-04-11 13:34:51.0;
18;1587.45;2019-04-11 13:34:53.0;
18;1587.5;2019-04-11 13:35:00.0;
18;1587.45;2019-04-11 13:35:05.0;
18;1587.4;2019-04-11 13:35:09.0;
18;1587.3;2019-04-11 13:35:12.0;
18;1587.5;2019-04-11 13:35:14.0;
18;1587.45;2019-04-11 13:35:21.0;
18;1587.55;2019-04-11 13:35:31.0;
18;1587.5;2019-04-11 13:35:38.0;
18;1587.45;2019-04-11 13:35:47.0;
18;1587.5;2019-04-11 13:35:50.0;
18;1587.45;2019-04-11 13:35:51.0;
18;1587.35;2019-04-11 13:36:23.0;
18;1587.3;2019-04-11 13:36:27.0;
18;1587.35;2019-04-11 13:36:29.0;
18;1587.3;2019-04-11 13:36:30.0;
18;1587.35;2019-04-11 13:36:33.0;
18;1587.3;2019-04-11 13:36:34.0;
18;1587.35;2019-04-11 13:36:36.0;
18;1587.45;2019-04-11 13:36:51.0;
18;1587.5;2019-04-11 13:37:07.0;
18;1587.45;2019-04-11 13:37:16.0;
18;1587.5;2019-04-11 13:37:27.0;
18;1587.45;2019-04-11 13:37:34.0;
18;1587.5;2019-04-11 13:37:36.0;
18;1587.45;2019-04-11 13:37:37.0;
18;1587.5;2019-04-11 13:37:50.0;
18;1587.45;2019-04-11 13:38:02.0;
18;1587.5;2019-04-11 13:38:04.0;
18;1587.45;2019-04-11 13:38:05.0;
18;1587.5;2019-04-11 13:38:08.0;
18;1587.6;2019-04-11 13:38:11.0;
18;1587.65;2019-04-11 13:38:18.0;
18;1587.7;2019-04-11 13:38:24.0;
18;1587.6;2019-04-11 13:38:31.0;
18;1587.55;2019-04-11 13:38:33.0;
18;1587.6;2019-04-11 13:38:35.0;
18;1587.5;2019-04-11 13:38:37.0;
18;1587.6;2019-04-11 13:38:39.0;
18;1587.5;2019-04-11 13:38:40.0;
18;1587.55;2019-04-11 13:38:49.0;
18;1587.5;2019-04-11 13:39:03.0;
18;1587.45;2019-04-11 13:39:09.0;
18;1587.4;2019-04-11 13:39:14.0;
18;1587.3;2019-04-11 13:39:21.0;
18;1587.35;2019-04-11 13:39:23.0;
18;1587.3;2019-04-11 13:39:24.0;
18;1587.2;2019-04-11 13:39:40.0;
18;1587.15;2019-04-11 13:39:44.0;
18;1587.1;2019-04-11 13:39:48.0;
18;1587.15;2019-04-11 13:40:05.0;
18;1587.2;2019-04-11 13:40:07.0;
18;1587.15;2019-04-11 13:40:09.0;
18;1587.2;2019-04-11 13:40:10.0;
18;1587.1;2019-04-11 13:40:16.0;
18;1587.05;2019-04-11 13:40:20.0;
18;1587.1;2019-04-11 13:40:23.0;
18;1586.9;2019-04-11 13:40:24.0;
18;1586.85;2019-04-11 13:40:43.0;
18;1586.75;2019-04-11 13:40:51.0;
18;1586.85;2019-04-11 13:40:54.0;
18;1586.75;2019-04-11 13:40:55.0;
18;1586.85;2019-04-11 13:40:56.0;
18;1586.75;2019-04-11 13:41:02.0;
18;1586.7;2019-04-11 13:41:18.0;
18;1586.8;2019-04-11 13:41:27.0;
18;1586.75;2019-04-11 13:41:31.0;
18;1586.8;2019-04-11 13:41:33.0;
18;1586.75;2019-04-11 13:41:34.0;
18;1586.7;2019-04-11 13:41:47.0;
18;1586.85;2019-04-11 13:42:15.0;
18;1586.7;2019-04-11 13:42:16.0;
18;1586.85;2019-04-11 13:42:18.0;
18;1586.7;2019-04-11 13:42:23.0;
18;1586.75;2019-04-11 13:42:30.0;
18;1586.7;2019-04-11 13:42:49.0;
18;1586.75;2019-04-11 13:42:50.0;
18;1586.7;2019-04-11 13:43:09.0;
18;1586.8;2019-04-11 13:43:26.0;
18;1586.7;2019-04-11 13:43:34.0;
18;1586.75;2019-04-11 13:44:04.0;
18;1586.7;2019-04-11 13:44:09.0;
18;1586.9;2019-04-11 13:44:19.0;
18;1586.85;2019-04-11 13:44:26.0;
18;1586.8;2019-04-11 13:44:36.0;
18;1586.85;2019-04-11 13:44:49.0;
18;1586.9;2019-04-11 13:44:56.0;
18;1586.85;2019-04-11 13:44:58.0;
18;1586.9;2019-04-11 13:45:00.0;
18;1586.85;2019-04-11 13:45:01.0;
18;1586.95;2019-04-11 13:45:29.0;
18;1587;2019-04-11 13:45:32.0;
18;1586.95;2019-04-11 13:45:33.0;
18;1587;2019-04-11 13:45:35.0;
18;1586.95;2019-04-11 13:45:36.0;
18;1586.9;2019-04-11 13:45:48.0;
18;1586.85;2019-04-11 13:46:15.0;
18;1586.8;2019-04-11 13:46:37.0;
18;1586.85;2019-04-11 13:46:38.0;
18;1586.8;2019-04-11 13:46:40.0;
18;1586.75;2019-04-11 13:46:45.0;
18;1586.85;2019-04-11 13:46:51.0;
18;1586.95;2019-04-11 13:46:56.0;
18;1586.85;2019-04-11 13:47:00.0;
18;1587;2019-04-11 13:47:11.0;
18;1586.85;2019-04-11 13:47:13.0;
18;1586.95;2019-04-11 13:47:14.0;
18;1586.9;2019-04-11 13:47:22.0;
18;1586.95;2019-04-11 13:47:25.0;
18;1586.9;2019-04-11 13:47:27.0;
18;1586.85;2019-04-11 13:47:28.0;
18;1586.95;2019-04-11 13:47:49.0;
18;1587.05;2019-04-11 13:48:04.0;
18;1586.95;2019-04-11 13:48:09.0;
18;1587;2019-04-11 13:48:13.0;
18;1586.95;2019-04-11 13:48:36.0;
18;1586.9;2019-04-11 13:48:47.0;
18;1586.95;2019-04-11 13:48:50.0;
18;1586.9;2019-04-11 13:48:51.0;
18;1587;2019-04-11 13:48:59.0;
18;1586.95;2019-04-11 13:49:00.0;
18;1587;2019-04-11 13:49:02.0;
18;1586.95;2019-04-11 13:49:03.0;
18;1587.05;2019-04-11 13:49:23.0;
18;1586.95;2019-04-11 13:49:25.0;
18;1587;2019-04-11 13:49:28.0;
18;1587.05;2019-04-11 13:49:45.0;
18;1587.15;2019-04-11 13:50:03.0;
18;1587.05;2019-04-11 13:50:05.0;
18;1587.15;2019-04-11 13:50:06.0;
18;1587.3;2019-04-11 13:50:09.0;
18;1587.25;2019-04-11 13:50:13.0;
18;1587.35;2019-04-11 13:50:18.0;
18;1587.3;2019-04-11 13:50:19.0;
18;1587.4;2019-04-11 13:50:32.0;
18;1587.35;2019-04-11 13:50:35.0;
18;1587.3;2019-04-11 13:50:49.0;
18;1587.4;2019-04-11 13:51:11.0;
18;1587.35;2019-04-11 13:51:17.0;
18;1587.25;2019-04-11 13:51:31.0;
18;1587.35;2019-04-11 13:51:33.0;
18;1587.25;2019-04-11 13:51:34.0;
18;1587.2;2019-04-11 13:51:45.0;
18;1587.3;2019-04-11 13:52:04.0;
18;1587.2;2019-04-11 13:52:06.0;
18;1587.25;2019-04-11 13:52:08.0;
18;1587.35;2019-04-11 13:52:39.0;
18;1587.3;2019-04-11 13:52:44.0;
18;1587.35;2019-04-11 13:52:45.0;
18;1587.3;2019-04-11 13:52:47.0;
18;1587.25;2019-04-11 13:52:57.0;
18;1587.3;2019-04-11 13:53:05.0;
18;1587.35;2019-04-11 13:53:07.0;
18;1587.3;2019-04-11 13:53:08.0;
18;1587.35;2019-04-11 13:53:09.0;
18;1587.3;2019-04-11 13:53:11.0;
18;1587.4;2019-04-11 13:53:16.0;
18;1587.35;2019-04-11 13:53:18.0;
18;1587.45;2019-04-11 13:53:23.0;
18;1587.35;2019-04-11 13:53:24.0;
18;1587.45;2019-04-11 13:53:26.0;
18;1587.4;2019-04-11 13:53:27.0;
18;1587.45;2019-04-11 13:53:28.0;
18;1587.4;2019-04-11 13:53:30.0;
18;1587.35;2019-04-11 13:53:44.0;
18;1587.4;2019-04-11 13:53:45.0;
18;1587.35;2019-04-11 13:53:47.0;
18;1587.3;2019-04-11 13:54:04.0;
18;1587.35;2019-04-11 13:54:20.0;
18;1587.25;2019-04-11 13:54:23.0;
18;1587.35;2019-04-11 13:54:24.0;
18;1587.25;2019-04-11 13:54:26.0;
18;1587.35;2019-04-11 13:54:31.0;
18;1587.25;2019-04-11 13:54:32.0;
18;1587.35;2019-04-11 13:54:34.0;
18;1587.25;2019-04-11 13:54:37.0;
18;1587.3;2019-04-11 13:54:46.0;
18;1587.4;2019-04-11 13:55:15.0;
18;1587.35;2019-04-11 13:55:19.0;
18;1587.4;2019-04-11 13:55:22.0;
18;1587.35;2019-04-11 13:55:24.0;
18;1587.3;2019-04-11 13:55:45.0;
18;1587.2;2019-04-11 13:55:47.0;
18;1587.3;2019-04-11 13:56:03.0;
18;1587.2;2019-04-11 13:56:04.0;
18;1587.3;2019-04-11 13:56:05.0;
18;1587.15;2019-04-11 13:56:08.0;
18;1587.1;2019-04-11 13:56:15.0;
18;1587.05;2019-04-11 13:56:19.0;
18;1587.15;2019-04-11 13:56:28.0;
18;1587.05;2019-04-11 13:56:47.0;
18;1587.1;2019-04-11 13:57:09.0;
18;1587.15;2019-04-11 13:57:12.0;
18;1587.1;2019-04-11 13:57:14.0;
18;1587.2;2019-04-11 13:57:28.0;
18;1587.15;2019-04-11 13:57:34.0;
18;1587.2;2019-04-11 13:57:43.0;
18;1587.15;2019-04-11 13:57:45.0;
18;1587.2;2019-04-11 13:57:46.0;
18;1587.15;2019-04-11 13:57:48.0;
18;1587.05;2019-04-11 13:58:02.0;
18;1587.15;2019-04-11 13:58:03.0;
18;1587.05;2019-04-11 13:58:05.0;
18;1587.2;2019-04-11 13:58:07.0;
18;1587.15;2019-04-11 13:58:10.0;
18;1587.25;2019-04-11 13:58:15.0;
18;1587.2;2019-04-11 13:58:22.0;
18;1587.25;2019-04-11 13:58:26.0;
18;1587.1;2019-04-11 13:59:03.0;
18;1587.15;2019-04-11 13:59:06.0;
18;1587.25;2019-04-11 13:59:14.0;
18;1587.15;2019-04-11 13:59:18.0;
18;1587.3;2019-04-11 13:59:27.0;
18;1587.25;2019-04-11 13:59:32.0;
18;1587.3;2019-04-11 13:59:38.0;
18;1587.25;2019-04-11 13:59:40.0;
18;1587.3;2019-04-11 13:59:42.0;
18;1587.25;2019-04-11 13:59:44.0;
18;1587.05;2019-04-11 14:00:06.0;
18;1587.1;2019-04-11 14:00:07.0;
18;1587.05;2019-04-11 14:00:09.0;
18;1587.1;2019-04-11 14:00:20.0;
18;1587;2019-04-11 14:00:26.0;
18;1586.9;2019-04-11 14:00:33.0;
18;1586.85;2019-04-11 14:00:34.0;
18;1586.9;2019-04-11 14:00:36.0;
18;1586.85;2019-04-11 14:00:38.0;
18;1586.8;2019-04-11 14:00:45.0;
18;1586.75;2019-04-11 14:00:47.0;
18;1586.7;2019-04-11 14:00:52.0;
18;1586.6;2019-04-11 14:00:58.0;
18;1586.65;2019-04-11 14:01:08.0;
18;1586.75;2019-04-11 14:01:17.0;
18;1586.7;2019-04-11 14:01:18.0;
18;1586.65;2019-04-11 14:01:23.0;
18;1586.75;2019-04-11 14:01:30.0;
18;1586.8;2019-04-11 14:01:35.0;
18;1586.75;2019-04-11 14:01:40.0;
18;1586.65;2019-04-11 14:02:06.0;
18;1586.7;2019-04-11 14:02:14.0;
18;1586.8;2019-04-11 14:02:19.0;
18;1586.75;2019-04-11 14:02:29.0;
18;1586.65;2019-04-11 14:02:34.0;
18;1586.7;2019-04-11 14:02:54.0;
18;1586.65;2019-04-11 14:02:57.0;
18;1586.7;2019-04-11 14:02:58.0;
18;1586.75;2019-04-11 14:03:10.0;
18;1586.8;2019-04-11 14:03:20.0;
18;1586.75;2019-04-11 14:03:21.0;
18;1586.95;2019-04-11 14:03:24.0;
18;1586.9;2019-04-11 14:03:29.0;
18;1586.95;2019-04-11 14:03:36.0;
18;1586.85;2019-04-11 14:03:41.0;
18;1586.9;2019-04-11 14:03:50.0;
18;1586.95;2019-04-11 14:04:02.0;
18;1587.05;2019-04-11 14:04:06.0;
18;1586.95;2019-04-11 14:04:08.0;
18;1587.05;2019-04-11 14:04:10.0;
18;1586.95;2019-04-11 14:04:11.0;
18;1586.85;2019-04-11 14:04:31.0;
18;1586.95;2019-04-11 14:04:38.0;
18;1586.85;2019-04-11 14:04:52.0;
18;1586.7;2019-04-11 14:04:54.0;
18;1586.8;2019-04-11 14:04:59.0;
18;1586.85;2019-04-11 14:05:06.0;
18;1586.75;2019-04-11 14:05:32.0;
18;1586.55;2019-04-11 14:05:35.0;
18;1586.6;2019-04-11 14:05:41.0;
18;1586.55;2019-04-11 14:05:47.0;
18;1586.45;2019-04-11 14:06:04.0;
18;1586.5;2019-04-11 14:06:06.0;
18;1586.6;2019-04-11 14:06:12.0;
18;1586.55;2019-04-11 14:06:15.0;
18;1586.5;2019-04-11 14:06:21.0;
18;1586.65;2019-04-11 14:06:24.0;
18;1586.55;2019-04-11 14:06:28.0;
18;1586.65;2019-04-11 14:06:29.0;
18;1586.7;2019-04-11 14:06:40.0;
18;1586.55;2019-04-11 14:06:47.0;
18;1586.5;2019-04-11 14:06:49.0;
18;1586.55;2019-04-11 14:06:51.0;
18;1586.5;2019-04-11 14:06:52.0;
18;1586.55;2019-04-11 14:07:05.0;
18;1586.5;2019-04-11 14:07:11.0;
18;1586.55;2019-04-11 14:07:16.0;
18;1586.6;2019-04-11 14:07:24.0;
18;1586.55;2019-04-11 14:07:29.0;
18;1586.5;2019-04-11 14:07:36.0;
18;1586.55;2019-04-11 14:07:42.0;
18;1586.6;2019-04-11 14:08:04.0;
18;1586.55;2019-04-11 14:08:08.0;
18;1586.7;2019-04-11 14:08:19.0;
18;1586.65;2019-04-11 14:08:34.0;
18;1586.6;2019-04-11 14:08:35.0;
18;1586.65;2019-04-11 14:08:38.0;
18;1586.5;2019-04-11 14:08:39.0;
18;1586.7;2019-04-11 14:08:46.0;
18;1586.6;2019-04-11 14:08:53.0;
18;1586.7;2019-04-11 14:08:54.0;
18;1586.6;2019-04-11 14:08:56.0;
18;1586.65;2019-04-11 14:08:57.0;
18;1586.55;2019-04-11 14:09:02.0;
18;1586.6;2019-04-11 14:09:03.0;
18;1586.55;2019-04-11 14:09:04.0;
18;1586.6;2019-04-11 14:09:06.0;
18;1586.55;2019-04-11 14:09:13.0;
18;1586.7;2019-04-11 14:09:16.0;
18;1586.65;2019-04-11 14:09:22.0;
18;1586.5;2019-04-11 14:10:03.0;
18;1586.45;2019-04-11 14:10:07.0;
18;1586.5;2019-04-11 14:10:09.0;
18;1586.6;2019-04-11 14:10:11.0;
18;1586.5;2019-04-11 14:10:21.0;
18;1586.55;2019-04-11 14:10:31.0;
18;1586.5;2019-04-11 14:10:35.0;
18;1586.45;2019-04-11 14:10:41.0;
18;1586.4;2019-04-11 14:11:04.0;
18;1586.5;2019-04-11 14:11:14.0;
18;1586.4;2019-04-11 14:11:17.0;
18;1586.3;2019-04-11 14:11:19.0;
18;1586.4;2019-04-11 14:11:20.0;
18;1586.3;2019-04-11 14:11:22.0;
18;1586.35;2019-04-11 14:11:25.0;
18;1586.3;2019-04-11 14:11:31.0;
18;1586.25;2019-04-11 14:11:39.0;
18;1586.3;2019-04-11 14:12:07.0;
18;1586.25;2019-04-11 14:12:11.0;
18;1586.35;2019-04-11 14:12:31.0;
18;1586.3;2019-04-11 14:12:35.0;
18;1586.25;2019-04-11 14:12:48.0;
18;1586.15;2019-04-11 14:12:51.0;
18;1586.25;2019-04-11 14:12:53.0;
18;1586.15;2019-04-11 14:12:54.0;
18;1586.2;2019-04-11 14:12:59.0;
18;1586.25;2019-04-11 14:13:02.0;
18;1586.2;2019-04-11 14:13:04.0;
18;1586.25;2019-04-11 14:13:05.0;
18;1586.1;2019-04-11 14:13:10.0;
18;1586.05;2019-04-11 14:13:14.0;
18;1586.15;2019-04-11 14:13:18.0;
18;1586.1;2019-04-11 14:13:24.0;
18;1586.15;2019-04-11 14:13:34.0;
18;1586.2;2019-04-11 14:13:40.0;
18;1586.3;2019-04-11 14:13:46.0;
18;1586.25;2019-04-11 14:14:06.0;
18;1586.2;2019-04-11 14:14:24.0;
18;1586.3;2019-04-11 14:14:29.0;
18;1586.2;2019-04-11 14:14:31.0;
18;1586.3;2019-04-11 14:14:32.0;
18;1586.25;2019-04-11 14:14:51.0;
18;1586.2;2019-04-11 14:14:56.0;
18;1586.25;2019-04-11 14:15:03.0;
18;1586.15;2019-04-11 14:15:10.0;
18;1586.25;2019-04-11 14:15:17.0;
18;1586.15;2019-04-11 14:15:19.0;
18;1586.25;2019-04-11 14:15:21.0;
18;1586.3;2019-04-11 14:15:45.0;
18;1586.25;2019-04-11 14:15:51.0;
18;1586.35;2019-04-11 14:16:03.0;
18;1586.4;2019-04-11 14:16:13.0;
18;1586.35;2019-04-11 14:16:18.0;
18;1586.3;2019-04-11 14:16:23.0;
18;1586.15;2019-04-11 14:16:30.0;
18;1586.25;2019-04-11 14:16:36.0;
18;1586.2;2019-04-11 14:16:39.0;
18;1586.3;2019-04-11 14:16:45.0;
18;1586.2;2019-04-11 14:16:46.0;
18;1586.25;2019-04-11 14:16:48.0;
18;1586.3;2019-04-11 14:16:53.0;
18;1586.25;2019-04-11 14:16:59.0;
18;1586.45;2019-04-11 14:17:10.0;
18;1586.35;2019-04-11 14:17:15.0;
18;1586.45;2019-04-11 14:17:16.0;
18;1586.35;2019-04-11 14:17:18.0;
18;1586.4;2019-04-11 14:17:23.0;
18;1586.35;2019-04-11 14:17:28.0;
18;1586.4;2019-04-11 14:17:46.0;
18;1586.45;2019-04-11 14:18:03.0;
18;1586.4;2019-04-11 14:18:14.0;
18;1586.35;2019-04-11 14:18:17.0;
18;1586.25;2019-04-11 14:18:32.0;
18;1586.2;2019-04-11 14:18:43.0;
18;1586.15;2019-04-11 14:18:48.0;
18;1586.2;2019-04-11 14:18:49.0;
18;1586.1;2019-04-11 14:18:55.0;
18;1586.05;2019-04-11 14:18:59.0;
18;1586.15;2019-04-11 14:19:06.0;
18;1586.1;2019-04-11 14:19:16.0;
18;1586.05;2019-04-11 14:19:24.0;
18;1586.1;2019-04-11 14:19:26.0;
18;1586.15;2019-04-11 14:19:36.0;
18;1586.1;2019-04-11 14:19:39.0;
18;1586.05;2019-04-11 14:19:44.0;
18;1585.9;2019-04-11 14:20:08.0;
18;1585.85;2019-04-11 14:20:20.0;
18;1586;2019-04-11 14:20:38.0;
18;1586.1;2019-04-11 14:20:39.0;
18;1586.15;2019-04-11 14:20:43.0;
18;1586.25;2019-04-11 14:20:51.0;
18;1586.2;2019-04-11 14:20:56.0;
18;1586.15;2019-04-11 14:20:59.0;
18;1586.2;2019-04-11 14:21:00.0;
18;1586.15;2019-04-11 14:21:02.0;
18;1586.3;2019-04-11 14:21:14.0;
18;1586.4;2019-04-11 14:21:20.0;
18;1586.35;2019-04-11 14:21:24.0;
18;1586.4;2019-04-11 14:21:35.0;
18;1586.5;2019-04-11 14:22:05.0;
18;1586.55;2019-04-11 14:22:15.0;
18;1586.5;2019-04-11 14:22:19.0;
18;1586.45;2019-04-11 14:22:23.0;
18;1586.5;2019-04-11 14:22:26.0;
18;1586.45;2019-04-11 14:22:27.0;
18;1586.5;2019-04-11 14:22:29.0;
18;1586.45;2019-04-11 14:22:35.0;
18;1586.5;2019-04-11 14:22:44.0;
18;1586.45;2019-04-11 14:22:46.0;
18;1586.4;2019-04-11 14:22:54.0;
18;1586.45;2019-04-11 14:22:55.0;
18;1586.4;2019-04-11 14:22:57.0;
18;1586.35;2019-04-11 14:23:00.0;
18;1586.5;2019-04-11 14:23:05.0;
18;1586.55;2019-04-11 14:23:07.0;
18;1586.5;2019-04-11 14:23:13.0;
18;1586.6;2019-04-11 14:23:22.0;
18;1586.55;2019-04-11 14:23:28.0;
18;1586.6;2019-04-11 14:23:39.0;
18;1586.7;2019-04-11 14:23:42.0;
18;1586.65;2019-04-11 14:23:48.0;
18;1586.7;2019-04-11 14:24:04.0;
18;1586.9;2019-04-11 14:24:11.0;
18;1586.85;2019-04-11 14:24:29.0;
18;1586.75;2019-04-11 14:24:33.0;
18;1586.65;2019-04-11 14:24:34.0;
18;1586.75;2019-04-11 14:24:36.0;
18;1586.65;2019-04-11 14:24:37.0;
18;1586.75;2019-04-11 14:24:39.0;
18;1586.65;2019-04-11 14:24:41.0;
18;1586.75;2019-04-11 14:24:43.0;
18;1586.7;2019-04-11 14:24:54.0;
18;1586.75;2019-04-11 14:24:57.0;
18;1586.7;2019-04-11 14:24:59.0;
18;1586.75;2019-04-11 14:25:01.0;
18;1586.7;2019-04-11 14:25:07.0;
18;1586.65;2019-04-11 14:25:11.0;
18;1586.7;2019-04-11 14:25:13.0;
18;1586.65;2019-04-11 14:25:14.0;
18;1586.8;2019-04-11 14:25:40.0;
18;1586.75;2019-04-11 14:25:44.0;
18;1586.95;2019-04-11 14:26:06.0;
18;1587;2019-04-11 14:26:13.0;
18;1587.1;2019-04-11 14:26:17.0;
18;1587.05;2019-04-11 14:26:35.0;
18;1587.1;2019-04-11 14:26:36.0;
18;1587.05;2019-04-11 14:26:37.0;
18;1586.9;2019-04-11 14:26:43.0;
18;1586.85;2019-04-11 14:26:47.0;
18;1586.8;2019-04-11 14:26:55.0;
18;1586.85;2019-04-11 14:27:04.0;
18;1586.8;2019-04-11 14:27:05.0;
18;1586.9;2019-04-11 14:27:07.0;
18;1586.75;2019-04-11 14:27:11.0;
18;1587;2019-04-11 14:27:15.0;
18;1586.95;2019-04-11 14:27:22.0;
18;1586.9;2019-04-11 14:27:46.0;
18;1586.95;2019-04-11 14:27:48.0;
18;1586.9;2019-04-11 14:27:49.0;
18;1586.95;2019-04-11 14:28:18.0;
18;1586.9;2019-04-11 14:28:22.0;
18;1586.85;2019-04-11 14:28:43.0;
18;1586.8;2019-04-11 14:29:00.0;
18;1586.85;2019-04-11 14:29:12.0;
18;1586.8;2019-04-11 14:29:15.0;
18;1586.75;2019-04-11 14:29:38.0;
18;1586.8;2019-04-11 14:29:39.0;
18;1586.75;2019-04-11 14:29:40.0;
18;1586.7;2019-04-11 14:30:08.0;
18;1586.65;2019-04-11 14:30:15.0;
18;1586.6;2019-04-11 14:30:18.0;
18;1586.65;2019-04-11 14:30:19.0;
18;1586.45;2019-04-11 14:30:22.0;
18;1586.4;2019-04-11 14:30:29.0;
18;1586.45;2019-04-11 14:30:37.0;
18;1586.55;2019-04-11 14:30:39.0;
18;1586.45;2019-04-11 14:30:42.0;
18;1586.55;2019-04-11 14:30:43.0;
18;1586.45;2019-04-11 14:30:45.0;
18;1586.4;2019-04-11 14:30:54.0;
18;1586.5;2019-04-11 14:30:59.0;
18;1586.45;2019-04-11 14:31:03.0;
18;1586.4;2019-04-11 14:31:06.0;
18;1586.45;2019-04-11 14:31:07.0;
18;1586.4;2019-04-11 14:31:09.0;
18;1586.15;2019-04-11 14:31:11.0;
18;1586.2;2019-04-11 14:31:15.0;
18;1586.3;2019-04-11 14:31:18.0;
18;1586.2;2019-04-11 14:31:19.0;
18;1586.3;2019-04-11 14:31:21.0;
18;1586.5;2019-04-11 14:31:22.0;
18;1586.55;2019-04-11 14:31:28.0;
18;1586.6;2019-04-11 14:31:30.0;
18;1586.55;2019-04-11 14:31:35.0;
18;1586.5;2019-04-11 14:31:41.0;
18;1586.75;2019-04-11 14:32:06.0;
18;1586.85;2019-04-11 14:32:08.0;
18;1586.95;2019-04-11 14:32:21.0;
18;1587.25;2019-04-11 14:32:28.0;
18;1587.35;2019-04-11 14:32:36.0;
18;1587.7;2019-04-11 14:32:40.0;
18;1587.65;2019-04-11 14:32:44.0;
18;1587.75;2019-04-11 14:33:05.0;
18;1587.7;2019-04-11 14:33:07.0;
18;1587.75;2019-04-11 14:33:09.0;
18;1587.7;2019-04-11 14:33:10.0;
18;1587.6;2019-04-11 14:33:28.0;
18;1587.55;2019-04-11 14:33:31.0;
18;1587.6;2019-04-11 14:33:32.0;
18;1587.55;2019-04-11 14:33:34.0;
18;1587.65;2019-04-11 14:33:38.0;
18;1587.6;2019-04-11 14:34:03.0;
18;1587.55;2019-04-11 14:34:09.0;
18;1587.6;2019-04-11 14:34:10.0;
18;1587.55;2019-04-11 14:34:11.0;
18;1587.65;2019-04-11 14:34:14.0;
18;1587.55;2019-04-11 14:34:17.0;
18;1587.6;2019-04-11 14:34:23.0;
18;1587.65;2019-04-11 14:34:28.0;
18;1587.6;2019-04-11 14:34:34.0;
18;1587.65;2019-04-11 14:34:39.0;
18;1587.6;2019-04-11 14:34:42.0;
18;1587.7;2019-04-11 14:34:43.0;
18;1587.65;2019-04-11 14:34:49.0;
18;1587.6;2019-04-11 14:34:52.0;
18;1587.65;2019-04-11 14:34:55.0;
18;1587.6;2019-04-11 14:34:59.0;
18;1587.65;2019-04-11 14:35:10.0;
18;1587.7;2019-04-11 14:35:15.0;
18;1587.75;2019-04-11 14:35:25.0;
18;1587.9;2019-04-11 14:35:29.0;
18;1587.7;2019-04-11 14:35:31.0;
18;1587.65;2019-04-11 14:35:36.0;
18;1587.5;2019-04-11 14:36:02.0;
18;1587.45;2019-04-11 14:36:08.0;
18;1587.4;2019-04-11 14:36:12.0;
18;1587.3;2019-04-11 14:36:15.0;
18;1587.35;2019-04-11 14:36:21.0;
18;1587.4;2019-04-11 14:36:22.0;
18;1587.35;2019-04-11 14:36:24.0;
18;1587.4;2019-04-11 14:36:25.0;
18;1587.35;2019-04-11 14:36:26.0;
18;1587.3;2019-04-11 14:36:32.0;
18;1587.4;2019-04-11 14:36:42.0;
18;1587.35;2019-04-11 14:36:52.0;
18;1587.3;2019-04-11 14:36:57.0;
18;1587.2;2019-04-11 14:36:58.0;
18;1587.3;2019-04-11 14:37:00.0;
18;1587.2;2019-04-11 14:37:01.0;
18;1587;2019-04-11 14:37:07.0;
18;1587.05;2019-04-11 14:37:13.0;
18;1587.2;2019-04-11 14:37:18.0;
18;1587.05;2019-04-11 14:37:19.0;
18;1587.2;2019-04-11 14:37:20.0;
18;1587.15;2019-04-11 14:37:27.0;
18;1587.2;2019-04-11 14:37:28.0;
18;1587.15;2019-04-11 14:37:30.0;
18;1587.3;2019-04-11 14:37:31.0;
18;1587.25;2019-04-11 14:37:37.0;
18;1587.2;2019-04-11 14:37:40.0;
18;1587.35;2019-04-11 14:37:44.0;
18;1587.3;2019-04-11 14:37:47.0;
18;1587.35;2019-04-11 14:37:48.0;
18;1587.3;2019-04-11 14:37:50.0;
18;1587.35;2019-04-11 14:38:05.0;
18;1587.3;2019-04-11 14:38:10.0;
18;1587.35;2019-04-11 14:38:17.0;
18;1587.3;2019-04-11 14:38:19.0;
18;1587.35;2019-04-11 14:38:23.0;
18;1587.4;2019-04-11 14:38:31.0;
18;1587.35;2019-04-11 14:38:35.0;
18;1587.3;2019-04-11 14:38:44.0;
18;1587.35;2019-04-11 14:39:02.0;
18;1587.3;2019-04-11 14:39:12.0;
18;1587.25;2019-04-11 14:39:20.0;
18;1587.3;2019-04-11 14:39:26.0;
18;1587.1;2019-04-11 14:39:32.0;
18;1587.15;2019-04-11 14:39:39.0;
18;1587.05;2019-04-11 14:39:45.0;
18;1587.1;2019-04-11 14:39:49.0;
18;1586.95;2019-04-11 14:40:04.0;
18;1586.9;2019-04-11 14:40:08.0;
18;1587;2019-04-11 14:40:17.0;
18;1586.95;2019-04-11 14:40:21.0;
18;1586.9;2019-04-11 14:40:24.0;
18;1586.7;2019-04-11 14:40:43.0;
18;1586.45;2019-04-11 14:40:50.0;
18;1586.6;2019-04-11 14:40:53.0;
18;1586.45;2019-04-11 14:40:54.0;
18;1586.6;2019-04-11 14:40:55.0;
18;1586.5;2019-04-11 14:40:58.0;
18;1586.65;2019-04-11 14:41:07.0;
18;1586.45;2019-04-11 14:41:11.0;
18;1586.4;2019-04-11 14:41:12.0;
18;1586.35;2019-04-11 14:41:15.0;
18;1586.45;2019-04-11 14:41:25.0;
18;1586.5;2019-04-11 14:41:34.0;
18;1586.4;2019-04-11 14:41:38.0;
18;1586.3;2019-04-11 14:41:48.0;
18;1586.45;2019-04-11 14:42:03.0;
18;1586.5;2019-04-11 14:42:16.0;
18;1586.45;2019-04-11 14:42:17.0;
18;1586.5;2019-04-11 14:42:20.0;
18;1586.45;2019-04-11 14:42:22.0;
18;1586.55;2019-04-11 14:42:24.0;
18;1586.45;2019-04-11 14:42:26.0;
18;1586.5;2019-04-11 14:42:27.0;
18;1586.3;2019-04-11 14:42:35.0;
18;1586.25;2019-04-11 14:42:40.0;
18;1586.15;2019-04-11 14:42:45.0;
18;1586.25;2019-04-11 14:42:52.0;
18;1586.4;2019-04-11 14:42:57.0;
18;1586.35;2019-04-11 14:42:59.0;
18;1586.25;2019-04-11 14:43:05.0;
18;1586.35;2019-04-11 14:43:11.0;
18;1586.25;2019-04-11 14:43:15.0;
18;1586.3;2019-04-11 14:43:19.0;
18;1586.35;2019-04-11 14:43:23.0;
18;1586.3;2019-04-11 14:43:36.0;
18;1586.45;2019-04-11 14:43:39.0;
18;1586.3;2019-04-11 14:43:40.0;
18;1586.45;2019-04-11 14:43:42.0;
18;1586.4;2019-04-11 14:44:04.0;
18;1586.45;2019-04-11 14:44:09.0;
18;1586.55;2019-04-11 14:44:20.0;
18;1586.5;2019-04-11 14:44:26.0;
18;1586.6;2019-04-11 14:44:35.0;
18;1586.55;2019-04-11 14:44:40.0;
18;1586.6;2019-04-11 14:44:42.0;
18;1586.5;2019-04-11 14:44:43.0;
18;1586.45;2019-04-11 14:44:49.0;
18;1586.5;2019-04-11 14:44:50.0;
18;1586.45;2019-04-11 14:44:52.0;
18;1586.5;2019-04-11 14:44:55.0;
18;1586.45;2019-04-11 14:44:56.0;
18;1586.5;2019-04-11 14:44:57.0;
18;1586.45;2019-04-11 14:45:00.0;
18;1586.5;2019-04-11 14:45:04.0;
18;1586.4;2019-04-11 14:45:07.0;
18;1586.35;2019-04-11 14:45:13.0;
18;1586.4;2019-04-11 14:45:15.0;
18;1586.3;2019-04-11 14:45:41.0;
18;1586.4;2019-04-11 14:45:42.0;
18;1586.3;2019-04-11 14:45:44.0;
18;1586.45;2019-04-11 14:46:05.0;
18;1586.5;2019-04-11 14:46:07.0;
18;1586.45;2019-04-11 14:46:08.0;
18;1586.5;2019-04-11 14:46:10.0;
18;1586.6;2019-04-11 14:46:13.0;
18;1586.55;2019-04-11 14:46:14.0;
18;1586.6;2019-04-11 14:46:15.0;
18;1586.55;2019-04-11 14:46:17.0;
18;1586.8;2019-04-11 14:46:19.0;
18;1587;2019-04-11 14:46:24.0;
18;1586.95;2019-04-11 14:46:27.0;
18;1586.85;2019-04-11 14:46:35.0;
18;1586.9;2019-04-11 14:46:41.0;
18;1586.85;2019-04-11 14:46:43.0;
18;1586.9;2019-04-11 14:46:46.0;
18;1586.85;2019-04-11 14:46:54.0;
18;1586.9;2019-04-11 14:46:56.0;
18;1586.85;2019-04-11 14:46:57.0;
18;1586.9;2019-04-11 14:47:03.0;
18;1587.1;2019-04-11 14:47:06.0;
18;1587.2;2019-04-11 14:47:12.0;
18;1587.1;2019-04-11 14:47:14.0;
18;1587.2;2019-04-11 14:47:15.0;
18;1587.35;2019-04-11 14:47:18.0;
18;1587.4;2019-04-11 14:47:22.0;
18;1587.45;2019-04-11 14:47:28.0;
18;1587.25;2019-04-11 14:47:31.0;
18;1587.1;2019-04-11 14:48:03.0;
18;1587.25;2019-04-11 14:48:07.0;
18;1587.05;2019-04-11 14:48:08.0;
18;1587;2019-04-11 14:48:12.0;
18;1587.1;2019-04-11 14:48:15.0;
18;1587.05;2019-04-11 14:48:19.0;
18;1587.1;2019-04-11 14:48:21.0;
18;1587.05;2019-04-11 14:48:22.0;
18;1587.1;2019-04-11 14:48:24.0;
18;1587.05;2019-04-11 14:48:30.0;
18;1587.2;2019-04-11 14:48:31.0;
18;1587.05;2019-04-11 14:48:33.0;
18;1587.2;2019-04-11 14:48:34.0;
18;1587.15;2019-04-11 14:48:37.0;
18;1587.2;2019-04-11 14:48:54.0;
18;1587.15;2019-04-11 14:48:56.0;
18;1587.2;2019-04-11 14:48:58.0;
18;1587.05;2019-04-11 14:48:59.0;
18;1587.15;2019-04-11 14:49:01.0;
18;1587.05;2019-04-11 14:49:02.0;
18;1587.2;2019-04-11 14:49:05.0;
18;1587.15;2019-04-11 14:49:10.0;
18;1587.05;2019-04-11 14:49:16.0;
18;1587;2019-04-11 14:49:19.0;
18;1587.05;2019-04-11 14:49:21.0;
18;1587;2019-04-11 14:49:22.0;
18;1587.1;2019-04-11 14:49:25.0;
18;1586.85;2019-04-11 14:49:28.0;
18;1587.1;2019-04-11 14:49:29.0;
18;1586.8;2019-04-11 14:49:30.0;
18;1586.85;2019-04-11 14:49:32.0;
18;1586.8;2019-04-11 14:49:34.0;
18;1586.75;2019-04-11 14:49:40.0;
18;1586.95;2019-04-11 14:49:50.0;
18;1587.1;2019-04-11 14:50:19.0;
18;1587.15;2019-04-11 14:50:23.0;
18;1587.2;2019-04-11 14:50:29.0;
18;1587.1;2019-04-11 14:50:30.0;
18;1587.15;2019-04-11 14:50:38.0;
18;1587;2019-04-11 14:51:08.0;
18;1587.15;2019-04-11 14:51:09.0;
18;1587;2019-04-11 14:51:10.0;
18;1587.1;2019-04-11 14:51:12.0;
18;1587.2;2019-04-11 14:51:18.0;
18;1587.15;2019-04-11 14:51:22.0;
18;1587.1;2019-04-11 14:51:28.0;
18;1587.05;2019-04-11 14:51:36.0;
18;1587;2019-04-11 14:51:48.0;
18;1587.15;2019-04-11 14:52:04.0;
18;1587.1;2019-04-11 14:52:10.0;
18;1587.05;2019-04-11 14:52:11.0;
18;1587.1;2019-04-11 14:52:13.0;
18;1587.05;2019-04-11 14:52:14.0;
18;1586.95;2019-04-11 14:52:24.0;
18;1586.9;2019-04-11 14:52:27.0;
18;1586.95;2019-04-11 14:52:28.0;
18;1586.9;2019-04-11 14:52:30.0;
18;1586.95;2019-04-11 14:52:33.0;
18;1586.8;2019-04-11 14:52:39.0;
18;1586.7;2019-04-11 14:52:43.0;
18;1586.8;2019-04-11 14:52:59.0;
18;1586.7;2019-04-11 14:53:09.0;
18;1586.55;2019-04-11 14:53:10.0;
18;1586.6;2019-04-11 14:53:23.0;
18;1586.55;2019-04-11 14:53:28.0;
18;1586.65;2019-04-11 14:53:32.0;
18;1586.6;2019-04-11 14:53:36.0;
18;1586.75;2019-04-11 14:53:39.0;
18;1586.85;2019-04-11 14:53:48.0;
18;1586.8;2019-04-11 14:54:04.0;
18;1586.75;2019-04-11 14:54:07.0;
18;1586.8;2019-04-11 14:54:09.0;
18;1586.75;2019-04-11 14:54:10.0;
18;1586.85;2019-04-11 14:54:11.0;
18;1586.8;2019-04-11 14:54:26.0;
18;1586.9;2019-04-11 14:54:28.0;
18;1586.95;2019-04-11 14:54:34.0;
18;1586.9;2019-04-11 14:54:38.0;
18;1586.95;2019-04-11 14:54:44.0;
18;1586.85;2019-04-11 14:54:51.0;
18;1586.95;2019-04-11 14:55:18.0;
18;1586.9;2019-04-11 14:55:25.0;
18;1586.95;2019-04-11 14:55:26.0;
18;1586.9;2019-04-11 14:55:29.0;
18;1586.8;2019-04-11 14:55:46.0;
18;1586.7;2019-04-11 14:56:05.0;
18;1586.8;2019-04-11 14:56:06.0;
18;1586.7;2019-04-11 14:56:07.0;
18;1586.65;2019-04-11 14:56:10.0;
18;1586.55;2019-04-11 14:56:17.0;
18;1586.65;2019-04-11 14:56:24.0;
18;1586.7;2019-04-11 14:56:56.0;
18;1586.65;2019-04-11 14:57:02.0;
18;1586.55;2019-04-11 14:57:08.0;
18;1586.5;2019-04-11 14:57:11.0;
18;1586.55;2019-04-11 14:57:13.0;
18;1586.5;2019-04-11 14:57:14.0;
18;1586.4;2019-04-11 14:57:16.0;
18;1586.3;2019-04-11 14:57:20.0;
18;1586.4;2019-04-11 14:57:21.0;
18;1586.3;2019-04-11 14:57:24.0;
18;1586.4;2019-04-11 14:57:26.0;
18;1586.35;2019-04-11 14:57:32.0;
18;1586.4;2019-04-11 14:57:34.0;
18;1586.35;2019-04-11 14:57:35.0;
18;1586.3;2019-04-11 14:57:36.0;
18;1586.35;2019-04-11 14:57:41.0;
18;1586.3;2019-04-11 14:57:42.0;
18;1586.35;2019-04-11 14:57:43.0;
18;1586.3;2019-04-11 14:57:45.0;
18;1586.5;2019-04-11 14:57:49.0;
18;1586.55;2019-04-11 14:58:05.0;
18;1586.45;2019-04-11 14:58:12.0;
18;1586.35;2019-04-11 14:58:23.0;
18;1586.4;2019-04-11 14:58:29.0;
18;1586.45;2019-04-11 14:58:39.0;
18;1586.4;2019-04-11 14:58:42.0;
18;1586.45;2019-04-11 14:58:43.0;
18;1586.5;2019-04-11 14:58:50.0;
18;1586.45;2019-04-11 14:58:54.0;
18;1586.4;2019-04-11 14:59:07.0;
18;1586.35;2019-04-11 14:59:11.0;
18;1586.3;2019-04-11 14:59:16.0;
18;1586.45;2019-04-11 14:59:30.0;
18;1586.4;2019-04-11 14:59:31.0;
18;1586.45;2019-04-11 14:59:32.0;
18;1586.4;2019-04-11 14:59:34.0;
18;1586.35;2019-04-11 15:00:03.0;
18;1586.3;2019-04-11 15:00:09.0;
18;1586.35;2019-04-11 15:00:16.0;
18;1586.45;2019-04-11 15:00:32.0;
18;1586.7;2019-04-11 15:00:36.0;
18;1586.8;2019-04-11 15:00:42.0;
18;1586.75;2019-04-11 15:00:45.0;
18;1586.7;2019-04-11 15:00:47.0;
18;1586.65;2019-04-11 15:00:54.0;
18;1586.55;2019-04-11 15:01:06.0;
18;1586.8;2019-04-11 15:02:02.0;
18;1586.65;2019-04-11 15:02:08.0;
18;1586.8;2019-04-11 15:02:11.0;
18;1586.85;2019-04-11 15:02:16.0;
18;1586.95;2019-04-11 15:02:23.0;
18;1586.85;2019-04-11 15:02:24.0;
18;1586.95;2019-04-11 15:02:26.0;
18;1587;2019-04-11 15:02:27.0;
18;1586.95;2019-04-11 15:02:35.0;
18;1587.05;2019-04-11 15:02:37.0;
18;1587.15;2019-04-11 15:02:42.0;
18;1587.2;2019-04-11 15:03:25.0;
18;1587.25;2019-04-11 15:03:31.0;
18;1587.3;2019-04-11 15:03:44.0;
18;1587.25;2019-04-11 15:03:48.0;
18;1587.4;2019-04-11 15:04:11.0;
18;1587.45;2019-04-11 15:04:17.0;
18;1587.5;2019-04-11 15:04:32.0;
18;1587.45;2019-04-11 15:04:35.0;
18;1587.5;2019-04-11 15:04:36.0;
18;1587.45;2019-04-11 15:04:38.0;
18;1587.4;2019-04-11 15:04:59.0;
18;1587.45;2019-04-11 15:05:01.0;
18;1587.4;2019-04-11 15:05:02.0;
18;1587.45;2019-04-11 15:05:04.0;
18;1587.4;2019-04-11 15:05:10.0;
18;1587.35;2019-04-11 15:05:11.0;
18;1587.4;2019-04-11 15:05:16.0;
18;1587.35;2019-04-11 15:05:23.0;
18;1587.4;2019-04-11 15:05:31.0;
18;1587.5;2019-04-11 15:05:37.0;
18;1587.45;2019-04-11 15:05:42.0;
18;1587.35;2019-04-11 15:05:47.0;
18;1587.7;2019-04-11 15:06:04.0;
18;1587.75;2019-04-11 15:06:08.0;
18;1587.7;2019-04-11 15:06:11.0;
18;1587.75;2019-04-11 15:06:13.0;
18;1587.7;2019-04-11 15:06:14.0;
18;1587.75;2019-04-11 15:06:20.0;
18;1587.7;2019-04-11 15:06:25.0;
18;1587.65;2019-04-11 15:06:30.0;
18;1587.6;2019-04-11 15:06:37.0;
18;1587.7;2019-04-11 15:06:39.0;
18;1587.55;2019-04-11 15:06:45.0;
18;1587.65;2019-04-11 15:06:47.0;
18;1587.55;2019-04-11 15:06:52.0;
18;1587.65;2019-04-11 15:06:56.0;
18;1587.55;2019-04-11 15:06:57.0;
18;1587.6;2019-04-11 15:06:59.0;
18;1587.7;2019-04-11 15:07:11.0;
18;1587.65;2019-04-11 15:07:15.0;
18;1587.7;2019-04-11 15:07:21.0;
18;1587.8;2019-04-11 15:07:25.0;
18;1587.85;2019-04-11 15:07:27.0;
18;1587.75;2019-04-11 15:07:35.0;
18;1587.8;2019-04-11 15:08:05.0;
18;1587.75;2019-04-11 15:08:10.0;
18;1587.85;2019-04-11 15:08:18.0;
18;1587.8;2019-04-11 15:08:19.0;
18;1587.85;2019-04-11 15:08:25.0;
18;1587.8;2019-04-11 15:08:38.0;
18;1587.85;2019-04-11 15:08:39.0;
18;1587.8;2019-04-11 15:08:42.0;
18;1587.85;2019-04-11 15:08:57.0;
18;1587.8;2019-04-11 15:09:05.0;
18;1587.85;2019-04-11 15:09:06.0;
18;1587.8;2019-04-11 15:09:08.0;
18;1587.75;2019-04-11 15:09:09.0;
18;1587.85;2019-04-11 15:09:12.0;
18;1587.75;2019-04-11 15:09:13.0;
18;1587.8;2019-04-11 15:09:14.0;
18;1587.75;2019-04-11 15:09:19.0;
18;1587.8;2019-04-11 15:09:21.0;
18;1587.75;2019-04-11 15:09:22.0;
18;1587.7;2019-04-11 15:09:31.0;
18;1587.65;2019-04-11 15:09:37.0;
18;1587.6;2019-04-11 15:09:47.0;
18;1587.55;2019-04-11 15:10:06.0;
18;1587.6;2019-04-11 15:10:19.0;
18;1587.45;2019-04-11 15:10:20.0;
18;1587.4;2019-04-11 15:10:24.0;
18;1587.45;2019-04-11 15:10:25.0;
18;1587.4;2019-04-11 15:10:34.0;
18;1587.6;2019-04-11 15:10:35.0;
18;1587.4;2019-04-11 15:10:37.0;
18;1587.6;2019-04-11 15:10:38.0;
18;1587.55;2019-04-11 15:10:40.0;
18;1587.65;2019-04-11 15:10:44.0;
18;1587.6;2019-04-11 15:10:48.0;
18;1587.65;2019-04-11 15:10:50.0;
18;1587.6;2019-04-11 15:10:52.0;
18;1587.55;2019-04-11 15:10:54.0;
18;1587.6;2019-04-11 15:10:55.0;
18;1587.55;2019-04-11 15:10:57.0;
18;1587.6;2019-04-11 15:11:00.0;
18;1587.55;2019-04-11 15:11:05.0;
18;1587.6;2019-04-11 15:11:08.0;
18;1587.65;2019-04-11 15:11:20.0;
18;1587.55;2019-04-11 15:11:24.0;
18;1587.5;2019-04-11 15:11:36.0;
18;1587.45;2019-04-11 15:11:40.0;
18;1587.5;2019-04-11 15:11:41.0;
18;1587.45;2019-04-11 15:11:44.0;
18;1587.5;2019-04-11 15:11:46.0;
18;1587.55;2019-04-11 15:11:51.0;
18;1587.6;2019-04-11 15:12:14.0;
18;1587.7;2019-04-11 15:12:21.0;
18;1587.65;2019-04-11 15:12:24.0;
18;1587.6;2019-04-11 15:12:49.0;
18;1587.55;2019-04-11 15:12:54.0;
18;1587.7;2019-04-11 15:12:58.0;
18;1587.55;2019-04-11 15:12:59.0;
18;1587.7;2019-04-11 15:13:00.0;
18;1587.65;2019-04-11 15:13:04.0;
18;1587.6;2019-04-11 15:13:05.0;
18;1587.65;2019-04-11 15:13:07.0;
18;1587.6;2019-04-11 15:13:08.0;
18;1587.5;2019-04-11 15:13:12.0;
18;1587.55;2019-04-11 15:13:15.0;
18;1587.7;2019-04-11 15:13:27.0;
18;1587.55;2019-04-11 15:13:29.0;
18;1587.65;2019-04-11 15:13:31.0;
18;1587.7;2019-04-11 15:13:43.0;
18;1587.55;2019-04-11 15:13:46.0;
18;1587.7;2019-04-11 15:13:47.0;
18;1587.55;2019-04-11 15:13:49.0;
18;1587.45;2019-04-11 15:14:05.0;
18;1587.4;2019-04-11 15:14:19.0;
18;1587.35;2019-04-11 15:14:31.0;
18;1587.4;2019-04-11 15:14:35.0;
18;1587.35;2019-04-11 15:14:42.0;
18;1587.25;2019-04-11 15:14:43.0;
18;1587.35;2019-04-11 15:14:45.0;
18;1587.25;2019-04-11 15:14:46.0;
18;1587.15;2019-04-11 15:14:49.0;
18;1587.05;2019-04-11 15:15:02.0;
18;1586.75;2019-04-11 15:15:03.0;
18;1587.05;2019-04-11 15:15:05.0;
18;1586.75;2019-04-11 15:15:06.0;
18;1587;2019-04-11 15:15:13.0;
18;1587.05;2019-04-11 15:15:18.0;
18;1586.95;2019-04-11 15:15:19.0;
18;1587.05;2019-04-11 15:15:22.0;
18;1587.1;2019-04-11 15:15:23.0;
18;1587.05;2019-04-11 15:15:28.0;
18;1587.2;2019-04-11 15:15:35.0;
18;1587.25;2019-04-11 15:15:39.0;
18;1587.2;2019-04-11 15:15:48.0;
18;1587.15;2019-04-11 15:16:03.0;
18;1587.2;2019-04-11 15:16:08.0;
18;1587.15;2019-04-11 15:16:11.0;
18;1587.05;2019-04-11 15:16:52.0;
18;1587.15;2019-04-11 15:17:08.0;
18;1587.2;2019-04-11 15:17:14.0;
18;1587.15;2019-04-11 15:17:15.0;
18;1587.2;2019-04-11 15:17:16.0;
18;1587.15;2019-04-11 15:17:18.0;
18;1587.05;2019-04-11 15:17:25.0;
18;1587.15;2019-04-11 15:17:31.0;
18;1587.05;2019-04-11 15:17:36.0;
18;1587.15;2019-04-11 15:18:16.0;
18;1587.05;2019-04-11 15:18:18.0;
18;1587.15;2019-04-11 15:18:20.0;
18;1587.35;2019-04-11 15:18:23.0;
18;1587.15;2019-04-11 15:18:24.0;
18;1587.35;2019-04-11 15:18:25.0;
18;1587.3;2019-04-11 15:18:29.0;
18;1587.2;2019-04-11 15:18:33.0;
18;1587.3;2019-04-11 15:18:34.0;
18;1587.2;2019-04-11 15:18:36.0;
18;1587.3;2019-04-11 15:18:37.0;
18;1587.25;2019-04-11 15:18:40.0;
18;1587.2;2019-04-11 15:19:00.0;
18;1587.15;2019-04-11 15:19:13.0;
18;1587.25;2019-04-11 15:19:15.0;
18;1587.15;2019-04-11 15:19:16.0;
18;1587.25;2019-04-11 15:19:17.0;
18;1587.15;2019-04-11 15:19:19.0;
18;1587.25;2019-04-11 15:19:23.0;
18;1587.35;2019-04-11 15:19:39.0;
18;1587.3;2019-04-11 15:19:50.0;
18;1587.35;2019-04-11 15:20:05.0;
18;1587.45;2019-04-11 15:20:15.0;
18;1587.7;2019-04-11 15:20:19.0;
18;1587.5;2019-04-11 15:20:26.0;
18;1587.55;2019-04-11 15:20:28.0;
18;1587.6;2019-04-11 15:20:45.0;
18;1587.55;2019-04-11 15:20:46.0;
18;1587.6;2019-04-11 15:20:47.0;
18;1587.65;2019-04-11 15:20:49.0;
18;1587.55;2019-04-11 15:20:52.0;
18;1587.65;2019-04-11 15:21:12.0;
18;1587.7;2019-04-11 15:21:23.0;
18;1587.75;2019-04-11 15:21:28.0;
18;1587.8;2019-04-11 15:21:37.0;
18;1587.75;2019-04-11 15:21:42.0;
18;1588;2019-04-11 15:22:03.0;
18;1588.05;2019-04-11 15:22:09.0;
18;1587.9;2019-04-11 15:22:11.0;
18;1588.05;2019-04-11 15:22:12.0;
18;1587.9;2019-04-11 15:22:14.0;
18;1587.75;2019-04-11 15:22:15.0;
18;1587.8;2019-04-11 15:22:18.0;
18;1587.75;2019-04-11 15:22:26.0;
18;1587.8;2019-04-11 15:22:50.0;
18;1587.65;2019-04-11 15:23:29.0;
18;1587.55;2019-04-11 15:23:35.0;
18;1587.7;2019-04-11 15:24:23.0;
18;1587.65;2019-04-11 15:24:31.0;
18;1587.45;2019-04-11 15:24:52.0;
18;1587.65;2019-04-11 15:24:53.0;
18;1587.45;2019-04-11 15:24:55.0;
18;1587.4;2019-04-11 15:25:04.0;
18;1587.35;2019-04-11 15:25:08.0;
18;1587.4;2019-04-11 15:25:16.0;
18;1587.35;2019-04-11 15:25:17.0;
18;1587.4;2019-04-11 15:25:19.0;
18;1587.7;2019-04-11 15:25:23.0;
18;1587.8;2019-04-11 15:25:29.0;
18;1587.75;2019-04-11 15:25:31.0;
18;1587.85;2019-04-11 15:25:35.0;
18;1588;2019-04-11 15:25:48.0;
18;1587.75;2019-04-11 15:26:07.0;
18;1587.8;2019-04-11 15:26:14.0;
18;1587.75;2019-04-11 15:26:19.0;
18;1587.65;2019-04-11 15:26:38.0;
18;1587.55;2019-04-11 15:26:51.0;
18;1587.65;2019-04-11 15:26:54.0;
18;1587.6;2019-04-11 15:27:11.0;
18;1587.45;2019-04-11 15:27:16.0;
18;1587.55;2019-04-11 15:27:26.0;
18;1587.45;2019-04-11 15:27:28.0;
18;1587.55;2019-04-11 15:27:29.0;
18;1587.65;2019-04-11 15:27:44.0;
18;1587.2;2019-04-11 15:28:05.0;
18;1587.35;2019-04-11 15:28:09.0;
18;1587.15;2019-04-11 15:28:11.0;
18;1587.2;2019-04-11 15:28:37.0;
18;1587.4;2019-04-11 15:28:40.0;
18;1587.35;2019-04-11 15:28:43.0;
18;1587.4;2019-04-11 15:28:44.0;
18;1587.35;2019-04-11 15:28:45.0;
18;1587.45;2019-04-11 15:28:55.0;
18;1587.4;2019-04-11 15:29:01.0;
18;1587.55;2019-04-11 15:29:03.0;
18;1587.4;2019-04-11 15:29:04.0;
18;1587.55;2019-04-11 15:29:06.0;
18;1588;2019-04-11 15:29:12.0;
18;1588.1;2019-04-11 15:29:18.0;
18;1588;2019-04-11 15:29:19.0;
18;1588.1;2019-04-11 15:29:20.0;
18;1587.8;2019-04-11 15:29:22.0;
18;1587.65;2019-04-11 15:29:26.0;
18;1587.7;2019-04-11 15:29:27.0;
18;1587.8;2019-04-11 15:29:35.0;
18;1587.55;2019-04-11 15:29:37.0;
18;1587.5;2019-04-11 15:29:41.0;
18;1587.6;2019-04-11 15:29:42.0;
18;1587.5;2019-04-11 15:29:44.0;
18;1587.6;2019-04-11 15:29:45.0;
18;1587.85;2019-04-11 15:30:04.0;
18;1588.15;2019-04-11 15:30:11.0;
18;1586.9;2019-04-11 15:30:17.0;
18;1586.7;2019-04-11 15:30:19.0;
18;1586.65;2019-04-11 15:30:23.0;
18;1586.35;2019-04-11 15:30:26.0;
18;1586.4;2019-04-11 15:30:32.0;
18;1586.45;2019-04-11 15:30:35.0;
18;1586.4;2019-04-11 15:30:36.0;
18;1586.45;2019-04-11 15:30:38.0;
18;1586;2019-04-11 15:30:39.0;
18;1585.85;2019-04-11 15:30:42.0;
18;1585.55;2019-04-11 15:30:49.0;
18;1585.8;2019-04-11 15:30:51.0;
18;1585.55;2019-04-11 15:30:54.0;
18;1585.45;2019-04-11 15:30:55.0;
18;1585.65;2019-04-11 15:31:00.0;
18;1585.4;2019-04-11 15:31:04.0;
18;1585.7;2019-04-11 15:31:13.0;
18;1585.65;2019-04-11 15:31:17.0;
18;1585.3;2019-04-11 15:31:24.0;
18;1585.45;2019-04-11 15:31:25.0;
18;1585.3;2019-04-11 15:31:27.0;
18;1585.45;2019-04-11 15:31:29.0;
18;1585.2;2019-04-11 15:31:30.0;
18;1585.45;2019-04-11 15:31:31.0;
18;1585.2;2019-04-11 15:31:33.0;
18;1585.25;2019-04-11 15:31:36.0;
18;1584.8;2019-04-11 15:31:42.0;
18;1584.85;2019-04-11 15:31:43.0;
18;1584.65;2019-04-11 15:31:47.0;
18;1585;2019-04-11 15:32:05.0;
18;1585.55;2019-04-11 15:32:06.0;
18;1585.6;2019-04-11 15:32:11.0;
18;1585.15;2019-04-11 15:32:15.0;
18;1585.05;2019-04-11 15:32:19.0;
18;1585.15;2019-04-11 15:32:25.0;
18;1585.2;2019-04-11 15:32:26.0;
18;1585;2019-04-11 15:32:30.0;
18;1585.2;2019-04-11 15:32:32.0;
18;1585;2019-04-11 15:32:33.0;
18;1584.65;2019-04-11 15:32:35.0;
18;1584.7;2019-04-11 15:32:40.0;
18;1585.15;2019-04-11 15:32:42.0;
18;1585.3;2019-04-11 15:32:47.0;
18;1584.9;2019-04-11 15:32:53.0;
18;1584.7;2019-04-11 15:33:02.0;
18;1584.85;2019-04-11 15:33:06.0;
18;1584.55;2019-04-11 15:33:12.0;
18;1584.8;2019-04-11 15:33:14.0;
18;1584.05;2019-04-11 15:33:21.0;
18;1584;2019-04-11 15:33:22.0;
18;1584.65;2019-04-11 15:33:29.0;
18;1584.6;2019-04-11 15:33:31.0;
18;1584.55;2019-04-11 15:33:36.0;
18;1584.65;2019-04-11 15:33:41.0;
18;1584.6;2019-04-11 15:33:43.0;
18;1584.65;2019-04-11 15:33:45.0;
18;1584.35;2019-04-11 15:33:47.0;
18;1584.3;2019-04-11 15:34:03.0;
18;1584.45;2019-04-11 15:34:09.0;
18;1584.65;2019-04-11 15:34:14.0;
18;1584.15;2019-04-11 15:34:15.0;
18;1584.65;2019-04-11 15:34:17.0;
18;1584.15;2019-04-11 15:34:19.0;
18;1584.1;2019-04-11 15:34:20.0;
18;1584.15;2019-04-11 15:34:22.0;
18;1583.8;2019-04-11 15:34:23.0;
18;1583.85;2019-04-11 15:34:31.0;
18;1583.65;2019-04-11 15:34:35.0;
18;1583.8;2019-04-11 15:34:41.0;
18;1583.4;2019-04-11 15:34:46.0;
18;1583.7;2019-04-11 15:34:54.0;
18;1583.9;2019-04-11 15:34:56.0;
18;1584.05;2019-04-11 15:35:00.0;
18;1584.1;2019-04-11 15:35:03.0;
18;1584.05;2019-04-11 15:35:05.0;
18;1584.1;2019-04-11 15:35:06.0;
18;1584.5;2019-04-11 15:35:09.0;
18;1583.7;2019-04-11 15:35:15.0;
18;1583.65;2019-04-11 15:35:24.0;
18;1583.75;2019-04-11 15:35:27.0;
18;1583.65;2019-04-11 15:35:33.0;
18;1583.25;2019-04-11 15:35:39.0;
18;1583.05;2019-04-11 15:35:41.0;
18;1583.25;2019-04-11 15:35:43.0;
18;1582.8;2019-04-11 15:35:44.0;
18;1582.85;2019-04-11 15:35:50.0;
18;1582.35;2019-04-11 15:36:05.0;
18;1581.5;2019-04-11 15:36:08.0;
18;1582.35;2019-04-11 15:36:10.0;
18;1581.85;2019-04-11 15:36:11.0;
18;1581.8;2019-04-11 15:36:17.0;
18;1581.95;2019-04-11 15:36:20.0;
18;1582.35;2019-04-11 15:36:24.0;
18;1582.45;2019-04-11 15:36:27.0;
18;1582.35;2019-04-11 15:36:34.0;
18;1582.1;2019-04-11 15:36:35.0;
18;1582.35;2019-04-11 15:36:37.0;
18;1582.3;2019-04-11 15:36:40.0;
18;1581.85;2019-04-11 15:36:44.0;
18;1581.9;2019-04-11 15:36:48.0;
18;1582.7;2019-04-11 15:36:55.0;
18;1582.6;2019-04-11 15:37:00.0;
18;1582.95;2019-04-11 15:37:02.0;
18;1583.2;2019-04-11 15:37:11.0;
18;1583.25;2019-04-11 15:37:15.0;
18;1583.35;2019-04-11 15:37:21.0;
18;1583.7;2019-04-11 15:37:23.0;
18;1583.1;2019-04-11 15:37:31.0;
18;1583.05;2019-04-11 15:37:35.0;
18;1583.5;2019-04-11 15:37:40.0;
18;1583.4;2019-04-11 15:37:45.0;
18;1583.75;2019-04-11 15:37:48.0;
18;1583.7;2019-04-11 15:38:12.0;
18;1583.95;2019-04-11 15:38:18.0;
18;1584.15;2019-04-11 15:38:20.0;
18;1584.05;2019-04-11 15:38:25.0;
18;1584.2;2019-04-11 15:38:28.0;
18;1584.05;2019-04-11 15:38:36.0;
18;1583.85;2019-04-11 15:38:42.0;
18;1584;2019-04-11 15:38:44.0;
18;1583.85;2019-04-11 15:38:46.0;
18;1584.25;2019-04-11 15:38:47.0;
18;1583.7;2019-04-11 15:38:54.0;
18;1583.65;2019-04-11 15:38:56.0;
18;1583.7;2019-04-11 15:38:57.0;
18;1583.9;2019-04-11 15:39:05.0;
18;1583.6;2019-04-11 15:39:10.0;
18;1583.45;2019-04-11 15:39:17.0;
18;1583.15;2019-04-11 15:39:19.0;
18;1583.1;2019-04-11 15:39:24.0;
18;1583.05;2019-04-11 15:39:31.0;
18;1583.1;2019-04-11 15:39:37.0;
18;1583.35;2019-04-11 15:39:42.0;
18;1583.1;2019-04-11 15:39:46.0;
18;1583.15;2019-04-11 15:39:47.0;
18;1583.1;2019-04-11 15:39:48.0;
18;1583.15;2019-04-11 15:39:50.0;
18;1583.35;2019-04-11 15:40:04.0;
18;1583.1;2019-04-11 15:40:07.0;
18;1583.35;2019-04-11 15:40:15.0;
18;1583.2;2019-04-11 15:40:22.0;
18;1582.9;2019-04-11 15:40:25.0;
18;1583.2;2019-04-11 15:40:27.0;
18;1583.3;2019-04-11 15:40:28.0;
18;1582.95;2019-04-11 15:40:31.0;
18;1583.15;2019-04-11 15:40:36.0;
18;1583.3;2019-04-11 15:40:40.0;
18;1583.45;2019-04-11 15:40:45.0;
18;1583.75;2019-04-11 15:40:49.0;
18;1583.45;2019-04-11 15:40:51.0;
18;1583.75;2019-04-11 15:40:53.0;
18;1584.1;2019-04-11 15:41:03.0;
18;1584.2;2019-04-11 15:41:08.0;
18;1584.25;2019-04-11 15:41:11.0;
18;1584.45;2019-04-11 15:41:18.0;
18;1584.8;2019-04-11 15:41:24.0;
18;1584.65;2019-04-11 15:41:26.0;
18;1584.55;2019-04-11 15:41:28.0;
18;1584.65;2019-04-11 15:41:30.0;
18;1584.85;2019-04-11 15:41:31.0;
18;1585.1;2019-04-11 15:41:36.0;
18;1584.85;2019-04-11 15:41:37.0;
18;1585.1;2019-04-11 15:41:39.0;
18;1584.75;2019-04-11 15:41:45.0;
18;1584.9;2019-04-11 15:41:48.0;
18;1584.8;2019-04-11 15:42:05.0;
18;1584.6;2019-04-11 15:42:08.0;
18;1584.45;2019-04-11 15:42:10.0;
18;1584.6;2019-04-11 15:42:12.0;
18;1584.45;2019-04-11 15:42:13.0;
18;1584.55;2019-04-11 15:42:18.0;
18;1584.45;2019-04-11 15:42:19.0;
18;1584.55;2019-04-11 15:42:21.0;
18;1584.65;2019-04-11 15:42:23.0;
18;1584.7;2019-04-11 15:42:27.0;
18;1584.4;2019-04-11 15:42:32.0;
18;1584.65;2019-04-11 15:42:36.0;
18;1584.5;2019-04-11 15:42:41.0;
18;1584.45;2019-04-11 15:42:44.0;
18;1584.85;2019-04-11 15:42:48.0;
18;1585.15;2019-04-11 15:42:52.0;
18;1584.85;2019-04-11 15:42:53.0;
18;1585.15;2019-04-11 15:42:55.0;
18;1585.3;2019-04-11 15:42:57.0;
18;1585.4;2019-04-11 15:42:59.0;
18;1585.3;2019-04-11 15:43:01.0;
18;1585.4;2019-04-11 15:43:02.0;
18;1585.55;2019-04-11 15:43:04.0;
18;1585.6;2019-04-11 15:43:17.0;
18;1586.1;2019-04-11 15:43:20.0;
18;1585.85;2019-04-11 15:43:23.0;
18;1585.9;2019-04-11 15:43:29.0;
18;1585.8;2019-04-11 15:43:31.0;
18;1585.9;2019-04-11 15:43:38.0;
18;1586.05;2019-04-11 15:43:44.0;
18;1586.25;2019-04-11 15:43:50.0;
18;1586.65;2019-04-11 15:44:07.0;
18;1586.35;2019-04-11 15:44:13.0;
18;1586.65;2019-04-11 15:44:17.0;
18;1586.55;2019-04-11 15:44:19.0;
18;1586.65;2019-04-11 15:44:24.0;
18;1586.75;2019-04-11 15:44:29.0;
18;1586.45;2019-04-11 15:44:31.0;
18;1586.2;2019-04-11 15:44:36.0;
18;1586.25;2019-04-11 15:44:46.0;
18;1586.3;2019-04-11 15:44:47.0;
18;1586.25;2019-04-11 15:44:50.0;
18;1586.45;2019-04-11 15:44:52.0;
18;1586.5;2019-04-11 15:44:56.0;
18;1586.45;2019-04-11 15:44:58.0;
18;1586.3;2019-04-11 15:44:59.0;
18;1586.75;2019-04-11 15:45:07.0;
18;1586.3;2019-04-11 15:45:08.0;
18;1586.75;2019-04-11 15:45:10.0;
18;1586.7;2019-04-11 15:45:12.0;
18;1586.55;2019-04-11 15:45:18.0;
18;1586.65;2019-04-11 15:45:23.0;
18;1586.2;2019-04-11 15:45:25.0;
18;1586.4;2019-04-11 15:45:29.0;
18;1586.55;2019-04-11 15:45:31.0;
18;1586.4;2019-04-11 15:45:34.0;
18;1586.55;2019-04-11 15:45:36.0;
18;1586.65;2019-04-11 15:45:39.0;
18;1586.9;2019-04-11 15:45:48.0;
18;1587.2;2019-04-11 15:46:03.0;
18;1586.9;2019-04-11 15:46:04.0;
18;1587.2;2019-04-11 15:46:06.0;
18;1587.55;2019-04-11 15:46:07.0;
18;1587.65;2019-04-11 15:46:13.0;
18;1587.35;2019-04-11 15:46:16.0;
18;1587.7;2019-04-11 15:46:19.0;
18;1587.75;2019-04-11 15:46:23.0;
18;1587.7;2019-04-11 15:46:30.0;
18;1587.75;2019-04-11 15:46:37.0;
18;1587.7;2019-04-11 15:46:39.0;
18;1587.55;2019-04-11 15:46:40.0;
18;1587.2;2019-04-11 15:46:47.0;
18;1587.6;2019-04-11 15:46:52.0;
18;1587.55;2019-04-11 15:46:57.0;
18;1587.8;2019-04-11 15:47:00.0;
18;1588;2019-04-11 15:47:03.0;
18;1587.65;2019-04-11 15:47:07.0;
18;1587.9;2019-04-11 15:47:15.0;
18;1587.75;2019-04-11 15:47:19.0;
18;1587.6;2019-04-11 15:47:24.0;
18;1587.95;2019-04-11 15:47:29.0;
18;1587.8;2019-04-11 15:47:30.0;
18;1587.55;2019-04-11 15:47:35.0;
18;1587.35;2019-04-11 15:47:43.0;
18;1587.3;2019-04-11 15:47:48.0;
18;1587.75;2019-04-11 15:48:04.0;
18;1588.1;2019-04-11 15:48:08.0;
18;1588.05;2019-04-11 15:48:19.0;
18;1588.1;2019-04-11 15:48:24.0;
18;1588.5;2019-04-11 15:48:29.0;
18;1588.65;2019-04-11 15:48:35.0;
18;1588.35;2019-04-11 15:48:40.0;
18;1588.65;2019-04-11 15:48:41.0;
18;1588.35;2019-04-11 15:48:43.0;
18;1588.15;2019-04-11 15:48:45.0;
18;1587.9;2019-04-11 15:48:48.0;
18;1587.95;2019-04-11 15:48:53.0;
18;1588.6;2019-04-11 15:49:06.0;
18;1588.35;2019-04-11 15:49:07.0;
18;1588.05;2019-04-11 15:49:09.0;
18;1588.2;2019-04-11 15:49:15.0;
18;1588.05;2019-04-11 15:49:20.0;
18;1588;2019-04-11 15:49:23.0;
18;1588.1;2019-04-11 15:49:27.0;
18;1587.95;2019-04-11 15:49:31.0;
18;1588.05;2019-04-11 15:49:36.0;
18;1587.75;2019-04-11 15:49:43.0;
18;1587.4;2019-04-11 15:49:48.0;
18;1587.3;2019-04-11 15:50:05.0;
18;1586.75;2019-04-11 15:50:07.0;
18;1587.3;2019-04-11 15:50:10.0;
18;1587.1;2019-04-11 15:50:12.0;
18;1587.4;2019-04-11 15:50:21.0;
18;1587.3;2019-04-11 15:50:23.0;
18;1587.7;2019-04-11 15:50:31.0;
18;1587.6;2019-04-11 15:50:33.0;
18;1587.65;2019-04-11 15:50:36.0;
18;1588;2019-04-11 15:50:42.0;
18;1588.15;2019-04-11 15:50:45.0;
18;1588;2019-04-11 15:50:47.0;
18;1588.15;2019-04-11 15:50:48.0;
18;1588;2019-04-11 15:50:50.0;
18;1588.2;2019-04-11 15:50:51.0;
18;1587.75;2019-04-11 15:50:56.0;
18;1587.85;2019-04-11 15:50:59.0;
18;1587.75;2019-04-11 15:51:02.0;
18;1587.9;2019-04-11 15:51:04.0;
18;1587.75;2019-04-11 15:51:09.0;
18;1587.35;2019-04-11 15:51:13.0;
18;1587.75;2019-04-11 15:51:15.0;
18;1587;2019-04-11 15:51:16.0;
18;1586.9;2019-04-11 15:51:22.0;
18;1587.05;2019-04-11 15:51:28.0;
18;1586.9;2019-04-11 15:51:29.0;
18;1587.05;2019-04-11 15:51:31.0;
18;1586.95;2019-04-11 15:51:33.0;
18;1587.5;2019-04-11 15:51:38.0;
18;1587.4;2019-04-11 15:51:39.0;
18;1587.3;2019-04-11 15:51:46.0;
18;1586.65;2019-04-11 15:52:04.0;
18;1586.85;2019-04-11 15:52:08.0;
18;1586.75;2019-04-11 15:52:13.0;
18;1586.85;2019-04-11 15:52:14.0;
18;1586.25;2019-04-11 15:52:15.0;
18;1586.5;2019-04-11 15:52:22.0;
18;1586.85;2019-04-11 15:52:28.0;
18;1586.6;2019-04-11 15:52:34.0;
18;1586.55;2019-04-11 15:52:35.0;
18;1586.6;2019-04-11 15:52:37.0;
18;1586.55;2019-04-11 15:52:38.0;
18;1586.25;2019-04-11 15:52:39.0;
18;1586.1;2019-04-11 15:52:45.0;
18;1585.75;2019-04-11 15:52:47.0;
18;1586.1;2019-04-11 15:52:48.0;
18;1585.75;2019-04-11 15:52:50.0;
18;1585.85;2019-04-11 15:52:52.0;
18;1585.75;2019-04-11 15:52:57.0;
18;1585.3;2019-04-11 15:53:02.0;
18;1585.25;2019-04-11 15:53:04.0;
18;1585.45;2019-04-11 15:53:13.0;
18;1585.35;2019-04-11 15:53:15.0;
18;1585.45;2019-04-11 15:53:16.0;
18;1585.35;2019-04-11 15:53:18.0;
18;1585.45;2019-04-11 15:53:20.0;
18;1585.35;2019-04-11 15:53:21.0;
18;1585.45;2019-04-11 15:53:24.0;
18;1585.35;2019-04-11 15:53:29.0;
18;1585.45;2019-04-11 15:53:33.0;
18;1585.65;2019-04-11 15:53:36.0;
18;1585.8;2019-04-11 15:53:44.0;
18;1585.65;2019-04-11 15:53:49.0;
18;1585.05;2019-04-11 15:54:09.0;
18;1585.4;2019-04-11 15:54:11.0;
18;1584.8;2019-04-11 15:54:17.0;
18;1584.5;2019-04-11 15:54:23.0;
18;1584.75;2019-04-11 15:54:27.0;
18;1584.5;2019-04-11 15:54:30.0;
18;1584.75;2019-04-11 15:54:31.0;
18;1584.5;2019-04-11 15:54:36.0;
18;1584.55;2019-04-11 15:54:41.0;
18;1584.7;2019-04-11 15:54:44.0;
18;1584.35;2019-04-11 15:54:49.0;
18;1584.3;2019-04-11 15:54:52.0;
18;1584.5;2019-04-11 15:54:56.0;
18;1584.3;2019-04-11 15:54:57.0;
18;1584.65;2019-04-11 15:54:59.0;
18;1584.55;2019-04-11 15:55:06.0;
18;1584.65;2019-04-11 15:55:08.0;
18;1584.55;2019-04-11 15:55:09.0;
18;1584.8;2019-04-11 15:55:11.0;
18;1584.7;2019-04-11 15:55:17.0;
18;1585.1;2019-04-11 15:55:27.0;
18;1585.15;2019-04-11 15:55:32.0;
18;1584.75;2019-04-11 15:55:38.0;
18;1585.05;2019-04-11 15:55:40.0;
18;1584.75;2019-04-11 15:55:42.0;
18;1585.05;2019-04-11 15:55:44.0;
18;1585.1;2019-04-11 15:55:45.0;
18;1585.2;2019-04-11 15:55:51.0;
18;1585.65;2019-04-11 15:56:03.0;
18;1585.95;2019-04-11 15:56:07.0;
18;1586.05;2019-04-11 15:56:12.0;
18;1585.95;2019-04-11 15:56:16.0;
18;1585.8;2019-04-11 15:56:19.0;
18;1585.95;2019-04-11 15:56:20.0;
18;1585.75;2019-04-11 15:56:21.0;
18;1585.8;2019-04-11 15:56:23.0;
18;1585.75;2019-04-11 15:56:24.0;
18;1585.9;2019-04-11 15:56:28.0;
18;1585.8;2019-04-11 15:56:32.0;
18;1585.75;2019-04-11 15:56:37.0;
18;1585.65;2019-04-11 15:56:41.0;
18;1585.9;2019-04-11 15:56:47.0;
18;1585.55;2019-04-11 15:56:50.0;
18;1585.65;2019-04-11 15:56:54.0;
18;1585.95;2019-04-11 15:57:01.0;
18;1586.4;2019-04-11 15:57:02.0;
18;1586.55;2019-04-11 15:57:08.0;
18;1586.4;2019-04-11 15:57:09.0;
18;1586.8;2019-04-11 15:57:10.0;
18;1586.7;2019-04-11 15:57:16.0;
18;1586.55;2019-04-11 15:57:17.0;
18;1586.7;2019-04-11 15:57:20.0;
18;1586.15;2019-04-11 15:57:22.0;
18;1586.1;2019-04-11 15:57:28.0;
18;1586.2;2019-04-11 15:57:30.0;
18;1586.05;2019-04-11 15:57:37.0;
18;1586.2;2019-04-11 15:57:42.0;
18;1586.15;2019-04-11 15:57:49.0;
18;1586.75;2019-04-11 15:58:06.0;
18;1586.7;2019-04-11 15:58:11.0;
18;1586.75;2019-04-11 15:58:16.0;
18;1587.3;2019-04-11 15:58:22.0;
18;1587;2019-04-11 15:58:24.0;
18;1587.3;2019-04-11 15:58:25.0;
18;1587;2019-04-11 15:58:27.0;
18;1587.15;2019-04-11 15:58:28.0;
18;1587.05;2019-04-11 15:58:31.0;
18;1587.1;2019-04-11 15:58:41.0;
18;1587.4;2019-04-11 15:58:44.0;
18;1587.1;2019-04-11 15:58:50.0;
18;1587;2019-04-11 15:58:57.0;
18;1586.7;2019-04-11 15:59:02.0;
18;1586.65;2019-04-11 15:59:03.0;
18;1587.3;2019-04-11 15:59:08.0;
18;1587.2;2019-04-11 15:59:17.0;
18;1586.95;2019-04-11 15:59:20.0;
18;1586.75;2019-04-11 15:59:23.0;
18;1586.85;2019-04-11 15:59:27.0;
18;1586.55;2019-04-11 15:59:33.0;
18;1586.65;2019-04-11 15:59:37.0;
18;1586.25;2019-04-11 15:59:39.0;
18;1586.5;2019-04-11 15:59:43.0;
18;1586.25;2019-04-11 15:59:45.0;
18;1586.5;2019-04-11 15:59:46.0;
18;1586.3;2019-04-11 15:59:52.0;
18;1587.05;2019-04-11 16:00:04.0;
18;1587.55;2019-04-11 16:00:09.0;
18;1587.6;2019-04-11 16:00:13.0;
18;1587.55;2019-04-11 16:00:16.0;
18;1587.1;2019-04-11 16:00:17.0;
18;1586.95;2019-04-11 16:00:23.0;
18;1587.15;2019-04-11 16:00:34.0;
18;1586.9;2019-04-11 16:00:35.0;
18;1587.15;2019-04-11 16:00:38.0;
18;1586.9;2019-04-11 16:00:39.0;
18;1586.8;2019-04-11 16:00:41.0;
18;1586.65;2019-04-11 16:00:44.0;
18;1587.15;2019-04-11 16:00:50.0;
18;1587.3;2019-04-11 16:00:54.0;
18;1587.15;2019-04-11 16:00:55.0;
18;1587.25;2019-04-11 16:00:58.0;
18;1587.35;2019-04-11 16:00:59.0;
18;1587.2;2019-04-11 16:01:11.0;
18;1586.75;2019-04-11 16:01:13.0;
18;1586.8;2019-04-11 16:01:17.0;
18;1586.35;2019-04-11 16:01:21.0;
18;1586.8;2019-04-11 16:01:23.0;
18;1586.3;2019-04-11 16:01:25.0;
18;1586.1;2019-04-11 16:01:29.0;
18;1586.25;2019-04-11 16:01:33.0;
18;1586.05;2019-04-11 16:01:37.0;
18;1586.1;2019-04-11 16:01:43.0;
18;1586.05;2019-04-11 16:01:46.0;
18;1586.1;2019-04-11 16:01:47.0;
18;1586.05;2019-04-11 16:01:49.0;
18;1585.95;2019-04-11 16:01:50.0;
18;1585.9;2019-04-11 16:02:05.0;
18;1585.75;2019-04-11 16:02:09.0;
18;1585.6;2019-04-11 16:02:12.0;
18;1585.75;2019-04-11 16:02:13.0;
18;1585.6;2019-04-11 16:02:15.0;
18;1585.65;2019-04-11 16:02:16.0;
18;1585.8;2019-04-11 16:02:21.0;
18;1586;2019-04-11 16:02:24.0;
18;1585.8;2019-04-11 16:02:25.0;
18;1586;2019-04-11 16:02:27.0;
18;1586.05;2019-04-11 16:02:29.0;
18;1586.25;2019-04-11 16:02:34.0;
18;1585.95;2019-04-11 16:02:36.0;
18;1586.25;2019-04-11 16:02:39.0;
18;1586.6;2019-04-11 16:02:47.0;
18;1586.65;2019-04-11 16:02:56.0;
18;1586.7;2019-04-11 16:03:02.0;
18;1586.85;2019-04-11 16:03:03.0;
18;1586.7;2019-04-11 16:03:04.0;
18;1586.85;2019-04-11 16:03:06.0;
18;1586.9;2019-04-11 16:03:11.0;
18;1586.65;2019-04-11 16:03:17.0;
18;1586.9;2019-04-11 16:03:19.0;
18;1586.75;2019-04-11 16:03:24.0;
18;1586.9;2019-04-11 16:03:27.0;
18;1586.75;2019-04-11 16:03:28.0;
18;1586.9;2019-04-11 16:03:30.0;
18;1586.8;2019-04-11 16:03:32.0;
18;1587;2019-04-11 16:03:40.0;
18;1586.85;2019-04-11 16:03:43.0;
18;1587;2019-04-11 16:03:45.0;
18;1586.85;2019-04-11 16:03:46.0;
18;1586.95;2019-04-11 16:03:47.0;
18;1586.7;2019-04-11 16:04:07.0;
18;1586.3;2019-04-11 16:04:15.0;
18;1586.2;2019-04-11 16:04:21.0;
18;1586.15;2019-04-11 16:04:29.0;
18;1586.25;2019-04-11 16:04:34.0;
18;1586.5;2019-04-11 16:04:35.0;
18;1586.25;2019-04-11 16:04:41.0;
18;1585.75;2019-04-11 16:04:45.0;
18;1585.65;2019-04-11 16:04:48.0;
18;1585.9;2019-04-11 16:04:51.0;
18;1586.25;2019-04-11 16:04:59.0;
18;1586.7;2019-04-11 16:05:04.0;
18;1586.55;2019-04-11 16:05:08.0;
18;1586.8;2019-04-11 16:05:11.0;
18;1586.55;2019-04-11 16:05:13.0;
18;1586.7;2019-04-11 16:05:15.0;
18;1586.8;2019-04-11 16:05:19.0;
18;1586.95;2019-04-11 16:05:25.0;
18;1586.8;2019-04-11 16:05:26.0;
18;1586.95;2019-04-11 16:05:28.0;
18;1586.8;2019-04-11 16:05:29.0;
18;1586.45;2019-04-11 16:05:32.0;
18;1586.55;2019-04-11 16:05:35.0;
18;1586.6;2019-04-11 16:05:41.0;
18;1585.95;2019-04-11 16:05:44.0;
18;1585.85;2019-04-11 16:05:48.0;
18;1585.4;2019-04-11 16:06:04.0;
18;1584.9;2019-04-11 16:06:07.0;
18;1585;2019-04-11 16:06:12.0;
18;1584.85;2019-04-11 16:06:17.0;
18;1584.8;2019-04-11 16:06:19.0;
18;1585.1;2019-04-11 16:06:24.0;
18;1585.05;2019-04-11 16:06:31.0;
18;1584.65;2019-04-11 16:06:35.0;
18;1584.45;2019-04-11 16:06:41.0;
18;1584.25;2019-04-11 16:06:43.0;
18;1584.45;2019-04-11 16:06:44.0;
18;1584.25;2019-04-11 16:06:46.0;
18;1584;2019-04-11 16:06:47.0;
18;1584.35;2019-04-11 16:06:53.0;
18;1584.5;2019-04-11 16:06:55.0;
18;1584.6;2019-04-11 16:06:59.0;
18;1584.8;2019-04-11 16:07:03.0;
18;1584.75;2019-04-11 16:07:09.0;
18;1584.35;2019-04-11 16:07:11.0;
18;1584.1;2019-04-11 16:07:20.0;
18;1584.15;2019-04-11 16:07:24.0;
18;1584.35;2019-04-11 16:07:29.0;
18;1584.15;2019-04-11 16:07:31.0;
18;1584.5;2019-04-11 16:07:36.0;
18;1584.1;2019-04-11 16:07:40.0;
18;1584.05;2019-04-11 16:07:44.0;
18;1584.3;2019-04-11 16:08:05.0;
18;1584.35;2019-04-11 16:08:08.0;
18;1584.5;2019-04-11 16:08:11.0;
18;1584.3;2019-04-11 16:08:17.0;
18;1584;2019-04-11 16:08:20.0;
18;1584.05;2019-04-11 16:08:23.0;
18;1583.8;2019-04-11 16:08:30.0;
18;1583.75;2019-04-11 16:08:31.0;
18;1583.8;2019-04-11 16:08:33.0;
18;1583.75;2019-04-11 16:08:34.0;
18;1583.8;2019-04-11 16:08:37.0;
18;1584.25;2019-04-11 16:08:40.0;
18;1584.05;2019-04-11 16:08:50.0;
18;1584.2;2019-04-11 16:08:51.0;
18;1584.05;2019-04-11 16:08:53.0;
18;1584.15;2019-04-11 16:08:55.0;
18;1584.5;2019-04-11 16:08:59.0;
18;1584.4;2019-04-11 16:09:09.0;
18;1584.35;2019-04-11 16:09:11.0;
18;1584.25;2019-04-11 16:09:15.0;
18;1584.6;2019-04-11 16:09:18.0;
18;1584.25;2019-04-11 16:09:21.0;
18;1584.6;2019-04-11 16:09:22.0;
18;1584.75;2019-04-11 16:09:28.0;
18;1584.3;2019-04-11 16:09:34.0;
18;1584.55;2019-04-11 16:09:49.0;
18;1584.4;2019-04-11 16:10:07.0;
18;1584.85;2019-04-11 16:10:12.0;
18;1584.75;2019-04-11 16:10:15.0;
18;1584.9;2019-04-11 16:10:21.0;
18;1584.95;2019-04-11 16:10:26.0;
18;1585.2;2019-04-11 16:10:30.0;
18;1585.15;2019-04-11 16:10:33.0;
18;1585.1;2019-04-11 16:10:35.0;
18;1585.15;2019-04-11 16:10:36.0;
18;1585.1;2019-04-11 16:10:38.0;
18;1584.75;2019-04-11 16:10:40.0;
18;1585.1;2019-04-11 16:10:41.0;
18;1584.75;2019-04-11 16:10:43.0;
18;1584.55;2019-04-11 16:10:45.0;
18;1584.6;2019-04-11 16:10:50.0;
18;1584.4;2019-04-11 16:10:59.0;
18;1584.6;2019-04-11 16:11:00.0;
18;1584.4;2019-04-11 16:11:02.0;
18;1584.3;2019-04-11 16:11:04.0;
18;1584.55;2019-04-11 16:11:09.0;
18;1584.3;2019-04-11 16:11:10.0;
18;1584.35;2019-04-11 16:11:12.0;
18;1584.15;2019-04-11 16:11:15.0;
18;1584;2019-04-11 16:11:24.0;
18;1584.1;2019-04-11 16:11:25.0;
18;1584;2019-04-11 16:11:27.0;
18;1584.15;2019-04-11 16:11:28.0;
18;1584.25;2019-04-11 16:11:31.0;
18;1584.15;2019-04-11 16:11:32.0;
18;1584.25;2019-04-11 16:11:34.0;
18;1584.2;2019-04-11 16:11:35.0;
18;1584.4;2019-04-11 16:11:41.0;
18;1584.45;2019-04-11 16:11:46.0;
18;1584.25;2019-04-11 16:11:48.0;
18;1584.45;2019-04-11 16:11:49.0;
18;1584.25;2019-04-11 16:11:52.0;
18;1583.8;2019-04-11 16:12:08.0;
18;1583.75;2019-04-11 16:12:11.0;
18;1583.8;2019-04-11 16:12:13.0;
18;1583.75;2019-04-11 16:12:14.0;
18;1583.45;2019-04-11 16:12:16.0;
18;1583.75;2019-04-11 16:12:18.0;
18;1583.35;2019-04-11 16:12:19.0;
18;1583.3;2019-04-11 16:12:24.0;
18;1583.45;2019-04-11 16:12:31.0;
18;1583.15;2019-04-11 16:12:32.0;
18;1583.4;2019-04-11 16:12:35.0;
18;1583.3;2019-04-11 16:12:42.0;
18;1583.4;2019-04-11 16:12:45.0;
18;1583.5;2019-04-11 16:12:52.0;
18;1584.2;2019-04-11 16:12:59.0;
18;1584.4;2019-04-11 16:13:04.0;
18;1584.65;2019-04-11 16:13:07.0;
18;1584.55;2019-04-11 16:13:10.0;
18;1584.65;2019-04-11 16:13:17.0;
18;1584.55;2019-04-11 16:13:18.0;
18;1584.65;2019-04-11 16:13:19.0;
18;1585.05;2019-04-11 16:13:25.0;
18;1584.95;2019-04-11 16:13:27.0;
18;1585.05;2019-04-11 16:13:28.0;
18;1584.95;2019-04-11 16:13:30.0;
18;1585.1;2019-04-11 16:13:33.0;
18;1585.45;2019-04-11 16:13:39.0;
18;1585.5;2019-04-11 16:13:45.0;
18;1585.45;2019-04-11 16:13:47.0;
18;1585.5;2019-04-11 16:13:48.0;
18;1584.75;2019-04-11 16:14:06.0;
18;1584.9;2019-04-11 16:14:14.0;
18;1585.05;2019-04-11 16:14:20.0;
18;1585.25;2019-04-11 16:14:22.0;
18;1585.35;2019-04-11 16:14:27.0;
18;1585.2;2019-04-11 16:14:32.0;
18;1585.45;2019-04-11 16:14:35.0;
18;1585.55;2019-04-11 16:14:40.0;
18;1585.75;2019-04-11 16:14:45.0;
18;1586;2019-04-11 16:14:46.0;
18;1585.7;2019-04-11 16:14:51.0;
18;1586;2019-04-11 16:14:56.0;
18;1585.7;2019-04-11 16:14:57.0;
18;1585.95;2019-04-11 16:14:58.0;
18;1586;2019-04-11 16:15:00.0;
18;1585.95;2019-04-11 16:15:01.0;
18;1586.3;2019-04-11 16:15:03.0;
18;1585.95;2019-04-11 16:15:04.0;
18;1586.3;2019-04-11 16:15:08.0;
18;1586.25;2019-04-11 16:15:09.0;
18;1586.7;2019-04-11 16:15:11.0;
18;1586.25;2019-04-11 16:15:12.0;
18;1586.7;2019-04-11 16:15:13.0;
18;1586.95;2019-04-11 16:15:19.0;
18;1586.85;2019-04-11 16:15:22.0;
18;1586.4;2019-04-11 16:15:27.0;
18;1586.3;2019-04-11 16:15:30.0;
18;1586.15;2019-04-11 16:15:34.0;
18;1586;2019-04-11 16:15:40.0;
18;1585.8;2019-04-11 16:15:45.0;
18;1585.75;2019-04-11 16:15:49.0;
18;1586.15;2019-04-11 16:16:06.0;
18;1586.25;2019-04-11 16:16:12.0;
18;1586.65;2019-04-11 16:16:15.0;
18;1586.55;2019-04-11 16:16:25.0;
18;1586.4;2019-04-11 16:16:27.0;
18;1585.95;2019-04-11 16:16:32.0;
18;1586.45;2019-04-11 16:16:40.0;
18;1586.35;2019-04-11 16:16:45.0;
18;1586.5;2019-04-11 16:16:51.0;
18;1586.25;2019-04-11 16:16:58.0;
18;1586.1;2019-04-11 16:17:00.0;
18;1586.25;2019-04-11 16:17:01.0;
18;1586.1;2019-04-11 16:17:03.0;
18;1586.3;2019-04-11 16:17:04.0;
18;1586.25;2019-04-11 16:17:09.0;
18;1586.3;2019-04-11 16:17:13.0;
18;1586.5;2019-04-11 16:17:19.0;
18;1586.7;2019-04-11 16:17:27.0;
18;1586.85;2019-04-11 16:17:29.0;
18;1586.7;2019-04-11 16:17:31.0;
18;1586.8;2019-04-11 16:17:33.0;
18;1586.7;2019-04-11 16:17:43.0;
18;1586.95;2019-04-11 16:17:44.0;
18;1587.05;2019-04-11 16:17:47.0;
18;1587.6;2019-04-11 16:18:06.0;
18;1587.7;2019-04-11 16:18:09.0;
18;1587.75;2019-04-11 16:18:13.0;
18;1587.85;2019-04-11 16:18:16.0;
18;1587.9;2019-04-11 16:18:21.0;
18;1587.75;2019-04-11 16:18:25.0;
18;1587.85;2019-04-11 16:18:28.0;
18;1587.75;2019-04-11 16:18:36.0;
18;1587.6;2019-04-11 16:18:39.0;
18;1587.75;2019-04-11 16:18:40.0;
18;1587.6;2019-04-11 16:18:42.0;
18;1587.55;2019-04-11 16:18:43.0;
18;1587.6;2019-04-11 16:18:46.0;
18;1587.55;2019-04-11 16:18:48.0;
18;1587.45;2019-04-11 16:18:49.0;
18;1587.15;2019-04-11 16:18:51.0;
18;1587.1;2019-04-11 16:18:55.0;
18;1587;2019-04-11 16:19:01.0;
18;1586.75;2019-04-11 16:19:04.0;
18;1587;2019-04-11 16:19:05.0;
18;1586.75;2019-04-11 16:19:07.0;
18;1586.95;2019-04-11 16:19:15.0;
18;1587;2019-04-11 16:19:19.0;
18;1586.85;2019-04-11 16:19:24.0;
18;1586.95;2019-04-11 16:19:29.0;
18;1586.85;2019-04-11 16:19:30.0;
18;1586.95;2019-04-11 16:19:31.0;
18;1586.9;2019-04-11 16:19:37.0;
18;1586.85;2019-04-11 16:19:40.0;
18;1586.9;2019-04-11 16:19:41.0;
18;1586.85;2019-04-11 16:19:44.0;
18;1587;2019-04-11 16:19:49.0;
18;1586.85;2019-04-11 16:20:05.0;
18;1587.1;2019-04-11 16:20:08.0;
18;1586.75;2019-04-11 16:20:12.0;
18;1587.05;2019-04-11 16:20:16.0;
18;1586.85;2019-04-11 16:20:22.0;
18;1587;2019-04-11 16:20:23.0;
18;1586.65;2019-04-11 16:20:27.0;
18;1586.3;2019-04-11 16:20:30.0;
18;1586.5;2019-04-11 16:20:37.0;
18;1586.55;2019-04-11 16:20:41.0;
18;1586.65;2019-04-11 16:20:43.0;
18;1586.4;2019-04-11 16:20:48.0;
18;1586.5;2019-04-11 16:20:51.0;
18;1586.4;2019-04-11 16:20:52.0;
18;1586.5;2019-04-11 16:20:53.0;
18;1586.4;2019-04-11 16:20:55.0;
18;1586.5;2019-04-11 16:20:56.0;
18;1586.4;2019-04-11 16:20:57.0;
18;1586.3;2019-04-11 16:21:00.0;
18;1586.4;2019-04-11 16:21:02.0;
18;1586.3;2019-04-11 16:21:03.0;
18;1586.4;2019-04-11 16:21:05.0;
18;1586.45;2019-04-11 16:21:07.0;
18;1586.65;2019-04-11 16:21:10.0;
18;1586.7;2019-04-11 16:21:14.0;
18;1586.65;2019-04-11 16:21:16.0;
18;1586.7;2019-04-11 16:21:17.0;
18;1586.8;2019-04-11 16:21:19.0;
18;1586.9;2019-04-11 16:21:22.0;
18;1587;2019-04-11 16:21:26.0;
18;1586.7;2019-04-11 16:21:31.0;
18;1586.65;2019-04-11 16:21:39.0;
18;1586.7;2019-04-11 16:21:41.0;
18;1586.65;2019-04-11 16:21:43.0;
18;1586.75;2019-04-11 16:21:46.0;
18;1586.65;2019-04-11 16:22:05.0;
18;1586.6;2019-04-11 16:22:08.0;
18;1586.65;2019-04-11 16:22:09.0;
18;1586.35;2019-04-11 16:22:11.0;
18;1586.6;2019-04-11 16:22:13.0;
18;1586.35;2019-04-11 16:22:14.0;
18;1586.55;2019-04-11 16:22:17.0;
18;1586.65;2019-04-11 16:22:19.0;
18;1587.1;2019-04-11 16:22:23.0;
18;1587.15;2019-04-11 16:22:30.0;
18;1586.65;2019-04-11 16:22:31.0;
18;1587.15;2019-04-11 16:22:33.0;
18;1586.65;2019-04-11 16:22:34.0;
18;1586.55;2019-04-11 16:22:37.0;
18;1586.25;2019-04-11 16:22:40.0;
18;1585.85;2019-04-11 16:22:47.0;
18;1585.9;2019-04-11 16:22:54.0;
18;1586;2019-04-11 16:22:55.0;
18;1585.9;2019-04-11 16:22:56.0;
18;1586;2019-04-11 16:22:58.0;
18;1586.2;2019-04-11 16:23:01.0;
18;1586.25;2019-04-11 16:23:06.0;
18;1586.35;2019-04-11 16:23:10.0;
18;1586.1;2019-04-11 16:23:13.0;
18;1586;2019-04-11 16:23:15.0;
18;1586.05;2019-04-11 16:23:19.0;
18;1586;2019-04-11 16:23:21.0;
18;1586.05;2019-04-11 16:23:22.0;
18;1586;2019-04-11 16:23:25.0;
18;1585.9;2019-04-11 16:23:29.0;
18;1586.3;2019-04-11 16:23:32.0;
18;1586;2019-04-11 16:23:37.0;
18;1586.05;2019-04-11 16:23:38.0;
18;1586;2019-04-11 16:23:39.0;
18;1586.05;2019-04-11 16:23:41.0;
18;1585.9;2019-04-11 16:23:44.0;
18;1585.85;2019-04-11 16:23:48.0;
18;1585.95;2019-04-11 16:24:02.0;
18;1585.85;2019-04-11 16:24:04.0;
18;1585.95;2019-04-11 16:24:05.0;
18;1585.9;2019-04-11 16:24:07.0;
18;1585.8;2019-04-11 16:24:17.0;
18;1586.15;2019-04-11 16:24:23.0;
18;1586.4;2019-04-11 16:24:30.0;
18;1586.55;2019-04-11 16:24:33.0;
18;1586.9;2019-04-11 16:24:39.0;
18;1586.55;2019-04-11 16:24:41.0;
18;1586.9;2019-04-11 16:24:42.0;
18;1586.75;2019-04-11 16:24:45.0;
18;1586.85;2019-04-11 16:24:47.0;
18;1586.9;2019-04-11 16:24:51.0;
18;1587.2;2019-04-11 16:24:57.0;
18;1587.15;2019-04-11 16:24:58.0;
18;1587.1;2019-04-11 16:25:04.0;
18;1587.15;2019-04-11 16:25:10.0;
18;1587.3;2019-04-11 16:25:19.0;
18;1587.25;2019-04-11 16:25:24.0;
18;1587.3;2019-04-11 16:25:26.0;
18;1586.8;2019-04-11 16:25:27.0;
18;1587.25;2019-04-11 16:25:28.0;
18;1586.8;2019-04-11 16:25:30.0;
18;1586.75;2019-04-11 16:25:35.0;
18;1586.85;2019-04-11 16:25:40.0;
18;1586.75;2019-04-11 16:25:44.0;
18;1586.45;2019-04-11 16:25:49.0;
18;1586.6;2019-04-11 16:26:06.0;
18;1586.5;2019-04-11 16:26:13.0;
18;1586.4;2019-04-11 16:26:26.0;
18;1586.7;2019-04-11 16:26:28.0;
18;1586.4;2019-04-11 16:26:30.0;
18;1586.6;2019-04-11 16:26:33.0;
18;1586.55;2019-04-11 16:26:36.0;
18;1586.65;2019-04-11 16:26:41.0;
18;1586.55;2019-04-11 16:26:43.0;
18;1586.7;2019-04-11 16:26:47.0;
18;1586.65;2019-04-11 16:27:04.0;
18;1586.6;2019-04-11 16:27:05.0;
18;1586.75;2019-04-11 16:27:06.0;
18;1586.35;2019-04-11 16:27:11.0;
18;1586.45;2019-04-11 16:27:17.0;
18;1586.5;2019-04-11 16:27:22.0;
18;1586.55;2019-04-11 16:27:23.0;
18;1587.1;2019-04-11 16:27:28.0;
18;1587.3;2019-04-11 16:27:42.0;
18;1587.1;2019-04-11 16:27:45.0;
18;1587.15;2019-04-11 16:27:47.0;
18;1587.1;2019-04-11 16:27:48.0;
18;1587.15;2019-04-11 16:27:51.0;
18;1586.65;2019-04-11 16:28:03.0;
18;1587.15;2019-04-11 16:28:05.0;
18;1586.65;2019-04-11 16:28:07.0;
18;1587.5;2019-04-11 16:28:09.0;
18;1587.35;2019-04-11 16:28:12.0;
18;1587.7;2019-04-11 16:28:16.0;
18;1587.35;2019-04-11 16:28:17.0;
18;1587.45;2019-04-11 16:28:19.0;
18;1587.25;2019-04-11 16:28:26.0;
18;1587.5;2019-04-11 16:28:29.0;
18;1587.55;2019-04-11 16:28:31.0;
18;1587.3;2019-04-11 16:28:38.0;
18;1587.15;2019-04-11 16:28:42.0;
18;1587.65;2019-04-11 16:28:43.0;
18;1587.55;2019-04-11 16:28:50.0;
18;1587.45;2019-04-11 16:28:51.0;
18;1587.55;2019-04-11 16:28:52.0;
18;1587.75;2019-04-11 16:28:55.0;
18;1587.6;2019-04-11 16:29:01.0;
18;1587.55;2019-04-11 16:29:05.0;
18;1587.6;2019-04-11 16:29:06.0;
18;1587.35;2019-04-11 16:29:11.0;
18;1587.55;2019-04-11 16:29:17.0;
18;1587.35;2019-04-11 16:29:18.0;
18;1587.55;2019-04-11 16:29:19.0;
18;1587.85;2019-04-11 16:29:22.0;
18;1587.55;2019-04-11 16:29:24.0;
18;1587.85;2019-04-11 16:29:26.0;
18;1588.05;2019-04-11 16:29:27.0;
18;1587.85;2019-04-11 16:29:30.0;
18;1588.15;2019-04-11 16:29:32.0;
18;1587.95;2019-04-11 16:29:37.0;
18;1588.15;2019-04-11 16:29:39.0;
18;1587.9;2019-04-11 16:29:40.0;
18;1587.95;2019-04-11 16:29:42.0;
18;1587.9;2019-04-11 16:29:43.0;
18;1588.05;2019-04-11 16:29:48.0;
18;1587.8;2019-04-11 16:30:06.0;
18;1587.9;2019-04-11 16:30:10.0;
18;1587.85;2019-04-11 16:30:19.0;
18;1587.4;2019-04-11 16:30:24.0;
18;1587.35;2019-04-11 16:30:29.0;
18;1587.4;2019-04-11 16:30:33.0;
18;1587.65;2019-04-11 16:30:36.0;
18;1587.4;2019-04-11 16:30:37.0;
18;1587.45;2019-04-11 16:30:40.0;
18;1587.15;2019-04-11 16:30:45.0;
18;1587.1;2019-04-11 16:30:50.0;
18;1587.15;2019-04-11 16:30:56.0;
18;1587.1;2019-04-11 16:30:59.0;
18;1587.05;2019-04-11 16:31:04.0;
18;1586.7;2019-04-11 16:31:10.0;
18;1586.6;2019-04-11 16:31:15.0;
18;1586.45;2019-04-11 16:31:17.0;
18;1586.3;2019-04-11 16:31:19.0;
18;1586.2;2019-04-11 16:31:24.0;
18;1585.7;2019-04-11 16:31:31.0;
18;1586.25;2019-04-11 16:31:47.0;
18;1586.1;2019-04-11 16:31:50.0;
18;1586.25;2019-04-11 16:31:52.0;
18;1587.1;2019-04-11 16:32:03.0;
18;1587.2;2019-04-11 16:32:07.0;
18;1586.9;2019-04-11 16:32:22.0;
18;1587.1;2019-04-11 16:32:23.0;
18;1586.9;2019-04-11 16:32:25.0;
18;1587.1;2019-04-11 16:32:26.0;
18;1587.25;2019-04-11 16:32:28.0;
18;1587.35;2019-04-11 16:32:32.0;
18;1587.4;2019-04-11 16:32:37.0;
18;1587.35;2019-04-11 16:32:44.0;
18;1587.25;2019-04-11 16:32:50.0;
18;1587.05;2019-04-11 16:32:52.0;
18;1587;2019-04-11 16:32:59.0;
18;1586.75;2019-04-11 16:33:07.0;
18;1586.65;2019-04-11 16:33:13.0;
18;1586.7;2019-04-11 16:33:17.0;
18;1586.65;2019-04-11 16:33:19.0;
18;1586.75;2019-04-11 16:33:20.0;
18;1586.9;2019-04-11 16:33:23.0;
18;1586.85;2019-04-11 16:33:28.0;
18;1586.5;2019-04-11 16:33:32.0;
18;1586.45;2019-04-11 16:33:38.0;
18;1586.4;2019-04-11 16:33:43.0;
18;1586.3;2019-04-11 16:33:48.0;
18;1586.65;2019-04-11 16:34:04.0;
18;1586.35;2019-04-11 16:34:07.0;
18;1586.1;2019-04-11 16:34:19.0;
18;1585.15;2019-04-11 16:34:23.0;
18;1585.35;2019-04-11 16:34:28.0;
18;1585.1;2019-04-11 16:34:37.0;
18;1585.35;2019-04-11 16:34:41.0;
18;1585.55;2019-04-11 16:34:44.0;
18;1585.75;2019-04-11 16:34:49.0;
18;1585.8;2019-04-11 16:34:55.0;
18;1585.9;2019-04-11 16:35:01.0;
18;1585.75;2019-04-11 16:35:04.0;
18;1585.8;2019-04-11 16:35:11.0;
18;1585.75;2019-04-11 16:35:12.0;
18;1585.8;2019-04-11 16:35:13.0;
18;1585.7;2019-04-11 16:35:18.0;
18;1585.8;2019-04-11 16:35:19.0;
18;1585.95;2019-04-11 16:35:24.0;
18;1586.2;2019-04-11 16:35:31.0;
18;1586.5;2019-04-11 16:35:40.0;
18;1586.7;2019-04-11 16:35:44.0;
18;1586.55;2019-04-11 16:35:49.0;
18;1586.05;2019-04-11 16:36:04.0;
18;1586.2;2019-04-11 16:36:10.0;
18;1586.15;2019-04-11 16:36:11.0;
18;1586.2;2019-04-11 16:36:13.0;
18;1586.15;2019-04-11 16:36:14.0;
18;1586;2019-04-11 16:36:17.0;
18;1585.85;2019-04-11 16:36:21.0;
18;1586;2019-04-11 16:36:22.0;
18;1585.85;2019-04-11 16:36:24.0;
18;1586.05;2019-04-11 16:36:25.0;
18;1585.95;2019-04-11 16:36:31.0;
18;1586.1;2019-04-11 16:36:37.0;
18;1585.9;2019-04-11 16:36:40.0;
18;1585.95;2019-04-11 16:36:43.0;
18;1585.9;2019-04-11 16:36:48.0;
18;1585.95;2019-04-11 16:36:51.0;
18;1586.05;2019-04-11 16:36:55.0;
18;1586.15;2019-04-11 16:37:01.0;
18;1586.75;2019-04-11 16:37:07.0;
18;1586.15;2019-04-11 16:37:08.0;
18;1586.75;2019-04-11 16:37:10.0;
18;1586.7;2019-04-11 16:37:14.0;
18;1586.8;2019-04-11 16:37:17.0;
18;1586.55;2019-04-11 16:37:21.0;
18;1586.75;2019-04-11 16:37:27.0;
18;1586.65;2019-04-11 16:37:33.0;
18;1586.8;2019-04-11 16:37:37.0;
18;1586.65;2019-04-11 16:37:42.0;
18;1587.05;2019-04-11 16:37:43.0;
18;1587.5;2019-04-11 16:38:04.0;
18;1587.05;2019-04-11 16:38:05.0;
18;1587.5;2019-04-11 16:38:07.0;
18;1587.45;2019-04-11 16:38:09.0;
18;1587.35;2019-04-11 16:38:12.0;
18;1587.45;2019-04-11 16:38:16.0;
18;1587.6;2019-04-11 16:38:22.0;
18;1587.4;2019-04-11 16:38:24.0;
18;1587.7;2019-04-11 16:38:27.0;
18;1587.65;2019-04-11 16:38:32.0;
18;1587.45;2019-04-11 16:38:40.0;
18;1587.3;2019-04-11 16:38:43.0;
18;1587.45;2019-04-11 16:38:44.0;
18;1587.3;2019-04-11 16:38:45.0;
18;1587.5;2019-04-11 16:38:48.0;
18;1587.45;2019-04-11 16:38:51.0;
18;1587.3;2019-04-11 16:38:58.0;
18;1587.25;2019-04-11 16:39:06.0;
18;1587.3;2019-04-11 16:39:13.0;
18;1587.2;2019-04-11 16:39:21.0;
18;1587.25;2019-04-11 16:39:23.0;
18;1587.45;2019-04-11 16:39:29.0;
18;1587.25;2019-04-11 16:39:34.0;
18;1587.35;2019-04-11 16:39:39.0;
18;1587.25;2019-04-11 16:39:40.0;
18;1587.35;2019-04-11 16:39:42.0;
18;1587.25;2019-04-11 16:39:45.0;
18;1587.45;2019-04-11 16:39:49.0;
18;1587.75;2019-04-11 16:40:04.0;
18;1587.7;2019-04-11 16:40:07.0;
18;1587.55;2019-04-11 16:40:19.0;
18;1587.8;2019-04-11 16:40:28.0;
18;1587.75;2019-04-11 16:40:31.0;
18;1587.8;2019-04-11 16:40:39.0;
18;1587.85;2019-04-11 16:40:44.0;
18;1588.3;2019-04-11 16:40:50.0;
18;1588.35;2019-04-11 16:40:54.0;
18;1588.15;2019-04-11 16:41:04.0;
18;1588.1;2019-04-11 16:41:08.0;
18;1588.3;2019-04-11 16:41:13.0;
18;1588.25;2019-04-11 16:41:15.0;
18;1588.05;2019-04-11 16:41:20.0;
18;1588.15;2019-04-11 16:41:27.0;
18;1588.4;2019-04-11 16:41:32.0;
18;1588.2;2019-04-11 16:41:35.0;
18;1587.9;2019-04-11 16:41:41.0;
18;1588.15;2019-04-11 16:41:46.0;
18;1588.05;2019-04-11 16:41:48.0;
18;1588.15;2019-04-11 16:41:50.0;
18;1588.05;2019-04-11 16:41:51.0;
18;1587.95;2019-04-11 16:42:03.0;
18;1588.05;2019-04-11 16:42:04.0;
18;1587.95;2019-04-11 16:42:06.0;
18;1588.1;2019-04-11 16:42:09.0;
18;1587.9;2019-04-11 16:42:12.0;
18;1588.1;2019-04-11 16:42:14.0;
18;1587.95;2019-04-11 16:42:17.0;
18;1588.2;2019-04-11 16:42:24.0;
18;1588.6;2019-04-11 16:42:30.0;
18;1588.55;2019-04-11 16:42:31.0;
18;1588.95;2019-04-11 16:42:36.0;
18;1588.55;2019-04-11 16:42:37.0;
18;1589.1;2019-04-11 16:42:39.0;
18;1588.95;2019-04-11 16:42:44.0;
18;1589.1;2019-04-11 16:42:56.0;
18;1589.2;2019-04-11 16:43:00.0;
18;1589.05;2019-04-11 16:43:07.0;
18;1589.15;2019-04-11 16:43:11.0;
18;1588.9;2019-04-11 16:43:16.0;
18;1588.85;2019-04-11 16:43:19.0;
18;1588.8;2019-04-11 16:43:24.0;
18;1588.85;2019-04-11 16:43:25.0;
18;1588.8;2019-04-11 16:43:27.0;
18;1588.6;2019-04-11 16:43:29.0;
18;1588.65;2019-04-11 16:43:32.0;
18;1588.75;2019-04-11 16:43:36.0;
18;1588.65;2019-04-11 16:43:37.0;
18;1588.75;2019-04-11 16:43:38.0;
18;1588.8;2019-04-11 16:43:46.0;
18;1588.75;2019-04-11 16:43:50.0;
18;1588.5;2019-04-11 16:44:04.0;
18;1587.95;2019-04-11 16:44:11.0;
18;1587.85;2019-04-11 16:44:15.0;
18;1588.2;2019-04-11 16:44:21.0;
18;1588.15;2019-04-11 16:44:24.0;
18;1588.2;2019-04-11 16:44:25.0;
18;1588.15;2019-04-11 16:44:26.0;
18;1588.05;2019-04-11 16:44:28.0;
18;1588.15;2019-04-11 16:44:32.0;
18;1588.05;2019-04-11 16:44:34.0;
18;1588.2;2019-04-11 16:44:42.0;
18;1588.3;2019-04-11 16:44:47.0;
18;1588.35;2019-04-11 16:44:50.0;
18;1588.3;2019-04-11 16:44:52.0;
18;1588.35;2019-04-11 16:44:53.0;
18;1588.5;2019-04-11 16:44:56.0;
18;1588.35;2019-04-11 16:45:02.0;
18;1587.95;2019-04-11 16:45:07.0;
18;1588.35;2019-04-11 16:45:11.0;
18;1588.4;2019-04-11 16:45:16.0;
18;1588.35;2019-04-11 16:45:18.0;
18;1588.4;2019-04-11 16:45:20.0;
18;1588.45;2019-04-11 16:45:21.0;
18;1588.65;2019-04-11 16:45:23.0;
18;1588.45;2019-04-11 16:45:24.0;
18;1588.65;2019-04-11 16:45:26.0;
18;1588.85;2019-04-11 16:45:28.0;
18;1588.95;2019-04-11 16:45:34.0;
18;1589.05;2019-04-11 16:45:36.0;
18;1589.15;2019-04-11 16:45:40.0;
18;1589.25;2019-04-11 16:45:45.0;
18;1589.15;2019-04-11 16:45:46.0;
18;1589.2;2019-04-11 16:45:48.0;
18;1589.1;2019-04-11 16:46:07.0;
18;1589.05;2019-04-11 16:46:13.0;
18;1589.25;2019-04-11 16:46:16.0;
18;1589.05;2019-04-11 16:46:18.0;
18;1589.25;2019-04-11 16:46:19.0;
18;1589.5;2019-04-11 16:46:21.0;
18;1589.2;2019-04-11 16:46:27.0;
18;1589.35;2019-04-11 16:46:28.0;
18;1589.05;2019-04-11 16:46:36.0;
18;1589.25;2019-04-11 16:46:41.0;
18;1589.3;2019-04-11 16:46:48.0;
18;1589.25;2019-04-11 16:46:50.0;
18;1589.2;2019-04-11 16:46:57.0;
18;1589.05;2019-04-11 16:47:01.0;
18;1588.95;2019-04-11 16:47:03.0;
18;1589.05;2019-04-11 16:47:06.0;
18;1588.75;2019-04-11 16:47:07.0;
18;1588.45;2019-04-11 16:47:15.0;
18;1588.75;2019-04-11 16:47:16.0;
18;1588.45;2019-04-11 16:47:18.0;
18;1588.35;2019-04-11 16:47:19.0;
18;1588.25;2019-04-11 16:47:24.0;
18;1588.4;2019-04-11 16:47:33.0;
18;1588.35;2019-04-11 16:47:40.0;
18;1587.8;2019-04-11 16:48:02.0;
18;1587.85;2019-04-11 16:48:06.0;
18;1587.8;2019-04-11 16:48:07.0;
18;1587.85;2019-04-11 16:48:09.0;
18;1587.8;2019-04-11 16:48:10.0;
18;1588;2019-04-11 16:48:14.0;
18;1587.8;2019-04-11 16:48:16.0;
18;1588;2019-04-11 16:48:17.0;
18;1588.25;2019-04-11 16:48:23.0;
18;1588.1;2019-04-11 16:48:29.0;
18;1588.05;2019-04-11 16:48:38.0;
18;1587.85;2019-04-11 16:48:43.0;
18;1587.7;2019-04-11 16:48:50.0;
18;1587.65;2019-04-11 16:48:54.0;
18;1587.7;2019-04-11 16:48:57.0;
18;1587.65;2019-04-11 16:48:59.0;
18;1587.7;2019-04-11 16:49:03.0;
18;1587.9;2019-04-11 16:49:09.0;
18;1587.85;2019-04-11 16:49:10.0;
18;1587.9;2019-04-11 16:49:12.0;
18;1587.85;2019-04-11 16:49:13.0;
18;1587.95;2019-04-11 16:49:16.0;
18;1587.9;2019-04-11 16:49:24.0;
18;1588.2;2019-04-11 16:49:28.0;
18;1588.15;2019-04-11 16:49:30.0;
18;1588.2;2019-04-11 16:49:32.0;
18;1588.15;2019-04-11 16:49:33.0;
18;1588.05;2019-04-11 16:49:41.0;
18;1588.15;2019-04-11 16:49:47.0;
18;1588.4;2019-04-11 16:50:04.0;
18;1588.6;2019-04-11 16:50:08.0;
18;1588.9;2019-04-11 16:50:16.0;
18;1589.1;2019-04-11 16:50:22.0;
18;1588.95;2019-04-11 16:50:23.0;
18;1589.1;2019-04-11 16:50:25.0;
18;1588.95;2019-04-11 16:50:26.0;
18;1589.05;2019-04-11 16:50:32.0;
18;1588.75;2019-04-11 16:50:38.0;
18;1588.7;2019-04-11 16:50:40.0;
18;1588.75;2019-04-11 16:50:42.0;
18;1588.45;2019-04-11 16:50:47.0;
18;1588.75;2019-04-11 16:50:49.0;
18;1588.45;2019-04-11 16:50:50.0;
18;1588.6;2019-04-11 16:50:57.0;
18;1588.7;2019-04-11 16:50:59.0;
18;1588.6;2019-04-11 16:51:02.0;
18;1588.7;2019-04-11 16:51:04.0;
18;1588.55;2019-04-11 16:51:08.0;
18;1588.7;2019-04-11 16:51:11.0;
18;1588.45;2019-04-11 16:51:13.0;
18;1588.55;2019-04-11 16:51:16.0;
18;1588.25;2019-04-11 16:51:20.0;
18;1588.2;2019-04-11 16:51:24.0;
18;1588.45;2019-04-11 16:51:30.0;
18;1588.1;2019-04-11 16:51:37.0;
18;1588.25;2019-04-11 16:51:40.0;
18;1588.1;2019-04-11 16:51:41.0;
18;1588.25;2019-04-11 16:51:43.0;
18;1588.2;2019-04-11 16:51:46.0;
18;1588.35;2019-04-11 16:51:48.0;
18;1588.15;2019-04-11 16:52:04.0;
18;1588.25;2019-04-11 16:52:10.0;
18;1588.4;2019-04-11 16:52:24.0;
18;1588.25;2019-04-11 16:52:25.0;
18;1588.15;2019-04-11 16:52:30.0;
18;1588.1;2019-04-11 16:52:40.0;
18;1588.25;2019-04-11 16:52:43.0;
18;1588.2;2019-04-11 16:52:49.0;
18;1588.35;2019-04-11 16:52:52.0;
18;1588.25;2019-04-11 16:52:56.0;
18;1588.35;2019-04-11 16:52:57.0;
18;1588.25;2019-04-11 16:52:59.0;
18;1588.3;2019-04-11 16:53:00.0;
18;1588.25;2019-04-11 16:53:05.0;
18;1588.15;2019-04-11 16:53:07.0;
18;1588.5;2019-04-11 16:53:14.0;
18;1588.45;2019-04-11 16:53:20.0;
18;1588.55;2019-04-11 16:53:27.0;
18;1588.45;2019-04-11 16:53:28.0;
18;1588.55;2019-04-11 16:53:31.0;
18;1588.35;2019-04-11 16:53:35.0;
18;1588.55;2019-04-11 16:53:36.0;
18;1588.35;2019-04-11 16:53:37.0;
18;1588.1;2019-04-11 16:53:43.0;
18;1587.8;2019-04-11 16:53:46.0;
18;1587.6;2019-04-11 16:54:05.0;
18;1587.9;2019-04-11 16:54:09.0;
18;1587.75;2019-04-11 16:54:11.0;
18;1587.9;2019-04-11 16:54:12.0;
18;1587.75;2019-04-11 16:54:14.0;
18;1587.9;2019-04-11 16:54:17.0;
18;1588.15;2019-04-11 16:54:23.0;
18;1588;2019-04-11 16:54:35.0;
18;1587.95;2019-04-11 16:54:37.0;
18;1587.85;2019-04-11 16:54:43.0;
18;1587.95;2019-04-11 16:54:45.0;
18;1587.85;2019-04-11 16:54:46.0;
18;1587.75;2019-04-11 16:54:47.0;
18;1587.7;2019-04-11 16:54:52.0;
18;1587.65;2019-04-11 16:54:56.0;
18;1587.7;2019-04-11 16:54:58.0;
18;1587.65;2019-04-11 16:54:59.0;
18;1587.35;2019-04-11 16:55:01.0;
18;1587.25;2019-04-11 16:55:07.0;
18;1587.15;2019-04-11 16:55:11.0;
18;1587.25;2019-04-11 16:55:20.0;
18;1587.05;2019-04-11 16:55:24.0;
18;1586.95;2019-04-11 16:55:30.0;
18;1586.85;2019-04-11 16:55:31.0;
18;1586.8;2019-04-11 16:55:40.0;
18;1586.9;2019-04-11 16:55:50.0;
18;1587.05;2019-04-11 16:55:52.0;
18;1586.85;2019-04-11 16:56:06.0;
18;1587.1;2019-04-11 16:56:14.0;
18;1587.15;2019-04-11 16:56:17.0;
18;1587.2;2019-04-11 16:56:23.0;
18;1587.15;2019-04-11 16:56:24.0;
18;1586.85;2019-04-11 16:56:27.0;
18;1587;2019-04-11 16:56:31.0;
18;1586.65;2019-04-11 16:56:39.0;
18;1586.55;2019-04-11 16:56:46.0;
18;1586.35;2019-04-11 16:56:53.0;
18;1586.5;2019-04-11 16:56:58.0;
18;1586.45;2019-04-11 16:57:00.0;
18;1586.55;2019-04-11 16:57:04.0;
18;1586.35;2019-04-11 16:57:09.0;
18;1586.55;2019-04-11 16:57:13.0;
18;1586.85;2019-04-11 16:57:16.0;
18;1586.55;2019-04-11 16:57:17.0;
18;1586.75;2019-04-11 16:57:21.0;
18;1586.85;2019-04-11 16:57:26.0;
18;1587.1;2019-04-11 16:57:33.0;
18;1587.25;2019-04-11 16:57:35.0;
18;1587.1;2019-04-11 16:57:37.0;
18;1587.25;2019-04-11 16:57:38.0;
18;1587.2;2019-04-11 16:57:40.0;
18;1587.25;2019-04-11 16:57:44.0;
18;1587.05;2019-04-11 16:57:49.0;
18;1586.85;2019-04-11 16:58:04.0;
18;1587.05;2019-04-11 16:58:05.0;
18;1586.6;2019-04-11 16:58:08.0;
18;1586.3;2019-04-11 16:58:12.0;
18;1586.6;2019-04-11 16:58:13.0;
18;1586.3;2019-04-11 16:58:16.0;
18;1586.5;2019-04-11 16:58:19.0;
18;1586.3;2019-04-11 16:58:22.0;
18;1586.45;2019-04-11 16:58:23.0;
18;1586.75;2019-04-11 16:58:26.0;
18;1586.45;2019-04-11 16:58:28.0;
18;1586.75;2019-04-11 16:58:30.0;
18;1586.85;2019-04-11 16:58:32.0;
18;1586.6;2019-04-11 16:58:40.0;
18;1586.3;2019-04-11 16:58:43.0;
18;1586.6;2019-04-11 16:58:44.0;
18;1586.3;2019-04-11 16:58:45.0;
18;1586.35;2019-04-11 16:58:49.0;
18;1586.15;2019-04-11 16:58:50.0;
18;1586.35;2019-04-11 16:58:53.0;
18;1586.15;2019-04-11 16:58:54.0;
18;1586.25;2019-04-11 16:58:58.0;
18;1586.3;2019-04-11 16:59:06.0;
18;1586.2;2019-04-11 16:59:12.0;
18;1586.15;2019-04-11 16:59:18.0;
18;1586.1;2019-04-11 16:59:20.0;
18;1586;2019-04-11 16:59:22.0;
18;1585.95;2019-04-11 16:59:24.0;
18;1586;2019-04-11 16:59:25.0;
18;1585.95;2019-04-11 16:59:28.0;
18;1586.1;2019-04-11 16:59:30.0;
18;1586.3;2019-04-11 16:59:31.0;
18;1586.1;2019-04-11 16:59:32.0;
18;1586.3;2019-04-11 16:59:34.0;
18;1586.25;2019-04-11 16:59:35.0;
18;1586.3;2019-04-11 16:59:37.0;
18;1586.25;2019-04-11 16:59:38.0;
18;1586.35;2019-04-11 16:59:43.0;
18;1586.4;2019-04-11 17:00:03.0;
18;1586.35;2019-04-11 17:00:05.0;
18;1586.4;2019-04-11 17:00:08.0;
18;1586.15;2019-04-11 17:00:09.0;
18;1585.95;2019-04-11 17:00:15.0;
18;1586.25;2019-04-11 17:00:21.0;
18;1585.95;2019-04-11 17:00:23.0;
18;1586.3;2019-04-11 17:00:24.0;
18;1586.4;2019-04-11 17:00:27.0;
18;1586.45;2019-04-11 17:00:34.0;
18;1586.8;2019-04-11 17:00:36.0;
18;1586.75;2019-04-11 17:00:41.0;
18;1586.7;2019-04-11 17:00:47.0;
18;1586.4;2019-04-11 17:00:48.0;
18;1586.45;2019-04-11 17:00:55.0;
18;1586.55;2019-04-11 17:00:57.0;
18;1586.65;2019-04-11 17:00:58.0;
18;1586.7;2019-04-11 17:01:05.0;
18;1586.9;2019-04-11 17:01:11.0;
18;1586.85;2019-04-11 17:01:12.0;
18;1586.9;2019-04-11 17:01:14.0;
18;1586.75;2019-04-11 17:01:15.0;
18;1586.65;2019-04-11 17:01:20.0;
18;1586.6;2019-04-11 17:01:24.0;
18;1586.65;2019-04-11 17:01:30.0;
18;1586.7;2019-04-11 17:01:33.0;
18;1586.6;2019-04-11 17:01:39.0;
18;1586.65;2019-04-11 17:01:40.0;
18;1586;2019-04-11 17:01:48.0;
18;1585.45;2019-04-11 17:02:03.0;
18;1585.5;2019-04-11 17:02:08.0;
18;1585.25;2019-04-11 17:02:13.0;
18;1585.05;2019-04-11 17:02:18.0;
18;1584.9;2019-04-11 17:02:19.0;
18;1584.8;2019-04-11 17:02:23.0;
18;1584.75;2019-04-11 17:02:29.0;
18;1584.8;2019-04-11 17:02:31.0;
18;1584.85;2019-04-11 17:02:32.0;
18;1584.8;2019-04-11 17:02:36.0;
18;1584.65;2019-04-11 17:02:42.0;
18;1584.8;2019-04-11 17:02:45.0;
18;1584.65;2019-04-11 17:02:46.0;
18;1584.9;2019-04-11 17:02:47.0;
18;1584.8;2019-04-11 17:02:49.0;
18;1584.9;2019-04-11 17:02:50.0;
18;1584.85;2019-04-11 17:02:54.0;
18;1584.8;2019-04-11 17:02:57.0;
18;1584.55;2019-04-11 17:02:59.0;
18;1584.35;2019-04-11 17:03:06.0;
18;1584.55;2019-04-11 17:03:13.0;
18;1584.7;2019-04-11 17:03:15.0;
18;1584.55;2019-04-11 17:03:16.0;
18;1584.7;2019-04-11 17:03:17.0;
18;1584.55;2019-04-11 17:03:19.0;
18;1584.15;2019-04-11 17:03:29.0;
18;1583.4;2019-04-11 17:03:34.0;
18;1583.5;2019-04-11 17:03:35.0;
18;1583.4;2019-04-11 17:03:40.0;
18;1583.5;2019-04-11 17:03:41.0;
18;1583.4;2019-04-11 17:03:44.0;
18;1583.5;2019-04-11 17:03:46.0;
18;1583.45;2019-04-11 17:03:47.0;
18;1583.5;2019-04-11 17:03:50.0;
18;1583.45;2019-04-11 17:03:51.0;
18;1583.9;2019-04-11 17:04:05.0;
18;1583.75;2019-04-11 17:04:06.0;
18;1583.6;2019-04-11 17:04:10.0;
18;1583.9;2019-04-11 17:04:14.0;
18;1583.75;2019-04-11 17:04:18.0;
18;1583.9;2019-04-11 17:04:20.0;
18;1583.75;2019-04-11 17:04:21.0;
18;1583.8;2019-04-11 17:04:23.0;
18;1584;2019-04-11 17:04:26.0;
18;1584.1;2019-04-11 17:04:31.0;
18;1584;2019-04-11 17:04:34.0;
18;1584.1;2019-04-11 17:04:39.0;
18;1584.7;2019-04-11 17:04:44.0;
18;1584.75;2019-04-11 17:04:49.0;
18;1584.8;2019-04-11 17:04:52.0;
18;1584.75;2019-04-11 17:04:53.0;
18;1584.8;2019-04-11 17:04:55.0;
18;1585.15;2019-04-11 17:04:58.0;
18;1584.9;2019-04-11 17:05:08.0;
18;1585.05;2019-04-11 17:05:11.0;
18;1584.9;2019-04-11 17:05:14.0;
18;1584.75;2019-04-11 17:05:17.0;
18;1584.7;2019-04-11 17:05:22.0;
18;1584.55;2019-04-11 17:05:27.0;
18;1584.45;2019-04-11 17:05:32.0;
18;1584.65;2019-04-11 17:05:36.0;
18;1584.55;2019-04-11 17:05:40.0;
18;1584.7;2019-04-11 17:05:42.0;
18;1584.55;2019-04-11 17:05:44.0;
18;1584.7;2019-04-11 17:05:45.0;
18;1584.55;2019-04-11 17:05:47.0;
18;1584.75;2019-04-11 17:06:03.0;
18;1584.55;2019-04-11 17:06:05.0;
18;1584.75;2019-04-11 17:06:06.0;
18;1584.7;2019-04-11 17:06:08.0;
18;1584.75;2019-04-11 17:06:11.0;
18;1584.95;2019-04-11 17:06:15.0;
18;1585.2;2019-04-11 17:06:21.0;
18;1585.35;2019-04-11 17:06:29.0;
18;1585.45;2019-04-11 17:06:35.0;
18;1585.35;2019-04-11 17:06:38.0;
18;1585.45;2019-04-11 17:06:39.0;
18;1586;2019-04-11 17:06:48.0;
18;1585.45;2019-04-11 17:06:50.0;
18;1586;2019-04-11 17:06:51.0;
18;1585.95;2019-04-11 17:06:53.0;
18;1585.7;2019-04-11 17:06:56.0;
18;1585.95;2019-04-11 17:06:57.0;
18;1585.7;2019-04-11 17:06:59.0;
18;1585.75;2019-04-11 17:07:00.0;
18;1585.85;2019-04-11 17:07:03.0;
18;1585.65;2019-04-11 17:07:09.0;
18;1585.95;2019-04-11 17:07:16.0;
18;1585.85;2019-04-11 17:07:22.0;
18;1586;2019-04-11 17:07:23.0;
18;1585.85;2019-04-11 17:07:26.0;
18;1585.75;2019-04-11 17:07:28.0;
18;1585.55;2019-04-11 17:07:37.0;
18;1585.7;2019-04-11 17:07:38.0;
18;1585.55;2019-04-11 17:07:39.0;
18;1585.7;2019-04-11 17:07:42.0;
18;1586.3;2019-04-11 17:08:03.0;
18;1585.7;2019-04-11 17:08:04.0;
18;1586.3;2019-04-11 17:08:06.0;
18;1586.25;2019-04-11 17:08:09.0;
18;1586.3;2019-04-11 17:08:14.0;
18;1586.45;2019-04-11 17:08:20.0;
18;1586.65;2019-04-11 17:08:23.0;
18;1586.45;2019-04-11 17:08:28.0;
18;1586.55;2019-04-11 17:08:34.0;
18;1586.4;2019-04-11 17:08:39.0;
18;1586.15;2019-04-11 17:08:44.0;
18;1586.45;2019-04-11 17:08:47.0;
18;1586.5;2019-04-11 17:08:53.0;
18;1586.7;2019-04-11 17:08:56.0;
18;1586.65;2019-04-11 17:09:01.0;
18;1586.8;2019-04-11 17:09:03.0;
18;1586.65;2019-04-11 17:09:04.0;
18;1586.8;2019-04-11 17:09:06.0;
18;1586.95;2019-04-11 17:09:13.0;
18;1586.9;2019-04-11 17:09:16.0;
18;1586.95;2019-04-11 17:09:22.0;
18;1587;2019-04-11 17:09:23.0;
18;1586.95;2019-04-11 17:09:26.0;
18;1586.7;2019-04-11 17:09:33.0;
18;1586.6;2019-04-11 17:09:39.0;
18;1586.4;2019-04-11 17:09:40.0;
18;1586.6;2019-04-11 17:09:43.0;
18;1586.55;2019-04-11 17:09:45.0;
18;1586.4;2019-04-11 17:09:46.0;
18;1586.8;2019-04-11 17:09:48.0;
18;1586.85;2019-04-11 17:10:03.0;
18;1586.95;2019-04-11 17:10:12.0;
18;1586.75;2019-04-11 17:10:16.0;
18;1586.85;2019-04-11 17:10:23.0;
18;1586.8;2019-04-11 17:10:27.0;
18;1586.3;2019-04-11 17:10:31.0;
18;1586.35;2019-04-11 17:10:36.0;
18;1586.45;2019-04-11 17:10:40.0;
18;1586.25;2019-04-11 17:10:51.0;
18;1586.35;2019-04-11 17:10:59.0;
18;1586.6;2019-04-11 17:11:03.0;
18;1586.8;2019-04-11 17:11:08.0;
18;1586.65;2019-04-11 17:11:13.0;
18;1586.75;2019-04-11 17:11:16.0;
18;1586.9;2019-04-11 17:11:26.0;
18;1586.8;2019-04-11 17:11:29.0;
18;1586.9;2019-04-11 17:11:31.0;
18;1586.8;2019-04-11 17:11:32.0;
18;1586.9;2019-04-11 17:11:34.0;
18;1587;2019-04-11 17:11:35.0;
18;1586.9;2019-04-11 17:11:36.0;
18;1587;2019-04-11 17:11:38.0;
18;1586.9;2019-04-11 17:11:40.0;
18;1586.75;2019-04-11 17:11:45.0;
18;1586.9;2019-04-11 17:11:48.0;
18;1587;2019-04-11 17:12:03.0;
18;1586.95;2019-04-11 17:12:09.0;
18;1586.75;2019-04-11 17:12:15.0;
18;1586.65;2019-04-11 17:12:21.0;
18;1586.75;2019-04-11 17:12:22.0;
18;1587;2019-04-11 17:12:24.0;
18;1586.95;2019-04-11 17:12:30.0;
18;1587.15;2019-04-11 17:12:31.0;
18;1587.05;2019-04-11 17:12:36.0;
18;1587.15;2019-04-11 17:12:37.0;
18;1587.05;2019-04-11 17:12:40.0;
18;1586.9;2019-04-11 17:12:41.0;
18;1587.05;2019-04-11 17:12:50.0;
18;1587.2;2019-04-11 17:12:52.0;
18;1587.05;2019-04-11 17:12:54.0;
18;1587.15;2019-04-11 17:12:56.0;
18;1587.65;2019-04-11 17:13:00.0;
18;1587.5;2019-04-11 17:13:12.0;
18;1587.55;2019-04-11 17:13:18.0;
18;1587.5;2019-04-11 17:13:19.0;
18;1587.65;2019-04-11 17:13:24.0;
18;1587.55;2019-04-11 17:13:32.0;
18;1587.65;2019-04-11 17:13:33.0;
18;1587.7;2019-04-11 17:13:35.0;
18;1587.6;2019-04-11 17:13:40.0;
18;1587.55;2019-04-11 17:13:45.0;
18;1587.5;2019-04-11 17:13:48.0;
18;1587.55;2019-04-11 17:13:49.0;
18;1587.5;2019-04-11 17:13:52.0;
18;1587.7;2019-04-11 17:14:04.0;
18;1587.5;2019-04-11 17:14:05.0;
18;1587.7;2019-04-11 17:14:06.0;
18;1587.75;2019-04-11 17:14:08.0;
18;1587.95;2019-04-11 17:14:11.0;
18;1587.75;2019-04-11 17:14:13.0;
18;1588;2019-04-11 17:14:15.0;
18;1587.8;2019-04-11 17:14:20.0;
18;1587.1;2019-04-11 17:14:26.0;
18;1587.05;2019-04-11 17:14:28.0;
18;1586.6;2019-04-11 17:14:36.0;
18;1586.7;2019-04-11 17:14:39.0;
18;1587.2;2019-04-11 17:14:50.0;
18;1587.45;2019-04-11 17:14:53.0;
18;1587.7;2019-04-11 17:15:01.0;
18;1587.65;2019-04-11 17:15:03.0;
18;1587.55;2019-04-11 17:15:08.0;
18;1587.7;2019-04-11 17:15:13.0;
18;1587.65;2019-04-11 17:15:16.0;
18;1587.75;2019-04-11 17:15:19.0;
18;1587.65;2019-04-11 17:15:20.0;
18;1587.75;2019-04-11 17:15:23.0;
18;1587.9;2019-04-11 17:15:27.0;
18;1588.1;2019-04-11 17:15:33.0;
18;1587.8;2019-04-11 17:15:36.0;
18;1588.1;2019-04-11 17:15:37.0;
18;1587.8;2019-04-11 17:15:39.0;
18;1587.5;2019-04-11 17:15:40.0;
18;1587.4;2019-04-11 17:15:48.0;
18;1587.5;2019-04-11 17:15:49.0;
18;1587.4;2019-04-11 17:15:51.0;
18;1587.8;2019-04-11 17:16:07.0;
18;1587.7;2019-04-11 17:16:09.0;
18;1587.55;2019-04-11 17:16:18.0;
18;1587.45;2019-04-11 17:16:23.0;
18;1587.55;2019-04-11 17:16:24.0;
18;1587.45;2019-04-11 17:16:26.0;
18;1587.5;2019-04-11 17:16:28.0;
18;1587.7;2019-04-11 17:16:41.0;
18;1587.75;2019-04-11 17:16:44.0;
18;1587.7;2019-04-11 17:16:45.0;
18;1587.75;2019-04-11 17:16:47.0;
18;1587.9;2019-04-11 17:16:48.0;
18;1588.05;2019-04-11 17:16:51.0;
18;1587.95;2019-04-11 17:16:57.0;
18;1588.05;2019-04-11 17:16:59.0;
18;1587.95;2019-04-11 17:17:00.0;
18;1588;2019-04-11 17:17:02.0;
18;1587.75;2019-04-11 17:17:04.0;
18;1587.85;2019-04-11 17:17:08.0;
18;1588.1;2019-04-11 17:17:10.0;
18;1587.9;2019-04-11 17:17:15.0;
18;1588.1;2019-04-11 17:17:16.0;
18;1587.9;2019-04-11 17:17:18.0;
18;1587.85;2019-04-11 17:17:19.0;
18;1587.65;2019-04-11 17:17:24.0;
18;1587.85;2019-04-11 17:17:31.0;
18;1587.75;2019-04-11 17:17:38.0;
18;1587.85;2019-04-11 17:17:44.0;
18;1587.75;2019-04-11 17:17:47.0;
18;1587.25;2019-04-11 17:18:05.0;
18;1587.45;2019-04-11 17:18:07.0;
18;1587.55;2019-04-11 17:18:11.0;
18;1587.7;2019-04-11 17:18:19.0;
18;1587.55;2019-04-11 17:18:20.0;
18;1587.7;2019-04-11 17:18:22.0;
18;1587.8;2019-04-11 17:18:23.0;
18;1587.85;2019-04-11 17:18:29.0;
18;1587.55;2019-04-11 17:18:30.0;
18;1587.85;2019-04-11 17:18:33.0;
18;1587.7;2019-04-11 17:18:35.0;
18;1587.8;2019-04-11 17:18:39.0;
18;1587.55;2019-04-11 17:18:44.0;
18;1587.1;2019-04-11 17:18:49.0;
18;1587.15;2019-04-11 17:18:51.0;
18;1587.05;2019-04-11 17:18:55.0;
18;1587.15;2019-04-11 17:18:57.0;
18;1587.05;2019-04-11 17:18:58.0;
18;1587.1;2019-04-11 17:19:09.0;
18;1587.2;2019-04-11 17:19:13.0;
18;1587.3;2019-04-11 17:19:17.0;
18;1587.25;2019-04-11 17:19:20.0;
18;1587.15;2019-04-11 17:19:27.0;
18;1587.55;2019-04-11 17:19:32.0;
18;1587.65;2019-04-11 17:19:35.0;
18;1587.5;2019-04-11 17:19:41.0;
18;1587.45;2019-04-11 17:19:42.0;
18;1587.75;2019-04-11 17:19:48.0;
18;1587.85;2019-04-11 17:20:04.0;
18;1587.75;2019-04-11 17:20:09.0;
18;1588.15;2019-04-11 17:20:12.0;
18;1587.95;2019-04-11 17:20:19.0;
18;1588.05;2019-04-11 17:20:20.0;
18;1587.95;2019-04-11 17:20:22.0;
18;1588.15;2019-04-11 17:20:24.0;
18;1588.25;2019-04-11 17:20:28.0;
18;1588.05;2019-04-11 17:20:35.0;
18;1588.2;2019-04-11 17:20:41.0;
18;1588;2019-04-11 17:20:46.0;
18;1587.95;2019-04-11 17:20:48.0;
18;1588;2019-04-11 17:20:49.0;
18;1588.1;2019-04-11 17:20:51.0;
18;1588.35;2019-04-11 17:20:55.0;
18;1588.1;2019-04-11 17:21:04.0;
18;1588.2;2019-04-11 17:21:12.0;
18;1588.1;2019-04-11 17:21:13.0;
18;1588;2019-04-11 17:21:15.0;
18;1587.9;2019-04-11 17:21:19.0;
18;1588.2;2019-04-11 17:21:26.0;
18;1588.15;2019-04-11 17:21:29.0;
18;1588.2;2019-04-11 17:21:32.0;
18;1588.15;2019-04-11 17:21:33.0;
18;1588.2;2019-04-11 17:21:34.0;
18;1588.25;2019-04-11 17:21:36.0;
18;1588.3;2019-04-11 17:21:39.0;
18;1588.25;2019-04-11 17:21:41.0;
18;1588.45;2019-04-11 17:21:48.0;
18;1588.25;2019-04-11 17:22:05.0;
18;1588.45;2019-04-11 17:22:08.0;
18;1588.5;2019-04-11 17:22:12.0;
18;1588.45;2019-04-11 17:22:14.0;
18;1588.5;2019-04-11 17:22:15.0;
18;1588.45;2019-04-11 17:22:18.0;
18;1588.4;2019-04-11 17:22:20.0;
18;1588.25;2019-04-11 17:22:27.0;
18;1588;2019-04-11 17:22:35.0;
18;1588.1;2019-04-11 17:22:39.0;
18;1588.15;2019-04-11 17:22:43.0;
18;1588.25;2019-04-11 17:23:01.0;
18;1588.3;2019-04-11 17:23:04.0;
18;1588.5;2019-04-11 17:23:08.0;
18;1588.3;2019-04-11 17:23:10.0;
18;1588.75;2019-04-11 17:23:11.0;
18;1588.65;2019-04-11 17:23:14.0;
18;1588.75;2019-04-11 17:23:16.0;
18;1588.55;2019-04-11 17:23:19.0;
18;1588.6;2019-04-11 17:23:30.0;
18;1588.55;2019-04-11 17:23:31.0;
18;1588.6;2019-04-11 17:23:32.0;
18;1588.55;2019-04-11 17:23:34.0;
18;1588.7;2019-04-11 17:23:35.0;
18;1588.55;2019-04-11 17:23:40.0;
18;1588.45;2019-04-11 17:23:42.0;
18;1588.15;2019-04-11 17:24:05.0;
18;1588.2;2019-04-11 17:24:12.0;
18;1588.15;2019-04-11 17:24:13.0;
18;1588.2;2019-04-11 17:24:15.0;
18;1588.25;2019-04-11 17:24:19.0;
18;1587.95;2019-04-11 17:24:26.0;
18;1587.8;2019-04-11 17:24:32.0;
18;1587.55;2019-04-11 17:24:35.0;
18;1587.45;2019-04-11 17:24:41.0;
18;1587.6;2019-04-11 17:24:43.0;
18;1587.55;2019-04-11 17:24:48.0;
18;1587.8;2019-04-11 17:24:51.0;
18;1587.9;2019-04-11 17:25:01.0;
18;1587.8;2019-04-11 17:25:03.0;
18;1587.75;2019-04-11 17:25:08.0;
18;1587.65;2019-04-11 17:25:11.0;
18;1587.15;2019-04-11 17:25:16.0;
18;1587.1;2019-04-11 17:25:19.0;
18;1587.25;2019-04-11 17:25:24.0;
18;1587.3;2019-04-11 17:25:28.0;
18;1587.25;2019-04-11 17:25:34.0;
18;1586.85;2019-04-11 17:25:37.0;
18;1586.95;2019-04-11 17:25:41.0;
18;1587.1;2019-04-11 17:25:47.0;
18;1586.95;2019-04-11 17:25:48.0;
18;1587.1;2019-04-11 17:25:49.0;
18;1587.15;2019-04-11 17:26:10.0;
18;1587.35;2019-04-11 17:26:14.0;
18;1587.05;2019-04-11 17:26:26.0;
18;1587.2;2019-04-11 17:26:27.0;
18;1587.05;2019-04-11 17:26:30.0;
18;1587.4;2019-04-11 17:26:31.0;
18;1587.35;2019-04-11 17:26:38.0;
18;1587.45;2019-04-11 17:26:39.0;
18;1587.4;2019-04-11 17:26:48.0;
18;1587.45;2019-04-11 17:26:49.0;
18;1587.4;2019-04-11 17:26:50.0;
18;1587.3;2019-04-11 17:26:55.0;
18;1587.6;2019-04-11 17:27:02.0;
18;1587.55;2019-04-11 17:27:04.0;
18;1587.4;2019-04-11 17:27:08.0;
18;1587.55;2019-04-11 17:27:10.0;
18;1587.3;2019-04-11 17:27:11.0;
18;1587.25;2019-04-11 17:27:17.0;
18;1587.1;2019-04-11 17:27:21.0;
18;1587.25;2019-04-11 17:27:24.0;
18;1587.1;2019-04-11 17:27:25.0;
18;1587.3;2019-04-11 17:27:27.0;
18;1587.25;2019-04-11 17:27:33.0;
18;1587.3;2019-04-11 17:27:38.0;
18;1587.35;2019-04-11 17:27:40.0;
18;1587.45;2019-04-11 17:27:45.0;
18;1587.4;2019-04-11 17:27:48.0;
18;1587.35;2019-04-11 17:28:04.0;
18;1587.45;2019-04-11 17:28:10.0;
18;1587.2;2019-04-11 17:28:19.0;
18;1587.45;2019-04-11 17:28:20.0;
18;1587.3;2019-04-11 17:28:22.0;
18;1587.25;2019-04-11 17:28:27.0;
18;1587.15;2019-04-11 17:28:34.0;
18;1587.1;2019-04-11 17:28:40.0;
18;1587.15;2019-04-11 17:28:44.0;
18;1587.2;2019-04-11 17:28:48.0;
18;1587.5;2019-04-11 17:28:52.0;
18;1587.45;2019-04-11 17:28:54.0;
18;1587.5;2019-04-11 17:28:57.0;
18;1587.45;2019-04-11 17:28:59.0;
18;1587.5;2019-04-11 17:29:01.0;
18;1587.55;2019-04-11 17:29:03.0;
18;1587.5;2019-04-11 17:29:04.0;
18;1587.55;2019-04-11 17:29:06.0;
18;1587.5;2019-04-11 17:29:08.0;
18;1587.55;2019-04-11 17:29:13.0;
18;1587.5;2019-04-11 17:29:15.0;
18;1587.6;2019-04-11 17:29:18.0;
18;1587.5;2019-04-11 17:29:23.0;
18;1587.4;2019-04-11 17:29:27.0;
18;1587.5;2019-04-11 17:29:28.0;
18;1587.4;2019-04-11 17:29:29.0;
18;1587.5;2019-04-11 17:29:33.0;
18;1587.55;2019-04-11 17:29:35.0;
18;1587.5;2019-04-11 17:29:41.0;
18;1587.6;2019-04-11 17:29:44.0;
18;1587.85;2019-04-11 17:30:04.0;
18;1587.6;2019-04-11 17:30:09.0;
18;1587.2;2019-04-11 17:30:13.0;
18;1587;2019-04-11 17:30:15.0;
18;1587.2;2019-04-11 17:30:17.0;
18;1586.65;2019-04-11 17:30:18.0;
18;1586.85;2019-04-11 17:30:25.0;
18;1586.9;2019-04-11 17:30:30.0;
18;1586.8;2019-04-11 17:30:32.0;
18;1586.7;2019-04-11 17:30:36.0;
18;1586.75;2019-04-11 17:30:44.0;
18;1586.45;2019-04-11 17:30:53.0;
18;1586.55;2019-04-11 17:30:56.0;
18;1586.5;2019-04-11 17:31:04.0;
18;1586.3;2019-04-11 17:31:09.0;
18;1586.55;2019-04-11 17:31:12.0;
18;1586.3;2019-04-11 17:31:13.0;
18;1586.55;2019-04-11 17:31:16.0;
18;1586.65;2019-04-11 17:31:27.0;
18;1586.95;2019-04-11 17:31:29.0;
18;1586.75;2019-04-11 17:31:31.0;
18;1586.85;2019-04-11 17:31:44.0;
18;1587.25;2019-04-11 17:32:04.0;
18;1587.3;2019-04-11 17:32:13.0;
18;1587;2019-04-11 17:32:16.0;
18;1586.95;2019-04-11 17:32:22.0;
18;1587.2;2019-04-11 17:32:30.0;
18;1587.05;2019-04-11 17:32:31.0;
18;1587.1;2019-04-11 17:32:37.0;
18;1587.05;2019-04-11 17:32:40.0;
18;1587;2019-04-11 17:32:45.0;
18;1586.9;2019-04-11 17:32:48.0;
18;1586.75;2019-04-11 17:32:51.0;
18;1586.9;2019-04-11 17:32:54.0;
18;1586.8;2019-04-11 17:32:56.0;
18;1586.75;2019-04-11 17:33:00.0;
18;1586.8;2019-04-11 17:33:01.0;
18;1586.75;2019-04-11 17:33:03.0;
18;1586.35;2019-04-11 17:33:07.0;
18;1586.5;2019-04-11 17:33:12.0;
18;1586.35;2019-04-11 17:33:13.0;
18;1586.6;2019-04-11 17:33:15.0;
18;1586.55;2019-04-11 17:33:20.0;
18;1586.35;2019-04-11 17:33:23.0;
18;1586.75;2019-04-11 17:33:29.0;
18;1586.55;2019-04-11 17:33:35.0;
18;1586.3;2019-04-11 17:33:39.0;
18;1586.55;2019-04-11 17:33:44.0;
18;1586.5;2019-04-11 17:33:49.0;
18;1586.45;2019-04-11 17:34:05.0;
18;1586.5;2019-04-11 17:34:08.0;
18;1586.25;2019-04-11 17:34:13.0;
18;1586.3;2019-04-11 17:34:16.0;
18;1586.25;2019-04-11 17:34:19.0;
18;1586.3;2019-04-11 17:34:20.0;
18;1586.25;2019-04-11 17:34:22.0;
18;1586.35;2019-04-11 17:34:28.0;
18;1586.3;2019-04-11 17:34:34.0;
18;1586.4;2019-04-11 17:34:37.0;
18;1586.25;2019-04-11 17:34:40.0;
18;1586.4;2019-04-11 17:34:41.0;
18;1586.25;2019-04-11 17:34:43.0;
18;1586.15;2019-04-11 17:34:44.0;
18;1586.25;2019-04-11 17:34:47.0;
18;1586.1;2019-04-11 17:34:53.0;
18;1585.95;2019-04-11 17:34:54.0;
18;1586;2019-04-11 17:35:00.0;
18;1585.85;2019-04-11 17:35:07.0;
18;1586.15;2019-04-11 17:35:12.0;
18;1585.85;2019-04-11 17:35:13.0;
18;1586.15;2019-04-11 17:35:15.0;
18;1585.95;2019-04-11 17:35:16.0;
18;1586.15;2019-04-11 17:35:19.0;
18;1585.95;2019-04-11 17:35:21.0;
18;1586;2019-04-11 17:35:22.0;
18;1586.05;2019-04-11 17:35:28.0;
18;1586.25;2019-04-11 17:35:33.0;
18;1586.05;2019-04-11 17:35:35.0;
18;1586.15;2019-04-11 17:35:37.0;
18;1586.05;2019-04-11 17:35:43.0;
18;1586.25;2019-04-11 17:35:47.0;
18;1586.3;2019-04-11 17:35:48.0;
18;1586.25;2019-04-11 17:35:50.0;
18;1586.3;2019-04-11 17:35:51.0;
18;1586.65;2019-04-11 17:36:03.0;
18;1586.7;2019-04-11 17:36:08.0;
18;1586.75;2019-04-11 17:36:12.0;
18;1586.65;2019-04-11 17:36:14.0;
18;1586.55;2019-04-11 17:36:22.0;
18;1586.75;2019-04-11 17:36:27.0;
18;1586.65;2019-04-11 17:36:32.0;
18;1586.35;2019-04-11 17:36:38.0;
18;1586.3;2019-04-11 17:36:44.0;
18;1586.25;2019-04-11 17:36:46.0;
18;1586.3;2019-04-11 17:36:47.0;
18;1585.95;2019-04-11 17:36:50.0;
18;1586;2019-04-11 17:36:58.0;
18;1586.35;2019-04-11 17:37:01.0;
18;1586.2;2019-04-11 17:37:06.0;
18;1586.35;2019-04-11 17:37:07.0;
18;1586.3;2019-04-11 17:37:10.0;
18;1586.35;2019-04-11 17:37:19.0;
18;1586.55;2019-04-11 17:37:26.0;
18;1586.35;2019-04-11 17:37:27.0;
18;1586.6;2019-04-11 17:37:30.0;
18;1586.4;2019-04-11 17:37:37.0;
18;1586.45;2019-04-11 17:37:38.0;
18;1586.4;2019-04-11 17:37:42.0;
18;1586.35;2019-04-11 17:37:43.0;
18;1586.25;2019-04-11 17:37:50.0;
18;1586.35;2019-04-11 17:38:04.0;
18;1586.3;2019-04-11 17:38:08.0;
18;1586;2019-04-11 17:38:15.0;
18;1585.5;2019-04-11 17:38:19.0;
18;1586;2019-04-11 17:38:21.0;
18;1585.5;2019-04-11 17:38:23.0;
18;1585.45;2019-04-11 17:38:29.0;
18;1585.4;2019-04-11 17:38:37.0;
18;1585.25;2019-04-11 17:38:40.0;
18;1585.15;2019-04-11 17:38:43.0;
18;1585;2019-04-11 17:38:48.0;
18;1585.1;2019-04-11 17:38:52.0;
18;1585.05;2019-04-11 17:38:55.0;
18;1585.1;2019-04-11 17:38:57.0;
18;1585.05;2019-04-11 17:38:58.0;
18;1584.95;2019-04-11 17:38:59.0;
18;1585.05;2019-04-11 17:39:05.0;
18;1585.15;2019-04-11 17:39:09.0;
18;1585;2019-04-11 17:39:15.0;
18;1584.9;2019-04-11 17:39:20.0;
18;1584.95;2019-04-11 17:39:26.0;
18;1584.4;2019-04-11 17:39:27.0;
18;1584.55;2019-04-11 17:39:31.0;
18;1584.4;2019-04-11 17:39:37.0;
18;1584.35;2019-04-11 17:39:39.0;
18;1584.4;2019-04-11 17:39:40.0;
18;1584.35;2019-04-11 17:39:42.0;
18;1584.3;2019-04-11 17:39:46.0;
18;1584.4;2019-04-11 17:39:47.0;
18;1584.3;2019-04-11 17:39:48.0;
18;1584.4;2019-04-11 17:39:50.0;
18;1584.05;2019-04-11 17:40:04.0;
18;1583;2019-04-11 17:40:10.0;
18;1582.95;2019-04-11 17:40:11.0;
18;1583.1;2019-04-11 17:40:18.0;
18;1583.05;2019-04-11 17:40:23.0;
18;1583.1;2019-04-11 17:40:24.0;
18;1582.6;2019-04-11 17:40:26.0;
18;1582.35;2019-04-11 17:40:30.0;
18;1582.45;2019-04-11 17:40:36.0;
18;1581.75;2019-04-11 17:40:39.0;
18;1581.85;2019-04-11 17:40:44.0;
18;1581.8;2019-04-11 17:40:46.0;
18;1581.85;2019-04-11 17:40:50.0;
18;1582.15;2019-04-11 17:40:55.0;
18;1581.85;2019-04-11 17:40:56.0;
18;1581.1;2019-04-11 17:41:03.0;
18;1581.25;2019-04-11 17:41:09.0;
18;1581.3;2019-04-11 17:41:11.0;
18;1581.6;2019-04-11 17:41:17.0;
18;1581.7;2019-04-11 17:41:18.0;
18;1581.55;2019-04-11 17:41:24.0;
18;1581.7;2019-04-11 17:41:26.0;
18;1581.9;2019-04-11 17:41:27.0;
18;1581.95;2019-04-11 17:41:33.0;
18;1582.3;2019-04-11 17:41:35.0;
18;1582.6;2019-04-11 17:41:40.0;
18;1582.3;2019-04-11 17:41:44.0;
18;1582.25;2019-04-11 17:41:48.0;
18;1582.55;2019-04-11 17:42:03.0;
18;1582.5;2019-04-11 17:42:09.0;
18;1582.55;2019-04-11 17:42:10.0;
18;1582.65;2019-04-11 17:42:12.0;
18;1582.7;2019-04-11 17:42:15.0;
18;1581.8;2019-04-11 17:42:27.0;
18;1581.95;2019-04-11 17:42:36.0;
18;1581.8;2019-04-11 17:42:37.0;
18;1582.1;2019-04-11 17:42:40.0;
18;1581.75;2019-04-11 17:42:44.0;
18;1581.95;2019-04-11 17:42:47.0;
18;1581.75;2019-04-11 17:42:49.0;
18;1582;2019-04-11 17:42:51.0;
18;1582.15;2019-04-11 17:42:59.0;
18;1582.25;2019-04-11 17:43:02.0;
18;1582.15;2019-04-11 17:43:04.0;
18;1582.25;2019-04-11 17:43:05.0;
18;1582.3;2019-04-11 17:43:14.0;
18;1582.55;2019-04-11 17:43:17.0;
18;1582.65;2019-04-11 17:43:20.0;
18;1582.55;2019-04-11 17:43:21.0;
18;1582.5;2019-04-11 17:43:23.0;
18;1582.6;2019-04-11 17:43:30.0;
18;1583;2019-04-11 17:43:35.0;
18;1582.8;2019-04-11 17:43:40.0;
18;1582.45;2019-04-11 17:43:43.0;
18;1582.75;2019-04-11 17:44:04.0;
18;1582.45;2019-04-11 17:44:06.0;
18;1582.75;2019-04-11 17:44:07.0;
18;1583;2019-04-11 17:44:08.0;
18;1583.1;2019-04-11 17:44:11.0;
18;1582.85;2019-04-11 17:44:18.0;
18;1582.75;2019-04-11 17:44:19.0;
18;1582.65;2019-04-11 17:44:24.0;
18;1582.6;2019-04-11 17:44:27.0;
18;1582.5;2019-04-11 17:44:31.0;
18;1582.95;2019-04-11 17:44:37.0;
18;1583.3;2019-04-11 17:44:39.0;
18;1583.1;2019-04-11 17:44:45.0;
18;1583.35;2019-04-11 17:44:48.0;
18;1583.25;2019-04-11 17:44:52.0;
18;1583.35;2019-04-11 17:44:54.0;
18;1583.25;2019-04-11 17:44:55.0;
18;1583.55;2019-04-11 17:44:58.0;
18;1583.6;2019-04-11 17:45:00.0;
18;1583.55;2019-04-11 17:45:01.0;
18;1583.6;2019-04-11 17:45:04.0;
18;1583.4;2019-04-11 17:45:05.0;
18;1583.7;2019-04-11 17:45:08.0;
18;1583.4;2019-04-11 17:45:09.0;
18;1583.55;2019-04-11 17:45:12.0;
18;1583.65;2019-04-11 17:45:17.0;
18;1583.35;2019-04-11 17:45:32.0;
18;1583.4;2019-04-11 17:45:36.0;
18;1583.9;2019-04-11 17:45:43.0;
18;1584.1;2019-04-11 17:45:48.0;
18;1583.95;2019-04-11 17:46:05.0;
18;1583.75;2019-04-11 17:46:09.0;
18;1583.65;2019-04-11 17:46:15.0;
18;1583.9;2019-04-11 17:46:21.0;
18;1583.65;2019-04-11 17:46:22.0;
18;1583.95;2019-04-11 17:46:24.0;
18;1584.05;2019-04-11 17:46:27.0;
18;1583.95;2019-04-11 17:46:28.0;
18;1583.9;2019-04-11 17:46:31.0;
18;1584.05;2019-04-11 17:46:34.0;
18;1583.9;2019-04-11 17:46:40.0;
18;1583.8;2019-04-11 17:46:46.0;
18;1583.85;2019-04-11 17:46:47.0;
18;1584;2019-04-11 17:46:59.0;
18;1583.75;2019-04-11 17:47:06.0;
18;1583.8;2019-04-11 17:47:07.0;
18;1583.95;2019-04-11 17:47:10.0;
18;1583.8;2019-04-11 17:47:11.0;
18;1583.95;2019-04-11 17:47:13.0;
18;1584;2019-04-11 17:47:19.0;
18;1584.25;2019-04-11 17:47:23.0;
18;1584.2;2019-04-11 17:47:30.0;
18;1583.9;2019-04-11 17:47:36.0;
18;1584;2019-04-11 17:47:37.0;
18;1583.9;2019-04-11 17:47:39.0;
18;1583.5;2019-04-11 17:47:40.0;
18;1583.65;2019-04-11 17:47:44.0;
18;1583.5;2019-04-11 17:47:45.0;
18;1583.65;2019-04-11 17:47:46.0;
18;1583.85;2019-04-11 17:47:49.0;
18;1583.7;2019-04-11 17:48:03.0;
18;1583.85;2019-04-11 17:48:05.0;
18;1583.7;2019-04-11 17:48:06.0;
18;1583.65;2019-04-11 17:48:08.0;
18;1583.6;2019-04-11 17:48:11.0;
18;1583.65;2019-04-11 17:48:19.0;
18;1583.9;2019-04-11 17:48:24.0;
18;1583.8;2019-04-11 17:48:32.0;
18;1583.85;2019-04-11 17:48:39.0;
18;1584;2019-04-11 17:48:45.0;
18;1584.05;2019-04-11 17:48:48.0;
18;1583.85;2019-04-11 17:49:00.0;
18;1583.7;2019-04-11 17:49:07.0;
18;1583.85;2019-04-11 17:49:08.0;
18;1583.7;2019-04-11 17:49:10.0;
18;1583.65;2019-04-11 17:49:11.0;
18;1583.45;2019-04-11 17:49:16.0;
18;1583.6;2019-04-11 17:49:20.0;
18;1583.45;2019-04-11 17:49:21.0;
18;1583.6;2019-04-11 17:49:23.0;
18;1583.5;2019-04-11 17:49:24.0;
18;1583.6;2019-04-11 17:49:27.0;
18;1583.55;2019-04-11 17:49:31.0;
18;1583.7;2019-04-11 17:49:35.0;
18;1583.8;2019-04-11 17:49:38.0;
18;1583.7;2019-04-11 17:49:40.0;
18;1583.8;2019-04-11 17:49:42.0;
18;1584;2019-04-11 17:49:50.0;
18;1584.2;2019-04-11 17:50:10.0;
18;1584.15;2019-04-11 17:50:13.0;
18;1584.25;2019-04-11 17:50:16.0;
18;1584.4;2019-04-11 17:50:20.0;
18;1584.95;2019-04-11 17:50:23.0;
18;1584.9;2019-04-11 17:50:29.0;
18;1584.95;2019-04-11 17:50:32.0;
18;1584.9;2019-04-11 17:50:41.0;
18;1584.85;2019-04-11 17:50:43.0;
18;1584.9;2019-04-11 17:50:44.0;
18;1584.85;2019-04-11 17:50:45.0;
18;1584.7;2019-04-11 17:50:48.0;
18;1585.1;2019-04-11 17:50:51.0;
18;1584.7;2019-04-11 17:50:52.0;
18;1585.1;2019-04-11 17:50:54.0;
18;1584.95;2019-04-11 17:51:01.0;
18;1584.85;2019-04-11 17:51:04.0;
18;1584.8;2019-04-11 17:51:08.0;
18;1584.9;2019-04-11 17:51:11.0;
18;1584.85;2019-04-11 17:51:18.0;
18;1585.05;2019-04-11 17:51:19.0;
18;1584.85;2019-04-11 17:51:22.0;
18;1585.2;2019-04-11 17:51:24.0;
18;1585.15;2019-04-11 17:51:27.0;
18;1585.2;2019-04-11 17:51:28.0;
18;1585.15;2019-04-11 17:51:29.0;
18;1584.95;2019-04-11 17:51:40.0;
18;1584.6;2019-04-11 17:51:43.0;
18;1584.8;2019-04-11 17:51:47.0;
18;1584.4;2019-04-11 17:52:04.0;
18;1584.45;2019-04-11 17:52:10.0;
18;1584.4;2019-04-11 17:52:17.0;
18;1584.35;2019-04-11 17:52:21.0;
18;1584.4;2019-04-11 17:52:22.0;
18;1584.35;2019-04-11 17:52:24.0;
18;1584.65;2019-04-11 17:52:25.0;
18;1584.6;2019-04-11 17:52:28.0;
18;1584.65;2019-04-11 17:52:29.0;
18;1584.6;2019-04-11 17:52:32.0;
18;1584.4;2019-04-11 17:52:34.0;
18;1584.45;2019-04-11 17:52:35.0;
18;1584.5;2019-04-11 17:52:42.0;
18;1584.4;2019-04-11 17:52:43.0;
18;1584.5;2019-04-11 17:52:44.0;
18;1584.4;2019-04-11 17:52:46.0;
18;1584.75;2019-04-11 17:52:47.0;
18;1584.65;2019-04-11 17:52:53.0;
18;1584.85;2019-04-11 17:52:57.0;
18;1584.75;2019-04-11 17:53:03.0;
18;1584.25;2019-04-11 17:53:07.0;
18;1584.1;2019-04-11 17:53:12.0;
18;1584.35;2019-04-11 17:53:18.0;
18;1584.3;2019-04-11 17:53:23.0;
18;1584.35;2019-04-11 17:53:28.0;
18;1584.25;2019-04-11 17:53:37.0;
18;1584.4;2019-04-11 17:53:42.0;
18;1584.2;2019-04-11 17:53:47.0;
18;1584.15;2019-04-11 17:54:04.0;
18;1584.55;2019-04-11 17:54:14.0;
18;1584.6;2019-04-11 17:54:19.0;
18;1584.65;2019-04-11 17:54:25.0;
18;1584.75;2019-04-11 17:54:26.0;
18;1584.65;2019-04-11 17:54:28.0;
18;1584.75;2019-04-11 17:54:30.0;
18;1584.7;2019-04-11 17:54:32.0;
18;1584.55;2019-04-11 17:54:38.0;
18;1584.75;2019-04-11 17:54:45.0;
18;1584.85;2019-04-11 17:54:53.0;
18;1584.8;2019-04-11 17:54:57.0;
18;1584.35;2019-04-11 17:55:03.0;
18;1584.25;2019-04-11 17:55:07.0;
18;1584.15;2019-04-11 17:55:11.0;
18;1584.25;2019-04-11 17:55:13.0;
18;1584.15;2019-04-11 17:55:15.0;
18;1584.25;2019-04-11 17:55:18.0;
18;1584.15;2019-04-11 17:55:25.0;
18;1584.45;2019-04-11 17:55:26.0;
18;1584.15;2019-04-11 17:55:28.0;
18;1584.45;2019-04-11 17:55:29.0;
18;1584.4;2019-04-11 17:55:32.0;
18;1584.35;2019-04-11 17:55:35.0;
18;1584.5;2019-04-11 17:55:40.0;
18;1584.45;2019-04-11 17:55:42.0;
18;1584.6;2019-04-11 17:55:49.0;
18;1585.15;2019-04-11 17:56:03.0;
18;1584.6;2019-04-11 17:56:04.0;
18;1585.15;2019-04-11 17:56:06.0;
18;1585.05;2019-04-11 17:56:08.0;
18;1585.15;2019-04-11 17:56:13.0;
18;1585.3;2019-04-11 17:56:17.0;
18;1585.35;2019-04-11 17:56:20.0;
18;1585.3;2019-04-11 17:56:23.0;
18;1585.35;2019-04-11 17:56:24.0;
18;1585.6;2019-04-11 17:56:26.0;
18;1585.65;2019-04-11 17:56:29.0;
18;1585.6;2019-04-11 17:56:34.0;
18;1585.65;2019-04-11 17:56:37.0;
18;1585.6;2019-04-11 17:56:39.0;
18;1585.55;2019-04-11 17:56:42.0;
18;1585.45;2019-04-11 17:56:45.0;
18;1585.4;2019-04-11 17:56:55.0;
18;1585.45;2019-04-11 17:56:57.0;
18;1585.4;2019-04-11 17:56:58.0;
18;1585.35;2019-04-11 17:57:00.0;
18;1585.3;2019-04-11 17:57:05.0;
18;1585.6;2019-04-11 17:57:09.0;
18;1585.3;2019-04-11 17:57:10.0;
18;1585.6;2019-04-11 17:57:12.0;
18;1586;2019-04-11 17:57:15.0;
18;1585.8;2019-04-11 17:57:19.0;
18;1585.7;2019-04-11 17:57:27.0;
18;1585.65;2019-04-11 17:57:34.0;
18;1585.35;2019-04-11 17:57:35.0;
18;1585.45;2019-04-11 17:57:43.0;
18;1585.6;2019-04-11 17:57:48.0;
18;1585.65;2019-04-11 17:58:03.0;
18;1585.55;2019-04-11 17:58:07.0;
18;1585.5;2019-04-11 17:58:14.0;
18;1585.45;2019-04-11 17:58:26.0;
18;1585.5;2019-04-11 17:58:29.0;
18;1585.7;2019-04-11 17:58:32.0;
18;1586;2019-04-11 17:58:36.0;
18;1585.9;2019-04-11 17:58:39.0;
18;1586;2019-04-11 17:58:42.0;
18;1585.9;2019-04-11 17:58:43.0;
18;1585.75;2019-04-11 17:58:45.0;
18;1585.65;2019-04-11 17:59:01.0;
18;1585.8;2019-04-11 17:59:18.0;
18;1585.75;2019-04-11 17:59:19.0;
18;1585.8;2019-04-11 17:59:20.0;
18;1585.75;2019-04-11 17:59:23.0;
18;1585.65;2019-04-11 17:59:25.0;
18;1585.7;2019-04-11 17:59:27.0;
18;1585.65;2019-04-11 17:59:33.0;
18;1585.8;2019-04-11 17:59:36.0;
18;1585.75;2019-04-11 17:59:38.0;
18;1585.65;2019-04-11 17:59:45.0;
18;1585.75;2019-04-11 17:59:50.0;
18;1585.7;2019-04-11 18:00:03.0;
18;1585.75;2019-04-11 18:00:04.0;
18;1585.7;2019-04-11 18:00:06.0;
18;1585.85;2019-04-11 18:00:09.0;
18;1585.65;2019-04-11 18:00:15.0;
18;1585.3;2019-04-11 18:00:21.0;
18;1585.35;2019-04-11 18:00:24.0;
18;1585.25;2019-04-11 18:00:34.0;
18;1585.15;2019-04-11 18:00:40.0;
18;1585.2;2019-04-11 18:00:47.0;
18;1585.35;2019-04-11 18:00:57.0;
18;1585.4;2019-04-11 18:00:58.0;
18;1585.35;2019-04-11 18:01:00.0;
18;1585.2;2019-04-11 18:01:03.0;
18;1585.15;2019-04-11 18:01:14.0;
18;1585.2;2019-04-11 18:01:17.0;
18;1585.1;2019-04-11 18:01:21.0;
18;1585.05;2019-04-11 18:01:25.0;
18;1585;2019-04-11 18:01:28.0;
18;1584.85;2019-04-11 18:01:34.0;
18;1585.05;2019-04-11 18:01:36.0;
18;1584.85;2019-04-11 18:01:37.0;
18;1585.1;2019-04-11 18:01:39.0;
18;1584.95;2019-04-11 18:01:45.0;
18;1585.1;2019-04-11 18:01:48.0;
18;1584.95;2019-04-11 18:01:49.0;
18;1585.1;2019-04-11 18:01:52.0;
18;1584.6;2019-04-11 18:02:03.0;
18;1584.4;2019-04-11 18:02:08.0;
18;1584.55;2019-04-11 18:02:10.0;
18;1584.65;2019-04-11 18:02:17.0;
18;1584.55;2019-04-11 18:02:19.0;
18;1584.65;2019-04-11 18:02:20.0;
18;1584.55;2019-04-11 18:02:22.0;
18;1584.5;2019-04-11 18:02:23.0;
18;1584.4;2019-04-11 18:02:28.0;
18;1584.45;2019-04-11 18:02:32.0;
18;1584.65;2019-04-11 18:02:35.0;
18;1584.8;2019-04-11 18:02:41.0;
18;1584.65;2019-04-11 18:02:42.0;
18;1584.8;2019-04-11 18:02:44.0;
18;1585.15;2019-04-11 18:02:45.0;
18;1585.25;2019-04-11 18:02:47.0;
18;1585.15;2019-04-11 18:02:48.0;
18;1585.25;2019-04-11 18:02:50.0;
18;1585.15;2019-04-11 18:02:53.0;
18;1585.05;2019-04-11 18:02:55.0;
18;1584.95;2019-04-11 18:03:01.0;
18;1585.15;2019-04-11 18:03:04.0;
18;1585.1;2019-04-11 18:03:08.0;
18;1585;2019-04-11 18:03:12.0;
18;1584.75;2019-04-11 18:03:19.0;
18;1584.95;2019-04-11 18:03:23.0;
18;1584.85;2019-04-11 18:03:29.0;
18;1584.8;2019-04-11 18:03:34.0;
18;1584.5;2019-04-11 18:03:36.0;
18;1584.45;2019-04-11 18:03:39.0;
18;1584.55;2019-04-11 18:03:46.0;
18;1584.6;2019-04-11 18:03:49.0;
18;1584.8;2019-04-11 18:04:03.0;
18;1584.7;2019-04-11 18:04:06.0;
18;1584.8;2019-04-11 18:04:09.0;
18;1584.7;2019-04-11 18:04:10.0;
18;1584.65;2019-04-11 18:04:12.0;
18;1584.55;2019-04-11 18:04:14.0;
18;1584.85;2019-04-11 18:04:20.0;
18;1584.55;2019-04-11 18:04:21.0;
18;1584.8;2019-04-11 18:04:23.0;
18;1584.85;2019-04-11 18:04:24.0;
18;1584.8;2019-04-11 18:04:26.0;
18;1585.15;2019-04-11 18:04:36.0;
18;1584.8;2019-04-11 18:04:37.0;
18;1585;2019-04-11 18:04:38.0;
18;1584.9;2019-04-11 18:04:47.0;
18;1585.2;2019-04-11 18:04:53.0;
18;1585.1;2019-04-11 18:04:56.0;
18;1585.2;2019-04-11 18:04:57.0;
18;1585.45;2019-04-11 18:04:59.0;
18;1585.35;2019-04-11 18:05:03.0;
18;1585.15;2019-04-11 18:05:06.0;
18;1585.3;2019-04-11 18:05:10.0;
18;1585.25;2019-04-11 18:05:16.0;
18;1585.15;2019-04-11 18:05:19.0;
18;1585.25;2019-04-11 18:05:20.0;
18;1585.15;2019-04-11 18:05:22.0;
18;1585.25;2019-04-11 18:05:23.0;
18;1585.35;2019-04-11 18:05:31.0;
18;1585.2;2019-04-11 18:05:33.0;
18;1585.1;2019-04-11 18:05:38.0;
18;1585.2;2019-04-11 18:05:42.0;
18;1585.1;2019-04-11 18:05:47.0;
18;1585.3;2019-04-11 18:06:04.0;
18;1585.35;2019-04-11 18:06:10.0;
18;1585.45;2019-04-11 18:06:13.0;
18;1585.5;2019-04-11 18:06:16.0;
18;1585.45;2019-04-11 18:06:18.0;
18;1585.4;2019-04-11 18:06:19.0;
18;1585.25;2019-04-11 18:06:29.0;
18;1585.15;2019-04-11 18:06:33.0;
18;1585.25;2019-04-11 18:06:37.0;
18;1585.3;2019-04-11 18:06:39.0;
18;1585.15;2019-04-11 18:06:46.0;
18;1585.2;2019-04-11 18:06:49.0;
18;1585.15;2019-04-11 18:06:54.0;
18;1585;2019-04-11 18:06:57.0;
18;1585.15;2019-04-11 18:06:59.0;
18;1584.9;2019-04-11 18:07:00.0;
18;1585.1;2019-04-11 18:07:03.0;
18;1584.9;2019-04-11 18:07:04.0;
18;1585.1;2019-04-11 18:07:06.0;
18;1584.95;2019-04-11 18:07:09.0;
18;1585.15;2019-04-11 18:07:12.0;
18;1584.85;2019-04-11 18:07:15.0;
18;1585;2019-04-11 18:07:21.0;
18;1584.95;2019-04-11 18:07:22.0;
18;1584.9;2019-04-11 18:07:28.0;
18;1584.85;2019-04-11 18:07:35.0;
18;1584.75;2019-04-11 18:07:44.0;
18;1584.65;2019-04-11 18:07:48.0;
18;1584.15;2019-04-11 18:08:03.0;
18;1584.65;2019-04-11 18:08:04.0;
18;1584.15;2019-04-11 18:08:05.0;
18;1584.1;2019-04-11 18:08:08.0;
18;1584.15;2019-04-11 18:08:11.0;
18;1584.1;2019-04-11 18:08:14.0;
18;1584.4;2019-04-11 18:08:16.0;
18;1584.2;2019-04-11 18:08:19.0;
18;1584.1;2019-04-11 18:08:26.0;
18;1584.15;2019-04-11 18:08:28.0;
18;1584.1;2019-04-11 18:08:30.0;
18;1583.75;2019-04-11 18:08:35.0;
18;1583.8;2019-04-11 18:08:41.0;
18;1583.75;2019-04-11 18:08:52.0;
18;1583.8;2019-04-11 18:08:54.0;
18;1583.6;2019-04-11 18:08:56.0;
18;1583.65;2019-04-11 18:09:01.0;
18;1583.8;2019-04-11 18:09:03.0;
18;1583.65;2019-04-11 18:09:04.0;
18;1583.8;2019-04-11 18:09:05.0;
18;1583.85;2019-04-11 18:09:08.0;
18;1583.8;2019-04-11 18:09:14.0;
18;1583.95;2019-04-11 18:09:15.0;
18;1584.05;2019-04-11 18:09:21.0;
18;1584.3;2019-04-11 18:09:31.0;
18;1584.05;2019-04-11 18:09:32.0;
18;1584.3;2019-04-11 18:09:33.0;
18;1584.35;2019-04-11 18:09:35.0;
18;1584.1;2019-04-11 18:09:44.0;
18;1584.2;2019-04-11 18:09:51.0;
18;1584.35;2019-04-11 18:10:05.0;
18;1584.3;2019-04-11 18:10:07.0;
18;1584.5;2019-04-11 18:10:10.0;
18;1584.7;2019-04-11 18:10:13.0;
18;1584.55;2019-04-11 18:10:26.0;
18;1584.5;2019-04-11 18:10:40.0;
18;1584.4;2019-04-11 18:10:43.0;
18;1584.3;2019-04-11 18:10:50.0;
18;1584.4;2019-04-11 18:10:52.0;
18;1584.3;2019-04-11 18:10:53.0;
18;1584.25;2019-04-11 18:10:54.0;
18;1584.35;2019-04-11 18:10:58.0;
18;1584.5;2019-04-11 18:11:03.0;
18;1584.35;2019-04-11 18:11:04.0;
18;1584.3;2019-04-11 18:11:06.0;
18;1584.35;2019-04-11 18:11:15.0;
18;1584.3;2019-04-11 18:11:18.0;
18;1584.35;2019-04-11 18:11:19.0;
18;1584.3;2019-04-11 18:11:21.0;
18;1584.2;2019-04-11 18:11:22.0;
18;1584.4;2019-04-11 18:11:27.0;
18;1584.45;2019-04-11 18:11:33.0;
18;1584.4;2019-04-11 18:11:34.0;
18;1584.45;2019-04-11 18:11:35.0;
18;1584.4;2019-04-11 18:11:37.0;
18;1584.35;2019-04-11 18:11:42.0;
18;1584.2;2019-04-11 18:11:47.0;
18;1584.4;2019-04-11 18:12:05.0;
18;1584.2;2019-04-11 18:12:06.0;
18;1584.5;2019-04-11 18:12:07.0;
18;1584.4;2019-04-11 18:12:09.0;
18;1584.5;2019-04-11 18:12:12.0;
18;1584.4;2019-04-11 18:12:13.0;
18;1584.35;2019-04-11 18:12:16.0;
18;1584.4;2019-04-11 18:12:18.0;
18;1584.35;2019-04-11 18:12:19.0;
18;1584.25;2019-04-11 18:12:20.0;
18;1584.35;2019-04-11 18:12:22.0;
18;1584.25;2019-04-11 18:12:24.0;
18;1584.35;2019-04-11 18:12:25.0;
18;1584.6;2019-04-11 18:12:26.0;
18;1584.55;2019-04-11 18:12:30.0;
18;1584.3;2019-04-11 18:12:36.0;
18;1584.55;2019-04-11 18:12:38.0;
18;1584.4;2019-04-11 18:12:39.0;
18;1584.35;2019-04-11 18:12:43.0;
18;1584.4;2019-04-11 18:12:47.0;
18;1584.35;2019-04-11 18:12:48.0;
18;1584.4;2019-04-11 18:12:51.0;
18;1584.25;2019-04-11 18:12:56.0;
18;1584.4;2019-04-11 18:12:57.0;
18;1584.5;2019-04-11 18:12:59.0;
18;1584.45;2019-04-11 18:13:03.0;
18;1584.5;2019-04-11 18:13:05.0;
18;1584.45;2019-04-11 18:13:06.0;
18;1584.25;2019-04-11 18:13:07.0;
18;1584.45;2019-04-11 18:13:09.0;
18;1584.25;2019-04-11 18:13:10.0;
18;1584.3;2019-04-11 18:13:13.0;
18;1584.55;2019-04-11 18:13:18.0;
18;1584.35;2019-04-11 18:13:24.0;
18;1584.05;2019-04-11 18:13:26.0;
18;1584.35;2019-04-11 18:13:27.0;
18;1584.05;2019-04-11 18:13:29.0;
18;1583.95;2019-04-11 18:13:30.0;
18;1584.1;2019-04-11 18:13:47.0;
18;1584.15;2019-04-11 18:14:03.0;
18;1584.1;2019-04-11 18:14:11.0;
18;1584.35;2019-04-11 18:14:19.0;
18;1584.45;2019-04-11 18:14:25.0;
18;1584.1;2019-04-11 18:14:27.0;
18;1584.35;2019-04-11 18:14:33.0;
18;1584.2;2019-04-11 18:14:39.0;
18;1584.35;2019-04-11 18:14:40.0;
18;1584.3;2019-04-11 18:14:43.0;
18;1584.35;2019-04-11 18:14:49.0;
18;1584.45;2019-04-11 18:14:54.0;
18;1584.35;2019-04-11 18:14:56.0;
18;1584.45;2019-04-11 18:15:00.0;
18;1584.35;2019-04-11 18:15:01.0;
18;1584.45;2019-04-11 18:15:05.0;
18;1584.35;2019-04-11 18:15:06.0;
18;1584.1;2019-04-11 18:15:08.0;
18;1584;2019-04-11 18:15:13.0;
18;1584.1;2019-04-11 18:15:21.0;
18;1584;2019-04-11 18:15:24.0;
18;1583.95;2019-04-11 18:15:27.0;
18;1584;2019-04-11 18:15:34.0;
18;1584.05;2019-04-11 18:15:40.0;
18;1584.1;2019-04-11 18:15:44.0;
18;1584.05;2019-04-11 18:16:10.0;
18;1583.9;2019-04-11 18:16:17.0;
18;1583.85;2019-04-11 18:16:18.0;
18;1583.9;2019-04-11 18:16:24.0;
18;1583.85;2019-04-11 18:16:32.0;
18;1583.75;2019-04-11 18:16:35.0;
18;1583.85;2019-04-11 18:16:36.0;
18;1583.6;2019-04-11 18:16:39.0;
18;1583.35;2019-04-11 18:16:45.0;
18;1583.5;2019-04-11 18:16:47.0;
18;1583.7;2019-04-11 18:16:51.0;
18;1583.65;2019-04-11 18:16:58.0;
18;1583.85;2019-04-11 18:16:59.0;
18;1583.75;2019-04-11 18:17:06.0;
18;1583.7;2019-04-11 18:17:08.0;
18;1583.8;2019-04-11 18:17:10.0;
18;1584.2;2019-04-11 18:17:17.0;
18;1583.95;2019-04-11 18:17:21.0;
18;1583.9;2019-04-11 18:17:25.0;
18;1584;2019-04-11 18:17:27.0;
18;1584.2;2019-04-11 18:17:31.0;
18;1584;2019-04-11 18:17:34.0;
18;1584.2;2019-04-11 18:17:35.0;
18;1584.3;2019-04-11 18:17:37.0;
18;1584.4;2019-04-11 18:17:45.0;
18;1584.85;2019-04-11 18:18:05.0;
18;1584.75;2019-04-11 18:18:08.0;
18;1584.85;2019-04-11 18:18:11.0;
18;1584.75;2019-04-11 18:18:12.0;
18;1584.7;2019-04-11 18:18:15.0;
18;1584.65;2019-04-11 18:18:20.0;
18;1584.95;2019-04-11 18:18:23.0;
18;1585.05;2019-04-11 18:18:30.0;
18;1585;2019-04-11 18:18:32.0;
18;1585.05;2019-04-11 18:18:34.0;
18;1585.15;2019-04-11 18:18:41.0;
18;1585.3;2019-04-11 18:18:43.0;
18;1585.15;2019-04-11 18:18:47.0;
18;1585.3;2019-04-11 18:18:48.0;
18;1585.15;2019-04-11 18:18:49.0;
18;1585;2019-04-11 18:18:51.0;
18;1585.1;2019-04-11 18:18:55.0;
18;1585.05;2019-04-11 18:18:59.0;
18;1585.1;2019-04-11 18:19:01.0;
18;1585.05;2019-04-11 18:19:03.0;
18;1585.2;2019-04-11 18:19:06.0;
18;1585.1;2019-04-11 18:19:07.0;
18;1584.9;2019-04-11 18:19:14.0;
18;1585.05;2019-04-11 18:19:16.0;
18;1585;2019-04-11 18:19:20.0;
18;1585.15;2019-04-11 18:19:27.0;
18;1584.9;2019-04-11 18:19:33.0;
18;1584.85;2019-04-11 18:19:39.0;
18;1584.75;2019-04-11 18:19:44.0;
18;1584.85;2019-04-11 18:19:45.0;
18;1584.75;2019-04-11 18:19:47.0;
18;1584.8;2019-04-11 18:19:48.0;
18;1584.75;2019-04-11 18:19:50.0;
18;1584.8;2019-04-11 18:19:51.0;
18;1584.75;2019-04-11 18:20:05.0;
18;1584.55;2019-04-11 18:20:18.0;
18;1584.25;2019-04-11 18:20:21.0;
18;1584.6;2019-04-11 18:20:24.0;
18;1584.5;2019-04-11 18:20:27.0;
18;1584.45;2019-04-11 18:20:32.0;
18;1584.5;2019-04-11 18:20:34.0;
18;1584.25;2019-04-11 18:20:36.0;
18;1584.45;2019-04-11 18:20:37.0;
18;1584.25;2019-04-11 18:20:39.0;
18;1584.7;2019-04-11 18:20:40.0;
18;1584.25;2019-04-11 18:20:43.0;
18;1584.55;2019-04-11 18:20:45.0;
18;1584.6;2019-04-11 18:20:49.0;
18;1584.7;2019-04-11 18:20:53.0;
18;1584.65;2019-04-11 18:20:57.0;
18;1584.4;2019-04-11 18:21:03.0;
18;1584.55;2019-04-11 18:21:08.0;
18;1584.5;2019-04-11 18:21:19.0;
18;1584.4;2019-04-11 18:21:24.0;
18;1584.1;2019-04-11 18:21:28.0;
18;1583.95;2019-04-11 18:21:31.0;
18;1583.9;2019-04-11 18:21:35.0;
18;1583.65;2019-04-11 18:21:39.0;
18;1583.6;2019-04-11 18:21:42.0;
18;1583.65;2019-04-11 18:21:44.0;
18;1583.6;2019-04-11 18:21:45.0;
18;1583.65;2019-04-11 18:21:47.0;
18;1583.7;2019-04-11 18:22:04.0;
18;1583.9;2019-04-11 18:22:10.0;
18;1583.95;2019-04-11 18:22:11.0;
18;1583.9;2019-04-11 18:22:13.0;
18;1583.95;2019-04-11 18:22:15.0;
18;1584.1;2019-04-11 18:22:16.0;
18;1584.05;2019-04-11 18:22:22.0;
18;1584.25;2019-04-11 18:22:28.0;
18;1584.4;2019-04-11 18:22:32.0;
18;1584.25;2019-04-11 18:22:33.0;
18;1584.2;2019-04-11 18:22:35.0;
18;1584.4;2019-04-11 18:22:36.0;
18;1584.2;2019-04-11 18:22:38.0;
18;1584.4;2019-04-11 18:22:43.0;
18;1584.1;2019-04-11 18:22:56.0;
18;1584.05;2019-04-11 18:22:59.0;
18;1584.3;2019-04-11 18:23:03.0;
18;1584.45;2019-04-11 18:23:07.0;
18;1584.35;2019-04-11 18:23:11.0;
18;1584.45;2019-04-11 18:23:16.0;
18;1584.55;2019-04-11 18:23:20.0;
18;1584.5;2019-04-11 18:23:23.0;
18;1584.65;2019-04-11 18:23:30.0;
18;1584.8;2019-04-11 18:23:41.0;
18;1584.65;2019-04-11 18:23:44.0;
18;1584.55;2019-04-11 18:23:49.0;
18;1584.8;2019-04-11 18:24:03.0;
18;1584.7;2019-04-11 18:24:07.0;
18;1584.8;2019-04-11 18:24:10.0;
18;1584.75;2019-04-11 18:24:12.0;
18;1584.8;2019-04-11 18:24:20.0;
18;1584.95;2019-04-11 18:24:26.0;
18;1584.8;2019-04-11 18:24:27.0;
18;1584.9;2019-04-11 18:24:28.0;
18;1584.85;2019-04-11 18:24:31.0;
18;1584.9;2019-04-11 18:24:32.0;
18;1584.85;2019-04-11 18:24:34.0;
18;1585.05;2019-04-11 18:24:35.0;
18;1584.85;2019-04-11 18:24:40.0;
18;1585;2019-04-11 18:24:46.0;
18;1585.05;2019-04-11 18:24:47.0;
18;1585;2019-04-11 18:24:49.0;
18;1584.85;2019-04-11 18:24:57.0;
18;1584.9;2019-04-11 18:25:03.0;
18;1584.5;2019-04-11 18:25:13.0;
18;1584.6;2019-04-11 18:25:15.0;
18;1584.5;2019-04-11 18:25:18.0;
18;1584.45;2019-04-11 18:25:25.0;
18;1584.55;2019-04-11 18:25:29.0;
18;1584.5;2019-04-11 18:25:33.0;
18;1584.55;2019-04-11 18:25:37.0;
18;1584.65;2019-04-11 18:25:44.0;
18;1584.75;2019-04-11 18:25:47.0;
18;1584.65;2019-04-11 18:25:48.0;
18;1584.75;2019-04-11 18:25:50.0;
18;1584.25;2019-04-11 18:26:03.0;
18;1584.3;2019-04-11 18:26:09.0;
18;1584.25;2019-04-11 18:26:10.0;
18;1584.3;2019-04-11 18:26:13.0;
18;1584.25;2019-04-11 18:26:14.0;
18;1584.1;2019-04-11 18:26:16.0;
18;1583.85;2019-04-11 18:26:25.0;
18;1583.9;2019-04-11 18:26:29.0;
18;1583.85;2019-04-11 18:26:34.0;
18;1583.95;2019-04-11 18:26:41.0;
18;1583.85;2019-04-11 18:26:45.0;
18;1583.9;2019-04-11 18:26:48.0;
18;1583.85;2019-04-11 18:26:49.0;
18;1583.9;2019-04-11 18:26:51.0;
18;1584.15;2019-04-11 18:26:54.0;
18;1584.1;2019-04-11 18:26:56.0;
18;1584.15;2019-04-11 18:26:57.0;
18;1584.1;2019-04-11 18:26:58.0;
18;1584.05;2019-04-11 18:27:09.0;
18;1584.1;2019-04-11 18:27:14.0;
18;1584.05;2019-04-11 18:27:16.0;
18;1584.1;2019-04-11 18:27:22.0;
18;1584.2;2019-04-11 18:27:26.0;
18;1584.25;2019-04-11 18:27:28.0;
18;1584.2;2019-04-11 18:27:30.0;
18;1584.4;2019-04-11 18:27:31.0;
18;1584.25;2019-04-11 18:27:33.0;
18;1584.4;2019-04-11 18:27:34.0;
18;1584.5;2019-04-11 18:27:36.0;
18;1584.35;2019-04-11 18:27:39.0;
18;1584.5;2019-04-11 18:27:44.0;
18;1584.25;2019-04-11 18:27:51.0;
18;1584.15;2019-04-11 18:28:03.0;
18;1584.25;2019-04-11 18:28:05.0;
18;1584.15;2019-04-11 18:28:06.0;
18;1584.1;2019-04-11 18:28:08.0;
18;1584.15;2019-04-11 18:28:09.0;
18;1583.9;2019-04-11 18:28:12.0;
18;1583.75;2019-04-11 18:28:18.0;
18;1583.8;2019-04-11 18:28:19.0;
18;1583.75;2019-04-11 18:28:23.0;
18;1583.95;2019-04-11 18:28:29.0;
18;1583.85;2019-04-11 18:28:34.0;
18;1583.95;2019-04-11 18:28:36.0;
18;1583.85;2019-04-11 18:28:38.0;
18;1583.95;2019-04-11 18:28:39.0;
18;1583.9;2019-04-11 18:28:40.0;
18;1584.05;2019-04-11 18:28:45.0;
18;1583.95;2019-04-11 18:28:50.0;
18;1583.9;2019-04-11 18:28:51.0;
18;1583.95;2019-04-11 18:28:55.0;
18;1583.8;2019-04-11 18:28:56.0;
18;1583.9;2019-04-11 18:29:01.0;
18;1583.95;2019-04-11 18:29:11.0;
18;1583.9;2019-04-11 18:29:12.0;
18;1583.95;2019-04-11 18:29:14.0;
18;1584;2019-04-11 18:29:25.0;
18;1584.1;2019-04-11 18:29:33.0;
18;1584.05;2019-04-11 18:29:37.0;
18;1584.1;2019-04-11 18:29:38.0;
18;1584;2019-04-11 18:29:40.0;
18;1584.1;2019-04-11 18:29:46.0;
18;1584.15;2019-04-11 18:29:47.0;
18;1584.35;2019-04-11 18:30:04.0;
18;1584.3;2019-04-11 18:30:09.0;
18;1584.2;2019-04-11 18:30:15.0;
18;1583.95;2019-04-11 18:30:21.0;
18;1584.15;2019-04-11 18:30:31.0;
18;1584.3;2019-04-11 18:30:36.0;
18;1584.15;2019-04-11 18:30:41.0;
18;1584.05;2019-04-11 18:30:47.0;
18;1584.15;2019-04-11 18:30:49.0;
18;1584.05;2019-04-11 18:30:50.0;
18;1583.85;2019-04-11 18:30:53.0;
18;1583.95;2019-04-11 18:30:58.0;
18;1583.9;2019-04-11 18:31:04.0;
18;1584.05;2019-04-11 18:31:09.0;
18;1584.15;2019-04-11 18:31:15.0;
18;1584.1;2019-04-11 18:31:21.0;
18;1584.2;2019-04-11 18:31:25.0;
18;1584.1;2019-04-11 18:31:26.0;
18;1584.25;2019-04-11 18:31:28.0;
18;1584.35;2019-04-11 18:31:33.0;
18;1584.15;2019-04-11 18:31:35.0;
18;1584.35;2019-04-11 18:31:37.0;
18;1584.15;2019-04-11 18:31:39.0;
18;1584.35;2019-04-11 18:31:40.0;
18;1584.45;2019-04-11 18:32:04.0;
18;1584.1;2019-04-11 18:32:08.0;
18;1584.05;2019-04-11 18:32:15.0;
18;1584.1;2019-04-11 18:32:22.0;
18;1584.25;2019-04-11 18:32:23.0;
18;1584.05;2019-04-11 18:32:31.0;
18;1583.8;2019-04-11 18:32:38.0;
18;1584.1;2019-04-11 18:32:39.0;
18;1583.8;2019-04-11 18:32:42.0;
18;1584.05;2019-04-11 18:32:44.0;
18;1584.15;2019-04-11 18:32:48.0;
18;1584.2;2019-04-11 18:32:54.0;
18;1584.3;2019-04-11 18:32:55.0;
18;1584.2;2019-04-11 18:32:57.0;
18;1584.35;2019-04-11 18:32:59.0;
18;1584.55;2019-04-11 18:33:06.0;
18;1584.4;2019-04-11 18:33:08.0;
18;1584.35;2019-04-11 18:33:11.0;
18;1584.4;2019-04-11 18:33:12.0;
18;1584.35;2019-04-11 18:33:14.0;
18;1584.25;2019-04-11 18:33:15.0;
18;1584.3;2019-04-11 18:33:21.0;
18;1584.35;2019-04-11 18:33:23.0;
18;1584.1;2019-04-11 18:33:36.0;
18;1584.25;2019-04-11 18:33:42.0;
18;1584.15;2019-04-11 18:34:03.0;
18;1584.25;2019-04-11 18:34:04.0;
18;1584.15;2019-04-11 18:34:05.0;
18;1584.35;2019-04-11 18:34:11.0;
18;1584.3;2019-04-11 18:34:14.0;
18;1584.25;2019-04-11 18:34:20.0;
18;1584.3;2019-04-11 18:34:21.0;
18;1584.25;2019-04-11 18:34:23.0;
18;1584.35;2019-04-11 18:34:24.0;
18;1584.25;2019-04-11 18:34:28.0;
18;1584.35;2019-04-11 18:34:29.0;
18;1584.45;2019-04-11 18:34:30.0;
18;1584.6;2019-04-11 18:34:38.0;
18;1584.25;2019-04-11 18:34:49.0;
18;1584.35;2019-04-11 18:34:54.0;
18;1584.4;2019-04-11 18:34:55.0;
18;1584.45;2019-04-11 18:34:59.0;
18;1584.4;2019-04-11 18:35:06.0;
18;1584.3;2019-04-11 18:35:07.0;
18;1584.4;2019-04-11 18:35:10.0;
18;1584.3;2019-04-11 18:35:11.0;
18;1584.45;2019-04-11 18:35:15.0;
18;1584.35;2019-04-11 18:35:22.0;
18;1584.4;2019-04-11 18:35:23.0;
18;1584.35;2019-04-11 18:35:25.0;
18;1584.4;2019-04-11 18:35:26.0;
18;1584.2;2019-04-11 18:35:31.0;
18;1584.15;2019-04-11 18:35:37.0;
18;1584.25;2019-04-11 18:35:47.0;
18;1584.5;2019-04-11 18:36:05.0;
18;1584.35;2019-04-11 18:36:12.0;
18;1584.45;2019-04-11 18:36:15.0;
18;1584.4;2019-04-11 18:36:21.0;
18;1584.45;2019-04-11 18:36:22.0;
18;1584.25;2019-04-11 18:36:24.0;
18;1584.35;2019-04-11 18:36:31.0;
18;1584.45;2019-04-11 18:36:40.0;
18;1584.5;2019-04-11 18:36:45.0;
18;1584.7;2019-04-11 18:36:47.0;
18;1584.5;2019-04-11 18:36:50.0;
18;1584.7;2019-04-11 18:36:51.0;
18;1584.75;2019-04-11 18:36:54.0;
18;1584.65;2019-04-11 18:37:07.0;
18;1584.6;2019-04-11 18:37:14.0;
18;1584.55;2019-04-11 18:37:16.0;
18;1584.6;2019-04-11 18:37:17.0;
18;1584.55;2019-04-11 18:37:18.0;
18;1584.7;2019-04-11 18:37:23.0;
18;1584.65;2019-04-11 18:37:29.0;
18;1584.6;2019-04-11 18:37:35.0;
18;1584.55;2019-04-11 18:37:39.0;
18;1584.4;2019-04-11 18:37:44.0;
18;1584.5;2019-04-11 18:37:48.0;
18;1584.65;2019-04-11 18:38:05.0;
18;1584.7;2019-04-11 18:38:07.0;
18;1584.85;2019-04-11 18:38:11.0;
18;1584.7;2019-04-11 18:38:13.0;
18;1584.85;2019-04-11 18:38:14.0;
18;1584.95;2019-04-11 18:38:24.0;
18;1584.85;2019-04-11 18:38:27.0;
18;1584.9;2019-04-11 18:38:28.0;
18;1585;2019-04-11 18:38:34.0;
18;1585.05;2019-04-11 18:38:37.0;
18;1585.15;2019-04-11 18:38:40.0;
18;1585;2019-04-11 18:38:42.0;
18;1585.15;2019-04-11 18:38:44.0;
18;1585;2019-04-11 18:38:45.0;
18;1584.9;2019-04-11 18:38:48.0;
18;1584.95;2019-04-11 18:38:52.0;
18;1585;2019-04-11 18:38:55.0;
18;1584.75;2019-04-11 18:39:00.0;
18;1584.85;2019-04-11 18:39:07.0;
18;1584.8;2019-04-11 18:39:08.0;
18;1584.85;2019-04-11 18:39:09.0;
18;1584.8;2019-04-11 18:39:11.0;
18;1585.1;2019-04-11 18:39:17.0;
18;1584.95;2019-04-11 18:39:26.0;
18;1584.9;2019-04-11 18:39:32.0;
18;1584.85;2019-04-11 18:39:35.0;
18;1584.9;2019-04-11 18:39:43.0;
18;1584.6;2019-04-11 18:39:47.0;
18;1584.75;2019-04-11 18:40:06.0;
18;1584.8;2019-04-11 18:40:07.0;
18;1584.75;2019-04-11 18:40:12.0;
18;1584.85;2019-04-11 18:40:21.0;
18;1585;2019-04-11 18:40:23.0;
18;1584.75;2019-04-11 18:40:29.0;
18;1585;2019-04-11 18:40:30.0;
18;1584.75;2019-04-11 18:40:31.0;
18;1584.8;2019-04-11 18:40:33.0;
18;1585;2019-04-11 18:40:41.0;
18;1584.95;2019-04-11 18:40:44.0;
18;1585;2019-04-11 18:40:47.0;
18;1584.85;2019-04-11 18:40:53.0;
18;1584.8;2019-04-11 18:41:02.0;
18;1584.75;2019-04-11 18:41:03.0;
18;1584.8;2019-04-11 18:41:05.0;
18;1584.75;2019-04-11 18:41:06.0;
18;1584.7;2019-04-11 18:41:09.0;
18;1584.55;2019-04-11 18:41:10.0;
18;1584.7;2019-04-11 18:41:12.0;
18;1584.55;2019-04-11 18:41:13.0;
18;1584.35;2019-04-11 18:41:24.0;
18;1584.55;2019-04-11 18:41:31.0;
18;1584.3;2019-04-11 18:41:32.0;
18;1584.55;2019-04-11 18:41:33.0;
18;1584.45;2019-04-11 18:41:36.0;
18;1584.3;2019-04-11 18:41:39.0;
18;1584.45;2019-04-11 18:41:42.0;
18;1584.2;2019-04-11 18:41:43.0;
18;1584.3;2019-04-11 18:42:03.0;
18;1584.2;2019-04-11 18:42:06.0;
18;1584.3;2019-04-11 18:42:07.0;
18;1584.4;2019-04-11 18:42:08.0;
18;1584.35;2019-04-11 18:42:14.0;
18;1584.4;2019-04-11 18:42:19.0;
18;1584.55;2019-04-11 18:42:27.0;
18;1584.5;2019-04-11 18:42:36.0;
18;1584.55;2019-04-11 18:42:39.0;
18;1584.5;2019-04-11 18:42:40.0;
18;1584.55;2019-04-11 18:42:41.0;
18;1584.6;2019-04-11 18:42:43.0;
18;1584.55;2019-04-11 18:42:47.0;
18;1584.5;2019-04-11 18:42:51.0;
18;1584.45;2019-04-11 18:42:56.0;
18;1584.4;2019-04-11 18:42:59.0;
18;1584.3;2019-04-11 18:43:11.0;
18;1584.4;2019-04-11 18:43:15.0;
18;1584.3;2019-04-11 18:43:19.0;
18;1584.45;2019-04-11 18:43:27.0;
18;1584.4;2019-04-11 18:43:31.0;
18;1584.45;2019-04-11 18:43:40.0;
18;1584.2;2019-04-11 18:43:45.0;
18;1584.3;2019-04-11 18:43:52.0;
18;1584.25;2019-04-11 18:44:09.0;
18;1584.35;2019-04-11 18:44:11.0;
18;1584.45;2019-04-11 18:44:17.0;
18;1584.4;2019-04-11 18:44:19.0;
18;1584.45;2019-04-11 18:44:33.0;
18;1584.4;2019-04-11 18:44:38.0;
18;1584.55;2019-04-11 18:44:40.0;
18;1584.4;2019-04-11 18:44:42.0;
18;1584.5;2019-04-11 18:44:44.0;
18;1584.55;2019-04-11 18:44:52.0;
18;1584.5;2019-04-11 18:44:59.0;
18;1584.35;2019-04-11 18:45:03.0;
18;1584.5;2019-04-11 18:45:08.0;
18;1584.6;2019-04-11 18:45:12.0;
18;1584.75;2019-04-11 18:45:18.0;
18;1584.95;2019-04-11 18:45:19.0;
18;1584.75;2019-04-11 18:45:21.0;
18;1584.95;2019-04-11 18:45:22.0;
18;1585;2019-04-11 18:45:25.0;
18;1584.95;2019-04-11 18:45:27.0;
18;1584.7;2019-04-11 18:45:31.0;
18;1584.75;2019-04-11 18:45:36.0;
18;1584.6;2019-04-11 18:45:49.0;
18;1584.25;2019-04-11 18:46:04.0;
18;1584.3;2019-04-11 18:46:20.0;
18;1584.25;2019-04-11 18:46:24.0;
18;1584.35;2019-04-11 18:46:28.0;
18;1584.4;2019-04-11 18:46:33.0;
18;1584.5;2019-04-11 18:46:36.0;
18;1584.4;2019-04-11 18:46:37.0;
18;1584.5;2019-04-11 18:46:39.0;
18;1584.6;2019-04-11 18:46:40.0;
18;1584.55;2019-04-11 18:46:45.0;
18;1584.35;2019-04-11 18:46:56.0;
18;1584.5;2019-04-11 18:46:59.0;
18;1584.55;2019-04-11 18:47:05.0;
18;1584.5;2019-04-11 18:47:06.0;
18;1584.55;2019-04-11 18:47:08.0;
18;1584.7;2019-04-11 18:47:15.0;
18;1584.55;2019-04-11 18:47:19.0;
18;1584.45;2019-04-11 18:47:24.0;
18;1584.55;2019-04-11 18:47:31.0;
18;1584.75;2019-04-11 18:47:51.0;
18;1584.6;2019-04-11 18:48:03.0;
18;1584.55;2019-04-11 18:48:06.0;
18;1584.8;2019-04-11 18:48:11.0;
18;1584.75;2019-04-11 18:48:16.0;
18;1584.8;2019-04-11 18:48:17.0;
18;1584.95;2019-04-11 18:48:23.0;
18;1584.8;2019-04-11 18:48:24.0;
18;1584.95;2019-04-11 18:48:26.0;
18;1584.85;2019-04-11 18:48:28.0;
18;1584.95;2019-04-11 18:48:30.0;
18;1584.85;2019-04-11 18:48:31.0;
18;1584.9;2019-04-11 18:48:32.0;
18;1585;2019-04-11 18:48:44.0;
18;1584.95;2019-04-11 18:48:47.0;
18;1585.05;2019-04-11 18:48:53.0;
18;1584.9;2019-04-11 18:48:55.0;
18;1585.05;2019-04-11 18:48:56.0;
18;1584.9;2019-04-11 18:48:57.0;
18;1584.85;2019-04-11 18:48:59.0;
18;1584.8;2019-04-11 18:49:07.0;
18;1584.85;2019-04-11 18:49:17.0;
18;1584.75;2019-04-11 18:49:20.0;
18;1584.8;2019-04-11 18:49:23.0;
18;1584.75;2019-04-11 18:49:30.0;
18;1584.85;2019-04-11 18:49:33.0;
18;1584.6;2019-04-11 18:49:34.0;
18;1584.85;2019-04-11 18:49:35.0;
18;1584.6;2019-04-11 18:49:37.0;
18;1584.75;2019-04-11 18:49:39.0;
18;1584.85;2019-04-11 18:49:44.0;
18;1585;2019-04-11 18:50:06.0;
18;1584.75;2019-04-11 18:50:09.0;
18;1584.95;2019-04-11 18:50:19.0;
18;1585;2019-04-11 18:50:24.0;
18;1584.95;2019-04-11 18:50:27.0;
18;1584.9;2019-04-11 18:50:31.0;
18;1584.85;2019-04-11 18:50:36.0;
18;1584.8;2019-04-11 18:50:40.0;
18;1584.95;2019-04-11 18:50:43.0;
18;1584.8;2019-04-11 18:50:44.0;
18;1584.95;2019-04-11 18:50:46.0;
18;1585;2019-04-11 18:50:48.0;
18;1584.95;2019-04-11 18:50:52.0;
18;1584.85;2019-04-11 18:50:57.0;
18;1584.9;2019-04-11 18:51:03.0;
18;1585.1;2019-04-11 18:51:08.0;
18;1584.9;2019-04-11 18:51:09.0;
18;1584.8;2019-04-11 18:51:19.0;
18;1584.95;2019-04-11 18:51:23.0;
18;1585;2019-04-11 18:51:28.0;
18;1585.05;2019-04-11 18:51:32.0;
18;1584.95;2019-04-11 18:52:06.0;
18;1584.9;2019-04-11 18:52:10.0;
18;1584.85;2019-04-11 18:52:14.0;
18;1584.95;2019-04-11 18:52:26.0;
18;1585.2;2019-04-11 18:52:31.0;
18;1585.25;2019-04-11 18:52:37.0;
18;1585.4;2019-04-11 18:52:40.0;
18;1585.25;2019-04-11 18:52:41.0;
18;1585.4;2019-04-11 18:52:43.0;
18;1585.35;2019-04-11 18:52:45.0;
18;1585.4;2019-04-11 18:52:53.0;
18;1585.6;2019-04-11 18:52:54.0;
18;1585.4;2019-04-11 18:52:55.0;
18;1585.6;2019-04-11 18:52:57.0;
18;1585.55;2019-04-11 18:53:02.0;
18;1585.5;2019-04-11 18:53:08.0;
18;1585.45;2019-04-11 18:53:11.0;
18;1585.5;2019-04-11 18:53:12.0;
18;1585.45;2019-04-11 18:53:14.0;
18;1585.55;2019-04-11 18:53:31.0;
18;1585.4;2019-04-11 18:53:34.0;
18;1585.55;2019-04-11 18:53:35.0;
18;1585.4;2019-04-11 18:53:37.0;
18;1585.55;2019-04-11 18:53:38.0;
18;1585.65;2019-04-11 18:53:46.0;
18;1585.95;2019-04-11 18:54:03.0;
18;1585.65;2019-04-11 18:54:04.0;
18;1585.95;2019-04-11 18:54:06.0;
18;1586.05;2019-04-11 18:54:13.0;
18;1586;2019-04-11 18:54:14.0;
18;1585.95;2019-04-11 18:54:25.0;
18;1585.85;2019-04-11 18:54:26.0;
18;1585.95;2019-04-11 18:54:29.0;
18;1585.85;2019-04-11 18:54:31.0;
18;1586.15;2019-04-11 18:54:33.0;
18;1586.5;2019-04-11 18:54:37.0;
18;1586.65;2019-04-11 18:54:38.0;
18;1586.5;2019-04-11 18:54:40.0;
18;1586.65;2019-04-11 18:54:41.0;
18;1586.5;2019-04-11 18:54:44.0;
18;1586.55;2019-04-11 18:54:46.0;
18;1586.65;2019-04-11 18:54:55.0;
18;1586.45;2019-04-11 18:55:02.0;
18;1586.5;2019-04-11 18:55:08.0;
18;1586.6;2019-04-11 18:55:11.0;
18;1586.5;2019-04-11 18:55:13.0;
18;1586.7;2019-04-11 18:55:15.0;
18;1586.55;2019-04-11 18:55:22.0;
18;1586.4;2019-04-11 18:55:31.0;
18;1586.35;2019-04-11 18:55:34.0;
18;1586.4;2019-04-11 18:55:36.0;
18;1586.35;2019-04-11 18:55:37.0;
18;1586.55;2019-04-11 18:55:39.0;
18;1586.45;2019-04-11 18:56:04.0;
18;1586.55;2019-04-11 18:56:05.0;
18;1586.45;2019-04-11 18:56:07.0;
18;1586.5;2019-04-11 18:56:11.0;
18;1586.3;2019-04-11 18:56:17.0;
18;1586.2;2019-04-11 18:56:24.0;
18;1586.3;2019-04-11 18:56:29.0;
18;1586.05;2019-04-11 18:56:32.0;
18;1586;2019-04-11 18:56:39.0;
18;1586.1;2019-04-11 18:56:43.0;
18;1586.25;2019-04-11 18:56:50.0;
18;1586.5;2019-04-11 18:56:56.0;
18;1586.45;2019-04-11 18:57:02.0;
18;1586.35;2019-04-11 18:57:07.0;
18;1586.45;2019-04-11 18:57:09.0;
18;1586.35;2019-04-11 18:57:10.0;
18;1586.6;2019-04-11 18:57:13.0;
18;1586.7;2019-04-11 18:57:16.0;
18;1586.75;2019-04-11 18:57:20.0;
18;1586.7;2019-04-11 18:57:21.0;
18;1586.65;2019-04-11 18:57:28.0;
18;1586.6;2019-04-11 18:57:34.0;
18;1586.65;2019-04-11 18:57:41.0;
18;1586.75;2019-04-11 18:57:45.0;
18;1586.65;2019-04-11 18:57:46.0;
18;1586.75;2019-04-11 18:57:48.0;
18;1586.65;2019-04-11 18:57:49.0;
18;1586.45;2019-04-11 18:58:07.0;
18;1586.55;2019-04-11 18:58:15.0;
18;1586.65;2019-04-11 18:58:19.0;
18;1586.55;2019-04-11 18:58:20.0;
18;1586.65;2019-04-11 18:58:22.0;
18;1586.6;2019-04-11 18:58:23.0;
18;1586.65;2019-04-11 18:58:26.0;
18;1586.6;2019-04-11 18:58:27.0;
18;1586.8;2019-04-11 18:58:33.0;
18;1586.7;2019-04-11 18:58:39.0;
18;1586.85;2019-04-11 18:58:51.0;
18;1586.8;2019-04-11 18:58:53.0;
18;1586.6;2019-04-11 18:58:56.0;
18;1586.8;2019-04-11 18:58:57.0;
18;1586.65;2019-04-11 18:59:00.0;
18;1586.5;2019-04-11 18:59:07.0;
18;1586.7;2019-04-11 18:59:09.0;
18;1586.5;2019-04-11 18:59:10.0;
18;1586.75;2019-04-11 18:59:11.0;
18;1586.8;2019-04-11 18:59:14.0;
18;1586.75;2019-04-11 18:59:16.0;
18;1586.8;2019-04-11 18:59:17.0;
18;1586.75;2019-04-11 18:59:20.0;
18;1586.8;2019-04-11 18:59:21.0;
18;1586.75;2019-04-11 18:59:22.0;
18;1586.85;2019-04-11 18:59:24.0;
18;1586.75;2019-04-11 18:59:30.0;
18;1586.8;2019-04-11 18:59:36.0;
18;1586.75;2019-04-11 18:59:40.0;
18;1586.8;2019-04-11 18:59:42.0;
18;1586.75;2019-04-11 18:59:43.0;
18;1586.8;2019-04-11 18:59:48.0;
18;1586.75;2019-04-11 18:59:50.0;
18;1586.8;2019-04-11 18:59:51.0;
18;1586.75;2019-04-11 19:00:03.0;
18;1586.8;2019-04-11 19:00:04.0;
18;1586.75;2019-04-11 19:00:06.0;
18;1586.8;2019-04-11 19:00:10.0;
18;1586.7;2019-04-11 19:00:21.0;
18;1586.75;2019-04-11 19:00:23.0;
18;1586.7;2019-04-11 19:00:24.0;
18;1586.75;2019-04-11 19:00:26.0;
18;1586.45;2019-04-11 19:00:39.0;
18;1586.35;2019-04-11 19:00:45.0;
18;1586.6;2019-04-11 19:01:05.0;
18;1586.35;2019-04-11 19:01:07.0;
18;1586.6;2019-04-11 19:01:08.0;
18;1586.65;2019-04-11 19:01:10.0;
18;1586.75;2019-04-11 19:01:11.0;
18;1586.65;2019-04-11 19:01:13.0;
18;1586.75;2019-04-11 19:01:14.0;
18;1586.9;2019-04-11 19:01:17.0;
18;1587;2019-04-11 19:01:19.0;
18;1586.85;2019-04-11 19:01:23.0;
18;1587;2019-04-11 19:01:25.0;
18;1586.85;2019-04-11 19:01:26.0;
18;1586.95;2019-04-11 19:01:30.0;
18;1587.05;2019-04-11 19:01:36.0;
18;1586.95;2019-04-11 19:01:37.0;
18;1587;2019-04-11 19:01:39.0;
18;1587.1;2019-04-11 19:01:43.0;
18;1586.95;2019-04-11 19:01:49.0;
18;1587;2019-04-11 19:02:04.0;
18;1586.95;2019-04-11 19:02:08.0;
18;1587;2019-04-11 19:02:09.0;
18;1586.95;2019-04-11 19:02:10.0;
18;1587.25;2019-04-11 19:02:15.0;
18;1587.3;2019-04-11 19:02:25.0;
18;1587.25;2019-04-11 19:02:28.0;
18;1587.4;2019-04-11 19:02:35.0;
18;1587.3;2019-04-11 19:02:38.0;
18;1587.35;2019-04-11 19:02:40.0;
18;1587.3;2019-04-11 19:02:41.0;
18;1587.35;2019-04-11 19:02:43.0;
18;1587.7;2019-04-11 19:02:44.0;
18;1587.35;2019-04-11 19:02:46.0;
18;1587.65;2019-04-11 19:02:47.0;
18;1587.55;2019-04-11 19:02:56.0;
18;1587.45;2019-04-11 19:02:59.0;
18;1587.55;2019-04-11 19:03:00.0;
18;1587.45;2019-04-11 19:03:02.0;
18;1587.5;2019-04-11 19:03:06.0;
18;1587.45;2019-04-11 19:03:08.0;
18;1587.5;2019-04-11 19:03:09.0;
18;1587.45;2019-04-11 19:03:11.0;
18;1587.55;2019-04-11 19:03:20.0;
18;1587.7;2019-04-11 19:03:23.0;
18;1587.55;2019-04-11 19:03:25.0;
18;1587.7;2019-04-11 19:03:26.0;
18;1587.65;2019-04-11 19:03:27.0;
18;1587.5;2019-04-11 19:03:33.0;
18;1587.45;2019-04-11 19:03:36.0;
18;1587.55;2019-04-11 19:03:46.0;
18;1587.45;2019-04-11 19:03:47.0;
18;1587.3;2019-04-11 19:04:06.0;
18;1587.1;2019-04-11 19:04:09.0;
18;1586.95;2019-04-11 19:04:11.0;
18;1587.1;2019-04-11 19:04:13.0;
18;1586.95;2019-04-11 19:04:14.0;
18;1587.2;2019-04-11 19:04:16.0;
18;1587.15;2019-04-11 19:04:20.0;
18;1587.2;2019-04-11 19:04:23.0;
18;1587.15;2019-04-11 19:04:24.0;
18;1587.2;2019-04-11 19:04:26.0;
18;1587.15;2019-04-11 19:04:30.0;
18;1586.95;2019-04-11 19:04:36.0;
18;1586.9;2019-04-11 19:04:40.0;
18;1586.85;2019-04-11 19:04:44.0;
18;1586.8;2019-04-11 19:04:58.0;
18;1586.75;2019-04-11 19:05:04.0;
18;1586.9;2019-04-11 19:05:07.0;
18;1586.95;2019-04-11 19:05:11.0;
18;1587.05;2019-04-11 19:05:18.0;
18;1586.75;2019-04-11 19:05:22.0;
18;1586.9;2019-04-11 19:05:28.0;
18;1586.85;2019-04-11 19:05:36.0;
18;1586.9;2019-04-11 19:05:37.0;
18;1586.85;2019-04-11 19:05:38.0;
18;1586.95;2019-04-11 19:05:44.0;
18;1586.85;2019-04-11 19:05:47.0;
18;1587.1;2019-04-11 19:06:04.0;
18;1586.85;2019-04-11 19:06:05.0;
18;1587.1;2019-04-11 19:06:07.0;
18;1587.05;2019-04-11 19:06:08.0;
18;1586.95;2019-04-11 19:06:15.0;
18;1586.8;2019-04-11 19:06:24.0;
18;1586.75;2019-04-11 19:06:28.0;
18;1586.65;2019-04-11 19:06:31.0;
18;1586.75;2019-04-11 19:06:33.0;
18;1586.65;2019-04-11 19:06:35.0;
18;1586.75;2019-04-11 19:06:36.0;
18;1586.85;2019-04-11 19:06:39.0;
18;1586.8;2019-04-11 19:06:45.0;
18;1586.75;2019-04-11 19:06:46.0;
18;1586.8;2019-04-11 19:06:59.0;
18;1586.75;2019-04-11 19:07:05.0;
18;1586.65;2019-04-11 19:07:13.0;
18;1586.6;2019-04-11 19:07:16.0;
18;1586.5;2019-04-11 19:07:21.0;
18;1586.55;2019-04-11 19:07:30.0;
18;1586.4;2019-04-11 19:07:37.0;
18;1586.5;2019-04-11 19:07:44.0;
18;1586.4;2019-04-11 19:07:48.0;
18;1586.6;2019-04-11 19:08:03.0;
18;1586.4;2019-04-11 19:08:04.0;
18;1586.6;2019-04-11 19:08:06.0;
18;1586.55;2019-04-11 19:08:13.0;
18;1586.25;2019-04-11 19:08:16.0;
18;1586.3;2019-04-11 19:08:22.0;
18;1586.25;2019-04-11 19:08:23.0;
18;1586.3;2019-04-11 19:08:24.0;
18;1586.25;2019-04-11 19:08:27.0;
18;1586.4;2019-04-11 19:08:34.0;
18;1586.35;2019-04-11 19:08:40.0;
18;1586.5;2019-04-11 19:08:44.0;
18;1586.35;2019-04-11 19:08:45.0;
18;1586.65;2019-04-11 19:08:47.0;
18;1586.5;2019-04-11 19:08:48.0;
18;1586.65;2019-04-11 19:08:50.0;
18;1586.6;2019-04-11 19:08:55.0;
18;1586.7;2019-04-11 19:08:59.0;
18;1586.65;2019-04-11 19:09:02.0;
18;1586.7;2019-04-11 19:09:04.0;
18;1586.65;2019-04-11 19:09:05.0;
18;1586.5;2019-04-11 19:09:09.0;
18;1586.55;2019-04-11 19:09:16.0;
18;1586.5;2019-04-11 19:09:23.0;
18;1586.55;2019-04-11 19:09:26.0;
18;1586.45;2019-04-11 19:09:28.0;
18;1586.65;2019-04-11 19:09:31.0;
18;1586.45;2019-04-11 19:09:32.0;
18;1586.65;2019-04-11 19:09:33.0;
18;1586.6;2019-04-11 19:09:45.0;
18;1586.85;2019-04-11 19:10:06.0;
18;1586.8;2019-04-11 19:10:12.0;
18;1586.7;2019-04-11 19:10:15.0;
18;1586.5;2019-04-11 19:10:20.0;
18;1586.45;2019-04-11 19:10:24.0;
18;1586.75;2019-04-11 19:10:29.0;
18;1586.9;2019-04-11 19:10:37.0;
18;1586.8;2019-04-11 19:10:38.0;
18;1586.7;2019-04-11 19:10:44.0;
18;1586.8;2019-04-11 19:10:46.0;
18;1586.75;2019-04-11 19:10:52.0;
18;1586.65;2019-04-11 19:10:59.0;
18;1586.7;2019-04-11 19:11:03.0;
18;1586.65;2019-04-11 19:11:04.0;
18;1586.7;2019-04-11 19:11:05.0;
18;1586.75;2019-04-11 19:11:07.0;
18;1586.7;2019-04-11 19:11:11.0;
18;1586.65;2019-04-11 19:11:22.0;
18;1586.7;2019-04-11 19:11:23.0;
18;1586.65;2019-04-11 19:11:25.0;
18;1586.75;2019-04-11 19:11:29.0;
18;1586.7;2019-04-11 19:11:39.0;
18;1586.8;2019-04-11 19:11:43.0;
18;1586.85;2019-04-11 19:11:48.0;
18;1587;2019-04-11 19:12:03.0;
18;1586.95;2019-04-11 19:12:08.0;
18;1586.85;2019-04-11 19:12:13.0;
18;1586.9;2019-04-11 19:12:17.0;
18;1586.95;2019-04-11 19:12:20.0;
18;1586.85;2019-04-11 19:12:27.0;
18;1586.9;2019-04-11 19:12:32.0;
18;1586.85;2019-04-11 19:12:36.0;
18;1586.95;2019-04-11 19:12:42.0;
18;1586.9;2019-04-11 19:12:51.0;
18;1586.85;2019-04-11 19:12:54.0;
18;1586.75;2019-04-11 19:12:56.0;
18;1586.85;2019-04-11 19:13:03.0;
18;1586.95;2019-04-11 19:13:09.0;
18;1586.85;2019-04-11 19:13:15.0;
18;1587;2019-04-11 19:13:22.0;
18;1586.95;2019-04-11 19:13:24.0;
18;1586.9;2019-04-11 19:13:48.0;
18;1586.85;2019-04-11 19:14:02.0;
18;1586.75;2019-04-11 19:14:24.0;
18;1586.45;2019-04-11 19:14:38.0;
18;1586.4;2019-04-11 19:14:46.0;
18;1586.35;2019-04-11 19:14:51.0;
18;1586.4;2019-04-11 19:14:52.0;
18;1586.55;2019-04-11 19:14:53.0;
18;1586.35;2019-04-11 19:14:55.0;
18;1586.55;2019-04-11 19:14:56.0;
18;1586.6;2019-04-11 19:14:58.0;
18;1586.55;2019-04-11 19:15:05.0;
18;1586.5;2019-04-11 19:15:06.0;
18;1586.55;2019-04-11 19:15:12.0;
18;1586.5;2019-04-11 19:15:14.0;
18;1586.55;2019-04-11 19:15:16.0;
18;1586.5;2019-04-11 19:15:18.0;
18;1586.35;2019-04-11 19:15:20.0;
18;1586.4;2019-04-11 19:15:23.0;
18;1586.35;2019-04-11 19:15:26.0;
18;1586.55;2019-04-11 19:15:32.0;
18;1586.6;2019-04-11 19:15:39.0;
18;1586.5;2019-04-11 19:15:43.0;
18;1586.45;2019-04-11 19:15:47.0;
18;1586.7;2019-04-11 19:16:18.0;
18;1586.5;2019-04-11 19:16:22.0;
18;1586.4;2019-04-11 19:16:27.0;
18;1586.35;2019-04-11 19:16:35.0;
18;1586.3;2019-04-11 19:16:41.0;
18;1586.35;2019-04-11 19:16:43.0;
18;1586.3;2019-04-11 19:16:55.0;
18;1586.4;2019-04-11 19:17:01.0;
18;1586.5;2019-04-11 19:17:02.0;
18;1586.45;2019-04-11 19:17:08.0;
18;1586.6;2019-04-11 19:17:18.0;
18;1586.55;2019-04-11 19:17:25.0;
18;1586.6;2019-04-11 19:17:31.0;
18;1586.65;2019-04-11 19:17:34.0;
18;1586.6;2019-04-11 19:17:35.0;
18;1586.65;2019-04-11 19:17:36.0;
18;1586.6;2019-04-11 19:17:40.0;
18;1586.5;2019-04-11 19:17:46.0;
18;1586.6;2019-04-11 19:17:49.0;
18;1586.5;2019-04-11 19:17:50.0;
18;1586.55;2019-04-11 19:18:15.0;
18;1586.5;2019-04-11 19:18:16.0;
18;1586.7;2019-04-11 19:18:18.0;
18;1586.75;2019-04-11 19:18:28.0;
18;1586.7;2019-04-11 19:18:39.0;
18;1586.65;2019-04-11 19:18:42.0;
18;1586.6;2019-04-11 19:18:47.0;
18;1586.65;2019-04-11 19:18:53.0;
18;1586.7;2019-04-11 19:18:55.0;
18;1586.65;2019-04-11 19:18:56.0;
18;1586.7;2019-04-11 19:18:58.0;
18;1586.65;2019-04-11 19:19:07.0;
18;1586.6;2019-04-11 19:19:14.0;
18;1586.55;2019-04-11 19:19:15.0;
18;1586.35;2019-04-11 19:19:29.0;
18;1586.4;2019-04-11 19:19:38.0;
18;1586.5;2019-04-11 19:19:42.0;
18;1586.4;2019-04-11 19:19:43.0;
18;1586.5;2019-04-11 19:19:45.0;
18;1586.55;2019-04-11 19:19:46.0;
18;1586.6;2019-04-11 19:20:05.0;
18;1586.65;2019-04-11 19:20:07.0;
18;1586.6;2019-04-11 19:20:08.0;
18;1586.55;2019-04-11 19:20:10.0;
18;1586.6;2019-04-11 19:20:18.0;
18;1586.4;2019-04-11 19:20:27.0;
18;1586.35;2019-04-11 19:20:33.0;
18;1586.45;2019-04-11 19:20:39.0;
18;1586.55;2019-04-11 19:20:49.0;
18;1586.65;2019-04-11 19:20:58.0;
18;1586.55;2019-04-11 19:21:03.0;
18;1586.5;2019-04-11 19:21:14.0;
18;1586.55;2019-04-11 19:21:16.0;
18;1586.5;2019-04-11 19:21:17.0;
18;1586.55;2019-04-11 19:21:20.0;
18;1586.5;2019-04-11 19:21:21.0;
18;1586.55;2019-04-11 19:21:23.0;
18;1586.5;2019-04-11 19:21:32.0;
18;1586.55;2019-04-11 19:21:34.0;
18;1586.7;2019-04-11 19:21:46.0;
18;1586.65;2019-04-11 19:22:04.0;
18;1586.5;2019-04-11 19:22:07.0;
18;1586.65;2019-04-11 19:22:09.0;
18;1586.45;2019-04-11 19:22:10.0;
18;1586.5;2019-04-11 19:22:12.0;
18;1586.45;2019-04-11 19:22:14.0;
18;1586.55;2019-04-11 19:22:15.0;
18;1586.5;2019-04-11 19:22:21.0;
18;1586.7;2019-04-11 19:22:28.0;
18;1586.65;2019-04-11 19:22:32.0;
18;1586.75;2019-04-11 19:22:37.0;
18;1586.85;2019-04-11 19:22:41.0;
18;1587;2019-04-11 19:22:56.0;
18;1586.95;2019-04-11 19:22:57.0;
18;1586.9;2019-04-11 19:23:01.0;
18;1586.95;2019-04-11 19:23:06.0;
18;1586.8;2019-04-11 19:23:18.0;
18;1586.65;2019-04-11 19:23:22.0;
18;1586.75;2019-04-11 19:23:27.0;
18;1586.65;2019-04-11 19:23:28.0;
18;1586.75;2019-04-11 19:23:30.0;
18;1586.65;2019-04-11 19:23:31.0;
18;1586.8;2019-04-11 19:23:36.0;
18;1586.7;2019-04-11 19:23:39.0;
18;1586.45;2019-04-11 19:24:06.0;
18;1586.4;2019-04-11 19:24:07.0;
18;1586.45;2019-04-11 19:24:13.0;
18;1586.6;2019-04-11 19:24:15.0;
18;1586.45;2019-04-11 19:24:17.0;
18;1586.6;2019-04-11 19:24:19.0;
18;1586.45;2019-04-11 19:24:20.0;
18;1586.35;2019-04-11 19:24:22.0;
18;1586.25;2019-04-11 19:24:27.0;
18;1586.3;2019-04-11 19:24:33.0;
18;1586.4;2019-04-11 19:24:37.0;
18;1586.25;2019-04-11 19:24:40.0;
18;1586.4;2019-04-11 19:24:41.0;
18;1586.3;2019-04-11 19:24:42.0;
18;1586.2;2019-04-11 19:24:48.0;
18;1586.4;2019-04-11 19:24:50.0;
18;1586.3;2019-04-11 19:24:54.0;
18;1586.2;2019-04-11 19:25:00.0;
18;1585.85;2019-04-11 19:25:05.0;
18;1585.9;2019-04-11 19:25:10.0;
18;1586;2019-04-11 19:25:16.0;
18;1586.05;2019-04-11 19:25:18.0;
18;1585.95;2019-04-11 19:25:29.0;
18;1586.05;2019-04-11 19:25:32.0;
18;1585.95;2019-04-11 19:25:33.0;
18;1586.15;2019-04-11 19:25:39.0;
18;1586.1;2019-04-11 19:25:42.0;
18;1586;2019-04-11 19:26:04.0;
18;1586.05;2019-04-11 19:26:07.0;
18;1586;2019-04-11 19:26:14.0;
18;1586.05;2019-04-11 19:26:24.0;
18;1585.95;2019-04-11 19:26:28.0;
18;1586.05;2019-04-11 19:26:31.0;
18;1586;2019-04-11 19:26:36.0;
18;1585.95;2019-04-11 19:26:40.0;
18;1585.9;2019-04-11 19:26:44.0;
18;1585.95;2019-04-11 19:26:46.0;
18;1585.9;2019-04-11 19:26:48.0;
18;1585.95;2019-04-11 19:26:50.0;
18;1586;2019-04-11 19:26:54.0;
18;1586.05;2019-04-11 19:27:06.0;
18;1586.3;2019-04-11 19:27:14.0;
18;1586.25;2019-04-11 19:27:19.0;
18;1586.2;2019-04-11 19:27:27.0;
18;1586.25;2019-04-11 19:27:29.0;
18;1586.2;2019-04-11 19:27:30.0;
18;1586.3;2019-04-11 19:27:36.0;
18;1586.25;2019-04-11 19:27:41.0;
18;1586.3;2019-04-11 19:27:43.0;
18;1586.25;2019-04-11 19:27:44.0;
18;1586.3;2019-04-11 19:27:46.0;
18;1586.4;2019-04-11 19:27:47.0;
18;1586.3;2019-04-11 19:27:49.0;
18;1586.4;2019-04-11 19:27:50.0;
18;1586.35;2019-04-11 19:28:03.0;
18;1586.4;2019-04-11 19:28:04.0;
18;1586.35;2019-04-11 19:28:05.0;
18;1586.4;2019-04-11 19:28:08.0;
18;1586.3;2019-04-11 19:28:17.0;
18;1586.2;2019-04-11 19:28:24.0;
18;1586.25;2019-04-11 19:28:28.0;
18;1586.2;2019-04-11 19:28:33.0;
18;1586.1;2019-04-11 19:28:36.0;
18;1586.15;2019-04-11 19:28:42.0;
18;1586.1;2019-04-11 19:28:49.0;
18;1586.2;2019-04-11 19:28:55.0;
18;1586.35;2019-04-11 19:29:03.0;
18;1586.3;2019-04-11 19:29:08.0;
18;1586.35;2019-04-11 19:29:09.0;
18;1586.3;2019-04-11 19:29:26.0;
18;1586.25;2019-04-11 19:29:32.0;
18;1586.35;2019-04-11 19:29:36.0;
18;1586.15;2019-04-11 19:29:40.0;
18;1586.1;2019-04-11 19:30:03.0;
18;1586.15;2019-04-11 19:30:04.0;
18;1586.1;2019-04-11 19:30:11.0;
18;1586.05;2019-04-11 19:30:15.0;
18;1586;2019-04-11 19:30:17.0;
18;1586.05;2019-04-11 19:30:19.0;
18;1586;2019-04-11 19:30:22.0;
18;1585.85;2019-04-11 19:30:33.0;
18;1586;2019-04-11 19:30:35.0;
18;1585.85;2019-04-11 19:30:36.0;
18;1585.75;2019-04-11 19:30:38.0;
18;1585.85;2019-04-11 19:30:39.0;
18;1585.75;2019-04-11 19:30:41.0;
18;1585.7;2019-04-11 19:30:44.0;
18;1585.65;2019-04-11 19:30:48.0;
18;1585.55;2019-04-11 19:30:51.0;
18;1585.45;2019-04-11 19:31:02.0;
18;1585.4;2019-04-11 19:31:10.0;
18;1585.65;2019-04-11 19:31:14.0;
18;1585.6;2019-04-11 19:31:28.0;
18;1585.65;2019-04-11 19:31:29.0;
18;1585.55;2019-04-11 19:31:30.0;
18;1585.35;2019-04-11 19:31:33.0;
18;1585.4;2019-04-11 19:31:42.0;
18;1585.35;2019-04-11 19:31:45.0;
18;1585.4;2019-04-11 19:31:46.0;
18;1584.85;2019-04-11 19:32:04.0;
18;1584.8;2019-04-11 19:32:10.0;
18;1584.9;2019-04-11 19:32:16.0;
18;1584.95;2019-04-11 19:32:21.0;
18;1584.9;2019-04-11 19:32:22.0;
18;1584.85;2019-04-11 19:32:26.0;
18;1584.9;2019-04-11 19:32:28.0;
18;1584.85;2019-04-11 19:32:29.0;
18;1584.7;2019-04-11 19:32:30.0;
18;1584.65;2019-04-11 19:32:40.0;
18;1584.7;2019-04-11 19:32:42.0;
18;1584.65;2019-04-11 19:32:43.0;
18;1584.95;2019-04-11 19:32:45.0;
18;1584.85;2019-04-11 19:32:46.0;
18;1584.95;2019-04-11 19:32:48.0;
18;1584.85;2019-04-11 19:32:49.0;
18;1584.75;2019-04-11 19:32:52.0;
18;1584.85;2019-04-11 19:32:53.0;
18;1584.7;2019-04-11 19:32:55.0;
18;1584.55;2019-04-11 19:33:03.0;
18;1584.45;2019-04-11 19:33:07.0;
18;1584.5;2019-04-11 19:33:21.0;
18;1584.45;2019-04-11 19:33:22.0;
18;1584.4;2019-04-11 19:33:26.0;
18;1584.45;2019-04-11 19:33:28.0;
18;1584.4;2019-04-11 19:33:29.0;
18;1584.5;2019-04-11 19:33:32.0;
18;1584.45;2019-04-11 19:33:38.0;
18;1584.4;2019-04-11 19:33:45.0;
18;1584.45;2019-04-11 19:33:47.0;
18;1584.75;2019-04-11 19:34:05.0;
18;1584.85;2019-04-11 19:34:09.0;
18;1584.75;2019-04-11 19:34:13.0;
18;1584.7;2019-04-11 19:34:15.0;
18;1584.75;2019-04-11 19:34:16.0;
18;1584.7;2019-04-11 19:34:17.0;
18;1584.65;2019-04-11 19:34:19.0;
18;1584.7;2019-04-11 19:34:24.0;
18;1584.65;2019-04-11 19:34:28.0;
18;1584.75;2019-04-11 19:34:36.0;
18;1584.5;2019-04-11 19:34:47.0;
18;1584.65;2019-04-11 19:34:54.0;
18;1584.8;2019-04-11 19:35:07.0;
18;1584.85;2019-04-11 19:35:16.0;
18;1584.8;2019-04-11 19:35:19.0;
18;1584.85;2019-04-11 19:35:20.0;
18;1585.05;2019-04-11 19:35:23.0;
18;1585;2019-04-11 19:35:24.0;
18;1584.95;2019-04-11 19:35:28.0;
18;1584.9;2019-04-11 19:36:03.0;
18;1584.85;2019-04-11 19:36:09.0;
18;1584.8;2019-04-11 19:36:17.0;
18;1584.85;2019-04-11 19:36:18.0;
18;1584.75;2019-04-11 19:36:20.0;
18;1584.8;2019-04-11 19:36:21.0;
18;1584.75;2019-04-11 19:36:22.0;
18;1584.95;2019-04-11 19:36:24.0;
18;1585.05;2019-04-11 19:36:26.0;
18;1585;2019-04-11 19:36:33.0;
18;1584.95;2019-04-11 19:36:35.0;
18;1585;2019-04-11 19:36:37.0;
18;1584.95;2019-04-11 19:36:38.0;
18;1585;2019-04-11 19:36:48.0;
18;1584.85;2019-04-11 19:36:51.0;
18;1584.8;2019-04-11 19:37:06.0;
18;1584.65;2019-04-11 19:37:07.0;
18;1584.8;2019-04-11 19:37:09.0;
18;1584.7;2019-04-11 19:37:12.0;
18;1584.65;2019-04-11 19:37:24.0;
18;1584.55;2019-04-11 19:37:27.0;
18;1584.5;2019-04-11 19:37:34.0;
18;1584.3;2019-04-11 19:37:35.0;
18;1584.45;2019-04-11 19:37:40.0;
18;1584.3;2019-04-11 19:38:05.0;
18;1584.2;2019-04-11 19:38:08.0;
18;1584.3;2019-04-11 19:38:09.0;
18;1584.05;2019-04-11 19:38:11.0;
18;1584.1;2019-04-11 19:38:15.0;
18;1583.95;2019-04-11 19:38:21.0;
18;1584.1;2019-04-11 19:38:22.0;
18;1583.95;2019-04-11 19:38:24.0;
18;1583.85;2019-04-11 19:38:25.0;
18;1583.95;2019-04-11 19:38:27.0;
18;1583.85;2019-04-11 19:38:31.0;
18;1583.8;2019-04-11 19:38:36.0;
18;1583.75;2019-04-11 19:38:39.0;
18;1583.85;2019-04-11 19:38:50.0;
18;1583.9;2019-04-11 19:38:52.0;
18;1583.85;2019-04-11 19:38:56.0;
18;1583.8;2019-04-11 19:38:59.0;
18;1583.85;2019-04-11 19:39:01.0;
18;1583.8;2019-04-11 19:39:03.0;
18;1583.7;2019-04-11 19:39:04.0;
18;1583.9;2019-04-11 19:39:10.0;
18;1584;2019-04-11 19:39:11.0;
18;1583.9;2019-04-11 19:39:12.0;
18;1584;2019-04-11 19:39:14.0;
18;1584.1;2019-04-11 19:39:15.0;
18;1584.15;2019-04-11 19:39:20.0;
18;1584.1;2019-04-11 19:39:26.0;
18;1583.9;2019-04-11 19:39:28.0;
18;1584.1;2019-04-11 19:39:29.0;
18;1583.9;2019-04-11 19:39:31.0;
18;1583.85;2019-04-11 19:39:32.0;
18;1583.75;2019-04-11 19:39:39.0;
18;1583.85;2019-04-11 19:39:42.0;
18;1583.75;2019-04-11 19:39:44.0;
18;1583.85;2019-04-11 19:39:52.0;
18;1583.75;2019-04-11 19:40:03.0;
18;1583.9;2019-04-11 19:40:10.0;
18;1584;2019-04-11 19:40:17.0;
18;1583.9;2019-04-11 19:40:19.0;
18;1584;2019-04-11 19:40:21.0;
18;1583.75;2019-04-11 19:40:23.0;
18;1583.95;2019-04-11 19:40:39.0;
18;1583.75;2019-04-11 19:40:42.0;
18;1583.85;2019-04-11 19:40:44.0;
18;1583.8;2019-04-11 19:40:50.0;
18;1583.45;2019-04-11 19:40:52.0;
18;1583.3;2019-04-11 19:41:05.0;
18;1583.15;2019-04-11 19:41:08.0;
18;1582.9;2019-04-11 19:41:16.0;
18;1582.85;2019-04-11 19:41:20.0;
18;1583;2019-04-11 19:41:23.0;
18;1582.95;2019-04-11 19:41:29.0;
18;1583.1;2019-04-11 19:41:33.0;
18;1582.95;2019-04-11 19:41:38.0;
18;1583;2019-04-11 19:41:46.0;
18;1582.65;2019-04-11 19:42:05.0;
18;1582.8;2019-04-11 19:42:12.0;
18;1582.65;2019-04-11 19:42:14.0;
18;1582.8;2019-04-11 19:42:16.0;
18;1582.95;2019-04-11 19:42:17.0;
18;1582.75;2019-04-11 19:42:19.0;
18;1582.95;2019-04-11 19:42:20.0;
18;1582.75;2019-04-11 19:42:21.0;
18;1582.65;2019-04-11 19:42:25.0;
18;1582.55;2019-04-11 19:42:27.0;
18;1582.5;2019-04-11 19:42:39.0;
18;1582.45;2019-04-11 19:42:51.0;
18;1582.6;2019-04-11 19:43:12.0;
18;1582.55;2019-04-11 19:43:17.0;
18;1582.8;2019-04-11 19:43:22.0;
18;1582.9;2019-04-11 19:43:24.0;
18;1583.15;2019-04-11 19:43:27.0;
18;1582.9;2019-04-11 19:43:28.0;
18;1583.15;2019-04-11 19:43:29.0;
18;1583.2;2019-04-11 19:43:31.0;
18;1583.05;2019-04-11 19:43:35.0;
18;1583.2;2019-04-11 19:43:43.0;
18;1583.1;2019-04-11 19:43:44.0;
18;1583.2;2019-04-11 19:43:48.0;
18;1583.15;2019-04-11 19:44:06.0;
18;1583.1;2019-04-11 19:44:11.0;
18;1583.15;2019-04-11 19:44:15.0;
18;1583.25;2019-04-11 19:44:21.0;
18;1583.3;2019-04-11 19:44:27.0;
18;1583.25;2019-04-11 19:44:31.0;
18;1583.3;2019-04-11 19:44:34.0;
18;1583.25;2019-04-11 19:44:40.0;
18;1583.35;2019-04-11 19:44:41.0;
18;1583.5;2019-04-11 19:44:47.0;
18;1583.4;2019-04-11 19:44:51.0;
18;1583.5;2019-04-11 19:44:53.0;
18;1583.4;2019-04-11 19:44:54.0;
18;1583.45;2019-04-11 19:44:55.0;
18;1583.4;2019-04-11 19:44:58.0;
18;1583.45;2019-04-11 19:44:59.0;
18;1583.4;2019-04-11 19:45:01.0;
18;1583.3;2019-04-11 19:45:06.0;
18;1583.4;2019-04-11 19:45:18.0;
18;1583.35;2019-04-11 19:45:23.0;
18;1583.25;2019-04-11 19:45:35.0;
18;1583.45;2019-04-11 19:45:44.0;
18;1583.5;2019-04-11 19:46:19.0;
18;1583.45;2019-04-11 19:46:20.0;
18;1583.5;2019-04-11 19:46:22.0;
18;1583.55;2019-04-11 19:46:23.0;
18;1583.8;2019-04-11 19:46:30.0;
18;1583.55;2019-04-11 19:46:32.0;
18;1583.8;2019-04-11 19:46:33.0;
18;1583.75;2019-04-11 19:46:36.0;
18;1583.8;2019-04-11 19:46:37.0;
18;1583.75;2019-04-11 19:46:39.0;
18;1583.95;2019-04-11 19:46:47.0;
18;1583.75;2019-04-11 19:46:56.0;
18;1583.85;2019-04-11 19:47:03.0;
18;1583.75;2019-04-11 19:47:06.0;
18;1583.85;2019-04-11 19:47:07.0;
18;1583.9;2019-04-11 19:47:09.0;
18;1584.1;2019-04-11 19:47:12.0;
18;1583.85;2019-04-11 19:47:17.0;
18;1583.95;2019-04-11 19:47:23.0;
18;1584.05;2019-04-11 19:47:35.0;
18;1583.95;2019-04-11 19:47:36.0;
18;1584.05;2019-04-11 19:47:39.0;
18;1584;2019-04-11 19:47:40.0;
18;1584.05;2019-04-11 19:47:44.0;
18;1584;2019-04-11 19:47:50.0;
18;1584.15;2019-04-11 19:48:03.0;
18;1584.4;2019-04-11 19:48:07.0;
18;1584.35;2019-04-11 19:48:12.0;
18;1584.25;2019-04-11 19:48:16.0;
18;1584.3;2019-04-11 19:48:23.0;
18;1584.25;2019-04-11 19:48:29.0;
18;1584.3;2019-04-11 19:48:32.0;
18;1584.25;2019-04-11 19:48:33.0;
18;1584.3;2019-04-11 19:48:34.0;
18;1584.25;2019-04-11 19:48:38.0;
18;1584.35;2019-04-11 19:48:40.0;
18;1584.25;2019-04-11 19:48:42.0;
18;1584.35;2019-04-11 19:48:44.0;
18;1584.3;2019-04-11 19:48:52.0;
18;1584.35;2019-04-11 19:48:54.0;
18;1584.45;2019-04-11 19:48:55.0;
18;1584.3;2019-04-11 19:48:56.0;
18;1584.45;2019-04-11 19:48:58.0;
18;1584.65;2019-04-11 19:49:04.0;
18;1584.6;2019-04-11 19:49:09.0;
18;1584.5;2019-04-11 19:49:12.0;
18;1584.6;2019-04-11 19:49:17.0;
18;1584.5;2019-04-11 19:49:18.0;
18;1584.6;2019-04-11 19:49:20.0;
18;1584.45;2019-04-11 19:49:23.0;
18;1584.4;2019-04-11 19:49:28.0;
18;1584.45;2019-04-11 19:49:30.0;
18;1584.35;2019-04-11 19:49:31.0;
18;1584.15;2019-04-11 19:49:40.0;
18;1584.35;2019-04-11 19:49:47.0;
18;1584.6;2019-04-11 19:50:07.0;
18;1584.5;2019-04-11 19:50:13.0;
18;1584.55;2019-04-11 19:50:16.0;
18;1584.5;2019-04-11 19:50:19.0;
18;1584.55;2019-04-11 19:50:21.0;
18;1584.5;2019-04-11 19:50:28.0;
18;1584.45;2019-04-11 19:50:32.0;
18;1584.35;2019-04-11 19:50:42.0;
18;1584.5;2019-04-11 19:50:48.0;
18;1584.65;2019-04-11 19:50:52.0;
18;1584.75;2019-04-11 19:50:55.0;
18;1584.95;2019-04-11 19:51:07.0;
18;1585;2019-04-11 19:51:13.0;
18;1584.95;2019-04-11 19:51:18.0;
18;1584.85;2019-04-11 19:51:24.0;
18;1584.8;2019-04-11 19:51:27.0;
18;1584.85;2019-04-11 19:51:30.0;
18;1584.75;2019-04-11 19:51:31.0;
18;1584.85;2019-04-11 19:51:37.0;
18;1584.8;2019-04-11 19:51:44.0;
18;1584.85;2019-04-11 19:51:49.0;
18;1584.8;2019-04-11 19:51:50.0;
18;1584.85;2019-04-11 19:51:51.0;
18;1584.65;2019-04-11 19:52:02.0;
18;1584.85;2019-04-11 19:52:04.0;
18;1584.65;2019-04-11 19:52:06.0;
18;1584.55;2019-04-11 19:52:12.0;
18;1584.7;2019-04-11 19:52:19.0;
18;1584.65;2019-04-11 19:52:24.0;
18;1584.7;2019-04-11 19:52:28.0;
18;1584.75;2019-04-11 19:52:32.0;
18;1584.7;2019-04-11 19:52:36.0;
18;1584.75;2019-04-11 19:52:44.0;
18;1584.9;2019-04-11 19:52:59.0;
18;1584.75;2019-04-11 19:53:01.0;
18;1584.9;2019-04-11 19:53:02.0;
18;1584.95;2019-04-11 19:53:03.0;
18;1584.9;2019-04-11 19:53:09.0;
18;1585;2019-04-11 19:53:12.0;
18;1584.9;2019-04-11 19:53:13.0;
18;1585;2019-04-11 19:53:14.0;
18;1584.75;2019-04-11 19:53:16.0;
18;1584.7;2019-04-11 19:53:26.0;
18;1584.85;2019-04-11 19:53:29.0;
18;1584.9;2019-04-11 19:53:33.0;
18;1584.75;2019-04-11 19:53:39.0;
18;1584.8;2019-04-11 19:53:44.0;
18;1584.9;2019-04-11 19:53:48.0;
18;1584.75;2019-04-11 19:54:04.0;
18;1584.9;2019-04-11 19:54:06.0;
18;1584.75;2019-04-11 19:54:07.0;
18;1584.7;2019-04-11 19:54:13.0;
18;1584.6;2019-04-11 19:54:17.0;
18;1584.65;2019-04-11 19:54:18.0;
18;1584.55;2019-04-11 19:54:25.0;
18;1584.5;2019-04-11 19:54:33.0;
18;1584.35;2019-04-11 19:54:36.0;
18;1584.45;2019-04-11 19:54:40.0;
18;1584.4;2019-04-11 19:54:47.0;
18;1584.5;2019-04-11 19:54:48.0;
18;1584.4;2019-04-11 19:54:49.0;
18;1584.35;2019-04-11 19:54:54.0;
18;1584.4;2019-04-11 19:54:55.0;
18;1584.35;2019-04-11 19:54:57.0;
18;1584.4;2019-04-11 19:54:59.0;
18;1584.45;2019-04-11 19:55:01.0;
18;1584.5;2019-04-11 19:55:06.0;
18;1584.3;2019-04-11 19:55:11.0;
18;1584.25;2019-04-11 19:55:15.0;
18;1584.3;2019-04-11 19:55:17.0;
18;1584.25;2019-04-11 19:55:18.0;
18;1584.2;2019-04-11 19:55:32.0;
18;1584.15;2019-04-11 19:55:37.0;
18;1584;2019-04-11 19:55:39.0;
18;1584.15;2019-04-11 19:55:40.0;
18;1584;2019-04-11 19:55:42.0;
18;1584.15;2019-04-11 19:56:03.0;
18;1584.4;2019-04-11 19:56:10.0;
18;1584.2;2019-04-11 19:56:11.0;
18;1584.4;2019-04-11 19:56:13.0;
18;1584.5;2019-04-11 19:56:14.0;
18;1584.45;2019-04-11 19:56:21.0;
18;1584.75;2019-04-11 19:56:27.0;
18;1584.65;2019-04-11 19:56:31.0;
18;1584.55;2019-04-11 19:56:35.0;
18;1584.65;2019-04-11 19:56:37.0;
18;1584.5;2019-04-11 19:56:38.0;
18;1584.65;2019-04-11 19:56:42.0;
18;1584.75;2019-04-11 19:56:50.0;
18;1584.7;2019-04-11 19:56:55.0;
18;1584.75;2019-04-11 19:56:58.0;
18;1584.7;2019-04-11 19:56:59.0;
18;1584.65;2019-04-11 19:57:02.0;
18;1584.75;2019-04-11 19:57:14.0;
18;1584.65;2019-04-11 19:57:15.0;
18;1584.75;2019-04-11 19:57:17.0;
18;1584.85;2019-04-11 19:57:18.0;
18;1584.75;2019-04-11 19:57:24.0;
18;1584.85;2019-04-11 19:57:26.0;
18;1584.75;2019-04-11 19:57:27.0;
18;1584.85;2019-04-11 19:57:30.0;
18;1584.8;2019-04-11 19:57:34.0;
18;1584.85;2019-04-11 19:57:39.0;
18;1584.8;2019-04-11 19:57:41.0;
18;1584.75;2019-04-11 19:57:42.0;
18;1584.85;2019-04-11 19:57:50.0;
18;1584.75;2019-04-11 19:58:11.0;
18;1584.85;2019-04-11 19:58:12.0;
18;1584.75;2019-04-11 19:58:14.0;
18;1584.85;2019-04-11 19:58:15.0;
18;1584.8;2019-04-11 19:58:19.0;
18;1584.75;2019-04-11 19:58:25.0;
18;1584.65;2019-04-11 19:58:33.0;
18;1584.6;2019-04-11 19:58:36.0;
18;1584.65;2019-04-11 19:58:43.0;
18;1584.55;2019-04-11 19:58:47.0;
18;1584.65;2019-04-11 19:58:49.0;
18;1584.55;2019-04-11 19:58:50.0;
18;1584.65;2019-04-11 19:58:53.0;
18;1584.55;2019-04-11 19:58:55.0;
18;1584.5;2019-04-11 19:59:00.0;
18;1584.6;2019-04-11 19:59:05.0;
18;1584.55;2019-04-11 19:59:07.0;
18;1584.35;2019-04-11 19:59:15.0;
18;1584.55;2019-04-11 19:59:17.0;
18;1584.35;2019-04-11 19:59:18.0;
18;1584.45;2019-04-11 19:59:20.0;
18;1584.6;2019-04-11 19:59:28.0;
18;1584.65;2019-04-11 19:59:33.0;
18;1584.4;2019-04-11 19:59:38.0;
18;1584.35;2019-04-11 19:59:40.0;
18;1584.25;2019-04-11 20:00:02.0;
18;1584.4;2019-04-11 20:00:09.0;
18;1584.45;2019-04-11 20:00:13.0;
18;1584.55;2019-04-11 20:00:18.0;
18;1584.45;2019-04-11 20:00:19.0;
18;1584.55;2019-04-11 20:00:21.0;
18;1584.75;2019-04-11 20:00:22.0;
18;1584.65;2019-04-11 20:00:25.0;
18;1584.5;2019-04-11 20:00:27.0;
18;1584.45;2019-04-11 20:00:31.0;
18;1584.35;2019-04-11 20:00:36.0;
18;1584.45;2019-04-11 20:00:38.0;
18;1584.35;2019-04-11 20:00:40.0;
18;1584.2;2019-04-11 20:00:41.0;
18;1584.15;2019-04-11 20:00:47.0;
18;1584.2;2019-04-11 20:00:48.0;
18;1584.15;2019-04-11 20:00:50.0;
18;1584.05;2019-04-11 20:01:03.0;
18;1584.1;2019-04-11 20:01:05.0;
18;1584.15;2019-04-11 20:01:10.0;
18;1584.2;2019-04-11 20:01:11.0;
18;1584.15;2019-04-11 20:01:16.0;
18;1584.05;2019-04-11 20:01:26.0;
18;1584.1;2019-04-11 20:01:27.0;
18;1584.05;2019-04-11 20:01:36.0;
18;1584.15;2019-04-11 20:01:40.0;
18;1584.1;2019-04-11 20:01:43.0;
18;1584.15;2019-04-11 20:01:44.0;
18;1584.1;2019-04-11 20:01:46.0;
18;1583.95;2019-04-11 20:01:48.0;
18;1584.05;2019-04-11 20:02:04.0;
18;1583.95;2019-04-11 20:02:05.0;
18;1584.05;2019-04-11 20:02:07.0;
18;1583.85;2019-04-11 20:02:12.0;
18;1583.95;2019-04-11 20:02:20.0;
18;1584.1;2019-04-11 20:02:25.0;
18;1583.95;2019-04-11 20:02:26.0;
18;1584;2019-04-11 20:02:28.0;
18;1584.25;2019-04-11 20:02:35.0;
18;1584.15;2019-04-11 20:02:42.0;
18;1584.3;2019-04-11 20:02:44.0;
18;1584.4;2019-04-11 20:02:48.0;
18;1584.35;2019-04-11 20:02:52.0;
18;1584.45;2019-04-11 20:02:59.0;
18;1584.5;2019-04-11 20:03:03.0;
18;1584.45;2019-04-11 20:03:06.0;
18;1584.25;2019-04-11 20:03:12.0;
18;1584.35;2019-04-11 20:03:20.0;
18;1584.3;2019-04-11 20:03:23.0;
18;1584.35;2019-04-11 20:03:24.0;
18;1584.3;2019-04-11 20:03:25.0;
18;1584.25;2019-04-11 20:03:27.0;
18;1584.4;2019-04-11 20:03:35.0;
18;1584.25;2019-04-11 20:03:38.0;
18;1584.4;2019-04-11 20:03:39.0;
18;1584.3;2019-04-11 20:03:41.0;
18;1584.4;2019-04-11 20:03:44.0;
18;1584.45;2019-04-11 20:03:48.0;
18;1584.6;2019-04-11 20:04:03.0;
18;1584.55;2019-04-11 20:04:13.0;
18;1584.4;2019-04-11 20:04:24.0;
18;1584.45;2019-04-11 20:04:29.0;
18;1584.6;2019-04-11 20:04:32.0;
18;1584.45;2019-04-11 20:04:34.0;
18;1584.7;2019-04-11 20:04:35.0;
18;1584.55;2019-04-11 20:04:38.0;
18;1584.7;2019-04-11 20:04:39.0;
18;1584.4;2019-04-11 20:04:42.0;
18;1584.45;2019-04-11 20:04:57.0;
18;1584.6;2019-04-11 20:05:03.0;
18;1584.65;2019-04-11 20:05:07.0;
18;1584.75;2019-04-11 20:05:11.0;
18;1584.55;2019-04-11 20:05:17.0;
18;1584.8;2019-04-11 20:05:18.0;
18;1584.55;2019-04-11 20:05:19.0;
18;1584.8;2019-04-11 20:05:22.0;
18;1584.65;2019-04-11 20:05:23.0;
18;1584.75;2019-04-11 20:05:29.0;
18;1585;2019-04-11 20:05:35.0;
18;1585.05;2019-04-11 20:05:38.0;
18;1584.8;2019-04-11 20:05:44.0;
18;1584.75;2019-04-11 20:05:47.0;
18;1584.8;2019-04-11 20:05:48.0;
18;1584.75;2019-04-11 20:05:50.0;
18;1584.6;2019-04-11 20:06:06.0;
18;1584.45;2019-04-11 20:06:15.0;
18;1584.4;2019-04-11 20:06:24.0;
18;1584.35;2019-04-11 20:06:25.0;
18;1584.4;2019-04-11 20:06:33.0;
18;1584.45;2019-04-11 20:06:39.0;
18;1584.6;2019-04-11 20:06:49.0;
18;1584.2;2019-04-11 20:06:53.0;
18;1584.6;2019-04-11 20:06:54.0;
18;1584.25;2019-04-11 20:06:56.0;
18;1584.2;2019-04-11 20:06:57.0;
18;1584.25;2019-04-11 20:06:58.0;
18;1584.35;2019-04-11 20:07:00.0;
18;1584.4;2019-04-11 20:07:05.0;
18;1584.45;2019-04-11 20:07:08.0;
18;1584.6;2019-04-11 20:07:11.0;
18;1584.45;2019-04-11 20:07:12.0;
18;1584.6;2019-04-11 20:07:13.0;
18;1584.7;2019-04-11 20:07:15.0;
18;1584.55;2019-04-11 20:07:20.0;
18;1584.45;2019-04-11 20:07:23.0;
18;1584.55;2019-04-11 20:07:25.0;
18;1584.45;2019-04-11 20:07:26.0;
18;1584.4;2019-04-11 20:07:28.0;
18;1584.25;2019-04-11 20:07:30.0;
18;1584.2;2019-04-11 20:07:39.0;
18;1584.05;2019-04-11 20:07:49.0;
18;1583.6;2019-04-11 20:08:08.0;
18;1583.65;2019-04-11 20:08:12.0;
18;1583.8;2019-04-11 20:08:18.0;
18;1583.65;2019-04-11 20:08:19.0;
18;1583.8;2019-04-11 20:08:20.0;
18;1583.65;2019-04-11 20:08:22.0;
18;1583.7;2019-04-11 20:08:23.0;
18;1583.6;2019-04-11 20:08:29.0;
18;1583.65;2019-04-11 20:08:32.0;
18;1583.75;2019-04-11 20:08:39.0;
18;1583.65;2019-04-11 20:08:43.0;
18;1583.6;2019-04-11 20:08:52.0;
18;1583.5;2019-04-11 20:08:56.0;
18;1583.45;2019-04-11 20:08:59.0;
18;1583.5;2019-04-11 20:09:00.0;
18;1583.45;2019-04-11 20:09:02.0;
18;1583.35;2019-04-11 20:09:04.0;
18;1583.45;2019-04-11 20:09:06.0;
18;1583.4;2019-04-11 20:09:15.0;
18;1583.45;2019-04-11 20:09:19.0;
18;1583.55;2019-04-11 20:09:25.0;
18;1583.6;2019-04-11 20:09:35.0;
18;1583.7;2019-04-11 20:09:37.0;
18;1583.6;2019-04-11 20:09:39.0;
18;1583.5;2019-04-11 20:10:04.0;
18;1583.45;2019-04-11 20:10:11.0;
18;1583.55;2019-04-11 20:10:17.0;
18;1583.65;2019-04-11 20:10:21.0;
18;1583.6;2019-04-11 20:10:39.0;
18;1583.7;2019-04-11 20:10:49.0;
18;1583.6;2019-04-11 20:10:54.0;
18;1583.55;2019-04-11 20:10:56.0;
18;1583.5;2019-04-11 20:11:00.0;
18;1583.55;2019-04-11 20:11:01.0;
18;1583.5;2019-04-11 20:11:03.0;
18;1583.6;2019-04-11 20:11:18.0;
18;1583.65;2019-04-11 20:11:22.0;
18;1583.6;2019-04-11 20:11:23.0;
18;1583.65;2019-04-11 20:11:28.0;
18;1584.1;2019-04-11 20:11:35.0;
18;1583.95;2019-04-11 20:11:39.0;
18;1584.05;2019-04-11 20:11:45.0;
18;1584.15;2019-04-11 20:12:06.0;
18;1584.2;2019-04-11 20:12:11.0;
18;1584.3;2019-04-11 20:12:14.0;
18;1584.2;2019-04-11 20:12:16.0;
18;1584.5;2019-04-11 20:12:18.0;
18;1584.45;2019-04-11 20:12:26.0;
18;1584.7;2019-04-11 20:12:31.0;
18;1584.45;2019-04-11 20:12:34.0;
18;1584.7;2019-04-11 20:12:36.0;
18;1584.45;2019-04-11 20:12:37.0;
18;1584.4;2019-04-11 20:12:40.0;
18;1584.35;2019-04-11 20:12:42.0;
18;1584.4;2019-04-11 20:12:43.0;
18;1584.35;2019-04-11 20:12:45.0;
18;1584.3;2019-04-11 20:12:46.0;
18;1584.35;2019-04-11 20:12:48.0;
18;1584.3;2019-04-11 20:12:50.0;
18;1584.4;2019-04-11 20:12:52.0;
18;1584.25;2019-04-11 20:12:56.0;
18;1584.3;2019-04-11 20:12:59.0;
18;1584.25;2019-04-11 20:13:02.0;
18;1584.15;2019-04-11 20:13:08.0;
18;1584.2;2019-04-11 20:13:11.0;
18;1584.15;2019-04-11 20:13:15.0;
18;1584.05;2019-04-11 20:13:22.0;
18;1584.1;2019-04-11 20:13:39.0;
18;1584.15;2019-04-11 20:13:49.0;
18;1584.4;2019-04-11 20:14:03.0;
18;1584.15;2019-04-11 20:14:04.0;
18;1584.4;2019-04-11 20:14:05.0;
18;1584.35;2019-04-11 20:14:11.0;
18;1584.15;2019-04-11 20:14:21.0;
18;1584.3;2019-04-11 20:14:24.0;
18;1584.25;2019-04-11 20:14:28.0;
18;1584.2;2019-04-11 20:14:36.0;
18;1584.15;2019-04-11 20:14:42.0;
18;1584.2;2019-04-11 20:14:43.0;
18;1584.15;2019-04-11 20:14:50.0;
18;1584.1;2019-04-11 20:14:51.0;
18;1583.95;2019-04-11 20:14:57.0;
18;1584.1;2019-04-11 20:14:58.0;
18;1583.95;2019-04-11 20:15:00.0;
18;1584.05;2019-04-11 20:15:01.0;
18;1584.1;2019-04-11 20:15:06.0;
18;1584.05;2019-04-11 20:15:07.0;
18;1583.9;2019-04-11 20:15:08.0;
18;1583.95;2019-04-11 20:15:20.0;
18;1584.05;2019-04-11 20:15:28.0;
18;1583.95;2019-04-11 20:15:30.0;
18;1584;2019-04-11 20:15:31.0;
18;1583.95;2019-04-11 20:15:35.0;
18;1584;2019-04-11 20:15:38.0;
18;1583.95;2019-04-11 20:15:39.0;
18;1584.15;2019-04-11 20:15:41.0;
18;1584.2;2019-04-11 20:15:44.0;
18;1584.15;2019-04-11 20:16:03.0;
18;1584;2019-04-11 20:16:13.0;
18;1583.95;2019-04-11 20:16:14.0;
18;1584.05;2019-04-11 20:16:24.0;
18;1583.95;2019-04-11 20:16:28.0;
18;1583.9;2019-04-11 20:16:37.0;
18;1583.95;2019-04-11 20:16:46.0;
18;1583.8;2019-04-11 20:16:52.0;
18;1583.9;2019-04-11 20:16:57.0;
18;1584;2019-04-11 20:16:59.0;
18;1583.85;2019-04-11 20:17:03.0;
18;1583.75;2019-04-11 20:17:11.0;
18;1583.8;2019-04-11 20:17:13.0;
18;1583.9;2019-04-11 20:17:16.0;
18;1583.8;2019-04-11 20:17:17.0;
18;1584;2019-04-11 20:17:19.0;
18;1584.1;2019-04-11 20:17:23.0;
18;1584.05;2019-04-11 20:17:27.0;
18;1583.95;2019-04-11 20:17:36.0;
18;1584.05;2019-04-11 20:18:23.0;
18;1584;2019-04-11 20:18:37.0;
18;1584.15;2019-04-11 20:18:40.0;
18;1584.25;2019-04-11 20:18:47.0;
18;1584.35;2019-04-11 20:18:54.0;
18;1584.5;2019-04-11 20:18:56.0;
18;1584.45;2019-04-11 20:19:00.0;
18;1584.4;2019-04-11 20:19:02.0;
18;1584.35;2019-04-11 20:19:09.0;
18;1584.2;2019-04-11 20:19:14.0;
18;1584.1;2019-04-11 20:19:21.0;
18;1584.2;2019-04-11 20:19:22.0;
18;1584.15;2019-04-11 20:19:24.0;
18;1583.95;2019-04-11 20:19:31.0;
18;1584;2019-04-11 20:19:39.0;
18;1583.9;2019-04-11 20:19:44.0;
18;1583.85;2019-04-11 20:19:50.0;
18;1583.75;2019-04-11 20:20:06.0;
18;1583.9;2019-04-11 20:20:08.0;
18;1583.85;2019-04-11 20:20:13.0;
18;1583.75;2019-04-11 20:20:22.0;
18;1583.7;2019-04-11 20:20:25.0;
18;1583.65;2019-04-11 20:20:30.0;
18;1583.8;2019-04-11 20:20:33.0;
18;1583.65;2019-04-11 20:20:34.0;
18;1583.9;2019-04-11 20:20:35.0;
18;1583.85;2019-04-11 20:20:41.0;
18;1583.9;2019-04-11 20:20:43.0;
18;1583.8;2019-04-11 20:20:44.0;
18;1583.75;2019-04-11 20:20:49.0;
18;1583.8;2019-04-11 20:20:52.0;
18;1583.75;2019-04-11 20:20:53.0;
18;1583.8;2019-04-11 20:20:54.0;
18;1583.85;2019-04-11 20:20:56.0;
18;1583.8;2019-04-11 20:21:33.0;
18;1583.7;2019-04-11 20:21:35.0;
18;1583.8;2019-04-11 20:21:38.0;
18;1583.75;2019-04-11 20:21:39.0;
18;1583.8;2019-04-11 20:21:45.0;
18;1583.75;2019-04-11 20:21:49.0;
18;1583.8;2019-04-11 20:21:51.0;
18;1583.75;2019-04-11 20:21:52.0;
18;1583.95;2019-04-11 20:22:03.0;
18;1583.75;2019-04-11 20:22:05.0;
18;1583.95;2019-04-11 20:22:06.0;
18;1583.9;2019-04-11 20:22:09.0;
18;1583.85;2019-04-11 20:22:15.0;
18;1583.95;2019-04-11 20:22:19.0;
18;1584;2019-04-11 20:22:26.0;
18;1583.9;2019-04-11 20:22:27.0;
18;1583.95;2019-04-11 20:22:32.0;
18;1584;2019-04-11 20:22:35.0;
18;1583.95;2019-04-11 20:22:39.0;
18;1583.85;2019-04-11 20:22:52.0;
18;1583.7;2019-04-11 20:23:04.0;
18;1583.75;2019-04-11 20:23:08.0;
18;1583.5;2019-04-11 20:23:13.0;
18;1583.65;2019-04-11 20:23:17.0;
18;1583.8;2019-04-11 20:23:29.0;
18;1583.75;2019-04-11 20:23:31.0;
18;1583.9;2019-04-11 20:23:35.0;
18;1583.75;2019-04-11 20:23:39.0;
18;1583.6;2019-04-11 20:23:44.0;
18;1583.75;2019-04-11 20:24:08.0;
18;1583.65;2019-04-11 20:24:14.0;
18;1583.75;2019-04-11 20:24:18.0;
18;1583.8;2019-04-11 20:24:19.0;
18;1583.85;2019-04-11 20:24:26.0;
18;1583.65;2019-04-11 20:24:32.0;
18;1583.55;2019-04-11 20:24:35.0;
18;1583.65;2019-04-11 20:24:36.0;
18;1583.55;2019-04-11 20:24:39.0;
18;1583.6;2019-04-11 20:24:43.0;
18;1583.55;2019-04-11 20:24:48.0;
18;1583.35;2019-04-11 20:24:51.0;
18;1583.4;2019-04-11 20:24:57.0;
18;1583.55;2019-04-11 20:25:04.0;
18;1583.15;2019-04-11 20:25:10.0;
18;1583.25;2019-04-11 20:25:14.0;
18;1583.4;2019-04-11 20:25:25.0;
18;1583.25;2019-04-11 20:25:27.0;
18;1583.2;2019-04-11 20:25:40.0;
18;1583.25;2019-04-11 20:25:41.0;
18;1583.2;2019-04-11 20:25:44.0;
18;1583.25;2019-04-11 20:25:45.0;
18;1583.2;2019-04-11 20:25:48.0;
18;1583.25;2019-04-11 20:26:09.0;
18;1583.15;2019-04-11 20:26:13.0;
18;1583.4;2019-04-11 20:26:16.0;
18;1583.3;2019-04-11 20:26:19.0;
18;1583.25;2019-04-11 20:26:26.0;
18;1583.4;2019-04-11 20:26:27.0;
18;1583.45;2019-04-11 20:26:33.0;
18;1583.4;2019-04-11 20:26:36.0;
18;1583.45;2019-04-11 20:26:41.0;
18;1583.3;2019-04-11 20:26:50.0;
18;1583.45;2019-04-11 20:26:51.0;
18;1583.4;2019-04-11 20:26:56.0;
18;1583.35;2019-04-11 20:27:03.0;
18;1583.45;2019-04-11 20:27:04.0;
18;1583.4;2019-04-11 20:27:09.0;
18;1583.5;2019-04-11 20:27:12.0;
18;1583.45;2019-04-11 20:27:18.0;
18;1583.4;2019-04-11 20:27:21.0;
18;1583.45;2019-04-11 20:27:23.0;
18;1583.35;2019-04-11 20:27:24.0;
18;1583.25;2019-04-11 20:27:31.0;
18;1583.35;2019-04-11 20:27:32.0;
18;1583.25;2019-04-11 20:27:34.0;
18;1583.3;2019-04-11 20:27:37.0;
18;1583.35;2019-04-11 20:27:38.0;
18;1583.3;2019-04-11 20:27:40.0;
18;1583.35;2019-04-11 20:27:41.0;
18;1583.3;2019-04-11 20:27:50.0;
18;1583.25;2019-04-11 20:28:02.0;
18;1583.2;2019-04-11 20:28:08.0;
18;1583.25;2019-04-11 20:28:11.0;
18;1583.35;2019-04-11 20:28:22.0;
18;1583.3;2019-04-11 20:28:28.0;
18;1583.5;2019-04-11 20:28:31.0;
18;1583.45;2019-04-11 20:28:37.0;
18;1583.5;2019-04-11 20:28:39.0;
18;1583.3;2019-04-11 20:28:45.0;
18;1583.4;2019-04-11 20:28:51.0;
18;1583.3;2019-04-11 20:28:52.0;
18;1583.4;2019-04-11 20:28:55.0;
18;1583.35;2019-04-11 20:28:57.0;
18;1583.3;2019-04-11 20:29:08.0;
18;1583.35;2019-04-11 20:29:16.0;
18;1583.2;2019-04-11 20:29:39.0;
18;1582.75;2019-04-11 20:30:04.0;
18;1582.85;2019-04-11 20:30:06.0;
18;1582.7;2019-04-11 20:30:10.0;
18;1582.85;2019-04-11 20:30:14.0;
18;1582.75;2019-04-11 20:30:18.0;
18;1582.8;2019-04-11 20:30:23.0;
18;1582.55;2019-04-11 20:30:26.0;
18;1582.65;2019-04-11 20:30:31.0;
18;1582.55;2019-04-11 20:30:34.0;
18;1582.6;2019-04-11 20:30:35.0;
18;1582.95;2019-04-11 20:30:38.0;
18;1582.9;2019-04-11 20:30:43.0;
18;1582.95;2019-04-11 20:30:48.0;
18;1583.15;2019-04-11 20:30:53.0;
18;1583.1;2019-04-11 20:30:55.0;
18;1583.15;2019-04-11 20:30:56.0;
18;1583.1;2019-04-11 20:30:57.0;
18;1583.05;2019-04-11 20:31:00.0;
18;1582.95;2019-04-11 20:31:06.0;
18;1583.05;2019-04-11 20:31:16.0;
18;1583.3;2019-04-11 20:31:19.0;
18;1583.4;2019-04-11 20:31:26.0;
18;1583.3;2019-04-11 20:31:29.0;
18;1583.4;2019-04-11 20:31:31.0;
18;1583.3;2019-04-11 20:31:32.0;
18;1583.25;2019-04-11 20:31:34.0;
18;1583.4;2019-04-11 20:31:43.0;
18;1583.35;2019-04-11 20:31:49.0;
18;1583.25;2019-04-11 20:32:05.0;
18;1583.45;2019-04-11 20:32:10.0;
18;1583.35;2019-04-11 20:32:14.0;
18;1583.3;2019-04-11 20:32:26.0;
18;1583.2;2019-04-11 20:32:28.0;
18;1583.15;2019-04-11 20:32:36.0;
18;1583.25;2019-04-11 20:32:37.0;
18;1583.15;2019-04-11 20:32:48.0;
18;1583.25;2019-04-11 20:32:49.0;
18;1583.15;2019-04-11 20:32:51.0;
18;1583.3;2019-04-11 20:32:52.0;
18;1583.15;2019-04-11 20:32:58.0;
18;1583.05;2019-04-11 20:33:05.0;
18;1583;2019-04-11 20:33:08.0;
18;1582.9;2019-04-11 20:33:13.0;
18;1582.75;2019-04-11 20:33:16.0;
18;1582.65;2019-04-11 20:33:24.0;
18;1582.75;2019-04-11 20:33:26.0;
18;1582.65;2019-04-11 20:33:28.0;
18;1582.8;2019-04-11 20:33:33.0;
18;1582.95;2019-04-11 20:33:36.0;
18;1582.85;2019-04-11 20:33:44.0;
18;1582.9;2019-04-11 20:34:05.0;
18;1582.7;2019-04-11 20:34:11.0;
18;1582.75;2019-04-11 20:34:18.0;
18;1582.85;2019-04-11 20:34:20.0;
18;1582.65;2019-04-11 20:34:23.0;
18;1582.85;2019-04-11 20:34:26.0;
18;1582.8;2019-04-11 20:34:27.0;
18;1583;2019-04-11 20:34:32.0;
18;1582.85;2019-04-11 20:34:35.0;
18;1583;2019-04-11 20:34:36.0;
18;1582.85;2019-04-11 20:34:38.0;
18;1582.75;2019-04-11 20:34:47.0;
18;1582.65;2019-04-11 20:34:53.0;
18;1582.5;2019-04-11 20:35:07.0;
18;1582.4;2019-04-11 20:35:15.0;
18;1582.25;2019-04-11 20:35:20.0;
18;1582.3;2019-04-11 20:35:30.0;
18;1582.25;2019-04-11 20:35:31.0;
18;1582.35;2019-04-11 20:35:42.0;
18;1582.45;2019-04-11 20:35:43.0;
18;1582.6;2019-04-11 20:36:04.0;
18;1582.55;2019-04-11 20:36:08.0;
18;1582.6;2019-04-11 20:36:10.0;
18;1582.55;2019-04-11 20:36:15.0;
18;1582.6;2019-04-11 20:36:16.0;
18;1582.55;2019-04-11 20:36:17.0;
18;1582.65;2019-04-11 20:36:19.0;
18;1582.6;2019-04-11 20:36:26.0;
18;1582.55;2019-04-11 20:36:27.0;
18;1582.6;2019-04-11 20:36:30.0;
18;1582.55;2019-04-11 20:36:31.0;
18;1582.8;2019-04-11 20:36:35.0;
18;1582.75;2019-04-11 20:36:38.0;
18;1582.8;2019-04-11 20:36:40.0;
18;1582.75;2019-04-11 20:36:41.0;
18;1582.8;2019-04-11 20:36:48.0;
18;1582.75;2019-04-11 20:36:50.0;
18;1582.8;2019-04-11 20:36:53.0;
18;1582.75;2019-04-11 20:36:54.0;
18;1582.85;2019-04-11 20:36:56.0;
18;1582.75;2019-04-11 20:37:04.0;
18;1582.65;2019-04-11 20:37:09.0;
18;1582.75;2019-04-11 20:37:12.0;
18;1582.85;2019-04-11 20:37:14.0;
18;1582.75;2019-04-11 20:37:16.0;
18;1582.85;2019-04-11 20:37:17.0;
18;1582.8;2019-04-11 20:37:21.0;
18;1582.85;2019-04-11 20:37:25.0;
18;1582.75;2019-04-11 20:37:33.0;
18;1582.85;2019-04-11 20:37:38.0;
18;1582.75;2019-04-11 20:37:40.0;
18;1582.85;2019-04-11 20:37:41.0;
18;1582.75;2019-04-11 20:37:50.0;
18;1582.65;2019-04-11 20:38:03.0;
18;1582.8;2019-04-11 20:38:08.0;
18;1582.65;2019-04-11 20:38:13.0;
18;1582.55;2019-04-11 20:38:16.0;
18;1582.5;2019-04-11 20:38:23.0;
18;1582.6;2019-04-11 20:38:28.0;
18;1582.65;2019-04-11 20:38:34.0;
18;1582.6;2019-04-11 20:38:35.0;
18;1582.65;2019-04-11 20:38:37.0;
18;1582.6;2019-04-11 20:38:38.0;
18;1582.75;2019-04-11 20:38:44.0;
18;1582.7;2019-04-11 20:38:48.0;
18;1582.55;2019-04-11 20:38:54.0;
18;1582.65;2019-04-11 20:38:55.0;
18;1582.55;2019-04-11 20:38:56.0;
18;1582.65;2019-04-11 20:39:00.0;
18;1582.6;2019-04-11 20:39:02.0;
18;1582.65;2019-04-11 20:39:05.0;
18;1582.7;2019-04-11 20:39:09.0;
18;1582.6;2019-04-11 20:39:12.0;
18;1582.7;2019-04-11 20:39:14.0;
18;1582.6;2019-04-11 20:39:15.0;
18;1582.7;2019-04-11 20:39:16.0;
18;1582.65;2019-04-11 20:39:22.0;
18;1582.6;2019-04-11 20:39:24.0;
18;1582.65;2019-04-11 20:39:26.0;
18;1582.6;2019-04-11 20:39:28.0;
18;1582.45;2019-04-11 20:39:29.0;
18;1582.25;2019-04-11 20:39:50.0;
18;1582.4;2019-04-11 20:40:04.0;
18;1582.35;2019-04-11 20:40:06.0;
18;1582.5;2019-04-11 20:40:13.0;
18;1582.45;2019-04-11 20:40:15.0;
18;1582.35;2019-04-11 20:40:26.0;
18;1582.2;2019-04-11 20:40:44.0;
18;1582.25;2019-04-11 20:40:50.0;
18;1582.35;2019-04-11 20:40:55.0;
18;1582.45;2019-04-11 20:41:07.0;
18;1582.35;2019-04-11 20:41:11.0;
18;1582.45;2019-04-11 20:41:12.0;
18;1582.5;2019-04-11 20:41:15.0;
18;1582.45;2019-04-11 20:41:20.0;
18;1582.5;2019-04-11 20:41:22.0;
18;1582.45;2019-04-11 20:41:23.0;
18;1582.4;2019-04-11 20:41:28.0;
18;1582.35;2019-04-11 20:41:35.0;
18;1582.4;2019-04-11 20:41:36.0;
18;1582.35;2019-04-11 20:41:37.0;
18;1582.4;2019-04-11 20:41:40.0;
18;1582.45;2019-04-11 20:41:43.0;
18;1582.35;2019-04-11 20:41:47.0;
18;1582.15;2019-04-11 20:42:04.0;
18;1582.1;2019-04-11 20:42:09.0;
18;1582.05;2019-04-11 20:42:16.0;
18;1581.95;2019-04-11 20:42:26.0;
18;1582.05;2019-04-11 20:42:41.0;
18;1582.15;2019-04-11 20:42:42.0;
18;1582.1;2019-04-11 20:42:48.0;
18;1582.05;2019-04-11 20:42:51.0;
18;1582.15;2019-04-11 20:42:55.0;
18;1582.25;2019-04-11 20:42:59.0;
18;1582.35;2019-04-11 20:43:04.0;
18;1582.25;2019-04-11 20:43:05.0;
18;1582.35;2019-04-11 20:43:06.0;
18;1582.25;2019-04-11 20:43:09.0;
18;1582.4;2019-04-11 20:43:12.0;
18;1582.45;2019-04-11 20:43:15.0;
18;1582.4;2019-04-11 20:43:17.0;
18;1582.5;2019-04-11 20:43:19.0;
18;1582.7;2019-04-11 20:43:26.0;
18;1582.65;2019-04-11 20:43:27.0;
18;1582.7;2019-04-11 20:43:29.0;
18;1582.65;2019-04-11 20:43:30.0;
18;1582.55;2019-04-11 20:43:32.0;
18;1582.6;2019-04-11 20:43:34.0;
18;1582.55;2019-04-11 20:43:36.0;
18;1582.6;2019-04-11 20:43:39.0;
18;1582.8;2019-04-11 20:43:41.0;
18;1582.85;2019-04-11 20:43:44.0;
18;1582.9;2019-04-11 20:43:50.0;
18;1582.95;2019-04-11 20:44:03.0;
18;1582.9;2019-04-11 20:44:05.0;
18;1582.95;2019-04-11 20:44:08.0;
18;1582.9;2019-04-11 20:44:09.0;
18;1582.85;2019-04-11 20:44:10.0;
18;1583;2019-04-11 20:44:16.0;
18;1582.95;2019-04-11 20:44:18.0;
18;1583;2019-04-11 20:44:20.0;
18;1582.95;2019-04-11 20:44:21.0;
18;1582.75;2019-04-11 20:44:23.0;
18;1582.6;2019-04-11 20:44:32.0;
18;1582.55;2019-04-11 20:44:34.0;
18;1582.6;2019-04-11 20:44:39.0;
18;1582.7;2019-04-11 20:44:53.0;
18;1582.65;2019-04-11 20:44:54.0;
18;1582.7;2019-04-11 20:44:57.0;
18;1582.65;2019-04-11 20:44:58.0;
18;1582.6;2019-04-11 20:45:06.0;
18;1582.45;2019-04-11 20:45:07.0;
18;1582.4;2019-04-11 20:45:20.0;
18;1582.3;2019-04-11 20:45:23.0;
18;1582.25;2019-04-11 20:45:28.0;
18;1582.3;2019-04-11 20:45:37.0;
18;1582.2;2019-04-11 20:45:38.0;
18;1582.3;2019-04-11 20:45:41.0;
18;1582.25;2019-04-11 20:45:45.0;
18;1582.45;2019-04-11 20:46:04.0;
18;1582.25;2019-04-11 20:46:05.0;
18;1582.3;2019-04-11 20:46:14.0;
18;1582.4;2019-04-11 20:46:15.0;
18;1582.3;2019-04-11 20:46:18.0;
18;1582.4;2019-04-11 20:46:19.0;
18;1582.35;2019-04-11 20:46:21.0;
18;1582.45;2019-04-11 20:46:29.0;
18;1582.4;2019-04-11 20:46:36.0;
18;1582.35;2019-04-11 20:46:40.0;
18;1582.3;2019-04-11 20:46:46.0;
18;1582.2;2019-04-11 20:46:48.0;
18;1582.05;2019-04-11 20:46:56.0;
18;1582.2;2019-04-11 20:46:57.0;
18;1582.05;2019-04-11 20:46:59.0;
18;1581.95;2019-04-11 20:47:08.0;
18;1582.1;2019-04-11 20:47:11.0;
18;1581.95;2019-04-11 20:47:12.0;
18;1582.1;2019-04-11 20:47:14.0;
18;1582.05;2019-04-11 20:47:15.0;
18;1582;2019-04-11 20:47:21.0;
18;1582.05;2019-04-11 20:47:22.0;
18;1582;2019-04-11 20:47:24.0;
18;1581.95;2019-04-11 20:47:31.0;
18;1582.05;2019-04-11 20:47:38.0;
18;1582;2019-04-11 20:47:39.0;
18;1582.05;2019-04-11 20:47:42.0;
18;1581.95;2019-04-11 20:47:44.0;
18;1582.05;2019-04-11 20:48:06.0;
18;1581.9;2019-04-11 20:48:07.0;
18;1582.05;2019-04-11 20:48:08.0;
18;1581.9;2019-04-11 20:48:10.0;
18;1582;2019-04-11 20:48:12.0;
18;1581.95;2019-04-11 20:48:20.0;
18;1581.85;2019-04-11 20:48:24.0;
18;1581.95;2019-04-11 20:48:31.0;
18;1581.9;2019-04-11 20:48:35.0;
18;1582;2019-04-11 20:48:42.0;
18;1581.95;2019-04-11 20:48:43.0;
18;1582.1;2019-04-11 20:48:51.0;
18;1582;2019-04-11 20:48:55.0;
18;1582.05;2019-04-11 20:49:00.0;
18;1582;2019-04-11 20:49:02.0;
18;1582.05;2019-04-11 20:49:04.0;
18;1582;2019-04-11 20:49:12.0;
18;1582.05;2019-04-11 20:49:27.0;
18;1582.1;2019-04-11 20:49:39.0;
18;1581.95;2019-04-11 20:49:44.0;
18;1581.85;2019-04-11 20:50:03.0;
18;1581.5;2019-04-11 20:50:10.0;
18;1581.25;2019-04-11 20:50:11.0;
18;1581.1;2019-04-11 20:50:15.0;
18;1581.35;2019-04-11 20:50:20.0;
18;1581.45;2019-04-11 20:50:28.0;
18;1581.35;2019-04-11 20:50:31.0;
18;1581.2;2019-04-11 20:50:32.0;
18;1581.45;2019-04-11 20:50:35.0;
18;1581.2;2019-04-11 20:50:36.0;
18;1581.45;2019-04-11 20:50:38.0;
18;1581.5;2019-04-11 20:50:39.0;
18;1581.45;2019-04-11 20:50:44.0;
18;1581.5;2019-04-11 20:50:45.0;
18;1581.45;2019-04-11 20:50:46.0;
18;1581.55;2019-04-11 20:50:48.0;
18;1581.4;2019-04-11 20:50:52.0;
18;1581.5;2019-04-11 20:50:58.0;
18;1581.45;2019-04-11 20:50:59.0;
18;1581.5;2019-04-11 20:51:00.0;
18;1581.45;2019-04-11 20:51:02.0;
18;1581.55;2019-04-11 20:51:05.0;
18;1581.65;2019-04-11 20:51:09.0;
18;1581.8;2019-04-11 20:51:10.0;
18;1581.65;2019-04-11 20:51:12.0;
18;1581.8;2019-04-11 20:51:14.0;
18;1581.75;2019-04-11 20:51:16.0;
18;1581.8;2019-04-11 20:51:17.0;
18;1581.75;2019-04-11 20:51:19.0;
18;1581.8;2019-04-11 20:51:27.0;
18;1581.85;2019-04-11 20:51:32.0;
18;1581.8;2019-04-11 20:51:33.0;
18;1581.85;2019-04-11 20:51:35.0;
18;1581.65;2019-04-11 20:51:43.0;
18;1581.55;2019-04-11 20:52:07.0;
18;1581.65;2019-04-11 20:52:14.0;
18;1581.6;2019-04-11 20:52:21.0;
18;1581.7;2019-04-11 20:52:30.0;
18;1581.75;2019-04-11 20:52:42.0;
18;1581.8;2019-04-11 20:52:46.0;
18;1581.75;2019-04-11 20:52:50.0;
18;1581.8;2019-04-11 20:52:56.0;
18;1581.7;2019-04-11 20:53:00.0;
18;1581.75;2019-04-11 20:53:05.0;
18;1581.85;2019-04-11 20:53:10.0;
18;1582.15;2019-04-11 20:53:14.0;
18;1582;2019-04-11 20:53:18.0;
18;1582.05;2019-04-11 20:53:23.0;
18;1582;2019-04-11 20:53:26.0;
18;1582.05;2019-04-11 20:53:27.0;
18;1581.95;2019-04-11 20:53:33.0;
18;1581.9;2019-04-11 20:53:34.0;
18;1581.95;2019-04-11 20:53:40.0;
18;1582.05;2019-04-11 20:53:45.0;
18;1581.9;2019-04-11 20:53:46.0;
18;1582.05;2019-04-11 20:53:47.0;
18;1581.9;2019-04-11 20:53:49.0;
18;1581.8;2019-04-11 20:54:03.0;
18;1581.7;2019-04-11 20:54:09.0;
18;1581.65;2019-04-11 20:54:13.0;
18;1581.6;2019-04-11 20:54:16.0;
18;1581.65;2019-04-11 20:54:22.0;
18;1581.55;2019-04-11 20:54:23.0;
18;1581.65;2019-04-11 20:54:24.0;
18;1581.55;2019-04-11 20:54:34.0;
18;1581.45;2019-04-11 20:54:36.0;
18;1581.55;2019-04-11 20:54:37.0;
18;1581.45;2019-04-11 20:54:38.0;
18;1581.6;2019-04-11 20:54:41.0;
18;1581.65;2019-04-11 20:54:51.0;
18;1581.5;2019-04-11 20:55:00.0;
18;1581.6;2019-04-11 20:55:10.0;
18;1581.65;2019-04-11 20:55:23.0;
18;1581.5;2019-04-11 20:55:31.0;
18;1581.4;2019-04-11 20:55:36.0;
18;1581.5;2019-04-11 20:55:37.0;
18;1581.55;2019-04-11 20:55:38.0;
18;1581.5;2019-04-11 20:55:44.0;
18;1581.55;2019-04-11 20:55:47.0;
18;1581.4;2019-04-11 20:56:03.0;
18;1581.45;2019-04-11 20:56:07.0;
18;1581.4;2019-04-11 20:56:12.0;
18;1581.45;2019-04-11 20:56:13.0;
18;1581.4;2019-04-11 20:56:14.0;
18;1581.55;2019-04-11 20:56:16.0;
18;1581.6;2019-04-11 20:56:20.0;
18;1581.4;2019-04-11 20:56:27.0;
18;1581.65;2019-04-11 20:56:31.0;
18;1581.75;2019-04-11 20:56:35.0;
18;1581.7;2019-04-11 20:56:41.0;
18;1581.85;2019-04-11 20:56:46.0;
18;1581.8;2019-04-11 20:56:54.0;
18;1581.85;2019-04-11 20:56:57.0;
18;1581.8;2019-04-11 20:56:59.0;
18;1582;2019-04-11 20:57:00.0;
18;1581.8;2019-04-11 20:57:06.0;
18;1582;2019-04-11 20:57:07.0;
18;1581.8;2019-04-11 20:57:10.0;
18;1581.95;2019-04-11 20:57:11.0;
18;1582.05;2019-04-11 20:57:16.0;
18;1582.15;2019-04-11 20:57:24.0;
18;1582.2;2019-04-11 20:57:27.0;
18;1582.3;2019-04-11 20:57:34.0;
18;1582.15;2019-04-11 20:57:37.0;
18;1581.95;2019-04-11 20:58:04.0;
18;1581.9;2019-04-11 20:58:11.0;
18;1581.8;2019-04-11 20:58:13.0;
18;1581.9;2019-04-11 20:58:14.0;
18;1581.8;2019-04-11 20:58:16.0;
18;1582.05;2019-04-11 20:58:23.0;
18;1582.1;2019-04-11 20:58:39.0;
18;1582.15;2019-04-11 20:58:44.0;
18;1582.25;2019-04-11 20:58:56.0;
18;1582.15;2019-04-11 20:59:04.0;
18;1582.1;2019-04-11 20:59:08.0;
18;1582.15;2019-04-11 20:59:15.0;
18;1582.3;2019-04-11 20:59:21.0;
18;1582.2;2019-04-11 20:59:24.0;
18;1582.15;2019-04-11 20:59:28.0;
18;1582.25;2019-04-11 20:59:36.0;
18;1582.1;2019-04-11 20:59:39.0;
18;1582.25;2019-04-11 20:59:40.0;
18;1582.1;2019-04-11 20:59:41.0;
18;1582.05;2019-04-11 20:59:43.0;
18;1581.95;2019-04-11 21:00:11.0;
18;1581.75;2019-04-11 21:00:15.0;
18;1581.95;2019-04-11 21:00:16.0;
18;1581.75;2019-04-11 21:00:18.0;
18;1581.85;2019-04-11 21:00:19.0;
18;1581.75;2019-04-11 21:00:25.0;
18;1581.7;2019-04-11 21:00:27.0;
18;1581.85;2019-04-11 21:00:36.0;
18;1581.9;2019-04-11 21:00:40.0;
18;1581.85;2019-04-11 21:00:46.0;
18;1582;2019-04-11 21:00:59.0;
18;1581.95;2019-04-11 21:01:00.0;
18;1582.05;2019-04-11 21:01:06.0;
18;1581.8;2019-04-11 21:01:07.0;
18;1582.2;2019-04-11 21:01:10.0;
18;1581.8;2019-04-11 21:01:12.0;
18;1582.2;2019-04-11 21:01:13.0;
18;1582.3;2019-04-11 21:01:16.0;
18;1582.2;2019-04-11 21:01:17.0;
18;1582.3;2019-04-11 21:01:18.0;
18;1582.4;2019-04-11 21:01:20.0;
18;1582.3;2019-04-11 21:01:23.0;
18;1582.4;2019-04-11 21:01:24.0;
18;1582.3;2019-04-11 21:01:26.0;
18;1582.2;2019-04-11 21:01:27.0;
18;1582.3;2019-04-11 21:01:31.0;
18;1582.2;2019-04-11 21:01:32.0;
18;1582.3;2019-04-11 21:01:34.0;
18;1582.15;2019-04-11 21:01:36.0;
18;1582.25;2019-04-11 21:01:39.0;
18;1582.2;2019-04-11 21:01:44.0;
18;1582.3;2019-04-11 21:01:48.0;
18;1582.2;2019-04-11 21:01:49.0;
18;1582.3;2019-04-11 21:01:51.0;
18;1582.55;2019-04-11 21:02:03.0;
18;1582.6;2019-04-11 21:02:09.0;
18;1582.7;2019-04-11 21:02:12.0;
18;1582.6;2019-04-11 21:02:13.0;
18;1582.65;2019-04-11 21:02:16.0;
18;1582.75;2019-04-11 21:02:21.0;
18;1582.5;2019-04-11 21:02:26.0;
18;1582.6;2019-04-11 21:02:28.0;
18;1582.7;2019-04-11 21:02:33.0;
18;1582.55;2019-04-11 21:02:39.0;
18;1582.7;2019-04-11 21:02:45.0;
18;1582.65;2019-04-11 21:02:47.0;
18;1582.55;2019-04-11 21:02:50.0;
18;1582.65;2019-04-11 21:02:52.0;
18;1582.55;2019-04-11 21:02:53.0;
18;1582.75;2019-04-11 21:03:00.0;
18;1582.7;2019-04-11 21:03:12.0;
18;1582.75;2019-04-11 21:03:13.0;
18;1582.8;2019-04-11 21:03:19.0;
18;1582.75;2019-04-11 21:03:24.0;
18;1582.8;2019-04-11 21:03:26.0;
18;1582.75;2019-04-11 21:03:27.0;
18;1582.8;2019-04-11 21:03:29.0;
18;1582.75;2019-04-11 21:03:33.0;
18;1582.7;2019-04-11 21:03:39.0;
18;1582.75;2019-04-11 21:03:40.0;
18;1582.7;2019-04-11 21:03:44.0;
18;1582.65;2019-04-11 21:03:48.0;
18;1582.75;2019-04-11 21:04:05.0;
18;1582.9;2019-04-11 21:04:10.0;
18;1582.75;2019-04-11 21:04:18.0;
18;1582.85;2019-04-11 21:04:25.0;
18;1582.75;2019-04-11 21:04:27.0;
18;1582.85;2019-04-11 21:04:33.0;
18;1582.95;2019-04-11 21:04:38.0;
18;1583;2019-04-11 21:04:53.0;
18;1583.15;2019-04-11 21:04:54.0;
18;1583;2019-04-11 21:04:55.0;
18;1583.15;2019-04-11 21:04:57.0;
18;1583.25;2019-04-11 21:05:04.0;
18;1583.3;2019-04-11 21:05:10.0;
18;1583.25;2019-04-11 21:05:15.0;
18;1583.4;2019-04-11 21:05:18.0;
18;1583.25;2019-04-11 21:05:19.0;
18;1583.4;2019-04-11 21:05:21.0;
18;1583.55;2019-04-11 21:05:23.0;
18;1583.4;2019-04-11 21:05:24.0;
18;1583.55;2019-04-11 21:05:26.0;
18;1583.6;2019-04-11 21:05:39.0;
18;1583.55;2019-04-11 21:05:41.0;
18;1583.6;2019-04-11 21:05:42.0;
18;1583.55;2019-04-11 21:05:46.0;
18;1583.8;2019-04-11 21:06:04.0;
18;1583.85;2019-04-11 21:06:08.0;
18;1583.9;2019-04-11 21:06:14.0;
18;1583.95;2019-04-11 21:06:18.0;
18;1584.15;2019-04-11 21:06:21.0;
18;1584;2019-04-11 21:06:23.0;
18;1584.15;2019-04-11 21:06:25.0;
18;1584;2019-04-11 21:06:26.0;
18;1583.85;2019-04-11 21:06:35.0;
18;1583.75;2019-04-11 21:06:43.0;
18;1583.9;2019-04-11 21:06:48.0;
18;1584;2019-04-11 21:06:52.0;
18;1583.8;2019-04-11 21:06:55.0;
18;1583.7;2019-04-11 21:07:00.0;
18;1583.65;2019-04-11 21:07:06.0;
18;1583.55;2019-04-11 21:07:08.0;
18;1583.65;2019-04-11 21:07:09.0;
18;1583.55;2019-04-11 21:07:10.0;
18;1583.5;2019-04-11 21:07:12.0;
18;1583.65;2019-04-11 21:07:21.0;
18;1583.75;2019-04-11 21:07:26.0;
18;1583.8;2019-04-11 21:07:29.0;
18;1583.75;2019-04-11 21:07:30.0;
18;1583.7;2019-04-11 21:07:34.0;
18;1583.75;2019-04-11 21:07:36.0;
18;1583.7;2019-04-11 21:07:37.0;
18;1583.6;2019-04-11 21:07:40.0;
18;1583.65;2019-04-11 21:07:46.0;
18;1583.6;2019-04-11 21:07:47.0;
18;1583.55;2019-04-11 21:08:03.0;
18;1583.6;2019-04-11 21:08:04.0;
18;1583.55;2019-04-11 21:08:05.0;
18;1583.45;2019-04-11 21:08:08.0;
18;1583.4;2019-04-11 21:08:10.0;
18;1583.45;2019-04-11 21:08:11.0;
18;1583.2;2019-04-11 21:08:14.0;
18;1583.3;2019-04-11 21:08:22.0;
18;1583.25;2019-04-11 21:08:28.0;
18;1583.3;2019-04-11 21:08:34.0;
18;1583.25;2019-04-11 21:08:38.0;
18;1583.35;2019-04-11 21:08:43.0;
18;1583.3;2019-04-11 21:08:46.0;
18;1583.35;2019-04-11 21:08:52.0;
18;1583.3;2019-04-11 21:08:53.0;
18;1583.35;2019-04-11 21:08:55.0;
18;1583.3;2019-04-11 21:08:56.0;
18;1583.4;2019-04-11 21:09:03.0;
18;1583.3;2019-04-11 21:09:04.0;
18;1583.4;2019-04-11 21:09:06.0;
18;1583.45;2019-04-11 21:09:08.0;
18;1583.35;2019-04-11 21:09:22.0;
18;1583.25;2019-04-11 21:09:25.0;
18;1583.45;2019-04-11 21:09:31.0;
18;1583.55;2019-04-11 21:09:39.0;
18;1583.45;2019-04-11 21:09:41.0;
18;1583.6;2019-04-11 21:09:42.0;
18;1583.65;2019-04-11 21:09:46.0;
18;1583.6;2019-04-11 21:09:48.0;
18;1583.65;2019-04-11 21:09:49.0;
18;1583.55;2019-04-11 21:10:07.0;
18;1583.5;2019-04-11 21:10:12.0;
18;1583.45;2019-04-11 21:10:19.0;
18;1583.4;2019-04-11 21:10:26.0;
18;1583.25;2019-04-11 21:10:33.0;
18;1583.15;2019-04-11 21:10:39.0;
18;1583.05;2019-04-11 21:10:44.0;
18;1583.15;2019-04-11 21:10:47.0;
18;1583.3;2019-04-11 21:10:57.0;
18;1583.25;2019-04-11 21:10:59.0;
18;1583.2;2019-04-11 21:11:12.0;
18;1583.4;2019-04-11 21:11:16.0;
18;1583.15;2019-04-11 21:11:22.0;
18;1583.1;2019-04-11 21:11:24.0;
18;1583.05;2019-04-11 21:11:29.0;
18;1583.2;2019-04-11 21:11:35.0;
18;1583.25;2019-04-11 21:11:42.0;
18;1583.3;2019-04-11 21:11:44.0;
18;1583.25;2019-04-11 21:11:48.0;
18;1583.45;2019-04-11 21:12:04.0;
18;1583.25;2019-04-11 21:12:05.0;
18;1583.45;2019-04-11 21:12:08.0;
18;1583.35;2019-04-11 21:12:10.0;
18;1583.5;2019-04-11 21:12:19.0;
18;1583.45;2019-04-11 21:12:25.0;
18;1583.4;2019-04-11 21:12:30.0;
18;1583.45;2019-04-11 21:12:32.0;
18;1583.4;2019-04-11 21:12:35.0;
18;1583.35;2019-04-11 21:12:36.0;
18;1583.4;2019-04-11 21:12:40.0;
18;1583.55;2019-04-11 21:12:46.0;
18;1583.45;2019-04-11 21:12:50.0;
18;1583.5;2019-04-11 21:12:52.0;
18;1583.45;2019-04-11 21:12:54.0;
18;1583.5;2019-04-11 21:12:55.0;
18;1583.55;2019-04-11 21:12:57.0;
18;1583.45;2019-04-11 21:13:04.0;
18;1583.35;2019-04-11 21:13:08.0;
18;1583.3;2019-04-11 21:13:16.0;
18;1583.35;2019-04-11 21:13:17.0;
18;1583.45;2019-04-11 21:13:19.0;
18;1583.3;2019-04-11 21:13:20.0;
18;1583.45;2019-04-11 21:13:21.0;
18;1583.35;2019-04-11 21:13:23.0;
18;1583.4;2019-04-11 21:13:30.0;
18;1583.35;2019-04-11 21:13:31.0;
18;1583.4;2019-04-11 21:13:33.0;
18;1583.35;2019-04-11 21:13:36.0;
18;1583.5;2019-04-11 21:13:37.0;
18;1583.45;2019-04-11 21:13:38.0;
18;1583.5;2019-04-11 21:13:40.0;
18;1583.45;2019-04-11 21:13:42.0;
18;1583.4;2019-04-11 21:13:44.0;
18;1583.25;2019-04-11 21:14:02.0;
18;1582.8;2019-04-11 21:14:05.0;
18;1583.25;2019-04-11 21:14:06.0;
18;1582.8;2019-04-11 21:14:08.0;
18;1582.9;2019-04-11 21:14:13.0;
18;1582.75;2019-04-11 21:14:15.0;
18;1582.9;2019-04-11 21:14:17.0;
18;1582.75;2019-04-11 21:14:19.0;
18;1582.8;2019-04-11 21:14:28.0;
18;1582.85;2019-04-11 21:14:32.0;
18;1582.75;2019-04-11 21:14:34.0;
18;1582.9;2019-04-11 21:14:41.0;
18;1582.95;2019-04-11 21:14:48.0;
18;1582.85;2019-04-11 21:14:55.0;
18;1582.9;2019-04-11 21:14:57.0;
18;1583;2019-04-11 21:15:02.0;
18;1582.65;2019-04-11 21:15:08.0;
18;1582.8;2019-04-11 21:15:09.0;
18;1582.75;2019-04-11 21:15:15.0;
18;1582.8;2019-04-11 21:15:18.0;
18;1582.9;2019-04-11 21:15:23.0;
18;1583.2;2019-04-11 21:15:31.0;
18;1583.15;2019-04-11 21:15:45.0;
18;1583.1;2019-04-11 21:16:07.0;
18;1583.15;2019-04-11 21:16:08.0;
18;1583.1;2019-04-11 21:16:12.0;
18;1583.15;2019-04-11 21:16:18.0;
18;1583.1;2019-04-11 21:16:19.0;
18;1583;2019-04-11 21:16:31.0;
18;1582.95;2019-04-11 21:16:38.0;
18;1582.9;2019-04-11 21:16:44.0;
18;1583;2019-04-11 21:16:50.0;
18;1582.95;2019-04-11 21:16:55.0;
18;1583.2;2019-04-11 21:17:03.0;
18;1583.3;2019-04-11 21:17:04.0;
18;1583.35;2019-04-11 21:17:07.0;
18;1583.3;2019-04-11 21:17:09.0;
18;1583.35;2019-04-11 21:17:10.0;
18;1583.5;2019-04-11 21:17:14.0;
18;1583.35;2019-04-11 21:17:15.0;
18;1583.45;2019-04-11 21:17:16.0;
18;1583.3;2019-04-11 21:17:21.0;
18;1583.35;2019-04-11 21:17:31.0;
18;1583.5;2019-04-11 21:17:36.0;
18;1583.4;2019-04-11 21:17:43.0;
18;1583.45;2019-04-11 21:17:49.0;
18;1583.5;2019-04-11 21:18:03.0;
18;1583.45;2019-04-11 21:18:04.0;
18;1583.5;2019-04-11 21:18:05.0;
18;1583.55;2019-04-11 21:18:07.0;
18;1583.5;2019-04-11 21:18:10.0;
18;1583.55;2019-04-11 21:18:11.0;
18;1583.6;2019-04-11 21:18:14.0;
18;1583.55;2019-04-11 21:18:19.0;
18;1583.5;2019-04-11 21:18:26.0;
18;1583.55;2019-04-11 21:18:31.0;
18;1583.7;2019-04-11 21:18:41.0;
18;1583.65;2019-04-11 21:18:45.0;
18;1583.55;2019-04-11 21:19:03.0;
18;1583.6;2019-04-11 21:19:08.0;
18;1583.35;2019-04-11 21:19:15.0;
18;1583.45;2019-04-11 21:19:21.0;
18;1583.35;2019-04-11 21:19:24.0;
18;1583.45;2019-04-11 21:19:27.0;
18;1583.25;2019-04-11 21:19:28.0;
18;1583.3;2019-04-11 21:19:34.0;
18;1583.2;2019-04-11 21:19:36.0;
18;1583.3;2019-04-11 21:19:37.0;
18;1583.2;2019-04-11 21:19:38.0;
18;1583.15;2019-04-11 21:19:40.0;
18;1583.25;2019-04-11 21:19:52.0;
18;1583.3;2019-04-11 21:20:07.0;
18;1583.2;2019-04-11 21:20:13.0;
18;1583.15;2019-04-11 21:20:15.0;
18;1583.2;2019-04-11 21:20:16.0;
18;1583.15;2019-04-11 21:20:18.0;
18;1583.3;2019-04-11 21:20:19.0;
18;1583.15;2019-04-11 21:20:20.0;
18;1583.3;2019-04-11 21:20:22.0;
18;1583.25;2019-04-11 21:20:23.0;
18;1583.15;2019-04-11 21:20:29.0;
18;1583.2;2019-04-11 21:20:35.0;
18;1583.1;2019-04-11 21:20:39.0;
18;1583.2;2019-04-11 21:20:40.0;
18;1583.1;2019-04-11 21:20:41.0;
18;1583.15;2019-04-11 21:20:49.0;
18;1583.35;2019-04-11 21:20:53.0;
18;1583.15;2019-04-11 21:20:54.0;
18;1583.35;2019-04-11 21:20:56.0;
18;1583.2;2019-04-11 21:21:11.0;
18;1583.1;2019-04-11 21:21:19.0;
18;1583.15;2019-04-11 21:21:23.0;
18;1583.2;2019-04-11 21:21:36.0;
18;1583.3;2019-04-11 21:22:04.0;
18;1583.25;2019-04-11 21:22:11.0;
18;1583.2;2019-04-11 21:22:38.0;
18;1583.45;2019-04-11 21:22:41.0;
18;1583.35;2019-04-11 21:22:51.0;
18;1583.45;2019-04-11 21:22:53.0;
18;1583.35;2019-04-11 21:22:54.0;
18;1583.15;2019-04-11 21:23:09.0;
18;1583.25;2019-04-11 21:23:14.0;
18;1583.3;2019-04-11 21:23:16.0;
18;1583.25;2019-04-11 21:23:20.0;
18;1583.2;2019-04-11 21:23:27.0;
18;1583.3;2019-04-11 21:23:32.0;
18;1583.25;2019-04-11 21:23:43.0;
18;1583.2;2019-04-11 21:23:48.0;
18;1582.85;2019-04-11 21:24:02.0;
18;1582.8;2019-04-11 21:24:10.0;
18;1582.65;2019-04-11 21:24:12.0;
18;1582.75;2019-04-11 21:24:14.0;
18;1582.7;2019-04-11 21:24:20.0;
18;1582.65;2019-04-11 21:24:25.0;
18;1582.7;2019-04-11 21:24:26.0;
18;1582.65;2019-04-11 21:24:31.0;
18;1582.75;2019-04-11 21:24:37.0;
18;1582.65;2019-04-11 21:24:38.0;
18;1582.9;2019-04-11 21:24:39.0;
18;1582.75;2019-04-11 21:24:41.0;
18;1582.7;2019-04-11 21:24:50.0;
18;1582.75;2019-04-11 21:24:52.0;
18;1582.9;2019-04-11 21:24:54.0;
18;1582.75;2019-04-11 21:25:03.0;
18;1582.85;2019-04-11 21:25:07.0;
18;1582.8;2019-04-11 21:25:11.0;
18;1582.75;2019-04-11 21:25:26.0;
18;1582.8;2019-04-11 21:25:40.0;
18;1582.75;2019-04-11 21:25:46.0;
18;1582.55;2019-04-11 21:26:04.0;
18;1582.7;2019-04-11 21:26:08.0;
18;1582.65;2019-04-11 21:26:17.0;
18;1582.75;2019-04-11 21:26:20.0;
18;1582.65;2019-04-11 21:26:21.0;
18;1582.75;2019-04-11 21:26:22.0;
18;1582.85;2019-04-11 21:26:24.0;
18;1582.9;2019-04-11 21:26:30.0;
18;1582.85;2019-04-11 21:26:31.0;
18;1582.9;2019-04-11 21:26:34.0;
18;1582.75;2019-04-11 21:26:35.0;
18;1582.8;2019-04-11 21:26:40.0;
18;1582.75;2019-04-11 21:26:42.0;
18;1582.7;2019-04-11 21:26:47.0;
18;1582.75;2019-04-11 21:26:48.0;
18;1582.6;2019-04-11 21:26:51.0;
18;1582.65;2019-04-11 21:26:56.0;
18;1582.75;2019-04-11 21:27:08.0;
18;1582.9;2019-04-11 21:27:26.0;
18;1583;2019-04-11 21:27:27.0;
18;1582.9;2019-04-11 21:27:29.0;
18;1583;2019-04-11 21:27:30.0;
18;1583.05;2019-04-11 21:27:33.0;
18;1582.9;2019-04-11 21:27:35.0;
18;1583.05;2019-04-11 21:27:37.0;
18;1582.9;2019-04-11 21:27:38.0;
18;1582.85;2019-04-11 21:27:41.0;
18;1582.8;2019-04-11 21:27:43.0;
18;1582.45;2019-04-11 21:28:03.0;
18;1582.35;2019-04-11 21:28:41.0;
18;1582.15;2019-04-11 21:29:10.0;
18;1581.95;2019-04-11 21:29:11.0;
18;1581.6;2019-04-11 21:29:22.0;
18;1581.8;2019-04-11 21:29:24.0;
18;1581.65;2019-04-11 21:29:32.0;
18;1581.55;2019-04-11 21:29:40.0;
18;1581.65;2019-04-11 21:29:41.0;
18;1581.55;2019-04-11 21:29:42.0;
18;1581.7;2019-04-11 21:29:45.0;
18;1581.65;2019-04-11 21:29:48.0;
18;1581.9;2019-04-11 21:30:03.0;
18;1581.65;2019-04-11 21:30:06.0;
18;1582;2019-04-11 21:30:07.0;
18;1582.05;2019-04-11 21:30:12.0;
18;1582.1;2019-04-11 21:30:16.0;
18;1582.15;2019-04-11 21:30:23.0;
18;1582.05;2019-04-11 21:30:30.0;
18;1582.15;2019-04-11 21:30:34.0;
18;1582.25;2019-04-11 21:30:39.0;
18;1582.6;2019-04-11 21:30:52.0;
18;1582.25;2019-04-11 21:30:53.0;
18;1582.8;2019-04-11 21:30:55.0;
18;1582.75;2019-04-11 21:30:59.0;
18;1582.7;2019-04-11 21:31:05.0;
18;1582.65;2019-04-11 21:31:08.0;
18;1582.7;2019-04-11 21:31:12.0;
18;1582.75;2019-04-11 21:31:18.0;
18;1582.7;2019-04-11 21:31:19.0;
18;1582.75;2019-04-11 21:31:20.0;
18;1582.55;2019-04-11 21:31:27.0;
18;1582.5;2019-04-11 21:31:36.0;
18;1582.55;2019-04-11 21:31:37.0;
18;1582.6;2019-04-11 21:31:38.0;
18;1582.85;2019-04-11 21:31:47.0;
18;1583.25;2019-04-11 21:32:03.0;
18;1582.85;2019-04-11 21:32:04.0;
18;1583.25;2019-04-11 21:32:05.0;
18;1583.15;2019-04-11 21:32:07.0;
18;1583.25;2019-04-11 21:32:10.0;
18;1583.15;2019-04-11 21:32:11.0;
18;1583.25;2019-04-11 21:32:13.0;
18;1583.3;2019-04-11 21:32:14.0;
18;1583.35;2019-04-11 21:32:22.0;
18;1583.25;2019-04-11 21:32:25.0;
18;1583.3;2019-04-11 21:32:32.0;
18;1583.25;2019-04-11 21:32:39.0;
18;1583.15;2019-04-11 21:32:44.0;
18;1583.45;2019-04-11 21:32:48.0;
18;1583.55;2019-04-11 21:32:53.0;
18;1583.7;2019-04-11 21:33:00.0;
18;1583.65;2019-04-11 21:33:02.0;
18;1583.7;2019-04-11 21:33:03.0;
18;1583.65;2019-04-11 21:33:05.0;
18;1583.7;2019-04-11 21:33:46.0;
18;1583.65;2019-04-11 21:33:47.0;
18;1583.7;2019-04-11 21:33:48.0;
18;1583.45;2019-04-11 21:34:03.0;
18;1583.7;2019-04-11 21:34:04.0;
18;1583.45;2019-04-11 21:34:06.0;
18;1583.6;2019-04-11 21:34:11.0;
18;1583.55;2019-04-11 21:34:17.0;
18;1583.35;2019-04-11 21:34:24.0;
18;1583.4;2019-04-11 21:34:27.0;
18;1583.3;2019-04-11 21:34:32.0;
18;1583.4;2019-04-11 21:34:33.0;
18;1583.3;2019-04-11 21:34:35.0;
18;1583.25;2019-04-11 21:34:36.0;
18;1583.35;2019-04-11 21:34:42.0;
18;1583.55;2019-04-11 21:34:44.0;
18;1583.5;2019-04-11 21:34:48.0;
18;1583.45;2019-04-11 21:34:52.0;
18;1583.25;2019-04-11 21:34:55.0;
18;1583.3;2019-04-11 21:35:07.0;
18;1583.25;2019-04-11 21:35:10.0;
18;1583.35;2019-04-11 21:35:11.0;
18;1583.3;2019-04-11 21:35:32.0;
18;1583.25;2019-04-11 21:35:35.0;
18;1582.95;2019-04-11 21:35:40.0;
18;1583.25;2019-04-11 21:35:41.0;
18;1582.95;2019-04-11 21:35:42.0;
18;1582.85;2019-04-11 21:36:02.0;
18;1583.15;2019-04-11 21:36:08.0;
18;1583.05;2019-04-11 21:36:14.0;
18;1582.8;2019-04-11 21:36:19.0;
18;1582.6;2019-04-11 21:36:26.0;
18;1582.7;2019-04-11 21:36:27.0;
18;1582.65;2019-04-11 21:36:33.0;
18;1582.8;2019-04-11 21:36:36.0;
18;1582.65;2019-04-11 21:36:37.0;
18;1582.8;2019-04-11 21:36:39.0;
18;1582.75;2019-04-11 21:36:44.0;
18;1582.9;2019-04-11 21:36:48.0;
18;1582.7;2019-04-11 21:36:51.0;
18;1582.55;2019-04-11 21:36:58.0;
18;1582.8;2019-04-11 21:37:04.0;
18;1582.9;2019-04-11 21:37:11.0;
18;1582.85;2019-04-11 21:37:18.0;
18;1582.9;2019-04-11 21:37:24.0;
18;1582.85;2019-04-11 21:37:25.0;
18;1582.9;2019-04-11 21:37:27.0;
18;1582.95;2019-04-11 21:37:28.0;
18;1582.9;2019-04-11 21:37:31.0;
18;1582.95;2019-04-11 21:37:35.0;
18;1582.8;2019-04-11 21:37:39.0;
18;1582.65;2019-04-11 21:37:44.0;
18;1582.8;2019-04-11 21:37:50.0;
18;1582.75;2019-04-11 21:38:03.0;
18;1582.7;2019-04-11 21:38:07.0;
18;1582.6;2019-04-11 21:38:15.0;
18;1582.45;2019-04-11 21:38:20.0;
18;1582.4;2019-04-11 21:38:32.0;
18;1582.3;2019-04-11 21:38:39.0;
18;1582.25;2019-04-11 21:38:43.0;
18;1582.15;2019-04-11 21:38:49.0;
18;1582.25;2019-04-11 21:38:52.0;
18;1582.15;2019-04-11 21:38:53.0;
18;1582.25;2019-04-11 21:38:54.0;
18;1582.6;2019-04-11 21:38:58.0;
18;1582.35;2019-04-11 21:39:04.0;
18;1582.25;2019-04-11 21:39:06.0;
18;1581.55;2019-04-11 21:39:36.0;
18;1582.25;2019-04-11 21:39:37.0;
18;1581.55;2019-04-11 21:39:40.0;
18;1581.6;2019-04-11 21:39:42.0;
18;1581.55;2019-04-11 21:39:44.0;
18;1581.65;2019-04-11 21:39:47.0;
18;1582.15;2019-04-11 21:40:04.0;
18;1581.65;2019-04-11 21:40:06.0;
18;1581.9;2019-04-11 21:40:07.0;
18;1581.85;2019-04-11 21:40:14.0;
18;1581.9;2019-04-11 21:40:15.0;
18;1581.85;2019-04-11 21:40:18.0;
18;1581.75;2019-04-11 21:40:27.0;
18;1582;2019-04-11 21:40:34.0;
18;1581.95;2019-04-11 21:40:36.0;
18;1582;2019-04-11 21:40:37.0;
18;1581.9;2019-04-11 21:40:39.0;
18;1581.95;2019-04-11 21:40:45.0;
18;1582.1;2019-04-11 21:40:48.0;
18;1582.05;2019-04-11 21:40:52.0;
18;1582.1;2019-04-11 21:40:57.0;
18;1582.05;2019-04-11 21:41:02.0;
18;1581.95;2019-04-11 21:41:05.0;
18;1582.05;2019-04-11 21:41:09.0;
18;1582.15;2019-04-11 21:41:11.0;
18;1582.05;2019-04-11 21:41:12.0;
18;1582.15;2019-04-11 21:41:14.0;
18;1582.3;2019-04-11 21:41:17.0;
18;1582.1;2019-04-11 21:41:18.0;
18;1582.3;2019-04-11 21:41:20.0;
18;1582.1;2019-04-11 21:41:21.0;
18;1582.15;2019-04-11 21:41:22.0;
18;1582.25;2019-04-11 21:41:35.0;
18;1582.2;2019-04-11 21:41:39.0;
18;1582.25;2019-04-11 21:41:46.0;
18;1582.1;2019-04-11 21:41:48.0;
18;1582.25;2019-04-11 21:41:49.0;
18;1582.1;2019-04-11 21:41:50.0;
18;1582.4;2019-04-11 21:42:03.0;
18;1582.25;2019-04-11 21:42:13.0;
18;1582.35;2019-04-11 21:42:14.0;
18;1582.25;2019-04-11 21:42:17.0;
18;1582.4;2019-04-11 21:42:19.0;
18;1582.45;2019-04-11 21:42:26.0;
18;1582.4;2019-04-11 21:42:35.0;
18;1582.25;2019-04-11 21:42:40.0;
18;1582.55;2019-04-11 21:42:51.0;
18;1582.5;2019-04-11 21:42:56.0;
18;1582.6;2019-04-11 21:42:58.0;
18;1582.5;2019-04-11 21:42:59.0;
18;1582.6;2019-04-11 21:43:01.0;
18;1582.45;2019-04-11 21:43:03.0;
18;1582.5;2019-04-11 21:43:06.0;
18;1582.55;2019-04-11 21:43:11.0;
18;1582.75;2019-04-11 21:43:20.0;
18;1582.6;2019-04-11 21:43:21.0;
18;1582.65;2019-04-11 21:43:26.0;
18;1582.6;2019-04-11 21:43:27.0;
18;1582.65;2019-04-11 21:43:28.0;
18;1582.8;2019-04-11 21:43:30.0;
18;1582.75;2019-04-11 21:43:37.0;
18;1582.8;2019-04-11 21:43:41.0;
18;1582.9;2019-04-11 21:43:42.0;
18;1582.85;2019-04-11 21:43:46.0;
18;1582.9;2019-04-11 21:44:04.0;
18;1582.85;2019-04-11 21:44:05.0;
18;1582.55;2019-04-11 21:44:07.0;
18;1582.7;2019-04-11 21:44:12.0;
18;1582.75;2019-04-11 21:44:18.0;
18;1582.7;2019-04-11 21:44:56.0;
18;1582.65;2019-04-11 21:45:00.0;
18;1582.55;2019-04-11 21:45:03.0;
18;1582.65;2019-04-11 21:45:05.0;
18;1582.55;2019-04-11 21:45:06.0;
18;1582.65;2019-04-11 21:45:10.0;
18;1582.55;2019-04-11 21:45:15.0;
18;1582.8;2019-04-11 21:45:16.0;
18;1582.75;2019-04-11 21:45:19.0;
18;1582.85;2019-04-11 21:45:24.0;
18;1582.75;2019-04-11 21:45:26.0;
18;1582.85;2019-04-11 21:45:27.0;
18;1582.9;2019-04-11 21:45:40.0;
18;1582.85;2019-04-11 21:45:41.0;
18;1582.9;2019-04-11 21:45:42.0;
18;1582.75;2019-04-11 21:45:45.0;
18;1582.85;2019-04-11 21:46:03.0;
18;1582.8;2019-04-11 21:46:09.0;
18;1582.85;2019-04-11 21:46:12.0;
18;1582.6;2019-04-11 21:46:21.0;
18;1582.7;2019-04-11 21:46:28.0;
18;1582.55;2019-04-11 21:46:35.0;
18;1582.6;2019-04-11 21:46:39.0;
18;1582.5;2019-04-11 21:46:46.0;
18;1582.45;2019-04-11 21:46:48.0;
18;1582.55;2019-04-11 21:46:51.0;
18;1582.5;2019-04-11 21:47:03.0;
18;1582.55;2019-04-11 21:47:07.0;
18;1582.5;2019-04-11 21:47:08.0;
18;1582.55;2019-04-11 21:47:11.0;
18;1582.45;2019-04-11 21:47:19.0;
18;1582.35;2019-04-11 21:47:20.0;
18;1582.45;2019-04-11 21:47:23.0;
18;1582.35;2019-04-11 21:47:24.0;
18;1582.3;2019-04-11 21:47:32.0;
18;1582.4;2019-04-11 21:47:36.0;
18;1582.3;2019-04-11 21:47:37.0;
18;1582.4;2019-04-11 21:47:39.0;
18;1582.35;2019-04-11 21:47:41.0;
18;1582.45;2019-04-11 21:47:47.0;
18;1582.35;2019-04-11 21:48:06.0;
18;1582.45;2019-04-11 21:48:13.0;
18;1582.4;2019-04-11 21:48:15.0;
18;1582.45;2019-04-11 21:48:16.0;
18;1582.4;2019-04-11 21:48:18.0;
18;1582.55;2019-04-11 21:48:23.0;
18;1582.5;2019-04-11 21:48:33.0;
18;1582.45;2019-04-11 21:48:37.0;
18;1582.35;2019-04-11 21:48:44.0;
18;1582.45;2019-04-11 21:48:49.0;
18;1582.55;2019-04-11 21:48:56.0;
18;1582.45;2019-04-11 21:48:57.0;
18;1582.5;2019-04-11 21:49:00.0;
18;1582.45;2019-04-11 21:49:03.0;
18;1582.5;2019-04-11 21:49:04.0;
18;1582.45;2019-04-11 21:49:06.0;
18;1582.55;2019-04-11 21:49:07.0;
18;1582.5;2019-04-11 21:49:11.0;
18;1582.6;2019-04-11 21:49:15.0;
18;1582.55;2019-04-11 21:49:21.0;
18;1582.45;2019-04-11 21:49:31.0;
18;1582.55;2019-04-11 21:49:32.0;
18;1582.45;2019-04-11 21:49:34.0;
18;1582.1;2019-04-11 21:50:04.0;
18;1582.4;2019-04-11 21:50:07.0;
18;1582.35;2019-04-11 21:50:12.0;
18;1582.4;2019-04-11 21:50:15.0;
18;1582.45;2019-04-11 21:50:17.0;
18;1582.4;2019-04-11 21:50:20.0;
18;1582.45;2019-04-11 21:50:21.0;
18;1582.4;2019-04-11 21:50:23.0;
18;1582.3;2019-04-11 21:50:25.0;
18;1582.25;2019-04-11 21:50:27.0;
18;1582.4;2019-04-11 21:50:32.0;
18;1582.45;2019-04-11 21:50:38.0;
18;1582.6;2019-04-11 21:50:44.0;
18;1582.55;2019-04-11 21:50:47.0;
18;1582.6;2019-04-11 21:50:50.0;
18;1582.55;2019-04-11 21:50:52.0;
18;1582.7;2019-04-11 21:50:59.0;
18;1582.65;2019-04-11 21:51:03.0;
18;1582.5;2019-04-11 21:51:07.0;
18;1582.55;2019-04-11 21:51:14.0;
18;1582.5;2019-04-11 21:51:27.0;
18;1582.45;2019-04-11 21:51:32.0;
18;1582.4;2019-04-11 21:51:37.0;
18;1582.5;2019-04-11 21:51:40.0;
18;1582.4;2019-04-11 21:51:47.0;
18;1582.45;2019-04-11 21:52:04.0;
18;1582.35;2019-04-11 21:52:11.0;
18;1582.45;2019-04-11 21:52:13.0;
18;1582.35;2019-04-11 21:52:14.0;
18;1582.45;2019-04-11 21:52:17.0;
18;1582.35;2019-04-11 21:52:18.0;
18;1582.25;2019-04-11 21:52:19.0;
18;1582.45;2019-04-11 21:52:21.0;
18;1582.25;2019-04-11 21:52:22.0;
18;1582.35;2019-04-11 21:52:24.0;
18;1582.5;2019-04-11 21:52:29.0;
18;1582.45;2019-04-11 21:52:33.0;
18;1582.55;2019-04-11 21:52:37.0;
18;1582.45;2019-04-11 21:52:40.0;
18;1582.5;2019-04-11 21:52:44.0;
18;1582.45;2019-04-11 21:52:49.0;
18;1582.55;2019-04-11 21:52:55.0;
18;1582.45;2019-04-11 21:53:08.0;
18;1582.75;2019-04-11 21:53:15.0;
18;1582.95;2019-04-11 21:53:29.0;
18;1582.9;2019-04-11 21:53:32.0;
18;1582.95;2019-04-11 21:53:36.0;
18;1583.1;2019-04-11 21:53:48.0;
18;1582.95;2019-04-11 21:53:49.0;
18;1583.1;2019-04-11 21:53:51.0;
18;1583.05;2019-04-11 21:54:03.0;
18;1583.1;2019-04-11 21:54:04.0;
18;1583.05;2019-04-11 21:54:06.0;
18;1582.85;2019-04-11 21:54:20.0;
18;1583.05;2019-04-11 21:54:24.0;
18;1582.85;2019-04-11 21:54:26.0;
18;1583.1;2019-04-11 21:54:27.0;
18;1583;2019-04-11 21:54:31.0;
18;1583.25;2019-04-11 21:54:35.0;
18;1583.3;2019-04-11 21:54:40.0;
18;1583.25;2019-04-11 21:54:41.0;
18;1583.2;2019-04-11 21:54:43.0;
18;1583.35;2019-04-11 21:54:48.0;
18;1583.4;2019-04-11 21:54:55.0;
18;1583.3;2019-04-11 21:55:00.0;
18;1583.35;2019-04-11 21:55:08.0;
18;1583.3;2019-04-11 21:55:11.0;
18;1583.35;2019-04-11 21:55:12.0;
18;1583.3;2019-04-11 21:55:14.0;
18;1583.45;2019-04-11 21:55:16.0;
18;1583.5;2019-04-11 21:55:18.0;
18;1583.45;2019-04-11 21:55:20.0;
18;1583.5;2019-04-11 21:55:21.0;
18;1583.15;2019-04-11 21:55:27.0;
18;1583.05;2019-04-11 21:55:28.0;
18;1583.35;2019-04-11 21:55:35.0;
18;1583.05;2019-04-11 21:55:36.0;
18;1583.35;2019-04-11 21:55:39.0;
18;1583.25;2019-04-11 21:55:45.0;
18;1583.4;2019-04-11 21:55:48.0;
18;1583.25;2019-04-11 21:55:49.0;
18;1583.4;2019-04-11 21:55:51.0;
18;1583.2;2019-04-11 21:56:05.0;
18;1583.05;2019-04-11 21:56:06.0;
18;1582.95;2019-04-11 21:56:22.0;
18;1582.85;2019-04-11 21:56:29.0;
18;1582.8;2019-04-11 21:56:30.0;
18;1582.9;2019-04-11 21:56:35.0;
18;1582.85;2019-04-11 21:56:39.0;
18;1583.05;2019-04-11 21:56:47.0;
18;1583.15;2019-04-11 21:56:51.0;
18;1583.35;2019-04-11 21:56:57.0;
18;1583.15;2019-04-11 21:57:02.0;
18;1583;2019-04-11 21:57:07.0;
18;1583.15;2019-04-11 21:57:11.0;
18;1583.35;2019-04-11 21:57:14.0;
18;1583.15;2019-04-11 21:57:16.0;
18;1583.35;2019-04-11 21:57:17.0;
18;1583.45;2019-04-11 21:57:20.0;
18;1583.4;2019-04-11 21:57:24.0;
18;1583.35;2019-04-11 21:57:25.0;
18;1583.45;2019-04-11 21:57:30.0;
18;1583.35;2019-04-11 21:57:35.0;
18;1583.4;2019-04-11 21:58:11.0;
18;1583.45;2019-04-11 21:58:14.0;
18;1583.55;2019-04-11 21:58:16.0;
18;1583.65;2019-04-11 21:58:23.0;
18;1583.55;2019-04-11 21:58:25.0;
18;1583.65;2019-04-11 21:58:28.0;
18;1583.6;2019-04-11 21:58:29.0;
18;1583.35;2019-04-11 21:58:32.0;
18;1583.45;2019-04-11 21:58:36.0;
18;1583.6;2019-04-11 21:58:45.0;
18;1583.7;2019-04-11 21:58:52.0;
18;1583.6;2019-04-11 21:58:57.0;
18;1583.55;2019-04-11 21:59:00.0;
18;1583.7;2019-04-11 21:59:04.0;
18;1583.55;2019-04-11 21:59:05.0;
18;1583.7;2019-04-11 21:59:07.0;
18;1583.65;2019-04-11 21:59:08.0;
18;1583.75;2019-04-11 21:59:11.0;
18;1583.8;2019-04-11 21:59:15.0;
18;1583.75;2019-04-11 21:59:17.0;
18;1583.8;2019-04-11 21:59:18.0;
18;1583.75;2019-04-11 21:59:26.0;
18;1584;2019-04-11 21:59:28.0;
18;1583.75;2019-04-11 21:59:30.0;
18;1584;2019-04-11 21:59:32.0;
18;1583.95;2019-04-11 21:59:33.0;
18;1583.7;2019-04-11 21:59:43.0;
18;1583.85;2019-04-11 21:59:50.0;
18;1583.25;2019-04-11 22:00:03.0;
18;1583.85;2019-04-11 22:00:04.0;
18;1583.25;2019-04-11 22:00:06.0;
18;1582.8;2019-04-11 22:00:10.0;
18;1582.6;2019-04-11 22:00:12.0;
18;1582.8;2019-04-11 22:00:13.0;
18;1582.75;2019-04-11 22:00:16.0;
18;1582.55;2019-04-11 22:00:21.0;
18;1582.75;2019-04-11 22:00:24.0;
18;1582.6;2019-04-11 22:00:31.0;
18;1582.75;2019-04-11 22:00:33.0;
18;1582.6;2019-04-11 22:00:34.0;
18;1582.65;2019-04-11 22:00:36.0;
18;1582.6;2019-04-11 22:00:37.0;
18;1582.5;2019-04-11 22:00:53.0;
18;1582.45;2019-04-11 22:00:58.0;
18;1582.35;2019-04-11 22:01:00.0;
18;1582.25;2019-04-11 22:01:20.0;
18;1582.15;2019-04-11 22:01:27.0;
18;1582.25;2019-04-11 22:01:28.0;
18;1582.15;2019-04-11 22:01:30.0;
18;1582.05;2019-04-11 22:01:31.0;
18;1581.95;2019-04-11 22:01:38.0;
18;1581.9;2019-04-11 22:01:41.0;
18;1581.85;2019-04-11 22:01:44.0;
18;1581.9;2019-04-11 22:01:45.0;
18;1581.85;2019-04-11 22:01:48.0;
18;1581.9;2019-04-11 22:01:50.0;
18;1581.45;2019-04-11 22:02:04.0;
18;1581.35;2019-04-11 22:02:09.0;
18;1581.25;2019-04-11 22:02:12.0;
18;1581.3;2019-04-11 22:02:34.0;
18;1581.25;2019-04-11 22:02:36.0;
18;1581.3;2019-04-11 22:02:40.0;
18;1581.45;2019-04-11 22:02:48.0;
18;1581.5;2019-04-11 22:02:53.0;
18;1581.55;2019-04-11 22:02:56.0;
18;1581.5;2019-04-11 22:02:57.0;
18;1581.55;2019-04-11 22:02:58.0;
18;1581.7;2019-04-11 22:03:00.0;
18;1581.55;2019-04-11 22:03:07.0;
18;1581.65;2019-04-11 22:03:12.0;
18;1581.55;2019-04-11 22:03:13.0;
18;1581.65;2019-04-11 22:03:15.0;
18;1581.7;2019-04-11 22:03:30.0;
18;1581.35;2019-04-11 22:03:34.0;
18;1581.5;2019-04-11 22:03:36.0;
18;1581.45;2019-04-11 22:03:39.0;
18;1581.15;2019-04-11 22:04:05.0;
18;1581.4;2019-04-11 22:04:20.0;
18;1581.15;2019-04-11 22:04:22.0;
18;1581.4;2019-04-11 22:04:23.0;
18;1581.6;2019-04-11 22:04:27.0;
18;1581.45;2019-04-11 22:04:31.0;
18;1581.55;2019-04-11 22:04:40.0;
18;1581.7;2019-04-11 22:04:48.0;
18;1581.75;2019-04-11 22:04:59.0;
18;1581.9;2019-04-11 22:05:08.0;
18;1581.7;2019-04-11 22:05:13.0;
18;1581.8;2019-04-11 22:05:20.0;
18;1581.65;2019-04-11 22:05:22.0;
18;1581.75;2019-04-11 22:05:28.0;
18;1581.6;2019-04-11 22:05:39.0;
18;1581.55;2019-04-11 22:05:46.0;
18;1581.4;2019-04-11 22:06:04.0;
18;1581.45;2019-04-11 22:06:09.0;
18;1581.55;2019-04-11 22:06:13.0;
18;1581.65;2019-04-11 22:06:17.0;
18;1581.5;2019-04-11 22:06:18.0;
18;1581.65;2019-04-11 22:06:20.0;
18;1581.5;2019-04-11 22:06:21.0;
18;1581.45;2019-04-11 22:06:24.0;
18;1581.35;2019-04-11 22:06:31.0;
18;1581.15;2019-04-11 22:06:35.0;
18;1581;2019-04-11 22:06:43.0;
18;1581.1;2019-04-11 22:06:48.0;
18;1581.3;2019-04-11 22:06:53.0;
18;1581.15;2019-04-11 22:06:55.0;
18;1581.3;2019-04-11 22:06:56.0;
18;1581.15;2019-04-11 22:06:57.0;
18;1581.3;2019-04-11 22:07:03.0;
18;1581.25;2019-04-11 22:07:04.0;
18;1581.35;2019-04-11 22:07:19.0;
18;1581.25;2019-04-11 22:07:25.0;
18;1581.15;2019-04-11 22:07:44.0;
18;1581.35;2019-04-11 22:07:51.0;
18;1581.2;2019-04-11 22:08:05.0;
18;1581.05;2019-04-11 22:08:06.0;
18;1581.15;2019-04-11 22:08:14.0;
18;1581.25;2019-04-11 22:08:23.0;
18;1581.3;2019-04-11 22:08:26.0;
18;1581.25;2019-04-11 22:08:27.0;
18;1581.3;2019-04-11 22:08:28.0;
18;1581.35;2019-04-11 22:08:30.0;
18;1581.25;2019-04-11 22:08:34.0;
18;1581.3;2019-04-11 22:08:38.0;
18;1581.25;2019-04-11 22:08:42.0;
18;1581.4;2019-04-11 22:08:45.0;
18;1581.25;2019-04-11 22:08:46.0;
18;1581.4;2019-04-11 22:08:48.0;
18;1581.35;2019-04-11 22:08:52.0;
18;1581.25;2019-04-11 22:08:55.0;
18;1581.35;2019-04-11 22:08:56.0;
18;1581.25;2019-04-11 22:08:58.0;
18;1581.4;2019-04-11 22:09:00.0;
18;1581.35;2019-04-11 22:09:03.0;
18;1581.4;2019-04-11 22:09:04.0;
18;1581.35;2019-04-11 22:09:05.0;
18;1581.25;2019-04-11 22:09:16.0;
18;1581.4;2019-04-11 22:09:43.0;
18;1581.45;2019-04-11 22:10:02.0;
18;1581.7;2019-04-11 22:10:15.0;
18;1581.45;2019-04-11 22:10:19.0;
18;1581.35;2019-04-11 22:10:27.0;
18;1581.45;2019-04-11 22:10:28.0;
18;1581.35;2019-04-11 22:10:30.0;
18;1581.45;2019-04-11 22:10:47.0;
18;1581.55;2019-04-11 22:10:50.0;
18;1581.4;2019-04-11 22:10:59.0;
18;1581.35;2019-04-11 22:11:04.0;
18;1581.3;2019-04-11 22:11:06.0;
18;1581.25;2019-04-11 22:11:13.0;
18;1581.4;2019-04-11 22:11:15.0;
18;1581.35;2019-04-11 22:11:18.0;
18;1581.3;2019-04-11 22:11:26.0;
18;1581.25;2019-04-11 22:11:30.0;
18;1581.3;2019-04-11 22:11:33.0;
18;1581.25;2019-04-11 22:11:34.0;
18;1581.4;2019-04-11 22:11:37.0;
18;1581.35;2019-04-11 22:11:39.0;
18;1581.25;2019-04-11 22:12:18.0;
18;1581.35;2019-04-11 22:12:45.0;
18;1581.25;2019-04-11 22:13:10.0;
18;1581.35;2019-04-11 22:13:11.0;
18;1581.25;2019-04-11 22:13:14.0;
18;1581.35;2019-04-11 22:13:15.0;
18;1581.4;2019-04-11 22:13:19.0;
18;1581.35;2019-04-11 22:13:21.0;
18;1581.4;2019-04-11 22:13:22.0;
18;1581.35;2019-04-11 22:13:23.0;
18;1581.25;2019-04-11 22:13:38.0;
18;1581.55;2019-04-11 22:13:42.0;
18;1581.7;2019-04-11 22:13:43.0;
18;1581.55;2019-04-11 22:13:44.0;
18;1581.7;2019-04-11 22:13:46.0;
18;1581.65;2019-04-11 22:13:47.0;
18;1582.05;2019-04-11 22:14:04.0;
18;1582.1;2019-04-11 22:14:06.0;
18;1582.15;2019-04-11 22:14:12.0;
18;1582.1;2019-04-11 22:14:17.0;
18;1581.95;2019-04-11 22:14:18.0;
18;1582.1;2019-04-11 22:14:19.0;
18;1581.95;2019-04-11 22:14:21.0;
18;1581.85;2019-04-11 22:14:30.0;
18;1582.05;2019-04-11 22:14:39.0;
18;1582.15;2019-04-11 22:14:42.0;
18;1582.05;2019-04-11 22:14:45.0;
18;1582.2;2019-04-11 22:14:46.0;
18;1582;2019-04-11 22:14:53.0;
18;1581.85;2019-04-11 22:14:54.0;
18;1581.75;2019-04-11 22:14:58.0;
18;1581.85;2019-04-11 22:15:00.0;
18;1581.75;2019-04-11 22:15:01.0;
18;1581.4;2019-04-11 22:30:03.0;
18;1581.75;2019-04-11 22:30:04.0;
18;1581.4;2019-04-11 22:30:06.0;
18;1581.6;2019-04-11 22:30:07.0;
18;1581.55;2019-04-11 22:30:13.0;
18;1581.6;2019-04-11 22:30:16.0;
18;1581.55;2019-04-11 22:30:17.0;
18;1581.85;2019-04-11 22:30:19.0;
18;1581.6;2019-04-11 22:30:20.0;
18;1581.85;2019-04-11 22:30:21.0;
18;1581.9;2019-04-11 22:30:24.0;
18;1581.85;2019-04-11 22:30:25.0;
18;1581.9;2019-04-11 22:30:27.0;
18;1581.85;2019-04-11 22:30:28.0;
18;1581.9;2019-04-11 22:30:30.0;
18;1581.85;2019-04-11 22:30:31.0;
18;1581.8;2019-04-11 22:30:56.0;
18;1581.75;2019-04-11 22:31:01.0;
18;1581.65;2019-04-11 22:31:09.0;
18;1581.75;2019-04-11 22:31:16.0;
18;1581.9;2019-04-11 22:31:38.0;
18;1581.85;2019-04-11 22:31:40.0;
18;1581.9;2019-04-11 22:31:41.0;
18;1581.85;2019-04-11 22:31:42.0;
18;1581.75;2019-04-11 22:31:44.0;
18;1581.85;2019-04-11 22:31:45.0;
18;1581.75;2019-04-11 22:31:46.0;
18;1581.85;2019-04-11 22:32:06.0;
18;1581.95;2019-04-11 22:32:44.0;
18;1582;2019-04-11 22:33:10.0;
18;1582.15;2019-04-11 22:33:16.0;
18;1582.05;2019-04-11 22:33:22.0;
18;1581.9;2019-04-11 22:33:37.0;
18;1582.1;2019-04-11 22:33:41.0;
18;1582.05;2019-04-11 22:33:43.0;
18;1582.1;2019-04-11 22:33:44.0;
18;1582.05;2019-04-11 22:33:46.0;
18;1581.95;2019-04-11 22:34:04.0;
18;1582.05;2019-04-11 22:34:08.0;
18;1581.95;2019-04-11 22:34:10.0;
18;1582.05;2019-04-11 22:34:11.0;
18;1582.15;2019-04-11 22:34:47.0;
18;1582.1;2019-04-11 22:35:08.0;
18;1582.05;2019-04-11 22:35:15.0;
18;1582.1;2019-04-11 22:35:24.0;
18;1582.15;2019-04-11 22:35:31.0;
18;1582.2;2019-04-11 22:35:36.0;
18;1582.15;2019-04-11 22:35:42.0;
18;1582.1;2019-04-11 22:36:05.0;
18;1582.05;2019-04-11 22:36:09.0;
18;1582.15;2019-04-11 22:38:08.0;
18;1582.1;2019-04-11 22:38:55.0;
18;1581.95;2019-04-11 22:39:06.0;
18;1582.05;2019-04-11 22:39:33.0;
18;1582.1;2019-04-11 22:39:35.0;
18;1582.05;2019-04-11 22:39:38.0;
18;1582.1;2019-04-11 22:39:39.0;
18;1582.05;2019-04-11 22:39:42.0;
18;1582;2019-04-11 22:39:47.0;
18;1582.1;2019-04-11 22:40:07.0;
18;1581.95;2019-04-11 22:40:12.0;
18;1581.85;2019-04-11 22:40:18.0;
18;1581.8;2019-04-11 22:40:44.0;
18;1581.9;2019-04-11 22:40:51.0;
18;1581.8;2019-04-11 22:40:53.0;
18;1581.9;2019-04-11 22:40:54.0;
18;1581.85;2019-04-11 22:40:55.0;
18;1581.9;2019-04-11 22:40:57.0;
18;1581.85;2019-04-11 22:40:59.0;
18;1581.8;2019-04-11 22:41:06.0;
18;1581.75;2019-04-11 22:41:15.0;
18;1581.9;2019-04-11 22:41:23.0;
18;1581.85;2019-04-11 22:41:29.0;
18;1581.9;2019-04-11 22:41:34.0;
18;1581.95;2019-04-11 22:41:46.0;
18;1581.85;2019-04-11 22:42:02.0;
18;1581.95;2019-04-11 22:42:04.0;
18;1581.85;2019-04-11 22:42:05.0;
18;1582;2019-04-11 22:42:52.0;
18;1581.85;2019-04-11 22:42:53.0;
18;1581.9;2019-04-11 22:42:56.0;
18;1581.75;2019-04-11 22:43:01.0;
18;1581.8;2019-04-11 22:43:21.0;
18;1581.85;2019-04-11 22:44:08.0;
18;1581.75;2019-04-11 22:44:37.0;
18;1581.95;2019-04-11 22:44:56.0;
18;1582;2019-04-11 22:45:01.0;
18;1581.9;2019-04-11 22:45:04.0;
18;1582;2019-04-11 22:45:05.0;
18;1581.85;2019-04-11 22:45:08.0;
18;1581.9;2019-04-11 22:45:45.0;
18;1581.85;2019-04-11 22:45:49.0;
18;1581.95;2019-04-11 22:47:06.0;
18;1581.9;2019-04-11 22:47:14.0;
18;1581.85;2019-04-11 22:47:19.0;
18;1581.8;2019-04-11 22:48:11.0;
18;1581.9;2019-04-11 22:48:35.0;
18;1581.85;2019-04-11 22:48:42.0;
18;1581.8;2019-04-11 22:49:14.0;
18;1581.75;2019-04-11 22:49:22.0;
18;1581.8;2019-04-11 22:49:39.0;
18;1581.85;2019-04-11 22:49:43.0;
18;1581.8;2019-04-11 22:49:47.0;
18;1581.85;2019-04-11 22:50:18.0;
18;1581.95;2019-04-11 22:50:20.0;
18;1581.85;2019-04-11 22:50:21.0;
18;1581.95;2019-04-11 22:50:22.0;
18;1581.9;2019-04-11 22:50:26.0;
18;1582;2019-04-11 22:50:29.0;
18;1581.95;2019-04-11 22:50:32.0;
18;1581.9;2019-04-11 22:50:57.0;
18;1581.95;2019-04-11 22:51:07.0;
18;1581.9;2019-04-11 22:51:09.0;
18;1581.95;2019-04-11 22:51:10.0;
18;1581.9;2019-04-11 22:51:37.0;
18;1581.95;2019-04-11 22:51:43.0;
18;1581.9;2019-04-11 22:51:49.0;
18;1581.95;2019-04-11 22:52:08.0;
18;1581.9;2019-04-11 22:52:11.0;
18;1581.85;2019-04-11 22:52:15.0;
18;1581.8;2019-04-11 22:52:22.0;
18;1581.9;2019-04-11 22:52:29.0;
18;1581.85;2019-04-11 22:52:33.0;
18;1581.95;2019-04-11 22:52:46.0;
18;1581.85;2019-04-11 22:53:11.0;
18;1581.9;2019-04-11 22:53:24.0;
18;1581.85;2019-04-11 22:53:25.0;
18;1581.9;2019-04-11 22:53:26.0;
18;1582;2019-04-11 22:53:29.0;
18;1581.95;2019-04-11 22:53:35.0;
18;1582.05;2019-04-11 22:53:41.0;
18;1582.15;2019-04-11 22:54:07.0;
18;1582.1;2019-04-11 22:54:11.0;
18;1582.15;2019-04-11 22:54:20.0;
18;1582.25;2019-04-11 22:54:39.0;
18;1582.4;2019-04-11 22:54:47.0;
18;1582.35;2019-04-11 22:54:52.0;
18;1582.3;2019-04-11 22:55:03.0;
18;1582.25;2019-04-11 22:55:08.0;
18;1582.1;2019-04-11 22:56:19.0;
18;1582.15;2019-04-11 22:56:23.0;
18;1582.2;2019-04-11 22:56:33.0;
18;1582.15;2019-04-11 22:56:36.0;
18;1582.2;2019-04-11 22:56:37.0;
18;1582.15;2019-04-11 22:56:38.0;
18;1582.1;2019-04-11 22:56:44.0;
18;1582.05;2019-04-11 22:56:56.0;
18;1582.1;2019-04-11 22:57:13.0;
18;1582.05;2019-04-11 22:57:27.0;
18;1582;2019-04-11 22:57:33.0;
18;1582.15;2019-04-11 22:57:37.0;
18;1582.1;2019-04-11 22:57:41.0;
18;1582.05;2019-04-11 22:58:27.0;
18;1582.15;2019-04-11 22:59:20.0;
18;1582.05;2019-04-11 22:59:21.0;
18;1582.15;2019-04-11 22:59:23.0;
18;1582.05;2019-04-11 22:59:32.0;
18;1581.95;2019-04-11 22:59:40.0;
18;1581.9;2019-04-11 22:59:43.0;
18;1581.95;2019-04-11 22:59:46.0;
18;1581.9;2019-04-11 22:59:47.0;
18;1582.05;2019-04-11 23:00:03.0;
18;1581.65;2019-04-11 23:45:04.0;
18;1581.8;2019-04-11 23:45:13.0;
18;1581.95;2019-04-11 23:45:20.0;
18;1582.25;2019-04-11 23:45:23.0;
18;1581.95;2019-04-11 23:45:24.0;
18;1582.25;2019-04-11 23:45:25.0;
18;1582.3;2019-04-11 23:45:28.0;
18;1582.05;2019-04-11 23:45:31.0;
18;1581.95;2019-04-11 23:45:36.0;
18;1581.75;2019-04-11 23:46:03.0;
18;1581.8;2019-04-11 23:46:10.0;
18;1582.1;2019-04-11 23:46:13.0;
18;1581.8;2019-04-11 23:46:19.0;
18;1582.3;2019-04-11 23:46:27.0;
18;1582.1;2019-04-11 23:46:56.0;
18;1582.3;2019-04-11 23:47:02.0;
18;1582.35;2019-04-11 23:48:03.0;
18;1581.7;2019-04-11 23:48:36.0;
18;1582.35;2019-04-11 23:48:37.0;
18;1581.7;2019-04-11 23:48:38.0;
18;1581.5;2019-04-11 23:48:40.0;
18;1581.65;2019-04-11 23:48:45.0;
18;1582.15;2019-04-11 23:48:59.0;
18;1581.65;2019-04-11 23:49:02.0;
18;1582.15;2019-04-11 23:49:03.0;
18;1582.3;2019-04-11 23:49:09.0;
18;1582.2;2019-04-11 23:49:24.0;
18;1581.8;2019-04-11 23:49:31.0;
18;1581.9;2019-04-11 23:56:40.0;
18;1582;2019-04-11 23:56:47.0;
18;1581.9;2019-04-11 23:56:48.0;
18;1582;2019-04-11 23:56:49.0;
18;1581.95;2019-04-11 23:56:59.0;
18;1582.35;2019-04-11 23:57:31.0;
18;1582.4;2019-04-11 23:58:24.0;
18;1582.45;2019-04-11 23:58:29.0;
18;1582.4;2019-04-11 23:58:30.0;
18;1582.45;2019-04-11 23:58:31.0;
19;14.22;2019-04-11 11:16:06.0;
19;14.28;2019-04-11 11:34:48.0;
19;14.22;2019-04-11 11:35:31.0;
19;14.18;2019-04-11 12:50:59.0;
19;14.13;2019-04-11 13:09:09.0;
19;14.12;2019-04-11 13:09:14.0;
19;14.18;2019-04-11 13:29:20.0;
19;14.22;2019-04-11 14:12:48.0;
19;14.18;2019-04-11 14:26:03.0;
19;14.22;2019-04-11 14:26:04.0;
19;14.18;2019-04-11 14:26:06.0;
19;14.12;2019-04-11 14:27:36.0;
19;14.18;2019-04-11 14:30:02.0;
19;14.12;2019-04-11 14:30:05.0;
19;14.18;2019-04-11 14:30:07.0;
19;14.12;2019-04-11 14:34:09.0;
19;14.18;2019-04-11 14:37:13.0;
19;14.22;2019-04-11 14:42:40.0;
19;14.18;2019-04-11 14:43:39.0;
19;14.22;2019-04-11 14:43:40.0;
19;14.18;2019-04-11 14:43:42.0;
19;14.12;2019-04-11 15:14:55.0;
19;14.18;2019-04-11 15:15:03.0;
19;14.12;2019-04-11 15:15:05.0;
19;14.18;2019-04-11 15:15:06.0;
19;14.13;2019-04-11 15:15:13.0;
19;14.12;2019-04-11 15:15:18.0;
19;14.08;2019-04-11 15:27:39.0;
19;14.07;2019-04-11 15:27:44.0;
19;14.1;2019-04-11 15:28:05.0;
19;14.12;2019-04-11 15:28:09.0;
19;14.15;2019-04-11 15:29:47.0;
19;14.12;2019-04-11 15:29:50.0;
19;14.15;2019-04-11 15:29:51.0;
19;14.12;2019-04-11 15:30:05.0;
19;14.18;2019-04-11 15:30:07.0;
19;14.22;2019-04-11 15:30:40.0;
19;14.18;2019-04-11 15:30:46.0;
19;14.22;2019-04-11 15:30:47.0;
19;14.18;2019-04-11 15:30:49.0;
19;14.23;2019-04-11 15:32:05.0;
19;14.18;2019-04-11 15:32:11.0;
19;14.22;2019-04-11 15:33:06.0;
19;14.23;2019-04-11 15:33:21.0;
19;14.18;2019-04-11 15:34:03.0;
19;14.22;2019-04-11 15:34:47.0;
19;14.23;2019-04-11 15:34:48.0;
19;14.22;2019-04-11 15:34:54.0;
19;14.18;2019-04-11 15:34:56.0;
19;14.13;2019-04-11 15:35:09.0;
19;14.18;2019-04-11 15:35:15.0;
19;14.23;2019-04-11 15:35:41.0;
19;14.22;2019-04-11 15:35:47.0;
19;14.28;2019-04-11 15:36:44.0;
19;14.23;2019-04-11 15:36:55.0;
19;14.18;2019-04-11 15:38:05.0;
19;14.23;2019-04-11 15:38:07.0;
19;14.18;2019-04-11 15:38:08.0;
19;14.23;2019-04-11 15:38:54.0;
19;14.22;2019-04-11 15:38:56.0;
19;14.23;2019-04-11 15:38:57.0;
19;14.18;2019-04-11 15:38:58.0;
19;14.23;2019-04-11 15:39:17.0;
19;14.22;2019-04-11 15:39:19.0;
19;14.18;2019-04-11 15:39:37.0;
19;14.12;2019-04-11 15:42:57.0;
19;14.1;2019-04-11 15:43:27.0;
19;14.07;2019-04-11 15:43:32.0;
19;14.12;2019-04-11 15:45:13.0;
19;14.07;2019-04-11 15:45:18.0;
19;14.12;2019-04-11 15:45:23.0;
19;14.07;2019-04-11 15:48:04.0;
19;14.02;2019-04-11 15:50:12.0;
19;14.03;2019-04-11 15:50:15.0;
19;14.02;2019-04-11 15:51:22.0;
19;14.07;2019-04-11 15:52:15.0;
19;14.13;2019-04-11 15:55:05.0;
19;14.08;2019-04-11 15:55:06.0;
19;14.13;2019-04-11 15:55:08.0;
19;14.08;2019-04-11 15:55:09.0;
19;14.07;2019-04-11 15:55:11.0;
19;14.03;2019-04-11 15:56:32.0;
19;14.05;2019-04-11 16:01:29.0;
19;14.03;2019-04-11 16:01:33.0;
19;14.02;2019-04-11 16:01:37.0;
19;14.07;2019-04-11 16:06:43.0;
19;14.02;2019-04-11 16:06:44.0;
19;14.07;2019-04-11 16:06:46.0;
19;14.03;2019-04-11 16:07:09.0;
19;14.07;2019-04-11 16:07:11.0;
19;14.03;2019-04-11 16:10:26.0;
19;14.02;2019-04-11 16:10:30.0;
19;14.03;2019-04-11 16:10:33.0;
19;14.07;2019-04-11 16:11:24.0;
19;14.03;2019-04-11 16:15:08.0;
19;14.02;2019-04-11 16:15:30.0;
19;14.07;2019-04-11 16:15:39.0;
19;14.03;2019-04-11 16:15:45.0;
19;14;2019-04-11 16:18:06.0;
19;13.98;2019-04-11 16:18:09.0;
19;13.97;2019-04-11 16:18:13.0;
19;13.98;2019-04-11 16:27:34.0;
19;13.93;2019-04-11 16:42:30.0;
19;13.97;2019-04-11 17:02:42.0;
19;13.98;2019-04-11 17:02:54.0;
19;13.93;2019-04-11 17:02:58.0;
19;13.98;2019-04-11 17:03:24.0;
19;13.97;2019-04-11 17:03:34.0;
19;13.98;2019-04-11 17:04:44.0;
19;13.93;2019-04-11 17:04:58.0;
19;13.98;2019-04-11 17:16:48.0;
19;13.97;2019-04-11 17:16:51.0;
19;13.98;2019-04-11 17:19:32.0;
19;13.93;2019-04-11 17:21:32.0;
19;13.98;2019-04-11 17:21:33.0;
19;13.93;2019-04-11 17:21:34.0;
19;13.97;2019-04-11 17:22:27.0;
19;13.98;2019-04-11 17:22:35.0;
19;13.93;2019-04-11 17:23:11.0;
19;13.98;2019-04-11 17:24:35.0;
19;13.97;2019-04-11 17:24:43.0;
19;13.98;2019-04-11 17:25:01.0;
19;13.97;2019-04-11 17:25:03.0;
19;13.98;2019-04-11 17:25:04.0;
19;13.93;2019-04-11 17:25:08.0;
19;13.97;2019-04-11 17:25:16.0;
19;13.98;2019-04-11 17:25:24.0;
19;13.93;2019-04-11 17:27:45.0;
19;13.98;2019-04-11 17:30:13.0;
19;13.97;2019-04-11 17:30:18.0;
19;13.98;2019-04-11 17:32:04.0;
19;14.03;2019-04-11 17:33:39.0;
19;14.02;2019-04-11 17:33:44.0;
19;14.03;2019-04-11 17:33:49.0;
19;13.98;2019-04-11 17:34:19.0;
19;14.03;2019-04-11 17:34:20.0;
19;13.98;2019-04-11 17:34:22.0;
19;13.97;2019-04-11 17:34:25.0;
19;13.98;2019-04-11 17:34:26.0;
19;13.97;2019-04-11 17:34:28.0;
19;14.02;2019-04-11 17:39:20.0;
19;14.03;2019-04-11 17:39:27.0;
19;14.08;2019-04-11 17:40:04.0;
19;14.07;2019-04-11 17:40:10.0;
19;14.13;2019-04-11 17:40:30.0;
19;14.12;2019-04-11 17:40:36.0;
19;14.18;2019-04-11 17:40:44.0;
19;14.12;2019-04-11 17:40:50.0;
19;14.18;2019-04-11 17:41:03.0;
19;14.13;2019-04-11 17:41:33.0;
19;14.18;2019-04-11 17:41:35.0;
19;14.12;2019-04-11 17:41:40.0;
19;14.15;2019-04-11 17:41:44.0;
19;14.18;2019-04-11 17:41:48.0;
19;14.12;2019-04-11 17:42:05.0;
19;14.18;2019-04-11 17:42:27.0;
19;14.13;2019-04-11 17:44:08.0;
19;14.12;2019-04-11 17:44:11.0;
19;14.07;2019-04-11 17:45:43.0;
19;14.03;2019-04-11 17:46:05.0;
19;14.07;2019-04-11 17:46:09.0;
19;14.12;2019-04-11 17:52:04.0;
19;14.08;2019-04-11 17:56:03.0;
19;14.12;2019-04-11 17:56:04.0;
19;14.08;2019-04-11 17:56:06.0;
19;14.07;2019-04-11 17:56:08.0;
19;14.12;2019-04-11 17:59:03.0;
19;14.07;2019-04-11 17:59:06.0;
19;14.03;2019-04-11 18:05:42.0;
19;14.02;2019-04-11 18:06:04.0;
19;14.03;2019-04-11 18:06:07.0;
19;14.02;2019-04-11 18:06:08.0;
19;13.97;2019-04-11 18:07:22.0;
19;14.02;2019-04-11 18:07:23.0;
19;13.97;2019-04-11 18:07:25.0;
19;13.98;2019-04-11 18:07:28.0;
19;13.97;2019-04-11 18:07:35.0;
19;13.98;2019-04-11 18:07:40.0;
19;14.03;2019-04-11 18:08:05.0;
19;14.07;2019-04-11 18:13:30.0;
19;14.02;2019-04-11 18:14:54.0;
19;14.03;2019-04-11 18:14:56.0;
19;14.02;2019-04-11 18:16:32.0;
19;14.08;2019-04-11 18:16:39.0;
19;14.07;2019-04-11 18:16:45.0;
19;14.03;2019-04-11 18:17:37.0;
19;14.07;2019-04-11 18:21:31.0;
19;14.02;2019-04-11 18:22:28.0;
19;14.03;2019-04-11 18:22:32.0;
19;14.02;2019-04-11 18:22:33.0;
19;14.03;2019-04-11 18:22:35.0;
19;13.98;2019-04-11 18:45:36.0;
19;13.97;2019-04-11 18:45:43.0;
19;14.03;2019-04-11 18:47:19.0;
19;13.98;2019-04-11 18:47:51.0;
19;13.97;2019-04-11 18:48:03.0;
19;14.03;2019-04-11 18:52:06.0;
19;14.02;2019-04-11 18:52:10.0;
19;14.03;2019-04-11 18:52:14.0;
19;13.98;2019-04-11 18:52:19.0;
19;13.97;2019-04-11 18:52:24.0;
19;13.93;2019-04-11 18:58:36.0;
19;13.97;2019-04-11 18:58:37.0;
19;13.98;2019-04-11 18:58:39.0;
19;13.93;2019-04-11 18:58:51.0;
19;13.88;2019-04-11 19:05:44.0;
19;13.93;2019-04-11 19:25:05.0;
19;13.98;2019-04-11 19:32:16.0;
19;13.97;2019-04-11 19:32:22.0;
19;13.93;2019-04-11 19:32:46.0;
19;13.97;2019-04-11 19:32:48.0;
19;13.93;2019-04-11 19:32:49.0;
19;13.98;2019-04-11 19:38:21.0;
19;13.93;2019-04-11 19:38:22.0;
19;13.98;2019-04-11 19:38:24.0;
19;13.97;2019-04-11 19:38:25.0;
19;13.98;2019-04-11 19:38:31.0;
19;13.93;2019-04-11 19:38:46.0;
19;13.97;2019-04-11 19:40:52.0;
19;13.98;2019-04-11 19:41:22.0;
19;14.03;2019-04-11 19:42:03.0;
19;13.97;2019-04-11 19:44:27.0;
19;13.98;2019-04-11 19:46:39.0;
19;13.95;2019-04-11 19:46:47.0;
19;13.97;2019-04-11 19:46:56.0;
19;13.98;2019-04-11 19:47:07.0;
19;13.93;2019-04-11 19:47:12.0;
19;13.97;2019-04-11 19:55:15.0;
19;13.93;2019-04-11 19:55:17.0;
19;13.97;2019-04-11 19:55:18.0;
19;13.98;2019-04-11 19:56:31.0;
19;14.02;2019-04-11 20:00:41.0;
19;14.03;2019-04-11 20:00:43.0;
19;14.02;2019-04-11 20:00:53.0;
19;13.98;2019-04-11 20:02:25.0;
19;14.02;2019-04-11 20:02:26.0;
19;13.97;2019-04-11 20:02:28.0;
19;14.03;2019-04-11 20:03:12.0;
19;13.98;2019-04-11 20:03:20.0;
19;13.97;2019-04-11 20:03:27.0;
19;14.03;2019-04-11 20:06:56.0;
19;13.97;2019-04-11 20:06:57.0;
19;14.03;2019-04-11 20:06:58.0;
19;13.98;2019-04-11 20:07:05.0;
19;13.97;2019-04-11 20:07:11.0;
19;13.98;2019-04-11 20:07:12.0;
19;13.97;2019-04-11 20:07:13.0;
19;13.98;2019-04-11 20:07:15.0;
19;14.03;2019-04-11 20:07:20.0;
19;14.07;2019-04-11 20:11:00.0;
19;14.03;2019-04-11 20:11:01.0;
19;14.07;2019-04-11 20:11:03.0;
19;14.03;2019-04-11 20:11:35.0;
19;14.02;2019-04-11 20:13:22.0;
19;14.07;2019-04-11 20:17:03.0;
19;14.03;2019-04-11 20:17:30.0;
19;14.07;2019-04-11 20:17:36.0;
19;14.02;2019-04-11 20:18:23.0;
19;14.07;2019-04-11 20:18:32.0;
19;14.02;2019-04-11 20:18:34.0;
19;14.07;2019-04-11 20:18:36.0;
19;14.03;2019-04-11 20:18:40.0;
19;14.02;2019-04-11 20:18:47.0;
19;14.07;2019-04-11 20:23:24.0;
19;14.02;2019-04-11 20:24:19.0;
19;14.03;2019-04-11 20:24:26.0;
19;14.02;2019-04-11 20:24:28.0;
19;14.03;2019-04-11 20:24:31.0;
19;14.08;2019-04-11 20:24:32.0;
19;14.07;2019-04-11 20:24:35.0;
19;14.08;2019-04-11 20:24:36.0;
19;14.07;2019-04-11 20:24:38.0;
19;14.12;2019-04-11 20:30:04.0;
19;14.08;2019-04-11 20:30:53.0;
19;14.07;2019-04-11 20:30:55.0;
19;14.08;2019-04-11 20:30:56.0;
19;14.07;2019-04-11 20:30:57.0;
19;14.02;2019-04-11 20:32:18.0;
19;14.07;2019-04-11 20:32:20.0;
19;14.02;2019-04-11 20:32:23.0;
19;14.07;2019-04-11 20:32:24.0;
19;14.12;2019-04-11 20:38:54.0;
19;14.1;2019-04-11 20:39:09.0;
19;14.08;2019-04-11 20:39:12.0;
19;14.1;2019-04-11 20:39:14.0;
19;14.08;2019-04-11 20:39:15.0;
19;14.07;2019-04-11 20:39:16.0;
19;14.12;2019-04-11 20:39:49.0;
19;14.07;2019-04-11 20:40:05.0;
19;14.13;2019-04-11 20:40:44.0;
19;14.12;2019-04-11 20:40:50.0;
19;14.08;2019-04-11 20:41:15.0;
19;14.07;2019-04-11 20:41:18.0;
19;14.03;2019-04-11 20:43:30.0;
19;14.07;2019-04-11 20:43:39.0;
19;14.05;2019-04-11 20:43:41.0;
19;14.02;2019-04-11 20:43:44.0;
19;14.03;2019-04-11 20:44:03.0;
19;14.02;2019-04-11 20:44:05.0;
19;14.03;2019-04-11 20:44:06.0;
19;14.07;2019-04-11 20:44:34.0;
19;14.03;2019-04-11 20:44:53.0;
19;14.02;2019-04-11 20:44:54.0;
19;14.03;2019-04-11 20:44:57.0;
19;14.08;2019-04-11 20:45:06.0;
19;14.07;2019-04-11 20:45:07.0;
19;14.12;2019-04-11 20:50:12.0;
19;14.07;2019-04-11 20:50:28.0;
19;14.12;2019-04-11 20:50:29.0;
19;14.07;2019-04-11 20:51:10.0;
19;14.12;2019-04-11 20:51:12.0;
19;14.07;2019-04-11 20:51:16.0;
19;14.12;2019-04-11 20:54:23.0;
19;14.07;2019-04-11 20:54:24.0;
19;14.12;2019-04-11 20:54:27.0;
19;14.07;2019-04-11 21:01:10.0;
19;14.12;2019-04-11 21:01:12.0;
19;14.07;2019-04-11 21:01:13.0;
19;14.03;2019-04-11 21:03:29.0;
19;14.02;2019-04-11 21:03:33.0;
19;14.03;2019-04-11 21:03:39.0;
19;14.02;2019-04-11 21:05:10.0;
19;14.03;2019-04-11 21:05:23.0;
19;14.02;2019-04-11 21:05:24.0;
19;14.03;2019-04-11 21:05:26.0;
19;13.97;2019-04-11 21:05:34.0;
19;13.98;2019-04-11 21:05:39.0;
19;13.97;2019-04-11 21:05:41.0;
19;13.98;2019-04-11 21:18:11.0;
19;13.97;2019-04-11 21:18:16.0;
19;13.93;2019-04-11 21:18:41.0;
19;13.98;2019-04-11 21:19:36.0;
19;13.97;2019-04-11 21:19:41.0;
19;13.93;2019-04-11 21:20:09.0;
19;13.97;2019-04-11 21:21:23.0;
19;13.98;2019-04-11 21:21:28.0;
19;14.03;2019-04-11 21:29:45.0;
19;14.02;2019-04-11 21:29:48.0;
19;14.03;2019-04-11 21:30:16.0;
19;14.02;2019-04-11 21:30:20.0;
19;14.03;2019-04-11 21:30:23.0;
19;13.97;2019-04-11 21:30:39.0;
19;13.98;2019-04-11 21:30:46.0;
19;13.97;2019-04-11 21:30:47.0;
19;13.93;2019-04-11 21:53:36.0;
19;13.88;2019-04-11 21:54:03.0;
19;13.93;2019-04-11 21:54:04.0;
19;13.88;2019-04-11 21:54:06.0;
19;13.93;2019-04-11 21:54:20.0;
19;13.88;2019-04-11 22:06:18.0;
19;13.93;2019-04-11 22:06:20.0;
19;13.88;2019-04-11 22:06:21.0;
19;13.93;2019-04-11 22:08:55.0;
19;13.88;2019-04-11 22:08:56.0;
19;13.93;2019-04-11 22:08:58.0;
19;13.88;2019-04-11 22:10:19.0;
19;13.82;2019-04-11 22:13:10.0;
19;13.88;2019-04-11 22:14:18.0;
19;13.82;2019-04-11 22:14:19.0;
19;13.88;2019-04-11 22:14:21.0;
19;13.82;2019-04-11 22:14:23.0;
19;13.8;2019-04-11 22:33:43.0;
19;13.82;2019-04-11 22:33:44.0;
19;13.8;2019-04-11 22:33:46.0;
19;13.78;2019-04-11 22:34:08.0;
20;11916.5;2019-04-11 11:15:27.0;
20;11915;2019-04-11 11:15:32.0;
20;11916.5;2019-04-11 11:15:33.0;
20;11915.2;2019-04-11 11:15:35.0;
20;11914.8;2019-04-11 11:15:45.0;
20;11915.3;2019-04-11 11:15:47.0;
20;11914.8;2019-04-11 11:15:48.0;
20;11915.3;2019-04-11 11:15:49.0;
20;11914.2;2019-04-11 11:16:06.0;
20;11915.3;2019-04-11 11:16:07.0;
20;11914.2;2019-04-11 11:16:08.0;
20;11915.8;2019-04-11 11:16:10.0;
20;11915.5;2019-04-11 11:16:12.0;
20;11914.8;2019-04-11 11:16:23.0;
20;11915;2019-04-11 11:16:24.0;
20;11914.8;2019-04-11 11:16:27.0;
20;11915.2;2019-04-11 11:16:29.0;
20;11916.8;2019-04-11 11:16:33.0;
20;11917.3;2019-04-11 11:16:36.0;
20;11916.3;2019-04-11 11:16:44.0;
20;11917.2;2019-04-11 11:16:48.0;
20;11916.8;2019-04-11 11:16:52.0;
20;11916.3;2019-04-11 11:16:59.0;
20;11915.8;2019-04-11 11:17:02.0;
20;11915.5;2019-04-11 11:17:04.0;
20;11917;2019-04-11 11:17:09.0;
20;11916.8;2019-04-11 11:17:14.0;
20;11916.5;2019-04-11 11:17:19.0;
20;11915.5;2019-04-11 11:17:21.0;
20;11914.8;2019-04-11 11:17:35.0;
20;11913.8;2019-04-11 11:17:41.0;
20;11915;2019-04-11 11:17:47.0;
20;11915.5;2019-04-11 11:18:06.0;
20;11915.8;2019-04-11 11:18:15.0;
20;11915;2019-04-11 11:18:19.0;
20;11916.3;2019-04-11 11:18:24.0;
20;11916.5;2019-04-11 11:18:27.0;
20;11916.8;2019-04-11 11:18:31.0;
20;11916.5;2019-04-11 11:18:33.0;
20;11916.8;2019-04-11 11:18:34.0;
20;11915.8;2019-04-11 11:18:37.0;
20;11916.2;2019-04-11 11:18:42.0;
20;11915.8;2019-04-11 11:18:46.0;
20;11915.3;2019-04-11 11:18:49.0;
20;11914.8;2019-04-11 11:18:52.0;
20;11915.2;2019-04-11 11:18:58.0;
20;11915.8;2019-04-11 11:19:06.0;
20;11916.2;2019-04-11 11:19:19.0;
20;11916;2019-04-11 11:19:22.0;
20;11916.5;2019-04-11 11:19:24.0;
20;11916;2019-04-11 11:19:25.0;
20;11916.5;2019-04-11 11:19:28.0;
20;11915.5;2019-04-11 11:19:39.0;
20;11914.5;2019-04-11 11:19:44.0;
20;11915;2019-04-11 11:20:08.0;
20;11915.5;2019-04-11 11:20:10.0;
20;11914.8;2019-04-11 11:20:15.0;
20;11915.5;2019-04-11 11:20:17.0;
20;11914.8;2019-04-11 11:20:18.0;
20;11915.2;2019-04-11 11:20:20.0;
20;11914.8;2019-04-11 11:20:23.0;
20;11915.5;2019-04-11 11:20:24.0;
20;11916;2019-04-11 11:20:37.0;
20;11917.5;2019-04-11 11:20:40.0;
20;11916.5;2019-04-11 11:20:45.0;
20;11917.5;2019-04-11 11:20:47.0;
20;11916.8;2019-04-11 11:20:48.0;
20;11916.5;2019-04-11 11:20:50.0;
20;11916.8;2019-04-11 11:20:51.0;
20;11917;2019-04-11 11:20:55.0;
20;11917.2;2019-04-11 11:20:58.0;
20;11917.5;2019-04-11 11:21:00.0;
20;11919;2019-04-11 11:21:05.0;
20;11919.5;2019-04-11 11:21:07.0;
20;11919;2019-04-11 11:21:09.0;
20;11919.5;2019-04-11 11:21:12.0;
20;11919.2;2019-04-11 11:21:13.0;
20;11918.5;2019-04-11 11:21:18.0;
20;11919;2019-04-11 11:21:21.0;
20;11919.2;2019-04-11 11:21:22.0;
20;11919;2019-04-11 11:21:28.0;
20;11919.8;2019-04-11 11:21:34.0;
20;11923.5;2019-04-11 11:21:37.0;
20;11923.2;2019-04-11 11:21:40.0;
20;11923.5;2019-04-11 11:21:43.0;
20;11922.5;2019-04-11 11:21:44.0;
20;11922.2;2019-04-11 11:21:48.0;
20;11918.5;2019-04-11 11:22:07.0;
20;11917.5;2019-04-11 11:22:11.0;
20;11916.8;2019-04-11 11:22:19.0;
20;11917.3;2019-04-11 11:22:23.0;
20;11917.5;2019-04-11 11:22:27.0;
20;11918.3;2019-04-11 11:22:32.0;
20;11918;2019-04-11 11:22:41.0;
20;11918.5;2019-04-11 11:22:46.0;
20;11917.8;2019-04-11 11:22:52.0;
20;11918.2;2019-04-11 11:23:01.0;
20;11918.5;2019-04-11 11:23:11.0;
20;11918.2;2019-04-11 11:23:18.0;
20;11919;2019-04-11 11:23:21.0;
20;11919.3;2019-04-11 11:23:29.0;
20;11918.5;2019-04-11 11:23:31.0;
20;11917.8;2019-04-11 11:23:38.0;
20;11917.5;2019-04-11 11:23:45.0;
20;11918;2019-04-11 11:23:47.0;
20;11917.5;2019-04-11 11:23:50.0;
20;11918;2019-04-11 11:23:51.0;
20;11916.8;2019-04-11 11:24:05.0;
20;11917.8;2019-04-11 11:24:10.0;
20;11917.2;2019-04-11 11:24:15.0;
20;11916.8;2019-04-11 11:24:19.0;
20;11917;2019-04-11 11:24:25.0;
20;11917.2;2019-04-11 11:24:30.0;
20;11920.3;2019-04-11 11:24:35.0;
20;11917.2;2019-04-11 11:24:37.0;
20;11920.3;2019-04-11 11:24:38.0;
20;11920.2;2019-04-11 11:24:41.0;
20;11919.5;2019-04-11 11:24:48.0;
20;11920.2;2019-04-11 11:24:49.0;
20;11919.5;2019-04-11 11:24:51.0;
20;11918;2019-04-11 11:24:55.0;
20;11918.8;2019-04-11 11:24:59.0;
20;11919.5;2019-04-11 11:25:08.0;
20;11919.8;2019-04-11 11:25:13.0;
20;11919.5;2019-04-11 11:25:20.0;
20;11919.3;2019-04-11 11:25:24.0;
20;11919.5;2019-04-11 11:25:29.0;
20;11919.8;2019-04-11 11:25:32.0;
20;11919.5;2019-04-11 11:25:33.0;
20;11919.8;2019-04-11 11:25:34.0;
20;11920;2019-04-11 11:25:39.0;
20;11919.8;2019-04-11 11:25:41.0;
20;11920;2019-04-11 11:25:42.0;
20;11920.3;2019-04-11 11:25:44.0;
20;11919.8;2019-04-11 11:25:48.0;
20;11918.5;2019-04-11 11:26:04.0;
20;11918;2019-04-11 11:26:08.0;
20;11918.3;2019-04-11 11:26:13.0;
20;11918.8;2019-04-11 11:26:17.0;
20;11918.5;2019-04-11 11:26:23.0;
20;11917.8;2019-04-11 11:26:27.0;
20;11917.2;2019-04-11 11:26:31.0;
20;11917.8;2019-04-11 11:26:32.0;
20;11917.2;2019-04-11 11:26:34.0;
20;11919;2019-04-11 11:26:40.0;
20;11918.8;2019-04-11 11:26:44.0;
20;11919;2019-04-11 11:26:47.0;
20;11918.8;2019-04-11 11:26:48.0;
20;11919.2;2019-04-11 11:26:54.0;
20;11918.5;2019-04-11 11:27:00.0;
20;11918;2019-04-11 11:27:05.0;
20;11918.2;2019-04-11 11:27:09.0;
20;11917.8;2019-04-11 11:27:22.0;
20;11918;2019-04-11 11:27:30.0;
20;11918.2;2019-04-11 11:27:43.0;
20;11918;2019-04-11 11:27:45.0;
20;11918.2;2019-04-11 11:27:46.0;
20;11917.5;2019-04-11 11:27:49.0;
20;11918.2;2019-04-11 11:27:50.0;
20;11917.5;2019-04-11 11:27:52.0;
20;11917.2;2019-04-11 11:28:03.0;
20;11917.5;2019-04-11 11:28:05.0;
20;11917.2;2019-04-11 11:28:07.0;
20;11918.2;2019-04-11 11:28:11.0;
20;11918.5;2019-04-11 11:28:14.0;
20;11918.8;2019-04-11 11:28:16.0;
20;11918.5;2019-04-11 11:28:17.0;
20;11918.3;2019-04-11 11:28:19.0;
20;11918.8;2019-04-11 11:28:20.0;
20;11918.3;2019-04-11 11:28:22.0;
20;11918;2019-04-11 11:28:25.0;
20;11917.8;2019-04-11 11:28:29.0;
20;11917.5;2019-04-11 11:28:39.0;
20;11917.3;2019-04-11 11:28:41.0;
20;11917.2;2019-04-11 11:28:45.0;
20;11917.3;2019-04-11 11:28:46.0;
20;11917.2;2019-04-11 11:28:48.0;
20;11917.3;2019-04-11 11:28:49.0;
20;11917.5;2019-04-11 11:28:51.0;
20;11917.2;2019-04-11 11:28:55.0;
20;11916.5;2019-04-11 11:29:01.0;
20;11917.3;2019-04-11 11:29:27.0;
20;11917.8;2019-04-11 11:29:30.0;
20;11918.3;2019-04-11 11:29:33.0;
20;11918.8;2019-04-11 11:29:37.0;
20;11918.3;2019-04-11 11:29:43.0;
20;11916.8;2019-04-11 11:30:05.0;
20;11918;2019-04-11 11:30:07.0;
20;11917.3;2019-04-11 11:30:11.0;
20;11916.5;2019-04-11 11:30:23.0;
20;11917.2;2019-04-11 11:30:27.0;
20;11916;2019-04-11 11:30:29.0;
20;11915.8;2019-04-11 11:30:33.0;
20;11916;2019-04-11 11:30:36.0;
20;11917.8;2019-04-11 11:30:43.0;
20;11918.5;2019-04-11 11:30:46.0;
20;11916.5;2019-04-11 11:30:52.0;
20;11916.3;2019-04-11 11:30:56.0;
20;11916.5;2019-04-11 11:31:02.0;
20;11916.8;2019-04-11 11:31:06.0;
20;11916.5;2019-04-11 11:31:09.0;
20;11916.8;2019-04-11 11:31:12.0;
20;11918;2019-04-11 11:31:16.0;
20;11919;2019-04-11 11:31:24.0;
20;11920.3;2019-04-11 11:31:28.0;
20;11919;2019-04-11 11:31:30.0;
20;11919.3;2019-04-11 11:31:32.0;
20;11919.2;2019-04-11 11:31:39.0;
20;11918.8;2019-04-11 11:31:43.0;
20;11919.2;2019-04-11 11:32:06.0;
20;11919.8;2019-04-11 11:32:11.0;
20;11920.2;2019-04-11 11:32:15.0;
20;11920.8;2019-04-11 11:32:21.0;
20;11920.5;2019-04-11 11:32:27.0;
20;11920;2019-04-11 11:32:29.0;
20;11919.8;2019-04-11 11:32:33.0;
20;11920;2019-04-11 11:32:39.0;
20;11920.3;2019-04-11 11:32:44.0;
20;11920.5;2019-04-11 11:32:49.0;
20;11920.8;2019-04-11 11:32:55.0;
20;11921.2;2019-04-11 11:33:00.0;
20;11920.8;2019-04-11 11:33:11.0;
20;11920.5;2019-04-11 11:33:13.0;
20;11920.8;2019-04-11 11:33:15.0;
20;11921.8;2019-04-11 11:33:23.0;
20;11920.8;2019-04-11 11:33:27.0;
20;11920.3;2019-04-11 11:33:32.0;
20;11920.8;2019-04-11 11:33:36.0;
20;11920.5;2019-04-11 11:33:40.0;
20;11920.2;2019-04-11 11:33:47.0;
20;11922;2019-04-11 11:34:04.0;
20;11922.3;2019-04-11 11:34:09.0;
20;11922.5;2019-04-11 11:34:15.0;
20;11925;2019-04-11 11:34:18.0;
20;11923.3;2019-04-11 11:34:20.0;
20;11925;2019-04-11 11:34:22.0;
20;11923.5;2019-04-11 11:34:24.0;
20;11923.3;2019-04-11 11:34:31.0;
20;11923.8;2019-04-11 11:34:35.0;
20;11922.5;2019-04-11 11:34:38.0;
20;11922;2019-04-11 11:34:41.0;
20;11922.3;2019-04-11 11:34:46.0;
20;11922.5;2019-04-11 11:34:49.0;
20;11922;2019-04-11 11:34:55.0;
20;11921.8;2019-04-11 11:34:56.0;
20;11922;2019-04-11 11:34:58.0;
20;11921.8;2019-04-11 11:35:02.0;
20;11922.3;2019-04-11 11:35:06.0;
20;11922.2;2019-04-11 11:35:10.0;
20;11921.8;2019-04-11 11:35:14.0;
20;11922.5;2019-04-11 11:35:15.0;
20;11922.2;2019-04-11 11:35:16.0;
20;11922.5;2019-04-11 11:35:18.0;
20;11923.8;2019-04-11 11:35:21.0;
20;11922.5;2019-04-11 11:35:22.0;
20;11923.8;2019-04-11 11:35:24.0;
20;11923.2;2019-04-11 11:35:25.0;
20;11922.3;2019-04-11 11:35:31.0;
20;11923;2019-04-11 11:35:37.0;
20;11922.8;2019-04-11 11:35:41.0;
20;11923.2;2019-04-11 11:35:44.0;
20;11924;2019-04-11 11:35:50.0;
20;11922.5;2019-04-11 11:36:04.0;
20;11923;2019-04-11 11:36:10.0;
20;11923.5;2019-04-11 11:36:17.0;
20;11923;2019-04-11 11:36:19.0;
20;11923.3;2019-04-11 11:36:20.0;
20;11923.2;2019-04-11 11:36:23.0;
20;11923.3;2019-04-11 11:36:24.0;
20;11923.2;2019-04-11 11:36:26.0;
20;11924;2019-04-11 11:36:30.0;
20;11924.3;2019-04-11 11:36:34.0;
20;11924.5;2019-04-11 11:36:36.0;
20;11924.8;2019-04-11 11:36:38.0;
20;11925.3;2019-04-11 11:36:56.0;
20;11925;2019-04-11 11:37:03.0;
20;11925.5;2019-04-11 11:37:05.0;
20;11928.3;2019-04-11 11:37:09.0;
20;11927.5;2019-04-11 11:37:12.0;
20;11928;2019-04-11 11:37:16.0;
20;11928.3;2019-04-11 11:37:22.0;
20;11929;2019-04-11 11:37:28.0;
20;11928.8;2019-04-11 11:37:33.0;
20;11927.5;2019-04-11 11:37:43.0;
20;11928.2;2019-04-11 11:37:48.0;
20;11929;2019-04-11 11:38:06.0;
20;11929.2;2019-04-11 11:38:08.0;
20;11929;2019-04-11 11:38:09.0;
20;11929.2;2019-04-11 11:38:11.0;
20;11928.5;2019-04-11 11:38:12.0;
20;11928.8;2019-04-11 11:38:16.0;
20;11928.5;2019-04-11 11:38:17.0;
20;11928.8;2019-04-11 11:38:20.0;
20;11928.5;2019-04-11 11:38:22.0;
20;11927.8;2019-04-11 11:38:28.0;
20;11928.5;2019-04-11 11:38:29.0;
20;11927.8;2019-04-11 11:38:30.0;
20;11928;2019-04-11 11:38:36.0;
20;11927.8;2019-04-11 11:38:48.0;
20;11928.5;2019-04-11 11:38:58.0;
20;11928.2;2019-04-11 11:39:04.0;
20;11928.8;2019-04-11 11:39:11.0;
20;11928.5;2019-04-11 11:39:12.0;
20;11928.8;2019-04-11 11:39:15.0;
20;11928.5;2019-04-11 11:39:18.0;
20;11929;2019-04-11 11:39:19.0;
20;11928.8;2019-04-11 11:39:21.0;
20;11929;2019-04-11 11:39:22.0;
20;11929.2;2019-04-11 11:39:26.0;
20;11929;2019-04-11 11:39:28.0;
20;11929.2;2019-04-11 11:39:29.0;
20;11929.8;2019-04-11 11:39:35.0;
20;11930.2;2019-04-11 11:39:49.0;
20;11931.5;2019-04-11 11:40:05.0;
20;11931.3;2019-04-11 11:40:08.0;
20;11934;2019-04-11 11:40:14.0;
20;11934.8;2019-04-11 11:40:15.0;
20;11934;2019-04-11 11:40:17.0;
20;11934.8;2019-04-11 11:40:18.0;
20;11936.3;2019-04-11 11:40:19.0;
20;11934.8;2019-04-11 11:40:21.0;
20;11936.3;2019-04-11 11:40:24.0;
20;11934.3;2019-04-11 11:40:25.0;
20;11935;2019-04-11 11:40:29.0;
20;11935.8;2019-04-11 11:40:39.0;
20;11935;2019-04-11 11:40:41.0;
20;11935.8;2019-04-11 11:40:42.0;
20;11933.5;2019-04-11 11:40:48.0;
20;11932.8;2019-04-11 11:40:52.0;
20;11933.2;2019-04-11 11:41:01.0;
20;11933;2019-04-11 11:41:05.0;
20;11933.8;2019-04-11 11:41:09.0;
20;11934;2019-04-11 11:41:13.0;
20;11934.5;2019-04-11 11:41:22.0;
20;11934.8;2019-04-11 11:41:25.0;
20;11935;2019-04-11 11:41:29.0;
20;11934.8;2019-04-11 11:41:30.0;
20;11935.3;2019-04-11 11:41:32.0;
20;11935.5;2019-04-11 11:41:43.0;
20;11934.8;2019-04-11 11:42:10.0;
20;11935.2;2019-04-11 11:42:11.0;
20;11935.3;2019-04-11 11:42:17.0;
20;11935;2019-04-11 11:42:25.0;
20;11935.3;2019-04-11 11:42:26.0;
20;11934.8;2019-04-11 11:42:30.0;
20;11934.2;2019-04-11 11:42:33.0;
20;11933.3;2019-04-11 11:42:39.0;
20;11933.5;2019-04-11 11:42:41.0;
20;11933.3;2019-04-11 11:42:45.0;
20;11933.8;2019-04-11 11:42:51.0;
20;11933.2;2019-04-11 11:43:00.0;
20;11933.3;2019-04-11 11:43:02.0;
20;11933.5;2019-04-11 11:43:13.0;
20;11933;2019-04-11 11:43:20.0;
20;11933.5;2019-04-11 11:43:22.0;
20;11933;2019-04-11 11:43:23.0;
20;11933.5;2019-04-11 11:43:27.0;
20;11933;2019-04-11 11:43:29.0;
20;11933.5;2019-04-11 11:43:32.0;
20;11933.3;2019-04-11 11:43:34.0;
20;11936.8;2019-04-11 11:43:36.0;
20;11938.8;2019-04-11 11:43:43.0;
20;11938.5;2019-04-11 11:43:49.0;
20;11938.3;2019-04-11 11:44:04.0;
20;11938.5;2019-04-11 11:44:06.0;
20;11937.3;2019-04-11 11:44:07.0;
20;11936.8;2019-04-11 11:44:15.0;
20;11937;2019-04-11 11:44:18.0;
20;11936.8;2019-04-11 11:44:19.0;
20;11935.5;2019-04-11 11:44:21.0;
20;11935;2019-04-11 11:44:25.0;
20;11935.5;2019-04-11 11:44:29.0;
20;11935.8;2019-04-11 11:44:33.0;
20;11935.5;2019-04-11 11:44:37.0;
20;11935.8;2019-04-11 11:44:42.0;
20;11935.2;2019-04-11 11:44:47.0;
20;11934.8;2019-04-11 11:44:53.0;
20;11933.8;2019-04-11 11:45:00.0;
20;11933.2;2019-04-11 11:45:06.0;
20;11933.5;2019-04-11 11:45:09.0;
20;11934;2019-04-11 11:45:13.0;
20;11933.5;2019-04-11 11:45:15.0;
20;11934;2019-04-11 11:45:16.0;
20;11934.5;2019-04-11 11:45:17.0;
20;11934.8;2019-04-11 11:45:25.0;
20;11934.5;2019-04-11 11:45:26.0;
20;11934.8;2019-04-11 11:45:29.0;
20;11934.5;2019-04-11 11:45:31.0;
20;11934.3;2019-04-11 11:45:34.0;
20;11933.8;2019-04-11 11:45:42.0;
20;11933.2;2019-04-11 11:45:43.0;
20;11933.8;2019-04-11 11:45:45.0;
20;11933.2;2019-04-11 11:45:46.0;
20;11933.5;2019-04-11 11:45:49.0;
20;11932;2019-04-11 11:46:07.0;
20;11933.3;2019-04-11 11:46:08.0;
20;11932;2019-04-11 11:46:10.0;
20;11931.5;2019-04-11 11:46:11.0;
20;11931.2;2019-04-11 11:46:25.0;
20;11931.8;2019-04-11 11:46:28.0;
20;11932.5;2019-04-11 11:46:32.0;
20;11932.2;2019-04-11 11:46:42.0;
20;11932.3;2019-04-11 11:46:49.0;
20;11932.5;2019-04-11 11:46:52.0;
20;11933;2019-04-11 11:46:59.0;
20;11932.8;2019-04-11 11:47:05.0;
20;11932.5;2019-04-11 11:47:14.0;
20;11932.8;2019-04-11 11:47:21.0;
20;11930.5;2019-04-11 11:47:31.0;
20;11932;2019-04-11 11:47:32.0;
20;11930.5;2019-04-11 11:47:34.0;
20;11930.8;2019-04-11 11:47:43.0;
20;11932.3;2019-04-11 11:48:03.0;
20;11932.5;2019-04-11 11:48:08.0;
20;11932.8;2019-04-11 11:48:13.0;
20;11931.8;2019-04-11 11:48:18.0;
20;11932;2019-04-11 11:48:31.0;
20;11931.8;2019-04-11 11:48:32.0;
20;11932;2019-04-11 11:48:33.0;
20;11931.8;2019-04-11 11:48:42.0;
20;11932.3;2019-04-11 11:48:45.0;
20;11933;2019-04-11 11:48:56.0;
20;11934.8;2019-04-11 11:49:01.0;
20;11935;2019-04-11 11:49:06.0;
20;11934.3;2019-04-11 11:49:11.0;
20;11933.8;2019-04-11 11:49:18.0;
20;11933.5;2019-04-11 11:49:20.0;
20;11933.8;2019-04-11 11:49:21.0;
20;11933.5;2019-04-11 11:49:22.0;
20;11933.8;2019-04-11 11:49:36.0;
20;11933.5;2019-04-11 11:49:40.0;
20;11933.8;2019-04-11 11:49:44.0;
20;11934.8;2019-04-11 11:50:05.0;
20;11935.2;2019-04-11 11:50:07.0;
20;11934.8;2019-04-11 11:50:09.0;
20;11935.2;2019-04-11 11:50:10.0;
20;11936;2019-04-11 11:50:15.0;
20;11935.8;2019-04-11 11:50:19.0;
20;11935.5;2019-04-11 11:50:33.0;
20;11935.8;2019-04-11 11:50:40.0;
20;11935.5;2019-04-11 11:50:44.0;
20;11935.8;2019-04-11 11:50:45.0;
20;11935.5;2019-04-11 11:50:47.0;
20;11935.8;2019-04-11 11:50:49.0;
20;11935.5;2019-04-11 11:50:54.0;
20;11936.8;2019-04-11 11:50:56.0;
20;11936.5;2019-04-11 11:51:00.0;
20;11936.8;2019-04-11 11:51:01.0;
20;11936.5;2019-04-11 11:51:03.0;
20;11937.2;2019-04-11 11:51:08.0;
20;11937.5;2019-04-11 11:51:20.0;
20;11937;2019-04-11 11:51:26.0;
20;11936.8;2019-04-11 11:51:28.0;
20;11937;2019-04-11 11:51:35.0;
20;11936.8;2019-04-11 11:51:38.0;
20;11937.5;2019-04-11 11:51:45.0;
20;11936.8;2019-04-11 11:51:46.0;
20;11941.8;2019-04-11 11:51:48.0;
20;11940.2;2019-04-11 11:52:05.0;
20;11939;2019-04-11 11:52:08.0;
20;11938.8;2019-04-11 11:52:12.0;
20;11939;2019-04-11 11:52:18.0;
20;11938.2;2019-04-11 11:52:23.0;
20;11939.5;2019-04-11 11:52:27.0;
20;11938.5;2019-04-11 11:52:39.0;
20;11940.2;2019-04-11 11:52:42.0;
20;11940.5;2019-04-11 11:52:51.0;
20;11940.2;2019-04-11 11:52:53.0;
20;11940.3;2019-04-11 11:52:57.0;
20;11940.2;2019-04-11 11:53:02.0;
20;11941;2019-04-11 11:53:05.0;
20;11940.8;2019-04-11 11:53:12.0;
20;11941;2019-04-11 11:53:16.0;
20;11940.8;2019-04-11 11:53:24.0;
20;11940.3;2019-04-11 11:53:35.0;
20;11940.8;2019-04-11 11:53:36.0;
20;11940.3;2019-04-11 11:53:38.0;
20;11940.5;2019-04-11 11:53:40.0;
20;11946.8;2019-04-11 11:53:45.0;
20;11946.5;2019-04-11 11:53:47.0;
20;11944.8;2019-04-11 11:54:07.0;
20;11944.3;2019-04-11 11:54:11.0;
20;11946.8;2019-04-11 11:54:18.0;
20;11955.2;2019-04-11 11:54:23.0;
20;11957.2;2019-04-11 11:54:27.0;
20;11957.5;2019-04-11 11:54:31.0;
20;11955.8;2019-04-11 11:54:37.0;
20;11954;2019-04-11 11:54:38.0;
20;11952.8;2019-04-11 11:54:46.0;
20;11954;2019-04-11 11:54:47.0;
20;11952.8;2019-04-11 11:54:48.0;
20;11951.3;2019-04-11 11:54:58.0;
20;11950.3;2019-04-11 11:55:02.0;
20;11951.8;2019-04-11 11:55:08.0;
20;11952.8;2019-04-11 11:55:15.0;
20;11953;2019-04-11 11:55:16.0;
20;11954.8;2019-04-11 11:55:21.0;
20;11953;2019-04-11 11:55:23.0;
20;11954.8;2019-04-11 11:55:24.0;
20;11956;2019-04-11 11:55:25.0;
20;11955.8;2019-04-11 11:55:27.0;
20;11956;2019-04-11 11:55:28.0;
20;11955;2019-04-11 11:55:30.0;
20;11955.8;2019-04-11 11:55:37.0;
20;11953.8;2019-04-11 11:55:38.0;
20;11950.8;2019-04-11 11:55:44.0;
20;11951.3;2019-04-11 11:55:49.0;
20;11950;2019-04-11 11:56:07.0;
20;11950.2;2019-04-11 11:56:09.0;
20;11950;2019-04-11 11:56:10.0;
20;11950.2;2019-04-11 11:56:12.0;
20;11950;2019-04-11 11:56:16.0;
20;11950.2;2019-04-11 11:56:18.0;
20;11950;2019-04-11 11:56:19.0;
20;11950.5;2019-04-11 11:56:20.0;
20;11950.2;2019-04-11 11:56:29.0;
20;11951.5;2019-04-11 11:56:34.0;
20;11951.8;2019-04-11 11:56:38.0;
20;11949.8;2019-04-11 11:56:41.0;
20;11949.2;2019-04-11 11:56:45.0;
20;11950;2019-04-11 11:56:50.0;
20;11948.8;2019-04-11 11:56:52.0;
20;11947.8;2019-04-11 11:56:59.0;
20;11948.8;2019-04-11 11:57:09.0;
20;11947.5;2019-04-11 11:57:13.0;
20;11947.8;2019-04-11 11:57:19.0;
20;11947.2;2019-04-11 11:57:20.0;
20;11947.8;2019-04-11 11:57:21.0;
20;11947.2;2019-04-11 11:57:23.0;
20;11946.8;2019-04-11 11:57:33.0;
20;11949;2019-04-11 11:57:40.0;
20;11946.8;2019-04-11 11:57:41.0;
20;11949;2019-04-11 11:57:43.0;
20;11949.5;2019-04-11 11:57:44.0;
20;11949.2;2019-04-11 11:57:47.0;
20;11949.5;2019-04-11 11:57:49.0;
20;11949.2;2019-04-11 11:57:50.0;
20;11946.5;2019-04-11 11:58:02.0;
20;11949.2;2019-04-11 11:58:05.0;
20;11947.5;2019-04-11 11:58:08.0;
20;11947;2019-04-11 11:58:14.0;
20;11947.2;2019-04-11 11:58:16.0;
20;11947;2019-04-11 11:58:18.0;
20;11947.2;2019-04-11 11:58:19.0;
20;11946.5;2019-04-11 11:58:23.0;
20;11946.2;2019-04-11 11:58:26.0;
20;11946.5;2019-04-11 11:58:28.0;
20;11946.2;2019-04-11 11:58:29.0;
20;11947.2;2019-04-11 11:58:35.0;
20;11947;2019-04-11 11:58:40.0;
20;11946.8;2019-04-11 11:58:46.0;
20;11947.5;2019-04-11 11:58:52.0;
20;11947.8;2019-04-11 11:58:59.0;
20;11947.5;2019-04-11 11:59:00.0;
20;11947.8;2019-04-11 11:59:02.0;
20;11947.5;2019-04-11 11:59:04.0;
20;11947.8;2019-04-11 11:59:10.0;
20;11947.3;2019-04-11 11:59:11.0;
20;11946.5;2019-04-11 11:59:14.0;
20;11947.2;2019-04-11 11:59:20.0;
20;11947;2019-04-11 11:59:24.0;
20;11947.5;2019-04-11 11:59:27.0;
20;11947;2019-04-11 11:59:29.0;
20;11947.5;2019-04-11 11:59:30.0;
20;11947.8;2019-04-11 11:59:33.0;
20;11947.5;2019-04-11 11:59:34.0;
20;11947;2019-04-11 11:59:40.0;
20;11946.8;2019-04-11 11:59:45.0;
20;11946;2019-04-11 11:59:49.0;
20;11942.8;2019-04-11 12:00:06.0;
20;11943.3;2019-04-11 12:00:08.0;
20;11942.8;2019-04-11 12:00:17.0;
20;11943.3;2019-04-11 12:00:20.0;
20;11942.8;2019-04-11 12:00:22.0;
20;11943.3;2019-04-11 12:00:23.0;
20;11942.8;2019-04-11 12:00:27.0;
20;11942;2019-04-11 12:00:30.0;
20;11941.5;2019-04-11 12:00:35.0;
20;11941.8;2019-04-11 12:00:38.0;
20;11941.3;2019-04-11 12:00:46.0;
20;11941.8;2019-04-11 12:00:52.0;
20;11942.5;2019-04-11 12:00:56.0;
20;11944;2019-04-11 12:01:03.0;
20;11943;2019-04-11 12:01:05.0;
20;11944;2019-04-11 12:01:06.0;
20;11943.8;2019-04-11 12:01:09.0;
20;11944.8;2019-04-11 12:01:16.0;
20;11944.3;2019-04-11 12:01:20.0;
20;11944.8;2019-04-11 12:01:22.0;
20;11944.5;2019-04-11 12:01:23.0;
20;11944.3;2019-04-11 12:01:25.0;
20;11944.5;2019-04-11 12:01:26.0;
20;11944.8;2019-04-11 12:01:27.0;
20;11943.8;2019-04-11 12:01:31.0;
20;11944;2019-04-11 12:01:37.0;
20;11945.3;2019-04-11 12:01:41.0;
20;11944.8;2019-04-11 12:01:48.0;
20;11943.5;2019-04-11 12:02:05.0;
20;11943;2019-04-11 12:02:18.0;
20;11942.8;2019-04-11 12:02:21.0;
20;11943;2019-04-11 12:02:23.0;
20;11942.8;2019-04-11 12:02:29.0;
20;11942.3;2019-04-11 12:02:37.0;
20;11942.5;2019-04-11 12:02:42.0;
20;11942.2;2019-04-11 12:02:46.0;
20;11942.3;2019-04-11 12:02:47.0;
20;11942.2;2019-04-11 12:02:50.0;
20;11942.8;2019-04-11 12:02:52.0;
20;11943.3;2019-04-11 12:03:01.0;
20;11943;2019-04-11 12:03:04.0;
20;11943.3;2019-04-11 12:03:07.0;
20;11943.2;2019-04-11 12:03:08.0;
20;11943.8;2019-04-11 12:03:13.0;
20;11943.5;2019-04-11 12:03:22.0;
20;11945;2019-04-11 12:03:28.0;
20;11945.3;2019-04-11 12:03:35.0;
20;11945;2019-04-11 12:03:41.0;
20;11945.3;2019-04-11 12:03:48.0;
20;11945.5;2019-04-11 12:04:05.0;
20;11945.3;2019-04-11 12:04:06.0;
20;11945.5;2019-04-11 12:04:08.0;
20;11945.3;2019-04-11 12:04:11.0;
20;11945.5;2019-04-11 12:04:18.0;
20;11945.8;2019-04-11 12:04:21.0;
20;11945.5;2019-04-11 12:04:25.0;
20;11946;2019-04-11 12:04:28.0;
20;11946.2;2019-04-11 12:04:32.0;
20;11945.5;2019-04-11 12:04:36.0;
20;11945;2019-04-11 12:04:46.0;
20;11945.5;2019-04-11 12:04:54.0;
20;11944.3;2019-04-11 12:04:58.0;
20;11946.8;2019-04-11 12:05:02.0;
20;11948;2019-04-11 12:05:08.0;
20;11946.8;2019-04-11 12:05:19.0;
20;11947;2019-04-11 12:05:21.0;
20;11946.8;2019-04-11 12:05:22.0;
20;11947.5;2019-04-11 12:05:24.0;
20;11946.8;2019-04-11 12:05:25.0;
20;11947.5;2019-04-11 12:05:27.0;
20;11947.3;2019-04-11 12:05:28.0;
20;11947.8;2019-04-11 12:05:31.0;
20;11947.2;2019-04-11 12:05:40.0;
20;11946.8;2019-04-11 12:05:44.0;
20;11947.5;2019-04-11 12:05:50.0;
20;11946;2019-04-11 12:06:07.0;
20;11946.5;2019-04-11 12:06:12.0;
20;11945;2019-04-11 12:06:17.0;
20;11943.8;2019-04-11 12:06:24.0;
20;11944.5;2019-04-11 12:06:25.0;
20;11943.8;2019-04-11 12:06:27.0;
20;11944.5;2019-04-11 12:06:29.0;
20;11944.8;2019-04-11 12:06:33.0;
20;11944.3;2019-04-11 12:06:37.0;
20;11944.8;2019-04-11 12:06:39.0;
20;11943.8;2019-04-11 12:06:41.0;
20;11944;2019-04-11 12:06:45.0;
20;11943.5;2019-04-11 12:06:50.0;
20;11944;2019-04-11 12:06:57.0;
20;11943.5;2019-04-11 12:07:08.0;
20;11942.8;2019-04-11 12:07:19.0;
20;11943.2;2019-04-11 12:07:22.0;
20;11942.8;2019-04-11 12:07:24.0;
20;11943;2019-04-11 12:07:25.0;
20;11943.5;2019-04-11 12:07:28.0;
20;11943;2019-04-11 12:07:29.0;
20;11943.8;2019-04-11 12:07:38.0;
20;11944.5;2019-04-11 12:07:39.0;
20;11943.8;2019-04-11 12:07:41.0;
20;11944.5;2019-04-11 12:07:44.0;
20;11945.5;2019-04-11 12:08:04.0;
20;11945.8;2019-04-11 12:08:12.0;
20;11945.5;2019-04-11 12:08:15.0;
20;11945.8;2019-04-11 12:08:18.0;
20;11945.3;2019-04-11 12:08:19.0;
20;11945;2019-04-11 12:08:26.0;
20;11945.5;2019-04-11 12:08:29.0;
20;11945;2019-04-11 12:08:35.0;
20;11945.3;2019-04-11 12:08:46.0;
20;11945;2019-04-11 12:08:52.0;
20;11944;2019-04-11 12:08:57.0;
20;11944.3;2019-04-11 12:09:05.0;
20;11944;2019-04-11 12:09:06.0;
20;11944.3;2019-04-11 12:09:07.0;
20;11944.5;2019-04-11 12:09:09.0;
20;11945.8;2019-04-11 12:09:13.0;
20;11946;2019-04-11 12:09:15.0;
20;11945.8;2019-04-11 12:09:17.0;
20;11946;2019-04-11 12:09:18.0;
20;11949.5;2019-04-11 12:09:25.0;
20;11949;2019-04-11 12:09:28.0;
20;11950.3;2019-04-11 12:09:32.0;
20;11949.8;2019-04-11 12:09:37.0;
20;11949;2019-04-11 12:09:42.0;
20;11950.5;2019-04-11 12:09:43.0;
20;11949;2019-04-11 12:09:45.0;
20;11950.5;2019-04-11 12:09:46.0;
20;11951;2019-04-11 12:09:48.0;
20;11955.2;2019-04-11 12:10:07.0;
20;11956.8;2019-04-11 12:10:09.0;
20;11955.2;2019-04-11 12:10:10.0;
20;11954.2;2019-04-11 12:10:12.0;
20;11953.2;2019-04-11 12:10:18.0;
20;11955;2019-04-11 12:10:22.0;
20;11953.8;2019-04-11 12:10:29.0;
20;11955;2019-04-11 12:10:31.0;
20;11953.8;2019-04-11 12:10:32.0;
20;11950;2019-04-11 12:10:38.0;
20;11952;2019-04-11 12:10:39.0;
20;11950;2019-04-11 12:10:41.0;
20;11952;2019-04-11 12:10:42.0;
20;11951.8;2019-04-11 12:10:45.0;
20;11951.3;2019-04-11 12:10:51.0;
20;11951.5;2019-04-11 12:10:56.0;
20;11951.2;2019-04-11 12:11:02.0;
20;11951.3;2019-04-11 12:11:07.0;
20;11950.8;2019-04-11 12:11:24.0;
20;11954;2019-04-11 12:11:28.0;
20;11954.3;2019-04-11 12:11:34.0;
20;11954;2019-04-11 12:11:35.0;
20;11954.3;2019-04-11 12:11:37.0;
20;11953.5;2019-04-11 12:11:40.0;
20;11953;2019-04-11 12:11:45.0;
20;11952.3;2019-04-11 12:12:11.0;
20;11952;2019-04-11 12:12:13.0;
20;11951.5;2019-04-11 12:12:15.0;
20;11951.3;2019-04-11 12:12:21.0;
20;11951;2019-04-11 12:12:24.0;
20;11950.8;2019-04-11 12:12:31.0;
20;11951.5;2019-04-11 12:12:32.0;
20;11952.2;2019-04-11 12:12:35.0;
20;11953.2;2019-04-11 12:12:41.0;
20;11954.8;2019-04-11 12:12:48.0;
20;11954.5;2019-04-11 12:12:52.0;
20;11954.8;2019-04-11 12:12:53.0;
20;11953;2019-04-11 12:12:56.0;
20;11953.2;2019-04-11 12:13:04.0;
20;11953.5;2019-04-11 12:13:09.0;
20;11954.8;2019-04-11 12:13:16.0;
20;11955;2019-04-11 12:13:19.0;
20;11953.8;2019-04-11 12:13:27.0;
20;11954.3;2019-04-11 12:13:37.0;
20;11954;2019-04-11 12:13:40.0;
20;11953.8;2019-04-11 12:13:50.0;
20;11953.5;2019-04-11 12:14:06.0;
20;11953.2;2019-04-11 12:14:12.0;
20;11953.5;2019-04-11 12:14:22.0;
20;11953.2;2019-04-11 12:14:29.0;
20;11953.5;2019-04-11 12:14:36.0;
20;11952.8;2019-04-11 12:14:39.0;
20;11952.2;2019-04-11 12:14:46.0;
20;11952;2019-04-11 12:14:48.0;
20;11952.2;2019-04-11 12:14:49.0;
20;11951.5;2019-04-11 12:14:50.0;
20;11952;2019-04-11 12:14:52.0;
20;11951.5;2019-04-11 12:14:53.0;
20;11952.5;2019-04-11 12:15:00.0;
20;11952;2019-04-11 12:15:05.0;
20;11952.8;2019-04-11 12:15:10.0;
20;11953;2019-04-11 12:15:19.0;
20;11952.8;2019-04-11 12:15:20.0;
20;11953.2;2019-04-11 12:15:27.0;
20;11952.5;2019-04-11 12:15:33.0;
20;11952.2;2019-04-11 12:15:34.0;
20;11952.8;2019-04-11 12:15:40.0;
20;11952.2;2019-04-11 12:15:41.0;
20;11952.8;2019-04-11 12:15:42.0;
20;11953.3;2019-04-11 12:15:45.0;
20;11955;2019-04-11 12:15:51.0;
20;11955.8;2019-04-11 12:16:05.0;
20;11953.8;2019-04-11 12:16:16.0;
20;11953.5;2019-04-11 12:16:23.0;
20;11953.8;2019-04-11 12:16:24.0;
20;11953.5;2019-04-11 12:16:26.0;
20;11953.2;2019-04-11 12:16:33.0;
20;11952.8;2019-04-11 12:16:39.0;
20;11952;2019-04-11 12:16:43.0;
20;11952.5;2019-04-11 12:16:48.0;
20;11953.8;2019-04-11 12:16:54.0;
20;11953.2;2019-04-11 12:16:59.0;
20;11953;2019-04-11 12:17:01.0;
20;11953.3;2019-04-11 12:17:08.0;
20;11953;2019-04-11 12:17:09.0;
20;11953.3;2019-04-11 12:17:11.0;
20;11953;2019-04-11 12:17:13.0;
20;11952.3;2019-04-11 12:17:15.0;
20;11953;2019-04-11 12:17:20.0;
20;11952.5;2019-04-11 12:17:28.0;
20;11952;2019-04-11 12:17:31.0;
20;11952.5;2019-04-11 12:17:32.0;
20;11952;2019-04-11 12:17:34.0;
20;11952.5;2019-04-11 12:17:35.0;
20;11952.8;2019-04-11 12:17:41.0;
20;11952.5;2019-04-11 12:17:42.0;
20;11952.8;2019-04-11 12:17:43.0;
20;11953;2019-04-11 12:17:51.0;
20;11953.2;2019-04-11 12:18:14.0;
20;11953.8;2019-04-11 12:18:21.0;
20;11953.5;2019-04-11 12:18:24.0;
20;11953.8;2019-04-11 12:18:30.0;
20;11954.2;2019-04-11 12:18:37.0;
20;11955;2019-04-11 12:18:40.0;
20;11954.2;2019-04-11 12:18:41.0;
20;11955;2019-04-11 12:18:42.0;
20;11954.8;2019-04-11 12:18:47.0;
20;11955.2;2019-04-11 12:18:48.0;
20;11954.8;2019-04-11 12:18:51.0;
20;11954.5;2019-04-11 12:19:06.0;
20;11954;2019-04-11 12:19:07.0;
20;11954.8;2019-04-11 12:19:12.0;
20;11954;2019-04-11 12:19:13.0;
20;11954.8;2019-04-11 12:19:15.0;
20;11954.5;2019-04-11 12:19:23.0;
20;11954.8;2019-04-11 12:19:25.0;
20;11955.2;2019-04-11 12:19:32.0;
20;11954.8;2019-04-11 12:19:34.0;
20;11954.5;2019-04-11 12:19:35.0;
20;11956.5;2019-04-11 12:19:40.0;
20;11956.8;2019-04-11 12:19:45.0;
20;11957.2;2019-04-11 12:19:48.0;
20;11956.8;2019-04-11 12:20:03.0;
20;11957.2;2019-04-11 12:20:05.0;
20;11956.8;2019-04-11 12:20:06.0;
20;11957.5;2019-04-11 12:20:08.0;
20;11958.2;2019-04-11 12:20:14.0;
20;11956.8;2019-04-11 12:20:19.0;
20;11956.5;2019-04-11 12:20:26.0;
20;11956.8;2019-04-11 12:20:32.0;
20;11956;2019-04-11 12:20:36.0;
20;11956.2;2019-04-11 12:20:40.0;
20;11956.5;2019-04-11 12:20:43.0;
20;11957.3;2019-04-11 12:20:49.0;
20;11956.8;2019-04-11 12:20:55.0;
20;11957.3;2019-04-11 12:20:56.0;
20;11957;2019-04-11 12:21:02.0;
20;11956.8;2019-04-11 12:21:05.0;
20;11955.8;2019-04-11 12:21:12.0;
20;11956;2019-04-11 12:21:18.0;
20;11956.3;2019-04-11 12:21:23.0;
20;11956;2019-04-11 12:21:26.0;
20;11956.8;2019-04-11 12:21:29.0;
20;11957.2;2019-04-11 12:21:39.0;
20;11957;2019-04-11 12:21:46.0;
20;11955.3;2019-04-11 12:22:06.0;
20;11954.2;2019-04-11 12:22:16.0;
20;11955.3;2019-04-11 12:22:18.0;
20;11954.2;2019-04-11 12:22:20.0;
20;11954.8;2019-04-11 12:22:41.0;
20;11954.2;2019-04-11 12:22:42.0;
20;11954.8;2019-04-11 12:22:44.0;
20;11954.3;2019-04-11 12:22:53.0;
20;11954.8;2019-04-11 12:23:03.0;
20;11955.5;2019-04-11 12:23:09.0;
20;11955.8;2019-04-11 12:23:14.0;
20;11956;2019-04-11 12:23:18.0;
20;11955;2019-04-11 12:23:19.0;
20;11956;2019-04-11 12:23:21.0;
20;11955;2019-04-11 12:23:22.0;
20;11954.5;2019-04-11 12:23:23.0;
20;11955.2;2019-04-11 12:23:35.0;
20;11955.5;2019-04-11 12:23:39.0;
20;11954.8;2019-04-11 12:23:44.0;
20;11953.3;2019-04-11 12:24:07.0;
20;11954.8;2019-04-11 12:24:12.0;
20;11955;2019-04-11 12:24:16.0;
20;11954.8;2019-04-11 12:24:19.0;
20;11954.5;2019-04-11 12:24:30.0;
20;11953.8;2019-04-11 12:24:31.0;
20;11954.8;2019-04-11 12:24:39.0;
20;11954.3;2019-04-11 12:24:41.0;
20;11954.8;2019-04-11 12:24:42.0;
20;11954.3;2019-04-11 12:24:49.0;
20;11954.5;2019-04-11 12:24:55.0;
20;11954.3;2019-04-11 12:24:57.0;
20;11954.5;2019-04-11 12:24:59.0;
20;11954.3;2019-04-11 12:25:02.0;
20;11954.8;2019-04-11 12:25:06.0;
20;11953.8;2019-04-11 12:25:08.0;
20;11954.2;2019-04-11 12:25:24.0;
20;11956.8;2019-04-11 12:25:28.0;
20;11957;2019-04-11 12:25:33.0;
20;11956.8;2019-04-11 12:25:35.0;
20;11957;2019-04-11 12:25:36.0;
20;11956.8;2019-04-11 12:25:40.0;
20;11957;2019-04-11 12:25:43.0;
20;11956.8;2019-04-11 12:25:45.0;
20;11957;2019-04-11 12:25:47.0;
20;11957.8;2019-04-11 12:25:48.0;
20;11956.2;2019-04-11 12:26:05.0;
20;11956;2019-04-11 12:26:11.0;
20;11956.5;2019-04-11 12:26:15.0;
20;11956.8;2019-04-11 12:26:20.0;
20;11956.5;2019-04-11 12:26:26.0;
20;11955.8;2019-04-11 12:26:27.0;
20;11956;2019-04-11 12:26:32.0;
20;11956.8;2019-04-11 12:26:36.0;
20;11956.5;2019-04-11 12:26:42.0;
20;11956.2;2019-04-11 12:26:43.0;
20;11955.3;2019-04-11 12:26:59.0;
20;11955.5;2019-04-11 12:27:03.0;
20;11955.3;2019-04-11 12:27:05.0;
20;11956.2;2019-04-11 12:27:08.0;
20;11955.5;2019-04-11 12:27:12.0;
20;11955;2019-04-11 12:27:13.0;
20;11954.2;2019-04-11 12:27:19.0;
20;11953.8;2019-04-11 12:27:23.0;
20;11952.8;2019-04-11 12:27:29.0;
20;11953.2;2019-04-11 12:27:34.0;
20;11952.8;2019-04-11 12:27:39.0;
20;11952.5;2019-04-11 12:27:51.0;
20;11952.8;2019-04-11 12:28:11.0;
20;11953.3;2019-04-11 12:28:18.0;
20;11952.5;2019-04-11 12:28:22.0;
20;11952;2019-04-11 12:28:25.0;
20;11951.8;2019-04-11 12:28:29.0;
20;11952.3;2019-04-11 12:28:32.0;
20;11952.8;2019-04-11 12:28:37.0;
20;11952.5;2019-04-11 12:28:45.0;
20;11952.3;2019-04-11 12:28:50.0;
20;11953.3;2019-04-11 12:28:54.0;
20;11954.5;2019-04-11 12:29:01.0;
20;11953.8;2019-04-11 12:29:04.0;
20;11954.3;2019-04-11 12:29:12.0;
20;11954;2019-04-11 12:29:21.0;
20;11954.3;2019-04-11 12:29:26.0;
20;11955;2019-04-11 12:29:32.0;
20;11956;2019-04-11 12:29:33.0;
20;11956.5;2019-04-11 12:29:35.0;
20;11956.2;2019-04-11 12:29:41.0;
20;11956;2019-04-11 12:29:46.0;
20;11955.5;2019-04-11 12:29:49.0;
20;11956;2019-04-11 12:29:50.0;
20;11955.8;2019-04-11 12:30:14.0;
20;11956.3;2019-04-11 12:30:18.0;
20;11955.2;2019-04-11 12:30:22.0;
20;11954.5;2019-04-11 12:30:26.0;
20;11954.3;2019-04-11 12:30:32.0;
20;11954.8;2019-04-11 12:30:37.0;
20;11954.2;2019-04-11 12:30:44.0;
20;11954.8;2019-04-11 12:30:46.0;
20;11954.2;2019-04-11 12:30:47.0;
20;11954.8;2019-04-11 12:30:53.0;
20;11954.3;2019-04-11 12:30:59.0;
20;11954.8;2019-04-11 12:31:00.0;
20;11954.3;2019-04-11 12:31:02.0;
20;11953.8;2019-04-11 12:31:03.0;
20;11953.2;2019-04-11 12:31:08.0;
20;11953.5;2019-04-11 12:31:16.0;
20;11953.3;2019-04-11 12:31:19.0;
20;11953.5;2019-04-11 12:31:22.0;
20;11953;2019-04-11 12:31:23.0;
20;11953.2;2019-04-11 12:31:29.0;
20;11953.5;2019-04-11 12:31:34.0;
20;11953.3;2019-04-11 12:31:39.0;
20;11952.8;2019-04-11 12:31:46.0;
20;11953.3;2019-04-11 12:32:05.0;
20;11953.8;2019-04-11 12:32:16.0;
20;11954;2019-04-11 12:32:29.0;
20;11954.3;2019-04-11 12:32:35.0;
20;11954;2019-04-11 12:32:36.0;
20;11954.2;2019-04-11 12:32:40.0;
20;11953.5;2019-04-11 12:32:45.0;
20;11953.3;2019-04-11 12:33:02.0;
20;11954.3;2019-04-11 12:33:20.0;
20;11954.2;2019-04-11 12:33:33.0;
20;11953.8;2019-04-11 12:33:48.0;
20;11952.8;2019-04-11 12:34:03.0;
20;11953.8;2019-04-11 12:34:05.0;
20;11952.8;2019-04-11 12:34:06.0;
20;11953;2019-04-11 12:34:09.0;
20;11952.8;2019-04-11 12:34:10.0;
20;11953;2019-04-11 12:34:11.0;
20;11952.5;2019-04-11 12:34:14.0;
20;11953.2;2019-04-11 12:34:21.0;
20;11953;2019-04-11 12:34:24.0;
20;11952.8;2019-04-11 12:34:31.0;
20;11953.2;2019-04-11 12:34:41.0;
20;11953.3;2019-04-11 12:34:45.0;
20;11953.5;2019-04-11 12:34:49.0;
20;11953.2;2019-04-11 12:34:55.0;
20;11953;2019-04-11 12:34:58.0;
20;11953.2;2019-04-11 12:34:59.0;
20;11953;2019-04-11 12:35:01.0;
20;11953.3;2019-04-11 12:35:02.0;
20;11953;2019-04-11 12:35:09.0;
20;11952.2;2019-04-11 12:35:13.0;
20;11952;2019-04-11 12:35:18.0;
20;11950.8;2019-04-11 12:35:19.0;
20;11951.3;2019-04-11 12:35:25.0;
20;11951.8;2019-04-11 12:35:33.0;
20;11952;2019-04-11 12:35:36.0;
20;11951.5;2019-04-11 12:35:39.0;
20;11951.8;2019-04-11 12:35:46.0;
20;11950.3;2019-04-11 12:36:03.0;
20;11949.5;2019-04-11 12:36:08.0;
20;11950.3;2019-04-11 12:36:10.0;
20;11949.5;2019-04-11 12:36:12.0;
20;11949.3;2019-04-11 12:36:22.0;
20;11949.5;2019-04-11 12:36:24.0;
20;11949.3;2019-04-11 12:36:25.0;
20;11949.5;2019-04-11 12:36:26.0;
20;11949.3;2019-04-11 12:36:28.0;
20;11948.8;2019-04-11 12:36:30.0;
20;11949.8;2019-04-11 12:36:34.0;
20;11950;2019-04-11 12:36:37.0;
20;11949.8;2019-04-11 12:36:39.0;
20;11950;2019-04-11 12:36:40.0;
20;11949.8;2019-04-11 12:36:45.0;
20;11950;2019-04-11 12:36:53.0;
20;11949.8;2019-04-11 12:36:56.0;
20;11948.8;2019-04-11 12:37:03.0;
20;11949.2;2019-04-11 12:37:04.0;
20;11949;2019-04-11 12:37:07.0;
20;11948.8;2019-04-11 12:37:14.0;
20;11948.3;2019-04-11 12:37:18.0;
20;11947.5;2019-04-11 12:37:19.0;
20;11944.8;2019-04-11 12:37:25.0;
20;11945.5;2019-04-11 12:37:30.0;
20;11945.2;2019-04-11 12:37:38.0;
20;11945.5;2019-04-11 12:37:41.0;
20;11945.8;2019-04-11 12:37:47.0;
20;11944.8;2019-04-11 12:38:04.0;
20;11944.3;2019-04-11 12:38:10.0;
20;11944.2;2019-04-11 12:38:11.0;
20;11944.5;2019-04-11 12:38:19.0;
20;11945.2;2019-04-11 12:38:24.0;
20;11945;2019-04-11 12:38:28.0;
20;11945.2;2019-04-11 12:38:29.0;
20;11945;2019-04-11 12:38:31.0;
20;11945.2;2019-04-11 12:38:32.0;
20;11946.8;2019-04-11 12:38:36.0;
20;11947.2;2019-04-11 12:38:42.0;
20;11947.8;2019-04-11 12:38:43.0;
20;11947.2;2019-04-11 12:38:45.0;
20;11947.8;2019-04-11 12:38:46.0;
20;11948.3;2019-04-11 12:38:58.0;
20;11948;2019-04-11 12:39:00.0;
20;11948.3;2019-04-11 12:39:03.0;
20;11948;2019-04-11 12:39:04.0;
20;11948.2;2019-04-11 12:39:05.0;
20;11948;2019-04-11 12:39:07.0;
20;11947.8;2019-04-11 12:39:13.0;
20;11948.5;2019-04-11 12:39:17.0;
20;11947.8;2019-04-11 12:39:24.0;
20;11948.2;2019-04-11 12:39:28.0;
20;11947.8;2019-04-11 12:39:38.0;
20;11948.3;2019-04-11 12:39:40.0;
20;11948.5;2019-04-11 12:39:45.0;
20;11950.5;2019-04-11 12:39:50.0;
20;11951;2019-04-11 12:40:06.0;
20;11950.5;2019-04-11 12:40:07.0;
20;11951;2019-04-11 12:40:10.0;
20;11950.5;2019-04-11 12:40:12.0;
20;11951;2019-04-11 12:40:13.0;
20;11950.2;2019-04-11 12:40:15.0;
20;11950.5;2019-04-11 12:40:21.0;
20;11950.8;2019-04-11 12:40:28.0;
20;11951.3;2019-04-11 12:40:35.0;
20;11950;2019-04-11 12:40:42.0;
20;11950.3;2019-04-11 12:40:44.0;
20;11950;2019-04-11 12:40:45.0;
20;11950.3;2019-04-11 12:40:47.0;
20;11949.8;2019-04-11 12:40:50.0;
20;11949.5;2019-04-11 12:40:53.0;
20;11949.3;2019-04-11 12:40:58.0;
20;11950;2019-04-11 12:41:03.0;
20;11949.8;2019-04-11 12:41:09.0;
20;11950;2019-04-11 12:41:15.0;
20;11949.8;2019-04-11 12:41:32.0;
20;11950;2019-04-11 12:41:33.0;
20;11949.8;2019-04-11 12:41:34.0;
20;11950.5;2019-04-11 12:41:42.0;
20;11950.8;2019-04-11 12:41:47.0;
20;11950;2019-04-11 12:42:06.0;
20;11950.2;2019-04-11 12:42:11.0;
20;11950.8;2019-04-11 12:42:18.0;
20;11951;2019-04-11 12:42:30.0;
20;11950.8;2019-04-11 12:42:32.0;
20;11951.5;2019-04-11 12:42:34.0;
20;11951;2019-04-11 12:42:37.0;
20;11951.5;2019-04-11 12:42:39.0;
20;11951.3;2019-04-11 12:42:47.0;
20;11951.5;2019-04-11 12:42:49.0;
20;11951.3;2019-04-11 12:42:50.0;
20;11950.8;2019-04-11 12:42:54.0;
20;11950.2;2019-04-11 12:43:00.0;
20;11950.8;2019-04-11 12:43:05.0;
20;11951.2;2019-04-11 12:43:11.0;
20;11951.3;2019-04-11 12:43:16.0;
20;11951;2019-04-11 12:43:22.0;
20;11950;2019-04-11 12:43:24.0;
20;11951;2019-04-11 12:43:26.0;
20;11950.2;2019-04-11 12:43:27.0;
20;11951.5;2019-04-11 12:43:35.0;
20;11951.3;2019-04-11 12:43:40.0;
20;11951.5;2019-04-11 12:43:41.0;
20;11951.3;2019-04-11 12:43:42.0;
20;11950.3;2019-04-11 12:43:44.0;
20;11950;2019-04-11 12:43:49.0;
20;11951.5;2019-04-11 12:44:04.0;
20;11950;2019-04-11 12:44:05.0;
20;11951.5;2019-04-11 12:44:06.0;
20;11950.8;2019-04-11 12:44:09.0;
20;11951;2019-04-11 12:44:25.0;
20;11951.3;2019-04-11 12:44:34.0;
20;11953.5;2019-04-11 12:44:36.0;
20;11951.3;2019-04-11 12:44:38.0;
20;11953.5;2019-04-11 12:44:39.0;
20;11953.3;2019-04-11 12:44:42.0;
20;11953.5;2019-04-11 12:44:48.0;
20;11952.5;2019-04-11 12:44:56.0;
20;11952.8;2019-04-11 12:45:00.0;
20;11953.3;2019-04-11 12:45:06.0;
20;11954;2019-04-11 12:45:08.0;
20;11953.8;2019-04-11 12:45:12.0;
20;11954.3;2019-04-11 12:45:16.0;
20;11953.3;2019-04-11 12:45:22.0;
20;11953.8;2019-04-11 12:45:27.0;
20;11954.2;2019-04-11 12:45:28.0;
20;11953.8;2019-04-11 12:45:29.0;
20;11954.2;2019-04-11 12:45:30.0;
20;11953.8;2019-04-11 12:45:42.0;
20;11961.8;2019-04-11 12:45:46.0;
20;11965.8;2019-04-11 12:45:48.0;
20;11961.5;2019-04-11 12:46:04.0;
20;11960.8;2019-04-11 12:46:08.0;
20;11961.3;2019-04-11 12:46:14.0;
20;11960.2;2019-04-11 12:46:18.0;
20;11959.8;2019-04-11 12:46:20.0;
20;11960.2;2019-04-11 12:46:21.0;
20;11959.8;2019-04-11 12:46:22.0;
20;11960.2;2019-04-11 12:46:24.0;
20;11962;2019-04-11 12:46:31.0;
20;11964.5;2019-04-11 12:46:35.0;
20;11964.3;2019-04-11 12:46:38.0;
20;11964.5;2019-04-11 12:46:40.0;
20;11963;2019-04-11 12:46:41.0;
20;11962;2019-04-11 12:46:45.0;
20;11961.2;2019-04-11 12:46:50.0;
20;11962.2;2019-04-11 12:46:51.0;
20;11963;2019-04-11 12:46:57.0;
20;11963.5;2019-04-11 12:47:08.0;
20;11963.8;2019-04-11 12:47:11.0;
20;11963.5;2019-04-11 12:47:12.0;
20;11964.5;2019-04-11 12:47:13.0;
20;11964.2;2019-04-11 12:47:18.0;
20;11964.3;2019-04-11 12:47:20.0;
20;11964.2;2019-04-11 12:47:21.0;
20;11964.5;2019-04-11 12:47:24.0;
20;11965.8;2019-04-11 12:47:30.0;
20;11966;2019-04-11 12:47:33.0;
20;11965.5;2019-04-11 12:47:38.0;
20;11966.3;2019-04-11 12:47:52.0;
20;11966;2019-04-11 12:48:07.0;
20;11966.5;2019-04-11 12:48:12.0;
20;11967;2019-04-11 12:48:18.0;
20;11967.3;2019-04-11 12:48:21.0;
20;11967.5;2019-04-11 12:48:24.0;
20;11967.3;2019-04-11 12:48:27.0;
20;11967.5;2019-04-11 12:48:34.0;
20;11968;2019-04-11 12:48:42.0;
20;11966.5;2019-04-11 12:48:47.0;
20;11968;2019-04-11 12:48:49.0;
20;11966.5;2019-04-11 12:48:50.0;
20;11966.3;2019-04-11 12:48:53.0;
20;11966.2;2019-04-11 12:48:57.0;
20;11966;2019-04-11 12:49:02.0;
20;11965.8;2019-04-11 12:49:07.0;
20;11965.5;2019-04-11 12:49:13.0;
20;11966.5;2019-04-11 12:49:19.0;
20;11966.2;2019-04-11 12:49:21.0;
20;11966.5;2019-04-11 12:49:24.0;
20;11965.8;2019-04-11 12:49:30.0;
20;11965.5;2019-04-11 12:49:33.0;
20;11962.8;2019-04-11 12:49:37.0;
20;11963.3;2019-04-11 12:49:40.0;
20;11963.5;2019-04-11 12:49:46.0;
20;11964.2;2019-04-11 12:49:51.0;
20;11966.5;2019-04-11 12:50:05.0;
20;11967.2;2019-04-11 12:50:07.0;
20;11967.5;2019-04-11 12:50:13.0;
20;11968.2;2019-04-11 12:50:18.0;
20;11969;2019-04-11 12:50:21.0;
20;11968.5;2019-04-11 12:50:25.0;
20;11968.8;2019-04-11 12:50:32.0;
20;11968.2;2019-04-11 12:50:36.0;
20;11967.8;2019-04-11 12:50:41.0;
20;11968.5;2019-04-11 12:50:45.0;
20;11967.8;2019-04-11 12:50:46.0;
20;11968.3;2019-04-11 12:50:48.0;
20;11968.5;2019-04-11 12:50:51.0;
20;11968.3;2019-04-11 12:50:52.0;
20;11968.5;2019-04-11 12:50:55.0;
20;11976.5;2019-04-11 12:50:59.0;
20;11969;2019-04-11 12:51:01.0;
20;11976.5;2019-04-11 12:51:02.0;
20;11975.8;2019-04-11 12:51:05.0;
20;11974.3;2019-04-11 12:51:07.0;
20;11975.8;2019-04-11 12:51:08.0;
20;11974.3;2019-04-11 12:51:09.0;
20;11974;2019-04-11 12:51:12.0;
20;11975.3;2019-04-11 12:51:18.0;
20;11976;2019-04-11 12:51:24.0;
20;11975.8;2019-04-11 12:51:25.0;
20;11976.2;2019-04-11 12:51:28.0;
20;11976.3;2019-04-11 12:51:34.0;
20;11975.8;2019-04-11 12:51:39.0;
20;11976;2019-04-11 12:51:41.0;
20;11975.8;2019-04-11 12:51:42.0;
20;11977.2;2019-04-11 12:51:45.0;
20;11977.3;2019-04-11 12:51:50.0;
20;11973.5;2019-04-11 12:52:05.0;
20;11974.2;2019-04-11 12:52:09.0;
20;11975;2019-04-11 12:52:13.0;
20;11975.8;2019-04-11 12:52:17.0;
20;11976.5;2019-04-11 12:52:25.0;
20;11975.8;2019-04-11 12:52:26.0;
20;11976.5;2019-04-11 12:52:28.0;
20;11976.8;2019-04-11 12:52:31.0;
20;11976.5;2019-04-11 12:52:35.0;
20;11976;2019-04-11 12:52:39.0;
20;11975.8;2019-04-11 12:52:44.0;
20;11975.5;2019-04-11 12:52:49.0;
20;11974.3;2019-04-11 12:52:56.0;
20;11973.8;2019-04-11 12:52:59.0;
20;11973.5;2019-04-11 12:53:05.0;
20;11973.8;2019-04-11 12:53:07.0;
20;11973.5;2019-04-11 12:53:08.0;
20;11973.8;2019-04-11 12:53:10.0;
20;11975.2;2019-04-11 12:53:13.0;
20;11973.8;2019-04-11 12:53:14.0;
20;11975.3;2019-04-11 12:53:15.0;
20;11975.2;2019-04-11 12:53:17.0;
20;11975.3;2019-04-11 12:53:18.0;
20;11975.8;2019-04-11 12:53:22.0;
20;11976.2;2019-04-11 12:53:23.0;
20;11975.8;2019-04-11 12:53:26.0;
20;11975.5;2019-04-11 12:53:28.0;
20;11976.2;2019-04-11 12:53:29.0;
20;11975.5;2019-04-11 12:53:31.0;
20;11975.2;2019-04-11 12:53:35.0;
20;11975.5;2019-04-11 12:53:40.0;
20;11975.8;2019-04-11 12:53:46.0;
20;11975;2019-04-11 12:53:49.0;
20;11975.3;2019-04-11 12:54:04.0;
20;11975.5;2019-04-11 12:54:08.0;
20;11976.2;2019-04-11 12:54:15.0;
20;11975;2019-04-11 12:54:16.0;
20;11976.2;2019-04-11 12:54:18.0;
20;11976.5;2019-04-11 12:54:22.0;
20;11977;2019-04-11 12:54:23.0;
20;11976.5;2019-04-11 12:54:25.0;
20;11977;2019-04-11 12:54:26.0;
20;11977.5;2019-04-11 12:54:29.0;
20;11976.5;2019-04-11 12:54:35.0;
20;11977.3;2019-04-11 12:54:36.0;
20;11977.8;2019-04-11 12:54:40.0;
20;11977.3;2019-04-11 12:54:42.0;
20;11977.8;2019-04-11 12:54:43.0;
20;11979.5;2019-04-11 12:54:44.0;
20;11979.3;2019-04-11 12:54:48.0;
20;11990;2019-04-11 12:54:52.0;
20;11990.8;2019-04-11 12:54:57.0;
20;11989.3;2019-04-11 12:54:59.0;
20;11987.3;2019-04-11 12:55:04.0;
20;11982.8;2019-04-11 12:55:07.0;
20;11983.5;2019-04-11 12:55:12.0;
20;11986;2019-04-11 12:55:16.0;
20;11985.3;2019-04-11 12:55:20.0;
20;11985;2019-04-11 12:55:28.0;
20;11983.2;2019-04-11 12:55:37.0;
20;11983.5;2019-04-11 12:55:42.0;
20;11982.8;2019-04-11 12:55:52.0;
20;11984;2019-04-11 12:56:03.0;
20;11984.8;2019-04-11 12:56:08.0;
20;11984.2;2019-04-11 12:56:12.0;
20;11984.8;2019-04-11 12:56:13.0;
20;11984.2;2019-04-11 12:56:15.0;
20;11984;2019-04-11 12:56:18.0;
20;11983.3;2019-04-11 12:56:24.0;
20;11982.8;2019-04-11 12:56:29.0;
20;11982.5;2019-04-11 12:56:33.0;
20;11982.8;2019-04-11 12:56:36.0;
20;11982.5;2019-04-11 12:56:40.0;
20;11982.3;2019-04-11 12:56:46.0;
20;11982.2;2019-04-11 12:56:50.0;
20;11982;2019-04-11 12:56:52.0;
20;11981.8;2019-04-11 12:56:58.0;
20;11980.8;2019-04-11 12:57:03.0;
20;11981.5;2019-04-11 12:57:09.0;
20;11982.8;2019-04-11 12:57:10.0;
20;11983.3;2019-04-11 12:57:16.0;
20;11983;2019-04-11 12:57:19.0;
20;11982.8;2019-04-11 12:57:24.0;
20;11983.8;2019-04-11 12:57:36.0;
20;11984.3;2019-04-11 12:57:42.0;
20;11984.8;2019-04-11 12:57:47.0;
20;11987.3;2019-04-11 12:58:04.0;
20;11988;2019-04-11 12:58:12.0;
20;11987.3;2019-04-11 12:58:13.0;
20;11988;2019-04-11 12:58:14.0;
20;11990;2019-04-11 12:58:16.0;
20;11988;2019-04-11 12:58:17.0;
20;11989.3;2019-04-11 12:58:18.0;
20;11989;2019-04-11 12:58:25.0;
20;11989.8;2019-04-11 12:58:31.0;
20;11988.5;2019-04-11 12:58:34.0;
20;11987.5;2019-04-11 12:58:35.0;
20;11987.2;2019-04-11 12:58:41.0;
20;11988.2;2019-04-11 12:58:42.0;
20;11988.8;2019-04-11 12:58:46.0;
20;11988.2;2019-04-11 12:58:49.0;
20;11989;2019-04-11 12:58:50.0;
20;11988.8;2019-04-11 12:58:53.0;
20;11988.5;2019-04-11 12:58:55.0;
20;11988;2019-04-11 12:58:58.0;
20;11988.5;2019-04-11 12:58:59.0;
20;11988;2019-04-11 12:59:00.0;
20;11989.2;2019-04-11 12:59:03.0;
20;11987.8;2019-04-11 12:59:07.0;
20;11987;2019-04-11 12:59:10.0;
20;11986.2;2019-04-11 12:59:19.0;
20;11986.8;2019-04-11 12:59:24.0;
20;11986;2019-04-11 12:59:30.0;
20;11985.8;2019-04-11 12:59:31.0;
20;11985.3;2019-04-11 12:59:37.0;
20;11985.5;2019-04-11 12:59:42.0;
20;11985.8;2019-04-11 12:59:43.0;
20;11986.2;2019-04-11 13:00:04.0;
20;11985.8;2019-04-11 13:00:05.0;
20;11985.5;2019-04-11 13:00:07.0;
20;11986.2;2019-04-11 13:00:08.0;
20;11985.5;2019-04-11 13:00:10.0;
20;11984.5;2019-04-11 13:00:15.0;
20;11984.8;2019-04-11 13:00:19.0;
20;11984;2019-04-11 13:00:24.0;
20;11983.2;2019-04-11 13:00:33.0;
20;11984;2019-04-11 13:00:34.0;
20;11983.2;2019-04-11 13:00:36.0;
20;11983.3;2019-04-11 13:00:39.0;
20;11983.5;2019-04-11 13:00:40.0;
20;11984.3;2019-04-11 13:00:47.0;
20;11983;2019-04-11 13:00:51.0;
20;11982.8;2019-04-11 13:00:55.0;
20;11983.3;2019-04-11 13:01:01.0;
20;11983;2019-04-11 13:01:06.0;
20;11982.8;2019-04-11 13:01:11.0;
20;11982.3;2019-04-11 13:01:16.0;
20;11982.8;2019-04-11 13:01:23.0;
20;11983.8;2019-04-11 13:01:27.0;
20;11983.2;2019-04-11 13:01:33.0;
20;11983;2019-04-11 13:01:38.0;
20;11983.3;2019-04-11 13:01:44.0;
20;11983.8;2019-04-11 13:01:49.0;
20;11983.2;2019-04-11 13:02:04.0;
20;11984.2;2019-04-11 13:02:13.0;
20;11984.5;2019-04-11 13:02:19.0;
20;11984;2019-04-11 13:02:25.0;
20;11983.8;2019-04-11 13:02:29.0;
20;11983;2019-04-11 13:02:32.0;
20;11982.2;2019-04-11 13:02:39.0;
20;11980.5;2019-04-11 13:02:52.0;
20;11982.2;2019-04-11 13:02:54.0;
20;11980.5;2019-04-11 13:02:55.0;
20;11980.8;2019-04-11 13:02:56.0;
20;11979.8;2019-04-11 13:03:00.0;
20;11982;2019-04-11 13:03:05.0;
20;11981.8;2019-04-11 13:03:11.0;
20;11981;2019-04-11 13:03:14.0;
20;11981.5;2019-04-11 13:03:15.0;
20;11981;2019-04-11 13:03:17.0;
20;11982.3;2019-04-11 13:03:20.0;
20;11982.5;2019-04-11 13:03:24.0;
20;11983.2;2019-04-11 13:03:30.0;
20;11982.5;2019-04-11 13:03:37.0;
20;11982.2;2019-04-11 13:03:50.0;
20;11982.3;2019-04-11 13:04:02.0;
20;11982.8;2019-04-11 13:04:11.0;
20;11982.3;2019-04-11 13:04:13.0;
20;11984;2019-04-11 13:04:14.0;
20;11984.5;2019-04-11 13:04:20.0;
20;11983.5;2019-04-11 13:04:27.0;
20;11983.8;2019-04-11 13:04:28.0;
20;11983.5;2019-04-11 13:04:29.0;
20;11982.5;2019-04-11 13:04:35.0;
20;11984.5;2019-04-11 13:04:39.0;
20;11984.8;2019-04-11 13:04:42.0;
20;11984;2019-04-11 13:04:46.0;
20;11984.3;2019-04-11 13:04:54.0;
20;11984;2019-04-11 13:05:03.0;
20;11984.2;2019-04-11 13:05:08.0;
20;11984.3;2019-04-11 13:05:11.0;
20;11983.8;2019-04-11 13:05:19.0;
20;11984.3;2019-04-11 13:05:21.0;
20;11983.8;2019-04-11 13:05:22.0;
20;11983.5;2019-04-11 13:05:26.0;
20;11983.3;2019-04-11 13:05:31.0;
20;11983.5;2019-04-11 13:05:32.0;
20;11983.3;2019-04-11 13:05:33.0;
20;11983.2;2019-04-11 13:05:36.0;
20;11984;2019-04-11 13:05:42.0;
20;11983.2;2019-04-11 13:05:46.0;
20;11985.2;2019-04-11 13:05:49.0;
20;11987.5;2019-04-11 13:06:05.0;
20;11987.2;2019-04-11 13:06:10.0;
20;11987.5;2019-04-11 13:06:14.0;
20;11987.2;2019-04-11 13:06:17.0;
20;11987.8;2019-04-11 13:06:23.0;
20;11987.5;2019-04-11 13:06:25.0;
20;11987.2;2019-04-11 13:06:29.0;
20;11987.5;2019-04-11 13:06:34.0;
20;11987;2019-04-11 13:06:39.0;
20;11987.2;2019-04-11 13:06:45.0;
20;11988.2;2019-04-11 13:06:48.0;
20;11989.8;2019-04-11 13:06:57.0;
20;11988.5;2019-04-11 13:07:01.0;
20;11989;2019-04-11 13:07:06.0;
20;11988.5;2019-04-11 13:07:09.0;
20;11988.3;2019-04-11 13:07:16.0;
20;11988.5;2019-04-11 13:07:20.0;
20;11989;2019-04-11 13:07:31.0;
20;11989.5;2019-04-11 13:07:42.0;
20;11990.8;2019-04-11 13:07:48.0;
20;11990.5;2019-04-11 13:07:52.0;
20;11990.8;2019-04-11 13:08:04.0;
20;11990.5;2019-04-11 13:08:05.0;
20;11990.8;2019-04-11 13:08:06.0;
20;11991;2019-04-11 13:08:08.0;
20;11990.8;2019-04-11 13:08:12.0;
20;11989.8;2019-04-11 13:08:16.0;
20;11990.3;2019-04-11 13:08:19.0;
20;11989.8;2019-04-11 13:08:24.0;
20;11989.5;2019-04-11 13:08:28.0;
20;11989.3;2019-04-11 13:08:33.0;
20;11987.8;2019-04-11 13:08:38.0;
20;11988.2;2019-04-11 13:08:42.0;
20;11987.8;2019-04-11 13:08:44.0;
20;11987.3;2019-04-11 13:08:48.0;
20;11986.3;2019-04-11 13:08:54.0;
20;11986.8;2019-04-11 13:08:55.0;
20;11986.3;2019-04-11 13:08:57.0;
20;11986.8;2019-04-11 13:08:58.0;
20;11986.5;2019-04-11 13:09:02.0;
20;11986.2;2019-04-11 13:09:05.0;
20;11986.3;2019-04-11 13:09:09.0;
20;11985.8;2019-04-11 13:09:13.0;
20;11986.8;2019-04-11 13:09:14.0;
20;11985.8;2019-04-11 13:09:16.0;
20;11986.8;2019-04-11 13:09:17.0;
20;11986.2;2019-04-11 13:09:19.0;
20;11986.8;2019-04-11 13:09:20.0;
20;11986.2;2019-04-11 13:09:23.0;
20;11986.5;2019-04-11 13:09:28.0;
20;11987;2019-04-11 13:09:32.0;
20;11987.5;2019-04-11 13:09:35.0;
20;11987.2;2019-04-11 13:09:41.0;
20;11986.8;2019-04-11 13:09:45.0;
20;11987.3;2019-04-11 13:09:52.0;
20;11986.5;2019-04-11 13:10:03.0;
20;11986.2;2019-04-11 13:10:08.0;
20;11986.3;2019-04-11 13:10:13.0;
20;11985.5;2019-04-11 13:10:18.0;
20;11985.3;2019-04-11 13:10:20.0;
20;11985;2019-04-11 13:10:24.0;
20;11984.8;2019-04-11 13:10:28.0;
20;11985;2019-04-11 13:10:34.0;
20;11985.5;2019-04-11 13:10:36.0;
20;11984.8;2019-04-11 13:10:42.0;
20;11985.5;2019-04-11 13:10:45.0;
20;11984.2;2019-04-11 13:10:51.0;
20;11983.8;2019-04-11 13:10:57.0;
20;11983.5;2019-04-11 13:11:01.0;
20;11982.8;2019-04-11 13:11:07.0;
20;11983.5;2019-04-11 13:11:10.0;
20;11982.8;2019-04-11 13:11:11.0;
20;11982.3;2019-04-11 13:11:28.0;
20;11982.8;2019-04-11 13:11:32.0;
20;11981.8;2019-04-11 13:11:38.0;
20;11980.8;2019-04-11 13:11:39.0;
20;11981.8;2019-04-11 13:11:41.0;
20;11980.8;2019-04-11 13:11:42.0;
20;11980.5;2019-04-11 13:11:44.0;
20;11980;2019-04-11 13:12:05.0;
20;11980.2;2019-04-11 13:12:08.0;
20;11980;2019-04-11 13:12:09.0;
20;11980.2;2019-04-11 13:12:10.0;
20;11981;2019-04-11 13:12:13.0;
20;11980.3;2019-04-11 13:12:18.0;
20;11980.5;2019-04-11 13:12:19.0;
20;11980.8;2019-04-11 13:12:26.0;
20;11981.2;2019-04-11 13:12:30.0;
20;11983.8;2019-04-11 13:12:35.0;
20;11984.3;2019-04-11 13:12:41.0;
20;11984;2019-04-11 13:12:45.0;
20;11983.2;2019-04-11 13:12:48.0;
20;11983.8;2019-04-11 13:12:51.0;
20;11983.2;2019-04-11 13:12:52.0;
20;11983.8;2019-04-11 13:12:53.0;
20;11983.5;2019-04-11 13:12:59.0;
20;11982.8;2019-04-11 13:13:05.0;
20;11983.5;2019-04-11 13:13:08.0;
20;11983.3;2019-04-11 13:13:11.0;
20;11983.5;2019-04-11 13:13:18.0;
20;11982;2019-04-11 13:13:28.0;
20;11978.5;2019-04-11 13:13:37.0;
20;11979.2;2019-04-11 13:13:41.0;
20;11979;2019-04-11 13:13:44.0;
20;11976.8;2019-04-11 13:14:04.0;
20;11977.3;2019-04-11 13:14:09.0;
20;11977.8;2019-04-11 13:14:14.0;
20;11975.8;2019-04-11 13:14:16.0;
20;11977.2;2019-04-11 13:14:23.0;
20;11977.8;2019-04-11 13:14:28.0;
20;11977.5;2019-04-11 13:14:40.0;
20;11978;2019-04-11 13:14:44.0;
20;11978.2;2019-04-11 13:14:49.0;
20;11976.8;2019-04-11 13:14:54.0;
20;11976.5;2019-04-11 13:15:02.0;
20;11977.2;2019-04-11 13:15:07.0;
20;11977.5;2019-04-11 13:15:12.0;
20;11978;2019-04-11 13:15:29.0;
20;11977.5;2019-04-11 13:15:34.0;
20;11978;2019-04-11 13:15:37.0;
20;11978.5;2019-04-11 13:15:42.0;
20;11978.2;2019-04-11 13:15:45.0;
20;11978.5;2019-04-11 13:15:49.0;
20;11976.8;2019-04-11 13:16:03.0;
20;11975.8;2019-04-11 13:16:11.0;
20;11975.2;2019-04-11 13:16:20.0;
20;11975.5;2019-04-11 13:16:21.0;
20;11976;2019-04-11 13:16:25.0;
20;11976.5;2019-04-11 13:16:33.0;
20;11976.8;2019-04-11 13:16:40.0;
20;11976.5;2019-04-11 13:16:46.0;
20;11976.8;2019-04-11 13:16:51.0;
20;11977.3;2019-04-11 13:16:55.0;
20;11977.2;2019-04-11 13:16:59.0;
20;11976.5;2019-04-11 13:17:09.0;
20;11977.2;2019-04-11 13:17:10.0;
20;11976.5;2019-04-11 13:17:12.0;
20;11976.8;2019-04-11 13:17:13.0;
20;11977;2019-04-11 13:17:19.0;
20;11978.3;2019-04-11 13:17:31.0;
20;11978.8;2019-04-11 13:17:36.0;
20;11979.5;2019-04-11 13:17:43.0;
20;11979;2019-04-11 13:17:48.0;
20;11979.2;2019-04-11 13:17:49.0;
20;11979;2019-04-11 13:17:51.0;
20;11979.8;2019-04-11 13:18:11.0;
20;11979.3;2019-04-11 13:18:16.0;
20;11979.8;2019-04-11 13:18:19.0;
20;11980;2019-04-11 13:18:22.0;
20;11979.8;2019-04-11 13:18:24.0;
20;11980;2019-04-11 13:18:25.0;
20;11979.5;2019-04-11 13:18:29.0;
20;11979.3;2019-04-11 13:18:35.0;
20;11979.2;2019-04-11 13:18:41.0;
20;11979.5;2019-04-11 13:18:45.0;
20;11979.8;2019-04-11 13:18:55.0;
20;11978.2;2019-04-11 13:18:59.0;
20;11978.5;2019-04-11 13:19:06.0;
20;11977.2;2019-04-11 13:19:13.0;
20;11977.8;2019-04-11 13:19:18.0;
20;11976.8;2019-04-11 13:19:19.0;
20;11977.8;2019-04-11 13:19:22.0;
20;11976.8;2019-04-11 13:19:23.0;
20;11978.8;2019-04-11 13:19:35.0;
20;11979;2019-04-11 13:19:39.0;
20;11977.8;2019-04-11 13:19:43.0;
20;11978.8;2019-04-11 13:19:50.0;
20;11977.5;2019-04-11 13:20:06.0;
20;11977.8;2019-04-11 13:20:12.0;
20;11977.5;2019-04-11 13:20:13.0;
20;11977.8;2019-04-11 13:20:15.0;
20;11977.2;2019-04-11 13:20:28.0;
20;11977;2019-04-11 13:20:33.0;
20;11976.5;2019-04-11 13:20:40.0;
20;11976.3;2019-04-11 13:20:50.0;
20;11976.5;2019-04-11 13:20:54.0;
20;11976.3;2019-04-11 13:21:02.0;
20;11974.8;2019-04-11 13:21:07.0;
20;11974.5;2019-04-11 13:21:08.0;
20;11975.5;2019-04-11 13:21:13.0;
20;11975;2019-04-11 13:21:19.0;
20;11976.3;2019-04-11 13:21:24.0;
20;11976.2;2019-04-11 13:21:38.0;
20;11975.8;2019-04-11 13:21:42.0;
20;11974.8;2019-04-11 13:21:44.0;
20;11975.8;2019-04-11 13:21:45.0;
20;11974.8;2019-04-11 13:21:47.0;
20;11974.2;2019-04-11 13:21:49.0;
20;11973.3;2019-04-11 13:22:06.0;
20;11974;2019-04-11 13:22:10.0;
20;11973.8;2019-04-11 13:22:17.0;
20;11974;2019-04-11 13:22:18.0;
20;11974.3;2019-04-11 13:22:30.0;
20;11974.2;2019-04-11 13:22:34.0;
20;11974.8;2019-04-11 13:22:39.0;
20;11974.2;2019-04-11 13:22:40.0;
20;11974.8;2019-04-11 13:22:42.0;
20;11975.2;2019-04-11 13:22:45.0;
20;11975.5;2019-04-11 13:22:50.0;
20;11975;2019-04-11 13:22:53.0;
20;11975.5;2019-04-11 13:22:54.0;
20;11975;2019-04-11 13:22:56.0;
20;11975.8;2019-04-11 13:23:02.0;
20;11976.2;2019-04-11 13:23:04.0;
20;11975.8;2019-04-11 13:23:06.0;
20;11976.2;2019-04-11 13:23:07.0;
20;11978;2019-04-11 13:23:10.0;
20;11977.2;2019-04-11 13:23:21.0;
20;11977;2019-04-11 13:23:24.0;
20;11977.2;2019-04-11 13:23:38.0;
20;11978;2019-04-11 13:23:43.0;
20;11977.5;2019-04-11 13:24:04.0;
20;11978;2019-04-11 13:24:05.0;
20;11977.3;2019-04-11 13:24:07.0;
20;11978;2019-04-11 13:24:14.0;
20;11978.3;2019-04-11 13:24:20.0;
20;11978;2019-04-11 13:24:21.0;
20;11978.3;2019-04-11 13:24:22.0;
20;11977;2019-04-11 13:24:24.0;
20;11976.8;2019-04-11 13:24:35.0;
20;11977;2019-04-11 13:24:37.0;
20;11976.8;2019-04-11 13:24:38.0;
20;11977.2;2019-04-11 13:24:42.0;
20;11976.8;2019-04-11 13:24:48.0;
20;11976.2;2019-04-11 13:25:03.0;
20;11976;2019-04-11 13:25:04.0;
20;11976.2;2019-04-11 13:25:06.0;
20;11976;2019-04-11 13:25:07.0;
20;11976.8;2019-04-11 13:25:13.0;
20;11977.2;2019-04-11 13:25:20.0;
20;11974.8;2019-04-11 13:25:25.0;
20;11975.2;2019-04-11 13:25:32.0;
20;11975.5;2019-04-11 13:25:36.0;
20;11975;2019-04-11 13:25:41.0;
20;11975.5;2019-04-11 13:25:44.0;
20;11975.2;2019-04-11 13:26:05.0;
20;11975;2019-04-11 13:26:10.0;
20;11974.5;2019-04-11 13:26:14.0;
20;11974.8;2019-04-11 13:26:19.0;
20;11975;2019-04-11 13:26:26.0;
20;11974.5;2019-04-11 13:26:31.0;
20;11973.5;2019-04-11 13:26:39.0;
20;11973.2;2019-04-11 13:26:41.0;
20;11974.5;2019-04-11 13:26:47.0;
20;11975;2019-04-11 13:26:54.0;
20;11975.3;2019-04-11 13:26:57.0;
20;11974.5;2019-04-11 13:27:04.0;
20;11975.2;2019-04-11 13:27:11.0;
20;11976;2019-04-11 13:27:13.0;
20;11976.3;2019-04-11 13:27:18.0;
20;11976.8;2019-04-11 13:27:25.0;
20;11976.3;2019-04-11 13:27:31.0;
20;11975.2;2019-04-11 13:27:34.0;
20;11975.8;2019-04-11 13:27:35.0;
20;11975.2;2019-04-11 13:27:38.0;
20;11976;2019-04-11 13:27:39.0;
20;11976.3;2019-04-11 13:27:45.0;
20;11976.5;2019-04-11 13:27:51.0;
20;11980;2019-04-11 13:28:04.0;
20;11980.3;2019-04-11 13:28:07.0;
20;11980;2019-04-11 13:28:09.0;
20;11980.8;2019-04-11 13:28:10.0;
20;11979.8;2019-04-11 13:28:16.0;
20;11979.3;2019-04-11 13:28:20.0;
20;11980.3;2019-04-11 13:28:34.0;
20;11981.3;2019-04-11 13:28:37.0;
20;11980;2019-04-11 13:28:42.0;
20;11981;2019-04-11 13:28:57.0;
20;11980;2019-04-11 13:28:59.0;
20;11981;2019-04-11 13:29:00.0;
20;11980.5;2019-04-11 13:29:02.0;
20;11980;2019-04-11 13:29:03.0;
20;11980.5;2019-04-11 13:29:05.0;
20;11980.2;2019-04-11 13:29:08.0;
20;11980.5;2019-04-11 13:29:09.0;
20;11980.2;2019-04-11 13:29:10.0;
20;11981;2019-04-11 13:29:13.0;
20;11979.5;2019-04-11 13:29:20.0;
20;11979.2;2019-04-11 13:29:23.0;
20;11979.5;2019-04-11 13:29:28.0;
20;11978.8;2019-04-11 13:29:30.0;
20;11976.5;2019-04-11 13:29:38.0;
20;11976.2;2019-04-11 13:29:47.0;
20;11975.8;2019-04-11 13:30:04.0;
20;11975;2019-04-11 13:30:14.0;
20;11975.2;2019-04-11 13:30:24.0;
20;11975.5;2019-04-11 13:30:29.0;
20;11976.2;2019-04-11 13:30:41.0;
20;11976;2019-04-11 13:30:44.0;
20;11976.2;2019-04-11 13:30:45.0;
20;11976.5;2019-04-11 13:30:46.0;
20;11978;2019-04-11 13:30:52.0;
20;11978.3;2019-04-11 13:30:58.0;
20;11979.3;2019-04-11 13:31:04.0;
20;11978.8;2019-04-11 13:31:10.0;
20;11979;2019-04-11 13:31:14.0;
20;11978.8;2019-04-11 13:31:16.0;
20;11980.2;2019-04-11 13:31:20.0;
20;11979.8;2019-04-11 13:31:26.0;
20;11979.5;2019-04-11 13:31:36.0;
20;11979.8;2019-04-11 13:31:39.0;
20;11979.2;2019-04-11 13:31:41.0;
20;11979;2019-04-11 13:31:43.0;
20;11979.8;2019-04-11 13:31:48.0;
20;11979.5;2019-04-11 13:32:03.0;
20;11979.8;2019-04-11 13:32:04.0;
20;11979.5;2019-04-11 13:32:06.0;
20;11979.8;2019-04-11 13:32:10.0;
20;11979.5;2019-04-11 13:32:13.0;
20;11980.3;2019-04-11 13:32:19.0;
20;11980;2019-04-11 13:32:22.0;
20;11979.2;2019-04-11 13:32:26.0;
20;11980;2019-04-11 13:32:39.0;
20;11980.8;2019-04-11 13:32:47.0;
20;11980;2019-04-11 13:32:48.0;
20;11978.5;2019-04-11 13:32:51.0;
20;11975;2019-04-11 13:32:57.0;
20;11974.3;2019-04-11 13:33:02.0;
20;11974.5;2019-04-11 13:33:08.0;
20;11975;2019-04-11 13:33:15.0;
20;11973.5;2019-04-11 13:33:17.0;
20;11975;2019-04-11 13:33:18.0;
20;11973.8;2019-04-11 13:33:22.0;
20;11974.5;2019-04-11 13:33:25.0;
20;11975.3;2019-04-11 13:33:28.0;
20;11974.5;2019-04-11 13:33:29.0;
20;11975.3;2019-04-11 13:33:30.0;
20;11975.2;2019-04-11 13:33:33.0;
20;11974.8;2019-04-11 13:33:36.0;
20;11975.2;2019-04-11 13:33:38.0;
20;11974.8;2019-04-11 13:33:39.0;
20;11973.8;2019-04-11 13:33:42.0;
20;11974.3;2019-04-11 13:33:43.0;
20;11974.8;2019-04-11 13:33:49.0;
20;11973.3;2019-04-11 13:34:07.0;
20;11973.8;2019-04-11 13:34:10.0;
20;11974;2019-04-11 13:34:14.0;
20;11974.5;2019-04-11 13:34:19.0;
20;11974;2019-04-11 13:34:20.0;
20;11973.8;2019-04-11 13:34:26.0;
20;11974;2019-04-11 13:34:32.0;
20;11973.8;2019-04-11 13:34:33.0;
20;11974;2019-04-11 13:34:34.0;
20;11972.8;2019-04-11 13:34:37.0;
20;11971.8;2019-04-11 13:34:44.0;
20;11972.2;2019-04-11 13:34:49.0;
20;11972;2019-04-11 13:34:56.0;
20;11972.2;2019-04-11 13:34:57.0;
20;11970.2;2019-04-11 13:34:59.0;
20;11969.8;2019-04-11 13:35:09.0;
20;11969.2;2019-04-11 13:35:12.0;
20;11969.8;2019-04-11 13:35:13.0;
20;11968.5;2019-04-11 13:35:21.0;
20;11969.2;2019-04-11 13:35:23.0;
20;11968.5;2019-04-11 13:35:24.0;
20;11969.2;2019-04-11 13:35:27.0;
20;11969.5;2019-04-11 13:35:33.0;
20;11968.8;2019-04-11 13:35:40.0;
20;11968.5;2019-04-11 13:35:47.0;
20;11968.8;2019-04-11 13:35:50.0;
20;11968.5;2019-04-11 13:35:51.0;
20;11968.8;2019-04-11 13:36:06.0;
20;11969.2;2019-04-11 13:36:10.0;
20;11969.8;2019-04-11 13:36:17.0;
20;11969.5;2019-04-11 13:36:22.0;
20;11969;2019-04-11 13:36:24.0;
20;11969.5;2019-04-11 13:36:26.0;
20;11969.8;2019-04-11 13:36:27.0;
20;11969;2019-04-11 13:36:29.0;
20;11969.8;2019-04-11 13:36:30.0;
20;11970;2019-04-11 13:36:34.0;
20;11970.5;2019-04-11 13:36:39.0;
20;11970.8;2019-04-11 13:36:44.0;
20;11970.5;2019-04-11 13:36:46.0;
20;11972.3;2019-04-11 13:36:48.0;
20;11972.8;2019-04-11 13:36:51.0;
20;11973;2019-04-11 13:36:58.0;
20;11973.5;2019-04-11 13:37:03.0;
20;11973.3;2019-04-11 13:37:05.0;
20;11973.5;2019-04-11 13:37:07.0;
20;11973;2019-04-11 13:37:09.0;
20;11972.8;2019-04-11 13:37:12.0;
20;11973.2;2019-04-11 13:37:16.0;
20;11973.3;2019-04-11 13:37:23.0;
20;11973.2;2019-04-11 13:37:24.0;
20;11973.3;2019-04-11 13:37:27.0;
20;11972;2019-04-11 13:37:28.0;
20;11971.3;2019-04-11 13:37:31.0;
20;11972;2019-04-11 13:37:33.0;
20;11971.3;2019-04-11 13:37:34.0;
20;11971.8;2019-04-11 13:37:45.0;
20;11971.5;2019-04-11 13:37:51.0;
20;11972.5;2019-04-11 13:38:07.0;
20;11972;2019-04-11 13:38:08.0;
20;11971.5;2019-04-11 13:38:11.0;
20;11971.8;2019-04-11 13:38:17.0;
20;11971;2019-04-11 13:38:26.0;
20;11971.2;2019-04-11 13:38:29.0;
20;11970.8;2019-04-11 13:38:32.0;
20;11970.5;2019-04-11 13:38:40.0;
20;11971;2019-04-11 13:38:49.0;
20;11971.2;2019-04-11 13:38:54.0;
20;11971.8;2019-04-11 13:39:00.0;
20;11970.3;2019-04-11 13:39:03.0;
20;11971.8;2019-04-11 13:39:04.0;
20;11970.5;2019-04-11 13:39:07.0;
20;11970.8;2019-04-11 13:39:13.0;
20;11971.2;2019-04-11 13:39:17.0;
20;11970.8;2019-04-11 13:39:27.0;
20;11971.3;2019-04-11 13:39:28.0;
20;11971.5;2019-04-11 13:39:34.0;
20;11970.8;2019-04-11 13:39:40.0;
20;11968.8;2019-04-11 13:39:42.0;
20;11961.8;2019-04-11 13:39:45.0;
20;11959.8;2019-04-11 13:39:51.0;
20;11958.2;2019-04-11 13:40:04.0;
20;11959.5;2019-04-11 13:40:10.0;
20;11958;2019-04-11 13:40:15.0;
20;11957.5;2019-04-11 13:40:16.0;
20;11958;2019-04-11 13:40:21.0;
20;11957.5;2019-04-11 13:40:23.0;
20;11958.8;2019-04-11 13:40:24.0;
20;11959.2;2019-04-11 13:40:27.0;
20;11958.3;2019-04-11 13:40:31.0;
20;11958.8;2019-04-11 13:40:34.0;
20;11958.3;2019-04-11 13:40:36.0;
20;11958.8;2019-04-11 13:40:38.0;
20;11959.8;2019-04-11 13:40:40.0;
20;11957.3;2019-04-11 13:40:45.0;
20;11959.8;2019-04-11 13:40:49.0;
20;11960.2;2019-04-11 13:40:55.0;
20;11960;2019-04-11 13:41:02.0;
20;11959.8;2019-04-11 13:41:06.0;
20;11960.3;2019-04-11 13:41:08.0;
20;11960.2;2019-04-11 13:41:18.0;
20;11960.5;2019-04-11 13:41:20.0;
20;11960.3;2019-04-11 13:41:27.0;
20;11959.3;2019-04-11 13:41:29.0;
20;11960.5;2019-04-11 13:41:33.0;
20;11960.3;2019-04-11 13:41:38.0;
20;11959.5;2019-04-11 13:41:40.0;
20;11959.8;2019-04-11 13:41:44.0;
20;11959.5;2019-04-11 13:41:47.0;
20;11960;2019-04-11 13:41:48.0;
20;11961.8;2019-04-11 13:42:05.0;
20;11963.2;2019-04-11 13:42:12.0;
20;11963.8;2019-04-11 13:42:15.0;
20;11965;2019-04-11 13:42:18.0;
20;11963.8;2019-04-11 13:42:19.0;
20;11965;2019-04-11 13:42:20.0;
20;11963.8;2019-04-11 13:42:23.0;
20;11964.2;2019-04-11 13:42:40.0;
20;11964.5;2019-04-11 13:42:44.0;
20;11964.2;2019-04-11 13:42:50.0;
20;11964;2019-04-11 13:42:56.0;
20;11963.5;2019-04-11 13:43:02.0;
20;11963.2;2019-04-11 13:43:06.0;
20;11963.8;2019-04-11 13:43:15.0;
20;11964;2019-04-11 13:43:26.0;
20;11963.8;2019-04-11 13:43:29.0;
20;11963.2;2019-04-11 13:43:31.0;
20;11962.8;2019-04-11 13:43:37.0;
20;11961;2019-04-11 13:43:40.0;
20;11960.8;2019-04-11 13:43:45.0;
20;11961.5;2019-04-11 13:43:49.0;
20;11962;2019-04-11 13:44:06.0;
20;11961.5;2019-04-11 13:44:09.0;
20;11962;2019-04-11 13:44:11.0;
20;11961.5;2019-04-11 13:44:12.0;
20;11962;2019-04-11 13:44:19.0;
20;11961.5;2019-04-11 13:44:22.0;
20;11962;2019-04-11 13:44:23.0;
20;11962.3;2019-04-11 13:44:34.0;
20;11963.5;2019-04-11 13:44:36.0;
20;11962.3;2019-04-11 13:44:37.0;
20;11963.5;2019-04-11 13:44:40.0;
20;11963.2;2019-04-11 13:44:42.0;
20;11964.5;2019-04-11 13:44:47.0;
20;11964;2019-04-11 13:44:51.0;
20;11964.5;2019-04-11 13:44:53.0;
20;11964;2019-04-11 13:44:54.0;
20;11963.5;2019-04-11 13:44:56.0;
20;11964.8;2019-04-11 13:44:58.0;
20;11963.5;2019-04-11 13:45:00.0;
20;11964.8;2019-04-11 13:45:01.0;
20;11964;2019-04-11 13:45:12.0;
20;11964.3;2019-04-11 13:45:22.0;
20;11964.2;2019-04-11 13:45:25.0;
20;11965.8;2019-04-11 13:45:35.0;
20;11967;2019-04-11 13:45:38.0;
20;11966.8;2019-04-11 13:45:42.0;
20;11966.5;2019-04-11 13:45:43.0;
20;11965.5;2019-04-11 13:45:51.0;
20;11963.5;2019-04-11 13:46:04.0;
20;11964;2019-04-11 13:46:08.0;
20;11963.5;2019-04-11 13:46:09.0;
20;11964;2019-04-11 13:46:10.0;
20;11963.8;2019-04-11 13:46:13.0;
20;11963.5;2019-04-11 13:46:19.0;
20;11963.8;2019-04-11 13:46:24.0;
20;11963.5;2019-04-11 13:46:27.0;
20;11963.8;2019-04-11 13:46:28.0;
20;11963.5;2019-04-11 13:46:31.0;
20;11963;2019-04-11 13:46:34.0;
20;11963.3;2019-04-11 13:46:35.0;
20;11963;2019-04-11 13:46:37.0;
20;11963.3;2019-04-11 13:46:38.0;
20;11963.2;2019-04-11 13:46:41.0;
20;11963.8;2019-04-11 13:46:47.0;
20;11963.5;2019-04-11 13:46:56.0;
20;11962.8;2019-04-11 13:46:57.0;
20;11963;2019-04-11 13:47:00.0;
20;11962.8;2019-04-11 13:47:06.0;
20;11962.5;2019-04-11 13:47:07.0;
20;11963.5;2019-04-11 13:47:14.0;
20;11963.3;2019-04-11 13:47:21.0;
20;11962.8;2019-04-11 13:47:27.0;
20;11963.5;2019-04-11 13:47:32.0;
20;11963.2;2019-04-11 13:47:37.0;
20;11963.5;2019-04-11 13:47:43.0;
20;11964;2019-04-11 13:47:45.0;
20;11963.5;2019-04-11 13:47:49.0;
20;11965.5;2019-04-11 13:48:05.0;
20;11964.8;2019-04-11 13:48:16.0;
20;11965.5;2019-04-11 13:48:31.0;
20;11965;2019-04-11 13:48:36.0;
20;11964.8;2019-04-11 13:48:39.0;
20;11965;2019-04-11 13:48:40.0;
20;11964.8;2019-04-11 13:48:41.0;
20;11964.3;2019-04-11 13:48:46.0;
20;11964.5;2019-04-11 13:48:51.0;
20;11965;2019-04-11 13:48:57.0;
20;11965.5;2019-04-11 13:49:00.0;
20;11965.3;2019-04-11 13:49:07.0;
20;11965.8;2019-04-11 13:49:12.0;
20;11965.5;2019-04-11 13:49:16.0;
20;11966.5;2019-04-11 13:49:23.0;
20;11965.5;2019-04-11 13:49:25.0;
20;11966.5;2019-04-11 13:49:28.0;
20;11966.8;2019-04-11 13:49:40.0;
20;11966.5;2019-04-11 13:49:44.0;
20;11967;2019-04-11 13:49:49.0;
20;11970.5;2019-04-11 13:50:07.0;
20;11971.5;2019-04-11 13:50:18.0;
20;11970.5;2019-04-11 13:50:29.0;
20;11972;2019-04-11 13:50:33.0;
20;11972.3;2019-04-11 13:50:39.0;
20;11972.5;2019-04-11 13:50:40.0;
20;11971.8;2019-04-11 13:50:45.0;
20;11971;2019-04-11 13:50:55.0;
20;11971.3;2019-04-11 13:50:58.0;
20;11971.5;2019-04-11 13:50:59.0;
20;11971.3;2019-04-11 13:51:00.0;
20;11971.5;2019-04-11 13:51:02.0;
20;11970.5;2019-04-11 13:51:09.0;
20;11971;2019-04-11 13:51:28.0;
20;11968;2019-04-11 13:51:34.0;
20;11968.5;2019-04-11 13:51:45.0;
20;11968.2;2019-04-11 13:51:50.0;
20;11969.8;2019-04-11 13:52:06.0;
20;11969;2019-04-11 13:52:17.0;
20;11969.3;2019-04-11 13:52:21.0;
20;11969;2019-04-11 13:52:27.0;
20;11969.2;2019-04-11 13:52:28.0;
20;11969;2019-04-11 13:52:30.0;
20;11969.2;2019-04-11 13:52:31.0;
20;11969;2019-04-11 13:52:37.0;
20;11969.8;2019-04-11 13:52:39.0;
20;11969;2019-04-11 13:52:44.0;
20;11969.8;2019-04-11 13:52:45.0;
20;11969;2019-04-11 13:52:47.0;
20;11968.2;2019-04-11 13:52:55.0;
20;11968.5;2019-04-11 13:53:00.0;
20;11968.3;2019-04-11 13:53:05.0;
20;11968.5;2019-04-11 13:53:07.0;
20;11968.3;2019-04-11 13:53:08.0;
20;11968.5;2019-04-11 13:53:09.0;
20;11969.2;2019-04-11 13:53:16.0;
20;11969.8;2019-04-11 13:53:21.0;
20;11969.5;2019-04-11 13:53:24.0;
20;11968;2019-04-11 13:53:31.0;
20;11967.8;2019-04-11 13:53:41.0;
20;11967.3;2019-04-11 13:54:06.0;
20;11967.2;2019-04-11 13:54:13.0;
20;11966.8;2019-04-11 13:54:20.0;
20;11967.2;2019-04-11 13:54:21.0;
20;11966.5;2019-04-11 13:54:24.0;
20;11966.3;2019-04-11 13:54:31.0;
20;11964.5;2019-04-11 13:54:37.0;
20;11965.2;2019-04-11 13:54:43.0;
20;11964.5;2019-04-11 13:54:44.0;
20;11965.2;2019-04-11 13:54:46.0;
20;11965.5;2019-04-11 13:54:47.0;
20;11965.8;2019-04-11 13:54:54.0;
20;11966;2019-04-11 13:55:15.0;
20;11965.5;2019-04-11 13:55:19.0;
20;11966;2019-04-11 13:55:21.0;
20;11965.5;2019-04-11 13:55:24.0;
20;11965.8;2019-04-11 13:55:28.0;
20;11965.5;2019-04-11 13:55:29.0;
20;11966;2019-04-11 13:55:35.0;
20;11963.5;2019-04-11 13:55:47.0;
20;11962.5;2019-04-11 13:56:10.0;
20;11963.5;2019-04-11 13:56:11.0;
20;11962.5;2019-04-11 13:56:12.0;
20;11962.2;2019-04-11 13:56:19.0;
20;11963;2019-04-11 13:56:26.0;
20;11964;2019-04-11 13:56:31.0;
20;11963.5;2019-04-11 13:56:37.0;
20;11964.2;2019-04-11 13:56:43.0;
20;11963.8;2019-04-11 13:56:44.0;
20;11963.2;2019-04-11 13:56:47.0;
20;11963;2019-04-11 13:56:54.0;
20;11962.2;2019-04-11 13:56:59.0;
20;11962.5;2019-04-11 13:57:02.0;
20;11963.8;2019-04-11 13:57:05.0;
20;11962.8;2019-04-11 13:57:10.0;
20;11963.8;2019-04-11 13:57:21.0;
20;11964.3;2019-04-11 13:57:28.0;
20;11963.8;2019-04-11 13:57:30.0;
20;11964.5;2019-04-11 13:57:31.0;
20;11965;2019-04-11 13:57:48.0;
20;11963;2019-04-11 13:58:03.0;
20;11965;2019-04-11 13:58:05.0;
20;11963;2019-04-11 13:58:07.0;
20;11963.2;2019-04-11 13:58:09.0;
20;11964;2019-04-11 13:58:13.0;
20;11963.8;2019-04-11 13:58:23.0;
20;11964;2019-04-11 13:58:31.0;
20;11963.8;2019-04-11 13:58:33.0;
20;11964.2;2019-04-11 13:58:43.0;
20;11963.8;2019-04-11 13:58:44.0;
20;11964.2;2019-04-11 13:58:46.0;
20;11964.5;2019-04-11 13:58:48.0;
20;11963.2;2019-04-11 13:58:51.0;
20;11963.8;2019-04-11 13:58:57.0;
20;11962.5;2019-04-11 13:59:04.0;
20;11963.2;2019-04-11 13:59:11.0;
20;11962.5;2019-04-11 13:59:12.0;
20;11963.2;2019-04-11 13:59:14.0;
20;11965.3;2019-04-11 13:59:16.0;
20;11964.8;2019-04-11 13:59:19.0;
20;11965.3;2019-04-11 13:59:21.0;
20;11964.8;2019-04-11 13:59:22.0;
20;11965;2019-04-11 13:59:28.0;
20;11964.3;2019-04-11 13:59:29.0;
20;11965;2019-04-11 13:59:31.0;
20;11964.3;2019-04-11 13:59:34.0;
20;11964.5;2019-04-11 13:59:40.0;
20;11963.8;2019-04-11 14:00:04.0;
20;11964;2019-04-11 14:00:07.0;
20;11963.5;2019-04-11 14:00:14.0;
20;11963.8;2019-04-11 14:00:25.0;
20;11963.2;2019-04-11 14:00:33.0;
20;11963;2019-04-11 14:00:38.0;
20;11962.8;2019-04-11 14:00:40.0;
20;11963;2019-04-11 14:00:41.0;
20;11961.3;2019-04-11 14:00:45.0;
20;11961.5;2019-04-11 14:00:51.0;
20;11961.3;2019-04-11 14:00:52.0;
20;11961.5;2019-04-11 14:00:54.0;
20;11962;2019-04-11 14:00:58.0;
20;11961.8;2019-04-11 14:01:01.0;
20;11961.2;2019-04-11 14:01:08.0;
20;11961.8;2019-04-11 14:01:10.0;
20;11961.2;2019-04-11 14:01:11.0;
20;11961.8;2019-04-11 14:01:14.0;
20;11963;2019-04-11 14:01:18.0;
20;11962.8;2019-04-11 14:01:23.0;
20;11963.2;2019-04-11 14:01:26.0;
20;11963.5;2019-04-11 14:01:30.0;
20;11963.8;2019-04-11 14:01:31.0;
20;11964.3;2019-04-11 14:01:39.0;
20;11963.8;2019-04-11 14:01:43.0;
20;11964.3;2019-04-11 14:01:44.0;
20;11963.8;2019-04-11 14:01:46.0;
20;11965;2019-04-11 14:02:06.0;
20;11965.3;2019-04-11 14:02:09.0;
20;11965.8;2019-04-11 14:02:13.0;
20;11964.8;2019-04-11 14:02:19.0;
20;11965.5;2019-04-11 14:02:23.0;
20;11965.3;2019-04-11 14:02:29.0;
20;11964.5;2019-04-11 14:02:34.0;
20;11964.8;2019-04-11 14:02:40.0;
20;11964.2;2019-04-11 14:02:46.0;
20;11963.8;2019-04-11 14:02:53.0;
20;11964.2;2019-04-11 14:02:54.0;
20;11964.5;2019-04-11 14:02:57.0;
20;11964.2;2019-04-11 14:03:01.0;
20;11963.8;2019-04-11 14:03:04.0;
20;11964;2019-04-11 14:03:08.0;
20;11963.8;2019-04-11 14:03:10.0;
20;11964.8;2019-04-11 14:03:11.0;
20;11964;2019-04-11 14:03:13.0;
20;11964.8;2019-04-11 14:03:14.0;
20;11965;2019-04-11 14:03:18.0;
20;11965.5;2019-04-11 14:03:24.0;
20;11967;2019-04-11 14:03:27.0;
20;11965.5;2019-04-11 14:03:29.0;
20;11967;2019-04-11 14:03:30.0;
20;11966.5;2019-04-11 14:03:34.0;
20;11966.3;2019-04-11 14:03:41.0;
20;11966;2019-04-11 14:03:44.0;
20;11966.2;2019-04-11 14:03:51.0;
20;11966.5;2019-04-11 14:04:03.0;
20;11968.3;2019-04-11 14:04:06.0;
20;11966.5;2019-04-11 14:04:08.0;
20;11968.3;2019-04-11 14:04:10.0;
20;11970.5;2019-04-11 14:04:14.0;
20;11970.8;2019-04-11 14:04:21.0;
20;11972;2019-04-11 14:04:26.0;
20;11970.8;2019-04-11 14:04:28.0;
20;11972;2019-04-11 14:04:29.0;
20;11970.8;2019-04-11 14:04:31.0;
20;11970.5;2019-04-11 14:04:36.0;
20;11971.3;2019-04-11 14:04:46.0;
20;11970.8;2019-04-11 14:04:48.0;
20;11969;2019-04-11 14:04:50.0;
20;11968.5;2019-04-11 14:04:59.0;
20;11969.5;2019-04-11 14:05:03.0;
20;11968.5;2019-04-11 14:05:11.0;
20;11968.3;2019-04-11 14:05:21.0;
20;11968.8;2019-04-11 14:05:28.0;
20;11968.3;2019-04-11 14:05:29.0;
20;11969.5;2019-04-11 14:05:31.0;
20;11968.8;2019-04-11 14:05:32.0;
20;11969.5;2019-04-11 14:05:34.0;
20;11967.8;2019-04-11 14:05:35.0;
20;11967.5;2019-04-11 14:05:47.0;
20;11967.2;2019-04-11 14:05:48.0;
20;11966.8;2019-04-11 14:06:05.0;
20;11967.2;2019-04-11 14:06:25.0;
20;11967.3;2019-04-11 14:06:28.0;
20;11967.2;2019-04-11 14:06:29.0;
20;11967.8;2019-04-11 14:06:31.0;
20;11968.2;2019-04-11 14:06:40.0;
20;11967;2019-04-11 14:06:47.0;
20;11966.8;2019-04-11 14:06:49.0;
20;11966.5;2019-04-11 14:06:51.0;
20;11966.8;2019-04-11 14:06:52.0;
20;11967;2019-04-11 14:06:55.0;
20;11967.3;2019-04-11 14:06:59.0;
20;11967.2;2019-04-11 14:07:05.0;
20;11967;2019-04-11 14:07:11.0;
20;11967.2;2019-04-11 14:07:16.0;
20;11966.8;2019-04-11 14:07:22.0;
20;11966.3;2019-04-11 14:07:24.0;
20;11966.8;2019-04-11 14:07:25.0;
20;11966.3;2019-04-11 14:07:26.0;
20;11966.8;2019-04-11 14:07:28.0;
20;11966.2;2019-04-11 14:07:33.0;
20;11966.5;2019-04-11 14:07:38.0;
20;11966.8;2019-04-11 14:07:49.0;
20;11966.3;2019-04-11 14:08:06.0;
20;11967;2019-04-11 14:08:10.0;
20;11969.3;2019-04-11 14:08:18.0;
20;11970.2;2019-04-11 14:08:19.0;
20;11970.3;2019-04-11 14:08:24.0;
20;11969.8;2019-04-11 14:08:29.0;
20;11970.2;2019-04-11 14:08:41.0;
20;11970.3;2019-04-11 14:08:47.0;
20;11970.2;2019-04-11 14:08:49.0;
20;11970.3;2019-04-11 14:08:50.0;
20;11970.5;2019-04-11 14:08:53.0;
20;11971.2;2019-04-11 14:08:57.0;
20;11968.8;2019-04-11 14:09:00.0;
20;11971.2;2019-04-11 14:09:02.0;
20;11968;2019-04-11 14:09:03.0;
20;11967.8;2019-04-11 14:09:09.0;
20;11968.2;2019-04-11 14:09:15.0;
20;11968;2019-04-11 14:09:16.0;
20;11968.2;2019-04-11 14:09:18.0;
20;11968.5;2019-04-11 14:09:22.0;
20;11966.8;2019-04-11 14:09:28.0;
20;11968.5;2019-04-11 14:09:29.0;
20;11966.8;2019-04-11 14:09:30.0;
20;11967;2019-04-11 14:09:35.0;
20;11968;2019-04-11 14:09:38.0;
20;11967.2;2019-04-11 14:09:42.0;
20;11967.8;2019-04-11 14:09:43.0;
20;11968.5;2019-04-11 14:09:49.0;
20;11965.2;2019-04-11 14:10:04.0;
20;11965;2019-04-11 14:10:11.0;
20;11965.3;2019-04-11 14:10:12.0;
20;11965;2019-04-11 14:10:15.0;
20;11965.5;2019-04-11 14:10:21.0;
20;11965;2019-04-11 14:10:22.0;
20;11965.3;2019-04-11 14:10:25.0;
20;11965.8;2019-04-11 14:10:32.0;
20;11965.5;2019-04-11 14:10:35.0;
20;11965.3;2019-04-11 14:10:36.0;
20;11965.8;2019-04-11 14:10:43.0;
20;11965.3;2019-04-11 14:10:44.0;
20;11964.8;2019-04-11 14:10:50.0;
20;11965.5;2019-04-11 14:10:55.0;
20;11965.2;2019-04-11 14:11:00.0;
20;11965.5;2019-04-11 14:11:05.0;
20;11966.2;2019-04-11 14:11:19.0;
20;11965.5;2019-04-11 14:11:20.0;
20;11965.2;2019-04-11 14:11:26.0;
20;11964.8;2019-04-11 14:11:39.0;
20;11965.5;2019-04-11 14:11:44.0;
20;11965.8;2019-04-11 14:11:50.0;
20;11966.8;2019-04-11 14:12:04.0;
20;11965.8;2019-04-11 14:12:05.0;
20;11966.8;2019-04-11 14:12:07.0;
20;11967.2;2019-04-11 14:12:10.0;
20;11965.5;2019-04-11 14:12:14.0;
20;11965.8;2019-04-11 14:12:18.0;
20;11966;2019-04-11 14:12:24.0;
20;11967.5;2019-04-11 14:12:31.0;
20;11967;2019-04-11 14:12:35.0;
20;11967.2;2019-04-11 14:12:45.0;
20;11967;2019-04-11 14:12:48.0;
20;11967.2;2019-04-11 14:12:51.0;
20;11967;2019-04-11 14:12:53.0;
20;11967.2;2019-04-11 14:12:54.0;
20;11967.5;2019-04-11 14:12:55.0;
20;11967.2;2019-04-11 14:12:57.0;
20;11967.5;2019-04-11 14:12:58.0;
20;11968.5;2019-04-11 14:13:04.0;
20;11966.5;2019-04-11 14:13:10.0;
20;11965.2;2019-04-11 14:13:14.0;
20;11965.3;2019-04-11 14:13:20.0;
20;11965.5;2019-04-11 14:13:26.0;
20;11965.2;2019-04-11 14:13:30.0;
20;11964.8;2019-04-11 14:13:31.0;
20;11965.5;2019-04-11 14:13:40.0;
20;11966;2019-04-11 14:14:05.0;
20;11966.2;2019-04-11 14:14:15.0;
20;11966.5;2019-04-11 14:14:21.0;
20;11967.3;2019-04-11 14:14:22.0;
20;11967;2019-04-11 14:14:24.0;
20;11967.5;2019-04-11 14:14:29.0;
20;11967.8;2019-04-11 14:14:35.0;
20;11966.8;2019-04-11 14:14:41.0;
20;11966.5;2019-04-11 14:14:45.0;
20;11966.2;2019-04-11 14:14:46.0;
20;11966.5;2019-04-11 14:14:48.0;
20;11966.2;2019-04-11 14:14:49.0;
20;11965.5;2019-04-11 14:14:51.0;
20;11964.5;2019-04-11 14:14:58.0;
20;11964.8;2019-04-11 14:15:00.0;
20;11964.2;2019-04-11 14:15:14.0;
20;11964.5;2019-04-11 14:15:15.0;
20;11964.2;2019-04-11 14:15:19.0;
20;11963.2;2019-04-11 14:15:21.0;
20;11962.2;2019-04-11 14:15:27.0;
20;11961.8;2019-04-11 14:15:31.0;
20;11961.5;2019-04-11 14:15:42.0;
20;11958.8;2019-04-11 14:15:44.0;
20;11961.5;2019-04-11 14:15:45.0;
20;11958.8;2019-04-11 14:15:47.0;
20;11960;2019-04-11 14:15:48.0;
20;11958.8;2019-04-11 14:15:50.0;
20;11960;2019-04-11 14:15:51.0;
20;11962.5;2019-04-11 14:16:06.0;
20;11962.3;2019-04-11 14:16:12.0;
20;11962.5;2019-04-11 14:16:13.0;
20;11962.3;2019-04-11 14:16:15.0;
20;11961.8;2019-04-11 14:16:16.0;
20;11962.3;2019-04-11 14:16:18.0;
20;11961.8;2019-04-11 14:16:19.0;
20;11961.2;2019-04-11 14:16:25.0;
20;11960.2;2019-04-11 14:16:28.0;
20;11960;2019-04-11 14:16:33.0;
20;11960.8;2019-04-11 14:16:38.0;
20;11960;2019-04-11 14:16:45.0;
20;11960.8;2019-04-11 14:16:46.0;
20;11961.5;2019-04-11 14:16:48.0;
20;11960.8;2019-04-11 14:16:49.0;
20;11961.5;2019-04-11 14:16:50.0;
20;11963.5;2019-04-11 14:16:54.0;
20;11963;2019-04-11 14:16:59.0;
20;11963.5;2019-04-11 14:17:00.0;
20;11963;2019-04-11 14:17:02.0;
20;11962.8;2019-04-11 14:17:04.0;
20;11963;2019-04-11 14:17:10.0;
20;11963.3;2019-04-11 14:17:19.0;
20;11963.5;2019-04-11 14:17:28.0;
20;11963.3;2019-04-11 14:17:35.0;
20;11963.8;2019-04-11 14:17:36.0;
20;11963.3;2019-04-11 14:17:38.0;
20;11963;2019-04-11 14:17:39.0;
20;11962.8;2019-04-11 14:17:45.0;
20;11963.8;2019-04-11 14:17:49.0;
20;11965;2019-04-11 14:18:03.0;
20;11965.2;2019-04-11 14:18:10.0;
20;11964.5;2019-04-11 14:18:11.0;
20;11963;2019-04-11 14:18:17.0;
20;11962.2;2019-04-11 14:18:21.0;
20;11962.8;2019-04-11 14:18:25.0;
20;11962.3;2019-04-11 14:18:28.0;
20;11962.8;2019-04-11 14:18:30.0;
20;11961.8;2019-04-11 14:18:31.0;
20;11961.2;2019-04-11 14:18:38.0;
20;11961.3;2019-04-11 14:18:45.0;
20;11961.2;2019-04-11 14:18:46.0;
20;11961.3;2019-04-11 14:18:48.0;
20;11962.3;2019-04-11 14:18:52.0;
20;11962;2019-04-11 14:18:59.0;
20;11961.8;2019-04-11 14:19:02.0;
20;11962.2;2019-04-11 14:19:08.0;
20;11961.8;2019-04-11 14:19:12.0;
20;11962.5;2019-04-11 14:19:18.0;
20;11961.8;2019-04-11 14:19:24.0;
20;11962.5;2019-04-11 14:19:26.0;
20;11962.8;2019-04-11 14:19:28.0;
20;11962;2019-04-11 14:19:32.0;
20;11961.2;2019-04-11 14:19:43.0;
20;11960.8;2019-04-11 14:19:47.0;
20;11961.2;2019-04-11 14:20:08.0;
20;11961.5;2019-04-11 14:20:16.0;
20;11961.2;2019-04-11 14:20:19.0;
20;11961.5;2019-04-11 14:20:20.0;
20;11961.8;2019-04-11 14:20:22.0;
20;11961.5;2019-04-11 14:20:27.0;
20;11961.8;2019-04-11 14:20:34.0;
20;11962.8;2019-04-11 14:20:38.0;
20;11963.2;2019-04-11 14:20:43.0;
20;11962.8;2019-04-11 14:20:53.0;
20;11962.5;2019-04-11 14:20:57.0;
20;11962.2;2019-04-11 14:21:00.0;
20;11963;2019-04-11 14:21:07.0;
20;11962.5;2019-04-11 14:21:09.0;
20;11963;2019-04-11 14:21:10.0;
20;11965.8;2019-04-11 14:21:12.0;
20;11968;2019-04-11 14:21:16.0;
20;11967.5;2019-04-11 14:21:20.0;
20;11965.8;2019-04-11 14:21:24.0;
20;11967.5;2019-04-11 14:21:26.0;
20;11965.8;2019-04-11 14:21:27.0;
20;11966;2019-04-11 14:21:29.0;
20;11965.8;2019-04-11 14:21:35.0;
20;11965.5;2019-04-11 14:21:38.0;
20;11966.5;2019-04-11 14:21:39.0;
20;11967.3;2019-04-11 14:21:50.0;
20;11968;2019-04-11 14:22:07.0;
20;11969;2019-04-11 14:22:12.0;
20;11968.5;2019-04-11 14:22:18.0;
20;11969;2019-04-11 14:22:21.0;
20;11968.8;2019-04-11 14:22:23.0;
20;11969;2019-04-11 14:22:32.0;
20;11968.8;2019-04-11 14:22:35.0;
20;11969;2019-04-11 14:22:36.0;
20;11969.3;2019-04-11 14:22:44.0;
20;11969;2019-04-11 14:22:46.0;
20;11968.3;2019-04-11 14:22:52.0;
20;11968.8;2019-04-11 14:22:57.0;
20;11969.8;2019-04-11 14:23:03.0;
20;11970.5;2019-04-11 14:23:16.0;
20;11970;2019-04-11 14:23:19.0;
20;11970.2;2019-04-11 14:23:22.0;
20;11970;2019-04-11 14:23:28.0;
20;11970.5;2019-04-11 14:23:34.0;
20;11970;2019-04-11 14:23:36.0;
20;11970.5;2019-04-11 14:23:37.0;
20;11971;2019-04-11 14:23:40.0;
20;11973;2019-04-11 14:23:42.0;
20;11971;2019-04-11 14:23:43.0;
20;11973;2019-04-11 14:23:44.0;
20;11973.8;2019-04-11 14:23:51.0;
20;11974;2019-04-11 14:24:02.0;
20;11974.2;2019-04-11 14:24:08.0;
20;11974.5;2019-04-11 14:24:12.0;
20;11974.8;2019-04-11 14:24:14.0;
20;11974.5;2019-04-11 14:24:16.0;
20;11974.8;2019-04-11 14:24:17.0;
20;11973.8;2019-04-11 14:24:23.0;
20;11973.2;2019-04-11 14:24:34.0;
20;11972.8;2019-04-11 14:24:40.0;
20;11973.5;2019-04-11 14:24:44.0;
20;11972.8;2019-04-11 14:24:55.0;
20;11973.5;2019-04-11 14:25:01.0;
20;11972.8;2019-04-11 14:25:09.0;
20;11972.5;2019-04-11 14:25:14.0;
20;11972.3;2019-04-11 14:25:15.0;
20;11972.2;2019-04-11 14:25:21.0;
20;11972;2019-04-11 14:25:26.0;
20;11971.5;2019-04-11 14:25:29.0;
20;11971;2019-04-11 14:25:35.0;
20;11971.5;2019-04-11 14:25:37.0;
20;11971;2019-04-11 14:25:39.0;
20;11972.5;2019-04-11 14:25:42.0;
20;11974;2019-04-11 14:25:44.0;
20;11975;2019-04-11 14:26:03.0;
20;11974.8;2019-04-11 14:26:13.0;
20;11974.5;2019-04-11 14:26:14.0;
20;11974.8;2019-04-11 14:26:29.0;
20;11974.5;2019-04-11 14:26:32.0;
20;11973.8;2019-04-11 14:26:39.0;
20;11974.2;2019-04-11 14:26:46.0;
20;11974;2019-04-11 14:26:51.0;
20;11974.2;2019-04-11 14:26:52.0;
20;11974;2019-04-11 14:26:54.0;
20;11973.2;2019-04-11 14:26:55.0;
20;11972.8;2019-04-11 14:27:08.0;
20;11973.2;2019-04-11 14:27:10.0;
20;11973.8;2019-04-11 14:27:11.0;
20;11974.3;2019-04-11 14:27:15.0;
20;11974;2019-04-11 14:27:21.0;
20;11974.2;2019-04-11 14:27:25.0;
20;11974;2019-04-11 14:27:30.0;
20;11974.8;2019-04-11 14:27:36.0;
20;11974.5;2019-04-11 14:27:40.0;
20;11971.2;2019-04-11 14:27:46.0;
20;11971.5;2019-04-11 14:28:03.0;
20;11971.2;2019-04-11 14:28:04.0;
20;11971.5;2019-04-11 14:28:06.0;
20;11971.8;2019-04-11 14:28:19.0;
20;11971.5;2019-04-11 14:28:28.0;
20;11971;2019-04-11 14:28:37.0;
20;11970.8;2019-04-11 14:28:44.0;
20;11970.5;2019-04-11 14:28:47.0;
20;11969.8;2019-04-11 14:28:57.0;
20;11969.2;2019-04-11 14:29:00.0;
20;11969.8;2019-04-11 14:29:01.0;
20;11969.2;2019-04-11 14:29:02.0;
20;11969;2019-04-11 14:29:04.0;
20;11968.8;2019-04-11 14:29:13.0;
20;11968.5;2019-04-11 14:29:15.0;
20;11968.3;2019-04-11 14:29:28.0;
20;11968.8;2019-04-11 14:29:38.0;
20;11966;2019-04-11 14:29:43.0;
20;11965.3;2019-04-11 14:29:50.0;
20;11964.5;2019-04-11 14:30:02.0;
20;11964;2019-04-11 14:30:15.0;
20;11963;2019-04-11 14:30:17.0;
20;11963.2;2019-04-11 14:30:26.0;
20;11964;2019-04-11 14:30:31.0;
20;11965;2019-04-11 14:30:35.0;
20;11964;2019-04-11 14:30:37.0;
20;11965;2019-04-11 14:30:38.0;
20;11964.3;2019-04-11 14:30:39.0;
20;11963.8;2019-04-11 14:30:45.0;
20;11964.5;2019-04-11 14:30:48.0;
20;11962.2;2019-04-11 14:30:51.0;
20;11964.5;2019-04-11 14:30:52.0;
20;11962.2;2019-04-11 14:30:54.0;
20;11962;2019-04-11 14:30:56.0;
20;11962.3;2019-04-11 14:30:59.0;
20;11961.8;2019-04-11 14:31:03.0;
20;11961.5;2019-04-11 14:31:06.0;
20;11961.8;2019-04-11 14:31:07.0;
20;11961.5;2019-04-11 14:31:09.0;
20;11959.5;2019-04-11 14:31:13.0;
20;11961;2019-04-11 14:31:18.0;
20;11962;2019-04-11 14:31:22.0;
20;11963;2019-04-11 14:31:24.0;
20;11963.5;2019-04-11 14:31:25.0;
20;11963;2019-04-11 14:31:27.0;
20;11963.5;2019-04-11 14:31:28.0;
20;11963.3;2019-04-11 14:31:33.0;
20;11964.5;2019-04-11 14:31:34.0;
20;11964.8;2019-04-11 14:31:38.0;
20;11964.5;2019-04-11 14:31:40.0;
20;11964.8;2019-04-11 14:31:42.0;
20;11964.5;2019-04-11 14:31:43.0;
20;11964;2019-04-11 14:31:48.0;
20;11966.2;2019-04-11 14:32:04.0;
20;11966.5;2019-04-11 14:32:09.0;
20;11966.3;2019-04-11 14:32:15.0;
20;11966.2;2019-04-11 14:32:19.0;
20;11966.5;2019-04-11 14:32:26.0;
20;11968;2019-04-11 14:32:31.0;
20;11968.3;2019-04-11 14:32:32.0;
20;11969;2019-04-11 14:32:37.0;
20;11969.8;2019-04-11 14:32:40.0;
20;11968.3;2019-04-11 14:32:46.0;
20;11968.5;2019-04-11 14:32:51.0;
20;11969.5;2019-04-11 14:32:56.0;
20;11968.5;2019-04-11 14:32:57.0;
20;11969.5;2019-04-11 14:32:58.0;
20;11968.3;2019-04-11 14:33:01.0;
20;11968.8;2019-04-11 14:33:05.0;
20;11968.3;2019-04-11 14:33:06.0;
20;11968.8;2019-04-11 14:33:07.0;
20;11969;2019-04-11 14:33:09.0;
20;11969.2;2019-04-11 14:33:10.0;
20;11969;2019-04-11 14:33:12.0;
20;11969.2;2019-04-11 14:33:14.0;
20;11968.8;2019-04-11 14:33:16.0;
20;11969;2019-04-11 14:33:28.0;
20;11968.8;2019-04-11 14:33:32.0;
20;11969.2;2019-04-11 14:33:37.0;
20;11970;2019-04-11 14:33:48.0;
20;11966.8;2019-04-11 14:34:04.0;
20;11967.3;2019-04-11 14:34:11.0;
20;11967;2019-04-11 14:34:17.0;
20;11966.5;2019-04-11 14:34:23.0;
20;11967;2019-04-11 14:34:32.0;
20;11968.8;2019-04-11 14:34:34.0;
20;11969.8;2019-04-11 14:34:43.0;
20;11968.5;2019-04-11 14:34:49.0;
20;11969.3;2019-04-11 14:34:52.0;
20;11968;2019-04-11 14:34:57.0;
20;11967.8;2019-04-11 14:35:04.0;
20;11968;2019-04-11 14:35:05.0;
20;11968.5;2019-04-11 14:35:10.0;
20;11969.5;2019-04-11 14:35:15.0;
20;11970.3;2019-04-11 14:35:25.0;
20;11970.8;2019-04-11 14:35:34.0;
20;11970.2;2019-04-11 14:35:37.0;
20;11970.5;2019-04-11 14:35:43.0;
20;11966.5;2019-04-11 14:36:08.0;
20;11966.3;2019-04-11 14:36:12.0;
20;11964.3;2019-04-11 14:36:15.0;
20;11967.8;2019-04-11 14:36:19.0;
20;11967.5;2019-04-11 14:36:22.0;
20;11968.3;2019-04-11 14:36:29.0;
20;11968.2;2019-04-11 14:36:35.0;
20;11968.8;2019-04-11 14:36:42.0;
20;11968.2;2019-04-11 14:36:43.0;
20;11968.8;2019-04-11 14:36:45.0;
20;11967.8;2019-04-11 14:36:52.0;
20;11965.8;2019-04-11 14:37:01.0;
20;11964.5;2019-04-11 14:37:03.0;
20;11965.8;2019-04-11 14:37:05.0;
20;11964.5;2019-04-11 14:37:06.0;
20;11964.8;2019-04-11 14:37:09.0;
20;11965.2;2019-04-11 14:37:13.0;
20;11965.5;2019-04-11 14:37:16.0;
20;11965.2;2019-04-11 14:37:18.0;
20;11965.5;2019-04-11 14:37:19.0;
20;11965;2019-04-11 14:37:24.0;
20;11965.5;2019-04-11 14:37:30.0;
20;11965.2;2019-04-11 14:37:36.0;
20;11965.5;2019-04-11 14:37:40.0;
20;11965.2;2019-04-11 14:37:41.0;
20;11965.5;2019-04-11 14:37:43.0;
20;11966.5;2019-04-11 14:37:45.0;
20;11967;2019-04-11 14:38:05.0;
20;11967.8;2019-04-11 14:38:16.0;
20;11967.5;2019-04-11 14:38:19.0;
20;11967.8;2019-04-11 14:38:23.0;
20;11967;2019-04-11 14:38:31.0;
20;11967.5;2019-04-11 14:38:33.0;
20;11967.3;2019-04-11 14:38:43.0;
20;11967.2;2019-04-11 14:38:48.0;
20;11967.5;2019-04-11 14:38:53.0;
20;11967.2;2019-04-11 14:38:54.0;
20;11967.5;2019-04-11 14:38:56.0;
20;11967;2019-04-11 14:39:02.0;
20;11967.2;2019-04-11 14:39:10.0;
20;11967;2019-04-11 14:39:16.0;
20;11966.5;2019-04-11 14:39:26.0;
20;11964.8;2019-04-11 14:39:35.0;
20;11964.5;2019-04-11 14:39:39.0;
20;11963.8;2019-04-11 14:39:41.0;
20;11964.2;2019-04-11 14:39:44.0;
20;11963.8;2019-04-11 14:39:49.0;
20;11964;2019-04-11 14:40:06.0;
20;11963.5;2019-04-11 14:40:10.0;
20;11964.3;2019-04-11 14:40:14.0;
20;11964.8;2019-04-11 14:40:17.0;
20;11964.5;2019-04-11 14:40:23.0;
20;11964.2;2019-04-11 14:40:24.0;
20;11963.5;2019-04-11 14:40:31.0;
20;11962.5;2019-04-11 14:40:37.0;
20;11961.5;2019-04-11 14:40:43.0;
20;11962.5;2019-04-11 14:40:44.0;
20;11961.5;2019-04-11 14:40:46.0;
20;11961.2;2019-04-11 14:40:50.0;
20;11961.8;2019-04-11 14:40:54.0;
20;11961.2;2019-04-11 14:40:55.0;
20;11960;2019-04-11 14:41:05.0;
20;11959.3;2019-04-11 14:41:10.0;
20;11959.5;2019-04-11 14:41:20.0;
20;11959.8;2019-04-11 14:41:24.0;
20;11960;2019-04-11 14:41:30.0;
20;11959.8;2019-04-11 14:41:31.0;
20;11959.5;2019-04-11 14:41:42.0;
20;11959;2019-04-11 14:41:47.0;
20;11960.2;2019-04-11 14:42:05.0;
20;11959;2019-04-11 14:42:06.0;
20;11960.2;2019-04-11 14:42:07.0;
20;11960.8;2019-04-11 14:42:09.0;
20;11962.2;2019-04-11 14:42:15.0;
20;11962.5;2019-04-11 14:42:16.0;
20;11962.2;2019-04-11 14:42:19.0;
20;11962.5;2019-04-11 14:42:20.0;
20;11962.2;2019-04-11 14:42:22.0;
20;11962;2019-04-11 14:42:23.0;
20;11962.5;2019-04-11 14:42:30.0;
20;11960.5;2019-04-11 14:42:35.0;
20;11960.8;2019-04-11 14:42:42.0;
20;11959.8;2019-04-11 14:42:43.0;
20;11960.8;2019-04-11 14:42:45.0;
20;11959.8;2019-04-11 14:42:46.0;
20;11959.2;2019-04-11 14:42:50.0;
20;11961;2019-04-11 14:42:53.0;
20;11961.3;2019-04-11 14:42:59.0;
20;11961;2019-04-11 14:43:02.0;
20;11961.2;2019-04-11 14:43:05.0;
20;11962;2019-04-11 14:43:08.0;
20;11961.2;2019-04-11 14:43:09.0;
20;11962;2019-04-11 14:43:11.0;
20;11962.8;2019-04-11 14:43:14.0;
20;11962.5;2019-04-11 14:43:17.0;
20;11964.3;2019-04-11 14:43:19.0;
20;11964;2019-04-11 14:43:26.0;
20;11962.8;2019-04-11 14:43:30.0;
20;11963;2019-04-11 14:43:32.0;
20;11963.2;2019-04-11 14:43:42.0;
20;11963.8;2019-04-11 14:43:46.0;
20;11964.3;2019-04-11 14:43:47.0;
20;11962;2019-04-11 14:44:04.0;
20;11964.3;2019-04-11 14:44:06.0;
20;11963.8;2019-04-11 14:44:07.0;
20;11964.3;2019-04-11 14:44:13.0;
20;11964;2019-04-11 14:44:17.0;
20;11964.8;2019-04-11 14:44:23.0;
20;11964.5;2019-04-11 14:44:40.0;
20;11964.8;2019-04-11 14:44:42.0;
20;11964.5;2019-04-11 14:44:43.0;
20;11964.8;2019-04-11 14:44:45.0;
20;11962.8;2019-04-11 14:44:49.0;
20;11963.2;2019-04-11 14:44:53.0;
20;11963.8;2019-04-11 14:44:55.0;
20;11963.2;2019-04-11 14:44:56.0;
20;11963.8;2019-04-11 14:44:57.0;
20;11963;2019-04-11 14:45:00.0;
20;11963.2;2019-04-11 14:45:04.0;
20;11964;2019-04-11 14:45:13.0;
20;11964.3;2019-04-11 14:45:15.0;
20;11964.8;2019-04-11 14:45:23.0;
20;11964.5;2019-04-11 14:45:29.0;
20;11964.2;2019-04-11 14:45:32.0;
20;11963.3;2019-04-11 14:45:41.0;
20;11963.2;2019-04-11 14:45:46.0;
20;11962.2;2019-04-11 14:45:48.0;
20;11963.2;2019-04-11 14:45:50.0;
20;11962.2;2019-04-11 14:45:51.0;
20;11964.3;2019-04-11 14:46:05.0;
20;11964;2019-04-11 14:46:07.0;
20;11964.3;2019-04-11 14:46:08.0;
20;11964;2019-04-11 14:46:10.0;
20;11966.8;2019-04-11 14:46:22.0;
20;11964.5;2019-04-11 14:46:24.0;
20;11966.8;2019-04-11 14:46:25.0;
20;11966.3;2019-04-11 14:46:30.0;
20;11967;2019-04-11 14:46:33.0;
20;11964;2019-04-11 14:46:34.0;
20;11963.8;2019-04-11 14:46:41.0;
20;11964;2019-04-11 14:46:43.0;
20;11964.3;2019-04-11 14:46:53.0;
20;11964;2019-04-11 14:46:54.0;
20;11964.3;2019-04-11 14:47:01.0;
20;11963.8;2019-04-11 14:47:06.0;
20;11964.3;2019-04-11 14:47:08.0;
20;11965.5;2019-04-11 14:47:14.0;
20;11965.8;2019-04-11 14:47:15.0;
20;11966.2;2019-04-11 14:47:18.0;
20;11966.8;2019-04-11 14:47:40.0;
20;11966.5;2019-04-11 14:47:47.0;
20;11966;2019-04-11 14:47:50.0;
20;11964.5;2019-04-11 14:48:07.0;
20;11966.8;2019-04-11 14:48:11.0;
20;11967.8;2019-04-11 14:48:17.0;
20;11967.5;2019-04-11 14:48:19.0;
20;11968;2019-04-11 14:48:25.0;
20;11967.8;2019-04-11 14:48:30.0;
20;11968;2019-04-11 14:48:31.0;
20;11967.8;2019-04-11 14:48:33.0;
20;11968;2019-04-11 14:48:34.0;
20;11970.5;2019-04-11 14:48:41.0;
20;11969.3;2019-04-11 14:48:45.0;
20;11969;2019-04-11 14:48:52.0;
20;11968.8;2019-04-11 14:48:56.0;
20;11968.2;2019-04-11 14:49:02.0;
20;11968.5;2019-04-11 14:49:06.0;
20;11968.3;2019-04-11 14:49:11.0;
20;11968;2019-04-11 14:49:16.0;
20;11968.3;2019-04-11 14:49:18.0;
20;11968;2019-04-11 14:49:19.0;
20;11968.2;2019-04-11 14:49:23.0;
20;11968.5;2019-04-11 14:49:36.0;
20;11968.3;2019-04-11 14:49:39.0;
20;11969;2019-04-11 14:49:43.0;
20;11969.8;2019-04-11 14:49:50.0;
20;11970.5;2019-04-11 14:50:07.0;
20;11970.8;2019-04-11 14:50:09.0;
20;11970.5;2019-04-11 14:50:12.0;
20;11970.8;2019-04-11 14:50:18.0;
20;11972.3;2019-04-11 14:50:23.0;
20;11973;2019-04-11 14:50:30.0;
20;11973.3;2019-04-11 14:50:32.0;
20;11973;2019-04-11 14:50:34.0;
20;11972.8;2019-04-11 14:50:35.0;
20;11972.5;2019-04-11 14:50:42.0;
20;11972.3;2019-04-11 14:50:45.0;
20;11972.8;2019-04-11 14:50:49.0;
20;11972.5;2019-04-11 14:50:53.0;
20;11972.8;2019-04-11 14:50:56.0;
20;11972.3;2019-04-11 14:51:06.0;
20;11972.8;2019-04-11 14:51:10.0;
20;11974;2019-04-11 14:51:18.0;
20;11974.3;2019-04-11 14:51:19.0;
20;11974;2019-04-11 14:51:21.0;
20;11974.3;2019-04-11 14:51:22.0;
20;11973.3;2019-04-11 14:51:25.0;
20;11974.3;2019-04-11 14:51:26.0;
20;11973.3;2019-04-11 14:51:28.0;
20;11973.8;2019-04-11 14:51:29.0;
20;11973.5;2019-04-11 14:51:33.0;
20;11972.8;2019-04-11 14:51:36.0;
20;11972.5;2019-04-11 14:51:45.0;
20;11972;2019-04-11 14:51:50.0;
20;11974.5;2019-04-11 14:52:04.0;
20;11973.3;2019-04-11 14:52:14.0;
20;11972.8;2019-04-11 14:52:17.0;
20;11973.2;2019-04-11 14:52:21.0;
20;11972.8;2019-04-11 14:52:26.0;
20;11972.2;2019-04-11 14:52:28.0;
20;11972.8;2019-04-11 14:52:30.0;
20;11970.5;2019-04-11 14:52:32.0;
20;11970.3;2019-04-11 14:52:36.0;
20;11969.8;2019-04-11 14:52:43.0;
20;11969.3;2019-04-11 14:52:45.0;
20;11970;2019-04-11 14:52:47.0;
20;11969.8;2019-04-11 14:52:53.0;
20;11970;2019-04-11 14:52:59.0;
20;11969.5;2019-04-11 14:53:00.0;
20;11970;2019-04-11 14:53:01.0;
20;11969.8;2019-04-11 14:53:04.0;
20;11969.5;2019-04-11 14:53:09.0;
20;11968.8;2019-04-11 14:53:10.0;
20;11969;2019-04-11 14:53:18.0;
20;11969.3;2019-04-11 14:53:22.0;
20;11968.8;2019-04-11 14:53:26.0;
20;11970;2019-04-11 14:53:28.0;
20;11968.8;2019-04-11 14:53:29.0;
20;11970;2019-04-11 14:53:30.0;
20;11970.3;2019-04-11 14:53:34.0;
20;11970;2019-04-11 14:53:39.0;
20;11970.2;2019-04-11 14:53:41.0;
20;11970.5;2019-04-11 14:53:46.0;
20;11970.2;2019-04-11 14:54:04.0;
20;11969.5;2019-04-11 14:54:07.0;
20;11970.8;2019-04-11 14:54:14.0;
20;11970.3;2019-04-11 14:54:18.0;
20;11970;2019-04-11 14:54:20.0;
20;11970.3;2019-04-11 14:54:21.0;
20;11969.8;2019-04-11 14:54:22.0;
20;11970;2019-04-11 14:54:28.0;
20;11969.8;2019-04-11 14:54:30.0;
20;11969.3;2019-04-11 14:54:38.0;
20;11969.8;2019-04-11 14:54:49.0;
20;11969.3;2019-04-11 14:54:50.0;
20;11969.8;2019-04-11 14:54:51.0;
20;11969.3;2019-04-11 14:55:00.0;
20;11969.8;2019-04-11 14:55:01.0;
20;11969.5;2019-04-11 14:55:04.0;
20;11970.5;2019-04-11 14:55:10.0;
20;11970.8;2019-04-11 14:55:17.0;
20;11970.5;2019-04-11 14:55:35.0;
20;11970.8;2019-04-11 14:55:40.0;
20;11971;2019-04-11 14:55:44.0;
20;11970.2;2019-04-11 14:56:05.0;
20;11970.8;2019-04-11 14:56:10.0;
20;11970.3;2019-04-11 14:56:11.0;
20;11969.8;2019-04-11 14:56:17.0;
20;11968.8;2019-04-11 14:56:30.0;
20;11969.8;2019-04-11 14:56:31.0;
20;11968.8;2019-04-11 14:56:32.0;
20;11969.3;2019-04-11 14:56:35.0;
20;11969;2019-04-11 14:56:37.0;
20;11969.2;2019-04-11 14:56:47.0;
20;11970.5;2019-04-11 14:56:51.0;
20;11970.3;2019-04-11 14:56:56.0;
20;11970.5;2019-04-11 14:56:57.0;
20;11970.3;2019-04-11 14:56:58.0;
20;11970.5;2019-04-11 14:57:02.0;
20;11969.5;2019-04-11 14:57:07.0;
20;11969;2019-04-11 14:57:08.0;
20;11969.5;2019-04-11 14:57:10.0;
20;11969;2019-04-11 14:57:11.0;
20;11968.8;2019-04-11 14:57:13.0;
20;11967.8;2019-04-11 14:57:16.0;
20;11966.8;2019-04-11 14:57:21.0;
20;11967;2019-04-11 14:57:29.0;
20;11966.8;2019-04-11 14:57:36.0;
20;11967;2019-04-11 14:57:38.0;
20;11966.3;2019-04-11 14:57:39.0;
20;11965.8;2019-04-11 14:57:49.0;
20;11966;2019-04-11 14:58:05.0;
20;11965.3;2019-04-11 14:58:12.0;
20;11965.8;2019-04-11 14:58:17.0;
20;11965.5;2019-04-11 14:58:23.0;
20;11966;2019-04-11 14:58:25.0;
20;11966.3;2019-04-11 14:58:29.0;
20;11967.8;2019-04-11 14:58:34.0;
20;11967;2019-04-11 14:58:45.0;
20;11966.5;2019-04-11 14:58:47.0;
20;11967;2019-04-11 14:58:49.0;
20;11966.5;2019-04-11 14:58:50.0;
20;11966.3;2019-04-11 14:58:54.0;
20;11966.5;2019-04-11 14:59:00.0;
20;11966.8;2019-04-11 14:59:09.0;
20;11965.8;2019-04-11 14:59:16.0;
20;11966.2;2019-04-11 14:59:21.0;
20;11966.8;2019-04-11 14:59:28.0;
20;11967.2;2019-04-11 14:59:32.0;
20;11966.8;2019-04-11 14:59:41.0;
20;11967.2;2019-04-11 14:59:47.0;
20;11966.8;2019-04-11 15:00:05.0;
20;11961.8;2019-04-11 15:00:09.0;
20;11963.3;2019-04-11 15:00:15.0;
20;11963.5;2019-04-11 15:00:21.0;
20;11964;2019-04-11 15:00:25.0;
20;11965.3;2019-04-11 15:00:35.0;
20;11966.2;2019-04-11 15:00:38.0;
20;11966.3;2019-04-11 15:00:44.0;
20;11966;2019-04-11 15:01:03.0;
20;11965.5;2019-04-11 15:01:06.0;
20;11964.8;2019-04-11 15:01:07.0;
20;11965.5;2019-04-11 15:01:08.0;
20;11964.8;2019-04-11 15:01:11.0;
20;11964.3;2019-04-11 15:01:13.0;
20;11964;2019-04-11 15:01:17.0;
20;11963.8;2019-04-11 15:01:20.0;
20;11964;2019-04-11 15:01:21.0;
20;11964.5;2019-04-11 15:01:24.0;
20;11964.8;2019-04-11 15:01:36.0;
20;11965;2019-04-11 15:01:39.0;
20;11964.8;2019-04-11 15:01:45.0;
20;11965.5;2019-04-11 15:02:02.0;
20;11967.2;2019-04-11 15:02:15.0;
20;11966.8;2019-04-11 15:02:20.0;
20;11967.5;2019-04-11 15:02:26.0;
20;11966.5;2019-04-11 15:02:33.0;
20;11965.5;2019-04-11 15:02:39.0;
20;11965.2;2019-04-11 15:02:46.0;
20;11966.5;2019-04-11 15:02:50.0;
20;11966.3;2019-04-11 15:02:56.0;
20;11965.8;2019-04-11 15:03:03.0;
20;11965.5;2019-04-11 15:03:11.0;
20;11965.8;2019-04-11 15:03:12.0;
20;11965.5;2019-04-11 15:03:13.0;
20;11966.3;2019-04-11 15:03:19.0;
20;11965.5;2019-04-11 15:03:20.0;
20;11967;2019-04-11 15:03:22.0;
20;11966.8;2019-04-11 15:03:27.0;
20;11967;2019-04-11 15:03:32.0;
20;11966.8;2019-04-11 15:03:41.0;
20;11966.3;2019-04-11 15:03:46.0;
20;11967.3;2019-04-11 15:03:49.0;
20;11966.3;2019-04-11 15:03:51.0;
20;11966.5;2019-04-11 15:04:05.0;
20;11966;2019-04-11 15:04:07.0;
20;11966.5;2019-04-11 15:04:08.0;
20;11966;2019-04-11 15:04:09.0;
20;11965.8;2019-04-11 15:04:15.0;
20;11966.2;2019-04-11 15:04:17.0;
20;11966;2019-04-11 15:04:20.0;
20;11966.8;2019-04-11 15:04:31.0;
20;11968;2019-04-11 15:04:53.0;
20;11966.3;2019-04-11 15:04:59.0;
20;11965.8;2019-04-11 15:05:04.0;
20;11966.5;2019-04-11 15:05:10.0;
20;11966.8;2019-04-11 15:05:11.0;
20;11967;2019-04-11 15:05:16.0;
20;11966.8;2019-04-11 15:05:17.0;
20;11967.3;2019-04-11 15:05:19.0;
20;11967;2019-04-11 15:05:20.0;
20;11967.3;2019-04-11 15:05:22.0;
20;11966.8;2019-04-11 15:05:26.0;
20;11967;2019-04-11 15:05:31.0;
20;11966.8;2019-04-11 15:05:37.0;
20;11967.5;2019-04-11 15:05:42.0;
20;11968.8;2019-04-11 15:06:07.0;
20;11968.5;2019-04-11 15:06:08.0;
20;11968.8;2019-04-11 15:06:13.0;
20;11969.2;2019-04-11 15:06:19.0;
20;11968.8;2019-04-11 15:06:23.0;
20;11969.3;2019-04-11 15:06:30.0;
20;11969;2019-04-11 15:06:37.0;
20;11969.2;2019-04-11 15:06:41.0;
20;11969.8;2019-04-11 15:06:47.0;
20;11970;2019-04-11 15:06:56.0;
20;11968.8;2019-04-11 15:07:17.0;
20;11968.5;2019-04-11 15:07:37.0;
20;11968.2;2019-04-11 15:07:42.0;
20;11967.8;2019-04-11 15:07:47.0;
20;11968.2;2019-04-11 15:07:49.0;
20;11967.8;2019-04-11 15:07:50.0;
20;11967.2;2019-04-11 15:08:05.0;
20;11968.3;2019-04-11 15:08:18.0;
20;11968.5;2019-04-11 15:08:25.0;
20;11968.8;2019-04-11 15:08:28.0;
20;11968.5;2019-04-11 15:08:29.0;
20;11968.8;2019-04-11 15:08:31.0;
20;11968.2;2019-04-11 15:08:32.0;
20;11967.5;2019-04-11 15:08:38.0;
20;11966.5;2019-04-11 15:08:44.0;
20;11967.5;2019-04-11 15:08:46.0;
20;11966.5;2019-04-11 15:08:47.0;
20;11966.8;2019-04-11 15:08:49.0;
20;11966.5;2019-04-11 15:08:50.0;
20;11966.8;2019-04-11 15:08:51.0;
20;11966.5;2019-04-11 15:09:02.0;
20;11966.2;2019-04-11 15:09:08.0;
20;11967;2019-04-11 15:09:17.0;
20;11967.2;2019-04-11 15:09:24.0;
20;11967.5;2019-04-11 15:09:25.0;
20;11967;2019-04-11 15:09:28.0;
20;11966.8;2019-04-11 15:09:31.0;
20;11966.5;2019-04-11 15:09:37.0;
20;11966.8;2019-04-11 15:09:39.0;
20;11967;2019-04-11 15:10:03.0;
20;11966.8;2019-04-11 15:10:06.0;
20;11966.5;2019-04-11 15:10:12.0;
20;11966.8;2019-04-11 15:10:20.0;
20;11966.5;2019-04-11 15:10:22.0;
20;11966.3;2019-04-11 15:10:24.0;
20;11966.5;2019-04-11 15:10:25.0;
20;11966.8;2019-04-11 15:10:28.0;
20;11966.5;2019-04-11 15:10:34.0;
20;11967.8;2019-04-11 15:10:35.0;
20;11966.5;2019-04-11 15:10:37.0;
20;11967.8;2019-04-11 15:10:38.0;
20;11968;2019-04-11 15:10:40.0;
20;11967.8;2019-04-11 15:10:43.0;
20;11968;2019-04-11 15:10:50.0;
20;11967.5;2019-04-11 15:10:52.0;
20;11967.8;2019-04-11 15:11:00.0;
20;11967.5;2019-04-11 15:11:01.0;
20;11967.8;2019-04-11 15:11:03.0;
20;11968;2019-04-11 15:11:09.0;
20;11968.3;2019-04-11 15:11:13.0;
20;11968.5;2019-04-11 15:11:20.0;
20;11968.3;2019-04-11 15:11:23.0;
20;11967.5;2019-04-11 15:11:25.0;
20;11968.5;2019-04-11 15:11:28.0;
20;11966.8;2019-04-11 15:11:36.0;
20;11967.8;2019-04-11 15:11:37.0;
20;11966.8;2019-04-11 15:11:39.0;
20;11967.3;2019-04-11 15:11:40.0;
20;11967.5;2019-04-11 15:11:46.0;
20;11967.8;2019-04-11 15:11:51.0;
20;11968.5;2019-04-11 15:12:04.0;
20;11968.3;2019-04-11 15:12:10.0;
20;11968.5;2019-04-11 15:12:14.0;
20;11968.3;2019-04-11 15:12:24.0;
20;11967.8;2019-04-11 15:12:30.0;
20;11968.2;2019-04-11 15:12:32.0;
20;11968.3;2019-04-11 15:12:35.0;
20;11968.2;2019-04-11 15:12:36.0;
20;11968.3;2019-04-11 15:12:39.0;
20;11967.5;2019-04-11 15:12:44.0;
20;11966.8;2019-04-11 15:12:50.0;
20;11967;2019-04-11 15:12:58.0;
20;11966.8;2019-04-11 15:13:04.0;
20;11966.2;2019-04-11 15:13:07.0;
20;11966.8;2019-04-11 15:13:09.0;
20;11966.2;2019-04-11 15:13:12.0;
20;11966.8;2019-04-11 15:13:14.0;
20;11966.2;2019-04-11 15:13:28.0;
20;11966.8;2019-04-11 15:13:29.0;
20;11967;2019-04-11 15:13:31.0;
20;11966.8;2019-04-11 15:13:35.0;
20;11966;2019-04-11 15:13:43.0;
20;11965.8;2019-04-11 15:13:47.0;
20;11966.2;2019-04-11 15:14:03.0;
20;11966.8;2019-04-11 15:14:08.0;
20;11966.2;2019-04-11 15:14:24.0;
20;11966.8;2019-04-11 15:14:27.0;
20;11966.2;2019-04-11 15:14:28.0;
20;11965.8;2019-04-11 15:14:35.0;
20;11966;2019-04-11 15:14:43.0;
20;11965.2;2019-04-11 15:14:48.0;
20;11966;2019-04-11 15:14:49.0;
20;11965.2;2019-04-11 15:14:50.0;
20;11965.5;2019-04-11 15:14:58.0;
20;11965.8;2019-04-11 15:14:59.0;
20;11964.8;2019-04-11 15:15:03.0;
20;11965.8;2019-04-11 15:15:09.0;
20;11967;2019-04-11 15:15:13.0;
20;11967.2;2019-04-11 15:15:18.0;
20;11966.8;2019-04-11 15:15:22.0;
20;11966;2019-04-11 15:15:28.0;
20;11966.8;2019-04-11 15:15:30.0;
20;11966.3;2019-04-11 15:15:32.0;
20;11966.5;2019-04-11 15:15:36.0;
20;11967.2;2019-04-11 15:15:39.0;
20;11966.3;2019-04-11 15:15:44.0;
20;11965.8;2019-04-11 15:16:03.0;
20;11966.3;2019-04-11 15:16:05.0;
20;11965.8;2019-04-11 15:16:07.0;
20;11966.3;2019-04-11 15:16:09.0;
20;11966;2019-04-11 15:16:14.0;
20;11966.3;2019-04-11 15:16:20.0;
20;11965.8;2019-04-11 15:16:25.0;
20;11966.5;2019-04-11 15:16:29.0;
20;11966.2;2019-04-11 15:16:39.0;
20;11966.5;2019-04-11 15:16:40.0;
20;11966.2;2019-04-11 15:16:43.0;
20;11966.5;2019-04-11 15:16:49.0;
20;11966.8;2019-04-11 15:16:56.0;
20;11966.3;2019-04-11 15:17:02.0;
20;11966.2;2019-04-11 15:17:04.0;
20;11966.8;2019-04-11 15:17:11.0;
20;11967.2;2019-04-11 15:17:14.0;
20;11967;2019-04-11 15:17:19.0;
20;11966.2;2019-04-11 15:17:25.0;
20;11967.2;2019-04-11 15:17:29.0;
20;11967.3;2019-04-11 15:17:41.0;
20;11967;2019-04-11 15:17:47.0;
20;11966.8;2019-04-11 15:17:48.0;
20;11967.8;2019-04-11 15:18:04.0;
20;11968.8;2019-04-11 15:18:20.0;
20;11971.2;2019-04-11 15:18:25.0;
20;11970;2019-04-11 15:18:30.0;
20;11969.8;2019-04-11 15:18:33.0;
20;11970.3;2019-04-11 15:18:37.0;
20;11970.2;2019-04-11 15:18:41.0;
20;11970.3;2019-04-11 15:18:53.0;
20;11970.2;2019-04-11 15:19:03.0;
20;11969.8;2019-04-11 15:19:06.0;
20;11970.8;2019-04-11 15:19:07.0;
20;11970.2;2019-04-11 15:19:09.0;
20;11970.8;2019-04-11 15:19:11.0;
20;11969.3;2019-04-11 15:19:13.0;
20;11970.3;2019-04-11 15:19:15.0;
20;11969.3;2019-04-11 15:19:16.0;
20;11970.3;2019-04-11 15:19:17.0;
20;11969.8;2019-04-11 15:19:23.0;
20;11970.3;2019-04-11 15:19:35.0;
20;11970;2019-04-11 15:19:36.0;
20;11970.3;2019-04-11 15:19:38.0;
20;11970.2;2019-04-11 15:19:39.0;
20;11969.8;2019-04-11 15:20:05.0;
20;11970.2;2019-04-11 15:20:09.0;
20;11971;2019-04-11 15:20:10.0;
20;11973.3;2019-04-11 15:20:15.0;
20;11972.8;2019-04-11 15:20:22.0;
20;11972.5;2019-04-11 15:20:24.0;
20;11972.8;2019-04-11 15:20:25.0;
20;11972.5;2019-04-11 15:20:26.0;
20;11973;2019-04-11 15:20:28.0;
20;11972.2;2019-04-11 15:20:33.0;
20;11973.8;2019-04-11 15:20:39.0;
20;11973;2019-04-11 15:20:45.0;
20;11973.8;2019-04-11 15:20:46.0;
20;11973;2019-04-11 15:20:47.0;
20;11972.5;2019-04-11 15:20:50.0;
20;11971.8;2019-04-11 15:20:53.0;
20;11971.2;2019-04-11 15:21:01.0;
20;11971.5;2019-04-11 15:21:05.0;
20;11971.8;2019-04-11 15:21:11.0;
20;11972.3;2019-04-11 15:21:15.0;
20;11971.5;2019-04-11 15:21:18.0;
20;11971.8;2019-04-11 15:21:21.0;
20;11972.3;2019-04-11 15:21:27.0;
20;11971.5;2019-04-11 15:21:28.0;
20;11972.3;2019-04-11 15:21:30.0;
20;11971.5;2019-04-11 15:21:32.0;
20;11972.5;2019-04-11 15:21:42.0;
20;11973;2019-04-11 15:21:44.0;
20;11972.5;2019-04-11 15:21:45.0;
20;11973;2019-04-11 15:21:48.0;
20;11973.3;2019-04-11 15:21:50.0;
20;11973.8;2019-04-11 15:22:03.0;
20;11973.3;2019-04-11 15:22:05.0;
20;11973.8;2019-04-11 15:22:06.0;
20;11973.3;2019-04-11 15:22:09.0;
20;11973.2;2019-04-11 15:22:17.0;
20;11970.3;2019-04-11 15:22:18.0;
20;11973.2;2019-04-11 15:22:21.0;
20;11971.8;2019-04-11 15:22:23.0;
20;11972.2;2019-04-11 15:22:29.0;
20;11971.8;2019-04-11 15:22:32.0;
20;11972.3;2019-04-11 15:22:44.0;
20;11972.2;2019-04-11 15:22:50.0;
20;11971.8;2019-04-11 15:22:57.0;
20;11971.3;2019-04-11 15:23:00.0;
20;11971.8;2019-04-11 15:23:06.0;
20;11971.3;2019-04-11 15:23:08.0;
20;11971.8;2019-04-11 15:23:09.0;
20;11971.3;2019-04-11 15:23:22.0;
20;11971;2019-04-11 15:23:35.0;
20;11970.8;2019-04-11 15:23:39.0;
20;11972.8;2019-04-11 15:24:04.0;
20;11974.3;2019-04-11 15:24:18.0;
20;11972.5;2019-04-11 15:24:21.0;
20;11972.8;2019-04-11 15:24:27.0;
20;11972.3;2019-04-11 15:24:39.0;
20;11972.8;2019-04-11 15:24:42.0;
20;11972.2;2019-04-11 15:24:43.0;
20;11972.3;2019-04-11 15:24:44.0;
20;11972.2;2019-04-11 15:24:46.0;
20;11971.8;2019-04-11 15:24:49.0;
20;11971.5;2019-04-11 15:24:52.0;
20;11971.8;2019-04-11 15:24:53.0;
20;11971.5;2019-04-11 15:24:55.0;
20;11971.2;2019-04-11 15:24:59.0;
20;11971.5;2019-04-11 15:25:02.0;
20;11971;2019-04-11 15:25:04.0;
20;11970.8;2019-04-11 15:25:08.0;
20;11971.2;2019-04-11 15:25:13.0;
20;11972.2;2019-04-11 15:25:16.0;
20;11972.8;2019-04-11 15:25:23.0;
20;11973.3;2019-04-11 15:25:29.0;
20;11973.8;2019-04-11 15:25:35.0;
20;11977.2;2019-04-11 15:26:05.0;
20;11977;2019-04-11 15:26:10.0;
20;11976.5;2019-04-11 15:26:14.0;
20;11976.3;2019-04-11 15:26:19.0;
20;11975.8;2019-04-11 15:26:24.0;
20;11976.2;2019-04-11 15:26:31.0;
20;11976.8;2019-04-11 15:26:38.0;
20;11976.5;2019-04-11 15:26:40.0;
20;11976.8;2019-04-11 15:26:41.0;
20;11976.5;2019-04-11 15:26:44.0;
20;11977;2019-04-11 15:26:48.0;
20;11976;2019-04-11 15:26:54.0;
20;11975.3;2019-04-11 15:27:04.0;
20;11975.8;2019-04-11 15:27:09.0;
20;11976;2019-04-11 15:27:14.0;
20;11976.2;2019-04-11 15:27:25.0;
20;11973.5;2019-04-11 15:27:35.0;
20;11974;2019-04-11 15:27:48.0;
20;11973.5;2019-04-11 15:27:50.0;
20;11974;2019-04-11 15:27:51.0;
20;11971.3;2019-04-11 15:28:04.0;
20;11972;2019-04-11 15:28:08.0;
20;11971;2019-04-11 15:28:21.0;
20;11970.2;2019-04-11 15:28:25.0;
20;11969.3;2019-04-11 15:28:28.0;
20;11970.2;2019-04-11 15:28:30.0;
20;11969.5;2019-04-11 15:28:31.0;
20;11970.2;2019-04-11 15:28:43.0;
20;11969.3;2019-04-11 15:28:55.0;
20;11969.5;2019-04-11 15:28:57.0;
20;11968.5;2019-04-11 15:29:03.0;
20;11968.8;2019-04-11 15:29:04.0;
20;11969.5;2019-04-11 15:29:09.0;
20;11969.8;2019-04-11 15:29:15.0;
20;11970;2019-04-11 15:29:18.0;
20;11971.8;2019-04-11 15:29:20.0;
20;11971;2019-04-11 15:29:23.0;
20;11971.5;2019-04-11 15:29:29.0;
20;11971.3;2019-04-11 15:29:37.0;
20;11971.5;2019-04-11 15:29:40.0;
20;11971;2019-04-11 15:29:42.0;
20;11971.5;2019-04-11 15:29:44.0;
20;11971;2019-04-11 15:29:45.0;
20;11971.5;2019-04-11 15:29:47.0;
20;11970;2019-04-11 15:30:10.0;
20;11972.3;2019-04-11 15:30:15.0;
20;11970;2019-04-11 15:30:17.0;
20;11971.3;2019-04-11 15:30:19.0;
20;11969.2;2019-04-11 15:30:26.0;
20;11969.8;2019-04-11 15:30:36.0;
20;11966.8;2019-04-11 15:30:40.0;
20;11967;2019-04-11 15:30:42.0;
20;11966.8;2019-04-11 15:30:43.0;
20;11967;2019-04-11 15:30:46.0;
20;11968.2;2019-04-11 15:30:51.0;
20;11969.2;2019-04-11 15:30:55.0;
20;11966.8;2019-04-11 15:31:00.0;
20;11966;2019-04-11 15:31:04.0;
20;11966.8;2019-04-11 15:31:09.0;
20;11967.5;2019-04-11 15:31:10.0;
20;11967.3;2019-04-11 15:31:20.0;
20;11965.5;2019-04-11 15:31:25.0;
20;11965;2019-04-11 15:31:30.0;
20;11965.2;2019-04-11 15:31:36.0;
20;11964.8;2019-04-11 15:31:42.0;
20;11963.3;2019-04-11 15:31:43.0;
20;11963.8;2019-04-11 15:31:47.0;
20;11965.5;2019-04-11 15:32:05.0;
20;11964.8;2019-04-11 15:32:17.0;
20;11964;2019-04-11 15:32:23.0;
20;11964.5;2019-04-11 15:32:26.0;
20;11964;2019-04-11 15:32:36.0;
20;11966;2019-04-11 15:32:42.0;
20;11966.3;2019-04-11 15:32:47.0;
20;11965.8;2019-04-11 15:32:56.0;
20;11966.5;2019-04-11 15:33:02.0;
20;11967;2019-04-11 15:33:06.0;
20;11966;2019-04-11 15:33:08.0;
20;11965.8;2019-04-11 15:33:14.0;
20;11966.5;2019-04-11 15:33:18.0;
20;11965.8;2019-04-11 15:33:21.0;
20;11965;2019-04-11 15:33:22.0;
20;11966.5;2019-04-11 15:33:27.0;
20;11967.2;2019-04-11 15:33:32.0;
20;11967.8;2019-04-11 15:33:36.0;
20;11967.2;2019-04-11 15:33:37.0;
20;11968.5;2019-04-11 15:33:38.0;
20;11968.3;2019-04-11 15:33:44.0;
20;11968.5;2019-04-11 15:33:45.0;
20;11967.3;2019-04-11 15:33:47.0;
20;11969.3;2019-04-11 15:34:06.0;
20;11970.3;2019-04-11 15:34:10.0;
20;11970.8;2019-04-11 15:34:12.0;
20;11969.5;2019-04-11 15:34:19.0;
20;11968.8;2019-04-11 15:34:22.0;
20;11966.8;2019-04-11 15:34:29.0;
20;11967.8;2019-04-11 15:34:31.0;
20;11967;2019-04-11 15:34:35.0;
20;11967.3;2019-04-11 15:34:41.0;
20;11966.5;2019-04-11 15:34:47.0;
20;11968;2019-04-11 15:34:52.0;
20;11971;2019-04-11 15:34:58.0;
20;11969.5;2019-04-11 15:35:00.0;
20;11971;2019-04-11 15:35:03.0;
20;11972;2019-04-11 15:35:09.0;
20;11971;2019-04-11 15:35:11.0;
20;11970.5;2019-04-11 15:35:13.0;
20;11969.2;2019-04-11 15:35:18.0;
20;11969.3;2019-04-11 15:35:27.0;
20;11969;2019-04-11 15:35:29.0;
20;11969.3;2019-04-11 15:35:33.0;
20;11968;2019-04-11 15:35:39.0;
20;11967.3;2019-04-11 15:35:41.0;
20;11967.8;2019-04-11 15:35:47.0;
20;11966.5;2019-04-11 15:36:07.0;
20;11964.3;2019-04-11 15:36:08.0;
20;11966.5;2019-04-11 15:36:10.0;
20;11964.3;2019-04-11 15:36:11.0;
20;11963.2;2019-04-11 15:36:15.0;
20;11963.5;2019-04-11 15:36:21.0;
20;11963.2;2019-04-11 15:36:27.0;
20;11964.2;2019-04-11 15:36:29.0;
20;11963.5;2019-04-11 15:36:32.0;
20;11962.5;2019-04-11 15:36:38.0;
20;11964;2019-04-11 15:36:42.0;
20;11962.8;2019-04-11 15:36:47.0;
20;11964.8;2019-04-11 15:36:53.0;
20;11964.3;2019-04-11 15:37:02.0;
20;11964.8;2019-04-11 15:37:10.0;
20;11964;2019-04-11 15:37:14.0;
20;11964.3;2019-04-11 15:37:21.0;
20;11965.3;2019-04-11 15:37:25.0;
20;11964;2019-04-11 15:37:28.0;
20;11963.8;2019-04-11 15:37:31.0;
20;11964;2019-04-11 15:37:32.0;
20;11963.8;2019-04-11 15:37:34.0;
20;11964.3;2019-04-11 15:37:43.0;
20;11963.2;2019-04-11 15:37:48.0;
20;11963.5;2019-04-11 15:38:05.0;
20;11963;2019-04-11 15:38:08.0;
20;11962.2;2019-04-11 15:38:14.0;
20;11962.8;2019-04-11 15:38:20.0;
20;11961.8;2019-04-11 15:38:25.0;
20;11962;2019-04-11 15:38:29.0;
20;11962.5;2019-04-11 15:38:35.0;
20;11962;2019-04-11 15:38:42.0;
20;11961.8;2019-04-11 15:38:44.0;
20;11962;2019-04-11 15:38:46.0;
20;11961;2019-04-11 15:38:47.0;
20;11961.8;2019-04-11 15:38:49.0;
20;11961;2019-04-11 15:38:50.0;
20;11960;2019-04-11 15:38:53.0;
20;11958.3;2019-04-11 15:38:57.0;
20;11959.8;2019-04-11 15:39:00.0;
20;11959.5;2019-04-11 15:39:05.0;
20;11961.2;2019-04-11 15:39:10.0;
20;11959.8;2019-04-11 15:39:15.0;
20;11961.5;2019-04-11 15:39:16.0;
20;11960.5;2019-04-11 15:39:21.0;
20;11961;2019-04-11 15:39:25.0;
20;11960.5;2019-04-11 15:39:26.0;
20;11960.2;2019-04-11 15:39:28.0;
20;11961;2019-04-11 15:39:29.0;
20;11960.2;2019-04-11 15:39:31.0;
20;11959.8;2019-04-11 15:39:32.0;
20;11960.3;2019-04-11 15:39:38.0;
20;11960.8;2019-04-11 15:39:40.0;
20;11960.3;2019-04-11 15:39:42.0;
20;11960.8;2019-04-11 15:39:43.0;
20;11961.3;2019-04-11 15:39:44.0;
20;11960.3;2019-04-11 15:39:47.0;
20;11961.3;2019-04-11 15:39:48.0;
20;11960.3;2019-04-11 15:39:50.0;
20;11959.5;2019-04-11 15:40:04.0;
20;11959.8;2019-04-11 15:40:09.0;
20;11960.2;2019-04-11 15:40:17.0;
20;11960.8;2019-04-11 15:40:21.0;
20;11960.5;2019-04-11 15:40:25.0;
20;11960.8;2019-04-11 15:40:27.0;
20;11959.2;2019-04-11 15:40:34.0;
20;11959.5;2019-04-11 15:40:37.0;
20;11958.8;2019-04-11 15:40:40.0;
20;11959.5;2019-04-11 15:40:41.0;
20;11961.8;2019-04-11 15:40:43.0;
20;11962;2019-04-11 15:40:49.0;
20;11961.8;2019-04-11 15:40:51.0;
20;11962;2019-04-11 15:40:53.0;
20;11961.5;2019-04-11 15:40:54.0;
20;11960.8;2019-04-11 15:40:57.0;
20;11962.2;2019-04-11 15:41:02.0;
20;11962.8;2019-04-11 15:41:08.0;
20;11962.2;2019-04-11 15:41:11.0;
20;11964;2019-04-11 15:41:12.0;
20;11965;2019-04-11 15:41:21.0;
20;11964.2;2019-04-11 15:41:27.0;
20;11964.8;2019-04-11 15:41:36.0;
20;11964.5;2019-04-11 15:41:41.0;
20;11964.3;2019-04-11 15:41:45.0;
20;11963.5;2019-04-11 15:42:05.0;
20;11964.5;2019-04-11 15:42:10.0;
20;11963.3;2019-04-11 15:42:12.0;
20;11963.8;2019-04-11 15:42:17.0;
20;11963.3;2019-04-11 15:42:18.0;
20;11963.8;2019-04-11 15:42:19.0;
20;11965.8;2019-04-11 15:42:23.0;
20;11967.5;2019-04-11 15:42:27.0;
20;11967.2;2019-04-11 15:42:41.0;
20;11968;2019-04-11 15:42:48.0;
20;11968.5;2019-04-11 15:42:57.0;
20;11970;2019-04-11 15:42:59.0;
20;11969.8;2019-04-11 15:43:01.0;
20;11970;2019-04-11 15:43:06.0;
20;11969.8;2019-04-11 15:43:09.0;
20;11973.2;2019-04-11 15:43:15.0;
20;11972.8;2019-04-11 15:43:21.0;
20;11972.5;2019-04-11 15:43:24.0;
20;11972.8;2019-04-11 15:43:26.0;
20;11972.5;2019-04-11 15:43:29.0;
20;11972.8;2019-04-11 15:43:31.0;
20;11973;2019-04-11 15:43:32.0;
20;11972.8;2019-04-11 15:43:34.0;
20;11973;2019-04-11 15:43:35.0;
20;11973.2;2019-04-11 15:43:39.0;
20;11972.5;2019-04-11 15:43:44.0;
20;11972.8;2019-04-11 15:43:50.0;
20;11975.2;2019-04-11 15:44:04.0;
20;11975.8;2019-04-11 15:44:09.0;
20;11973.5;2019-04-11 15:44:13.0;
20;11973.3;2019-04-11 15:44:17.0;
20;11974.5;2019-04-11 15:44:23.0;
20;11974;2019-04-11 15:44:24.0;
20;11974.5;2019-04-11 15:44:26.0;
20;11973.5;2019-04-11 15:44:29.0;
20;11972.8;2019-04-11 15:44:33.0;
20;11971.3;2019-04-11 15:44:39.0;
20;11972.3;2019-04-11 15:44:40.0;
20;11971.3;2019-04-11 15:44:42.0;
20;11971;2019-04-11 15:44:50.0;
20;11971.8;2019-04-11 15:44:52.0;
20;11971.5;2019-04-11 15:44:58.0;
20;11971.8;2019-04-11 15:45:02.0;
20;11971;2019-04-11 15:45:04.0;
20;11971.8;2019-04-11 15:45:06.0;
20;11971;2019-04-11 15:45:07.0;
20;11972.5;2019-04-11 15:45:08.0;
20;11971;2019-04-11 15:45:10.0;
20;11972.5;2019-04-11 15:45:12.0;
20;11972;2019-04-11 15:45:13.0;
20;11970.8;2019-04-11 15:45:18.0;
20;11970.2;2019-04-11 15:45:26.0;
20;11971;2019-04-11 15:45:28.0;
20;11972.3;2019-04-11 15:45:31.0;
20;11972;2019-04-11 15:45:37.0;
20;11971.5;2019-04-11 15:45:45.0;
20;11972;2019-04-11 15:45:47.0;
20;11971.5;2019-04-11 15:45:48.0;
20;11970.8;2019-04-11 15:45:50.0;
20;11967.8;2019-04-11 15:46:06.0;
20;11969;2019-04-11 15:46:09.0;
20;11968.8;2019-04-11 15:46:14.0;
20;11966.8;2019-04-11 15:46:16.0;
20;11970;2019-04-11 15:46:19.0;
20;11969.5;2019-04-11 15:46:35.0;
20;11969.8;2019-04-11 15:46:39.0;
20;11969.2;2019-04-11 15:46:43.0;
20;11968.8;2019-04-11 15:46:45.0;
20;11972.5;2019-04-11 15:46:52.0;
20;11971.5;2019-04-11 15:46:55.0;
20;11973.3;2019-04-11 15:47:00.0;
20;11972.8;2019-04-11 15:47:07.0;
20;11972.2;2019-04-11 15:47:11.0;
20;11972.8;2019-04-11 15:47:17.0;
20;11972.5;2019-04-11 15:47:20.0;
20;11970.5;2019-04-11 15:47:26.0;
20;11972.3;2019-04-11 15:47:29.0;
20;11972.5;2019-04-11 15:47:37.0;
20;11971.5;2019-04-11 15:47:38.0;
20;11970;2019-04-11 15:47:44.0;
20;11970.8;2019-04-11 15:47:48.0;
20;11972;2019-04-11 15:48:04.0;
20;11973.8;2019-04-11 15:48:07.0;
20;11972;2019-04-11 15:48:08.0;
20;11973.8;2019-04-11 15:48:10.0;
20;11973;2019-04-11 15:48:22.0;
20;11974;2019-04-11 15:48:35.0;
20;11973.5;2019-04-11 15:48:40.0;
20;11974;2019-04-11 15:48:41.0;
20;11973.5;2019-04-11 15:48:43.0;
20;11973.3;2019-04-11 15:48:45.0;
20;11973;2019-04-11 15:48:50.0;
20;11973.5;2019-04-11 15:48:53.0;
20;11974.5;2019-04-11 15:49:06.0;
20;11974.2;2019-04-11 15:49:08.0;
20;11974.8;2019-04-11 15:49:13.0;
20;11973.3;2019-04-11 15:49:15.0;
20;11973.8;2019-04-11 15:49:28.0;
20;11974;2019-04-11 15:49:41.0;
20;11974.3;2019-04-11 15:49:48.0;
20;11974;2019-04-11 15:49:50.0;
20;11974.3;2019-04-11 15:49:53.0;
20;11974;2019-04-11 15:50:03.0;
20;11972.2;2019-04-11 15:50:09.0;
20;11972.5;2019-04-11 15:50:14.0;
20;11973.5;2019-04-11 15:50:15.0;
20;11972.5;2019-04-11 15:50:17.0;
20;11973.2;2019-04-11 15:50:19.0;
20;11972.5;2019-04-11 15:50:26.0;
20;11973.5;2019-04-11 15:50:31.0;
20;11973.8;2019-04-11 15:50:33.0;
20;11976.2;2019-04-11 15:50:36.0;
20;11977.5;2019-04-11 15:50:41.0;
20;11976;2019-04-11 15:50:47.0;
20;11976.3;2019-04-11 15:50:51.0;
20;11976;2019-04-11 15:50:54.0;
20;11976.3;2019-04-11 15:50:56.0;
20;11975;2019-04-11 15:51:01.0;
20;11973.5;2019-04-11 15:51:08.0;
20;11975;2019-04-11 15:51:09.0;
20;11973.5;2019-04-11 15:51:11.0;
20;11971.8;2019-04-11 15:51:12.0;
20;11973.5;2019-04-11 15:51:13.0;
20;11971.8;2019-04-11 15:51:15.0;
20;11970.8;2019-04-11 15:51:18.0;
20;11970.2;2019-04-11 15:51:22.0;
20;11969.8;2019-04-11 15:51:24.0;
20;11970.2;2019-04-11 15:51:26.0;
20;11969.8;2019-04-11 15:51:28.0;
20;11969.5;2019-04-11 15:51:33.0;
20;11972.8;2019-04-11 15:51:36.0;
20;11972;2019-04-11 15:51:39.0;
20;11972.8;2019-04-11 15:51:41.0;
20;11972;2019-04-11 15:51:42.0;
20;11970.8;2019-04-11 15:51:44.0;
20;11970.3;2019-04-11 15:51:50.0;
20;11971.5;2019-04-11 15:52:06.0;
20;11972.3;2019-04-11 15:52:09.0;
20;11967.8;2019-04-11 15:52:15.0;
20;11969.2;2019-04-11 15:52:22.0;
20;11969.5;2019-04-11 15:52:26.0;
20;11970.8;2019-04-11 15:52:31.0;
20;11970;2019-04-11 15:52:34.0;
20;11970.8;2019-04-11 15:52:35.0;
20;11970;2019-04-11 15:52:37.0;
20;11969.8;2019-04-11 15:52:38.0;
20;11967.8;2019-04-11 15:52:42.0;
20;11968;2019-04-11 15:52:45.0;
20;11967.5;2019-04-11 15:52:47.0;
20;11968;2019-04-11 15:52:48.0;
20;11967.5;2019-04-11 15:52:50.0;
20;11967;2019-04-11 15:52:54.0;
20;11966.8;2019-04-11 15:52:57.0;
20;11963.8;2019-04-11 15:53:02.0;
20;11964.3;2019-04-11 15:53:05.0;
20;11963.8;2019-04-11 15:53:09.0;
20;11962.5;2019-04-11 15:53:15.0;
20;11962.3;2019-04-11 15:53:16.0;
20;11963.8;2019-04-11 15:53:20.0;
20;11962.3;2019-04-11 15:53:21.0;
20;11962.8;2019-04-11 15:53:24.0;
20;11963.2;2019-04-11 15:53:30.0;
20;11963.8;2019-04-11 15:53:33.0;
20;11964.5;2019-04-11 15:53:39.0;
20;11965;2019-04-11 15:53:51.0;
20;11967.8;2019-04-11 15:54:03.0;
20;11965.8;2019-04-11 15:54:10.0;
20;11966.3;2019-04-11 15:54:13.0;
20;11964.8;2019-04-11 15:54:18.0;
20;11962.8;2019-04-11 15:54:21.0;
20;11961.8;2019-04-11 15:54:23.0;
20;11961;2019-04-11 15:54:31.0;
20;11960.8;2019-04-11 15:54:36.0;
20;11961.8;2019-04-11 15:54:41.0;
20;11961;2019-04-11 15:54:46.0;
20;11959.8;2019-04-11 15:54:51.0;
20;11960.3;2019-04-11 15:54:52.0;
20;11961.5;2019-04-11 15:54:56.0;
20;11961.8;2019-04-11 15:55:01.0;
20;11959.8;2019-04-11 15:55:05.0;
20;11958.3;2019-04-11 15:55:11.0;
20;11958;2019-04-11 15:55:17.0;
20;11958.2;2019-04-11 15:55:21.0;
20;11957.2;2019-04-11 15:55:27.0;
20;11957;2019-04-11 15:55:32.0;
20;11956.5;2019-04-11 15:55:33.0;
20;11957.2;2019-04-11 15:55:38.0;
20;11956.5;2019-04-11 15:55:40.0;
20;11957.2;2019-04-11 15:55:42.0;
20;11956.5;2019-04-11 15:55:44.0;
20;11960;2019-04-11 15:55:45.0;
20;11960.5;2019-04-11 15:55:51.0;
20;11960.3;2019-04-11 15:56:03.0;
20;11960.8;2019-04-11 15:56:07.0;
20;11960.2;2019-04-11 15:56:12.0;
20;11959.3;2019-04-11 15:56:17.0;
20;11959.5;2019-04-11 15:56:19.0;
20;11959.3;2019-04-11 15:56:20.0;
20;11960.3;2019-04-11 15:56:21.0;
20;11959.8;2019-04-11 15:56:28.0;
20;11960.5;2019-04-11 15:56:32.0;
20;11960.8;2019-04-11 15:56:38.0;
20;11961.2;2019-04-11 15:56:43.0;
20;11961.5;2019-04-11 15:56:55.0;
20;11962.5;2019-04-11 15:57:02.0;
20;11962.8;2019-04-11 15:57:06.0;
20;11964.8;2019-04-11 15:57:08.0;
20;11962.8;2019-04-11 15:57:09.0;
20;11965.8;2019-04-11 15:57:10.0;
20;11963.3;2019-04-11 15:57:16.0;
20;11963;2019-04-11 15:57:17.0;
20;11962.8;2019-04-11 15:57:25.0;
20;11961.8;2019-04-11 15:57:30.0;
20;11962.5;2019-04-11 15:57:37.0;
20;11962.2;2019-04-11 15:57:41.0;
20;11964;2019-04-11 15:58:03.0;
20;11962.2;2019-04-11 15:58:06.0;
20;11964.8;2019-04-11 15:58:07.0;
20;11963.8;2019-04-11 15:58:16.0;
20;11964.8;2019-04-11 15:58:17.0;
20;11963.8;2019-04-11 15:58:19.0;
20;11964.2;2019-04-11 15:58:20.0;
20;11963.8;2019-04-11 15:58:22.0;
20;11963.2;2019-04-11 15:58:24.0;
20;11964.5;2019-04-11 15:58:28.0;
20;11963.8;2019-04-11 15:58:36.0;
20;11964;2019-04-11 15:58:37.0;
20;11963.8;2019-04-11 15:58:41.0;
20;11964;2019-04-11 15:58:43.0;
20;11963.8;2019-04-11 15:58:50.0;
20;11964.5;2019-04-11 15:58:56.0;
20;11963.8;2019-04-11 15:58:57.0;
20;11960.5;2019-04-11 15:59:00.0;
20;11963.8;2019-04-11 15:59:02.0;
20;11960.5;2019-04-11 15:59:03.0;
20;11961;2019-04-11 15:59:06.0;
20;11962.3;2019-04-11 15:59:09.0;
20;11960.8;2019-04-11 15:59:12.0;
20;11962.3;2019-04-11 15:59:13.0;
20;11959.5;2019-04-11 15:59:15.0;
20;11958.8;2019-04-11 15:59:20.0;
20;11959;2019-04-11 15:59:24.0;
20;11959.3;2019-04-11 15:59:29.0;
20;11958.3;2019-04-11 15:59:33.0;
20;11957.3;2019-04-11 15:59:39.0;
20;11958;2019-04-11 15:59:43.0;
20;11957.3;2019-04-11 15:59:45.0;
20;11958;2019-04-11 15:59:46.0;
20;11958.5;2019-04-11 15:59:50.0;
20;11961.5;2019-04-11 16:00:05.0;
20;11964.5;2019-04-11 16:00:09.0;
20;11962.8;2019-04-11 16:00:16.0;
20;11962;2019-04-11 16:00:17.0;
20;11962.8;2019-04-11 16:00:19.0;
20;11962;2019-04-11 16:00:20.0;
20;11961.3;2019-04-11 16:00:27.0;
20;11963.5;2019-04-11 16:00:31.0;
20;11964.3;2019-04-11 16:00:32.0;
20;11963.8;2019-04-11 16:00:41.0;
20;11964.2;2019-04-11 16:00:50.0;
20;11964;2019-04-11 16:00:54.0;
20;11964.2;2019-04-11 16:00:55.0;
20;11964.3;2019-04-11 16:00:56.0;
20;11963.8;2019-04-11 16:01:05.0;
20;11964.3;2019-04-11 16:01:08.0;
20;11962.5;2019-04-11 16:01:09.0;
20;11963.3;2019-04-11 16:01:19.0;
20;11962.8;2019-04-11 16:01:22.0;
20;11963.3;2019-04-11 16:01:23.0;
20;11963.2;2019-04-11 16:01:25.0;
20;11962.8;2019-04-11 16:01:26.0;
20;11962.5;2019-04-11 16:01:28.0;
20;11963.2;2019-04-11 16:01:34.0;
20;11961.8;2019-04-11 16:01:37.0;
20;11962.8;2019-04-11 16:01:43.0;
20;11963.2;2019-04-11 16:01:49.0;
20;11963;2019-04-11 16:02:11.0;
20;11963.3;2019-04-11 16:02:15.0;
20;11962.8;2019-04-11 16:02:18.0;
20;11963.3;2019-04-11 16:02:20.0;
20;11962.5;2019-04-11 16:02:24.0;
20;11963.3;2019-04-11 16:02:25.0;
20;11962.5;2019-04-11 16:02:27.0;
20;11961.5;2019-04-11 16:02:30.0;
20;11962;2019-04-11 16:02:31.0;
20;11961.5;2019-04-11 16:02:33.0;
20;11962;2019-04-11 16:02:34.0;
20;11962.8;2019-04-11 16:02:36.0;
20;11963.8;2019-04-11 16:02:47.0;
20;11965;2019-04-11 16:02:49.0;
20;11964.3;2019-04-11 16:02:53.0;
20;11965.5;2019-04-11 16:02:59.0;
20;11966.3;2019-04-11 16:03:06.0;
20;11966.8;2019-04-11 16:03:11.0;
20;11966.2;2019-04-11 16:03:17.0;
20;11967.2;2019-04-11 16:03:19.0;
20;11967.3;2019-04-11 16:03:24.0;
20;11967.5;2019-04-11 16:03:31.0;
20;11965.8;2019-04-11 16:03:37.0;
20;11966.5;2019-04-11 16:03:40.0;
20;11965.8;2019-04-11 16:03:42.0;
20;11966.5;2019-04-11 16:03:43.0;
20;11968.3;2019-04-11 16:03:47.0;
20;11967.8;2019-04-11 16:04:06.0;
20;11968.3;2019-04-11 16:04:09.0;
20;11967.8;2019-04-11 16:04:15.0;
20;11967.5;2019-04-11 16:04:16.0;
20;11967.8;2019-04-11 16:04:21.0;
20;11967.5;2019-04-11 16:04:23.0;
20;11967.8;2019-04-11 16:04:25.0;
20;11968.5;2019-04-11 16:04:26.0;
20;11968.2;2019-04-11 16:04:29.0;
20;11967.5;2019-04-11 16:04:34.0;
20;11967.8;2019-04-11 16:04:36.0;
20;11967;2019-04-11 16:04:45.0;
20;11966.5;2019-04-11 16:04:51.0;
20;11967.5;2019-04-11 16:04:59.0;
20;11967.8;2019-04-11 16:05:01.0;
20;11968.5;2019-04-11 16:05:08.0;
20;11969;2019-04-11 16:05:15.0;
20;11969.8;2019-04-11 16:05:23.0;
20;11970.5;2019-04-11 16:05:25.0;
20;11969.8;2019-04-11 16:05:26.0;
20;11970.5;2019-04-11 16:05:28.0;
20;11969.8;2019-04-11 16:05:29.0;
20;11968.5;2019-04-11 16:05:32.0;
20;11969.8;2019-04-11 16:05:37.0;
20;11969.2;2019-04-11 16:05:41.0;
20;11968.8;2019-04-11 16:05:48.0;
20;11969;2019-04-11 16:06:04.0;
20;11969.3;2019-04-11 16:06:12.0;
20;11968;2019-04-11 16:06:17.0;
20;11967.5;2019-04-11 16:06:19.0;
20;11969.3;2019-04-11 16:06:29.0;
20;11969.8;2019-04-11 16:06:32.0;
20;11970;2019-04-11 16:06:56.0;
20;11969.8;2019-04-11 16:06:59.0;
20;11970;2019-04-11 16:07:03.0;
20;11970.2;2019-04-11 16:07:09.0;
20;11969.8;2019-04-11 16:07:15.0;
20;11968.5;2019-04-11 16:07:20.0;
20;11968.2;2019-04-11 16:07:33.0;
20;11968.8;2019-04-11 16:07:36.0;
20;11968.2;2019-04-11 16:07:42.0;
20;11967.8;2019-04-11 16:07:45.0;
20;11966.5;2019-04-11 16:07:46.0;
20;11967.8;2019-04-11 16:07:48.0;
20;11966.5;2019-04-11 16:07:49.0;
20;11965;2019-04-11 16:08:08.0;
20;11965.8;2019-04-11 16:08:09.0;
20;11966.5;2019-04-11 16:08:14.0;
20;11964.3;2019-04-11 16:08:15.0;
20;11966.5;2019-04-11 16:08:17.0;
20;11964.3;2019-04-11 16:08:18.0;
20;11964.5;2019-04-11 16:08:21.0;
20;11965.2;2019-04-11 16:08:24.0;
20;11965.3;2019-04-11 16:08:31.0;
20;11965;2019-04-11 16:08:34.0;
20;11965.5;2019-04-11 16:08:36.0;
20;11967.3;2019-04-11 16:08:41.0;
20;11967;2019-04-11 16:08:43.0;
20;11967.3;2019-04-11 16:08:44.0;
20;11967;2019-04-11 16:08:47.0;
20;11968.5;2019-04-11 16:08:53.0;
20;11968.8;2019-04-11 16:08:57.0;
20;11969.3;2019-04-11 16:08:59.0;
20;11968.3;2019-04-11 16:09:03.0;
20;11968.8;2019-04-11 16:09:09.0;
20;11968;2019-04-11 16:09:15.0;
20;11968.2;2019-04-11 16:09:18.0;
20;11969.3;2019-04-11 16:09:21.0;
20;11969.2;2019-04-11 16:09:24.0;
20;11968.5;2019-04-11 16:09:34.0;
20;11968.8;2019-04-11 16:09:38.0;
20;11968.3;2019-04-11 16:09:41.0;
20;11968.8;2019-04-11 16:09:51.0;
20;11968;2019-04-11 16:10:04.0;
20;11967;2019-04-11 16:10:09.0;
20;11967.5;2019-04-11 16:10:12.0;
20;11968.3;2019-04-11 16:10:21.0;
20;11967.5;2019-04-11 16:10:22.0;
20;11968.3;2019-04-11 16:10:24.0;
20;11968.8;2019-04-11 16:10:26.0;
20;11970.3;2019-04-11 16:10:32.0;
20;11970;2019-04-11 16:10:36.0;
20;11968.8;2019-04-11 16:10:41.0;
20;11968.5;2019-04-11 16:10:45.0;
20;11969.5;2019-04-11 16:10:50.0;
20;11969.2;2019-04-11 16:10:52.0;
20;11969.5;2019-04-11 16:10:53.0;
20;11969.2;2019-04-11 16:10:55.0;
20;11969.5;2019-04-11 16:11:02.0;
20;11967.5;2019-04-11 16:11:04.0;
20;11967.3;2019-04-11 16:11:07.0;
20;11966.8;2019-04-11 16:11:15.0;
20;11965.5;2019-04-11 16:11:18.0;
20;11966;2019-04-11 16:11:22.0;
20;11966.2;2019-04-11 16:11:25.0;
20;11966.5;2019-04-11 16:11:30.0;
20;11966.2;2019-04-11 16:11:31.0;
20;11966.3;2019-04-11 16:11:32.0;
20;11966.5;2019-04-11 16:11:37.0;
20;11966.8;2019-04-11 16:11:41.0;
20;11966.2;2019-04-11 16:11:45.0;
20;11965.8;2019-04-11 16:11:52.0;
20;11965;2019-04-11 16:12:04.0;
20;11964.8;2019-04-11 16:12:11.0;
20;11965;2019-04-11 16:12:13.0;
20;11965.2;2019-04-11 16:12:16.0;
20;11964.2;2019-04-11 16:12:21.0;
20;11964.5;2019-04-11 16:12:29.0;
20;11963;2019-04-11 16:12:32.0;
20;11962.8;2019-04-11 16:12:42.0;
20;11963.2;2019-04-11 16:12:45.0;
20;11961.8;2019-04-11 16:12:48.0;
20;11962.5;2019-04-11 16:12:53.0;
20;11962.8;2019-04-11 16:13:04.0;
20;11963.2;2019-04-11 16:13:09.0;
20;11964.8;2019-04-11 16:13:13.0;
20;11965.3;2019-04-11 16:13:19.0;
20;11964.3;2019-04-11 16:13:28.0;
20;11964;2019-04-11 16:13:31.0;
20;11964.2;2019-04-11 16:13:35.0;
20;11964;2019-04-11 16:13:36.0;
20;11964.2;2019-04-11 16:13:39.0;
20;11966.5;2019-04-11 16:13:41.0;
20;11966.8;2019-04-11 16:13:44.0;
20;11967;2019-04-11 16:13:49.0;
20;11966.8;2019-04-11 16:13:51.0;
20;11967;2019-04-11 16:13:52.0;
20;11965.5;2019-04-11 16:14:02.0;
20;11965.3;2019-04-11 16:14:13.0;
20;11966.8;2019-04-11 16:14:14.0;
20;11966.3;2019-04-11 16:14:20.0;
20;11966.8;2019-04-11 16:14:22.0;
20;11967.2;2019-04-11 16:14:29.0;
20;11967.3;2019-04-11 16:14:32.0;
20;11967.8;2019-04-11 16:14:35.0;
20;11968.5;2019-04-11 16:14:38.0;
20;11968.2;2019-04-11 16:14:48.0;
20;11967.8;2019-04-11 16:14:53.0;
20;11968.3;2019-04-11 16:14:57.0;
20;11968.5;2019-04-11 16:14:58.0;
20;11968.3;2019-04-11 16:15:00.0;
20;11968.5;2019-04-11 16:15:01.0;
20;11969.5;2019-04-11 16:15:03.0;
20;11968.5;2019-04-11 16:15:04.0;
20;11969.5;2019-04-11 16:15:08.0;
20;11969.8;2019-04-11 16:15:09.0;
20;11970;2019-04-11 16:15:12.0;
20;11971.2;2019-04-11 16:15:13.0;
20;11971.5;2019-04-11 16:15:19.0;
20;11970.8;2019-04-11 16:15:25.0;
20;11969.8;2019-04-11 16:15:30.0;
20;11968.8;2019-04-11 16:15:34.0;
20;11967.5;2019-04-11 16:15:40.0;
20;11969.2;2019-04-11 16:15:45.0;
20;11968.5;2019-04-11 16:15:49.0;
20;11967.2;2019-04-11 16:16:04.0;
20;11968.2;2019-04-11 16:16:10.0;
20;11967.5;2019-04-11 16:16:12.0;
20;11967.8;2019-04-11 16:16:18.0;
20;11967.3;2019-04-11 16:16:23.0;
20;11967.5;2019-04-11 16:16:25.0;
20;11967.2;2019-04-11 16:16:31.0;
20;11966.5;2019-04-11 16:16:32.0;
20;11967.8;2019-04-11 16:16:37.0;
20;11968;2019-04-11 16:16:41.0;
20;11967.8;2019-04-11 16:16:45.0;
20;11968.3;2019-04-11 16:16:52.0;
20;11967.8;2019-04-11 16:16:57.0;
20;11967;2019-04-11 16:17:03.0;
20;11967.8;2019-04-11 16:17:04.0;
20;11967;2019-04-11 16:17:06.0;
20;11967.2;2019-04-11 16:17:07.0;
20;11967;2019-04-11 16:17:12.0;
20;11967.8;2019-04-11 16:17:17.0;
20;11968;2019-04-11 16:17:22.0;
20;11967.5;2019-04-11 16:17:24.0;
20;11968;2019-04-11 16:17:25.0;
20;11967.5;2019-04-11 16:17:27.0;
20;11969.2;2019-04-11 16:17:29.0;
20;11969.8;2019-04-11 16:17:33.0;
20;11970.2;2019-04-11 16:17:46.0;
20;11970.5;2019-04-11 16:17:49.0;
20;11971.3;2019-04-11 16:18:06.0;
20;11971.2;2019-04-11 16:18:13.0;
20;11971.3;2019-04-11 16:18:25.0;
20;11970.8;2019-04-11 16:18:29.0;
20;11970.2;2019-04-11 16:18:35.0;
20;11970.3;2019-04-11 16:18:36.0;
20;11969.8;2019-04-11 16:18:42.0;
20;11969.5;2019-04-11 16:18:45.0;
20;11969.2;2019-04-11 16:18:55.0;
20;11969;2019-04-11 16:18:58.0;
20;11968.8;2019-04-11 16:19:01.0;
20;11968.2;2019-04-11 16:19:07.0;
20;11968.5;2019-04-11 16:19:11.0;
20;11968.2;2019-04-11 16:19:17.0;
20;11967.8;2019-04-11 16:19:22.0;
20;11966.8;2019-04-11 16:19:29.0;
20;11967.5;2019-04-11 16:19:34.0;
20;11966.8;2019-04-11 16:19:36.0;
20;11967;2019-04-11 16:19:44.0;
20;11966.8;2019-04-11 16:19:47.0;
20;11967.8;2019-04-11 16:20:16.0;
20;11968;2019-04-11 16:20:23.0;
20;11967.8;2019-04-11 16:20:25.0;
20;11967;2019-04-11 16:20:27.0;
20;11964.8;2019-04-11 16:20:33.0;
20;11964.5;2019-04-11 16:20:37.0;
20;11965;2019-04-11 16:20:43.0;
20;11965.8;2019-04-11 16:20:48.0;
20;11965.5;2019-04-11 16:20:53.0;
20;11965;2019-04-11 16:20:57.0;
20;11964.8;2019-04-11 16:21:00.0;
20;11965;2019-04-11 16:21:09.0;
20;11965.5;2019-04-11 16:21:10.0;
20;11965;2019-04-11 16:21:12.0;
20;11965.5;2019-04-11 16:21:13.0;
20;11965.3;2019-04-11 16:21:16.0;
20;11965.5;2019-04-11 16:21:17.0;
20;11965.3;2019-04-11 16:21:19.0;
20;11964.8;2019-04-11 16:21:20.0;
20;11965.3;2019-04-11 16:21:23.0;
20;11964.8;2019-04-11 16:21:25.0;
20;11963.5;2019-04-11 16:21:39.0;
20;11964.8;2019-04-11 16:21:40.0;
20;11963.5;2019-04-11 16:21:41.0;
20;11963.8;2019-04-11 16:21:46.0;
20;11964.5;2019-04-11 16:22:04.0;
20;11963.8;2019-04-11 16:22:13.0;
20;11964.2;2019-04-11 16:22:19.0;
20;11965;2019-04-11 16:22:23.0;
20;11965.8;2019-04-11 16:22:30.0;
20;11965;2019-04-11 16:22:34.0;
20;11965.3;2019-04-11 16:22:39.0;
20;11964.5;2019-04-11 16:22:40.0;
20;11964.8;2019-04-11 16:22:47.0;
20;11965.2;2019-04-11 16:22:54.0;
20;11965.3;2019-04-11 16:22:55.0;
20;11965.2;2019-04-11 16:22:56.0;
20;11965.3;2019-04-11 16:22:58.0;
20;11966.5;2019-04-11 16:23:01.0;
20;11966.2;2019-04-11 16:23:13.0;
20;11965.2;2019-04-11 16:23:18.0;
20;11964.3;2019-04-11 16:23:25.0;
20;11964.5;2019-04-11 16:23:29.0;
20;11965.3;2019-04-11 16:23:32.0;
20;11965;2019-04-11 16:23:37.0;
20;11964.8;2019-04-11 16:23:38.0;
20;11965;2019-04-11 16:23:39.0;
20;11964.8;2019-04-11 16:23:41.0;
20;11964.5;2019-04-11 16:23:50.0;
20;11963.3;2019-04-11 16:24:05.0;
20;11963.8;2019-04-11 16:24:07.0;
20;11963.3;2019-04-11 16:24:09.0;
20;11963.8;2019-04-11 16:24:11.0;
20;11962.5;2019-04-11 16:24:17.0;
20;11963;2019-04-11 16:24:23.0;
20;11963.2;2019-04-11 16:24:25.0;
20;11963;2019-04-11 16:24:26.0;
20;11963.3;2019-04-11 16:24:27.0;
20;11965.8;2019-04-11 16:24:34.0;
20;11963.5;2019-04-11 16:24:36.0;
20;11965.8;2019-04-11 16:24:37.0;
20;11966.5;2019-04-11 16:24:39.0;
20;11965.8;2019-04-11 16:24:41.0;
20;11966.5;2019-04-11 16:24:42.0;
20;11966.2;2019-04-11 16:24:50.0;
20;11966.8;2019-04-11 16:24:51.0;
20;11967.8;2019-04-11 16:24:55.0;
20;11968;2019-04-11 16:25:00.0;
20;11967.2;2019-04-11 16:25:04.0;
20;11967.8;2019-04-11 16:25:10.0;
20;11967.2;2019-04-11 16:25:16.0;
20;11967.8;2019-04-11 16:25:18.0;
20;11967;2019-04-11 16:25:19.0;
20;11967.8;2019-04-11 16:25:27.0;
20;11967;2019-04-11 16:25:28.0;
20;11967.8;2019-04-11 16:25:30.0;
20;11966.8;2019-04-11 16:25:35.0;
20;11967.2;2019-04-11 16:25:43.0;
20;11965.8;2019-04-11 16:25:47.0;
20;11967;2019-04-11 16:26:05.0;
20;11965.8;2019-04-11 16:26:06.0;
20;11967.5;2019-04-11 16:26:08.0;
20;11967;2019-04-11 16:26:10.0;
20;11967.5;2019-04-11 16:26:11.0;
20;11967.8;2019-04-11 16:26:16.0;
20;11968.2;2019-04-11 16:26:20.0;
20;11969.5;2019-04-11 16:26:26.0;
20;11968;2019-04-11 16:26:30.0;
20;11967.3;2019-04-11 16:26:33.0;
20;11967.2;2019-04-11 16:26:40.0;
20;11967.3;2019-04-11 16:26:46.0;
20;11967.8;2019-04-11 16:26:50.0;
20;11967.3;2019-04-11 16:26:52.0;
20;11967.5;2019-04-11 16:26:57.0;
20;11966;2019-04-11 16:27:04.0;
20;11966.8;2019-04-11 16:27:08.0;
20;11966.3;2019-04-11 16:27:14.0;
20;11966.8;2019-04-11 16:27:17.0;
20;11967.3;2019-04-11 16:27:22.0;
20;11967.2;2019-04-11 16:27:23.0;
20;11967.5;2019-04-11 16:27:30.0;
20;11968.8;2019-04-11 16:27:34.0;
20;11969.8;2019-04-11 16:27:42.0;
20;11968.5;2019-04-11 16:27:47.0;
20;11967.8;2019-04-11 16:27:48.0;
20;11966.8;2019-04-11 16:28:05.0;
20;11968.2;2019-04-11 16:28:07.0;
20;11969.5;2019-04-11 16:28:13.0;
20;11968;2019-04-11 16:28:19.0;
20;11969;2019-04-11 16:28:22.0;
20;11968;2019-04-11 16:28:23.0;
20;11968.8;2019-04-11 16:28:26.0;
20;11968;2019-04-11 16:28:29.0;
20;11968.8;2019-04-11 16:28:31.0;
20;11969.2;2019-04-11 16:28:33.0;
20;11968;2019-04-11 16:28:36.0;
20;11969;2019-04-11 16:28:39.0;
20;11969.3;2019-04-11 16:28:47.0;
20;11969;2019-04-11 16:28:48.0;
20;11969.8;2019-04-11 16:28:54.0;
20;11970.2;2019-04-11 16:28:57.0;
20;11969.3;2019-04-11 16:29:05.0;
20;11969.5;2019-04-11 16:29:06.0;
20;11969.3;2019-04-11 16:29:10.0;
20;11968.5;2019-04-11 16:29:12.0;
20;11968.8;2019-04-11 16:29:17.0;
20;11968.5;2019-04-11 16:29:18.0;
20;11969.2;2019-04-11 16:29:19.0;
20;11970.2;2019-04-11 16:29:24.0;
20;11970.3;2019-04-11 16:29:27.0;
20;11970.5;2019-04-11 16:29:32.0;
20;11970.3;2019-04-11 16:29:37.0;
20;11970;2019-04-11 16:29:40.0;
20;11969.8;2019-04-11 16:29:45.0;
20;11970.2;2019-04-11 16:29:48.0;
20;11969.8;2019-04-11 16:29:50.0;
20;11970.2;2019-04-11 16:29:51.0;
20;11969.3;2019-04-11 16:30:06.0;
20;11968.2;2019-04-11 16:30:10.0;
20;11968.5;2019-04-11 16:30:19.0;
20;11968.3;2019-04-11 16:30:21.0;
20;11966.3;2019-04-11 16:30:27.0;
20;11965.8;2019-04-11 16:30:31.0;
20;11966.8;2019-04-11 16:30:36.0;
20;11967.2;2019-04-11 16:30:40.0;
20;11966.8;2019-04-11 16:30:42.0;
20;11967.2;2019-04-11 16:30:43.0;
20;11966.3;2019-04-11 16:30:48.0;
20;11966;2019-04-11 16:30:51.0;
20;11965.8;2019-04-11 16:30:57.0;
20;11965.3;2019-04-11 16:31:10.0;
20;11965.5;2019-04-11 16:31:13.0;
20;11963.8;2019-04-11 16:31:17.0;
20;11964.2;2019-04-11 16:31:19.0;
20;11964.5;2019-04-11 16:31:24.0;
20;11964.2;2019-04-11 16:31:26.0;
20;11964.3;2019-04-11 16:31:32.0;
20;11964.2;2019-04-11 16:31:35.0;
20;11964.3;2019-04-11 16:31:36.0;
20;11965.3;2019-04-11 16:31:37.0;
20;11964.3;2019-04-11 16:31:39.0;
20;11965.3;2019-04-11 16:31:40.0;
20;11964.8;2019-04-11 16:31:41.0;
20;11966.8;2019-04-11 16:31:44.0;
20;11967.2;2019-04-11 16:31:49.0;
20;11966.8;2019-04-11 16:31:50.0;
20;11967.2;2019-04-11 16:31:52.0;
20;11972.3;2019-04-11 16:32:03.0;
20;11971.8;2019-04-11 16:32:07.0;
20;11972.8;2019-04-11 16:32:11.0;
20;11971.8;2019-04-11 16:32:13.0;
20;11972.8;2019-04-11 16:32:14.0;
20;11971.8;2019-04-11 16:32:17.0;
20;11972.3;2019-04-11 16:32:29.0;
20;11971.8;2019-04-11 16:32:34.0;
20;11972;2019-04-11 16:32:37.0;
20;11971.8;2019-04-11 16:32:42.0;
20;11972;2019-04-11 16:32:46.0;
20;11971.8;2019-04-11 16:32:47.0;
20;11971.2;2019-04-11 16:32:53.0;
20;11970.5;2019-04-11 16:32:59.0;
20;11970.3;2019-04-11 16:33:07.0;
20;11970;2019-04-11 16:33:08.0;
20;11969.5;2019-04-11 16:33:14.0;
20;11970.8;2019-04-11 16:33:17.0;
20;11969.5;2019-04-11 16:33:19.0;
20;11970.5;2019-04-11 16:33:20.0;
20;11970.8;2019-04-11 16:33:28.0;
20;11971.3;2019-04-11 16:33:30.0;
20;11970.5;2019-04-11 16:33:33.0;
20;11971.3;2019-04-11 16:33:34.0;
20;11970.5;2019-04-11 16:33:36.0;
20;11970.2;2019-04-11 16:33:38.0;
20;11970;2019-04-11 16:33:40.0;
20;11968.8;2019-04-11 16:33:48.0;
20;11969.8;2019-04-11 16:34:04.0;
20;11969.5;2019-04-11 16:34:13.0;
20;11970.8;2019-04-11 16:34:16.0;
20;11969.3;2019-04-11 16:34:19.0;
20;11968.5;2019-04-11 16:34:23.0;
20;11968.8;2019-04-11 16:34:29.0;
20;11967.5;2019-04-11 16:34:35.0;
20;11968.8;2019-04-11 16:34:41.0;
20;11970;2019-04-11 16:34:44.0;
20;11969.8;2019-04-11 16:34:49.0;
20;11970.2;2019-04-11 16:34:52.0;
20;11970;2019-04-11 16:34:55.0;
20;11969.5;2019-04-11 16:35:02.0;
20;11970;2019-04-11 16:35:04.0;
20;11969.5;2019-04-11 16:35:06.0;
20;11970.2;2019-04-11 16:35:09.0;
20;11970.5;2019-04-11 16:35:13.0;
20;11969.8;2019-04-11 16:35:18.0;
20;11971.3;2019-04-11 16:35:19.0;
20;11971.5;2019-04-11 16:35:24.0;
20;11971.3;2019-04-11 16:35:25.0;
20;11971.5;2019-04-11 16:35:27.0;
20;11972.5;2019-04-11 16:35:29.0;
20;11972.2;2019-04-11 16:35:33.0;
20;11972.8;2019-04-11 16:35:39.0;
20;11971.5;2019-04-11 16:35:48.0;
20;11970.8;2019-04-11 16:36:06.0;
20;11970;2019-04-11 16:36:10.0;
20;11972;2019-04-11 16:36:16.0;
20;11970.8;2019-04-11 16:36:21.0;
20;11971.3;2019-04-11 16:36:22.0;
20;11970.8;2019-04-11 16:36:24.0;
20;11971.3;2019-04-11 16:36:25.0;
20;11972;2019-04-11 16:36:31.0;
20;11971.3;2019-04-11 16:36:34.0;
20;11972.3;2019-04-11 16:36:48.0;
20;11972.8;2019-04-11 16:36:51.0;
20;11972.2;2019-04-11 16:36:55.0;
20;11972.8;2019-04-11 16:37:01.0;
20;11974.2;2019-04-11 16:37:04.0;
20;11972.8;2019-04-11 16:37:05.0;
20;11974.8;2019-04-11 16:37:07.0;
20;11974.2;2019-04-11 16:37:08.0;
20;11974.8;2019-04-11 16:37:10.0;
20;11975;2019-04-11 16:37:14.0;
20;11974.8;2019-04-11 16:37:18.0;
20;11973.8;2019-04-11 16:37:24.0;
20;11974;2019-04-11 16:37:29.0;
20;11974.8;2019-04-11 16:37:31.0;
20;11974.5;2019-04-11 16:37:40.0;
20;11975.2;2019-04-11 16:37:43.0;
20;11974.5;2019-04-11 16:37:47.0;
20;11975.2;2019-04-11 16:37:49.0;
20;11974.5;2019-04-11 16:37:51.0;
20;11975.8;2019-04-11 16:38:04.0;
20;11975.3;2019-04-11 16:38:09.0;
20;11974.8;2019-04-11 16:38:12.0;
20;11975.3;2019-04-11 16:38:22.0;
20;11975;2019-04-11 16:38:27.0;
20;11974.8;2019-04-11 16:38:32.0;
20;11974.5;2019-04-11 16:38:37.0;
20;11974;2019-04-11 16:38:43.0;
20;11974.3;2019-04-11 16:38:54.0;
20;11973.8;2019-04-11 16:38:58.0;
20;11974.5;2019-04-11 16:39:09.0;
20;11973.8;2019-04-11 16:39:24.0;
20;11973.5;2019-04-11 16:39:29.0;
20;11972.5;2019-04-11 16:39:36.0;
20;11972.8;2019-04-11 16:39:39.0;
20;11973.8;2019-04-11 16:39:51.0;
20;11974;2019-04-11 16:40:04.0;
20;11973.8;2019-04-11 16:40:12.0;
20;11973.3;2019-04-11 16:40:16.0;
20;11973.8;2019-04-11 16:40:17.0;
20;11973.3;2019-04-11 16:40:19.0;
20;11973;2019-04-11 16:40:20.0;
20;11972.8;2019-04-11 16:40:23.0;
20;11973;2019-04-11 16:40:25.0;
20;11972.8;2019-04-11 16:40:26.0;
20;11974.3;2019-04-11 16:40:31.0;
20;11974.2;2019-04-11 16:40:33.0;
20;11973.5;2019-04-11 16:40:35.0;
20;11974.2;2019-04-11 16:40:36.0;
20;11973.5;2019-04-11 16:40:39.0;
20;11973.8;2019-04-11 16:40:41.0;
20;11976;2019-04-11 16:40:50.0;
20;11975.2;2019-04-11 16:40:57.0;
20;11975.5;2019-04-11 16:41:01.0;
20;11975.2;2019-04-11 16:41:02.0;
20;11973.5;2019-04-11 16:41:08.0;
20;11973.8;2019-04-11 16:41:13.0;
20;11973;2019-04-11 16:41:19.0;
20;11973.5;2019-04-11 16:41:23.0;
20;11973.8;2019-04-11 16:41:29.0;
20;11974.8;2019-04-11 16:41:34.0;
20;11977;2019-04-11 16:41:35.0;
20;11974.8;2019-04-11 16:41:37.0;
20;11977;2019-04-11 16:41:38.0;
20;11976.5;2019-04-11 16:41:46.0;
20;11976;2019-04-11 16:42:04.0;
20;11976.5;2019-04-11 16:42:09.0;
20;11976.8;2019-04-11 16:42:12.0;
20;11976.5;2019-04-11 16:42:14.0;
20;11977;2019-04-11 16:42:15.0;
20;11976.8;2019-04-11 16:42:22.0;
20;11977.5;2019-04-11 16:42:30.0;
20;11977.8;2019-04-11 16:42:31.0;
20;11977.3;2019-04-11 16:42:36.0;
20;11977.8;2019-04-11 16:42:37.0;
20;11977.3;2019-04-11 16:42:39.0;
20;11978.5;2019-04-11 16:42:41.0;
20;11978;2019-04-11 16:42:47.0;
20;11977.8;2019-04-11 16:42:54.0;
20;11978.8;2019-04-11 16:43:03.0;
20;11982.5;2019-04-11 16:43:11.0;
20;11980.8;2019-04-11 16:43:16.0;
20;11981.5;2019-04-11 16:43:21.0;
20;11979.8;2019-04-11 16:43:27.0;
20;11979.3;2019-04-11 16:43:32.0;
20;11978.2;2019-04-11 16:43:38.0;
20;11978.8;2019-04-11 16:43:41.0;
20;11978.2;2019-04-11 16:43:42.0;
20;11978.3;2019-04-11 16:43:46.0;
20;11977.8;2019-04-11 16:43:48.0;
20;11977.5;2019-04-11 16:44:03.0;
20;11977.8;2019-04-11 16:44:04.0;
20;11977.5;2019-04-11 16:44:06.0;
20;11977.2;2019-04-11 16:44:09.0;
20;11977.5;2019-04-11 16:44:11.0;
20;11976.3;2019-04-11 16:44:12.0;
20;11976;2019-04-11 16:44:17.0;
20;11975.3;2019-04-11 16:44:19.0;
20;11976;2019-04-11 16:44:21.0;
20;11975.3;2019-04-11 16:44:22.0;
20;11975.5;2019-04-11 16:44:28.0;
20;11975.3;2019-04-11 16:44:30.0;
20;11975.8;2019-04-11 16:44:31.0;
20;11975.5;2019-04-11 16:44:32.0;
20;11975.8;2019-04-11 16:44:34.0;
20;11976.2;2019-04-11 16:44:42.0;
20;11976;2019-04-11 16:44:44.0;
20;11974.8;2019-04-11 16:44:49.0;
20;11973;2019-04-11 16:44:50.0;
20;11974.5;2019-04-11 16:44:59.0;
20;11973.2;2019-04-11 16:45:02.0;
20;11972.8;2019-04-11 16:45:07.0;
20;11973.2;2019-04-11 16:45:13.0;
20;11973.5;2019-04-11 16:45:17.0;
20;11973.2;2019-04-11 16:45:18.0;
20;11973.8;2019-04-11 16:45:20.0;
20;11973.5;2019-04-11 16:45:21.0;
20;11973.8;2019-04-11 16:45:23.0;
20;11974.8;2019-04-11 16:45:31.0;
20;11974.2;2019-04-11 16:45:37.0;
20;11973.3;2019-04-11 16:45:42.0;
20;11972.8;2019-04-11 16:45:43.0;
20;11973.3;2019-04-11 16:45:45.0;
20;11972.8;2019-04-11 16:45:46.0;
20;11972;2019-04-11 16:45:48.0;
20;11972.3;2019-04-11 16:46:04.0;
20;11971.8;2019-04-11 16:46:09.0;
20;11972;2019-04-11 16:46:14.0;
20;11972.8;2019-04-11 16:46:16.0;
20;11972;2019-04-11 16:46:18.0;
20;11972.8;2019-04-11 16:46:19.0;
20;11973.8;2019-04-11 16:46:21.0;
20;11973.5;2019-04-11 16:46:28.0;
20;11973.2;2019-04-11 16:46:35.0;
20;11973;2019-04-11 16:46:36.0;
20;11973.8;2019-04-11 16:46:41.0;
20;11973.2;2019-04-11 16:46:45.0;
20;11972.8;2019-04-11 16:46:48.0;
20;11973.2;2019-04-11 16:46:50.0;
20;11973;2019-04-11 16:46:51.0;
20;11972.2;2019-04-11 16:46:59.0;
20;11972.8;2019-04-11 16:47:00.0;
20;11972.2;2019-04-11 16:47:04.0;
20;11970.2;2019-04-11 16:47:09.0;
20;11969.8;2019-04-11 16:47:15.0;
20;11970.5;2019-04-11 16:47:22.0;
20;11970.2;2019-04-11 16:47:24.0;
20;11970.5;2019-04-11 16:47:25.0;
20;11971;2019-04-11 16:47:29.0;
20;11970.2;2019-04-11 16:47:31.0;
20;11971;2019-04-11 16:47:37.0;
20;11970.3;2019-04-11 16:47:40.0;
20;11970;2019-04-11 16:47:44.0;
20;11969.8;2019-04-11 16:47:49.0;
20;11967.5;2019-04-11 16:48:04.0;
20;11968.8;2019-04-11 16:48:10.0;
20;11968.5;2019-04-11 16:48:12.0;
20;11968.8;2019-04-11 16:48:14.0;
20;11968.5;2019-04-11 16:48:22.0;
20;11969.5;2019-04-11 16:48:23.0;
20;11968.5;2019-04-11 16:48:25.0;
20;11968.8;2019-04-11 16:48:26.0;
20;11968.5;2019-04-11 16:48:28.0;
20;11968.8;2019-04-11 16:48:29.0;
20;11968.5;2019-04-11 16:48:32.0;
20;11967.5;2019-04-11 16:48:38.0;
20;11968.2;2019-04-11 16:48:40.0;
20;11967.2;2019-04-11 16:48:44.0;
20;11967.8;2019-04-11 16:48:46.0;
20;11967.2;2019-04-11 16:48:53.0;
20;11967.8;2019-04-11 16:49:02.0;
20;11968.8;2019-04-11 16:49:08.0;
20;11968.2;2019-04-11 16:49:10.0;
20;11967.8;2019-04-11 16:49:20.0;
20;11966.8;2019-04-11 16:49:22.0;
20;11966.3;2019-04-11 16:49:30.0;
20;11967;2019-04-11 16:49:32.0;
20;11966;2019-04-11 16:49:36.0;
20;11966.2;2019-04-11 16:49:41.0;
20;11965.5;2019-04-11 16:49:42.0;
20;11966.8;2019-04-11 16:49:47.0;
20;11966.3;2019-04-11 16:50:07.0;
20;11966.5;2019-04-11 16:50:14.0;
20;11968.8;2019-04-11 16:50:17.0;
20;11969;2019-04-11 16:50:25.0;
20;11968.8;2019-04-11 16:50:29.0;
20;11968.5;2019-04-11 16:50:35.0;
20;11967.8;2019-04-11 16:50:40.0;
20;11968.8;2019-04-11 16:50:45.0;
20;11967.8;2019-04-11 16:50:47.0;
20;11968.8;2019-04-11 16:50:49.0;
20;11967.8;2019-04-11 16:50:50.0;
20;11968.2;2019-04-11 16:50:52.0;
20;11968.5;2019-04-11 16:51:01.0;
20;11967.8;2019-04-11 16:51:02.0;
20;11968.5;2019-04-11 16:51:04.0;
20;11967.8;2019-04-11 16:51:05.0;
20;11968;2019-04-11 16:51:11.0;
20;11967.8;2019-04-11 16:51:14.0;
20;11968;2019-04-11 16:51:16.0;
20;11967.8;2019-04-11 16:51:20.0;
20;11967.5;2019-04-11 16:51:24.0;
20;11967.8;2019-04-11 16:51:26.0;
20;11968;2019-04-11 16:51:33.0;
20;11968.2;2019-04-11 16:51:40.0;
20;11968.8;2019-04-11 16:51:44.0;
20;11969.3;2019-04-11 16:51:48.0;
20;11970;2019-04-11 16:52:02.0;
20;11969.8;2019-04-11 16:52:08.0;
20;11970.3;2019-04-11 16:52:13.0;
20;11970.5;2019-04-11 16:52:25.0;
20;11969.3;2019-04-11 16:52:27.0;
20;11970.3;2019-04-11 16:52:34.0;
20;11970.8;2019-04-11 16:52:40.0;
20;11970.5;2019-04-11 16:52:44.0;
20;11970.8;2019-04-11 16:52:46.0;
20;11970.5;2019-04-11 16:52:47.0;
20;11970.8;2019-04-11 16:52:49.0;
20;11971.3;2019-04-11 16:52:52.0;
20;11971.8;2019-04-11 16:52:57.0;
20;11971.5;2019-04-11 16:52:59.0;
20;11971.8;2019-04-11 16:53:00.0;
20;11971.5;2019-04-11 16:53:01.0;
20;11971.8;2019-04-11 16:53:03.0;
20;11972.5;2019-04-11 16:53:14.0;
20;11971.8;2019-04-11 16:53:15.0;
20;11972.5;2019-04-11 16:53:17.0;
20;11972.2;2019-04-11 16:53:20.0;
20;11972.5;2019-04-11 16:53:24.0;
20;11972.2;2019-04-11 16:53:33.0;
20;11971.5;2019-04-11 16:53:35.0;
20;11972.2;2019-04-11 16:53:36.0;
20;11971.5;2019-04-11 16:53:37.0;
20;11972.3;2019-04-11 16:53:39.0;
20;11971.8;2019-04-11 16:53:46.0;
20;11973.5;2019-04-11 16:54:03.0;
20;11974;2019-04-11 16:54:11.0;
20;11973.5;2019-04-11 16:54:12.0;
20;11973;2019-04-11 16:54:18.0;
20;11972.3;2019-04-11 16:54:26.0;
20;11972;2019-04-11 16:54:37.0;
20;11972.2;2019-04-11 16:54:40.0;
20;11972.3;2019-04-11 16:54:45.0;
20;11971.3;2019-04-11 16:54:49.0;
20;11969.5;2019-04-11 16:54:54.0;
20;11969.2;2019-04-11 16:54:59.0;
20;11968.8;2019-04-11 16:55:01.0;
20;11968.3;2019-04-11 16:55:07.0;
20;11968.8;2019-04-11 16:55:13.0;
20;11969.3;2019-04-11 16:55:18.0;
20;11969;2019-04-11 16:55:24.0;
20;11969.3;2019-04-11 16:55:28.0;
20;11968.5;2019-04-11 16:55:40.0;
20;11968.8;2019-04-11 16:55:52.0;
20;11968.2;2019-04-11 16:56:06.0;
20;11969.2;2019-04-11 16:56:11.0;
20;11968.2;2019-04-11 16:56:12.0;
20;11969.2;2019-04-11 16:56:14.0;
20;11970.8;2019-04-11 16:56:17.0;
20;11970;2019-04-11 16:56:23.0;
20;11969.8;2019-04-11 16:56:24.0;
20;11970;2019-04-11 16:56:28.0;
20;11970.5;2019-04-11 16:56:33.0;
20;11969.8;2019-04-11 16:56:39.0;
20;11969.3;2019-04-11 16:56:46.0;
20;11970.5;2019-04-11 16:56:47.0;
20;11969.3;2019-04-11 16:56:49.0;
20;11970.5;2019-04-11 16:56:50.0;
20;11969.8;2019-04-11 16:56:56.0;
20;11970.2;2019-04-11 16:57:01.0;
20;11969.8;2019-04-11 16:57:03.0;
20;11970.8;2019-04-11 16:57:04.0;
20;11970.3;2019-04-11 16:57:09.0;
20;11971.8;2019-04-11 16:57:21.0;
20;11971.5;2019-04-11 16:57:26.0;
20;11971.3;2019-04-11 16:57:28.0;
20;11971.5;2019-04-11 16:57:29.0;
20;11971.3;2019-04-11 16:57:30.0;
20;11971.5;2019-04-11 16:57:38.0;
20;11973.5;2019-04-11 16:57:40.0;
20;11974.2;2019-04-11 16:57:46.0;
20;11973.5;2019-04-11 16:57:48.0;
20;11974.2;2019-04-11 16:57:49.0;
20;11973.5;2019-04-11 16:57:51.0;
20;11973.2;2019-04-11 16:58:04.0;
20;11972.8;2019-04-11 16:58:08.0;
20;11973.5;2019-04-11 16:58:16.0;
20;11973.3;2019-04-11 16:58:18.0;
20;11973.2;2019-04-11 16:58:19.0;
20;11973.3;2019-04-11 16:58:22.0;
20;11973.2;2019-04-11 16:58:23.0;
20;11973.5;2019-04-11 16:58:26.0;
20;11974;2019-04-11 16:58:28.0;
20;11974.8;2019-04-11 16:58:32.0;
20;11975.3;2019-04-11 16:58:40.0;
20;11974.3;2019-04-11 16:58:43.0;
20;11973.3;2019-04-11 16:58:44.0;
20;11972.2;2019-04-11 16:58:50.0;
20;11972.5;2019-04-11 16:58:53.0;
20;11972.2;2019-04-11 16:58:54.0;
20;11972;2019-04-11 16:58:56.0;
20;11971.8;2019-04-11 16:59:01.0;
20;11972.3;2019-04-11 16:59:08.0;
20;11972.2;2019-04-11 16:59:19.0;
20;11972.3;2019-04-11 16:59:20.0;
20;11972;2019-04-11 16:59:22.0;
20;11971.8;2019-04-11 16:59:28.0;
20;11972;2019-04-11 16:59:31.0;
20;11973.2;2019-04-11 16:59:32.0;
20;11973;2019-04-11 16:59:40.0;
20;11973.2;2019-04-11 16:59:41.0;
20;11973.8;2019-04-11 16:59:43.0;
20;11974.8;2019-04-11 16:59:50.0;
20;11975;2019-04-11 17:00:09.0;
20;11974.8;2019-04-11 17:00:11.0;
20;11975.8;2019-04-11 17:00:13.0;
20;11976;2019-04-11 17:00:17.0;
20;11977.2;2019-04-11 17:00:21.0;
20;11976;2019-04-11 17:00:23.0;
20;11976.5;2019-04-11 17:00:24.0;
20;11976.8;2019-04-11 17:00:27.0;
20;11976.5;2019-04-11 17:00:29.0;
20;11976.8;2019-04-11 17:00:30.0;
20;11977.3;2019-04-11 17:00:36.0;
20;11978.3;2019-04-11 17:00:41.0;
20;11978;2019-04-11 17:00:47.0;
20;11975.5;2019-04-11 17:00:48.0;
20;11976.5;2019-04-11 17:00:55.0;
20;11977;2019-04-11 17:00:58.0;
20;11978;2019-04-11 17:01:09.0;
20;11978.5;2019-04-11 17:01:15.0;
20;11979;2019-04-11 17:01:20.0;
20;11979.5;2019-04-11 17:01:24.0;
20;11980.5;2019-04-11 17:01:30.0;
20;11979.8;2019-04-11 17:01:35.0;
20;11980;2019-04-11 17:01:36.0;
20;11980.2;2019-04-11 17:01:42.0;
20;11980;2019-04-11 17:01:49.0;
20;11977.8;2019-04-11 17:02:03.0;
20;11977.5;2019-04-11 17:02:09.0;
20;11977.2;2019-04-11 17:02:13.0;
20;11976.2;2019-04-11 17:02:18.0;
20;11975.5;2019-04-11 17:02:22.0;
20;11975.8;2019-04-11 17:02:23.0;
20;11975.3;2019-04-11 17:02:29.0;
20;11975.8;2019-04-11 17:02:31.0;
20;11975;2019-04-11 17:02:36.0;
20;11974.8;2019-04-11 17:02:40.0;
20;11975.2;2019-04-11 17:02:45.0;
20;11975.8;2019-04-11 17:02:50.0;
20;11976.3;2019-04-11 17:02:52.0;
20;11977.2;2019-04-11 17:03:04.0;
20;11977.3;2019-04-11 17:03:10.0;
20;11977.5;2019-04-11 17:03:20.0;
20;11976.5;2019-04-11 17:03:26.0;
20;11975.5;2019-04-11 17:03:28.0;
20;11974.8;2019-04-11 17:03:32.0;
20;11971.5;2019-04-11 17:03:38.0;
20;11972;2019-04-11 17:03:44.0;
20;11972.2;2019-04-11 17:03:49.0;
20;11973.2;2019-04-11 17:04:06.0;
20;11972.5;2019-04-11 17:04:11.0;
20;11972.8;2019-04-11 17:04:18.0;
20;11973.2;2019-04-11 17:04:23.0;
20;11973.8;2019-04-11 17:04:28.0;
20;11972.5;2019-04-11 17:04:34.0;
20;11973.3;2019-04-11 17:04:39.0;
20;11974;2019-04-11 17:04:45.0;
20;11973.8;2019-04-11 17:04:49.0;
20;11974;2019-04-11 17:04:53.0;
20;11975;2019-04-11 17:04:55.0;
20;11975.8;2019-04-11 17:04:59.0;
20;11975.5;2019-04-11 17:05:11.0;
20;11975.8;2019-04-11 17:05:22.0;
20;11976.2;2019-04-11 17:05:23.0;
20;11975.2;2019-04-11 17:05:30.0;
20;11974.2;2019-04-11 17:05:32.0;
20;11974.8;2019-04-11 17:05:37.0;
20;11974.5;2019-04-11 17:05:38.0;
20;11974.8;2019-04-11 17:05:45.0;
20;11973.2;2019-04-11 17:05:47.0;
20;11974;2019-04-11 17:06:05.0;
20;11973.8;2019-04-11 17:06:08.0;
20;11974.2;2019-04-11 17:06:11.0;
20;11973.8;2019-04-11 17:06:13.0;
20;11974.8;2019-04-11 17:06:14.0;
20;11974.5;2019-04-11 17:06:34.0;
20;11975.8;2019-04-11 17:06:50.0;
20;11975.3;2019-04-11 17:06:55.0;
20;11974.8;2019-04-11 17:06:56.0;
20;11975.3;2019-04-11 17:06:57.0;
20;11974.8;2019-04-11 17:06:59.0;
20;11974.2;2019-04-11 17:07:01.0;
20;11973.8;2019-04-11 17:07:09.0;
20;11972;2019-04-11 17:07:16.0;
20;11972.5;2019-04-11 17:07:22.0;
20;11972.8;2019-04-11 17:07:23.0;
20;11973;2019-04-11 17:07:37.0;
20;11973.5;2019-04-11 17:07:38.0;
20;11973;2019-04-11 17:07:39.0;
20;11973.5;2019-04-11 17:07:42.0;
20;11973.3;2019-04-11 17:07:44.0;
20;11973.2;2019-04-11 17:07:48.0;
20;11973.3;2019-04-11 17:07:50.0;
20;11973.2;2019-04-11 17:07:51.0;
20;11973.3;2019-04-11 17:08:03.0;
20;11974.3;2019-04-11 17:08:09.0;
20;11974.5;2019-04-11 17:08:14.0;
20;11974;2019-04-11 17:08:17.0;
20;11974.5;2019-04-11 17:08:26.0;
20;11975.5;2019-04-11 17:08:29.0;
20;11976;2019-04-11 17:08:32.0;
20;11976.5;2019-04-11 17:08:38.0;
20;11976.3;2019-04-11 17:08:43.0;
20;11975.2;2019-04-11 17:08:49.0;
20;11975.5;2019-04-11 17:09:00.0;
20;11976;2019-04-11 17:09:13.0;
20;11976.2;2019-04-11 17:09:14.0;
20;11975.2;2019-04-11 17:09:16.0;
20;11975.8;2019-04-11 17:09:20.0;
20;11976.2;2019-04-11 17:09:26.0;
20;11976;2019-04-11 17:09:28.0;
20;11975.5;2019-04-11 17:09:32.0;
20;11975.3;2019-04-11 17:09:37.0;
20;11975.5;2019-04-11 17:09:40.0;
20;11975.3;2019-04-11 17:09:42.0;
20;11975.8;2019-04-11 17:09:43.0;
20;11975.5;2019-04-11 17:09:49.0;
20;11976.8;2019-04-11 17:10:05.0;
20;11977;2019-04-11 17:10:08.0;
20;11976.8;2019-04-11 17:10:17.0;
20;11977;2019-04-11 17:10:23.0;
20;11976.8;2019-04-11 17:10:27.0;
20;11975.2;2019-04-11 17:10:31.0;
20;11975;2019-04-11 17:10:36.0;
20;11973;2019-04-11 17:10:44.0;
20;11972.8;2019-04-11 17:10:49.0;
20;11973;2019-04-11 17:10:50.0;
20;11972.8;2019-04-11 17:10:51.0;
20;11972.5;2019-04-11 17:10:53.0;
20;11972.2;2019-04-11 17:10:56.0;
20;11971.8;2019-04-11 17:11:01.0;
20;11972.3;2019-04-11 17:11:05.0;
20;11971.5;2019-04-11 17:11:08.0;
20;11971;2019-04-11 17:11:13.0;
20;11971.2;2019-04-11 17:11:22.0;
20;11971.8;2019-04-11 17:11:26.0;
20;11970.8;2019-04-11 17:11:28.0;
20;11971;2019-04-11 17:11:34.0;
20;11970.8;2019-04-11 17:11:35.0;
20;11971;2019-04-11 17:11:36.0;
20;11970.8;2019-04-11 17:11:38.0;
20;11970.3;2019-04-11 17:11:45.0;
20;11971.3;2019-04-11 17:11:50.0;
20;11970.8;2019-04-11 17:12:06.0;
20;11971;2019-04-11 17:12:11.0;
20;11970.8;2019-04-11 17:12:15.0;
20;11971.2;2019-04-11 17:12:18.0;
20;11970.8;2019-04-11 17:12:21.0;
20;11971.5;2019-04-11 17:12:27.0;
20;11972.5;2019-04-11 17:12:33.0;
20;11972.2;2019-04-11 17:12:37.0;
20;11971.8;2019-04-11 17:12:43.0;
20;11972;2019-04-11 17:12:46.0;
20;11972.5;2019-04-11 17:12:48.0;
20;11973.5;2019-04-11 17:12:54.0;
20;11974.2;2019-04-11 17:13:00.0;
20;11972.5;2019-04-11 17:13:18.0;
20;11972.3;2019-04-11 17:13:22.0;
20;11972.8;2019-04-11 17:13:28.0;
20;11972.2;2019-04-11 17:13:33.0;
20;11972;2019-04-11 17:13:45.0;
20;11971.5;2019-04-11 17:13:48.0;
20;11972.5;2019-04-11 17:14:05.0;
20;11971.5;2019-04-11 17:14:06.0;
20;11972.5;2019-04-11 17:14:08.0;
20;11972;2019-04-11 17:14:11.0;
20;11971.8;2019-04-11 17:14:13.0;
20;11972.2;2019-04-11 17:14:15.0;
20;11971.2;2019-04-11 17:14:20.0;
20;11970.5;2019-04-11 17:14:28.0;
20;11970.8;2019-04-11 17:14:29.0;
20;11970.3;2019-04-11 17:14:36.0;
20;11971.3;2019-04-11 17:14:40.0;
20;11971.5;2019-04-11 17:14:44.0;
20;11971.2;2019-04-11 17:14:50.0;
20;11972;2019-04-11 17:14:53.0;
20;11974.5;2019-04-11 17:14:57.0;
20;11972;2019-04-11 17:14:58.0;
20;11975;2019-04-11 17:15:00.0;
20;11974.8;2019-04-11 17:15:06.0;
20;11974;2019-04-11 17:15:10.0;
20;11974.3;2019-04-11 17:15:13.0;
20;11975;2019-04-11 17:15:16.0;
20;11974.8;2019-04-11 17:15:23.0;
20;11975.5;2019-04-11 17:15:24.0;
20;11976.5;2019-04-11 17:15:29.0;
20;11977.3;2019-04-11 17:15:35.0;
20;11976.5;2019-04-11 17:15:39.0;
20;11974.3;2019-04-11 17:15:46.0;
20;11973.3;2019-04-11 17:15:48.0;
20;11974.3;2019-04-11 17:15:49.0;
20;11973.3;2019-04-11 17:15:51.0;
20;11975.8;2019-04-11 17:16:07.0;
20;11974.2;2019-04-11 17:16:09.0;
20;11974.5;2019-04-11 17:16:13.0;
20;11973.2;2019-04-11 17:16:22.0;
20;11972.8;2019-04-11 17:16:23.0;
20;11973.5;2019-04-11 17:16:31.0;
20;11972.8;2019-04-11 17:16:32.0;
20;11973.8;2019-04-11 17:16:35.0;
20;11974.2;2019-04-11 17:16:41.0;
20;11973.8;2019-04-11 17:16:51.0;
20;11973.5;2019-04-11 17:16:57.0;
20;11972.8;2019-04-11 17:17:04.0;
20;11973.2;2019-04-11 17:17:15.0;
20;11973.3;2019-04-11 17:17:16.0;
20;11973.2;2019-04-11 17:17:18.0;
20;11973.3;2019-04-11 17:17:19.0;
20;11972.8;2019-04-11 17:17:22.0;
20;11972.5;2019-04-11 17:17:33.0;
20;11971.3;2019-04-11 17:17:40.0;
20;11971;2019-04-11 17:17:44.0;
20;11971.5;2019-04-11 17:17:49.0;
20;11971;2019-04-11 17:18:07.0;
20;11970.8;2019-04-11 17:18:08.0;
20;11971;2019-04-11 17:18:19.0;
20;11971.8;2019-04-11 17:18:20.0;
20;11969.8;2019-04-11 17:18:33.0;
20;11970.8;2019-04-11 17:18:38.0;
20;11970.5;2019-04-11 17:18:44.0;
20;11970.3;2019-04-11 17:18:49.0;
20;11969;2019-04-11 17:18:51.0;
20;11967.8;2019-04-11 17:18:57.0;
20;11967.5;2019-04-11 17:18:59.0;
20;11968.3;2019-04-11 17:19:04.0;
20;11967.5;2019-04-11 17:19:05.0;
20;11968.3;2019-04-11 17:19:07.0;
20;11967.5;2019-04-11 17:19:09.0;
20;11968.5;2019-04-11 17:19:11.0;
20;11971.2;2019-04-11 17:19:22.0;
20;11971.3;2019-04-11 17:19:25.0;
20;11971.2;2019-04-11 17:19:27.0;
20;11972.3;2019-04-11 17:19:33.0;
20;11971.2;2019-04-11 17:19:44.0;
20;11972.2;2019-04-11 17:19:48.0;
20;11971.5;2019-04-11 17:20:04.0;
20;11971.8;2019-04-11 17:20:10.0;
20;11972.5;2019-04-11 17:20:19.0;
20;11972.8;2019-04-11 17:20:20.0;
20;11972.5;2019-04-11 17:20:22.0;
20;11972;2019-04-11 17:20:24.0;
20;11972.5;2019-04-11 17:20:30.0;
20;11973.3;2019-04-11 17:20:33.0;
20;11973;2019-04-11 17:20:36.0;
20;11973.3;2019-04-11 17:20:41.0;
20;11973.8;2019-04-11 17:20:46.0;
20;11974;2019-04-11 17:20:52.0;
20;11974.3;2019-04-11 17:20:56.0;
20;11973.3;2019-04-11 17:21:05.0;
20;11973.8;2019-04-11 17:21:09.0;
20;11974.3;2019-04-11 17:21:13.0;
20;11974;2019-04-11 17:21:16.0;
20;11974.3;2019-04-11 17:21:21.0;
20;11974.8;2019-04-11 17:21:27.0;
20;11975.3;2019-04-11 17:21:32.0;
20;11974.8;2019-04-11 17:21:33.0;
20;11975.3;2019-04-11 17:21:34.0;
20;11974.8;2019-04-11 17:21:36.0;
20;11975.3;2019-04-11 17:21:37.0;
20;11974.8;2019-04-11 17:21:39.0;
20;11974.5;2019-04-11 17:21:42.0;
20;11974.8;2019-04-11 17:21:47.0;
20;11975.5;2019-04-11 17:22:03.0;
20;11974.8;2019-04-11 17:22:05.0;
20;11975.5;2019-04-11 17:22:06.0;
20;11975.8;2019-04-11 17:22:08.0;
20;11975.5;2019-04-11 17:22:09.0;
20;11975.8;2019-04-11 17:22:11.0;
20;11975.2;2019-04-11 17:22:12.0;
20;11975.8;2019-04-11 17:22:18.0;
20;11974;2019-04-11 17:22:22.0;
20;11974.2;2019-04-11 17:22:24.0;
20;11974;2019-04-11 17:22:25.0;
20;11974.2;2019-04-11 17:22:27.0;
20;11973.8;2019-04-11 17:22:30.0;
20;11973.5;2019-04-11 17:22:37.0;
20;11973.8;2019-04-11 17:22:39.0;
20;11974.2;2019-04-11 17:22:46.0;
20;11974.3;2019-04-11 17:22:50.0;
20;11974.8;2019-04-11 17:23:01.0;
20;11975.8;2019-04-11 17:23:11.0;
20;11975.3;2019-04-11 17:23:14.0;
20;11975.8;2019-04-11 17:23:25.0;
20;11974.8;2019-04-11 17:23:26.0;
20;11975.8;2019-04-11 17:23:28.0;
20;11974.8;2019-04-11 17:23:30.0;
20;11975.2;2019-04-11 17:23:31.0;
20;11975.5;2019-04-11 17:23:36.0;
20;11975.3;2019-04-11 17:23:42.0;
20;11974.5;2019-04-11 17:23:49.0;
20;11973.3;2019-04-11 17:24:05.0;
20;11973;2019-04-11 17:24:09.0;
20;11973.8;2019-04-11 17:24:12.0;
20;11974;2019-04-11 17:24:17.0;
20;11974.2;2019-04-11 17:24:21.0;
20;11974;2019-04-11 17:24:22.0;
20;11972.8;2019-04-11 17:24:23.0;
20;11972.3;2019-04-11 17:24:29.0;
20;11971.8;2019-04-11 17:24:32.0;
20;11971.5;2019-04-11 17:24:38.0;
20;11971.3;2019-04-11 17:24:43.0;
20;11971.8;2019-04-11 17:25:01.0;
20;11971.5;2019-04-11 17:25:04.0;
20;11971.8;2019-04-11 17:25:07.0;
20;11971.5;2019-04-11 17:25:08.0;
20;11970.5;2019-04-11 17:25:11.0;
20;11970.8;2019-04-11 17:25:14.0;
20;11969.5;2019-04-11 17:25:16.0;
20;11970.8;2019-04-11 17:25:18.0;
20;11969.3;2019-04-11 17:25:19.0;
20;11970.3;2019-04-11 17:25:24.0;
20;11969.5;2019-04-11 17:25:36.0;
20;11969.8;2019-04-11 17:25:45.0;
20;11969.5;2019-04-11 17:25:51.0;
20;11970.8;2019-04-11 17:26:03.0;
20;11969.5;2019-04-11 17:26:07.0;
20;11970.8;2019-04-11 17:26:08.0;
20;11969.8;2019-04-11 17:26:10.0;
20;11970.8;2019-04-11 17:26:20.0;
20;11970.5;2019-04-11 17:26:24.0;
20;11970.8;2019-04-11 17:26:38.0;
20;11971;2019-04-11 17:26:39.0;
20;11970.8;2019-04-11 17:26:42.0;
20;11971;2019-04-11 17:26:43.0;
20;11971.8;2019-04-11 17:26:48.0;
20;11971.5;2019-04-11 17:26:49.0;
20;11971.8;2019-04-11 17:26:55.0;
20;11972;2019-04-11 17:27:02.0;
20;11972.5;2019-04-11 17:27:06.0;
20;11971.8;2019-04-11 17:27:10.0;
20;11972.5;2019-04-11 17:27:14.0;
20;11972.3;2019-04-11 17:27:24.0;
20;11973;2019-04-11 17:27:25.0;
20;11972.3;2019-04-11 17:27:27.0;
20;11973;2019-04-11 17:27:28.0;
20;11973.3;2019-04-11 17:27:31.0;
20;11972.8;2019-04-11 17:27:37.0;
20;11973.2;2019-04-11 17:27:45.0;
20;11972.8;2019-04-11 17:27:47.0;
20;11973.2;2019-04-11 17:27:48.0;
20;11973.5;2019-04-11 17:28:04.0;
20;11972.8;2019-04-11 17:28:05.0;
20;11973.5;2019-04-11 17:28:07.0;
20;11972.8;2019-04-11 17:28:10.0;
20;11973;2019-04-11 17:28:12.0;
20;11972.5;2019-04-11 17:28:16.0;
20;11971.2;2019-04-11 17:28:22.0;
20;11972.3;2019-04-11 17:28:32.0;
20;11971.2;2019-04-11 17:28:34.0;
20;11971.8;2019-04-11 17:28:39.0;
20;11972.2;2019-04-11 17:28:45.0;
20;11971.8;2019-04-11 17:28:50.0;
20;11972.8;2019-04-11 17:28:52.0;
20;11973.5;2019-04-11 17:28:54.0;
20;11975.8;2019-04-11 17:29:06.0;
20;11975.3;2019-04-11 17:29:11.0;
20;11975.8;2019-04-11 17:29:16.0;
20;11975;2019-04-11 17:29:20.0;
20;11976.3;2019-04-11 17:29:25.0;
20;11976;2019-04-11 17:29:27.0;
20;11976.3;2019-04-11 17:29:28.0;
20;11976;2019-04-11 17:29:29.0;
20;11975.3;2019-04-11 17:29:31.0;
20;11974.8;2019-04-11 17:29:37.0;
20;11975;2019-04-11 17:29:38.0;
20;11974.3;2019-04-11 17:29:44.0;
20;11973.8;2019-04-11 17:29:48.0;
20;11973.5;2019-04-11 17:30:05.0;
20;11970.8;2019-04-11 17:30:11.0;
20;11969.8;2019-04-11 17:30:21.0;
20;11968.8;2019-04-11 17:30:30.0;
20;11968.5;2019-04-11 17:30:36.0;
20;11968.8;2019-04-11 17:30:42.0;
20;11969.2;2019-04-11 17:30:44.0;
20;11969.8;2019-04-11 17:30:48.0;
20;11969.2;2019-04-11 17:30:50.0;
20;11969.8;2019-04-11 17:30:52.0;
20;11968.8;2019-04-11 17:30:54.0;
20;11968.5;2019-04-11 17:30:56.0;
20;11968.2;2019-04-11 17:31:01.0;
20;11968.5;2019-04-11 17:31:02.0;
20;11968.2;2019-04-11 17:31:04.0;
20;11969;2019-04-11 17:31:07.0;
20;11969.8;2019-04-11 17:31:09.0;
20;11969;2019-04-11 17:31:10.0;
20;11969.8;2019-04-11 17:31:12.0;
20;11970.8;2019-04-11 17:31:27.0;
20;11970.5;2019-04-11 17:31:29.0;
20;11969.8;2019-04-11 17:31:31.0;
20;11969.2;2019-04-11 17:31:44.0;
20;11969.8;2019-04-11 17:31:49.0;
20;11968.5;2019-04-11 17:32:04.0;
20;11969.5;2019-04-11 17:32:09.0;
20;11968.8;2019-04-11 17:32:13.0;
20;11967.8;2019-04-11 17:32:16.0;
20;11968.2;2019-04-11 17:32:22.0;
20;11968.8;2019-04-11 17:32:23.0;
20;11968.2;2019-04-11 17:32:25.0;
20;11968.8;2019-04-11 17:32:28.0;
20;11968.2;2019-04-11 17:32:30.0;
20;11967.8;2019-04-11 17:32:33.0;
20;11965.8;2019-04-11 17:32:38.0;
20;11966.5;2019-04-11 17:32:45.0;
20;11965.2;2019-04-11 17:32:48.0;
20;11963.8;2019-04-11 17:32:53.0;
20;11965.2;2019-04-11 17:32:54.0;
20;11962;2019-04-11 17:32:56.0;
20;11963.8;2019-04-11 17:32:57.0;
20;11962;2019-04-11 17:32:58.0;
20;11963.8;2019-04-11 17:33:00.0;
20;11962.2;2019-04-11 17:33:09.0;
20;11963;2019-04-11 17:33:12.0;
20;11962.2;2019-04-11 17:33:13.0;
20;11963.5;2019-04-11 17:33:17.0;
20;11963.8;2019-04-11 17:33:21.0;
20;11964.2;2019-04-11 17:33:26.0;
20;11963.8;2019-04-11 17:33:37.0;
20;11962.8;2019-04-11 17:33:41.0;
20;11963.8;2019-04-11 17:33:47.0;
20;11964.2;2019-04-11 17:34:08.0;
20;11963.8;2019-04-11 17:34:10.0;
20;11962.8;2019-04-11 17:34:14.0;
20;11961.2;2019-04-11 17:34:16.0;
20;11960.8;2019-04-11 17:34:19.0;
20;11962.2;2019-04-11 17:34:26.0;
20;11961.2;2019-04-11 17:34:31.0;
20;11960.2;2019-04-11 17:34:38.0;
20;11962.2;2019-04-11 17:34:43.0;
20;11962.8;2019-04-11 17:34:47.0;
20;11962.2;2019-04-11 17:34:54.0;
20;11962;2019-04-11 17:35:02.0;
20;11962.2;2019-04-11 17:35:07.0;
20;11962.8;2019-04-11 17:35:08.0;
20;11962;2019-04-11 17:35:18.0;
20;11962.8;2019-04-11 17:35:27.0;
20;11963.2;2019-04-11 17:35:29.0;
20;11963.8;2019-04-11 17:35:34.0;
20;11964.5;2019-04-11 17:35:35.0;
20;11963.8;2019-04-11 17:35:39.0;
20;11965;2019-04-11 17:35:40.0;
20;11965.5;2019-04-11 17:35:45.0;
20;11964.8;2019-04-11 17:35:48.0;
20;11965.8;2019-04-11 17:36:03.0;
20;11966.2;2019-04-11 17:36:14.0;
20;11966.8;2019-04-11 17:36:28.0;
20;11967;2019-04-11 17:36:34.0;
20;11966.2;2019-04-11 17:36:36.0;
20;11965;2019-04-11 17:36:39.0;
20;11965.2;2019-04-11 17:36:46.0;
20;11965;2019-04-11 17:36:47.0;
20;11965.2;2019-04-11 17:36:50.0;
20;11964.5;2019-04-11 17:36:56.0;
20;11964.8;2019-04-11 17:37:01.0;
20;11965.2;2019-04-11 17:37:04.0;
20;11965.8;2019-04-11 17:37:14.0;
20;11966.5;2019-04-11 17:37:25.0;
20;11967;2019-04-11 17:37:26.0;
20;11967.2;2019-04-11 17:37:33.0;
20;11966.8;2019-04-11 17:37:43.0;
20;11966.5;2019-04-11 17:37:48.0;
20;11967.8;2019-04-11 17:38:04.0;
20;11967.2;2019-04-11 17:38:08.0;
20;11966.2;2019-04-11 17:38:15.0;
20;11965.8;2019-04-11 17:38:20.0;
20;11965.2;2019-04-11 17:38:26.0;
20;11965.8;2019-04-11 17:38:29.0;
20;11965.2;2019-04-11 17:38:33.0;
20;11965.8;2019-04-11 17:38:34.0;
20;11965;2019-04-11 17:38:36.0;
20;11965.2;2019-04-11 17:38:40.0;
20;11965;2019-04-11 17:38:52.0;
20;11964.8;2019-04-11 17:39:01.0;
20;11965.5;2019-04-11 17:39:12.0;
20;11964.8;2019-04-11 17:39:16.0;
20;11965.2;2019-04-11 17:39:25.0;
20;11963.8;2019-04-11 17:39:29.0;
20;11963.2;2019-04-11 17:39:37.0;
20;11963;2019-04-11 17:39:44.0;
20;11962.2;2019-04-11 17:40:03.0;
20;11955.8;2019-04-11 17:40:07.0;
20;11950.8;2019-04-11 17:40:13.0;
20;11956.2;2019-04-11 17:40:18.0;
20;11955.2;2019-04-11 17:40:23.0;
20;11956.2;2019-04-11 17:40:24.0;
20;11955.2;2019-04-11 17:40:26.0;
20;11955;2019-04-11 17:40:27.0;
20;11952.2;2019-04-11 17:40:30.0;
20;11951.2;2019-04-11 17:40:36.0;
20;11950.5;2019-04-11 17:40:46.0;
20;11952.2;2019-04-11 17:40:50.0;
20;11950.5;2019-04-11 17:40:52.0;
20;11952.2;2019-04-11 17:40:53.0;
20;11949.8;2019-04-11 17:40:58.0;
20;11951.5;2019-04-11 17:41:00.0;
20;11949.8;2019-04-11 17:41:01.0;
20;11945.2;2019-04-11 17:41:03.0;
20;11948.2;2019-04-11 17:41:08.0;
20;11945;2019-04-11 17:41:15.0;
20;11946;2019-04-11 17:41:17.0;
20;11945;2019-04-11 17:41:18.0;
20;11944.8;2019-04-11 17:41:20.0;
20;11944.2;2019-04-11 17:41:24.0;
20;11948.5;2019-04-11 17:41:26.0;
20;11948.8;2019-04-11 17:41:34.0;
20;11948.5;2019-04-11 17:41:35.0;
20;11948.8;2019-04-11 17:41:37.0;
20;11950.2;2019-04-11 17:41:38.0;
20;11949;2019-04-11 17:41:48.0;
20;11950.8;2019-04-11 17:42:03.0;
20;11950.2;2019-04-11 17:42:12.0;
20;11948.8;2019-04-11 17:42:18.0;
20;11946.8;2019-04-11 17:42:24.0;
20;11948;2019-04-11 17:42:30.0;
20;11948.2;2019-04-11 17:42:35.0;
20;11948.8;2019-04-11 17:42:44.0;
20;11947.8;2019-04-11 17:42:49.0;
20;11948.2;2019-04-11 17:42:52.0;
20;11947.8;2019-04-11 17:42:53.0;
20;11948.2;2019-04-11 17:42:55.0;
20;11947.8;2019-04-11 17:42:59.0;
20;11948.5;2019-04-11 17:43:02.0;
20;11947.8;2019-04-11 17:43:04.0;
20;11948.5;2019-04-11 17:43:05.0;
20;11947.8;2019-04-11 17:43:09.0;
20;11946.2;2019-04-11 17:43:14.0;
20;11948.8;2019-04-11 17:43:17.0;
20;11949.5;2019-04-11 17:43:21.0;
20;11948.8;2019-04-11 17:43:27.0;
20;11948.2;2019-04-11 17:43:40.0;
20;11948.8;2019-04-11 17:44:07.0;
20;11948.2;2019-04-11 17:44:08.0;
20;11948.8;2019-04-11 17:44:10.0;
20;11949.2;2019-04-11 17:44:13.0;
20;11948.5;2019-04-11 17:44:18.0;
20;11947.8;2019-04-11 17:44:19.0;
20;11947;2019-04-11 17:44:25.0;
20;11947.5;2019-04-11 17:44:28.0;
20;11947.8;2019-04-11 17:44:34.0;
20;11948.8;2019-04-11 17:44:38.0;
20;11949.2;2019-04-11 17:44:39.0;
20;11951.5;2019-04-11 17:44:45.0;
20;11951.8;2019-04-11 17:44:49.0;
20;11951.5;2019-04-11 17:45:04.0;
20;11951.8;2019-04-11 17:45:05.0;
20;11951.5;2019-04-11 17:45:06.0;
20;11952.5;2019-04-11 17:45:12.0;
20;11951.5;2019-04-11 17:45:18.0;
20;11950.8;2019-04-11 17:45:19.0;
20;11951.5;2019-04-11 17:45:21.0;
20;11950.8;2019-04-11 17:45:22.0;
20;11952;2019-04-11 17:45:25.0;
20;11952.2;2019-04-11 17:45:31.0;
20;11952.8;2019-04-11 17:45:32.0;
20;11952.2;2019-04-11 17:45:37.0;
20;11953.8;2019-04-11 17:45:40.0;
20;11952.2;2019-04-11 17:45:41.0;
20;11953.8;2019-04-11 17:45:43.0;
20;11954.2;2019-04-11 17:45:44.0;
20;11954.8;2019-04-11 17:45:49.0;
20;11954.2;2019-04-11 17:45:50.0;
20;11954.8;2019-04-11 17:45:52.0;
20;11955;2019-04-11 17:46:03.0;
20;11954.5;2019-04-11 17:46:14.0;
20;11954;2019-04-11 17:46:18.0;
20;11953.2;2019-04-11 17:46:24.0;
20;11952.8;2019-04-11 17:46:31.0;
20;11952;2019-04-11 17:46:33.0;
20;11952.2;2019-04-11 17:46:34.0;
20;11952;2019-04-11 17:46:42.0;
20;11951.2;2019-04-11 17:46:47.0;
20;11950.2;2019-04-11 17:47:06.0;
20;11951.2;2019-04-11 17:47:07.0;
20;11950.8;2019-04-11 17:47:09.0;
20;11950;2019-04-11 17:47:10.0;
20;11950.8;2019-04-11 17:47:11.0;
20;11950;2019-04-11 17:47:13.0;
20;11950.2;2019-04-11 17:47:16.0;
20;11950.8;2019-04-11 17:47:36.0;
20;11950.5;2019-04-11 17:47:37.0;
20;11950.8;2019-04-11 17:47:39.0;
20;11950.5;2019-04-11 17:47:40.0;
20;11950;2019-04-11 17:48:03.0;
20;11950.5;2019-04-11 17:48:05.0;
20;11950;2019-04-11 17:48:06.0;
20;11950.5;2019-04-11 17:48:11.0;
20;11951.5;2019-04-11 17:48:17.0;
20;11952.2;2019-04-11 17:48:27.0;
20;11952.5;2019-04-11 17:48:39.0;
20;11952.2;2019-04-11 17:48:41.0;
20;11952.5;2019-04-11 17:48:46.0;
20;11953.2;2019-04-11 17:48:52.0;
20;11952.8;2019-04-11 17:49:03.0;
20;11952;2019-04-11 17:49:08.0;
20;11952.2;2019-04-11 17:49:11.0;
20;11951.5;2019-04-11 17:49:16.0;
20;11949.8;2019-04-11 17:49:23.0;
20;11950.2;2019-04-11 17:49:35.0;
20;11950;2019-04-11 17:49:44.0;
20;11949.8;2019-04-11 17:50:03.0;
20;11949.5;2019-04-11 17:50:14.0;
20;11949.8;2019-04-11 17:50:16.0;
20;11949.5;2019-04-11 17:50:18.0;
20;11950.5;2019-04-11 17:50:19.0;
20;11951;2019-04-11 17:50:26.0;
20;11950.2;2019-04-11 17:50:30.0;
20;11950.8;2019-04-11 17:50:32.0;
20;11950.2;2019-04-11 17:50:33.0;
20;11950.8;2019-04-11 17:50:34.0;
20;11951.2;2019-04-11 17:50:43.0;
20;11950.8;2019-04-11 17:50:48.0;
20;11951.8;2019-04-11 17:50:54.0;
20;11952.2;2019-04-11 17:50:58.0;
20;11951.8;2019-04-11 17:51:01.0;
20;11952;2019-04-11 17:51:09.0;
20;11951.8;2019-04-11 17:51:16.0;
20;11951.2;2019-04-11 17:51:24.0;
20;11950.8;2019-04-11 17:51:43.0;
20;11950.5;2019-04-11 17:51:49.0;
20;11948.8;2019-04-11 17:52:04.0;
20;11949.8;2019-04-11 17:52:09.0;
20;11950.5;2019-04-11 17:52:10.0;
20;11951;2019-04-11 17:52:17.0;
20;11951.2;2019-04-11 17:52:21.0;
20;11952;2019-04-11 17:52:28.0;
20;11951.8;2019-04-11 17:52:29.0;
20;11949.2;2019-04-11 17:52:31.0;
20;11952;2019-04-11 17:52:32.0;
20;11949.2;2019-04-11 17:52:34.0;
20;11951.5;2019-04-11 17:52:35.0;
20;11949.2;2019-04-11 17:52:37.0;
20;11951.5;2019-04-11 17:52:39.0;
20;11952.2;2019-04-11 17:52:42.0;
20;11952.5;2019-04-11 17:52:46.0;
20;11952.8;2019-04-11 17:52:53.0;
20;11952;2019-04-11 17:53:01.0;
20;11952.2;2019-04-11 17:53:14.0;
20;11951.8;2019-04-11 17:53:19.0;
20;11949.2;2019-04-11 17:53:24.0;
20;11949.8;2019-04-11 17:53:28.0;
20;11949.2;2019-04-11 17:53:30.0;
20;11949.8;2019-04-11 17:53:32.0;
20;11949.2;2019-04-11 17:53:33.0;
20;11949.8;2019-04-11 17:53:38.0;
20;11949.2;2019-04-11 17:53:42.0;
20;11949;2019-04-11 17:53:44.0;
20;11948.8;2019-04-11 17:53:51.0;
20;11949;2019-04-11 17:54:04.0;
20;11950.5;2019-04-11 17:54:14.0;
20;11949.2;2019-04-11 17:54:17.0;
20;11950.5;2019-04-11 17:54:18.0;
20;11950.8;2019-04-11 17:54:25.0;
20;11951;2019-04-11 17:54:35.0;
20;11951.2;2019-04-11 17:54:40.0;
20;11951.8;2019-04-11 17:54:45.0;
20;11952;2019-04-11 17:54:50.0;
20;11951.8;2019-04-11 17:54:55.0;
20;11952;2019-04-11 17:54:57.0;
20;11951.8;2019-04-11 17:54:59.0;
20;11951.5;2019-04-11 17:55:00.0;
20;11950;2019-04-11 17:55:07.0;
20;11948.5;2019-04-11 17:55:09.0;
20;11949;2019-04-11 17:55:13.0;
20;11948.8;2019-04-11 17:55:19.0;
20;11949;2019-04-11 17:55:20.0;
20;11948.8;2019-04-11 17:55:22.0;
20;11949.2;2019-04-11 17:55:28.0;
20;11948.8;2019-04-11 17:55:29.0;
20;11949.2;2019-04-11 17:55:32.0;
20;11949.5;2019-04-11 17:55:33.0;
20;11950.2;2019-04-11 17:55:37.0;
20;11950.8;2019-04-11 17:55:40.0;
20;11951.8;2019-04-11 17:56:06.0;
20;11951;2019-04-11 17:56:07.0;
20;11951.8;2019-04-11 17:56:10.0;
20;11952.2;2019-04-11 17:56:11.0;
20;11952;2019-04-11 17:56:23.0;
20;11952.2;2019-04-11 17:56:24.0;
20;11952;2019-04-11 17:56:26.0;
20;11951.8;2019-04-11 17:56:33.0;
20;11951.5;2019-04-11 17:57:00.0;
20;11951;2019-04-11 17:57:05.0;
20;11952;2019-04-11 17:57:08.0;
20;11951;2019-04-11 17:57:09.0;
20;11952;2019-04-11 17:57:10.0;
20;11951.8;2019-04-11 17:57:21.0;
20;11951.2;2019-04-11 17:57:25.0;
20;11951;2019-04-11 17:57:35.0;
20;11950.8;2019-04-11 17:57:37.0;
20;11951;2019-04-11 17:57:38.0;
20;11951.2;2019-04-11 17:57:40.0;
20;11951;2019-04-11 17:57:41.0;
20;11951.2;2019-04-11 17:57:43.0;
20;11951.5;2019-04-11 17:57:45.0;
20;11951.2;2019-04-11 17:58:08.0;
20;11950.8;2019-04-11 17:58:14.0;
20;11951.5;2019-04-11 17:58:26.0;
20;11951.8;2019-04-11 17:58:32.0;
20;11952.2;2019-04-11 17:58:39.0;
20;11951.2;2019-04-11 17:58:46.0;
20;11950.8;2019-04-11 17:58:50.0;
20;11952;2019-04-11 17:58:57.0;
20;11952.2;2019-04-11 17:59:03.0;
20;11952.5;2019-04-11 17:59:18.0;
20;11952.2;2019-04-11 17:59:19.0;
20;11952.5;2019-04-11 17:59:20.0;
20;11953;2019-04-11 17:59:22.0;
20;11952.5;2019-04-11 17:59:26.0;
20;11952.2;2019-04-11 17:59:27.0;
20;11952.5;2019-04-11 17:59:29.0;
20;11952.2;2019-04-11 17:59:32.0;
20;11952.8;2019-04-11 17:59:45.0;
20;11952.2;2019-04-11 17:59:47.0;
20;11952.8;2019-04-11 18:00:09.0;
20;11953;2019-04-11 18:00:14.0;
20;11951.5;2019-04-11 18:00:15.0;
20;11953;2019-04-11 18:00:17.0;
20;11951.5;2019-04-11 18:00:18.0;
20;11950.5;2019-04-11 18:00:21.0;
20;11951;2019-04-11 18:00:27.0;
20;11950.8;2019-04-11 18:00:40.0;
20;11951;2019-04-11 18:00:41.0;
20;11950.8;2019-04-11 18:00:43.0;
20;11951;2019-04-11 18:00:47.0;
20;11950.8;2019-04-11 18:00:53.0;
20;11951.2;2019-04-11 18:00:58.0;
20;11950.8;2019-04-11 18:01:04.0;
20;11950.5;2019-04-11 18:01:14.0;
20;11950.2;2019-04-11 18:01:23.0;
20;11950.8;2019-04-11 18:01:36.0;
20;11950.2;2019-04-11 18:01:37.0;
20;11951;2019-04-11 18:01:39.0;
20;11950.8;2019-04-11 18:01:45.0;
20;11951;2019-04-11 18:01:46.0;
20;11950.8;2019-04-11 18:01:48.0;
20;11952.8;2019-04-11 18:01:50.0;
20;11952.2;2019-04-11 18:02:08.0;
20;11952.8;2019-04-11 18:02:10.0;
20;11952.5;2019-04-11 18:02:12.0;
20;11952.2;2019-04-11 18:02:17.0;
20;11952.5;2019-04-11 18:02:25.0;
20;11951.8;2019-04-11 18:02:28.0;
20;11952.8;2019-04-11 18:02:34.0;
20;11952.2;2019-04-11 18:02:50.0;
20;11952;2019-04-11 18:02:55.0;
20;11952.2;2019-04-11 18:03:07.0;
20;11951.8;2019-04-11 18:03:10.0;
20;11952.2;2019-04-11 18:03:17.0;
20;11951.8;2019-04-11 18:03:19.0;
20;11952.2;2019-04-11 18:03:20.0;
20;11951.8;2019-04-11 18:03:22.0;
20;11952;2019-04-11 18:03:27.0;
20;11951.8;2019-04-11 18:03:32.0;
20;11952;2019-04-11 18:03:37.0;
20;11952.2;2019-04-11 18:03:46.0;
20;11953.8;2019-04-11 18:04:08.0;
20;11952.5;2019-04-11 18:04:09.0;
20;11953.8;2019-04-11 18:04:10.0;
20;11954.8;2019-04-11 18:04:12.0;
20;11953.8;2019-04-11 18:04:16.0;
20;11954.8;2019-04-11 18:04:18.0;
20;11953.8;2019-04-11 18:04:21.0;
20;11954.5;2019-04-11 18:04:23.0;
20;11955.8;2019-04-11 18:04:34.0;
20;11954.8;2019-04-11 18:04:40.0;
20;11955.8;2019-04-11 18:04:41.0;
20;11954.8;2019-04-11 18:04:43.0;
20;11954.2;2019-04-11 18:04:53.0;
20;11954.8;2019-04-11 18:04:56.0;
20;11954.2;2019-04-11 18:04:57.0;
20;11955.5;2019-04-11 18:04:59.0;
20;11955.8;2019-04-11 18:05:04.0;
20;11955.2;2019-04-11 18:05:09.0;
20;11954.5;2019-04-11 18:05:16.0;
20;11954.2;2019-04-11 18:05:22.0;
20;11955.2;2019-04-11 18:05:26.0;
20;11954.8;2019-04-11 18:05:33.0;
20;11954.5;2019-04-11 18:05:38.0;
20;11954.2;2019-04-11 18:05:42.0;
20;11954.8;2019-04-11 18:05:47.0;
20;11957;2019-04-11 18:06:15.0;
20;11957.8;2019-04-11 18:06:19.0;
20;11957.5;2019-04-11 18:06:25.0;
20;11957;2019-04-11 18:06:30.0;
20;11957.2;2019-04-11 18:06:33.0;
20;11957;2019-04-11 18:06:37.0;
20;11956.8;2019-04-11 18:06:46.0;
20;11957;2019-04-11 18:06:50.0;
20;11957.5;2019-04-11 18:06:55.0;
20;11957.8;2019-04-11 18:07:00.0;
20;11959.8;2019-04-11 18:07:03.0;
20;11957.8;2019-04-11 18:07:04.0;
20;11959.8;2019-04-11 18:07:06.0;
20;11959.2;2019-04-11 18:07:19.0;
20;11959.8;2019-04-11 18:07:22.0;
20;11960.2;2019-04-11 18:07:35.0;
20;11959.8;2019-04-11 18:07:37.0;
20;11959.2;2019-04-11 18:07:48.0;
20;11958.8;2019-04-11 18:08:04.0;
20;11959.2;2019-04-11 18:08:07.0;
20;11957.8;2019-04-11 18:08:08.0;
20;11958.8;2019-04-11 18:08:16.0;
20;11958.2;2019-04-11 18:08:19.0;
20;11958.8;2019-04-11 18:08:26.0;
20;11958;2019-04-11 18:08:30.0;
20;11957.2;2019-04-11 18:08:37.0;
20;11957.8;2019-04-11 18:08:45.0;
20;11958.5;2019-04-11 18:08:47.0;
20;11957.8;2019-04-11 18:08:49.0;
20;11958.5;2019-04-11 18:08:51.0;
20;11957.2;2019-04-11 18:09:03.0;
20;11957.8;2019-04-11 18:09:14.0;
20;11958.2;2019-04-11 18:09:15.0;
20;11959.2;2019-04-11 18:09:35.0;
20;11959;2019-04-11 18:09:39.0;
20;11958.2;2019-04-11 18:09:44.0;
20;11958.5;2019-04-11 18:10:02.0;
20;11958.2;2019-04-11 18:10:04.0;
20;11958.5;2019-04-11 18:10:05.0;
20;11959.2;2019-04-11 18:10:07.0;
20;11959.5;2019-04-11 18:10:10.0;
20;11959.2;2019-04-11 18:10:20.0;
20;11959.5;2019-04-11 18:10:34.0;
20;11959.2;2019-04-11 18:10:40.0;
20;11958.8;2019-04-11 18:10:44.0;
20;11959.2;2019-04-11 18:10:46.0;
20;11959;2019-04-11 18:10:47.0;
20;11958.5;2019-04-11 18:10:50.0;
20;11959;2019-04-11 18:10:52.0;
20;11958.5;2019-04-11 18:10:53.0;
20;11958.8;2019-04-11 18:10:58.0;
20;11958.5;2019-04-11 18:11:08.0;
20;11958.2;2019-04-11 18:11:25.0;
20;11959.8;2019-04-11 18:11:29.0;
20;11960;2019-04-11 18:11:34.0;
20;11959.8;2019-04-11 18:11:40.0;
20;11959;2019-04-11 18:11:47.0;
20;11959.2;2019-04-11 18:12:07.0;
20;11959;2019-04-11 18:12:09.0;
20;11959.2;2019-04-11 18:12:16.0;
20;11958.5;2019-04-11 18:12:22.0;
20;11959.2;2019-04-11 18:12:26.0;
20;11958.5;2019-04-11 18:12:29.0;
20;11959.2;2019-04-11 18:12:31.0;
20;11958.8;2019-04-11 18:12:32.0;
20;11958.5;2019-04-11 18:12:43.0;
20;11958.8;2019-04-11 18:12:47.0;
20;11958.5;2019-04-11 18:12:48.0;
20;11958.2;2019-04-11 18:12:50.0;
20;11957.5;2019-04-11 18:12:54.0;
20;11958.2;2019-04-11 18:12:56.0;
20;11957.5;2019-04-11 18:12:57.0;
20;11958.5;2019-04-11 18:12:59.0;
20;11958.2;2019-04-11 18:13:05.0;
20;11958;2019-04-11 18:13:15.0;
20;11957.8;2019-04-11 18:13:22.0;
20;11956.8;2019-04-11 18:13:29.0;
20;11957;2019-04-11 18:13:36.0;
20;11956.5;2019-04-11 18:13:40.0;
20;11957;2019-04-11 18:13:41.0;
20;11957.2;2019-04-11 18:13:43.0;
20;11957.5;2019-04-11 18:13:47.0;
20;11957.2;2019-04-11 18:14:04.0;
20;11956.8;2019-04-11 18:14:11.0;
20;11957.2;2019-04-11 18:14:13.0;
20;11956.8;2019-04-11 18:14:16.0;
20;11957;2019-04-11 18:14:22.0;
20;11957.2;2019-04-11 18:14:27.0;
20;11956.8;2019-04-11 18:14:31.0;
20;11957.2;2019-04-11 18:14:33.0;
20;11957;2019-04-11 18:14:35.0;
20;11957.5;2019-04-11 18:14:47.0;
20;11956.8;2019-04-11 18:14:49.0;
20;11957.5;2019-04-11 18:14:50.0;
20;11958.2;2019-04-11 18:14:54.0;
20;11957.8;2019-04-11 18:14:57.0;
20;11958;2019-04-11 18:15:03.0;
20;11957.8;2019-04-11 18:15:05.0;
20;11957.5;2019-04-11 18:15:09.0;
20;11956.8;2019-04-11 18:15:13.0;
20;11957;2019-04-11 18:15:18.0;
20;11956.8;2019-04-11 18:15:24.0;
20;11957;2019-04-11 18:15:34.0;
20;11956.2;2019-04-11 18:15:40.0;
20;11955.5;2019-04-11 18:16:06.0;
20;11955.2;2019-04-11 18:16:07.0;
20;11955;2019-04-11 18:16:14.0;
20;11954.8;2019-04-11 18:16:17.0;
20;11955;2019-04-11 18:16:24.0;
20;11954.8;2019-04-11 18:16:25.0;
20;11954.5;2019-04-11 18:16:32.0;
20;11954;2019-04-11 18:16:41.0;
20;11954.5;2019-04-11 18:16:42.0;
20;11953.2;2019-04-11 18:16:43.0;
20;11953.8;2019-04-11 18:16:47.0;
20;11954.2;2019-04-11 18:16:52.0;
20;11954.8;2019-04-11 18:16:58.0;
20;11954.5;2019-04-11 18:17:02.0;
20;11954;2019-04-11 18:17:05.0;
20;11953.8;2019-04-11 18:17:08.0;
20;11954;2019-04-11 18:17:12.0;
20;11954.5;2019-04-11 18:17:20.0;
20;11954.8;2019-04-11 18:17:21.0;
20;11953.8;2019-04-11 18:17:23.0;
20;11953.2;2019-04-11 18:17:28.0;
20;11955;2019-04-11 18:17:34.0;
20;11954.8;2019-04-11 18:17:40.0;
20;11955.2;2019-04-11 18:17:44.0;
20;11956.2;2019-04-11 18:18:07.0;
20;11955.5;2019-04-11 18:18:09.0;
20;11954.8;2019-04-11 18:18:20.0;
20;11955;2019-04-11 18:18:23.0;
20;11955.2;2019-04-11 18:18:30.0;
20;11955.8;2019-04-11 18:18:36.0;
20;11955.2;2019-04-11 18:18:38.0;
20;11954.8;2019-04-11 18:18:52.0;
20;11955.2;2019-04-11 18:18:55.0;
20;11954.8;2019-04-11 18:18:56.0;
20;11955;2019-04-11 18:18:58.0;
20;11954.8;2019-04-11 18:19:03.0;
20;11955;2019-04-11 18:19:09.0;
20;11954.8;2019-04-11 18:19:20.0;
20;11954.5;2019-04-11 18:19:30.0;
20;11953.5;2019-04-11 18:19:38.0;
20;11953.8;2019-04-11 18:19:42.0;
20;11953;2019-04-11 18:19:45.0;
20;11953.2;2019-04-11 18:19:48.0;
20;11953;2019-04-11 18:19:50.0;
20;11953.2;2019-04-11 18:19:51.0;
20;11953.5;2019-04-11 18:20:09.0;
20;11953.2;2019-04-11 18:20:11.0;
20;11953.5;2019-04-11 18:20:12.0;
20;11953.2;2019-04-11 18:20:15.0;
20;11953.5;2019-04-11 18:20:17.0;
20;11953.2;2019-04-11 18:20:18.0;
20;11953.5;2019-04-11 18:20:21.0;
20;11953.8;2019-04-11 18:20:26.0;
20;11954;2019-04-11 18:20:29.0;
20;11953.5;2019-04-11 18:20:32.0;
20;11953.8;2019-04-11 18:20:39.0;
20;11954;2019-04-11 18:20:59.0;
20;11952.8;2019-04-11 18:21:04.0;
20;11952.5;2019-04-11 18:21:10.0;
20;11952.8;2019-04-11 18:21:15.0;
20;11953;2019-04-11 18:21:19.0;
20;11952.8;2019-04-11 18:21:20.0;
20;11953;2019-04-11 18:21:24.0;
20;11951.8;2019-04-11 18:21:31.0;
20;11951.2;2019-04-11 18:21:33.0;
20;11951.5;2019-04-11 18:22:04.0;
20;11952.2;2019-04-11 18:22:10.0;
20;11952.5;2019-04-11 18:22:13.0;
20;11952.8;2019-04-11 18:22:18.0;
20;11954;2019-04-11 18:22:19.0;
20;11953.8;2019-04-11 18:22:28.0;
20;11954.8;2019-04-11 18:22:32.0;
20;11953.8;2019-04-11 18:22:33.0;
20;11954.8;2019-04-11 18:22:35.0;
20;11953.8;2019-04-11 18:22:38.0;
20;11954;2019-04-11 18:22:42.0;
20;11953.8;2019-04-11 18:22:49.0;
20;11953;2019-04-11 18:22:59.0;
20;11954;2019-04-11 18:23:01.0;
20;11954.2;2019-04-11 18:23:08.0;
20;11954;2019-04-11 18:23:13.0;
20;11954.5;2019-04-11 18:23:21.0;
20;11954.8;2019-04-11 18:23:23.0;
20;11954.2;2019-04-11 18:23:30.0;
20;11954.5;2019-04-11 18:23:31.0;
20;11954.2;2019-04-11 18:23:38.0;
20;11954.5;2019-04-11 18:23:40.0;
20;11955.5;2019-04-11 18:24:03.0;
20;11955.8;2019-04-11 18:24:19.0;
20;11956;2019-04-11 18:24:24.0;
20;11956.2;2019-04-11 18:24:30.0;
20;11956;2019-04-11 18:24:31.0;
20;11956.2;2019-04-11 18:24:32.0;
20;11956;2019-04-11 18:24:35.0;
20;11955.8;2019-04-11 18:24:42.0;
20;11956;2019-04-11 18:24:46.0;
20;11955.8;2019-04-11 18:24:47.0;
20;11955.5;2019-04-11 18:24:59.0;
20;11956;2019-04-11 18:25:04.0;
20;11955.8;2019-04-11 18:25:09.0;
20;11956;2019-04-11 18:25:10.0;
20;11955.8;2019-04-11 18:25:12.0;
20;11954.8;2019-04-11 18:25:13.0;
20;11955.8;2019-04-11 18:25:15.0;
20;11955.2;2019-04-11 18:25:16.0;
20;11954.8;2019-04-11 18:25:26.0;
20;11955.2;2019-04-11 18:25:29.0;
20;11954.8;2019-04-11 18:25:33.0;
20;11954.5;2019-04-11 18:25:40.0;
20;11954.8;2019-04-11 18:25:44.0;
20;11953.2;2019-04-11 18:26:05.0;
20;11954.8;2019-04-11 18:26:06.0;
20;11953.2;2019-04-11 18:26:07.0;
20;11953;2019-04-11 18:26:10.0;
20;11953.2;2019-04-11 18:26:17.0;
20;11953;2019-04-11 18:26:25.0;
20;11952.5;2019-04-11 18:26:32.0;
20;11953;2019-04-11 18:26:34.0;
20;11952.5;2019-04-11 18:26:36.0;
20;11952.8;2019-04-11 18:26:41.0;
20;11952.5;2019-04-11 18:26:45.0;
20;11953;2019-04-11 18:26:58.0;
20;11952.8;2019-04-11 18:27:02.0;
20;11953;2019-04-11 18:27:03.0;
20;11952.5;2019-04-11 18:27:05.0;
20;11952.8;2019-04-11 18:27:19.0;
20;11953.2;2019-04-11 18:27:24.0;
20;11953.5;2019-04-11 18:27:39.0;
20;11952.5;2019-04-11 18:27:40.0;
20;11952.8;2019-04-11 18:27:48.0;
20;11952.2;2019-04-11 18:28:05.0;
20;11952;2019-04-11 18:28:12.0;
20;11952.2;2019-04-11 18:28:18.0;
20;11952.5;2019-04-11 18:28:23.0;
20;11952.2;2019-04-11 18:28:25.0;
20;11952.5;2019-04-11 18:28:27.0;
20;11952.8;2019-04-11 18:28:29.0;
20;11952.5;2019-04-11 18:28:33.0;
20;11952;2019-04-11 18:28:39.0;
20;11952.2;2019-04-11 18:28:45.0;
20;11951.8;2019-04-11 18:28:51.0;
20;11952;2019-04-11 18:28:57.0;
20;11952.2;2019-04-11 18:29:12.0;
20;11952;2019-04-11 18:29:17.0;
20;11952.8;2019-04-11 18:29:22.0;
20;11952.2;2019-04-11 18:29:28.0;
20;11952.8;2019-04-11 18:29:46.0;
20;11953;2019-04-11 18:29:47.0;
20;11953.2;2019-04-11 18:30:06.0;
20;11953.8;2019-04-11 18:30:07.0;
20;11953.2;2019-04-11 18:30:15.0;
20;11953.8;2019-04-11 18:30:18.0;
20;11953.2;2019-04-11 18:30:19.0;
20;11953;2019-04-11 18:30:25.0;
20;11952.8;2019-04-11 18:30:27.0;
20;11953.2;2019-04-11 18:30:40.0;
20;11952.5;2019-04-11 18:30:50.0;
20;11952;2019-04-11 18:30:51.0;
20;11952.5;2019-04-11 18:30:53.0;
20;11952;2019-04-11 18:30:56.0;
20;11953.2;2019-04-11 18:30:57.0;
20;11952.8;2019-04-11 18:31:01.0;
20;11953.2;2019-04-11 18:31:23.0;
20;11952.8;2019-04-11 18:31:26.0;
20;11953.2;2019-04-11 18:31:28.0;
20;11953.5;2019-04-11 18:31:32.0;
20;11954.2;2019-04-11 18:31:37.0;
20;11954.5;2019-04-11 18:31:45.0;
20;11954.2;2019-04-11 18:31:49.0;
20;11955;2019-04-11 18:32:02.0;
20;11954.2;2019-04-11 18:32:04.0;
20;11955;2019-04-11 18:32:05.0;
20;11954.8;2019-04-11 18:32:08.0;
20;11955;2019-04-11 18:32:25.0;
20;11954.8;2019-04-11 18:32:26.0;
20;11955;2019-04-11 18:32:28.0;
20;11954.2;2019-04-11 18:32:31.0;
20;11955;2019-04-11 18:32:32.0;
20;11954.2;2019-04-11 18:32:34.0;
20;11954.5;2019-04-11 18:32:46.0;
20;11954.8;2019-04-11 18:32:52.0;
20;11955.2;2019-04-11 18:33:01.0;
20;11955.5;2019-04-11 18:33:06.0;
20;11954.8;2019-04-11 18:33:08.0;
20;11955.5;2019-04-11 18:33:10.0;
20;11954.5;2019-04-11 18:33:11.0;
20;11954.2;2019-04-11 18:33:16.0;
20;11954.8;2019-04-11 18:33:19.0;
20;11954.2;2019-04-11 18:33:21.0;
20;11954.8;2019-04-11 18:33:22.0;
20;11954.2;2019-04-11 18:33:38.0;
20;11954;2019-04-11 18:33:39.0;
20;11953.8;2019-04-11 18:33:44.0;
20;11955;2019-04-11 18:33:50.0;
20;11954.5;2019-04-11 18:34:05.0;
20;11954.2;2019-04-11 18:34:07.0;
20;11954.5;2019-04-11 18:34:17.0;
20;11954.8;2019-04-11 18:34:19.0;
20;11953.8;2019-04-11 18:34:23.0;
20;11954.8;2019-04-11 18:34:24.0;
20;11954;2019-04-11 18:34:28.0;
20;11953.8;2019-04-11 18:34:29.0;
20;11954.8;2019-04-11 18:34:32.0;
20;11954.5;2019-04-11 18:34:38.0;
20;11954;2019-04-11 18:34:49.0;
20;11954.2;2019-04-11 18:34:52.0;
20;11954.8;2019-04-11 18:34:59.0;
20;11954.5;2019-04-11 18:35:04.0;
20;11954.2;2019-04-11 18:35:11.0;
20;11954;2019-04-11 18:35:16.0;
20;11954.2;2019-04-11 18:35:20.0;
20;11954;2019-04-11 18:35:32.0;
20;11953.8;2019-04-11 18:35:37.0;
20;11954.2;2019-04-11 18:36:05.0;
20;11953.8;2019-04-11 18:36:15.0;
20;11953.2;2019-04-11 18:36:24.0;
20;11954;2019-04-11 18:36:34.0;
20;11953.8;2019-04-11 18:36:41.0;
20;11954.5;2019-04-11 18:36:47.0;
20;11953.8;2019-04-11 18:36:50.0;
20;11954.5;2019-04-11 18:36:51.0;
20;11954.8;2019-04-11 18:36:54.0;
20;11954.2;2019-04-11 18:36:57.0;
20;11954.5;2019-04-11 18:37:03.0;
20;11954.8;2019-04-11 18:37:07.0;
20;11955.2;2019-04-11 18:37:08.0;
20;11954.5;2019-04-11 18:37:13.0;
20;11954.8;2019-04-11 18:37:20.0;
20;11955.2;2019-04-11 18:37:25.0;
20;11955;2019-04-11 18:37:28.0;
20;11955.2;2019-04-11 18:37:35.0;
20;11955.5;2019-04-11 18:37:39.0;
20;11955;2019-04-11 18:37:44.0;
20;11954.8;2019-04-11 18:38:44.0;
20;11955;2019-04-11 18:38:52.0;
20;11954.8;2019-04-11 18:39:00.0;
20;11955;2019-04-11 18:39:02.0;
20;11954.8;2019-04-11 18:39:03.0;
20;11955;2019-04-11 18:39:17.0;
20;11954.8;2019-04-11 18:39:20.0;
20;11954.5;2019-04-11 18:39:40.0;
20;11954.2;2019-04-11 18:39:49.0;
20;11953.8;2019-04-11 18:40:23.0;
20;11953.2;2019-04-11 18:40:34.0;
20;11953.5;2019-04-11 18:40:39.0;
20;11953.8;2019-04-11 18:40:43.0;
20;11953.5;2019-04-11 18:40:50.0;
20;11952.5;2019-04-11 18:40:52.0;
20;11952.2;2019-04-11 18:41:05.0;
20;11951.8;2019-04-11 18:41:08.0;
20;11951.2;2019-04-11 18:41:14.0;
20;11951.5;2019-04-11 18:41:19.0;
20;11950.8;2019-04-11 18:41:24.0;
20;11950.5;2019-04-11 18:41:29.0;
20;11950.8;2019-04-11 18:41:33.0;
20;11950.2;2019-04-11 18:41:42.0;
20;11948.5;2019-04-11 18:42:03.0;
20;11949.2;2019-04-11 18:42:08.0;
20;11949.5;2019-04-11 18:42:14.0;
20;11949.8;2019-04-11 18:42:15.0;
20;11950;2019-04-11 18:42:19.0;
20;11951;2019-04-11 18:42:30.0;
20;11950.8;2019-04-11 18:42:36.0;
20;11951;2019-04-11 18:42:40.0;
20;11951.8;2019-04-11 18:42:44.0;
20;11950;2019-04-11 18:42:50.0;
20;11951;2019-04-11 18:42:51.0;
20;11950;2019-04-11 18:42:56.0;
20;11950.5;2019-04-11 18:43:16.0;
20;11951;2019-04-11 18:43:27.0;
20;11950.5;2019-04-11 18:43:38.0;
20;11950;2019-04-11 18:43:42.0;
20;11949.8;2019-04-11 18:43:46.0;
20;11950;2019-04-11 18:44:07.0;
20;11950.2;2019-04-11 18:44:09.0;
20;11951;2019-04-11 18:44:19.0;
20;11951.2;2019-04-11 18:44:23.0;
20;11952.5;2019-04-11 18:44:30.0;
20;11952.8;2019-04-11 18:44:40.0;
20;11952.5;2019-04-11 18:44:42.0;
20;11952.2;2019-04-11 18:44:50.0;
20;11952.5;2019-04-11 18:44:53.0;
20;11952.8;2019-04-11 18:44:55.0;
20;11952.5;2019-04-11 18:45:08.0;
20;11953.2;2019-04-11 18:45:19.0;
20;11953;2019-04-11 18:45:33.0;
20;11952.8;2019-04-11 18:45:39.0;
20;11952;2019-04-11 18:46:06.0;
20;11950.5;2019-04-11 18:46:09.0;
20;11950.8;2019-04-11 18:46:18.0;
20;11950.5;2019-04-11 18:46:25.0;
20;11950.2;2019-04-11 18:46:30.0;
20;11950.5;2019-04-11 18:46:34.0;
20;11950.8;2019-04-11 18:46:42.0;
20;11950.2;2019-04-11 18:46:54.0;
20;11950.8;2019-04-11 18:47:33.0;
20;11950.5;2019-04-11 18:47:37.0;
20;11950.8;2019-04-11 18:47:38.0;
20;11950.5;2019-04-11 18:47:40.0;
20;11951.2;2019-04-11 18:47:48.0;
20;11950.5;2019-04-11 18:48:06.0;
20;11951.2;2019-04-11 18:48:11.0;
20;11950.5;2019-04-11 18:48:14.0;
20;11951.2;2019-04-11 18:48:16.0;
20;11950.8;2019-04-11 18:48:19.0;
20;11950.5;2019-04-11 18:48:28.0;
20;11950.8;2019-04-11 18:48:30.0;
20;11950.5;2019-04-11 18:48:31.0;
20;11950.8;2019-04-11 18:48:34.0;
20;11950.5;2019-04-11 18:48:39.0;
20;11950.8;2019-04-11 18:48:44.0;
20;11950.5;2019-04-11 18:48:46.0;
20;11950.8;2019-04-11 18:48:47.0;
20;11950.5;2019-04-11 18:48:50.0;
20;11950.8;2019-04-11 18:48:53.0;
20;11950.2;2019-04-11 18:48:55.0;
20;11950.8;2019-04-11 18:48:56.0;
20;11950.2;2019-04-11 18:48:57.0;
20;11950.5;2019-04-11 18:48:59.0;
20;11950.8;2019-04-11 18:49:31.0;
20;11950.5;2019-04-11 18:49:33.0;
20;11950.8;2019-04-11 18:49:34.0;
20;11949.2;2019-04-11 18:49:35.0;
20;11949.5;2019-04-11 18:49:41.0;
20;11949.8;2019-04-11 18:49:46.0;
20;11949.5;2019-04-11 18:49:49.0;
20;11950.8;2019-04-11 18:50:06.0;
20;11950;2019-04-11 18:50:10.0;
20;11950.2;2019-04-11 18:50:16.0;
20;11949.8;2019-04-11 18:50:22.0;
20;11949.2;2019-04-11 18:50:31.0;
20;11948.2;2019-04-11 18:50:34.0;
20;11947.8;2019-04-11 18:50:37.0;
20;11948;2019-04-11 18:50:42.0;
20;11947.8;2019-04-11 18:50:46.0;
20;11949;2019-04-11 18:50:52.0;
20;11949.2;2019-04-11 18:51:02.0;
20;11949.5;2019-04-11 18:51:05.0;
20;11949.8;2019-04-11 18:51:08.0;
20;11949.5;2019-04-11 18:51:09.0;
20;11949.2;2019-04-11 18:51:12.0;
20;11949.8;2019-04-11 18:51:15.0;
20;11949.2;2019-04-11 18:51:16.0;
20;11949.8;2019-04-11 18:51:28.0;
20;11950.2;2019-04-11 18:51:32.0;
20;11950.8;2019-04-11 18:51:43.0;
20;11949.8;2019-04-11 18:51:49.0;
20;11949.2;2019-04-11 18:52:08.0;
20;11949.5;2019-04-11 18:52:16.0;
20;11949.2;2019-04-11 18:52:21.0;
20;11949.8;2019-04-11 18:52:23.0;
20;11949.2;2019-04-11 18:52:24.0;
20;11950.8;2019-04-11 18:52:27.0;
20;11951.2;2019-04-11 18:52:31.0;
20;11950.8;2019-04-11 18:52:43.0;
20;11951.2;2019-04-11 18:52:47.0;
20;11951;2019-04-11 18:52:48.0;
20;11951.8;2019-04-11 18:52:55.0;
20;11951;2019-04-11 18:52:57.0;
20;11952;2019-04-11 18:52:58.0;
20;11951.8;2019-04-11 18:53:06.0;
20;11952;2019-04-11 18:53:08.0;
20;11951.8;2019-04-11 18:53:09.0;
20;11952.8;2019-04-11 18:53:11.0;
20;11951.8;2019-04-11 18:53:12.0;
20;11952.8;2019-04-11 18:53:14.0;
20;11952.2;2019-04-11 18:53:25.0;
20;11952.5;2019-04-11 18:53:26.0;
20;11952.2;2019-04-11 18:53:28.0;
20;11952.5;2019-04-11 18:53:29.0;
20;11952.2;2019-04-11 18:53:34.0;
20;11952.5;2019-04-11 18:53:40.0;
20;11952.2;2019-04-11 18:53:46.0;
20;11953;2019-04-11 18:54:03.0;
20;11952.2;2019-04-11 18:54:04.0;
20;11953;2019-04-11 18:54:06.0;
20;11953.5;2019-04-11 18:54:07.0;
20;11953.8;2019-04-11 18:54:14.0;
20;11953.5;2019-04-11 18:54:16.0;
20;11954;2019-04-11 18:54:18.0;
20;11953.8;2019-04-11 18:54:29.0;
20;11954;2019-04-11 18:54:36.0;
20;11954.2;2019-04-11 18:54:41.0;
20;11954;2019-04-11 18:54:46.0;
20;11954.2;2019-04-11 18:54:52.0;
20;11954;2019-04-11 18:54:56.0;
20;11953.8;2019-04-11 18:54:58.0;
20;11954;2019-04-11 18:54:59.0;
20;11953.2;2019-04-11 18:55:02.0;
20;11953.5;2019-04-11 18:55:08.0;
20;11953;2019-04-11 18:55:15.0;
20;11953.5;2019-04-11 18:55:18.0;
20;11953.2;2019-04-11 18:55:22.0;
20;11952.2;2019-04-11 18:55:31.0;
20;11952.5;2019-04-11 18:56:08.0;
20;11952.2;2019-04-11 18:56:20.0;
20;11952.5;2019-04-11 18:56:21.0;
20;11952.2;2019-04-11 18:56:23.0;
20;11952.5;2019-04-11 18:56:25.0;
20;11952.2;2019-04-11 18:56:32.0;
20;11951.8;2019-04-11 18:56:46.0;
20;11952.2;2019-04-11 18:56:56.0;
20;11952.5;2019-04-11 18:56:57.0;
20;11952.2;2019-04-11 18:56:59.0;
20;11952.5;2019-04-11 18:57:00.0;
20;11952.8;2019-04-11 18:57:02.0;
20;11953.8;2019-04-11 18:57:16.0;
20;11953.5;2019-04-11 18:57:17.0;
20;11953.8;2019-04-11 18:57:19.0;
20;11953.5;2019-04-11 18:57:21.0;
20;11953;2019-04-11 18:57:23.0;
20;11953.5;2019-04-11 18:57:28.0;
20;11953;2019-04-11 18:57:30.0;
20;11953.5;2019-04-11 18:57:31.0;
20;11952.8;2019-04-11 18:57:46.0;
20;11953.5;2019-04-11 18:57:48.0;
20;11952.8;2019-04-11 18:57:52.0;
20;11952.2;2019-04-11 18:58:07.0;
20;11952.8;2019-04-11 18:58:09.0;
20;11953.5;2019-04-11 18:58:37.0;
20;11953.2;2019-04-11 18:58:41.0;
20;11953.5;2019-04-11 18:58:51.0;
20;11954.8;2019-04-11 18:59:00.0;
20;11954.5;2019-04-11 18:59:05.0;
20;11954;2019-04-11 18:59:11.0;
20;11955.5;2019-04-11 18:59:14.0;
20;11954;2019-04-11 18:59:16.0;
20;11955.5;2019-04-11 18:59:17.0;
20;11956;2019-04-11 18:59:38.0;
20;11955.8;2019-04-11 18:59:43.0;
20;11955.5;2019-04-11 19:00:09.0;
20;11955.8;2019-04-11 19:00:10.0;
20;11955.5;2019-04-11 19:00:15.0;
20;11955.8;2019-04-11 19:00:17.0;
20;11955.5;2019-04-11 19:00:18.0;
20;11955.8;2019-04-11 19:00:20.0;
20;11955.5;2019-04-11 19:00:21.0;
20;11955.2;2019-04-11 19:00:23.0;
20;11955.5;2019-04-11 19:00:24.0;
20;11955.2;2019-04-11 19:00:27.0;
20;11954.8;2019-04-11 19:00:38.0;
20;11954.2;2019-04-11 19:00:41.0;
20;11953.5;2019-04-11 19:00:44.0;
20;11954.2;2019-04-11 19:00:45.0;
20;11953.5;2019-04-11 19:00:47.0;
20;11954;2019-04-11 19:00:58.0;
20;11954.8;2019-04-11 19:01:04.0;
20;11955;2019-04-11 19:01:08.0;
20;11955.5;2019-04-11 19:01:20.0;
20;11955.2;2019-04-11 19:01:28.0;
20;11955.5;2019-04-11 19:01:30.0;
20;11955.2;2019-04-11 19:01:45.0;
20;11955.5;2019-04-11 19:01:50.0;
20;11955.2;2019-04-11 19:02:08.0;
20;11955.5;2019-04-11 19:02:09.0;
20;11955.2;2019-04-11 19:02:10.0;
20;11955.8;2019-04-11 19:02:15.0;
20;11956;2019-04-11 19:02:19.0;
20;11955.8;2019-04-11 19:02:22.0;
20;11956;2019-04-11 19:02:23.0;
20;11956.2;2019-04-11 19:02:33.0;
20;11956;2019-04-11 19:02:40.0;
20;11956.2;2019-04-11 19:02:44.0;
20;11956.5;2019-04-11 19:02:53.0;
20;11956;2019-04-11 19:03:00.0;
20;11956.2;2019-04-11 19:03:06.0;
20;11956.5;2019-04-11 19:03:08.0;
20;11956.8;2019-04-11 19:03:25.0;
20;11956.5;2019-04-11 19:03:30.0;
20;11957.2;2019-04-11 19:03:33.0;
20;11956.2;2019-04-11 19:03:34.0;
20;11956.5;2019-04-11 19:03:36.0;
20;11956.2;2019-04-11 19:03:37.0;
20;11956;2019-04-11 19:03:40.0;
20;11956.2;2019-04-11 19:03:42.0;
20;11956;2019-04-11 19:03:43.0;
20;11956.2;2019-04-11 19:03:47.0;
20;11956;2019-04-11 19:04:03.0;
20;11956.2;2019-04-11 19:04:04.0;
20;11956;2019-04-11 19:04:06.0;
20;11955.8;2019-04-11 19:04:09.0;
20;11956;2019-04-11 19:04:19.0;
20;11955.8;2019-04-11 19:04:20.0;
20;11956;2019-04-11 19:04:22.0;
20;11955.8;2019-04-11 19:04:23.0;
20;11955.2;2019-04-11 19:04:30.0;
20;11954.5;2019-04-11 19:04:32.0;
20;11955.2;2019-04-11 19:04:33.0;
20;11954.5;2019-04-11 19:04:36.0;
20;11954.8;2019-04-11 19:04:39.0;
20;11955;2019-04-11 19:04:42.0;
20;11955.2;2019-04-11 19:05:14.0;
20;11955.5;2019-04-11 19:05:20.0;
20;11955;2019-04-11 19:05:24.0;
20;11954.8;2019-04-11 19:05:28.0;
20;11955.2;2019-04-11 19:05:44.0;
20;11954.8;2019-04-11 19:05:49.0;
20;11955;2019-04-11 19:06:04.0;
20;11954.8;2019-04-11 19:06:16.0;
20;11954.5;2019-04-11 19:06:25.0;
20;11954.8;2019-04-11 19:06:28.0;
20;11955;2019-04-11 19:06:39.0;
20;11955.2;2019-04-11 19:06:44.0;
20;11955;2019-04-11 19:07:02.0;
20;11954;2019-04-11 19:07:21.0;
20;11954.2;2019-04-11 19:07:30.0;
20;11953.8;2019-04-11 19:07:32.0;
20;11953.2;2019-04-11 19:07:44.0;
20;11953.8;2019-04-11 19:07:46.0;
20;11953.2;2019-04-11 19:07:48.0;
20;11953.8;2019-04-11 19:08:03.0;
20;11954.2;2019-04-11 19:08:09.0;
20;11953.5;2019-04-11 19:08:13.0;
20;11953.8;2019-04-11 19:08:35.0;
20;11954.8;2019-04-11 19:08:40.0;
20;11954.2;2019-04-11 19:09:08.0;
20;11954;2019-04-11 19:09:17.0;
20;11955.5;2019-04-11 19:09:32.0;
20;11955.2;2019-04-11 19:09:38.0;
20;11955.5;2019-04-11 19:10:04.0;
20;11955.8;2019-04-11 19:10:08.0;
20;11955.2;2019-04-11 19:10:15.0;
20;11955.5;2019-04-11 19:10:26.0;
20;11955.2;2019-04-11 19:10:27.0;
20;11955.5;2019-04-11 19:10:29.0;
20;11956;2019-04-11 19:10:32.0;
20;11955.5;2019-04-11 19:10:34.0;
20;11956;2019-04-11 19:10:35.0;
20;11955.8;2019-04-11 19:10:37.0;
20;11955.5;2019-04-11 19:10:38.0;
20;11956;2019-04-11 19:10:47.0;
20;11955.5;2019-04-11 19:10:48.0;
20;11956;2019-04-11 19:10:50.0;
20;11955.5;2019-04-11 19:10:52.0;
20;11955.8;2019-04-11 19:11:17.0;
20;11955.5;2019-04-11 19:11:28.0;
20;11956;2019-04-11 19:11:48.0;
20;11955.5;2019-04-11 19:12:03.0;
20;11956.2;2019-04-11 19:13:05.0;
20;11955.8;2019-04-11 19:13:11.0;
20;11956.2;2019-04-11 19:13:22.0;
20;11956.5;2019-04-11 19:13:41.0;
20;11956.2;2019-04-11 19:13:48.0;
20;11955.2;2019-04-11 19:14:04.0;
20;11955.5;2019-04-11 19:14:08.0;
20;11955.2;2019-04-11 19:14:14.0;
20;11955.5;2019-04-11 19:14:18.0;
20;11955.2;2019-04-11 19:14:41.0;
20;11954.8;2019-04-11 19:14:48.0;
20;11954.5;2019-04-11 19:14:51.0;
20;11954.8;2019-04-11 19:14:52.0;
20;11954.5;2019-04-11 19:14:55.0;
20;11954.8;2019-04-11 19:14:56.0;
20;11955;2019-04-11 19:14:59.0;
20;11954.8;2019-04-11 19:15:07.0;
20;11955;2019-04-11 19:15:14.0;
20;11953.8;2019-04-11 19:15:20.0;
20;11954;2019-04-11 19:15:26.0;
20;11954.2;2019-04-11 19:15:29.0;
20;11954.8;2019-04-11 19:15:35.0;
20;11954.2;2019-04-11 19:15:40.0;
20;11954.5;2019-04-11 19:16:22.0;
20;11954.2;2019-04-11 19:16:24.0;
20;11954.5;2019-04-11 19:16:35.0;
20;11954.2;2019-04-11 19:16:43.0;
20;11954.5;2019-04-11 19:17:11.0;
20;11954.8;2019-04-11 19:17:22.0;
20;11954.5;2019-04-11 19:17:26.0;
20;11954.8;2019-04-11 19:17:28.0;
20;11954.5;2019-04-11 19:17:29.0;
20;11954.2;2019-04-11 19:18:05.0;
20;11954;2019-04-11 19:18:06.0;
20;11954.2;2019-04-11 19:18:08.0;
20;11954;2019-04-11 19:18:09.0;
20;11954.2;2019-04-11 19:18:12.0;
20;11954.8;2019-04-11 19:18:22.0;
20;11954.5;2019-04-11 19:18:34.0;
20;11954.2;2019-04-11 19:18:46.0;
20;11954.5;2019-04-11 19:18:47.0;
20;11954.2;2019-04-11 19:18:49.0;
20;11954.5;2019-04-11 19:18:52.0;
20;11954.2;2019-04-11 19:19:21.0;
20;11953.8;2019-04-11 19:19:29.0;
20;11954.5;2019-04-11 19:20:07.0;
20;11954.8;2019-04-11 19:20:10.0;
20;11954.5;2019-04-11 19:20:11.0;
20;11954.8;2019-04-11 19:20:13.0;
20;11954;2019-04-11 19:20:27.0;
20;11953.8;2019-04-11 19:20:33.0;
20;11952.8;2019-04-11 19:20:35.0;
20;11953.2;2019-04-11 19:20:39.0;
20;11952.8;2019-04-11 19:20:49.0;
20;11953.2;2019-04-11 19:20:52.0;
20;11953;2019-04-11 19:21:04.0;
20;11953.2;2019-04-11 19:21:06.0;
20;11953;2019-04-11 19:21:13.0;
20;11952.8;2019-04-11 19:21:18.0;
20;11953;2019-04-11 19:21:28.0;
20;11952.8;2019-04-11 19:21:29.0;
20;11953;2019-04-11 19:21:31.0;
20;11952.8;2019-04-11 19:22:07.0;
20;11953;2019-04-11 19:22:14.0;
20;11952.8;2019-04-11 19:22:18.0;
20;11953;2019-04-11 19:22:19.0;
20;11952.8;2019-04-11 19:22:21.0;
20;11953.2;2019-04-11 19:22:25.0;
20;11954.2;2019-04-11 19:22:35.0;
20;11953.2;2019-04-11 19:22:37.0;
20;11954.2;2019-04-11 19:22:38.0;
20;11954.8;2019-04-11 19:22:41.0;
20;11955.2;2019-04-11 19:22:48.0;
20;11955.5;2019-04-11 19:22:59.0;
20;11955.2;2019-04-11 19:23:01.0;
20;11955.5;2019-04-11 19:23:03.0;
20;11956;2019-04-11 19:23:12.0;
20;11955.2;2019-04-11 19:23:20.0;
20;11955;2019-04-11 19:23:22.0;
20;11955.2;2019-04-11 19:23:24.0;
20;11955;2019-04-11 19:23:27.0;
20;11955.2;2019-04-11 19:23:45.0;
20;11954.8;2019-04-11 19:24:06.0;
20;11955;2019-04-11 19:24:09.0;
20;11955.2;2019-04-11 19:24:15.0;
20;11954.5;2019-04-11 19:24:27.0;
20;11955.2;2019-04-11 19:24:29.0;
20;11954.5;2019-04-11 19:24:30.0;
20;11954.8;2019-04-11 19:24:36.0;
20;11954.5;2019-04-11 19:24:41.0;
20;11954;2019-04-11 19:24:45.0;
20;11954.2;2019-04-11 19:24:51.0;
20;11953.8;2019-04-11 19:25:04.0;
20;11954.2;2019-04-11 19:25:05.0;
20;11953.8;2019-04-11 19:25:07.0;
20;11954;2019-04-11 19:25:08.0;
20;11953.8;2019-04-11 19:25:24.0;
20;11954;2019-04-11 19:25:26.0;
20;11953.8;2019-04-11 19:25:28.0;
20;11954;2019-04-11 19:25:32.0;
20;11953.8;2019-04-11 19:25:33.0;
20;11953.5;2019-04-11 19:25:37.0;
20;11953.8;2019-04-11 19:25:44.0;
20;11953.5;2019-04-11 19:26:04.0;
20;11953.8;2019-04-11 19:26:15.0;
20;11953.5;2019-04-11 19:26:24.0;
20;11953.8;2019-04-11 19:26:28.0;
20;11954;2019-04-11 19:26:40.0;
20;11954.2;2019-04-11 19:26:47.0;
20;11954.5;2019-04-11 19:26:54.0;
20;11954.8;2019-04-11 19:27:09.0;
20;11955.2;2019-04-11 19:27:16.0;
20;11955;2019-04-11 19:27:23.0;
20;11954.8;2019-04-11 19:27:29.0;
20;11954.5;2019-04-11 19:27:33.0;
20;11954.8;2019-04-11 19:27:35.0;
20;11954.5;2019-04-11 19:27:36.0;
20;11954.8;2019-04-11 19:27:37.0;
20;11955.2;2019-04-11 19:27:44.0;
20;11955;2019-04-11 19:28:04.0;
20;11955.8;2019-04-11 19:28:10.0;
20;11955.5;2019-04-11 19:28:12.0;
20;11955.8;2019-04-11 19:28:14.0;
20;11955.5;2019-04-11 19:28:15.0;
20;11955.2;2019-04-11 19:28:17.0;
20;11955.5;2019-04-11 19:28:24.0;
20;11955.2;2019-04-11 19:28:36.0;
20;11955.5;2019-04-11 19:28:37.0;
20;11955.2;2019-04-11 19:28:39.0;
20;11955;2019-04-11 19:28:40.0;
20;11954.8;2019-04-11 19:28:44.0;
20;11955;2019-04-11 19:28:45.0;
20;11954.8;2019-04-11 19:28:47.0;
20;11955;2019-04-11 19:28:48.0;
20;11955.2;2019-04-11 19:29:03.0;
20;11955.5;2019-04-11 19:29:16.0;
20;11955.2;2019-04-11 19:29:17.0;
20;11955.5;2019-04-11 19:29:19.0;
20;11955;2019-04-11 19:29:20.0;
20;11955.5;2019-04-11 19:29:36.0;
20;11954.8;2019-04-11 19:29:43.0;
20;11955;2019-04-11 19:29:47.0;
20;11954.5;2019-04-11 19:30:03.0;
20;11954;2019-04-11 19:30:15.0;
20;11953.5;2019-04-11 19:30:32.0;
20;11953.8;2019-04-11 19:30:36.0;
20;11952.8;2019-04-11 19:30:46.0;
20;11952.2;2019-04-11 19:30:51.0;
20;11952.5;2019-04-11 19:30:56.0;
20;11952.2;2019-04-11 19:31:02.0;
20;11952.5;2019-04-11 19:31:11.0;
20;11953;2019-04-11 19:31:25.0;
20;11952.5;2019-04-11 19:31:28.0;
20;11952.2;2019-04-11 19:31:33.0;
20;11952.5;2019-04-11 19:31:43.0;
20;11952.2;2019-04-11 19:31:45.0;
20;11952.5;2019-04-11 19:31:46.0;
20;11951.5;2019-04-11 19:32:05.0;
20;11950.8;2019-04-11 19:32:10.0;
20;11951.2;2019-04-11 19:32:19.0;
20;11950.8;2019-04-11 19:32:30.0;
20;11951;2019-04-11 19:32:36.0;
20;11951.8;2019-04-11 19:32:42.0;
20;11951.2;2019-04-11 19:32:43.0;
20;11951.8;2019-04-11 19:32:45.0;
20;11951.5;2019-04-11 19:32:46.0;
20;11951.8;2019-04-11 19:32:52.0;
20;11951.5;2019-04-11 19:32:53.0;
20;11951.8;2019-04-11 19:32:56.0;
20;11951.5;2019-04-11 19:32:58.0;
20;11951.8;2019-04-11 19:33:12.0;
20;11951.5;2019-04-11 19:33:15.0;
20;11951.8;2019-04-11 19:33:29.0;
20;11951.2;2019-04-11 19:33:45.0;
20;11951.8;2019-04-11 19:34:03.0;
20;11952.5;2019-04-11 19:34:08.0;
20;11951.8;2019-04-11 19:34:13.0;
20;11952;2019-04-11 19:34:19.0;
20;11952.2;2019-04-11 19:34:24.0;
20;11952.5;2019-04-11 19:34:44.0;
20;11952;2019-04-11 19:34:47.0;
20;11952.2;2019-04-11 19:35:02.0;
20;11952.8;2019-04-11 19:35:12.0;
20;11953;2019-04-11 19:35:20.0;
20;11953.2;2019-04-11 19:35:26.0;
20;11952.8;2019-04-11 19:35:32.0;
20;11953.2;2019-04-11 19:35:46.0;
20;11952.8;2019-04-11 19:35:48.0;
20;11953.2;2019-04-11 19:35:51.0;
20;11952.8;2019-04-11 19:35:52.0;
20;11952.5;2019-04-11 19:36:05.0;
20;11952.8;2019-04-11 19:36:06.0;
20;11952.5;2019-04-11 19:36:07.0;
20;11952;2019-04-11 19:36:13.0;
20;11952.5;2019-04-11 19:36:14.0;
20;11952;2019-04-11 19:36:16.0;
20;11951.8;2019-04-11 19:36:18.0;
20;11952;2019-04-11 19:36:22.0;
20;11952.5;2019-04-11 19:36:28.0;
20;11952.2;2019-04-11 19:36:48.0;
20;11952.8;2019-04-11 19:36:51.0;
20;11952.5;2019-04-11 19:36:56.0;
20;11952.8;2019-04-11 19:37:15.0;
20;11952.5;2019-04-11 19:37:19.0;
20;11952.8;2019-04-11 19:37:24.0;
20;11952.5;2019-04-11 19:37:29.0;
20;11952.2;2019-04-11 19:37:34.0;
20;11951.8;2019-04-11 19:37:35.0;
20;11952.2;2019-04-11 19:37:40.0;
20;11952;2019-04-11 19:38:04.0;
20;11951.2;2019-04-11 19:38:09.0;
20;11950.8;2019-04-11 19:38:16.0;
20;11950.2;2019-04-11 19:38:27.0;
20;11950.8;2019-04-11 19:38:28.0;
20;11950.5;2019-04-11 19:38:33.0;
20;11950.2;2019-04-11 19:38:49.0;
20;11950.5;2019-04-11 19:38:56.0;
20;11950;2019-04-11 19:38:59.0;
20;11950.2;2019-04-11 19:39:15.0;
20;11950.8;2019-04-11 19:39:20.0;
20;11950.5;2019-04-11 19:39:25.0;
20;11950.2;2019-04-11 19:39:31.0;
20;11950;2019-04-11 19:39:52.0;
20;11950.5;2019-04-11 19:40:05.0;
20;11950.2;2019-04-11 19:40:09.0;
20;11950.8;2019-04-11 19:40:13.0;
20;11950.2;2019-04-11 19:40:23.0;
20;11949.8;2019-04-11 19:40:50.0;
20;11950.2;2019-04-11 19:40:59.0;
20;11949.2;2019-04-11 19:41:08.0;
20;11949;2019-04-11 19:41:14.0;
20;11948.8;2019-04-11 19:41:26.0;
20;11949;2019-04-11 19:41:34.0;
20;11948;2019-04-11 19:41:47.0;
20;11947.8;2019-04-11 19:42:05.0;
20;11948.2;2019-04-11 19:42:10.0;
20;11948;2019-04-11 19:42:17.0;
20;11947.5;2019-04-11 19:42:21.0;
20;11947.2;2019-04-11 19:42:29.0;
20;11947.5;2019-04-11 19:42:33.0;
20;11947.8;2019-04-11 19:42:46.0;
20;11948;2019-04-11 19:42:53.0;
20;11947.8;2019-04-11 19:42:54.0;
20;11947.2;2019-04-11 19:43:07.0;
20;11946.5;2019-04-11 19:43:12.0;
20;11947;2019-04-11 19:43:19.0;
20;11948.2;2019-04-11 19:43:24.0;
20;11948.8;2019-04-11 19:43:29.0;
20;11947.8;2019-04-11 19:43:35.0;
20;11947.2;2019-04-11 19:43:43.0;
20;11947.5;2019-04-11 19:44:04.0;
20;11947.2;2019-04-11 19:44:21.0;
20;11947.5;2019-04-11 19:44:23.0;
20;11947.2;2019-04-11 19:44:26.0;
20;11947.8;2019-04-11 19:44:27.0;
20;11948;2019-04-11 19:44:31.0;
20;11948.2;2019-04-11 19:44:37.0;
20;11948;2019-04-11 19:44:41.0;
20;11948.5;2019-04-11 19:44:47.0;
20;11948.2;2019-04-11 19:44:58.0;
20;11949;2019-04-11 19:45:05.0;
20;11948;2019-04-11 19:45:06.0;
20;11949;2019-04-11 19:45:08.0;
20;11948;2019-04-11 19:45:09.0;
20;11947.8;2019-04-11 19:45:16.0;
20;11948;2019-04-11 19:45:47.0;
20;11947.8;2019-04-11 19:45:48.0;
20;11948;2019-04-11 19:45:49.0;
20;11947.5;2019-04-11 19:46:06.0;
20;11947.8;2019-04-11 19:46:29.0;
20;11948.2;2019-04-11 19:46:30.0;
20;11947.8;2019-04-11 19:46:32.0;
20;11948.2;2019-04-11 19:46:33.0;
20;11947.2;2019-04-11 19:46:39.0;
20;11947.8;2019-04-11 19:46:49.0;
20;11947.5;2019-04-11 19:46:59.0;
20;11947.8;2019-04-11 19:47:09.0;
20;11948;2019-04-11 19:47:32.0;
20;11948.2;2019-04-11 19:47:39.0;
20;11949.2;2019-04-11 19:48:06.0;
20;11949.8;2019-04-11 19:48:12.0;
20;11950.2;2019-04-11 19:48:40.0;
20;11949.8;2019-04-11 19:48:41.0;
20;11950.2;2019-04-11 19:48:42.0;
20;11949.8;2019-04-11 19:48:51.0;
20;11950.2;2019-04-11 19:48:54.0;
20;11949.8;2019-04-11 19:48:55.0;
20;11949.5;2019-04-11 19:48:56.0;
20;11949.8;2019-04-11 19:49:08.0;
20;11949.5;2019-04-11 19:49:12.0;
20;11949;2019-04-11 19:49:24.0;
20;11948.5;2019-04-11 19:49:31.0;
20;11948;2019-04-11 19:49:41.0;
20;11948.5;2019-04-11 19:49:43.0;
20;11948.8;2019-04-11 19:49:44.0;
20;11948;2019-04-11 19:49:46.0;
20;11948.8;2019-04-11 19:49:47.0;
20;11949;2019-04-11 19:49:50.0;
20;11948.2;2019-04-11 19:50:07.0;
20;11949;2019-04-11 19:50:10.0;
20;11948.2;2019-04-11 19:50:24.0;
20;11948;2019-04-11 19:50:48.0;
20;11948.5;2019-04-11 19:50:58.0;
20;11949;2019-04-11 19:51:03.0;
20;11948.5;2019-04-11 19:51:05.0;
20;11949;2019-04-11 19:51:07.0;
20;11948.5;2019-04-11 19:51:09.0;
20;11948.8;2019-04-11 19:51:20.0;
20;11948.2;2019-04-11 19:51:24.0;
20;11947.8;2019-04-11 19:51:31.0;
20;11948;2019-04-11 19:51:34.0;
20;11947.8;2019-04-11 19:51:35.0;
20;11948;2019-04-11 19:51:46.0;
20;11947.5;2019-04-11 19:52:06.0;
20;11946.2;2019-04-11 19:52:08.0;
20;11946.5;2019-04-11 19:52:28.0;
20;11947;2019-04-11 19:52:36.0;
20;11946.8;2019-04-11 19:52:41.0;
20;11946.5;2019-04-11 19:52:50.0;
20;11946.8;2019-04-11 19:52:56.0;
20;11947.5;2019-04-11 19:53:02.0;
20;11948;2019-04-11 19:53:07.0;
20;11947.2;2019-04-11 19:53:12.0;
20;11948;2019-04-11 19:53:13.0;
20;11947.2;2019-04-11 19:53:14.0;
20;11947;2019-04-11 19:53:17.0;
20;11947.2;2019-04-11 19:53:26.0;
20;11947.8;2019-04-11 19:53:37.0;
20;11947.2;2019-04-11 19:54:03.0;
20;11947.5;2019-04-11 19:54:23.0;
20;11947.2;2019-04-11 19:54:28.0;
20;11946.8;2019-04-11 19:55:11.0;
20;11946.5;2019-04-11 19:55:18.0;
20;11946.8;2019-04-11 19:55:29.0;
20;11946.2;2019-04-11 19:55:36.0;
20;11945.8;2019-04-11 19:55:42.0;
20;11946;2019-04-11 19:56:04.0;
20;11946.5;2019-04-11 19:56:08.0;
20;11947.2;2019-04-11 19:56:17.0;
20;11947.8;2019-04-11 19:56:28.0;
20;11947.2;2019-04-11 19:56:29.0;
20;11947;2019-04-11 19:56:31.0;
20;11946.8;2019-04-11 19:56:42.0;
20;11947;2019-04-11 19:56:48.0;
20;11947.2;2019-04-11 19:56:55.0;
20;11947;2019-04-11 19:56:58.0;
20;11947.5;2019-04-11 19:57:04.0;
20;11947.2;2019-04-11 19:57:09.0;
20;11947.8;2019-04-11 19:57:19.0;
20;11947.2;2019-04-11 19:57:26.0;
20;11947.8;2019-04-11 19:57:31.0;
20;11946.8;2019-04-11 19:57:37.0;
20;11946.2;2019-04-11 19:57:41.0;
20;11946.5;2019-04-11 19:57:44.0;
20;11946.8;2019-04-11 19:57:50.0;
20;11946.2;2019-04-11 19:58:04.0;
20;11945.8;2019-04-11 19:58:14.0;
20;11946;2019-04-11 19:58:15.0;
20;11945.8;2019-04-11 19:58:17.0;
20;11946;2019-04-11 19:58:18.0;
20;11945.2;2019-04-11 19:58:19.0;
20;11944.5;2019-04-11 19:58:25.0;
20;11944.8;2019-04-11 19:58:27.0;
20;11944.5;2019-04-11 19:58:28.0;
20;11944.8;2019-04-11 19:58:31.0;
20;11945;2019-04-11 19:58:32.0;
20;11944.8;2019-04-11 19:58:39.0;
20;11944;2019-04-11 19:59:07.0;
20;11944.2;2019-04-11 19:59:09.0;
20;11943.8;2019-04-11 19:59:12.0;
20;11943.2;2019-04-11 19:59:15.0;
20;11943.8;2019-04-11 19:59:17.0;
20;11943.5;2019-04-11 19:59:20.0;
20;11943.2;2019-04-11 19:59:28.0;
20;11943.8;2019-04-11 19:59:33.0;
20;11943.2;2019-04-11 19:59:39.0;
20;11943.5;2019-04-11 19:59:51.0;
20;11943.2;2019-04-11 20:00:06.0;
20;11943.5;2019-04-11 20:00:12.0;
20;11943.8;2019-04-11 20:00:18.0;
20;11943.5;2019-04-11 20:00:19.0;
20;11943.8;2019-04-11 20:00:21.0;
20;11945.5;2019-04-11 20:00:22.0;
20;11945.2;2019-04-11 20:00:25.0;
20;11944.5;2019-04-11 20:00:34.0;
20;11943.5;2019-04-11 20:00:37.0;
20;11944.5;2019-04-11 20:00:38.0;
20;11943.5;2019-04-11 20:00:40.0;
20;11943.8;2019-04-11 20:00:41.0;
20;11943.5;2019-04-11 20:00:43.0;
20;11943.8;2019-04-11 20:00:44.0;
20;11943.5;2019-04-11 20:00:46.0;
20;11944;2019-04-11 20:00:50.0;
20;11944.2;2019-04-11 20:00:53.0;
20;11943.8;2019-04-11 20:00:57.0;
20;11943.5;2019-04-11 20:01:03.0;
20;11944;2019-04-11 20:01:05.0;
20;11943.8;2019-04-11 20:01:10.0;
20;11944;2019-04-11 20:01:13.0;
20;11943.8;2019-04-11 20:01:14.0;
20;11944.2;2019-04-11 20:01:19.0;
20;11943.8;2019-04-11 20:01:39.0;
20;11944;2019-04-11 20:01:40.0;
20;11943.8;2019-04-11 20:01:43.0;
20;11944;2019-04-11 20:01:44.0;
20;11943.8;2019-04-11 20:01:46.0;
20;11944;2019-04-11 20:02:04.0;
20;11943.8;2019-04-11 20:02:05.0;
20;11944;2019-04-11 20:02:07.0;
20;11943.8;2019-04-11 20:02:09.0;
20;11944;2019-04-11 20:02:15.0;
20;11943.8;2019-04-11 20:02:25.0;
20;11944;2019-04-11 20:02:26.0;
20;11943.8;2019-04-11 20:02:28.0;
20;11944.2;2019-04-11 20:02:32.0;
20;11943.8;2019-04-11 20:02:34.0;
20;11944.2;2019-04-11 20:02:35.0;
20;11944.8;2019-04-11 20:02:44.0;
20;11944.2;2019-04-11 20:02:45.0;
20;11944.8;2019-04-11 20:02:46.0;
20;11945.2;2019-04-11 20:02:53.0;
20;11945;2019-04-11 20:02:57.0;
20;11945.5;2019-04-11 20:03:01.0;
20;11944.8;2019-04-11 20:03:03.0;
20;11945.5;2019-04-11 20:03:06.0;
20;11944.8;2019-04-11 20:03:07.0;
20;11944.2;2019-04-11 20:03:12.0;
20;11945;2019-04-11 20:03:20.0;
20;11944.8;2019-04-11 20:03:39.0;
20;11945.2;2019-04-11 20:03:45.0;
20;11944.8;2019-04-11 20:03:50.0;
20;11944.5;2019-04-11 20:04:20.0;
20;11944;2019-04-11 20:04:25.0;
20;11944.8;2019-04-11 20:04:30.0;
20;11945;2019-04-11 20:04:43.0;
20;11943.2;2019-04-11 20:04:50.0;
20;11944;2019-04-11 20:04:53.0;
20;11944.5;2019-04-11 20:05:08.0;
20;11944.2;2019-04-11 20:05:15.0;
20;11944.5;2019-04-11 20:05:22.0;
20;11945.2;2019-04-11 20:05:35.0;
20;11945;2019-04-11 20:05:48.0;
20;11943.8;2019-04-11 20:06:04.0;
20;11943.2;2019-04-11 20:06:15.0;
20;11943.5;2019-04-11 20:06:21.0;
20;11943.2;2019-04-11 20:06:26.0;
20;11942.8;2019-04-11 20:06:33.0;
20;11940.8;2019-04-11 20:06:45.0;
20;11941;2019-04-11 20:06:48.0;
20;11940.2;2019-04-11 20:06:52.0;
20;11941;2019-04-11 20:06:54.0;
20;11940.2;2019-04-11 20:06:56.0;
20;11941.2;2019-04-11 20:07:02.0;
20;11942;2019-04-11 20:07:09.0;
20;11942.2;2019-04-11 20:07:15.0;
20;11941.8;2019-04-11 20:07:20.0;
20;11942;2019-04-11 20:07:23.0;
20;11941.8;2019-04-11 20:07:25.0;
20;11942;2019-04-11 20:07:26.0;
20;11941.8;2019-04-11 20:07:28.0;
20;11941;2019-04-11 20:07:33.0;
20;11940.8;2019-04-11 20:07:39.0;
20;11941;2019-04-11 20:07:49.0;
20;11940.8;2019-04-11 20:07:50.0;
20;11939.2;2019-04-11 20:08:05.0;
20;11935.8;2019-04-11 20:08:10.0;
20;11936.2;2019-04-11 20:08:15.0;
20;11936;2019-04-11 20:08:20.0;
20;11936.2;2019-04-11 20:08:26.0;
20;11935.8;2019-04-11 20:08:32.0;
20;11936.5;2019-04-11 20:08:33.0;
20;11938.5;2019-04-11 20:08:39.0;
20;11938.2;2019-04-11 20:08:44.0;
20;11938;2019-04-11 20:08:47.0;
20;11938.2;2019-04-11 20:08:49.0;
20;11938;2019-04-11 20:08:50.0;
20;11937.8;2019-04-11 20:08:59.0;
20;11938;2019-04-11 20:09:04.0;
20;11938.2;2019-04-11 20:09:15.0;
20;11938.8;2019-04-11 20:09:25.0;
20;11938.2;2019-04-11 20:09:26.0;
20;11938.8;2019-04-11 20:09:28.0;
20;11939;2019-04-11 20:09:35.0;
20;11938.2;2019-04-11 20:09:36.0;
20;11937.5;2019-04-11 20:10:05.0;
20;11937.8;2019-04-11 20:10:08.0;
20;11937.5;2019-04-11 20:10:09.0;
20;11938.2;2019-04-11 20:10:17.0;
20;11937.8;2019-04-11 20:10:25.0;
20;11938;2019-04-11 20:10:29.0;
20;11938.2;2019-04-11 20:10:32.0;
20;11938.5;2019-04-11 20:10:37.0;
20;11938;2019-04-11 20:10:39.0;
20;11938.5;2019-04-11 20:10:40.0;
20;11938;2019-04-11 20:10:42.0;
20;11937.8;2019-04-11 20:10:53.0;
20;11937;2019-04-11 20:11:01.0;
20;11937.8;2019-04-11 20:11:03.0;
20;11937;2019-04-11 20:11:05.0;
20;11937.5;2019-04-11 20:11:19.0;
20;11937.8;2019-04-11 20:11:22.0;
20;11938;2019-04-11 20:11:28.0;
20;11938.2;2019-04-11 20:11:35.0;
20;11939;2019-04-11 20:11:40.0;
20;11939.2;2019-04-11 20:11:42.0;
20;11939;2019-04-11 20:11:43.0;
20;11938.5;2019-04-11 20:12:06.0;
20;11939;2019-04-11 20:12:11.0;
20;11939.2;2019-04-11 20:12:18.0;
20;11940;2019-04-11 20:12:27.0;
20;11940.8;2019-04-11 20:12:37.0;
20;11940.2;2019-04-11 20:12:40.0;
20;11940.5;2019-04-11 20:12:59.0;
20;11940.2;2019-04-11 20:13:05.0;
20;11940.8;2019-04-11 20:13:13.0;
20;11939.8;2019-04-11 20:13:19.0;
20;11940.5;2019-04-11 20:13:22.0;
20;11939.8;2019-04-11 20:13:26.0;
20;11940.5;2019-04-11 20:13:28.0;
20;11941;2019-04-11 20:13:47.0;
20;11940.8;2019-04-11 20:14:05.0;
20;11941;2019-04-11 20:14:11.0;
20;11940.8;2019-04-11 20:14:16.0;
20;11940;2019-04-11 20:14:21.0;
20;11940.2;2019-04-11 20:14:24.0;
20;11940.5;2019-04-11 20:14:34.0;
20;11940.2;2019-04-11 20:14:36.0;
20;11939.8;2019-04-11 20:14:42.0;
20;11940;2019-04-11 20:14:43.0;
20;11939.8;2019-04-11 20:14:45.0;
20;11940;2019-04-11 20:14:46.0;
20;11939.8;2019-04-11 20:14:47.0;
20;11939.2;2019-04-11 20:14:57.0;
20;11939.8;2019-04-11 20:14:58.0;
20;11939.2;2019-04-11 20:15:00.0;
20;11939.5;2019-04-11 20:15:11.0;
20;11939;2019-04-11 20:15:18.0;
20;11939.2;2019-04-11 20:15:20.0;
20;11939;2019-04-11 20:15:21.0;
20;11939.2;2019-04-11 20:15:23.0;
20;11939.8;2019-04-11 20:15:25.0;
20;11940.2;2019-04-11 20:15:48.0;
20;11939.5;2019-04-11 20:16:42.0;
20;11938.8;2019-04-11 20:16:53.0;
20;11938;2019-04-11 20:17:03.0;
20;11937.8;2019-04-11 20:17:11.0;
20;11938;2019-04-11 20:17:19.0;
20;11938.5;2019-04-11 20:17:27.0;
20;11939;2019-04-11 20:17:34.0;
20;11938;2019-04-11 20:17:36.0;
20;11939;2019-04-11 20:17:37.0;
20;11938;2019-04-11 20:17:40.0;
20;11938.2;2019-04-11 20:18:23.0;
20;11938.8;2019-04-11 20:18:27.0;
20;11938.2;2019-04-11 20:18:34.0;
20;11938;2019-04-11 20:18:36.0;
20;11937.8;2019-04-11 20:18:40.0;
20;11938.2;2019-04-11 20:18:46.0;
20;11938.8;2019-04-11 20:18:50.0;
20;11939.2;2019-04-11 20:18:53.0;
20;11939.8;2019-04-11 20:18:56.0;
20;11940.2;2019-04-11 20:19:00.0;
20;11939.8;2019-04-11 20:19:10.0;
20;11940.2;2019-04-11 20:19:11.0;
20;11939.8;2019-04-11 20:19:13.0;
20;11940.2;2019-04-11 20:19:14.0;
20;11939.8;2019-04-11 20:19:16.0;
20;11940;2019-04-11 20:19:21.0;
20;11939.5;2019-04-11 20:19:25.0;
20;11940.2;2019-04-11 20:19:32.0;
20;11940;2019-04-11 20:19:39.0;
20;11939.5;2019-04-11 20:19:50.0;
20;11938.8;2019-04-11 20:20:06.0;
20;11939;2019-04-11 20:20:10.0;
20;11938.8;2019-04-11 20:20:12.0;
20;11939;2019-04-11 20:20:13.0;
20;11938.8;2019-04-11 20:20:14.0;
20;11938.2;2019-04-11 20:20:22.0;
20;11938;2019-04-11 20:20:26.0;
20;11938.2;2019-04-11 20:20:33.0;
20;11938;2019-04-11 20:20:34.0;
20;11938.2;2019-04-11 20:20:35.0;
20;11938.5;2019-04-11 20:20:52.0;
20;11938.2;2019-04-11 20:20:53.0;
20;11938.5;2019-04-11 20:20:54.0;
20;11938.8;2019-04-11 20:21:01.0;
20;11938.2;2019-04-11 20:21:11.0;
20;11938.8;2019-04-11 20:21:12.0;
20;11938.2;2019-04-11 20:21:14.0;
20;11938.8;2019-04-11 20:21:15.0;
20;11938.5;2019-04-11 20:21:33.0;
20;11938.2;2019-04-11 20:21:37.0;
20;11938.5;2019-04-11 20:21:38.0;
20;11938.2;2019-04-11 20:21:39.0;
20;11938.8;2019-04-11 20:21:41.0;
20;11938.2;2019-04-11 20:21:42.0;
20;11938.8;2019-04-11 20:21:44.0;
20;11939.2;2019-04-11 20:22:05.0;
20;11938.8;2019-04-11 20:22:06.0;
20;11939.2;2019-04-11 20:22:17.0;
20;11939.8;2019-04-11 20:22:22.0;
20;11939.5;2019-04-11 20:22:26.0;
20;11939.8;2019-04-11 20:22:34.0;
20;11939.5;2019-04-11 20:22:52.0;
20;11939.2;2019-04-11 20:22:54.0;
20;11939;2019-04-11 20:22:58.0;
20;11938.2;2019-04-11 20:23:08.0;
20;11937.8;2019-04-11 20:23:13.0;
20;11938.2;2019-04-11 20:23:17.0;
20;11938.5;2019-04-11 20:23:25.0;
20;11938;2019-04-11 20:23:30.0;
20;11938.2;2019-04-11 20:23:46.0;
20;11938.5;2019-04-11 20:24:23.0;
20;11938;2019-04-11 20:24:32.0;
20;11937.5;2019-04-11 20:24:35.0;
20;11938;2019-04-11 20:24:36.0;
20;11937.5;2019-04-11 20:24:39.0;
20;11937.8;2019-04-11 20:24:41.0;
20;11938;2019-04-11 20:24:45.0;
20;11937.8;2019-04-11 20:24:52.0;
20;11937.5;2019-04-11 20:25:04.0;
20;11937.2;2019-04-11 20:25:10.0;
20;11936.8;2019-04-11 20:25:12.0;
20;11937.2;2019-04-11 20:25:14.0;
20;11937.5;2019-04-11 20:25:21.0;
20;11937.2;2019-04-11 20:25:29.0;
20;11937;2019-04-11 20:25:40.0;
20;11935.5;2019-04-11 20:25:48.0;
20;11937;2019-04-11 20:26:08.0;
20;11936.5;2019-04-11 20:26:12.0;
20;11937.2;2019-04-11 20:26:17.0;
20;11937;2019-04-11 20:26:23.0;
20;11937.5;2019-04-11 20:26:27.0;
20;11937.8;2019-04-11 20:26:37.0;
20;11937.5;2019-04-11 20:26:47.0;
20;11937.8;2019-04-11 20:26:50.0;
20;11936.8;2019-04-11 20:26:51.0;
20;11937.2;2019-04-11 20:26:57.0;
20;11937;2019-04-11 20:27:03.0;
20;11937.2;2019-04-11 20:27:04.0;
20;11937.8;2019-04-11 20:27:31.0;
20;11937.2;2019-04-11 20:27:32.0;
20;11937.8;2019-04-11 20:27:34.0;
20;11937.2;2019-04-11 20:27:50.0;
20;11936.2;2019-04-11 20:28:05.0;
20;11935.2;2019-04-11 20:29:08.0;
20;11935.8;2019-04-11 20:29:26.0;
20;11935.2;2019-04-11 20:29:31.0;
20;11935;2019-04-11 20:29:42.0;
20;11934.8;2019-04-11 20:29:44.0;
20;11935.2;2019-04-11 20:29:48.0;
20;11934.2;2019-04-11 20:30:07.0;
20;11933.8;2019-04-11 20:30:11.0;
20;11934.2;2019-04-11 20:30:18.0;
20;11933.8;2019-04-11 20:30:24.0;
20;11934.2;2019-04-11 20:30:32.0;
20;11933.8;2019-04-11 20:30:34.0;
20;11934.2;2019-04-11 20:30:35.0;
20;11934.5;2019-04-11 20:30:38.0;
20;11934.2;2019-04-11 20:30:41.0;
20;11934.5;2019-04-11 20:30:45.0;
20;11934.2;2019-04-11 20:30:47.0;
20;11934.8;2019-04-11 20:30:48.0;
20;11935;2019-04-11 20:31:00.0;
20;11935.2;2019-04-11 20:31:05.0;
20;11936;2019-04-11 20:31:10.0;
20;11936.2;2019-04-11 20:31:15.0;
20;11937;2019-04-11 20:31:21.0;
20;11937.8;2019-04-11 20:31:26.0;
20;11937.5;2019-04-11 20:31:32.0;
20;11937.2;2019-04-11 20:31:37.0;
20;11937;2019-04-11 20:31:38.0;
20;11937.2;2019-04-11 20:31:40.0;
20;11937;2019-04-11 20:31:41.0;
20;11937.2;2019-04-11 20:31:43.0;
20;11937.5;2019-04-11 20:32:05.0;
20;11938.2;2019-04-11 20:32:08.0;
20;11937.8;2019-04-11 20:32:18.0;
20;11937.5;2019-04-11 20:32:24.0;
20;11937.2;2019-04-11 20:32:27.0;
20;11937;2019-04-11 20:32:32.0;
20;11937.2;2019-04-11 20:32:38.0;
20;11936.8;2019-04-11 20:32:49.0;
20;11937.2;2019-04-11 20:32:54.0;
20;11936.8;2019-04-11 20:33:00.0;
20;11936.5;2019-04-11 20:33:11.0;
20;11937;2019-04-11 20:33:37.0;
20;11937.5;2019-04-11 20:33:44.0;
20;11937.2;2019-04-11 20:34:05.0;
20;11937;2019-04-11 20:34:11.0;
20;11937.2;2019-04-11 20:34:18.0;
20;11937.5;2019-04-11 20:34:33.0;
20;11937.2;2019-04-11 20:34:35.0;
20;11936.8;2019-04-11 20:35:15.0;
20;11937;2019-04-11 20:35:17.0;
20;11935.8;2019-04-11 20:35:20.0;
20;11937;2019-04-11 20:35:23.0;
20;11935.8;2019-04-11 20:35:24.0;
20;11936.2;2019-04-11 20:35:25.0;
20;11936.8;2019-04-11 20:35:43.0;
20;11937;2019-04-11 20:36:04.0;
20;11936.8;2019-04-11 20:36:12.0;
20;11937;2019-04-11 20:36:13.0;
20;11936.8;2019-04-11 20:36:26.0;
20;11936.5;2019-04-11 20:36:27.0;
20;11936.8;2019-04-11 20:36:37.0;
20;11936.5;2019-04-11 20:36:38.0;
20;11936.8;2019-04-11 20:36:40.0;
20;11936.5;2019-04-11 20:36:45.0;
20;11936.8;2019-04-11 20:36:50.0;
20;11936.5;2019-04-11 20:37:01.0;
20;11936.2;2019-04-11 20:37:05.0;
20;11936.8;2019-04-11 20:37:14.0;
20;11936.5;2019-04-11 20:37:25.0;
20;11935.8;2019-04-11 20:38:03.0;
20;11935.5;2019-04-11 20:38:14.0;
20;11935.8;2019-04-11 20:38:21.0;
20;11935.5;2019-04-11 20:38:24.0;
20;11935;2019-04-11 20:38:30.0;
20;11935.2;2019-04-11 20:38:35.0;
20;11935;2019-04-11 20:38:37.0;
20;11935.2;2019-04-11 20:38:38.0;
20;11935.8;2019-04-11 20:38:39.0;
20;11936;2019-04-11 20:38:47.0;
20;11934.8;2019-04-11 20:38:51.0;
20;11935;2019-04-11 20:39:02.0;
20;11934.8;2019-04-11 20:39:09.0;
20;11935;2019-04-11 20:39:12.0;
20;11935.2;2019-04-11 20:39:18.0;
20;11935.5;2019-04-11 20:39:35.0;
20;11934.8;2019-04-11 20:39:50.0;
20;11935.2;2019-04-11 20:40:04.0;
20;11935;2019-04-11 20:40:11.0;
20;11935.2;2019-04-11 20:40:15.0;
20;11935.5;2019-04-11 20:40:23.0;
20;11935.2;2019-04-11 20:40:25.0;
20;11935.5;2019-04-11 20:40:26.0;
20;11935.2;2019-04-11 20:40:29.0;
20;11935.5;2019-04-11 20:40:30.0;
20;11935.2;2019-04-11 20:40:32.0;
20;11935.8;2019-04-11 20:40:33.0;
20;11935.5;2019-04-11 20:40:44.0;
20;11935.2;2019-04-11 20:40:50.0;
20;11935.8;2019-04-11 20:40:55.0;
20;11935.2;2019-04-11 20:41:03.0;
20;11935;2019-04-11 20:41:09.0;
20;11935.2;2019-04-11 20:41:15.0;
20;11935.5;2019-04-11 20:41:18.0;
20;11935.2;2019-04-11 20:41:22.0;
20;11935;2019-04-11 20:41:28.0;
20;11935.2;2019-04-11 20:41:36.0;
20;11935;2019-04-11 20:41:37.0;
20;11935.2;2019-04-11 20:41:38.0;
20;11935.5;2019-04-11 20:41:44.0;
20;11935.2;2019-04-11 20:41:48.0;
20;11935.5;2019-04-11 20:41:50.0;
20;11935.2;2019-04-11 20:41:51.0;
20;11934.5;2019-04-11 20:42:06.0;
20;11934.2;2019-04-11 20:42:16.0;
20;11934.5;2019-04-11 20:42:17.0;
20;11934.8;2019-04-11 20:42:18.0;
20;11934.2;2019-04-11 20:42:20.0;
20;11934.8;2019-04-11 20:42:21.0;
20;11934.5;2019-04-11 20:42:26.0;
20;11934.8;2019-04-11 20:42:34.0;
20;11935.2;2019-04-11 20:42:48.0;
20;11935.8;2019-04-11 20:42:55.0;
20;11935;2019-04-11 20:42:59.0;
20;11935.2;2019-04-11 20:43:06.0;
20;11935.5;2019-04-11 20:43:09.0;
20;11936.2;2019-04-11 20:43:13.0;
20;11936.8;2019-04-11 20:43:19.0;
20;11937;2019-04-11 20:43:27.0;
20;11936.8;2019-04-11 20:43:29.0;
20;11937;2019-04-11 20:43:30.0;
20;11936.8;2019-04-11 20:43:39.0;
20;11937.2;2019-04-11 20:43:43.0;
20;11937.5;2019-04-11 20:43:44.0;
20;11937.2;2019-04-11 20:44:03.0;
20;11937;2019-04-11 20:44:08.0;
20;11937.2;2019-04-11 20:44:14.0;
20;11937.8;2019-04-11 20:44:20.0;
20;11937.2;2019-04-11 20:44:21.0;
20;11937.8;2019-04-11 20:44:23.0;
20;11937.5;2019-04-11 20:44:26.0;
20;11937.8;2019-04-11 20:44:39.0;
20;11938;2019-04-11 20:44:46.0;
20;11938.2;2019-04-11 20:44:54.0;
20;11938.8;2019-04-11 20:44:56.0;
20;11938.5;2019-04-11 20:45:00.0;
20;11938;2019-04-11 20:45:06.0;
20;11938.2;2019-04-11 20:45:13.0;
20;11937;2019-04-11 20:45:18.0;
20;11936.8;2019-04-11 20:45:28.0;
20;11936.5;2019-04-11 20:45:34.0;
20;11936.8;2019-04-11 20:45:35.0;
20;11936.5;2019-04-11 20:45:37.0;
20;11937;2019-04-11 20:45:41.0;
20;11936.5;2019-04-11 20:45:43.0;
20;11937;2019-04-11 20:45:44.0;
20;11936.8;2019-04-11 20:46:04.0;
20;11937;2019-04-11 20:46:23.0;
20;11936.8;2019-04-11 20:46:31.0;
20;11937;2019-04-11 20:46:33.0;
20;11936.5;2019-04-11 20:46:35.0;
20;11936;2019-04-11 20:46:40.0;
20;11935.8;2019-04-11 20:46:48.0;
20;11936;2019-04-11 20:46:49.0;
20;11935.8;2019-04-11 20:46:50.0;
20;11935.5;2019-04-11 20:46:53.0;
20;11935.2;2019-04-11 20:47:11.0;
20;11935.8;2019-04-11 20:47:12.0;
20;11936;2019-04-11 20:47:38.0;
20;11935.8;2019-04-11 20:48:06.0;
20;11936.2;2019-04-11 20:48:24.0;
20;11936.8;2019-04-11 20:48:51.0;
20;11937;2019-04-11 20:48:57.0;
20;11937.2;2019-04-11 20:49:00.0;
20;11936.5;2019-04-11 20:49:12.0;
20;11937.2;2019-04-11 20:49:16.0;
20;11937.5;2019-04-11 20:49:27.0;
20;11938.2;2019-04-11 20:49:39.0;
20;11935.8;2019-04-11 20:50:08.0;
20;11935.2;2019-04-11 20:50:10.0;
20;11934.8;2019-04-11 20:50:11.0;
20;11934.2;2019-04-11 20:50:15.0;
20;11934.8;2019-04-11 20:50:25.0;
20;11934;2019-04-11 20:50:27.0;
20;11934.8;2019-04-11 20:50:28.0;
20;11934;2019-04-11 20:50:31.0;
20;11933;2019-04-11 20:50:32.0;
20;11933.5;2019-04-11 20:50:35.0;
20;11933;2019-04-11 20:50:36.0;
20;11933.5;2019-04-11 20:50:38.0;
20;11934.2;2019-04-11 20:50:39.0;
20;11934.8;2019-04-11 20:50:45.0;
20;11935;2019-04-11 20:50:48.0;
20;11934.8;2019-04-11 20:50:49.0;
20;11935;2019-04-11 20:50:50.0;
20;11934.5;2019-04-11 20:50:52.0;
20;11935.2;2019-04-11 20:50:56.0;
20;11934.5;2019-04-11 20:50:59.0;
20;11935.2;2019-04-11 20:51:00.0;
20;11936;2019-04-11 20:51:05.0;
20;11936.8;2019-04-11 20:51:10.0;
20;11937.8;2019-04-11 20:51:27.0;
20;11938;2019-04-11 20:51:40.0;
20;11937.2;2019-04-11 20:51:45.0;
20;11936.8;2019-04-11 20:52:08.0;
20;11937.2;2019-04-11 20:52:10.0;
20;11937;2019-04-11 20:52:11.0;
20;11937.2;2019-04-11 20:52:15.0;
20;11937.5;2019-04-11 20:52:18.0;
20;11937.2;2019-04-11 20:52:20.0;
20;11937.5;2019-04-11 20:52:21.0;
20;11937.2;2019-04-11 20:52:30.0;
20;11937.5;2019-04-11 20:52:32.0;
20;11937.2;2019-04-11 20:52:33.0;
20;11937;2019-04-11 20:52:39.0;
20;11937.2;2019-04-11 20:52:42.0;
20;11936.8;2019-04-11 20:52:50.0;
20;11936.5;2019-04-11 20:53:01.0;
20;11936.8;2019-04-11 20:53:05.0;
20;11937;2019-04-11 20:53:14.0;
20;11936.8;2019-04-11 20:53:16.0;
20;11937;2019-04-11 20:53:17.0;
20;11936.8;2019-04-11 20:53:21.0;
20;11936.5;2019-04-11 20:53:27.0;
20;11936;2019-04-11 20:53:46.0;
20;11936.5;2019-04-11 20:53:47.0;
20;11936;2019-04-11 20:53:49.0;
20;11935.8;2019-04-11 20:54:06.0;
20;11935.5;2019-04-11 20:54:12.0;
20;11935;2019-04-11 20:54:26.0;
20;11935.2;2019-04-11 20:54:30.0;
20;11935.5;2019-04-11 20:54:31.0;
20;11935.2;2019-04-11 20:54:38.0;
20;11935.5;2019-04-11 20:54:41.0;
20;11935.8;2019-04-11 20:54:51.0;
20;11935.5;2019-04-11 20:54:57.0;
20;11935;2019-04-11 20:55:05.0;
20;11935.2;2019-04-11 20:55:13.0;
20;11935.5;2019-04-11 20:55:20.0;
20;11935;2019-04-11 20:55:21.0;
20;11934.8;2019-04-11 20:55:31.0;
20;11934.2;2019-04-11 20:55:36.0;
20;11934.5;2019-04-11 20:55:48.0;
20;11934;2019-04-11 20:56:04.0;
20;11934.2;2019-04-11 20:56:20.0;
20;11934.5;2019-04-11 20:56:23.0;
20;11933.2;2019-04-11 20:56:24.0;
20;11931.8;2019-04-11 20:56:28.0;
20;11933.5;2019-04-11 20:56:35.0;
20;11931.8;2019-04-11 20:56:37.0;
20;11933.5;2019-04-11 20:56:38.0;
20;11933.8;2019-04-11 20:56:41.0;
20;11934;2019-04-11 20:57:00.0;
20;11934.5;2019-04-11 20:57:16.0;
20;11934.8;2019-04-11 20:57:28.0;
20;11934.2;2019-04-11 20:58:04.0;
20;11934;2019-04-11 20:58:13.0;
20;11933.8;2019-04-11 20:58:14.0;
20;11934;2019-04-11 20:58:20.0;
20;11934.2;2019-04-11 20:58:27.0;
20;11934.5;2019-04-11 20:58:36.0;
20;11934.8;2019-04-11 20:58:39.0;
20;11935;2019-04-11 20:58:44.0;
20;11935.2;2019-04-11 20:58:49.0;
20;11934.8;2019-04-11 20:58:54.0;
20;11935;2019-04-11 20:59:22.0;
20;11934.8;2019-04-11 20:59:26.0;
20;11935.2;2019-04-11 20:59:28.0;
20;11934.8;2019-04-11 20:59:30.0;
20;11935.2;2019-04-11 20:59:32.0;
20;11935.5;2019-04-11 20:59:43.0;
20;11935;2019-04-11 20:59:48.0;
20;11935.5;2019-04-11 20:59:49.0;
20;11935;2019-04-11 20:59:52.0;
20;11935.2;2019-04-11 21:00:05.0;
20;11934.8;2019-04-11 21:00:11.0;
20;11934.5;2019-04-11 21:00:31.0;
20;11934.8;2019-04-11 21:00:36.0;
20;11934.5;2019-04-11 21:00:43.0;
20;11934.8;2019-04-11 21:00:45.0;
20;11934.5;2019-04-11 21:00:46.0;
20;11934.8;2019-04-11 21:00:48.0;
20;11934.2;2019-04-11 21:00:54.0;
20;11934.5;2019-04-11 21:01:02.0;
20;11934.2;2019-04-11 21:01:07.0;
20;11934.8;2019-04-11 21:01:09.0;
20;11935.8;2019-04-11 21:01:13.0;
20;11936.2;2019-04-11 21:01:27.0;
20;11936;2019-04-11 21:01:31.0;
20;11936.2;2019-04-11 21:01:32.0;
20;11936;2019-04-11 21:01:34.0;
20;11935.8;2019-04-11 21:01:39.0;
20;11936.2;2019-04-11 21:01:49.0;
20;11937;2019-04-11 21:02:03.0;
20;11936.2;2019-04-11 21:02:05.0;
20;11937;2019-04-11 21:02:06.0;
20;11936.8;2019-04-11 21:02:08.0;
20;11937;2019-04-11 21:02:12.0;
20;11936.8;2019-04-11 21:02:13.0;
20;11937;2019-04-11 21:02:14.0;
20;11936.5;2019-04-11 21:02:18.0;
20;11936.8;2019-04-11 21:02:22.0;
20;11936;2019-04-11 21:02:28.0;
20;11936.2;2019-04-11 21:02:46.0;
20;11936.5;2019-04-11 21:03:00.0;
20;11936.8;2019-04-11 21:03:03.0;
20;11936.5;2019-04-11 21:03:04.0;
20;11936.2;2019-04-11 21:03:07.0;
20;11936;2019-04-11 21:03:12.0;
20;11936.5;2019-04-11 21:03:27.0;
20;11936;2019-04-11 21:03:29.0;
20;11936.5;2019-04-11 21:03:30.0;
20;11936.2;2019-04-11 21:03:33.0;
20;11936;2019-04-11 21:03:39.0;
20;11936.5;2019-04-11 21:03:40.0;
20;11936.2;2019-04-11 21:03:46.0;
20;11936.5;2019-04-11 21:03:50.0;
20;11936.2;2019-04-11 21:04:02.0;
20;11936.5;2019-04-11 21:04:13.0;
20;11936.2;2019-04-11 21:04:18.0;
20;11936.8;2019-04-11 21:04:25.0;
20;11937.2;2019-04-11 21:04:43.0;
20;11937;2019-04-11 21:04:54.0;
20;11937.8;2019-04-11 21:04:58.0;
20;11937.5;2019-04-11 21:05:18.0;
20;11937.8;2019-04-11 21:05:24.0;
20;11939;2019-04-11 21:06:04.0;
20;11940.2;2019-04-11 21:06:08.0;
20;11941;2019-04-11 21:06:14.0;
20;11941.2;2019-04-11 21:06:21.0;
20;11940.8;2019-04-11 21:06:46.0;
20;11941;2019-04-11 21:06:51.0;
20;11940.8;2019-04-11 21:07:03.0;
20;11940.5;2019-04-11 21:07:10.0;
20;11941;2019-04-11 21:07:17.0;
20;11941.2;2019-04-11 21:07:26.0;
20;11941;2019-04-11 21:07:30.0;
20;11941.2;2019-04-11 21:07:46.0;
20;11940.8;2019-04-11 21:08:10.0;
20;11941.5;2019-04-11 21:08:29.0;
20;11941.2;2019-04-11 21:08:32.0;
20;11941.8;2019-04-11 21:08:34.0;
20;11941.2;2019-04-11 21:08:39.0;
20;11941;2019-04-11 21:08:43.0;
20;11941.2;2019-04-11 21:08:59.0;
20;11941.8;2019-04-11 21:09:06.0;
20;11942;2019-04-11 21:09:08.0;
20;11941.8;2019-04-11 21:09:22.0;
20;11941.2;2019-04-11 21:09:25.0;
20;11941.5;2019-04-11 21:09:28.0;
20;11941.8;2019-04-11 21:09:34.0;
20;11942;2019-04-11 21:09:45.0;
20;11941.8;2019-04-11 21:09:49.0;
20;11941.5;2019-04-11 21:10:05.0;
20;11941.8;2019-04-11 21:10:12.0;
20;11941.2;2019-04-11 21:10:19.0;
20;11940.8;2019-04-11 21:10:29.0;
20;11940.5;2019-04-11 21:10:44.0;
20;11940.8;2019-04-11 21:10:49.0;
20;11941;2019-04-11 21:10:53.0;
20;11941.2;2019-04-11 21:11:04.0;
20;11941;2019-04-11 21:11:05.0;
20;11941.2;2019-04-11 21:11:08.0;
20;11941.8;2019-04-11 21:11:16.0;
20;11940.2;2019-04-11 21:11:22.0;
20;11941.2;2019-04-11 21:11:35.0;
20;11941;2019-04-11 21:11:36.0;
20;11941.2;2019-04-11 21:11:38.0;
20;11941.8;2019-04-11 21:11:42.0;
20;11942.2;2019-04-11 21:12:39.0;
20;11942.8;2019-04-11 21:12:52.0;
20;11941.8;2019-04-11 21:13:04.0;
20;11942;2019-04-11 21:13:42.0;
20;11941.8;2019-04-11 21:13:47.0;
20;11941.2;2019-04-11 21:14:05.0;
20;11941.5;2019-04-11 21:14:11.0;
20;11940.5;2019-04-11 21:14:15.0;
20;11940.8;2019-04-11 21:14:22.0;
20;11941;2019-04-11 21:14:28.0;
20;11941.2;2019-04-11 21:14:32.0;
20;11941;2019-04-11 21:14:39.0;
20;11941.8;2019-04-11 21:14:48.0;
20;11941.5;2019-04-11 21:14:56.0;
20;11941.8;2019-04-11 21:14:59.0;
20;11941.5;2019-04-11 21:15:02.0;
20;11941.2;2019-04-11 21:15:08.0;
20;11941.8;2019-04-11 21:15:18.0;
20;11942.5;2019-04-11 21:15:31.0;
20;11942.8;2019-04-11 21:15:35.0;
20;11944;2019-04-11 21:15:47.0;
20;11943.2;2019-04-11 21:16:04.0;
20;11943;2019-04-11 21:16:15.0;
20;11943.5;2019-04-11 21:16:27.0;
20;11943.2;2019-04-11 21:16:30.0;
20;11943.5;2019-04-11 21:16:34.0;
20;11942.8;2019-04-11 21:16:37.0;
20;11943.2;2019-04-11 21:16:41.0;
20;11943.5;2019-04-11 21:16:52.0;
20;11943.8;2019-04-11 21:17:00.0;
20;11943.5;2019-04-11 21:17:01.0;
20;11943.8;2019-04-11 21:17:03.0;
20;11944;2019-04-11 21:17:04.0;
20;11944.2;2019-04-11 21:17:09.0;
20;11945;2019-04-11 21:17:26.0;
20;11945.5;2019-04-11 21:17:33.0;
20;11945.2;2019-04-11 21:17:40.0;
20;11945.5;2019-04-11 21:17:41.0;
20;11945.2;2019-04-11 21:17:49.0;
20;11946.2;2019-04-11 21:18:03.0;
20;11945.2;2019-04-11 21:18:04.0;
20;11946.2;2019-04-11 21:18:07.0;
20;11946.5;2019-04-11 21:18:12.0;
20;11946.2;2019-04-11 21:18:20.0;
20;11946.5;2019-04-11 21:18:22.0;
20;11946.2;2019-04-11 21:18:23.0;
20;11946.5;2019-04-11 21:18:45.0;
20;11946.8;2019-04-11 21:18:55.0;
20;11946.2;2019-04-11 21:19:03.0;
20;11946.5;2019-04-11 21:19:11.0;
20;11946.8;2019-04-11 21:19:12.0;
20;11946;2019-04-11 21:19:20.0;
20;11945.8;2019-04-11 21:19:28.0;
20;11946.2;2019-04-11 21:19:42.0;
20;11945.8;2019-04-11 21:19:44.0;
20;11946.2;2019-04-11 21:19:45.0;
20;11946.5;2019-04-11 21:20:39.0;
20;11946.8;2019-04-11 21:20:49.0;
20;11947.2;2019-04-11 21:20:53.0;
20;11947;2019-04-11 21:20:59.0;
20;11947.5;2019-04-11 21:21:04.0;
20;11946.8;2019-04-11 21:21:11.0;
20;11946.5;2019-04-11 21:21:19.0;
20;11947;2019-04-11 21:21:23.0;
20;11947.2;2019-04-11 21:21:32.0;
20;11947;2019-04-11 21:21:33.0;
20;11947.2;2019-04-11 21:21:34.0;
20;11947;2019-04-11 21:21:36.0;
20;11947.2;2019-04-11 21:21:37.0;
20;11947;2019-04-11 21:21:39.0;
20;11947.2;2019-04-11 21:21:46.0;
20;11946.8;2019-04-11 21:21:48.0;
20;11947;2019-04-11 21:22:07.0;
20;11947.2;2019-04-11 21:22:12.0;
20;11947.8;2019-04-11 21:22:28.0;
20;11948.2;2019-04-11 21:22:41.0;
20;11948;2019-04-11 21:22:43.0;
20;11948.2;2019-04-11 21:22:45.0;
20;11948;2019-04-11 21:22:46.0;
20;11947.8;2019-04-11 21:22:54.0;
20;11947.2;2019-04-11 21:23:09.0;
20;11946.8;2019-04-11 21:23:27.0;
20;11946.5;2019-04-11 21:23:40.0;
20;11946.8;2019-04-11 21:23:43.0;
20;11946.2;2019-04-11 21:23:44.0;
20;11946.8;2019-04-11 21:23:47.0;
20;11946.2;2019-04-11 21:23:48.0;
20;11946.8;2019-04-11 21:23:50.0;
20;11946.5;2019-04-11 21:24:02.0;
20;11946.8;2019-04-11 21:24:04.0;
20;11946.5;2019-04-11 21:24:05.0;
20;11946.8;2019-04-11 21:24:15.0;
20;11946.2;2019-04-11 21:24:34.0;
20;11946.5;2019-04-11 21:24:39.0;
20;11946.2;2019-04-11 21:24:44.0;
20;11946.5;2019-04-11 21:24:50.0;
20;11946.2;2019-04-11 21:25:05.0;
20;11945.8;2019-04-11 21:25:07.0;
20;11946.2;2019-04-11 21:25:08.0;
20;11946.8;2019-04-11 21:25:21.0;
20;11946.2;2019-04-11 21:25:35.0;
20;11946.8;2019-04-11 21:25:36.0;
20;11946.2;2019-04-11 21:25:37.0;
20;11946.5;2019-04-11 21:25:39.0;
20;11946.8;2019-04-11 21:25:46.0;
20;11946.5;2019-04-11 21:26:03.0;
20;11946.8;2019-04-11 21:26:06.0;
20;11946.5;2019-04-11 21:26:07.0;
20;11946.8;2019-04-11 21:26:08.0;
20;11947;2019-04-11 21:26:20.0;
20;11947.2;2019-04-11 21:26:25.0;
20;11947.5;2019-04-11 21:26:40.0;
20;11947.2;2019-04-11 21:26:42.0;
20;11947.8;2019-04-11 21:27:23.0;
20;11947.2;2019-04-11 21:27:24.0;
20;11947.8;2019-04-11 21:27:26.0;
20;11948;2019-04-11 21:27:27.0;
20;11947.8;2019-04-11 21:27:30.0;
20;11949;2019-04-11 21:27:31.0;
20;11948.8;2019-04-11 21:27:38.0;
20;11948;2019-04-11 21:27:41.0;
20;11947.8;2019-04-11 21:27:43.0;
20;11948;2019-04-11 21:27:45.0;
20;11947.8;2019-04-11 21:27:46.0;
20;11947.2;2019-04-11 21:28:03.0;
20;11947.5;2019-04-11 21:28:13.0;
20;11947.8;2019-04-11 21:28:35.0;
20;11947.2;2019-04-11 21:28:43.0;
20;11947.8;2019-04-11 21:28:48.0;
20;11947.2;2019-04-11 21:28:49.0;
20;11947.8;2019-04-11 21:28:51.0;
20;11947.2;2019-04-11 21:29:10.0;
20;11947.8;2019-04-11 21:29:11.0;
20;11948;2019-04-11 21:29:24.0;
20;11947.2;2019-04-11 21:29:32.0;
20;11947;2019-04-11 21:29:48.0;
20;11946.5;2019-04-11 21:30:03.0;
20;11947.5;2019-04-11 21:30:08.0;
20;11948.2;2019-04-11 21:30:13.0;
20;11947.8;2019-04-11 21:30:20.0;
20;11948.2;2019-04-11 21:30:26.0;
20;11948;2019-04-11 21:30:30.0;
20;11948.2;2019-04-11 21:30:34.0;
20;11948;2019-04-11 21:30:36.0;
20;11948.2;2019-04-11 21:30:37.0;
20;11948.5;2019-04-11 21:30:40.0;
20;11948.2;2019-04-11 21:30:46.0;
20;11949.2;2019-04-11 21:30:55.0;
20;11949.5;2019-04-11 21:31:05.0;
20;11948.5;2019-04-11 21:31:09.0;
20;11948.8;2019-04-11 21:31:11.0;
20;11948.5;2019-04-11 21:31:16.0;
20;11948.8;2019-04-11 21:31:19.0;
20;11948.2;2019-04-11 21:31:20.0;
20;11947.2;2019-04-11 21:31:27.0;
20;11946.8;2019-04-11 21:31:38.0;
20;11947;2019-04-11 21:31:47.0;
20;11947.2;2019-04-11 21:31:48.0;
20;11948;2019-04-11 21:32:03.0;
20;11947.8;2019-04-11 21:32:08.0;
20;11947.5;2019-04-11 21:32:11.0;
20;11947.8;2019-04-11 21:32:13.0;
20;11947.5;2019-04-11 21:32:14.0;
20;11947.8;2019-04-11 21:32:17.0;
20;11948.2;2019-04-11 21:32:22.0;
20;11948.8;2019-04-11 21:32:32.0;
20;11949;2019-04-11 21:32:39.0;
20;11948.8;2019-04-11 21:32:44.0;
20;11949;2019-04-11 21:32:55.0;
20;11949.5;2019-04-11 21:33:05.0;
20;11949.8;2019-04-11 21:33:10.0;
20;11949.5;2019-04-11 21:33:12.0;
20;11949.8;2019-04-11 21:33:13.0;
20;11949;2019-04-11 21:33:26.0;
20;11949.2;2019-04-11 21:33:32.0;
20;11949.5;2019-04-11 21:33:33.0;
20;11949.2;2019-04-11 21:33:35.0;
20;11949.5;2019-04-11 21:33:36.0;
20;11949.2;2019-04-11 21:33:39.0;
20;11949;2019-04-11 21:33:44.0;
20;11949.2;2019-04-11 21:33:46.0;
20;11949;2019-04-11 21:33:47.0;
20;11949.2;2019-04-11 21:33:50.0;
20;11949;2019-04-11 21:34:03.0;
20;11949.2;2019-04-11 21:34:04.0;
20;11949;2019-04-11 21:34:06.0;
20;11948;2019-04-11 21:34:08.0;
20;11949;2019-04-11 21:34:10.0;
20;11947.8;2019-04-11 21:34:11.0;
20;11948.2;2019-04-11 21:34:17.0;
20;11947.5;2019-04-11 21:34:27.0;
20;11947.2;2019-04-11 21:34:32.0;
20;11947.5;2019-04-11 21:34:33.0;
20;11947.2;2019-04-11 21:34:35.0;
20;11947.5;2019-04-11 21:34:38.0;
20;11947.8;2019-04-11 21:34:44.0;
20;11947.2;2019-04-11 21:34:52.0;
20;11947.5;2019-04-11 21:35:15.0;
20;11947.2;2019-04-11 21:35:18.0;
20;11947;2019-04-11 21:35:35.0;
20;11947.2;2019-04-11 21:35:37.0;
20;11947;2019-04-11 21:35:38.0;
20;11946.8;2019-04-11 21:35:40.0;
20;11947;2019-04-11 21:35:41.0;
20;11946.8;2019-04-11 21:35:42.0;
20;11947.5;2019-04-11 21:36:04.0;
20;11947.8;2019-04-11 21:36:08.0;
20;11947.2;2019-04-11 21:36:14.0;
20;11946.8;2019-04-11 21:36:21.0;
20;11947;2019-04-11 21:36:27.0;
20;11946.8;2019-04-11 21:36:33.0;
20;11947.2;2019-04-11 21:36:36.0;
20;11946.8;2019-04-11 21:36:37.0;
20;11947.2;2019-04-11 21:36:39.0;
20;11947.8;2019-04-11 21:36:45.0;
20;11948;2019-04-11 21:36:50.0;
20;11947.8;2019-04-11 21:36:51.0;
20;11948;2019-04-11 21:36:52.0;
20;11947.8;2019-04-11 21:36:54.0;
20;11948;2019-04-11 21:37:00.0;
20;11947.8;2019-04-11 21:37:01.0;
20;11948;2019-04-11 21:37:02.0;
20;11948.2;2019-04-11 21:37:05.0;
20;11948.5;2019-04-11 21:37:19.0;
20;11949.2;2019-04-11 21:37:24.0;
20;11949;2019-04-11 21:37:31.0;
20;11948.5;2019-04-11 21:37:32.0;
20;11948;2019-04-11 21:37:39.0;
20;11947.8;2019-04-11 21:37:41.0;
20;11949;2019-04-11 21:37:44.0;
20;11947.8;2019-04-11 21:37:45.0;
20;11949;2019-04-11 21:37:46.0;
20;11948.5;2019-04-11 21:38:03.0;
20;11948.2;2019-04-11 21:38:10.0;
20;11947.8;2019-04-11 21:38:20.0;
20;11947.5;2019-04-11 21:38:45.0;
20;11947.8;2019-04-11 21:38:46.0;
20;11947.5;2019-04-11 21:38:52.0;
20;11947.8;2019-04-11 21:39:02.0;
20;11948;2019-04-11 21:39:11.0;
20;11948.2;2019-04-11 21:39:15.0;
20;11948;2019-04-11 21:39:26.0;
20;11947.5;2019-04-11 21:39:34.0;
20;11947.2;2019-04-11 21:39:37.0;
20;11947.5;2019-04-11 21:39:39.0;
20;11948.2;2019-04-11 21:39:47.0;
20;11948;2019-04-11 21:40:07.0;
20;11947.5;2019-04-11 21:40:08.0;
20;11947;2019-04-11 21:40:14.0;
20;11946.8;2019-04-11 21:40:15.0;
20;11947;2019-04-11 21:40:33.0;
20;11946.8;2019-04-11 21:41:05.0;
20;11947.2;2019-04-11 21:41:08.0;
20;11947.5;2019-04-11 21:41:12.0;
20;11947.2;2019-04-11 21:41:20.0;
20;11947.5;2019-04-11 21:41:21.0;
20;11947.2;2019-04-11 21:41:22.0;
20;11947;2019-04-11 21:41:25.0;
20;11947.2;2019-04-11 21:41:35.0;
20;11947;2019-04-11 21:41:46.0;
20;11946.8;2019-04-11 21:41:48.0;
20;11947.2;2019-04-11 21:42:10.0;
20;11946.8;2019-04-11 21:42:11.0;
20;11947;2019-04-11 21:42:19.0;
20;11946.8;2019-04-11 21:42:20.0;
20;11947;2019-04-11 21:42:23.0;
20;11947.2;2019-04-11 21:42:47.0;
20;11947.5;2019-04-11 21:43:02.0;
20;11948;2019-04-11 21:43:20.0;
20;11947.5;2019-04-11 21:43:21.0;
20;11947.8;2019-04-11 21:43:23.0;
20;11947.5;2019-04-11 21:43:28.0;
20;11947.8;2019-04-11 21:43:38.0;
20;11948;2019-04-11 21:43:44.0;
20;11948.2;2019-04-11 21:43:48.0;
20;11948.5;2019-04-11 21:44:09.0;
20;11948.8;2019-04-11 21:44:17.0;
20;11949.5;2019-04-11 21:44:21.0;
20;11949.8;2019-04-11 21:44:28.0;
20;11950;2019-04-11 21:44:31.0;
20;11950.2;2019-04-11 21:44:36.0;
20;11950;2019-04-11 21:44:39.0;
20;11950.5;2019-04-11 21:44:40.0;
20;11950.2;2019-04-11 21:44:43.0;
20;11950.5;2019-04-11 21:44:44.0;
20;11950.8;2019-04-11 21:44:47.0;
20;11950.2;2019-04-11 21:44:49.0;
20;11950.8;2019-04-11 21:44:50.0;
20;11951;2019-04-11 21:44:52.0;
20;11950.8;2019-04-11 21:44:56.0;
20;11950;2019-04-11 21:45:03.0;
20;11949.5;2019-04-11 21:45:07.0;
20;11949.8;2019-04-11 21:45:27.0;
20;11949.5;2019-04-11 21:45:33.0;
20;11949;2019-04-11 21:45:40.0;
20;11948.8;2019-04-11 21:46:13.0;
20;11948.2;2019-04-11 21:46:19.0;
20;11948;2019-04-11 21:46:25.0;
20;11947.8;2019-04-11 21:46:30.0;
20;11947.2;2019-04-11 21:46:46.0;
20;11947.5;2019-04-11 21:46:48.0;
20;11947.2;2019-04-11 21:46:57.0;
20;11947.5;2019-04-11 21:46:59.0;
20;11947.2;2019-04-11 21:47:00.0;
20;11947.8;2019-04-11 21:47:03.0;
20;11948;2019-04-11 21:47:07.0;
20;11948.5;2019-04-11 21:47:14.0;
20;11948.2;2019-04-11 21:47:19.0;
20;11948;2019-04-11 21:47:20.0;
20;11948.2;2019-04-11 21:47:23.0;
20;11948;2019-04-11 21:47:24.0;
20;11948.2;2019-04-11 21:47:26.0;
20;11948.5;2019-04-11 21:47:41.0;
20;11948.2;2019-04-11 21:47:50.0;
20;11948.5;2019-04-11 21:48:18.0;
20;11948.8;2019-04-11 21:48:23.0;
20;11949;2019-04-11 21:48:40.0;
20;11948.8;2019-04-11 21:48:41.0;
20;11949;2019-04-11 21:48:43.0;
20;11949.2;2019-04-11 21:48:49.0;
20;11949;2019-04-11 21:49:11.0;
20;11948.8;2019-04-11 21:49:13.0;
20;11948.2;2019-04-11 21:49:15.0;
20;11948;2019-04-11 21:49:24.0;
20;11947.2;2019-04-11 21:49:28.0;
20;11947;2019-04-11 21:49:31.0;
20;11947.2;2019-04-11 21:49:32.0;
20;11947;2019-04-11 21:49:34.0;
20;11946.8;2019-04-11 21:49:37.0;
20;11947;2019-04-11 21:49:39.0;
20;11946.8;2019-04-11 21:49:41.0;
20;11947;2019-04-11 21:49:42.0;
20;11946.8;2019-04-11 21:49:44.0;
20;11946.2;2019-04-11 21:50:06.0;
20;11946.8;2019-04-11 21:50:07.0;
20;11947.5;2019-04-11 21:50:09.0;
20;11947.8;2019-04-11 21:50:14.0;
20;11948;2019-04-11 21:50:15.0;
20;11947.8;2019-04-11 21:50:20.0;
20;11948;2019-04-11 21:50:21.0;
20;11947.5;2019-04-11 21:50:23.0;
20;11948.5;2019-04-11 21:50:32.0;
20;11948.8;2019-04-11 21:50:37.0;
20;11948.5;2019-04-11 21:50:47.0;
20;11949.2;2019-04-11 21:50:59.0;
20;11948.8;2019-04-11 21:51:03.0;
20;11949;2019-04-11 21:51:25.0;
20;11948.8;2019-04-11 21:51:32.0;
20;11949.2;2019-04-11 21:51:40.0;
20;11949;2019-04-11 21:51:47.0;
20;11949.2;2019-04-11 21:52:04.0;
20;11949.5;2019-04-11 21:52:08.0;
20;11949.2;2019-04-11 21:52:14.0;
20;11948.8;2019-04-11 21:52:19.0;
20;11949.2;2019-04-11 21:52:24.0;
20;11949.5;2019-04-11 21:52:44.0;
20;11949.8;2019-04-11 21:52:55.0;
20;11950.2;2019-04-11 21:53:06.0;
20;11951.2;2019-04-11 21:53:14.0;
20;11952.2;2019-04-11 21:53:21.0;
20;11952.8;2019-04-11 21:53:25.0;
20;11953;2019-04-11 21:53:32.0;
20;11953.2;2019-04-11 21:53:36.0;
20;11953.8;2019-04-11 21:53:51.0;
20;11954.5;2019-04-11 21:54:06.0;
20;11954.8;2019-04-11 21:54:07.0;
20;11954.5;2019-04-11 21:54:17.0;
20;11954.8;2019-04-11 21:54:18.0;
20;11954.5;2019-04-11 21:54:20.0;
20;11954.8;2019-04-11 21:54:27.0;
20;11955.2;2019-04-11 21:54:35.0;
20;11954.8;2019-04-11 21:54:38.0;
20;11955.5;2019-04-11 21:54:40.0;
20;11955.8;2019-04-11 21:54:45.0;
20;11956;2019-04-11 21:54:51.0;
20;11956.5;2019-04-11 21:54:56.0;
20;11956;2019-04-11 21:55:00.0;
20;11955.5;2019-04-11 21:55:16.0;
20;11955;2019-04-11 21:55:18.0;
20;11955.5;2019-04-11 21:55:20.0;
20;11955;2019-04-11 21:55:21.0;
20;11955.5;2019-04-11 21:55:24.0;
20;11955.2;2019-04-11 21:55:31.0;
20;11955.5;2019-04-11 21:55:41.0;
20;11955.2;2019-04-11 21:55:46.0;
20;11955.8;2019-04-11 21:56:30.0;
20;11955.2;2019-04-11 21:56:32.0;
20;11956.2;2019-04-11 21:56:44.0;
20;11956.8;2019-04-11 21:56:48.0;
20;11957;2019-04-11 21:56:54.0;
20;11957.5;2019-04-11 21:57:20.0;
20;11957.2;2019-04-11 21:57:35.0;
20;11957;2019-04-11 21:57:44.0;
20;11957.2;2019-04-11 21:58:04.0;
20;11957;2019-04-11 21:58:05.0;
20;11957.2;2019-04-11 21:58:06.0;
20;11957.5;2019-04-11 21:58:19.0;
20;11957;2019-04-11 21:58:28.0;
20;11957.2;2019-04-11 21:58:32.0;
20;11957;2019-04-11 21:58:39.0;
20;11957.2;2019-04-11 21:58:41.0;
20;11957;2019-04-11 21:58:42.0;
20;11956.8;2019-04-11 21:58:45.0;
20;11957;2019-04-11 21:58:46.0;
20;11956.5;2019-04-11 21:58:47.0;
20;11956.2;2019-04-11 21:58:53.0;
20;11956.5;2019-04-11 21:59:04.0;
20;11956.2;2019-04-11 21:59:05.0;
20;11956.5;2019-04-11 21:59:07.0;
20;11956.2;2019-04-11 21:59:08.0;
20;11956.8;2019-04-11 21:59:15.0;
20;11956.2;2019-04-11 21:59:17.0;
20;11956.8;2019-04-11 21:59:20.0;
20;11956.5;2019-04-11 21:59:26.0;
20;11955.8;2019-04-11 21:59:45.0;
20;11958.2;2019-04-11 21:59:50.0;
20;11957.5;2019-04-11 22:00:03.0;
20;11954.7;2019-04-11 22:00:09.0;
20;11955.7;2019-04-11 22:00:16.0;
20;11954.7;2019-04-11 22:00:17.0;
20;11955.7;2019-04-11 22:00:19.0;
20;11954.7;2019-04-11 22:00:20.0;
20;11955.7;2019-04-11 22:00:26.0;
20;11956.8;2019-04-11 22:00:30.0;
20;11955.7;2019-04-11 22:00:34.0;
20;11954.7;2019-04-11 22:00:36.0;
20;11955.7;2019-04-11 22:00:37.0;
20;11954.7;2019-04-11 22:01:00.0;
20;11953.6;2019-04-11 22:01:21.0;
20;11952.6;2019-04-11 22:01:27.0;
20;11953.6;2019-04-11 22:01:28.0;
20;11952.6;2019-04-11 22:01:31.0;
20;11951.6;2019-04-11 22:01:33.0;
20;11950.5;2019-04-11 22:01:38.0;
20;11951.6;2019-04-11 22:01:43.0;
20;11950.5;2019-04-11 22:01:44.0;
20;11951.6;2019-04-11 22:01:45.0;
20;11950.5;2019-04-11 22:02:04.0;
20;11948.5;2019-04-11 22:02:29.0;
20;11950.5;2019-04-11 22:02:36.0;
20;11951.6;2019-04-11 22:02:44.0;
20;11952.6;2019-04-11 22:03:07.0;
20;11950.5;2019-04-11 22:03:34.0;
20;11949.5;2019-04-11 22:04:06.0;
20;11950.5;2019-04-11 22:04:43.0;
20;11951.6;2019-04-11 22:04:52.0;
20;11950.5;2019-04-11 22:04:54.0;
20;11951.6;2019-04-11 22:04:55.0;
20;11953.6;2019-04-11 22:05:13.0;
20;11951.1;2019-04-11 22:05:41.0;
20;11950.5;2019-04-11 22:05:46.0;
20;11949.5;2019-04-11 22:06:21.0;
20;11948.5;2019-04-11 22:06:34.0;
20;11947.4;2019-04-11 22:06:35.0;
20;11948.5;2019-04-11 22:06:38.0;
20;11947.4;2019-04-11 22:06:39.0;
20;11948.5;2019-04-11 22:06:53.0;
20;11947.4;2019-04-11 22:08:09.0;
20;11948.5;2019-04-11 22:08:14.0;
20;11949.5;2019-04-11 22:08:45.0;
20;11948.5;2019-04-11 22:08:48.0;
20;11949.5;2019-04-11 22:09:00.0;
20;11948.5;2019-04-11 22:09:11.0;
20;11949.5;2019-04-11 22:09:41.0;
20;11948.5;2019-04-11 22:09:43.0;
20;11949.5;2019-04-11 22:09:44.0;
20;11950.5;2019-04-11 22:10:17.0;
20;11949.5;2019-04-11 22:10:19.0;
20;11950.5;2019-04-11 22:10:20.0;
20;11949.5;2019-04-11 22:10:21.0;
20;11951.6;2019-04-11 22:13:42.0;
20;11952.6;2019-04-11 22:13:47.0;
20;11953.6;2019-04-11 22:14:04.0;
20;11954.7;2019-04-11 22:14:06.0;
20;11953.6;2019-04-11 22:14:08.0;
20;11954.7;2019-04-11 22:14:09.0;
20;11955.7;2019-04-11 22:14:12.0;
20;11954.7;2019-04-11 22:14:22.0;
20;11953.6;2019-04-11 22:14:32.0;
20;11955.7;2019-04-11 22:14:37.0;
20;11953.6;2019-04-11 22:14:56.0;
20;11952.6;2019-04-11 22:15:01.0;
20;11951.1;2019-04-11 22:30:03.0;
20;11952.6;2019-04-11 22:30:04.0;
20;11951.1;2019-04-11 22:30:06.0;
20;11952.6;2019-04-11 22:30:07.0;
20;11952.1;2019-04-11 22:30:13.0;
20;11953.1;2019-04-11 22:30:16.0;
20;11952.1;2019-04-11 22:30:17.0;
20;11953.6;2019-04-11 22:30:19.0;
20;11954.7;2019-04-11 22:30:48.0;
20;11953.6;2019-04-11 22:30:56.0;
20;11954.7;2019-04-11 22:31:42.0;
20;11953.6;2019-04-11 22:31:48.0;
20;11954.7;2019-04-11 22:32:05.0;
20;11955.7;2019-04-11 22:32:44.0;
20;11954.7;2019-04-11 22:32:47.0;
20;11955.7;2019-04-11 22:32:48.0;
20;11956.8;2019-04-11 22:34:47.0;
20;11957.8;2019-04-11 22:35:40.0;
20;11956.8;2019-04-11 22:35:42.0;
20;11957.8;2019-04-11 22:35:43.0;
20;11956.8;2019-04-11 22:36:05.0;
20;11957.8;2019-04-11 22:38:05.0;
20;11956.8;2019-04-11 22:38:58.0;
20;11955.7;2019-04-11 22:39:03.0;
20;11956.8;2019-04-11 22:39:35.0;
20;11955.7;2019-04-11 22:40:13.0;
20;11954.7;2019-04-11 22:40:44.0;
20;11953.6;2019-04-11 22:43:01.0;
20;11954.7;2019-04-11 22:44:08.0;
20;11955.7;2019-04-11 22:44:57.0;
20;11954.7;2019-04-11 22:44:58.0;
20;11955.7;2019-04-11 22:45:00.0;
20;11954.7;2019-04-11 22:45:09.0;
20;11955.7;2019-04-11 22:47:12.0;
20;11954.7;2019-04-11 22:47:16.0;
20;11955.2;2019-04-11 22:47:21.0;
20;11955.7;2019-04-11 22:47:32.0;
20;11955.2;2019-04-11 22:47:42.0;
20;11954.7;2019-04-11 22:52:12.0;
20;11955.7;2019-04-11 22:52:50.0;
20;11956.8;2019-04-11 22:53:41.0;
20;11957.8;2019-04-11 22:54:39.0;
20;11956.8;2019-04-11 22:56:12.0;
20;11955.7;2019-04-11 22:57:05.0;
20;11956.8;2019-04-11 22:57:38.0;
20;11955.7;2019-04-11 22:59:40.0;
20;11956.8;2019-04-11 22:59:42.0;
20;11955.7;2019-04-11 22:59:43.0;
20;11959.9;2019-04-11 23:00:05.0;
21;5467;2019-04-11 11:16:06.0;
21;5466.8;2019-04-11 11:16:10.0;
21;5467.2;2019-04-11 11:16:34.0;
21;5467;2019-04-11 11:16:59.0;
21;5466.8;2019-04-11 11:17:02.0;
21;5466.5;2019-04-11 11:17:35.0;
21;5466.8;2019-04-11 11:17:38.0;
21;5466.5;2019-04-11 11:17:39.0;
21;5466.8;2019-04-11 11:17:44.0;
21;5466.5;2019-04-11 11:18:17.0;
21;5466.8;2019-04-11 11:18:19.0;
21;5467.2;2019-04-11 11:18:36.0;
21;5466.8;2019-04-11 11:18:37.0;
21;5466.2;2019-04-11 11:18:45.0;
21;5466.8;2019-04-11 11:19:03.0;
21;5467;2019-04-11 11:19:26.0;
21;5467.2;2019-04-11 11:19:33.0;
21;5467;2019-04-11 11:19:42.0;
21;5466.8;2019-04-11 11:19:47.0;
21;5467.2;2019-04-11 11:20:08.0;
21;5467.5;2019-04-11 11:20:37.0;
21;5467.2;2019-04-11 11:20:40.0;
21;5467.5;2019-04-11 11:20:41.0;
21;5467.2;2019-04-11 11:20:43.0;
21;5467.5;2019-04-11 11:20:44.0;
21;5467.8;2019-04-11 11:20:48.0;
21;5467.5;2019-04-11 11:20:50.0;
21;5467.8;2019-04-11 11:20:51.0;
21;5468.2;2019-04-11 11:21:03.0;
21;5469.2;2019-04-11 11:21:05.0;
21;5468.8;2019-04-11 11:21:18.0;
21;5469.2;2019-04-11 11:21:25.0;
21;5469.8;2019-04-11 11:21:35.0;
21;5469.2;2019-04-11 11:21:37.0;
21;5469.8;2019-04-11 11:21:38.0;
21;5469.2;2019-04-11 11:21:44.0;
21;5469.8;2019-04-11 11:21:50.0;
21;5469.2;2019-04-11 11:22:05.0;
21;5468.8;2019-04-11 11:22:10.0;
21;5468.5;2019-04-11 11:22:33.0;
21;5468.8;2019-04-11 11:22:34.0;
21;5468.5;2019-04-11 11:22:53.0;
21;5468.8;2019-04-11 11:23:03.0;
21;5468.5;2019-04-11 11:23:08.0;
21;5468.8;2019-04-11 11:23:18.0;
21;5468.2;2019-04-11 11:23:34.0;
21;5467.8;2019-04-11 11:23:38.0;
21;5467.5;2019-04-11 11:24:27.0;
21;5468.2;2019-04-11 11:24:37.0;
21;5469.5;2019-04-11 11:25:11.0;
21;5469.2;2019-04-11 11:25:13.0;
21;5469.5;2019-04-11 11:25:14.0;
21;5469.2;2019-04-11 11:25:17.0;
21;5469.5;2019-04-11 11:25:20.0;
21;5469.2;2019-04-11 11:25:24.0;
21;5469;2019-04-11 11:26:05.0;
21;5468.2;2019-04-11 11:26:11.0;
21;5468;2019-04-11 11:26:27.0;
21;5468.2;2019-04-11 11:26:40.0;
21;5468;2019-04-11 11:26:47.0;
21;5468.2;2019-04-11 11:26:50.0;
21;5468;2019-04-11 11:26:57.0;
21;5467.8;2019-04-11 11:27:01.0;
21;5468;2019-04-11 11:27:06.0;
21;5467.8;2019-04-11 11:27:12.0;
21;5468;2019-04-11 11:27:13.0;
21;5467.8;2019-04-11 11:27:15.0;
21;5467.5;2019-04-11 11:27:43.0;
21;5467.2;2019-04-11 11:27:47.0;
21;5467.5;2019-04-11 11:27:49.0;
21;5467.2;2019-04-11 11:27:50.0;
21;5466.8;2019-04-11 11:28:03.0;
21;5467.2;2019-04-11 11:28:04.0;
21;5466.8;2019-04-11 11:28:05.0;
21;5467;2019-04-11 11:28:09.0;
21;5466.8;2019-04-11 11:28:22.0;
21;5467;2019-04-11 11:28:33.0;
21;5466.8;2019-04-11 11:28:39.0;
21;5466.2;2019-04-11 11:28:57.0;
21;5466.8;2019-04-11 11:29:27.0;
21;5467;2019-04-11 11:29:32.0;
21;5466.8;2019-04-11 11:29:33.0;
21;5467;2019-04-11 11:29:34.0;
21;5467.2;2019-04-11 11:29:36.0;
21;5466.8;2019-04-11 11:30:16.0;
21;5467;2019-04-11 11:30:20.0;
21;5466.8;2019-04-11 11:30:22.0;
21;5467;2019-04-11 11:30:23.0;
21;5467.2;2019-04-11 11:30:25.0;
21;5467;2019-04-11 11:30:27.0;
21;5467.2;2019-04-11 11:30:29.0;
21;5467;2019-04-11 11:30:30.0;
21;5467.2;2019-04-11 11:30:34.0;
21;5467;2019-04-11 11:30:37.0;
21;5467.5;2019-04-11 11:30:40.0;
21;5467;2019-04-11 11:30:41.0;
21;5467.5;2019-04-11 11:30:43.0;
21;5468.2;2019-04-11 11:30:47.0;
21;5467.8;2019-04-11 11:30:52.0;
21;5468.2;2019-04-11 11:31:18.0;
21;5467.8;2019-04-11 11:31:20.0;
21;5468.2;2019-04-11 11:31:21.0;
21;5468.8;2019-04-11 11:31:24.0;
21;5469;2019-04-11 11:31:37.0;
21;5468.8;2019-04-11 11:31:46.0;
21;5469.2;2019-04-11 11:32:06.0;
21;5469;2019-04-11 11:32:10.0;
21;5469.2;2019-04-11 11:32:17.0;
21;5468.8;2019-04-11 11:32:33.0;
21;5468.2;2019-04-11 11:32:34.0;
21;5468.8;2019-04-11 11:32:48.0;
21;5468.2;2019-04-11 11:32:49.0;
21;5468.8;2019-04-11 11:32:51.0;
21;5468.2;2019-04-11 11:33:34.0;
21;5469.2;2019-04-11 11:34:04.0;
21;5468.2;2019-04-11 11:34:05.0;
21;5469.2;2019-04-11 11:34:06.0;
21;5469;2019-04-11 11:34:09.0;
21;5469.2;2019-04-11 11:34:12.0;
21;5469;2019-04-11 11:34:13.0;
21;5469.2;2019-04-11 11:34:15.0;
21;5468.8;2019-04-11 11:34:17.0;
21;5468.5;2019-04-11 11:34:20.0;
21;5468.8;2019-04-11 11:34:28.0;
21;5468.2;2019-04-11 11:34:36.0;
21;5468.8;2019-04-11 11:35:15.0;
21;5468.2;2019-04-11 11:35:16.0;
21;5468.8;2019-04-11 11:35:18.0;
21;5469.2;2019-04-11 11:35:21.0;
21;5468.8;2019-04-11 11:35:22.0;
21;5469.2;2019-04-11 11:35:24.0;
21;5469;2019-04-11 11:35:28.0;
21;5468.8;2019-04-11 11:35:33.0;
21;5469;2019-04-11 11:35:44.0;
21;5469.2;2019-04-11 11:35:49.0;
21;5468.2;2019-04-11 11:36:06.0;
21;5468.5;2019-04-11 11:36:56.0;
21;5468.2;2019-04-11 11:37:03.0;
21;5468.8;2019-04-11 11:37:08.0;
21;5469.2;2019-04-11 11:37:20.0;
21;5468.8;2019-04-11 11:37:50.0;
21;5469.2;2019-04-11 11:38:05.0;
21;5468.8;2019-04-11 11:38:37.0;
21;5468.5;2019-04-11 11:39:28.0;
21;5468.8;2019-04-11 11:40:04.0;
21;5468.5;2019-04-11 11:40:05.0;
21;5468.8;2019-04-11 11:40:07.0;
21;5469.2;2019-04-11 11:40:14.0;
21;5468.8;2019-04-11 11:40:15.0;
21;5469.2;2019-04-11 11:40:17.0;
21;5469.5;2019-04-11 11:40:19.0;
21;5469.8;2019-04-11 11:40:21.0;
21;5470.2;2019-04-11 11:40:29.0;
21;5470.8;2019-04-11 11:41:08.0;
21;5470.5;2019-04-11 11:41:12.0;
21;5470.8;2019-04-11 11:41:39.0;
21;5471;2019-04-11 11:41:47.0;
21;5470.8;2019-04-11 11:41:49.0;
21;5471;2019-04-11 11:41:50.0;
21;5470.8;2019-04-11 11:42:04.0;
21;5470.2;2019-04-11 11:42:07.0;
21;5470.8;2019-04-11 11:42:09.0;
21;5470.2;2019-04-11 11:42:10.0;
21;5470.8;2019-04-11 11:42:13.0;
21;5470.5;2019-04-11 11:42:17.0;
21;5470.8;2019-04-11 11:42:23.0;
21;5470.2;2019-04-11 11:42:27.0;
21;5470.5;2019-04-11 11:42:33.0;
21;5470.8;2019-04-11 11:42:45.0;
21;5470.5;2019-04-11 11:43:00.0;
21;5470.8;2019-04-11 11:43:02.0;
21;5471;2019-04-11 11:43:07.0;
21;5471.2;2019-04-11 11:43:13.0;
21;5473.8;2019-04-11 11:43:40.0;
21;5474.8;2019-04-11 11:43:43.0;
21;5474.2;2019-04-11 11:44:12.0;
21;5474.8;2019-04-11 11:44:18.0;
21;5473.8;2019-04-11 11:44:25.0;
21;5473.5;2019-04-11 11:45:02.0;
21;5474.2;2019-04-11 11:45:09.0;
21;5474.8;2019-04-11 11:45:23.0;
21;5474.2;2019-04-11 11:45:42.0;
21;5474;2019-04-11 11:46:08.0;
21;5473.8;2019-04-11 11:46:10.0;
21;5474.2;2019-04-11 11:46:26.0;
21;5474;2019-04-11 11:46:32.0;
21;5474.2;2019-04-11 11:46:49.0;
21;5474;2019-04-11 11:46:59.0;
21;5474.2;2019-04-11 11:47:01.0;
21;5474;2019-04-11 11:47:09.0;
21;5474.2;2019-04-11 11:47:13.0;
21;5473.8;2019-04-11 11:47:27.0;
21;5473.2;2019-04-11 11:47:29.0;
21;5472.8;2019-04-11 11:47:32.0;
21;5472.5;2019-04-11 11:47:41.0;
21;5473;2019-04-11 11:48:03.0;
21;5472.8;2019-04-11 11:48:20.0;
21;5473;2019-04-11 11:48:45.0;
21;5473.2;2019-04-11 11:48:59.0;
21;5473.8;2019-04-11 11:49:00.0;
21;5473.2;2019-04-11 11:49:10.0;
21;5473;2019-04-11 11:49:14.0;
21;5472.8;2019-04-11 11:49:16.0;
21;5472.2;2019-04-11 11:49:20.0;
21;5472.5;2019-04-11 11:49:28.0;
21;5472.2;2019-04-11 11:49:30.0;
21;5472.5;2019-04-11 11:49:31.0;
21;5472.8;2019-04-11 11:49:45.0;
21;5473.2;2019-04-11 11:50:05.0;
21;5473.8;2019-04-11 11:50:57.0;
21;5474;2019-04-11 11:51:19.0;
21;5473.8;2019-04-11 11:51:35.0;
21;5474;2019-04-11 11:51:37.0;
21;5473.8;2019-04-11 11:51:38.0;
21;5474.2;2019-04-11 11:51:45.0;
21;5474.8;2019-04-11 11:51:49.0;
21;5475;2019-04-11 11:52:08.0;
21;5474.5;2019-04-11 11:52:11.0;
21;5474.2;2019-04-11 11:52:16.0;
21;5474.8;2019-04-11 11:52:22.0;
21;5474.5;2019-04-11 11:52:39.0;
21;5474.8;2019-04-11 11:52:43.0;
21;5474.2;2019-04-11 11:52:56.0;
21;5474.8;2019-04-11 11:52:57.0;
21;5474.2;2019-04-11 11:52:59.0;
21;5474.5;2019-04-11 11:53:02.0;
21;5474.2;2019-04-11 11:53:20.0;
21;5474.5;2019-04-11 11:53:22.0;
21;5474.2;2019-04-11 11:53:24.0;
21;5474;2019-04-11 11:53:31.0;
21;5474.2;2019-04-11 11:53:32.0;
21;5474;2019-04-11 11:53:34.0;
21;5474.5;2019-04-11 11:53:41.0;
21;5474.2;2019-04-11 11:53:50.0;
21;5473.8;2019-04-11 11:54:05.0;
21;5474.2;2019-04-11 11:54:08.0;
21;5474.8;2019-04-11 11:54:18.0;
21;5476.2;2019-04-11 11:54:23.0;
21;5477;2019-04-11 11:54:28.0;
21;5476.8;2019-04-11 11:54:41.0;
21;5476;2019-04-11 11:54:59.0;
21;5476.2;2019-04-11 11:55:04.0;
21;5477;2019-04-11 11:55:13.0;
21;5477.2;2019-04-11 11:55:15.0;
21;5477;2019-04-11 11:55:16.0;
21;5477.2;2019-04-11 11:55:18.0;
21;5475.8;2019-04-11 11:55:43.0;
21;5475.2;2019-04-11 11:55:50.0;
21;5475.8;2019-04-11 11:56:07.0;
21;5476;2019-04-11 11:56:09.0;
21;5476.2;2019-04-11 11:56:16.0;
21;5476.8;2019-04-11 11:56:38.0;
21;5476.2;2019-04-11 11:56:42.0;
21;5476;2019-04-11 11:56:52.0;
21;5475.8;2019-04-11 11:56:58.0;
21;5476.2;2019-04-11 11:57:06.0;
21;5476;2019-04-11 11:57:09.0;
21;5476.2;2019-04-11 11:57:15.0;
21;5475.8;2019-04-11 11:57:19.0;
21;5475.5;2019-04-11 11:57:28.0;
21;5475.8;2019-04-11 11:57:39.0;
21;5476.2;2019-04-11 11:57:43.0;
21;5476.5;2019-04-11 11:58:08.0;
21;5476.2;2019-04-11 11:58:11.0;
21;5476.5;2019-04-11 11:58:12.0;
21;5476.2;2019-04-11 11:58:14.0;
21;5476;2019-04-11 11:58:19.0;
21;5476.2;2019-04-11 11:58:33.0;
21;5476;2019-04-11 11:59:16.0;
21;5476.2;2019-04-11 11:59:20.0;
21;5476;2019-04-11 11:59:40.0;
21;5475.8;2019-04-11 11:59:49.0;
21;5474.2;2019-04-11 12:00:06.0;
21;5474;2019-04-11 12:00:30.0;
21;5474.2;2019-04-11 12:00:35.0;
21;5474.8;2019-04-11 12:00:39.0;
21;5474.5;2019-04-11 12:00:48.0;
21;5474.2;2019-04-11 12:00:53.0;
21;5474.8;2019-04-11 12:00:56.0;
21;5474.2;2019-04-11 12:00:57.0;
21;5474.8;2019-04-11 12:00:59.0;
21;5474.2;2019-04-11 12:01:09.0;
21;5474.8;2019-04-11 12:01:11.0;
21;5475;2019-04-11 12:01:41.0;
21;5474.8;2019-04-11 12:02:06.0;
21;5474.5;2019-04-11 12:02:09.0;
21;5474.2;2019-04-11 12:02:18.0;
21;5474;2019-04-11 12:02:50.0;
21;5474.8;2019-04-11 12:03:02.0;
21;5474.5;2019-04-11 12:03:05.0;
21;5474.8;2019-04-11 12:03:07.0;
21;5474.5;2019-04-11 12:03:08.0;
21;5474.2;2019-04-11 12:03:10.0;
21;5474.8;2019-04-11 12:03:13.0;
21;5474.2;2019-04-11 12:04:05.0;
21;5474.8;2019-04-11 12:04:06.0;
21;5474.2;2019-04-11 12:04:08.0;
21;5474;2019-04-11 12:04:18.0;
21;5474.2;2019-04-11 12:04:31.0;
21;5473.8;2019-04-11 12:04:52.0;
21;5474.2;2019-04-11 12:04:54.0;
21;5473.8;2019-04-11 12:04:55.0;
21;5474.2;2019-04-11 12:05:02.0;
21;5475.2;2019-04-11 12:05:08.0;
21;5474.2;2019-04-11 12:05:09.0;
21;5475.2;2019-04-11 12:05:11.0;
21;5475.5;2019-04-11 12:05:25.0;
21;5475.8;2019-04-11 12:05:34.0;
21;5475.5;2019-04-11 12:05:48.0;
21;5474.8;2019-04-11 12:06:05.0;
21;5473.8;2019-04-11 12:06:19.0;
21;5473.5;2019-04-11 12:06:41.0;
21;5473.2;2019-04-11 12:06:52.0;
21;5472.8;2019-04-11 12:07:10.0;
21;5473.2;2019-04-11 12:07:11.0;
21;5472.8;2019-04-11 12:07:12.0;
21;5473.2;2019-04-11 12:07:15.0;
21;5472.8;2019-04-11 12:07:16.0;
21;5473.2;2019-04-11 12:07:41.0;
21;5472.8;2019-04-11 12:08:41.0;
21;5473.2;2019-04-11 12:08:42.0;
21;5472.8;2019-04-11 12:08:43.0;
21;5473.2;2019-04-11 12:08:46.0;
21;5472.8;2019-04-11 12:08:56.0;
21;5473.2;2019-04-11 12:09:15.0;
21;5474.5;2019-04-11 12:09:24.0;
21;5473.2;2019-04-11 12:09:25.0;
21;5474.5;2019-04-11 12:09:27.0;
21;5474.8;2019-04-11 12:09:32.0;
21;5475.2;2019-04-11 12:09:49.0;
21;5474.8;2019-04-11 12:09:51.0;
21;5475.2;2019-04-11 12:09:52.0;
21;5475.8;2019-04-11 12:10:07.0;
21;5476.5;2019-04-11 12:10:09.0;
21;5475.8;2019-04-11 12:10:10.0;
21;5475.2;2019-04-11 12:10:12.0;
21;5475.8;2019-04-11 12:10:18.0;
21;5475.2;2019-04-11 12:10:31.0;
21;5474.2;2019-04-11 12:10:36.0;
21;5475;2019-04-11 12:10:42.0;
21;5474.8;2019-04-11 12:10:45.0;
21;5475.2;2019-04-11 12:10:58.0;
21;5475;2019-04-11 12:11:19.0;
21;5475.2;2019-04-11 12:11:22.0;
21;5475;2019-04-11 12:11:24.0;
21;5474.8;2019-04-11 12:11:25.0;
21;5475;2019-04-11 12:11:30.0;
21;5474.8;2019-04-11 12:11:34.0;
21;5474.5;2019-04-11 12:12:10.0;
21;5474.2;2019-04-11 12:12:11.0;
21;5474.5;2019-04-11 12:12:13.0;
21;5474.2;2019-04-11 12:12:15.0;
21;5474.5;2019-04-11 12:12:35.0;
21;5474.2;2019-04-11 12:12:37.0;
21;5474.5;2019-04-11 12:12:38.0;
21;5474.8;2019-04-11 12:12:41.0;
21;5475.2;2019-04-11 12:12:46.0;
21;5474.8;2019-04-11 12:12:51.0;
21;5475.2;2019-04-11 12:13:16.0;
21;5474.8;2019-04-11 12:13:26.0;
21;5475.2;2019-04-11 12:13:37.0;
21;5474.8;2019-04-11 12:14:06.0;
21;5475;2019-04-11 12:14:14.0;
21;5475.2;2019-04-11 12:14:20.0;
21;5474.8;2019-04-11 12:14:25.0;
21;5475;2019-04-11 12:14:30.0;
21;5475.2;2019-04-11 12:14:36.0;
21;5474.8;2019-04-11 12:14:39.0;
21;5475;2019-04-11 12:15:16.0;
21;5475.2;2019-04-11 12:15:17.0;
21;5475;2019-04-11 12:15:21.0;
21;5475.2;2019-04-11 12:15:26.0;
21;5474.8;2019-04-11 12:15:31.0;
21;5475.2;2019-04-11 12:15:33.0;
21;5474.8;2019-04-11 12:15:34.0;
21;5474.5;2019-04-11 12:15:35.0;
21;5474.8;2019-04-11 12:15:41.0;
21;5475.2;2019-04-11 12:15:50.0;
21;5474.8;2019-04-11 12:16:04.0;
21;5475.2;2019-04-11 12:16:08.0;
21;5475;2019-04-11 12:16:16.0;
21;5474.8;2019-04-11 12:16:19.0;
21;5474.2;2019-04-11 12:16:30.0;
21;5474.8;2019-04-11 12:16:52.0;
21;5474.2;2019-04-11 12:17:18.0;
21;5474.8;2019-04-11 12:17:25.0;
21;5474.2;2019-04-11 12:17:31.0;
21;5473.5;2019-04-11 12:17:38.0;
21;5473.8;2019-04-11 12:17:51.0;
21;5473.2;2019-04-11 12:18:06.0;
21;5473.5;2019-04-11 12:18:20.0;
21;5473.8;2019-04-11 12:18:27.0;
21;5474.2;2019-04-11 12:18:37.0;
21;5474.8;2019-04-11 12:18:45.0;
21;5474.5;2019-04-11 12:19:20.0;
21;5474.2;2019-04-11 12:19:27.0;
21;5474;2019-04-11 12:19:31.0;
21;5473.8;2019-04-11 12:19:36.0;
21;5474.8;2019-04-11 12:19:41.0;
21;5474.2;2019-04-11 12:19:45.0;
21;5474.8;2019-04-11 12:19:51.0;
21;5475.2;2019-04-11 12:20:11.0;
21;5474.8;2019-04-11 12:20:16.0;
21;5475;2019-04-11 12:20:36.0;
21;5475.2;2019-04-11 12:20:43.0;
21;5475;2019-04-11 12:20:46.0;
21;5475.2;2019-04-11 12:20:47.0;
21;5475;2019-04-11 12:20:49.0;
21;5475.2;2019-04-11 12:20:56.0;
21;5475;2019-04-11 12:21:00.0;
21;5474.2;2019-04-11 12:21:06.0;
21;5474;2019-04-11 12:21:18.0;
21;5474.2;2019-04-11 12:21:22.0;
21;5474.8;2019-04-11 12:21:40.0;
21;5474.2;2019-04-11 12:22:08.0;
21;5474.8;2019-04-11 12:22:38.0;
21;5475.2;2019-04-11 12:23:05.0;
21;5474.8;2019-04-11 12:23:46.0;
21;5475.2;2019-04-11 12:24:12.0;
21;5475;2019-04-11 12:24:15.0;
21;5475.2;2019-04-11 12:24:25.0;
21;5475;2019-04-11 12:24:31.0;
21;5475.2;2019-04-11 12:24:35.0;
21;5475;2019-04-11 12:24:37.0;
21;5475.2;2019-04-11 12:24:39.0;
21;5475.8;2019-04-11 12:25:26.0;
21;5476;2019-04-11 12:25:31.0;
21;5476.2;2019-04-11 12:25:36.0;
21;5476.5;2019-04-11 12:25:45.0;
21;5476.8;2019-04-11 12:25:47.0;
21;5476.5;2019-04-11 12:25:50.0;
21;5476.8;2019-04-11 12:25:51.0;
21;5476.2;2019-04-11 12:26:07.0;
21;5476.5;2019-04-11 12:26:08.0;
21;5476.2;2019-04-11 12:26:11.0;
21;5476.8;2019-04-11 12:26:12.0;
21;5476.2;2019-04-11 12:26:14.0;
21;5476.8;2019-04-11 12:26:15.0;
21;5477.2;2019-04-11 12:26:36.0;
21;5476.8;2019-04-11 12:26:47.0;
21;5476.2;2019-04-11 12:27:13.0;
21;5475.8;2019-04-11 12:27:20.0;
21;5476.2;2019-04-11 12:27:22.0;
21;5475.8;2019-04-11 12:27:23.0;
21;5475.5;2019-04-11 12:27:29.0;
21;5475.8;2019-04-11 12:27:30.0;
21;5475.5;2019-04-11 12:27:31.0;
21;5475.8;2019-04-11 12:27:34.0;
21;5475.5;2019-04-11 12:27:51.0;
21;5475.2;2019-04-11 12:28:04.0;
21;5474.8;2019-04-11 12:28:24.0;
21;5475;2019-04-11 12:28:30.0;
21;5474.8;2019-04-11 12:28:36.0;
21;5475.8;2019-04-11 12:29:01.0;
21;5476.2;2019-04-11 12:29:05.0;
21;5476;2019-04-11 12:29:09.0;
21;5476.2;2019-04-11 12:29:15.0;
21;5476;2019-04-11 12:29:21.0;
21;5476.2;2019-04-11 12:29:22.0;
21;5476;2019-04-11 12:29:24.0;
21;5476.2;2019-04-11 12:29:25.0;
21;5476.8;2019-04-11 12:29:36.0;
21;5477;2019-04-11 12:30:08.0;
21;5477.2;2019-04-11 12:30:15.0;
21;5477;2019-04-11 12:30:26.0;
21;5476.8;2019-04-11 12:30:32.0;
21;5477;2019-04-11 12:30:35.0;
21;5476.8;2019-04-11 12:30:37.0;
21;5477;2019-04-11 12:30:47.0;
21;5476.8;2019-04-11 12:30:50.0;
21;5477;2019-04-11 12:30:52.0;
21;5476.8;2019-04-11 12:31:03.0;
21;5476.5;2019-04-11 12:31:44.0;
21;5476.8;2019-04-11 12:32:18.0;
21;5477;2019-04-11 12:32:29.0;
21;5476.8;2019-04-11 12:32:57.0;
21;5477.2;2019-04-11 12:33:20.0;
21;5476.8;2019-04-11 12:34:05.0;
21;5476.2;2019-04-11 12:34:17.0;
21;5476.5;2019-04-11 12:34:20.0;
21;5476.2;2019-04-11 12:34:27.0;
21;5476.8;2019-04-11 12:34:38.0;
21;5476.5;2019-04-11 12:34:39.0;
21;5476.2;2019-04-11 12:34:42.0;
21;5476.5;2019-04-11 12:34:47.0;
21;5476.2;2019-04-11 12:35:15.0;
21;5476.5;2019-04-11 12:35:16.0;
21;5476.2;2019-04-11 12:35:18.0;
21;5476;2019-04-11 12:35:38.0;
21;5476.2;2019-04-11 12:35:46.0;
21;5475.5;2019-04-11 12:36:06.0;
21;5475.8;2019-04-11 12:36:15.0;
21;5475.5;2019-04-11 12:36:21.0;
21;5475.2;2019-04-11 12:36:28.0;
21;5475.5;2019-04-11 12:36:32.0;
21;5475.8;2019-04-11 12:36:36.0;
21;5475.5;2019-04-11 12:36:39.0;
21;5475.2;2019-04-11 12:36:45.0;
21;5474.2;2019-04-11 12:37:19.0;
21;5474.8;2019-04-11 12:37:49.0;
21;5474.2;2019-04-11 12:38:04.0;
21;5474.8;2019-04-11 12:38:06.0;
21;5474.2;2019-04-11 12:38:07.0;
21;5474.8;2019-04-11 12:38:19.0;
21;5475.2;2019-04-11 12:38:33.0;
21;5475.5;2019-04-11 12:38:58.0;
21;5475.2;2019-04-11 12:39:00.0;
21;5475.5;2019-04-11 12:39:03.0;
21;5475.8;2019-04-11 12:39:04.0;
21;5476;2019-04-11 12:39:20.0;
21;5476.2;2019-04-11 12:39:30.0;
21;5477.2;2019-04-11 12:39:49.0;
21;5477.5;2019-04-11 12:40:10.0;
21;5477.2;2019-04-11 12:40:18.0;
21;5477.5;2019-04-11 12:40:21.0;
21;5477.2;2019-04-11 12:40:22.0;
21;5477.5;2019-04-11 12:40:24.0;
21;5477.8;2019-04-11 12:40:35.0;
21;5477.5;2019-04-11 12:40:39.0;
21;5477.2;2019-04-11 12:40:50.0;
21;5477.5;2019-04-11 12:40:58.0;
21;5477.8;2019-04-11 12:41:05.0;
21;5477.5;2019-04-11 12:41:12.0;
21;5477.2;2019-04-11 12:41:17.0;
21;5477.5;2019-04-11 12:41:18.0;
21;5477.2;2019-04-11 12:41:19.0;
21;5477.5;2019-04-11 12:41:37.0;
21;5477.8;2019-04-11 12:41:42.0;
21;5477.5;2019-04-11 12:42:03.0;
21;5477.8;2019-04-11 12:42:14.0;
21;5478.2;2019-04-11 12:42:42.0;
21;5478;2019-04-11 12:42:59.0;
21;5478.2;2019-04-11 12:43:18.0;
21;5478;2019-04-11 12:43:23.0;
21;5478.2;2019-04-11 12:43:28.0;
21;5477.8;2019-04-11 12:43:44.0;
21;5478.2;2019-04-11 12:44:05.0;
21;5478;2019-04-11 12:44:08.0;
21;5478.2;2019-04-11 12:44:13.0;
21;5478;2019-04-11 12:44:20.0;
21;5478.2;2019-04-11 12:44:22.0;
21;5478;2019-04-11 12:44:23.0;
21;5478.2;2019-04-11 12:44:29.0;
21;5478.8;2019-04-11 12:44:34.0;
21;5479;2019-04-11 12:44:38.0;
21;5479.2;2019-04-11 12:44:39.0;
21;5479.8;2019-04-11 12:45:10.0;
21;5479.2;2019-04-11 12:45:21.0;
21;5479.8;2019-04-11 12:45:30.0;
21;5480.2;2019-04-11 12:45:41.0;
21;5483.8;2019-04-11 12:45:45.0;
21;5483.5;2019-04-11 12:45:51.0;
21;5482.8;2019-04-11 12:46:05.0;
21;5482;2019-04-11 12:46:15.0;
21;5481.8;2019-04-11 12:46:20.0;
21;5482.2;2019-04-11 12:46:25.0;
21;5482.8;2019-04-11 12:46:30.0;
21;5483.8;2019-04-11 12:46:35.0;
21;5483;2019-04-11 12:46:40.0;
21;5483.2;2019-04-11 12:46:47.0;
21;5483;2019-04-11 12:46:50.0;
21;5483.2;2019-04-11 12:46:56.0;
21;5483.5;2019-04-11 12:47:00.0;
21;5483.2;2019-04-11 12:47:01.0;
21;5483.5;2019-04-11 12:47:03.0;
21;5483.8;2019-04-11 12:47:06.0;
21;5484;2019-04-11 12:47:15.0;
21;5483.8;2019-04-11 12:47:18.0;
21;5484.5;2019-04-11 12:47:31.0;
21;5484.8;2019-04-11 12:47:38.0;
21;5485;2019-04-11 12:47:47.0;
21;5484.8;2019-04-11 12:48:05.0;
21;5485;2019-04-11 12:48:10.0;
21;5485.2;2019-04-11 12:48:19.0;
21;5484.8;2019-04-11 12:48:26.0;
21;5484.5;2019-04-11 12:48:32.0;
21;5484.8;2019-04-11 12:48:35.0;
21;5484.5;2019-04-11 12:48:37.0;
21;5484.8;2019-04-11 12:48:38.0;
21;5484.5;2019-04-11 12:48:46.0;
21;5484.2;2019-04-11 12:49:07.0;
21;5483.8;2019-04-11 12:49:08.0;
21;5484.2;2019-04-11 12:49:10.0;
21;5483.8;2019-04-11 12:49:12.0;
21;5484.2;2019-04-11 12:49:16.0;
21;5484;2019-04-11 12:49:30.0;
21;5483.8;2019-04-11 12:49:37.0;
21;5482.8;2019-04-11 12:49:39.0;
21;5483.8;2019-04-11 12:49:42.0;
21;5482.8;2019-04-11 12:49:43.0;
21;5483;2019-04-11 12:49:49.0;
21;5484.8;2019-04-11 12:50:04.0;
21;5485.2;2019-04-11 12:50:11.0;
21;5485.5;2019-04-11 12:50:15.0;
21;5486;2019-04-11 12:50:26.0;
21;5485.8;2019-04-11 12:50:31.0;
21;5485.5;2019-04-11 12:50:35.0;
21;5485.2;2019-04-11 12:50:41.0;
21;5485.8;2019-04-11 12:50:45.0;
21;5485.2;2019-04-11 12:50:46.0;
21;5485.8;2019-04-11 12:50:48.0;
21;5487.8;2019-04-11 12:51:02.0;
21;5487.5;2019-04-11 12:51:05.0;
21;5487.8;2019-04-11 12:51:07.0;
21;5487.5;2019-04-11 12:51:08.0;
21;5487;2019-04-11 12:51:11.0;
21;5487.5;2019-04-11 12:51:12.0;
21;5487;2019-04-11 12:51:14.0;
21;5487.8;2019-04-11 12:51:17.0;
21;5487;2019-04-11 12:51:18.0;
21;5487.8;2019-04-11 12:51:19.0;
21;5487.2;2019-04-11 12:51:28.0;
21;5487.8;2019-04-11 12:51:31.0;
21;5487.2;2019-04-11 12:51:42.0;
21;5485.2;2019-04-11 12:52:04.0;
21;5485.8;2019-04-11 12:52:18.0;
21;5485.5;2019-04-11 12:52:23.0;
21;5485.8;2019-04-11 12:52:25.0;
21;5485.5;2019-04-11 12:52:26.0;
21;5485.2;2019-04-11 12:52:29.0;
21;5485.5;2019-04-11 12:52:31.0;
21;5485.8;2019-04-11 12:52:36.0;
21;5485.5;2019-04-11 12:52:39.0;
21;5485.2;2019-04-11 12:52:50.0;
21;5485;2019-04-11 12:52:56.0;
21;5484.8;2019-04-11 12:53:05.0;
21;5485.2;2019-04-11 12:53:10.0;
21;5485;2019-04-11 12:53:31.0;
21;5485.2;2019-04-11 12:53:46.0;
21;5484.8;2019-04-11 12:53:50.0;
21;5485;2019-04-11 12:54:05.0;
21;5485.2;2019-04-11 12:54:22.0;
21;5485;2019-04-11 12:54:35.0;
21;5485.2;2019-04-11 12:54:36.0;
21;5485.5;2019-04-11 12:54:46.0;
21;5486;2019-04-11 12:54:50.0;
21;5487.5;2019-04-11 12:54:52.0;
21;5486;2019-04-11 12:54:53.0;
21;5488.2;2019-04-11 12:54:56.0;
21;5487.2;2019-04-11 12:55:06.0;
21;5487;2019-04-11 12:55:12.0;
21;5487.2;2019-04-11 12:55:16.0;
21;5486.8;2019-04-11 12:55:22.0;
21;5486.5;2019-04-11 12:55:36.0;
21;5486.2;2019-04-11 12:55:50.0;
21;5487.8;2019-04-11 12:56:06.0;
21;5487.5;2019-04-11 12:56:22.0;
21;5487.8;2019-04-11 12:56:26.0;
21;5487.2;2019-04-11 12:56:59.0;
21;5487.8;2019-04-11 12:57:01.0;
21;5487.2;2019-04-11 12:57:03.0;
21;5487.8;2019-04-11 12:57:40.0;
21;5487.2;2019-04-11 12:57:42.0;
21;5487.8;2019-04-11 12:57:43.0;
21;5487.5;2019-04-11 12:57:49.0;
21;5488.8;2019-04-11 12:58:04.0;
21;5487.5;2019-04-11 12:58:05.0;
21;5488.8;2019-04-11 12:58:07.0;
21;5489.5;2019-04-11 12:58:14.0;
21;5488.8;2019-04-11 12:58:16.0;
21;5489.5;2019-04-11 12:58:17.0;
21;5489.2;2019-04-11 12:58:20.0;
21;5489.8;2019-04-11 12:58:32.0;
21;5489.2;2019-04-11 12:58:34.0;
21;5489.8;2019-04-11 12:58:35.0;
21;5489.5;2019-04-11 12:58:38.0;
21;5489.8;2019-04-11 12:58:45.0;
21;5490.2;2019-04-11 12:58:59.0;
21;5489.8;2019-04-11 12:59:00.0;
21;5490.2;2019-04-11 12:59:02.0;
21;5489.8;2019-04-11 12:59:08.0;
21;5490;2019-04-11 12:59:13.0;
21;5490.2;2019-04-11 12:59:17.0;
21;5489.8;2019-04-11 12:59:26.0;
21;5489.5;2019-04-11 12:59:34.0;
21;5489.2;2019-04-11 12:59:41.0;
21;5489.5;2019-04-11 12:59:49.0;
21;5489.8;2019-04-11 13:00:04.0;
21;5489.5;2019-04-11 13:00:05.0;
21;5489.8;2019-04-11 13:00:08.0;
21;5489.5;2019-04-11 13:00:10.0;
21;5489.2;2019-04-11 13:00:18.0;
21;5488.8;2019-04-11 13:00:33.0;
21;5489.2;2019-04-11 13:00:39.0;
21;5489;2019-04-11 13:00:41.0;
21;5489.2;2019-04-11 13:00:43.0;
21;5488.8;2019-04-11 13:00:54.0;
21;5488.5;2019-04-11 13:01:01.0;
21;5488.2;2019-04-11 13:01:05.0;
21;5488.5;2019-04-11 13:01:28.0;
21;5488.2;2019-04-11 13:01:38.0;
21;5488.5;2019-04-11 13:01:46.0;
21;5488.8;2019-04-11 13:02:12.0;
21;5489;2019-04-11 13:02:19.0;
21;5488.8;2019-04-11 13:02:25.0;
21;5488.2;2019-04-11 13:02:54.0;
21;5487.5;2019-04-11 13:02:59.0;
21;5488;2019-04-11 13:03:04.0;
21;5487.8;2019-04-11 13:03:09.0;
21;5488;2019-04-11 13:03:14.0;
21;5488.2;2019-04-11 13:03:17.0;
21;5489.2;2019-04-11 13:03:23.0;
21;5489;2019-04-11 13:03:49.0;
21;5488.8;2019-04-11 13:04:04.0;
21;5489.2;2019-04-11 13:04:13.0;
21;5489.8;2019-04-11 13:04:17.0;
21;5490;2019-04-11 13:04:18.0;
21;5489.2;2019-04-11 13:04:33.0;
21;5490;2019-04-11 13:04:37.0;
21;5489.8;2019-04-11 13:04:50.0;
21;5490;2019-04-11 13:04:54.0;
21;5490.2;2019-04-11 13:04:58.0;
21;5489.8;2019-04-11 13:05:19.0;
21;5490.2;2019-04-11 13:05:21.0;
21;5489.8;2019-04-11 13:05:23.0;
21;5489.2;2019-04-11 13:05:28.0;
21;5489.8;2019-04-11 13:05:42.0;
21;5490;2019-04-11 13:05:43.0;
21;5489.8;2019-04-11 13:06:05.0;
21;5490;2019-04-11 13:06:08.0;
21;5490.2;2019-04-11 13:06:21.0;
21;5490;2019-04-11 13:06:23.0;
21;5490.2;2019-04-11 13:06:24.0;
21;5490;2019-04-11 13:06:29.0;
21;5490.2;2019-04-11 13:06:34.0;
21;5490.5;2019-04-11 13:06:58.0;
21;5490.2;2019-04-11 13:07:00.0;
21;5489.5;2019-04-11 13:07:16.0;
21;5489.2;2019-04-11 13:07:21.0;
21;5489.5;2019-04-11 13:07:46.0;
21;5489.2;2019-04-11 13:07:49.0;
21;5489;2019-04-11 13:08:18.0;
21;5489.2;2019-04-11 13:08:19.0;
21;5488.8;2019-04-11 13:08:38.0;
21;5488.2;2019-04-11 13:08:48.0;
21;5488.8;2019-04-11 13:09:41.0;
21;5488.5;2019-04-11 13:09:44.0;
21;5488.8;2019-04-11 13:09:47.0;
21;5488.2;2019-04-11 13:09:48.0;
21;5488.8;2019-04-11 13:10:03.0;
21;5488.2;2019-04-11 13:10:08.0;
21;5488;2019-04-11 13:10:44.0;
21;5488.2;2019-04-11 13:10:45.0;
21;5487.8;2019-04-11 13:11:08.0;
21;5487.2;2019-04-11 13:11:39.0;
21;5486.2;2019-04-11 13:11:49.0;
21;5488.8;2019-04-11 13:12:39.0;
21;5488.5;2019-04-11 13:12:41.0;
21;5488;2019-04-11 13:12:44.0;
21;5488.8;2019-04-11 13:12:45.0;
21;5488;2019-04-11 13:12:48.0;
21;5488.2;2019-04-11 13:12:49.0;
21;5488;2019-04-11 13:13:06.0;
21;5488.2;2019-04-11 13:13:09.0;
21;5488;2019-04-11 13:13:19.0;
21;5488.2;2019-04-11 13:13:23.0;
21;5486.2;2019-04-11 13:13:37.0;
21;5485.8;2019-04-11 13:14:06.0;
21;5486.2;2019-04-11 13:14:08.0;
21;5486;2019-04-11 13:14:18.0;
21;5486.2;2019-04-11 13:14:23.0;
21;5486.5;2019-04-11 13:14:28.0;
21;5486.2;2019-04-11 13:14:34.0;
21;5486.5;2019-04-11 13:14:40.0;
21;5486.2;2019-04-11 13:14:41.0;
21;5486.5;2019-04-11 13:14:43.0;
21;5486.8;2019-04-11 13:14:44.0;
21;5485.8;2019-04-11 13:14:56.0;
21;5486.8;2019-04-11 13:14:57.0;
21;5485.8;2019-04-11 13:14:58.0;
21;5486.2;2019-04-11 13:15:23.0;
21;5485.8;2019-04-11 13:15:29.0;
21;5486;2019-04-11 13:15:40.0;
21;5485.8;2019-04-11 13:15:42.0;
21;5485.2;2019-04-11 13:16:03.0;
21;5484.8;2019-04-11 13:16:09.0;
21;5484.2;2019-04-11 13:16:15.0;
21;5484.8;2019-04-11 13:16:24.0;
21;5485;2019-04-11 13:16:34.0;
21;5485.2;2019-04-11 13:16:40.0;
21;5484.8;2019-04-11 13:17:10.0;
21;5485.2;2019-04-11 13:17:14.0;
21;5486;2019-04-11 13:17:30.0;
21;5486.2;2019-04-11 13:17:36.0;
21;5486.5;2019-04-11 13:18:10.0;
21;5486.2;2019-04-11 13:18:16.0;
21;5486.5;2019-04-11 13:18:21.0;
21;5486.2;2019-04-11 13:18:22.0;
21;5486.5;2019-04-11 13:18:29.0;
21;5486.2;2019-04-11 13:18:35.0;
21;5486.8;2019-04-11 13:18:50.0;
21;5486.2;2019-04-11 13:19:02.0;
21;5486.5;2019-04-11 13:19:04.0;
21;5486.2;2019-04-11 13:19:12.0;
21;5486.8;2019-04-11 13:19:30.0;
21;5487;2019-04-11 13:19:35.0;
21;5487.2;2019-04-11 13:19:40.0;
21;5486.8;2019-04-11 13:20:06.0;
21;5486.2;2019-04-11 13:20:24.0;
21;5485.2;2019-04-11 13:21:03.0;
21;5485;2019-04-11 13:21:11.0;
21;5485.5;2019-04-11 13:21:13.0;
21;5485.2;2019-04-11 13:21:19.0;
21;5485.5;2019-04-11 13:21:23.0;
21;5485.2;2019-04-11 13:21:29.0;
21;5484.8;2019-04-11 13:21:45.0;
21;5485;2019-04-11 13:22:08.0;
21;5484.8;2019-04-11 13:22:18.0;
21;5485;2019-04-11 13:22:21.0;
21;5485.2;2019-04-11 13:22:22.0;
21;5485.5;2019-04-11 13:22:50.0;
21;5485.2;2019-04-11 13:22:53.0;
21;5485.8;2019-04-11 13:23:02.0;
21;5486.8;2019-04-11 13:23:13.0;
21;5485.8;2019-04-11 13:23:15.0;
21;5486.8;2019-04-11 13:23:16.0;
21;5486.2;2019-04-11 13:24:04.0;
21;5486.8;2019-04-11 13:24:05.0;
21;5486.2;2019-04-11 13:24:07.0;
21;5486.5;2019-04-11 13:24:09.0;
21;5486.8;2019-04-11 13:24:14.0;
21;5487;2019-04-11 13:24:16.0;
21;5486.8;2019-04-11 13:24:18.0;
21;5487;2019-04-11 13:24:20.0;
21;5486.8;2019-04-11 13:24:27.0;
21;5486;2019-04-11 13:24:50.0;
21;5485.8;2019-04-11 13:24:59.0;
21;5485.5;2019-04-11 13:25:06.0;
21;5485.8;2019-04-11 13:25:08.0;
21;5485.5;2019-04-11 13:25:14.0;
21;5485.2;2019-04-11 13:25:19.0;
21;5485;2019-04-11 13:25:23.0;
21;5484.8;2019-04-11 13:25:29.0;
21;5485.2;2019-04-11 13:25:35.0;
21;5485;2019-04-11 13:25:36.0;
21;5485.2;2019-04-11 13:25:37.0;
21;5485;2019-04-11 13:26:04.0;
21;5485.2;2019-04-11 13:26:10.0;
21;5485;2019-04-11 13:26:14.0;
21;5485.2;2019-04-11 13:26:19.0;
21;5484;2019-04-11 13:26:39.0;
21;5484.2;2019-04-11 13:26:44.0;
21;5484.5;2019-04-11 13:26:54.0;
21;5484.8;2019-04-11 13:26:59.0;
21;5485;2019-04-11 13:27:04.0;
21;5484.8;2019-04-11 13:27:11.0;
21;5485;2019-04-11 13:27:13.0;
21;5485.2;2019-04-11 13:27:15.0;
21;5485;2019-04-11 13:27:16.0;
21;5485.2;2019-04-11 13:27:18.0;
21;5485;2019-04-11 13:27:31.0;
21;5485.2;2019-04-11 13:27:39.0;
21;5487;2019-04-11 13:28:04.0;
21;5486.8;2019-04-11 13:28:07.0;
21;5487;2019-04-11 13:28:09.0;
21;5486.8;2019-04-11 13:28:10.0;
21;5486.5;2019-04-11 13:28:16.0;
21;5486.2;2019-04-11 13:28:20.0;
21;5486.5;2019-04-11 13:28:26.0;
21;5487;2019-04-11 13:28:37.0;
21;5487.2;2019-04-11 13:28:52.0;
21;5487;2019-04-11 13:28:54.0;
21;5487.2;2019-04-11 13:28:55.0;
21;5487;2019-04-11 13:28:57.0;
21;5486.8;2019-04-11 13:28:59.0;
21;5487;2019-04-11 13:29:00.0;
21;5486.8;2019-04-11 13:29:02.0;
21;5487;2019-04-11 13:29:12.0;
21;5486.8;2019-04-11 13:29:16.0;
21;5487;2019-04-11 13:29:18.0;
21;5486.8;2019-04-11 13:29:20.0;
21;5486.5;2019-04-11 13:29:22.0;
21;5486.2;2019-04-11 13:29:38.0;
21;5486.5;2019-04-11 13:29:41.0;
21;5486.2;2019-04-11 13:29:42.0;
21;5486;2019-04-11 13:29:45.0;
21;5485.8;2019-04-11 13:29:47.0;
21;5486;2019-04-11 13:30:08.0;
21;5485.8;2019-04-11 13:30:12.0;
21;5486;2019-04-11 13:30:24.0;
21;5485.8;2019-04-11 13:30:25.0;
21;5486;2019-04-11 13:30:27.0;
21;5485.8;2019-04-11 13:30:28.0;
21;5486;2019-04-11 13:30:42.0;
21;5486.2;2019-04-11 13:30:44.0;
21;5486;2019-04-11 13:30:45.0;
21;5486.2;2019-04-11 13:30:48.0;
21;5486.8;2019-04-11 13:30:58.0;
21;5487.2;2019-04-11 13:31:04.0;
21;5487;2019-04-11 13:31:08.0;
21;5487.2;2019-04-11 13:31:10.0;
21;5487;2019-04-11 13:31:11.0;
21;5487.2;2019-04-11 13:31:13.0;
21;5487.8;2019-04-11 13:31:49.0;
21;5487.2;2019-04-11 13:32:09.0;
21;5487.5;2019-04-11 13:32:13.0;
21;5487.8;2019-04-11 13:32:17.0;
21;5487.5;2019-04-11 13:32:23.0;
21;5487.2;2019-04-11 13:32:27.0;
21;5486.8;2019-04-11 13:32:33.0;
21;5487.2;2019-04-11 13:32:39.0;
21;5487;2019-04-11 13:32:53.0;
21;5486.5;2019-04-11 13:32:58.0;
21;5486.2;2019-04-11 13:32:59.0;
21;5486.5;2019-04-11 13:33:02.0;
21;5486.2;2019-04-11 13:33:03.0;
21;5485.8;2019-04-11 13:33:14.0;
21;5486.2;2019-04-11 13:33:18.0;
21;5485.8;2019-04-11 13:33:22.0;
21;5486;2019-04-11 13:33:25.0;
21;5486.2;2019-04-11 13:33:35.0;
21;5485.8;2019-04-11 13:33:39.0;
21;5486;2019-04-11 13:34:06.0;
21;5486.2;2019-04-11 13:34:11.0;
21;5485.8;2019-04-11 13:34:32.0;
21;5485.5;2019-04-11 13:34:44.0;
21;5485.8;2019-04-11 13:34:46.0;
21;5485.5;2019-04-11 13:34:59.0;
21;5485.8;2019-04-11 13:35:00.0;
21;5485.5;2019-04-11 13:35:01.0;
21;5485.2;2019-04-11 13:35:12.0;
21;5485;2019-04-11 13:35:13.0;
21;5485.8;2019-04-11 13:35:27.0;
21;5485.5;2019-04-11 13:35:45.0;
21;5485.2;2019-04-11 13:36:05.0;
21;5485;2019-04-11 13:36:24.0;
21;5485.2;2019-04-11 13:36:29.0;
21;5485.8;2019-04-11 13:36:46.0;
21;5486.2;2019-04-11 13:36:48.0;
21;5486.8;2019-04-11 13:37:03.0;
21;5486.2;2019-04-11 13:37:13.0;
21;5486.8;2019-04-11 13:37:18.0;
21;5486.2;2019-04-11 13:37:28.0;
21;5486;2019-04-11 13:37:34.0;
21;5486.2;2019-04-11 13:38:05.0;
21;5486.5;2019-04-11 13:38:10.0;
21;5486;2019-04-11 13:38:14.0;
21;5486.2;2019-04-11 13:38:16.0;
21;5486;2019-04-11 13:38:18.0;
21;5486.2;2019-04-11 13:38:20.0;
21;5486.5;2019-04-11 13:39:19.0;
21;5486.8;2019-04-11 13:39:24.0;
21;5486.2;2019-04-11 13:39:40.0;
21;5485.5;2019-04-11 13:39:42.0;
21;5485.8;2019-04-11 13:39:44.0;
21;5484.5;2019-04-11 13:39:48.0;
21;5484.8;2019-04-11 13:40:04.0;
21;5484.5;2019-04-11 13:40:18.0;
21;5484.2;2019-04-11 13:40:20.0;
21;5484.5;2019-04-11 13:40:23.0;
21;5484.2;2019-04-11 13:40:29.0;
21;5484.8;2019-04-11 13:40:36.0;
21;5484.2;2019-04-11 13:40:38.0;
21;5484.8;2019-04-11 13:40:39.0;
21;5484.2;2019-04-11 13:40:43.0;
21;5484.8;2019-04-11 13:40:49.0;
21;5484.5;2019-04-11 13:40:51.0;
21;5484.8;2019-04-11 13:40:55.0;
21;5484.5;2019-04-11 13:40:58.0;
21;5484.8;2019-04-11 13:41:02.0;
21;5484.5;2019-04-11 13:41:03.0;
21;5484.8;2019-04-11 13:41:09.0;
21;5484.2;2019-04-11 13:41:37.0;
21;5484.5;2019-04-11 13:41:51.0;
21;5484.8;2019-04-11 13:42:12.0;
21;5485.2;2019-04-11 13:42:13.0;
21;5484.8;2019-04-11 13:42:15.0;
21;5485.2;2019-04-11 13:42:16.0;
21;5486.2;2019-04-11 13:42:20.0;
21;5485.8;2019-04-11 13:42:26.0;
21;5486.2;2019-04-11 13:42:41.0;
21;5485.8;2019-04-11 13:42:52.0;
21;5486.2;2019-04-11 13:42:56.0;
21;5485.8;2019-04-11 13:43:03.0;
21;5486.2;2019-04-11 13:44:23.0;
21;5486;2019-04-11 13:44:26.0;
21;5485.8;2019-04-11 13:44:27.0;
21;5486;2019-04-11 13:44:33.0;
21;5486.2;2019-04-11 13:44:39.0;
21;5486;2019-04-11 13:44:40.0;
21;5486.2;2019-04-11 13:44:43.0;
21;5486;2019-04-11 13:44:54.0;
21;5486.2;2019-04-11 13:44:56.0;
21;5486.8;2019-04-11 13:45:10.0;
21;5487;2019-04-11 13:45:25.0;
21;5487.2;2019-04-11 13:45:30.0;
21;5487.8;2019-04-11 13:45:32.0;
21;5487.2;2019-04-11 13:45:33.0;
21;5487.8;2019-04-11 13:45:35.0;
21;5487.5;2019-04-11 13:45:46.0;
21;5487.8;2019-04-11 13:45:51.0;
21;5487.2;2019-04-11 13:46:07.0;
21;5486.8;2019-04-11 13:46:31.0;
21;5487;2019-04-11 13:46:34.0;
21;5487.2;2019-04-11 13:46:47.0;
21;5487;2019-04-11 13:46:51.0;
21;5486.8;2019-04-11 13:46:57.0;
21;5487.2;2019-04-11 13:48:04.0;
21;5487;2019-04-11 13:48:12.0;
21;5487.2;2019-04-11 13:48:19.0;
21;5487;2019-04-11 13:48:37.0;
21;5487.2;2019-04-11 13:48:39.0;
21;5487;2019-04-11 13:48:40.0;
21;5486.8;2019-04-11 13:48:47.0;
21;5487.2;2019-04-11 13:48:56.0;
21;5486.8;2019-04-11 13:48:57.0;
21;5487.2;2019-04-11 13:48:59.0;
21;5487;2019-04-11 13:49:09.0;
21;5487.2;2019-04-11 13:49:25.0;
21;5488.5;2019-04-11 13:50:06.0;
21;5488.8;2019-04-11 13:50:10.0;
21;5489.2;2019-04-11 13:50:18.0;
21;5489.5;2019-04-11 13:50:21.0;
21;5489.8;2019-04-11 13:50:25.0;
21;5489.5;2019-04-11 13:50:32.0;
21;5490;2019-04-11 13:50:33.0;
21;5490.2;2019-04-11 13:50:35.0;
21;5490;2019-04-11 13:50:40.0;
21;5489.8;2019-04-11 13:50:55.0;
21;5490;2019-04-11 13:51:15.0;
21;5488.5;2019-04-11 13:51:34.0;
21;5488.8;2019-04-11 13:51:39.0;
21;5488.5;2019-04-11 13:51:40.0;
21;5488.2;2019-04-11 13:51:45.0;
21;5489;2019-04-11 13:52:05.0;
21;5489.2;2019-04-11 13:52:21.0;
21;5489.8;2019-04-11 13:53:18.0;
21;5489.5;2019-04-11 13:53:23.0;
21;5489.2;2019-04-11 13:53:35.0;
21;5489.5;2019-04-11 13:53:51.0;
21;5489.2;2019-04-11 13:54:04.0;
21;5489;2019-04-11 13:54:14.0;
21;5488.8;2019-04-11 13:54:19.0;
21;5489;2019-04-11 13:54:20.0;
21;5488.8;2019-04-11 13:54:21.0;
21;5489;2019-04-11 13:54:23.0;
21;5488.8;2019-04-11 13:54:24.0;
21;5488.5;2019-04-11 13:54:28.0;
21;5488.8;2019-04-11 13:54:30.0;
21;5488.5;2019-04-11 13:54:31.0;
21;5487.8;2019-04-11 13:54:38.0;
21;5487.5;2019-04-11 13:54:43.0;
21;5487.8;2019-04-11 13:54:44.0;
21;5487.5;2019-04-11 13:54:46.0;
21;5487.8;2019-04-11 13:54:47.0;
21;5487.5;2019-04-11 13:55:04.0;
21;5487.2;2019-04-11 13:55:08.0;
21;5487.8;2019-04-11 13:55:18.0;
21;5488;2019-04-11 13:55:28.0;
21;5488.2;2019-04-11 13:55:35.0;
21;5488.8;2019-04-11 13:55:44.0;
21;5488;2019-04-11 13:55:47.0;
21;5487.8;2019-04-11 13:56:05.0;
21;5487.5;2019-04-11 13:56:08.0;
21;5487.2;2019-04-11 13:56:19.0;
21;5487.5;2019-04-11 13:56:21.0;
21;5487.2;2019-04-11 13:56:23.0;
21;5487.5;2019-04-11 13:56:26.0;
21;5487.8;2019-04-11 13:56:31.0;
21;5487.5;2019-04-11 13:56:36.0;
21;5487.8;2019-04-11 13:56:39.0;
21;5487.5;2019-04-11 13:56:40.0;
21;5487.2;2019-04-11 13:56:54.0;
21;5487.8;2019-04-11 13:57:06.0;
21;5487.2;2019-04-11 13:57:12.0;
21;5487.8;2019-04-11 13:57:20.0;
21;5488;2019-04-11 13:57:30.0;
21;5487.8;2019-04-11 13:57:37.0;
21;5488.2;2019-04-11 13:57:46.0;
21;5487.8;2019-04-11 13:58:03.0;
21;5488.2;2019-04-11 13:58:05.0;
21;5487.8;2019-04-11 13:58:06.0;
21;5488;2019-04-11 13:58:13.0;
21;5488.2;2019-04-11 13:58:29.0;
21;5488.8;2019-04-11 13:58:43.0;
21;5488.5;2019-04-11 13:58:50.0;
21;5488.2;2019-04-11 13:58:53.0;
21;5488.5;2019-04-11 13:58:57.0;
21;5487.8;2019-04-11 13:59:04.0;
21;5488.2;2019-04-11 13:59:08.0;
21;5488.8;2019-04-11 13:59:16.0;
21;5488.5;2019-04-11 13:59:19.0;
21;5488.8;2019-04-11 13:59:25.0;
21;5488.5;2019-04-11 14:00:19.0;
21;5488.2;2019-04-11 14:00:30.0;
21;5488.5;2019-04-11 14:00:32.0;
21;5488.2;2019-04-11 14:00:33.0;
21;5487.5;2019-04-11 14:00:45.0;
21;5487.8;2019-04-11 14:00:58.0;
21;5487.5;2019-04-11 14:01:14.0;
21;5487.8;2019-04-11 14:01:15.0;
21;5487.2;2019-04-11 14:01:18.0;
21;5487.5;2019-04-11 14:01:24.0;
21;5487.8;2019-04-11 14:01:28.0;
21;5487.5;2019-04-11 14:01:30.0;
21;5487.8;2019-04-11 14:01:31.0;
21;5487.2;2019-04-11 14:01:44.0;
21;5487.8;2019-04-11 14:02:06.0;
21;5487.5;2019-04-11 14:02:16.0;
21;5487.8;2019-04-11 14:02:17.0;
21;5487.5;2019-04-11 14:02:19.0;
21;5487.8;2019-04-11 14:02:20.0;
21;5487.5;2019-04-11 14:02:22.0;
21;5487.8;2019-04-11 14:02:23.0;
21;5487.2;2019-04-11 14:02:29.0;
21;5487;2019-04-11 14:02:34.0;
21;5486.8;2019-04-11 14:02:43.0;
21;5487;2019-04-11 14:02:44.0;
21;5486.8;2019-04-11 14:02:46.0;
21;5487.8;2019-04-11 14:03:18.0;
21;5488.2;2019-04-11 14:03:27.0;
21;5488;2019-04-11 14:03:36.0;
21;5488.2;2019-04-11 14:03:38.0;
21;5488.5;2019-04-11 14:03:44.0;
21;5489.2;2019-04-11 14:04:03.0;
21;5489;2019-04-11 14:04:08.0;
21;5489.2;2019-04-11 14:04:11.0;
21;5489.8;2019-04-11 14:04:28.0;
21;5489.5;2019-04-11 14:04:34.0;
21;5489.2;2019-04-11 14:04:35.0;
21;5489.5;2019-04-11 14:04:36.0;
21;5489.8;2019-04-11 14:04:39.0;
21;5489.2;2019-04-11 14:04:50.0;
21;5488.5;2019-04-11 14:05:01.0;
21;5489;2019-04-11 14:05:03.0;
21;5489.8;2019-04-11 14:05:11.0;
21;5489.2;2019-04-11 14:05:18.0;
21;5489;2019-04-11 14:05:21.0;
21;5489.2;2019-04-11 14:05:22.0;
21;5489.8;2019-04-11 14:05:28.0;
21;5489;2019-04-11 14:05:34.0;
21;5489.2;2019-04-11 14:05:35.0;
21;5489;2019-04-11 14:05:38.0;
21;5488.8;2019-04-11 14:05:42.0;
21;5488.5;2019-04-11 14:06:05.0;
21;5488.2;2019-04-11 14:06:13.0;
21;5488.8;2019-04-11 14:06:36.0;
21;5489;2019-04-11 14:06:44.0;
21;5488.8;2019-04-11 14:06:52.0;
21;5489;2019-04-11 14:07:09.0;
21;5488.8;2019-04-11 14:07:13.0;
21;5489;2019-04-11 14:07:16.0;
21;5488.8;2019-04-11 14:07:19.0;
21;5489;2019-04-11 14:07:21.0;
21;5488.8;2019-04-11 14:07:24.0;
21;5488.5;2019-04-11 14:07:32.0;
21;5488.8;2019-04-11 14:07:51.0;
21;5489;2019-04-11 14:08:08.0;
21;5490;2019-04-11 14:08:15.0;
21;5489;2019-04-11 14:08:18.0;
21;5490;2019-04-11 14:08:19.0;
21;5490.5;2019-04-11 14:08:21.0;
21;5490.8;2019-04-11 14:08:25.0;
21;5490.2;2019-04-11 14:08:31.0;
21;5490.5;2019-04-11 14:08:34.0;
21;5489.5;2019-04-11 14:08:42.0;
21;5489.2;2019-04-11 14:08:43.0;
21;5489.5;2019-04-11 14:08:45.0;
21;5489.2;2019-04-11 14:08:46.0;
21;5489.8;2019-04-11 14:08:52.0;
21;5488.8;2019-04-11 14:08:59.0;
21;5488.5;2019-04-11 14:09:11.0;
21;5488.8;2019-04-11 14:09:13.0;
21;5488.2;2019-04-11 14:09:30.0;
21;5488.8;2019-04-11 14:09:38.0;
21;5488.5;2019-04-11 14:09:40.0;
21;5488.8;2019-04-11 14:09:47.0;
21;5489;2019-04-11 14:09:50.0;
21;5488.2;2019-04-11 14:10:06.0;
21;5488.5;2019-04-11 14:10:26.0;
21;5488.8;2019-04-11 14:10:31.0;
21;5489.2;2019-04-11 14:11:48.0;
21;5489.5;2019-04-11 14:12:04.0;
21;5489.2;2019-04-11 14:12:15.0;
21;5489.5;2019-04-11 14:12:29.0;
21;5489.2;2019-04-11 14:12:34.0;
21;5489.5;2019-04-11 14:13:04.0;
21;5488.5;2019-04-11 14:13:10.0;
21;5488.2;2019-04-11 14:13:11.0;
21;5488.5;2019-04-11 14:13:13.0;
21;5487.5;2019-04-11 14:13:14.0;
21;5487.2;2019-04-11 14:13:30.0;
21;5487.5;2019-04-11 14:13:41.0;
21;5487.2;2019-04-11 14:13:44.0;
21;5487;2019-04-11 14:14:09.0;
21;5487.2;2019-04-11 14:14:15.0;
21;5486.8;2019-04-11 14:14:24.0;
21;5487.8;2019-04-11 14:14:29.0;
21;5487.5;2019-04-11 14:14:31.0;
21;5487.8;2019-04-11 14:14:32.0;
21;5487.5;2019-04-11 14:14:33.0;
21;5487.2;2019-04-11 14:14:36.0;
21;5487.5;2019-04-11 14:14:38.0;
21;5487.2;2019-04-11 14:14:39.0;
21;5486.5;2019-04-11 14:14:52.0;
21;5486.2;2019-04-11 14:14:56.0;
21;5486.5;2019-04-11 14:14:58.0;
21;5486.2;2019-04-11 14:15:00.0;
21;5486.5;2019-04-11 14:15:01.0;
21;5486.2;2019-04-11 14:15:05.0;
21;5486.5;2019-04-11 14:15:19.0;
21;5486.2;2019-04-11 14:15:24.0;
21;5486.5;2019-04-11 14:15:25.0;
21;5486.2;2019-04-11 14:15:27.0;
21;5485.2;2019-04-11 14:15:45.0;
21;5485.5;2019-04-11 14:15:50.0;
21;5485.2;2019-04-11 14:15:51.0;
21;5485.5;2019-04-11 14:15:53.0;
21;5486.5;2019-04-11 14:16:03.0;
21;5486.2;2019-04-11 14:16:07.0;
21;5486;2019-04-11 14:16:15.0;
21;5485.8;2019-04-11 14:16:18.0;
21;5485.2;2019-04-11 14:16:25.0;
21;5484.5;2019-04-11 14:16:29.0;
21;5484.8;2019-04-11 14:16:38.0;
21;5485.8;2019-04-11 14:16:53.0;
21;5485.2;2019-04-11 14:16:59.0;
21;5485.8;2019-04-11 14:17:09.0;
21;5485.2;2019-04-11 14:17:10.0;
21;5485.8;2019-04-11 14:17:11.0;
21;5485.2;2019-04-11 14:17:45.0;
21;5485.8;2019-04-11 14:17:46.0;
21;5486.8;2019-04-11 14:18:05.0;
21;5487;2019-04-11 14:18:10.0;
21;5486.2;2019-04-11 14:18:11.0;
21;5487;2019-04-11 14:18:12.0;
21;5486.2;2019-04-11 14:18:14.0;
21;5486;2019-04-11 14:18:32.0;
21;5485.8;2019-04-11 14:18:38.0;
21;5486;2019-04-11 14:18:51.0;
21;5485.8;2019-04-11 14:18:52.0;
21;5486;2019-04-11 14:18:54.0;
21;5486.2;2019-04-11 14:18:55.0;
21;5486;2019-04-11 14:19:09.0;
21;5486.2;2019-04-11 14:19:21.0;
21;5486;2019-04-11 14:19:24.0;
21;5486.2;2019-04-11 14:19:33.0;
21;5485.8;2019-04-11 14:19:41.0;
21;5486;2019-04-11 14:19:48.0;
21;5486.2;2019-04-11 14:20:15.0;
21;5486.8;2019-04-11 14:20:41.0;
21;5486.5;2019-04-11 14:20:59.0;
21;5488;2019-04-11 14:21:12.0;
21;5489;2019-04-11 14:21:17.0;
21;5488.8;2019-04-11 14:21:20.0;
21;5488.2;2019-04-11 14:21:24.0;
21;5488;2019-04-11 14:21:29.0;
21;5488.2;2019-04-11 14:21:35.0;
21;5488.5;2019-04-11 14:21:40.0;
21;5488.2;2019-04-11 14:21:42.0;
21;5488.5;2019-04-11 14:21:43.0;
21;5488.2;2019-04-11 14:21:46.0;
21;5488.5;2019-04-11 14:21:49.0;
21;5489;2019-04-11 14:22:03.0;
21;5489.2;2019-04-11 14:22:12.0;
21;5489;2019-04-11 14:22:14.0;
21;5489.2;2019-04-11 14:22:21.0;
21;5488.8;2019-04-11 14:22:46.0;
21;5488.2;2019-04-11 14:23:22.0;
21;5488.8;2019-04-11 14:23:26.0;
21;5489;2019-04-11 14:23:36.0;
21;5490.5;2019-04-11 14:23:47.0;
21;5490.8;2019-04-11 14:23:51.0;
21;5491;2019-04-11 14:24:08.0;
21;5491.2;2019-04-11 14:24:12.0;
21;5491;2019-04-11 14:24:17.0;
21;5490.5;2019-04-11 14:24:21.0;
21;5490.8;2019-04-11 14:24:23.0;
21;5490.5;2019-04-11 14:24:24.0;
21;5490.8;2019-04-11 14:24:25.0;
21;5490.5;2019-04-11 14:25:29.0;
21;5490.2;2019-04-11 14:25:33.0;
21;5490.8;2019-04-11 14:25:35.0;
21;5490.2;2019-04-11 14:25:37.0;
21;5490.8;2019-04-11 14:25:39.0;
21;5491.2;2019-04-11 14:25:40.0;
21;5492.2;2019-04-11 14:25:44.0;
21;5492;2019-04-11 14:25:48.0;
21;5492.2;2019-04-11 14:26:04.0;
21;5491.8;2019-04-11 14:26:11.0;
21;5491.5;2019-04-11 14:26:39.0;
21;5491.2;2019-04-11 14:26:45.0;
21;5491.5;2019-04-11 14:26:55.0;
21;5491.2;2019-04-11 14:27:00.0;
21;5491.8;2019-04-11 14:27:15.0;
21;5491.5;2019-04-11 14:27:21.0;
21;5491.2;2019-04-11 14:27:29.0;
21;5491.8;2019-04-11 14:27:35.0;
21;5491.2;2019-04-11 14:27:36.0;
21;5491.8;2019-04-11 14:27:39.0;
21;5491;2019-04-11 14:27:49.0;
21;5490.5;2019-04-11 14:28:31.0;
21;5491;2019-04-11 14:28:33.0;
21;5490.5;2019-04-11 14:28:34.0;
21;5490.8;2019-04-11 14:28:38.0;
21;5490.5;2019-04-11 14:29:00.0;
21;5490.8;2019-04-11 14:29:02.0;
21;5490.2;2019-04-11 14:29:04.0;
21;5490.8;2019-04-11 14:29:05.0;
21;5490.2;2019-04-11 14:29:06.0;
21;5490.8;2019-04-11 14:29:09.0;
21;5490.5;2019-04-11 14:29:22.0;
21;5490.8;2019-04-11 14:29:24.0;
21;5490.5;2019-04-11 14:29:25.0;
21;5490.2;2019-04-11 14:29:44.0;
21;5489.2;2019-04-11 14:30:05.0;
21;5489;2019-04-11 14:30:08.0;
21;5488.8;2019-04-11 14:30:15.0;
21;5488.5;2019-04-11 14:30:17.0;
21;5488.8;2019-04-11 14:30:18.0;
21;5488.5;2019-04-11 14:30:19.0;
21;5488.8;2019-04-11 14:30:29.0;
21;5489.2;2019-04-11 14:30:31.0;
21;5489;2019-04-11 14:30:35.0;
21;5489.2;2019-04-11 14:30:37.0;
21;5489;2019-04-11 14:30:38.0;
21;5489.2;2019-04-11 14:30:54.0;
21;5488.8;2019-04-11 14:30:56.0;
21;5486.8;2019-04-11 14:31:11.0;
21;5488.2;2019-04-11 14:31:13.0;
21;5486.8;2019-04-11 14:31:14.0;
21;5488.8;2019-04-11 14:31:21.0;
21;5489.8;2019-04-11 14:31:35.0;
21;5489.5;2019-04-11 14:31:46.0;
21;5489.8;2019-04-11 14:31:49.0;
21;5490;2019-04-11 14:32:06.0;
21;5490.2;2019-04-11 14:32:13.0;
21;5490;2019-04-11 14:32:15.0;
21;5490.2;2019-04-11 14:32:17.0;
21;5490.8;2019-04-11 14:32:23.0;
21;5491.8;2019-04-11 14:32:31.0;
21;5491.2;2019-04-11 14:32:44.0;
21;5491.8;2019-04-11 14:32:46.0;
21;5491.2;2019-04-11 14:32:47.0;
21;5491.8;2019-04-11 14:32:58.0;
21;5491.5;2019-04-11 14:33:07.0;
21;5491.8;2019-04-11 14:33:17.0;
21;5491.2;2019-04-11 14:33:31.0;
21;5491.5;2019-04-11 14:33:38.0;
21;5491.2;2019-04-11 14:33:46.0;
21;5491.5;2019-04-11 14:33:47.0;
21;5491.2;2019-04-11 14:33:48.0;
21;5491.5;2019-04-11 14:34:04.0;
21;5491.8;2019-04-11 14:34:09.0;
21;5491.5;2019-04-11 14:34:10.0;
21;5491.8;2019-04-11 14:34:11.0;
21;5492;2019-04-11 14:34:24.0;
21;5491.8;2019-04-11 14:34:28.0;
21;5492;2019-04-11 14:34:29.0;
21;5491.8;2019-04-11 14:34:30.0;
21;5491.5;2019-04-11 14:34:34.0;
21;5492.5;2019-04-11 14:34:36.0;
21;5491.5;2019-04-11 14:34:37.0;
21;5492.5;2019-04-11 14:34:39.0;
21;5493;2019-04-11 14:34:42.0;
21;5492.2;2019-04-11 14:34:48.0;
21;5492.5;2019-04-11 14:34:53.0;
21;5492.2;2019-04-11 14:34:58.0;
21;5492.8;2019-04-11 14:35:11.0;
21;5493;2019-04-11 14:35:25.0;
21;5492.8;2019-04-11 14:35:29.0;
21;5492.5;2019-04-11 14:35:33.0;
21;5492.8;2019-04-11 14:35:34.0;
21;5492.5;2019-04-11 14:35:36.0;
21;5492.2;2019-04-11 14:35:41.0;
21;5492.8;2019-04-11 14:35:44.0;
21;5490.5;2019-04-11 14:36:08.0;
21;5490.8;2019-04-11 14:36:10.0;
21;5490.5;2019-04-11 14:36:12.0;
21;5489.8;2019-04-11 14:36:16.0;
21;5491;2019-04-11 14:36:21.0;
21;5491.2;2019-04-11 14:36:30.0;
21;5491.8;2019-04-11 14:36:42.0;
21;5491.2;2019-04-11 14:36:43.0;
21;5491.8;2019-04-11 14:36:45.0;
21;5491.5;2019-04-11 14:36:48.0;
21;5491.8;2019-04-11 14:36:49.0;
21;5491.5;2019-04-11 14:36:50.0;
21;5491.2;2019-04-11 14:36:57.0;
21;5490.2;2019-04-11 14:37:01.0;
21;5489.2;2019-04-11 14:37:05.0;
21;5489;2019-04-11 14:37:16.0;
21;5489.2;2019-04-11 14:37:20.0;
21;5489.8;2019-04-11 14:37:31.0;
21;5489.5;2019-04-11 14:37:34.0;
21;5489.8;2019-04-11 14:37:45.0;
21;5490.8;2019-04-11 14:38:07.0;
21;5490.5;2019-04-11 14:38:12.0;
21;5490.8;2019-04-11 14:38:16.0;
21;5491;2019-04-11 14:38:44.0;
21;5490.8;2019-04-11 14:38:45.0;
21;5491.2;2019-04-11 14:38:53.0;
21;5490.8;2019-04-11 14:38:54.0;
21;5491.2;2019-04-11 14:38:56.0;
21;5491.8;2019-04-11 14:39:13.0;
21;5491.5;2019-04-11 14:39:24.0;
21;5491.8;2019-04-11 14:39:26.0;
21;5491.5;2019-04-11 14:39:27.0;
21;5491.2;2019-04-11 14:39:32.0;
21;5490.8;2019-04-11 14:39:36.0;
21;5491.2;2019-04-11 14:39:39.0;
21;5490.8;2019-04-11 14:39:41.0;
21;5490.5;2019-04-11 14:39:45.0;
21;5490.8;2019-04-11 14:39:51.0;
21;5490.2;2019-04-11 14:40:06.0;
21;5490;2019-04-11 14:40:14.0;
21;5490.5;2019-04-11 14:40:24.0;
21;5489.8;2019-04-11 14:40:31.0;
21;5490.2;2019-04-11 14:40:33.0;
21;5489.8;2019-04-11 14:40:35.0;
21;5489;2019-04-11 14:40:40.0;
21;5488.8;2019-04-11 14:40:53.0;
21;5489;2019-04-11 14:40:54.0;
21;5488.8;2019-04-11 14:40:55.0;
21;5488.2;2019-04-11 14:41:11.0;
21;5488.5;2019-04-11 14:41:37.0;
21;5488.2;2019-04-11 14:41:44.0;
21;5489;2019-04-11 14:42:03.0;
21;5489.2;2019-04-11 14:42:15.0;
21;5489;2019-04-11 14:42:19.0;
21;5489.2;2019-04-11 14:42:20.0;
21;5489;2019-04-11 14:42:22.0;
21;5488.8;2019-04-11 14:42:28.0;
21;5488.2;2019-04-11 14:42:35.0;
21;5487.8;2019-04-11 14:42:38.0;
21;5487.2;2019-04-11 14:42:42.0;
21;5486.8;2019-04-11 14:42:43.0;
21;5487.2;2019-04-11 14:42:53.0;
21;5487;2019-04-11 14:42:59.0;
21;5486.8;2019-04-11 14:43:09.0;
21;5487.2;2019-04-11 14:43:14.0;
21;5487.5;2019-04-11 14:43:19.0;
21;5487.8;2019-04-11 14:43:25.0;
21;5487.2;2019-04-11 14:43:29.0;
21;5487.5;2019-04-11 14:43:35.0;
21;5487.8;2019-04-11 14:43:39.0;
21;5487.2;2019-04-11 14:44:06.0;
21;5487.8;2019-04-11 14:44:09.0;
21;5488;2019-04-11 14:44:16.0;
21;5488.2;2019-04-11 14:44:26.0;
21;5488.8;2019-04-11 14:44:29.0;
21;5488.2;2019-04-11 14:44:35.0;
21;5488.5;2019-04-11 14:44:38.0;
21;5488.2;2019-04-11 14:44:39.0;
21;5487.8;2019-04-11 14:44:45.0;
21;5487.2;2019-04-11 14:45:00.0;
21;5487.8;2019-04-11 14:45:05.0;
21;5488;2019-04-11 14:45:15.0;
21;5487.8;2019-04-11 14:45:22.0;
21;5488;2019-04-11 14:45:28.0;
21;5487.8;2019-04-11 14:45:29.0;
21;5487.5;2019-04-11 14:45:39.0;
21;5487.8;2019-04-11 14:45:41.0;
21;5487.5;2019-04-11 14:45:42.0;
21;5486.8;2019-04-11 14:45:50.0;
21;5487.8;2019-04-11 14:46:03.0;
21;5487.5;2019-04-11 14:46:10.0;
21;5487.8;2019-04-11 14:46:18.0;
21;5488.8;2019-04-11 14:46:24.0;
21;5489.2;2019-04-11 14:46:30.0;
21;5488.8;2019-04-11 14:46:33.0;
21;5487.2;2019-04-11 14:46:35.0;
21;5488.8;2019-04-11 14:46:37.0;
21;5487.2;2019-04-11 14:46:38.0;
21;5487.5;2019-04-11 14:46:44.0;
21;5487.8;2019-04-11 14:46:49.0;
21;5487.2;2019-04-11 14:46:50.0;
21;5487.8;2019-04-11 14:46:51.0;
21;5487.2;2019-04-11 14:46:53.0;
21;5487.5;2019-04-11 14:46:54.0;
21;5487.2;2019-04-11 14:47:01.0;
21;5487.5;2019-04-11 14:47:05.0;
21;5488;2019-04-11 14:47:11.0;
21;5488.2;2019-04-11 14:47:14.0;
21;5488.5;2019-04-11 14:47:15.0;
21;5488.8;2019-04-11 14:47:19.0;
21;5488.2;2019-04-11 14:47:32.0;
21;5488.8;2019-04-11 14:47:34.0;
21;5488.5;2019-04-11 14:47:35.0;
21;5488.2;2019-04-11 14:47:36.0;
21;5488.5;2019-04-11 14:47:38.0;
21;5488.2;2019-04-11 14:47:40.0;
21;5487.2;2019-04-11 14:48:05.0;
21;5488.2;2019-04-11 14:48:14.0;
21;5488.5;2019-04-11 14:48:25.0;
21;5488.8;2019-04-11 14:48:33.0;
21;5488.5;2019-04-11 14:48:46.0;
21;5488.2;2019-04-11 14:48:50.0;
21;5488.5;2019-04-11 14:48:52.0;
21;5488.2;2019-04-11 14:48:54.0;
21;5488;2019-04-11 14:49:01.0;
21;5487.2;2019-04-11 14:49:13.0;
21;5487.5;2019-04-11 14:49:22.0;
21;5487.2;2019-04-11 14:49:29.0;
21;5487.5;2019-04-11 14:49:30.0;
21;5487.2;2019-04-11 14:49:32.0;
21;5487.5;2019-04-11 14:49:34.0;
21;5487.8;2019-04-11 14:49:37.0;
21;5487.5;2019-04-11 14:49:39.0;
21;5487.8;2019-04-11 14:49:40.0;
21;5488.2;2019-04-11 14:49:47.0;
21;5488.8;2019-04-11 14:50:08.0;
21;5489.5;2019-04-11 14:50:19.0;
21;5489.8;2019-04-11 14:50:24.0;
21;5490;2019-04-11 14:50:29.0;
21;5490.2;2019-04-11 14:50:35.0;
21;5490.8;2019-04-11 14:50:47.0;
21;5490.2;2019-04-11 14:51:08.0;
21;5490.8;2019-04-11 14:51:09.0;
21;5490.2;2019-04-11 14:51:10.0;
21;5490.8;2019-04-11 14:51:13.0;
21;5491.2;2019-04-11 14:51:16.0;
21;5490.8;2019-04-11 14:51:26.0;
21;5490.2;2019-04-11 14:51:36.0;
21;5490.5;2019-04-11 14:51:41.0;
21;5490.2;2019-04-11 14:51:50.0;
21;5491.8;2019-04-11 14:52:06.0;
21;5491.2;2019-04-11 14:52:14.0;
21;5491.8;2019-04-11 14:52:21.0;
21;5491.2;2019-04-11 14:52:26.0;
21;5491;2019-04-11 14:52:32.0;
21;5490.8;2019-04-11 14:52:36.0;
21;5490.2;2019-04-11 14:52:41.0;
21;5490;2019-04-11 14:52:45.0;
21;5490.2;2019-04-11 14:52:47.0;
21;5490;2019-04-11 14:52:49.0;
21;5490.2;2019-04-11 14:52:50.0;
21;5490;2019-04-11 14:52:55.0;
21;5490.2;2019-04-11 14:53:04.0;
21;5490;2019-04-11 14:53:10.0;
21;5489.5;2019-04-11 14:53:15.0;
21;5489.8;2019-04-11 14:53:26.0;
21;5490;2019-04-11 14:53:32.0;
21;5490.5;2019-04-11 14:53:36.0;
21;5490.2;2019-04-11 14:53:42.0;
21;5490.5;2019-04-11 14:53:46.0;
21;5490;2019-04-11 14:54:07.0;
21;5489.5;2019-04-11 14:54:09.0;
21;5490;2019-04-11 14:54:10.0;
21;5489.8;2019-04-11 14:54:11.0;
21;5489.5;2019-04-11 14:54:15.0;
21;5489.2;2019-04-11 14:54:27.0;
21;5489.5;2019-04-11 14:54:34.0;
21;5489.2;2019-04-11 14:54:40.0;
21;5489.5;2019-04-11 14:54:50.0;
21;5489.2;2019-04-11 14:54:56.0;
21;5489.5;2019-04-11 14:54:58.0;
21;5489.8;2019-04-11 14:55:04.0;
21;5489.5;2019-04-11 14:55:14.0;
21;5489.8;2019-04-11 14:55:20.0;
21;5489.2;2019-04-11 14:55:21.0;
21;5489;2019-04-11 14:55:35.0;
21;5489.2;2019-04-11 14:55:38.0;
21;5488.8;2019-04-11 14:56:06.0;
21;5489;2019-04-11 14:56:10.0;
21;5488.8;2019-04-11 14:56:18.0;
21;5488.2;2019-04-11 14:56:43.0;
21;5488.5;2019-04-11 14:56:51.0;
21;5488.2;2019-04-11 14:56:57.0;
21;5487.8;2019-04-11 14:57:01.0;
21;5486.8;2019-04-11 14:57:13.0;
21;5486.2;2019-04-11 14:57:21.0;
21;5486.8;2019-04-11 14:57:28.0;
21;5486.5;2019-04-11 14:57:36.0;
21;5486.8;2019-04-11 14:57:41.0;
21;5486.5;2019-04-11 14:57:42.0;
21;5486.8;2019-04-11 14:57:43.0;
21;5486.2;2019-04-11 14:57:45.0;
21;5486.8;2019-04-11 14:57:46.0;
21;5486.2;2019-04-11 14:57:47.0;
21;5485.8;2019-04-11 14:58:06.0;
21;5485.2;2019-04-11 14:58:10.0;
21;5485;2019-04-11 14:58:17.0;
21;5485.2;2019-04-11 14:58:23.0;
21;5485.8;2019-04-11 14:58:37.0;
21;5485;2019-04-11 14:58:49.0;
21;5485.2;2019-04-11 14:58:52.0;
21;5485;2019-04-11 14:59:00.0;
21;5485.2;2019-04-11 14:59:04.0;
21;5485;2019-04-11 14:59:05.0;
21;5484.8;2019-04-11 14:59:07.0;
21;5484.2;2019-04-11 14:59:18.0;
21;5484.5;2019-04-11 14:59:36.0;
21;5484.2;2019-04-11 14:59:38.0;
21;5484;2019-04-11 14:59:41.0;
21;5483.8;2019-04-11 14:59:45.0;
21;5483.2;2019-04-11 14:59:51.0;
21;5482.5;2019-04-11 15:00:07.0;
21;5480.2;2019-04-11 15:00:12.0;
21;5481;2019-04-11 15:00:16.0;
21;5481.2;2019-04-11 15:00:22.0;
21;5482;2019-04-11 15:00:32.0;
21;5483;2019-04-11 15:00:44.0;
21;5482.5;2019-04-11 15:00:45.0;
21;5482.2;2019-04-11 15:00:48.0;
21;5482;2019-04-11 15:00:57.0;
21;5482.2;2019-04-11 15:00:58.0;
21;5482;2019-04-11 15:01:00.0;
21;5481.5;2019-04-11 15:01:04.0;
21;5482;2019-04-11 15:01:06.0;
21;5481.8;2019-04-11 15:01:07.0;
21;5481.5;2019-04-11 15:01:13.0;
21;5481.2;2019-04-11 15:01:17.0;
21;5481.5;2019-04-11 15:01:24.0;
21;5481.2;2019-04-11 15:01:28.0;
21;5481.5;2019-04-11 15:01:29.0;
21;5481.2;2019-04-11 15:01:31.0;
21;5482;2019-04-11 15:01:32.0;
21;5481.2;2019-04-11 15:01:34.0;
21;5482;2019-04-11 15:01:36.0;
21;5481.8;2019-04-11 15:01:39.0;
21;5481.5;2019-04-11 15:01:45.0;
21;5481.8;2019-04-11 15:01:48.0;
21;5481.5;2019-04-11 15:01:50.0;
21;5481.8;2019-04-11 15:01:51.0;
21;5482.2;2019-04-11 15:02:02.0;
21;5482.5;2019-04-11 15:02:13.0;
21;5482.8;2019-04-11 15:02:17.0;
21;5482.2;2019-04-11 15:02:19.0;
21;5482.8;2019-04-11 15:02:20.0;
21;5482.2;2019-04-11 15:02:21.0;
21;5482.8;2019-04-11 15:02:27.0;
21;5482.5;2019-04-11 15:02:32.0;
21;5482.2;2019-04-11 15:02:37.0;
21;5481.8;2019-04-11 15:02:42.0;
21;5481.2;2019-04-11 15:02:57.0;
21;5481.8;2019-04-11 15:03:08.0;
21;5482.2;2019-04-11 15:03:19.0;
21;5481.8;2019-04-11 15:03:20.0;
21;5482.5;2019-04-11 15:03:22.0;
21;5482.2;2019-04-11 15:03:27.0;
21;5482.8;2019-04-11 15:03:34.0;
21;5482.2;2019-04-11 15:03:38.0;
21;5482.8;2019-04-11 15:03:39.0;
21;5482.5;2019-04-11 15:03:42.0;
21;5481.8;2019-04-11 15:04:05.0;
21;5481.2;2019-04-11 15:04:12.0;
21;5481.8;2019-04-11 15:04:14.0;
21;5481.2;2019-04-11 15:04:15.0;
21;5481.5;2019-04-11 15:04:18.0;
21;5481.2;2019-04-11 15:04:27.0;
21;5481.5;2019-04-11 15:04:32.0;
21;5481.2;2019-04-11 15:04:34.0;
21;5481.5;2019-04-11 15:04:35.0;
21;5481.8;2019-04-11 15:04:38.0;
21;5482.5;2019-04-11 15:04:55.0;
21;5482;2019-04-11 15:04:58.0;
21;5481.5;2019-04-11 15:05:04.0;
21;5481.8;2019-04-11 15:05:05.0;
21;5482.2;2019-04-11 15:05:16.0;
21;5481.8;2019-04-11 15:05:17.0;
21;5482.2;2019-04-11 15:05:19.0;
21;5481.8;2019-04-11 15:05:20.0;
21;5482.2;2019-04-11 15:05:22.0;
21;5482;2019-04-11 15:05:23.0;
21;5482.2;2019-04-11 15:05:28.0;
21;5483.8;2019-04-11 15:06:07.0;
21;5483.5;2019-04-11 15:06:23.0;
21;5483.8;2019-04-11 15:06:28.0;
21;5484.2;2019-04-11 15:06:39.0;
21;5483.8;2019-04-11 15:06:41.0;
21;5484.2;2019-04-11 15:06:44.0;
21;5484.5;2019-04-11 15:07:04.0;
21;5484.2;2019-04-11 15:07:08.0;
21;5483.8;2019-04-11 15:07:15.0;
21;5483.2;2019-04-11 15:07:38.0;
21;5483;2019-04-11 15:07:42.0;
21;5483.2;2019-04-11 15:07:43.0;
21;5483;2019-04-11 15:07:49.0;
21;5482.8;2019-04-11 15:08:05.0;
21;5483.2;2019-04-11 15:08:15.0;
21;5482.8;2019-04-11 15:08:34.0;
21;5482.5;2019-04-11 15:08:57.0;
21;5482.8;2019-04-11 15:09:13.0;
21;5483.2;2019-04-11 15:10:38.0;
21;5483.8;2019-04-11 15:10:44.0;
21;5483.5;2019-04-11 15:10:52.0;
21;5483.8;2019-04-11 15:10:58.0;
21;5483.2;2019-04-11 15:11:25.0;
21;5483.8;2019-04-11 15:11:49.0;
21;5483.2;2019-04-11 15:11:51.0;
21;5483.8;2019-04-11 15:11:53.0;
21;5484.2;2019-04-11 15:12:04.0;
21;5484.8;2019-04-11 15:12:19.0;
21;5484.2;2019-04-11 15:12:20.0;
21;5484.8;2019-04-11 15:12:21.0;
21;5484.2;2019-04-11 15:12:23.0;
21;5484.8;2019-04-11 15:12:26.0;
21;5484.2;2019-04-11 15:12:27.0;
21;5484.5;2019-04-11 15:12:32.0;
21;5484.8;2019-04-11 15:12:39.0;
21;5484.5;2019-04-11 15:12:49.0;
21;5484.2;2019-04-11 15:12:52.0;
21;5484;2019-04-11 15:13:04.0;
21;5483.8;2019-04-11 15:13:07.0;
21;5484;2019-04-11 15:13:08.0;
21;5483.8;2019-04-11 15:13:09.0;
21;5484;2019-04-11 15:13:18.0;
21;5483.8;2019-04-11 15:13:20.0;
21;5484;2019-04-11 15:13:21.0;
21;5483.8;2019-04-11 15:13:25.0;
21;5484.2;2019-04-11 15:13:29.0;
21;5484;2019-04-11 15:13:34.0;
21;5483.8;2019-04-11 15:13:38.0;
21;5484;2019-04-11 15:13:40.0;
21;5483.8;2019-04-11 15:13:41.0;
21;5484;2019-04-11 15:13:43.0;
21;5483.8;2019-04-11 15:13:44.0;
21;5484;2019-04-11 15:14:15.0;
21;5483.8;2019-04-11 15:14:19.0;
21;5483.5;2019-04-11 15:14:28.0;
21;5483.2;2019-04-11 15:14:39.0;
21;5483.5;2019-04-11 15:14:43.0;
21;5483.2;2019-04-11 15:14:49.0;
21;5483.8;2019-04-11 15:14:59.0;
21;5483.5;2019-04-11 15:15:05.0;
21;5484.5;2019-04-11 15:15:15.0;
21;5484.8;2019-04-11 15:15:19.0;
21;5484.2;2019-04-11 15:15:29.0;
21;5484;2019-04-11 15:15:36.0;
21;5484.2;2019-04-11 15:15:39.0;
21;5484.8;2019-04-11 15:15:41.0;
21;5484.2;2019-04-11 15:15:47.0;
21;5484.8;2019-04-11 15:16:11.0;
21;5484.5;2019-04-11 15:16:25.0;
21;5484.8;2019-04-11 15:16:30.0;
21;5484.2;2019-04-11 15:17:00.0;
21;5484.8;2019-04-11 15:17:09.0;
21;5484.5;2019-04-11 15:17:16.0;
21;5484.2;2019-04-11 15:17:25.0;
21;5484;2019-04-11 15:17:48.0;
21;5484.2;2019-04-11 15:17:50.0;
21;5484;2019-04-11 15:17:51.0;
21;5484.2;2019-04-11 15:18:05.0;
21;5484.8;2019-04-11 15:18:16.0;
21;5485.8;2019-04-11 15:18:27.0;
21;5485.5;2019-04-11 15:18:29.0;
21;5485.8;2019-04-11 15:18:36.0;
21;5486;2019-04-11 15:18:56.0;
21;5485.8;2019-04-11 15:18:57.0;
21;5486;2019-04-11 15:18:59.0;
21;5485.8;2019-04-11 15:19:02.0;
21;5486.2;2019-04-11 15:19:03.0;
21;5485.8;2019-04-11 15:19:05.0;
21;5486.2;2019-04-11 15:19:06.0;
21;5486;2019-04-11 15:19:15.0;
21;5486.5;2019-04-11 15:19:16.0;
21;5486;2019-04-11 15:19:17.0;
21;5486.5;2019-04-11 15:19:19.0;
21;5486.2;2019-04-11 15:19:21.0;
21;5486.8;2019-04-11 15:19:36.0;
21;5487.2;2019-04-11 15:20:19.0;
21;5487.8;2019-04-11 15:20:22.0;
21;5487.5;2019-04-11 15:20:24.0;
21;5487.8;2019-04-11 15:20:33.0;
21;5488.2;2019-04-11 15:20:36.0;
21;5488;2019-04-11 15:20:43.0;
21;5487.8;2019-04-11 15:20:52.0;
21;5488;2019-04-11 15:21:12.0;
21;5487.8;2019-04-11 15:21:18.0;
21;5488;2019-04-11 15:21:27.0;
21;5487.5;2019-04-11 15:21:34.0;
21;5487.8;2019-04-11 15:21:37.0;
21;5487.5;2019-04-11 15:21:38.0;
21;5487.8;2019-04-11 15:21:39.0;
21;5488.2;2019-04-11 15:21:42.0;
21;5488.5;2019-04-11 15:22:08.0;
21;5488.2;2019-04-11 15:22:11.0;
21;5487.2;2019-04-11 15:22:15.0;
21;5488.2;2019-04-11 15:22:17.0;
21;5487.2;2019-04-11 15:22:18.0;
21;5488;2019-04-11 15:22:23.0;
21;5488.2;2019-04-11 15:22:26.0;
21;5487.8;2019-04-11 15:22:59.0;
21;5488.2;2019-04-11 15:23:00.0;
21;5487.8;2019-04-11 15:23:02.0;
21;5488.2;2019-04-11 15:23:08.0;
21;5488;2019-04-11 15:23:32.0;
21;5487.8;2019-04-11 15:23:38.0;
21;5488;2019-04-11 15:23:39.0;
21;5487.8;2019-04-11 15:23:42.0;
21;5488.2;2019-04-11 15:24:16.0;
21;5487.8;2019-04-11 15:24:44.0;
21;5487.2;2019-04-11 15:24:59.0;
21;5487.8;2019-04-11 15:25:02.0;
21;5487.2;2019-04-11 15:25:04.0;
21;5487.8;2019-04-11 15:25:17.0;
21;5488.2;2019-04-11 15:25:28.0;
21;5487.8;2019-04-11 15:25:31.0;
21;5488.2;2019-04-11 15:25:32.0;
21;5488;2019-04-11 15:25:34.0;
21;5488.2;2019-04-11 15:25:42.0;
21;5489.5;2019-04-11 15:26:07.0;
21;5489.2;2019-04-11 15:26:14.0;
21;5489.8;2019-04-11 15:26:33.0;
21;5489.5;2019-04-11 15:27:04.0;
21;5489.2;2019-04-11 15:27:06.0;
21;5489.5;2019-04-11 15:27:07.0;
21;5489.2;2019-04-11 15:27:26.0;
21;5488;2019-04-11 15:27:36.0;
21;5488.2;2019-04-11 15:27:48.0;
21;5487.2;2019-04-11 15:28:05.0;
21;5487.5;2019-04-11 15:28:08.0;
21;5487.8;2019-04-11 15:28:17.0;
21;5487.2;2019-04-11 15:28:22.0;
21;5486.2;2019-04-11 15:28:25.0;
21;5487.2;2019-04-11 15:28:27.0;
21;5486.2;2019-04-11 15:28:28.0;
21;5486.8;2019-04-11 15:28:43.0;
21;5486.5;2019-04-11 15:28:44.0;
21;5486.2;2019-04-11 15:28:47.0;
21;5486.5;2019-04-11 15:28:48.0;
21;5486.2;2019-04-11 15:28:50.0;
21;5485.8;2019-04-11 15:28:59.0;
21;5486.2;2019-04-11 15:29:01.0;
21;5485.8;2019-04-11 15:29:03.0;
21;5486;2019-04-11 15:29:09.0;
21;5486.2;2019-04-11 15:29:13.0;
21;5487.8;2019-04-11 15:29:18.0;
21;5486.2;2019-04-11 15:29:19.0;
21;5487.8;2019-04-11 15:29:20.0;
21;5487.5;2019-04-11 15:29:25.0;
21;5487.8;2019-04-11 15:29:45.0;
21;5488;2019-04-11 15:30:11.0;
21;5486.5;2019-04-11 15:30:21.0;
21;5486.2;2019-04-11 15:30:26.0;
21;5485;2019-04-11 15:30:32.0;
21;5486.2;2019-04-11 15:30:36.0;
21;5485;2019-04-11 15:30:40.0;
21;5485.2;2019-04-11 15:30:46.0;
21;5485.8;2019-04-11 15:30:51.0;
21;5484.8;2019-04-11 15:31:01.0;
21;5484.5;2019-04-11 15:31:06.0;
21;5484.8;2019-04-11 15:31:09.0;
21;5484.5;2019-04-11 15:31:20.0;
21;5484;2019-04-11 15:31:27.0;
21;5483.8;2019-04-11 15:31:29.0;
21;5484;2019-04-11 15:31:30.0;
21;5483.5;2019-04-11 15:31:31.0;
21;5483.2;2019-04-11 15:31:36.0;
21;5482.8;2019-04-11 15:31:46.0;
21;5483.2;2019-04-11 15:32:08.0;
21;5483;2019-04-11 15:32:11.0;
21;5482;2019-04-11 15:32:19.0;
21;5481.5;2019-04-11 15:32:26.0;
21;5482.2;2019-04-11 15:32:28.0;
21;5482;2019-04-11 15:32:33.0;
21;5482.2;2019-04-11 15:32:35.0;
21;5482;2019-04-11 15:32:36.0;
21;5482.2;2019-04-11 15:32:39.0;
21;5482.8;2019-04-11 15:32:45.0;
21;5482.5;2019-04-11 15:32:49.0;
21;5482.2;2019-04-11 15:32:50.0;
21;5482.5;2019-04-11 15:32:52.0;
21;5482.2;2019-04-11 15:32:53.0;
21;5483.5;2019-04-11 15:32:59.0;
21;5483;2019-04-11 15:33:04.0;
21;5482.5;2019-04-11 15:33:11.0;
21;5482.8;2019-04-11 15:33:16.0;
21;5482.5;2019-04-11 15:33:19.0;
21;5483;2019-04-11 15:33:31.0;
21;5483.8;2019-04-11 15:33:34.0;
21;5483.2;2019-04-11 15:33:50.0;
21;5483.8;2019-04-11 15:34:06.0;
21;5484.2;2019-04-11 15:34:10.0;
21;5483.8;2019-04-11 15:34:20.0;
21;5484.2;2019-04-11 15:34:22.0;
21;5483.2;2019-04-11 15:34:25.0;
21;5482.8;2019-04-11 15:34:30.0;
21;5482.5;2019-04-11 15:34:38.0;
21;5482.8;2019-04-11 15:34:41.0;
21;5482;2019-04-11 15:34:45.0;
21;5482.8;2019-04-11 15:34:47.0;
21;5482;2019-04-11 15:34:48.0;
21;5482.2;2019-04-11 15:34:49.0;
21;5482.8;2019-04-11 15:34:56.0;
21;5483.8;2019-04-11 15:34:58.0;
21;5483.2;2019-04-11 15:35:00.0;
21;5483.8;2019-04-11 15:35:01.0;
21;5484.2;2019-04-11 15:35:11.0;
21;5483.8;2019-04-11 15:35:15.0;
21;5483.2;2019-04-11 15:35:20.0;
21;5482.8;2019-04-11 15:35:36.0;
21;5483.2;2019-04-11 15:35:39.0;
21;5482.8;2019-04-11 15:35:41.0;
21;5482.2;2019-04-11 15:35:47.0;
21;5480.8;2019-04-11 15:36:07.0;
21;5480.2;2019-04-11 15:36:11.0;
21;5479.2;2019-04-11 15:36:37.0;
21;5480;2019-04-11 15:36:53.0;
21;5479.8;2019-04-11 15:37:01.0;
21;5480;2019-04-11 15:37:02.0;
21;5479.8;2019-04-11 15:37:04.0;
21;5479.5;2019-04-11 15:37:11.0;
21;5479.8;2019-04-11 15:37:13.0;
21;5479.5;2019-04-11 15:37:14.0;
21;5480.2;2019-04-11 15:37:25.0;
21;5479.8;2019-04-11 15:37:31.0;
21;5479.5;2019-04-11 15:37:32.0;
21;5480;2019-04-11 15:37:41.0;
21;5479.8;2019-04-11 15:37:45.0;
21;5479.2;2019-04-11 15:37:51.0;
21;5479.8;2019-04-11 15:38:05.0;
21;5479.2;2019-04-11 15:38:11.0;
21;5479.8;2019-04-11 15:38:12.0;
21;5479.2;2019-04-11 15:38:14.0;
21;5479.8;2019-04-11 15:38:17.0;
21;5479.2;2019-04-11 15:38:26.0;
21;5479.5;2019-04-11 15:38:29.0;
21;5479.8;2019-04-11 15:38:36.0;
21;5479.5;2019-04-11 15:38:42.0;
21;5478.5;2019-04-11 15:38:51.0;
21;5479.2;2019-04-11 15:38:53.0;
21;5478.5;2019-04-11 15:38:56.0;
21;5478.2;2019-04-11 15:38:57.0;
21;5477.8;2019-04-11 15:39:05.0;
21;5477.2;2019-04-11 15:39:21.0;
21;5476.8;2019-04-11 15:39:32.0;
21;5477.2;2019-04-11 15:39:33.0;
21;5476.8;2019-04-11 15:39:35.0;
21;5477;2019-04-11 15:39:37.0;
21;5476.8;2019-04-11 15:39:40.0;
21;5477.2;2019-04-11 15:39:42.0;
21;5477.5;2019-04-11 15:40:07.0;
21;5477;2019-04-11 15:40:09.0;
21;5477.5;2019-04-11 15:40:12.0;
21;5477.8;2019-04-11 15:40:17.0;
21;5478;2019-04-11 15:40:49.0;
21;5477.8;2019-04-11 15:40:51.0;
21;5478.2;2019-04-11 15:41:08.0;
21;5477.8;2019-04-11 15:41:11.0;
21;5478.2;2019-04-11 15:41:12.0;
21;5478.8;2019-04-11 15:41:18.0;
21;5479.2;2019-04-11 15:41:22.0;
21;5479;2019-04-11 15:41:31.0;
21;5479.2;2019-04-11 15:41:38.0;
21;5479.8;2019-04-11 15:41:42.0;
21;5480.2;2019-04-11 15:42:08.0;
21;5481.2;2019-04-11 15:42:19.0;
21;5480.2;2019-04-11 15:42:21.0;
21;5481.2;2019-04-11 15:42:23.0;
21;5482;2019-04-11 15:42:31.0;
21;5481.8;2019-04-11 15:42:32.0;
21;5482.2;2019-04-11 15:42:38.0;
21;5482;2019-04-11 15:42:40.0;
21;5482.2;2019-04-11 15:42:41.0;
21;5482;2019-04-11 15:42:44.0;
21;5482.2;2019-04-11 15:42:46.0;
21;5483.2;2019-04-11 15:42:49.0;
21;5484.2;2019-04-11 15:42:52.0;
21;5483.2;2019-04-11 15:42:53.0;
21;5484.2;2019-04-11 15:42:55.0;
21;5484.5;2019-04-11 15:43:12.0;
21;5485.8;2019-04-11 15:43:13.0;
21;5486;2019-04-11 15:43:21.0;
21;5486.2;2019-04-11 15:43:27.0;
21;5486;2019-04-11 15:43:32.0;
21;5486.2;2019-04-11 15:43:37.0;
21;5485.8;2019-04-11 15:43:43.0;
21;5487.2;2019-04-11 15:44:04.0;
21;5487.5;2019-04-11 15:44:09.0;
21;5487.2;2019-04-11 15:44:14.0;
21;5487;2019-04-11 15:44:20.0;
21;5487.2;2019-04-11 15:44:26.0;
21;5486.5;2019-04-11 15:44:34.0;
21;5487;2019-04-11 15:44:36.0;
21;5486.5;2019-04-11 15:44:37.0;
21;5486.2;2019-04-11 15:44:42.0;
21;5486.5;2019-04-11 15:44:52.0;
21;5486.2;2019-04-11 15:44:56.0;
21;5485.8;2019-04-11 15:45:18.0;
21;5485.2;2019-04-11 15:45:28.0;
21;5486;2019-04-11 15:45:31.0;
21;5486.2;2019-04-11 15:45:34.0;
21;5486.8;2019-04-11 15:45:42.0;
21;5486.5;2019-04-11 15:45:45.0;
21;5486;2019-04-11 15:45:48.0;
21;5486.5;2019-04-11 15:45:50.0;
21;5486;2019-04-11 15:45:51.0;
21;5486.2;2019-04-11 15:46:08.0;
21;5485.2;2019-04-11 15:46:17.0;
21;5486.8;2019-04-11 15:46:22.0;
21;5487.2;2019-04-11 15:46:33.0;
21;5486.8;2019-04-11 15:46:43.0;
21;5487.5;2019-04-11 15:46:50.0;
21;5487.8;2019-04-11 15:46:58.0;
21;5488.2;2019-04-11 15:47:05.0;
21;5488.8;2019-04-11 15:47:07.0;
21;5488.2;2019-04-11 15:47:10.0;
21;5487.8;2019-04-11 15:47:13.0;
21;5488;2019-04-11 15:47:17.0;
21;5487.8;2019-04-11 15:47:19.0;
21;5486.8;2019-04-11 15:47:26.0;
21;5487.2;2019-04-11 15:47:29.0;
21;5486.8;2019-04-11 15:47:40.0;
21;5486.5;2019-04-11 15:47:44.0;
21;5486.8;2019-04-11 15:47:51.0;
21;5487.2;2019-04-11 15:48:04.0;
21;5488;2019-04-11 15:48:10.0;
21;5488.2;2019-04-11 15:48:13.0;
21;5487.8;2019-04-11 15:48:21.0;
21;5488;2019-04-11 15:48:24.0;
21;5488.2;2019-04-11 15:48:35.0;
21;5487.8;2019-04-11 15:48:37.0;
21;5487.5;2019-04-11 15:48:41.0;
21;5487.2;2019-04-11 15:48:51.0;
21;5487.5;2019-04-11 15:48:53.0;
21;5488;2019-04-11 15:49:06.0;
21;5488.2;2019-04-11 15:49:09.0;
21;5488;2019-04-11 15:49:17.0;
21;5487.8;2019-04-11 15:49:23.0;
21;5487.2;2019-04-11 15:50:09.0;
21;5487.8;2019-04-11 15:50:14.0;
21;5487.5;2019-04-11 15:50:23.0;
21;5487.8;2019-04-11 15:50:28.0;
21;5488.2;2019-04-11 15:50:33.0;
21;5488.8;2019-04-11 15:50:36.0;
21;5489.2;2019-04-11 15:50:42.0;
21;5488.8;2019-04-11 15:51:04.0;
21;5487.8;2019-04-11 15:51:08.0;
21;5487.2;2019-04-11 15:51:13.0;
21;5486.2;2019-04-11 15:51:18.0;
21;5486.5;2019-04-11 15:51:22.0;
21;5486.2;2019-04-11 15:51:28.0;
21;5486.8;2019-04-11 15:51:38.0;
21;5485.5;2019-04-11 15:51:44.0;
21;5485;2019-04-11 15:52:14.0;
21;5483.8;2019-04-11 15:52:19.0;
21;5484.2;2019-04-11 15:52:23.0;
21;5484.8;2019-04-11 15:52:28.0;
21;5484;2019-04-11 15:52:38.0;
21;5483.8;2019-04-11 15:52:45.0;
21;5484;2019-04-11 15:52:47.0;
21;5483.5;2019-04-11 15:52:48.0;
21;5483.2;2019-04-11 15:52:54.0;
21;5483;2019-04-11 15:52:59.0;
21;5481.5;2019-04-11 15:53:05.0;
21;5480.8;2019-04-11 15:53:09.0;
21;5481;2019-04-11 15:53:15.0;
21;5480.8;2019-04-11 15:53:16.0;
21;5480.2;2019-04-11 15:53:42.0;
21;5481;2019-04-11 15:53:44.0;
21;5480.2;2019-04-11 15:53:45.0;
21;5481;2019-04-11 15:53:47.0;
21;5481.2;2019-04-11 15:53:48.0;
21;5481.5;2019-04-11 15:54:05.0;
21;5480.8;2019-04-11 15:54:09.0;
21;5481.2;2019-04-11 15:54:15.0;
21;5480.2;2019-04-11 15:54:20.0;
21;5479.5;2019-04-11 15:54:24.0;
21;5479.8;2019-04-11 15:54:29.0;
21;5479.2;2019-04-11 15:54:33.0;
21;5478.8;2019-04-11 15:54:37.0;
21;5477.8;2019-04-11 15:54:48.0;
21;5478;2019-04-11 15:54:54.0;
21;5478.2;2019-04-11 15:54:59.0;
21;5478;2019-04-11 15:55:01.0;
21;5477.2;2019-04-11 15:55:05.0;
21;5476.5;2019-04-11 15:55:11.0;
21;5477;2019-04-11 15:55:15.0;
21;5476.8;2019-04-11 15:55:17.0;
21;5477.2;2019-04-11 15:55:29.0;
21;5477;2019-04-11 15:55:35.0;
21;5477.2;2019-04-11 15:55:37.0;
21;5477;2019-04-11 15:55:38.0;
21;5477.8;2019-04-11 15:55:40.0;
21;5478;2019-04-11 15:55:44.0;
21;5477.8;2019-04-11 15:55:45.0;
21;5478;2019-04-11 15:55:47.0;
21;5477.8;2019-04-11 15:55:51.0;
21;5478.2;2019-04-11 15:56:05.0;
21;5478.5;2019-04-11 15:56:10.0;
21;5478.8;2019-04-11 15:56:12.0;
21;5479;2019-04-11 15:56:50.0;
21;5479.2;2019-04-11 15:56:54.0;
21;5479.5;2019-04-11 15:56:55.0;
21;5480.5;2019-04-11 15:56:59.0;
21;5479.5;2019-04-11 15:57:01.0;
21;5480.5;2019-04-11 15:57:02.0;
21;5481.2;2019-04-11 15:57:04.0;
21;5481.8;2019-04-11 15:57:08.0;
21;5481.5;2019-04-11 15:57:15.0;
21;5481.2;2019-04-11 15:57:20.0;
21;5480.8;2019-04-11 15:57:30.0;
21;5481.2;2019-04-11 15:57:35.0;
21;5481;2019-04-11 15:57:41.0;
21;5480.8;2019-04-11 15:57:44.0;
21;5482;2019-04-11 15:58:06.0;
21;5482.2;2019-04-11 15:58:10.0;
21;5482;2019-04-11 15:58:11.0;
21;5482.2;2019-04-11 15:58:13.0;
21;5482.5;2019-04-11 15:58:52.0;
21;5482.2;2019-04-11 15:58:53.0;
21;5482.5;2019-04-11 15:58:56.0;
21;5481.8;2019-04-11 15:58:57.0;
21;5480.8;2019-04-11 15:59:00.0;
21;5481.8;2019-04-11 15:59:02.0;
21;5480.8;2019-04-11 15:59:03.0;
21;5481.2;2019-04-11 15:59:10.0;
21;5480.2;2019-04-11 15:59:13.0;
21;5480;2019-04-11 15:59:21.0;
21;5479.5;2019-04-11 15:59:27.0;
21;5479.2;2019-04-11 15:59:33.0;
21;5479;2019-04-11 15:59:37.0;
21;5478.5;2019-04-11 15:59:42.0;
21;5479.8;2019-04-11 15:59:45.0;
21;5479.2;2019-04-11 15:59:48.0;
21;5480.5;2019-04-11 16:00:05.0;
21;5482.2;2019-04-11 16:00:12.0;
21;5480.8;2019-04-11 16:00:13.0;
21;5480;2019-04-11 16:00:17.0;
21;5480.8;2019-04-11 16:00:19.0;
21;5480;2019-04-11 16:00:20.0;
21;5480.2;2019-04-11 16:00:23.0;
21;5480;2019-04-11 16:00:24.0;
21;5480.2;2019-04-11 16:00:25.0;
21;5481.2;2019-04-11 16:00:31.0;
21;5481.5;2019-04-11 16:00:34.0;
21;5481.2;2019-04-11 16:00:39.0;
21;5480.8;2019-04-11 16:00:44.0;
21;5481;2019-04-11 16:00:50.0;
21;5481.2;2019-04-11 16:00:55.0;
21;5481;2019-04-11 16:01:02.0;
21;5480.5;2019-04-11 16:01:06.0;
21;5480.2;2019-04-11 16:01:11.0;
21;5480.8;2019-04-11 16:01:17.0;
21;5480.2;2019-04-11 16:01:19.0;
21;5480.5;2019-04-11 16:01:21.0;
21;5480.8;2019-04-11 16:01:26.0;
21;5480.5;2019-04-11 16:01:31.0;
21;5480.8;2019-04-11 16:01:33.0;
21;5480.5;2019-04-11 16:01:34.0;
21;5480.8;2019-04-11 16:01:36.0;
21;5480.5;2019-04-11 16:01:37.0;
21;5480.8;2019-04-11 16:01:39.0;
21;5480.5;2019-04-11 16:01:40.0;
21;5480.8;2019-04-11 16:01:50.0;
21;5481;2019-04-11 16:02:06.0;
21;5480.8;2019-04-11 16:02:15.0;
21;5481.2;2019-04-11 16:02:25.0;
21;5480.8;2019-04-11 16:02:27.0;
21;5481.2;2019-04-11 16:02:29.0;
21;5480.8;2019-04-11 16:02:30.0;
21;5481;2019-04-11 16:02:36.0;
21;5481.5;2019-04-11 16:02:46.0;
21;5481.8;2019-04-11 16:02:47.0;
21;5481.5;2019-04-11 16:02:49.0;
21;5481.8;2019-04-11 16:02:50.0;
21;5482.5;2019-04-11 16:03:07.0;
21;5482.8;2019-04-11 16:03:17.0;
21;5483;2019-04-11 16:03:21.0;
21;5482.8;2019-04-11 16:03:31.0;
21;5482.5;2019-04-11 16:03:37.0;
21;5482.8;2019-04-11 16:03:42.0;
21;5483;2019-04-11 16:03:45.0;
21;5483.2;2019-04-11 16:03:46.0;
21;5483.5;2019-04-11 16:04:25.0;
21;5483.2;2019-04-11 16:04:26.0;
21;5483.5;2019-04-11 16:04:32.0;
21;5482.8;2019-04-11 16:04:44.0;
21;5483.2;2019-04-11 16:04:57.0;
21;5484;2019-04-11 16:05:04.0;
21;5483.8;2019-04-11 16:05:05.0;
21;5484.2;2019-04-11 16:05:08.0;
21;5485;2019-04-11 16:05:23.0;
21;5484.5;2019-04-11 16:05:25.0;
21;5485;2019-04-11 16:05:26.0;
21;5484.8;2019-04-11 16:05:28.0;
21;5484.2;2019-04-11 16:05:32.0;
21;5484.8;2019-04-11 16:05:39.0;
21;5484.5;2019-04-11 16:05:45.0;
21;5483.8;2019-04-11 16:06:07.0;
21;5483.5;2019-04-11 16:06:09.0;
21;5483.2;2019-04-11 16:06:13.0;
21;5482.8;2019-04-11 16:06:22.0;
21;5484.2;2019-04-11 16:06:27.0;
21;5484.5;2019-04-11 16:06:35.0;
21;5484.2;2019-04-11 16:06:37.0;
21;5484;2019-04-11 16:06:47.0;
21;5484.2;2019-04-11 16:06:53.0;
21;5484.8;2019-04-11 16:07:03.0;
21;5484.5;2019-04-11 16:07:15.0;
21;5484.2;2019-04-11 16:07:17.0;
21;5483.8;2019-04-11 16:07:20.0;
21;5484.2;2019-04-11 16:07:38.0;
21;5483.8;2019-04-11 16:07:40.0;
21;5483.5;2019-04-11 16:07:51.0;
21;5483.2;2019-04-11 16:08:09.0;
21;5482.8;2019-04-11 16:08:15.0;
21;5483.2;2019-04-11 16:08:17.0;
21;5482.8;2019-04-11 16:08:18.0;
21;5483.2;2019-04-11 16:08:24.0;
21;5482.8;2019-04-11 16:08:26.0;
21;5483.5;2019-04-11 16:08:28.0;
21;5483.2;2019-04-11 16:08:30.0;
21;5483.5;2019-04-11 16:08:33.0;
21;5483.2;2019-04-11 16:08:34.0;
21;5484.2;2019-04-11 16:08:41.0;
21;5483.8;2019-04-11 16:08:44.0;
21;5484;2019-04-11 16:08:50.0;
21;5484.2;2019-04-11 16:08:51.0;
21;5484;2019-04-11 16:08:53.0;
21;5484.2;2019-04-11 16:08:56.0;
21;5485;2019-04-11 16:09:00.0;
21;5484.2;2019-04-11 16:09:06.0;
21;5484.5;2019-04-11 16:09:17.0;
21;5485.2;2019-04-11 16:09:21.0;
21;5484.8;2019-04-11 16:09:31.0;
21;5485;2019-04-11 16:09:51.0;
21;5484.8;2019-04-11 16:10:05.0;
21;5484.5;2019-04-11 16:10:15.0;
21;5484.8;2019-04-11 16:10:17.0;
21;5485.2;2019-04-11 16:10:21.0;
21;5485.8;2019-04-11 16:10:32.0;
21;5485.2;2019-04-11 16:10:36.0;
21;5485.8;2019-04-11 16:10:52.0;
21;5485.5;2019-04-11 16:10:57.0;
21;5484.8;2019-04-11 16:11:00.0;
21;5484.2;2019-04-11 16:11:07.0;
21;5484.5;2019-04-11 16:11:12.0;
21;5484.2;2019-04-11 16:11:13.0;
21;5484.5;2019-04-11 16:11:15.0;
21;5483.8;2019-04-11 16:11:16.0;
21;5484.2;2019-04-11 16:11:28.0;
21;5484.5;2019-04-11 16:11:46.0;
21;5484.2;2019-04-11 16:11:49.0;
21;5483.8;2019-04-11 16:12:08.0;
21;5483.2;2019-04-11 16:12:34.0;
21;5483;2019-04-11 16:12:45.0;
21;5482.5;2019-04-11 16:12:52.0;
21;5482.8;2019-04-11 16:12:53.0;
21;5483.2;2019-04-11 16:12:57.0;
21;5482.8;2019-04-11 16:13:07.0;
21;5483.2;2019-04-11 16:13:12.0;
21;5483.5;2019-04-11 16:13:38.0;
21;5484.8;2019-04-11 16:13:42.0;
21;5484.2;2019-04-11 16:14:06.0;
21;5484.8;2019-04-11 16:14:15.0;
21;5485.2;2019-04-11 16:14:25.0;
21;5485;2019-04-11 16:14:31.0;
21;5485.2;2019-04-11 16:14:51.0;
21;5485;2019-04-11 16:14:53.0;
21;5485.2;2019-04-11 16:14:56.0;
21;5486.8;2019-04-11 16:15:06.0;
21;5486.2;2019-04-11 16:15:08.0;
21;5486.8;2019-04-11 16:15:09.0;
21;5486.2;2019-04-11 16:15:27.0;
21;5485.8;2019-04-11 16:15:37.0;
21;5485.5;2019-04-11 16:15:42.0;
21;5485.2;2019-04-11 16:15:46.0;
21;5485;2019-04-11 16:16:06.0;
21;5484.8;2019-04-11 16:16:12.0;
21;5484.2;2019-04-11 16:16:21.0;
21;5484.8;2019-04-11 16:16:27.0;
21;5483.8;2019-04-11 16:16:31.0;
21;5484;2019-04-11 16:16:37.0;
21;5484.2;2019-04-11 16:16:43.0;
21;5484.8;2019-04-11 16:16:47.0;
21;5484.5;2019-04-11 16:16:57.0;
21;5484.2;2019-04-11 16:17:03.0;
21;5484.8;2019-04-11 16:17:17.0;
21;5485;2019-04-11 16:17:25.0;
21;5485.2;2019-04-11 16:17:30.0;
21;5485;2019-04-11 16:17:31.0;
21;5485.2;2019-04-11 16:17:33.0;
21;5485.5;2019-04-11 16:17:46.0;
21;5485.2;2019-04-11 16:17:47.0;
21;5485.8;2019-04-11 16:18:06.0;
21;5486.2;2019-04-11 16:18:10.0;
21;5486;2019-04-11 16:18:28.0;
21;5485.8;2019-04-11 16:18:39.0;
21;5486;2019-04-11 16:18:40.0;
21;5485.8;2019-04-11 16:18:42.0;
21;5485.2;2019-04-11 16:18:48.0;
21;5485;2019-04-11 16:19:11.0;
21;5485.2;2019-04-11 16:19:12.0;
21;5484.8;2019-04-11 16:19:26.0;
21;5484.2;2019-04-11 16:19:27.0;
21;5484.8;2019-04-11 16:19:29.0;
21;5484.2;2019-04-11 16:19:31.0;
21;5483.8;2019-04-11 16:19:47.0;
21;5484.2;2019-04-11 16:20:08.0;
21;5484;2019-04-11 16:20:12.0;
21;5484.5;2019-04-11 16:20:17.0;
21;5484.8;2019-04-11 16:20:22.0;
21;5484.2;2019-04-11 16:20:27.0;
21;5483.2;2019-04-11 16:20:30.0;
21;5484.2;2019-04-11 16:20:31.0;
21;5483.2;2019-04-11 16:20:33.0;
21;5483.8;2019-04-11 16:20:40.0;
21;5483.5;2019-04-11 16:20:41.0;
21;5483.8;2019-04-11 16:20:43.0;
21;5484;2019-04-11 16:20:52.0;
21;5484.2;2019-04-11 16:20:55.0;
21;5484;2019-04-11 16:20:56.0;
21;5484.2;2019-04-11 16:20:57.0;
21;5483.8;2019-04-11 16:21:02.0;
21;5484;2019-04-11 16:21:07.0;
21;5483.8;2019-04-11 16:21:09.0;
21;5484;2019-04-11 16:21:10.0;
21;5484.2;2019-04-11 16:21:12.0;
21;5484;2019-04-11 16:21:14.0;
21;5484.2;2019-04-11 16:21:16.0;
21;5483.8;2019-04-11 16:21:44.0;
21;5484.5;2019-04-11 16:21:47.0;
21;5484.2;2019-04-11 16:22:07.0;
21;5485;2019-04-11 16:22:22.0;
21;5484.8;2019-04-11 16:22:25.0;
21;5485;2019-04-11 16:22:26.0;
21;5484.8;2019-04-11 16:22:27.0;
21;5485;2019-04-11 16:22:29.0;
21;5484.8;2019-04-11 16:22:33.0;
21;5484.2;2019-04-11 16:22:43.0;
21;5484.8;2019-04-11 16:22:54.0;
21;5485.2;2019-04-11 16:23:02.0;
21;5484.8;2019-04-11 16:23:16.0;
21;5484.2;2019-04-11 16:23:25.0;
21;5484.8;2019-04-11 16:23:34.0;
21;5484.2;2019-04-11 16:23:37.0;
21;5484;2019-04-11 16:24:04.0;
21;5484.2;2019-04-11 16:24:05.0;
21;5484;2019-04-11 16:24:07.0;
21;5483.8;2019-04-11 16:24:12.0;
21;5484;2019-04-11 16:24:15.0;
21;5484.2;2019-04-11 16:24:23.0;
21;5485.2;2019-04-11 16:24:36.0;
21;5485.8;2019-04-11 16:24:42.0;
21;5485.5;2019-04-11 16:24:47.0;
21;5485.2;2019-04-11 16:24:51.0;
21;5485.8;2019-04-11 16:25:04.0;
21;5485.2;2019-04-11 16:25:05.0;
21;5485.8;2019-04-11 16:25:07.0;
21;5486;2019-04-11 16:25:27.0;
21;5485.8;2019-04-11 16:25:33.0;
21;5485.5;2019-04-11 16:25:47.0;
21;5485.8;2019-04-11 16:25:49.0;
21;5485.5;2019-04-11 16:25:51.0;
21;5485.8;2019-04-11 16:26:06.0;
21;5486;2019-04-11 16:26:10.0;
21;5486.2;2019-04-11 16:26:13.0;
21;5485.8;2019-04-11 16:26:57.0;
21;5486.2;2019-04-11 16:26:59.0;
21;5485.8;2019-04-11 16:27:00.0;
21;5486.2;2019-04-11 16:27:09.0;
21;5485.8;2019-04-11 16:27:13.0;
21;5486.8;2019-04-11 16:27:18.0;
21;5487.2;2019-04-11 16:27:30.0;
21;5487.8;2019-04-11 16:27:41.0;
21;5487.2;2019-04-11 16:27:44.0;
21;5487.8;2019-04-11 16:27:45.0;
21;5487.2;2019-04-11 16:27:47.0;
21;5486.8;2019-04-11 16:28:05.0;
21;5487.8;2019-04-11 16:28:07.0;
21;5488;2019-04-11 16:28:16.0;
21;5487.8;2019-04-11 16:28:17.0;
21;5488;2019-04-11 16:28:19.0;
21;5487.2;2019-04-11 16:28:22.0;
21;5487.5;2019-04-11 16:28:26.0;
21;5487.8;2019-04-11 16:28:32.0;
21;5487.5;2019-04-11 16:28:33.0;
21;5487.8;2019-04-11 16:28:38.0;
21;5487.5;2019-04-11 16:28:39.0;
21;5487.8;2019-04-11 16:28:43.0;
21;5487.5;2019-04-11 16:28:45.0;
21;5487.8;2019-04-11 16:28:47.0;
21;5487.2;2019-04-11 16:29:14.0;
21;5487.5;2019-04-11 16:29:18.0;
21;5487.8;2019-04-11 16:29:22.0;
21;5488.2;2019-04-11 16:29:24.0;
21;5487.8;2019-04-11 16:29:26.0;
21;5488.2;2019-04-11 16:29:27.0;
21;5488.5;2019-04-11 16:29:33.0;
21;5488.8;2019-04-11 16:29:40.0;
21;5488.2;2019-04-11 16:29:43.0;
21;5488;2019-04-11 16:30:06.0;
21;5487.8;2019-04-11 16:30:10.0;
21;5487.5;2019-04-11 16:30:16.0;
21;5486.8;2019-04-11 16:30:25.0;
21;5486.2;2019-04-11 16:30:31.0;
21;5486.8;2019-04-11 16:30:36.0;
21;5486.2;2019-04-11 16:30:39.0;
21;5485.8;2019-04-11 16:31:00.0;
21;5486;2019-04-11 16:31:04.0;
21;5485.8;2019-04-11 16:31:10.0;
21;5486;2019-04-11 16:31:15.0;
21;5486.2;2019-04-11 16:31:16.0;
21;5486;2019-04-11 16:31:17.0;
21;5486.2;2019-04-11 16:31:19.0;
21;5485.5;2019-04-11 16:31:21.0;
21;5485.8;2019-04-11 16:31:26.0;
21;5485.5;2019-04-11 16:31:29.0;
21;5485.8;2019-04-11 16:31:31.0;
21;5485.5;2019-04-11 16:31:32.0;
21;5485.8;2019-04-11 16:31:35.0;
21;5486;2019-04-11 16:31:37.0;
21;5485.8;2019-04-11 16:31:39.0;
21;5486;2019-04-11 16:31:40.0;
21;5485.8;2019-04-11 16:31:41.0;
21;5486.2;2019-04-11 16:31:44.0;
21;5486.8;2019-04-11 16:31:49.0;
21;5487.8;2019-04-11 16:32:05.0;
21;5488.8;2019-04-11 16:32:10.0;
21;5488.5;2019-04-11 16:32:16.0;
21;5488.8;2019-04-11 16:32:17.0;
21;5488.2;2019-04-11 16:32:19.0;
21;5488.8;2019-04-11 16:32:25.0;
21;5488.2;2019-04-11 16:32:35.0;
21;5488.5;2019-04-11 16:32:37.0;
21;5488.2;2019-04-11 16:32:39.0;
21;5488.8;2019-04-11 16:32:42.0;
21;5488.2;2019-04-11 16:32:50.0;
21;5488;2019-04-11 16:32:53.0;
21;5488.2;2019-04-11 16:32:56.0;
21;5488;2019-04-11 16:32:58.0;
21;5488.2;2019-04-11 16:32:59.0;
21;5487.8;2019-04-11 16:33:01.0;
21;5487.5;2019-04-11 16:33:11.0;
21;5487.8;2019-04-11 16:33:14.0;
21;5487.5;2019-04-11 16:33:19.0;
21;5487.8;2019-04-11 16:33:27.0;
21;5488.2;2019-04-11 16:33:28.0;
21;5487.8;2019-04-11 16:33:33.0;
21;5487.5;2019-04-11 16:33:37.0;
21;5487.2;2019-04-11 16:33:51.0;
21;5487.8;2019-04-11 16:34:07.0;
21;5488.2;2019-04-11 16:34:19.0;
21;5487.8;2019-04-11 16:34:21.0;
21;5487.2;2019-04-11 16:34:28.0;
21;5486.8;2019-04-11 16:34:41.0;
21;5487.2;2019-04-11 16:34:42.0;
21;5487.5;2019-04-11 16:34:44.0;
21;5487.2;2019-04-11 16:34:45.0;
21;5487.5;2019-04-11 16:34:47.0;
21;5487.2;2019-04-11 16:34:59.0;
21;5487.8;2019-04-11 16:35:09.0;
21;5487.2;2019-04-11 16:35:11.0;
21;5487.8;2019-04-11 16:35:12.0;
21;5488.2;2019-04-11 16:35:25.0;
21;5488.8;2019-04-11 16:35:29.0;
21;5488.5;2019-04-11 16:35:34.0;
21;5488.8;2019-04-11 16:35:42.0;
21;5488.2;2019-04-11 16:35:49.0;
21;5488.8;2019-04-11 16:35:51.0;
21;5488.2;2019-04-11 16:35:52.0;
21;5487.8;2019-04-11 16:36:04.0;
21;5488.2;2019-04-11 16:36:06.0;
21;5487.2;2019-04-11 16:36:07.0;
21;5487.8;2019-04-11 16:36:17.0;
21;5487.2;2019-04-11 16:36:22.0;
21;5487.5;2019-04-11 16:36:29.0;
21;5487.2;2019-04-11 16:36:33.0;
21;5487.8;2019-04-11 16:36:51.0;
21;5488;2019-04-11 16:36:54.0;
21;5488.2;2019-04-11 16:37:00.0;
21;5488.5;2019-04-11 16:37:04.0;
21;5488.8;2019-04-11 16:37:08.0;
21;5488.5;2019-04-11 16:37:13.0;
21;5488.8;2019-04-11 16:37:17.0;
21;5488.2;2019-04-11 16:37:19.0;
21;5488.8;2019-04-11 16:37:21.0;
21;5488.2;2019-04-11 16:37:23.0;
21;5488.8;2019-04-11 16:37:28.0;
21;5489.2;2019-04-11 16:37:46.0;
21;5488.8;2019-04-11 16:37:51.0;
21;5489.2;2019-04-11 16:38:05.0;
21;5488.8;2019-04-11 16:38:47.0;
21;5489.2;2019-04-11 16:39:07.0;
21;5488.8;2019-04-11 16:39:21.0;
21;5489.2;2019-04-11 16:39:24.0;
21;5488.8;2019-04-11 16:39:37.0;
21;5489.2;2019-04-11 16:39:51.0;
21;5488.8;2019-04-11 16:40:15.0;
21;5489.2;2019-04-11 16:40:16.0;
21;5488.8;2019-04-11 16:40:17.0;
21;5489.2;2019-04-11 16:40:28.0;
21;5488.8;2019-04-11 16:40:29.0;
21;5489.2;2019-04-11 16:40:31.0;
21;5490.2;2019-04-11 16:40:48.0;
21;5489.2;2019-04-11 16:40:50.0;
21;5490.5;2019-04-11 16:40:53.0;
21;5490.8;2019-04-11 16:40:57.0;
21;5490.2;2019-04-11 16:41:02.0;
21;5489.8;2019-04-11 16:41:08.0;
21;5489.5;2019-04-11 16:41:23.0;
21;5489.8;2019-04-11 16:41:27.0;
21;5491;2019-04-11 16:41:34.0;
21;5491.2;2019-04-11 16:41:38.0;
21;5491;2019-04-11 16:41:43.0;
21;5491.2;2019-04-11 16:42:07.0;
21;5491.8;2019-04-11 16:42:20.0;
21;5492.2;2019-04-11 16:42:28.0;
21;5492;2019-04-11 16:42:53.0;
21;5492.2;2019-04-11 16:42:56.0;
21;5493.2;2019-04-11 16:43:08.0;
21;5492.8;2019-04-11 16:43:13.0;
21;5493;2019-04-11 16:43:16.0;
21;5492.8;2019-04-11 16:43:24.0;
21;5493;2019-04-11 16:43:25.0;
21;5492.8;2019-04-11 16:43:27.0;
21;5492.5;2019-04-11 16:43:28.0;
21;5492.8;2019-04-11 16:43:29.0;
21;5491.5;2019-04-11 16:43:31.0;
21;5492.5;2019-04-11 16:43:32.0;
21;5491.5;2019-04-11 16:43:34.0;
21;5491.2;2019-04-11 16:43:36.0;
21;5491.8;2019-04-11 16:43:46.0;
21;5491.2;2019-04-11 16:43:51.0;
21;5490.8;2019-04-11 16:44:09.0;
21;5490.2;2019-04-11 16:44:12.0;
21;5490;2019-04-11 16:44:21.0;
21;5490.2;2019-04-11 16:44:22.0;
21;5490;2019-04-11 16:44:30.0;
21;5490.2;2019-04-11 16:44:34.0;
21;5490;2019-04-11 16:44:35.0;
21;5490.2;2019-04-11 16:44:37.0;
21;5489.8;2019-04-11 16:44:38.0;
21;5490.2;2019-04-11 16:44:39.0;
21;5490;2019-04-11 16:44:47.0;
21;5489.8;2019-04-11 16:44:49.0;
21;5490;2019-04-11 16:44:50.0;
21;5489.8;2019-04-11 16:44:52.0;
21;5489.2;2019-04-11 16:44:53.0;
21;5488.8;2019-04-11 16:45:02.0;
21;5489.2;2019-04-11 16:45:11.0;
21;5489.5;2019-04-11 16:45:16.0;
21;5489.2;2019-04-11 16:45:23.0;
21;5489.5;2019-04-11 16:45:24.0;
21;5489.2;2019-04-11 16:45:26.0;
21;5489.5;2019-04-11 16:45:30.0;
21;5489.8;2019-04-11 16:45:31.0;
21;5489.2;2019-04-11 16:45:42.0;
21;5488.5;2019-04-11 16:45:48.0;
21;5488.8;2019-04-11 16:45:51.0;
21;5489;2019-04-11 16:46:12.0;
21;5489.2;2019-04-11 16:46:19.0;
21;5488.8;2019-04-11 16:46:36.0;
21;5489.2;2019-04-11 16:46:41.0;
21;5488.8;2019-04-11 16:46:48.0;
21;5489.2;2019-04-11 16:46:50.0;
21;5489;2019-04-11 16:46:51.0;
21;5488.5;2019-04-11 16:46:59.0;
21;5488.8;2019-04-11 16:47:00.0;
21;5487.8;2019-04-11 16:47:06.0;
21;5487.2;2019-04-11 16:47:07.0;
21;5486.8;2019-04-11 16:47:16.0;
21;5487.2;2019-04-11 16:47:22.0;
21;5487.5;2019-04-11 16:47:29.0;
21;5487.2;2019-04-11 16:47:31.0;
21;5487.5;2019-04-11 16:47:38.0;
21;5487.2;2019-04-11 16:47:43.0;
21;5486.2;2019-04-11 16:48:04.0;
21;5486.8;2019-04-11 16:48:09.0;
21;5486.2;2019-04-11 16:48:33.0;
21;5485.8;2019-04-11 16:48:40.0;
21;5485.2;2019-04-11 16:48:44.0;
21;5485.8;2019-04-11 16:48:49.0;
21;5485.2;2019-04-11 16:48:53.0;
21;5485.5;2019-04-11 16:48:59.0;
21;5485.2;2019-04-11 16:49:01.0;
21;5485.5;2019-04-11 16:49:02.0;
21;5486.2;2019-04-11 16:49:09.0;
21;5485.8;2019-04-11 16:49:12.0;
21;5486;2019-04-11 16:49:13.0;
21;5485.8;2019-04-11 16:49:22.0;
21;5485;2019-04-11 16:49:24.0;
21;5484.8;2019-04-11 16:49:28.0;
21;5484.2;2019-04-11 16:49:38.0;
21;5484.8;2019-04-11 16:49:41.0;
21;5484.2;2019-04-11 16:49:42.0;
21;5483.8;2019-04-11 16:49:44.0;
21;5484.2;2019-04-11 16:49:48.0;
21;5483.8;2019-04-11 16:50:07.0;
21;5484;2019-04-11 16:50:14.0;
21;5485.5;2019-04-11 16:50:19.0;
21;5485.2;2019-04-11 16:50:23.0;
21;5485.5;2019-04-11 16:50:25.0;
21;5485.2;2019-04-11 16:50:32.0;
21;5485;2019-04-11 16:50:49.0;
21;5484.8;2019-04-11 16:50:59.0;
21;5485;2019-04-11 16:51:01.0;
21;5484.8;2019-04-11 16:51:02.0;
21;5484.2;2019-04-11 16:51:04.0;
21;5484.5;2019-04-11 16:51:13.0;
21;5484.8;2019-04-11 16:51:17.0;
21;5484.2;2019-04-11 16:51:23.0;
21;5484.5;2019-04-11 16:51:24.0;
21;5484.2;2019-04-11 16:51:26.0;
21;5484.8;2019-04-11 16:51:31.0;
21;5484.2;2019-04-11 16:51:37.0;
21;5484.8;2019-04-11 16:51:41.0;
21;5485.2;2019-04-11 16:52:05.0;
21;5484.8;2019-04-11 16:52:25.0;
21;5484.2;2019-04-11 16:52:31.0;
21;5484;2019-04-11 16:52:35.0;
21;5484.8;2019-04-11 16:52:40.0;
21;5485;2019-04-11 16:52:47.0;
21;5485.2;2019-04-11 16:52:53.0;
21;5485;2019-04-11 16:53:07.0;
21;5485.2;2019-04-11 16:53:12.0;
21;5485.5;2019-04-11 16:53:15.0;
21;5486.2;2019-04-11 16:53:23.0;
21;5486.8;2019-04-11 16:53:40.0;
21;5486.5;2019-04-11 16:53:48.0;
21;5487.2;2019-04-11 16:54:05.0;
21;5487.8;2019-04-11 16:54:11.0;
21;5487.2;2019-04-11 16:54:15.0;
21;5487.5;2019-04-11 16:54:17.0;
21;5487.2;2019-04-11 16:54:18.0;
21;5487.5;2019-04-11 16:54:39.0;
21;5487.2;2019-04-11 16:54:47.0;
21;5486.2;2019-04-11 16:54:52.0;
21;5485.8;2019-04-11 16:54:59.0;
21;5486.2;2019-04-11 16:55:01.0;
21;5485.8;2019-04-11 16:55:02.0;
21;5485.2;2019-04-11 16:55:23.0;
21;5485.8;2019-04-11 16:55:25.0;
21;5485.2;2019-04-11 16:55:27.0;
21;5485.5;2019-04-11 16:55:28.0;
21;5485.2;2019-04-11 16:55:38.0;
21;5485.5;2019-04-11 16:55:50.0;
21;5485.8;2019-04-11 16:55:52.0;
21;5485.2;2019-04-11 16:56:06.0;
21;5485.5;2019-04-11 16:56:12.0;
21;5485.2;2019-04-11 16:56:14.0;
21;5485.8;2019-04-11 16:56:15.0;
21;5485.2;2019-04-11 16:56:39.0;
21;5485.5;2019-04-11 16:56:50.0;
21;5485.2;2019-04-11 16:57:04.0;
21;5485.8;2019-04-11 16:57:13.0;
21;5485.2;2019-04-11 16:57:14.0;
21;5485.8;2019-04-11 16:57:37.0;
21;5485.2;2019-04-11 16:57:38.0;
21;5485.8;2019-04-11 16:57:40.0;
21;5486.5;2019-04-11 16:57:41.0;
21;5487.2;2019-04-11 16:57:46.0;
21;5486.8;2019-04-11 16:58:08.0;
21;5487.2;2019-04-11 16:58:10.0;
21;5486.8;2019-04-11 16:58:12.0;
21;5487;2019-04-11 16:58:14.0;
21;5486.8;2019-04-11 16:58:16.0;
21;5487;2019-04-11 16:58:18.0;
21;5486.8;2019-04-11 16:58:19.0;
21;5487;2019-04-11 16:58:20.0;
21;5486.8;2019-04-11 16:58:22.0;
21;5487;2019-04-11 16:58:23.0;
21;5486.8;2019-04-11 16:58:25.0;
21;5487;2019-04-11 16:58:30.0;
21;5487.2;2019-04-11 16:58:34.0;
21;5487.8;2019-04-11 16:58:40.0;
21;5486.5;2019-04-11 16:58:43.0;
21;5486.2;2019-04-11 16:58:50.0;
21;5486;2019-04-11 16:58:53.0;
21;5485.8;2019-04-11 16:58:58.0;
21;5486.2;2019-04-11 16:59:49.0;
21;5486.8;2019-04-11 17:00:05.0;
21;5487.5;2019-04-11 17:00:21.0;
21;5487.2;2019-04-11 17:00:26.0;
21;5487.8;2019-04-11 17:00:42.0;
21;5487.2;2019-04-11 17:00:48.0;
21;5487.8;2019-04-11 17:00:49.0;
21;5487.2;2019-04-11 17:00:51.0;
21;5487.5;2019-04-11 17:00:52.0;
21;5487.2;2019-04-11 17:01:02.0;
21;5487.8;2019-04-11 17:01:08.0;
21;5487.5;2019-04-11 17:01:09.0;
21;5487.8;2019-04-11 17:01:12.0;
21;5487.5;2019-04-11 17:01:17.0;
21;5487.8;2019-04-11 17:01:23.0;
21;5488;2019-04-11 17:01:32.0;
21;5487.8;2019-04-11 17:01:50.0;
21;5487;2019-04-11 17:02:08.0;
21;5487.2;2019-04-11 17:02:09.0;
21;5486.8;2019-04-11 17:02:19.0;
21;5486.2;2019-04-11 17:02:23.0;
21;5485.8;2019-04-11 17:02:40.0;
21;5486.2;2019-04-11 17:02:46.0;
21;5486.5;2019-04-11 17:02:54.0;
21;5486.2;2019-04-11 17:02:59.0;
21;5486.8;2019-04-11 17:03:07.0;
21;5486.5;2019-04-11 17:03:10.0;
21;5486.8;2019-04-11 17:03:22.0;
21;5486.2;2019-04-11 17:03:26.0;
21;5485.8;2019-04-11 17:03:28.0;
21;5486.2;2019-04-11 17:03:29.0;
21;5484.5;2019-04-11 17:03:32.0;
21;5484.8;2019-04-11 17:03:38.0;
21;5484.2;2019-04-11 17:03:41.0;
21;5485.2;2019-04-11 17:03:46.0;
21;5485;2019-04-11 17:04:08.0;
21;5485.2;2019-04-11 17:04:17.0;
21;5485;2019-04-11 17:04:18.0;
21;5485.2;2019-04-11 17:04:25.0;
21;5485;2019-04-11 17:04:26.0;
21;5485.2;2019-04-11 17:04:28.0;
21;5484.8;2019-04-11 17:04:32.0;
21;5485;2019-04-11 17:04:39.0;
21;5485.5;2019-04-11 17:04:44.0;
21;5485;2019-04-11 17:04:49.0;
21;5485.5;2019-04-11 17:04:59.0;
21;5485.8;2019-04-11 17:05:05.0;
21;5485.2;2019-04-11 17:05:25.0;
21;5484.8;2019-04-11 17:05:30.0;
21;5484.2;2019-04-11 17:05:40.0;
21;5483.8;2019-04-11 17:05:49.0;
21;5484;2019-04-11 17:06:13.0;
21;5483.8;2019-04-11 17:06:24.0;
21;5484;2019-04-11 17:06:25.0;
21;5483.8;2019-04-11 17:06:28.0;
21;5483.5;2019-04-11 17:06:34.0;
21;5483.8;2019-04-11 17:06:37.0;
21;5483.5;2019-04-11 17:06:56.0;
21;5483.8;2019-04-11 17:06:57.0;
21;5483.5;2019-04-11 17:06:59.0;
21;5483.2;2019-04-11 17:07:01.0;
21;5482.2;2019-04-11 17:07:20.0;
21;5481.8;2019-04-11 17:07:37.0;
21;5482.2;2019-04-11 17:07:41.0;
21;5482.8;2019-04-11 17:08:06.0;
21;5483.8;2019-04-11 17:08:31.0;
21;5482.8;2019-04-11 17:08:45.0;
21;5483;2019-04-11 17:08:56.0;
21;5482.8;2019-04-11 17:08:57.0;
21;5483.2;2019-04-11 17:09:08.0;
21;5483;2019-04-11 17:09:18.0;
21;5483.2;2019-04-11 17:09:22.0;
21;5482.8;2019-04-11 17:09:32.0;
21;5483;2019-04-11 17:09:50.0;
21;5484.8;2019-04-11 17:10:05.0;
21;5484.2;2019-04-11 17:10:27.0;
21;5484.8;2019-04-11 17:10:28.0;
21;5483.8;2019-04-11 17:10:31.0;
21;5483.2;2019-04-11 17:10:41.0;
21;5483;2019-04-11 17:10:59.0;
21;5482.8;2019-04-11 17:11:03.0;
21;5482.2;2019-04-11 17:11:10.0;
21;5481.8;2019-04-11 17:11:28.0;
21;5482.2;2019-04-11 17:11:29.0;
21;5481.8;2019-04-11 17:11:31.0;
21;5482.2;2019-04-11 17:11:38.0;
21;5481.8;2019-04-11 17:11:42.0;
21;5481.2;2019-04-11 17:12:07.0;
21;5481.8;2019-04-11 17:12:13.0;
21;5481.2;2019-04-11 17:12:18.0;
21;5481.8;2019-04-11 17:12:33.0;
21;5482;2019-04-11 17:12:37.0;
21;5482.2;2019-04-11 17:12:43.0;
21;5482;2019-04-11 17:12:44.0;
21;5482.2;2019-04-11 17:12:46.0;
21;5482.8;2019-04-11 17:12:47.0;
21;5483.2;2019-04-11 17:13:02.0;
21;5482.8;2019-04-11 17:13:12.0;
21;5483;2019-04-11 17:14:04.0;
21;5482.8;2019-04-11 17:14:05.0;
21;5483;2019-04-11 17:14:06.0;
21;5482.8;2019-04-11 17:14:09.0;
21;5483.2;2019-04-11 17:14:13.0;
21;5483;2019-04-11 17:14:15.0;
21;5482.8;2019-04-11 17:14:21.0;
21;5484.2;2019-04-11 17:14:51.0;
21;5484;2019-04-11 17:15:07.0;
21;5484.2;2019-04-11 17:15:14.0;
21;5484.5;2019-04-11 17:15:24.0;
21;5484.2;2019-04-11 17:15:26.0;
21;5484.5;2019-04-11 17:15:27.0;
21;5485.2;2019-04-11 17:15:31.0;
21;5485.8;2019-04-11 17:15:33.0;
21;5485.2;2019-04-11 17:15:37.0;
21;5484.8;2019-04-11 17:15:46.0;
21;5485.5;2019-04-11 17:16:07.0;
21;5484.8;2019-04-11 17:16:09.0;
21;5484.5;2019-04-11 17:16:22.0;
21;5484.8;2019-04-11 17:16:28.0;
21;5484.5;2019-04-11 17:16:32.0;
21;5484.8;2019-04-11 17:16:42.0;
21;5484.2;2019-04-11 17:16:57.0;
21;5483.8;2019-04-11 17:17:33.0;
21;5482.8;2019-04-11 17:17:38.0;
21;5483.2;2019-04-11 17:17:49.0;
21;5482.5;2019-04-11 17:18:08.0;
21;5482.2;2019-04-11 17:18:13.0;
21;5482.8;2019-04-11 17:18:19.0;
21;5482.5;2019-04-11 17:18:28.0;
21;5482.8;2019-04-11 17:18:30.0;
21;5482.2;2019-04-11 17:18:32.0;
21;5481.2;2019-04-11 17:18:48.0;
21;5481.5;2019-04-11 17:18:53.0;
21;5480.8;2019-04-11 17:18:58.0;
21;5481;2019-04-11 17:19:14.0;
21;5481.2;2019-04-11 17:19:17.0;
21;5482;2019-04-11 17:19:20.0;
21;5481.2;2019-04-11 17:19:22.0;
21;5482.2;2019-04-11 17:19:23.0;
21;5482;2019-04-11 17:19:25.0;
21;5482.2;2019-04-11 17:19:27.0;
21;5482.8;2019-04-11 17:19:36.0;
21;5482.2;2019-04-11 17:19:42.0;
21;5482.8;2019-04-11 17:19:49.0;
21;5482.2;2019-04-11 17:20:06.0;
21;5482.5;2019-04-11 17:20:13.0;
21;5482.8;2019-04-11 17:20:24.0;
21;5483.2;2019-04-11 17:20:32.0;
21;5483.8;2019-04-11 17:20:39.0;
21;5484.2;2019-04-11 17:20:46.0;
21;5484.5;2019-04-11 17:20:55.0;
21;5484.8;2019-04-11 17:20:58.0;
21;5484.2;2019-04-11 17:21:04.0;
21;5484.8;2019-04-11 17:21:26.0;
21;5484.2;2019-04-11 17:21:34.0;
21;5483.8;2019-04-11 17:21:41.0;
21;5484;2019-04-11 17:21:48.0;
21;5483.8;2019-04-11 17:21:50.0;
21;5484;2019-04-11 17:21:52.0;
21;5484.2;2019-04-11 17:22:05.0;
21;5483.8;2019-04-11 17:22:18.0;
21;5483.5;2019-04-11 17:22:20.0;
21;5483.2;2019-04-11 17:22:24.0;
21;5483.5;2019-04-11 17:22:55.0;
21;5483.8;2019-04-11 17:23:01.0;
21;5484.2;2019-04-11 17:23:14.0;
21;5483.8;2019-04-11 17:23:16.0;
21;5483.2;2019-04-11 17:24:05.0;
21;5482.8;2019-04-11 17:24:25.0;
21;5481.8;2019-04-11 17:24:35.0;
21;5481;2019-04-11 17:25:07.0;
21;5481.2;2019-04-11 17:25:11.0;
21;5480.2;2019-04-11 17:25:16.0;
21;5480.8;2019-04-11 17:25:21.0;
21;5480.2;2019-04-11 17:25:22.0;
21;5480.8;2019-04-11 17:25:24.0;
21;5481;2019-04-11 17:25:25.0;
21;5480.8;2019-04-11 17:25:27.0;
21;5481;2019-04-11 17:25:34.0;
21;5480.8;2019-04-11 17:25:38.0;
21;5481.8;2019-04-11 17:26:07.0;
21;5480.8;2019-04-11 17:26:10.0;
21;5481.2;2019-04-11 17:26:22.0;
21;5480.8;2019-04-11 17:26:27.0;
21;5481.2;2019-04-11 17:26:31.0;
21;5480.8;2019-04-11 17:26:33.0;
21;5481.2;2019-04-11 17:26:36.0;
21;5480.8;2019-04-11 17:26:38.0;
21;5481.2;2019-04-11 17:26:42.0;
21;5481.8;2019-04-11 17:26:45.0;
21;5482.2;2019-04-11 17:27:00.0;
21;5482;2019-04-11 17:27:04.0;
21;5481.8;2019-04-11 17:27:09.0;
21;5481.5;2019-04-11 17:27:23.0;
21;5481.8;2019-04-11 17:27:24.0;
21;5481.5;2019-04-11 17:27:27.0;
21;5481.8;2019-04-11 17:27:28.0;
21;5481.5;2019-04-11 17:27:30.0;
21;5481.2;2019-04-11 17:27:34.0;
21;5481.8;2019-04-11 17:27:36.0;
21;5481.5;2019-04-11 17:28:14.0;
21;5481.2;2019-04-11 17:28:22.0;
21;5481.8;2019-04-11 17:28:35.0;
21;5482.8;2019-04-11 17:28:54.0;
21;5483.5;2019-04-11 17:29:04.0;
21;5483.8;2019-04-11 17:29:10.0;
21;5484.8;2019-04-11 17:29:25.0;
21;5484.5;2019-04-11 17:30:05.0;
21;5483.2;2019-04-11 17:30:11.0;
21;5482.8;2019-04-11 17:30:14.0;
21;5482.2;2019-04-11 17:30:17.0;
21;5482.8;2019-04-11 17:30:32.0;
21;5482.2;2019-04-11 17:30:33.0;
21;5481.5;2019-04-11 17:30:41.0;
21;5481.2;2019-04-11 17:30:46.0;
21;5480.8;2019-04-11 17:30:53.0;
21;5481;2019-04-11 17:31:02.0;
21;5481.2;2019-04-11 17:31:14.0;
21;5481;2019-04-11 17:31:18.0;
21;5481.2;2019-04-11 17:31:19.0;
21;5481.5;2019-04-11 17:31:20.0;
21;5481;2019-04-11 17:31:22.0;
21;5481.8;2019-04-11 17:31:23.0;
21;5481.2;2019-04-11 17:31:38.0;
21;5481;2019-04-11 17:31:44.0;
21;5481.2;2019-04-11 17:31:49.0;
21;5481.5;2019-04-11 17:32:09.0;
21;5481.2;2019-04-11 17:32:16.0;
21;5481.8;2019-04-11 17:32:28.0;
21;5481;2019-04-11 17:32:30.0;
21;5480.8;2019-04-11 17:32:33.0;
21;5480.2;2019-04-11 17:32:35.0;
21;5480.8;2019-04-11 17:32:37.0;
21;5480.2;2019-04-11 17:32:38.0;
21;5480;2019-04-11 17:32:42.0;
21;5479;2019-04-11 17:32:47.0;
21;5478.5;2019-04-11 17:32:53.0;
21;5478;2019-04-11 17:32:58.0;
21;5478.2;2019-04-11 17:33:03.0;
21;5478;2019-04-11 17:33:09.0;
21;5478.2;2019-04-11 17:33:15.0;
21;5478.8;2019-04-11 17:33:21.0;
21;5478.5;2019-04-11 17:33:23.0;
21;5478.8;2019-04-11 17:33:32.0;
21;5478.2;2019-04-11 17:33:37.0;
21;5478.5;2019-04-11 17:33:44.0;
21;5478.8;2019-04-11 17:34:05.0;
21;5478.5;2019-04-11 17:34:10.0;
21;5478.2;2019-04-11 17:34:16.0;
21;5478;2019-04-11 17:34:26.0;
21;5478.8;2019-04-11 17:34:31.0;
21;5478.2;2019-04-11 17:34:37.0;
21;5478.8;2019-04-11 17:34:47.0;
21;5478.2;2019-04-11 17:34:52.0;
21;5479.2;2019-04-11 17:34:56.0;
21;5479;2019-04-11 17:35:08.0;
21;5479.2;2019-04-11 17:35:10.0;
21;5479;2019-04-11 17:35:16.0;
21;5478.5;2019-04-11 17:35:21.0;
21;5479;2019-04-11 17:35:22.0;
21;5478.5;2019-04-11 17:35:24.0;
21;5478.8;2019-04-11 17:35:27.0;
21;5479.2;2019-04-11 17:35:43.0;
21;5479.5;2019-04-11 17:35:47.0;
21;5478.8;2019-04-11 17:35:53.0;
21;5479.8;2019-04-11 17:36:08.0;
21;5480.2;2019-04-11 17:36:12.0;
21;5479.8;2019-04-11 17:36:15.0;
21;5480.2;2019-04-11 17:36:32.0;
21;5479.8;2019-04-11 17:36:38.0;
21;5479.5;2019-04-11 17:36:47.0;
21;5479.2;2019-04-11 17:36:53.0;
21;5479.5;2019-04-11 17:36:54.0;
21;5479.2;2019-04-11 17:36:56.0;
21;5479.8;2019-04-11 17:37:00.0;
21;5479.2;2019-04-11 17:37:01.0;
21;5480;2019-04-11 17:37:03.0;
21;5479.8;2019-04-11 17:37:09.0;
21;5480;2019-04-11 17:37:17.0;
21;5480.2;2019-04-11 17:37:20.0;
21;5479.8;2019-04-11 17:37:38.0;
21;5480.2;2019-04-11 17:37:42.0;
21;5479.8;2019-04-11 17:37:43.0;
21;5480.2;2019-04-11 17:37:48.0;
21;5480.8;2019-04-11 17:38:04.0;
21;5480.2;2019-04-11 17:38:06.0;
21;5480.8;2019-04-11 17:38:07.0;
21;5481;2019-04-11 17:38:08.0;
21;5480.5;2019-04-11 17:38:13.0;
21;5480.2;2019-04-11 17:38:17.0;
21;5479.8;2019-04-11 17:38:23.0;
21;5479.2;2019-04-11 17:38:26.0;
21;5479;2019-04-11 17:38:37.0;
21;5478.8;2019-04-11 17:38:42.0;
21;5479;2019-04-11 17:38:45.0;
21;5479.2;2019-04-11 17:39:09.0;
21;5479;2019-04-11 17:39:16.0;
21;5478.8;2019-04-11 17:39:20.0;
21;5479;2019-04-11 17:39:22.0;
21;5478.2;2019-04-11 17:39:29.0;
21;5479;2019-04-11 17:39:30.0;
21;5478.2;2019-04-11 17:39:31.0;
21;5477.8;2019-04-11 17:39:48.0;
21;5478.2;2019-04-11 17:39:50.0;
21;5477.8;2019-04-11 17:39:51.0;
21;5474.5;2019-04-11 17:40:06.0;
21;5473.8;2019-04-11 17:40:11.0;
21;5474.2;2019-04-11 17:40:16.0;
21;5475.2;2019-04-11 17:40:23.0;
21;5475.5;2019-04-11 17:40:24.0;
21;5475;2019-04-11 17:40:26.0;
21;5475.5;2019-04-11 17:40:27.0;
21;5475;2019-04-11 17:40:29.0;
21;5474.2;2019-04-11 17:40:33.0;
21;5473.8;2019-04-11 17:40:37.0;
21;5473.2;2019-04-11 17:40:47.0;
21;5473.5;2019-04-11 17:40:58.0;
21;5471.2;2019-04-11 17:41:03.0;
21;5472.2;2019-04-11 17:41:08.0;
21;5471.5;2019-04-11 17:41:11.0;
21;5471.2;2019-04-11 17:41:18.0;
21;5472.2;2019-04-11 17:41:29.0;
21;5473;2019-04-11 17:41:41.0;
21;5472.2;2019-04-11 17:41:42.0;
21;5473;2019-04-11 17:41:44.0;
21;5472.8;2019-04-11 17:41:50.0;
21;5473.5;2019-04-11 17:42:05.0;
21;5473.8;2019-04-11 17:42:09.0;
21;5472.8;2019-04-11 17:42:19.0;
21;5473.2;2019-04-11 17:42:21.0;
21;5472.8;2019-04-11 17:42:22.0;
21;5472.2;2019-04-11 17:42:24.0;
21;5472.5;2019-04-11 17:42:30.0;
21;5472.8;2019-04-11 17:42:33.0;
21;5472.5;2019-04-11 17:42:41.0;
21;5472.8;2019-04-11 17:42:42.0;
21;5472.2;2019-04-11 17:42:44.0;
21;5472.8;2019-04-11 17:42:46.0;
21;5472.2;2019-04-11 17:42:47.0;
21;5472.5;2019-04-11 17:43:01.0;
21;5472.2;2019-04-11 17:43:08.0;
21;5472.5;2019-04-11 17:43:11.0;
21;5471.8;2019-04-11 17:43:13.0;
21;5472.8;2019-04-11 17:43:17.0;
21;5472.2;2019-04-11 17:43:23.0;
21;5472.8;2019-04-11 17:43:24.0;
21;5472.5;2019-04-11 17:43:27.0;
21;5472.8;2019-04-11 17:43:33.0;
21;5472.5;2019-04-11 17:43:37.0;
21;5472.2;2019-04-11 17:43:43.0;
21;5472.8;2019-04-11 17:43:47.0;
21;5473.2;2019-04-11 17:44:07.0;
21;5473.5;2019-04-11 17:44:13.0;
21;5473;2019-04-11 17:44:18.0;
21;5472.8;2019-04-11 17:44:22.0;
21;5473.8;2019-04-11 17:44:38.0;
21;5474.8;2019-04-11 17:44:43.0;
21;5473.8;2019-04-11 17:44:45.0;
21;5474.8;2019-04-11 17:44:48.0;
21;5475.2;2019-04-11 17:44:55.0;
21;5474.8;2019-04-11 17:45:01.0;
21;5474.2;2019-04-11 17:45:05.0;
21;5474.8;2019-04-11 17:45:08.0;
21;5475;2019-04-11 17:45:12.0;
21;5474.5;2019-04-11 17:45:18.0;
21;5474.8;2019-04-11 17:45:23.0;
21;5475.8;2019-04-11 17:45:44.0;
21;5476.2;2019-04-11 17:45:49.0;
21;5476;2019-04-11 17:46:05.0;
21;5475.8;2019-04-11 17:46:09.0;
21;5475.5;2019-04-11 17:46:14.0;
21;5475.2;2019-04-11 17:46:25.0;
21;5475;2019-04-11 17:46:34.0;
21;5474.8;2019-04-11 17:46:40.0;
21;5475.2;2019-04-11 17:46:50.0;
21;5475;2019-04-11 17:46:54.0;
21;5474.8;2019-04-11 17:47:00.0;
21;5474.2;2019-04-11 17:47:19.0;
21;5474.5;2019-04-11 17:47:30.0;
21;5474.8;2019-04-11 17:47:35.0;
21;5474.2;2019-04-11 17:47:40.0;
21;5474.8;2019-04-11 17:48:09.0;
21;5475;2019-04-11 17:48:20.0;
21;5475.2;2019-04-11 17:48:26.0;
21;5475;2019-04-11 17:48:32.0;
21;5475.2;2019-04-11 17:48:39.0;
21;5475.5;2019-04-11 17:48:49.0;
21;5475.8;2019-04-11 17:48:51.0;
21;5475.5;2019-04-11 17:49:01.0;
21;5475.8;2019-04-11 17:49:03.0;
21;5475.5;2019-04-11 17:49:04.0;
21;5475.2;2019-04-11 17:49:05.0;
21;5474.8;2019-04-11 17:49:16.0;
21;5475.2;2019-04-11 17:49:37.0;
21;5475;2019-04-11 17:49:42.0;
21;5475.2;2019-04-11 17:49:47.0;
21;5475;2019-04-11 17:49:49.0;
21;5475.2;2019-04-11 17:49:50.0;
21;5475;2019-04-11 17:50:05.0;
21;5475.2;2019-04-11 17:50:09.0;
21;5475.5;2019-04-11 17:50:19.0;
21;5475.2;2019-04-11 17:50:20.0;
21;5475.5;2019-04-11 17:50:22.0;
21;5475.8;2019-04-11 17:50:26.0;
21;5476.2;2019-04-11 17:50:55.0;
21;5475.8;2019-04-11 17:51:32.0;
21;5476.2;2019-04-11 17:51:35.0;
21;5475.8;2019-04-11 17:51:37.0;
21;5475.5;2019-04-11 17:51:46.0;
21;5474.5;2019-04-11 17:52:05.0;
21;5474.8;2019-04-11 17:52:09.0;
21;5475;2019-04-11 17:52:14.0;
21;5475.5;2019-04-11 17:52:22.0;
21;5475.8;2019-04-11 17:52:26.0;
21;5474.5;2019-04-11 17:52:35.0;
21;5475.5;2019-04-11 17:52:39.0;
21;5476;2019-04-11 17:52:43.0;
21;5475.8;2019-04-11 17:52:46.0;
21;5476;2019-04-11 17:52:47.0;
21;5475.8;2019-04-11 17:53:05.0;
21;5476;2019-04-11 17:53:07.0;
21;5475.8;2019-04-11 17:53:08.0;
21;5475.5;2019-04-11 17:53:14.0;
21;5475.8;2019-04-11 17:53:18.0;
21;5475.2;2019-04-11 17:53:22.0;
21;5474.2;2019-04-11 17:53:24.0;
21;5473.8;2019-04-11 17:53:32.0;
21;5474.2;2019-04-11 17:53:33.0;
21;5473.8;2019-04-11 17:53:34.0;
21;5474.2;2019-04-11 17:54:17.0;
21;5473.8;2019-04-11 17:54:18.0;
21;5474.2;2019-04-11 17:54:19.0;
21;5475;2019-04-11 17:54:26.0;
21;5474.2;2019-04-11 17:54:28.0;
21;5475;2019-04-11 17:54:29.0;
21;5474.8;2019-04-11 17:54:33.0;
21;5475;2019-04-11 17:54:42.0;
21;5475.2;2019-04-11 17:54:45.0;
21;5475.5;2019-04-11 17:54:50.0;
21;5475.8;2019-04-11 17:54:51.0;
21;5475.5;2019-04-11 17:54:53.0;
21;5475.8;2019-04-11 17:54:54.0;
21;5475.5;2019-04-11 17:55:01.0;
21;5475;2019-04-11 17:55:06.0;
21;5474.2;2019-04-11 17:55:07.0;
21;5474.5;2019-04-11 17:55:22.0;
21;5474.8;2019-04-11 17:55:26.0;
21;5474.5;2019-04-11 17:55:28.0;
21;5474.8;2019-04-11 17:55:29.0;
21;5475;2019-04-11 17:55:35.0;
21;5475.2;2019-04-11 17:55:40.0;
21;5476;2019-04-11 17:56:07.0;
21;5475.8;2019-04-11 17:56:11.0;
21;5475.5;2019-04-11 17:56:42.0;
21;5475.2;2019-04-11 17:56:51.0;
21;5475.5;2019-04-11 17:56:57.0;
21;5475.2;2019-04-11 17:57:03.0;
21;5475.5;2019-04-11 17:57:17.0;
21;5475.2;2019-04-11 17:57:24.0;
21;5475;2019-04-11 17:57:37.0;
21;5475.5;2019-04-11 17:57:43.0;
21;5475.2;2019-04-11 17:58:08.0;
21;5475.5;2019-04-11 17:58:37.0;
21;5475.2;2019-04-11 17:58:43.0;
21;5475.5;2019-04-11 17:58:54.0;
21;5475.8;2019-04-11 17:58:58.0;
21;5476.2;2019-04-11 18:00:14.0;
21;5475.8;2019-04-11 18:00:19.0;
21;5476;2019-04-11 18:01:40.0;
21;5476.2;2019-04-11 18:01:45.0;
21;5476.8;2019-04-11 18:04:10.0;
21;5477.2;2019-04-11 18:04:14.0;
21;5476.8;2019-04-11 18:04:16.0;
21;5477.2;2019-04-11 18:04:17.0;
21;5476.8;2019-04-11 18:04:18.0;
21;5477.2;2019-04-11 18:04:21.0;
21;5477;2019-04-11 18:04:45.0;
21;5477.2;2019-04-11 18:04:50.0;
21;5477.5;2019-04-11 18:05:04.0;
21;5477.2;2019-04-11 18:05:06.0;
21;5477.5;2019-04-11 18:05:07.0;
21;5477;2019-04-11 18:05:15.0;
21;5477.2;2019-04-11 18:05:23.0;
21;5477.8;2019-04-11 18:06:12.0;
21;5478.2;2019-04-11 18:06:27.0;
21;5478.8;2019-04-11 18:06:54.0;
21;5478.5;2019-04-11 18:06:57.0;
21;5478.8;2019-04-11 18:06:59.0;
21;5479.2;2019-04-11 18:07:03.0;
21;5479.8;2019-04-11 18:07:13.0;
21;5479.2;2019-04-11 18:07:15.0;
21;5479.8;2019-04-11 18:07:16.0;
21;5479.2;2019-04-11 18:07:43.0;
21;5479.8;2019-04-11 18:07:44.0;
21;5479.2;2019-04-11 18:07:46.0;
21;5478.8;2019-04-11 18:08:05.0;
21;5479.2;2019-04-11 18:08:07.0;
21;5478.8;2019-04-11 18:08:08.0;
21;5478.2;2019-04-11 18:08:10.0;
21;5478.8;2019-04-11 18:08:13.0;
21;5479;2019-04-11 18:08:23.0;
21;5478.8;2019-04-11 18:08:28.0;
21;5478.2;2019-04-11 18:08:38.0;
21;5478.8;2019-04-11 18:08:45.0;
21;5478.2;2019-04-11 18:08:47.0;
21;5479;2019-04-11 18:08:48.0;
21;5478.8;2019-04-11 18:08:52.0;
21;5478.2;2019-04-11 18:08:57.0;
21;5478.5;2019-04-11 18:09:19.0;
21;5479.2;2019-04-11 18:09:33.0;
21;5479;2019-04-11 18:09:44.0;
21;5478.8;2019-04-11 18:09:50.0;
21;5479.2;2019-04-11 18:10:04.0;
21;5479.8;2019-04-11 18:10:10.0;
21;5479.5;2019-04-11 18:10:44.0;
21;5479.8;2019-04-11 18:10:50.0;
21;5479.5;2019-04-11 18:10:53.0;
21;5479.2;2019-04-11 18:11:08.0;
21;5479.5;2019-04-11 18:11:09.0;
21;5479.2;2019-04-11 18:11:11.0;
21;5478.8;2019-04-11 18:11:13.0;
21;5479;2019-04-11 18:11:15.0;
21;5478.8;2019-04-11 18:11:16.0;
21;5479;2019-04-11 18:11:18.0;
21;5479.2;2019-04-11 18:11:29.0;
21;5479;2019-04-11 18:11:49.0;
21;5478.8;2019-04-11 18:12:24.0;
21;5479;2019-04-11 18:12:29.0;
21;5478.8;2019-04-11 18:12:44.0;
21;5479;2019-04-11 18:12:48.0;
21;5478.8;2019-04-11 18:12:51.0;
21;5479;2019-04-11 18:13:00.0;
21;5478.8;2019-04-11 18:13:15.0;
21;5479;2019-04-11 18:13:20.0;
21;5478.5;2019-04-11 18:13:24.0;
21;5477.8;2019-04-11 18:13:30.0;
21;5477.5;2019-04-11 18:13:40.0;
21;5477.8;2019-04-11 18:13:47.0;
21;5477.5;2019-04-11 18:14:06.0;
21;5477.2;2019-04-11 18:14:16.0;
21;5477.5;2019-04-11 18:14:22.0;
21;5477.8;2019-04-11 18:14:25.0;
21;5477.5;2019-04-11 18:14:31.0;
21;5477.2;2019-04-11 18:14:33.0;
21;5477.8;2019-04-11 18:14:54.0;
21;5478;2019-04-11 18:14:57.0;
21;5478.2;2019-04-11 18:15:06.0;
21;5477.8;2019-04-11 18:15:13.0;
21;5477.2;2019-04-11 18:16:07.0;
21;5476.8;2019-04-11 18:16:39.0;
21;5477.2;2019-04-11 18:16:52.0;
21;5477;2019-04-11 18:17:06.0;
21;5477.2;2019-04-11 18:17:08.0;
21;5477;2019-04-11 18:17:23.0;
21;5477.5;2019-04-11 18:17:33.0;
21;5477.2;2019-04-11 18:17:38.0;
21;5477.8;2019-04-11 18:18:08.0;
21;5477.5;2019-04-11 18:18:18.0;
21;5477.8;2019-04-11 18:18:23.0;
21;5477.5;2019-04-11 18:18:25.0;
21;5477.8;2019-04-11 18:18:28.0;
21;5477.2;2019-04-11 18:18:51.0;
21;5477.8;2019-04-11 18:18:52.0;
21;5477.2;2019-04-11 18:18:54.0;
21;5477.5;2019-04-11 18:18:56.0;
21;5477.2;2019-04-11 18:18:58.0;
21;5477.5;2019-04-11 18:18:59.0;
21;5477.8;2019-04-11 18:19:01.0;
21;5477.2;2019-04-11 18:19:31.0;
21;5477.5;2019-04-11 18:19:33.0;
21;5477.2;2019-04-11 18:19:34.0;
21;5477;2019-04-11 18:19:45.0;
21;5477.2;2019-04-11 18:19:48.0;
21;5477;2019-04-11 18:20:19.0;
21;5477.2;2019-04-11 18:20:26.0;
21;5477.8;2019-04-11 18:20:45.0;
21;5477.2;2019-04-11 18:20:48.0;
21;5476.8;2019-04-11 18:21:03.0;
21;5476.2;2019-04-11 18:21:08.0;
21;5476.8;2019-04-11 18:21:15.0;
21;5476.2;2019-04-11 18:21:24.0;
21;5475.8;2019-04-11 18:21:28.0;
21;5476.8;2019-04-11 18:22:19.0;
21;5477;2019-04-11 18:23:16.0;
21;5477.2;2019-04-11 18:23:21.0;
21;5477.8;2019-04-11 18:24:06.0;
21;5477.2;2019-04-11 18:24:10.0;
21;5477.8;2019-04-11 18:24:13.0;
21;5477.2;2019-04-11 18:24:42.0;
21;5476.8;2019-04-11 18:25:12.0;
21;5477.2;2019-04-11 18:25:13.0;
21;5476.8;2019-04-11 18:25:15.0;
21;5476;2019-04-11 18:26:06.0;
21;5475.8;2019-04-11 18:26:14.0;
21;5476;2019-04-11 18:26:19.0;
21;5475.8;2019-04-11 18:26:25.0;
21;5476;2019-04-11 18:26:26.0;
21;5475.8;2019-04-11 18:26:28.0;
21;5475.5;2019-04-11 18:26:36.0;
21;5475.8;2019-04-11 18:26:38.0;
21;5475.5;2019-04-11 18:26:39.0;
21;5475.8;2019-04-11 18:26:51.0;
21;5475.5;2019-04-11 18:27:06.0;
21;5475.8;2019-04-11 18:27:26.0;
21;5475.5;2019-04-11 18:27:50.0;
21;5475.8;2019-04-11 18:28:05.0;
21;5475.5;2019-04-11 18:28:12.0;
21;5475.8;2019-04-11 18:28:16.0;
21;5475.5;2019-04-11 18:28:21.0;
21;5475.2;2019-04-11 18:28:26.0;
21;5474.8;2019-04-11 18:28:31.0;
21;5474.2;2019-04-11 18:29:11.0;
21;5474.8;2019-04-11 18:29:24.0;
21;5474.2;2019-04-11 18:29:27.0;
21;5474.8;2019-04-11 18:29:28.0;
21;5474.2;2019-04-11 18:29:29.0;
21;5474.8;2019-04-11 18:29:34.0;
21;5474.5;2019-04-11 18:30:23.0;
21;5474.2;2019-04-11 18:30:27.0;
21;5474.5;2019-04-11 18:30:34.0;
21;5474.8;2019-04-11 18:30:37.0;
21;5474.2;2019-04-11 18:30:47.0;
21;5474.8;2019-04-11 18:30:49.0;
21;5474.2;2019-04-11 18:30:50.0;
21;5474.8;2019-04-11 18:30:58.0;
21;5474.5;2019-04-11 18:31:01.0;
21;5474.2;2019-04-11 18:31:06.0;
21;5474.5;2019-04-11 18:31:12.0;
21;5474.8;2019-04-11 18:31:26.0;
21;5475.2;2019-04-11 18:31:37.0;
21;5475.5;2019-04-11 18:32:05.0;
21;5475.8;2019-04-11 18:32:23.0;
21;5475.5;2019-04-11 18:32:39.0;
21;5475.8;2019-04-11 18:32:48.0;
21;5475.2;2019-04-11 18:33:38.0;
21;5475.8;2019-04-11 18:34:05.0;
21;5474.8;2019-04-11 18:34:28.0;
21;5475.2;2019-04-11 18:40:07.0;
21;5475.8;2019-04-11 18:40:21.0;
21;5475.2;2019-04-11 18:40:23.0;
21;5475.8;2019-04-11 18:40:24.0;
21;5475.2;2019-04-11 18:40:31.0;
21;5475.5;2019-04-11 18:40:41.0;
21;5475;2019-04-11 18:40:54.0;
21;5474.8;2019-04-11 18:40:59.0;
21;5475;2019-04-11 18:41:00.0;
21;5474.8;2019-04-11 18:41:02.0;
21;5475;2019-04-11 18:41:06.0;
21;5474.8;2019-04-11 18:41:09.0;
21;5474.2;2019-04-11 18:41:24.0;
21;5474.8;2019-04-11 18:41:25.0;
21;5473.8;2019-04-11 18:41:28.0;
21;5474.5;2019-04-11 18:41:31.0;
21;5473.8;2019-04-11 18:41:32.0;
21;5474.5;2019-04-11 18:41:33.0;
21;5474;2019-04-11 18:41:39.0;
21;5473.8;2019-04-11 18:41:46.0;
21;5473.2;2019-04-11 18:41:47.0;
21;5473.5;2019-04-11 18:42:08.0;
21;5473.8;2019-04-11 18:42:14.0;
21;5474.2;2019-04-11 18:42:27.0;
21;5474;2019-04-11 18:42:44.0;
21;5473.8;2019-04-11 18:42:50.0;
21;5473.5;2019-04-11 18:43:15.0;
21;5473.8;2019-04-11 18:43:30.0;
21;5473.5;2019-04-11 18:43:46.0;
21;5473.8;2019-04-11 18:44:06.0;
21;5474;2019-04-11 18:44:20.0;
21;5474.5;2019-04-11 18:44:28.0;
21;5474.8;2019-04-11 18:44:35.0;
21;5474.2;2019-04-11 18:45:11.0;
21;5474.5;2019-04-11 18:45:16.0;
21;5475;2019-04-11 18:45:21.0;
21;5474.8;2019-04-11 18:45:31.0;
21;5475;2019-04-11 18:45:41.0;
21;5474.8;2019-04-11 18:45:44.0;
21;5475;2019-04-11 18:45:46.0;
21;5474.8;2019-04-11 18:45:47.0;
21;5472.2;2019-04-11 18:46:04.0;
21;5472.8;2019-04-11 18:46:40.0;
21;5472.2;2019-04-11 18:47:06.0;
21;5472.8;2019-04-11 18:47:49.0;
21;5472.2;2019-04-11 18:48:08.0;
21;5472.8;2019-04-11 18:48:14.0;
21;5472.2;2019-04-11 18:48:16.0;
21;5472.8;2019-04-11 18:48:17.0;
21;5472.5;2019-04-11 18:49:19.0;
21;5472.8;2019-04-11 18:49:25.0;
21;5472;2019-04-11 18:49:37.0;
21;5472.2;2019-04-11 18:49:42.0;
21;5471.8;2019-04-11 18:50:28.0;
21;5472.2;2019-04-11 18:50:42.0;
21;5472.8;2019-04-11 18:50:52.0;
21;5472.2;2019-04-11 18:50:54.0;
21;5472.8;2019-04-11 18:50:56.0;
21;5473;2019-04-11 18:51:09.0;
21;5472.8;2019-04-11 18:51:12.0;
21;5473;2019-04-11 18:51:32.0;
21;5473.2;2019-04-11 18:51:42.0;
21;5472.8;2019-04-11 18:51:52.0;
21;5472.5;2019-04-11 18:52:06.0;
21;5472.2;2019-04-11 18:52:08.0;
21;5472.5;2019-04-11 18:52:21.0;
21;5472.8;2019-04-11 18:52:28.0;
21;5473.2;2019-04-11 18:52:33.0;
21;5473.8;2019-04-11 18:52:58.0;
21;5474.2;2019-04-11 18:53:11.0;
21;5473.8;2019-04-11 18:53:12.0;
21;5474.2;2019-04-11 18:53:14.0;
21;5473.8;2019-04-11 18:53:37.0;
21;5474.8;2019-04-11 18:53:41.0;
21;5474;2019-04-11 18:53:44.0;
21;5474.2;2019-04-11 18:53:48.0;
21;5474.8;2019-04-11 18:54:06.0;
21;5475.2;2019-04-11 18:54:11.0;
21;5474.8;2019-04-11 18:54:13.0;
21;5475.2;2019-04-11 18:54:14.0;
21;5475.5;2019-04-11 18:54:37.0;
21;5475.2;2019-04-11 18:54:44.0;
21;5475;2019-04-11 18:55:02.0;
21;5475.2;2019-04-11 18:55:05.0;
21;5475;2019-04-11 18:55:06.0;
21;5474.8;2019-04-11 18:55:12.0;
21;5475;2019-04-11 18:55:16.0;
21;5474.8;2019-04-11 18:55:21.0;
21;5474.2;2019-04-11 18:55:31.0;
21;5474;2019-04-11 18:56:11.0;
21;5473.8;2019-04-11 18:56:19.0;
21;5474;2019-04-11 18:56:21.0;
21;5473.8;2019-04-11 18:56:25.0;
21;5474;2019-04-11 18:56:31.0;
21;5473.8;2019-04-11 18:56:32.0;
21;5474;2019-04-11 18:56:56.0;
21;5474.2;2019-04-11 18:56:57.0;
21;5474.5;2019-04-11 18:57:00.0;
21;5475;2019-04-11 18:57:10.0;
21;5475.2;2019-04-11 18:57:16.0;
21;5474.2;2019-04-11 18:58:06.0;
21;5474.8;2019-04-11 18:58:37.0;
21;5474.5;2019-04-11 18:58:46.0;
21;5474.8;2019-04-11 18:58:53.0;
21;5475.2;2019-04-11 18:59:01.0;
21;5474.8;2019-04-11 18:59:07.0;
21;5475;2019-04-11 18:59:09.0;
21;5474.8;2019-04-11 18:59:13.0;
21;5475.8;2019-04-11 18:59:18.0;
21;5476.2;2019-04-11 18:59:24.0;
21;5475.8;2019-04-11 18:59:26.0;
21;5476.2;2019-04-11 18:59:27.0;
21;5475.8;2019-04-11 18:59:29.0;
21;5476;2019-04-11 19:00:24.0;
21;5475.8;2019-04-11 19:00:26.0;
21;5476;2019-04-11 19:00:27.0;
21;5475.2;2019-04-11 19:00:43.0;
21;5475;2019-04-11 19:00:44.0;
21;5475.2;2019-04-11 19:00:45.0;
21;5475;2019-04-11 19:00:47.0;
21;5475.2;2019-04-11 19:00:48.0;
21;5475.8;2019-04-11 19:01:04.0;
21;5475.2;2019-04-11 19:01:05.0;
21;5475.8;2019-04-11 19:01:07.0;
21;5476.2;2019-04-11 19:01:17.0;
21;5476;2019-04-11 19:01:26.0;
21;5476.2;2019-04-11 19:01:32.0;
21;5476.5;2019-04-11 19:02:12.0;
21;5476.2;2019-04-11 19:02:19.0;
21;5476.5;2019-04-11 19:02:23.0;
21;5476.8;2019-04-11 19:02:33.0;
21;5476.5;2019-04-11 19:02:59.0;
21;5476.8;2019-04-11 19:03:17.0;
21;5476.5;2019-04-11 19:04:06.0;
21;5476.2;2019-04-11 19:04:10.0;
21;5476.5;2019-04-11 19:04:16.0;
21;5476.2;2019-04-11 19:04:27.0;
21;5476.5;2019-04-11 19:04:28.0;
21;5476.2;2019-04-11 19:04:30.0;
21;5476;2019-04-11 19:04:33.0;
21;5476.5;2019-04-11 19:05:08.0;
21;5476;2019-04-11 19:05:09.0;
21;5476.5;2019-04-11 19:05:11.0;
21;5476.8;2019-04-11 19:05:18.0;
21;5476.5;2019-04-11 19:05:28.0;
21;5476.8;2019-04-11 19:05:47.0;
21;5476.5;2019-04-11 19:06:20.0;
21;5476.2;2019-04-11 19:06:24.0;
21;5476.8;2019-04-11 19:06:39.0;
21;5476.2;2019-04-11 19:07:20.0;
21;5476;2019-04-11 19:07:46.0;
21;5475.8;2019-04-11 19:08:10.0;
21;5476;2019-04-11 19:08:23.0;
21;5475.8;2019-04-11 19:08:28.0;
21;5476.2;2019-04-11 19:08:34.0;
21;5476.5;2019-04-11 19:08:48.0;
21;5476;2019-04-11 19:09:09.0;
21;5476.2;2019-04-11 19:09:16.0;
21;5476.5;2019-04-11 19:09:31.0;
21;5476.8;2019-04-11 19:10:04.0;
21;5476.5;2019-04-11 19:10:17.0;
21;5476.8;2019-04-11 19:10:34.0;
21;5477;2019-04-11 19:12:49.0;
21;5476.8;2019-04-11 19:12:56.0;
21;5477;2019-04-11 19:13:06.0;
21;5476.8;2019-04-11 19:14:05.0;
21;5477;2019-04-11 19:14:22.0;
21;5476.8;2019-04-11 19:14:27.0;
21;5477;2019-04-11 19:14:28.0;
21;5476.8;2019-04-11 19:14:29.0;
21;5477;2019-04-11 19:14:31.0;
21;5476.8;2019-04-11 19:14:32.0;
21;5477;2019-04-11 19:14:34.0;
21;5476.8;2019-04-11 19:14:41.0;
21;5476.5;2019-04-11 19:14:48.0;
21;5476.2;2019-04-11 19:14:51.0;
21;5476.5;2019-04-11 19:14:55.0;
21;5476.2;2019-04-11 19:15:16.0;
21;5476;2019-04-11 19:15:29.0;
21;5476.2;2019-04-11 19:15:33.0;
21;5476.5;2019-04-11 19:15:40.0;
21;5476.2;2019-04-11 19:15:45.0;
21;5476;2019-04-11 19:16:04.0;
21;5476.2;2019-04-11 19:16:15.0;
21;5475.8;2019-04-11 19:16:30.0;
21;5476;2019-04-11 19:17:21.0;
21;5475.8;2019-04-11 19:18:44.0;
21;5476;2019-04-11 19:18:49.0;
21;5475.8;2019-04-11 19:19:25.0;
21;5476;2019-04-11 19:20:10.0;
21;5475.8;2019-04-11 19:20:27.0;
21;5475.2;2019-04-11 19:20:35.0;
21;5475.5;2019-04-11 19:20:55.0;
21;5475.2;2019-04-11 19:21:01.0;
21;5475.8;2019-04-11 19:22:37.0;
21;5476;2019-04-11 19:22:49.0;
21;5476.2;2019-04-11 19:22:57.0;
21;5476.5;2019-04-11 19:23:09.0;
21;5476.8;2019-04-11 19:23:13.0;
21;5476.2;2019-04-11 19:23:21.0;
21;5476;2019-04-11 19:24:04.0;
21;5476.2;2019-04-11 19:24:09.0;
21;5476;2019-04-11 19:24:24.0;
21;5476.2;2019-04-11 19:24:37.0;
21;5475.8;2019-04-11 19:24:48.0;
21;5476;2019-04-11 19:24:58.0;
21;5475.8;2019-04-11 19:25:00.0;
21;5476;2019-04-11 19:25:01.0;
21;5475.8;2019-04-11 19:25:03.0;
21;5476;2019-04-11 19:26:40.0;
21;5476.2;2019-04-11 19:26:54.0;
21;5476.8;2019-04-11 19:28:08.0;
21;5477;2019-04-11 19:28:15.0;
21;5476.8;2019-04-11 19:28:17.0;
21;5477;2019-04-11 19:28:18.0;
21;5476.2;2019-04-11 19:28:19.0;
21;5476.8;2019-04-11 19:28:21.0;
21;5476.2;2019-04-11 19:28:22.0;
21;5476.8;2019-04-11 19:28:27.0;
21;5477;2019-04-11 19:28:33.0;
21;5476.8;2019-04-11 19:28:42.0;
21;5477;2019-04-11 19:28:45.0;
21;5476.8;2019-04-11 19:28:47.0;
21;5477;2019-04-11 19:29:08.0;
21;5476.8;2019-04-11 19:29:41.0;
21;5476.2;2019-04-11 19:30:04.0;
21;5476;2019-04-11 19:30:16.0;
21;5475.8;2019-04-11 19:30:22.0;
21;5476;2019-04-11 19:30:24.0;
21;5475.8;2019-04-11 19:30:26.0;
21;5476;2019-04-11 19:30:28.0;
21;5475.8;2019-04-11 19:30:36.0;
21;5475.5;2019-04-11 19:30:44.0;
21;5475.2;2019-04-11 19:31:04.0;
21;5475.5;2019-04-11 19:31:08.0;
21;5475.8;2019-04-11 19:31:25.0;
21;5475.5;2019-04-11 19:31:30.0;
21;5475.2;2019-04-11 19:31:49.0;
21;5474.8;2019-04-11 19:32:05.0;
21;5474.5;2019-04-11 19:32:12.0;
21;5474.2;2019-04-11 19:32:30.0;
21;5474.5;2019-04-11 19:32:36.0;
21;5474.8;2019-04-11 19:32:45.0;
21;5475.2;2019-04-11 19:34:06.0;
21;5475.5;2019-04-11 19:34:08.0;
21;5475.2;2019-04-11 19:34:15.0;
21;5475.5;2019-04-11 19:34:23.0;
21;5475.2;2019-04-11 19:34:41.0;
21;5475.8;2019-04-11 19:35:15.0;
21;5475.5;2019-04-11 19:35:16.0;
21;5475.8;2019-04-11 19:35:22.0;
21;5475.5;2019-04-11 19:35:23.0;
21;5475.8;2019-04-11 19:35:24.0;
21;5475.2;2019-04-11 19:36:09.0;
21;5475;2019-04-11 19:37:38.0;
21;5475.2;2019-04-11 19:37:41.0;
21;5474.8;2019-04-11 19:38:07.0;
21;5474.5;2019-04-11 19:38:08.0;
21;5474.8;2019-04-11 19:38:09.0;
21;5474.2;2019-04-11 19:38:12.0;
21;5474;2019-04-11 19:38:54.0;
21;5474.2;2019-04-11 19:39:11.0;
21;5474;2019-04-11 19:39:12.0;
21;5474.2;2019-04-11 19:39:14.0;
21;5474;2019-04-11 19:39:29.0;
21;5474.2;2019-04-11 19:40:05.0;
21;5474;2019-04-11 19:40:10.0;
21;5474.5;2019-04-11 19:40:15.0;
21;5474.2;2019-04-11 19:40:23.0;
21;5474;2019-04-11 19:40:50.0;
21;5474.2;2019-04-11 19:40:52.0;
21;5474;2019-04-11 19:40:54.0;
21;5474.2;2019-04-11 19:40:57.0;
21;5473.5;2019-04-11 19:41:05.0;
21;5473.8;2019-04-11 19:41:31.0;
21;5473.2;2019-04-11 19:41:47.0;
21;5472.8;2019-04-11 19:42:07.0;
21;5473;2019-04-11 19:42:13.0;
21;5472.8;2019-04-11 19:42:14.0;
21;5473;2019-04-11 19:42:16.0;
21;5472.8;2019-04-11 19:42:17.0;
21;5472.5;2019-04-11 19:42:21.0;
21;5472.2;2019-04-11 19:43:00.0;
21;5472.5;2019-04-11 19:43:02.0;
21;5472.2;2019-04-11 19:43:04.0;
21;5472.5;2019-04-11 19:43:22.0;
21;5472.8;2019-04-11 19:43:24.0;
21;5472.5;2019-04-11 19:43:27.0;
21;5472.8;2019-04-11 19:43:28.0;
21;5472.5;2019-04-11 19:43:37.0;
21;5472.8;2019-04-11 19:44:27.0;
21;5473;2019-04-11 19:45:03.0;
21;5472.8;2019-04-11 19:45:09.0;
21;5473;2019-04-11 19:46:37.0;
21;5472.8;2019-04-11 19:46:40.0;
21;5473;2019-04-11 19:46:42.0;
21;5472.8;2019-04-11 19:46:43.0;
21;5473;2019-04-11 19:46:49.0;
21;5472.8;2019-04-11 19:46:56.0;
21;5473;2019-04-11 19:46:57.0;
21;5472.8;2019-04-11 19:46:59.0;
21;5473;2019-04-11 19:47:10.0;
21;5473.2;2019-04-11 19:47:48.0;
21;5473;2019-04-11 19:47:50.0;
21;5473.2;2019-04-11 19:47:51.0;
21;5473.8;2019-04-11 19:48:06.0;
21;5474;2019-04-11 19:48:16.0;
21;5474.2;2019-04-11 19:48:42.0;
21;5474;2019-04-11 19:48:46.0;
21;5473.8;2019-04-11 19:48:52.0;
21;5474;2019-04-11 19:48:55.0;
21;5473.8;2019-04-11 19:49:23.0;
21;5473.2;2019-04-11 19:49:43.0;
21;5473.8;2019-04-11 19:49:46.0;
21;5473.2;2019-04-11 19:49:47.0;
21;5473.8;2019-04-11 19:49:49.0;
21;5473.5;2019-04-11 19:50:07.0;
21;5474;2019-04-11 19:50:10.0;
21;5473.8;2019-04-11 19:50:15.0;
21;5473.5;2019-04-11 19:51:24.0;
21;5473.2;2019-04-11 19:51:27.0;
21;5473;2019-04-11 19:52:05.0;
21;5472.8;2019-04-11 19:52:12.0;
21;5472.2;2019-04-11 19:52:22.0;
21;5472.5;2019-04-11 19:52:24.0;
21;5472.2;2019-04-11 19:52:25.0;
21;5472.5;2019-04-11 19:52:27.0;
21;5472.8;2019-04-11 19:52:34.0;
21;5472.5;2019-04-11 19:52:43.0;
21;5472.8;2019-04-11 19:53:02.0;
21;5473.2;2019-04-11 19:53:03.0;
21;5472.8;2019-04-11 19:53:05.0;
21;5473.2;2019-04-11 19:53:06.0;
21;5473;2019-04-11 19:53:12.0;
21;5473.2;2019-04-11 19:53:13.0;
21;5473;2019-04-11 19:53:14.0;
21;5472.8;2019-04-11 19:53:17.0;
21;5473;2019-04-11 19:53:33.0;
21;5472.5;2019-04-11 19:54:04.0;
21;5473;2019-04-11 19:54:06.0;
21;5472.5;2019-04-11 19:54:07.0;
21;5472.2;2019-04-11 19:54:17.0;
21;5472.5;2019-04-11 19:54:18.0;
21;5472.2;2019-04-11 19:54:20.0;
21;5472.5;2019-04-11 19:54:21.0;
21;5472.2;2019-04-11 19:54:30.0;
21;5472;2019-04-11 19:55:12.0;
21;5471.8;2019-04-11 19:55:33.0;
21;5472;2019-04-11 19:56:08.0;
21;5472.2;2019-04-11 19:56:18.0;
21;5472.5;2019-04-11 19:56:56.0;
21;5472.8;2019-04-11 19:57:18.0;
21;5472.5;2019-04-11 19:57:19.0;
21;5472.8;2019-04-11 19:57:21.0;
21;5472.5;2019-04-11 19:57:24.0;
21;5472.8;2019-04-11 19:57:26.0;
21;5472.5;2019-04-11 19:57:27.0;
21;5472.2;2019-04-11 19:57:38.0;
21;5472;2019-04-11 19:58:17.0;
21;5471.8;2019-04-11 19:58:27.0;
21;5472;2019-04-11 19:58:28.0;
21;5471.8;2019-04-11 19:58:56.0;
21;5471.5;2019-04-11 19:59:14.0;
21;5470.8;2019-04-11 19:59:17.0;
21;5471.2;2019-04-11 19:59:20.0;
21;5471.5;2019-04-11 19:59:33.0;
21;5471.2;2019-04-11 19:59:38.0;
21;5471;2019-04-11 20:00:04.0;
21;5471.8;2019-04-11 20:00:12.0;
21;5472.2;2019-04-11 20:00:22.0;
21;5471.8;2019-04-11 20:00:27.0;
21;5472.2;2019-04-11 20:00:28.0;
21;5471.8;2019-04-11 20:00:30.0;
21;5471;2019-04-11 20:00:41.0;
21;5470.8;2019-04-11 20:00:44.0;
21;5471.2;2019-04-11 20:00:49.0;
21;5471.5;2019-04-11 20:00:54.0;
21;5471;2019-04-11 20:00:58.0;
21;5471.2;2019-04-11 20:01:17.0;
21;5471.5;2019-04-11 20:01:20.0;
21;5471.2;2019-04-11 20:01:37.0;
21;5471.8;2019-04-11 20:02:05.0;
21;5471.5;2019-04-11 20:02:09.0;
21;5472;2019-04-11 20:02:34.0;
21;5471.5;2019-04-11 20:02:35.0;
21;5472;2019-04-11 20:02:36.0;
21;5472.2;2019-04-11 20:02:46.0;
21;5472.5;2019-04-11 20:02:48.0;
21;5472.2;2019-04-11 20:02:51.0;
21;5472.5;2019-04-11 20:02:56.0;
21;5472.2;2019-04-11 20:03:02.0;
21;5472.5;2019-04-11 20:03:20.0;
21;5472.2;2019-04-11 20:03:27.0;
21;5472.5;2019-04-11 20:04:35.0;
21;5472.2;2019-04-11 20:04:41.0;
21;5472.8;2019-04-11 20:05:36.0;
21;5472.5;2019-04-11 20:05:42.0;
21;5472.2;2019-04-11 20:06:06.0;
21;5471.8;2019-04-11 20:06:16.0;
21;5472;2019-04-11 20:06:21.0;
21;5471.2;2019-04-11 20:06:26.0;
21;5471.8;2019-04-11 20:06:28.0;
21;5471.2;2019-04-11 20:06:46.0;
21;5470.8;2019-04-11 20:06:52.0;
21;5471.2;2019-04-11 20:07:02.0;
21;5471.5;2019-04-11 20:07:09.0;
21;5471.2;2019-04-11 20:07:13.0;
21;5471.8;2019-04-11 20:07:16.0;
21;5471.5;2019-04-11 20:07:20.0;
21;5471.2;2019-04-11 20:07:32.0;
21;5470.2;2019-04-11 20:08:04.0;
21;5469.8;2019-04-11 20:08:10.0;
21;5470.2;2019-04-11 20:08:15.0;
21;5470;2019-04-11 20:08:22.0;
21;5469.8;2019-04-11 20:08:30.0;
21;5470;2019-04-11 20:08:36.0;
21;5470.2;2019-04-11 20:08:37.0;
21;5470.5;2019-04-11 20:08:40.0;
21;5470.2;2019-04-11 20:08:47.0;
21;5470.5;2019-04-11 20:09:24.0;
21;5470.2;2019-04-11 20:09:26.0;
21;5470.5;2019-04-11 20:09:28.0;
21;5470.2;2019-04-11 20:09:35.0;
21;5470;2019-04-11 20:10:56.0;
21;5469.8;2019-04-11 20:11:00.0;
21;5470;2019-04-11 20:11:01.0;
21;5469.8;2019-04-11 20:11:03.0;
21;5470;2019-04-11 20:11:06.0;
21;5470.2;2019-04-11 20:11:22.0;
21;5470.5;2019-04-11 20:11:31.0;
21;5470.8;2019-04-11 20:12:18.0;
21;5470.5;2019-04-11 20:12:21.0;
21;5470.8;2019-04-11 20:12:23.0;
21;5471.8;2019-04-11 20:12:33.0;
21;5471.5;2019-04-11 20:13:08.0;
21;5471.8;2019-04-11 20:13:13.0;
21;5471.5;2019-04-11 20:13:18.0;
21;5471.8;2019-04-11 20:13:39.0;
21;5472;2019-04-11 20:14:04.0;
21;5471.8;2019-04-11 20:14:10.0;
21;5471.2;2019-04-11 20:14:36.0;
21;5471.8;2019-04-11 20:14:37.0;
21;5471.2;2019-04-11 20:14:39.0;
21;5470.8;2019-04-11 20:15:12.0;
21;5471.2;2019-04-11 20:15:21.0;
21;5471.8;2019-04-11 20:15:35.0;
21;5471.2;2019-04-11 20:16:38.0;
21;5471;2019-04-11 20:16:52.0;
21;5470.8;2019-04-11 20:17:08.0;
21;5470.5;2019-04-11 20:17:09.0;
21;5470.8;2019-04-11 20:17:11.0;
21;5470.5;2019-04-11 20:17:12.0;
21;5470.8;2019-04-11 20:17:22.0;
21;5471.2;2019-04-11 20:17:33.0;
21;5470.5;2019-04-11 20:17:39.0;
21;5470.8;2019-04-11 20:18:07.0;
21;5471.2;2019-04-11 20:18:23.0;
21;5471.8;2019-04-11 20:18:58.0;
21;5472;2019-04-11 20:19:00.0;
21;5471.8;2019-04-11 20:19:14.0;
21;5471.2;2019-04-11 20:20:09.0;
21;5471;2019-04-11 20:20:23.0;
21;5471.2;2019-04-11 20:20:34.0;
21;5471.8;2019-04-11 20:22:21.0;
21;5471.5;2019-04-11 20:22:32.0;
21;5471.8;2019-04-11 20:22:34.0;
21;5471.5;2019-04-11 20:22:35.0;
21;5471.2;2019-04-11 20:22:54.0;
21;5470.8;2019-04-11 20:23:05.0;
21;5471;2019-04-11 20:23:35.0;
21;5470.8;2019-04-11 20:23:39.0;
21;5471;2019-04-11 20:24:21.0;
21;5471.2;2019-04-11 20:24:25.0;
21;5471;2019-04-11 20:24:35.0;
21;5471.2;2019-04-11 20:24:44.0;
21;5471;2019-04-11 20:24:51.0;
21;5470.8;2019-04-11 20:24:57.0;
21;5470.5;2019-04-11 20:25:09.0;
21;5470.8;2019-04-11 20:25:10.0;
21;5470.5;2019-04-11 20:25:12.0;
21;5470.8;2019-04-11 20:25:13.0;
21;5469.8;2019-04-11 20:25:40.0;
21;5470.2;2019-04-11 20:26:06.0;
21;5470.5;2019-04-11 20:26:23.0;
21;5470.8;2019-04-11 20:26:40.0;
21;5470.5;2019-04-11 20:26:51.0;
21;5470.2;2019-04-11 20:26:56.0;
21;5470.5;2019-04-11 20:26:57.0;
21;5470.8;2019-04-11 20:27:17.0;
21;5470.5;2019-04-11 20:27:47.0;
21;5470.2;2019-04-11 20:28:05.0;
21;5470.5;2019-04-11 20:28:29.0;
21;5470.2;2019-04-11 20:28:31.0;
21;5469.8;2019-04-11 20:29:08.0;
21;5470;2019-04-11 20:29:20.0;
21;5469.8;2019-04-11 20:29:21.0;
21;5470;2019-04-11 20:29:23.0;
21;5469.8;2019-04-11 20:29:32.0;
21;5469.5;2019-04-11 20:29:46.0;
21;5469.2;2019-04-11 20:30:10.0;
21;5469.8;2019-04-11 20:30:41.0;
21;5470.5;2019-04-11 20:31:22.0;
21;5470.8;2019-04-11 20:31:28.0;
21;5470.5;2019-04-11 20:31:32.0;
21;5470.8;2019-04-11 20:31:34.0;
21;5471;2019-04-11 20:32:10.0;
21;5470.8;2019-04-11 20:32:20.0;
21;5470.2;2019-04-11 20:32:51.0;
21;5470.8;2019-04-11 20:32:52.0;
21;5470.5;2019-04-11 20:32:58.0;
21;5470.2;2019-04-11 20:33:11.0;
21;5470.5;2019-04-11 20:33:40.0;
21;5470.2;2019-04-11 20:33:44.0;
21;5470.5;2019-04-11 20:33:50.0;
21;5470.2;2019-04-11 20:34:12.0;
21;5470.5;2019-04-11 20:34:14.0;
21;5470.2;2019-04-11 20:34:15.0;
21;5470.5;2019-04-11 20:34:18.0;
21;5470.2;2019-04-11 20:34:19.0;
21;5470.5;2019-04-11 20:34:20.0;
21;5470.8;2019-04-11 20:34:35.0;
21;5470.5;2019-04-11 20:35:10.0;
21;5470.2;2019-04-11 20:35:14.0;
21;5470;2019-04-11 20:35:20.0;
21;5470.2;2019-04-11 20:35:40.0;
21;5470;2019-04-11 20:35:42.0;
21;5470.2;2019-04-11 20:35:43.0;
21;5470.5;2019-04-11 20:35:49.0;
21;5470.2;2019-04-11 20:36:24.0;
21;5470.5;2019-04-11 20:36:40.0;
21;5470.2;2019-04-11 20:36:41.0;
21;5470.5;2019-04-11 20:36:45.0;
21;5470.2;2019-04-11 20:36:47.0;
21;5470.5;2019-04-11 20:36:48.0;
21;5470.2;2019-04-11 20:37:04.0;
21;5470.5;2019-04-11 20:37:13.0;
21;5470.2;2019-04-11 20:37:38.0;
21;5470.5;2019-04-11 20:37:40.0;
21;5470.2;2019-04-11 20:37:42.0;
21;5469.8;2019-04-11 20:38:05.0;
21;5469.2;2019-04-11 20:38:54.0;
21;5469.8;2019-04-11 20:39:18.0;
21;5469.2;2019-04-11 20:39:50.0;
21;5469.8;2019-04-11 20:40:19.0;
21;5469.5;2019-04-11 20:40:25.0;
21;5469.8;2019-04-11 20:41:15.0;
21;5470;2019-04-11 20:41:41.0;
21;5469.8;2019-04-11 20:41:43.0;
21;5470.2;2019-04-11 20:41:44.0;
21;5470;2019-04-11 20:41:50.0;
21;5469.5;2019-04-11 20:42:04.0;
21;5469.8;2019-04-11 20:42:46.0;
21;5470;2019-04-11 20:42:56.0;
21;5470.2;2019-04-11 20:43:04.0;
21;5470;2019-04-11 20:43:05.0;
21;5470.2;2019-04-11 20:43:06.0;
21;5470.5;2019-04-11 20:43:13.0;
21;5470.8;2019-04-11 20:43:26.0;
21;5471;2019-04-11 20:43:41.0;
21;5470.8;2019-04-11 20:43:50.0;
21;5471;2019-04-11 20:44:21.0;
21;5470.8;2019-04-11 20:44:27.0;
21;5471;2019-04-11 20:44:42.0;
21;5471.2;2019-04-11 20:44:53.0;
21;5471;2019-04-11 20:44:57.0;
21;5470.8;2019-04-11 20:45:09.0;
21;5471;2019-04-11 20:45:11.0;
21;5470.8;2019-04-11 20:45:20.0;
21;5471;2019-04-11 20:45:21.0;
21;5470.8;2019-04-11 20:45:23.0;
21;5471;2019-04-11 20:46:28.0;
21;5470.8;2019-04-11 20:46:36.0;
21;5470.5;2019-04-11 20:46:46.0;
21;5470.2;2019-04-11 20:46:52.0;
21;5470.5;2019-04-11 20:46:57.0;
21;5470.8;2019-04-11 20:47:12.0;
21;5470.5;2019-04-11 20:47:21.0;
21;5470.2;2019-04-11 20:47:25.0;
21;5470.5;2019-04-11 20:47:26.0;
21;5470.8;2019-04-11 20:47:38.0;
21;5470.5;2019-04-11 20:47:41.0;
21;5470.8;2019-04-11 20:48:07.0;
21;5471;2019-04-11 20:48:52.0;
21;5470.8;2019-04-11 20:49:12.0;
21;5471;2019-04-11 20:49:29.0;
21;5471.2;2019-04-11 20:49:39.0;
21;5470.5;2019-04-11 20:50:04.0;
21;5471.2;2019-04-11 20:50:05.0;
21;5470.5;2019-04-11 20:50:07.0;
21;5470.2;2019-04-11 20:50:08.0;
21;5470.5;2019-04-11 20:50:10.0;
21;5470.2;2019-04-11 20:50:11.0;
21;5469.5;2019-04-11 20:50:20.0;
21;5470;2019-04-11 20:50:21.0;
21;5470.2;2019-04-11 20:50:27.0;
21;5469.8;2019-04-11 20:50:28.0;
21;5469.5;2019-04-11 20:50:31.0;
21;5470;2019-04-11 20:50:36.0;
21;5469.5;2019-04-11 20:50:38.0;
21;5470;2019-04-11 20:50:39.0;
21;5470.2;2019-04-11 20:50:49.0;
21;5470.5;2019-04-11 20:51:00.0;
21;5470.2;2019-04-11 20:51:02.0;
21;5470.5;2019-04-11 20:51:03.0;
21;5470.8;2019-04-11 20:51:09.0;
21;5471;2019-04-11 20:51:30.0;
21;5470.8;2019-04-11 20:51:43.0;
21;5471;2019-04-11 20:52:15.0;
21;5470.8;2019-04-11 20:52:17.0;
21;5471;2019-04-11 20:52:20.0;
21;5470.8;2019-04-11 20:52:21.0;
21;5471;2019-04-11 20:52:28.0;
21;5470.8;2019-04-11 20:52:29.0;
21;5471;2019-04-11 20:52:30.0;
21;5470.8;2019-04-11 20:52:39.0;
21;5471;2019-04-11 20:52:45.0;
21;5470.8;2019-04-11 20:52:50.0;
21;5470.5;2019-04-11 20:53:00.0;
21;5470.8;2019-04-11 20:53:12.0;
21;5471;2019-04-11 20:53:16.0;
21;5470.8;2019-04-11 20:53:23.0;
21;5471;2019-04-11 20:53:26.0;
21;5470.8;2019-04-11 20:53:27.0;
21;5470.5;2019-04-11 20:54:12.0;
21;5470.2;2019-04-11 20:54:23.0;
21;5470;2019-04-11 20:54:24.0;
21;5470.2;2019-04-11 20:54:34.0;
21;5470.5;2019-04-11 20:54:44.0;
21;5470.2;2019-04-11 20:54:46.0;
21;5470.5;2019-04-11 20:54:47.0;
21;5470;2019-04-11 20:55:03.0;
21;5470.2;2019-04-11 20:55:18.0;
21;5469.8;2019-04-11 20:55:38.0;
21;5470;2019-04-11 20:55:50.0;
21;5469.5;2019-04-11 20:56:06.0;
21;5469.2;2019-04-11 20:56:27.0;
21;5469;2019-04-11 20:56:29.0;
21;5469.5;2019-04-11 20:56:35.0;
21;5469.8;2019-04-11 20:56:42.0;
21;5469.5;2019-04-11 20:56:46.0;
21;5469.8;2019-04-11 20:56:57.0;
21;5470;2019-04-11 20:57:02.0;
21;5469.8;2019-04-11 20:57:04.0;
21;5470;2019-04-11 20:57:10.0;
21;5470.2;2019-04-11 20:57:17.0;
21;5470.5;2019-04-11 20:57:32.0;
21;5470.2;2019-04-11 20:57:34.0;
21;5470.5;2019-04-11 20:57:35.0;
21;5470.2;2019-04-11 20:58:07.0;
21;5469.8;2019-04-11 20:58:13.0;
21;5470.2;2019-04-11 20:58:14.0;
21;5469.8;2019-04-11 20:58:16.0;
21;5470.2;2019-04-11 20:58:23.0;
21;5470.5;2019-04-11 20:58:36.0;
21;5470.8;2019-04-11 20:59:32.0;
21;5470.5;2019-04-11 20:59:33.0;
21;5470.8;2019-04-11 20:59:35.0;
21;5471;2019-04-11 20:59:36.0;
21;5470.8;2019-04-11 20:59:41.0;
21;5469.8;2019-04-11 21:00:57.0;
21;5470.5;2019-04-11 21:01:13.0;
21;5470.8;2019-04-11 21:01:23.0;
21;5471;2019-04-11 21:03:48.0;
21;5470.8;2019-04-11 21:04:03.0;
21;5471;2019-04-11 21:04:54.0;
21;5470.8;2019-04-11 21:05:00.0;
21;5471.8;2019-04-11 21:06:06.0;
21;5472;2019-04-11 21:06:25.0;
21;5472.2;2019-04-11 21:06:29.0;
21;5472;2019-04-11 21:06:33.0;
21;5472.2;2019-04-11 21:06:35.0;
21;5472;2019-04-11 21:06:36.0;
21;5471.8;2019-04-11 21:06:57.0;
21;5471.2;2019-04-11 21:08:18.0;
21;5471.8;2019-04-11 21:08:19.0;
21;5471.2;2019-04-11 21:08:21.0;
21;5471.8;2019-04-11 21:08:22.0;
21;5472;2019-04-11 21:09:06.0;
21;5471.8;2019-04-11 21:09:08.0;
21;5472;2019-04-11 21:09:10.0;
21;5471.8;2019-04-11 21:09:25.0;
21;5472;2019-04-11 21:09:41.0;
21;5472.2;2019-04-11 21:09:48.0;
21;5471.8;2019-04-11 21:10:44.0;
21;5471.5;2019-04-11 21:11:22.0;
21;5471.8;2019-04-11 21:11:28.0;
21;5472.2;2019-04-11 21:11:42.0;
21;5472.5;2019-04-11 21:12:21.0;
21;5473;2019-04-11 21:12:54.0;
21;5472.8;2019-04-11 21:13:02.0;
21;5472.5;2019-04-11 21:13:08.0;
21;5472.2;2019-04-11 21:14:06.0;
21;5472;2019-04-11 21:14:16.0;
21;5472.2;2019-04-11 21:14:47.0;
21;5472.5;2019-04-11 21:14:57.0;
21;5472.2;2019-04-11 21:14:59.0;
21;5472.5;2019-04-11 21:15:05.0;
21;5471.8;2019-04-11 21:15:06.0;
21;5472.2;2019-04-11 21:15:09.0;
21;5471.8;2019-04-11 21:15:11.0;
21;5472.2;2019-04-11 21:15:22.0;
21;5472.5;2019-04-11 21:15:26.0;
21;5472.8;2019-04-11 21:15:31.0;
21;5473;2019-04-11 21:15:50.0;
21;5473.2;2019-04-11 21:16:05.0;
21;5473;2019-04-11 21:16:30.0;
21;5473.2;2019-04-11 21:16:34.0;
21;5473;2019-04-11 21:16:37.0;
21;5473.2;2019-04-11 21:16:38.0;
21;5473;2019-04-11 21:16:40.0;
21;5473.2;2019-04-11 21:17:01.0;
21;5473.5;2019-04-11 21:17:09.0;
21;5473.8;2019-04-11 21:17:19.0;
21;5474;2019-04-11 21:17:30.0;
21;5474.2;2019-04-11 21:18:05.0;
21;5474.5;2019-04-11 21:18:16.0;
21;5474.2;2019-04-11 21:18:22.0;
21;5474;2019-04-11 21:19:17.0;
21;5473.8;2019-04-11 21:19:21.0;
21;5474;2019-04-11 21:19:37.0;
21;5474.2;2019-04-11 21:20:07.0;
21;5475;2019-04-11 21:20:53.0;
21;5474.8;2019-04-11 21:20:57.0;
21;5474.5;2019-04-11 21:21:14.0;
21;5474.8;2019-04-11 21:21:17.0;
21;5474.5;2019-04-11 21:21:49.0;
21;5474.8;2019-04-11 21:22:06.0;
21;5475.2;2019-04-11 21:22:43.0;
21;5474.8;2019-04-11 21:23:34.0;
21;5474.5;2019-04-11 21:24:15.0;
21;5474.8;2019-04-11 21:24:18.0;
21;5475;2019-04-11 21:25:46.0;
21;5474.2;2019-04-11 21:26:04.0;
21;5475;2019-04-11 21:26:06.0;
21;5474.2;2019-04-11 21:26:07.0;
21;5474.5;2019-04-11 21:26:08.0;
21;5474.8;2019-04-11 21:26:13.0;
21;5475;2019-04-11 21:26:42.0;
21;5475.2;2019-04-11 21:26:47.0;
21;5474.8;2019-04-11 21:28:07.0;
21;5475;2019-04-11 21:28:20.0;
21;5474.8;2019-04-11 21:28:39.0;
21;5475;2019-04-11 21:28:49.0;
21;5475.2;2019-04-11 21:29:04.0;
21;5475.5;2019-04-11 21:30:15.0;
21;5475.2;2019-04-11 21:30:16.0;
21;5475.8;2019-04-11 21:30:37.0;
21;5475.5;2019-04-11 21:30:46.0;
21;5475.8;2019-04-11 21:30:55.0;
21;5475.5;2019-04-11 21:31:05.0;
21;5475.8;2019-04-11 21:31:12.0;
21;5475.2;2019-04-11 21:31:27.0;
21;5474.8;2019-04-11 21:31:36.0;
21;5475.2;2019-04-11 21:31:47.0;
21;5475.5;2019-04-11 21:32:05.0;
21;5475.8;2019-04-11 21:32:17.0;
21;5476;2019-04-11 21:33:06.0;
21;5476.2;2019-04-11 21:33:18.0;
21;5475.2;2019-04-11 21:33:23.0;
21;5475.8;2019-04-11 21:33:28.0;
21;5475.2;2019-04-11 21:33:39.0;
21;5475.5;2019-04-11 21:33:43.0;
21;5475.2;2019-04-11 21:34:07.0;
21;5475.5;2019-04-11 21:34:16.0;
21;5475.2;2019-04-11 21:34:17.0;
21;5475.5;2019-04-11 21:34:19.0;
21;5475.2;2019-04-11 21:34:26.0;
21;5475.5;2019-04-11 21:34:45.0;
21;5475.2;2019-04-11 21:34:55.0;
21;5475.5;2019-04-11 21:36:37.0;
21;5475.2;2019-04-11 21:36:52.0;
21;5475.5;2019-04-11 21:37:04.0;
21;5475.2;2019-04-11 21:37:05.0;
21;5475.5;2019-04-11 21:37:06.0;
21;5475.8;2019-04-11 21:37:14.0;
21;5476;2019-04-11 21:37:24.0;
21;5475.8;2019-04-11 21:37:25.0;
21;5476;2019-04-11 21:37:27.0;
21;5475.8;2019-04-11 21:37:31.0;
21;5475.5;2019-04-11 21:37:44.0;
21;5475.2;2019-04-11 21:38:33.0;
21;5475.8;2019-04-11 21:40:06.0;
21;5475.2;2019-04-11 21:40:07.0;
21;5475.8;2019-04-11 21:40:08.0;
21;5475.2;2019-04-11 21:40:11.0;
21;5475.8;2019-04-11 21:42:47.0;
21;5476;2019-04-11 21:43:42.0;
21;5476.5;2019-04-11 21:43:48.0;
21;5476.8;2019-04-11 21:44:15.0;
21;5476.5;2019-04-11 21:44:17.0;
21;5476.8;2019-04-11 21:44:18.0;
21;5477;2019-04-11 21:44:47.0;
21;5476.8;2019-04-11 21:45:06.0;
21;5477;2019-04-11 21:45:16.0;
21;5476.8;2019-04-11 21:45:20.0;
21;5476.5;2019-04-11 21:45:42.0;
21;5475.8;2019-04-11 21:46:21.0;
21;5475.5;2019-04-11 21:46:25.0;
21;5475.8;2019-04-11 21:46:54.0;
21;5475.5;2019-04-11 21:46:59.0;
21;5476;2019-04-11 21:47:11.0;
21;5475.8;2019-04-11 21:47:19.0;
21;5476;2019-04-11 21:47:24.0;
21;5475.8;2019-04-11 21:47:28.0;
21;5476;2019-04-11 21:47:50.0;
21;5475.8;2019-04-11 21:48:05.0;
21;5476;2019-04-11 21:48:15.0;
21;5475.8;2019-04-11 21:48:19.0;
21;5476;2019-04-11 21:48:25.0;
21;5476.2;2019-04-11 21:49:11.0;
21;5476;2019-04-11 21:49:13.0;
21;5475;2019-04-11 21:50:04.0;
21;5475.5;2019-04-11 21:50:09.0;
21;5475.8;2019-04-11 21:50:32.0;
21;5475.5;2019-04-11 21:51:14.0;
21;5475.8;2019-04-11 21:51:16.0;
21;5476;2019-04-11 21:52:37.0;
21;5476.2;2019-04-11 21:52:47.0;
21;5476;2019-04-11 21:52:59.0;
21;5476.2;2019-04-11 21:53:06.0;
21;5476;2019-04-11 21:53:08.0;
21;5476.8;2019-04-11 21:53:13.0;
21;5476;2019-04-11 21:53:14.0;
21;5476.8;2019-04-11 21:53:15.0;
21;5477;2019-04-11 21:53:31.0;
21;5477.2;2019-04-11 21:53:36.0;
21;5478.8;2019-04-11 21:54:06.0;
21;5478.2;2019-04-11 21:54:10.0;
21;5478;2019-04-11 21:54:18.0;
21;5478.2;2019-04-11 21:54:21.0;
21;5478.8;2019-04-11 21:54:40.0;
21;5479.2;2019-04-11 21:54:59.0;
21;5478.8;2019-04-11 21:55:00.0;
21;5479.2;2019-04-11 21:55:02.0;
21;5478.8;2019-04-11 21:55:05.0;
21;5479.2;2019-04-11 21:55:11.0;
21;5479.8;2019-04-11 21:55:16.0;
21;5479;2019-04-11 21:55:21.0;
21;5478.8;2019-04-11 21:56:09.0;
21;5479;2019-04-11 21:56:11.0;
21;5478.8;2019-04-11 21:56:33.0;
21;5479;2019-04-11 21:56:39.0;
21;5478.8;2019-04-11 21:56:41.0;
21;5479;2019-04-11 21:56:42.0;
21;5479.5;2019-04-11 21:56:48.0;
21;5479.8;2019-04-11 21:56:57.0;
21;5479.5;2019-04-11 21:58:15.0;
21;5479.2;2019-04-11 21:58:26.0;
21;5479.8;2019-04-11 21:58:28.0;
21;5479.2;2019-04-11 21:58:29.0;
21;5479.8;2019-04-11 21:58:30.0;
21;5479.5;2019-04-11 21:58:32.0;
21;5479.2;2019-04-11 21:58:39.0;
21;5479;2019-04-11 21:58:50.0;
21;5478.8;2019-04-11 21:58:52.0;
21;5479;2019-04-11 21:59:12.0;
21;5478.8;2019-04-11 21:59:14.0;
21;5479;2019-04-11 21:59:15.0;
22;21027;2019-04-11 11:16:03.0;
22;21017;2019-04-11 11:16:04.0;
22;21027;2019-04-11 11:16:06.0;
22;21022;2019-04-11 11:16:07.0;
22;21027;2019-04-11 11:16:08.0;
22;21022;2019-04-11 11:16:10.0;
22;21025;2019-04-11 11:16:24.0;
22;21022.5;2019-04-11 11:16:27.0;
22;21025;2019-04-11 11:16:29.0;
22;21022.5;2019-04-11 11:16:30.0;
22;21027.5;2019-04-11 11:16:33.0;
22;21024.5;2019-04-11 11:16:41.0;
22;21022;2019-04-11 11:17:25.0;
22;21027.5;2019-04-11 11:17:44.0;
22;21022;2019-04-11 11:17:45.0;
22;21027.5;2019-04-11 11:17:47.0;
22;21024.5;2019-04-11 11:17:49.0;
22;21027;2019-04-11 11:18:04.0;
22;21022.5;2019-04-11 11:18:43.0;
22;21024.5;2019-04-11 11:18:46.0;
22;21017.5;2019-04-11 11:19:44.0;
22;21022;2019-04-11 11:20:04.0;
22;21024.5;2019-04-11 11:20:43.0;
22;21029.5;2019-04-11 11:21:00.0;
22;21037.5;2019-04-11 11:21:03.0;
22;21034.5;2019-04-11 11:21:07.0;
22;21037.5;2019-04-11 11:21:09.0;
22;21034.5;2019-04-11 11:21:12.0;
22;21039.5;2019-04-11 11:21:16.0;
22;21037;2019-04-11 11:21:21.0;
22;21047.5;2019-04-11 11:21:22.0;
22;21044.5;2019-04-11 11:21:29.0;
22;21057.5;2019-04-11 11:21:37.0;
22;21052.5;2019-04-11 11:21:41.0;
22;21057.5;2019-04-11 11:21:43.0;
22;21052;2019-04-11 11:21:44.0;
22;21047.5;2019-04-11 11:21:50.0;
22;21049.5;2019-04-11 11:22:04.0;
22;21047.5;2019-04-11 11:22:07.0;
22;21049.5;2019-04-11 11:22:08.0;
22;21047;2019-04-11 11:22:13.0;
22;21049.5;2019-04-11 11:22:14.0;
22;21047;2019-04-11 11:22:16.0;
22;21052.5;2019-04-11 11:24:32.0;
22;21049.5;2019-04-11 11:24:37.0;
22;21057.5;2019-04-11 11:24:41.0;
22;21052;2019-04-11 11:24:54.0;
22;21054.5;2019-04-11 11:24:59.0;
22;21057.5;2019-04-11 11:25:04.0;
22;21052.5;2019-04-11 11:26:08.0;
22;21049.5;2019-04-11 11:26:35.0;
22;21050;2019-04-11 11:26:40.0;
22;21049.5;2019-04-11 11:26:44.0;
22;21050;2019-04-11 11:26:47.0;
22;21049.5;2019-04-11 11:26:48.0;
22;21047;2019-04-11 11:27:08.0;
22;21049.5;2019-04-11 11:27:10.0;
22;21047;2019-04-11 11:27:12.0;
22;21049.5;2019-04-11 11:28:27.0;
22;21052.5;2019-04-11 11:28:39.0;
22;21057.5;2019-04-11 11:30:36.0;
22;21072.5;2019-04-11 11:30:43.0;
22;21072;2019-04-11 11:30:47.0;
22;21077;2019-04-11 11:30:52.0;
22;21074.5;2019-04-11 11:31:06.0;
22;21077;2019-04-11 11:31:16.0;
22;21074.5;2019-04-11 11:31:18.0;
22;21077;2019-04-11 11:31:20.0;
22;21080;2019-04-11 11:31:24.0;
22;21077;2019-04-11 11:31:32.0;
22;21084.5;2019-04-11 11:31:39.0;
22;21077;2019-04-11 11:31:43.0;
22;21084.5;2019-04-11 11:31:44.0;
22;21077;2019-04-11 11:31:46.0;
22;21075;2019-04-11 11:31:47.0;
22;21072;2019-04-11 11:32:06.0;
22;21069.5;2019-04-11 11:32:27.0;
22;21072;2019-04-11 11:32:29.0;
22;21069.5;2019-04-11 11:32:30.0;
22;21064.5;2019-04-11 11:32:33.0;
22;21067;2019-04-11 11:32:37.0;
22;21072.5;2019-04-11 11:33:00.0;
22;21069.5;2019-04-11 11:33:06.0;
22;21074.5;2019-04-11 11:33:13.0;
22;21082.5;2019-04-11 11:33:21.0;
22;21082;2019-04-11 11:33:24.0;
22;21085;2019-04-11 11:34:15.0;
22;21084.5;2019-04-11 11:34:20.0;
22;21079.5;2019-04-11 11:34:31.0;
22;21084.5;2019-04-11 11:34:32.0;
22;21077.5;2019-04-11 11:34:35.0;
22;21074.5;2019-04-11 11:34:48.0;
22;21072.5;2019-04-11 11:34:53.0;
22;21072;2019-04-11 11:34:55.0;
22;21072.5;2019-04-11 11:34:56.0;
22;21072;2019-04-11 11:34:58.0;
22;21077;2019-04-11 11:35:03.0;
22;21082.5;2019-04-11 11:35:16.0;
22;21079.5;2019-04-11 11:35:19.0;
22;21082.5;2019-04-11 11:35:21.0;
22;21079.5;2019-04-11 11:35:22.0;
22;21072;2019-04-11 11:36:03.0;
22;21074.5;2019-04-11 11:36:08.0;
22;21082.5;2019-04-11 11:36:36.0;
22;21080;2019-04-11 11:36:38.0;
22;21082.5;2019-04-11 11:36:47.0;
22;21082;2019-04-11 11:36:52.0;
22;21087;2019-04-11 11:37:08.0;
22;21082;2019-04-11 11:37:13.0;
22;21084.5;2019-04-11 11:37:22.0;
22;21087;2019-04-11 11:37:35.0;
22;21084.5;2019-04-11 11:37:36.0;
22;21087;2019-04-11 11:37:38.0;
22;21084.5;2019-04-11 11:38:36.0;
22;21087.5;2019-04-11 11:39:16.0;
22;21087;2019-04-11 11:39:24.0;
22;21089.5;2019-04-11 11:40:04.0;
22;21087;2019-04-11 11:40:05.0;
22;21089.5;2019-04-11 11:40:07.0;
22;21094.5;2019-04-11 11:40:24.0;
22;21092;2019-04-11 11:40:53.0;
22;21087;2019-04-11 11:42:04.0;
22;21082;2019-04-11 11:42:32.0;
22;21087;2019-04-11 11:42:33.0;
22;21082;2019-04-11 11:42:35.0;
22;21084.5;2019-04-11 11:42:46.0;
22;21082;2019-04-11 11:42:57.0;
22;21084.5;2019-04-11 11:42:59.0;
22;21082;2019-04-11 11:43:00.0;
22;21084.5;2019-04-11 11:43:02.0;
22;21085;2019-04-11 11:43:10.0;
22;21082.5;2019-04-11 11:43:20.0;
22;21087.5;2019-04-11 11:43:29.0;
22;21090;2019-04-11 11:43:38.0;
22;21092.5;2019-04-11 11:43:40.0;
22;21095;2019-04-11 11:43:45.0;
22;21097.5;2019-04-11 11:43:49.0;
22;21094.5;2019-04-11 11:44:12.0;
22;21097;2019-04-11 11:44:18.0;
22;21092.5;2019-04-11 11:44:25.0;
22;21097;2019-04-11 11:44:29.0;
22;21092;2019-04-11 11:45:02.0;
22;21094.5;2019-04-11 11:45:15.0;
22;21092;2019-04-11 11:45:16.0;
22;21094.5;2019-04-11 11:45:19.0;
22;21097.5;2019-04-11 11:45:23.0;
22;21097;2019-04-11 11:45:31.0;
22;21094.5;2019-04-11 11:45:36.0;
22;21092;2019-04-11 11:45:42.0;
22;21089.5;2019-04-11 11:46:05.0;
22;21092;2019-04-11 11:47:28.0;
22;21092.5;2019-04-11 11:47:32.0;
22;21089.5;2019-04-11 11:49:22.0;
22;21092;2019-04-11 11:50:07.0;
22;21094.5;2019-04-11 11:50:25.0;
22;21107.5;2019-04-11 11:51:48.0;
22;21112;2019-04-11 11:53:40.0;
22;21107.5;2019-04-11 11:53:42.0;
22;21112;2019-04-11 11:53:44.0;
22;21110;2019-04-11 11:54:03.0;
22;21112;2019-04-11 11:54:05.0;
22;21110;2019-04-11 11:54:07.0;
22;21122.5;2019-04-11 11:54:23.0;
22;21110;2019-04-11 11:54:24.0;
22;21122.5;2019-04-11 11:54:26.0;
22;21127.5;2019-04-11 11:54:28.0;
22;21122;2019-04-11 11:54:59.0;
22;21127.5;2019-04-11 11:55:04.0;
22;21124.5;2019-04-11 11:55:38.0;
22;21119.5;2019-04-11 11:55:46.0;
22;21122;2019-04-11 11:56:04.0;
22;21119.5;2019-04-11 11:56:06.0;
22;21122;2019-04-11 11:56:07.0;
22;21124.5;2019-04-11 11:56:31.0;
22;21122;2019-04-11 11:56:33.0;
22;21124.5;2019-04-11 11:56:34.0;
22;21122.5;2019-04-11 11:56:54.0;
22;21119.5;2019-04-11 11:56:59.0;
22;21122.5;2019-04-11 11:57:03.0;
22;21119.5;2019-04-11 11:57:17.0;
22;21122.5;2019-04-11 11:57:34.0;
22;21122;2019-04-11 11:57:41.0;
22;21124.5;2019-04-11 11:58:54.0;
22;21122.5;2019-04-11 11:59:02.0;
22;21122;2019-04-11 11:59:06.0;
22;21117.5;2019-04-11 11:59:23.0;
22;21119.5;2019-04-11 11:59:27.0;
22;21122.5;2019-04-11 11:59:32.0;
22;21119.5;2019-04-11 11:59:33.0;
22;21122.5;2019-04-11 11:59:34.0;
22;21117.5;2019-04-11 11:59:43.0;
22;21119.5;2019-04-11 11:59:49.0;
22;21112.5;2019-04-11 12:00:06.0;
22;21107.5;2019-04-11 12:00:23.0;
22;21102;2019-04-11 12:00:52.0;
22;21112.5;2019-04-11 12:01:16.0;
22;21102;2019-04-11 12:01:18.0;
22;21112.5;2019-04-11 12:01:20.0;
22;21114.5;2019-04-11 12:01:27.0;
22;21112;2019-04-11 12:01:31.0;
22;21117.5;2019-04-11 12:01:39.0;
22;21112;2019-04-11 12:01:41.0;
22;21117.5;2019-04-11 12:01:43.0;
22;21112;2019-04-11 12:02:05.0;
22;21114.5;2019-04-11 12:02:16.0;
22;21112;2019-04-11 12:02:18.0;
22;21114.5;2019-04-11 12:02:19.0;
22;21117;2019-04-11 12:02:29.0;
22;21122.5;2019-04-11 12:04:06.0;
22;21124.5;2019-04-11 12:05:08.0;
22;21122.5;2019-04-11 12:06:07.0;
22;21124.5;2019-04-11 12:06:14.0;
22;21119.5;2019-04-11 12:06:15.0;
22;21124.5;2019-04-11 12:06:17.0;
22;21117.5;2019-04-11 12:06:18.0;
22;21122;2019-04-11 12:06:24.0;
22;21117.5;2019-04-11 12:06:25.0;
22;21122;2019-04-11 12:06:27.0;
22;21122.5;2019-04-11 12:06:29.0;
22;21117;2019-04-11 12:06:50.0;
22;21122.5;2019-04-11 12:07:11.0;
22;21117;2019-04-11 12:07:12.0;
22;21122.5;2019-04-11 12:07:15.0;
22;21119.5;2019-04-11 12:07:24.0;
22;21125;2019-04-11 12:08:05.0;
22;21119.5;2019-04-11 12:08:07.0;
22;21125;2019-04-11 12:08:08.0;
22;21122.5;2019-04-11 12:08:26.0;
22;21127.5;2019-04-11 12:09:11.0;
22;21132;2019-04-11 12:09:15.0;
22;21132.5;2019-04-11 12:09:22.0;
22;21142.5;2019-04-11 12:09:25.0;
22;21139.5;2019-04-11 12:09:29.0;
22;21144.5;2019-04-11 12:09:45.0;
22;21152;2019-04-11 12:09:51.0;
22;21162.5;2019-04-11 12:10:03.0;
22;21157.5;2019-04-11 12:10:09.0;
22;21157;2019-04-11 12:10:35.0;
22;21157.5;2019-04-11 12:10:39.0;
22;21154.5;2019-04-11 12:11:04.0;
22;21152.5;2019-04-11 12:11:09.0;
22;21149.5;2019-04-11 12:11:18.0;
22;21147;2019-04-11 12:11:19.0;
22;21149.5;2019-04-11 12:11:21.0;
22;21147;2019-04-11 12:11:22.0;
22;21142.5;2019-04-11 12:11:41.0;
22;21142;2019-04-11 12:11:43.0;
22;21142.5;2019-04-11 12:11:44.0;
22;21142;2019-04-11 12:11:45.0;
22;21137;2019-04-11 12:12:05.0;
22;21134.5;2019-04-11 12:12:17.0;
22;21142.5;2019-04-11 12:12:35.0;
22;21142;2019-04-11 12:12:41.0;
22;21147.5;2019-04-11 12:12:48.0;
22;21145;2019-04-11 12:13:04.0;
22;21147;2019-04-11 12:13:12.0;
22;21142.5;2019-04-11 12:13:22.0;
22;21144.5;2019-04-11 12:13:23.0;
22;21142.5;2019-04-11 12:13:26.0;
22;21144.5;2019-04-11 12:13:27.0;
22;21139.5;2019-04-11 12:13:28.0;
22;21137.5;2019-04-11 12:13:32.0;
22;21139.5;2019-04-11 12:13:35.0;
22;21137.5;2019-04-11 12:13:36.0;
22;21142;2019-04-11 12:13:37.0;
22;21137;2019-04-11 12:14:04.0;
22;21142;2019-04-11 12:14:06.0;
22;21137;2019-04-11 12:14:07.0;
22;21135;2019-04-11 12:14:10.0;
22;21132;2019-04-11 12:14:12.0;
22;21137;2019-04-11 12:15:00.0;
22;21135;2019-04-11 12:15:10.0;
22;21134.5;2019-04-11 12:15:12.0;
22;21135;2019-04-11 12:15:13.0;
22;21132;2019-04-11 12:15:16.0;
22;21137.5;2019-04-11 12:15:19.0;
22;21132;2019-04-11 12:15:20.0;
22;21137.5;2019-04-11 12:15:22.0;
22;21134.5;2019-04-11 12:15:23.0;
22;21137.5;2019-04-11 12:15:24.0;
22;21134.5;2019-04-11 12:15:26.0;
22;21132;2019-04-11 12:15:33.0;
22;21139.5;2019-04-11 12:15:47.0;
22;21132;2019-04-11 12:15:50.0;
22;21139.5;2019-04-11 12:15:51.0;
22;21137.5;2019-04-11 12:17:38.0;
22;21139.5;2019-04-11 12:17:51.0;
22;21142.5;2019-04-11 12:18:44.0;
22;21137.5;2019-04-11 12:19:24.0;
22;21142.5;2019-04-11 12:19:29.0;
22;21139.5;2019-04-11 12:20:15.0;
22;21142.5;2019-04-11 12:20:16.0;
22;21139.5;2019-04-11 12:20:19.0;
22;21142;2019-04-11 12:20:31.0;
22;21147.5;2019-04-11 12:20:47.0;
22;21147;2019-04-11 12:20:50.0;
22;21144.5;2019-04-11 12:21:16.0;
22;21147;2019-04-11 12:21:18.0;
22;21144.5;2019-04-11 12:21:19.0;
22;21142;2019-04-11 12:21:43.0;
22;21137;2019-04-11 12:22:04.0;
22;21137.5;2019-04-11 12:22:08.0;
22;21140;2019-04-11 12:22:42.0;
22;21137.5;2019-04-11 12:22:44.0;
22;21140;2019-04-11 12:22:45.0;
22;21137.5;2019-04-11 12:22:48.0;
22;21139.5;2019-04-11 12:23:09.0;
22;21137.5;2019-04-11 12:23:22.0;
22;21132.5;2019-04-11 12:23:41.0;
22;21132;2019-04-11 12:23:44.0;
22;21132.5;2019-04-11 12:23:45.0;
22;21132;2019-04-11 12:23:46.0;
22;21137.5;2019-04-11 12:25:24.0;
22;21137;2019-04-11 12:25:28.0;
22;21140;2019-04-11 12:25:47.0;
22;21137.5;2019-04-11 12:26:04.0;
22;21132.5;2019-04-11 12:28:24.0;
22;21137.5;2019-04-11 12:28:25.0;
22;21132;2019-04-11 12:28:26.0;
22;21132.5;2019-04-11 12:28:28.0;
22;21132;2019-04-11 12:28:29.0;
22;21130;2019-04-11 12:28:32.0;
22;21127;2019-04-11 12:28:37.0;
22;21129.5;2019-04-11 12:28:39.0;
22;21127;2019-04-11 12:28:42.0;
22;21129.5;2019-04-11 12:28:43.0;
22;21137.5;2019-04-11 12:29:00.0;
22;21140;2019-04-11 12:29:07.0;
22;21137.5;2019-04-11 12:29:21.0;
22;21139.5;2019-04-11 12:29:39.0;
22;21137.5;2019-04-11 12:29:41.0;
22;21142.5;2019-04-11 12:29:42.0;
22;21139.5;2019-04-11 12:29:43.0;
22;21142.5;2019-04-11 12:29:45.0;
22;21142;2019-04-11 12:29:50.0;
22;21142.5;2019-04-11 12:30:08.0;
22;21142;2019-04-11 12:30:13.0;
22;21137.5;2019-04-11 12:31:29.0;
22;21140;2019-04-11 12:32:30.0;
22;21139.5;2019-04-11 12:32:31.0;
22;21140;2019-04-11 12:32:32.0;
22;21139.5;2019-04-11 12:32:34.0;
22;21142;2019-04-11 12:32:36.0;
22;21137;2019-04-11 12:32:55.0;
22;21132.5;2019-04-11 12:34:14.0;
22;21127.5;2019-04-11 12:35:40.0;
22;21127;2019-04-11 12:35:44.0;
22;21119.5;2019-04-11 12:36:24.0;
22;21122;2019-04-11 12:36:30.0;
22;21119.5;2019-04-11 12:36:52.0;
22;21122;2019-04-11 12:36:53.0;
22;21120;2019-04-11 12:37:06.0;
22;21117.5;2019-04-11 12:37:22.0;
22;21122.5;2019-04-11 12:37:47.0;
22;21117;2019-04-11 12:38:04.0;
22;21119.5;2019-04-11 12:39:48.0;
22;21124.5;2019-04-11 12:40:04.0;
22;21132.5;2019-04-11 12:45:08.0;
22;21134.5;2019-04-11 12:45:39.0;
22;21152.5;2019-04-11 12:45:46.0;
22;21149.5;2019-04-11 12:45:48.0;
22;21152;2019-04-11 12:46:05.0;
22;21154.5;2019-04-11 12:46:14.0;
22;21149.5;2019-04-11 12:46:15.0;
22;21154.5;2019-04-11 12:46:17.0;
22;21149.5;2019-04-11 12:46:18.0;
22;21152.5;2019-04-11 12:46:20.0;
22;21149.5;2019-04-11 12:46:21.0;
22;21152.5;2019-04-11 12:46:22.0;
22;21154.5;2019-04-11 12:46:35.0;
22;21152.5;2019-04-11 12:46:48.0;
22;21157.5;2019-04-11 12:46:51.0;
22;21154.5;2019-04-11 12:46:57.0;
22;21159.5;2019-04-11 12:47:11.0;
22;21167.5;2019-04-11 12:47:20.0;
22;21172.5;2019-04-11 12:47:27.0;
22;21167.5;2019-04-11 12:47:28.0;
22;21172.5;2019-04-11 12:47:30.0;
22;21177;2019-04-11 12:48:05.0;
22;21182.5;2019-04-11 12:48:19.0;
22;21177;2019-04-11 12:48:46.0;
22;21172;2019-04-11 12:48:50.0;
22;21177;2019-04-11 12:48:51.0;
22;21172;2019-04-11 12:48:53.0;
22;21169.5;2019-04-11 12:49:10.0;
22;21172;2019-04-11 12:49:12.0;
22;21172.5;2019-04-11 12:49:16.0;
22;21169.5;2019-04-11 12:49:27.0;
22;21167.5;2019-04-11 12:49:37.0;
22;21169.5;2019-04-11 12:50:05.0;
22;21174.5;2019-04-11 12:50:13.0;
22;21172.5;2019-04-11 12:50:48.0;
22;21175;2019-04-11 12:50:51.0;
22;21172.5;2019-04-11 12:50:52.0;
22;21175;2019-04-11 12:50:55.0;
22;21184.5;2019-04-11 12:50:59.0;
22;21182;2019-04-11 12:51:05.0;
22;21179.5;2019-04-11 12:51:12.0;
22;21169.5;2019-04-11 12:52:05.0;
22;21172;2019-04-11 12:52:17.0;
22;21174.5;2019-04-11 12:52:22.0;
22;21177;2019-04-11 12:52:25.0;
22;21174.5;2019-04-11 12:52:29.0;
22;21169.5;2019-04-11 12:52:43.0;
22;21167.5;2019-04-11 12:52:52.0;
22;21167;2019-04-11 12:53:26.0;
22;21165;2019-04-11 12:53:35.0;
22;21167;2019-04-11 12:53:40.0;
22;21164.5;2019-04-11 12:54:12.0;
22;21162;2019-04-11 12:54:15.0;
22;21164.5;2019-04-11 12:54:16.0;
22;21162;2019-04-11 12:54:18.0;
22;21165;2019-04-11 12:54:22.0;
22;21167.5;2019-04-11 12:54:23.0;
22;21165;2019-04-11 12:54:25.0;
22;21167.5;2019-04-11 12:54:28.0;
22;21170;2019-04-11 12:54:40.0;
22;21172.5;2019-04-11 12:54:46.0;
22;21172;2019-04-11 12:54:48.0;
22;21177;2019-04-11 12:54:56.0;
22;21177.5;2019-04-11 12:55:04.0;
22;21180;2019-04-11 12:55:07.0;
22;21177.5;2019-04-11 12:55:11.0;
22;21180;2019-04-11 12:55:16.0;
22;21177.5;2019-04-11 12:55:20.0;
22;21174.5;2019-04-11 12:55:36.0;
22;21172.5;2019-04-11 12:55:43.0;
22;21172;2019-04-11 12:55:50.0;
22;21177;2019-04-11 12:56:04.0;
22;21172;2019-04-11 12:56:06.0;
22;21177.5;2019-04-11 12:56:08.0;
22;21175;2019-04-11 12:56:12.0;
22;21177.5;2019-04-11 12:56:13.0;
22;21175;2019-04-11 12:56:15.0;
22;21172;2019-04-11 12:56:22.0;
22;21169.5;2019-04-11 12:56:41.0;
22;21167.5;2019-04-11 12:56:46.0;
22;21164.5;2019-04-11 12:57:19.0;
22;21167;2019-04-11 12:57:47.0;
22;21172.5;2019-04-11 12:58:05.0;
22;21172;2019-04-11 12:58:07.0;
22;21177.5;2019-04-11 12:58:17.0;
22;21174.5;2019-04-11 12:58:39.0;
22;21177.5;2019-04-11 12:58:43.0;
22;21174.5;2019-04-11 12:58:45.0;
22;21177.5;2019-04-11 12:58:46.0;
22;21182.5;2019-04-11 12:59:14.0;
22;21177.5;2019-04-11 12:59:19.0;
22;21177;2019-04-11 13:00:04.0;
22;21177.5;2019-04-11 13:00:05.0;
22;21177;2019-04-11 13:00:07.0;
22;21172.5;2019-04-11 13:01:11.0;
22;21177;2019-04-11 13:01:28.0;
22;21172;2019-04-11 13:02:24.0;
22;21169.5;2019-04-11 13:02:52.0;
22;21164.5;2019-04-11 13:02:59.0;
22;21167.5;2019-04-11 13:03:04.0;
22;21167;2019-04-11 13:03:09.0;
22;21172.5;2019-04-11 13:03:22.0;
22;21172;2019-04-11 13:03:24.0;
22;21177.5;2019-04-11 13:03:44.0;
22;21172;2019-04-11 13:03:49.0;
22;21172.5;2019-04-11 13:04:02.0;
22;21175;2019-04-11 13:04:07.0;
22;21174.5;2019-04-11 13:04:11.0;
22;21175;2019-04-11 13:04:13.0;
22;21177.5;2019-04-11 13:04:15.0;
22;21182;2019-04-11 13:06:07.0;
22;21177.5;2019-04-11 13:06:08.0;
22;21182;2019-04-11 13:06:10.0;
22;21185;2019-04-11 13:06:34.0;
22;21182;2019-04-11 13:06:35.0;
22;21187;2019-04-11 13:06:37.0;
22;21185;2019-04-11 13:06:38.0;
22;21187;2019-04-11 13:06:39.0;
22;21184.5;2019-04-11 13:07:16.0;
22;21187;2019-04-11 13:07:17.0;
22;21184.5;2019-04-11 13:07:18.0;
22;21177;2019-04-11 13:08:42.0;
22;21172;2019-04-11 13:08:51.0;
22;21177.5;2019-04-11 13:09:05.0;
22;21179.5;2019-04-11 13:09:28.0;
22;21180;2019-04-11 13:10:05.0;
22;21177.5;2019-04-11 13:10:07.0;
22;21180;2019-04-11 13:10:10.0;
22;21177.5;2019-04-11 13:10:11.0;
22;21172.5;2019-04-11 13:10:20.0;
22;21174.5;2019-04-11 13:10:24.0;
22;21167.5;2019-04-11 13:11:18.0;
22;21162.5;2019-04-11 13:11:39.0;
22;21167.5;2019-04-11 13:11:41.0;
22;21162.5;2019-04-11 13:11:42.0;
22;21167;2019-04-11 13:12:12.0;
22;21164.5;2019-04-11 13:12:16.0;
22;21167;2019-04-11 13:12:29.0;
22;21172.5;2019-04-11 13:12:35.0;
22;21177;2019-04-11 13:13:15.0;
22;21172.5;2019-04-11 13:13:18.0;
22;21174.5;2019-04-11 13:13:25.0;
22;21175;2019-04-11 13:13:31.0;
22;21169.5;2019-04-11 13:13:37.0;
22;21167;2019-04-11 13:14:08.0;
22;21164.5;2019-04-11 13:14:18.0;
22;21169.5;2019-04-11 13:14:28.0;
22;21167;2019-04-11 13:14:35.0;
22;21172;2019-04-11 13:14:44.0;
22;21167;2019-04-11 13:14:46.0;
22;21172;2019-04-11 13:14:47.0;
22;21169.5;2019-04-11 13:14:56.0;
22;21170;2019-04-11 13:15:12.0;
22;21167.5;2019-04-11 13:15:17.0;
22;21162.5;2019-04-11 13:15:29.0;
22;21157;2019-04-11 13:16:08.0;
22;21164.5;2019-04-11 13:17:29.0;
22;21165;2019-04-11 13:17:34.0;
22;21164.5;2019-04-11 13:17:36.0;
22;21165;2019-04-11 13:17:37.0;
22;21167;2019-04-11 13:17:38.0;
22;21165;2019-04-11 13:17:41.0;
22;21167;2019-04-11 13:17:43.0;
22;21172.5;2019-04-11 13:18:07.0;
22;21174.5;2019-04-11 13:18:10.0;
22;21172;2019-04-11 13:18:21.0;
22;21182.5;2019-04-11 13:18:28.0;
22;21179.5;2019-04-11 13:18:31.0;
22;21177;2019-04-11 13:18:35.0;
22;21182;2019-04-11 13:18:42.0;
22;21177.5;2019-04-11 13:20:35.0;
22;21167.5;2019-04-11 13:21:03.0;
22;21177.5;2019-04-11 13:21:06.0;
22;21167;2019-04-11 13:21:07.0;
22;21169.5;2019-04-11 13:21:13.0;
22;21175;2019-04-11 13:21:24.0;
22;21172;2019-04-11 13:21:38.0;
22;21169.5;2019-04-11 13:22:07.0;
22;21172;2019-04-11 13:22:24.0;
22;21169.5;2019-04-11 13:22:32.0;
22;21172;2019-04-11 13:22:37.0;
22;21175;2019-04-11 13:22:45.0;
22;21172.5;2019-04-11 13:22:53.0;
22;21172;2019-04-11 13:22:56.0;
22;21177;2019-04-11 13:23:00.0;
22;21179.5;2019-04-11 13:23:12.0;
22;21177;2019-04-11 13:23:13.0;
22;21179.5;2019-04-11 13:23:15.0;
22;21184.5;2019-04-11 13:24:14.0;
22;21187.5;2019-04-11 13:24:18.0;
22;21185;2019-04-11 13:24:25.0;
22;21182;2019-04-11 13:24:35.0;
22;21185;2019-04-11 13:24:37.0;
22;21182;2019-04-11 13:24:38.0;
22;21177.5;2019-04-11 13:24:48.0;
22;21174.5;2019-04-11 13:25:03.0;
22;21177.5;2019-04-11 13:25:04.0;
22;21174.5;2019-04-11 13:25:06.0;
22;21177.5;2019-04-11 13:25:39.0;
22;21177;2019-04-11 13:25:44.0;
22;21167.5;2019-04-11 13:26:31.0;
22;21167;2019-04-11 13:26:39.0;
22;21169.5;2019-04-11 13:26:50.0;
22;21172;2019-04-11 13:26:53.0;
22;21182.5;2019-04-11 13:28:07.0;
22;21177.5;2019-04-11 13:28:15.0;
22;21182.5;2019-04-11 13:28:37.0;
22;21187.5;2019-04-11 13:28:52.0;
22;21182.5;2019-04-11 13:28:54.0;
22;21187.5;2019-04-11 13:28:55.0;
22;21177.5;2019-04-11 13:29:02.0;
22;21187.5;2019-04-11 13:29:03.0;
22;21177.5;2019-04-11 13:29:05.0;
22;21182.5;2019-04-11 13:29:08.0;
22;21177.5;2019-04-11 13:29:09.0;
22;21182.5;2019-04-11 13:29:10.0;
22;21179.5;2019-04-11 13:29:16.0;
22;21180;2019-04-11 13:29:18.0;
22;21182.5;2019-04-11 13:29:22.0;
22;21180;2019-04-11 13:29:23.0;
22;21182.5;2019-04-11 13:29:25.0;
22;21179.5;2019-04-11 13:29:27.0;
22;21177;2019-04-11 13:29:30.0;
22;21169.5;2019-04-11 13:29:42.0;
22;21167;2019-04-11 13:30:15.0;
22;21172.5;2019-04-11 13:30:23.0;
22;21169.5;2019-04-11 13:30:29.0;
22;21174.5;2019-04-11 13:30:51.0;
22;21177.5;2019-04-11 13:30:58.0;
22;21175;2019-04-11 13:31:02.0;
22;21177;2019-04-11 13:31:04.0;
22;21174.5;2019-04-11 13:31:10.0;
22;21177;2019-04-11 13:31:11.0;
22;21174.5;2019-04-11 13:31:14.0;
22;21177;2019-04-11 13:31:16.0;
22;21182.5;2019-04-11 13:32:03.0;
22;21177;2019-04-11 13:32:04.0;
22;21182.5;2019-04-11 13:32:06.0;
22;21180;2019-04-11 13:32:13.0;
22;21182;2019-04-11 13:32:16.0;
22;21180;2019-04-11 13:32:17.0;
22;21179.5;2019-04-11 13:32:19.0;
22;21177;2019-04-11 13:32:23.0;
22;21177.5;2019-04-11 13:32:47.0;
22;21177;2019-04-11 13:32:51.0;
22;21175;2019-04-11 13:32:58.0;
22;21177.5;2019-04-11 13:33:03.0;
22;21175;2019-04-11 13:33:05.0;
22;21177.5;2019-04-11 13:33:06.0;
22;21172.5;2019-04-11 13:33:08.0;
22;21177.5;2019-04-11 13:33:10.0;
22;21172;2019-04-11 13:33:11.0;
22;21172.5;2019-04-11 13:33:12.0;
22;21172;2019-04-11 13:33:14.0;
22;21170;2019-04-11 13:33:22.0;
22;21175;2019-04-11 13:33:26.0;
22;21174.5;2019-04-11 13:33:29.0;
22;21172;2019-04-11 13:33:39.0;
22;21177.5;2019-04-11 13:33:49.0;
22;21172.5;2019-04-11 13:34:27.0;
22;21172;2019-04-11 13:34:32.0;
22;21169.5;2019-04-11 13:34:39.0;
22;21172;2019-04-11 13:34:41.0;
22;21169.5;2019-04-11 13:34:43.0;
22;21170;2019-04-11 13:34:44.0;
22;21167;2019-04-11 13:34:50.0;
22;21170;2019-04-11 13:34:54.0;
22;21167.5;2019-04-11 13:35:00.0;
22;21164.5;2019-04-11 13:35:05.0;
22;21162;2019-04-11 13:35:09.0;
22;21160;2019-04-11 13:35:47.0;
22;21162;2019-04-11 13:35:50.0;
22;21160;2019-04-11 13:35:51.0;
22;21162.5;2019-04-11 13:36:06.0;
22;21167.5;2019-04-11 13:36:27.0;
22;21162.5;2019-04-11 13:36:29.0;
22;21167.5;2019-04-11 13:36:30.0;
22;21169.5;2019-04-11 13:36:39.0;
22;21172.5;2019-04-11 13:36:43.0;
22;21172;2019-04-11 13:37:50.0;
22;21169.5;2019-04-11 13:38:05.0;
22;21167;2019-04-11 13:38:35.0;
22;21172.5;2019-04-11 13:38:49.0;
22;21169.5;2019-04-11 13:38:54.0;
22;21170;2019-04-11 13:39:03.0;
22;21167;2019-04-11 13:39:09.0;
22;21170;2019-04-11 13:39:21.0;
22;21172;2019-04-11 13:39:27.0;
22;21162.5;2019-04-11 13:39:40.0;
22;21157.5;2019-04-11 13:39:44.0;
22;21155;2019-04-11 13:39:48.0;
22;21157;2019-04-11 13:40:05.0;
22;21152;2019-04-11 13:40:07.0;
22;21157;2019-04-11 13:40:09.0;
22;21152;2019-04-11 13:40:10.0;
22;21152.5;2019-04-11 13:40:12.0;
22;21157.5;2019-04-11 13:40:49.0;
22;21155;2019-04-11 13:40:51.0;
22;21157.5;2019-04-11 13:40:54.0;
22;21155;2019-04-11 13:40:55.0;
22;21154.5;2019-04-11 13:40:56.0;
22;21155;2019-04-11 13:41:02.0;
22;21154.5;2019-04-11 13:41:31.0;
22;21155;2019-04-11 13:41:33.0;
22;21154.5;2019-04-11 13:41:34.0;
22;21152;2019-04-11 13:41:37.0;
22;21157.5;2019-04-11 13:44:46.0;
22;21159.5;2019-04-11 13:44:51.0;
22;21157.5;2019-04-11 13:44:53.0;
22;21159.5;2019-04-11 13:44:54.0;
22;21162.5;2019-04-11 13:45:43.0;
22;21157;2019-04-11 13:46:04.0;
22;21162.5;2019-04-11 13:46:05.0;
22;21157;2019-04-11 13:46:07.0;
22;21159.5;2019-04-11 13:46:51.0;
22;21154.5;2019-04-11 13:48:39.0;
22;21159.5;2019-04-11 13:48:40.0;
22;21154.5;2019-04-11 13:48:41.0;
22;21155;2019-04-11 13:48:59.0;
22;21157;2019-04-11 13:49:00.0;
22;21155;2019-04-11 13:49:02.0;
22;21157;2019-04-11 13:49:03.0;
22;21154.5;2019-04-11 13:49:04.0;
22;21152.5;2019-04-11 13:49:10.0;
22;21157.5;2019-04-11 13:49:12.0;
22;21159.5;2019-04-11 13:50:03.0;
22;21157.5;2019-04-11 13:50:05.0;
22;21159.5;2019-04-11 13:50:06.0;
22;21164.5;2019-04-11 13:50:19.0;
22;21167.5;2019-04-11 13:50:32.0;
22;21162.5;2019-04-11 13:50:53.0;
22;21165;2019-04-11 13:50:55.0;
22;21162.5;2019-04-11 13:50:56.0;
22;21165;2019-04-11 13:50:59.0;
22;21162;2019-04-11 13:51:00.0;
22;21165;2019-04-11 13:51:02.0;
22;21162;2019-04-11 13:51:03.0;
22;21165;2019-04-11 13:51:05.0;
22;21167;2019-04-11 13:51:08.0;
22;21165;2019-04-11 13:51:09.0;
22;21164.5;2019-04-11 13:51:11.0;
22;21167.5;2019-04-11 13:51:17.0;
22;21162.5;2019-04-11 13:51:31.0;
22;21167.5;2019-04-11 13:51:33.0;
22;21164.5;2019-04-11 13:51:34.0;
22;21157.5;2019-04-11 13:54:23.0;
22;21164.5;2019-04-11 13:54:24.0;
22;21157.5;2019-04-11 13:54:26.0;
22;21152.5;2019-04-11 13:55:00.0;
22;21154.5;2019-04-11 13:55:05.0;
22;21157;2019-04-11 13:55:15.0;
22;21152;2019-04-11 13:56:51.0;
22;21150;2019-04-11 13:58:05.0;
22;21152.5;2019-04-11 13:58:10.0;
22;21149.5;2019-04-11 13:59:03.0;
22;21152;2019-04-11 14:00:19.0;
22;21149.5;2019-04-11 14:00:45.0;
22;21152;2019-04-11 14:02:19.0;
22;21147.5;2019-04-11 14:02:34.0;
22;21152.5;2019-04-11 14:02:54.0;
22;21147.5;2019-04-11 14:02:57.0;
22;21149.5;2019-04-11 14:02:58.0;
22;21147;2019-04-11 14:03:03.0;
22;21149.5;2019-04-11 14:03:18.0;
22;21157;2019-04-11 14:04:29.0;
22;21152.5;2019-04-11 14:04:31.0;
22;21147.5;2019-04-11 14:04:59.0;
22;21152.5;2019-04-11 14:05:06.0;
22;21147.5;2019-04-11 14:05:18.0;
22;21152.5;2019-04-11 14:05:22.0;
22;21149.5;2019-04-11 14:05:28.0;
22;21147.5;2019-04-11 14:05:35.0;
22;21152.5;2019-04-11 14:05:41.0;
22;21147;2019-04-11 14:06:06.0;
22;21149.5;2019-04-11 14:06:31.0;
22;21152.5;2019-04-11 14:06:35.0;
22;21149.5;2019-04-11 14:06:38.0;
22;21152.5;2019-04-11 14:06:40.0;
22;21147;2019-04-11 14:06:52.0;
22;21152.5;2019-04-11 14:06:53.0;
22;21147;2019-04-11 14:06:55.0;
22;21149.5;2019-04-11 14:06:56.0;
22;21154.5;2019-04-11 14:07:16.0;
22;21152.5;2019-04-11 14:07:19.0;
22;21154.5;2019-04-11 14:07:21.0;
22;21152.5;2019-04-11 14:07:22.0;
22;21157.5;2019-04-11 14:08:04.0;
22;21157;2019-04-11 14:08:08.0;
22;21159.5;2019-04-11 14:08:19.0;
22;21162.5;2019-04-11 14:08:39.0;
22;21157.5;2019-04-11 14:09:02.0;
22;21159.5;2019-04-11 14:09:03.0;
22;21157.5;2019-04-11 14:09:04.0;
22;21159.5;2019-04-11 14:09:06.0;
22;21162.5;2019-04-11 14:09:09.0;
22;21157;2019-04-11 14:09:29.0;
22;21162;2019-04-11 14:09:35.0;
22;21167.5;2019-04-11 14:09:47.0;
22;21162;2019-04-11 14:10:03.0;
22;21159.5;2019-04-11 14:10:07.0;
22;21162;2019-04-11 14:10:09.0;
22;21159.5;2019-04-11 14:10:11.0;
22;21164.5;2019-04-11 14:10:41.0;
22;21162;2019-04-11 14:11:39.0;
22;21172.5;2019-04-11 14:12:07.0;
22;21167;2019-04-11 14:12:14.0;
22;21172.5;2019-04-11 14:12:15.0;
22;21167;2019-04-11 14:12:17.0;
22;21169.5;2019-04-11 14:12:31.0;
22;21170;2019-04-11 14:12:38.0;
22;21169.5;2019-04-11 14:12:39.0;
22;21170;2019-04-11 14:12:41.0;
22;21167;2019-04-11 14:12:48.0;
22;21172.5;2019-04-11 14:12:55.0;
22;21167;2019-04-11 14:12:57.0;
22;21172.5;2019-04-11 14:12:58.0;
22;21167.5;2019-04-11 14:13:10.0;
22;21167;2019-04-11 14:13:14.0;
22;21162.5;2019-04-11 14:14:24.0;
22;21167.5;2019-04-11 14:14:29.0;
22;21162.5;2019-04-11 14:14:31.0;
22;21167.5;2019-04-11 14:14:32.0;
22;21162.5;2019-04-11 14:15:03.0;
22;21167.5;2019-04-11 14:15:21.0;
22;21167;2019-04-11 14:15:24.0;
22;21165;2019-04-11 14:15:29.0;
22;21162.5;2019-04-11 14:15:31.0;
22;21157;2019-04-11 14:15:45.0;
22;21162.5;2019-04-11 14:15:51.0;
22;21164.5;2019-04-11 14:16:03.0;
22;21162;2019-04-11 14:16:13.0;
22;21164.5;2019-04-11 14:16:18.0;
22;21162;2019-04-11 14:16:30.0;
22;21157.5;2019-04-11 14:16:39.0;
22;21162;2019-04-11 14:16:48.0;
22;21164.5;2019-04-11 14:17:10.0;
22;21172.5;2019-04-11 14:17:45.0;
22;21169.5;2019-04-11 14:17:46.0;
22;21167;2019-04-11 14:18:14.0;
22;21162.5;2019-04-11 14:18:32.0;
22;21164.5;2019-04-11 14:18:51.0;
22;21162;2019-04-11 14:18:55.0;
22;21167.5;2019-04-11 14:18:59.0;
22;21164.5;2019-04-11 14:19:24.0;
22;21167.5;2019-04-11 14:19:26.0;
22;21167;2019-04-11 14:19:28.0;
22;21164.5;2019-04-11 14:19:44.0;
22;21167;2019-04-11 14:20:08.0;
22;21172.5;2019-04-11 14:20:39.0;
22;21169.5;2019-04-11 14:20:43.0;
22;21174.5;2019-04-11 14:20:51.0;
22;21182.5;2019-04-11 14:21:13.0;
22;21184.5;2019-04-11 14:21:20.0;
22;21185;2019-04-11 14:21:24.0;
22;21182.5;2019-04-11 14:21:35.0;
22;21187.5;2019-04-11 14:21:42.0;
22;21182.5;2019-04-11 14:21:43.0;
22;21187.5;2019-04-11 14:21:49.0;
22;21189.5;2019-04-11 14:22:09.0;
22;21195;2019-04-11 14:22:10.0;
22;21189.5;2019-04-11 14:22:12.0;
22;21195;2019-04-11 14:22:14.0;
22;21192;2019-04-11 14:22:15.0;
22;21194.5;2019-04-11 14:22:19.0;
22;21192;2019-04-11 14:22:23.0;
22;21190;2019-04-11 14:22:32.0;
22;21182;2019-04-11 14:22:44.0;
22;21177.5;2019-04-11 14:22:46.0;
22;21179.5;2019-04-11 14:23:28.0;
22;21182;2019-04-11 14:23:29.0;
22;21187.5;2019-04-11 14:23:42.0;
22;21184.5;2019-04-11 14:23:48.0;
22;21182.5;2019-04-11 14:24:04.0;
22;21187.5;2019-04-11 14:24:11.0;
22;21187;2019-04-11 14:24:14.0;
22;21187.5;2019-04-11 14:24:16.0;
22;21187;2019-04-11 14:24:17.0;
22;21184.5;2019-04-11 14:24:34.0;
22;21187;2019-04-11 14:24:36.0;
22;21184.5;2019-04-11 14:24:37.0;
22;21185;2019-04-11 14:24:39.0;
22;21184.5;2019-04-11 14:24:41.0;
22;21185;2019-04-11 14:24:43.0;
22;21187.5;2019-04-11 14:24:46.0;
22;21182.5;2019-04-11 14:24:53.0;
22;21182;2019-04-11 14:24:54.0;
22;21182.5;2019-04-11 14:24:57.0;
22;21182;2019-04-11 14:24:58.0;
22;21187.5;2019-04-11 14:25:07.0;
22;21192.5;2019-04-11 14:25:44.0;
22;21189.5;2019-04-11 14:25:47.0;
22;21192.5;2019-04-11 14:26:06.0;
22;21187.5;2019-04-11 14:27:46.0;
22;21192.5;2019-04-11 14:27:48.0;
22;21187.5;2019-04-11 14:27:49.0;
22;21189.5;2019-04-11 14:28:04.0;
22;21185;2019-04-11 14:28:31.0;
22;21184.5;2019-04-11 14:28:37.0;
22;21182.5;2019-04-11 14:28:41.0;
22;21182;2019-04-11 14:28:43.0;
22;21182.5;2019-04-11 14:28:44.0;
22;21182;2019-04-11 14:28:46.0;
22;21172;2019-04-11 14:30:02.0;
22;21182;2019-04-11 14:30:05.0;
22;21172;2019-04-11 14:30:07.0;
22;21175;2019-04-11 14:30:22.0;
22;21174.5;2019-04-11 14:30:31.0;
22;21172;2019-04-11 14:30:35.0;
22;21172.5;2019-04-11 14:30:39.0;
22;21174.5;2019-04-11 14:30:42.0;
22;21172.5;2019-04-11 14:30:43.0;
22;21174.5;2019-04-11 14:30:45.0;
22;21177.5;2019-04-11 14:30:48.0;
22;21177;2019-04-11 14:30:51.0;
22;21177.5;2019-04-11 14:30:52.0;
22;21177;2019-04-11 14:30:54.0;
22;21172;2019-04-11 14:30:59.0;
22;21172.5;2019-04-11 14:31:06.0;
22;21172;2019-04-11 14:31:07.0;
22;21172.5;2019-04-11 14:31:09.0;
22;21169.5;2019-04-11 14:31:11.0;
22;21174.5;2019-04-11 14:31:18.0;
22;21169.5;2019-04-11 14:31:19.0;
22;21174.5;2019-04-11 14:31:21.0;
22;21172;2019-04-11 14:31:28.0;
22;21177;2019-04-11 14:31:30.0;
22;21177.5;2019-04-11 14:31:35.0;
22;21177;2019-04-11 14:32:08.0;
22;21180;2019-04-11 14:32:21.0;
22;21179.5;2019-04-11 14:32:23.0;
22;21182.5;2019-04-11 14:32:28.0;
22;21179.5;2019-04-11 14:32:36.0;
22;21182.5;2019-04-11 14:32:40.0;
22;21177.5;2019-04-11 14:32:44.0;
22;21182.5;2019-04-11 14:32:57.0;
22;21187.5;2019-04-11 14:33:12.0;
22;21187;2019-04-11 14:33:17.0;
22;21182.5;2019-04-11 14:34:03.0;
22;21187.5;2019-04-11 14:34:09.0;
22;21182.5;2019-04-11 14:34:10.0;
22;21187.5;2019-04-11 14:34:11.0;
22;21189.5;2019-04-11 14:34:34.0;
22;21192.5;2019-04-11 14:34:39.0;
22;21189.5;2019-04-11 14:34:42.0;
22;21192.5;2019-04-11 14:34:43.0;
22;21190;2019-04-11 14:34:49.0;
22;21192;2019-04-11 14:34:52.0;
22;21197.5;2019-04-11 14:35:15.0;
22;21194.5;2019-04-11 14:35:20.0;
22;21192;2019-04-11 14:36:02.0;
22;21187;2019-04-11 14:36:08.0;
22;21187.5;2019-04-11 14:36:15.0;
22;21192.5;2019-04-11 14:36:21.0;
22;21187.5;2019-04-11 14:36:58.0;
22;21192.5;2019-04-11 14:37:00.0;
22;21187.5;2019-04-11 14:37:01.0;
22;21182;2019-04-11 14:37:03.0;
22;21182.5;2019-04-11 14:37:13.0;
22;21187.5;2019-04-11 14:37:18.0;
22;21182.5;2019-04-11 14:37:19.0;
22;21187.5;2019-04-11 14:37:20.0;
22;21187;2019-04-11 14:37:26.0;
22;21184.5;2019-04-11 14:37:27.0;
22;21187;2019-04-11 14:37:28.0;
22;21184.5;2019-04-11 14:37:30.0;
22;21187.5;2019-04-11 14:37:31.0;
22;21182;2019-04-11 14:37:37.0;
22;21187.5;2019-04-11 14:37:44.0;
22;21187;2019-04-11 14:37:47.0;
22;21187.5;2019-04-11 14:37:48.0;
22;21187;2019-04-11 14:37:50.0;
22;21189.5;2019-04-11 14:38:17.0;
22;21187;2019-04-11 14:38:19.0;
22;21189.5;2019-04-11 14:39:26.0;
22;21187.5;2019-04-11 14:39:27.0;
22;21182.5;2019-04-11 14:40:04.0;
22;21179.5;2019-04-11 14:40:43.0;
22;21174.5;2019-04-11 14:41:07.0;
22;21172;2019-04-11 14:41:11.0;
22;21177.5;2019-04-11 14:42:03.0;
22;21169.5;2019-04-11 14:42:35.0;
22;21172.5;2019-04-11 14:42:40.0;
22;21167.5;2019-04-11 14:42:45.0;
22;21172.5;2019-04-11 14:42:52.0;
22;21172;2019-04-11 14:42:57.0;
22;21174.5;2019-04-11 14:43:11.0;
22;21177.5;2019-04-11 14:43:23.0;
22;21172.5;2019-04-11 14:43:27.0;
22;21177;2019-04-11 14:43:39.0;
22;21172.5;2019-04-11 14:43:40.0;
22;21177;2019-04-11 14:43:42.0;
22;21172;2019-04-11 14:44:04.0;
22;21175;2019-04-11 14:44:09.0;
22;21177;2019-04-11 14:44:12.0;
22;21175;2019-04-11 14:44:13.0;
22;21174.5;2019-04-11 14:44:15.0;
22;21177;2019-04-11 14:44:20.0;
22;21180;2019-04-11 14:44:35.0;
22;21177;2019-04-11 14:44:40.0;
22;21180;2019-04-11 14:44:42.0;
22;21177.5;2019-04-11 14:44:43.0;
22;21177;2019-04-11 14:45:07.0;
22;21172.5;2019-04-11 14:45:48.0;
22;21177;2019-04-11 14:46:05.0;
22;21179.5;2019-04-11 14:46:19.0;
22;21184.5;2019-04-11 14:46:24.0;
22;21182;2019-04-11 14:46:35.0;
22;21184.5;2019-04-11 14:46:41.0;
22;21182;2019-04-11 14:46:43.0;
22;21185;2019-04-11 14:46:46.0;
22;21182.5;2019-04-11 14:46:53.0;
22;21182;2019-04-11 14:46:54.0;
22;21182.5;2019-04-11 14:46:56.0;
22;21182;2019-04-11 14:46:57.0;
22;21187.5;2019-04-11 14:47:12.0;
22;21182;2019-04-11 14:47:14.0;
22;21187.5;2019-04-11 14:47:15.0;
22;21182.5;2019-04-11 14:47:18.0;
22;21182;2019-04-11 14:47:22.0;
22;21184.5;2019-04-11 14:47:43.0;
22;21187.5;2019-04-11 14:48:12.0;
22;21182.5;2019-04-11 14:48:30.0;
22;21184.5;2019-04-11 14:48:31.0;
22;21182.5;2019-04-11 14:48:33.0;
22;21184.5;2019-04-11 14:48:34.0;
22;21189.5;2019-04-11 14:48:42.0;
22;21182.5;2019-04-11 14:49:16.0;
22;21182;2019-04-11 14:49:19.0;
22;21182.5;2019-04-11 14:49:21.0;
22;21182;2019-04-11 14:49:22.0;
22;21184.5;2019-04-11 14:49:30.0;
22;21182;2019-04-11 14:49:32.0;
22;21187.5;2019-04-11 14:49:36.0;
22;21184.5;2019-04-11 14:49:43.0;
22;21187.5;2019-04-11 14:49:44.0;
22;21184.5;2019-04-11 14:49:46.0;
22;21192.5;2019-04-11 14:50:19.0;
22;21194.5;2019-04-11 14:50:29.0;
22;21195;2019-04-11 14:51:08.0;
22;21194.5;2019-04-11 14:51:09.0;
22;21195;2019-04-11 14:51:10.0;
22;21197;2019-04-11 14:51:12.0;
22;21197.5;2019-04-11 14:51:18.0;
22;21202.5;2019-04-11 14:52:04.0;
22;21207;2019-04-11 14:52:11.0;
22;21202.5;2019-04-11 14:52:13.0;
22;21207;2019-04-11 14:52:14.0;
22;21207.5;2019-04-11 14:52:17.0;
22;21205;2019-04-11 14:52:24.0;
22;21202;2019-04-11 14:52:27.0;
22;21205;2019-04-11 14:52:28.0;
22;21202;2019-04-11 14:52:30.0;
22;21207;2019-04-11 14:52:33.0;
22;21202;2019-04-11 14:52:39.0;
22;21204.5;2019-04-11 14:53:36.0;
22;21207;2019-04-11 14:53:39.0;
22;21205;2019-04-11 14:53:45.0;
22;21207;2019-04-11 14:53:48.0;
22;21204.5;2019-04-11 14:54:04.0;
22;21207;2019-04-11 14:54:07.0;
22;21204.5;2019-04-11 14:54:09.0;
22;21207;2019-04-11 14:54:10.0;
22;21204.5;2019-04-11 14:54:38.0;
22;21207;2019-04-11 14:54:44.0;
22;21207.5;2019-04-11 14:54:51.0;
22;21204.5;2019-04-11 14:55:04.0;
22;21202.5;2019-04-11 14:55:20.0;
22;21207;2019-04-11 14:55:25.0;
22;21202.5;2019-04-11 14:55:26.0;
22;21207;2019-04-11 14:55:29.0;
22;21202.5;2019-04-11 14:55:32.0;
22;21207;2019-04-11 14:55:33.0;
22;21202.5;2019-04-11 14:55:35.0;
22;21207;2019-04-11 14:55:40.0;
22;21205;2019-04-11 14:56:05.0;
22;21207;2019-04-11 14:56:06.0;
22;21205;2019-04-11 14:56:07.0;
22;21207.5;2019-04-11 14:56:10.0;
22;21207;2019-04-11 14:56:11.0;
22;21202;2019-04-11 14:56:17.0;
22;21202.5;2019-04-11 14:56:20.0;
22;21204.5;2019-04-11 14:56:24.0;
22;21202;2019-04-11 14:56:28.0;
22;21204.5;2019-04-11 14:56:30.0;
22;21202;2019-04-11 14:56:31.0;
22;21205;2019-04-11 14:56:40.0;
22;21202.5;2019-04-11 14:56:44.0;
22;21207.5;2019-04-11 14:56:47.0;
22;21202.5;2019-04-11 14:56:48.0;
22;21207.5;2019-04-11 14:56:50.0;
22;21205;2019-04-11 14:57:04.0;
22;21207.5;2019-04-11 14:57:08.0;
22;21202.5;2019-04-11 14:57:11.0;
22;21207.5;2019-04-11 14:57:13.0;
22;21202.5;2019-04-11 14:57:14.0;
22;21207;2019-04-11 14:57:26.0;
22;21202;2019-04-11 14:57:36.0;
22;21204.5;2019-04-11 14:57:41.0;
22;21202;2019-04-11 14:57:42.0;
22;21204.5;2019-04-11 14:57:43.0;
22;21202;2019-04-11 14:57:45.0;
22;21197.5;2019-04-11 14:58:33.0;
22;21202.5;2019-04-11 14:58:37.0;
22;21202;2019-04-11 14:58:39.0;
22;21202.5;2019-04-11 14:58:42.0;
22;21199.5;2019-04-11 14:58:43.0;
22;21197.5;2019-04-11 14:58:50.0;
22;21194.5;2019-04-11 15:00:03.0;
22;21189.5;2019-04-11 15:00:09.0;
22;21192.5;2019-04-11 15:00:19.0;
22;21194.5;2019-04-11 15:00:47.0;
22;21197.5;2019-04-11 15:00:54.0;
22;21197;2019-04-11 15:00:55.0;
22;21194.5;2019-04-11 15:01:06.0;
22;21187;2019-04-11 15:02:42.0;
22;21182.5;2019-04-11 15:02:54.0;
22;21184.5;2019-04-11 15:03:01.0;
22;21187;2019-04-11 15:03:34.0;
22;21184.5;2019-04-11 15:03:35.0;
22;21187;2019-04-11 15:03:37.0;
22;21187.5;2019-04-11 15:03:39.0;
22;21187;2019-04-11 15:03:44.0;
22;21187.5;2019-04-11 15:04:51.0;
22;21187;2019-04-11 15:04:53.0;
22;21187.5;2019-04-11 15:04:54.0;
22;21192;2019-04-11 15:06:04.0;
22;21194.5;2019-04-11 15:06:08.0;
22;21192;2019-04-11 15:06:11.0;
22;21194.5;2019-04-11 15:06:13.0;
22;21192;2019-04-11 15:06:14.0;
22;21187;2019-04-11 15:06:25.0;
22;21182.5;2019-04-11 15:07:35.0;
22;21187;2019-04-11 15:07:39.0;
22;21187.5;2019-04-11 15:08:12.0;
22;21182.5;2019-04-11 15:08:38.0;
22;21187.5;2019-04-11 15:10:06.0;
22;21182.5;2019-04-11 15:11:24.0;
22;21182;2019-04-11 15:11:31.0;
22;21184.5;2019-04-11 15:11:53.0;
22;21182;2019-04-11 15:12:49.0;
22;21187.5;2019-04-11 15:13:02.0;
22;21184.5;2019-04-11 15:14:25.0;
22;21182;2019-04-11 15:14:28.0;
22;21184.5;2019-04-11 15:14:29.0;
22;21182;2019-04-11 15:14:31.0;
22;21184.5;2019-04-11 15:14:42.0;
22;21187.5;2019-04-11 15:14:43.0;
22;21184.5;2019-04-11 15:14:45.0;
22;21187.5;2019-04-11 15:14:46.0;
22;21185;2019-04-11 15:14:49.0;
22;21187;2019-04-11 15:14:55.0;
22;21184.5;2019-04-11 15:16:03.0;
22;21187;2019-04-11 15:17:08.0;
22;21182.5;2019-04-11 15:17:25.0;
22;21182;2019-04-11 15:17:31.0;
22;21187.5;2019-04-11 15:17:39.0;
22;21182;2019-04-11 15:17:40.0;
22;21187.5;2019-04-11 15:17:41.0;
22;21182.5;2019-04-11 15:17:44.0;
22;21184.5;2019-04-11 15:18:04.0;
22;21189.5;2019-04-11 15:18:21.0;
22;21192.5;2019-04-11 15:18:27.0;
22;21190;2019-04-11 15:18:33.0;
22;21189.5;2019-04-11 15:18:49.0;
22;21190;2019-04-11 15:18:50.0;
22;21187;2019-04-11 15:18:52.0;
22;21189.5;2019-04-11 15:19:43.0;
22;21187;2019-04-11 15:19:45.0;
22;21189.5;2019-04-11 15:19:46.0;
22;21192.5;2019-04-11 15:20:19.0;
22;21189.5;2019-04-11 15:20:33.0;
22;21192.5;2019-04-11 15:20:38.0;
22;21187;2019-04-11 15:20:52.0;
22;21190;2019-04-11 15:20:56.0;
22;21187.5;2019-04-11 15:21:08.0;
22;21190;2019-04-11 15:21:12.0;
22;21187;2019-04-11 15:21:15.0;
22;21190;2019-04-11 15:21:17.0;
22;21187;2019-04-11 15:21:18.0;
22;21192.5;2019-04-11 15:21:44.0;
22;21187;2019-04-11 15:21:45.0;
22;21192.5;2019-04-11 15:21:48.0;
22;21192;2019-04-11 15:21:50.0;
22;21190;2019-04-11 15:22:03.0;
22;21192;2019-04-11 15:22:05.0;
22;21190;2019-04-11 15:22:06.0;
22;21187.5;2019-04-11 15:22:09.0;
22;21184.5;2019-04-11 15:22:15.0;
22;21192;2019-04-11 15:24:04.0;
22;21184.5;2019-04-11 15:24:05.0;
22;21192;2019-04-11 15:24:07.0;
22;21189.5;2019-04-11 15:24:52.0;
22;21192;2019-04-11 15:24:53.0;
22;21189.5;2019-04-11 15:24:55.0;
22;21197.5;2019-04-11 15:25:29.0;
22;21192.5;2019-04-11 15:25:31.0;
22;21197;2019-04-11 15:25:35.0;
22;21194.5;2019-04-11 15:25:41.0;
22;21197;2019-04-11 15:25:48.0;
22;21192.5;2019-04-11 15:26:14.0;
22;21197.5;2019-04-11 15:26:31.0;
22;21192.5;2019-04-11 15:26:38.0;
22;21192;2019-04-11 15:26:44.0;
22;21195;2019-04-11 15:26:49.0;
22;21192;2019-04-11 15:26:51.0;
22;21195;2019-04-11 15:26:54.0;
22;21192;2019-04-11 15:26:56.0;
22;21195;2019-04-11 15:27:07.0;
22;21194.5;2019-04-11 15:27:11.0;
22;21192.5;2019-04-11 15:27:26.0;
22;21194.5;2019-04-11 15:27:28.0;
22;21192.5;2019-04-11 15:27:29.0;
22;21192;2019-04-11 15:27:33.0;
22;21192.5;2019-04-11 15:27:35.0;
22;21192;2019-04-11 15:27:39.0;
22;21187;2019-04-11 15:28:05.0;
22;21182.5;2019-04-11 15:28:27.0;
22;21187;2019-04-11 15:28:40.0;
22;21182;2019-04-11 15:28:55.0;
22;21187;2019-04-11 15:29:03.0;
22;21182;2019-04-11 15:29:04.0;
22;21187;2019-04-11 15:29:06.0;
22;21187.5;2019-04-11 15:29:07.0;
22;21187;2019-04-11 15:29:09.0;
22;21187.5;2019-04-11 15:29:10.0;
22;21192;2019-04-11 15:29:18.0;
22;21187.5;2019-04-11 15:29:19.0;
22;21192;2019-04-11 15:29:20.0;
22;21187.5;2019-04-11 15:29:22.0;
22;21192.5;2019-04-11 15:29:27.0;
22;21187.5;2019-04-11 15:29:35.0;
22;21184.5;2019-04-11 15:30:17.0;
22;21185;2019-04-11 15:30:19.0;
22;21182;2019-04-11 15:30:26.0;
22;21179.5;2019-04-11 15:30:35.0;
22;21182;2019-04-11 15:30:36.0;
22;21179.5;2019-04-11 15:30:38.0;
22;21180;2019-04-11 15:30:39.0;
22;21177;2019-04-11 15:30:42.0;
22;21182.5;2019-04-11 15:30:49.0;
22;21177;2019-04-11 15:31:00.0;
22;21182.5;2019-04-11 15:31:13.0;
22;21179.5;2019-04-11 15:31:17.0;
22;21177.5;2019-04-11 15:31:19.0;
22;21172.5;2019-04-11 15:31:30.0;
22;21177.5;2019-04-11 15:31:31.0;
22;21172.5;2019-04-11 15:31:33.0;
22;21167.5;2019-04-11 15:31:43.0;
22;21172.5;2019-04-11 15:32:05.0;
22;21167.5;2019-04-11 15:32:15.0;
22;21172.5;2019-04-11 15:32:42.0;
22;21169.5;2019-04-11 15:32:47.0;
22;21177.5;2019-04-11 15:32:58.0;
22;21174.5;2019-04-11 15:33:02.0;
22;21179.5;2019-04-11 15:33:14.0;
22;21177.5;2019-04-11 15:33:21.0;
22;21182.5;2019-04-11 15:33:36.0;
22;21184.5;2019-04-11 15:34:05.0;
22;21182;2019-04-11 15:34:09.0;
22;21184.5;2019-04-11 15:34:20.0;
22;21182;2019-04-11 15:34:22.0;
22;21184.5;2019-04-11 15:34:23.0;
22;21179.5;2019-04-11 15:34:31.0;
22;21177.5;2019-04-11 15:34:35.0;
22;21177;2019-04-11 15:34:41.0;
22;21182.5;2019-04-11 15:34:56.0;
22;21177;2019-04-11 15:35:15.0;
22;21177.5;2019-04-11 15:35:20.0;
22;21177;2019-04-11 15:35:22.0;
22;21177.5;2019-04-11 15:35:24.0;
22;21179.5;2019-04-11 15:35:39.0;
22;21169.5;2019-04-11 15:36:05.0;
22;21172;2019-04-11 15:36:24.0;
22;21172.5;2019-04-11 15:36:27.0;
22;21169.5;2019-04-11 15:36:35.0;
22;21172.5;2019-04-11 15:36:37.0;
22;21169.5;2019-04-11 15:36:40.0;
22;21172;2019-04-11 15:36:55.0;
22;21174.5;2019-04-11 15:37:23.0;
22;21177;2019-04-11 15:37:31.0;
22;21172;2019-04-11 15:37:48.0;
22;21172.5;2019-04-11 15:38:05.0;
22;21172;2019-04-11 15:38:07.0;
22;21172.5;2019-04-11 15:38:08.0;
22;21177.5;2019-04-11 15:38:20.0;
22;21172.5;2019-04-11 15:38:25.0;
22;21167.5;2019-04-11 15:38:56.0;
22;21172.5;2019-04-11 15:38:57.0;
22;21167.5;2019-04-11 15:38:58.0;
22;21172;2019-04-11 15:39:05.0;
22;21167.5;2019-04-11 15:39:10.0;
22;21164.5;2019-04-11 15:39:31.0;
22;21167.5;2019-04-11 15:39:37.0;
22;21167;2019-04-11 15:39:40.0;
22;21165;2019-04-11 15:40:04.0;
22;21162;2019-04-11 15:40:07.0;
22;21162.5;2019-04-11 15:40:22.0;
22;21165;2019-04-11 15:40:28.0;
22;21162;2019-04-11 15:40:31.0;
22;21164.5;2019-04-11 15:40:45.0;
22;21167;2019-04-11 15:41:08.0;
22;21169.5;2019-04-11 15:41:18.0;
22;21172.5;2019-04-11 15:42:04.0;
22;21174.5;2019-04-11 15:42:19.0;
22;21172.5;2019-04-11 15:42:21.0;
22;21174.5;2019-04-11 15:42:23.0;
22;21182.5;2019-04-11 15:42:52.0;
22;21174.5;2019-04-11 15:42:53.0;
22;21182.5;2019-04-11 15:42:55.0;
22;21187.5;2019-04-11 15:43:12.0;
22;21182.5;2019-04-11 15:43:13.0;
22;21187.5;2019-04-11 15:43:15.0;
22;21192.5;2019-04-11 15:43:23.0;
22;21187.5;2019-04-11 15:43:24.0;
22;21192.5;2019-04-11 15:43:26.0;
22;21192;2019-04-11 15:43:29.0;
22;21189.5;2019-04-11 15:44:31.0;
22;21187;2019-04-11 15:44:36.0;
22;21192.5;2019-04-11 15:44:39.0;
22;21187.5;2019-04-11 15:44:46.0;
22;21189.5;2019-04-11 15:44:52.0;
22;21192;2019-04-11 15:45:07.0;
22;21187.5;2019-04-11 15:45:18.0;
22;21192;2019-04-11 15:45:36.0;
22;21187.5;2019-04-11 15:45:48.0;
22;21192;2019-04-11 15:46:03.0;
22;21187.5;2019-04-11 15:46:04.0;
22;21192;2019-04-11 15:46:06.0;
22;21192.5;2019-04-11 15:46:08.0;
22;21189.5;2019-04-11 15:46:16.0;
22;21192.5;2019-04-11 15:46:19.0;
22;21192;2019-04-11 15:46:23.0;
22;21194.5;2019-04-11 15:46:52.0;
22;21202.5;2019-04-11 15:47:03.0;
22;21197.5;2019-04-11 15:47:07.0;
22;21197;2019-04-11 15:47:24.0;
22;21192.5;2019-04-11 15:47:35.0;
22;21197.5;2019-04-11 15:47:38.0;
22;21192;2019-04-11 15:47:43.0;
22;21194.5;2019-04-11 15:48:07.0;
22;21202.5;2019-04-11 15:48:08.0;
22;21199.5;2019-04-11 15:48:13.0;
22;21197.5;2019-04-11 15:48:19.0;
22;21202;2019-04-11 15:48:24.0;
22;21202.5;2019-04-11 15:48:40.0;
22;21202;2019-04-11 15:48:41.0;
22;21202.5;2019-04-11 15:48:43.0;
22;21199.5;2019-04-11 15:48:46.0;
22;21197.5;2019-04-11 15:49:15.0;
22;21192;2019-04-11 15:50:07.0;
22;21197.5;2019-04-11 15:50:10.0;
22;21197;2019-04-11 15:50:12.0;
22;21200;2019-04-11 15:50:36.0;
22;21202;2019-04-11 15:50:42.0;
22;21199.5;2019-04-11 15:51:09.0;
22;21192;2019-04-11 15:51:13.0;
22;21199.5;2019-04-11 15:51:15.0;
22;21192;2019-04-11 15:51:16.0;
22;21197.5;2019-04-11 15:51:36.0;
22;21192.5;2019-04-11 15:51:41.0;
22;21194.5;2019-04-11 15:51:42.0;
22;21192.5;2019-04-11 15:51:44.0;
22;21194.5;2019-04-11 15:51:46.0;
22;21197;2019-04-11 15:52:04.0;
22;21194.5;2019-04-11 15:52:08.0;
22;21192.5;2019-04-11 15:52:15.0;
22;21195;2019-04-11 15:52:22.0;
22;21192;2019-04-11 15:52:23.0;
22;21195;2019-04-11 15:52:25.0;
22;21197;2019-04-11 15:52:28.0;
22;21192;2019-04-11 15:52:34.0;
22;21194.5;2019-04-11 15:52:35.0;
22;21192;2019-04-11 15:52:37.0;
22;21194.5;2019-04-11 15:52:38.0;
22;21189.5;2019-04-11 15:52:45.0;
22;21182.5;2019-04-11 15:53:00.0;
22;21182;2019-04-11 15:53:13.0;
22;21177;2019-04-11 15:53:15.0;
22;21182;2019-04-11 15:53:16.0;
22;21177;2019-04-11 15:53:18.0;
22;21179.5;2019-04-11 15:53:20.0;
22;21177;2019-04-11 15:53:21.0;
22;21179.5;2019-04-11 15:53:24.0;
22;21182.5;2019-04-11 15:53:26.0;
22;21179.5;2019-04-11 15:53:33.0;
22;21187.5;2019-04-11 15:54:03.0;
22;21182.5;2019-04-11 15:54:09.0;
22;21187.5;2019-04-11 15:54:12.0;
22;21180;2019-04-11 15:54:17.0;
22;21177.5;2019-04-11 15:54:23.0;
22;21172.5;2019-04-11 15:54:41.0;
22;21174.5;2019-04-11 15:54:44.0;
22;21167.5;2019-04-11 15:54:49.0;
22;21170;2019-04-11 15:54:56.0;
22;21167.5;2019-04-11 15:54:57.0;
22;21172;2019-04-11 15:54:59.0;
22;21167.5;2019-04-11 15:55:05.0;
22;21164.5;2019-04-11 15:55:06.0;
22;21167.5;2019-04-11 15:55:08.0;
22;21164.5;2019-04-11 15:55:09.0;
22;21167.5;2019-04-11 15:55:11.0;
22;21165;2019-04-11 15:55:17.0;
22;21162.5;2019-04-11 15:55:21.0;
22;21167;2019-04-11 15:55:27.0;
22;21160;2019-04-11 15:55:32.0;
22;21157.5;2019-04-11 15:55:38.0;
22;21162.5;2019-04-11 15:55:40.0;
22;21157.5;2019-04-11 15:55:42.0;
22;21162.5;2019-04-11 15:55:44.0;
22;21164.5;2019-04-11 15:55:45.0;
22;21167.5;2019-04-11 15:56:47.0;
22;21167;2019-04-11 15:56:50.0;
22;21169.5;2019-04-11 15:57:01.0;
22;21172.5;2019-04-11 15:57:02.0;
22;21175;2019-04-11 15:57:10.0;
22;21172;2019-04-11 15:57:16.0;
22;21167.5;2019-04-11 15:57:28.0;
22;21169.5;2019-04-11 15:57:30.0;
22;21172;2019-04-11 15:58:06.0;
22;21167.5;2019-04-11 15:59:02.0;
22;21172.5;2019-04-11 15:59:08.0;
22;21167.5;2019-04-11 15:59:13.0;
22;21162;2019-04-11 15:59:33.0;
22;21164.5;2019-04-11 15:59:43.0;
22;21162;2019-04-11 15:59:45.0;
22;21164.5;2019-04-11 15:59:46.0;
22;21174.5;2019-04-11 16:00:04.0;
22;21177.5;2019-04-11 16:00:09.0;
22;21172.5;2019-04-11 16:00:17.0;
22;21177.5;2019-04-11 16:00:29.0;
22;21172;2019-04-11 16:00:34.0;
22;21175;2019-04-11 16:00:35.0;
22;21172;2019-04-11 16:00:38.0;
22;21175;2019-04-11 16:00:39.0;
22;21172.5;2019-04-11 16:00:41.0;
22;21177.5;2019-04-11 16:00:54.0;
22;21172.5;2019-04-11 16:00:55.0;
22;21177.5;2019-04-11 16:00:58.0;
22;21172.5;2019-04-11 16:00:59.0;
22;21172;2019-04-11 16:01:05.0;
22;21174.5;2019-04-11 16:02:05.0;
22;21172;2019-04-11 16:02:12.0;
22;21174.5;2019-04-11 16:02:13.0;
22;21172;2019-04-11 16:02:15.0;
22;21177.5;2019-04-11 16:02:36.0;
22;21179.5;2019-04-11 16:02:47.0;
22;21184.5;2019-04-11 16:03:24.0;
22;21182.5;2019-04-11 16:03:32.0;
22;21184.5;2019-04-11 16:03:37.0;
22;21182.5;2019-04-11 16:03:39.0;
22;21184.5;2019-04-11 16:03:40.0;
22;21187;2019-04-11 16:03:43.0;
22;21184.5;2019-04-11 16:03:45.0;
22;21187;2019-04-11 16:03:46.0;
22;21182;2019-04-11 16:03:47.0;
22;21187.5;2019-04-11 16:04:07.0;
22;21182;2019-04-11 16:04:45.0;
22;21184.5;2019-04-11 16:04:48.0;
22;21187;2019-04-11 16:04:51.0;
22;21192.5;2019-04-11 16:05:04.0;
22;21197.5;2019-04-11 16:05:26.0;
22;21192.5;2019-04-11 16:05:28.0;
22;21197.5;2019-04-11 16:05:29.0;
22;21192;2019-04-11 16:05:32.0;
22;21194.5;2019-04-11 16:05:44.0;
22;21192;2019-04-11 16:05:48.0;
22;21189.5;2019-04-11 16:06:12.0;
22;21197.5;2019-04-11 16:06:24.0;
22;21194.5;2019-04-11 16:06:31.0;
22;21192.5;2019-04-11 16:07:26.0;
22;21197.5;2019-04-11 16:07:36.0;
22;21192.5;2019-04-11 16:07:40.0;
22;21187.5;2019-04-11 16:08:17.0;
22;21192;2019-04-11 16:08:23.0;
22;21187;2019-04-11 16:08:30.0;
22;21189.5;2019-04-11 16:08:40.0;
22;21197.5;2019-04-11 16:08:50.0;
22;21192.5;2019-04-11 16:09:34.0;
22;21197.5;2019-04-11 16:10:12.0;
22;21192;2019-04-11 16:10:15.0;
22;21197.5;2019-04-11 16:10:21.0;
22;21197;2019-04-11 16:10:40.0;
22;21197.5;2019-04-11 16:10:41.0;
22;21197;2019-04-11 16:10:43.0;
22;21192.5;2019-04-11 16:11:04.0;
22;21189.5;2019-04-11 16:12:16.0;
22;21192.5;2019-04-11 16:12:18.0;
22;21189.5;2019-04-11 16:12:19.0;
22;21197.5;2019-04-11 16:13:04.0;
22;21192;2019-04-11 16:13:07.0;
22;21202.5;2019-04-11 16:15:03.0;
22;21192;2019-04-11 16:15:04.0;
22;21202.5;2019-04-11 16:15:08.0;
22;21200;2019-04-11 16:15:30.0;
22;21202.5;2019-04-11 16:15:34.0;
22;21199.5;2019-04-11 16:15:40.0;
22;21197.5;2019-04-11 16:16:06.0;
22;21194.5;2019-04-11 16:16:32.0;
22;21197.5;2019-04-11 16:16:51.0;
22;21197;2019-04-11 16:16:52.0;
22;21199.5;2019-04-11 16:17:19.0;
22;21197;2019-04-11 16:17:25.0;
22;21204.5;2019-04-11 16:17:35.0;
22;21209.5;2019-04-11 16:18:13.0;
22;21204.5;2019-04-11 16:18:16.0;
22;21212;2019-04-11 16:19:15.0;
22;21209.5;2019-04-11 16:19:26.0;
22;21204.5;2019-04-11 16:19:44.0;
22;21207;2019-04-11 16:19:49.0;
22;21202.5;2019-04-11 16:20:30.0;
22;21204.5;2019-04-11 16:20:37.0;
22;21207;2019-04-11 16:20:48.0;
22;21207.5;2019-04-11 16:21:02.0;
22;21207;2019-04-11 16:21:03.0;
22;21207.5;2019-04-11 16:21:05.0;
22;21205;2019-04-11 16:22:08.0;
22;21207.5;2019-04-11 16:22:09.0;
22;21204.5;2019-04-11 16:22:11.0;
22;21205;2019-04-11 16:22:13.0;
22;21204.5;2019-04-11 16:22:14.0;
22;21207;2019-04-11 16:22:17.0;
22;21202.5;2019-04-11 16:22:40.0;
22;21205;2019-04-11 16:22:47.0;
22;21202;2019-04-11 16:22:54.0;
22;21212;2019-04-11 16:23:37.0;
22;21212.5;2019-04-11 16:24:07.0;
22;21209.5;2019-04-11 16:24:17.0;
22;21212;2019-04-11 16:24:36.0;
22;21214.5;2019-04-11 16:24:45.0;
22;21209.5;2019-04-11 16:26:26.0;
22;21217;2019-04-11 16:27:17.0;
22;21214.5;2019-04-11 16:27:22.0;
22;21219.5;2019-04-11 16:27:36.0;
22;21222.5;2019-04-11 16:27:42.0;
22;21217;2019-04-11 16:27:45.0;
22;21217.5;2019-04-11 16:28:09.0;
22;21214.5;2019-04-11 16:28:12.0;
22;21212;2019-04-11 16:28:19.0;
22;21217.5;2019-04-11 16:28:26.0;
22;21214.5;2019-04-11 16:28:38.0;
22;21217.5;2019-04-11 16:28:42.0;
22;21217;2019-04-11 16:28:43.0;
22;21217.5;2019-04-11 16:30:16.0;
22;21212.5;2019-04-11 16:30:19.0;
22;21209.5;2019-04-11 16:30:31.0;
22;21207.5;2019-04-11 16:31:19.0;
22;21212.5;2019-04-11 16:31:47.0;
22;21212;2019-04-11 16:31:50.0;
22;21212.5;2019-04-11 16:31:52.0;
22;21215;2019-04-11 16:32:03.0;
22;21219.5;2019-04-11 16:32:07.0;
22;21217.5;2019-04-11 16:32:11.0;
22;21219.5;2019-04-11 16:32:13.0;
22;21217.5;2019-04-11 16:32:14.0;
22;21214.5;2019-04-11 16:33:07.0;
22;21217;2019-04-11 16:33:17.0;
22;21214.5;2019-04-11 16:33:19.0;
22;21217;2019-04-11 16:33:20.0;
22;21219.5;2019-04-11 16:33:32.0;
22;21222;2019-04-11 16:34:16.0;
22;21217;2019-04-11 16:34:19.0;
22;21222.5;2019-04-11 16:34:44.0;
22;21224.5;2019-04-11 16:35:19.0;
22;21227.5;2019-04-11 16:35:27.0;
22;21227;2019-04-11 16:35:31.0;
22;21227.5;2019-04-11 16:35:36.0;
22;21224.5;2019-04-11 16:35:40.0;
22;21217.5;2019-04-11 16:35:49.0;
22;21222;2019-04-11 16:36:04.0;
22;21217.5;2019-04-11 16:36:21.0;
22;21222;2019-04-11 16:36:22.0;
22;21217.5;2019-04-11 16:36:24.0;
22;21217;2019-04-11 16:36:31.0;
22;21222;2019-04-11 16:37:03.0;
22;21217;2019-04-11 16:37:05.0;
22;21222.5;2019-04-11 16:37:07.0;
22;21222;2019-04-11 16:37:08.0;
22;21222.5;2019-04-11 16:37:10.0;
22;21219.5;2019-04-11 16:37:21.0;
22;21220;2019-04-11 16:37:37.0;
22;21217;2019-04-11 16:37:42.0;
22;21219.5;2019-04-11 16:37:43.0;
22;21222;2019-04-11 16:37:49.0;
22;21222.5;2019-04-11 16:38:08.0;
22;21222;2019-04-11 16:38:22.0;
22;21217.5;2019-04-11 16:38:24.0;
22;21222.5;2019-04-11 16:38:27.0;
22;21227.5;2019-04-11 16:40:28.0;
22;21224.5;2019-04-11 16:40:31.0;
22;21222.5;2019-04-11 16:40:39.0;
22;21227.5;2019-04-11 16:40:50.0;
22;21222;2019-04-11 16:40:54.0;
22;21224.5;2019-04-11 16:41:04.0;
22;21222.5;2019-04-11 16:41:08.0;
22;21222;2019-04-11 16:41:13.0;
22;21227;2019-04-11 16:41:32.0;
22;21227.5;2019-04-11 16:41:35.0;
22;21225;2019-04-11 16:41:41.0;
22;21222.5;2019-04-11 16:41:46.0;
22;21224.5;2019-04-11 16:42:09.0;
22;21234.5;2019-04-11 16:43:11.0;
22;21229.5;2019-04-11 16:43:19.0;
22;21224.5;2019-04-11 16:43:32.0;
22;21219.5;2019-04-11 16:43:46.0;
22;21217.5;2019-04-11 16:43:50.0;
22;21215;2019-04-11 16:44:11.0;
22;21209.5;2019-04-11 16:44:50.0;
22;21215;2019-04-11 16:44:52.0;
22;21209.5;2019-04-11 16:44:53.0;
22;21207.5;2019-04-11 16:45:11.0;
22;21207;2019-04-11 16:45:16.0;
22;21207.5;2019-04-11 16:45:18.0;
22;21207;2019-04-11 16:45:20.0;
22;21209.5;2019-04-11 16:45:23.0;
22;21207;2019-04-11 16:45:24.0;
22;21209.5;2019-04-11 16:45:26.0;
22;21212.5;2019-04-11 16:45:28.0;
22;21212;2019-04-11 16:45:31.0;
22;21212.5;2019-04-11 16:45:33.0;
22;21212;2019-04-11 16:45:34.0;
22;21209.5;2019-04-11 16:45:42.0;
22;21204.5;2019-04-11 16:45:48.0;
22;21207.5;2019-04-11 16:46:07.0;
22;21202.5;2019-04-11 16:46:09.0;
22;21204.5;2019-04-11 16:46:16.0;
22;21202.5;2019-04-11 16:46:18.0;
22;21204.5;2019-04-11 16:46:19.0;
22;21202.5;2019-04-11 16:47:03.0;
22;21204.5;2019-04-11 16:47:06.0;
22;21202.5;2019-04-11 16:47:07.0;
22;21199.5;2019-04-11 16:48:02.0;
22;21202.5;2019-04-11 16:48:06.0;
22;21199.5;2019-04-11 16:48:07.0;
22;21202.5;2019-04-11 16:48:09.0;
22;21202;2019-04-11 16:48:10.0;
22;21197;2019-04-11 16:48:32.0;
22;21192.5;2019-04-11 16:48:53.0;
22;21194.5;2019-04-11 16:49:09.0;
22;21192;2019-04-11 16:50:04.0;
22;21197.5;2019-04-11 16:50:16.0;
22;21199.5;2019-04-11 16:50:23.0;
22;21197.5;2019-04-11 16:50:25.0;
22;21202.5;2019-04-11 16:50:52.0;
22;21200;2019-04-11 16:50:59.0;
22;21202.5;2019-04-11 16:51:02.0;
22;21200;2019-04-11 16:51:04.0;
22;21197.5;2019-04-11 16:51:06.0;
22;21202.5;2019-04-11 16:52:04.0;
22;21199.5;2019-04-11 16:52:10.0;
22;21202.5;2019-04-11 16:52:12.0;
22;21199.5;2019-04-11 16:52:15.0;
22;21202;2019-04-11 16:52:25.0;
22;21202.5;2019-04-11 16:52:43.0;
22;21199.5;2019-04-11 16:52:52.0;
22;21200;2019-04-11 16:53:00.0;
22;21202.5;2019-04-11 16:53:05.0;
22;21199.5;2019-04-11 16:53:14.0;
22;21204.5;2019-04-11 16:54:03.0;
22;21202;2019-04-11 16:54:52.0;
22;21202.5;2019-04-11 16:55:01.0;
22;21202;2019-04-11 16:55:07.0;
22;21205;2019-04-11 16:55:11.0;
22;21204.5;2019-04-11 16:55:17.0;
22;21205;2019-04-11 16:55:18.0;
22;21204.5;2019-04-11 16:55:20.0;
22;21205;2019-04-11 16:55:24.0;
22;21207.5;2019-04-11 16:55:30.0;
22;21205;2019-04-11 16:55:31.0;
22;21207;2019-04-11 16:55:50.0;
22;21204.5;2019-04-11 16:56:06.0;
22;21209.5;2019-04-11 16:56:14.0;
22;21207;2019-04-11 16:56:23.0;
22;21210;2019-04-11 16:57:16.0;
22;21209.5;2019-04-11 16:57:21.0;
22;21207;2019-04-11 16:57:26.0;
22;21209.5;2019-04-11 16:57:33.0;
22;21210;2019-04-11 16:57:35.0;
22;21209.5;2019-04-11 16:57:37.0;
22;21210;2019-04-11 16:57:38.0;
22;21212.5;2019-04-11 16:57:40.0;
22;21214.5;2019-04-11 16:57:44.0;
22;21207.5;2019-04-11 16:58:04.0;
22;21214.5;2019-04-11 16:58:05.0;
22;21207.5;2019-04-11 16:58:08.0;
22;21212.5;2019-04-11 16:58:32.0;
22;21212;2019-04-11 16:58:40.0;
22;21209.5;2019-04-11 16:58:49.0;
22;21210;2019-04-11 16:58:50.0;
22;21209.5;2019-04-11 16:58:53.0;
22;21210;2019-04-11 16:58:54.0;
22;21207.5;2019-04-11 16:58:58.0;
22;21210;2019-04-11 16:59:06.0;
22;21209.5;2019-04-11 16:59:12.0;
22;21210;2019-04-11 16:59:50.0;
22;21214.5;2019-04-11 17:00:03.0;
22;21210;2019-04-11 17:00:05.0;
22;21214.5;2019-04-11 17:00:08.0;
22;21217.5;2019-04-11 17:00:09.0;
22;21217;2019-04-11 17:00:15.0;
22;21215;2019-04-11 17:00:21.0;
22;21217;2019-04-11 17:00:23.0;
22;21215;2019-04-11 17:00:24.0;
22;21217.5;2019-04-11 17:00:41.0;
22;21222;2019-04-11 17:00:57.0;
22;21220;2019-04-11 17:00:58.0;
22;21222.5;2019-04-11 17:01:11.0;
22;21217.5;2019-04-11 17:02:08.0;
22;21212.5;2019-04-11 17:03:34.0;
22;21214.5;2019-04-11 17:03:35.0;
22;21207;2019-04-11 17:03:40.0;
22;21214.5;2019-04-11 17:03:41.0;
22;21212;2019-04-11 17:03:43.0;
22;21207;2019-04-11 17:03:44.0;
22;21212;2019-04-11 17:03:46.0;
22;21217;2019-04-11 17:05:03.0;
22;21210;2019-04-11 17:06:56.0;
22;21217;2019-04-11 17:06:57.0;
22;21210;2019-04-11 17:06:59.0;
22;21207;2019-04-11 17:07:00.0;
22;21210;2019-04-11 17:07:03.0;
22;21207;2019-04-11 17:07:05.0;
22;21204.5;2019-04-11 17:07:07.0;
22;21207;2019-04-11 17:07:16.0;
22;21202.5;2019-04-11 17:07:22.0;
22;21205;2019-04-11 17:07:23.0;
22;21202.5;2019-04-11 17:07:26.0;
22;21207.5;2019-04-11 17:07:28.0;
22;21207;2019-04-11 17:07:31.0;
22;21202.5;2019-04-11 17:07:37.0;
22;21204.5;2019-04-11 17:08:03.0;
22;21202.5;2019-04-11 17:08:04.0;
22;21204.5;2019-04-11 17:08:06.0;
22;21205;2019-04-11 17:08:09.0;
22;21207.5;2019-04-11 17:08:12.0;
22;21204.5;2019-04-11 17:08:44.0;
22;21207.5;2019-04-11 17:09:03.0;
22;21204.5;2019-04-11 17:09:04.0;
22;21207.5;2019-04-11 17:09:06.0;
22;21202.5;2019-04-11 17:09:16.0;
22;21202;2019-04-11 17:09:22.0;
22;21199.5;2019-04-11 17:09:48.0;
22;21202;2019-04-11 17:10:07.0;
22;21197.5;2019-04-11 17:10:27.0;
22;21192.5;2019-04-11 17:11:13.0;
22;21197;2019-04-11 17:11:26.0;
22;21194.5;2019-04-11 17:11:29.0;
22;21187.5;2019-04-11 17:12:05.0;
22;21187;2019-04-11 17:12:09.0;
22;21192;2019-04-11 17:12:30.0;
22;21194.5;2019-04-11 17:12:56.0;
22;21197;2019-04-11 17:13:00.0;
22;21197.5;2019-04-11 17:13:18.0;
22;21192.5;2019-04-11 17:13:40.0;
22;21195;2019-04-11 17:13:45.0;
22;21192;2019-04-11 17:13:48.0;
22;21195;2019-04-11 17:13:49.0;
22;21192;2019-04-11 17:13:52.0;
22;21194.5;2019-04-11 17:14:04.0;
22;21192;2019-04-11 17:14:05.0;
22;21194.5;2019-04-11 17:14:06.0;
22;21197.5;2019-04-11 17:14:26.0;
22;21192.5;2019-04-11 17:14:28.0;
22;21195;2019-04-11 17:14:32.0;
22;21192;2019-04-11 17:14:36.0;
22;21194.5;2019-04-11 17:14:44.0;
22;21199.5;2019-04-11 17:14:53.0;
22;21207.5;2019-04-11 17:15:03.0;
22;21202.5;2019-04-11 17:15:08.0;
22;21207.5;2019-04-11 17:15:27.0;
22;21202;2019-04-11 17:15:46.0;
22;21207.5;2019-04-11 17:16:07.0;
22;21204.5;2019-04-11 17:16:09.0;
22;21202;2019-04-11 17:16:12.0;
22;21202.5;2019-04-11 17:16:18.0;
22;21197.5;2019-04-11 17:17:38.0;
22;21197;2019-04-11 17:17:44.0;
22;21199.5;2019-04-11 17:17:47.0;
22;21195;2019-04-11 17:18:29.0;
22;21192;2019-04-11 17:18:30.0;
22;21195;2019-04-11 17:18:33.0;
22;21192;2019-04-11 17:18:35.0;
22;21187.5;2019-04-11 17:18:49.0;
22;21189.5;2019-04-11 17:18:51.0;
22;21192;2019-04-11 17:19:17.0;
22;21194.5;2019-04-11 17:19:32.0;
22;21192.5;2019-04-11 17:20:19.0;
22;21195;2019-04-11 17:20:20.0;
22;21192.5;2019-04-11 17:20:22.0;
22;21195;2019-04-11 17:20:28.0;
22;21197;2019-04-11 17:20:35.0;
22;21197.5;2019-04-11 17:21:04.0;
22;21197;2019-04-11 17:21:09.0;
22;21199.5;2019-04-11 17:21:15.0;
22;21197.5;2019-04-11 17:21:19.0;
22;21202.5;2019-04-11 17:21:26.0;
22;21202;2019-04-11 17:21:29.0;
22;21199.5;2019-04-11 17:21:32.0;
22;21202;2019-04-11 17:21:33.0;
22;21199.5;2019-04-11 17:21:34.0;
22;21197;2019-04-11 17:21:36.0;
22;21199.5;2019-04-11 17:21:39.0;
22;21197;2019-04-11 17:21:41.0;
22;21199.5;2019-04-11 17:21:42.0;
22;21202.5;2019-04-11 17:22:08.0;
22;21197.5;2019-04-11 17:22:18.0;
22;21200;2019-04-11 17:22:20.0;
22;21197;2019-04-11 17:22:27.0;
22;21199.5;2019-04-11 17:23:01.0;
22;21202.5;2019-04-11 17:23:04.0;
22;21204.5;2019-04-11 17:23:11.0;
22;21202.5;2019-04-11 17:23:19.0;
22;21200;2019-04-11 17:23:40.0;
22;21197.5;2019-04-11 17:23:42.0;
22;21195;2019-04-11 17:24:05.0;
22;21197.5;2019-04-11 17:24:09.0;
22;21192;2019-04-11 17:24:26.0;
22;21189.5;2019-04-11 17:25:04.0;
22;21192.5;2019-04-11 17:25:08.0;
22;21187;2019-04-11 17:25:16.0;
22;21187.5;2019-04-11 17:26:03.0;
22;21189.5;2019-04-11 17:26:10.0;
22;21182;2019-04-11 17:26:26.0;
22;21189.5;2019-04-11 17:26:46.0;
22;21192.5;2019-04-11 17:27:04.0;
22;21189.5;2019-04-11 17:27:17.0;
22;21195;2019-04-11 17:28:58.0;
22;21189.5;2019-04-11 17:28:59.0;
22;21195;2019-04-11 17:29:01.0;
22;21192.5;2019-04-11 17:29:03.0;
22;21195;2019-04-11 17:29:04.0;
22;21192.5;2019-04-11 17:29:06.0;
22;21197.5;2019-04-11 17:29:15.0;
22;21195;2019-04-11 17:29:18.0;
22;21192.5;2019-04-11 17:29:23.0;
22;21200.5;2019-04-11 17:30:04.0;
22;21195;2019-04-11 17:30:09.0;
22;21192.5;2019-04-11 17:30:13.0;
22;21182.5;2019-04-11 17:30:15.0;
22;21192.5;2019-04-11 17:30:17.0;
22;21182.5;2019-04-11 17:30:18.0;
22;21185;2019-04-11 17:30:40.0;
22;21182.5;2019-04-11 17:30:41.0;
22;21185;2019-04-11 17:30:42.0;
22;21180;2019-04-11 17:30:48.0;
22;21172.5;2019-04-11 17:30:56.0;
22;21177.5;2019-04-11 17:31:02.0;
22;21182.5;2019-04-11 17:31:04.0;
22;21177.5;2019-04-11 17:31:09.0;
22;21180.5;2019-04-11 17:31:16.0;
22;21177.5;2019-04-11 17:31:19.0;
22;21172.5;2019-04-11 17:31:27.0;
22;21177.5;2019-04-11 17:31:29.0;
22;21180;2019-04-11 17:31:31.0;
22;21182.5;2019-04-11 17:31:37.0;
22;21175;2019-04-11 17:31:42.0;
22;21180;2019-04-11 17:31:44.0;
22;21182.5;2019-04-11 17:31:49.0;
22;21177.5;2019-04-11 17:32:04.0;
22;21182;2019-04-11 17:32:08.0;
22;21179.5;2019-04-11 17:32:16.0;
22;21172.5;2019-04-11 17:32:40.0;
22;21177;2019-04-11 17:32:45.0;
22;21172.5;2019-04-11 17:32:48.0;
22;21177;2019-04-11 17:33:20.0;
22;21172;2019-04-11 17:33:35.0;
22;21177;2019-04-11 17:34:28.0;
22;21172;2019-04-11 17:34:34.0;
22;21172.5;2019-04-11 17:34:37.0;
22;21169.5;2019-04-11 17:34:40.0;
22;21172.5;2019-04-11 17:34:41.0;
22;21169.5;2019-04-11 17:34:43.0;
22;21167;2019-04-11 17:34:54.0;
22;21162.5;2019-04-11 17:35:00.0;
22;21167.5;2019-04-11 17:35:07.0;
22;21162;2019-04-11 17:35:21.0;
22;21164.5;2019-04-11 17:35:28.0;
22;21167.5;2019-04-11 17:35:31.0;
22;21162.5;2019-04-11 17:35:48.0;
22;21167.5;2019-04-11 17:36:04.0;
22;21162.5;2019-04-11 17:36:06.0;
22;21167.5;2019-04-11 17:36:08.0;
22;21165;2019-04-11 17:36:14.0;
22;21167.5;2019-04-11 17:36:20.0;
22;21172;2019-04-11 17:36:27.0;
22;21167.5;2019-04-11 17:36:32.0;
22;21172;2019-04-11 17:36:44.0;
22;21172.5;2019-04-11 17:37:01.0;
22;21167.5;2019-04-11 17:37:06.0;
22;21172.5;2019-04-11 17:37:07.0;
22;21167.5;2019-04-11 17:37:10.0;
22;21172.5;2019-04-11 17:37:19.0;
22;21172;2019-04-11 17:37:26.0;
22;21172.5;2019-04-11 17:37:27.0;
22;21172;2019-04-11 17:37:30.0;
22;21177.5;2019-04-11 17:38:04.0;
22;21177;2019-04-11 17:38:08.0;
22;21172;2019-04-11 17:38:15.0;
22;21169.5;2019-04-11 17:39:30.0;
22;21157.5;2019-04-11 17:40:07.0;
22;21152;2019-04-11 17:40:11.0;
22;21154.5;2019-04-11 17:40:18.0;
22;21155;2019-04-11 17:40:23.0;
22;21154.5;2019-04-11 17:40:24.0;
22;21152.5;2019-04-11 17:40:26.0;
22;21152;2019-04-11 17:40:30.0;
22;21149.5;2019-04-11 17:40:36.0;
22;21144.5;2019-04-11 17:40:39.0;
22;21147;2019-04-11 17:40:44.0;
22;21142.5;2019-04-11 17:40:46.0;
22;21139.5;2019-04-11 17:41:03.0;
22;21137.5;2019-04-11 17:41:11.0;
22;21139.5;2019-04-11 17:41:17.0;
22;21137;2019-04-11 17:41:24.0;
22;21139.5;2019-04-11 17:41:26.0;
22;21147.5;2019-04-11 17:41:40.0;
22;21147;2019-04-11 17:41:44.0;
22;21142;2019-04-11 17:42:09.0;
22;21147;2019-04-11 17:42:10.0;
22;21144.5;2019-04-11 17:42:12.0;
22;21142.5;2019-04-11 17:42:19.0;
22;21140;2019-04-11 17:42:27.0;
22;21142.5;2019-04-11 17:42:35.0;
22;21142;2019-04-11 17:42:40.0;
22;21137.5;2019-04-11 17:42:44.0;
22;21137;2019-04-11 17:42:47.0;
22;21137.5;2019-04-11 17:42:49.0;
22;21137;2019-04-11 17:42:51.0;
22;21140;2019-04-11 17:42:59.0;
22;21137.5;2019-04-11 17:43:14.0;
22;21142.5;2019-04-11 17:43:17.0;
22;21140;2019-04-11 17:43:23.0;
22;21142;2019-04-11 17:43:30.0;
22;21139.5;2019-04-11 17:44:04.0;
22;21142;2019-04-11 17:44:06.0;
22;21139.5;2019-04-11 17:44:07.0;
22;21142;2019-04-11 17:44:19.0;
22;21144.5;2019-04-11 17:44:39.0;
22;21149.5;2019-04-11 17:44:45.0;
22;21152.5;2019-04-11 17:44:51.0;
22;21147.5;2019-04-11 17:45:05.0;
22;21150;2019-04-11 17:45:08.0;
22;21147.5;2019-04-11 17:45:09.0;
22;21152;2019-04-11 17:45:12.0;
22;21149.5;2019-04-11 17:45:17.0;
22;21147;2019-04-11 17:45:21.0;
22;21150;2019-04-11 17:45:31.0;
22;21149.5;2019-04-11 17:45:43.0;
22;21157.5;2019-04-11 17:45:48.0;
22;21154.5;2019-04-11 17:46:05.0;
22;21155;2019-04-11 17:46:10.0;
22;21154.5;2019-04-11 17:46:12.0;
22;21155;2019-04-11 17:46:14.0;
22;21152;2019-04-11 17:46:15.0;
22;21149.5;2019-04-11 17:46:24.0;
22;21150;2019-04-11 17:46:31.0;
22;21147.5;2019-04-11 17:47:16.0;
22;21147;2019-04-11 17:47:19.0;
22;21150;2019-04-11 17:48:19.0;
22;21152;2019-04-11 17:48:24.0;
22;21147;2019-04-11 17:48:27.0;
22;21149.5;2019-04-11 17:48:39.0;
22;21152;2019-04-11 17:48:48.0;
22;21149.5;2019-04-11 17:49:11.0;
22;21147;2019-04-11 17:49:25.0;
22;21145;2019-04-11 17:49:44.0;
22;21147.5;2019-04-11 17:50:13.0;
22;21147;2019-04-11 17:50:16.0;
22;21144.5;2019-04-11 17:52:04.0;
22;21145;2019-04-11 17:52:25.0;
22;21147;2019-04-11 17:52:28.0;
22;21145;2019-04-11 17:52:29.0;
22;21147;2019-04-11 17:52:32.0;
22;21142;2019-04-11 17:52:34.0;
22;21145;2019-04-11 17:52:35.0;
22;21142;2019-04-11 17:53:18.0;
22;21144.5;2019-04-11 17:54:45.0;
22;21142;2019-04-11 17:55:07.0;
22;21145;2019-04-11 17:55:18.0;
22;21144.5;2019-04-11 17:55:25.0;
22;21147;2019-04-11 17:55:26.0;
22;21147.5;2019-04-11 17:55:49.0;
22;21144.5;2019-04-11 17:56:29.0;
22;21145;2019-04-11 17:56:33.0;
22;21147;2019-04-11 17:56:34.0;
22;21145;2019-04-11 17:56:37.0;
22;21147;2019-04-11 17:56:39.0;
22;21142.5;2019-04-11 17:56:42.0;
22;21142;2019-04-11 17:56:45.0;
22;21144.5;2019-04-11 17:57:09.0;
22;21142;2019-04-11 17:57:10.0;
22;21144.5;2019-04-11 17:57:12.0;
22;21147;2019-04-11 17:57:15.0;
22;21144.5;2019-04-11 17:58:16.0;
22;21149.5;2019-04-11 18:04:12.0;
22;21147;2019-04-11 18:04:14.0;
22;21152;2019-04-11 18:04:20.0;
22;21147;2019-04-11 18:04:21.0;
22;21150;2019-04-11 18:04:23.0;
22;21152;2019-04-11 18:04:24.0;
22;21150;2019-04-11 18:04:26.0;
22;21152;2019-04-11 18:04:34.0;
22;21150;2019-04-11 18:04:37.0;
22;21152;2019-04-11 18:04:38.0;
22;21150;2019-04-11 18:04:47.0;
22;21152.5;2019-04-11 18:04:53.0;
22;21152;2019-04-11 18:04:56.0;
22;21152.5;2019-04-11 18:04:57.0;
22;21152;2019-04-11 18:04:59.0;
22;21157.5;2019-04-11 18:06:16.0;
22;21152;2019-04-11 18:06:18.0;
22;21157.5;2019-04-11 18:06:19.0;
22;21155;2019-04-11 18:06:33.0;
22;21157.5;2019-04-11 18:06:39.0;
22;21155;2019-04-11 18:06:46.0;
22;21157.5;2019-04-11 18:06:49.0;
22;21160;2019-04-11 18:08:28.0;
22;21162.5;2019-04-11 18:08:47.0;
22;21157;2019-04-11 18:08:52.0;
22;21162.5;2019-04-11 18:08:54.0;
22;21157;2019-04-11 18:08:56.0;
22;21159.5;2019-04-11 18:09:31.0;
22;21157;2019-04-11 18:09:32.0;
22;21159.5;2019-04-11 18:09:33.0;
22;21157.5;2019-04-11 18:09:44.0;
22;21159.5;2019-04-11 18:10:05.0;
22;21162;2019-04-11 18:10:10.0;
22;21159.5;2019-04-11 18:10:50.0;
22;21162;2019-04-11 18:10:52.0;
22;21159.5;2019-04-11 18:10:53.0;
22;21162;2019-04-11 18:11:03.0;
22;21159.5;2019-04-11 18:11:04.0;
22;21162;2019-04-11 18:11:15.0;
22;21157.5;2019-04-11 18:11:42.0;
22;21159.5;2019-04-11 18:11:47.0;
22;21160;2019-04-11 18:12:05.0;
22;21159.5;2019-04-11 18:12:06.0;
22;21160;2019-04-11 18:12:07.0;
22;21157.5;2019-04-11 18:12:10.0;
22;21160;2019-04-11 18:12:12.0;
22;21157.5;2019-04-11 18:12:13.0;
22;21159.5;2019-04-11 18:12:16.0;
22;21157.5;2019-04-11 18:12:18.0;
22;21159.5;2019-04-11 18:12:19.0;
22;21160;2019-04-11 18:12:26.0;
22;21157;2019-04-11 18:12:31.0;
22;21157.5;2019-04-11 18:12:36.0;
22;21157;2019-04-11 18:12:38.0;
22;21157.5;2019-04-11 18:12:39.0;
22;21160;2019-04-11 18:12:47.0;
22;21157.5;2019-04-11 18:12:48.0;
22;21157;2019-04-11 18:12:56.0;
22;21157.5;2019-04-11 18:12:57.0;
22;21159.5;2019-04-11 18:12:59.0;
22;21160;2019-04-11 18:13:07.0;
22;21162;2019-04-11 18:13:13.0;
22;21162.5;2019-04-11 18:13:18.0;
22;21157;2019-04-11 18:13:26.0;
22;21162.5;2019-04-11 18:13:27.0;
22;21157;2019-04-11 18:13:29.0;
22;21160;2019-04-11 18:14:54.0;
22;21157.5;2019-04-11 18:15:13.0;
22;21154.5;2019-04-11 18:16:35.0;
22;21157.5;2019-04-11 18:16:36.0;
22;21154.5;2019-04-11 18:16:39.0;
22;21152;2019-04-11 18:17:27.0;
22;21157.5;2019-04-11 18:17:37.0;
22;21152.5;2019-04-11 18:21:24.0;
22;21152;2019-04-11 18:21:28.0;
22;21157.5;2019-04-11 18:22:22.0;
22;21155;2019-04-11 18:22:28.0;
22;21157;2019-04-11 18:22:35.0;
22;21155;2019-04-11 18:22:36.0;
22;21157;2019-04-11 18:22:38.0;
22;21152.5;2019-04-11 18:22:56.0;
22;21157.5;2019-04-11 18:22:59.0;
22;21154.5;2019-04-11 18:25:13.0;
22;21157.5;2019-04-11 18:25:15.0;
22;21157;2019-04-11 18:25:20.0;
22;21152.5;2019-04-11 18:26:03.0;
22;21152;2019-04-11 18:26:09.0;
22;21152.5;2019-04-11 18:26:10.0;
22;21152;2019-04-11 18:26:12.0;
22;21155;2019-04-11 18:26:16.0;
22;21152.5;2019-04-11 18:26:19.0;
22;21155;2019-04-11 18:26:21.0;
22;21152.5;2019-04-11 18:26:22.0;
22;21155;2019-04-11 18:26:54.0;
22;21154.5;2019-04-11 18:26:56.0;
22;21155;2019-04-11 18:26:57.0;
22;21154.5;2019-04-11 18:26:58.0;
22;21152.5;2019-04-11 18:27:03.0;
22;21154.5;2019-04-11 18:27:05.0;
22;21152.5;2019-04-11 18:27:06.0;
22;21154.5;2019-04-11 18:27:26.0;
22;21157;2019-04-11 18:27:36.0;
22;21154.5;2019-04-11 18:27:39.0;
22;21152;2019-04-11 18:28:06.0;
22;21157;2019-04-11 18:31:33.0;
22;21152.5;2019-04-11 18:39:11.0;
22;21154.5;2019-04-11 18:40:13.0;
22;21155;2019-04-11 18:40:16.0;
22;21152.5;2019-04-11 18:40:21.0;
22;21147.5;2019-04-11 18:42:04.0;
22;21152.5;2019-04-11 18:42:06.0;
22;21147.5;2019-04-11 18:42:08.0;
22;21152.5;2019-04-11 18:42:27.0;
22;21152;2019-04-11 18:42:36.0;
22;21150;2019-04-11 18:42:47.0;
22;21149.5;2019-04-11 18:43:15.0;
22;21147.5;2019-04-11 18:43:40.0;
22;21149.5;2019-04-11 18:44:04.0;
22;21152;2019-04-11 18:44:27.0;
22;21147.5;2019-04-11 18:46:04.0;
22;21149.5;2019-04-11 18:46:11.0;
22;21147;2019-04-11 18:46:20.0;
22;21145;2019-04-11 18:46:24.0;
22;21144.5;2019-04-11 18:46:56.0;
22;21142.5;2019-04-11 18:46:59.0;
22;21139.5;2019-04-11 18:48:36.0;
22;21142;2019-04-11 18:48:39.0;
22;21139.5;2019-04-11 18:48:47.0;
22;21142;2019-04-11 18:48:48.0;
22;21139.5;2019-04-11 18:48:50.0;
22;21142;2019-04-11 18:48:53.0;
22;21140;2019-04-11 18:48:55.0;
22;21142;2019-04-11 18:48:56.0;
22;21140;2019-04-11 18:48:57.0;
22;21137;2019-04-11 18:48:59.0;
22;21134.5;2019-04-11 18:50:27.0;
22;21135;2019-04-11 18:50:43.0;
22;21134.5;2019-04-11 18:50:44.0;
22;21135;2019-04-11 18:50:46.0;
22;21137;2019-04-11 18:50:52.0;
22;21137.5;2019-04-11 18:50:57.0;
22;21134.5;2019-04-11 18:51:03.0;
22;21137;2019-04-11 18:51:19.0;
22;21135;2019-04-11 18:51:25.0;
22;21137;2019-04-11 18:51:26.0;
22;21137.5;2019-04-11 18:51:28.0;
22;21134.5;2019-04-11 18:51:32.0;
22;21132;2019-04-11 18:52:06.0;
22;21137;2019-04-11 18:52:14.0;
22;21134.5;2019-04-11 18:53:25.0;
22;21137;2019-04-11 18:54:02.0;
22;21142;2019-04-11 18:54:06.0;
22;21142.5;2019-04-11 18:54:13.0;
22;21140;2019-04-11 18:54:19.0;
22;21139.5;2019-04-11 18:54:25.0;
22;21137;2019-04-11 18:54:26.0;
22;21139.5;2019-04-11 18:54:29.0;
22;21137;2019-04-11 18:54:31.0;
22;21142;2019-04-11 18:54:33.0;
22;21140;2019-04-11 18:54:38.0;
22;21142;2019-04-11 18:54:40.0;
22;21140;2019-04-11 18:54:41.0;
22;21137.5;2019-04-11 18:54:46.0;
22;21142;2019-04-11 18:54:52.0;
22;21137.5;2019-04-11 18:54:53.0;
22;21140;2019-04-11 18:54:55.0;
22;21137;2019-04-11 18:55:08.0;
22;21140;2019-04-11 18:55:11.0;
22;21137;2019-04-11 18:55:13.0;
22;21140;2019-04-11 18:55:15.0;
22;21142;2019-04-11 18:55:22.0;
22;21139.5;2019-04-11 18:55:31.0;
22;21142;2019-04-11 18:55:45.0;
22;21134.5;2019-04-11 18:56:04.0;
22;21142;2019-04-11 18:56:05.0;
22;21134.5;2019-04-11 18:56:07.0;
22;21139.5;2019-04-11 18:56:56.0;
22;21142;2019-04-11 18:57:03.0;
22;21139.5;2019-04-11 18:57:05.0;
22;21142;2019-04-11 18:57:06.0;
22;21140;2019-04-11 18:57:10.0;
22;21142.5;2019-04-11 18:57:27.0;
22;21139.5;2019-04-11 18:57:49.0;
22;21142;2019-04-11 18:58:07.0;
22;21144.5;2019-04-11 18:58:58.0;
22;21147;2019-04-11 18:59:11.0;
22;21149.5;2019-04-11 19:00:09.0;
22;21147;2019-04-11 19:00:10.0;
22;21152;2019-04-11 19:01:17.0;
22;21149.5;2019-04-11 19:01:19.0;
22;21152;2019-04-11 19:02:35.0;
22;21147;2019-04-11 19:03:33.0;
22;21147.5;2019-04-11 19:03:36.0;
22;21149.5;2019-04-11 19:04:06.0;
22;21152;2019-04-11 19:05:18.0;
22;21150;2019-04-11 19:05:22.0;
22;21149.5;2019-04-11 19:05:28.0;
22;21150;2019-04-11 19:05:44.0;
22;21152;2019-04-11 19:05:47.0;
22;21150;2019-04-11 19:06:04.0;
22;21152;2019-04-11 19:06:05.0;
22;21150;2019-04-11 19:06:07.0;
22;21152;2019-04-11 19:06:08.0;
22;21147.5;2019-04-11 19:06:28.0;
22;21147;2019-04-11 19:06:31.0;
22;21144.5;2019-04-11 19:07:21.0;
22;21147;2019-04-11 19:07:25.0;
22;21145;2019-04-11 19:07:26.0;
22;21142;2019-04-11 19:07:35.0;
22;21144.5;2019-04-11 19:08:09.0;
22;21142;2019-04-11 19:08:13.0;
22;21144.5;2019-04-11 19:08:34.0;
22;21147;2019-04-11 19:08:40.0;
22;21145;2019-04-11 19:09:09.0;
22;21147;2019-04-11 19:09:31.0;
22;21145;2019-04-11 19:09:32.0;
22;21147;2019-04-11 19:09:33.0;
22;21144.5;2019-04-11 19:10:59.0;
22;21147.5;2019-04-11 19:11:15.0;
22;21142;2019-04-11 19:32:16.0;
22;21144.5;2019-04-11 19:32:45.0;
22;21145;2019-04-11 19:34:13.0;
22;21147;2019-04-11 19:34:19.0;
22;21149.5;2019-04-11 19:36:41.0;
22;21147;2019-04-11 19:37:35.0;
22;21150;2019-04-11 19:37:40.0;
22;21149.5;2019-04-11 19:37:44.0;
22;21147.5;2019-04-11 19:38:05.0;
22;21145;2019-04-11 19:41:08.0;
22;21142;2019-04-11 19:41:09.0;
22;21142.5;2019-04-11 19:41:16.0;
22;21142;2019-04-11 20:00:36.0;
22;21142.5;2019-04-11 20:00:38.0;
22;21142;2019-04-11 20:00:40.0;
22;21147;2019-04-11 20:02:44.0;
22;21147.5;2019-04-11 20:02:48.0;
22;21152;2019-04-11 20:04:35.0;
22;21147.5;2019-04-11 20:04:48.0;
22;21150;2019-04-11 20:05:07.0;
22;21147.5;2019-04-11 20:06:25.0;
22;21147;2019-04-11 20:06:26.0;
22;21147.5;2019-04-11 20:06:28.0;
22;21147;2019-04-11 20:06:30.0;
22;21152.5;2019-04-11 20:07:11.0;
22;21147;2019-04-11 20:07:12.0;
22;21152.5;2019-04-11 20:07:13.0;
22;21152;2019-04-11 20:07:15.0;
22;21149.5;2019-04-11 20:08:07.0;
22;21145;2019-04-11 20:11:00.0;
22;21149.5;2019-04-11 20:11:01.0;
22;21145;2019-04-11 20:11:03.0;
22;21144.5;2019-04-11 20:11:05.0;
22;21147;2019-04-11 20:11:08.0;
22;21147.5;2019-04-11 20:11:11.0;
22;21142;2019-04-11 20:17:16.0;
22;21147.5;2019-04-11 20:17:17.0;
22;21142;2019-04-11 20:17:19.0;
22;21137;2019-04-11 20:17:33.0;
22;21137.5;2019-04-11 20:17:36.0;
22;21140;2019-04-11 20:18:32.0;
22;21137.5;2019-04-11 20:18:34.0;
22;21140;2019-04-11 20:18:36.0;
22;21139.5;2019-04-11 20:18:37.0;
22;21142.5;2019-04-11 20:18:54.0;
22;21142;2019-04-11 20:18:56.0;
22;21145;2019-04-11 20:20:29.0;
22;21137.5;2019-04-11 20:20:44.0;
22;21137;2019-04-11 20:20:49.0;
22;21132.5;2019-04-11 20:23:29.0;
22;21137.5;2019-04-11 20:23:31.0;
22;21134.5;2019-04-11 20:24:08.0;
22;21137.5;2019-04-11 20:24:14.0;
22;21135;2019-04-11 20:24:18.0;
22;21137.5;2019-04-11 20:24:28.0;
22;21135;2019-04-11 20:24:31.0;
22;21137;2019-04-11 20:24:32.0;
22;21134.5;2019-04-11 20:25:10.0;
22;21132.5;2019-04-11 20:25:35.0;
22;21137;2019-04-11 20:30:04.0;
23;9437.5;2019-04-11 11:15:27.0;
23;9438;2019-04-11 11:15:39.0;
23;9440.5;2019-04-11 11:16:03.0;
23;9438;2019-04-11 11:16:04.0;
23;9440.5;2019-04-11 11:16:06.0;
23;9440;2019-04-11 11:16:07.0;
23;9440.5;2019-04-11 11:16:08.0;
23;9440;2019-04-11 11:16:10.0;
23;9440.5;2019-04-11 11:16:33.0;
23;9438.5;2019-04-11 11:17:36.0;
23;9439;2019-04-11 11:18:04.0;
23;9439.5;2019-04-11 11:18:07.0;
23;9439;2019-04-11 11:18:09.0;
23;9439.5;2019-04-11 11:18:11.0;
23;9439;2019-04-11 11:18:30.0;
23;9437.5;2019-04-11 11:18:37.0;
23;9440;2019-04-11 11:18:43.0;
23;9439.5;2019-04-11 11:18:55.0;
23;9438.5;2019-04-11 11:19:25.0;
23;9439;2019-04-11 11:19:28.0;
23;9439.5;2019-04-11 11:19:32.0;
23;9438.5;2019-04-11 11:19:44.0;
23;9439.5;2019-04-11 11:20:04.0;
23;9440.5;2019-04-11 11:20:10.0;
23;9441;2019-04-11 11:20:15.0;
23;9441.5;2019-04-11 11:20:23.0;
23;9442;2019-04-11 11:20:28.0;
23;9442.5;2019-04-11 11:20:37.0;
23;9443;2019-04-11 11:20:43.0;
23;9443.5;2019-04-11 11:20:44.0;
23;9444;2019-04-11 11:21:03.0;
23;9445;2019-04-11 11:21:07.0;
23;9444;2019-04-11 11:21:09.0;
23;9445;2019-04-11 11:21:12.0;
23;9444.5;2019-04-11 11:21:16.0;
23;9445;2019-04-11 11:21:29.0;
23;9446;2019-04-11 11:21:31.0;
23;9447.5;2019-04-11 11:21:41.0;
23;9446;2019-04-11 11:21:43.0;
23;9447.5;2019-04-11 11:21:44.0;
23;9448.5;2019-04-11 11:22:04.0;
23;9447.5;2019-04-11 11:22:07.0;
23;9448.5;2019-04-11 11:22:08.0;
23;9447.5;2019-04-11 11:22:13.0;
23;9448.5;2019-04-11 11:22:14.0;
23;9447.5;2019-04-11 11:22:16.0;
23;9448;2019-04-11 11:22:19.0;
23;9447.5;2019-04-11 11:22:24.0;
23;9445.5;2019-04-11 11:22:27.0;
23;9447;2019-04-11 11:22:46.0;
23;9447.5;2019-04-11 11:22:49.0;
23;9447;2019-04-11 11:23:07.0;
23;9449;2019-04-11 11:23:18.0;
23;9449.5;2019-04-11 11:23:23.0;
23;9449;2019-04-11 11:23:25.0;
23;9449.5;2019-04-11 11:23:27.0;
23;9448.5;2019-04-11 11:23:35.0;
23;9447;2019-04-11 11:23:41.0;
23;9446;2019-04-11 11:23:44.0;
23;9447;2019-04-11 11:23:47.0;
23;9447.5;2019-04-11 11:24:09.0;
23;9448;2019-04-11 11:24:15.0;
23;9448.5;2019-04-11 11:24:16.0;
23;9447;2019-04-11 11:24:19.0;
23;9445.5;2019-04-11 11:24:27.0;
23;9447;2019-04-11 11:24:32.0;
23;9448;2019-04-11 11:24:54.0;
23;9447;2019-04-11 11:24:55.0;
23;9448;2019-04-11 11:24:58.0;
23;9447.5;2019-04-11 11:24:59.0;
23;9447;2019-04-11 11:25:17.0;
23;9447.5;2019-04-11 11:25:20.0;
23;9447;2019-04-11 11:25:22.0;
23;9447.5;2019-04-11 11:25:23.0;
23;9447;2019-04-11 11:25:24.0;
23;9449;2019-04-11 11:25:34.0;
23;9449.5;2019-04-11 11:25:44.0;
23;9449;2019-04-11 11:26:04.0;
23;9446.5;2019-04-11 11:26:15.0;
23;9447;2019-04-11 11:26:35.0;
23;9446.5;2019-04-11 11:26:48.0;
23;9447;2019-04-11 11:26:55.0;
23;9446.5;2019-04-11 11:27:01.0;
23;9447;2019-04-11 11:27:24.0;
23;9446.5;2019-04-11 11:27:26.0;
23;9447;2019-04-11 11:27:27.0;
23;9446.5;2019-04-11 11:27:36.0;
23;9445.5;2019-04-11 11:27:43.0;
23;9446.5;2019-04-11 11:27:45.0;
23;9445.5;2019-04-11 11:27:46.0;
23;9444.5;2019-04-11 11:28:04.0;
23;9445;2019-04-11 11:28:11.0;
23;9444.5;2019-04-11 11:28:23.0;
23;9445;2019-04-11 11:29:20.0;
23;9444.5;2019-04-11 11:29:22.0;
23;9445.5;2019-04-11 11:29:24.0;
23;9446;2019-04-11 11:29:34.0;
23;9446.5;2019-04-11 11:30:05.0;
23;9446;2019-04-11 11:30:22.0;
23;9444.5;2019-04-11 11:30:36.0;
23;9445.5;2019-04-11 11:30:41.0;
23;9446;2019-04-11 11:30:43.0;
23;9445;2019-04-11 11:30:47.0;
23;9444.5;2019-04-11 11:30:56.0;
23;9445;2019-04-11 11:30:57.0;
23;9444.5;2019-04-11 11:30:59.0;
23;9445.5;2019-04-11 11:31:09.0;
23;9445;2019-04-11 11:31:12.0;
23;9445.5;2019-04-11 11:31:16.0;
23;9445;2019-04-11 11:31:18.0;
23;9445.5;2019-04-11 11:31:20.0;
23;9446.5;2019-04-11 11:31:24.0;
23;9445.5;2019-04-11 11:31:32.0;
23;9446.5;2019-04-11 11:31:35.0;
23;9447;2019-04-11 11:31:39.0;
23;9446.5;2019-04-11 11:31:43.0;
23;9447;2019-04-11 11:31:44.0;
23;9446.5;2019-04-11 11:31:46.0;
23;9447;2019-04-11 11:31:47.0;
23;9446.5;2019-04-11 11:32:06.0;
23;9446;2019-04-11 11:32:07.0;
23;9446.5;2019-04-11 11:32:20.0;
23;9446;2019-04-11 11:32:22.0;
23;9446.5;2019-04-11 11:32:24.0;
23;9446;2019-04-11 11:32:25.0;
23;9445.5;2019-04-11 11:32:27.0;
23;9446.5;2019-04-11 11:32:44.0;
23;9447.5;2019-04-11 11:33:00.0;
23;9446.5;2019-04-11 11:33:06.0;
23;9447;2019-04-11 11:33:07.0;
23;9446.5;2019-04-11 11:33:13.0;
23;9446;2019-04-11 11:33:29.0;
23;9445.5;2019-04-11 11:33:31.0;
23;9446.5;2019-04-11 11:33:45.0;
23;9447.5;2019-04-11 11:34:04.0;
23;9448.5;2019-04-11 11:34:11.0;
23;9449;2019-04-11 11:34:15.0;
23;9448.5;2019-04-11 11:34:20.0;
23;9449.5;2019-04-11 11:34:29.0;
23;9449;2019-04-11 11:34:31.0;
23;9449.5;2019-04-11 11:34:32.0;
23;9449;2019-04-11 11:34:35.0;
23;9448.5;2019-04-11 11:35:03.0;
23;9449;2019-04-11 11:35:14.0;
23;9449.5;2019-04-11 11:35:16.0;
23;9450;2019-04-11 11:35:49.0;
23;9448.5;2019-04-11 11:36:03.0;
23;9449;2019-04-11 11:36:08.0;
23;9448.5;2019-04-11 11:36:23.0;
23;9449;2019-04-11 11:36:30.0;
23;9449.5;2019-04-11 11:36:36.0;
23;9449;2019-04-11 11:36:52.0;
23;9448.5;2019-04-11 11:36:56.0;
23;9449;2019-04-11 11:37:03.0;
23;9449.5;2019-04-11 11:37:08.0;
23;9450;2019-04-11 11:37:18.0;
23;9450.5;2019-04-11 11:37:35.0;
23;9450;2019-04-11 11:37:36.0;
23;9450.5;2019-04-11 11:37:38.0;
23;9450;2019-04-11 11:37:48.0;
23;9450.5;2019-04-11 11:38:03.0;
23;9450;2019-04-11 11:38:20.0;
23;9450.5;2019-04-11 11:38:28.0;
23;9450;2019-04-11 11:38:29.0;
23;9450.5;2019-04-11 11:38:30.0;
23;9450;2019-04-11 11:38:33.0;
23;9449.5;2019-04-11 11:38:36.0;
23;9450;2019-04-11 11:38:55.0;
23;9450.5;2019-04-11 11:39:07.0;
23;9451.5;2019-04-11 11:39:49.0;
23;9451;2019-04-11 11:40:04.0;
23;9451.5;2019-04-11 11:40:05.0;
23;9452.5;2019-04-11 11:40:07.0;
23;9451.5;2019-04-11 11:40:32.0;
23;9452;2019-04-11 11:40:42.0;
23;9451.5;2019-04-11 11:40:44.0;
23;9452;2019-04-11 11:40:45.0;
23;9451.5;2019-04-11 11:40:48.0;
23;9451;2019-04-11 11:40:53.0;
23;9450.5;2019-04-11 11:40:55.0;
23;9451;2019-04-11 11:40:56.0;
23;9450.5;2019-04-11 11:40:59.0;
23;9451;2019-04-11 11:41:08.0;
23;9451.5;2019-04-11 11:41:12.0;
23;9452.5;2019-04-11 11:41:45.0;
23;9452;2019-04-11 11:42:23.0;
23;9452.5;2019-04-11 11:42:25.0;
23;9451.5;2019-04-11 11:42:26.0;
23;9452.5;2019-04-11 11:42:32.0;
23;9451.5;2019-04-11 11:42:33.0;
23;9452.5;2019-04-11 11:42:35.0;
23;9452;2019-04-11 11:43:32.0;
23;9454.5;2019-04-11 11:43:40.0;
23;9453.5;2019-04-11 11:44:25.0;
23;9455;2019-04-11 11:44:29.0;
23;9454;2019-04-11 11:44:42.0;
23;9454.5;2019-04-11 11:44:43.0;
23;9454;2019-04-11 11:44:46.0;
23;9454.5;2019-04-11 11:44:47.0;
23;9454;2019-04-11 11:45:02.0;
23;9454.5;2019-04-11 11:45:06.0;
23;9454;2019-04-11 11:45:42.0;
23;9454.5;2019-04-11 11:45:45.0;
23;9454;2019-04-11 11:45:46.0;
23;9453.5;2019-04-11 11:45:48.0;
23;9452.5;2019-04-11 11:46:08.0;
23;9451.5;2019-04-11 11:46:20.0;
23;9453.5;2019-04-11 11:46:28.0;
23;9452.5;2019-04-11 11:47:10.0;
23;9452;2019-04-11 11:47:28.0;
23;9452.5;2019-04-11 11:48:05.0;
23;9453;2019-04-11 11:48:08.0;
23;9452.5;2019-04-11 11:48:20.0;
23;9452;2019-04-11 11:48:35.0;
23;9452.5;2019-04-11 11:48:41.0;
23;9453;2019-04-11 11:48:56.0;
23;9452.5;2019-04-11 11:48:57.0;
23;9453;2019-04-11 11:48:59.0;
23;9453.5;2019-04-11 11:49:00.0;
23;9452.5;2019-04-11 11:49:11.0;
23;9452;2019-04-11 11:49:16.0;
23;9453;2019-04-11 11:49:43.0;
23;9455.5;2019-04-11 11:50:07.0;
23;9456.5;2019-04-11 11:50:45.0;
23;9455.5;2019-04-11 11:50:47.0;
23;9456;2019-04-11 11:50:49.0;
23;9455.5;2019-04-11 11:50:51.0;
23;9456;2019-04-11 11:50:57.0;
23;9455.5;2019-04-11 11:51:00.0;
23;9456;2019-04-11 11:51:01.0;
23;9454.5;2019-04-11 11:51:03.0;
23;9455;2019-04-11 11:51:08.0;
23;9455.5;2019-04-11 11:51:14.0;
23;9455;2019-04-11 11:51:41.0;
23;9454.5;2019-04-11 11:51:48.0;
23;9453.5;2019-04-11 11:52:04.0;
23;9453;2019-04-11 11:52:39.0;
23;9453.5;2019-04-11 11:52:42.0;
23;9453;2019-04-11 11:52:51.0;
23;9452.5;2019-04-11 11:53:02.0;
23;9453.5;2019-04-11 11:53:04.0;
23;9454.5;2019-04-11 11:53:17.0;
23;9455.5;2019-04-11 11:53:24.0;
23;9455;2019-04-11 11:53:28.0;
23;9455.5;2019-04-11 11:53:44.0;
23;9454.5;2019-04-11 11:54:04.0;
23;9455.5;2019-04-11 11:54:05.0;
23;9454.5;2019-04-11 11:54:07.0;
23;9455.5;2019-04-11 11:54:14.0;
23;9455;2019-04-11 11:54:18.0;
23;9454.5;2019-04-11 11:54:23.0;
23;9455;2019-04-11 11:54:24.0;
23;9454.5;2019-04-11 11:54:26.0;
23;9455.5;2019-04-11 11:54:28.0;
23;9457;2019-04-11 11:54:30.0;
23;9456;2019-04-11 11:54:38.0;
23;9455.5;2019-04-11 11:54:46.0;
23;9456;2019-04-11 11:54:47.0;
23;9455.5;2019-04-11 11:54:48.0;
23;9454.5;2019-04-11 11:54:51.0;
23;9453.5;2019-04-11 11:54:59.0;
23;9455.5;2019-04-11 11:55:16.0;
23;9457;2019-04-11 11:55:24.0;
23;9457.5;2019-04-11 11:55:38.0;
23;9457;2019-04-11 11:55:46.0;
23;9457.5;2019-04-11 11:56:07.0;
23;9457;2019-04-11 11:56:16.0;
23;9456.5;2019-04-11 11:56:22.0;
23;9457.5;2019-04-11 11:56:23.0;
23;9458.5;2019-04-11 11:56:29.0;
23;9459;2019-04-11 11:56:49.0;
23;9458.5;2019-04-11 11:56:54.0;
23;9459;2019-04-11 11:56:56.0;
23;9458.5;2019-04-11 11:56:59.0;
23;9459;2019-04-11 11:57:23.0;
23;9457;2019-04-11 11:57:33.0;
23;9456.5;2019-04-11 11:57:34.0;
23;9456;2019-04-11 11:58:05.0;
23;9456.5;2019-04-11 11:58:08.0;
23;9455.5;2019-04-11 11:58:16.0;
23;9454.5;2019-04-11 11:58:23.0;
23;9455;2019-04-11 11:58:48.0;
23;9454.5;2019-04-11 11:58:54.0;
23;9454;2019-04-11 11:59:23.0;
23;9453.5;2019-04-11 11:59:43.0;
23;9452.5;2019-04-11 11:59:49.0;
23;9450.5;2019-04-11 12:00:06.0;
23;9449.5;2019-04-11 12:00:11.0;
23;9450.5;2019-04-11 12:00:13.0;
23;9449.5;2019-04-11 12:00:14.0;
23;9449;2019-04-11 12:00:17.0;
23;9449.5;2019-04-11 12:00:23.0;
23;9450.5;2019-04-11 12:00:35.0;
23;9449.5;2019-04-11 12:00:40.0;
23;9450.5;2019-04-11 12:00:42.0;
23;9449.5;2019-04-11 12:00:44.0;
23;9448.5;2019-04-11 12:00:46.0;
23;9449.5;2019-04-11 12:01:00.0;
23;9450.5;2019-04-11 12:01:03.0;
23;9450;2019-04-11 12:01:11.0;
23;9451.5;2019-04-11 12:01:22.0;
23;9452.5;2019-04-11 12:01:27.0;
23;9451;2019-04-11 12:01:31.0;
23;9451.5;2019-04-11 12:01:39.0;
23;9451;2019-04-11 12:01:41.0;
23;9452.5;2019-04-11 12:01:43.0;
23;9452;2019-04-11 12:01:48.0;
23;9451.5;2019-04-11 12:02:05.0;
23;9451;2019-04-11 12:02:16.0;
23;9451.5;2019-04-11 12:02:18.0;
23;9451;2019-04-11 12:02:19.0;
23;9450.5;2019-04-11 12:02:21.0;
23;9451.5;2019-04-11 12:02:26.0;
23;9450.5;2019-04-11 12:02:37.0;
23;9450;2019-04-11 12:02:47.0;
23;9450.5;2019-04-11 12:02:50.0;
23;9450;2019-04-11 12:02:52.0;
23;9451;2019-04-11 12:03:13.0;
23;9451.5;2019-04-11 12:03:19.0;
23;9451;2019-04-11 12:03:21.0;
23;9451.5;2019-04-11 12:03:22.0;
23;9450.5;2019-04-11 12:04:18.0;
23;9451.5;2019-04-11 12:04:55.0;
23;9450.5;2019-04-11 12:04:56.0;
23;9451.5;2019-04-11 12:04:58.0;
23;9452.5;2019-04-11 12:05:08.0;
23;9451.5;2019-04-11 12:05:09.0;
23;9452.5;2019-04-11 12:05:11.0;
23;9453.5;2019-04-11 12:05:12.0;
23;9452.5;2019-04-11 12:05:13.0;
23;9453.5;2019-04-11 12:05:15.0;
23;9454;2019-04-11 12:05:24.0;
23;9454.5;2019-04-11 12:05:31.0;
23;9453.5;2019-04-11 12:05:38.0;
23;9454;2019-04-11 12:05:51.0;
23;9453.5;2019-04-11 12:06:08.0;
23;9454;2019-04-11 12:06:10.0;
23;9453.5;2019-04-11 12:06:11.0;
23;9452.5;2019-04-11 12:06:15.0;
23;9453.5;2019-04-11 12:06:17.0;
23;9453;2019-04-11 12:06:24.0;
23;9453.5;2019-04-11 12:06:25.0;
23;9453;2019-04-11 12:06:27.0;
23;9452;2019-04-11 12:06:43.0;
23;9452.5;2019-04-11 12:06:56.0;
23;9452;2019-04-11 12:06:57.0;
23;9453.5;2019-04-11 12:06:58.0;
23;9452.5;2019-04-11 12:07:05.0;
23;9453;2019-04-11 12:07:19.0;
23;9452.5;2019-04-11 12:07:21.0;
23;9453;2019-04-11 12:07:22.0;
23;9453.5;2019-04-11 12:07:38.0;
23;9453;2019-04-11 12:07:39.0;
23;9453.5;2019-04-11 12:07:48.0;
23;9454;2019-04-11 12:08:05.0;
23;9453.5;2019-04-11 12:08:07.0;
23;9454;2019-04-11 12:08:08.0;
23;9454.5;2019-04-11 12:08:26.0;
23;9454;2019-04-11 12:08:31.0;
23;9454.5;2019-04-11 12:08:32.0;
23;9454;2019-04-11 12:08:33.0;
23;9453;2019-04-11 12:08:59.0;
23;9453.5;2019-04-11 12:09:11.0;
23;9454;2019-04-11 12:09:15.0;
23;9455;2019-04-11 12:09:25.0;
23;9454.5;2019-04-11 12:09:35.0;
23;9454;2019-04-11 12:09:40.0;
23;9456;2019-04-11 12:10:05.0;
23;9455;2019-04-11 12:10:10.0;
23;9456;2019-04-11 12:10:12.0;
23;9455;2019-04-11 12:10:13.0;
23;9455.5;2019-04-11 12:10:19.0;
23;9455;2019-04-11 12:10:21.0;
23;9455.5;2019-04-11 12:10:22.0;
23;9456.5;2019-04-11 12:10:39.0;
23;9455.5;2019-04-11 12:10:45.0;
23;9455;2019-04-11 12:11:19.0;
23;9455.5;2019-04-11 12:11:21.0;
23;9455;2019-04-11 12:11:22.0;
23;9454.5;2019-04-11 12:11:25.0;
23;9453.5;2019-04-11 12:11:35.0;
23;9453;2019-04-11 12:12:05.0;
23;9452.5;2019-04-11 12:12:11.0;
23;9453;2019-04-11 12:12:27.0;
23;9453.5;2019-04-11 12:12:34.0;
23;9454;2019-04-11 12:12:35.0;
23;9455.5;2019-04-11 12:12:41.0;
23;9456;2019-04-11 12:12:46.0;
23;9455.5;2019-04-11 12:12:48.0;
23;9456.5;2019-04-11 12:12:52.0;
23;9455.5;2019-04-11 12:12:55.0;
23;9456.5;2019-04-11 12:12:56.0;
23;9455.5;2019-04-11 12:12:58.0;
23;9456.5;2019-04-11 12:13:12.0;
23;9454.5;2019-04-11 12:14:04.0;
23;9456.5;2019-04-11 12:14:06.0;
23;9454.5;2019-04-11 12:14:07.0;
23;9455;2019-04-11 12:14:10.0;
23;9455.5;2019-04-11 12:14:22.0;
23;9456.5;2019-04-11 12:14:35.0;
23;9455.5;2019-04-11 12:14:36.0;
23;9456.5;2019-04-11 12:14:38.0;
23;9455.5;2019-04-11 12:15:10.0;
23;9454;2019-04-11 12:15:19.0;
23;9455.5;2019-04-11 12:15:20.0;
23;9454;2019-04-11 12:15:22.0;
23;9455;2019-04-11 12:15:29.0;
23;9454.5;2019-04-11 12:15:33.0;
23;9454;2019-04-11 12:15:45.0;
23;9456;2019-04-11 12:15:47.0;
23;9454;2019-04-11 12:15:50.0;
23;9456;2019-04-11 12:15:51.0;
23;9455.5;2019-04-11 12:16:04.0;
23;9455;2019-04-11 12:16:16.0;
23;9455.5;2019-04-11 12:16:24.0;
23;9455;2019-04-11 12:16:36.0;
23;9455.5;2019-04-11 12:16:43.0;
23;9455;2019-04-11 12:16:46.0;
23;9455.5;2019-04-11 12:16:47.0;
23;9456;2019-04-11 12:16:49.0;
23;9456.5;2019-04-11 12:16:52.0;
23;9457;2019-04-11 12:17:20.0;
23;9456;2019-04-11 12:17:31.0;
23;9456.5;2019-04-11 12:17:46.0;
23;9457.5;2019-04-11 12:18:03.0;
23;9456.5;2019-04-11 12:18:05.0;
23;9457.5;2019-04-11 12:18:09.0;
23;9458;2019-04-11 12:18:36.0;
23;9457.5;2019-04-11 12:18:44.0;
23;9457;2019-04-11 12:19:24.0;
23;9456.5;2019-04-11 12:19:36.0;
23;9457.5;2019-04-11 12:19:40.0;
23;9457;2019-04-11 12:19:49.0;
23;9456.5;2019-04-11 12:20:03.0;
23;9457;2019-04-11 12:20:08.0;
23;9456.5;2019-04-11 12:20:15.0;
23;9457;2019-04-11 12:20:16.0;
23;9456.5;2019-04-11 12:20:19.0;
23;9456;2019-04-11 12:20:25.0;
23;9456.5;2019-04-11 12:20:31.0;
23;9456;2019-04-11 12:20:37.0;
23;9456.5;2019-04-11 12:20:45.0;
23;9458;2019-04-11 12:21:00.0;
23;9457.5;2019-04-11 12:21:13.0;
23;9458;2019-04-11 12:21:36.0;
23;9457.5;2019-04-11 12:21:37.0;
23;9458.5;2019-04-11 12:21:40.0;
23;9459;2019-04-11 12:22:08.0;
23;9458.5;2019-04-11 12:22:22.0;
23;9460;2019-04-11 12:22:28.0;
23;9459.5;2019-04-11 12:23:14.0;
23;9460;2019-04-11 12:23:15.0;
23;9459.5;2019-04-11 12:23:16.0;
23;9460;2019-04-11 12:23:18.0;
23;9459.5;2019-04-11 12:23:30.0;
23;9459;2019-04-11 12:23:44.0;
23;9459.5;2019-04-11 12:23:45.0;
23;9459;2019-04-11 12:23:46.0;
23;9459.5;2019-04-11 12:23:52.0;
23;9458.5;2019-04-11 12:24:05.0;
23;9458;2019-04-11 12:24:21.0;
23;9457.5;2019-04-11 12:24:30.0;
23;9457;2019-04-11 12:24:31.0;
23;9456.5;2019-04-11 12:24:35.0;
23;9457;2019-04-11 12:24:37.0;
23;9456.5;2019-04-11 12:24:39.0;
23;9456;2019-04-11 12:25:05.0;
23;9455;2019-04-11 12:25:15.0;
23;9455.5;2019-04-11 12:25:19.0;
23;9455;2019-04-11 12:25:22.0;
23;9455.5;2019-04-11 12:25:23.0;
23;9456.5;2019-04-11 12:25:24.0;
23;9457;2019-04-11 12:25:36.0;
23;9456;2019-04-11 12:25:47.0;
23;9455.5;2019-04-11 12:26:04.0;
23;9455;2019-04-11 12:26:53.0;
23;9454;2019-04-11 12:26:55.0;
23;9454.5;2019-04-11 12:27:08.0;
23;9454;2019-04-11 12:27:12.0;
23;9454.5;2019-04-11 12:27:13.0;
23;9454;2019-04-11 12:27:16.0;
23;9453.5;2019-04-11 12:27:23.0;
23;9452.5;2019-04-11 12:27:48.0;
23;9452;2019-04-11 12:28:08.0;
23;9451;2019-04-11 12:28:21.0;
23;9452;2019-04-11 12:28:22.0;
23;9450;2019-04-11 12:28:24.0;
23;9451;2019-04-11 12:28:25.0;
23;9449.5;2019-04-11 12:28:26.0;
23;9450;2019-04-11 12:28:28.0;
23;9449.5;2019-04-11 12:28:29.0;
23;9449;2019-04-11 12:28:47.0;
23;9450;2019-04-11 12:29:00.0;
23;9449.5;2019-04-11 12:29:07.0;
23;9449;2019-04-11 12:29:12.0;
23;9449.5;2019-04-11 12:29:15.0;
23;9450;2019-04-11 12:29:42.0;
23;9449.5;2019-04-11 12:29:43.0;
23;9450;2019-04-11 12:29:45.0;
23;9450.5;2019-04-11 12:29:50.0;
23;9450;2019-04-11 12:30:22.0;
23;9449.5;2019-04-11 12:30:28.0;
23;9450.5;2019-04-11 12:30:31.0;
23;9450;2019-04-11 12:30:39.0;
23;9449.5;2019-04-11 12:30:44.0;
23;9450;2019-04-11 12:30:50.0;
23;9449.5;2019-04-11 12:31:03.0;
23;9450;2019-04-11 12:31:34.0;
23;9449.5;2019-04-11 12:31:36.0;
23;9450;2019-04-11 12:31:37.0;
23;9449;2019-04-11 12:31:39.0;
23;9450;2019-04-11 12:31:40.0;
23;9449;2019-04-11 12:31:41.0;
23;9448;2019-04-11 12:31:43.0;
23;9448.5;2019-04-11 12:32:05.0;
23;9449.5;2019-04-11 12:32:16.0;
23;9449;2019-04-11 12:32:30.0;
23;9449.5;2019-04-11 12:32:40.0;
23;9449;2019-04-11 12:32:44.0;
23;9448.5;2019-04-11 12:32:55.0;
23;9449.5;2019-04-11 12:33:08.0;
23;9450;2019-04-11 12:33:26.0;
23;9450.5;2019-04-11 12:33:44.0;
23;9449.5;2019-04-11 12:34:03.0;
23;9450.5;2019-04-11 12:34:05.0;
23;9449.5;2019-04-11 12:34:06.0;
23;9450.5;2019-04-11 12:34:36.0;
23;9451;2019-04-11 12:34:58.0;
23;9450.5;2019-04-11 12:35:40.0;
23;9451;2019-04-11 12:36:32.0;
23;9450.5;2019-04-11 12:36:33.0;
23;9451;2019-04-11 12:36:34.0;
23;9450.5;2019-04-11 12:36:43.0;
23;9451;2019-04-11 12:36:50.0;
23;9451.5;2019-04-11 12:37:06.0;
23;9450.5;2019-04-11 12:37:07.0;
23;9449.5;2019-04-11 12:37:24.0;
23;9450;2019-04-11 12:37:40.0;
23;9450.5;2019-04-11 12:37:47.0;
23;9449;2019-04-11 12:38:04.0;
23;9448.5;2019-04-11 12:38:09.0;
23;9449.5;2019-04-11 12:38:14.0;
23;9450.5;2019-04-11 12:38:19.0;
23;9449.5;2019-04-11 12:38:21.0;
23;9450.5;2019-04-11 12:38:22.0;
23;9451.5;2019-04-11 12:38:36.0;
23;9451;2019-04-11 12:38:58.0;
23;9451.5;2019-04-11 12:39:00.0;
23;9451;2019-04-11 12:39:03.0;
23;9451.5;2019-04-11 12:39:04.0;
23;9451;2019-04-11 12:39:22.0;
23;9450.5;2019-04-11 12:39:28.0;
23;9451.5;2019-04-11 12:39:48.0;
23;9451;2019-04-11 12:40:04.0;
23;9451.5;2019-04-11 12:40:10.0;
23;9450.5;2019-04-11 12:40:39.0;
23;9451;2019-04-11 12:42:36.0;
23;9451.5;2019-04-11 12:42:44.0;
23;9450.5;2019-04-11 12:43:13.0;
23;9451.5;2019-04-11 12:43:30.0;
23;9450.5;2019-04-11 12:43:44.0;
23;9451.5;2019-04-11 12:44:38.0;
23;9452.5;2019-04-11 12:45:08.0;
23;9456.5;2019-04-11 12:45:39.0;
23;9458.5;2019-04-11 12:45:46.0;
23;9458;2019-04-11 12:45:48.0;
23;9457.5;2019-04-11 12:46:05.0;
23;9457;2019-04-11 12:46:15.0;
23;9457.5;2019-04-11 12:46:17.0;
23;9457;2019-04-11 12:46:18.0;
23;9456;2019-04-11 12:46:20.0;
23;9457;2019-04-11 12:46:21.0;
23;9456;2019-04-11 12:46:22.0;
23;9457;2019-04-11 12:46:24.0;
23;9458;2019-04-11 12:46:35.0;
23;9457;2019-04-11 12:46:40.0;
23;9456;2019-04-11 12:46:45.0;
23;9456.5;2019-04-11 12:46:48.0;
23;9456;2019-04-11 12:46:59.0;
23;9456.5;2019-04-11 12:47:01.0;
23;9455.5;2019-04-11 12:47:03.0;
23;9456;2019-04-11 12:47:11.0;
23;9455.5;2019-04-11 12:47:12.0;
23;9456;2019-04-11 12:47:13.0;
23;9456.5;2019-04-11 12:47:15.0;
23;9456;2019-04-11 12:47:17.0;
23;9456.5;2019-04-11 12:47:18.0;
23;9455.5;2019-04-11 12:47:25.0;
23;9456;2019-04-11 12:47:27.0;
23;9455.5;2019-04-11 12:47:28.0;
23;9456;2019-04-11 12:47:30.0;
23;9455.5;2019-04-11 12:47:38.0;
23;9456.5;2019-04-11 12:47:45.0;
23;9456;2019-04-11 12:47:47.0;
23;9455.5;2019-04-11 12:48:11.0;
23;9456;2019-04-11 12:48:19.0;
23;9455.5;2019-04-11 12:48:27.0;
23;9456.5;2019-04-11 12:48:42.0;
23;9456;2019-04-11 12:48:47.0;
23;9456.5;2019-04-11 12:48:49.0;
23;9456;2019-04-11 12:48:50.0;
23;9455.5;2019-04-11 12:49:10.0;
23;9454.5;2019-04-11 12:49:37.0;
23;9455.5;2019-04-11 12:50:04.0;
23;9456.5;2019-04-11 12:50:13.0;
23;9457.5;2019-04-11 12:50:18.0;
23;9458.5;2019-04-11 12:50:21.0;
23;9459;2019-04-11 12:50:30.0;
23;9459.5;2019-04-11 12:50:32.0;
23;9460;2019-04-11 12:50:39.0;
23;9459;2019-04-11 12:50:46.0;
23;9460;2019-04-11 12:50:48.0;
23;9461.5;2019-04-11 12:50:51.0;
23;9460;2019-04-11 12:50:52.0;
23;9461.5;2019-04-11 12:50:55.0;
23;9463;2019-04-11 12:50:59.0;
23;9461.5;2019-04-11 12:51:05.0;
23;9461;2019-04-11 12:51:12.0;
23;9462;2019-04-11 12:51:22.0;
23;9462.5;2019-04-11 12:51:24.0;
23;9462;2019-04-11 12:51:25.0;
23;9462.5;2019-04-11 12:51:28.0;
23;9460.5;2019-04-11 12:52:05.0;
23;9459.5;2019-04-11 12:52:11.0;
23;9460;2019-04-11 12:52:17.0;
23;9461;2019-04-11 12:52:25.0;
23;9460.5;2019-04-11 12:52:29.0;
23;9460;2019-04-11 12:52:31.0;
23;9461.5;2019-04-11 12:52:39.0;
23;9460;2019-04-11 12:52:40.0;
23;9460.5;2019-04-11 12:52:43.0;
23;9459.5;2019-04-11 12:52:52.0;
23;9460;2019-04-11 12:52:53.0;
23;9459.5;2019-04-11 12:52:54.0;
23;9460;2019-04-11 12:52:59.0;
23;9461.5;2019-04-11 12:53:07.0;
23;9460;2019-04-11 12:53:08.0;
23;9461.5;2019-04-11 12:53:10.0;
23;9460.5;2019-04-11 12:53:15.0;
23;9461;2019-04-11 12:53:21.0;
23;9460.5;2019-04-11 12:53:22.0;
23;9461;2019-04-11 12:53:23.0;
23;9460.5;2019-04-11 12:53:31.0;
23;9461;2019-04-11 12:53:46.0;
23;9460.5;2019-04-11 12:53:47.0;
23;9461;2019-04-11 12:54:09.0;
23;9460.5;2019-04-11 12:54:12.0;
23;9461.5;2019-04-11 12:54:15.0;
23;9461;2019-04-11 12:54:32.0;
23;9461.5;2019-04-11 12:54:46.0;
23;9463.5;2019-04-11 12:54:56.0;
23;9463;2019-04-11 12:55:07.0;
23;9463.5;2019-04-11 12:55:16.0;
23;9464;2019-04-11 12:55:20.0;
23;9463;2019-04-11 12:55:23.0;
23;9462.5;2019-04-11 12:55:39.0;
23;9463;2019-04-11 12:55:50.0;
23;9464;2019-04-11 12:56:04.0;
23;9463;2019-04-11 12:56:06.0;
23;9464;2019-04-11 12:56:08.0;
23;9464.5;2019-04-11 12:56:12.0;
23;9464;2019-04-11 12:56:13.0;
23;9464.5;2019-04-11 12:56:15.0;
23;9463.5;2019-04-11 12:56:22.0;
23;9463;2019-04-11 12:56:24.0;
23;9463.5;2019-04-11 12:56:29.0;
23;9462.5;2019-04-11 12:56:41.0;
23;9463.5;2019-04-11 12:56:50.0;
23;9463;2019-04-11 12:56:55.0;
23;9462.5;2019-04-11 12:57:06.0;
23;9463;2019-04-11 12:57:16.0;
23;9463.5;2019-04-11 12:57:32.0;
23;9463;2019-04-11 12:57:33.0;
23;9463.5;2019-04-11 12:57:35.0;
23;9464.5;2019-04-11 12:57:40.0;
23;9465;2019-04-11 12:57:47.0;
23;9463.5;2019-04-11 12:58:10.0;
23;9464.5;2019-04-11 12:58:27.0;
23;9463.5;2019-04-11 12:58:30.0;
23;9464.5;2019-04-11 12:58:31.0;
23;9463.5;2019-04-11 12:58:43.0;
23;9464.5;2019-04-11 12:58:45.0;
23;9463.5;2019-04-11 12:58:46.0;
23;9464.5;2019-04-11 12:58:49.0;
23;9465;2019-04-11 12:58:58.0;
23;9464.5;2019-04-11 12:59:03.0;
23;9464;2019-04-11 12:59:08.0;
23;9462.5;2019-04-11 12:59:10.0;
23;9464;2019-04-11 12:59:13.0;
23;9463.5;2019-04-11 12:59:14.0;
23;9463;2019-04-11 12:59:30.0;
23;9462.5;2019-04-11 12:59:34.0;
23;9461.5;2019-04-11 13:00:27.0;
23;9462;2019-04-11 13:00:40.0;
23;9462.5;2019-04-11 13:00:43.0;
23;9462;2019-04-11 13:00:53.0;
23;9461.5;2019-04-11 13:01:01.0;
23;9462.5;2019-04-11 13:01:28.0;
23;9462;2019-04-11 13:01:41.0;
23;9463.5;2019-04-11 13:01:49.0;
23;9462.5;2019-04-11 13:02:04.0;
23;9463.5;2019-04-11 13:02:16.0;
23;9462.5;2019-04-11 13:02:30.0;
23;9461.5;2019-04-11 13:02:52.0;
23;9461;2019-04-11 13:02:59.0;
23;9462;2019-04-11 13:03:04.0;
23;9461.5;2019-04-11 13:03:09.0;
23;9462;2019-04-11 13:03:17.0;
23;9462.5;2019-04-11 13:03:22.0;
23;9463.5;2019-04-11 13:03:27.0;
23;9462.5;2019-04-11 13:03:29.0;
23;9463.5;2019-04-11 13:03:30.0;
23;9463;2019-04-11 13:03:37.0;
23;9462.5;2019-04-11 13:03:40.0;
23;9463;2019-04-11 13:04:02.0;
23;9464;2019-04-11 13:04:15.0;
23;9464.5;2019-04-11 13:04:28.0;
23;9464;2019-04-11 13:04:32.0;
23;9465;2019-04-11 13:04:37.0;
23;9464.5;2019-04-11 13:04:42.0;
23;9465;2019-04-11 13:04:50.0;
23;9464.5;2019-04-11 13:05:03.0;
23;9465;2019-04-11 13:05:31.0;
23;9464.5;2019-04-11 13:05:32.0;
23;9465;2019-04-11 13:05:33.0;
23;9465.5;2019-04-11 13:05:42.0;
23;9466;2019-04-11 13:06:03.0;
23;9467;2019-04-11 13:06:07.0;
23;9466;2019-04-11 13:06:08.0;
23;9467;2019-04-11 13:06:10.0;
23;9466.5;2019-04-11 13:06:34.0;
23;9467;2019-04-11 13:06:35.0;
23;9466.5;2019-04-11 13:06:38.0;
23;9467;2019-04-11 13:06:39.0;
23;9466.5;2019-04-11 13:06:53.0;
23;9467.5;2019-04-11 13:06:56.0;
23;9466.5;2019-04-11 13:07:01.0;
23;9467;2019-04-11 13:07:07.0;
23;9466.5;2019-04-11 13:07:13.0;
23;9467;2019-04-11 13:07:21.0;
23;9467.5;2019-04-11 13:07:36.0;
23;9468.5;2019-04-11 13:08:12.0;
23;9468;2019-04-11 13:08:15.0;
23;9467.5;2019-04-11 13:08:37.0;
23;9466.5;2019-04-11 13:09:19.0;
23;9467.5;2019-04-11 13:09:20.0;
23;9466.5;2019-04-11 13:09:21.0;
23;9466;2019-04-11 13:09:25.0;
23;9466.5;2019-04-11 13:09:28.0;
23;9466;2019-04-11 13:10:08.0;
23;9466.5;2019-04-11 13:10:10.0;
23;9466;2019-04-11 13:10:11.0;
23;9465.5;2019-04-11 13:10:17.0;
23;9466;2019-04-11 13:10:26.0;
23;9465.5;2019-04-11 13:10:28.0;
23;9466;2019-04-11 13:10:29.0;
23;9467;2019-04-11 13:11:25.0;
23;9466.5;2019-04-11 13:11:31.0;
23;9466;2019-04-11 13:11:38.0;
23;9465.5;2019-04-11 13:11:39.0;
23;9466;2019-04-11 13:11:41.0;
23;9465.5;2019-04-11 13:11:42.0;
23;9465;2019-04-11 13:12:16.0;
23;9465.5;2019-04-11 13:12:23.0;
23;9466;2019-04-11 13:12:35.0;
23;9467;2019-04-11 13:12:39.0;
23;9465.5;2019-04-11 13:13:05.0;
23;9466.5;2019-04-11 13:13:15.0;
23;9465.5;2019-04-11 13:13:18.0;
23;9467;2019-04-11 13:13:19.0;
23;9466.5;2019-04-11 13:13:25.0;
23;9467;2019-04-11 13:13:28.0;
23;9466.5;2019-04-11 13:13:31.0;
23;9466;2019-04-11 13:13:37.0;
23;9465.5;2019-04-11 13:14:04.0;
23;9466;2019-04-11 13:14:08.0;
23;9465.5;2019-04-11 13:14:18.0;
23;9464.5;2019-04-11 13:14:56.0;
23;9463.5;2019-04-11 13:15:23.0;
23;9464.5;2019-04-11 13:15:29.0;
23;9463.5;2019-04-11 13:16:03.0;
23;9462.5;2019-04-11 13:16:08.0;
23;9463;2019-04-11 13:16:20.0;
23;9463.5;2019-04-11 13:16:43.0;
23;9462.5;2019-04-11 13:17:04.0;
23;9463;2019-04-11 13:17:17.0;
23;9463.5;2019-04-11 13:17:29.0;
23;9464;2019-04-11 13:17:38.0;
23;9463.5;2019-04-11 13:17:41.0;
23;9464;2019-04-11 13:17:43.0;
23;9464.5;2019-04-11 13:17:48.0;
23;9464;2019-04-11 13:17:49.0;
23;9464.5;2019-04-11 13:17:51.0;
23;9464;2019-04-11 13:18:02.0;
23;9464.5;2019-04-11 13:18:07.0;
23;9465.5;2019-04-11 13:18:21.0;
23;9466.5;2019-04-11 13:18:46.0;
23;9465.5;2019-04-11 13:19:00.0;
23;9465;2019-04-11 13:19:09.0;
23;9465.5;2019-04-11 13:19:12.0;
23;9465;2019-04-11 13:19:13.0;
23;9465.5;2019-04-11 13:19:15.0;
23;9466;2019-04-11 13:19:30.0;
23;9465.5;2019-04-11 13:19:33.0;
23;9466;2019-04-11 13:19:35.0;
23;9465.5;2019-04-11 13:19:47.0;
23;9464;2019-04-11 13:20:03.0;
23;9464.5;2019-04-11 13:20:22.0;
23;9462.5;2019-04-11 13:20:38.0;
23;9463;2019-04-11 13:20:54.0;
23;9462.5;2019-04-11 13:20:56.0;
23;9463;2019-04-11 13:20:57.0;
23;9462.5;2019-04-11 13:21:03.0;
23;9463;2019-04-11 13:21:06.0;
23;9462.5;2019-04-11 13:21:07.0;
23;9462;2019-04-11 13:21:29.0;
23;9461.5;2019-04-11 13:21:42.0;
23;9460;2019-04-11 13:22:06.0;
23;9462;2019-04-11 13:22:07.0;
23;9462.5;2019-04-11 13:22:21.0;
23;9462;2019-04-11 13:22:22.0;
23;9462.5;2019-04-11 13:22:24.0;
23;9463;2019-04-11 13:22:32.0;
23;9463.5;2019-04-11 13:22:45.0;
23;9464.5;2019-04-11 13:23:00.0;
23;9465;2019-04-11 13:23:10.0;
23;9464.5;2019-04-11 13:23:19.0;
23;9463.5;2019-04-11 13:23:24.0;
23;9464;2019-04-11 13:23:40.0;
23;9463.5;2019-04-11 13:23:42.0;
23;9464;2019-04-11 13:23:43.0;
23;9462;2019-04-11 13:24:05.0;
23;9462.5;2019-04-11 13:24:09.0;
23;9463;2019-04-11 13:24:16.0;
23;9462.5;2019-04-11 13:24:22.0;
23;9462;2019-04-11 13:24:25.0;
23;9461.5;2019-04-11 13:24:39.0;
23;9462;2019-04-11 13:24:41.0;
23;9461.5;2019-04-11 13:24:42.0;
23;9460.5;2019-04-11 13:24:48.0;
23;9459.5;2019-04-11 13:25:03.0;
23;9460.5;2019-04-11 13:25:04.0;
23;9459.5;2019-04-11 13:25:06.0;
23;9459;2019-04-11 13:25:16.0;
23;9459.5;2019-04-11 13:25:17.0;
23;9459;2019-04-11 13:25:19.0;
23;9458.5;2019-04-11 13:25:25.0;
23;9459;2019-04-11 13:25:44.0;
23;9459.5;2019-04-11 13:25:52.0;
23;9460;2019-04-11 13:26:24.0;
23;9459.5;2019-04-11 13:26:59.0;
23;9459;2019-04-11 13:27:06.0;
23;9459.5;2019-04-11 13:27:12.0;
23;9460;2019-04-11 13:27:15.0;
23;9459.5;2019-04-11 13:27:16.0;
23;9460;2019-04-11 13:27:18.0;
23;9459.5;2019-04-11 13:27:21.0;
23;9459;2019-04-11 13:27:31.0;
23;9459.5;2019-04-11 13:27:39.0;
23;9460;2019-04-11 13:28:07.0;
23;9462.5;2019-04-11 13:28:15.0;
23;9463;2019-04-11 13:28:27.0;
23;9462.5;2019-04-11 13:28:59.0;
23;9463;2019-04-11 13:29:00.0;
23;9462.5;2019-04-11 13:29:02.0;
23;9463;2019-04-11 13:29:08.0;
23;9462.5;2019-04-11 13:29:09.0;
23;9463.5;2019-04-11 13:29:10.0;
23;9463;2019-04-11 13:29:12.0;
23;9463.5;2019-04-11 13:29:13.0;
23;9463;2019-04-11 13:29:16.0;
23;9462.5;2019-04-11 13:29:30.0;
23;9461.5;2019-04-11 13:29:42.0;
23;9460;2019-04-11 13:29:48.0;
23;9460.5;2019-04-11 13:30:05.0;
23;9461;2019-04-11 13:30:12.0;
23;9460.5;2019-04-11 13:30:15.0;
23;9461;2019-04-11 13:30:23.0;
23;9461.5;2019-04-11 13:30:29.0;
23;9461;2019-04-11 13:30:32.0;
23;9461.5;2019-04-11 13:30:33.0;
23;9461;2019-04-11 13:30:35.0;
23;9461.5;2019-04-11 13:30:44.0;
23;9462;2019-04-11 13:30:51.0;
23;9462.5;2019-04-11 13:31:04.0;
23;9462;2019-04-11 13:31:10.0;
23;9462.5;2019-04-11 13:31:11.0;
23;9462;2019-04-11 13:31:14.0;
23;9462.5;2019-04-11 13:31:16.0;
23;9463.5;2019-04-11 13:31:17.0;
23;9464;2019-04-11 13:32:10.0;
23;9464.5;2019-04-11 13:32:13.0;
23;9463.5;2019-04-11 13:32:23.0;
23;9464;2019-04-11 13:32:39.0;
23;9464.5;2019-04-11 13:32:47.0;
23;9464;2019-04-11 13:32:51.0;
23;9463;2019-04-11 13:32:58.0;
23;9463.5;2019-04-11 13:33:03.0;
23;9462.5;2019-04-11 13:33:08.0;
23;9463.5;2019-04-11 13:33:10.0;
23;9462.5;2019-04-11 13:33:11.0;
23;9462;2019-04-11 13:33:17.0;
23;9462.5;2019-04-11 13:33:22.0;
23;9463;2019-04-11 13:33:26.0;
23;9463.5;2019-04-11 13:33:29.0;
23;9463;2019-04-11 13:33:36.0;
23;9462.5;2019-04-11 13:33:39.0;
23;9463.5;2019-04-11 13:33:49.0;
23;9464.5;2019-04-11 13:34:03.0;
23;9465;2019-04-11 13:34:09.0;
23;9464.5;2019-04-11 13:34:27.0;
23;9464;2019-04-11 13:34:50.0;
23;9463.5;2019-04-11 13:34:54.0;
23;9462;2019-04-11 13:35:00.0;
23;9461.5;2019-04-11 13:35:05.0;
23;9460.5;2019-04-11 13:35:09.0;
23;9461;2019-04-11 13:35:21.0;
23;9460.5;2019-04-11 13:35:28.0;
23;9461;2019-04-11 13:35:37.0;
23;9460.5;2019-04-11 13:36:23.0;
23;9461;2019-04-11 13:36:33.0;
23;9460.5;2019-04-11 13:36:34.0;
23;9461;2019-04-11 13:36:36.0;
23;9462;2019-04-11 13:36:51.0;
23;9463;2019-04-11 13:36:56.0;
23;9462;2019-04-11 13:36:58.0;
23;9463.5;2019-04-11 13:37:12.0;
23;9462;2019-04-11 13:37:13.0;
23;9463.5;2019-04-11 13:37:15.0;
23;9463;2019-04-11 13:37:27.0;
23;9462.5;2019-04-11 13:37:34.0;
23;9463;2019-04-11 13:37:36.0;
23;9462.5;2019-04-11 13:37:37.0;
23;9462;2019-04-11 13:38:08.0;
23;9462.5;2019-04-11 13:38:11.0;
23;9463;2019-04-11 13:39:00.0;
23;9462.5;2019-04-11 13:39:33.0;
23;9461;2019-04-11 13:39:40.0;
23;9460.5;2019-04-11 13:39:44.0;
23;9459.5;2019-04-11 13:40:05.0;
23;9460;2019-04-11 13:40:07.0;
23;9459.5;2019-04-11 13:40:09.0;
23;9460;2019-04-11 13:40:10.0;
23;9459.5;2019-04-11 13:40:16.0;
23;9459;2019-04-11 13:40:20.0;
23;9459.5;2019-04-11 13:40:23.0;
23;9459;2019-04-11 13:40:24.0;
23;9459.5;2019-04-11 13:40:27.0;
23;9459;2019-04-11 13:40:34.0;
23;9460;2019-04-11 13:40:40.0;
23;9459;2019-04-11 13:40:43.0;
23;9460;2019-04-11 13:40:49.0;
23;9460.5;2019-04-11 13:40:56.0;
23;9460;2019-04-11 13:41:02.0;
23;9459.5;2019-04-11 13:41:06.0;
23;9460.5;2019-04-11 13:41:12.0;
23;9461;2019-04-11 13:41:27.0;
23;9460;2019-04-11 13:41:37.0;
23;9459.5;2019-04-11 13:41:40.0;
23;9460;2019-04-11 13:41:42.0;
23;9459.5;2019-04-11 13:41:44.0;
23;9460;2019-04-11 13:41:47.0;
23;9462;2019-04-11 13:42:06.0;
23;9462.5;2019-04-11 13:42:12.0;
23;9463;2019-04-11 13:42:15.0;
23;9462.5;2019-04-11 13:42:16.0;
23;9463;2019-04-11 13:42:18.0;
23;9461.5;2019-04-11 13:42:23.0;
23;9461;2019-04-11 13:42:26.0;
23;9461.5;2019-04-11 13:42:39.0;
23;9460.5;2019-04-11 13:42:50.0;
23;9461;2019-04-11 13:42:56.0;
23;9460.5;2019-04-11 13:43:03.0;
23;9459.5;2019-04-11 13:43:34.0;
23;9459;2019-04-11 13:43:43.0;
23;9458.5;2019-04-11 13:44:27.0;
23;9459;2019-04-11 13:44:46.0;
23;9458;2019-04-11 13:44:49.0;
23;9459;2019-04-11 13:44:51.0;
23;9458;2019-04-11 13:44:53.0;
23;9459;2019-04-11 13:44:54.0;
23;9459.5;2019-04-11 13:45:03.0;
23;9460.5;2019-04-11 13:45:29.0;
23;9459.5;2019-04-11 13:45:36.0;
23;9460;2019-04-11 13:45:40.0;
23;9459.5;2019-04-11 13:45:43.0;
23;9459;2019-04-11 13:46:04.0;
23;9459.5;2019-04-11 13:46:05.0;
23;9459;2019-04-11 13:46:07.0;
23;9459.5;2019-04-11 13:46:10.0;
23;9459;2019-04-11 13:46:15.0;
23;9458.5;2019-04-11 13:46:20.0;
23;9459;2019-04-11 13:46:22.0;
23;9458.5;2019-04-11 13:46:24.0;
23;9458;2019-04-11 13:46:31.0;
23;9459;2019-04-11 13:46:51.0;
23;9458.5;2019-04-11 13:46:56.0;
23;9459;2019-04-11 13:47:39.0;
23;9457.5;2019-04-11 13:47:49.0;
23;9458;2019-04-11 13:48:04.0;
23;9458.5;2019-04-11 13:48:13.0;
23;9459;2019-04-11 13:48:28.0;
23;9458;2019-04-11 13:48:33.0;
23;9457.5;2019-04-11 13:48:47.0;
23;9458;2019-04-11 13:48:50.0;
23;9457.5;2019-04-11 13:48:51.0;
23;9458.5;2019-04-11 13:48:53.0;
23;9458;2019-04-11 13:48:59.0;
23;9457.5;2019-04-11 13:49:10.0;
23;9458.5;2019-04-11 13:49:20.0;
23;9459.5;2019-04-11 13:49:23.0;
23;9458.5;2019-04-11 13:49:25.0;
23;9460;2019-04-11 13:49:28.0;
23;9460.5;2019-04-11 13:50:03.0;
23;9460;2019-04-11 13:50:05.0;
23;9460.5;2019-04-11 13:50:06.0;
23;9461;2019-04-11 13:50:09.0;
23;9462.5;2019-04-11 13:50:18.0;
23;9462;2019-04-11 13:50:29.0;
23;9462.5;2019-04-11 13:50:32.0;
23;9463;2019-04-11 13:50:49.0;
23;9462.5;2019-04-11 13:50:53.0;
23;9463.5;2019-04-11 13:51:00.0;
23;9462.5;2019-04-11 13:51:02.0;
23;9463.5;2019-04-11 13:51:03.0;
23;9463;2019-04-11 13:51:08.0;
23;9463.5;2019-04-11 13:51:09.0;
23;9463;2019-04-11 13:51:11.0;
23;9463.5;2019-04-11 13:51:17.0;
23;9462.5;2019-04-11 13:51:31.0;
23;9463.5;2019-04-11 13:51:33.0;
23;9462.5;2019-04-11 13:51:34.0;
23;9463;2019-04-11 13:51:39.0;
23;9462.5;2019-04-11 13:51:45.0;
23;9463.5;2019-04-11 13:52:04.0;
23;9462.5;2019-04-11 13:52:06.0;
23;9464.5;2019-04-11 13:52:08.0;
23;9465;2019-04-11 13:52:28.0;
23;9465.5;2019-04-11 13:52:35.0;
23;9466.5;2019-04-11 13:52:39.0;
23;9467;2019-04-11 13:52:47.0;
23;9466.5;2019-04-11 13:52:52.0;
23;9464.5;2019-04-11 13:53:07.0;
23;9466.5;2019-04-11 13:53:08.0;
23;9464.5;2019-04-11 13:53:09.0;
23;9465.5;2019-04-11 13:53:16.0;
23;9465;2019-04-11 13:54:04.0;
23;9465.5;2019-04-11 13:54:13.0;
23;9465;2019-04-11 13:54:31.0;
23;9465.5;2019-04-11 13:54:32.0;
23;9465;2019-04-11 13:54:34.0;
23;9464.5;2019-04-11 13:54:37.0;
23;9465.5;2019-04-11 13:54:46.0;
23;9464.5;2019-04-11 13:54:55.0;
23;9465.5;2019-04-11 13:54:57.0;
23;9464.5;2019-04-11 13:55:00.0;
23;9463;2019-04-11 13:55:07.0;
23;9463.5;2019-04-11 13:55:15.0;
23;9463;2019-04-11 13:55:19.0;
23;9463.5;2019-04-11 13:55:22.0;
23;9463;2019-04-11 13:55:24.0;
23;9464;2019-04-11 13:55:35.0;
23;9464.5;2019-04-11 13:55:40.0;
23;9463;2019-04-11 13:55:47.0;
23;9464;2019-04-11 13:56:03.0;
23;9463;2019-04-11 13:56:04.0;
23;9464;2019-04-11 13:56:05.0;
23;9463.5;2019-04-11 13:56:08.0;
23;9464.5;2019-04-11 13:56:15.0;
23;9465;2019-04-11 13:56:28.0;
23;9464.5;2019-04-11 13:56:36.0;
23;9465;2019-04-11 13:56:37.0;
23;9464.5;2019-04-11 13:56:39.0;
23;9464;2019-04-11 13:56:51.0;
23;9464.5;2019-04-11 13:57:03.0;
23;9464;2019-04-11 13:57:10.0;
23;9464.5;2019-04-11 13:57:21.0;
23;9465;2019-04-11 13:57:28.0;
23;9464.5;2019-04-11 13:57:36.0;
23;9465;2019-04-11 13:57:37.0;
23;9464.5;2019-04-11 13:57:39.0;
23;9465;2019-04-11 13:57:43.0;
23;9464.5;2019-04-11 13:58:05.0;
23;9466;2019-04-11 13:58:49.0;
23;9466.5;2019-04-11 13:59:00.0;
23;9466;2019-04-11 13:59:01.0;
23;9465.5;2019-04-11 13:59:03.0;
23;9467;2019-04-11 13:59:11.0;
23;9467.5;2019-04-11 13:59:14.0;
23;9468;2019-04-11 13:59:25.0;
23;9467.5;2019-04-11 13:59:32.0;
23;9467;2019-04-11 14:00:06.0;
23;9466.5;2019-04-11 14:00:10.0;
23;9467.5;2019-04-11 14:00:19.0;
23;9467;2019-04-11 14:00:26.0;
23;9467.5;2019-04-11 14:00:28.0;
23;9467;2019-04-11 14:00:29.0;
23;9467.5;2019-04-11 14:00:32.0;
23;9468.5;2019-04-11 14:00:34.0;
23;9469;2019-04-11 14:00:40.0;
23;9467.5;2019-04-11 14:00:45.0;
23;9468;2019-04-11 14:01:11.0;
23;9467.5;2019-04-11 14:01:13.0;
23;9468;2019-04-11 14:01:15.0;
23;9467.5;2019-04-11 14:01:17.0;
23;9465.5;2019-04-11 14:01:18.0;
23;9466.5;2019-04-11 14:01:23.0;
23;9467.5;2019-04-11 14:01:30.0;
23;9466;2019-04-11 14:01:44.0;
23;9466.5;2019-04-11 14:02:06.0;
23;9467;2019-04-11 14:02:08.0;
23;9467.5;2019-04-11 14:02:14.0;
23;9464.5;2019-04-11 14:02:23.0;
23;9465;2019-04-11 14:02:34.0;
23;9464.5;2019-04-11 14:02:40.0;
23;9465.5;2019-04-11 14:02:53.0;
23;9464.5;2019-04-11 14:02:54.0;
23;9465.5;2019-04-11 14:02:57.0;
23;9464.5;2019-04-11 14:02:58.0;
23;9464;2019-04-11 14:03:10.0;
23;9464.5;2019-04-11 14:03:11.0;
23;9465.5;2019-04-11 14:03:14.0;
23;9464.5;2019-04-11 14:03:15.0;
23;9465.5;2019-04-11 14:03:18.0;
23;9467;2019-04-11 14:03:20.0;
23;9465.5;2019-04-11 14:03:21.0;
23;9467.5;2019-04-11 14:03:24.0;
23;9469;2019-04-11 14:03:36.0;
23;9468.5;2019-04-11 14:03:44.0;
23;9469.5;2019-04-11 14:04:03.0;
23;9470;2019-04-11 14:04:06.0;
23;9469.5;2019-04-11 14:04:08.0;
23;9470;2019-04-11 14:04:10.0;
23;9469.5;2019-04-11 14:04:15.0;
23;9468.5;2019-04-11 14:04:21.0;
23;9469.5;2019-04-11 14:04:29.0;
23;9468.5;2019-04-11 14:04:31.0;
23;9469;2019-04-11 14:04:38.0;
23;9469.5;2019-04-11 14:04:42.0;
23;9470.5;2019-04-11 14:04:46.0;
23;9469.5;2019-04-11 14:04:48.0;
23;9470.5;2019-04-11 14:04:49.0;
23;9469.5;2019-04-11 14:04:52.0;
23;9468.5;2019-04-11 14:04:59.0;
23;9469.5;2019-04-11 14:05:06.0;
23;9469;2019-04-11 14:05:11.0;
23;9468.5;2019-04-11 14:05:15.0;
23;9469.5;2019-04-11 14:05:28.0;
23;9469;2019-04-11 14:05:32.0;
23;9468.5;2019-04-11 14:05:35.0;
23;9469;2019-04-11 14:05:41.0;
23;9469.5;2019-04-11 14:05:42.0;
23;9467;2019-04-11 14:06:24.0;
23;9449;2019-04-11 15:12:44.0;
23;9449.5;2019-04-11 15:12:49.0;
23;9450.5;2019-04-11 15:13:14.0;
23;9449.5;2019-04-11 15:13:18.0;
23;9450.5;2019-04-11 15:13:25.0;
23;9451;2019-04-11 15:13:27.0;
23;9450.5;2019-04-11 15:13:29.0;
23;9451;2019-04-11 15:13:38.0;
23;9450.5;2019-04-11 15:13:40.0;
23;9451;2019-04-11 15:13:41.0;
23;9450.5;2019-04-11 15:14:05.0;
23;9451;2019-04-11 15:14:11.0;
23;9450.5;2019-04-11 15:14:19.0;
23;9449;2019-04-11 15:14:28.0;
23;9450.5;2019-04-11 15:14:29.0;
23;9449;2019-04-11 15:14:31.0;
23;9449.5;2019-04-11 15:14:42.0;
23;9450;2019-04-11 15:14:43.0;
23;9449.5;2019-04-11 15:14:45.0;
23;9450;2019-04-11 15:14:46.0;
23;9449;2019-04-11 15:14:49.0;
23;9449.5;2019-04-11 15:14:55.0;
23;9450;2019-04-11 15:15:35.0;
23;9449.5;2019-04-11 15:15:36.0;
23;9450;2019-04-11 15:15:37.0;
23;9450.5;2019-04-11 15:15:39.0;
23;9449.5;2019-04-11 15:15:45.0;
23;9448.5;2019-04-11 15:16:11.0;
23;9449;2019-04-11 15:16:49.0;
23;9448.5;2019-04-11 15:16:51.0;
23;9449;2019-04-11 15:16:52.0;
23;9448.5;2019-04-11 15:16:59.0;
23;9449;2019-04-11 15:17:00.0;
23;9448.5;2019-04-11 15:17:02.0;
23;9447.5;2019-04-11 15:17:06.0;
23;9446.5;2019-04-11 15:17:31.0;
23;9445.5;2019-04-11 15:17:47.0;
23;9446.5;2019-04-11 15:17:48.0;
23;9445.5;2019-04-11 15:17:50.0;
23;9446.5;2019-04-11 15:18:04.0;
23;9446;2019-04-11 15:18:09.0;
23;9446.5;2019-04-11 15:18:11.0;
23;9446;2019-04-11 15:18:13.0;
23;9446.5;2019-04-11 15:18:14.0;
23;9447;2019-04-11 15:18:16.0;
23;9446.5;2019-04-11 15:18:18.0;
23;9447;2019-04-11 15:18:20.0;
23;9448;2019-04-11 15:18:21.0;
23;9449;2019-04-11 15:18:27.0;
23;9448;2019-04-11 15:18:29.0;
23;9448.5;2019-04-11 15:18:34.0;
23;9448;2019-04-11 15:18:36.0;
23;9448.5;2019-04-11 15:18:37.0;
23;9449.5;2019-04-11 15:18:55.0;
23;9448.5;2019-04-11 15:18:57.0;
23;9449.5;2019-04-11 15:18:59.0;
23;9448.5;2019-04-11 15:19:13.0;
23;9449.5;2019-04-11 15:19:15.0;
23;9448.5;2019-04-11 15:19:16.0;
23;9449.5;2019-04-11 15:19:17.0;
23;9448.5;2019-04-11 15:19:23.0;
23;9449.5;2019-04-11 15:19:29.0;
23;9450.5;2019-04-11 15:19:35.0;
23;9451.5;2019-04-11 15:20:12.0;
23;9452.5;2019-04-11 15:20:28.0;
23;9451.5;2019-04-11 15:20:33.0;
23;9452.5;2019-04-11 15:20:39.0;
23;9451.5;2019-04-11 15:20:45.0;
23;9452.5;2019-04-11 15:20:46.0;
23;9451.5;2019-04-11 15:20:47.0;
23;9452;2019-04-11 15:20:49.0;
23;9451.5;2019-04-11 15:20:52.0;
23;9452;2019-04-11 15:21:08.0;
23;9452.5;2019-04-11 15:21:12.0;
23;9451.5;2019-04-11 15:21:20.0;
23;9452.5;2019-04-11 15:21:42.0;
23;9451.5;2019-04-11 15:21:50.0;
23;9450.5;2019-04-11 15:22:03.0;
23;9448.5;2019-04-11 15:22:15.0;
23;9449;2019-04-11 15:22:42.0;
23;9448.5;2019-04-11 15:22:43.0;
23;9449;2019-04-11 15:22:44.0;
23;9449.5;2019-04-11 15:22:50.0;
23;9448.5;2019-04-11 15:23:02.0;
23;9449.5;2019-04-11 15:23:05.0;
23;9448.5;2019-04-11 15:23:06.0;
23;9449;2019-04-11 15:23:11.0;
23;9449.5;2019-04-11 15:23:17.0;
23;9448.5;2019-04-11 15:23:18.0;
23;9448;2019-04-11 15:23:35.0;
23;9447.5;2019-04-11 15:23:38.0;
23;9448;2019-04-11 15:23:41.0;
23;9447;2019-04-11 15:23:42.0;
23;9446.5;2019-04-11 15:23:47.0;
23;9445.5;2019-04-11 15:24:20.0;
23;9446.5;2019-04-11 15:24:21.0;
23;9445.5;2019-04-11 15:24:23.0;
23;9446.5;2019-04-11 15:24:27.0;
23;9445.5;2019-04-11 15:24:42.0;
23;9445;2019-04-11 15:25:04.0;
23;9445.5;2019-04-11 15:25:08.0;
23;9446.5;2019-04-11 15:25:16.0;
23;9445.5;2019-04-11 15:25:17.0;
23;9446.5;2019-04-11 15:25:19.0;
23;9445.5;2019-04-11 15:25:35.0;
23;9446.5;2019-04-11 15:25:44.0;
23;9447.5;2019-04-11 15:26:07.0;
23;9448.5;2019-04-11 15:26:44.0;
23;9447.5;2019-04-11 15:26:56.0;
23;9447;2019-04-11 15:27:35.0;
23;9446.5;2019-04-11 15:27:44.0;
23;9445.5;2019-04-11 15:28:05.0;
23;9446.5;2019-04-11 15:28:09.0;
23;9445.5;2019-04-11 15:28:27.0;
23;9446.5;2019-04-11 15:28:35.0;
23;9445.5;2019-04-11 15:28:40.0;
23;9445;2019-04-11 15:28:55.0;
23;9445.5;2019-04-11 15:29:18.0;
23;9445;2019-04-11 15:29:19.0;
23;9445.5;2019-04-11 15:29:20.0;
23;9444.5;2019-04-11 15:29:26.0;
23;9445;2019-04-11 15:29:37.0;
23;9444.5;2019-04-11 15:29:42.0;
23;9445;2019-04-11 15:29:44.0;
23;9444.5;2019-04-11 15:29:45.0;
23;9445;2019-04-11 15:30:04.0;
23;9443.5;2019-04-11 15:30:12.0;
23;9445;2019-04-11 15:30:14.0;
23;9443.5;2019-04-11 15:30:15.0;
23;9441.5;2019-04-11 15:30:19.0;
23;9440.5;2019-04-11 15:30:23.0;
23;9442;2019-04-11 15:30:26.0;
23;9440.5;2019-04-11 15:30:32.0;
23;9441.5;2019-04-11 15:30:35.0;
23;9440.5;2019-04-11 15:30:36.0;
23;9441.5;2019-04-11 15:30:38.0;
23;9442;2019-04-11 15:30:49.0;
23;9443.5;2019-04-11 15:30:51.0;
23;9443;2019-04-11 15:31:04.0;
23;9443.5;2019-04-11 15:31:13.0;
23;9442;2019-04-11 15:31:17.0;
23;9441.5;2019-04-11 15:31:19.0;
23;9440.5;2019-04-11 15:31:24.0;
23;9441;2019-04-11 15:31:29.0;
23;9438.5;2019-04-11 15:31:42.0;
23;9438;2019-04-11 15:31:43.0;
23;9438.5;2019-04-11 15:32:05.0;
23;9437.5;2019-04-11 15:32:11.0;
23;9436.5;2019-04-11 15:32:26.0;
23;9435.5;2019-04-11 15:32:35.0;
23;9436.5;2019-04-11 15:32:40.0;
23;9438.5;2019-04-11 15:32:42.0;
23;9438;2019-04-11 15:32:47.0;
23;9437;2019-04-11 15:32:53.0;
23;9436.5;2019-04-11 15:32:56.0;
23;9437.5;2019-04-11 15:32:58.0;
23;9438.5;2019-04-11 15:33:14.0;
23;9436;2019-04-11 15:33:21.0;
23;9435.5;2019-04-11 15:33:22.0;
23;9436;2019-04-11 15:33:31.0;
23;9436.5;2019-04-11 15:33:36.0;
23;9437;2019-04-11 15:33:41.0;
23;9437.5;2019-04-11 15:33:43.0;
23;9437;2019-04-11 15:33:45.0;
23;9438;2019-04-11 15:33:47.0;
23;9436.5;2019-04-11 15:34:03.0;
23;9437;2019-04-11 15:34:14.0;
23;9437.5;2019-04-11 15:34:15.0;
23;9437;2019-04-11 15:34:17.0;
23;9437.5;2019-04-11 15:34:19.0;
23;9436;2019-04-11 15:34:31.0;
23;9435.5;2019-04-11 15:34:37.0;
23;9434.5;2019-04-11 15:34:47.0;
23;9436.5;2019-04-11 15:34:54.0;
23;9437.5;2019-04-11 15:34:56.0;
23;9438;2019-04-11 15:35:00.0;
23;9438.5;2019-04-11 15:35:03.0;
23;9438;2019-04-11 15:35:05.0;
23;9438.5;2019-04-11 15:35:06.0;
23;9437.5;2019-04-11 15:35:24.0;
23;9438.5;2019-04-11 15:35:33.0;
23;9437;2019-04-11 15:35:39.0;
23;9437.5;2019-04-11 15:35:41.0;
23;9435.5;2019-04-11 15:35:47.0;
23;9433.5;2019-04-11 15:36:05.0;
23;9433;2019-04-11 15:36:24.0;
23;9433.5;2019-04-11 15:36:35.0;
23;9433;2019-04-11 15:36:37.0;
23;9434;2019-04-11 15:36:40.0;
23;9433.5;2019-04-11 15:36:44.0;
23;9434.5;2019-04-11 15:36:48.0;
23;9435.5;2019-04-11 15:36:55.0;
23;9434.5;2019-04-11 15:37:00.0;
23;9436.5;2019-04-11 15:37:23.0;
23;9437.5;2019-04-11 15:37:35.0;
23;9438;2019-04-11 15:37:48.0;
23;9438.5;2019-04-11 15:38:05.0;
23;9438;2019-04-11 15:38:07.0;
23;9438.5;2019-04-11 15:38:09.0;
23;9438;2019-04-11 15:38:11.0;
23;9437.5;2019-04-11 15:38:12.0;
23;9438;2019-04-11 15:38:25.0;
23;9439;2019-04-11 15:38:28.0;
23;9439.5;2019-04-11 15:38:30.0;
23;9439;2019-04-11 15:38:32.0;
23;9439.5;2019-04-11 15:38:33.0;
23;9439;2019-04-11 15:38:44.0;
23;9439.5;2019-04-11 15:38:46.0;
23;9438.5;2019-04-11 15:38:47.0;
23;9437.5;2019-04-11 15:38:56.0;
23;9438.5;2019-04-11 15:38:57.0;
23;9437.5;2019-04-11 15:38:58.0;
23;9436.5;2019-04-11 15:39:10.0;
23;9437.5;2019-04-11 15:39:17.0;
23;9436.5;2019-04-11 15:39:19.0;
23;9437;2019-04-11 15:39:31.0;
23;9436.5;2019-04-11 15:39:40.0;
23;9437;2019-04-11 15:39:46.0;
23;9436.5;2019-04-11 15:40:04.0;
23;9437.5;2019-04-11 15:40:40.0;
23;9437;2019-04-11 15:40:53.0;
23;9437.5;2019-04-11 15:40:59.0;
23;9438.5;2019-04-11 15:41:11.0;
23;9439.5;2019-04-11 15:41:18.0;
23;9438.5;2019-04-11 15:41:28.0;
23;9439.5;2019-04-11 15:41:30.0;
23;9437.5;2019-04-11 15:41:31.0;
23;9438.5;2019-04-11 15:41:36.0;
23;9437.5;2019-04-11 15:41:38.0;
23;9438.5;2019-04-11 15:41:39.0;
23;9437.5;2019-04-11 15:42:04.0;
23;9438.5;2019-04-11 15:42:15.0;
23;9439.5;2019-04-11 15:42:19.0;
23;9438.5;2019-04-11 15:42:21.0;
23;9439;2019-04-11 15:42:23.0;
23;9440.5;2019-04-11 15:42:41.0;
23;9441;2019-04-11 15:42:48.0;
23;9442;2019-04-11 15:42:52.0;
23;9441;2019-04-11 15:42:53.0;
23;9442;2019-04-11 15:42:55.0;
23;9442.5;2019-04-11 15:42:59.0;
23;9442;2019-04-11 15:43:01.0;
23;9442.5;2019-04-11 15:43:02.0;
23;9444.5;2019-04-11 15:43:12.0;
23;9442.5;2019-04-11 15:43:13.0;
23;9444.5;2019-04-11 15:43:15.0;
23;9445;2019-04-11 15:43:17.0;
23;9445.5;2019-04-11 15:43:20.0;
23;9446.5;2019-04-11 15:43:29.0;
23;9446;2019-04-11 15:43:31.0;
23;9445.5;2019-04-11 15:43:38.0;
23;9446.5;2019-04-11 15:43:39.0;
23;9445.5;2019-04-11 15:43:41.0;
23;9444.5;2019-04-11 15:43:44.0;
23;9445.5;2019-04-11 15:43:45.0;
23;9444.5;2019-04-11 15:43:47.0;
23;9446.5;2019-04-11 15:44:07.0;
23;9445.5;2019-04-11 15:44:13.0;
23;9443.5;2019-04-11 15:44:17.0;
23;9443;2019-04-11 15:44:24.0;
23;9442.5;2019-04-11 15:44:29.0;
23;9442;2019-04-11 15:44:31.0;
23;9441.5;2019-04-11 15:44:36.0;
23;9442;2019-04-11 15:44:46.0;
23;9442.5;2019-04-11 15:45:07.0;
23;9442;2019-04-11 15:45:08.0;
23;9442.5;2019-04-11 15:45:10.0;
23;9442;2019-04-11 15:45:12.0;
23;9442.5;2019-04-11 15:45:23.0;
23;9442;2019-04-11 15:45:25.0;
23;9442.5;2019-04-11 15:45:29.0;
23;9443.5;2019-04-11 15:45:36.0;
23;9444.5;2019-04-11 15:45:48.0;
23;9445;2019-04-11 15:46:06.0;
23;9445.5;2019-04-11 15:46:09.0;
23;9445;2019-04-11 15:46:11.0;
23;9443.5;2019-04-11 15:46:16.0;
23;9444.5;2019-04-11 15:46:19.0;
23;9445;2019-04-11 15:46:23.0;
23;9445.5;2019-04-11 15:46:30.0;
23;9445;2019-04-11 15:46:33.0;
23;9444.5;2019-04-11 15:46:40.0;
23;9446;2019-04-11 15:46:52.0;
23;9446.5;2019-04-11 15:47:00.0;
23;9447.5;2019-04-11 15:47:03.0;
23;9447;2019-04-11 15:47:07.0;
23;9446.5;2019-04-11 15:47:17.0;
23;9445.5;2019-04-11 15:47:19.0;
23;9444.5;2019-04-11 15:47:24.0;
23;9445.5;2019-04-11 15:47:29.0;
23;9443.5;2019-04-11 15:47:30.0;
23;9442.5;2019-04-11 15:48:19.0;
23;9442;2019-04-11 15:48:35.0;
23;9441.5;2019-04-11 15:48:40.0;
23;9442;2019-04-11 15:48:41.0;
23;9441.5;2019-04-11 15:48:43.0;
23;9441;2019-04-11 15:49:06.0;
23;9441.5;2019-04-11 15:49:08.0;
23;9442.5;2019-04-11 15:49:15.0;
23;9442;2019-04-11 15:49:20.0;
23;9441.5;2019-04-11 15:49:23.0;
23;9442;2019-04-11 15:49:27.0;
23;9442.5;2019-04-11 15:49:31.0;
23;9441.5;2019-04-11 15:49:43.0;
23;9442.5;2019-04-11 15:49:48.0;
23;9441.5;2019-04-11 15:50:05.0;
23;9441;2019-04-11 15:50:07.0;
23;9441.5;2019-04-11 15:50:10.0;
23;9443.5;2019-04-11 15:50:12.0;
23;9442.5;2019-04-11 15:50:15.0;
23;9442;2019-04-11 15:50:21.0;
23;9441.5;2019-04-11 15:50:23.0;
23;9442.5;2019-04-11 15:50:31.0;
23;9443;2019-04-11 15:50:33.0;
23;9443.5;2019-04-11 15:50:36.0;
23;9442.5;2019-04-11 15:50:47.0;
23;9443.5;2019-04-11 15:50:48.0;
23;9442.5;2019-04-11 15:50:50.0;
23;9443;2019-04-11 15:50:51.0;
23;9442.5;2019-04-11 15:50:56.0;
23;9440;2019-04-11 15:51:13.0;
23;9442.5;2019-04-11 15:51:15.0;
23;9439.5;2019-04-11 15:51:16.0;
23;9438.5;2019-04-11 15:51:22.0;
23;9437.5;2019-04-11 15:51:42.0;
23;9438.5;2019-04-11 15:51:44.0;
23;9437.5;2019-04-11 15:51:46.0;
23;9439.5;2019-04-11 15:52:04.0;
23;9438.5;2019-04-11 15:52:13.0;
23;9439.5;2019-04-11 15:52:14.0;
23;9437.5;2019-04-11 15:52:15.0;
23;9438.5;2019-04-11 15:52:28.0;
23;9439;2019-04-11 15:52:34.0;
23;9438.5;2019-04-11 15:52:45.0;
23;9438;2019-04-11 15:52:47.0;
23;9438.5;2019-04-11 15:52:48.0;
23;9438;2019-04-11 15:52:50.0;
23;9436.5;2019-04-11 15:52:52.0;
23;9435.5;2019-04-11 15:53:02.0;
23;9434.5;2019-04-11 15:53:13.0;
23;9433.5;2019-04-11 15:53:15.0;
23;9434.5;2019-04-11 15:53:16.0;
23;9433.5;2019-04-11 15:53:18.0;
23;9434;2019-04-11 15:53:20.0;
23;9433.5;2019-04-11 15:53:21.0;
23;9434.5;2019-04-11 15:53:24.0;
23;9433.5;2019-04-11 15:53:44.0;
23;9434;2019-04-11 15:53:49.0;
23;9436;2019-04-11 15:54:05.0;
23;9435;2019-04-11 15:54:09.0;
23;9434.5;2019-04-11 15:54:12.0;
23;9432.5;2019-04-11 15:54:17.0;
23;9431;2019-04-11 15:54:23.0;
23;9430.5;2019-04-11 15:54:31.0;
23;9429.5;2019-04-11 15:54:44.0;
23;9429;2019-04-11 15:54:52.0;
23;9430.5;2019-04-11 15:54:56.0;
23;9429;2019-04-11 15:54:57.0;
23;9431.5;2019-04-11 15:54:59.0;
23;9429.5;2019-04-11 15:55:05.0;
23;9427.5;2019-04-11 15:55:06.0;
23;9429.5;2019-04-11 15:55:08.0;
23;9427.5;2019-04-11 15:55:09.0;
23;9429;2019-04-11 15:55:11.0;
23;9427.5;2019-04-11 15:55:17.0;
23;9428;2019-04-11 15:55:21.0;
23;9428.5;2019-04-11 15:55:27.0;
23;9427.5;2019-04-11 15:55:32.0;
23;9428;2019-04-11 15:55:38.0;
23;9428.5;2019-04-11 15:55:40.0;
23;9428;2019-04-11 15:55:42.0;
23;9428.5;2019-04-11 15:55:44.0;
23;9427.5;2019-04-11 15:55:51.0;
23;9427;2019-04-11 15:56:16.0;
23;9427.5;2019-04-11 15:56:19.0;
23;9427;2019-04-11 15:56:20.0;
23;9427.5;2019-04-11 15:56:22.0;
23;9427;2019-04-11 15:56:28.0;
23;9427.5;2019-04-11 15:56:41.0;
23;9428;2019-04-11 15:56:50.0;
23;9428.5;2019-04-11 15:56:54.0;
23;9429.5;2019-04-11 15:57:01.0;
23;9430.5;2019-04-11 15:57:02.0;
23;9429.5;2019-04-11 15:57:10.0;
23;9427.5;2019-04-11 15:57:17.0;
23;9429.5;2019-04-11 15:57:20.0;
23;9427;2019-04-11 15:57:22.0;
23;9426.5;2019-04-11 15:57:28.0;
23;9426;2019-04-11 15:57:37.0;
23;9425.5;2019-04-11 15:57:42.0;
23;9426.5;2019-04-11 15:58:06.0;
23;9427;2019-04-11 15:58:11.0;
23;9427.5;2019-04-11 15:58:28.0;
23;9426.5;2019-04-11 15:58:31.0;
23;9424;2019-04-11 15:59:02.0;
23;9423.5;2019-04-11 15:59:03.0;
23;9423;2019-04-11 15:59:17.0;
23;9422.5;2019-04-11 15:59:23.0;
23;9421.5;2019-04-11 15:59:33.0;
23;9422;2019-04-11 15:59:43.0;
23;9421.5;2019-04-11 15:59:45.0;
23;9422;2019-04-11 15:59:46.0;
23;9421.5;2019-04-11 15:59:52.0;
23;9420.5;2019-04-11 16:00:05.0;
23;9422.5;2019-04-11 16:00:09.0;
23;9422;2019-04-11 16:00:17.0;
23;9420.5;2019-04-11 16:00:29.0;
23;9421;2019-04-11 16:00:34.0;
23;9420.5;2019-04-11 16:00:41.0;
23;9419.5;2019-04-11 16:00:44.0;
23;9420.5;2019-04-11 16:00:50.0;
23;9419.5;2019-04-11 16:00:58.0;
23;9420.5;2019-04-11 16:00:59.0;
23;9419.5;2019-04-11 16:01:05.0;
23;9417.5;2019-04-11 16:01:11.0;
23;9418.5;2019-04-11 16:01:17.0;
23;9417.5;2019-04-11 16:01:21.0;
23;9418.5;2019-04-11 16:01:23.0;
23;9417.5;2019-04-11 16:01:25.0;
23;9418;2019-04-11 16:01:29.0;
23;9417;2019-04-11 16:01:37.0;
23;9416.5;2019-04-11 16:01:46.0;
23;9417;2019-04-11 16:01:47.0;
23;9416.5;2019-04-11 16:01:49.0;
23;9417;2019-04-11 16:01:50.0;
23;9418.5;2019-04-11 16:02:05.0;
23;9417;2019-04-11 16:02:09.0;
23;9418;2019-04-11 16:02:12.0;
23;9417;2019-04-11 16:02:13.0;
23;9418;2019-04-11 16:02:15.0;
23;9418.5;2019-04-11 16:02:16.0;
23;9418;2019-04-11 16:02:29.0;
23;9417.5;2019-04-11 16:02:36.0;
23;9418.5;2019-04-11 16:02:39.0;
23;9420;2019-04-11 16:02:47.0;
23;9421;2019-04-11 16:03:03.0;
23;9420;2019-04-11 16:03:04.0;
23;9421;2019-04-11 16:03:06.0;
23;9420.5;2019-04-11 16:03:11.0;
23;9422.5;2019-04-11 16:03:19.0;
23;9423;2019-04-11 16:03:32.0;
23;9422.5;2019-04-11 16:03:37.0;
23;9421.5;2019-04-11 16:03:39.0;
23;9423.5;2019-04-11 16:03:43.0;
23;9421.5;2019-04-11 16:03:45.0;
23;9423.5;2019-04-11 16:03:46.0;
23;9420.5;2019-04-11 16:04:07.0;
23;9419.5;2019-04-11 16:04:15.0;
23;9418.5;2019-04-11 16:04:41.0;
23;9418;2019-04-11 16:04:45.0;
23;9417.5;2019-04-11 16:04:48.0;
23;9418.5;2019-04-11 16:04:59.0;
23;9418;2019-04-11 16:05:04.0;
23;9420;2019-04-11 16:05:08.0;
23;9421;2019-04-11 16:05:19.0;
23;9420.5;2019-04-11 16:05:26.0;
23;9421;2019-04-11 16:05:28.0;
23;9420.5;2019-04-11 16:05:29.0;
23;9419.5;2019-04-11 16:05:32.0;
23;9420.5;2019-04-11 16:05:35.0;
23;9421.5;2019-04-11 16:05:41.0;
23;9420.5;2019-04-11 16:05:44.0;
23;9421;2019-04-11 16:05:49.0;
23;9419.5;2019-04-11 16:06:04.0;
23;9418.5;2019-04-11 16:06:12.0;
23;9418;2019-04-11 16:06:19.0;
23;9421;2019-04-11 16:06:31.0;
23;9420.5;2019-04-11 16:06:35.0;
23;9419.5;2019-04-11 16:06:41.0;
23;9420;2019-04-11 16:07:15.0;
23;9419;2019-04-11 16:07:24.0;
23;9418.5;2019-04-11 16:07:40.0;
23;9418;2019-04-11 16:07:51.0;
23;9419;2019-04-11 16:08:05.0;
23;9417.5;2019-04-11 16:08:17.0;
23;9418;2019-04-11 16:08:23.0;
23;9417.5;2019-04-11 16:08:30.0;
23;9418.5;2019-04-11 16:08:40.0;
23;9418;2019-04-11 16:08:52.0;
23;9418.5;2019-04-11 16:08:53.0;
23;9418;2019-04-11 16:08:55.0;
23;9419.5;2019-04-11 16:08:59.0;
23;9420;2019-04-11 16:09:03.0;
23;9420.5;2019-04-11 16:09:11.0;
23;9421.5;2019-04-11 16:09:18.0;
23;9420.5;2019-04-11 16:09:21.0;
23;9421.5;2019-04-11 16:09:22.0;
23;9421;2019-04-11 16:09:28.0;
23;9419.5;2019-04-11 16:09:34.0;
23;9420.5;2019-04-11 16:09:42.0;
23;9422;2019-04-11 16:10:30.0;
23;9422.5;2019-04-11 16:10:45.0;
23;9422;2019-04-11 16:10:50.0;
23;9422.5;2019-04-11 16:10:52.0;
23;9422;2019-04-11 16:10:53.0;
23;9422.5;2019-04-11 16:10:55.0;
23;9421.5;2019-04-11 16:11:04.0;
23;9422.5;2019-04-11 16:11:07.0;
23;9421.5;2019-04-11 16:11:18.0;
23;9422.5;2019-04-11 16:11:25.0;
23;9421.5;2019-04-11 16:11:27.0;
23;9422.5;2019-04-11 16:11:28.0;
23;9421.5;2019-04-11 16:11:31.0;
23;9422.5;2019-04-11 16:11:32.0;
23;9421.5;2019-04-11 16:11:34.0;
23;9422;2019-04-11 16:11:41.0;
23;9421.5;2019-04-11 16:11:43.0;
23;9422;2019-04-11 16:11:45.0;
23;9421.5;2019-04-11 16:11:46.0;
23;9420.5;2019-04-11 16:12:32.0;
23;9419.5;2019-04-11 16:12:48.0;
23;9421.5;2019-04-11 16:12:52.0;
23;9422;2019-04-11 16:13:04.0;
23;9422.5;2019-04-11 16:13:07.0;
23;9423;2019-04-11 16:13:25.0;
23;9422.5;2019-04-11 16:13:27.0;
23;9423;2019-04-11 16:13:28.0;
23;9422.5;2019-04-11 16:13:30.0;
23;9423.5;2019-04-11 16:13:33.0;
23;9423;2019-04-11 16:13:35.0;
23;9424.5;2019-04-11 16:13:39.0;
23;9424;2019-04-11 16:13:45.0;
23;9424.5;2019-04-11 16:13:47.0;
23;9423.5;2019-04-11 16:13:48.0;
23;9422.5;2019-04-11 16:14:06.0;
23;9423;2019-04-11 16:14:14.0;
23;9423.5;2019-04-11 16:14:22.0;
23;9424.5;2019-04-11 16:14:40.0;
23;9424;2019-04-11 16:14:51.0;
23;9424.5;2019-04-11 16:14:56.0;
23;9424;2019-04-11 16:14:57.0;
23;9424.5;2019-04-11 16:14:58.0;
23;9425.5;2019-04-11 16:15:03.0;
23;9424.5;2019-04-11 16:15:04.0;
23;9425.5;2019-04-11 16:15:08.0;
23;9425;2019-04-11 16:15:09.0;
23;9424.5;2019-04-11 16:15:11.0;
23;9425;2019-04-11 16:15:12.0;
23;9424.5;2019-04-11 16:15:13.0;
23;9425.5;2019-04-11 16:15:19.0;
23;9424.5;2019-04-11 16:15:22.0;
23;9424;2019-04-11 16:15:30.0;
23;9423.5;2019-04-11 16:15:40.0;
23;9424;2019-04-11 16:15:45.0;
23;9423.5;2019-04-11 16:15:49.0;
23;9423;2019-04-11 16:16:27.0;
23;9423.5;2019-04-11 16:16:37.0;
23;9422.5;2019-04-11 16:16:48.0;
23;9423.5;2019-04-11 16:17:27.0;
23;9424;2019-04-11 16:18:06.0;
23;9424.5;2019-04-11 16:18:13.0;
23;9424;2019-04-11 16:18:21.0;
23;9423.5;2019-04-11 16:18:36.0;
23;9422.5;2019-04-11 16:18:49.0;
23;9423;2019-04-11 16:18:52.0;
23;9422.5;2019-04-11 16:18:54.0;
23;9423;2019-04-11 16:18:55.0;
23;9422.5;2019-04-11 16:19:01.0;
23;9421.5;2019-04-11 16:19:24.0;
23;9422.5;2019-04-11 16:19:37.0;
23;9422;2019-04-11 16:20:05.0;
23;9421.5;2019-04-11 16:20:08.0;
23;9421;2019-04-11 16:20:30.0;
23;9420.5;2019-04-11 16:20:37.0;
23;9421;2019-04-11 16:20:55.0;
23;9420.5;2019-04-11 16:20:56.0;
23;9421;2019-04-11 16:20:57.0;
23;9420.5;2019-04-11 16:21:00.0;
23;9421;2019-04-11 16:21:09.0;
23;9420.5;2019-04-11 16:21:19.0;
23;9419.5;2019-04-11 16:21:31.0;
23;9419;2019-04-11 16:22:14.0;
23;9422.5;2019-04-11 16:22:23.0;
23;9421.5;2019-04-11 16:22:30.0;
23;9420.5;2019-04-11 16:22:31.0;
23;9421.5;2019-04-11 16:22:33.0;
23;9420.5;2019-04-11 16:22:34.0;
23;9420;2019-04-11 16:22:47.0;
23;9420.5;2019-04-11 16:22:54.0;
23;9421;2019-04-11 16:22:55.0;
23;9420.5;2019-04-11 16:22:56.0;
23;9421;2019-04-11 16:22:58.0;
23;9421.5;2019-04-11 16:23:10.0;
23;9422;2019-04-11 16:23:37.0;
23;9421.5;2019-04-11 16:23:38.0;
23;9422;2019-04-11 16:23:39.0;
23;9421.5;2019-04-11 16:23:41.0;
23;9420;2019-04-11 16:24:07.0;
23;9420.5;2019-04-11 16:24:39.0;
23;9420;2019-04-11 16:24:41.0;
23;9420.5;2019-04-11 16:24:42.0;
23;9420;2019-04-11 16:24:47.0;
23;9420.5;2019-04-11 16:25:04.0;
23;9419.5;2019-04-11 16:25:10.0;
23;9418.5;2019-04-11 16:26:33.0;
23;9418;2019-04-11 16:26:36.0;
23;9418.5;2019-04-11 16:26:43.0;
23;9417.5;2019-04-11 16:27:06.0;
23;9417;2019-04-11 16:27:36.0;
23;9416;2019-04-11 16:27:47.0;
23;9417;2019-04-11 16:27:48.0;
23;9416;2019-04-11 16:27:51.0;
23;9415.5;2019-04-11 16:28:03.0;
23;9416;2019-04-11 16:28:05.0;
23;9415.5;2019-04-11 16:28:07.0;
23;9416;2019-04-11 16:28:09.0;
23;9416.5;2019-04-11 16:28:31.0;
23;9418;2019-04-11 16:28:43.0;
23;9418.5;2019-04-11 16:28:50.0;
23;9419;2019-04-11 16:28:55.0;
23;9419.5;2019-04-11 16:29:01.0;
23;9420;2019-04-11 16:29:37.0;
23;9419.5;2019-04-11 16:29:39.0;
23;9420;2019-04-11 16:29:42.0;
23;9419.5;2019-04-11 16:29:43.0;
23;9419;2019-04-11 16:29:45.0;
23;9419.5;2019-04-11 16:29:48.0;
23;9418;2019-04-11 16:30:06.0;
23;9417.5;2019-04-11 16:30:10.0;
23;9417;2019-04-11 16:30:16.0;
23;9416.5;2019-04-11 16:30:24.0;
23;9416;2019-04-11 16:30:36.0;
23;9416.5;2019-04-11 16:30:37.0;
23;9415.5;2019-04-11 16:30:39.0;
23;9416;2019-04-11 16:31:11.0;
23;9415;2019-04-11 16:31:17.0;
23;9414.5;2019-04-11 16:31:19.0;
23;9415;2019-04-11 16:31:24.0;
23;9416;2019-04-11 16:31:31.0;
23;9416.5;2019-04-11 16:31:39.0;
23;9417;2019-04-11 16:31:47.0;
23;9420;2019-04-11 16:32:03.0;
23;9419.5;2019-04-11 16:32:11.0;
23;9420;2019-04-11 16:32:13.0;
23;9419.5;2019-04-11 16:32:14.0;
23;9419;2019-04-11 16:32:16.0;
23;9418.5;2019-04-11 16:32:22.0;
23;9419;2019-04-11 16:32:28.0;
23;9418.5;2019-04-11 16:32:32.0;
23;9419;2019-04-11 16:32:44.0;
23;9418;2019-04-11 16:32:50.0;
23;9417.5;2019-04-11 16:32:52.0;
23;9415.5;2019-04-11 16:33:13.0;
23;9416.5;2019-04-11 16:33:20.0;
23;9415.5;2019-04-11 16:33:32.0;
23;9415;2019-04-11 16:33:43.0;
23;9414.5;2019-04-11 16:33:48.0;
23;9413.5;2019-04-11 16:34:04.0;
23;9414.5;2019-04-11 16:34:16.0;
23;9414;2019-04-11 16:34:19.0;
23;9413.5;2019-04-11 16:34:23.0;
23;9414;2019-04-11 16:34:31.0;
23;9413.5;2019-04-11 16:34:37.0;
23;9414.5;2019-04-11 16:34:44.0;
23;9415.5;2019-04-11 16:35:07.0;
23;9416.5;2019-04-11 16:35:27.0;
23;9416;2019-04-11 16:35:31.0;
23;9415.5;2019-04-11 16:35:36.0;
23;9417;2019-04-11 16:35:40.0;
23;9417.5;2019-04-11 16:35:44.0;
23;9416.5;2019-04-11 16:36:04.0;
23;9417;2019-04-11 16:36:10.0;
23;9417.5;2019-04-11 16:36:17.0;
23;9416.5;2019-04-11 16:36:21.0;
23;9417.5;2019-04-11 16:36:22.0;
23;9416.5;2019-04-11 16:36:24.0;
23;9417;2019-04-11 16:36:29.0;
23;9417.5;2019-04-11 16:36:43.0;
23;9418;2019-04-11 16:36:48.0;
23;9418.5;2019-04-11 16:37:01.0;
23;9419;2019-04-11 16:37:07.0;
23;9418.5;2019-04-11 16:37:08.0;
23;9419;2019-04-11 16:37:10.0;
23;9418.5;2019-04-11 16:37:17.0;
23;9419.5;2019-04-11 16:37:43.0;
23;9420;2019-04-11 16:37:49.0;
23;9420.5;2019-04-11 16:38:12.0;
23;9419.5;2019-04-11 16:38:16.0;
23;9420;2019-04-11 16:38:22.0;
23;9420.5;2019-04-11 16:38:24.0;
23;9419.5;2019-04-11 16:38:48.0;
23;9421.5;2019-04-11 16:39:09.0;
23;9420.5;2019-04-11 16:39:13.0;
23;9420;2019-04-11 16:39:21.0;
23;9419.5;2019-04-11 16:39:29.0;
23;9418.5;2019-04-11 16:39:34.0;
23;9418;2019-04-11 16:39:39.0;
23;9418.5;2019-04-11 16:39:40.0;
23;9418;2019-04-11 16:39:42.0;
23;9417;2019-04-11 16:39:45.0;
23;9417.5;2019-04-11 16:40:04.0;
23;9417;2019-04-11 16:40:07.0;
23;9416.5;2019-04-11 16:40:15.0;
23;9417;2019-04-11 16:40:16.0;
23;9416.5;2019-04-11 16:40:17.0;
23;9416;2019-04-11 16:40:19.0;
23;9415.5;2019-04-11 16:40:23.0;
23;9416.5;2019-04-11 16:40:28.0;
23;9418.5;2019-04-11 16:40:39.0;
23;9419;2019-04-11 16:40:50.0;
23;9420.5;2019-04-11 16:40:54.0;
23;9420;2019-04-11 16:40:57.0;
23;9420.5;2019-04-11 16:40:59.0;
23;9420;2019-04-11 16:41:01.0;
23;9419.5;2019-04-11 16:41:02.0;
23;9420.5;2019-04-11 16:41:04.0;
23;9420;2019-04-11 16:41:20.0;
23;9421.5;2019-04-11 16:41:32.0;
23;9422;2019-04-11 16:41:37.0;
23;9421.5;2019-04-11 16:41:46.0;
23;9422;2019-04-11 16:41:48.0;
23;9421.5;2019-04-11 16:41:50.0;
23;9422;2019-04-11 16:41:51.0;
23;9421.5;2019-04-11 16:42:03.0;
23;9422;2019-04-11 16:42:04.0;
23;9421.5;2019-04-11 16:42:06.0;
23;9422.5;2019-04-11 16:42:17.0;
23;9423;2019-04-11 16:42:22.0;
23;9422.5;2019-04-11 16:42:30.0;
23;9422;2019-04-11 16:42:31.0;
23;9422.5;2019-04-11 16:42:36.0;
23;9422;2019-04-11 16:42:37.0;
23;9422.5;2019-04-11 16:42:39.0;
23;9423;2019-04-11 16:42:44.0;
23;9422.5;2019-04-11 16:42:53.0;
23;9423;2019-04-11 16:42:54.0;
23;9422;2019-04-11 16:42:56.0;
23;9422.5;2019-04-11 16:43:00.0;
23;9422;2019-04-11 16:43:07.0;
23;9424;2019-04-11 16:43:11.0;
23;9423.5;2019-04-11 16:43:32.0;
23;9423;2019-04-11 16:43:36.0;
23;9423.5;2019-04-11 16:43:37.0;
23;9423;2019-04-11 16:43:38.0;
23;9422;2019-04-11 16:43:50.0;
23;9421.5;2019-04-11 16:44:04.0;
23;9420;2019-04-11 16:44:16.0;
23;9421;2019-04-11 16:44:32.0;
23;9420;2019-04-11 16:44:34.0;
23;9421;2019-04-11 16:44:35.0;
23;9420.5;2019-04-11 16:44:47.0;
23;9419;2019-04-11 16:44:50.0;
23;9420.5;2019-04-11 16:44:52.0;
23;9419;2019-04-11 16:44:53.0;
23;9420;2019-04-11 16:44:56.0;
23;9420.5;2019-04-11 16:45:02.0;
23;9420;2019-04-11 16:45:11.0;
23;9421.5;2019-04-11 16:45:21.0;
23;9422;2019-04-11 16:45:37.0;
23;9421.5;2019-04-11 16:45:43.0;
23;9422;2019-04-11 16:45:46.0;
23;9420.5;2019-04-11 16:45:48.0;
23;9421;2019-04-11 16:46:13.0;
23;9421.5;2019-04-11 16:46:16.0;
23;9421;2019-04-11 16:46:18.0;
23;9421.5;2019-04-11 16:46:19.0;
23;9422.5;2019-04-11 16:46:27.0;
23;9423;2019-04-11 16:46:28.0;
23;9423.5;2019-04-11 16:46:35.0;
23;9423;2019-04-11 16:46:47.0;
23;9422;2019-04-11 16:47:03.0;
23;9423;2019-04-11 16:47:06.0;
23;9421.5;2019-04-11 16:47:07.0;
23;9421;2019-04-11 16:47:15.0;
23;9421.5;2019-04-11 16:47:16.0;
23;9421;2019-04-11 16:47:18.0;
23;9421.5;2019-04-11 16:47:19.0;
23;9421;2019-04-11 16:47:24.0;
23;9422;2019-04-11 16:47:27.0;
23;9420.5;2019-04-11 16:48:02.0;
23;9421;2019-04-11 16:48:06.0;
23;9420.5;2019-04-11 16:48:07.0;
23;9421;2019-04-11 16:48:09.0;
23;9420.5;2019-04-11 16:48:10.0;
23;9421;2019-04-11 16:48:14.0;
23;9420.5;2019-04-11 16:48:16.0;
23;9421;2019-04-11 16:48:17.0;
23;9421.5;2019-04-11 16:48:19.0;
23;9421;2019-04-11 16:48:22.0;
23;9421.5;2019-04-11 16:48:23.0;
23;9420.5;2019-04-11 16:48:25.0;
23;9419;2019-04-11 16:48:32.0;
23;9419.5;2019-04-11 16:48:49.0;
23;9418.5;2019-04-11 16:48:53.0;
23;9418;2019-04-11 16:48:54.0;
23;9418.5;2019-04-11 16:48:57.0;
23;9418;2019-04-11 16:48:59.0;
23;9417.5;2019-04-11 16:49:03.0;
23;9418;2019-04-11 16:49:09.0;
23;9417.5;2019-04-11 16:49:10.0;
23;9418;2019-04-11 16:49:12.0;
23;9417.5;2019-04-11 16:49:13.0;
23;9416.5;2019-04-11 16:49:42.0;
23;9415.5;2019-04-11 16:50:04.0;
23;9417.5;2019-04-11 16:50:16.0;
23;9418.5;2019-04-11 16:50:22.0;
23;9419;2019-04-11 16:50:23.0;
23;9418.5;2019-04-11 16:50:25.0;
23;9419;2019-04-11 16:50:26.0;
23;9419.5;2019-04-11 16:50:30.0;
23;9419;2019-04-11 16:50:32.0;
23;9419.5;2019-04-11 16:50:38.0;
23;9418.5;2019-04-11 16:50:40.0;
23;9419.5;2019-04-11 16:50:42.0;
23;9419;2019-04-11 16:50:44.0;
23;9418.5;2019-04-11 16:50:47.0;
23;9419;2019-04-11 16:50:52.0;
23;9418.5;2019-04-11 16:50:55.0;
23;9417.5;2019-04-11 16:50:59.0;
23;9418.5;2019-04-11 16:51:02.0;
23;9417.5;2019-04-11 16:51:04.0;
23;9418;2019-04-11 16:51:13.0;
23;9419;2019-04-11 16:51:20.0;
23;9418;2019-04-11 16:51:24.0;
23;9419;2019-04-11 16:51:30.0;
23;9418.5;2019-04-11 16:51:33.0;
23;9419;2019-04-11 16:51:34.0;
23;9418.5;2019-04-11 16:51:35.0;
23;9417.5;2019-04-11 16:51:37.0;
23;9418;2019-04-11 16:51:40.0;
23;9417.5;2019-04-11 16:51:41.0;
23;9418;2019-04-11 16:51:43.0;
23;9417;2019-04-11 16:51:46.0;
23;9416.5;2019-04-11 16:51:48.0;
23;9418;2019-04-11 16:52:04.0;
23;9418.5;2019-04-11 16:52:05.0;
23;9419;2019-04-11 16:52:24.0;
23;9418.5;2019-04-11 16:52:25.0;
23;9419;2019-04-11 16:52:40.0;
23;9419.5;2019-04-11 16:52:43.0;
23;9420;2019-04-11 16:52:47.0;
23;9419.5;2019-04-11 16:53:00.0;
23;9418.5;2019-04-11 16:53:05.0;
23;9420;2019-04-11 16:53:15.0;
23;9419.5;2019-04-11 16:53:20.0;
23;9420;2019-04-11 16:53:24.0;
23;9420.5;2019-04-11 16:53:27.0;
23;9420;2019-04-11 16:53:28.0;
23;9420.5;2019-04-11 16:53:31.0;
23;9421.5;2019-04-11 16:53:39.0;
23;9420.5;2019-04-11 16:53:40.0;
23;9421.5;2019-04-11 16:53:41.0;
23;9421;2019-04-11 16:53:46.0;
23;9421.5;2019-04-11 16:53:48.0;
23;9421;2019-04-11 16:53:50.0;
23;9420;2019-04-11 16:54:03.0;
23;9421;2019-04-11 16:54:11.0;
23;9420;2019-04-11 16:54:12.0;
23;9421;2019-04-11 16:54:14.0;
23;9422;2019-04-11 16:54:17.0;
23;9422.5;2019-04-11 16:54:23.0;
23;9423.5;2019-04-11 16:54:37.0;
23;9423;2019-04-11 16:54:43.0;
23;9423.5;2019-04-11 16:54:45.0;
23;9423;2019-04-11 16:54:46.0;
23;9421.5;2019-04-11 16:54:47.0;
23;9420.5;2019-04-11 16:54:52.0;
23;9421;2019-04-11 16:54:56.0;
23;9420.5;2019-04-11 16:54:58.0;
23;9421;2019-04-11 16:54:59.0;
23;9420.5;2019-04-11 16:55:01.0;
23;9420;2019-04-11 16:55:15.0;
23;9421;2019-04-11 16:55:30.0;
23;9420.5;2019-04-11 16:55:31.0;
23;9419;2019-04-11 16:55:40.0;
23;9419.5;2019-04-11 16:55:52.0;
23;9418.5;2019-04-11 16:56:06.0;
23;9419;2019-04-11 16:56:31.0;
23;9418;2019-04-11 16:56:39.0;
23;9418.5;2019-04-11 16:56:53.0;
23;9419.5;2019-04-11 16:57:16.0;
23;9419;2019-04-11 16:57:26.0;
23;9419.5;2019-04-11 16:57:33.0;
23;9421;2019-04-11 16:57:40.0;
23;9421.5;2019-04-11 16:57:44.0;
23;9421;2019-04-11 16:57:49.0;
23;9422;2019-04-11 16:58:04.0;
23;9421;2019-04-11 16:58:05.0;
23;9422;2019-04-11 16:58:08.0;
23;9422.5;2019-04-11 16:58:30.0;
23;9423;2019-04-11 16:58:32.0;
23;9423.5;2019-04-11 16:58:40.0;
23;9423;2019-04-11 16:58:43.0;
23;9423.5;2019-04-11 16:58:44.0;
23;9423;2019-04-11 16:58:45.0;
23;9422.5;2019-04-11 16:58:49.0;
23;9421.5;2019-04-11 16:58:54.0;
23;9420.5;2019-04-11 16:58:58.0;
23;9421.5;2019-04-11 16:59:06.0;
23;9421;2019-04-11 16:59:12.0;
23;9421.5;2019-04-11 16:59:20.0;
23;9422;2019-04-11 16:59:22.0;
23;9422.5;2019-04-11 16:59:30.0;
23;9423.5;2019-04-11 16:59:31.0;
23;9422.5;2019-04-11 16:59:32.0;
23;9423.5;2019-04-11 16:59:34.0;
23;9424;2019-04-11 17:00:09.0;
23;9425;2019-04-11 17:00:21.0;
23;9424;2019-04-11 17:00:23.0;
23;9425;2019-04-11 17:00:24.0;
23;9426.5;2019-04-11 17:00:41.0;
23;9426;2019-04-11 17:00:47.0;
23;9426.5;2019-04-11 17:00:55.0;
23;9426;2019-04-11 17:00:58.0;
23;9426.5;2019-04-11 17:01:05.0;
23;9427;2019-04-11 17:01:11.0;
23;9428.5;2019-04-11 17:01:12.0;
23;9427;2019-04-11 17:01:14.0;
23;9428.5;2019-04-11 17:01:15.0;
23;9429;2019-04-11 17:01:20.0;
23;9429.5;2019-04-11 17:01:30.0;
23;9428.5;2019-04-11 17:02:03.0;
23;9429;2019-04-11 17:02:13.0;
23;9427.5;2019-04-11 17:02:18.0;
23;9428;2019-04-11 17:02:23.0;
23;9427.5;2019-04-11 17:02:29.0;
23;9428;2019-04-11 17:02:31.0;
23;9427.5;2019-04-11 17:02:32.0;
23;9428;2019-04-11 17:03:06.0;
23;9428.5;2019-04-11 17:03:10.0;
23;9427.5;2019-04-11 17:03:24.0;
23;9428.5;2019-04-11 17:03:25.0;
23;9427.5;2019-04-11 17:03:26.0;
23;9424;2019-04-11 17:03:34.0;
23;9423.5;2019-04-11 17:03:43.0;
23;9424;2019-04-11 17:03:44.0;
23;9423.5;2019-04-11 17:03:46.0;
23;9424;2019-04-11 17:03:47.0;
23;9423.5;2019-04-11 17:03:50.0;
23;9424;2019-04-11 17:03:51.0;
23;9425;2019-04-11 17:04:05.0;
23;9425.5;2019-04-11 17:04:06.0;
23;9426;2019-04-11 17:04:26.0;
23;9425.5;2019-04-11 17:04:34.0;
23;9426.5;2019-04-11 17:04:39.0;
23;9427.5;2019-04-11 17:04:44.0;
23;9426.5;2019-04-11 17:04:49.0;
23;9427;2019-04-11 17:04:52.0;
23;9426.5;2019-04-11 17:04:53.0;
23;9427;2019-04-11 17:04:55.0;
23;9428;2019-04-11 17:04:58.0;
23;9427.5;2019-04-11 17:05:03.0;
23;9427;2019-04-11 17:05:14.0;
23;9426.5;2019-04-11 17:05:22.0;
23;9426;2019-04-11 17:05:27.0;
23;9426.5;2019-04-11 17:05:32.0;
23;9426;2019-04-11 17:05:40.0;
23;9425.5;2019-04-11 17:05:47.0;
23;9427.5;2019-04-11 17:06:11.0;
23;9427;2019-04-11 17:06:16.0;
23;9426.5;2019-04-11 17:06:29.0;
23;9427;2019-04-11 17:06:48.0;
23;9426.5;2019-04-11 17:06:50.0;
23;9427;2019-04-11 17:06:52.0;
23;9427.5;2019-04-11 17:06:55.0;
23;9426;2019-04-11 17:06:56.0;
23;9427.5;2019-04-11 17:06:57.0;
23;9426;2019-04-11 17:06:59.0;
23;9425.5;2019-04-11 17:07:00.0;
23;9426;2019-04-11 17:07:03.0;
23;9425.5;2019-04-11 17:07:05.0;
23;9424.5;2019-04-11 17:07:16.0;
23;9423.5;2019-04-11 17:07:23.0;
23;9424.5;2019-04-11 17:07:26.0;
23;9423.5;2019-04-11 17:07:37.0;
23;9425;2019-04-11 17:08:03.0;
23;9423.5;2019-04-11 17:08:04.0;
23;9425;2019-04-11 17:08:06.0;
23;9424.5;2019-04-11 17:08:09.0;
23;9425.5;2019-04-11 17:08:12.0;
23;9424.5;2019-04-11 17:08:14.0;
23;9425.5;2019-04-11 17:08:20.0;
23;9426;2019-04-11 17:08:39.0;
23;9425.5;2019-04-11 17:08:44.0;
23;9426;2019-04-11 17:08:47.0;
23;9426.5;2019-04-11 17:09:03.0;
23;9426;2019-04-11 17:09:04.0;
23;9426.5;2019-04-11 17:09:06.0;
23;9425.5;2019-04-11 17:09:16.0;
23;9426.5;2019-04-11 17:09:22.0;
23;9427.5;2019-04-11 17:09:40.0;
23;9426.5;2019-04-11 17:09:43.0;
23;9427.5;2019-04-11 17:09:45.0;
23;9428.5;2019-04-11 17:10:03.0;
23;9429;2019-04-11 17:10:12.0;
23;9429.5;2019-04-11 17:10:20.0;
23;9430.5;2019-04-11 17:10:23.0;
23;9430;2019-04-11 17:10:36.0;
23;9430.5;2019-04-11 17:10:40.0;
23;9430;2019-04-11 17:10:53.0;
23;9429.5;2019-04-11 17:11:13.0;
23;9430;2019-04-11 17:11:19.0;
23;9429.5;2019-04-11 17:11:26.0;
23;9430;2019-04-11 17:11:35.0;
23;9429.5;2019-04-11 17:11:36.0;
23;9430;2019-04-11 17:11:38.0;
23;9429.5;2019-04-11 17:11:45.0;
23;9430;2019-04-11 17:11:48.0;
23;9429.5;2019-04-11 17:12:05.0;
23;9430;2019-04-11 17:12:21.0;
23;9429.5;2019-04-11 17:12:22.0;
23;9430;2019-04-11 17:12:24.0;
23;9430.5;2019-04-11 17:12:31.0;
23;9429.5;2019-04-11 17:12:36.0;
23;9430.5;2019-04-11 17:12:37.0;
23;9429.5;2019-04-11 17:12:40.0;
23;9430;2019-04-11 17:12:44.0;
23;9430.5;2019-04-11 17:12:50.0;
23;9430;2019-04-11 17:13:12.0;
23;9428;2019-04-11 17:13:18.0;
23;9427.5;2019-04-11 17:13:32.0;
23;9428;2019-04-11 17:13:33.0;
23;9427.5;2019-04-11 17:13:35.0;
23;9426.5;2019-04-11 17:13:45.0;
23;9427;2019-04-11 17:14:04.0;
23;9426.5;2019-04-11 17:14:05.0;
23;9427;2019-04-11 17:14:06.0;
23;9427.5;2019-04-11 17:14:15.0;
23;9426.5;2019-04-11 17:14:20.0;
23;9427;2019-04-11 17:14:26.0;
23;9427.5;2019-04-11 17:14:44.0;
23;9429.5;2019-04-11 17:15:03.0;
23;9430;2019-04-11 17:15:16.0;
23;9431;2019-04-11 17:15:23.0;
23;9431.5;2019-04-11 17:15:27.0;
23;9431;2019-04-11 17:15:33.0;
23;9430.5;2019-04-11 17:15:40.0;
23;9431.5;2019-04-11 17:16:07.0;
23;9430.5;2019-04-11 17:16:09.0;
23;9429.5;2019-04-11 17:16:18.0;
23;9429;2019-04-11 17:16:23.0;
23;9429.5;2019-04-11 17:16:24.0;
23;9429;2019-04-11 17:16:26.0;
23;9429.5;2019-04-11 17:16:35.0;
23;9430.5;2019-04-11 17:16:41.0;
23;9429.5;2019-04-11 17:16:48.0;
23;9429;2019-04-11 17:16:51.0;
23;9430.5;2019-04-11 17:17:02.0;
23;9430;2019-04-11 17:17:04.0;
23;9430.5;2019-04-11 17:17:10.0;
23;9429;2019-04-11 17:17:19.0;
23;9429.5;2019-04-11 17:17:27.0;
23;9429;2019-04-11 17:17:28.0;
23;9429.5;2019-04-11 17:17:30.0;
23;9429;2019-04-11 17:17:37.0;
23;9428.5;2019-04-11 17:17:38.0;
23;9428;2019-04-11 17:17:44.0;
23;9427.5;2019-04-11 17:17:47.0;
23;9426.5;2019-04-11 17:18:07.0;
23;9427;2019-04-11 17:18:16.0;
23;9426.5;2019-04-11 17:18:35.0;
23;9427;2019-04-11 17:18:39.0;
23;9426.5;2019-04-11 17:18:44.0;
23;9425;2019-04-11 17:18:51.0;
23;9424.5;2019-04-11 17:18:55.0;
23;9425;2019-04-11 17:18:57.0;
23;9424;2019-04-11 17:18:58.0;
23;9426.5;2019-04-11 17:19:04.0;
23;9427.5;2019-04-11 17:19:20.0;
23;9428.5;2019-04-11 17:19:27.0;
23;9429.5;2019-04-11 17:19:32.0;
23;9431;2019-04-11 17:19:35.0;
23;9430.5;2019-04-11 17:19:41.0;
23;9431.5;2019-04-11 17:19:48.0;
23;9430;2019-04-11 17:20:04.0;
23;9429.5;2019-04-11 17:20:19.0;
23;9429;2019-04-11 17:20:20.0;
23;9429.5;2019-04-11 17:20:22.0;
23;9428.5;2019-04-11 17:20:24.0;
23;9426.5;2019-04-11 17:20:46.0;
23;9427;2019-04-11 17:20:48.0;
23;9426.5;2019-04-11 17:20:49.0;
23;9427;2019-04-11 17:21:04.0;
23;9429.5;2019-04-11 17:21:29.0;
23;9430;2019-04-11 17:21:32.0;
23;9429.5;2019-04-11 17:21:33.0;
23;9430;2019-04-11 17:21:34.0;
23;9428;2019-04-11 17:22:05.0;
23;9427.5;2019-04-11 17:22:08.0;
23;9428;2019-04-11 17:22:12.0;
23;9427.5;2019-04-11 17:22:14.0;
23;9428;2019-04-11 17:22:15.0;
23;9427.5;2019-04-11 17:22:18.0;
23;9428.5;2019-04-11 17:22:20.0;
23;9429.5;2019-04-11 17:22:27.0;
23;9428;2019-04-11 17:22:35.0;
23;9428.5;2019-04-11 17:23:01.0;
23;9427.5;2019-04-11 17:23:30.0;
23;9428.5;2019-04-11 17:23:35.0;
23;9427.5;2019-04-11 17:23:40.0;
23;9426.5;2019-04-11 17:23:49.0;
23;9425.5;2019-04-11 17:24:09.0;
23;9424.5;2019-04-11 17:24:26.0;
23;9423.5;2019-04-11 17:24:32.0;
23;9422.5;2019-04-11 17:24:57.0;
23;9421.5;2019-04-11 17:25:11.0;
23;9420.5;2019-04-11 17:25:16.0;
23;9420;2019-04-11 17:25:19.0;
23;9420.5;2019-04-11 17:25:28.0;
23;9420;2019-04-11 17:25:34.0;
23;9420.5;2019-04-11 17:25:47.0;
23;9420;2019-04-11 17:25:48.0;
23;9420.5;2019-04-11 17:25:49.0;
23;9422;2019-04-11 17:26:03.0;
23;9422.5;2019-04-11 17:26:10.0;
23;9422;2019-04-11 17:26:14.0;
23;9421.5;2019-04-11 17:26:16.0;
23;9422;2019-04-11 17:26:17.0;
23;9422.5;2019-04-11 17:26:19.0;
23;9423;2019-04-11 17:26:31.0;
23;9423.5;2019-04-11 17:26:38.0;
23;9423;2019-04-11 17:26:39.0;
23;9422.5;2019-04-11 17:26:46.0;
23;9422;2019-04-11 17:27:09.0;
23;9422.5;2019-04-11 17:27:10.0;
23;9422;2019-04-11 17:27:11.0;
23;9421.5;2019-04-11 17:27:17.0;
23;9420.5;2019-04-11 17:27:33.0;
23;9421;2019-04-11 17:27:38.0;
23;9421.5;2019-04-11 17:28:04.0;
23;9420.5;2019-04-11 17:28:05.0;
23;9421.5;2019-04-11 17:28:09.0;
23;9420;2019-04-11 17:28:10.0;
23;9419.5;2019-04-11 17:28:16.0;
23;9418.5;2019-04-11 17:28:19.0;
23;9419.5;2019-04-11 17:28:20.0;
23;9417.5;2019-04-11 17:28:22.0;
23;9418.5;2019-04-11 17:28:27.0;
23;9418;2019-04-11 17:28:31.0;
23;9418.5;2019-04-11 17:28:34.0;
23;9419.5;2019-04-11 17:28:48.0;
23;9419;2019-04-11 17:28:58.0;
23;9419.5;2019-04-11 17:28:59.0;
23;9419;2019-04-11 17:29:01.0;
23;9420.5;2019-04-11 17:29:03.0;
23;9419;2019-04-11 17:29:04.0;
23;9420.5;2019-04-11 17:29:06.0;
23;9420;2019-04-11 17:29:08.0;
23;9422;2019-04-11 17:29:13.0;
23;9422.5;2019-04-11 17:29:15.0;
23;9423.5;2019-04-11 17:29:27.0;
23;9422.5;2019-04-11 17:29:28.0;
23;9423.5;2019-04-11 17:29:29.0;
23;9424;2019-04-11 17:29:33.0;
23;9423.5;2019-04-11 17:29:35.0;
23;9424;2019-04-11 17:29:44.0;
23;9421.5;2019-04-11 17:29:47.0;
23;9423;2019-04-11 17:30:04.0;
23;9422.5;2019-04-11 17:30:13.0;
23;9421.5;2019-04-11 17:30:18.0;
23;9422.5;2019-04-11 17:30:25.0;
23;9421.5;2019-04-11 17:30:36.0;
23;9422;2019-04-11 17:30:40.0;
23;9421.5;2019-04-11 17:30:41.0;
23;9422;2019-04-11 17:30:42.0;
23;9422.5;2019-04-11 17:30:44.0;
23;9421.5;2019-04-11 17:30:48.0;
23;9420.5;2019-04-11 17:30:53.0;
23;9421.5;2019-04-11 17:31:09.0;
23;9421;2019-04-11 17:31:12.0;
23;9421.5;2019-04-11 17:31:13.0;
23;9420.5;2019-04-11 17:31:16.0;
23;9421.5;2019-04-11 17:31:19.0;
23;9422.5;2019-04-11 17:31:29.0;
23;9422;2019-04-11 17:31:37.0;
23;9421;2019-04-11 17:31:42.0;
23;9420.5;2019-04-11 17:31:49.0;
23;9421.5;2019-04-11 17:32:04.0;
23;9420;2019-04-11 17:32:16.0;
23;9420.5;2019-04-11 17:32:25.0;
23;9419.5;2019-04-11 17:32:30.0;
23;9418.5;2019-04-11 17:32:37.0;
23;9417.5;2019-04-11 17:32:40.0;
23;9418;2019-04-11 17:32:45.0;
23;9417.5;2019-04-11 17:32:51.0;
23;9418;2019-04-11 17:32:54.0;
23;9417.5;2019-04-11 17:32:56.0;
23;9416.5;2019-04-11 17:33:03.0;
23;9417;2019-04-11 17:33:15.0;
23;9417.5;2019-04-11 17:33:20.0;
23;9416.5;2019-04-11 17:33:23.0;
23;9416;2019-04-11 17:33:32.0;
23;9416.5;2019-04-11 17:33:44.0;
23;9417;2019-04-11 17:33:49.0;
23;9417.5;2019-04-11 17:34:05.0;
23;9417;2019-04-11 17:34:19.0;
23;9417.5;2019-04-11 17:34:20.0;
23;9417;2019-04-11 17:34:22.0;
23;9418;2019-04-11 17:34:28.0;
23;9418.5;2019-04-11 17:34:44.0;
23;9419;2019-04-11 17:34:54.0;
23;9418;2019-04-11 17:35:00.0;
23;9417.5;2019-04-11 17:35:07.0;
23;9418.5;2019-04-11 17:35:12.0;
23;9417.5;2019-04-11 17:35:13.0;
23;9418.5;2019-04-11 17:35:15.0;
23;9419;2019-04-11 17:35:33.0;
23;9418.5;2019-04-11 17:35:35.0;
23;9419.5;2019-04-11 17:35:37.0;
23;9420.5;2019-04-11 17:35:43.0;
23;9420;2019-04-11 17:35:48.0;
23;9421.5;2019-04-11 17:36:03.0;
23;9422.5;2019-04-11 17:36:08.0;
23;9421.5;2019-04-11 17:36:20.0;
23;9422;2019-04-11 17:36:27.0;
23;9421.5;2019-04-11 17:36:38.0;
23;9421;2019-04-11 17:37:06.0;
23;9421.5;2019-04-11 17:37:07.0;
23;9421;2019-04-11 17:37:10.0;
23;9421.5;2019-04-11 17:37:14.0;
23;9422.5;2019-04-11 17:37:25.0;
23;9422;2019-04-11 17:37:50.0;
23;9421.5;2019-04-11 17:38:04.0;
23;9421;2019-04-11 17:38:15.0;
23;9419;2019-04-11 17:38:37.0;
23;9418.5;2019-04-11 17:38:59.0;
23;9417.5;2019-04-11 17:39:15.0;
23;9417;2019-04-11 17:39:26.0;
23;9416;2019-04-11 17:39:27.0;
23;9415.5;2019-04-11 17:39:31.0;
23;9416;2019-04-11 17:39:39.0;
23;9415.5;2019-04-11 17:39:40.0;
23;9416;2019-04-11 17:39:42.0;
23;9415.5;2019-04-11 17:39:46.0;
23;9416;2019-04-11 17:39:47.0;
23;9415.5;2019-04-11 17:39:48.0;
23;9416;2019-04-11 17:39:50.0;
23;9415.5;2019-04-11 17:40:04.0;
23;9412;2019-04-11 17:40:10.0;
23;9409.5;2019-04-11 17:40:11.0;
23;9411;2019-04-11 17:40:18.0;
23;9410.5;2019-04-11 17:40:26.0;
23;9408.5;2019-04-11 17:40:30.0;
23;9407;2019-04-11 17:40:36.0;
23;9406;2019-04-11 17:40:39.0;
23;9407.5;2019-04-11 17:40:44.0;
23;9406;2019-04-11 17:40:46.0;
23;9407.5;2019-04-11 17:40:52.0;
23;9406.5;2019-04-11 17:40:58.0;
23;9403;2019-04-11 17:41:03.0;
23;9405.5;2019-04-11 17:41:09.0;
23;9405;2019-04-11 17:41:17.0;
23;9405.5;2019-04-11 17:41:18.0;
23;9406;2019-04-11 17:41:27.0;
23;9406.5;2019-04-11 17:41:33.0;
23;9407.5;2019-04-11 17:41:40.0;
23;9408;2019-04-11 17:42:03.0;
23;9407.5;2019-04-11 17:42:09.0;
23;9408;2019-04-11 17:42:10.0;
23;9407.5;2019-04-11 17:42:15.0;
23;9406.5;2019-04-11 17:42:19.0;
23;9407;2019-04-11 17:42:27.0;
23;9406.5;2019-04-11 17:42:35.0;
23;9407;2019-04-11 17:42:36.0;
23;9406.5;2019-04-11 17:42:37.0;
23;9407;2019-04-11 17:42:40.0;
23;9406;2019-04-11 17:42:47.0;
23;9407;2019-04-11 17:42:49.0;
23;9405.5;2019-04-11 17:42:51.0;
23;9406;2019-04-11 17:42:59.0;
23;9405.5;2019-04-11 17:43:02.0;
23;9406;2019-04-11 17:43:04.0;
23;9405.5;2019-04-11 17:43:05.0;
23;9405;2019-04-11 17:43:14.0;
23;9406.5;2019-04-11 17:43:17.0;
23;9407.5;2019-04-11 17:43:20.0;
23;9406.5;2019-04-11 17:43:21.0;
23;9407;2019-04-11 17:43:35.0;
23;9406.5;2019-04-11 17:44:04.0;
23;9407;2019-04-11 17:44:06.0;
23;9406.5;2019-04-11 17:44:07.0;
23;9407.5;2019-04-11 17:44:08.0;
23;9408.5;2019-04-11 17:44:37.0;
23;9410;2019-04-11 17:44:45.0;
23;9409;2019-04-11 17:44:51.0;
23;9410.5;2019-04-11 17:45:05.0;
23;9409.5;2019-04-11 17:45:08.0;
23;9410.5;2019-04-11 17:45:09.0;
23;9409.5;2019-04-11 17:45:12.0;
23;9410;2019-04-11 17:45:17.0;
23;9409.5;2019-04-11 17:45:21.0;
23;9410;2019-04-11 17:45:22.0;
23;9410.5;2019-04-11 17:45:31.0;
23;9410;2019-04-11 17:45:43.0;
23;9413.5;2019-04-11 17:46:05.0;
23;9414;2019-04-11 17:46:09.0;
23;9413;2019-04-11 17:46:10.0;
23;9414;2019-04-11 17:46:12.0;
23;9413;2019-04-11 17:46:14.0;
23;9414;2019-04-11 17:46:15.0;
23;9412;2019-04-11 17:46:21.0;
23;9414;2019-04-11 17:46:22.0;
23;9412.5;2019-04-11 17:46:24.0;
23;9410.5;2019-04-11 17:46:31.0;
23;9411;2019-04-11 17:46:34.0;
23;9410.5;2019-04-11 17:46:40.0;
23;9411;2019-04-11 17:46:46.0;
23;9412;2019-04-11 17:46:53.0;
23;9411.5;2019-04-11 17:46:54.0;
23;9412;2019-04-11 17:46:56.0;
23;9411.5;2019-04-11 17:46:59.0;
23;9410.5;2019-04-11 17:47:06.0;
23;9411;2019-04-11 17:47:23.0;
23;9410.5;2019-04-11 17:47:30.0;
23;9410;2019-04-11 17:47:40.0;
23;9410.5;2019-04-11 17:47:44.0;
23;9410;2019-04-11 17:47:45.0;
23;9410.5;2019-04-11 17:47:46.0;
23;9409.5;2019-04-11 17:48:03.0;
23;9410.5;2019-04-11 17:48:05.0;
23;9409.5;2019-04-11 17:48:06.0;
23;9410.5;2019-04-11 17:48:24.0;
23;9411;2019-04-11 17:48:55.0;
23;9410.5;2019-04-11 17:49:00.0;
23;9410;2019-04-11 17:49:11.0;
23;9408.5;2019-04-11 17:49:16.0;
23;9408;2019-04-11 17:49:24.0;
23;9408.5;2019-04-11 17:49:31.0;
23;9409;2019-04-11 17:49:44.0;
23;9408.5;2019-04-11 17:50:03.0;
23;9409;2019-04-11 17:50:05.0;
23;9408.5;2019-04-11 17:50:06.0;
23;9409.5;2019-04-11 17:50:20.0;
23;9410.5;2019-04-11 17:50:48.0;
23;9411;2019-04-11 17:50:51.0;
23;9410.5;2019-04-11 17:50:52.0;
23;9411;2019-04-11 17:50:54.0;
23;9410.5;2019-04-11 17:51:04.0;
23;9409.5;2019-04-11 17:51:43.0;
23;9410;2019-04-11 17:52:04.0;
23;9409.5;2019-04-11 17:52:09.0;
23;9410;2019-04-11 17:52:14.0;
23;9411;2019-04-11 17:52:21.0;
23;9410;2019-04-11 17:52:22.0;
23;9411;2019-04-11 17:52:24.0;
23;9412;2019-04-11 17:52:25.0;
23;9411.5;2019-04-11 17:52:28.0;
23;9412;2019-04-11 17:52:29.0;
23;9411.5;2019-04-11 17:52:32.0;
23;9410.5;2019-04-11 17:52:34.0;
23;9411;2019-04-11 17:52:42.0;
23;9412;2019-04-11 17:52:47.0;
23;9412.5;2019-04-11 17:53:07.0;
23;9411.5;2019-04-11 17:53:19.0;
23;9411;2019-04-11 17:53:23.0;
23;9410;2019-04-11 17:53:28.0;
23;9411;2019-04-11 17:53:34.0;
23;9411.5;2019-04-11 17:54:14.0;
23;9412.5;2019-04-11 17:54:26.0;
23;9411.5;2019-04-11 17:54:28.0;
23;9412.5;2019-04-11 17:54:30.0;
23;9412;2019-04-11 17:54:32.0;
23;9411.5;2019-04-11 17:54:39.0;
23;9412;2019-04-11 17:54:40.0;
23;9411.5;2019-04-11 17:54:42.0;
23;9412.5;2019-04-11 17:54:45.0;
23;9413.5;2019-04-11 17:54:57.0;
23;9413;2019-04-11 17:54:59.0;
23;9413.5;2019-04-11 17:55:00.0;
23;9412;2019-04-11 17:55:03.0;
23;9411;2019-04-11 17:55:07.0;
23;9411.5;2019-04-11 17:55:11.0;
23;9411;2019-04-11 17:55:13.0;
23;9411.5;2019-04-11 17:55:15.0;
23;9411;2019-04-11 17:55:18.0;
23;9414.5;2019-04-11 17:56:03.0;
23;9411;2019-04-11 17:56:04.0;
23;9414.5;2019-04-11 17:56:06.0;
23;9415;2019-04-11 17:56:17.0;
23;9414;2019-04-11 17:56:34.0;
23;9415;2019-04-11 17:56:37.0;
23;9414;2019-04-11 17:56:39.0;
23;9414.5;2019-04-11 17:56:55.0;
23;9414;2019-04-11 17:56:57.0;
23;9414.5;2019-04-11 17:56:58.0;
23;9415;2019-04-11 17:57:15.0;
23;9414.5;2019-04-11 17:57:19.0;
23;9413.5;2019-04-11 17:57:27.0;
23;9414;2019-04-11 17:57:43.0;
23;9414.5;2019-04-11 17:57:48.0;
23;9413.5;2019-04-11 17:58:07.0;
23;9414;2019-04-11 17:58:29.0;
23;9413.5;2019-04-11 17:58:46.0;
23;9414;2019-04-11 17:59:19.0;
23;9413.5;2019-04-11 17:59:21.0;
23;9414;2019-04-11 17:59:23.0;
23;9413.5;2019-04-11 17:59:25.0;
23;9414;2019-04-11 17:59:36.0;
23;9413.5;2019-04-11 18:00:03.0;
23;9414;2019-04-11 18:00:04.0;
23;9413.5;2019-04-11 18:00:06.0;
23;9413;2019-04-11 18:00:21.0;
23;9413.5;2019-04-11 18:00:27.0;
23;9413;2019-04-11 18:00:36.0;
23;9413.5;2019-04-11 18:00:47.0;
23;9413;2019-04-11 18:01:03.0;
23;9414;2019-04-11 18:01:36.0;
23;9413;2019-04-11 18:01:37.0;
23;9413.5;2019-04-11 18:01:39.0;
23;9414;2019-04-11 18:01:48.0;
23;9413.5;2019-04-11 18:01:49.0;
23;9414;2019-04-11 18:01:52.0;
23;9413.5;2019-04-11 18:02:03.0;
23;9413;2019-04-11 18:02:28.0;
23;9412;2019-04-11 18:03:36.0;
23;9413.5;2019-04-11 18:03:46.0;
23;9414;2019-04-11 18:03:49.0;
23;9414.5;2019-04-11 18:04:03.0;
23;9415;2019-04-11 18:04:06.0;
23;9414.5;2019-04-11 18:04:09.0;
23;9415;2019-04-11 18:04:10.0;
23;9414;2019-04-11 18:04:12.0;
23;9415.5;2019-04-11 18:04:56.0;
23;9414;2019-04-11 18:04:57.0;
23;9416.5;2019-04-11 18:04:59.0;
23;9417;2019-04-11 18:05:23.0;
23;9416.5;2019-04-11 18:05:38.0;
23;9417.5;2019-04-11 18:06:13.0;
23;9418;2019-04-11 18:06:19.0;
23;9418.5;2019-04-11 18:07:03.0;
23;9418;2019-04-11 18:07:04.0;
23;9418.5;2019-04-11 18:07:06.0;
23;9419;2019-04-11 18:07:28.0;
23;9418.5;2019-04-11 18:07:35.0;
23;9418;2019-04-11 18:08:07.0;
23;9417.5;2019-04-11 18:08:08.0;
23;9418;2019-04-11 18:08:16.0;
23;9417.5;2019-04-11 18:08:28.0;
23;9417;2019-04-11 18:08:35.0;
23;9416.5;2019-04-11 18:08:52.0;
23;9417;2019-04-11 18:08:54.0;
23;9416.5;2019-04-11 18:08:56.0;
23;9417.5;2019-04-11 18:09:15.0;
23;9417;2019-04-11 18:09:44.0;
23;9417.5;2019-04-11 18:10:10.0;
23;9417;2019-04-11 18:10:43.0;
23;9417.5;2019-04-11 18:11:03.0;
23;9417;2019-04-11 18:11:04.0;
23;9418;2019-04-11 18:11:11.0;
23;9414.5;2019-04-11 18:12:20.0;
23;9415.5;2019-04-11 18:12:26.0;
23;9415;2019-04-11 18:12:31.0;
23;9414.5;2019-04-11 18:12:43.0;
23;9414;2019-04-11 18:12:51.0;
23;9414.5;2019-04-11 18:12:56.0;
23;9414;2019-04-11 18:12:57.0;
23;9414.5;2019-04-11 18:12:59.0;
23;9414;2019-04-11 18:13:13.0;
23;9414.5;2019-04-11 18:13:18.0;
23;9413;2019-04-11 18:13:26.0;
23;9414.5;2019-04-11 18:13:27.0;
23;9413;2019-04-11 18:13:29.0;
23;9412.5;2019-04-11 18:13:30.0;
23;9412;2019-04-11 18:14:03.0;
23;9411.5;2019-04-11 18:14:07.0;
23;9412;2019-04-11 18:14:08.0;
23;9411.5;2019-04-11 18:14:10.0;
23;9412.5;2019-04-11 18:14:49.0;
23;9413;2019-04-11 18:14:54.0;
23;9411;2019-04-11 18:15:03.0;
23;9413;2019-04-11 18:15:05.0;
23;9411;2019-04-11 18:15:06.0;
23;9409;2019-04-11 18:15:24.0;
23;9410;2019-04-11 18:15:27.0;
23;9408.5;2019-04-11 18:16:06.0;
23;9410;2019-04-11 18:16:07.0;
23;9408.5;2019-04-11 18:16:08.0;
23;9409.5;2019-04-11 18:16:10.0;
23;9408;2019-04-11 18:16:32.0;
23;9407;2019-04-11 18:16:47.0;
23;9408;2019-04-11 18:16:51.0;
23;9409;2019-04-11 18:17:06.0;
23;9408.5;2019-04-11 18:17:17.0;
23;9407.5;2019-04-11 18:17:27.0;
23;9408;2019-04-11 18:17:31.0;
23;9407.5;2019-04-11 18:17:34.0;
23;9408;2019-04-11 18:17:35.0;
23;9408.5;2019-04-11 18:18:05.0;
23;9409;2019-04-11 18:18:30.0;
23;9408.5;2019-04-11 18:18:41.0;
23;9408;2019-04-11 18:18:56.0;
23;9406;2019-04-11 18:19:39.0;
23;9406.5;2019-04-11 18:20:05.0;
23;9406;2019-04-11 18:20:12.0;
23;9405;2019-04-11 18:20:18.0;
23;9405.5;2019-04-11 18:20:21.0;
23;9406;2019-04-11 18:20:24.0;
23;9405.5;2019-04-11 18:20:32.0;
23;9406;2019-04-11 18:20:34.0;
23;9405;2019-04-11 18:20:36.0;
23;9405.5;2019-04-11 18:20:37.0;
23;9405;2019-04-11 18:20:39.0;
23;9403.5;2019-04-11 18:21:03.0;
23;9403;2019-04-11 18:21:15.0;
23;9402.5;2019-04-11 18:21:24.0;
23;9402;2019-04-11 18:21:31.0;
23;9401.5;2019-04-11 18:22:04.0;
23;9402.5;2019-04-11 18:22:10.0;
23;9403.5;2019-04-11 18:22:22.0;
23;9404;2019-04-11 18:22:32.0;
23;9403.5;2019-04-11 18:22:33.0;
23;9404;2019-04-11 18:22:36.0;
23;9403.5;2019-04-11 18:22:38.0;
23;9404;2019-04-11 18:22:50.0;
23;9402.5;2019-04-11 18:22:56.0;
23;9403.5;2019-04-11 18:22:59.0;
23;9404.5;2019-04-11 18:23:03.0;
23;9405;2019-04-11 18:23:16.0;
23;9405.5;2019-04-11 18:23:41.0;
23;9406;2019-04-11 18:24:03.0;
23;9406.5;2019-04-11 18:24:12.0;
23;9406;2019-04-11 18:25:15.0;
23;9405;2019-04-11 18:26:09.0;
23;9406;2019-04-11 18:26:10.0;
23;9405;2019-04-11 18:26:12.0;
23;9405.5;2019-04-11 18:26:19.0;
23;9405;2019-04-11 18:26:21.0;
23;9405.5;2019-04-11 18:26:22.0;
23;9405;2019-04-11 18:28:03.0;
23;9405.5;2019-04-11 18:28:05.0;
23;9405;2019-04-11 18:28:06.0;
23;9404.5;2019-04-11 18:28:56.0;
23;9405;2019-04-11 18:29:08.0;
23;9405.5;2019-04-11 18:29:27.0;
23;9405;2019-04-11 18:29:28.0;
23;9405.5;2019-04-11 18:29:29.0;
23;9406;2019-04-11 18:30:04.0;
23;9407;2019-04-11 18:30:16.0;
23;9405;2019-04-11 18:30:31.0;
23;9404.5;2019-04-11 18:30:36.0;
23;9404;2019-04-11 18:31:25.0;
23;9404.5;2019-04-11 18:31:26.0;
23;9404;2019-04-11 18:31:28.0;
23;9404.5;2019-04-11 18:31:35.0;
23;9404;2019-04-11 18:31:37.0;
23;9404.5;2019-04-11 18:31:39.0;
23;9405.5;2019-04-11 18:32:39.0;
23;9404.5;2019-04-11 18:32:42.0;
23;9405.5;2019-04-11 18:32:44.0;
23;9406;2019-04-11 18:33:47.0;
23;9405.5;2019-04-11 18:34:24.0;
23;9406;2019-04-11 18:35:15.0;
23;9408;2019-04-11 18:36:16.0;
23;9407.5;2019-04-11 18:36:24.0;
23;9408;2019-04-11 18:36:31.0;
23;9408.5;2019-04-11 18:37:07.0;
23;9407.5;2019-04-11 18:37:16.0;
23;9408.5;2019-04-11 18:37:17.0;
23;9407.5;2019-04-11 18:37:18.0;
23;9409;2019-04-11 18:37:35.0;
23;9408.5;2019-04-11 18:37:48.0;
23;9408;2019-04-11 18:38:48.0;
23;9408.5;2019-04-11 18:40:06.0;
23;9407.5;2019-04-11 18:40:47.0;
23;9407;2019-04-11 18:41:10.0;
23;9407.5;2019-04-11 18:41:12.0;
23;9407;2019-04-11 18:41:13.0;
23;9408;2019-04-11 18:41:24.0;
23;9405.5;2019-04-11 18:41:43.0;
23;9405;2019-04-11 18:42:03.0;
23;9405.5;2019-04-11 18:42:06.0;
23;9405;2019-04-11 18:42:07.0;
23;9405.5;2019-04-11 18:42:08.0;
23;9406;2019-04-11 18:42:14.0;
23;9405;2019-04-11 18:42:43.0;
23;9406.5;2019-04-11 18:43:03.0;
23;9407.5;2019-04-11 18:43:27.0;
23;9406.5;2019-04-11 18:43:45.0;
23;9407;2019-04-11 18:44:11.0;
23;9408;2019-04-11 18:44:17.0;
23;9407;2019-04-11 18:44:27.0;
23;9409;2019-04-11 18:45:03.0;
23;9408.5;2019-04-11 18:45:08.0;
23;9409.5;2019-04-11 18:45:19.0;
23;9408.5;2019-04-11 18:45:21.0;
23;9409.5;2019-04-11 18:45:22.0;
23;9409;2019-04-11 18:45:36.0;
23;9408.5;2019-04-11 18:46:04.0;
23;9409;2019-04-11 18:46:11.0;
23;9407;2019-04-11 18:46:24.0;
23;9408;2019-04-11 18:48:19.0;
23;9407.5;2019-04-11 18:48:55.0;
23;9408;2019-04-11 18:48:56.0;
23;9407.5;2019-04-11 18:48:57.0;
23;9407;2019-04-11 18:49:34.0;
23;9407.5;2019-04-11 18:49:35.0;
23;9407;2019-04-11 18:49:37.0;
23;9406;2019-04-11 18:50:27.0;
23;9407;2019-04-11 18:51:08.0;
23;9406;2019-04-11 18:51:09.0;
23;9407;2019-04-11 18:51:10.0;
23;9406;2019-04-11 18:51:19.0;
23;9406.5;2019-04-11 18:51:32.0;
23;9407;2019-04-11 18:52:06.0;
23;9406;2019-04-11 18:52:24.0;
23;9407;2019-04-11 18:52:37.0;
23;9407.5;2019-04-11 18:53:02.0;
23;9408;2019-04-11 18:54:03.0;
23;9407.5;2019-04-11 18:54:04.0;
23;9408.5;2019-04-11 18:54:06.0;
23;9409;2019-04-11 18:54:13.0;
23;9408.5;2019-04-11 18:54:26.0;
23;9409;2019-04-11 18:54:29.0;
23;9408.5;2019-04-11 18:54:31.0;
23;9409;2019-04-11 18:55:15.0;
23;9408.5;2019-04-11 18:55:22.0;
23;9409;2019-04-11 18:56:04.0;
23;9408.5;2019-04-11 18:56:05.0;
23;9409;2019-04-11 18:56:07.0;
23;9408.5;2019-04-11 18:56:17.0;
23;9409;2019-04-11 18:56:56.0;
23;9409.5;2019-04-11 18:57:03.0;
23;9409;2019-04-11 18:57:05.0;
23;9409.5;2019-04-11 18:57:06.0;
23;9409;2019-04-11 18:58:07.0;
23;9408;2019-04-11 18:58:15.0;
23;9407;2019-04-11 18:58:44.0;
23;9407.5;2019-04-11 18:58:56.0;
23;9407;2019-04-11 18:58:57.0;
23;9407.5;2019-04-11 18:58:58.0;
23;9408;2019-04-11 18:59:24.0;
23;9409;2019-04-11 19:00:09.0;
23;9408.5;2019-04-11 19:00:41.0;
23;9409;2019-04-11 19:00:43.0;
23;9408.5;2019-04-11 19:00:44.0;
23;9409;2019-04-11 19:01:05.0;
23;9408.5;2019-04-11 19:01:07.0;
23;9409;2019-04-11 19:01:08.0;
23;9408;2019-04-11 19:01:19.0;
23;9410;2019-04-11 19:02:35.0;
23;9409.5;2019-04-11 19:02:56.0;
23;9410;2019-04-11 19:03:27.0;
23;9409.5;2019-04-11 19:04:06.0;
23;9409;2019-04-11 19:04:09.0;
23;9409.5;2019-04-11 19:05:44.0;
23;9410;2019-04-11 19:06:45.0;
23;9409.5;2019-04-11 19:07:44.0;
23;9410;2019-04-11 19:08:09.0;
23;9411.5;2019-04-11 19:08:22.0;
23;9410;2019-04-11 19:08:23.0;
23;9411.5;2019-04-11 19:08:24.0;
23;9412;2019-04-11 19:08:34.0;
23;9411;2019-04-11 19:08:55.0;
23;9415;2019-04-11 19:10:59.0;
23;9413;2019-04-11 19:11:03.0;
23;9415;2019-04-11 19:11:04.0;
23;9413;2019-04-11 19:11:05.0;
23;9410.5;2019-04-11 19:14:53.0;
23;9411.5;2019-04-11 19:24:48.0;
23;9412.5;2019-04-11 19:25:18.0;
23;9414;2019-04-11 19:25:29.0;
23;9412.5;2019-04-11 19:25:32.0;
23;9414;2019-04-11 19:25:33.0;
23;9412;2019-04-11 19:25:49.0;
23;9411.5;2019-04-11 19:26:04.0;
23;9412;2019-04-11 19:26:24.0;
23;9413;2019-04-11 19:26:54.0;
23;9414;2019-04-11 19:27:06.0;
23;9414.5;2019-04-11 19:27:14.0;
23;9415;2019-04-11 19:27:47.0;
23;9414.5;2019-04-11 19:27:49.0;
23;9415;2019-04-11 19:27:50.0;
23;9416;2019-04-11 19:28:08.0;
23;9417;2019-04-11 19:28:33.0;
23;9415;2019-04-11 19:30:15.0;
23;9412;2019-04-11 19:31:22.0;
23;9411.5;2019-04-11 19:32:04.0;
23;9412;2019-04-11 19:34:54.0;
23;9410;2019-04-11 19:35:02.0;
23;9413;2019-04-11 19:57:30.0;
23;9411;2019-04-11 19:59:07.0;
23;9412;2019-04-11 20:00:04.0;
23;9414;2019-04-11 20:02:59.0;
23;9414.5;2019-04-11 20:05:35.0;
23;9414;2019-04-11 20:06:15.0;
23;9413;2019-04-11 20:08:08.0;
23;9412.5;2019-04-11 20:08:12.0;
23;9412;2019-04-11 20:09:15.0;
23;9410.5;2019-04-11 20:10:11.0;
23;9410;2019-04-11 20:10:17.0;
23;9409.5;2019-04-11 20:11:18.0;
23;9409;2019-04-11 20:12:14.0;
23;9409.5;2019-04-11 20:12:16.0;
23;9409;2019-04-11 20:12:18.0;
23;9409.5;2019-04-11 20:12:31.0;
23;9410;2019-04-11 20:12:34.0;
23;9409.5;2019-04-11 20:12:36.0;
23;9410;2019-04-11 20:12:39.0;
23;9410.5;2019-04-11 20:13:02.0;
23;9410;2019-04-11 20:26:16.0;
23;9409.5;2019-04-11 20:28:15.0;
23;9409;2019-04-11 20:29:16.0;
23;9409.5;2019-04-11 20:30:53.0;
23;9410;2019-04-11 20:31:19.0;
23;9410.5;2019-04-11 20:32:05.0;
23;9410;2019-04-11 20:35:15.0;
23;9409.5;2019-04-11 20:38:13.0;
23;9409;2019-04-11 20:39:16.0;
23;9410;2019-04-11 20:42:16.0;
23;9409.5;2019-04-11 20:43:19.0;
23;9411;2019-04-11 20:43:27.0;
23;9409.5;2019-04-11 20:43:29.0;
23;9411;2019-04-11 20:43:30.0;
23;9411.5;2019-04-11 20:46:15.0;
23;9411;2019-04-11 20:46:18.0;
23;9411.5;2019-04-11 20:46:19.0;
23;9410.5;2019-04-11 20:50:11.0;
23;9411;2019-04-11 20:50:15.0;
23;9411.5;2019-04-11 20:51:43.0;
23;9411;2019-04-11 20:56:16.0;
23;9410.5;2019-04-11 20:57:16.0;
23;9411;2019-04-11 21:01:10.0;
23;9410.5;2019-04-11 21:01:12.0;
23;9411;2019-04-11 21:01:13.0;
23;9411.5;2019-04-11 21:02:05.0;
23;9411;2019-04-11 21:02:06.0;
23;9411.5;2019-04-11 21:02:08.0;
23;9412;2019-04-11 21:06:04.0;
23;9411.5;2019-04-11 21:06:06.0;
23;9412;2019-04-11 21:06:07.0;
23;9412.5;2019-04-11 21:08:03.0;
23;9412;2019-04-11 21:08:04.0;
23;9412.5;2019-04-11 21:08:05.0;
23;9411.5;2019-04-11 21:11:22.0;
23;9408;2019-04-11 21:31:41.0;
23;9411.5;2019-04-11 21:31:43.0;
23;9408;2019-04-11 21:31:44.0;
23;9412.5;2019-04-11 21:31:47.0;
23;9414;2019-04-11 21:34:20.0;
23;9412.5;2019-04-11 21:34:23.0;
23;9414;2019-04-11 21:34:24.0;
23;9415;2019-04-11 21:34:32.0;
23;9414;2019-04-11 21:34:33.0;
23;9415;2019-04-11 21:34:35.0;
23;9416.5;2019-04-11 21:35:32.0;
23;9414.5;2019-04-11 21:35:35.0;
23;9415;2019-04-11 21:42:03.0;
23;9415.5;2019-04-11 21:43:30.0;
23;9415;2019-04-11 21:46:59.0;
23;9411;2019-04-11 21:48:06.0;
23;9413;2019-04-11 21:49:15.0;
23;9414;2019-04-11 21:49:22.0;
23;9413;2019-04-11 21:49:26.0;
23;9414;2019-04-11 21:49:27.0;
23;9413;2019-04-11 21:49:28.0;
23;9411.5;2019-04-11 21:49:45.0;
23;9413;2019-04-11 21:49:46.0;
23;9414;2019-04-11 21:50:04.0;
23;9413.5;2019-04-11 21:50:07.0;
23;9414.5;2019-04-11 21:52:11.0;
23;9413.5;2019-04-11 21:52:13.0;
23;9414.5;2019-04-11 21:52:14.0;
23;9415;2019-04-11 21:52:24.0;
23;9415.5;2019-04-11 21:53:15.0;
23;9416;2019-04-11 21:53:21.0;
23;9417;2019-04-11 21:53:36.0;
23;9417.5;2019-04-11 21:54:03.0;
23;9417;2019-04-11 21:54:04.0;
23;9417.5;2019-04-11 21:54:06.0;
23;9418;2019-04-11 21:54:20.0;
23;9418.5;2019-04-11 21:56:19.0;
23;9418;2019-04-11 21:56:20.0;
23;9418.5;2019-04-11 21:56:22.0;
23;9419.5;2019-04-11 21:56:47.0;
23;9420;2019-04-11 21:57:20.0;
23;9421.5;2019-04-11 21:57:25.0;
23;9422;2019-04-11 21:58:11.0;
23;9422.5;2019-04-11 21:59:20.0;
23;9422;2019-04-11 22:00:03.0;
23;9422.5;2019-04-11 22:00:04.0;
23;9422;2019-04-11 22:00:06.0;
23;9421.5;2019-04-11 22:00:10.0;
24;3061;2019-04-11 11:27:39.0;
24;3075;2019-04-11 17:28:52.0;
24;3074.5;2019-04-11 17:29:13.0;
25;2391.5;2019-04-11 11:17:19.0;
25;2391;2019-04-11 11:19:06.0;
25;2391.5;2019-04-11 11:19:08.0;
25;2391;2019-04-11 11:19:09.0;
25;2390.5;2019-04-11 11:19:32.0;
25;2391.5;2019-04-11 11:21:37.0;
25;2390.5;2019-04-11 11:26:28.0;
25;2389.5;2019-04-11 11:34:48.0;
25;2390.5;2019-04-11 11:43:02.0;
25;2389.5;2019-04-11 11:45:48.0;
25;2390.5;2019-04-11 11:54:10.0;
25;2391;2019-04-11 11:54:23.0;
25;2390.5;2019-04-11 11:54:24.0;
25;2391;2019-04-11 11:54:26.0;
25;2391.5;2019-04-11 11:54:28.0;
25;2390.5;2019-04-11 11:54:59.0;
25;2389.5;2019-04-11 12:00:46.0;
25;2390.5;2019-04-11 12:10:05.0;
25;2390;2019-04-11 12:10:10.0;
25;2390.5;2019-04-11 12:10:12.0;
25;2390;2019-04-11 12:10:13.0;
25;2390.5;2019-04-11 12:10:19.0;
25;2390;2019-04-11 12:10:21.0;
25;2390.5;2019-04-11 12:10:22.0;
25;2389.5;2019-04-11 12:15:33.0;
25;2388.5;2019-04-11 12:37:32.0;
25;2389.5;2019-04-11 12:45:46.0;
25;2390.5;2019-04-11 12:48:11.0;
25;2391.5;2019-04-11 12:57:40.0;
25;2392.5;2019-04-11 13:02:04.0;
25;2393.5;2019-04-11 13:04:50.0;
25;2394.5;2019-04-11 13:07:03.0;
25;2393.5;2019-04-11 13:08:04.0;
25;2394.5;2019-04-11 13:10:08.0;
25;2393.5;2019-04-11 13:10:10.0;
25;2394.5;2019-04-11 13:10:11.0;
25;2393.5;2019-04-11 13:10:51.0;
25;2394.5;2019-04-11 13:10:53.0;
25;2393.5;2019-04-11 13:10:54.0;
25;2392.5;2019-04-11 13:13:37.0;
25;2393.5;2019-04-11 13:14:28.0;
25;2392.5;2019-04-11 13:16:11.0;
25;2391.5;2019-04-11 13:26:16.0;
25;2390.5;2019-04-11 13:30:05.0;
25;2389.5;2019-04-11 13:35:31.0;
25;2389;2019-04-11 13:36:23.0;
25;2388.5;2019-04-11 13:36:36.0;
25;2389.5;2019-04-11 13:37:05.0;
25;2389;2019-04-11 13:39:44.0;
25;2388.5;2019-04-11 13:39:48.0;
25;2389.5;2019-04-11 13:51:05.0;
25;2389;2019-04-11 13:51:49.0;
25;2389.5;2019-04-11 13:52:04.0;
25;2389;2019-04-11 13:52:06.0;
25;2389.5;2019-04-11 13:52:08.0;
25;2388.5;2019-04-11 13:52:57.0;
25;2387.5;2019-04-11 13:55:45.0;
25;2386.5;2019-04-11 13:56:51.0;
25;2385.5;2019-04-11 13:58:05.0;
25;2384.5;2019-04-11 14:00:47.0;
25;2384;2019-04-11 14:00:58.0;
25;2383.5;2019-04-11 14:01:02.0;
25;2384.5;2019-04-11 14:02:06.0;
25;2385;2019-04-11 14:04:02.0;
25;2385.5;2019-04-11 14:04:06.0;
25;2385;2019-04-11 14:04:08.0;
25;2385.5;2019-04-11 14:04:10.0;
25;2384.5;2019-04-11 14:05:35.0;
25;2383.5;2019-04-11 14:06:04.0;
25;2384.5;2019-04-11 14:06:28.0;
25;2383.5;2019-04-11 14:06:29.0;
25;2384.5;2019-04-11 14:06:31.0;
25;2385.5;2019-04-11 14:08:19.0;
25;2384.5;2019-04-11 14:09:09.0;
25;2383.5;2019-04-11 14:11:25.0;
25;2384.5;2019-04-11 14:12:07.0;
25;2384;2019-04-11 14:13:27.0;
25;2383.5;2019-04-11 14:13:46.0;
25;2384.5;2019-04-11 14:15:45.0;
25;2383.5;2019-04-11 14:16:39.0;
25;2384.5;2019-04-11 14:16:42.0;
25;2383.5;2019-04-11 14:16:44.0;
25;2383;2019-04-11 14:20:46.0;
25;2383.5;2019-04-11 14:20:59.0;
25;2383;2019-04-11 14:21:00.0;
25;2383.5;2019-04-11 14:21:02.0;
25;2384.5;2019-04-11 14:22:10.0;
25;2383.5;2019-04-11 14:22:12.0;
25;2384.5;2019-04-11 14:22:14.0;
25;2383.5;2019-04-11 14:23:39.0;
25;2384.5;2019-04-11 14:23:42.0;
25;2385.5;2019-04-11 14:26:14.0;
25;2385;2019-04-11 14:26:22.0;
25;2385.5;2019-04-11 14:26:29.0;
25;2385;2019-04-11 14:26:43.0;
25;2384.5;2019-04-11 14:26:55.0;
25;2385.5;2019-04-11 14:29:41.0;
25;2384.5;2019-04-11 14:30:08.0;
25;2385.5;2019-04-11 14:35:25.0;
25;2384.5;2019-04-11 14:36:02.0;
25;2385.5;2019-04-11 14:36:12.0;
25;2384.5;2019-04-11 14:36:15.0;
25;2383.5;2019-04-11 14:40:11.0;
25;2384;2019-04-11 14:41:27.0;
25;2383.5;2019-04-11 14:41:34.0;
25;2384;2019-04-11 14:41:40.0;
25;2384.5;2019-04-11 14:42:22.0;
25;2384;2019-04-11 14:42:27.0;
25;2383.5;2019-04-11 14:42:35.0;
25;2384;2019-04-11 14:43:23.0;
25;2384.5;2019-04-11 14:45:13.0;
25;2384;2019-04-11 14:45:48.0;
25;2383.5;2019-04-11 14:46:05.0;
25;2384.5;2019-04-11 14:52:04.0;
25;2383.5;2019-04-11 14:52:39.0;
25;2384.5;2019-04-11 14:53:10.0;
25;2383.5;2019-04-11 14:56:05.0;
25;2384.5;2019-04-11 14:56:06.0;
25;2383.5;2019-04-11 14:56:07.0;
25;2383;2019-04-11 14:56:11.0;
25;2382.5;2019-04-11 14:56:24.0;
25;2383;2019-04-11 14:56:40.0;
25;2382.5;2019-04-11 14:57:16.0;
25;2383.5;2019-04-11 14:57:36.0;
25;2383;2019-04-11 14:57:45.0;
25;2383.5;2019-04-11 14:58:05.0;
25;2382.5;2019-04-11 14:58:56.0;
25;2383;2019-04-11 14:59:01.0;
25;2383.5;2019-04-11 14:59:36.0;
25;2382.5;2019-04-11 15:00:19.0;
25;2383.5;2019-04-11 15:03:44.0;
25;2382.5;2019-04-11 15:07:42.0;
25;2383.5;2019-04-11 15:07:44.0;
25;2382.5;2019-04-11 15:07:45.0;
25;2381.5;2019-04-11 15:08:59.0;
25;2382.5;2019-04-11 15:09:00.0;
25;2381.5;2019-04-11 15:09:02.0;
25;2381;2019-04-11 15:09:24.0;
25;2380.5;2019-04-11 15:09:31.0;
25;2381.5;2019-04-11 15:09:37.0;
25;2380.5;2019-04-11 15:10:09.0;
25;2381.5;2019-04-11 15:10:10.0;
25;2380.5;2019-04-11 15:10:12.0;
25;2380;2019-04-11 15:13:31.0;
25;2379.5;2019-04-11 15:13:35.0;
25;2378.5;2019-04-11 15:14:11.0;
25;2377;2019-04-11 15:14:35.0;
25;2376.5;2019-04-11 15:14:42.0;
25;2377;2019-04-11 15:14:55.0;
25;2377.5;2019-04-11 15:15:02.0;
25;2377;2019-04-11 15:15:03.0;
25;2377.5;2019-04-11 15:15:05.0;
25;2377;2019-04-11 15:15:06.0;
25;2376.5;2019-04-11 15:15:09.0;
25;2377.5;2019-04-11 15:15:13.0;
25;2377;2019-04-11 15:15:18.0;
25;2376.5;2019-04-11 15:15:19.0;
25;2377;2019-04-11 15:15:22.0;
25;2376.5;2019-04-11 15:15:23.0;
25;2377.5;2019-04-11 15:19:50.0;
25;2378.5;2019-04-11 15:25:41.0;
25;2379.5;2019-04-11 15:26:14.0;
25;2379;2019-04-11 15:27:16.0;
25;2380.5;2019-04-11 15:27:21.0;
25;2379.5;2019-04-11 15:28:27.0;
25;2378.5;2019-04-11 15:29:27.0;
25;2379.5;2019-04-11 15:30:04.0;
25;2378.5;2019-04-11 15:30:35.0;
25;2379.5;2019-04-11 15:30:36.0;
25;2378.5;2019-04-11 15:30:38.0;
25;2379;2019-04-11 15:30:39.0;
25;2378.5;2019-04-11 15:30:42.0;
25;2377.5;2019-04-11 15:31:42.0;
25;2376.5;2019-04-11 15:32:05.0;
25;2377;2019-04-11 15:32:06.0;
25;2376.5;2019-04-11 15:32:25.0;
25;2377.5;2019-04-11 15:32:26.0;
25;2377;2019-04-11 15:32:40.0;
25;2376.5;2019-04-11 15:32:42.0;
25;2377.5;2019-04-11 15:32:47.0;
25;2376.5;2019-04-11 15:33:47.0;
25;2377.5;2019-04-11 15:34:05.0;
25;2376.5;2019-04-11 15:36:05.0;
25;2377.5;2019-04-11 15:36:27.0;
25;2376.5;2019-04-11 15:36:35.0;
25;2377.5;2019-04-11 15:36:37.0;
25;2376.5;2019-04-11 15:36:40.0;
25;2377;2019-04-11 15:37:02.0;
25;2377.5;2019-04-11 15:37:11.0;
25;2376.5;2019-04-11 15:37:21.0;
25;2377;2019-04-11 15:37:31.0;
25;2377.5;2019-04-11 15:37:40.0;
25;2377;2019-04-11 15:38:12.0;
25;2376.5;2019-04-11 15:38:18.0;
25;2377;2019-04-11 15:38:36.0;
25;2377.5;2019-04-11 15:38:43.0;
25;2377;2019-04-11 15:38:56.0;
25;2377.5;2019-04-11 15:38:57.0;
25;2377;2019-04-11 15:38:58.0;
25;2377.5;2019-04-11 15:39:17.0;
25;2376.5;2019-04-11 15:39:31.0;
25;2377;2019-04-11 15:39:37.0;
25;2376.5;2019-04-11 15:40:25.0;
25;2377;2019-04-11 15:40:27.0;
25;2376.5;2019-04-11 15:40:28.0;
25;2375.5;2019-04-11 15:40:40.0;
25;2376.5;2019-04-11 15:40:45.0;
25;2377.5;2019-04-11 15:41:36.0;
25;2376.5;2019-04-11 15:41:38.0;
25;2377.5;2019-04-11 15:41:39.0;
25;2378.5;2019-04-11 15:42:57.0;
25;2379.5;2019-04-11 15:43:23.0;
25;2378.5;2019-04-11 15:44:52.0;
25;2379.5;2019-04-11 15:50:42.0;
25;2379;2019-04-11 15:50:45.0;
25;2378.5;2019-04-11 15:51:04.0;
25;2377.5;2019-04-11 15:52:47.0;
25;2378.5;2019-04-11 15:52:48.0;
25;2377.5;2019-04-11 15:52:50.0;
25;2376.5;2019-04-11 15:53:13.0;
25;2376;2019-04-11 15:53:33.0;
25;2375.5;2019-04-11 15:53:36.0;
25;2376.5;2019-04-11 15:54:09.0;
25;2375.5;2019-04-11 15:54:27.0;
25;2376.5;2019-04-11 15:54:30.0;
25;2375.5;2019-04-11 15:54:31.0;
25;2376;2019-04-11 15:56:07.0;
25;2376.5;2019-04-11 15:56:12.0;
25;2377.5;2019-04-11 15:56:37.0;
25;2378.5;2019-04-11 15:58:11.0;
25;2377.5;2019-04-11 15:59:20.0;
25;2378.5;2019-04-11 16:00:29.0;
25;2377.5;2019-04-11 16:02:05.0;
25;2378.5;2019-04-11 16:03:11.0;
25;2379;2019-04-11 16:04:15.0;
25;2378.5;2019-04-11 16:04:35.0;
25;2377.5;2019-04-11 16:07:31.0;
25;2376.5;2019-04-11 16:12:16.0;
25;2377.5;2019-04-11 16:12:18.0;
25;2376.5;2019-04-11 16:12:19.0;
25;2377.5;2019-04-11 16:14:56.0;
25;2376.5;2019-04-11 16:14:57.0;
25;2377.5;2019-04-11 16:14:58.0;
25;2378.5;2019-04-11 16:18:06.0;
25;2379.5;2019-04-11 16:18:36.0;
25;2380.5;2019-04-11 16:22:30.0;
25;2379.5;2019-04-11 16:26:06.0;
25;2380.5;2019-04-11 16:29:01.0;
25;2379.5;2019-04-11 16:30:50.0;
25;2380;2019-04-11 16:32:03.0;
25;2380.5;2019-04-11 16:32:07.0;
25;2381;2019-04-11 16:38:04.0;
25;2380.5;2019-04-11 16:38:05.0;
25;2381;2019-04-11 16:38:07.0;
25;2381.5;2019-04-11 16:38:12.0;
25;2381;2019-04-11 16:38:16.0;
25;2381.5;2019-04-11 16:38:24.0;
25;2382.5;2019-04-11 16:39:15.0;
25;2382;2019-04-11 16:39:21.0;
25;2382.5;2019-04-11 16:39:23.0;
25;2381.5;2019-04-11 16:39:49.0;
25;2380.5;2019-04-11 16:43:50.0;
25;2380;2019-04-11 16:46:27.0;
25;2379.5;2019-04-11 16:46:28.0;
25;2378.5;2019-04-11 16:48:06.0;
25;2379.5;2019-04-11 16:48:07.0;
25;2378.5;2019-04-11 16:48:09.0;
27;124195;2019-04-11 11:15:33.0;
27;124215;2019-04-11 11:15:39.0;
27;124195;2019-04-11 11:15:47.0;
27;124215;2019-04-11 11:15:48.0;
27;124195;2019-04-11 11:15:52.0;
27;124175;2019-04-11 11:16:06.0;
27;124195;2019-04-11 11:16:07.0;
27;124175;2019-04-11 11:16:08.0;
27;124195;2019-04-11 11:16:10.0;
27;124175;2019-04-11 11:16:12.0;
27;124195;2019-04-11 11:16:14.0;
27;124175;2019-04-11 11:16:20.0;
27;124165;2019-04-11 11:16:22.0;
27;124195;2019-04-11 11:16:24.0;
27;124175;2019-04-11 11:16:26.0;
27;124165;2019-04-11 11:16:27.0;
27;124155;2019-04-11 11:16:41.0;
27;124165;2019-04-11 11:16:43.0;
27;124155;2019-04-11 11:16:52.0;
27;124165;2019-04-11 11:16:54.0;
27;124185;2019-04-11 11:16:55.0;
27;124155;2019-04-11 11:17:04.0;
27;124185;2019-04-11 11:17:05.0;
27;124155;2019-04-11 11:17:07.0;
27;124185;2019-04-11 11:17:08.0;
27;124175;2019-04-11 11:17:25.0;
27;124185;2019-04-11 11:17:27.0;
27;124175;2019-04-11 11:17:31.0;
27;124185;2019-04-11 11:17:32.0;
27;124175;2019-04-11 11:17:35.0;
27;124185;2019-04-11 11:17:41.0;
27;124175;2019-04-11 11:17:42.0;
27;124155;2019-04-11 11:17:49.0;
27;124175;2019-04-11 11:17:51.0;
27;124155;2019-04-11 11:17:55.0;
27;124175;2019-04-11 11:17:59.0;
27;124155;2019-04-11 11:18:06.0;
27;124165;2019-04-11 11:18:07.0;
27;124155;2019-04-11 11:18:09.0;
27;124165;2019-04-11 11:18:11.0;
27;124155;2019-04-11 11:18:13.0;
27;124175;2019-04-11 11:18:15.0;
27;124165;2019-04-11 11:18:17.0;
27;124175;2019-04-11 11:18:19.0;
27;124185;2019-04-11 11:18:26.0;
27;124175;2019-04-11 11:18:30.0;
27;124165;2019-04-11 11:18:31.0;
27;124175;2019-04-11 11:18:33.0;
27;124165;2019-04-11 11:18:34.0;
27;124185;2019-04-11 11:18:36.0;
27;124165;2019-04-11 11:18:37.0;
27;124155;2019-04-11 11:18:39.0;
27;124175;2019-04-11 11:18:43.0;
27;124185;2019-04-11 11:18:46.0;
27;124175;2019-04-11 11:18:48.0;
27;124155;2019-04-11 11:18:49.0;
27;124175;2019-04-11 11:18:52.0;
27;124155;2019-04-11 11:18:53.0;
27;124175;2019-04-11 11:18:55.0;
27;124155;2019-04-11 11:18:56.0;
27;124175;2019-04-11 11:18:59.0;
27;124155;2019-04-11 11:19:00.0;
27;124145;2019-04-11 11:19:05.0;
27;124155;2019-04-11 11:19:06.0;
27;124145;2019-04-11 11:19:08.0;
27;124155;2019-04-11 11:19:09.0;
27;124145;2019-04-11 11:19:11.0;
27;124155;2019-04-11 11:19:12.0;
27;124145;2019-04-11 11:19:13.0;
27;124155;2019-04-11 11:19:15.0;
27;124145;2019-04-11 11:19:16.0;
27;124155;2019-04-11 11:19:17.0;
27;124145;2019-04-11 11:19:22.0;
27;124155;2019-04-11 11:19:28.0;
27;124145;2019-04-11 11:19:32.0;
27;124155;2019-04-11 11:19:36.0;
27;124145;2019-04-11 11:19:37.0;
27;124165;2019-04-11 11:19:39.0;
27;124145;2019-04-11 11:19:40.0;
27;124165;2019-04-11 11:19:42.0;
27;124155;2019-04-11 11:19:51.0;
27;124165;2019-04-11 11:19:54.0;
27;124155;2019-04-11 11:19:55.0;
27;124165;2019-04-11 11:19:59.0;
27;124155;2019-04-11 11:20:04.0;
27;124165;2019-04-11 11:20:08.0;
27;124155;2019-04-11 11:20:11.0;
27;124165;2019-04-11 11:20:14.0;
27;124155;2019-04-11 11:20:15.0;
27;124165;2019-04-11 11:20:20.0;
27;124155;2019-04-11 11:20:23.0;
27;124165;2019-04-11 11:20:28.0;
27;124155;2019-04-11 11:20:29.0;
27;124165;2019-04-11 11:20:31.0;
27;124155;2019-04-11 11:20:32.0;
27;124175;2019-04-11 11:20:35.0;
27;124165;2019-04-11 11:20:37.0;
27;124155;2019-04-11 11:20:38.0;
27;124165;2019-04-11 11:20:40.0;
27;124155;2019-04-11 11:20:41.0;
27;124165;2019-04-11 11:20:43.0;
27;124155;2019-04-11 11:20:44.0;
27;124185;2019-04-11 11:20:45.0;
27;124175;2019-04-11 11:20:47.0;
27;124195;2019-04-11 11:20:50.0;
27;124175;2019-04-11 11:20:55.0;
27;124195;2019-04-11 11:20:58.0;
27;124185;2019-04-11 11:21:00.0;
27;124175;2019-04-11 11:21:01.0;
27;124195;2019-04-11 11:21:03.0;
27;124185;2019-04-11 11:21:05.0;
27;124215;2019-04-11 11:21:07.0;
27;124185;2019-04-11 11:21:09.0;
27;124195;2019-04-11 11:21:12.0;
27;124185;2019-04-11 11:21:13.0;
27;124215;2019-04-11 11:21:16.0;
27;124195;2019-04-11 11:21:18.0;
27;124215;2019-04-11 11:21:19.0;
27;124235;2019-04-11 11:21:40.0;
27;124215;2019-04-11 11:21:43.0;
27;124235;2019-04-11 11:21:51.0;
27;124215;2019-04-11 11:21:52.0;
27;124235;2019-04-11 11:21:54.0;
27;124185;2019-04-11 11:22:41.0;
27;124235;2019-04-11 11:22:43.0;
27;124185;2019-04-11 11:22:45.0;
27;124235;2019-04-11 11:22:46.0;
27;124175;2019-04-11 11:22:48.0;
27;124235;2019-04-11 11:22:49.0;
27;124185;2019-04-11 11:22:50.0;
27;124175;2019-04-11 11:22:52.0;
27;124185;2019-04-11 11:22:53.0;
27;124195;2019-04-11 11:22:56.0;
27;124175;2019-04-11 11:22:59.0;
27;124185;2019-04-11 11:23:04.0;
27;124195;2019-04-11 11:23:05.0;
27;124175;2019-04-11 11:23:07.0;
27;124185;2019-04-11 11:23:11.0;
27;124175;2019-04-11 11:23:12.0;
27;124195;2019-04-11 11:23:14.0;
27;124175;2019-04-11 11:23:16.0;
27;124165;2019-04-11 11:23:18.0;
27;124195;2019-04-11 11:23:23.0;
27;124165;2019-04-11 11:23:25.0;
27;124175;2019-04-11 11:23:31.0;
27;124165;2019-04-11 11:23:34.0;
27;124175;2019-04-11 11:23:41.0;
27;124165;2019-04-11 11:23:44.0;
27;124175;2019-04-11 11:23:47.0;
27;124155;2019-04-11 11:23:50.0;
27;124175;2019-04-11 11:23:53.0;
27;124155;2019-04-11 11:23:55.0;
27;124145;2019-04-11 11:24:23.0;
27;124155;2019-04-11 11:24:27.0;
27;124145;2019-04-11 11:24:32.0;
27;124135;2019-04-11 11:24:58.0;
27;124125;2019-04-11 11:25:01.0;
27;124135;2019-04-11 11:25:02.0;
27;124125;2019-04-11 11:25:04.0;
27;124135;2019-04-11 11:25:05.0;
27;124125;2019-04-11 11:25:06.0;
27;124135;2019-04-11 11:25:20.0;
27;124125;2019-04-11 11:25:22.0;
27;124135;2019-04-11 11:25:23.0;
27;124125;2019-04-11 11:25:26.0;
27;124105;2019-04-11 11:26:04.0;
27;124075;2019-04-11 11:26:35.0;
27;124105;2019-04-11 11:26:37.0;
27;124075;2019-04-11 11:26:40.0;
27;124055;2019-04-11 11:26:42.0;
27;124075;2019-04-11 11:26:50.0;
27;124055;2019-04-11 11:26:51.0;
27;124075;2019-04-11 11:26:54.0;
27;124055;2019-04-11 11:26:55.0;
27;124065;2019-04-11 11:27:13.0;
27;124085;2019-04-11 11:27:15.0;
27;124065;2019-04-11 11:27:19.0;
27;124085;2019-04-11 11:27:22.0;
27;124065;2019-04-11 11:27:24.0;
27;124085;2019-04-11 11:27:26.0;
27;124065;2019-04-11 11:27:29.0;
27;124085;2019-04-11 11:27:30.0;
27;124065;2019-04-11 11:27:32.0;
27;124085;2019-04-11 11:27:33.0;
27;124065;2019-04-11 11:27:40.0;
27;124085;2019-04-11 11:27:42.0;
27;124045;2019-04-11 11:27:46.0;
27;124035;2019-04-11 11:28:01.0;
27;124045;2019-04-11 11:28:04.0;
27;124035;2019-04-11 11:28:11.0;
27;124045;2019-04-11 11:28:12.0;
27;124035;2019-04-11 11:28:19.0;
27;124045;2019-04-11 11:28:23.0;
27;124035;2019-04-11 11:28:25.0;
27;124045;2019-04-11 11:28:29.0;
27;124035;2019-04-11 11:28:30.0;
27;124045;2019-04-11 11:28:32.0;
27;124035;2019-04-11 11:28:33.0;
27;124045;2019-04-11 11:28:36.0;
27;124035;2019-04-11 11:28:38.0;
27;124045;2019-04-11 11:28:41.0;
27;124035;2019-04-11 11:28:42.0;
27;124045;2019-04-11 11:28:48.0;
27;124035;2019-04-11 11:28:49.0;
27;124045;2019-04-11 11:28:54.0;
27;124035;2019-04-11 11:29:01.0;
27;124045;2019-04-11 11:29:03.0;
27;124025;2019-04-11 11:29:09.0;
27;124045;2019-04-11 11:29:10.0;
27;124025;2019-04-11 11:29:13.0;
27;124045;2019-04-11 11:29:14.0;
27;124025;2019-04-11 11:29:20.0;
27;124045;2019-04-11 11:29:21.0;
27;124055;2019-04-11 11:29:27.0;
27;124025;2019-04-11 11:29:30.0;
27;124065;2019-04-11 11:29:32.0;
27;124025;2019-04-11 11:29:33.0;
27;124055;2019-04-11 11:29:34.0;
27;124025;2019-04-11 11:29:36.0;
27;124055;2019-04-11 11:29:38.0;
27;124045;2019-04-11 11:29:40.0;
27;124065;2019-04-11 11:29:41.0;
27;124045;2019-04-11 11:29:43.0;
27;124055;2019-04-11 11:29:48.0;
27;124045;2019-04-11 11:29:57.0;
27;124025;2019-04-11 11:29:58.0;
27;124065;2019-04-11 11:30:00.0;
27;124025;2019-04-11 11:30:01.0;
27;124045;2019-04-11 11:30:07.0;
27;124025;2019-04-11 11:30:10.0;
27;124045;2019-04-11 11:30:36.0;
27;124025;2019-04-11 11:30:39.0;
27;124045;2019-04-11 11:30:43.0;
27;124025;2019-04-11 11:30:47.0;
27;124045;2019-04-11 11:30:49.0;
27;124065;2019-04-11 11:30:52.0;
27;124025;2019-04-11 11:30:57.0;
27;124065;2019-04-11 11:30:59.0;
27;124045;2019-04-11 11:31:00.0;
27;124055;2019-04-11 11:31:02.0;
27;124065;2019-04-11 11:31:03.0;
27;124055;2019-04-11 11:31:04.0;
27;124065;2019-04-11 11:31:06.0;
27;124015;2019-04-11 11:31:09.0;
27;124055;2019-04-11 11:31:10.0;
27;124065;2019-04-11 11:31:12.0;
27;124055;2019-04-11 11:31:14.0;
27;124065;2019-04-11 11:31:16.0;
27;124055;2019-04-11 11:31:18.0;
27;124065;2019-04-11 11:31:20.0;
27;124025;2019-04-11 11:31:23.0;
27;124055;2019-04-11 11:31:24.0;
27;124025;2019-04-11 11:31:26.0;
27;124055;2019-04-11 11:31:27.0;
27;124025;2019-04-11 11:31:30.0;
27;124045;2019-04-11 11:31:35.0;
27;124015;2019-04-11 11:31:36.0;
27;124045;2019-04-11 11:31:39.0;
27;124025;2019-04-11 11:31:43.0;
27;124045;2019-04-11 11:31:44.0;
27;124025;2019-04-11 11:31:46.0;
27;124045;2019-04-11 11:31:47.0;
27;124035;2019-04-11 11:32:00.0;
27;124045;2019-04-11 11:32:01.0;
27;124035;2019-04-11 11:32:04.0;
27;124015;2019-04-11 11:32:07.0;
27;124045;2019-04-11 11:32:09.0;
27;124015;2019-04-11 11:32:10.0;
27;124035;2019-04-11 11:32:11.0;
27;124015;2019-04-11 11:32:22.0;
27;124035;2019-04-11 11:32:24.0;
27;124015;2019-04-11 11:32:25.0;
27;124035;2019-04-11 11:32:27.0;
27;124015;2019-04-11 11:32:29.0;
27;124035;2019-04-11 11:32:34.0;
27;124015;2019-04-11 11:32:37.0;
27;124035;2019-04-11 11:32:39.0;
27;124015;2019-04-11 11:32:41.0;
27;123985;2019-04-11 11:32:46.0;
27;124015;2019-04-11 11:32:48.0;
27;123985;2019-04-11 11:32:49.0;
27;124015;2019-04-11 11:32:51.0;
27;123985;2019-04-11 11:33:02.0;
27;124015;2019-04-11 11:33:06.0;
27;123985;2019-04-11 11:33:07.0;
27;123905;2019-04-11 11:33:13.0;
27;123985;2019-04-11 11:33:15.0;
27;123895;2019-04-11 11:33:18.0;
27;123905;2019-04-11 11:33:24.0;
27;123895;2019-04-11 11:33:29.0;
27;123905;2019-04-11 11:33:31.0;
27;123895;2019-04-11 11:33:36.0;
27;123905;2019-04-11 11:33:37.0;
27;123895;2019-04-11 11:33:39.0;
27;123855;2019-04-11 11:33:45.0;
27;123895;2019-04-11 11:33:47.0;
27;123855;2019-04-11 11:33:48.0;
27;123895;2019-04-11 11:33:50.0;
27;123845;2019-04-11 11:33:51.0;
27;123855;2019-04-11 11:33:57.0;
27;123845;2019-04-11 11:33:58.0;
27;123855;2019-04-11 11:34:01.0;
27;123845;2019-04-11 11:34:02.0;
27;123855;2019-04-11 11:34:04.0;
27;123845;2019-04-11 11:34:05.0;
27;123855;2019-04-11 11:34:06.0;
27;123845;2019-04-11 11:34:09.0;
27;123855;2019-04-11 11:34:11.0;
27;123845;2019-04-11 11:34:12.0;
27;123855;2019-04-11 11:34:13.0;
27;123845;2019-04-11 11:34:15.0;
27;123795;2019-04-11 11:34:20.0;
27;123845;2019-04-11 11:34:22.0;
27;123785;2019-04-11 11:34:24.0;
27;123815;2019-04-11 11:34:29.0;
27;123785;2019-04-11 11:34:31.0;
27;123815;2019-04-11 11:34:32.0;
27;123795;2019-04-11 11:34:35.0;
27;123815;2019-04-11 11:34:38.0;
27;123795;2019-04-11 11:34:39.0;
27;123815;2019-04-11 11:34:41.0;
27;123785;2019-04-11 11:34:43.0;
27;123815;2019-04-11 11:34:45.0;
27;123785;2019-04-11 11:34:48.0;
27;123795;2019-04-11 11:34:49.0;
27;123785;2019-04-11 11:34:52.0;
27;123745;2019-04-11 11:34:55.0;
27;123815;2019-04-11 11:34:56.0;
27;123745;2019-04-11 11:34:58.0;
27;123815;2019-04-11 11:34:59.0;
27;123765;2019-04-11 11:35:01.0;
27;123755;2019-04-11 11:35:02.0;
27;123745;2019-04-11 11:35:03.0;
27;123755;2019-04-11 11:35:05.0;
27;123765;2019-04-11 11:35:06.0;
27;123745;2019-04-11 11:35:08.0;
27;123755;2019-04-11 11:35:14.0;
27;123765;2019-04-11 11:35:16.0;
27;123755;2019-04-11 11:35:18.0;
27;123745;2019-04-11 11:35:19.0;
27;123755;2019-04-11 11:35:21.0;
27;123765;2019-04-11 11:35:22.0;
27;123755;2019-04-11 11:35:24.0;
27;123765;2019-04-11 11:35:25.0;
27;123735;2019-04-11 11:35:30.0;
27;123755;2019-04-11 11:35:31.0;
27;123715;2019-04-11 11:35:33.0;
27;123725;2019-04-11 11:35:34.0;
27;123735;2019-04-11 11:35:38.0;
27;123715;2019-04-11 11:35:40.0;
27;123725;2019-04-11 11:35:41.0;
27;123735;2019-04-11 11:35:44.0;
27;123715;2019-04-11 11:35:49.0;
27;123725;2019-04-11 11:35:52.0;
27;123715;2019-04-11 11:35:54.0;
27;123725;2019-04-11 11:35:57.0;
27;123715;2019-04-11 11:36:00.0;
27;123745;2019-04-11 11:36:01.0;
27;123725;2019-04-11 11:36:03.0;
27;123705;2019-04-11 11:36:06.0;
27;123675;2019-04-11 11:36:10.0;
27;123745;2019-04-11 11:36:13.0;
27;123675;2019-04-11 11:36:16.0;
27;123745;2019-04-11 11:36:17.0;
27;123675;2019-04-11 11:36:19.0;
27;123705;2019-04-11 11:36:22.0;
27;123745;2019-04-11 11:36:23.0;
27;123705;2019-04-11 11:36:24.0;
27;123745;2019-04-11 11:36:26.0;
27;123705;2019-04-11 11:36:27.0;
27;123745;2019-04-11 11:36:30.0;
27;123675;2019-04-11 11:36:32.0;
27;123695;2019-04-11 11:36:34.0;
27;123705;2019-04-11 11:36:36.0;
27;123695;2019-04-11 11:36:37.0;
27;123685;2019-04-11 11:36:43.0;
27;123695;2019-04-11 11:36:44.0;
27;123685;2019-04-11 11:36:45.0;
27;123695;2019-04-11 11:36:47.0;
27;123685;2019-04-11 11:37:03.0;
27;123695;2019-04-11 11:37:05.0;
27;123735;2019-04-11 11:37:07.0;
27;123685;2019-04-11 11:37:08.0;
27;123735;2019-04-11 11:37:09.0;
27;123745;2019-04-11 11:37:13.0;
27;123735;2019-04-11 11:37:18.0;
27;123745;2019-04-11 11:37:28.0;
27;123735;2019-04-11 11:37:35.0;
27;123745;2019-04-11 11:37:36.0;
27;123735;2019-04-11 11:37:38.0;
27;123745;2019-04-11 11:37:40.0;
27;123775;2019-04-11 11:37:41.0;
27;123745;2019-04-11 11:37:43.0;
27;123765;2019-04-11 11:37:45.0;
27;123775;2019-04-11 11:37:50.0;
27;123765;2019-04-11 11:37:51.0;
27;123775;2019-04-11 11:37:57.0;
27;123765;2019-04-11 11:38:00.0;
27;123775;2019-04-11 11:38:03.0;
27;123765;2019-04-11 11:38:08.0;
27;123715;2019-04-11 11:38:13.0;
27;123765;2019-04-11 11:38:15.0;
27;123715;2019-04-11 11:38:16.0;
27;123705;2019-04-11 11:38:17.0;
27;123715;2019-04-11 11:38:22.0;
27;123705;2019-04-11 11:38:26.0;
27;123715;2019-04-11 11:38:33.0;
27;123705;2019-04-11 11:38:35.0;
27;123715;2019-04-11 11:38:41.0;
27;123705;2019-04-11 11:38:43.0;
27;123675;2019-04-11 11:38:47.0;
27;123705;2019-04-11 11:38:48.0;
27;123675;2019-04-11 11:38:50.0;
27;123655;2019-04-11 11:39:00.0;
27;123675;2019-04-11 11:39:01.0;
27;123655;2019-04-11 11:39:04.0;
27;123675;2019-04-11 11:39:05.0;
27;123655;2019-04-11 11:39:11.0;
27;123675;2019-04-11 11:39:12.0;
27;123655;2019-04-11 11:39:15.0;
27;123675;2019-04-11 11:39:18.0;
27;123645;2019-04-11 11:39:21.0;
27;123655;2019-04-11 11:39:24.0;
27;123635;2019-04-11 11:39:30.0;
27;123655;2019-04-11 11:39:33.0;
27;123645;2019-04-11 11:39:38.0;
27;123655;2019-04-11 11:39:39.0;
27;123635;2019-04-11 11:39:41.0;
27;123655;2019-04-11 11:39:42.0;
27;123645;2019-04-11 11:39:44.0;
27;123655;2019-04-11 11:39:45.0;
27;123635;2019-04-11 11:39:49.0;
27;123655;2019-04-11 11:39:51.0;
27;123635;2019-04-11 11:39:53.0;
27;123665;2019-04-11 11:39:55.0;
27;123675;2019-04-11 11:40:31.0;
27;123665;2019-04-11 11:40:32.0;
27;123705;2019-04-11 11:40:35.0;
27;123665;2019-04-11 11:40:38.0;
27;123705;2019-04-11 11:40:39.0;
27;123665;2019-04-11 11:40:41.0;
27;123675;2019-04-11 11:40:44.0;
27;123665;2019-04-11 11:40:45.0;
27;123675;2019-04-11 11:40:55.0;
27;123665;2019-04-11 11:40:56.0;
27;123695;2019-04-11 11:40:57.0;
27;123675;2019-04-11 11:40:59.0;
27;123705;2019-04-11 11:41:01.0;
27;123695;2019-04-11 11:41:02.0;
27;123705;2019-04-11 11:41:03.0;
27;123695;2019-04-11 11:41:06.0;
27;123685;2019-04-11 11:41:33.0;
27;123695;2019-04-11 11:41:35.0;
27;123685;2019-04-11 11:41:39.0;
27;123705;2019-04-11 11:41:40.0;
27;123685;2019-04-11 11:41:45.0;
27;123705;2019-04-11 11:41:49.0;
27;123685;2019-04-11 11:41:58.0;
27;123705;2019-04-11 11:42:00.0;
27;123695;2019-04-11 11:42:04.0;
27;123705;2019-04-11 11:42:07.0;
27;123695;2019-04-11 11:42:10.0;
27;123705;2019-04-11 11:42:16.0;
27;123695;2019-04-11 11:42:17.0;
27;123705;2019-04-11 11:42:25.0;
27;123695;2019-04-11 11:42:26.0;
27;123705;2019-04-11 11:42:27.0;
27;123695;2019-04-11 11:42:30.0;
27;123705;2019-04-11 11:42:35.0;
27;123695;2019-04-11 11:42:36.0;
27;123705;2019-04-11 11:42:38.0;
27;123715;2019-04-11 11:43:20.0;
27;123705;2019-04-11 11:43:23.0;
27;123715;2019-04-11 11:43:26.0;
27;123705;2019-04-11 11:43:27.0;
27;123715;2019-04-11 11:43:29.0;
27;123705;2019-04-11 11:43:34.0;
27;123715;2019-04-11 11:43:36.0;
27;123705;2019-04-11 11:43:37.0;
27;123715;2019-04-11 11:43:38.0;
27;123755;2019-04-11 11:43:41.0;
27;123715;2019-04-11 11:43:45.0;
27;123755;2019-04-11 11:43:49.0;
27;123765;2019-04-11 11:43:53.0;
27;123755;2019-04-11 11:43:54.0;
27;123765;2019-04-11 11:43:57.0;
27;123755;2019-04-11 11:43:59.0;
27;123765;2019-04-11 11:44:00.0;
27;123755;2019-04-11 11:44:01.0;
27;123765;2019-04-11 11:44:03.0;
27;123755;2019-04-11 11:44:04.0;
27;123765;2019-04-11 11:44:06.0;
27;123705;2019-04-11 11:44:13.0;
27;123765;2019-04-11 11:44:18.0;
27;123705;2019-04-11 11:44:19.0;
27;123765;2019-04-11 11:44:21.0;
27;123715;2019-04-11 11:44:25.0;
27;123765;2019-04-11 11:44:26.0;
27;123705;2019-04-11 11:44:29.0;
27;123735;2019-04-11 11:44:33.0;
27;123705;2019-04-11 11:44:36.0;
27;123715;2019-04-11 11:44:37.0;
27;123735;2019-04-11 11:44:42.0;
27;123705;2019-04-11 11:44:43.0;
27;123755;2019-04-11 11:44:44.0;
27;123735;2019-04-11 11:44:46.0;
27;123715;2019-04-11 11:44:47.0;
27;123735;2019-04-11 11:44:50.0;
27;123715;2019-04-11 11:44:51.0;
27;123755;2019-04-11 11:44:53.0;
27;123735;2019-04-11 11:44:55.0;
27;123755;2019-04-11 11:44:57.0;
27;123735;2019-04-11 11:44:59.0;
27;123755;2019-04-11 11:45:00.0;
27;123735;2019-04-11 11:45:02.0;
27;123755;2019-04-11 11:45:05.0;
27;123775;2019-04-11 11:45:16.0;
27;123755;2019-04-11 11:45:23.0;
27;123775;2019-04-11 11:45:26.0;
27;123755;2019-04-11 11:45:29.0;
27;123775;2019-04-11 11:45:31.0;
27;123755;2019-04-11 11:45:48.0;
27;123775;2019-04-11 11:45:57.0;
27;123755;2019-04-11 11:45:58.0;
27;123775;2019-04-11 11:45:59.0;
27;123755;2019-04-11 11:46:02.0;
27;123725;2019-04-11 11:46:22.0;
27;123755;2019-04-11 11:46:24.0;
27;123725;2019-04-11 11:46:28.0;
27;123735;2019-04-11 11:46:37.0;
27;123725;2019-04-11 11:46:38.0;
27;123735;2019-04-11 11:46:40.0;
27;123725;2019-04-11 11:46:42.0;
27;123735;2019-04-11 11:46:49.0;
27;123725;2019-04-11 11:46:52.0;
27;123745;2019-04-11 11:46:54.0;
27;123735;2019-04-11 11:46:58.0;
27;123745;2019-04-11 11:46:59.0;
27;123735;2019-04-11 11:47:01.0;
27;123745;2019-04-11 11:47:02.0;
27;123735;2019-04-11 11:47:03.0;
27;123745;2019-04-11 11:47:06.0;
27;123725;2019-04-11 11:47:09.0;
27;123715;2019-04-11 11:47:10.0;
27;123725;2019-04-11 11:47:16.0;
27;123715;2019-04-11 11:47:23.0;
27;123745;2019-04-11 11:47:24.0;
27;123715;2019-04-11 11:47:27.0;
27;123745;2019-04-11 11:47:32.0;
27;123715;2019-04-11 11:47:34.0;
27;123725;2019-04-11 11:47:35.0;
27;123715;2019-04-11 11:47:37.0;
27;123725;2019-04-11 11:47:38.0;
27;123715;2019-04-11 11:47:40.0;
27;123745;2019-04-11 11:47:41.0;
27;123735;2019-04-11 11:48:15.0;
27;123745;2019-04-11 11:48:16.0;
27;123735;2019-04-11 11:48:20.0;
27;123745;2019-04-11 11:48:22.0;
27;123725;2019-04-11 11:48:24.0;
27;123745;2019-04-11 11:48:25.0;
27;123725;2019-04-11 11:48:27.0;
27;123745;2019-04-11 11:48:29.0;
27;123735;2019-04-11 11:48:31.0;
27;123725;2019-04-11 11:48:32.0;
27;123735;2019-04-11 11:48:35.0;
27;123725;2019-04-11 11:48:42.0;
27;123735;2019-04-11 11:48:44.0;
27;123725;2019-04-11 11:48:45.0;
27;123735;2019-04-11 11:48:50.0;
27;123725;2019-04-11 11:48:55.0;
27;123735;2019-04-11 11:48:56.0;
27;123725;2019-04-11 11:48:57.0;
27;123735;2019-04-11 11:48:59.0;
27;123725;2019-04-11 11:49:00.0;
27;123735;2019-04-11 11:49:04.0;
27;123725;2019-04-11 11:49:06.0;
27;123735;2019-04-11 11:49:07.0;
27;123725;2019-04-11 11:49:10.0;
27;123745;2019-04-11 11:49:14.0;
27;123735;2019-04-11 11:49:16.0;
27;123745;2019-04-11 11:49:18.0;
27;123735;2019-04-11 11:49:20.0;
27;123745;2019-04-11 11:49:21.0;
27;123735;2019-04-11 11:49:24.0;
27;123745;2019-04-11 11:49:25.0;
27;123735;2019-04-11 11:49:35.0;
27;123745;2019-04-11 11:49:40.0;
27;123735;2019-04-11 11:49:41.0;
27;123745;2019-04-11 11:49:43.0;
27;123735;2019-04-11 11:49:45.0;
27;123745;2019-04-11 11:49:47.0;
27;123735;2019-04-11 11:49:48.0;
27;123745;2019-04-11 11:49:50.0;
27;123735;2019-04-11 11:49:51.0;
27;123745;2019-04-11 11:49:52.0;
27;123735;2019-04-11 11:49:55.0;
27;123745;2019-04-11 11:50:01.0;
27;123735;2019-04-11 11:50:02.0;
27;123745;2019-04-11 11:50:05.0;
27;123735;2019-04-11 11:50:07.0;
27;123745;2019-04-11 11:50:12.0;
27;123735;2019-04-11 11:50:13.0;
27;123755;2019-04-11 11:50:15.0;
27;123745;2019-04-11 11:50:18.0;
27;123735;2019-04-11 11:50:19.0;
27;123755;2019-04-11 11:50:21.0;
27;123745;2019-04-11 11:50:25.0;
27;123755;2019-04-11 11:50:28.0;
27;123735;2019-04-11 11:50:31.0;
27;123745;2019-04-11 11:50:33.0;
27;123755;2019-04-11 11:50:34.0;
27;123745;2019-04-11 11:50:36.0;
27;123755;2019-04-11 11:50:37.0;
27;123745;2019-04-11 11:50:39.0;
27;123755;2019-04-11 11:50:41.0;
27;123745;2019-04-11 11:50:42.0;
27;123755;2019-04-11 11:50:44.0;
27;123745;2019-04-11 11:50:45.0;
27;123765;2019-04-11 11:50:49.0;
27;123745;2019-04-11 11:50:51.0;
27;123765;2019-04-11 11:50:54.0;
27;123745;2019-04-11 11:50:56.0;
27;123765;2019-04-11 11:50:57.0;
27;123745;2019-04-11 11:51:00.0;
27;123765;2019-04-11 11:51:01.0;
27;123745;2019-04-11 11:51:07.0;
27;123765;2019-04-11 11:51:08.0;
27;123755;2019-04-11 11:51:19.0;
27;123765;2019-04-11 11:51:24.0;
27;123755;2019-04-11 11:51:26.0;
27;123765;2019-04-11 11:51:28.0;
27;123755;2019-04-11 11:51:33.0;
27;123765;2019-04-11 11:51:35.0;
27;123755;2019-04-11 11:51:37.0;
27;123765;2019-04-11 11:51:38.0;
27;123755;2019-04-11 11:51:41.0;
27;123765;2019-04-11 11:51:42.0;
27;123755;2019-04-11 11:51:45.0;
27;123765;2019-04-11 11:51:46.0;
27;123775;2019-04-11 11:51:49.0;
27;123755;2019-04-11 11:51:51.0;
27;123765;2019-04-11 11:51:53.0;
27;123755;2019-04-11 11:51:55.0;
27;123775;2019-04-11 11:51:57.0;
27;123765;2019-04-11 11:51:58.0;
27;123755;2019-04-11 11:51:59.0;
27;123735;2019-04-11 11:52:26.0;
27;123745;2019-04-11 11:52:27.0;
27;123735;2019-04-11 11:52:30.0;
27;123745;2019-04-11 11:52:32.0;
27;123735;2019-04-11 11:52:33.0;
27;123745;2019-04-11 11:52:35.0;
27;123735;2019-04-11 11:52:39.0;
27;123745;2019-04-11 11:52:42.0;
27;123735;2019-04-11 11:52:46.0;
27;123745;2019-04-11 11:52:47.0;
27;123735;2019-04-11 11:52:49.0;
27;123745;2019-04-11 11:52:51.0;
27;123735;2019-04-11 11:52:53.0;
27;123745;2019-04-11 11:52:56.0;
27;123715;2019-04-11 11:52:57.0;
27;123745;2019-04-11 11:53:02.0;
27;123715;2019-04-11 11:53:04.0;
27;123725;2019-04-11 11:53:12.0;
27;123715;2019-04-11 11:53:13.0;
27;123725;2019-04-11 11:53:15.0;
27;123715;2019-04-11 11:53:17.0;
27;123725;2019-04-11 11:53:20.0;
27;123715;2019-04-11 11:53:22.0;
27;123725;2019-04-11 11:53:25.0;
27;123715;2019-04-11 11:53:28.0;
27;123725;2019-04-11 11:53:29.0;
27;123715;2019-04-11 11:53:31.0;
27;123725;2019-04-11 11:53:32.0;
27;123715;2019-04-11 11:53:35.0;
27;123725;2019-04-11 11:53:36.0;
27;123715;2019-04-11 11:53:38.0;
27;123725;2019-04-11 11:53:40.0;
27;123715;2019-04-11 11:53:42.0;
27;123735;2019-04-11 11:53:45.0;
27;123715;2019-04-11 11:53:47.0;
27;123725;2019-04-11 11:53:54.0;
27;123715;2019-04-11 11:53:56.0;
27;123725;2019-04-11 11:53:57.0;
27;123715;2019-04-11 11:53:59.0;
27;123735;2019-04-11 11:54:01.0;
27;123715;2019-04-11 11:54:08.0;
27;123735;2019-04-11 11:54:10.0;
27;123715;2019-04-11 11:54:13.0;
27;123735;2019-04-11 11:54:14.0;
27;123715;2019-04-11 11:54:18.0;
27;123735;2019-04-11 11:54:20.0;
27;123715;2019-04-11 11:54:23.0;
27;123735;2019-04-11 11:54:24.0;
27;123715;2019-04-11 11:54:28.0;
27;123735;2019-04-11 11:54:30.0;
27;123715;2019-04-11 11:54:33.0;
27;123795;2019-04-11 11:54:35.0;
27;123715;2019-04-11 11:54:38.0;
27;123785;2019-04-11 11:54:40.0;
27;123735;2019-04-11 11:54:41.0;
27;123785;2019-04-11 11:54:44.0;
27;123735;2019-04-11 11:54:46.0;
27;123785;2019-04-11 11:54:47.0;
27;123795;2019-04-11 11:55:04.0;
27;123785;2019-04-11 11:55:05.0;
27;123765;2019-04-11 11:55:11.0;
27;123755;2019-04-11 11:55:47.0;
27;123765;2019-04-11 11:55:53.0;
27;123755;2019-04-11 11:55:58.0;
27;123765;2019-04-11 11:55:59.0;
27;123755;2019-04-11 11:56:04.0;
27;123765;2019-04-11 11:56:06.0;
27;123755;2019-04-11 11:56:10.0;
27;123765;2019-04-11 11:56:12.0;
27;123755;2019-04-11 11:56:13.0;
27;123765;2019-04-11 11:56:18.0;
27;123705;2019-04-11 11:56:19.0;
27;123765;2019-04-11 11:56:20.0;
27;123705;2019-04-11 11:56:22.0;
27;123765;2019-04-11 11:56:23.0;
27;123735;2019-04-11 11:56:27.0;
27;123765;2019-04-11 11:56:29.0;
27;123735;2019-04-11 11:56:31.0;
27;123765;2019-04-11 11:56:33.0;
27;123745;2019-04-11 11:56:34.0;
27;123735;2019-04-11 11:56:36.0;
27;123705;2019-04-11 11:56:38.0;
27;123745;2019-04-11 11:56:41.0;
27;123705;2019-04-11 11:56:42.0;
27;123745;2019-04-11 11:56:45.0;
27;123735;2019-04-11 11:56:48.0;
27;123705;2019-04-11 11:56:49.0;
27;123735;2019-04-11 11:56:50.0;
27;123745;2019-04-11 11:56:52.0;
27;123735;2019-04-11 11:56:56.0;
27;123745;2019-04-11 11:56:58.0;
27;123735;2019-04-11 11:57:34.0;
27;123745;2019-04-11 11:57:36.0;
27;123735;2019-04-11 11:57:37.0;
27;123745;2019-04-11 11:57:40.0;
27;123735;2019-04-11 11:57:41.0;
27;123745;2019-04-11 11:57:46.0;
27;123735;2019-04-11 11:57:47.0;
27;123745;2019-04-11 11:57:51.0;
27;123735;2019-04-11 11:57:53.0;
27;123705;2019-04-11 11:57:56.0;
27;123735;2019-04-11 11:57:59.0;
27;123705;2019-04-11 11:58:00.0;
27;123735;2019-04-11 11:58:01.0;
27;123705;2019-04-11 11:58:05.0;
27;123735;2019-04-11 11:58:08.0;
27;123705;2019-04-11 11:58:11.0;
27;123715;2019-04-11 11:58:12.0;
27;123705;2019-04-11 11:58:26.0;
27;123715;2019-04-11 11:58:28.0;
27;123725;2019-04-11 11:58:35.0;
27;123715;2019-04-11 11:58:38.0;
27;123725;2019-04-11 11:58:39.0;
27;123715;2019-04-11 11:58:42.0;
27;123725;2019-04-11 11:58:43.0;
27;123695;2019-04-11 11:58:48.0;
27;123725;2019-04-11 11:58:50.0;
27;123695;2019-04-11 11:58:52.0;
27;123725;2019-04-11 11:58:53.0;
27;123695;2019-04-11 11:58:54.0;
27;123725;2019-04-11 11:58:56.0;
27;123695;2019-04-11 11:58:57.0;
27;123725;2019-04-11 11:58:59.0;
27;123695;2019-04-11 11:59:04.0;
27;123725;2019-04-11 11:59:10.0;
27;123695;2019-04-11 11:59:11.0;
27;123715;2019-04-11 11:59:14.0;
27;123735;2019-04-11 11:59:46.0;
27;123725;2019-04-11 11:59:52.0;
27;123735;2019-04-11 11:59:55.0;
27;123725;2019-04-11 12:00:00.0;
27;123735;2019-04-11 12:00:02.0;
27;123725;2019-04-11 12:00:04.0;
27;123735;2019-04-11 12:00:06.0;
27;123725;2019-04-11 12:00:17.0;
27;123745;2019-04-11 12:00:20.0;
27;123725;2019-04-11 12:00:52.0;
27;123755;2019-04-11 12:01:29.0;
27;123745;2019-04-11 12:01:31.0;
27;123755;2019-04-11 12:01:39.0;
27;123745;2019-04-11 12:01:41.0;
27;123755;2019-04-11 12:01:48.0;
27;123745;2019-04-11 12:01:52.0;
27;123755;2019-04-11 12:01:54.0;
27;123745;2019-04-11 12:01:55.0;
27;123755;2019-04-11 12:01:56.0;
27;123745;2019-04-11 12:02:01.0;
27;123735;2019-04-11 12:02:02.0;
27;123725;2019-04-11 12:02:13.0;
27;123735;2019-04-11 12:02:16.0;
27;123725;2019-04-11 12:02:18.0;
27;123735;2019-04-11 12:02:19.0;
27;123725;2019-04-11 12:02:29.0;
27;123735;2019-04-11 12:02:30.0;
27;123725;2019-04-11 12:02:32.0;
27;123715;2019-04-11 12:02:41.0;
27;123725;2019-04-11 12:02:42.0;
27;123715;2019-04-11 12:02:47.0;
27;123725;2019-04-11 12:02:49.0;
27;123715;2019-04-11 12:02:55.0;
27;123725;2019-04-11 12:02:56.0;
27;123715;2019-04-11 12:02:58.0;
27;123725;2019-04-11 12:03:01.0;
27;123715;2019-04-11 12:03:04.0;
27;123725;2019-04-11 12:03:07.0;
27;123715;2019-04-11 12:03:08.0;
27;123725;2019-04-11 12:03:10.0;
27;123745;2019-04-11 12:03:13.0;
27;123725;2019-04-11 12:03:15.0;
27;123745;2019-04-11 12:03:19.0;
27;123725;2019-04-11 12:03:21.0;
27;123745;2019-04-11 12:03:25.0;
27;123725;2019-04-11 12:03:28.0;
27;123745;2019-04-11 12:03:29.0;
27;123725;2019-04-11 12:03:32.0;
27;123745;2019-04-11 12:03:34.0;
27;123725;2019-04-11 12:03:35.0;
27;123745;2019-04-11 12:03:41.0;
27;123725;2019-04-11 12:03:44.0;
27;123735;2019-04-11 12:03:52.0;
27;123705;2019-04-11 12:04:26.0;
27;123735;2019-04-11 12:04:32.0;
27;123725;2019-04-11 12:04:34.0;
27;123705;2019-04-11 12:04:38.0;
27;123725;2019-04-11 12:04:41.0;
27;123705;2019-04-11 12:04:42.0;
27;123725;2019-04-11 12:04:45.0;
27;123705;2019-04-11 12:04:46.0;
27;123725;2019-04-11 12:04:48.0;
27;123705;2019-04-11 12:04:49.0;
27;123725;2019-04-11 12:04:54.0;
27;123705;2019-04-11 12:04:55.0;
27;123725;2019-04-11 12:04:56.0;
27;123705;2019-04-11 12:04:58.0;
27;123715;2019-04-11 12:04:59.0;
27;123735;2019-04-11 12:05:01.0;
27;123715;2019-04-11 12:05:09.0;
27;123735;2019-04-11 12:05:15.0;
27;123715;2019-04-11 12:05:18.0;
27;123735;2019-04-11 12:05:27.0;
27;123715;2019-04-11 12:05:28.0;
27;123695;2019-04-11 12:05:31.0;
27;123705;2019-04-11 12:05:33.0;
27;123695;2019-04-11 12:05:37.0;
27;123705;2019-04-11 12:05:38.0;
27;123685;2019-04-11 12:05:40.0;
27;123705;2019-04-11 12:05:44.0;
27;123685;2019-04-11 12:05:46.0;
27;123705;2019-04-11 12:05:47.0;
27;123685;2019-04-11 12:05:50.0;
27;123695;2019-04-11 12:05:51.0;
27;123705;2019-04-11 12:05:53.0;
27;123685;2019-04-11 12:05:54.0;
27;123695;2019-04-11 12:05:56.0;
27;123685;2019-04-11 12:05:57.0;
27;123695;2019-04-11 12:05:58.0;
27;123705;2019-04-11 12:06:00.0;
27;123685;2019-04-11 12:06:01.0;
27;123715;2019-04-11 12:06:03.0;
27;123685;2019-04-11 12:06:04.0;
27;123715;2019-04-11 12:06:07.0;
27;123735;2019-04-11 12:06:15.0;
27;123715;2019-04-11 12:06:17.0;
27;123735;2019-04-11 12:06:21.0;
27;123715;2019-04-11 12:06:24.0;
27;123735;2019-04-11 12:06:25.0;
27;123715;2019-04-11 12:06:27.0;
27;123735;2019-04-11 12:06:31.0;
27;123715;2019-04-11 12:06:33.0;
27;123735;2019-04-11 12:06:34.0;
27;123715;2019-04-11 12:06:36.0;
27;123605;2019-04-11 12:06:37.0;
27;123735;2019-04-11 12:06:41.0;
27;123605;2019-04-11 12:06:43.0;
27;123735;2019-04-11 12:06:45.0;
27;123605;2019-04-11 12:06:46.0;
27;123625;2019-04-11 12:06:47.0;
27;123605;2019-04-11 12:06:50.0;
27;123625;2019-04-11 12:06:52.0;
27;123605;2019-04-11 12:06:53.0;
27;123625;2019-04-11 12:06:54.0;
27;123605;2019-04-11 12:06:56.0;
27;123645;2019-04-11 12:07:08.0;
27;123625;2019-04-11 12:07:10.0;
27;123645;2019-04-11 12:07:11.0;
27;123625;2019-04-11 12:07:12.0;
27;123645;2019-04-11 12:07:15.0;
27;123625;2019-04-11 12:07:19.0;
27;123645;2019-04-11 12:07:21.0;
27;123635;2019-04-11 12:07:22.0;
27;123645;2019-04-11 12:07:24.0;
27;123625;2019-04-11 12:07:27.0;
27;123635;2019-04-11 12:07:28.0;
27;123625;2019-04-11 12:07:29.0;
27;123635;2019-04-11 12:07:34.0;
27;123625;2019-04-11 12:07:35.0;
27;123635;2019-04-11 12:07:36.0;
27;123625;2019-04-11 12:07:38.0;
27;123645;2019-04-11 12:07:39.0;
27;123635;2019-04-11 12:07:41.0;
27;123645;2019-04-11 12:07:48.0;
27;123655;2019-04-11 12:07:55.0;
27;123645;2019-04-11 12:07:58.0;
27;123655;2019-04-11 12:07:59.0;
27;123645;2019-04-11 12:08:01.0;
27;123655;2019-04-11 12:08:02.0;
27;123645;2019-04-11 12:08:08.0;
27;123655;2019-04-11 12:08:11.0;
27;123675;2019-04-11 12:08:14.0;
27;123655;2019-04-11 12:08:15.0;
27;123675;2019-04-11 12:08:22.0;
27;123665;2019-04-11 12:08:26.0;
27;123655;2019-04-11 12:08:27.0;
27;123675;2019-04-11 12:08:29.0;
27;123665;2019-04-11 12:08:31.0;
27;123675;2019-04-11 12:08:32.0;
27;123665;2019-04-11 12:08:33.0;
27;123655;2019-04-11 12:08:35.0;
27;123675;2019-04-11 12:08:38.0;
27;123665;2019-04-11 12:08:39.0;
27;123675;2019-04-11 12:08:42.0;
27;123655;2019-04-11 12:08:43.0;
27;123715;2019-04-11 12:08:46.0;
27;123665;2019-04-11 12:08:48.0;
27;123715;2019-04-11 12:08:49.0;
27;123655;2019-04-11 12:08:52.0;
27;123715;2019-04-11 12:08:53.0;
27;123665;2019-04-11 12:08:55.0;
27;123655;2019-04-11 12:08:56.0;
27;123705;2019-04-11 12:08:57.0;
27;123685;2019-04-11 12:08:59.0;
27;123715;2019-04-11 12:09:00.0;
27;123705;2019-04-11 12:09:02.0;
27;123715;2019-04-11 12:09:05.0;
27;123705;2019-04-11 12:09:06.0;
27;123715;2019-04-11 12:09:07.0;
27;123685;2019-04-11 12:09:09.0;
27;123715;2019-04-11 12:09:10.0;
27;123705;2019-04-11 12:09:11.0;
27;123715;2019-04-11 12:09:15.0;
27;123705;2019-04-11 12:09:17.0;
27;123685;2019-04-11 12:09:18.0;
27;123705;2019-04-11 12:09:21.0;
27;123685;2019-04-11 12:09:22.0;
27;123705;2019-04-11 12:09:27.0;
27;123685;2019-04-11 12:09:28.0;
27;123755;2019-04-11 12:09:31.0;
27;123685;2019-04-11 12:09:33.0;
27;123725;2019-04-11 12:09:40.0;
27;123755;2019-04-11 12:09:43.0;
27;123725;2019-04-11 12:09:45.0;
27;123685;2019-04-11 12:09:46.0;
27;123725;2019-04-11 12:09:49.0;
27;123755;2019-04-11 12:09:51.0;
27;123725;2019-04-11 12:09:52.0;
27;123755;2019-04-11 12:09:59.0;
27;123725;2019-04-11 12:10:00.0;
27;123695;2019-04-11 12:10:18.0;
27;123725;2019-04-11 12:10:19.0;
27;123695;2019-04-11 12:10:21.0;
27;123725;2019-04-11 12:10:24.0;
27;123695;2019-04-11 12:10:27.0;
27;123725;2019-04-11 12:10:31.0;
27;123695;2019-04-11 12:10:32.0;
27;123705;2019-04-11 12:10:34.0;
27;123695;2019-04-11 12:10:35.0;
27;123705;2019-04-11 12:10:36.0;
27;123695;2019-04-11 12:10:39.0;
27;123705;2019-04-11 12:10:45.0;
27;123695;2019-04-11 12:10:47.0;
27;123705;2019-04-11 12:10:51.0;
27;123695;2019-04-11 12:10:52.0;
27;123705;2019-04-11 12:10:54.0;
27;123695;2019-04-11 12:10:55.0;
27;123705;2019-04-11 12:10:56.0;
27;123715;2019-04-11 12:11:01.0;
27;123705;2019-04-11 12:11:04.0;
27;123725;2019-04-11 12:11:05.0;
27;123705;2019-04-11 12:11:07.0;
27;123725;2019-04-11 12:11:08.0;
27;123715;2019-04-11 12:11:09.0;
27;123705;2019-04-11 12:11:11.0;
27;123715;2019-04-11 12:11:13.0;
27;123725;2019-04-11 12:11:15.0;
27;123705;2019-04-11 12:11:18.0;
27;123725;2019-04-11 12:11:19.0;
27;123705;2019-04-11 12:11:21.0;
27;123715;2019-04-11 12:11:22.0;
27;123745;2019-04-11 12:11:25.0;
27;123725;2019-04-11 12:11:30.0;
27;123745;2019-04-11 12:11:31.0;
27;123705;2019-04-11 12:11:34.0;
27;123725;2019-04-11 12:11:35.0;
27;123705;2019-04-11 12:11:37.0;
27;123715;2019-04-11 12:11:41.0;
27;123745;2019-04-11 12:11:43.0;
27;123715;2019-04-11 12:11:44.0;
27;123745;2019-04-11 12:11:45.0;
27;123705;2019-04-11 12:11:47.0;
27;123715;2019-04-11 12:11:48.0;
27;123745;2019-04-11 12:11:50.0;
27;123715;2019-04-11 12:11:51.0;
27;123745;2019-04-11 12:11:55.0;
27;123705;2019-04-11 12:11:57.0;
27;123665;2019-04-11 12:11:59.0;
27;123715;2019-04-11 12:12:01.0;
27;123665;2019-04-11 12:12:03.0;
27;123715;2019-04-11 12:12:04.0;
27;123645;2019-04-11 12:12:05.0;
27;123715;2019-04-11 12:12:07.0;
27;123645;2019-04-11 12:12:11.0;
27;123635;2019-04-11 12:12:13.0;
27;123645;2019-04-11 12:12:15.0;
27;123665;2019-04-11 12:12:17.0;
27;123645;2019-04-11 12:12:18.0;
27;123635;2019-04-11 12:12:20.0;
27;123665;2019-04-11 12:12:21.0;
27;123645;2019-04-11 12:12:22.0;
27;123635;2019-04-11 12:12:24.0;
27;123665;2019-04-11 12:12:27.0;
27;123645;2019-04-11 12:12:29.0;
27;123655;2019-04-11 12:12:31.0;
27;123645;2019-04-11 12:12:32.0;
27;123635;2019-04-11 12:12:34.0;
27;123655;2019-04-11 12:12:35.0;
27;123645;2019-04-11 12:12:37.0;
27;123655;2019-04-11 12:12:40.0;
27;123635;2019-04-11 12:12:42.0;
27;123665;2019-04-11 12:12:44.0;
27;123655;2019-04-11 12:12:48.0;
27;123665;2019-04-11 12:12:52.0;
27;123655;2019-04-11 12:12:53.0;
27;123645;2019-04-11 12:12:55.0;
27;123655;2019-04-11 12:12:56.0;
27;123645;2019-04-11 12:13:01.0;
27;123665;2019-04-11 12:13:02.0;
27;123645;2019-04-11 12:13:06.0;
27;123635;2019-04-11 12:13:07.0;
27;123665;2019-04-11 12:13:09.0;
27;123635;2019-04-11 12:13:12.0;
27;123625;2019-04-11 12:13:15.0;
27;123635;2019-04-11 12:13:16.0;
27;123625;2019-04-11 12:13:18.0;
27;123635;2019-04-11 12:13:22.0;
27;123625;2019-04-11 12:13:23.0;
27;123635;2019-04-11 12:13:26.0;
27;123625;2019-04-11 12:13:27.0;
27;123635;2019-04-11 12:13:30.0;
27;123625;2019-04-11 12:13:32.0;
27;123595;2019-04-11 12:13:35.0;
27;123625;2019-04-11 12:13:36.0;
27;123595;2019-04-11 12:13:37.0;
27;123625;2019-04-11 12:13:40.0;
27;123615;2019-04-11 12:13:45.0;
27;123625;2019-04-11 12:13:47.0;
27;123615;2019-04-11 12:13:50.0;
27;123595;2019-04-11 12:13:51.0;
27;123615;2019-04-11 12:13:53.0;
27;123595;2019-04-11 12:13:55.0;
27;123615;2019-04-11 12:13:57.0;
27;123595;2019-04-11 12:14:04.0;
27;123615;2019-04-11 12:14:06.0;
27;123575;2019-04-11 12:14:07.0;
27;123615;2019-04-11 12:14:10.0;
27;123575;2019-04-11 12:14:12.0;
27;123615;2019-04-11 12:14:14.0;
27;123575;2019-04-11 12:14:18.0;
27;123545;2019-04-11 12:14:22.0;
27;123575;2019-04-11 12:14:35.0;
27;123545;2019-04-11 12:14:36.0;
27;123515;2019-04-11 12:14:42.0;
27;123545;2019-04-11 12:14:43.0;
27;123515;2019-04-11 12:14:45.0;
27;123545;2019-04-11 12:14:46.0;
27;123515;2019-04-11 12:14:49.0;
27;123545;2019-04-11 12:14:50.0;
27;123535;2019-04-11 12:14:53.0;
27;123525;2019-04-11 12:14:55.0;
27;123515;2019-04-11 12:14:56.0;
27;123525;2019-04-11 12:14:57.0;
27;123515;2019-04-11 12:15:02.0;
27;123525;2019-04-11 12:15:03.0;
27;123535;2019-04-11 12:15:05.0;
27;123525;2019-04-11 12:15:06.0;
27;123535;2019-04-11 12:15:10.0;
27;123515;2019-04-11 12:15:12.0;
27;123535;2019-04-11 12:15:13.0;
27;123525;2019-04-11 12:15:16.0;
27;123535;2019-04-11 12:15:17.0;
27;123525;2019-04-11 12:15:20.0;
27;123535;2019-04-11 12:15:22.0;
27;123545;2019-04-11 12:15:24.0;
27;123535;2019-04-11 12:15:26.0;
27;123545;2019-04-11 12:15:27.0;
27;123535;2019-04-11 12:15:33.0;
27;123545;2019-04-11 12:15:34.0;
27;123535;2019-04-11 12:15:41.0;
27;123545;2019-04-11 12:15:42.0;
27;123535;2019-04-11 12:15:44.0;
27;123545;2019-04-11 12:15:45.0;
27;123535;2019-04-11 12:15:55.0;
27;123565;2019-04-11 12:16:26.0;
27;123535;2019-04-11 12:16:27.0;
27;123565;2019-04-11 12:16:29.0;
27;123535;2019-04-11 12:16:37.0;
27;123565;2019-04-11 12:16:39.0;
27;123535;2019-04-11 12:16:40.0;
27;123565;2019-04-11 12:16:42.0;
27;123535;2019-04-11 12:16:43.0;
27;123565;2019-04-11 12:16:44.0;
27;123535;2019-04-11 12:16:47.0;
27;123565;2019-04-11 12:16:48.0;
27;123535;2019-04-11 12:16:49.0;
27;123565;2019-04-11 12:16:52.0;
27;123545;2019-04-11 12:16:59.0;
27;123535;2019-04-11 12:17:01.0;
27;123545;2019-04-11 12:17:02.0;
27;123535;2019-04-11 12:17:05.0;
27;123545;2019-04-11 12:17:06.0;
27;123535;2019-04-11 12:17:34.0;
27;123525;2019-04-11 12:17:35.0;
27;123545;2019-04-11 12:17:38.0;
27;123525;2019-04-11 12:17:39.0;
27;123535;2019-04-11 12:17:41.0;
27;123525;2019-04-11 12:17:46.0;
27;123535;2019-04-11 12:17:51.0;
27;123525;2019-04-11 12:17:52.0;
27;123535;2019-04-11 12:17:55.0;
27;123525;2019-04-11 12:18:03.0;
27;123495;2019-04-11 12:18:05.0;
27;123395;2019-04-11 12:18:09.0;
27;123365;2019-04-11 12:18:12.0;
27;123395;2019-04-11 12:18:13.0;
27;123495;2019-04-11 12:18:14.0;
27;123395;2019-04-11 12:18:17.0;
27;123365;2019-04-11 12:18:20.0;
27;123495;2019-04-11 12:18:21.0;
27;123365;2019-04-11 12:18:24.0;
27;123395;2019-04-11 12:18:26.0;
27;123495;2019-04-11 12:18:29.0;
27;123365;2019-04-11 12:18:32.0;
27;123395;2019-04-11 12:18:36.0;
27;123365;2019-04-11 12:18:37.0;
27;123445;2019-04-11 12:18:39.0;
27;123365;2019-04-11 12:18:41.0;
27;123445;2019-04-11 12:18:42.0;
27;123435;2019-04-11 12:18:44.0;
27;123445;2019-04-11 12:18:45.0;
27;123435;2019-04-11 12:18:48.0;
27;123445;2019-04-11 12:18:51.0;
27;123435;2019-04-11 12:19:00.0;
27;123445;2019-04-11 12:19:02.0;
27;123435;2019-04-11 12:19:06.0;
27;123445;2019-04-11 12:19:07.0;
27;123425;2019-04-11 12:19:10.0;
27;123435;2019-04-11 12:19:13.0;
27;123415;2019-04-11 12:19:15.0;
27;123425;2019-04-11 12:19:16.0;
27;123415;2019-04-11 12:19:17.0;
27;123425;2019-04-11 12:19:20.0;
27;123415;2019-04-11 12:19:23.0;
27;123425;2019-04-11 12:19:27.0;
27;123415;2019-04-11 12:19:28.0;
27;123425;2019-04-11 12:19:31.0;
27;123415;2019-04-11 12:19:32.0;
27;123425;2019-04-11 12:19:34.0;
27;123415;2019-04-11 12:19:40.0;
27;123455;2019-04-11 12:19:41.0;
27;123465;2019-04-11 12:20:14.0;
27;123455;2019-04-11 12:20:15.0;
27;123465;2019-04-11 12:20:16.0;
27;123455;2019-04-11 12:20:20.0;
27;123475;2019-04-11 12:20:22.0;
27;123465;2019-04-11 12:20:23.0;
27;123485;2019-04-11 12:20:25.0;
27;123465;2019-04-11 12:20:32.0;
27;123485;2019-04-11 12:20:33.0;
27;123465;2019-04-11 12:20:35.0;
27;123485;2019-04-11 12:20:39.0;
27;123475;2019-04-11 12:20:40.0;
27;123485;2019-04-11 12:20:43.0;
27;123475;2019-04-11 12:20:47.0;
27;123525;2019-04-11 12:20:49.0;
27;123485;2019-04-11 12:20:50.0;
27;123515;2019-04-11 12:20:55.0;
27;123525;2019-04-11 12:20:56.0;
27;123515;2019-04-11 12:21:00.0;
27;123525;2019-04-11 12:21:02.0;
27;123515;2019-04-11 12:21:06.0;
27;123525;2019-04-11 12:21:08.0;
27;123515;2019-04-11 12:21:10.0;
27;123525;2019-04-11 12:21:12.0;
27;123515;2019-04-11 12:21:13.0;
27;123525;2019-04-11 12:21:16.0;
27;123515;2019-04-11 12:21:18.0;
27;123525;2019-04-11 12:21:19.0;
27;123535;2019-04-11 12:23:06.0;
27;123525;2019-04-11 12:23:08.0;
27;123535;2019-04-11 12:23:14.0;
27;123525;2019-04-11 12:23:22.0;
27;123535;2019-04-11 12:23:26.0;
27;123525;2019-04-11 12:24:12.0;
27;123505;2019-04-11 12:24:15.0;
27;123525;2019-04-11 12:24:16.0;
27;123505;2019-04-11 12:24:19.0;
27;123525;2019-04-11 12:24:22.0;
27;123505;2019-04-11 12:24:27.0;
27;123515;2019-04-11 12:24:30.0;
27;123505;2019-04-11 12:24:31.0;
27;123515;2019-04-11 12:24:34.0;
27;123525;2019-04-11 12:24:35.0;
27;123515;2019-04-11 12:24:37.0;
27;123505;2019-04-11 12:24:41.0;
27;123515;2019-04-11 12:24:42.0;
27;123505;2019-04-11 12:24:44.0;
27;123525;2019-04-11 12:24:46.0;
27;123515;2019-04-11 12:24:51.0;
27;123525;2019-04-11 12:24:53.0;
27;123515;2019-04-11 12:24:55.0;
27;123525;2019-04-11 12:24:57.0;
27;123515;2019-04-11 12:24:59.0;
27;123525;2019-04-11 12:25:01.0;
27;123535;2019-04-11 12:25:02.0;
27;123525;2019-04-11 12:25:10.0;
27;123535;2019-04-11 12:25:18.0;
27;123515;2019-04-11 12:25:20.0;
27;123535;2019-04-11 12:25:22.0;
27;123515;2019-04-11 12:25:23.0;
27;123535;2019-04-11 12:25:24.0;
27;123515;2019-04-11 12:25:26.0;
27;123535;2019-04-11 12:25:28.0;
27;123515;2019-04-11 12:25:31.0;
27;123535;2019-04-11 12:25:32.0;
27;123515;2019-04-11 12:25:33.0;
27;123505;2019-04-11 12:26:09.0;
27;123515;2019-04-11 12:26:11.0;
27;123505;2019-04-11 12:26:12.0;
27;123515;2019-04-11 12:26:14.0;
27;123505;2019-04-11 12:26:15.0;
27;123515;2019-04-11 12:26:18.0;
27;123505;2019-04-11 12:26:21.0;
27;123515;2019-04-11 12:26:23.0;
27;123505;2019-04-11 12:26:24.0;
27;123515;2019-04-11 12:26:26.0;
27;123505;2019-04-11 12:26:28.0;
27;123515;2019-04-11 12:26:30.0;
27;123555;2019-04-11 12:26:32.0;
27;123505;2019-04-11 12:26:35.0;
27;123555;2019-04-11 12:26:36.0;
27;123565;2019-04-11 12:26:42.0;
27;123555;2019-04-11 12:26:52.0;
27;123565;2019-04-11 12:26:55.0;
27;123515;2019-04-11 12:27:37.0;
27;123565;2019-04-11 12:27:43.0;
27;123485;2019-04-11 12:27:45.0;
27;123515;2019-04-11 12:27:46.0;
27;123485;2019-04-11 12:27:48.0;
27;123515;2019-04-11 12:27:51.0;
27;123485;2019-04-11 12:27:54.0;
27;123515;2019-04-11 12:27:55.0;
27;123485;2019-04-11 12:27:58.0;
27;123515;2019-04-11 12:28:00.0;
27;123485;2019-04-11 12:28:08.0;
27;123505;2019-04-11 12:28:11.0;
27;123485;2019-04-11 12:28:12.0;
27;123515;2019-04-11 12:28:14.0;
27;123495;2019-04-11 12:28:17.0;
27;123505;2019-04-11 12:28:18.0;
27;123495;2019-04-11 12:28:21.0;
27;123505;2019-04-11 12:28:22.0;
27;123495;2019-04-11 12:28:25.0;
27;123505;2019-04-11 12:28:28.0;
27;123495;2019-04-11 12:28:29.0;
27;123505;2019-04-11 12:28:32.0;
27;123495;2019-04-11 12:28:35.0;
27;123505;2019-04-11 12:28:37.0;
27;123495;2019-04-11 12:28:39.0;
27;123505;2019-04-11 12:28:45.0;
27;123495;2019-04-11 12:28:47.0;
27;123505;2019-04-11 12:28:48.0;
27;123495;2019-04-11 12:28:50.0;
27;123505;2019-04-11 12:28:52.0;
27;123495;2019-04-11 12:28:54.0;
27;123505;2019-04-11 12:29:01.0;
27;123495;2019-04-11 12:29:02.0;
27;123515;2019-04-11 12:29:05.0;
27;123495;2019-04-11 12:29:07.0;
27;123515;2019-04-11 12:29:12.0;
27;123495;2019-04-11 12:29:15.0;
27;123525;2019-04-11 12:29:17.0;
27;123495;2019-04-11 12:29:22.0;
27;123525;2019-04-11 12:29:24.0;
27;123495;2019-04-11 12:29:25.0;
27;123525;2019-04-11 12:29:26.0;
27;123515;2019-04-11 12:29:32.0;
27;123525;2019-04-11 12:29:33.0;
27;123495;2019-04-11 12:29:35.0;
27;123525;2019-04-11 12:29:36.0;
27;123495;2019-04-11 12:29:38.0;
27;123525;2019-04-11 12:29:39.0;
27;123495;2019-04-11 12:29:42.0;
27;123525;2019-04-11 12:29:43.0;
27;123535;2019-04-11 12:29:52.0;
27;123525;2019-04-11 12:29:55.0;
27;123535;2019-04-11 12:30:03.0;
27;123525;2019-04-11 12:30:04.0;
27;123535;2019-04-11 12:30:05.0;
27;123515;2019-04-11 12:30:13.0;
27;123535;2019-04-11 12:30:18.0;
27;123515;2019-04-11 12:30:21.0;
27;123495;2019-04-11 12:30:25.0;
27;123515;2019-04-11 12:30:28.0;
27;123505;2019-04-11 12:30:29.0;
27;123495;2019-04-11 12:30:31.0;
27;123515;2019-04-11 12:30:35.0;
27;123495;2019-04-11 12:30:37.0;
27;123505;2019-04-11 12:30:39.0;
27;123515;2019-04-11 12:30:41.0;
27;123505;2019-04-11 12:30:42.0;
27;123495;2019-04-11 12:30:44.0;
27;123505;2019-04-11 12:30:46.0;
27;123535;2019-04-11 12:30:50.0;
27;123505;2019-04-11 12:30:52.0;
27;123535;2019-04-11 12:30:53.0;
27;123495;2019-04-11 12:30:55.0;
27;123535;2019-04-11 12:30:56.0;
27;123505;2019-04-11 12:30:59.0;
27;123535;2019-04-11 12:31:00.0;
27;123525;2019-04-11 12:31:22.0;
27;123535;2019-04-11 12:31:25.0;
27;123525;2019-04-11 12:31:29.0;
27;123535;2019-04-11 12:31:30.0;
27;123525;2019-04-11 12:31:32.0;
27;123485;2019-04-11 12:31:39.0;
27;123525;2019-04-11 12:31:40.0;
27;123485;2019-04-11 12:31:41.0;
27;123525;2019-04-11 12:31:43.0;
27;123485;2019-04-11 12:31:50.0;
27;123525;2019-04-11 12:31:51.0;
27;123485;2019-04-11 12:31:56.0;
27;123525;2019-04-11 12:31:57.0;
27;123485;2019-04-11 12:31:58.0;
27;123445;2019-04-11 12:32:08.0;
27;123485;2019-04-11 12:32:13.0;
27;123445;2019-04-11 12:32:16.0;
27;123485;2019-04-11 12:32:18.0;
27;123445;2019-04-11 12:32:23.0;
27;123485;2019-04-11 12:32:26.0;
27;123445;2019-04-11 12:32:27.0;
27;123485;2019-04-11 12:32:31.0;
27;123445;2019-04-11 12:32:32.0;
27;123485;2019-04-11 12:32:34.0;
27;123445;2019-04-11 12:32:35.0;
27;123485;2019-04-11 12:32:36.0;
27;123435;2019-04-11 12:33:04.0;
27;123485;2019-04-11 12:33:05.0;
27;123435;2019-04-11 12:33:07.0;
27;123485;2019-04-11 12:33:08.0;
27;123435;2019-04-11 12:33:10.0;
27;123485;2019-04-11 12:33:11.0;
27;123435;2019-04-11 12:33:13.0;
27;123425;2019-04-11 12:33:49.0;
27;123415;2019-04-11 12:33:51.0;
27;123425;2019-04-11 12:33:52.0;
27;123415;2019-04-11 12:33:53.0;
27;123435;2019-04-11 12:33:55.0;
27;123415;2019-04-11 12:33:59.0;
27;123425;2019-04-11 12:34:00.0;
27;123415;2019-04-11 12:34:03.0;
27;123425;2019-04-11 12:34:05.0;
27;123415;2019-04-11 12:34:07.0;
27;123425;2019-04-11 12:34:10.0;
27;123415;2019-04-11 12:34:11.0;
27;123425;2019-04-11 12:34:26.0;
27;123415;2019-04-11 12:34:27.0;
27;123425;2019-04-11 12:34:31.0;
27;123415;2019-04-11 12:34:36.0;
27;123425;2019-04-11 12:34:41.0;
27;123415;2019-04-11 12:34:49.0;
27;123445;2019-04-11 12:34:51.0;
27;123425;2019-04-11 12:34:52.0;
27;123435;2019-04-11 12:34:58.0;
27;123425;2019-04-11 12:34:59.0;
27;123435;2019-04-11 12:35:01.0;
27;123425;2019-04-11 12:35:02.0;
27;123435;2019-04-11 12:35:04.0;
27;123395;2019-04-11 12:35:13.0;
27;123435;2019-04-11 12:35:15.0;
27;123395;2019-04-11 12:35:16.0;
27;123445;2019-04-11 12:35:18.0;
27;123435;2019-04-11 12:35:19.0;
27;123445;2019-04-11 12:35:21.0;
27;123395;2019-04-11 12:35:22.0;
27;123385;2019-04-11 12:35:23.0;
27;123395;2019-04-11 12:35:27.0;
27;123385;2019-04-11 12:35:36.0;
27;123395;2019-04-11 12:35:39.0;
27;123385;2019-04-11 12:35:40.0;
27;123395;2019-04-11 12:35:42.0;
27;123385;2019-04-11 12:35:43.0;
27;123395;2019-04-11 12:35:52.0;
27;123385;2019-04-11 12:35:54.0;
27;123395;2019-04-11 12:35:58.0;
27;123385;2019-04-11 12:36:00.0;
27;123355;2019-04-11 12:36:02.0;
27;123335;2019-04-11 12:36:03.0;
27;123355;2019-04-11 12:36:06.0;
27;123385;2019-04-11 12:36:08.0;
27;123355;2019-04-11 12:36:10.0;
27;123385;2019-04-11 12:36:12.0;
27;123355;2019-04-11 12:36:15.0;
27;123335;2019-04-11 12:36:17.0;
27;123325;2019-04-11 12:36:18.0;
27;123335;2019-04-11 12:36:19.0;
27;123355;2019-04-11 12:36:21.0;
27;123325;2019-04-11 12:36:24.0;
27;123335;2019-04-11 12:36:25.0;
27;123325;2019-04-11 12:36:26.0;
27;123335;2019-04-11 12:36:28.0;
27;123325;2019-04-11 12:36:30.0;
27;123345;2019-04-11 12:36:49.0;
27;123325;2019-04-11 12:36:50.0;
27;123345;2019-04-11 12:36:52.0;
27;123325;2019-04-11 12:36:53.0;
27;123345;2019-04-11 12:37:00.0;
27;123325;2019-04-11 12:37:01.0;
27;123365;2019-04-11 12:37:03.0;
27;123345;2019-04-11 12:37:04.0;
27;123325;2019-04-11 12:37:07.0;
27;123355;2019-04-11 12:37:10.0;
27;123345;2019-04-11 12:37:11.0;
27;123365;2019-04-11 12:37:14.0;
27;123355;2019-04-11 12:37:15.0;
27;123345;2019-04-11 12:37:18.0;
27;123375;2019-04-11 12:37:21.0;
27;123355;2019-04-11 12:37:24.0;
27;123365;2019-04-11 12:37:27.0;
27;123355;2019-04-11 12:37:32.0;
27;123365;2019-04-11 12:37:35.0;
27;123355;2019-04-11 12:37:36.0;
27;123365;2019-04-11 12:37:38.0;
27;123355;2019-04-11 12:37:40.0;
27;123365;2019-04-11 12:37:42.0;
27;123375;2019-04-11 12:37:49.0;
27;123365;2019-04-11 12:37:53.0;
27;123375;2019-04-11 12:37:54.0;
27;123365;2019-04-11 12:37:57.0;
27;123375;2019-04-11 12:38:00.0;
27;123345;2019-04-11 12:38:06.0;
27;123375;2019-04-11 12:38:07.0;
27;123345;2019-04-11 12:38:14.0;
27;123375;2019-04-11 12:38:17.0;
27;123355;2019-04-11 12:38:19.0;
27;123375;2019-04-11 12:38:21.0;
27;123355;2019-04-11 12:38:24.0;
27;123345;2019-04-11 12:38:28.0;
27;123355;2019-04-11 12:38:29.0;
27;123345;2019-04-11 12:38:33.0;
27;123355;2019-04-11 12:38:35.0;
27;123375;2019-04-11 12:38:40.0;
27;123355;2019-04-11 12:38:42.0;
27;123375;2019-04-11 12:38:43.0;
27;123355;2019-04-11 12:38:45.0;
27;123375;2019-04-11 12:38:46.0;
27;123355;2019-04-11 12:38:48.0;
27;123375;2019-04-11 12:38:49.0;
27;123355;2019-04-11 12:38:53.0;
27;123375;2019-04-11 12:38:54.0;
27;123395;2019-04-11 12:39:00.0;
27;123375;2019-04-11 12:39:03.0;
27;123395;2019-04-11 12:39:04.0;
27;123375;2019-04-11 12:39:05.0;
27;123395;2019-04-11 12:39:08.0;
27;123375;2019-04-11 12:39:13.0;
27;123395;2019-04-11 12:39:14.0;
27;123375;2019-04-11 12:39:15.0;
27;123395;2019-04-11 12:39:18.0;
27;123415;2019-04-11 12:39:20.0;
27;123395;2019-04-11 12:39:24.0;
27;123415;2019-04-11 12:39:28.0;
27;123395;2019-04-11 12:39:30.0;
27;123415;2019-04-11 12:39:31.0;
27;123405;2019-04-11 12:40:39.0;
27;123415;2019-04-11 12:40:44.0;
27;123405;2019-04-11 12:40:50.0;
27;123415;2019-04-11 12:40:53.0;
27;123405;2019-04-11 12:40:54.0;
27;123415;2019-04-11 12:40:58.0;
27;123395;2019-04-11 12:40:59.0;
27;123405;2019-04-11 12:41:05.0;
27;123415;2019-04-11 12:41:07.0;
27;123395;2019-04-11 12:41:09.0;
27;123425;2019-04-11 12:41:11.0;
27;123395;2019-04-11 12:41:12.0;
27;123425;2019-04-11 12:41:14.0;
27;123395;2019-04-11 12:41:15.0;
27;123425;2019-04-11 12:41:18.0;
27;123415;2019-04-11 12:41:19.0;
27;123395;2019-04-11 12:41:21.0;
27;123425;2019-04-11 12:41:22.0;
27;123415;2019-04-11 12:41:26.0;
27;123395;2019-04-11 12:41:27.0;
27;123425;2019-04-11 12:41:29.0;
27;123405;2019-04-11 12:41:30.0;
27;123415;2019-04-11 12:41:33.0;
27;123405;2019-04-11 12:41:34.0;
27;123415;2019-04-11 12:41:36.0;
27;123405;2019-04-11 12:41:37.0;
27;123425;2019-04-11 12:41:39.0;
27;123405;2019-04-11 12:41:40.0;
27;123435;2019-04-11 12:41:43.0;
27;123405;2019-04-11 12:41:47.0;
27;123435;2019-04-11 12:41:48.0;
27;123405;2019-04-11 12:41:51.0;
27;123435;2019-04-11 12:41:52.0;
27;123405;2019-04-11 12:41:54.0;
27;123435;2019-04-11 12:41:55.0;
27;123405;2019-04-11 12:41:59.0;
27;123435;2019-04-11 12:42:01.0;
27;123455;2019-04-11 12:42:16.0;
27;123445;2019-04-11 12:42:18.0;
27;123435;2019-04-11 12:42:20.0;
27;123445;2019-04-11 12:42:23.0;
27;123435;2019-04-11 12:42:24.0;
27;123445;2019-04-11 12:42:26.0;
27;123455;2019-04-11 12:42:29.0;
27;123485;2019-04-11 12:42:32.0;
27;123445;2019-04-11 12:42:33.0;
27;123455;2019-04-11 12:42:36.0;
27;123485;2019-04-11 12:42:37.0;
27;123445;2019-04-11 12:42:39.0;
27;123485;2019-04-11 12:42:46.0;
27;123475;2019-04-11 12:42:50.0;
27;123485;2019-04-11 12:42:52.0;
27;123475;2019-04-11 12:42:54.0;
27;123485;2019-04-11 12:42:56.0;
27;123475;2019-04-11 12:42:59.0;
27;123485;2019-04-11 12:43:05.0;
27;123475;2019-04-11 12:43:09.0;
27;123485;2019-04-11 12:43:13.0;
27;123475;2019-04-11 12:43:20.0;
27;123495;2019-04-11 12:43:22.0;
27;123485;2019-04-11 12:43:24.0;
27;123495;2019-04-11 12:43:26.0;
27;123485;2019-04-11 12:43:30.0;
27;123495;2019-04-11 12:43:38.0;
27;123505;2019-04-11 12:43:40.0;
27;123495;2019-04-11 12:43:41.0;
27;123505;2019-04-11 12:43:42.0;
27;123495;2019-04-11 12:43:44.0;
27;123505;2019-04-11 12:43:49.0;
27;123495;2019-04-11 12:43:51.0;
27;123505;2019-04-11 12:43:52.0;
27;123515;2019-04-11 12:43:55.0;
27;123505;2019-04-11 12:44:05.0;
27;123515;2019-04-11 12:44:08.0;
27;123505;2019-04-11 12:44:12.0;
27;123515;2019-04-11 12:44:13.0;
27;123505;2019-04-11 12:44:18.0;
27;123515;2019-04-11 12:44:22.0;
27;123505;2019-04-11 12:44:25.0;
27;123515;2019-04-11 12:44:26.0;
27;123505;2019-04-11 12:44:27.0;
27;123535;2019-04-11 12:44:44.0;
27;123505;2019-04-11 12:44:45.0;
27;123545;2019-04-11 12:44:48.0;
27;123535;2019-04-11 12:44:49.0;
27;123545;2019-04-11 12:44:50.0;
27;123535;2019-04-11 12:44:52.0;
27;123545;2019-04-11 12:44:53.0;
27;123535;2019-04-11 12:45:00.0;
27;123545;2019-04-11 12:45:06.0;
27;123515;2019-04-11 12:45:08.0;
27;123545;2019-04-11 12:45:12.0;
27;123515;2019-04-11 12:45:18.0;
27;123545;2019-04-11 12:45:19.0;
27;123515;2019-04-11 12:45:27.0;
27;123545;2019-04-11 12:45:28.0;
27;123515;2019-04-11 12:45:29.0;
27;123545;2019-04-11 12:45:30.0;
27;123555;2019-04-11 12:45:35.0;
27;123545;2019-04-11 12:45:36.0;
27;123555;2019-04-11 12:45:37.0;
27;123545;2019-04-11 12:45:39.0;
27;123555;2019-04-11 12:45:42.0;
27;123545;2019-04-11 12:45:46.0;
27;123555;2019-04-11 12:45:48.0;
27;123565;2019-04-11 12:45:49.0;
27;123555;2019-04-11 12:45:55.0;
27;123565;2019-04-11 12:45:58.0;
27;123555;2019-04-11 12:45:59.0;
27;123565;2019-04-11 12:46:09.0;
27;123545;2019-04-11 12:46:14.0;
27;123555;2019-04-11 12:46:15.0;
27;123545;2019-04-11 12:46:17.0;
27;123565;2019-04-11 12:46:18.0;
27;123545;2019-04-11 12:46:20.0;
27;123555;2019-04-11 12:46:21.0;
27;123545;2019-04-11 12:46:22.0;
27;123555;2019-04-11 12:46:24.0;
27;123545;2019-04-11 12:46:25.0;
27;123555;2019-04-11 12:46:26.0;
27;123545;2019-04-11 12:46:31.0;
27;123555;2019-04-11 12:46:38.0;
27;123545;2019-04-11 12:46:41.0;
27;123555;2019-04-11 12:46:42.0;
27;123545;2019-04-11 12:46:44.0;
27;123555;2019-04-11 12:46:45.0;
27;123575;2019-04-11 12:46:48.0;
27;123555;2019-04-11 12:46:50.0;
27;123575;2019-04-11 12:46:54.0;
27;123555;2019-04-11 12:46:56.0;
27;123585;2019-04-11 12:46:57.0;
27;123575;2019-04-11 12:47:12.0;
27;123585;2019-04-11 12:47:13.0;
27;123595;2019-04-11 12:47:20.0;
27;123585;2019-04-11 12:47:21.0;
27;123595;2019-04-11 12:47:30.0;
27;123615;2019-04-11 12:47:33.0;
27;123595;2019-04-11 12:47:34.0;
27;123615;2019-04-11 12:47:37.0;
27;123635;2019-04-11 12:47:38.0;
27;123595;2019-04-11 12:47:41.0;
27;123635;2019-04-11 12:47:43.0;
27;123595;2019-04-11 12:47:44.0;
27;123635;2019-04-11 12:47:45.0;
27;123595;2019-04-11 12:47:47.0;
27;123615;2019-04-11 12:47:50.0;
27;123645;2019-04-11 12:47:53.0;
27;123635;2019-04-11 12:47:56.0;
27;123645;2019-04-11 12:47:57.0;
27;123615;2019-04-11 12:47:58.0;
27;123645;2019-04-11 12:48:00.0;
27;123635;2019-04-11 12:48:02.0;
27;123645;2019-04-11 12:48:05.0;
27;123665;2019-04-11 12:48:07.0;
27;123675;2019-04-11 12:48:12.0;
27;123645;2019-04-11 12:48:14.0;
27;123665;2019-04-11 12:48:18.0;
27;123675;2019-04-11 12:48:19.0;
27;123645;2019-04-11 12:48:21.0;
27;123665;2019-04-11 12:48:24.0;
27;123675;2019-04-11 12:48:27.0;
27;123695;2019-04-11 12:48:30.0;
27;123665;2019-04-11 12:48:31.0;
27;123695;2019-04-11 12:48:32.0;
27;123675;2019-04-11 12:48:34.0;
27;123695;2019-04-11 12:48:37.0;
27;123715;2019-04-11 12:48:38.0;
27;123695;2019-04-11 12:48:42.0;
27;123715;2019-04-11 12:48:46.0;
27;123695;2019-04-11 12:48:50.0;
27;123715;2019-04-11 12:48:51.0;
27;123695;2019-04-11 12:48:54.0;
27;123715;2019-04-11 12:48:57.0;
27;123695;2019-04-11 12:49:00.0;
27;123715;2019-04-11 12:49:01.0;
27;123725;2019-04-11 12:49:06.0;
27;123715;2019-04-11 12:49:07.0;
27;123725;2019-04-11 12:49:08.0;
27;123715;2019-04-11 12:49:10.0;
27;123735;2019-04-11 12:49:12.0;
27;123725;2019-04-11 12:49:13.0;
27;123735;2019-04-11 12:49:14.0;
27;123715;2019-04-11 12:49:16.0;
27;123735;2019-04-11 12:49:19.0;
27;123715;2019-04-11 12:49:21.0;
27;123735;2019-04-11 12:49:23.0;
27;123715;2019-04-11 12:49:24.0;
27;123725;2019-04-11 12:49:27.0;
27;123715;2019-04-11 12:49:29.0;
27;123725;2019-04-11 12:49:30.0;
27;123735;2019-04-11 12:49:33.0;
27;123715;2019-04-11 12:49:37.0;
27;123705;2019-04-11 12:49:39.0;
27;123735;2019-04-11 12:49:42.0;
27;123705;2019-04-11 12:49:43.0;
27;123715;2019-04-11 12:49:45.0;
27;123705;2019-04-11 12:49:46.0;
27;123725;2019-04-11 12:50:11.0;
27;123705;2019-04-11 12:50:14.0;
27;123725;2019-04-11 12:50:15.0;
27;123735;2019-04-11 12:50:21.0;
27;123745;2019-04-11 12:50:25.0;
27;123735;2019-04-11 12:50:26.0;
27;123745;2019-04-11 12:50:28.0;
27;123725;2019-04-11 12:50:30.0;
27;123735;2019-04-11 12:50:32.0;
27;123725;2019-04-11 12:50:36.0;
27;123735;2019-04-11 12:50:38.0;
27;123745;2019-04-11 12:50:39.0;
27;123725;2019-04-11 12:50:41.0;
27;123745;2019-04-11 12:50:46.0;
27;123735;2019-04-11 12:50:48.0;
27;123725;2019-04-11 12:50:49.0;
27;123745;2019-04-11 12:50:51.0;
27;123725;2019-04-11 12:50:52.0;
27;123745;2019-04-11 12:50:55.0;
27;123735;2019-04-11 12:50:57.0;
27;123725;2019-04-11 12:50:58.0;
27;123735;2019-04-11 12:50:59.0;
27;123725;2019-04-11 12:51:09.0;
27;123735;2019-04-11 12:51:12.0;
27;123705;2019-04-11 12:51:17.0;
27;123735;2019-04-11 12:51:18.0;
27;123705;2019-04-11 12:51:19.0;
27;123735;2019-04-11 12:51:21.0;
27;123705;2019-04-11 12:51:28.0;
27;123695;2019-04-11 12:51:31.0;
27;123705;2019-04-11 12:51:32.0;
27;123695;2019-04-11 12:51:34.0;
27;123705;2019-04-11 12:51:35.0;
27;123695;2019-04-11 12:51:36.0;
27;123705;2019-04-11 12:51:41.0;
27;123695;2019-04-11 12:51:42.0;
27;123705;2019-04-11 12:51:45.0;
27;123695;2019-04-11 12:51:47.0;
27;123675;2019-04-11 12:51:51.0;
27;123695;2019-04-11 12:51:56.0;
27;123675;2019-04-11 12:51:59.0;
27;123695;2019-04-11 12:52:02.0;
27;123675;2019-04-11 12:52:04.0;
27;123645;2019-04-11 12:52:26.0;
27;123675;2019-04-11 12:52:28.0;
27;123645;2019-04-11 12:52:38.0;
27;123635;2019-04-11 12:53:10.0;
27;123655;2019-04-11 12:53:46.0;
27;123645;2019-04-11 12:54:18.0;
27;123675;2019-04-11 12:54:52.0;
27;123645;2019-04-11 12:54:53.0;
27;123675;2019-04-11 12:54:59.0;
27;123645;2019-04-11 12:55:00.0;
27;123675;2019-04-11 12:55:01.0;
27;123645;2019-04-11 12:55:04.0;
27;123675;2019-04-11 12:55:11.0;
27;123645;2019-04-11 12:55:12.0;
27;123675;2019-04-11 12:55:16.0;
27;123645;2019-04-11 12:55:20.0;
27;123625;2019-04-11 12:55:23.0;
27;123645;2019-04-11 12:55:29.0;
27;123635;2019-04-11 12:55:31.0;
27;123625;2019-04-11 12:55:32.0;
27;123635;2019-04-11 12:55:39.0;
27;123625;2019-04-11 12:55:40.0;
27;123635;2019-04-11 12:55:42.0;
27;123625;2019-04-11 12:55:43.0;
27;123635;2019-04-11 12:55:44.0;
27;123625;2019-04-11 12:55:46.0;
27;123635;2019-04-11 12:55:48.0;
27;123625;2019-04-11 12:55:52.0;
27;123595;2019-04-11 12:55:56.0;
27;123635;2019-04-11 12:55:57.0;
27;123595;2019-04-11 12:55:59.0;
27;123565;2019-04-11 12:56:27.0;
27;123595;2019-04-11 12:56:29.0;
27;123555;2019-04-11 12:56:36.0;
27;123575;2019-04-11 12:56:42.0;
27;123555;2019-04-11 12:56:46.0;
27;123565;2019-04-11 12:56:50.0;
27;123555;2019-04-11 12:56:52.0;
27;123565;2019-04-11 12:56:53.0;
27;123575;2019-04-11 12:56:56.0;
27;123555;2019-04-11 12:56:59.0;
27;123595;2019-04-11 12:57:01.0;
27;123575;2019-04-11 12:57:02.0;
27;123595;2019-04-11 12:57:05.0;
27;123575;2019-04-11 12:57:09.0;
27;123595;2019-04-11 12:57:10.0;
27;123605;2019-04-11 12:57:19.0;
27;123595;2019-04-11 12:57:21.0;
27;123605;2019-04-11 12:57:22.0;
27;123595;2019-04-11 12:57:25.0;
27;123605;2019-04-11 12:57:26.0;
27;123595;2019-04-11 12:57:28.0;
27;123605;2019-04-11 12:57:32.0;
27;123615;2019-04-11 12:57:33.0;
27;123595;2019-04-11 12:57:35.0;
27;123615;2019-04-11 12:57:36.0;
27;123605;2019-04-11 12:57:42.0;
27;123615;2019-04-11 12:57:43.0;
27;123605;2019-04-11 12:57:46.0;
27;123615;2019-04-11 12:57:49.0;
27;123665;2019-04-11 12:58:04.0;
27;123615;2019-04-11 12:58:05.0;
27;123665;2019-04-11 12:58:09.0;
27;123655;2019-04-11 12:58:10.0;
27;123615;2019-04-11 12:58:12.0;
27;123665;2019-04-11 12:58:13.0;
27;123615;2019-04-11 12:58:14.0;
27;123665;2019-04-11 12:58:16.0;
27;123655;2019-04-11 12:58:17.0;
27;123665;2019-04-11 12:58:20.0;
27;123615;2019-04-11 12:58:21.0;
27;123655;2019-04-11 12:58:23.0;
27;123665;2019-04-11 12:58:27.0;
27;123655;2019-04-11 12:58:28.0;
27;123665;2019-04-11 12:58:31.0;
27;123655;2019-04-11 12:58:32.0;
27;123635;2019-04-11 12:58:36.0;
27;123655;2019-04-11 12:58:38.0;
27;123635;2019-04-11 12:58:41.0;
27;123655;2019-04-11 12:58:42.0;
27;123635;2019-04-11 12:58:45.0;
27;123655;2019-04-11 12:58:46.0;
27;123635;2019-04-11 12:58:49.0;
27;123655;2019-04-11 12:58:52.0;
27;123635;2019-04-11 12:58:53.0;
27;123615;2019-04-11 12:59:10.0;
27;123635;2019-04-11 12:59:13.0;
27;123625;2019-04-11 12:59:21.0;
27;123635;2019-04-11 12:59:22.0;
27;123615;2019-04-11 12:59:30.0;
27;123625;2019-04-11 12:59:37.0;
27;123595;2019-04-11 12:59:42.0;
27;123625;2019-04-11 12:59:43.0;
27;123595;2019-04-11 12:59:48.0;
27;123625;2019-04-11 12:59:49.0;
27;123595;2019-04-11 12:59:52.0;
27;123625;2019-04-11 12:59:53.0;
27;123585;2019-04-11 12:59:54.0;
27;123595;2019-04-11 12:59:56.0;
27;123625;2019-04-11 12:59:57.0;
27;123595;2019-04-11 12:59:59.0;
27;123585;2019-04-11 13:00:00.0;
27;123595;2019-04-11 13:00:01.0;
27;123625;2019-04-11 13:00:03.0;
27;123595;2019-04-11 13:00:04.0;
27;123625;2019-04-11 13:00:05.0;
27;123585;2019-04-11 13:00:08.0;
27;123595;2019-04-11 13:05:12.0;
27;123585;2019-04-11 13:05:13.0;
27;123595;2019-04-11 13:05:21.0;
27;123585;2019-04-11 13:05:22.0;
27;123625;2019-04-11 13:05:26.0;
27;123595;2019-04-11 13:05:28.0;
27;123585;2019-04-11 13:05:29.0;
27;123625;2019-04-11 13:05:31.0;
27;123595;2019-04-11 13:05:32.0;
27;123625;2019-04-11 13:05:33.0;
27;123595;2019-04-11 13:05:36.0;
27;123585;2019-04-11 13:05:42.0;
27;123615;2019-04-11 13:05:43.0;
27;123585;2019-04-11 13:05:46.0;
27;123625;2019-04-11 13:05:48.0;
27;123615;2019-04-11 13:05:50.0;
27;123625;2019-04-11 13:05:52.0;
27;123615;2019-04-11 13:05:53.0;
27;123585;2019-04-11 13:05:54.0;
27;123595;2019-04-11 13:05:56.0;
27;123585;2019-04-11 13:05:57.0;
27;123615;2019-04-11 13:05:59.0;
27;123595;2019-04-11 13:06:00.0;
27;123585;2019-04-11 13:06:03.0;
27;123615;2019-04-11 13:06:05.0;
27;123585;2019-04-11 13:06:07.0;
27;123615;2019-04-11 13:06:08.0;
27;123605;2019-04-11 13:06:10.0;
27;123595;2019-04-11 13:06:11.0;
27;123615;2019-04-11 13:06:13.0;
27;123595;2019-04-11 13:06:14.0;
27;123605;2019-04-11 13:06:17.0;
27;123595;2019-04-11 13:06:18.0;
27;123605;2019-04-11 13:06:19.0;
27;123595;2019-04-11 13:06:21.0;
27;123605;2019-04-11 13:06:23.0;
27;123585;2019-04-11 13:06:37.0;
27;123605;2019-04-11 13:06:38.0;
27;123585;2019-04-11 13:06:39.0;
27;123605;2019-04-11 13:06:45.0;
27;123595;2019-04-11 13:06:47.0;
27;123585;2019-04-11 13:06:48.0;
27;123595;2019-04-11 13:06:50.0;
27;123585;2019-04-11 13:06:53.0;
27;123595;2019-04-11 13:06:57.0;
27;123585;2019-04-11 13:07:00.0;
27;123595;2019-04-11 13:07:06.0;
27;123585;2019-04-11 13:07:07.0;
27;123655;2019-04-11 13:07:10.0;
27;123585;2019-04-11 13:07:11.0;
27;123595;2019-04-11 13:07:13.0;
27;123655;2019-04-11 13:07:16.0;
27;123595;2019-04-11 13:07:17.0;
27;123655;2019-04-11 13:07:18.0;
27;123625;2019-04-11 13:07:20.0;
27;123615;2019-04-11 13:07:21.0;
27;123655;2019-04-11 13:07:23.0;
27;123615;2019-04-11 13:07:24.0;
27;123655;2019-04-11 13:07:25.0;
27;123615;2019-04-11 13:07:31.0;
27;123625;2019-04-11 13:07:34.0;
27;123615;2019-04-11 13:07:35.0;
27;123625;2019-04-11 13:07:36.0;
27;123655;2019-04-11 13:07:39.0;
27;123625;2019-04-11 13:07:41.0;
27;123615;2019-04-11 13:07:42.0;
27;123625;2019-04-11 13:07:46.0;
27;123615;2019-04-11 13:07:49.0;
27;123625;2019-04-11 13:07:53.0;
27;123615;2019-04-11 13:07:55.0;
27;123625;2019-04-11 13:07:56.0;
27;123615;2019-04-11 13:07:58.0;
27;123625;2019-04-11 13:08:02.0;
27;123615;2019-04-11 13:08:04.0;
27;123625;2019-04-11 13:08:06.0;
27;123615;2019-04-11 13:08:08.0;
27;123625;2019-04-11 13:08:15.0;
27;123615;2019-04-11 13:08:19.0;
27;123625;2019-04-11 13:08:22.0;
27;123645;2019-04-11 13:08:24.0;
27;123625;2019-04-11 13:08:28.0;
27;123645;2019-04-11 13:08:30.0;
27;123625;2019-04-11 13:08:32.0;
27;123645;2019-04-11 13:08:35.0;
27;123625;2019-04-11 13:08:38.0;
27;123645;2019-04-11 13:08:42.0;
27;123625;2019-04-11 13:08:44.0;
27;123645;2019-04-11 13:08:45.0;
27;123625;2019-04-11 13:08:47.0;
27;123635;2019-04-11 13:08:48.0;
27;123625;2019-04-11 13:08:51.0;
27;123605;2019-04-11 13:08:55.0;
27;123635;2019-04-11 13:08:57.0;
27;123605;2019-04-11 13:08:58.0;
27;123595;2019-04-11 13:08:59.0;
27;123635;2019-04-11 13:09:02.0;
27;123595;2019-04-11 13:09:05.0;
27;123605;2019-04-11 13:09:06.0;
27;123635;2019-04-11 13:09:09.0;
27;123605;2019-04-11 13:09:10.0;
27;123635;2019-04-11 13:09:13.0;
27;123595;2019-04-11 13:09:14.0;
27;123635;2019-04-11 13:09:16.0;
27;123605;2019-04-11 13:09:19.0;
27;123595;2019-04-11 13:09:23.0;
27;123605;2019-04-11 13:09:24.0;
27;123595;2019-04-11 13:09:25.0;
27;123605;2019-04-11 13:09:28.0;
27;123585;2019-04-11 13:09:31.0;
27;123605;2019-04-11 13:09:32.0;
27;123585;2019-04-11 13:09:37.0;
27;123605;2019-04-11 13:09:38.0;
27;123585;2019-04-11 13:09:41.0;
27;123605;2019-04-11 13:09:42.0;
27;123585;2019-04-11 13:09:44.0;
27;123605;2019-04-11 13:09:45.0;
27;123585;2019-04-11 13:09:48.0;
27;123605;2019-04-11 13:09:52.0;
27;123595;2019-04-11 13:09:54.0;
27;123585;2019-04-11 13:09:55.0;
27;123595;2019-04-11 13:09:58.0;
27;123605;2019-04-11 13:09:59.0;
27;123585;2019-04-11 13:10:01.0;
27;123595;2019-04-11 13:10:03.0;
27;123615;2019-04-11 13:10:04.0;
27;123595;2019-04-11 13:10:07.0;
27;123615;2019-04-11 13:10:08.0;
27;123595;2019-04-11 13:10:13.0;
27;123615;2019-04-11 13:10:17.0;
27;123595;2019-04-11 13:10:20.0;
27;123615;2019-04-11 13:10:21.0;
27;123555;2019-04-11 13:10:25.0;
27;123615;2019-04-11 13:10:26.0;
27;123555;2019-04-11 13:10:28.0;
27;123615;2019-04-11 13:10:29.0;
27;123555;2019-04-11 13:10:31.0;
27;123615;2019-04-11 13:10:33.0;
27;123555;2019-04-11 13:10:35.0;
27;123575;2019-04-11 13:10:42.0;
27;123555;2019-04-11 13:10:44.0;
27;123575;2019-04-11 13:10:45.0;
27;123555;2019-04-11 13:10:51.0;
27;123575;2019-04-11 13:10:53.0;
27;123555;2019-04-11 13:10:54.0;
27;123575;2019-04-11 13:10:55.0;
27;123545;2019-04-11 13:10:57.0;
27;123575;2019-04-11 13:10:58.0;
27;123545;2019-04-11 13:11:01.0;
27;123555;2019-04-11 13:11:04.0;
27;123575;2019-04-11 13:11:05.0;
27;123545;2019-04-11 13:11:07.0;
27;123575;2019-04-11 13:11:10.0;
27;123535;2019-04-11 13:11:11.0;
27;123545;2019-04-11 13:11:12.0;
27;123555;2019-04-11 13:11:14.0;
27;123545;2019-04-11 13:11:15.0;
27;123555;2019-04-11 13:11:19.0;
27;123535;2019-04-11 13:11:21.0;
27;123545;2019-04-11 13:11:22.0;
27;123555;2019-04-11 13:11:24.0;
27;123545;2019-04-11 13:11:27.0;
27;123555;2019-04-11 13:11:28.0;
27;123535;2019-04-11 13:11:31.0;
27;123555;2019-04-11 13:11:32.0;
27;123505;2019-04-11 13:11:39.0;
27;123555;2019-04-11 13:11:41.0;
27;123495;2019-04-11 13:11:45.0;
27;123505;2019-04-11 13:11:46.0;
27;123555;2019-04-11 13:11:49.0;
27;123505;2019-04-11 13:11:53.0;
27;123495;2019-04-11 13:11:55.0;
27;123555;2019-04-11 13:11:56.0;
27;123505;2019-04-11 13:11:58.0;
27;123495;2019-04-11 13:11:59.0;
27;123505;2019-04-11 13:12:01.0;
27;123495;2019-04-11 13:12:02.0;
27;123445;2019-04-11 13:12:04.0;
27;123495;2019-04-11 13:12:05.0;
27;123445;2019-04-11 13:12:06.0;
27;123505;2019-04-11 13:12:08.0;
27;123495;2019-04-11 13:12:09.0;
27;123455;2019-04-11 13:12:10.0;
27;123445;2019-04-11 13:12:12.0;
27;123455;2019-04-11 13:12:13.0;
27;123435;2019-04-11 13:12:16.0;
27;123445;2019-04-11 13:12:18.0;
27;123455;2019-04-11 13:12:19.0;
27;123445;2019-04-11 13:12:22.0;
27;123435;2019-04-11 13:12:23.0;
27;123445;2019-04-11 13:12:25.0;
27;123435;2019-04-11 13:12:27.0;
27;123455;2019-04-11 13:12:30.0;
27;123445;2019-04-11 13:12:33.0;
27;123435;2019-04-11 13:12:35.0;
27;123455;2019-04-11 13:12:38.0;
27;123415;2019-04-11 13:12:39.0;
27;123435;2019-04-11 13:12:41.0;
27;123425;2019-04-11 13:12:42.0;
27;123435;2019-04-11 13:12:45.0;
27;123415;2019-04-11 13:12:48.0;
27;123425;2019-04-11 13:12:51.0;
27;123415;2019-04-11 13:12:52.0;
27;123425;2019-04-11 13:13:01.0;
27;123415;2019-04-11 13:13:05.0;
27;123425;2019-04-11 13:13:06.0;
27;123355;2019-04-11 13:13:08.0;
27;123375;2019-04-11 13:13:11.0;
27;123355;2019-04-11 13:13:15.0;
27;123375;2019-04-11 13:13:18.0;
27;123355;2019-04-11 13:13:22.0;
27;123375;2019-04-11 13:13:23.0;
27;123355;2019-04-11 13:13:28.0;
27;123375;2019-04-11 13:13:29.0;
27;123355;2019-04-11 13:13:33.0;
27;123375;2019-04-11 13:13:37.0;
27;123355;2019-04-11 13:13:38.0;
27;123375;2019-04-11 13:13:41.0;
27;123355;2019-04-11 13:13:44.0;
27;123365;2019-04-11 13:13:47.0;
27;123375;2019-04-11 13:13:53.0;
27;123355;2019-04-11 13:13:56.0;
27;123375;2019-04-11 13:13:57.0;
27;123355;2019-04-11 13:14:00.0;
27;123365;2019-04-11 13:14:01.0;
27;123375;2019-04-11 13:14:04.0;
27;123355;2019-04-11 13:14:08.0;
27;123375;2019-04-11 13:14:11.0;
27;123415;2019-04-11 13:14:12.0;
27;123365;2019-04-11 13:14:14.0;
27;123415;2019-04-11 13:14:18.0;
27;123375;2019-04-11 13:14:19.0;
27;123415;2019-04-11 13:14:22.0;
27;123425;2019-04-11 13:14:25.0;
27;123415;2019-04-11 13:14:28.0;
27;123425;2019-04-11 13:14:29.0;
27;123475;2019-04-11 13:14:32.0;
27;123415;2019-04-11 13:14:34.0;
27;123425;2019-04-11 13:14:35.0;
27;123475;2019-04-11 13:14:38.0;
27;123425;2019-04-11 13:14:40.0;
27;123415;2019-04-11 13:14:41.0;
27;123475;2019-04-11 13:14:43.0;
27;123425;2019-04-11 13:14:44.0;
27;123465;2019-04-11 13:14:46.0;
27;123425;2019-04-11 13:14:47.0;
27;123475;2019-04-11 13:14:49.0;
27;123425;2019-04-11 13:14:50.0;
27;123465;2019-04-11 13:14:52.0;
27;123425;2019-04-11 13:14:54.0;
27;123475;2019-04-11 13:14:56.0;
27;123465;2019-04-11 13:14:57.0;
27;123425;2019-04-11 13:14:58.0;
27;123465;2019-04-11 13:15:00.0;
27;123425;2019-04-11 13:15:02.0;
27;123465;2019-04-11 13:15:03.0;
27;123425;2019-04-11 13:15:05.0;
27;123465;2019-04-11 13:15:08.0;
27;123425;2019-04-11 13:15:09.0;
27;123465;2019-04-11 13:15:13.0;
27;123425;2019-04-11 13:15:16.0;
27;123355;2019-04-11 13:15:19.0;
27;123425;2019-04-11 13:15:21.0;
27;123355;2019-04-11 13:15:23.0;
27;123425;2019-04-11 13:15:25.0;
27;123355;2019-04-11 13:15:27.0;
27;123425;2019-04-11 13:15:31.0;
27;123355;2019-04-11 13:15:32.0;
27;123335;2019-04-11 13:15:37.0;
27;123315;2019-04-11 13:15:38.0;
27;123335;2019-04-11 13:15:40.0;
27;123355;2019-04-11 13:15:42.0;
27;123315;2019-04-11 13:15:45.0;
27;123355;2019-04-11 13:15:46.0;
27;123315;2019-04-11 13:15:48.0;
27;123335;2019-04-11 13:15:49.0;
27;123315;2019-04-11 13:15:51.0;
27;123335;2019-04-11 13:15:58.0;
27;123265;2019-04-11 13:16:00.0;
27;123315;2019-04-11 13:16:03.0;
27;123305;2019-04-11 13:16:08.0;
27;123285;2019-04-11 13:16:11.0;
27;123265;2019-04-11 13:16:12.0;
27;123285;2019-04-11 13:16:16.0;
27;123265;2019-04-11 13:16:18.0;
27;123305;2019-04-11 13:16:20.0;
27;123265;2019-04-11 13:16:25.0;
27;123285;2019-04-11 13:16:27.0;
27;123305;2019-04-11 13:16:28.0;
27;123285;2019-04-11 13:16:31.0;
27;123305;2019-04-11 13:16:33.0;
27;123285;2019-04-11 13:16:35.0;
27;123325;2019-04-11 13:16:37.0;
27;123285;2019-04-11 13:16:38.0;
27;123335;2019-04-11 13:16:40.0;
27;123325;2019-04-11 13:16:43.0;
27;123335;2019-04-11 13:16:46.0;
27;123325;2019-04-11 13:16:49.0;
27;123335;2019-04-11 13:16:50.0;
27;123325;2019-04-11 13:16:51.0;
27;123335;2019-04-11 13:16:55.0;
27;123325;2019-04-11 13:16:56.0;
27;123335;2019-04-11 13:16:57.0;
27;123325;2019-04-11 13:17:04.0;
27;123335;2019-04-11 13:17:06.0;
27;123315;2019-04-11 13:17:12.0;
27;123335;2019-04-11 13:17:13.0;
27;123315;2019-04-11 13:17:16.0;
27;123335;2019-04-11 13:17:19.0;
27;123315;2019-04-11 13:17:22.0;
27;123335;2019-04-11 13:17:26.0;
27;123315;2019-04-11 13:17:29.0;
27;123335;2019-04-11 13:17:31.0;
27;123315;2019-04-11 13:17:34.0;
27;123335;2019-04-11 13:17:36.0;
27;123315;2019-04-11 13:17:38.0;
27;123335;2019-04-11 13:17:40.0;
27;123375;2019-04-11 13:17:46.0;
27;123335;2019-04-11 13:17:48.0;
27;123375;2019-04-11 13:17:49.0;
27;123335;2019-04-11 13:17:51.0;
27;123365;2019-04-11 13:17:52.0;
27;123375;2019-04-11 13:17:54.0;
27;123365;2019-04-11 13:17:55.0;
27;123375;2019-04-11 13:17:59.0;
27;123365;2019-04-11 13:18:01.0;
27;123385;2019-04-11 13:18:02.0;
27;123375;2019-04-11 13:18:04.0;
27;123385;2019-04-11 13:18:06.0;
27;123365;2019-04-11 13:18:07.0;
27;123375;2019-04-11 13:18:10.0;
27;123385;2019-04-11 13:18:11.0;
27;123365;2019-04-11 13:18:12.0;
27;123375;2019-04-11 13:18:16.0;
27;123385;2019-04-11 13:18:17.0;
27;123365;2019-04-11 13:18:21.0;
27;123385;2019-04-11 13:18:22.0;
27;123375;2019-04-11 13:18:24.0;
27;123385;2019-04-11 13:18:28.0;
27;123375;2019-04-11 13:18:33.0;
27;123385;2019-04-11 13:18:35.0;
27;123375;2019-04-11 13:18:38.0;
27;123385;2019-04-11 13:18:41.0;
27;123375;2019-04-11 13:18:42.0;
27;123385;2019-04-11 13:18:53.0;
27;123375;2019-04-11 13:18:55.0;
27;123385;2019-04-11 13:18:57.0;
27;123375;2019-04-11 13:18:59.0;
27;123385;2019-04-11 13:19:02.0;
27;123395;2019-04-11 13:19:04.0;
27;123385;2019-04-11 13:19:08.0;
27;123425;2019-04-11 13:19:09.0;
27;123385;2019-04-11 13:19:12.0;
27;123425;2019-04-11 13:19:13.0;
27;123385;2019-04-11 13:19:15.0;
27;123425;2019-04-11 13:19:16.0;
27;123385;2019-04-11 13:19:18.0;
27;123425;2019-04-11 13:19:19.0;
27;123395;2019-04-11 13:19:22.0;
27;123415;2019-04-11 13:19:23.0;
27;123425;2019-04-11 13:19:25.0;
27;123415;2019-04-11 13:19:26.0;
27;123395;2019-04-11 13:19:30.0;
27;123415;2019-04-11 13:19:33.0;
27;123425;2019-04-11 13:19:36.0;
27;123415;2019-04-11 13:19:38.0;
27;123405;2019-04-11 13:19:43.0;
27;123415;2019-04-11 13:19:47.0;
27;123405;2019-04-11 13:19:50.0;
27;123425;2019-04-11 13:19:59.0;
27;123405;2019-04-11 13:20:00.0;
27;123425;2019-04-11 13:20:02.0;
27;123405;2019-04-11 13:20:03.0;
27;123425;2019-04-11 13:20:05.0;
27;123405;2019-04-11 13:20:06.0;
27;123425;2019-04-11 13:20:09.0;
27;123405;2019-04-11 13:20:10.0;
27;123425;2019-04-11 13:20:15.0;
27;123445;2019-04-11 13:20:16.0;
27;123425;2019-04-11 13:20:21.0;
27;123445;2019-04-11 13:20:22.0;
27;123425;2019-04-11 13:20:28.0;
27;123445;2019-04-11 13:20:29.0;
27;123425;2019-04-11 13:20:31.0;
27;123445;2019-04-11 13:20:32.0;
27;123425;2019-04-11 13:20:35.0;
27;123445;2019-04-11 13:20:38.0;
27;123425;2019-04-11 13:20:46.0;
27;123445;2019-04-11 13:20:48.0;
27;123425;2019-04-11 13:20:49.0;
27;123385;2019-04-11 13:20:52.0;
27;123425;2019-04-11 13:20:57.0;
27;123385;2019-04-11 13:20:59.0;
27;123425;2019-04-11 13:21:00.0;
27;123385;2019-04-11 13:21:02.0;
27;123375;2019-04-11 13:21:57.0;
27;123385;2019-04-11 13:21:58.0;
27;123375;2019-04-11 13:22:01.0;
27;123385;2019-04-11 13:22:03.0;
27;123375;2019-04-11 13:22:06.0;
27;123365;2019-04-11 13:22:07.0;
27;123375;2019-04-11 13:22:11.0;
27;123365;2019-04-11 13:22:14.0;
27;123375;2019-04-11 13:22:17.0;
27;123365;2019-04-11 13:22:18.0;
27;123375;2019-04-11 13:22:21.0;
27;123365;2019-04-11 13:22:22.0;
27;123375;2019-04-11 13:22:24.0;
27;123345;2019-04-11 13:22:30.0;
27;123365;2019-04-11 13:22:32.0;
27;123345;2019-04-11 13:22:39.0;
27;123375;2019-04-11 13:22:40.0;
27;123315;2019-04-11 13:22:42.0;
27;123345;2019-04-11 13:22:43.0;
27;123325;2019-04-11 13:22:45.0;
27;123315;2019-04-11 13:22:47.0;
27;123325;2019-04-11 13:22:49.0;
27;123315;2019-04-11 13:22:50.0;
27;123345;2019-04-11 13:22:53.0;
27;123325;2019-04-11 13:22:54.0;
27;123315;2019-04-11 13:22:56.0;
27;123325;2019-04-11 13:22:57.0;
27;123345;2019-04-11 13:23:00.0;
27;123325;2019-04-11 13:23:02.0;
27;123365;2019-04-11 13:23:04.0;
27;123325;2019-04-11 13:23:06.0;
27;123365;2019-04-11 13:23:07.0;
27;123315;2019-04-11 13:23:09.0;
27;123365;2019-04-11 13:23:10.0;
27;123315;2019-04-11 13:23:12.0;
27;123365;2019-04-11 13:23:13.0;
27;123325;2019-04-11 13:23:15.0;
27;123365;2019-04-11 13:23:16.0;
27;123355;2019-04-11 13:23:38.0;
27;123365;2019-04-11 13:23:40.0;
27;123355;2019-04-11 13:23:42.0;
27;123365;2019-04-11 13:23:45.0;
27;123355;2019-04-11 13:23:50.0;
27;123345;2019-04-11 13:24:14.0;
27;123355;2019-04-11 13:24:18.0;
27;123345;2019-04-11 13:24:25.0;
27;123355;2019-04-11 13:24:27.0;
27;123345;2019-04-11 13:24:28.0;
27;123355;2019-04-11 13:24:31.0;
27;123345;2019-04-11 13:24:32.0;
27;123355;2019-04-11 13:24:33.0;
27;123345;2019-04-11 13:24:35.0;
27;123355;2019-04-11 13:24:37.0;
27;123345;2019-04-11 13:24:38.0;
27;123355;2019-04-11 13:24:42.0;
27;123345;2019-04-11 13:24:45.0;
27;123355;2019-04-11 13:24:48.0;
27;123295;2019-04-11 13:24:50.0;
27;123345;2019-04-11 13:24:54.0;
27;123295;2019-04-11 13:24:56.0;
27;123345;2019-04-11 13:24:57.0;
27;123295;2019-04-11 13:24:59.0;
27;123305;2019-04-11 13:25:03.0;
27;123295;2019-04-11 13:25:04.0;
27;123305;2019-04-11 13:25:16.0;
27;123295;2019-04-11 13:25:17.0;
27;123305;2019-04-11 13:25:19.0;
27;123285;2019-04-11 13:25:22.0;
27;123305;2019-04-11 13:25:23.0;
27;123285;2019-04-11 13:25:25.0;
27;123305;2019-04-11 13:25:26.0;
27;123285;2019-04-11 13:25:28.0;
27;123305;2019-04-11 13:25:30.0;
27;123285;2019-04-11 13:25:32.0;
27;123265;2019-04-11 13:25:39.0;
27;123285;2019-04-11 13:25:41.0;
27;123265;2019-04-11 13:25:46.0;
27;123285;2019-04-11 13:25:48.0;
27;123265;2019-04-11 13:25:49.0;
27;123285;2019-04-11 13:25:50.0;
27;123265;2019-04-11 13:25:52.0;
27;123285;2019-04-11 13:25:53.0;
27;123265;2019-04-11 13:25:54.0;
27;123275;2019-04-11 13:25:56.0;
27;123265;2019-04-11 13:25:58.0;
27;123275;2019-04-11 13:26:00.0;
27;123265;2019-04-11 13:26:05.0;
27;123275;2019-04-11 13:26:07.0;
27;123285;2019-04-11 13:26:14.0;
27;123275;2019-04-11 13:26:16.0;
27;123285;2019-04-11 13:26:20.0;
27;123275;2019-04-11 13:26:21.0;
27;123285;2019-04-11 13:26:23.0;
27;123275;2019-04-11 13:26:24.0;
27;123285;2019-04-11 13:26:27.0;
27;123255;2019-04-11 13:26:34.0;
27;123285;2019-04-11 13:26:36.0;
27;123255;2019-04-11 13:26:40.0;
27;123285;2019-04-11 13:26:41.0;
27;123205;2019-04-11 13:26:45.0;
27;123255;2019-04-11 13:26:50.0;
27;123285;2019-04-11 13:26:53.0;
27;123205;2019-04-11 13:26:54.0;
27;123285;2019-04-11 13:26:57.0;
27;123205;2019-04-11 13:26:59.0;
27;123255;2019-04-11 13:27:00.0;
27;123225;2019-04-11 13:27:02.0;
27;123255;2019-04-11 13:27:03.0;
27;123225;2019-04-11 13:27:04.0;
27;123205;2019-04-11 13:27:06.0;
27;123225;2019-04-11 13:27:11.0;
27;123205;2019-04-11 13:27:12.0;
27;123225;2019-04-11 13:27:15.0;
27;123205;2019-04-11 13:27:16.0;
27;123225;2019-04-11 13:27:21.0;
27;123205;2019-04-11 13:27:24.0;
27;123225;2019-04-11 13:27:25.0;
27;123205;2019-04-11 13:27:31.0;
27;123225;2019-04-11 13:27:32.0;
27;123235;2019-04-11 13:27:55.0;
27;123225;2019-04-11 13:27:58.0;
27;123235;2019-04-11 13:27:59.0;
27;123225;2019-04-11 13:28:00.0;
27;123235;2019-04-11 13:28:02.0;
27;123225;2019-04-11 13:28:07.0;
27;123235;2019-04-11 13:28:09.0;
27;123215;2019-04-11 13:28:15.0;
27;123235;2019-04-11 13:28:16.0;
27;123215;2019-04-11 13:28:19.0;
27;123235;2019-04-11 13:28:24.0;
27;123215;2019-04-11 13:28:26.0;
27;123225;2019-04-11 13:28:34.0;
27;123215;2019-04-11 13:28:38.0;
27;123225;2019-04-11 13:28:41.0;
27;123215;2019-04-11 13:28:42.0;
27;123225;2019-04-11 13:28:48.0;
27;123245;2019-04-11 13:28:54.0;
27;123225;2019-04-11 13:28:55.0;
27;123255;2019-04-11 13:28:57.0;
27;123245;2019-04-11 13:28:59.0;
27;123255;2019-04-11 13:29:00.0;
27;123245;2019-04-11 13:29:03.0;
27;123285;2019-04-11 13:29:08.0;
27;123245;2019-04-11 13:29:09.0;
27;123255;2019-04-11 13:29:10.0;
27;123285;2019-04-11 13:29:12.0;
27;123255;2019-04-11 13:29:13.0;
27;123245;2019-04-11 13:29:15.0;
27;123285;2019-04-11 13:29:16.0;
27;123245;2019-04-11 13:29:18.0;
27;123255;2019-04-11 13:29:20.0;
27;123285;2019-04-11 13:29:25.0;
27;123255;2019-04-11 13:29:27.0;
27;123285;2019-04-11 13:29:30.0;
27;123255;2019-04-11 13:29:35.0;
27;123285;2019-04-11 13:29:37.0;
27;123255;2019-04-11 13:29:38.0;
27;123245;2019-04-11 13:29:41.0;
27;123255;2019-04-11 13:29:42.0;
27;123245;2019-04-11 13:29:44.0;
27;123255;2019-04-11 13:29:45.0;
27;123245;2019-04-11 13:29:47.0;
27;123255;2019-04-11 13:29:48.0;
27;123245;2019-04-11 13:29:49.0;
27;123255;2019-04-11 13:29:52.0;
27;123245;2019-04-11 13:29:53.0;
27;123225;2019-04-11 13:29:56.0;
27;123245;2019-04-11 13:29:57.0;
27;123225;2019-04-11 13:29:59.0;
27;123245;2019-04-11 13:30:01.0;
27;123255;2019-04-11 13:30:02.0;
27;123245;2019-04-11 13:30:04.0;
27;123225;2019-04-11 13:30:07.0;
27;123255;2019-04-11 13:30:08.0;
27;123225;2019-04-11 13:30:11.0;
27;123205;2019-04-11 13:30:12.0;
27;123225;2019-04-11 13:30:15.0;
27;123205;2019-04-11 13:30:17.0;
27;123195;2019-04-11 13:30:18.0;
27;123205;2019-04-11 13:30:21.0;
27;123195;2019-04-11 13:30:24.0;
27;123205;2019-04-11 13:30:25.0;
27;123195;2019-04-11 13:30:27.0;
27;123205;2019-04-11 13:30:29.0;
27;123215;2019-04-11 13:30:31.0;
27;123195;2019-04-11 13:30:32.0;
27;123215;2019-04-11 13:30:33.0;
27;123205;2019-04-11 13:30:38.0;
27;123195;2019-04-11 13:30:39.0;
27;123235;2019-04-11 13:30:44.0;
27;123195;2019-04-11 13:30:45.0;
27;123215;2019-04-11 13:30:48.0;
27;123235;2019-04-11 13:30:51.0;
27;123225;2019-04-11 13:30:52.0;
27;123215;2019-04-11 13:30:53.0;
27;123225;2019-04-11 13:30:56.0;
27;123235;2019-04-11 13:30:58.0;
27;123225;2019-04-11 13:31:02.0;
27;123275;2019-04-11 13:31:04.0;
27;123235;2019-04-11 13:31:07.0;
27;123275;2019-04-11 13:31:08.0;
27;123225;2019-04-11 13:31:10.0;
27;123235;2019-04-11 13:31:11.0;
27;123225;2019-04-11 13:31:14.0;
27;123255;2019-04-11 13:31:16.0;
27;123275;2019-04-11 13:31:17.0;
27;123225;2019-04-11 13:31:20.0;
27;123265;2019-04-11 13:31:23.0;
27;123275;2019-04-11 13:31:24.0;
27;123255;2019-04-11 13:31:26.0;
27;123265;2019-04-11 13:31:30.0;
27;123255;2019-04-11 13:31:31.0;
27;123265;2019-04-11 13:31:33.0;
27;123255;2019-04-11 13:31:36.0;
27;123305;2019-04-11 13:31:39.0;
27;123255;2019-04-11 13:31:41.0;
27;123265;2019-04-11 13:31:43.0;
27;123305;2019-04-11 13:31:46.0;
27;123295;2019-04-11 13:31:48.0;
27;123305;2019-04-11 13:31:49.0;
27;123295;2019-04-11 13:31:50.0;
27;123315;2019-04-11 13:31:55.0;
27;123295;2019-04-11 13:31:57.0;
27;123315;2019-04-11 13:31:59.0;
27;123305;2019-04-11 13:32:00.0;
27;123315;2019-04-11 13:32:01.0;
27;123295;2019-04-11 13:32:03.0;
27;123305;2019-04-11 13:32:04.0;
27;123315;2019-04-11 13:32:10.0;
27;123295;2019-04-11 13:32:13.0;
27;123335;2019-04-11 13:32:14.0;
27;123315;2019-04-11 13:32:16.0;
27;123295;2019-04-11 13:32:17.0;
27;123335;2019-04-11 13:32:19.0;
27;123355;2019-04-11 13:32:54.0;
27;123345;2019-04-11 13:32:59.0;
27;123335;2019-04-11 13:33:02.0;
27;123355;2019-04-11 13:33:03.0;
27;123335;2019-04-11 13:33:05.0;
27;123345;2019-04-11 13:33:06.0;
27;123355;2019-04-11 13:33:08.0;
27;123345;2019-04-11 13:33:10.0;
27;123335;2019-04-11 13:33:11.0;
27;123355;2019-04-11 13:33:12.0;
27;123345;2019-04-11 13:33:14.0;
27;123355;2019-04-11 13:33:17.0;
27;123345;2019-04-11 13:33:22.0;
27;123355;2019-04-11 13:33:25.0;
27;123345;2019-04-11 13:33:26.0;
27;123355;2019-04-11 13:33:36.0;
27;123345;2019-04-11 13:33:38.0;
27;123355;2019-04-11 13:33:42.0;
27;123345;2019-04-11 13:33:43.0;
27;123315;2019-04-11 13:33:57.0;
27;123305;2019-04-11 13:34:26.0;
27;123315;2019-04-11 13:34:27.0;
27;123305;2019-04-11 13:34:29.0;
27;123315;2019-04-11 13:34:30.0;
27;123305;2019-04-11 13:34:32.0;
27;123325;2019-04-11 13:34:59.0;
27;123305;2019-04-11 13:35:00.0;
27;123325;2019-04-11 13:35:01.0;
27;123305;2019-04-11 13:35:03.0;
27;123335;2019-04-11 13:35:05.0;
27;123325;2019-04-11 13:35:07.0;
27;123315;2019-04-11 13:35:09.0;
27;123335;2019-04-11 13:35:12.0;
27;123325;2019-04-11 13:35:13.0;
27;123315;2019-04-11 13:35:14.0;
27;123335;2019-04-11 13:35:17.0;
27;123325;2019-04-11 13:35:21.0;
27;123335;2019-04-11 13:35:23.0;
27;123315;2019-04-11 13:35:24.0;
27;123335;2019-04-11 13:35:27.0;
27;123325;2019-04-11 13:35:28.0;
27;123315;2019-04-11 13:35:30.0;
27;123335;2019-04-11 13:35:31.0;
27;123325;2019-04-11 13:35:33.0;
27;123335;2019-04-11 13:35:34.0;
27;123325;2019-04-11 13:35:36.0;
27;123305;2019-04-11 13:36:24.0;
27;123325;2019-04-11 13:36:26.0;
27;123305;2019-04-11 13:36:29.0;
27;123325;2019-04-11 13:36:30.0;
27;123305;2019-04-11 13:36:33.0;
27;123325;2019-04-11 13:36:34.0;
27;123315;2019-04-11 13:36:36.0;
27;123305;2019-04-11 13:36:39.0;
27;123325;2019-04-11 13:36:43.0;
27;123305;2019-04-11 13:36:44.0;
27;123315;2019-04-11 13:36:46.0;
27;123305;2019-04-11 13:36:51.0;
27;123315;2019-04-11 13:36:54.0;
27;123345;2019-04-11 13:37:07.0;
27;123315;2019-04-11 13:37:13.0;
27;123345;2019-04-11 13:37:15.0;
27;123315;2019-04-11 13:37:20.0;
27;123345;2019-04-11 13:37:21.0;
27;123315;2019-04-11 13:37:23.0;
27;123345;2019-04-11 13:37:24.0;
27;123335;2019-04-11 13:37:28.0;
27;123345;2019-04-11 13:37:31.0;
27;123335;2019-04-11 13:37:34.0;
27;123345;2019-04-11 13:37:36.0;
27;123335;2019-04-11 13:37:38.0;
27;123325;2019-04-11 13:37:40.0;
27;123345;2019-04-11 13:37:41.0;
27;123335;2019-04-11 13:37:43.0;
27;123325;2019-04-11 13:37:45.0;
27;123335;2019-04-11 13:37:50.0;
27;123325;2019-04-11 13:37:59.0;
27;123345;2019-04-11 13:38:01.0;
27;123335;2019-04-11 13:38:02.0;
27;123345;2019-04-11 13:38:04.0;
27;123325;2019-04-11 13:38:05.0;
27;123335;2019-04-11 13:38:08.0;
27;123345;2019-04-11 13:38:10.0;
27;123335;2019-04-11 13:38:11.0;
27;123325;2019-04-11 13:38:16.0;
27;123345;2019-04-11 13:38:18.0;
27;123335;2019-04-11 13:38:24.0;
27;123345;2019-04-11 13:38:25.0;
27;123325;2019-04-11 13:38:26.0;
27;123345;2019-04-11 13:38:29.0;
27;123325;2019-04-11 13:38:32.0;
27;123335;2019-04-11 13:38:33.0;
27;123325;2019-04-11 13:38:35.0;
27;123335;2019-04-11 13:38:37.0;
27;123325;2019-04-11 13:38:39.0;
27;123305;2019-04-11 13:38:47.0;
27;123325;2019-04-11 13:38:50.0;
27;123305;2019-04-11 13:38:52.0;
27;123325;2019-04-11 13:38:53.0;
27;123305;2019-04-11 13:38:54.0;
27;123325;2019-04-11 13:38:57.0;
27;123305;2019-04-11 13:39:00.0;
27;123295;2019-04-11 13:39:04.0;
27;123305;2019-04-11 13:39:09.0;
27;123295;2019-04-11 13:39:10.0;
27;123305;2019-04-11 13:39:14.0;
27;123295;2019-04-11 13:39:17.0;
27;123275;2019-04-11 13:39:21.0;
27;123295;2019-04-11 13:39:34.0;
27;123285;2019-04-11 13:39:36.0;
27;123275;2019-04-11 13:39:40.0;
27;123285;2019-04-11 13:39:42.0;
27;123275;2019-04-11 13:39:44.0;
27;123285;2019-04-11 13:39:51.0;
27;123275;2019-04-11 13:39:54.0;
27;123285;2019-04-11 13:39:55.0;
27;123275;2019-04-11 13:39:59.0;
27;123285;2019-04-11 13:40:01.0;
27;123275;2019-04-11 13:40:02.0;
27;123285;2019-04-11 13:40:05.0;
27;123275;2019-04-11 13:40:07.0;
27;123245;2019-04-11 13:40:29.0;
27;123275;2019-04-11 13:40:30.0;
27;123245;2019-04-11 13:40:34.0;
27;123275;2019-04-11 13:40:36.0;
27;123245;2019-04-11 13:40:39.0;
27;123265;2019-04-11 13:40:40.0;
27;123245;2019-04-11 13:40:43.0;
27;123265;2019-04-11 13:40:45.0;
27;123245;2019-04-11 13:40:48.0;
27;123255;2019-04-11 13:40:49.0;
27;123265;2019-04-11 13:40:51.0;
27;123255;2019-04-11 13:40:54.0;
27;123265;2019-04-11 13:40:55.0;
27;123245;2019-04-11 13:40:58.0;
27;123215;2019-04-11 13:41:01.0;
27;123255;2019-04-11 13:41:02.0;
27;123265;2019-04-11 13:41:06.0;
27;123255;2019-04-11 13:41:08.0;
27;123215;2019-04-11 13:41:11.0;
27;123255;2019-04-11 13:41:12.0;
27;123165;2019-04-11 13:41:14.0;
27;123215;2019-04-11 13:41:18.0;
27;123165;2019-04-11 13:41:20.0;
27;123185;2019-04-11 13:41:23.0;
27;123165;2019-04-11 13:41:27.0;
27;123185;2019-04-11 13:41:29.0;
27;123165;2019-04-11 13:41:30.0;
27;123185;2019-04-11 13:41:33.0;
27;123165;2019-04-11 13:41:34.0;
27;123195;2019-04-11 13:41:35.0;
27;123185;2019-04-11 13:41:37.0;
27;123195;2019-04-11 13:41:38.0;
27;123165;2019-04-11 13:41:40.0;
27;123185;2019-04-11 13:41:41.0;
27;123195;2019-04-11 13:41:42.0;
27;123185;2019-04-11 13:41:44.0;
27;123195;2019-04-11 13:41:47.0;
27;123185;2019-04-11 13:41:49.0;
27;123195;2019-04-11 13:41:53.0;
27;123165;2019-04-11 13:41:55.0;
27;123195;2019-04-11 13:41:56.0;
27;123165;2019-04-11 13:41:58.0;
27;123195;2019-04-11 13:42:00.0;
27;123165;2019-04-11 13:42:01.0;
27;123235;2019-04-11 13:42:29.0;
27;123165;2019-04-11 13:42:39.0;
27;123235;2019-04-11 13:42:40.0;
27;123275;2019-04-11 13:42:47.0;
27;123235;2019-04-11 13:42:49.0;
27;123275;2019-04-11 13:42:53.0;
27;123235;2019-04-11 13:42:55.0;
27;123275;2019-04-11 13:42:59.0;
27;123235;2019-04-11 13:43:00.0;
27;123275;2019-04-11 13:43:02.0;
27;123235;2019-04-11 13:43:03.0;
27;123275;2019-04-11 13:43:05.0;
27;123225;2019-04-11 13:43:06.0;
27;123275;2019-04-11 13:43:08.0;
27;123235;2019-04-11 13:43:09.0;
27;123275;2019-04-11 13:43:12.0;
27;123235;2019-04-11 13:43:13.0;
27;123225;2019-04-11 13:43:15.0;
27;123215;2019-04-11 13:43:17.0;
27;123225;2019-04-11 13:43:18.0;
27;123215;2019-04-11 13:43:20.0;
27;123225;2019-04-11 13:43:22.0;
27;123235;2019-04-11 13:43:23.0;
27;123225;2019-04-11 13:43:26.0;
27;123215;2019-04-11 13:43:29.0;
27;123165;2019-04-11 13:43:34.0;
27;123215;2019-04-11 13:43:45.0;
27;123165;2019-04-11 13:43:48.0;
27;123185;2019-04-11 13:43:49.0;
27;123165;2019-04-11 13:43:51.0;
27;123185;2019-04-11 13:44:04.0;
27;123165;2019-04-11 13:44:05.0;
27;123185;2019-04-11 13:44:06.0;
27;123195;2019-04-11 13:44:13.0;
27;123185;2019-04-11 13:44:15.0;
27;123195;2019-04-11 13:44:18.0;
27;123185;2019-04-11 13:44:19.0;
27;123195;2019-04-11 13:44:22.0;
27;123175;2019-04-11 13:44:26.0;
27;123195;2019-04-11 13:44:27.0;
27;123185;2019-04-11 13:44:32.0;
27;123195;2019-04-11 13:44:33.0;
27;123185;2019-04-11 13:44:34.0;
27;123175;2019-04-11 13:44:36.0;
27;123185;2019-04-11 13:44:37.0;
27;123175;2019-04-11 13:44:40.0;
27;123195;2019-04-11 13:44:42.0;
27;123155;2019-04-11 13:44:44.0;
27;123175;2019-04-11 13:44:56.0;
27;123155;2019-04-11 13:44:58.0;
27;123175;2019-04-11 13:45:00.0;
27;123155;2019-04-11 13:45:01.0;
27;123175;2019-04-11 13:45:03.0;
27;123155;2019-04-11 13:45:04.0;
27;123175;2019-04-11 13:45:07.0;
27;123155;2019-04-11 13:45:08.0;
27;123175;2019-04-11 13:45:12.0;
27;123155;2019-04-11 13:45:16.0;
27;123235;2019-04-11 13:45:17.0;
27;123175;2019-04-11 13:45:19.0;
27;123235;2019-04-11 13:45:23.0;
27;123245;2019-04-11 13:45:25.0;
27;123235;2019-04-11 13:45:26.0;
27;123245;2019-04-11 13:45:27.0;
27;123235;2019-04-11 13:45:29.0;
27;123245;2019-04-11 13:45:32.0;
27;123235;2019-04-11 13:45:33.0;
27;123245;2019-04-11 13:45:35.0;
27;123235;2019-04-11 13:45:40.0;
27;123245;2019-04-11 13:45:43.0;
27;123255;2019-04-11 13:45:45.0;
27;123245;2019-04-11 13:45:46.0;
27;123235;2019-04-11 13:45:48.0;
27;123295;2019-04-11 13:45:49.0;
27;123255;2019-04-11 13:45:51.0;
27;123245;2019-04-11 13:45:52.0;
27;123295;2019-04-11 13:45:54.0;
27;123245;2019-04-11 13:45:55.0;
27;123295;2019-04-11 13:45:56.0;
27;123255;2019-04-11 13:45:59.0;
27;123275;2019-04-11 13:46:00.0;
27;123295;2019-04-11 13:46:04.0;
27;123275;2019-04-11 13:46:05.0;
27;123295;2019-04-11 13:46:08.0;
27;123275;2019-04-11 13:46:09.0;
27;123295;2019-04-11 13:46:12.0;
27;123275;2019-04-11 13:46:15.0;
27;123295;2019-04-11 13:46:18.0;
27;123275;2019-04-11 13:46:19.0;
27;123265;2019-04-11 13:46:52.0;
27;123275;2019-04-11 13:46:56.0;
27;123265;2019-04-11 13:46:57.0;
27;123275;2019-04-11 13:47:00.0;
27;123265;2019-04-11 13:47:06.0;
27;123255;2019-04-11 13:47:07.0;
27;123265;2019-04-11 13:47:11.0;
27;123255;2019-04-11 13:47:13.0;
27;123265;2019-04-11 13:47:15.0;
27;123255;2019-04-11 13:47:17.0;
27;123265;2019-04-11 13:47:20.0;
27;123255;2019-04-11 13:47:22.0;
27;123245;2019-04-11 13:47:37.0;
27;123255;2019-04-11 13:47:39.0;
27;123245;2019-04-11 13:47:40.0;
27;123255;2019-04-11 13:47:42.0;
27;123245;2019-04-11 13:47:43.0;
27;123255;2019-04-11 13:47:45.0;
27;123245;2019-04-11 13:47:46.0;
27;123255;2019-04-11 13:47:55.0;
27;123245;2019-04-11 13:47:57.0;
27;123255;2019-04-11 13:48:09.0;
27;123245;2019-04-11 13:48:10.0;
27;123285;2019-04-11 13:48:14.0;
27;123255;2019-04-11 13:48:18.0;
27;123285;2019-04-11 13:48:19.0;
27;123255;2019-04-11 13:48:22.0;
27;123285;2019-04-11 13:48:23.0;
27;123295;2019-04-11 13:48:36.0;
27;123285;2019-04-11 13:48:37.0;
27;123295;2019-04-11 13:48:46.0;
27;123255;2019-04-11 13:48:47.0;
27;123295;2019-04-11 13:48:50.0;
27;123255;2019-04-11 13:48:51.0;
27;123265;2019-04-11 13:48:53.0;
27;123255;2019-04-11 13:48:54.0;
27;123265;2019-04-11 13:48:56.0;
27;123255;2019-04-11 13:48:57.0;
27;123295;2019-04-11 13:48:59.0;
27;123255;2019-04-11 13:49:00.0;
27;123295;2019-04-11 13:49:02.0;
27;123255;2019-04-11 13:49:03.0;
27;123295;2019-04-11 13:49:04.0;
27;123265;2019-04-11 13:49:06.0;
27;123275;2019-04-11 13:49:07.0;
27;123255;2019-04-11 13:49:12.0;
27;123265;2019-04-11 13:49:18.0;
27;123275;2019-04-11 13:49:22.0;
27;123285;2019-04-11 13:49:28.0;
27;123275;2019-04-11 13:49:29.0;
27;123295;2019-04-11 13:49:39.0;
27;123285;2019-04-11 13:49:40.0;
27;123275;2019-04-11 13:49:42.0;
27;123285;2019-04-11 13:49:44.0;
27;123295;2019-04-11 13:49:45.0;
27;123275;2019-04-11 13:49:49.0;
27;123285;2019-04-11 13:49:50.0;
27;123295;2019-04-11 13:49:52.0;
27;123285;2019-04-11 13:49:55.0;
27;123295;2019-04-11 13:49:59.0;
27;123285;2019-04-11 13:50:00.0;
27;123295;2019-04-11 13:50:07.0;
27;123285;2019-04-11 13:50:10.0;
27;123275;2019-04-11 13:50:15.0;
27;123285;2019-04-11 13:50:18.0;
27;123275;2019-04-11 13:50:22.0;
27;123285;2019-04-11 13:50:23.0;
27;123275;2019-04-11 13:50:32.0;
27;123285;2019-04-11 13:50:33.0;
27;123275;2019-04-11 13:50:39.0;
27;123285;2019-04-11 13:50:40.0;
27;123275;2019-04-11 13:50:42.0;
27;123285;2019-04-11 13:50:43.0;
27;123315;2019-04-11 13:50:55.0;
27;123285;2019-04-11 13:50:56.0;
27;123335;2019-04-11 13:51:00.0;
27;123315;2019-04-11 13:51:08.0;
27;123335;2019-04-11 13:51:09.0;
27;123315;2019-04-11 13:51:18.0;
27;123335;2019-04-11 13:51:21.0;
27;123315;2019-04-11 13:51:22.0;
27;123335;2019-04-11 13:51:25.0;
27;123325;2019-04-11 13:51:31.0;
27;123335;2019-04-11 13:51:34.0;
27;123325;2019-04-11 13:51:39.0;
27;123335;2019-04-11 13:51:52.0;
27;123325;2019-04-11 13:51:55.0;
27;123335;2019-04-11 13:52:02.0;
27;123385;2019-04-11 13:52:04.0;
27;123355;2019-04-11 13:52:21.0;
27;123385;2019-04-11 13:52:23.0;
27;123355;2019-04-11 13:52:25.0;
27;123385;2019-04-11 13:52:27.0;
27;123355;2019-04-11 13:52:31.0;
27;123385;2019-04-11 13:52:32.0;
27;123405;2019-04-11 13:52:37.0;
27;123365;2019-04-11 13:52:39.0;
27;123355;2019-04-11 13:52:41.0;
27;123365;2019-04-11 13:52:42.0;
27;123355;2019-04-11 13:52:45.0;
27;123365;2019-04-11 13:52:52.0;
27;123405;2019-04-11 13:52:54.0;
27;123365;2019-04-11 13:53:00.0;
27;123355;2019-04-11 13:53:11.0;
27;123365;2019-04-11 13:53:13.0;
27;123355;2019-04-11 13:53:14.0;
27;123365;2019-04-11 13:53:16.0;
27;123355;2019-04-11 13:53:18.0;
27;123365;2019-04-11 13:53:21.0;
27;123355;2019-04-11 13:53:26.0;
27;123365;2019-04-11 13:53:27.0;
27;123355;2019-04-11 13:53:28.0;
27;123365;2019-04-11 13:53:30.0;
27;123345;2019-04-11 13:53:35.0;
27;123365;2019-04-11 13:53:38.0;
27;123355;2019-04-11 13:53:39.0;
27;123345;2019-04-11 13:53:41.0;
27;123365;2019-04-11 13:53:44.0;
27;123345;2019-04-11 13:53:45.0;
27;123325;2019-04-11 13:53:47.0;
27;123345;2019-04-11 13:53:51.0;
27;123325;2019-04-11 13:53:52.0;
27;123345;2019-04-11 13:53:55.0;
27;123325;2019-04-11 13:53:58.0;
27;123345;2019-04-11 13:54:04.0;
27;123325;2019-04-11 13:54:05.0;
27;123335;2019-04-11 13:54:09.0;
27;123325;2019-04-11 13:54:13.0;
27;123335;2019-04-11 13:54:14.0;
27;123325;2019-04-11 13:54:16.0;
27;123335;2019-04-11 13:54:17.0;
27;123325;2019-04-11 13:54:19.0;
27;123335;2019-04-11 13:54:20.0;
27;123325;2019-04-11 13:54:21.0;
27;123335;2019-04-11 13:54:23.0;
27;123325;2019-04-11 13:54:24.0;
27;123335;2019-04-11 13:54:26.0;
27;123325;2019-04-11 13:54:27.0;
27;123335;2019-04-11 13:54:30.0;
27;123325;2019-04-11 13:54:51.0;
27;123335;2019-04-11 13:54:54.0;
27;123325;2019-04-11 13:55:00.0;
27;123335;2019-04-11 13:55:01.0;
27;123325;2019-04-11 13:55:09.0;
27;123335;2019-04-11 13:55:11.0;
27;123325;2019-04-11 13:55:12.0;
27;123305;2019-04-11 13:55:18.0;
27;123325;2019-04-11 13:55:19.0;
27;123305;2019-04-11 13:55:22.0;
27;123325;2019-04-11 13:55:24.0;
27;123305;2019-04-11 13:55:25.0;
27;123325;2019-04-11 13:55:27.0;
27;123305;2019-04-11 13:55:28.0;
27;123325;2019-04-11 13:55:29.0;
27;123315;2019-04-11 13:55:31.0;
27;123325;2019-04-11 13:55:35.0;
27;123315;2019-04-11 13:55:38.0;
27;123305;2019-04-11 13:55:40.0;
27;123325;2019-04-11 13:55:41.0;
27;123305;2019-04-11 13:55:44.0;
27;123315;2019-04-11 13:55:47.0;
27;123325;2019-04-11 13:55:54.0;
27;123315;2019-04-11 13:56:15.0;
27;123325;2019-04-11 13:56:19.0;
27;123315;2019-04-11 13:56:23.0;
27;123325;2019-04-11 13:56:24.0;
27;123315;2019-04-11 13:56:26.0;
27;123355;2019-04-11 13:56:28.0;
27;123315;2019-04-11 13:56:30.0;
27;123355;2019-04-11 13:56:31.0;
27;123325;2019-04-11 13:56:33.0;
27;123375;2019-04-11 13:56:34.0;
27;123315;2019-04-11 13:56:36.0;
27;123375;2019-04-11 13:56:37.0;
27;123355;2019-04-11 13:56:39.0;
27;123375;2019-04-11 13:56:42.0;
27;123315;2019-04-11 13:56:43.0;
27;123355;2019-04-11 13:56:44.0;
27;123375;2019-04-11 13:56:46.0;
27;123355;2019-04-11 13:56:47.0;
27;123375;2019-04-11 13:56:51.0;
27;123355;2019-04-11 13:56:53.0;
27;123375;2019-04-11 13:56:54.0;
27;123355;2019-04-11 13:56:56.0;
27;123375;2019-04-11 13:57:02.0;
27;123355;2019-04-11 13:57:03.0;
27;123345;2019-04-11 13:57:41.0;
27;123355;2019-04-11 13:57:45.0;
27;123345;2019-04-11 13:57:46.0;
27;123355;2019-04-11 13:57:51.0;
27;123345;2019-04-11 13:57:52.0;
27;123355;2019-04-11 13:57:55.0;
27;123345;2019-04-11 13:57:56.0;
27;123355;2019-04-11 13:57:59.0;
27;123345;2019-04-11 13:58:02.0;
27;123355;2019-04-11 13:58:03.0;
27;123345;2019-04-11 13:58:05.0;
27;123355;2019-04-11 13:58:07.0;
27;123345;2019-04-11 13:58:09.0;
27;123355;2019-04-11 13:58:15.0;
27;123375;2019-04-11 13:58:16.0;
27;123385;2019-04-11 13:58:57.0;
27;123375;2019-04-11 13:59:00.0;
27;123385;2019-04-11 13:59:01.0;
27;123375;2019-04-11 13:59:03.0;
27;123385;2019-04-11 13:59:06.0;
27;123375;2019-04-11 13:59:07.0;
27;123385;2019-04-11 13:59:14.0;
27;123375;2019-04-11 13:59:18.0;
27;123385;2019-04-11 13:59:21.0;
27;123375;2019-04-11 13:59:22.0;
27;123385;2019-04-11 13:59:24.0;
27;123395;2019-04-11 13:59:25.0;
27;123365;2019-04-11 13:59:56.0;
27;123335;2019-04-11 14:00:29.0;
27;123365;2019-04-11 14:00:32.0;
27;123335;2019-04-11 14:00:34.0;
27;123325;2019-04-11 14:00:36.0;
27;123335;2019-04-11 14:00:40.0;
27;123325;2019-04-11 14:00:41.0;
27;123335;2019-04-11 14:00:48.0;
27;123325;2019-04-11 14:00:49.0;
27;123335;2019-04-11 14:00:51.0;
27;123325;2019-04-11 14:00:52.0;
27;123335;2019-04-11 14:01:02.0;
27;123325;2019-04-11 14:01:04.0;
27;123335;2019-04-11 14:01:06.0;
27;123325;2019-04-11 14:01:07.0;
27;123335;2019-04-11 14:01:11.0;
27;123325;2019-04-11 14:01:13.0;
27;123335;2019-04-11 14:01:15.0;
27;123325;2019-04-11 14:01:18.0;
27;123335;2019-04-11 14:01:21.0;
27;123325;2019-04-11 14:01:23.0;
27;123335;2019-04-11 14:01:30.0;
27;123325;2019-04-11 14:01:31.0;
27;123315;2019-04-11 14:01:44.0;
27;123325;2019-04-11 14:01:46.0;
27;123315;2019-04-11 14:01:49.0;
27;123325;2019-04-11 14:01:50.0;
27;123315;2019-04-11 14:01:53.0;
27;123325;2019-04-11 14:01:54.0;
27;123315;2019-04-11 14:01:57.0;
27;123325;2019-04-11 14:02:00.0;
27;123295;2019-04-11 14:02:08.0;
27;123315;2019-04-11 14:02:09.0;
27;123295;2019-04-11 14:02:10.0;
27;123315;2019-04-11 14:02:13.0;
27;123305;2019-04-11 14:02:14.0;
27;123275;2019-04-11 14:02:17.0;
27;123305;2019-04-11 14:02:19.0;
27;123275;2019-04-11 14:02:22.0;
27;123295;2019-04-11 14:02:23.0;
27;123305;2019-04-11 14:02:26.0;
27;123295;2019-04-11 14:02:29.0;
27;123275;2019-04-11 14:02:30.0;
27;123305;2019-04-11 14:02:34.0;
27;123295;2019-04-11 14:02:36.0;
27;123305;2019-04-11 14:02:39.0;
27;123275;2019-04-11 14:02:40.0;
27;123245;2019-04-11 14:02:44.0;
27;123275;2019-04-11 14:02:46.0;
27;123255;2019-04-11 14:02:47.0;
27;123275;2019-04-11 14:02:50.0;
27;123255;2019-04-11 14:02:53.0;
27;123275;2019-04-11 14:02:54.0;
27;123255;2019-04-11 14:02:57.0;
27;123275;2019-04-11 14:03:01.0;
27;123245;2019-04-11 14:03:03.0;
27;123255;2019-04-11 14:03:04.0;
27;123245;2019-04-11 14:03:06.0;
27;123255;2019-04-11 14:03:07.0;
27;123275;2019-04-11 14:03:10.0;
27;123245;2019-04-11 14:03:11.0;
27;123255;2019-04-11 14:03:13.0;
27;123215;2019-04-11 14:03:14.0;
27;123255;2019-04-11 14:03:15.0;
27;123245;2019-04-11 14:03:18.0;
27;123215;2019-04-11 14:03:29.0;
27;123245;2019-04-11 14:03:30.0;
27;123215;2019-04-11 14:03:31.0;
27;123245;2019-04-11 14:03:34.0;
27;123215;2019-04-11 14:03:36.0;
27;123245;2019-04-11 14:03:38.0;
27;123215;2019-04-11 14:03:41.0;
27;123245;2019-04-11 14:03:42.0;
27;123295;2019-04-11 14:04:22.0;
27;123305;2019-04-11 14:04:31.0;
27;123295;2019-04-11 14:04:35.0;
27;123305;2019-04-11 14:04:38.0;
27;123295;2019-04-11 14:04:42.0;
27;123305;2019-04-11 14:04:45.0;
27;123295;2019-04-11 14:04:46.0;
27;123305;2019-04-11 14:04:54.0;
27;123325;2019-04-11 14:04:55.0;
27;123315;2019-04-11 14:04:59.0;
27;123305;2019-04-11 14:05:01.0;
27;123315;2019-04-11 14:05:02.0;
27;123345;2019-04-11 14:05:03.0;
27;123315;2019-04-11 14:05:06.0;
27;123325;2019-04-11 14:05:11.0;
27;123315;2019-04-11 14:05:12.0;
27;123325;2019-04-11 14:05:13.0;
27;123345;2019-04-11 14:05:15.0;
27;123325;2019-04-11 14:05:18.0;
27;123315;2019-04-11 14:05:22.0;
27;123415;2019-04-11 14:05:29.0;
27;123345;2019-04-11 14:05:32.0;
27;123385;2019-04-11 14:05:34.0;
27;123415;2019-04-11 14:05:36.0;
27;123385;2019-04-11 14:05:41.0;
27;123415;2019-04-11 14:05:42.0;
27;123385;2019-04-11 14:05:44.0;
27;123415;2019-04-11 14:05:45.0;
27;123385;2019-04-11 14:05:47.0;
27;123415;2019-04-11 14:05:50.0;
27;123385;2019-04-11 14:05:51.0;
27;123355;2019-04-11 14:06:04.0;
27;123335;2019-04-11 14:07:11.0;
27;123305;2019-04-11 14:07:43.0;
27;123325;2019-04-11 14:08:15.0;
27;123335;2019-04-11 14:08:18.0;
27;123325;2019-04-11 14:08:19.0;
27;123335;2019-04-11 14:08:21.0;
27;123325;2019-04-11 14:08:22.0;
27;123335;2019-04-11 14:08:25.0;
27;123325;2019-04-11 14:08:26.0;
27;123335;2019-04-11 14:08:28.0;
27;123325;2019-04-11 14:08:29.0;
27;123335;2019-04-11 14:08:34.0;
27;123325;2019-04-11 14:08:36.0;
27;123335;2019-04-11 14:08:38.0;
27;123325;2019-04-11 14:08:42.0;
27;123335;2019-04-11 14:08:43.0;
27;123325;2019-04-11 14:08:45.0;
27;123335;2019-04-11 14:08:46.0;
27;123345;2019-04-11 14:08:47.0;
27;123335;2019-04-11 14:08:49.0;
27;123345;2019-04-11 14:08:50.0;
27;123305;2019-04-11 14:08:57.0;
27;123345;2019-04-11 14:09:00.0;
27;123305;2019-04-11 14:09:03.0;
27;123345;2019-04-11 14:09:04.0;
27;123305;2019-04-11 14:09:13.0;
27;123345;2019-04-11 14:09:16.0;
27;123265;2019-04-11 14:09:19.0;
27;123305;2019-04-11 14:09:22.0;
27;123265;2019-04-11 14:09:24.0;
27;123305;2019-04-11 14:09:26.0;
27;123265;2019-04-11 14:09:28.0;
27;123275;2019-04-11 14:09:29.0;
27;123265;2019-04-11 14:09:35.0;
27;123275;2019-04-11 14:09:38.0;
27;123265;2019-04-11 14:09:39.0;
27;123275;2019-04-11 14:09:40.0;
27;123265;2019-04-11 14:09:42.0;
27;123275;2019-04-11 14:09:43.0;
27;123265;2019-04-11 14:09:45.0;
27;123275;2019-04-11 14:09:49.0;
27;123265;2019-04-11 14:09:52.0;
27;123275;2019-04-11 14:09:54.0;
27;123255;2019-04-11 14:10:08.0;
27;123275;2019-04-11 14:10:09.0;
27;123255;2019-04-11 14:10:15.0;
27;123275;2019-04-11 14:10:21.0;
27;123255;2019-04-11 14:10:22.0;
27;123265;2019-04-11 14:10:29.0;
27;123275;2019-04-11 14:10:31.0;
27;123255;2019-04-11 14:10:32.0;
27;123245;2019-04-11 14:10:35.0;
27;123265;2019-04-11 14:10:38.0;
27;123245;2019-04-11 14:10:41.0;
27;123205;2019-04-11 14:10:43.0;
27;123245;2019-04-11 14:10:44.0;
27;123205;2019-04-11 14:10:47.0;
27;123245;2019-04-11 14:10:48.0;
27;123265;2019-04-11 14:10:50.0;
27;123205;2019-04-11 14:10:51.0;
27;123245;2019-04-11 14:10:53.0;
27;123265;2019-04-11 14:10:54.0;
27;123245;2019-04-11 14:10:57.0;
27;123205;2019-04-11 14:10:58.0;
27;123245;2019-04-11 14:11:00.0;
27;123205;2019-04-11 14:11:02.0;
27;123215;2019-04-11 14:11:05.0;
27;123205;2019-04-11 14:11:07.0;
27;123225;2019-04-11 14:11:12.0;
27;123215;2019-04-11 14:11:14.0;
27;123225;2019-04-11 14:11:28.0;
27;123215;2019-04-11 14:11:29.0;
27;123225;2019-04-11 14:11:30.0;
27;123215;2019-04-11 14:11:34.0;
27;123175;2019-04-11 14:11:37.0;
27;123225;2019-04-11 14:11:39.0;
27;123155;2019-04-11 14:11:40.0;
27;123215;2019-04-11 14:11:42.0;
27;123175;2019-04-11 14:11:44.0;
27;123155;2019-04-11 14:11:50.0;
27;123175;2019-04-11 14:11:51.0;
27;123155;2019-04-11 14:11:53.0;
27;123175;2019-04-11 14:11:57.0;
27;123155;2019-04-11 14:12:00.0;
27;123175;2019-04-11 14:12:01.0;
27;123155;2019-04-11 14:12:03.0;
27;123175;2019-04-11 14:12:05.0;
27;123155;2019-04-11 14:12:07.0;
27;123145;2019-04-11 14:12:14.0;
27;123155;2019-04-11 14:12:15.0;
27;123145;2019-04-11 14:12:18.0;
27;123155;2019-04-11 14:12:20.0;
27;123145;2019-04-11 14:12:22.0;
27;123155;2019-04-11 14:12:26.0;
27;123145;2019-04-11 14:12:31.0;
27;123155;2019-04-11 14:12:32.0;
27;123145;2019-04-11 14:12:35.0;
27;123155;2019-04-11 14:12:38.0;
27;123145;2019-04-11 14:12:39.0;
27;123155;2019-04-11 14:12:41.0;
27;123145;2019-04-11 14:12:42.0;
27;123195;2019-04-11 14:12:45.0;
27;123205;2019-04-11 14:12:49.0;
27;123195;2019-04-11 14:12:51.0;
27;123205;2019-04-11 14:12:55.0;
27;123195;2019-04-11 14:12:57.0;
27;123205;2019-04-11 14:12:58.0;
27;123195;2019-04-11 14:12:59.0;
27;123205;2019-04-11 14:13:02.0;
27;123195;2019-04-11 14:13:04.0;
27;123205;2019-04-11 14:13:11.0;
27;123195;2019-04-11 14:13:13.0;
27;123205;2019-04-11 14:13:16.0;
27;123195;2019-04-11 14:13:17.0;
27;123185;2019-04-11 14:13:18.0;
27;123165;2019-04-11 14:13:26.0;
27;123185;2019-04-11 14:13:27.0;
27;123165;2019-04-11 14:13:33.0;
27;123185;2019-04-11 14:13:34.0;
27;123165;2019-04-11 14:13:40.0;
27;123185;2019-04-11 14:13:41.0;
27;123165;2019-04-11 14:13:42.0;
27;123185;2019-04-11 14:13:44.0;
27;123165;2019-04-11 14:13:46.0;
27;123185;2019-04-11 14:13:48.0;
27;123195;2019-04-11 14:13:49.0;
27;123165;2019-04-11 14:13:52.0;
27;123195;2019-04-11 14:13:55.0;
27;123165;2019-04-11 14:13:56.0;
27;123195;2019-04-11 14:13:58.0;
27;123235;2019-04-11 14:14:41.0;
27;123195;2019-04-11 14:14:42.0;
27;123235;2019-04-11 14:14:44.0;
27;123195;2019-04-11 14:14:45.0;
27;123235;2019-04-11 14:14:52.0;
27;123195;2019-04-11 14:14:54.0;
27;123235;2019-04-11 14:14:55.0;
27;123195;2019-04-11 14:14:58.0;
27;123235;2019-04-11 14:15:00.0;
27;123245;2019-04-11 14:15:03.0;
27;123235;2019-04-11 14:15:04.0;
27;123245;2019-04-11 14:15:05.0;
27;123235;2019-04-11 14:15:07.0;
27;123245;2019-04-11 14:15:10.0;
27;123235;2019-04-11 14:15:11.0;
27;123245;2019-04-11 14:15:12.0;
27;123255;2019-04-11 14:15:14.0;
27;123235;2019-04-11 14:15:15.0;
27;123245;2019-04-11 14:15:19.0;
27;123255;2019-04-11 14:15:21.0;
27;123245;2019-04-11 14:15:24.0;
27;123255;2019-04-11 14:15:29.0;
27;123245;2019-04-11 14:15:31.0;
27;123235;2019-04-11 14:15:35.0;
27;123245;2019-04-11 14:15:37.0;
27;123235;2019-04-11 14:15:38.0;
27;123255;2019-04-11 14:15:41.0;
27;123245;2019-04-11 14:15:42.0;
27;123235;2019-04-11 14:15:45.0;
27;123245;2019-04-11 14:15:54.0;
27;123235;2019-04-11 14:15:56.0;
27;123255;2019-04-11 14:16:06.0;
27;123235;2019-04-11 14:16:07.0;
27;123255;2019-04-11 14:16:09.0;
27;123235;2019-04-11 14:16:13.0;
27;123255;2019-04-11 14:16:15.0;
27;123235;2019-04-11 14:16:25.0;
27;123255;2019-04-11 14:16:28.0;
27;123235;2019-04-11 14:16:29.0;
27;123255;2019-04-11 14:16:30.0;
27;123185;2019-04-11 14:16:32.0;
27;123255;2019-04-11 14:16:33.0;
27;123175;2019-04-11 14:16:38.0;
27;123185;2019-04-11 14:16:39.0;
27;123255;2019-04-11 14:16:41.0;
27;123175;2019-04-11 14:16:42.0;
27;123185;2019-04-11 14:16:45.0;
27;123175;2019-04-11 14:16:46.0;
27;123185;2019-04-11 14:16:59.0;
27;123175;2019-04-11 14:17:00.0;
27;123185;2019-04-11 14:17:10.0;
27;123175;2019-04-11 14:17:11.0;
27;123185;2019-04-11 14:17:13.0;
27;123175;2019-04-11 14:17:16.0;
27;123185;2019-04-11 14:17:19.0;
27;123195;2019-04-11 14:17:23.0;
27;123185;2019-04-11 14:17:25.0;
27;123195;2019-04-11 14:17:26.0;
27;123185;2019-04-11 14:17:28.0;
27;123195;2019-04-11 14:17:29.0;
27;123185;2019-04-11 14:17:35.0;
27;123195;2019-04-11 14:17:36.0;
27;123185;2019-04-11 14:17:38.0;
27;123195;2019-04-11 14:17:39.0;
27;123185;2019-04-11 14:17:40.0;
27;123175;2019-04-11 14:17:45.0;
27;123195;2019-04-11 14:17:46.0;
27;123185;2019-04-11 14:17:49.0;
27;123175;2019-04-11 14:17:54.0;
27;123185;2019-04-11 14:17:56.0;
27;123165;2019-04-11 14:17:57.0;
27;123175;2019-04-11 14:17:59.0;
27;123185;2019-04-11 14:18:00.0;
27;123165;2019-04-11 14:18:03.0;
27;123175;2019-04-11 14:18:07.0;
27;123185;2019-04-11 14:18:10.0;
27;123175;2019-04-11 14:18:11.0;
27;123185;2019-04-11 14:18:12.0;
27;123165;2019-04-11 14:18:16.0;
27;123105;2019-04-11 14:18:17.0;
27;123165;2019-04-11 14:18:21.0;
27;123125;2019-04-11 14:18:23.0;
27;123105;2019-04-11 14:18:24.0;
27;123125;2019-04-11 14:18:25.0;
27;123165;2019-04-11 14:18:27.0;
27;123105;2019-04-11 14:18:28.0;
27;123115;2019-04-11 14:18:30.0;
27;123125;2019-04-11 14:18:31.0;
27;123115;2019-04-11 14:18:32.0;
27;123125;2019-04-11 14:18:34.0;
27;123115;2019-04-11 14:18:35.0;
27;123105;2019-04-11 14:18:36.0;
27;123115;2019-04-11 14:18:38.0;
27;123105;2019-04-11 14:18:39.0;
27;123115;2019-04-11 14:18:41.0;
27;123105;2019-04-11 14:18:45.0;
27;123115;2019-04-11 14:18:46.0;
27;123125;2019-04-11 14:18:48.0;
27;123105;2019-04-11 14:18:49.0;
27;123115;2019-04-11 14:18:51.0;
27;123125;2019-04-11 14:18:52.0;
27;123115;2019-04-11 14:18:54.0;
27;123105;2019-04-11 14:18:59.0;
27;123095;2019-04-11 14:19:12.0;
27;123105;2019-04-11 14:19:14.0;
27;123095;2019-04-11 14:19:15.0;
27;123105;2019-04-11 14:19:16.0;
27;123095;2019-04-11 14:19:18.0;
27;123105;2019-04-11 14:19:20.0;
27;123095;2019-04-11 14:19:23.0;
27;123085;2019-04-11 14:19:24.0;
27;123105;2019-04-11 14:19:26.0;
27;123095;2019-04-11 14:19:27.0;
27;123085;2019-04-11 14:19:30.0;
27;123095;2019-04-11 14:19:32.0;
27;123085;2019-04-11 14:19:36.0;
27;123095;2019-04-11 14:19:39.0;
27;123085;2019-04-11 14:19:43.0;
27;123095;2019-04-11 14:19:47.0;
27;123085;2019-04-11 14:19:48.0;
27;123095;2019-04-11 14:19:51.0;
27;123085;2019-04-11 14:19:53.0;
27;123095;2019-04-11 14:20:00.0;
27;123085;2019-04-11 14:20:01.0;
27;123115;2019-04-11 14:20:13.0;
27;123085;2019-04-11 14:20:15.0;
27;123115;2019-04-11 14:20:16.0;
27;123125;2019-04-11 14:20:18.0;
27;123085;2019-04-11 14:20:19.0;
27;123115;2019-04-11 14:20:20.0;
27;123125;2019-04-11 14:20:22.0;
27;123115;2019-04-11 14:20:24.0;
27;123125;2019-04-11 14:20:26.0;
27;123115;2019-04-11 14:20:27.0;
27;123125;2019-04-11 14:20:29.0;
27;123115;2019-04-11 14:20:31.0;
27;123125;2019-04-11 14:20:34.0;
27;123115;2019-04-11 14:20:35.0;
27;123125;2019-04-11 14:20:37.0;
27;123115;2019-04-11 14:20:38.0;
27;123125;2019-04-11 14:20:39.0;
27;123115;2019-04-11 14:20:41.0;
27;123135;2019-04-11 14:20:46.0;
27;123125;2019-04-11 14:20:48.0;
27;123115;2019-04-11 14:20:50.0;
27;123135;2019-04-11 14:20:53.0;
27;123115;2019-04-11 14:20:55.0;
27;123135;2019-04-11 14:20:59.0;
27;123115;2019-04-11 14:21:00.0;
27;123125;2019-04-11 14:21:03.0;
27;123135;2019-04-11 14:21:06.0;
27;123125;2019-04-11 14:21:09.0;
27;123115;2019-04-11 14:21:10.0;
27;123125;2019-04-11 14:21:12.0;
27;123115;2019-04-11 14:21:13.0;
27;123125;2019-04-11 14:21:14.0;
27;123155;2019-04-11 14:21:20.0;
27;123115;2019-04-11 14:21:26.0;
27;123155;2019-04-11 14:21:27.0;
27;123125;2019-04-11 14:21:29.0;
27;123115;2019-04-11 14:21:31.0;
27;123155;2019-04-11 14:21:32.0;
27;123115;2019-04-11 14:21:35.0;
27;123155;2019-04-11 14:21:38.0;
27;123115;2019-04-11 14:21:39.0;
27;123155;2019-04-11 14:21:40.0;
27;123115;2019-04-11 14:21:42.0;
27;123155;2019-04-11 14:21:43.0;
27;123115;2019-04-11 14:21:45.0;
27;123155;2019-04-11 14:21:46.0;
27;123115;2019-04-11 14:21:49.0;
27;123085;2019-04-11 14:21:56.0;
27;123115;2019-04-11 14:22:01.0;
27;123085;2019-04-11 14:22:02.0;
27;123025;2019-04-11 14:22:27.0;
27;123085;2019-04-11 14:22:33.0;
27;123025;2019-04-11 14:22:35.0;
27;123015;2019-04-11 14:22:41.0;
27;123025;2019-04-11 14:22:44.0;
27;123015;2019-04-11 14:22:48.0;
27;123025;2019-04-11 14:22:52.0;
27;123015;2019-04-11 14:22:54.0;
27;123025;2019-04-11 14:22:55.0;
27;123015;2019-04-11 14:22:58.0;
27;123075;2019-04-11 14:23:01.0;
27;123015;2019-04-11 14:23:03.0;
27;123075;2019-04-11 14:23:07.0;
27;123085;2019-04-11 14:23:08.0;
27;123075;2019-04-11 14:23:10.0;
27;123085;2019-04-11 14:23:11.0;
27;123075;2019-04-11 14:23:13.0;
27;123085;2019-04-11 14:23:18.0;
27;123075;2019-04-11 14:23:22.0;
27;123085;2019-04-11 14:23:25.0;
27;123075;2019-04-11 14:23:26.0;
27;123055;2019-04-11 14:23:28.0;
27;123075;2019-04-11 14:23:29.0;
27;123085;2019-04-11 14:23:33.0;
27;123055;2019-04-11 14:23:36.0;
27;123045;2019-04-11 14:23:37.0;
27;123085;2019-04-11 14:23:39.0;
27;123045;2019-04-11 14:23:40.0;
27;123055;2019-04-11 14:23:42.0;
27;123045;2019-04-11 14:23:43.0;
27;123085;2019-04-11 14:24:06.0;
27;123055;2019-04-11 14:24:37.0;
27;123085;2019-04-11 14:24:39.0;
27;123055;2019-04-11 14:24:41.0;
27;123085;2019-04-11 14:24:43.0;
27;123055;2019-04-11 14:24:44.0;
27;123045;2019-04-11 14:24:48.0;
27;123055;2019-04-11 14:24:50.0;
27;123045;2019-04-11 14:24:51.0;
27;123055;2019-04-11 14:24:53.0;
27;123045;2019-04-11 14:24:55.0;
27;123055;2019-04-11 14:24:57.0;
27;123045;2019-04-11 14:24:59.0;
27;123055;2019-04-11 14:25:07.0;
27;123045;2019-04-11 14:25:11.0;
27;123035;2019-04-11 14:25:13.0;
27;123045;2019-04-11 14:25:14.0;
27;123035;2019-04-11 14:25:15.0;
27;123045;2019-04-11 14:25:17.0;
27;123035;2019-04-11 14:25:18.0;
27;123045;2019-04-11 14:25:20.0;
27;123035;2019-04-11 14:25:21.0;
27;123045;2019-04-11 14:25:26.0;
27;123055;2019-04-11 14:25:29.0;
27;123045;2019-04-11 14:25:31.0;
27;123035;2019-04-11 14:25:34.0;
27;123045;2019-04-11 14:25:37.0;
27;123055;2019-04-11 14:25:40.0;
27;123035;2019-04-11 14:25:42.0;
27;123045;2019-04-11 14:25:44.0;
27;123055;2019-04-11 14:25:47.0;
27;123045;2019-04-11 14:25:48.0;
27;123055;2019-04-11 14:25:49.0;
27;123045;2019-04-11 14:25:51.0;
27;123055;2019-04-11 14:25:55.0;
27;123045;2019-04-11 14:25:58.0;
27;123075;2019-04-11 14:26:06.0;
27;123045;2019-04-11 14:26:07.0;
27;123075;2019-04-11 14:26:16.0;
27;123085;2019-04-11 14:26:22.0;
27;123075;2019-04-11 14:26:24.0;
27;123085;2019-04-11 14:26:37.0;
27;123075;2019-04-11 14:26:45.0;
27;123085;2019-04-11 14:26:46.0;
27;123055;2019-04-11 14:27:49.0;
27;123085;2019-04-11 14:27:53.0;
27;123055;2019-04-11 14:27:56.0;
27;123035;2019-04-11 14:28:00.0;
27;123085;2019-04-11 14:28:02.0;
27;123035;2019-04-11 14:28:03.0;
27;123085;2019-04-11 14:28:04.0;
27;123035;2019-04-11 14:28:06.0;
27;123055;2019-04-11 14:28:09.0;
27;122995;2019-04-11 14:28:12.0;
27;123035;2019-04-11 14:28:13.0;
27;122995;2019-04-11 14:28:15.0;
27;123035;2019-04-11 14:28:16.0;
27;122995;2019-04-11 14:28:18.0;
27;123035;2019-04-11 14:28:19.0;
27;122995;2019-04-11 14:28:21.0;
27;123035;2019-04-11 14:28:25.0;
27;122985;2019-04-11 14:28:29.0;
27;123035;2019-04-11 14:28:31.0;
27;122995;2019-04-11 14:28:33.0;
27;122985;2019-04-11 14:28:41.0;
27;123015;2019-04-11 14:28:46.0;
27;122985;2019-04-11 14:28:47.0;
27;123015;2019-04-11 14:28:51.0;
27;122985;2019-04-11 14:28:52.0;
27;123015;2019-04-11 14:28:57.0;
27;122985;2019-04-11 14:29:00.0;
27;123065;2019-04-11 14:29:01.0;
27;122985;2019-04-11 14:29:02.0;
27;123065;2019-04-11 14:29:04.0;
27;123075;2019-04-11 14:29:05.0;
27;123065;2019-04-11 14:29:06.0;
27;123015;2019-04-11 14:29:08.0;
27;123065;2019-04-11 14:29:09.0;
27;123015;2019-04-11 14:29:10.0;
27;123065;2019-04-11 14:29:12.0;
27;123015;2019-04-11 14:29:13.0;
27;123075;2019-04-11 14:29:15.0;
27;123065;2019-04-11 14:29:18.0;
27;123075;2019-04-11 14:29:21.0;
27;123065;2019-04-11 14:29:22.0;
27;123075;2019-04-11 14:29:24.0;
27;123065;2019-04-11 14:29:25.0;
27;123075;2019-04-11 14:29:26.0;
27;123065;2019-04-11 14:29:29.0;
27;123075;2019-04-11 14:29:34.0;
27;123065;2019-04-11 14:29:38.0;
27;123075;2019-04-11 14:29:39.0;
27;123065;2019-04-11 14:29:40.0;
27;123075;2019-04-11 14:29:41.0;
27;123085;2019-04-11 14:29:43.0;
27;123075;2019-04-11 14:29:44.0;
27;123085;2019-04-11 14:29:45.0;
27;123075;2019-04-11 14:29:47.0;
27;123065;2019-04-11 14:29:49.0;
27;123085;2019-04-11 14:29:50.0;
27;123065;2019-04-11 14:29:54.0;
27;123085;2019-04-11 14:29:56.0;
27;123065;2019-04-11 14:30:01.0;
27;123085;2019-04-11 14:30:02.0;
27;123015;2019-04-11 14:30:05.0;
27;123085;2019-04-11 14:30:07.0;
27;123015;2019-04-11 14:30:08.0;
27;123075;2019-04-11 14:30:10.0;
27;123015;2019-04-11 14:30:11.0;
27;123075;2019-04-11 14:30:15.0;
27;123015;2019-04-11 14:30:17.0;
27;122975;2019-04-11 14:30:39.0;
27;123015;2019-04-11 14:30:42.0;
27;122975;2019-04-11 14:30:43.0;
27;122985;2019-04-11 14:30:48.0;
27;122975;2019-04-11 14:30:49.0;
27;123015;2019-04-11 14:30:51.0;
27;122975;2019-04-11 14:30:52.0;
27;122985;2019-04-11 14:30:54.0;
27;122975;2019-04-11 14:30:59.0;
27;122985;2019-04-11 14:31:03.0;
27;122975;2019-04-11 14:31:05.0;
27;123005;2019-04-11 14:31:06.0;
27;122975;2019-04-11 14:31:07.0;
27;122985;2019-04-11 14:31:11.0;
27;123005;2019-04-11 14:31:13.0;
27;122985;2019-04-11 14:31:15.0;
27;123005;2019-04-11 14:31:21.0;
27;122985;2019-04-11 14:31:22.0;
27;122995;2019-04-11 14:31:33.0;
27;122985;2019-04-11 14:31:34.0;
27;122995;2019-04-11 14:31:42.0;
27;122985;2019-04-11 14:31:43.0;
27;123015;2019-04-11 14:31:48.0;
27;122995;2019-04-11 14:31:49.0;
27;123015;2019-04-11 14:31:51.0;
27;122995;2019-04-11 14:31:52.0;
27;123015;2019-04-11 14:31:56.0;
27;122995;2019-04-11 14:31:57.0;
27;123015;2019-04-11 14:32:02.0;
27;123045;2019-04-11 14:32:21.0;
27;123015;2019-04-11 14:32:30.0;
27;123045;2019-04-11 14:32:31.0;
27;123015;2019-04-11 14:32:32.0;
27;123045;2019-04-11 14:32:36.0;
27;123095;2019-04-11 14:32:40.0;
27;123045;2019-04-11 14:32:44.0;
27;123095;2019-04-11 14:32:46.0;
27;123045;2019-04-11 14:32:51.0;
27;123115;2019-04-11 14:32:53.0;
27;123095;2019-04-11 14:32:56.0;
27;123115;2019-04-11 14:32:57.0;
27;123095;2019-04-11 14:33:07.0;
27;123115;2019-04-11 14:33:09.0;
27;123095;2019-04-11 14:33:10.0;
27;123115;2019-04-11 14:33:12.0;
27;123105;2019-04-11 14:33:17.0;
27;123115;2019-04-11 14:33:23.0;
27;123105;2019-04-11 14:33:26.0;
27;123115;2019-04-11 14:33:27.0;
27;123125;2019-04-11 14:33:28.0;
27;123105;2019-04-11 14:33:31.0;
27;123125;2019-04-11 14:33:32.0;
27;123115;2019-04-11 14:33:34.0;
27;123105;2019-04-11 14:33:36.0;
27;123115;2019-04-11 14:33:37.0;
27;123105;2019-04-11 14:33:38.0;
27;123115;2019-04-11 14:33:40.0;
27;123125;2019-04-11 14:33:44.0;
27;123105;2019-04-11 14:33:47.0;
27;123115;2019-04-11 14:33:48.0;
27;123125;2019-04-11 14:33:50.0;
27;123105;2019-04-11 14:33:53.0;
27;123125;2019-04-11 14:33:57.0;
27;123105;2019-04-11 14:34:00.0;
27;123085;2019-04-11 14:34:28.0;
27;123105;2019-04-11 14:34:29.0;
27;123085;2019-04-11 14:34:30.0;
27;123095;2019-04-11 14:34:33.0;
27;123085;2019-04-11 14:34:39.0;
27;123095;2019-04-11 14:34:42.0;
27;123085;2019-04-11 14:34:43.0;
27;123095;2019-04-11 14:34:45.0;
27;123085;2019-04-11 14:34:48.0;
27;123095;2019-04-11 14:34:49.0;
27;123085;2019-04-11 14:34:52.0;
27;123095;2019-04-11 14:34:53.0;
27;123085;2019-04-11 14:34:57.0;
27;123075;2019-04-11 14:34:58.0;
27;123095;2019-04-11 14:34:59.0;
27;123065;2019-04-11 14:35:04.0;
27;123075;2019-04-11 14:35:11.0;
27;123065;2019-04-11 14:35:14.0;
27;123075;2019-04-11 14:35:17.0;
27;123065;2019-04-11 14:35:18.0;
27;123075;2019-04-11 14:35:20.0;
27;123065;2019-04-11 14:35:25.0;
27;123075;2019-04-11 14:35:26.0;
27;123065;2019-04-11 14:35:29.0;
27;123075;2019-04-11 14:35:33.0;
27;123065;2019-04-11 14:35:34.0;
27;123075;2019-04-11 14:35:40.0;
27;123065;2019-04-11 14:35:41.0;
27;123055;2019-04-11 14:35:46.0;
27;123065;2019-04-11 14:35:47.0;
27;123055;2019-04-11 14:35:48.0;
27;123065;2019-04-11 14:35:50.0;
27;123055;2019-04-11 14:35:54.0;
27;123065;2019-04-11 14:35:57.0;
27;123055;2019-04-11 14:35:58.0;
27;123065;2019-04-11 14:35:59.0;
27;123015;2019-04-11 14:36:02.0;
27;123055;2019-04-11 14:36:08.0;
27;123015;2019-04-11 14:36:12.0;
27;123055;2019-04-11 14:36:15.0;
27;123015;2019-04-11 14:36:16.0;
27;123055;2019-04-11 14:36:18.0;
27;123015;2019-04-11 14:36:26.0;
27;123055;2019-04-11 14:36:28.0;
27;123015;2019-04-11 14:36:29.0;
27;123055;2019-04-11 14:36:32.0;
27;123045;2019-04-11 14:36:33.0;
27;123055;2019-04-11 14:36:35.0;
27;123045;2019-04-11 14:36:43.0;
27;123055;2019-04-11 14:36:45.0;
27;123065;2019-04-11 14:36:46.0;
27;123055;2019-04-11 14:36:48.0;
27;123065;2019-04-11 14:36:49.0;
27;123055;2019-04-11 14:36:50.0;
27;123065;2019-04-11 14:36:52.0;
27;123045;2019-04-11 14:36:54.0;
27;123065;2019-04-11 14:36:55.0;
27;123055;2019-04-11 14:36:58.0;
27;123065;2019-04-11 14:37:00.0;
27;123045;2019-04-11 14:37:01.0;
27;123065;2019-04-11 14:37:03.0;
27;123055;2019-04-11 14:37:05.0;
27;123065;2019-04-11 14:37:06.0;
27;123055;2019-04-11 14:37:07.0;
27;123065;2019-04-11 14:37:09.0;
27;123055;2019-04-11 14:37:12.0;
27;123035;2019-04-11 14:37:16.0;
27;122985;2019-04-11 14:37:18.0;
27;123035;2019-04-11 14:37:19.0;
27;123055;2019-04-11 14:37:20.0;
27;122985;2019-04-11 14:37:22.0;
27;123055;2019-04-11 14:37:23.0;
27;123035;2019-04-11 14:37:24.0;
27;123055;2019-04-11 14:37:27.0;
27;123035;2019-04-11 14:37:28.0;
27;123055;2019-04-11 14:37:30.0;
27;123035;2019-04-11 14:37:31.0;
27;122985;2019-04-11 14:37:36.0;
27;123035;2019-04-11 14:37:40.0;
27;123015;2019-04-11 14:37:41.0;
27;123035;2019-04-11 14:37:43.0;
27;122985;2019-04-11 14:37:44.0;
27;123015;2019-04-11 14:37:47.0;
27;122985;2019-04-11 14:37:48.0;
27;122995;2019-04-11 14:37:50.0;
27;123015;2019-04-11 14:37:57.0;
27;122995;2019-04-11 14:37:58.0;
27;123015;2019-04-11 14:38:01.0;
27;122995;2019-04-11 14:38:03.0;
27;123015;2019-04-11 14:38:10.0;
27;122995;2019-04-11 14:38:12.0;
27;122965;2019-04-11 14:38:13.0;
27;122995;2019-04-11 14:38:14.0;
27;122965;2019-04-11 14:38:17.0;
27;122995;2019-04-11 14:38:19.0;
27;122985;2019-04-11 14:38:21.0;
27;122975;2019-04-11 14:38:23.0;
27;122985;2019-04-11 14:38:26.0;
27;122975;2019-04-11 14:38:27.0;
27;122985;2019-04-11 14:38:29.0;
27;122965;2019-04-11 14:38:31.0;
27;122975;2019-04-11 14:38:35.0;
27;122985;2019-04-11 14:38:36.0;
27;122965;2019-04-11 14:38:39.0;
27;122975;2019-04-11 14:38:43.0;
27;122985;2019-04-11 14:38:44.0;
27;122955;2019-04-11 14:38:48.0;
27;122985;2019-04-11 14:38:50.0;
27;122975;2019-04-11 14:38:51.0;
27;122955;2019-04-11 14:38:53.0;
27;122935;2019-04-11 14:38:54.0;
27;122955;2019-04-11 14:39:00.0;
27;122935;2019-04-11 14:39:01.0;
27;122955;2019-04-11 14:39:09.0;
27;122935;2019-04-11 14:39:12.0;
27;122955;2019-04-11 14:39:13.0;
27;122935;2019-04-11 14:39:14.0;
27;122965;2019-04-11 14:39:26.0;
27;122945;2019-04-11 14:39:32.0;
27;122965;2019-04-11 14:39:33.0;
27;122945;2019-04-11 14:39:39.0;
27;122965;2019-04-11 14:39:41.0;
27;122945;2019-04-11 14:39:45.0;
27;122965;2019-04-11 14:39:49.0;
27;122945;2019-04-11 14:39:52.0;
27;122965;2019-04-11 14:39:53.0;
27;122945;2019-04-11 14:39:57.0;
27;122935;2019-04-11 14:40:14.0;
27;122945;2019-04-11 14:40:16.0;
27;122935;2019-04-11 14:40:21.0;
27;122945;2019-04-11 14:40:23.0;
27;122935;2019-04-11 14:40:28.0;
27;122945;2019-04-11 14:40:33.0;
27;122955;2019-04-11 14:40:35.0;
27;122935;2019-04-11 14:41:07.0;
27;122915;2019-04-11 14:41:11.0;
27;122935;2019-04-11 14:41:12.0;
27;122915;2019-04-11 14:41:17.0;
27;122935;2019-04-11 14:41:20.0;
27;122915;2019-04-11 14:41:25.0;
27;122935;2019-04-11 14:41:27.0;
27;122915;2019-04-11 14:41:30.0;
27;122935;2019-04-11 14:41:31.0;
27;122915;2019-04-11 14:41:38.0;
27;122905;2019-04-11 14:41:40.0;
27;122915;2019-04-11 14:42:47.0;
27;122945;2019-04-11 14:43:17.0;
27;122915;2019-04-11 14:43:19.0;
27;122945;2019-04-11 14:43:21.0;
27;122935;2019-04-11 14:43:23.0;
27;122945;2019-04-11 14:43:27.0;
27;122935;2019-04-11 14:43:32.0;
27;122945;2019-04-11 14:43:33.0;
27;122935;2019-04-11 14:43:42.0;
27;122945;2019-04-11 14:43:43.0;
27;122935;2019-04-11 14:43:46.0;
27;122945;2019-04-11 14:43:47.0;
27;122995;2019-04-11 14:43:50.0;
27;122965;2019-04-11 14:43:54.0;
27;122995;2019-04-11 14:43:57.0;
27;122965;2019-04-11 14:43:58.0;
27;122995;2019-04-11 14:44:00.0;
27;122965;2019-04-11 14:44:03.0;
27;122995;2019-04-11 14:44:06.0;
27;122965;2019-04-11 14:44:09.0;
27;122995;2019-04-11 14:44:12.0;
27;122965;2019-04-11 14:44:13.0;
27;122995;2019-04-11 14:44:16.0;
27;122965;2019-04-11 14:44:17.0;
27;122985;2019-04-11 14:44:19.0;
27;122965;2019-04-11 14:44:20.0;
27;122985;2019-04-11 14:44:22.0;
27;122965;2019-04-11 14:44:25.0;
27;122985;2019-04-11 14:44:26.0;
27;122965;2019-04-11 14:44:30.0;
27;122985;2019-04-11 14:44:33.0;
27;122965;2019-04-11 14:44:35.0;
27;122985;2019-04-11 14:44:38.0;
27;122965;2019-04-11 14:44:40.0;
27;122985;2019-04-11 14:44:42.0;
27;122965;2019-04-11 14:44:46.0;
27;122985;2019-04-11 14:44:49.0;
27;122965;2019-04-11 14:44:50.0;
27;122975;2019-04-11 14:44:53.0;
27;122985;2019-04-11 14:44:55.0;
27;122975;2019-04-11 14:44:56.0;
27;122965;2019-04-11 14:44:57.0;
27;122975;2019-04-11 14:45:00.0;
27;122965;2019-04-11 14:45:02.0;
27;122975;2019-04-11 14:45:10.0;
27;122965;2019-04-11 14:45:13.0;
27;122975;2019-04-11 14:45:15.0;
27;122965;2019-04-11 14:45:18.0;
27;122975;2019-04-11 14:45:23.0;
27;122965;2019-04-11 14:45:25.0;
27;122955;2019-04-11 14:45:35.0;
27;122965;2019-04-11 14:45:38.0;
27;122955;2019-04-11 14:45:41.0;
27;122965;2019-04-11 14:45:48.0;
27;122955;2019-04-11 14:45:50.0;
27;122965;2019-04-11 14:45:51.0;
27;122955;2019-04-11 14:45:52.0;
27;122965;2019-04-11 14:46:02.0;
27;122955;2019-04-11 14:46:03.0;
27;122975;2019-04-11 14:46:07.0;
27;122955;2019-04-11 14:46:08.0;
27;122895;2019-04-11 14:46:10.0;
27;122965;2019-04-11 14:46:13.0;
27;122975;2019-04-11 14:46:14.0;
27;122965;2019-04-11 14:46:15.0;
27;122975;2019-04-11 14:46:17.0;
27;122965;2019-04-11 14:46:21.0;
27;122975;2019-04-11 14:46:22.0;
27;122895;2019-04-11 14:46:24.0;
27;122975;2019-04-11 14:46:25.0;
27;122965;2019-04-11 14:46:27.0;
27;122895;2019-04-11 14:46:33.0;
27;123005;2019-04-11 14:46:35.0;
27;123025;2019-04-11 14:46:44.0;
27;123005;2019-04-11 14:46:46.0;
27;123025;2019-04-11 14:46:49.0;
27;123005;2019-04-11 14:46:50.0;
27;123025;2019-04-11 14:46:51.0;
27;123005;2019-04-11 14:46:53.0;
27;123025;2019-04-11 14:46:54.0;
27;123005;2019-04-11 14:46:56.0;
27;123025;2019-04-11 14:46:57.0;
27;123005;2019-04-11 14:46:59.0;
27;123025;2019-04-11 14:47:01.0;
27;123005;2019-04-11 14:47:03.0;
27;123025;2019-04-11 14:47:06.0;
27;123035;2019-04-11 14:47:15.0;
27;123025;2019-04-11 14:47:18.0;
27;123035;2019-04-11 14:47:22.0;
27;123025;2019-04-11 14:47:28.0;
27;123055;2019-04-11 14:47:40.0;
27;123035;2019-04-11 14:47:43.0;
27;123055;2019-04-11 14:47:47.0;
27;123065;2019-04-11 14:47:50.0;
27;123055;2019-04-11 14:47:54.0;
27;123065;2019-04-11 14:47:56.0;
27;123055;2019-04-11 14:47:58.0;
27;123065;2019-04-11 14:48:01.0;
27;123055;2019-04-11 14:48:03.0;
27;123065;2019-04-11 14:48:05.0;
27;123055;2019-04-11 14:48:10.0;
27;123065;2019-04-11 14:48:11.0;
27;123075;2019-04-11 14:48:30.0;
27;123065;2019-04-11 14:48:31.0;
27;123075;2019-04-11 14:48:33.0;
27;123065;2019-04-11 14:48:35.0;
27;123075;2019-04-11 14:48:45.0;
27;123065;2019-04-11 14:48:46.0;
27;123035;2019-04-11 14:48:52.0;
27;123065;2019-04-11 14:48:54.0;
27;123035;2019-04-11 14:48:56.0;
27;123065;2019-04-11 14:48:58.0;
27;123035;2019-04-11 14:49:01.0;
27;123045;2019-04-11 14:49:05.0;
27;123065;2019-04-11 14:49:06.0;
27;123045;2019-04-11 14:49:09.0;
27;123035;2019-04-11 14:49:18.0;
27;123045;2019-04-11 14:49:21.0;
27;123025;2019-04-11 14:49:22.0;
27;123035;2019-04-11 14:49:23.0;
27;123045;2019-04-11 14:49:26.0;
27;123025;2019-04-11 14:49:28.0;
27;123045;2019-04-11 14:49:29.0;
27;123035;2019-04-11 14:49:30.0;
27;123025;2019-04-11 14:49:32.0;
27;123045;2019-04-11 14:49:34.0;
27;123025;2019-04-11 14:49:36.0;
27;123035;2019-04-11 14:49:37.0;
27;123025;2019-04-11 14:49:39.0;
27;122995;2019-04-11 14:49:43.0;
27;123025;2019-04-11 14:49:44.0;
27;122995;2019-04-11 14:49:46.0;
27;123025;2019-04-11 14:49:54.0;
27;122995;2019-04-11 14:49:56.0;
27;123025;2019-04-11 14:49:57.0;
27;122995;2019-04-11 14:49:58.0;
27;123025;2019-04-11 14:50:02.0;
27;122995;2019-04-11 14:50:04.0;
27;123015;2019-04-11 14:50:16.0;
27;123025;2019-04-11 14:50:18.0;
27;123015;2019-04-11 14:50:19.0;
27;123025;2019-04-11 14:50:23.0;
27;123015;2019-04-11 14:50:24.0;
27;123025;2019-04-11 14:50:29.0;
27;123015;2019-04-11 14:50:30.0;
27;123025;2019-04-11 14:50:32.0;
27;123015;2019-04-11 14:50:34.0;
27;123025;2019-04-11 14:50:45.0;
27;123015;2019-04-11 14:50:46.0;
27;123025;2019-04-11 14:50:48.0;
27;123015;2019-04-11 14:50:56.0;
27;123035;2019-04-11 14:50:59.0;
27;123025;2019-04-11 14:51:00.0;
27;123035;2019-04-11 14:51:02.0;
27;123015;2019-04-11 14:51:05.0;
27;123025;2019-04-11 14:51:06.0;
27;123035;2019-04-11 14:51:08.0;
27;123025;2019-04-11 14:51:09.0;
27;123035;2019-04-11 14:51:10.0;
27;123015;2019-04-11 14:51:12.0;
27;123035;2019-04-11 14:51:13.0;
27;123015;2019-04-11 14:51:16.0;
27;123025;2019-04-11 14:51:18.0;
27;123015;2019-04-11 14:51:21.0;
27;123025;2019-04-11 14:51:22.0;
27;123015;2019-04-11 14:51:23.0;
27;123025;2019-04-11 14:51:25.0;
27;123015;2019-04-11 14:51:26.0;
27;123025;2019-04-11 14:51:28.0;
27;123015;2019-04-11 14:51:32.0;
27;123025;2019-04-11 14:51:36.0;
27;123015;2019-04-11 14:51:41.0;
27;123025;2019-04-11 14:51:42.0;
27;123015;2019-04-11 14:51:45.0;
27;123025;2019-04-11 14:51:48.0;
27;123015;2019-04-11 14:51:50.0;
27;122995;2019-04-11 14:51:51.0;
27;123015;2019-04-11 14:51:52.0;
27;122995;2019-04-11 14:52:00.0;
27;123015;2019-04-11 14:52:01.0;
27;122995;2019-04-11 14:52:03.0;
27;122985;2019-04-11 14:52:06.0;
27;122995;2019-04-11 14:52:08.0;
27;122975;2019-04-11 14:52:11.0;
27;122995;2019-04-11 14:52:13.0;
27;122975;2019-04-11 14:52:14.0;
27;122995;2019-04-11 14:52:17.0;
27;122985;2019-04-11 14:52:18.0;
27;122995;2019-04-11 14:52:21.0;
27;122985;2019-04-11 14:52:23.0;
27;122975;2019-04-11 14:52:24.0;
27;122985;2019-04-11 14:52:27.0;
27;122975;2019-04-11 14:52:28.0;
27;122985;2019-04-11 14:52:30.0;
27;122975;2019-04-11 14:52:34.0;
27;122985;2019-04-11 14:52:36.0;
27;122975;2019-04-11 14:52:37.0;
27;122965;2019-04-11 14:52:43.0;
27;122975;2019-04-11 14:52:48.0;
27;122965;2019-04-11 14:52:49.0;
27;122975;2019-04-11 14:52:50.0;
27;122965;2019-04-11 14:52:52.0;
27;122975;2019-04-11 14:52:55.0;
27;122965;2019-04-11 14:52:56.0;
27;122975;2019-04-11 14:52:59.0;
27;122965;2019-04-11 14:53:00.0;
27;122975;2019-04-11 14:53:01.0;
27;122965;2019-04-11 14:53:03.0;
27;122925;2019-04-11 14:53:09.0;
27;122965;2019-04-11 14:53:10.0;
27;122925;2019-04-11 14:53:21.0;
27;122955;2019-04-11 14:53:32.0;
27;122925;2019-04-11 14:53:34.0;
27;122955;2019-04-11 14:53:35.0;
27;122925;2019-04-11 14:53:36.0;
27;122955;2019-04-11 14:53:41.0;
27;122925;2019-04-11 14:53:45.0;
27;122955;2019-04-11 14:53:48.0;
27;122965;2019-04-11 14:53:49.0;
27;122955;2019-04-11 14:53:52.0;
27;122965;2019-04-11 14:54:01.0;
27;122955;2019-04-11 14:54:03.0;
27;122965;2019-04-11 14:54:04.0;
27;122985;2019-04-11 14:54:21.0;
27;122965;2019-04-11 14:54:30.0;
27;122985;2019-04-11 14:54:34.0;
27;123015;2019-04-11 14:54:47.0;
27;122985;2019-04-11 14:54:49.0;
27;123015;2019-04-11 14:54:50.0;
27;122985;2019-04-11 14:54:51.0;
27;123015;2019-04-11 14:54:53.0;
27;123005;2019-04-11 14:55:18.0;
27;123015;2019-04-11 14:55:20.0;
27;123005;2019-04-11 14:55:23.0;
27;123015;2019-04-11 14:55:25.0;
27;123005;2019-04-11 14:55:26.0;
27;123015;2019-04-11 14:55:29.0;
27;123005;2019-04-11 14:55:30.0;
27;122995;2019-04-11 14:55:35.0;
27;123005;2019-04-11 14:55:40.0;
27;122995;2019-04-11 14:55:46.0;
27;123025;2019-04-11 14:55:50.0;
27;122995;2019-04-11 14:55:52.0;
27;123025;2019-04-11 14:55:54.0;
27;122995;2019-04-11 14:55:57.0;
27;123025;2019-04-11 14:55:58.0;
27;122995;2019-04-11 14:56:00.0;
27;123025;2019-04-11 14:56:01.0;
27;122995;2019-04-11 14:56:17.0;
27;123025;2019-04-11 14:56:20.0;
27;122975;2019-04-11 14:56:21.0;
27;123025;2019-04-11 14:56:24.0;
27;122975;2019-04-11 14:56:28.0;
27;122995;2019-04-11 14:56:31.0;
27;122975;2019-04-11 14:56:32.0;
27;122995;2019-04-11 14:56:35.0;
27;122975;2019-04-11 14:56:37.0;
27;122995;2019-04-11 14:56:47.0;
27;122975;2019-04-11 14:56:48.0;
27;122985;2019-04-11 14:56:51.0;
27;122975;2019-04-11 14:56:54.0;
27;122985;2019-04-11 14:56:56.0;
27;122975;2019-04-11 14:56:57.0;
27;122985;2019-04-11 14:56:58.0;
27;122965;2019-04-11 14:57:04.0;
27;122985;2019-04-11 14:57:05.0;
27;122965;2019-04-11 14:57:07.0;
27;122985;2019-04-11 14:57:08.0;
27;122965;2019-04-11 14:57:10.0;
27;122985;2019-04-11 14:57:11.0;
27;122965;2019-04-11 14:57:16.0;
27;122985;2019-04-11 14:57:20.0;
27;122925;2019-04-11 14:57:22.0;
27;122985;2019-04-11 14:57:24.0;
27;122965;2019-04-11 14:57:25.0;
27;122925;2019-04-11 14:57:26.0;
27;122965;2019-04-11 14:57:28.0;
27;122925;2019-04-11 14:57:29.0;
27;122945;2019-04-11 14:58:02.0;
27;122925;2019-04-11 14:58:05.0;
27;122945;2019-04-11 14:58:06.0;
27;122875;2019-04-11 14:58:14.0;
27;122925;2019-04-11 14:58:16.0;
27;122945;2019-04-11 14:58:17.0;
27;122925;2019-04-11 14:58:19.0;
27;122875;2019-04-11 14:58:23.0;
27;122945;2019-04-11 14:58:25.0;
27;122875;2019-04-11 14:58:27.0;
27;122925;2019-04-11 14:58:29.0;
27;122875;2019-04-11 14:58:30.0;
27;122885;2019-04-11 14:58:33.0;
27;122875;2019-04-11 14:58:37.0;
27;122885;2019-04-11 14:58:39.0;
27;122875;2019-04-11 14:58:42.0;
27;122885;2019-04-11 14:58:43.0;
27;122875;2019-04-11 14:58:45.0;
27;122885;2019-04-11 14:58:46.0;
27;122855;2019-04-11 14:58:52.0;
27;122885;2019-04-11 14:58:56.0;
27;122855;2019-04-11 14:59:01.0;
27;122885;2019-04-11 14:59:09.0;
27;122855;2019-04-11 14:59:11.0;
27;122875;2019-04-11 14:59:38.0;
27;122855;2019-04-11 14:59:40.0;
27;122875;2019-04-11 14:59:41.0;
27;122855;2019-04-11 14:59:44.0;
27;122875;2019-04-11 14:59:47.0;
27;122865;2019-04-11 15:00:13.0;
27;122875;2019-04-11 15:00:16.0;
27;122865;2019-04-11 15:00:21.0;
27;122875;2019-04-11 15:00:23.0;
27;122815;2019-04-11 15:00:25.0;
27;122865;2019-04-11 15:00:32.0;
27;122815;2019-04-11 15:00:34.0;
27;122865;2019-04-11 15:00:35.0;
27;122815;2019-04-11 15:00:36.0;
27;122835;2019-04-11 15:00:45.0;
27;122815;2019-04-11 15:00:47.0;
27;122835;2019-04-11 15:00:50.0;
27;122815;2019-04-11 15:00:51.0;
27;122835;2019-04-11 15:00:55.0;
27;122865;2019-04-11 15:00:57.0;
27;122835;2019-04-11 15:00:58.0;
27;122865;2019-04-11 15:01:00.0;
27;122835;2019-04-11 15:01:03.0;
27;122895;2019-04-11 15:01:06.0;
27;122865;2019-04-11 15:01:07.0;
27;122895;2019-04-11 15:01:08.0;
27;122835;2019-04-11 15:01:11.0;
27;122895;2019-04-11 15:01:13.0;
27;122865;2019-04-11 15:01:16.0;
27;122895;2019-04-11 15:01:17.0;
27;122865;2019-04-11 15:01:19.0;
27;122905;2019-04-11 15:01:20.0;
27;122865;2019-04-11 15:01:21.0;
27;122895;2019-04-11 15:01:24.0;
27;122865;2019-04-11 15:01:29.0;
27;122905;2019-04-11 15:01:31.0;
27;122895;2019-04-11 15:01:32.0;
27;122905;2019-04-11 15:01:34.0;
27;122865;2019-04-11 15:01:36.0;
27;122925;2019-04-11 15:01:37.0;
27;122905;2019-04-11 15:01:39.0;
27;122925;2019-04-11 15:01:40.0;
27;122865;2019-04-11 15:01:44.0;
27;122905;2019-04-11 15:01:45.0;
27;122925;2019-04-11 15:01:48.0;
27;122945;2019-04-11 15:01:50.0;
27;122865;2019-04-11 15:01:51.0;
27;122925;2019-04-11 15:01:58.0;
27;122945;2019-04-11 15:01:59.0;
27;122925;2019-04-11 15:02:04.0;
27;122945;2019-04-11 15:02:05.0;
27;122925;2019-04-11 15:02:06.0;
27;122945;2019-04-11 15:02:08.0;
27;122935;2019-04-11 15:02:11.0;
27;122945;2019-04-11 15:02:16.0;
27;122935;2019-04-11 15:02:19.0;
27;122945;2019-04-11 15:02:20.0;
27;122955;2019-04-11 15:02:21.0;
27;122945;2019-04-11 15:02:23.0;
27;122955;2019-04-11 15:02:24.0;
27;122945;2019-04-11 15:02:26.0;
27;122955;2019-04-11 15:02:27.0;
27;122945;2019-04-11 15:02:29.0;
27;122955;2019-04-11 15:02:32.0;
27;122935;2019-04-11 15:02:35.0;
27;122955;2019-04-11 15:02:37.0;
27;122965;2019-04-11 15:02:45.0;
27;122955;2019-04-11 15:02:46.0;
27;122945;2019-04-11 15:02:53.0;
27;122965;2019-04-11 15:02:54.0;
27;122955;2019-04-11 15:02:56.0;
27;122965;2019-04-11 15:02:57.0;
27;122955;2019-04-11 15:03:00.0;
27;122945;2019-04-11 15:03:01.0;
27;122915;2019-04-11 15:03:05.0;
27;122945;2019-04-11 15:03:06.0;
27;122965;2019-04-11 15:03:08.0;
27;122915;2019-04-11 15:03:11.0;
27;122945;2019-04-11 15:03:12.0;
27;122915;2019-04-11 15:03:13.0;
27;122965;2019-04-11 15:03:15.0;
27;122945;2019-04-11 15:03:16.0;
27;122925;2019-04-11 15:03:19.0;
27;122915;2019-04-11 15:03:20.0;
27;122945;2019-04-11 15:03:22.0;
27;122915;2019-04-11 15:03:24.0;
27;122945;2019-04-11 15:03:25.0;
27;122915;2019-04-11 15:03:29.0;
27;122945;2019-04-11 15:03:31.0;
27;122925;2019-04-11 15:03:32.0;
27;122915;2019-04-11 15:03:34.0;
27;122925;2019-04-11 15:03:35.0;
27;122955;2019-04-11 15:03:39.0;
27;122945;2019-04-11 15:03:41.0;
27;122925;2019-04-11 15:03:44.0;
27;122955;2019-04-11 15:03:48.0;
27;122945;2019-04-11 15:03:49.0;
27;122995;2019-04-11 15:03:52.0;
27;122945;2019-04-11 15:03:54.0;
27;122955;2019-04-11 15:03:55.0;
27;122995;2019-04-11 15:03:59.0;
27;122965;2019-04-11 15:04:11.0;
27;122995;2019-04-11 15:04:14.0;
27;122965;2019-04-11 15:04:17.0;
27;122995;2019-04-11 15:04:18.0;
27;122965;2019-04-11 15:04:20.0;
27;122995;2019-04-11 15:04:21.0;
27;122975;2019-04-11 15:04:24.0;
27;122965;2019-04-11 15:04:25.0;
27;122995;2019-04-11 15:04:27.0;
27;122975;2019-04-11 15:04:34.0;
27;122965;2019-04-11 15:04:35.0;
27;122975;2019-04-11 15:04:36.0;
27;122965;2019-04-11 15:04:38.0;
27;123015;2019-04-11 15:04:39.0;
27;123025;2019-04-11 15:04:44.0;
27;123015;2019-04-11 15:04:45.0;
27;122975;2019-04-11 15:04:46.0;
27;123025;2019-04-11 15:04:48.0;
27;123015;2019-04-11 15:04:49.0;
27;122975;2019-04-11 15:04:51.0;
27;123025;2019-04-11 15:04:53.0;
27;122975;2019-04-11 15:04:54.0;
27;123005;2019-04-11 15:04:55.0;
27;123015;2019-04-11 15:04:58.0;
27;123025;2019-04-11 15:04:59.0;
27;123015;2019-04-11 15:05:01.0;
27;123025;2019-04-11 15:05:02.0;
27;123005;2019-04-11 15:05:04.0;
27;123015;2019-04-11 15:05:05.0;
27;123005;2019-04-11 15:05:07.0;
27;123025;2019-04-11 15:05:10.0;
27;122995;2019-04-11 15:05:11.0;
27;123005;2019-04-11 15:05:16.0;
27;122995;2019-04-11 15:05:24.0;
27;123005;2019-04-11 15:05:26.0;
27;122995;2019-04-11 15:05:29.0;
27;123005;2019-04-11 15:05:31.0;
27;123045;2019-04-11 15:05:47.0;
27;123005;2019-04-11 15:05:58.0;
27;123045;2019-04-11 15:06:00.0;
27;123075;2019-04-11 15:06:07.0;
27;123045;2019-04-11 15:06:08.0;
27;123075;2019-04-11 15:06:11.0;
27;123045;2019-04-11 15:06:13.0;
27;123075;2019-04-11 15:06:17.0;
27;123115;2019-04-11 15:06:19.0;
27;123075;2019-04-11 15:06:25.0;
27;123105;2019-04-11 15:06:27.0;
27;123075;2019-04-11 15:06:28.0;
27;123105;2019-04-11 15:06:30.0;
27;123075;2019-04-11 15:06:34.0;
27;123105;2019-04-11 15:06:37.0;
27;123115;2019-04-11 15:06:39.0;
27;123105;2019-04-11 15:06:41.0;
27;123115;2019-04-11 15:06:45.0;
27;123105;2019-04-11 15:06:47.0;
27;123135;2019-04-11 15:07:27.0;
27;123125;2019-04-11 15:07:30.0;
27;123135;2019-04-11 15:07:34.0;
27;123125;2019-04-11 15:07:35.0;
27;123135;2019-04-11 15:07:39.0;
27;123125;2019-04-11 15:07:42.0;
27;123135;2019-04-11 15:07:44.0;
27;123125;2019-04-11 15:07:45.0;
27;123135;2019-04-11 15:07:57.0;
27;123125;2019-04-11 15:07:59.0;
27;123145;2019-04-11 15:08:01.0;
27;123125;2019-04-11 15:08:05.0;
27;123145;2019-04-11 15:08:10.0;
27;123125;2019-04-11 15:08:12.0;
27;123145;2019-04-11 15:08:22.0;
27;123125;2019-04-11 15:08:25.0;
27;123145;2019-04-11 15:08:26.0;
27;123125;2019-04-11 15:08:28.0;
27;123145;2019-04-11 15:08:29.0;
27;123125;2019-04-11 15:08:31.0;
27;123115;2019-04-11 15:08:32.0;
27;123125;2019-04-11 15:08:34.0;
27;123115;2019-04-11 15:08:35.0;
27;123125;2019-04-11 15:08:36.0;
27;123115;2019-04-11 15:08:41.0;
27;123135;2019-04-11 15:08:42.0;
27;123125;2019-04-11 15:08:44.0;
27;123115;2019-04-11 15:08:46.0;
27;123125;2019-04-11 15:08:47.0;
27;123115;2019-04-11 15:08:49.0;
27;123135;2019-04-11 15:08:50.0;
27;123115;2019-04-11 15:08:53.0;
27;123135;2019-04-11 15:08:54.0;
27;123115;2019-04-11 15:08:56.0;
27;123135;2019-04-11 15:08:57.0;
27;123115;2019-04-11 15:08:59.0;
27;123135;2019-04-11 15:09:00.0;
27;123125;2019-04-11 15:09:02.0;
27;123135;2019-04-11 15:09:09.0;
27;123125;2019-04-11 15:09:12.0;
27;123135;2019-04-11 15:09:13.0;
27;123125;2019-04-11 15:09:17.0;
27;123135;2019-04-11 15:09:24.0;
27;123125;2019-04-11 15:09:25.0;
27;123135;2019-04-11 15:09:31.0;
27;123125;2019-04-11 15:09:37.0;
27;123105;2019-04-11 15:09:39.0;
27;123125;2019-04-11 15:09:43.0;
27;123085;2019-04-11 15:09:45.0;
27;123105;2019-04-11 15:09:47.0;
27;123065;2019-04-11 15:09:50.0;
27;123105;2019-04-11 15:09:54.0;
27;123065;2019-04-11 15:09:56.0;
27;123105;2019-04-11 15:09:57.0;
27;123065;2019-04-11 15:09:59.0;
27;123085;2019-04-11 15:10:00.0;
27;123065;2019-04-11 15:10:02.0;
27;123085;2019-04-11 15:10:03.0;
27;123065;2019-04-11 15:10:05.0;
27;123105;2019-04-11 15:10:06.0;
27;123065;2019-04-11 15:10:09.0;
27;123055;2019-04-11 15:10:10.0;
27;123085;2019-04-11 15:10:12.0;
27;123055;2019-04-11 15:10:13.0;
27;123015;2019-04-11 15:10:15.0;
27;123055;2019-04-11 15:10:18.0;
27;123065;2019-04-11 15:10:19.0;
27;123055;2019-04-11 15:10:20.0;
27;123015;2019-04-11 15:10:22.0;
27;123005;2019-04-11 15:10:24.0;
27;123015;2019-04-11 15:10:25.0;
27;123055;2019-04-11 15:10:28.0;
27;123005;2019-04-11 15:10:30.0;
27;123055;2019-04-11 15:10:34.0;
27;123005;2019-04-11 15:10:35.0;
27;123055;2019-04-11 15:10:37.0;
27;123005;2019-04-11 15:10:38.0;
27;123015;2019-04-11 15:10:43.0;
27;123035;2019-04-11 15:10:44.0;
27;123005;2019-04-11 15:10:47.0;
27;123025;2019-04-11 15:10:48.0;
27;123005;2019-04-11 15:10:50.0;
27;123025;2019-04-11 15:10:52.0;
27;123035;2019-04-11 15:10:54.0;
27;123055;2019-04-11 15:10:55.0;
27;123035;2019-04-11 15:10:57.0;
27;123025;2019-04-11 15:10:58.0;
27;123055;2019-04-11 15:11:00.0;
27;123025;2019-04-11 15:11:01.0;
27;123055;2019-04-11 15:11:05.0;
27;123035;2019-04-11 15:11:07.0;
27;123055;2019-04-11 15:11:13.0;
27;123025;2019-04-11 15:11:15.0;
27;123015;2019-04-11 15:11:18.0;
27;123005;2019-04-11 15:11:28.0;
27;123015;2019-04-11 15:11:31.0;
27;123005;2019-04-11 15:11:36.0;
27;123015;2019-04-11 15:11:37.0;
27;123005;2019-04-11 15:11:40.0;
27;123015;2019-04-11 15:11:41.0;
27;123005;2019-04-11 15:11:44.0;
27;123015;2019-04-11 15:11:46.0;
27;123005;2019-04-11 15:11:49.0;
27;123025;2019-04-11 15:11:51.0;
27;123005;2019-04-11 15:11:53.0;
27;123025;2019-04-11 15:11:56.0;
27;123055;2019-04-11 15:12:24.0;
27;123025;2019-04-11 15:12:26.0;
27;123065;2019-04-11 15:12:30.0;
27;123025;2019-04-11 15:12:32.0;
27;123055;2019-04-11 15:12:35.0;
27;123065;2019-04-11 15:12:36.0;
27;123075;2019-04-11 15:12:39.0;
27;123065;2019-04-11 15:12:40.0;
27;123075;2019-04-11 15:12:42.0;
27;123065;2019-04-11 15:12:43.0;
27;123055;2019-04-11 15:12:44.0;
27;123075;2019-04-11 15:12:49.0;
27;123065;2019-04-11 15:12:56.0;
27;123085;2019-04-11 15:13:02.0;
27;123075;2019-04-11 15:13:04.0;
27;123085;2019-04-11 15:13:05.0;
27;123075;2019-04-11 15:13:07.0;
27;123085;2019-04-11 15:13:08.0;
27;123065;2019-04-11 15:13:09.0;
27;123085;2019-04-11 15:13:12.0;
27;123065;2019-04-11 15:13:15.0;
27;123085;2019-04-11 15:13:17.0;
27;123065;2019-04-11 15:13:18.0;
27;123105;2019-04-11 15:13:20.0;
27;123085;2019-04-11 15:13:21.0;
27;123065;2019-04-11 15:13:25.0;
27;123105;2019-04-11 15:13:27.0;
27;123085;2019-04-11 15:13:28.0;
27;123105;2019-04-11 15:13:29.0;
27;123095;2019-04-11 15:13:38.0;
27;123105;2019-04-11 15:13:40.0;
27;123095;2019-04-11 15:13:41.0;
27;123105;2019-04-11 15:13:43.0;
27;123095;2019-04-11 15:13:46.0;
27;123105;2019-04-11 15:13:47.0;
27;123095;2019-04-11 15:13:51.0;
27;123105;2019-04-11 15:13:52.0;
27;123075;2019-04-11 15:13:53.0;
27;123105;2019-04-11 15:13:57.0;
27;123075;2019-04-11 15:13:59.0;
27;123095;2019-04-11 15:14:03.0;
27;123075;2019-04-11 15:14:05.0;
27;123065;2019-04-11 15:14:11.0;
27;123075;2019-04-11 15:14:13.0;
27;123065;2019-04-11 15:14:19.0;
27;123075;2019-04-11 15:14:21.0;
27;123065;2019-04-11 15:14:24.0;
27;123075;2019-04-11 15:14:27.0;
27;123065;2019-04-11 15:14:28.0;
27;123105;2019-04-11 15:15:03.0;
27;123065;2019-04-11 15:15:05.0;
27;123105;2019-04-11 15:15:09.0;
27;123085;2019-04-11 15:15:13.0;
27;123095;2019-04-11 15:15:18.0;
27;123085;2019-04-11 15:15:19.0;
27;123095;2019-04-11 15:15:22.0;
27;123105;2019-04-11 15:15:25.0;
27;123085;2019-04-11 15:15:28.0;
27;123105;2019-04-11 15:15:30.0;
27;123085;2019-04-11 15:15:33.0;
27;123095;2019-04-11 15:15:35.0;
27;123115;2019-04-11 15:15:36.0;
27;123085;2019-04-11 15:15:39.0;
27;123095;2019-04-11 15:15:41.0;
27;123085;2019-04-11 15:15:45.0;
27;123125;2019-04-11 15:15:47.0;
27;123115;2019-04-11 15:15:48.0;
27;123135;2019-04-11 15:15:54.0;
27;123115;2019-04-11 15:15:58.0;
27;123135;2019-04-11 15:15:59.0;
27;123125;2019-04-11 15:16:02.0;
27;123115;2019-04-11 15:16:03.0;
27;123135;2019-04-11 15:16:05.0;
27;123115;2019-04-11 15:16:07.0;
27;123125;2019-04-11 15:16:08.0;
27;123135;2019-04-11 15:16:11.0;
27;123105;2019-04-11 15:16:13.0;
27;123135;2019-04-11 15:16:14.0;
27;123105;2019-04-11 15:16:15.0;
27;123125;2019-04-11 15:16:17.0;
27;123135;2019-04-11 15:16:18.0;
27;123105;2019-04-11 15:16:21.0;
27;123135;2019-04-11 15:16:22.0;
27;123105;2019-04-11 15:16:24.0;
27;123095;2019-04-11 15:16:45.0;
27;123105;2019-04-11 15:16:46.0;
27;123095;2019-04-11 15:16:48.0;
27;123105;2019-04-11 15:16:49.0;
27;123095;2019-04-11 15:16:52.0;
27;123105;2019-04-11 15:16:53.0;
27;123025;2019-04-11 15:16:59.0;
27;123095;2019-04-11 15:17:02.0;
27;123025;2019-04-11 15:17:04.0;
27;123095;2019-04-11 15:17:05.0;
27;123025;2019-04-11 15:17:06.0;
27;123095;2019-04-11 15:17:09.0;
27;123025;2019-04-11 15:17:14.0;
27;123075;2019-04-11 15:17:15.0;
27;123025;2019-04-11 15:17:16.0;
27;123075;2019-04-11 15:17:21.0;
27;123025;2019-04-11 15:17:24.0;
27;123075;2019-04-11 15:17:31.0;
27;123105;2019-04-11 15:17:32.0;
27;123075;2019-04-11 15:17:36.0;
27;123105;2019-04-11 15:17:37.0;
27;123075;2019-04-11 15:17:44.0;
27;123105;2019-04-11 15:17:47.0;
27;123075;2019-04-11 15:17:48.0;
27;123105;2019-04-11 15:17:50.0;
27;123075;2019-04-11 15:17:51.0;
27;123105;2019-04-11 15:17:53.0;
27;123075;2019-04-11 15:17:58.0;
27;123105;2019-04-11 15:18:01.0;
27;123075;2019-04-11 15:18:04.0;
27;123035;2019-04-11 15:18:05.0;
27;123075;2019-04-11 15:18:11.0;
27;123035;2019-04-11 15:18:13.0;
27;123075;2019-04-11 15:18:17.0;
27;123035;2019-04-11 15:18:18.0;
27;123085;2019-04-11 15:18:20.0;
27;123035;2019-04-11 15:18:21.0;
27;123085;2019-04-11 15:18:23.0;
27;123035;2019-04-11 15:18:24.0;
27;123085;2019-04-11 15:18:25.0;
27;123035;2019-04-11 15:18:27.0;
27;123085;2019-04-11 15:18:29.0;
27;123035;2019-04-11 15:18:33.0;
27;123075;2019-04-11 15:18:40.0;
27;123085;2019-04-11 15:18:43.0;
27;123075;2019-04-11 15:18:46.0;
27;123085;2019-04-11 15:18:47.0;
27;123075;2019-04-11 15:18:50.0;
27;123085;2019-04-11 15:18:52.0;
27;123075;2019-04-11 15:18:55.0;
27;123085;2019-04-11 15:18:56.0;
27;123075;2019-04-11 15:18:59.0;
27;123085;2019-04-11 15:19:02.0;
27;123075;2019-04-11 15:19:05.0;
27;123085;2019-04-11 15:19:06.0;
27;123075;2019-04-11 15:19:09.0;
27;123085;2019-04-11 15:19:11.0;
27;123075;2019-04-11 15:19:16.0;
27;123085;2019-04-11 15:19:17.0;
27;123075;2019-04-11 15:19:19.0;
27;123085;2019-04-11 15:19:29.0;
27;123075;2019-04-11 15:19:35.0;
27;123085;2019-04-11 15:19:36.0;
27;123075;2019-04-11 15:19:38.0;
27;123085;2019-04-11 15:19:43.0;
27;123075;2019-04-11 15:19:45.0;
27;123085;2019-04-11 15:19:48.0;
27;123075;2019-04-11 15:19:50.0;
27;123115;2019-04-11 15:20:28.0;
27;123095;2019-04-11 15:20:55.0;
27;123115;2019-04-11 15:20:56.0;
27;123095;2019-04-11 15:21:01.0;
27;123115;2019-04-11 15:21:02.0;
27;123095;2019-04-11 15:21:04.0;
27;123075;2019-04-11 15:21:05.0;
27;123095;2019-04-11 15:21:09.0;
27;123075;2019-04-11 15:21:11.0;
27;123095;2019-04-11 15:21:15.0;
27;123085;2019-04-11 15:21:17.0;
27;123095;2019-04-11 15:21:18.0;
27;123075;2019-04-11 15:21:20.0;
27;123085;2019-04-11 15:21:21.0;
27;123095;2019-04-11 15:21:23.0;
27;123075;2019-04-11 15:21:24.0;
27;123085;2019-04-11 15:21:28.0;
27;123075;2019-04-11 15:21:30.0;
27;123085;2019-04-11 15:21:31.0;
27;123095;2019-04-11 15:21:52.0;
27;123085;2019-04-11 15:21:53.0;
27;123095;2019-04-11 15:22:05.0;
27;123115;2019-04-11 15:22:06.0;
27;123095;2019-04-11 15:22:11.0;
27;123115;2019-04-11 15:22:12.0;
27;123095;2019-04-11 15:22:15.0;
27;123115;2019-04-11 15:22:17.0;
27;123105;2019-04-11 15:22:26.0;
27;123115;2019-04-11 15:22:27.0;
27;123105;2019-04-11 15:22:29.0;
27;123115;2019-04-11 15:22:32.0;
27;123105;2019-04-11 15:22:34.0;
27;123115;2019-04-11 15:22:36.0;
27;123105;2019-04-11 15:22:37.0;
27;123115;2019-04-11 15:22:39.0;
27;123105;2019-04-11 15:22:40.0;
27;123115;2019-04-11 15:22:46.0;
27;123105;2019-04-11 15:22:50.0;
27;123115;2019-04-11 15:22:53.0;
27;123105;2019-04-11 15:22:59.0;
27;123115;2019-04-11 15:23:00.0;
27;123105;2019-04-11 15:23:03.0;
27;123115;2019-04-11 15:23:05.0;
27;123105;2019-04-11 15:23:06.0;
27;123115;2019-04-11 15:23:08.0;
27;123065;2019-04-11 15:23:11.0;
27;123115;2019-04-11 15:23:12.0;
27;123065;2019-04-11 15:23:17.0;
27;123085;2019-04-11 15:23:18.0;
27;123115;2019-04-11 15:23:20.0;
27;123085;2019-04-11 15:23:21.0;
27;123115;2019-04-11 15:23:22.0;
27;123085;2019-04-11 15:23:25.0;
27;123065;2019-04-11 15:23:27.0;
27;123105;2019-04-11 15:23:28.0;
27;123065;2019-04-11 15:23:29.0;
27;123085;2019-04-11 15:23:31.0;
27;123065;2019-04-11 15:23:35.0;
27;123085;2019-04-11 15:23:38.0;
27;123065;2019-04-11 15:23:39.0;
27;123105;2019-04-11 15:23:41.0;
27;123085;2019-04-11 15:23:44.0;
27;123105;2019-04-11 15:23:45.0;
27;123055;2019-04-11 15:23:47.0;
27;123105;2019-04-11 15:23:50.0;
27;123055;2019-04-11 15:23:54.0;
27;123105;2019-04-11 15:23:56.0;
27;123055;2019-04-11 15:23:57.0;
27;123015;2019-04-11 15:24:04.0;
27;123055;2019-04-11 15:24:05.0;
27;123015;2019-04-11 15:24:07.0;
27;123055;2019-04-11 15:24:10.0;
27;123015;2019-04-11 15:24:13.0;
27;123055;2019-04-11 15:24:14.0;
27;123015;2019-04-11 15:24:18.0;
27;123035;2019-04-11 15:24:20.0;
27;123015;2019-04-11 15:24:21.0;
27;123025;2019-04-11 15:24:23.0;
27;123035;2019-04-11 15:24:24.0;
27;123025;2019-04-11 15:24:26.0;
27;123015;2019-04-11 15:24:27.0;
27;123025;2019-04-11 15:24:31.0;
27;123035;2019-04-11 15:24:33.0;
27;123025;2019-04-11 15:24:35.0;
27;123065;2019-04-11 15:24:36.0;
27;123025;2019-04-11 15:24:39.0;
27;123065;2019-04-11 15:24:42.0;
27;123035;2019-04-11 15:24:44.0;
27;123025;2019-04-11 15:24:46.0;
27;123065;2019-04-11 15:24:49.0;
27;123025;2019-04-11 15:24:52.0;
27;123065;2019-04-11 15:24:53.0;
27;123055;2019-04-11 15:24:55.0;
27;123065;2019-04-11 15:24:59.0;
27;123055;2019-04-11 15:25:02.0;
27;123065;2019-04-11 15:25:06.0;
27;123055;2019-04-11 15:25:08.0;
27;123045;2019-04-11 15:25:16.0;
27;123055;2019-04-11 15:25:17.0;
27;123045;2019-04-11 15:25:23.0;
27;123055;2019-04-11 15:25:25.0;
27;123065;2019-04-11 15:25:26.0;
27;123055;2019-04-11 15:25:28.0;
27;123045;2019-04-11 15:25:29.0;
27;123065;2019-04-11 15:25:31.0;
27;123055;2019-04-11 15:25:32.0;
27;123065;2019-04-11 15:25:34.0;
27;123045;2019-04-11 15:25:35.0;
27;123055;2019-04-11 15:25:37.0;
27;123045;2019-04-11 15:25:38.0;
27;123055;2019-04-11 15:25:39.0;
27;123065;2019-04-11 15:25:41.0;
27;123045;2019-04-11 15:25:44.0;
27;123065;2019-04-11 15:25:46.0;
27;123055;2019-04-11 15:25:48.0;
27;123065;2019-04-11 15:25:54.0;
27;123085;2019-04-11 15:25:57.0;
27;123065;2019-04-11 15:26:10.0;
27;123085;2019-04-11 15:26:14.0;
27;123105;2019-04-11 15:26:20.0;
27;123085;2019-04-11 15:26:21.0;
27;123105;2019-04-11 15:26:23.0;
27;123085;2019-04-11 15:26:24.0;
27;123105;2019-04-11 15:26:26.0;
27;123085;2019-04-11 15:26:27.0;
27;123105;2019-04-11 15:26:30.0;
27;123095;2019-04-11 15:26:51.0;
27;123105;2019-04-11 15:26:54.0;
27;123095;2019-04-11 15:27:03.0;
27;123105;2019-04-11 15:27:07.0;
27;123095;2019-04-11 15:27:09.0;
27;123105;2019-04-11 15:27:15.0;
27;123095;2019-04-11 15:27:16.0;
27;123105;2019-04-11 15:27:21.0;
27;123095;2019-04-11 15:27:24.0;
27;123105;2019-04-11 15:27:26.0;
27;123095;2019-04-11 15:27:28.0;
27;123105;2019-04-11 15:27:29.0;
27;123095;2019-04-11 15:27:31.0;
27;123105;2019-04-11 15:27:35.0;
27;123095;2019-04-11 15:27:38.0;
27;123065;2019-04-11 15:27:44.0;
27;123095;2019-04-11 15:27:47.0;
27;123065;2019-04-11 15:27:50.0;
27;123095;2019-04-11 15:27:51.0;
27;123065;2019-04-11 15:27:53.0;
27;123095;2019-04-11 15:27:55.0;
27;123065;2019-04-11 15:27:58.0;
27;123095;2019-04-11 15:28:00.0;
27;123065;2019-04-11 15:28:01.0;
27;123055;2019-04-11 15:28:05.0;
27;123065;2019-04-11 15:28:09.0;
27;123055;2019-04-11 15:28:15.0;
27;123065;2019-04-11 15:28:17.0;
27;123055;2019-04-11 15:28:18.0;
27;123035;2019-04-11 15:28:21.0;
27;123065;2019-04-11 15:28:22.0;
27;123045;2019-04-11 15:28:25.0;
27;123055;2019-04-11 15:28:27.0;
27;123035;2019-04-11 15:28:30.0;
27;123045;2019-04-11 15:28:31.0;
27;123035;2019-04-11 15:28:34.0;
27;123045;2019-04-11 15:28:37.0;
27;123035;2019-04-11 15:28:40.0;
27;123075;2019-04-11 15:28:41.0;
27;123045;2019-04-11 15:28:43.0;
27;123075;2019-04-11 15:28:44.0;
27;123035;2019-04-11 15:28:45.0;
27;123045;2019-04-11 15:28:47.0;
27;123035;2019-04-11 15:28:48.0;
27;123075;2019-04-11 15:28:52.0;
27;123095;2019-04-11 15:29:07.0;
27;123075;2019-04-11 15:29:09.0;
27;123095;2019-04-11 15:29:10.0;
27;123075;2019-04-11 15:29:15.0;
27;123095;2019-04-11 15:29:18.0;
27;123075;2019-04-11 15:29:19.0;
27;123095;2019-04-11 15:29:20.0;
27;123115;2019-04-11 15:29:47.0;
27;123095;2019-04-11 15:29:50.0;
27;123115;2019-04-11 15:29:55.0;
27;123095;2019-04-11 15:29:57.0;
27;123115;2019-04-11 15:29:58.0;
27;123095;2019-04-11 15:30:00.0;
27;123115;2019-04-11 15:30:01.0;
27;123095;2019-04-11 15:30:02.0;
27;123115;2019-04-11 15:30:04.0;
27;123095;2019-04-11 15:30:05.0;
27;123115;2019-04-11 15:30:07.0;
27;123125;2019-04-11 15:30:17.0;
27;123095;2019-04-11 15:30:19.0;
27;123115;2019-04-11 15:30:23.0;
27;123125;2019-04-11 15:30:26.0;
27;123095;2019-04-11 15:30:29.0;
27;123075;2019-04-11 15:30:32.0;
27;123125;2019-04-11 15:30:35.0;
27;123075;2019-04-11 15:30:36.0;
27;123095;2019-04-11 15:30:38.0;
27;123075;2019-04-11 15:30:39.0;
27;123125;2019-04-11 15:30:42.0;
27;123095;2019-04-11 15:30:43.0;
27;123075;2019-04-11 15:30:45.0;
27;123095;2019-04-11 15:30:47.0;
27;123075;2019-04-11 15:30:49.0;
27;123115;2019-04-11 15:31:00.0;
27;123075;2019-04-11 15:31:01.0;
27;123095;2019-04-11 15:31:03.0;
27;123115;2019-04-11 15:31:04.0;
27;123095;2019-04-11 15:31:06.0;
27;123075;2019-04-11 15:31:09.0;
27;123095;2019-04-11 15:31:13.0;
27;123075;2019-04-11 15:31:19.0;
27;123085;2019-04-11 15:31:20.0;
27;123115;2019-04-11 15:31:24.0;
27;123095;2019-04-11 15:31:25.0;
27;123115;2019-04-11 15:31:27.0;
27;123085;2019-04-11 15:31:29.0;
27;123095;2019-04-11 15:31:33.0;
27;123085;2019-04-11 15:31:36.0;
27;123095;2019-04-11 15:31:37.0;
27;123085;2019-04-11 15:31:39.0;
27;123095;2019-04-11 15:31:43.0;
27;123085;2019-04-11 15:31:46.0;
27;123095;2019-04-11 15:31:50.0;
27;123055;2019-04-11 15:31:53.0;
27;123095;2019-04-11 15:31:56.0;
27;123085;2019-04-11 15:31:59.0;
27;123095;2019-04-11 15:32:00.0;
27;123055;2019-04-11 15:32:01.0;
27;123095;2019-04-11 15:32:08.0;
27;123055;2019-04-11 15:32:11.0;
27;123095;2019-04-11 15:32:14.0;
27;123055;2019-04-11 15:32:15.0;
27;123095;2019-04-11 15:32:19.0;
27;123055;2019-04-11 15:32:20.0;
27;123095;2019-04-11 15:32:21.0;
27;123125;2019-04-11 15:32:26.0;
27;123055;2019-04-11 15:32:28.0;
27;123095;2019-04-11 15:32:30.0;
27;123125;2019-04-11 15:32:32.0;
27;123095;2019-04-11 15:32:33.0;
27;123125;2019-04-11 15:32:35.0;
27;123155;2019-04-11 15:32:43.0;
27;123125;2019-04-11 15:32:45.0;
27;123155;2019-04-11 15:32:46.0;
27;123125;2019-04-11 15:32:47.0;
27;123155;2019-04-11 15:32:56.0;
27;123125;2019-04-11 15:32:58.0;
27;123155;2019-04-11 15:33:02.0;
27;123165;2019-04-11 15:33:06.0;
27;123155;2019-04-11 15:33:08.0;
27;123165;2019-04-11 15:33:12.0;
27;123155;2019-04-11 15:33:14.0;
27;123165;2019-04-11 15:33:16.0;
27;123155;2019-04-11 15:33:21.0;
27;123165;2019-04-11 15:33:22.0;
27;123155;2019-04-11 15:33:29.0;
27;123165;2019-04-11 15:33:31.0;
27;123155;2019-04-11 15:33:37.0;
27;123125;2019-04-11 15:34:03.0;
27;123155;2019-04-11 15:34:05.0;
27;123125;2019-04-11 15:34:10.0;
27;123135;2019-04-11 15:34:12.0;
27;123125;2019-04-11 15:34:19.0;
27;123135;2019-04-11 15:34:20.0;
27;123095;2019-04-11 15:34:22.0;
27;123135;2019-04-11 15:34:26.0;
27;123095;2019-04-11 15:34:27.0;
27;123135;2019-04-11 15:34:29.0;
27;123095;2019-04-11 15:34:31.0;
27;123135;2019-04-11 15:34:35.0;
27;123095;2019-04-11 15:34:43.0;
27;123115;2019-04-11 15:34:47.0;
27;123095;2019-04-11 15:34:48.0;
27;123115;2019-04-11 15:34:49.0;
27;123075;2019-04-11 15:34:51.0;
27;123115;2019-04-11 15:34:56.0;
27;123075;2019-04-11 15:35:00.0;
27;123115;2019-04-11 15:35:03.0;
27;123075;2019-04-11 15:35:05.0;
27;123115;2019-04-11 15:35:06.0;
27;123075;2019-04-11 15:35:09.0;
27;123085;2019-04-11 15:35:26.0;
27;123075;2019-04-11 15:35:30.0;
27;123085;2019-04-11 15:35:33.0;
27;123075;2019-04-11 15:35:41.0;
27;123085;2019-04-11 15:35:43.0;
27;123055;2019-04-11 15:35:53.0;
27;123015;2019-04-11 15:36:05.0;
27;123055;2019-04-11 15:36:08.0;
27;123015;2019-04-11 15:36:10.0;
27;123055;2019-04-11 15:36:12.0;
27;123015;2019-04-11 15:36:14.0;
27;123055;2019-04-11 15:36:15.0;
27;123015;2019-04-11 15:36:20.0;
27;123035;2019-04-11 15:36:55.0;
27;123015;2019-04-11 15:37:00.0;
27;123035;2019-04-11 15:37:02.0;
27;123015;2019-04-11 15:37:04.0;
27;123035;2019-04-11 15:37:07.0;
27;123045;2019-04-11 15:37:11.0;
27;123035;2019-04-11 15:37:13.0;
27;123045;2019-04-11 15:37:18.0;
27;123035;2019-04-11 15:37:21.0;
27;123045;2019-04-11 15:37:28.0;
27;123095;2019-04-11 15:37:31.0;
27;123045;2019-04-11 15:37:32.0;
27;123095;2019-04-11 15:37:35.0;
27;123085;2019-04-11 15:37:40.0;
27;123095;2019-04-11 15:37:45.0;
27;123085;2019-04-11 15:37:48.0;
27;123095;2019-04-11 15:37:53.0;
27;123085;2019-04-11 15:37:55.0;
27;123095;2019-04-11 15:37:59.0;
27;123085;2019-04-11 15:38:01.0;
27;123115;2019-04-11 15:38:05.0;
27;123085;2019-04-11 15:38:07.0;
27;123115;2019-04-11 15:38:09.0;
27;123085;2019-04-11 15:38:11.0;
27;123115;2019-04-11 15:38:12.0;
27;123085;2019-04-11 15:38:14.0;
27;123135;2019-04-11 15:38:15.0;
27;123115;2019-04-11 15:38:17.0;
27;123135;2019-04-11 15:38:20.0;
27;123115;2019-04-11 15:38:25.0;
27;123135;2019-04-11 15:38:38.0;
27;123115;2019-04-11 15:38:43.0;
27;123135;2019-04-11 15:38:44.0;
27;123115;2019-04-11 15:38:49.0;
27;123135;2019-04-11 15:38:50.0;
27;123115;2019-04-11 15:38:53.0;
27;123135;2019-04-11 15:38:56.0;
27;123095;2019-04-11 15:38:57.0;
27;123135;2019-04-11 15:38:58.0;
27;123095;2019-04-11 15:39:02.0;
27;123135;2019-04-11 15:39:05.0;
27;123095;2019-04-11 15:39:06.0;
27;123135;2019-04-11 15:39:07.0;
27;123095;2019-04-11 15:39:09.0;
27;123135;2019-04-11 15:39:10.0;
27;123095;2019-04-11 15:39:12.0;
27;123135;2019-04-11 15:39:13.0;
27;123085;2019-04-11 15:39:17.0;
27;123095;2019-04-11 15:39:19.0;
27;123015;2019-04-11 15:39:21.0;
27;123095;2019-04-11 15:39:24.0;
27;123015;2019-04-11 15:39:25.0;
27;123095;2019-04-11 15:39:26.0;
27;123015;2019-04-11 15:39:29.0;
27;123035;2019-04-11 15:39:31.0;
27;123015;2019-04-11 15:39:33.0;
27;123085;2019-04-11 15:39:35.0;
27;123035;2019-04-11 15:39:37.0;
27;123015;2019-04-11 15:39:40.0;
27;123035;2019-04-11 15:39:42.0;
27;123085;2019-04-11 15:39:43.0;
27;123035;2019-04-11 15:39:44.0;
27;123085;2019-04-11 15:39:46.0;
27;123015;2019-04-11 15:39:47.0;
27;122975;2019-04-11 15:39:48.0;
27;123035;2019-04-11 15:39:50.0;
27;122975;2019-04-11 15:39:51.0;
27;123035;2019-04-11 15:39:57.0;
27;122975;2019-04-11 15:40:01.0;
27;122945;2019-04-11 15:40:25.0;
27;122975;2019-04-11 15:40:27.0;
27;122925;2019-04-11 15:40:31.0;
27;122945;2019-04-11 15:40:36.0;
27;122935;2019-04-11 15:40:37.0;
27;122945;2019-04-11 15:40:38.0;
27;122925;2019-04-11 15:40:40.0;
27;122935;2019-04-11 15:40:41.0;
27;122945;2019-04-11 15:40:45.0;
27;122925;2019-04-11 15:40:46.0;
27;122945;2019-04-11 15:40:49.0;
27;122925;2019-04-11 15:40:51.0;
27;122935;2019-04-11 15:40:53.0;
27;122945;2019-04-11 15:41:06.0;
27;122935;2019-04-11 15:41:08.0;
27;122945;2019-04-11 15:41:11.0;
27;122935;2019-04-11 15:41:14.0;
27;122945;2019-04-11 15:41:24.0;
27;122995;2019-04-11 15:41:28.0;
27;122945;2019-04-11 15:41:30.0;
27;122995;2019-04-11 15:41:33.0;
27;122945;2019-04-11 15:41:34.0;
27;123005;2019-04-11 15:41:36.0;
27;122995;2019-04-11 15:41:38.0;
27;123015;2019-04-11 15:41:39.0;
27;123005;2019-04-11 15:41:41.0;
27;122995;2019-04-11 15:41:42.0;
27;123015;2019-04-11 15:41:45.0;
27;122995;2019-04-11 15:41:48.0;
27;123005;2019-04-11 15:41:53.0;
27;122995;2019-04-11 15:41:55.0;
27;123015;2019-04-11 15:41:57.0;
27;123005;2019-04-11 15:42:04.0;
27;123015;2019-04-11 15:42:05.0;
27;123045;2019-04-11 15:42:08.0;
27;123015;2019-04-11 15:42:23.0;
27;123045;2019-04-11 15:42:24.0;
27;123015;2019-04-11 15:42:26.0;
27;123045;2019-04-11 15:42:31.0;
27;123065;2019-04-11 15:42:34.0;
27;123045;2019-04-11 15:42:36.0;
27;123065;2019-04-11 15:42:40.0;
27;123105;2019-04-11 15:43:12.0;
27;123065;2019-04-11 15:43:13.0;
27;123105;2019-04-11 15:43:15.0;
27;123115;2019-04-11 15:43:17.0;
27;123125;2019-04-11 15:43:20.0;
27;123105;2019-04-11 15:43:23.0;
27;123115;2019-04-11 15:43:24.0;
27;123125;2019-04-11 15:43:26.0;
27;123105;2019-04-11 15:43:29.0;
27;123125;2019-04-11 15:43:31.0;
27;123115;2019-04-11 15:43:34.0;
27;123125;2019-04-11 15:43:39.0;
27;123115;2019-04-11 15:43:41.0;
27;123135;2019-04-11 15:43:43.0;
27;123115;2019-04-11 15:43:44.0;
27;123135;2019-04-11 15:43:45.0;
27;123125;2019-04-11 15:43:47.0;
27;123135;2019-04-11 15:43:53.0;
27;123125;2019-04-11 15:43:54.0;
27;123135;2019-04-11 15:44:01.0;
27;123125;2019-04-11 15:44:03.0;
27;123135;2019-04-11 15:44:04.0;
27;123125;2019-04-11 15:44:07.0;
27;123135;2019-04-11 15:44:13.0;
27;123125;2019-04-11 15:44:14.0;
27;123115;2019-04-11 15:44:47.0;
27;123125;2019-04-11 15:44:50.0;
27;123115;2019-04-11 15:44:53.0;
27;123135;2019-04-11 15:44:55.0;
27;123125;2019-04-11 15:44:56.0;
27;123115;2019-04-11 15:44:58.0;
27;123135;2019-04-11 15:44:59.0;
27;123115;2019-04-11 15:45:01.0;
27;123135;2019-04-11 15:45:04.0;
27;123115;2019-04-11 15:45:06.0;
27;123135;2019-04-11 15:45:07.0;
27;123115;2019-04-11 15:45:08.0;
27;123125;2019-04-11 15:45:10.0;
27;123115;2019-04-11 15:45:12.0;
27;123135;2019-04-11 15:45:18.0;
27;123125;2019-04-11 15:45:23.0;
27;123095;2019-04-11 15:45:26.0;
27;123125;2019-04-11 15:45:28.0;
27;123095;2019-04-11 15:45:31.0;
27;123075;2019-04-11 15:45:34.0;
27;123095;2019-04-11 15:45:41.0;
27;123075;2019-04-11 15:45:42.0;
27;123095;2019-04-11 15:45:45.0;
27;123075;2019-04-11 15:45:47.0;
27;123095;2019-04-11 15:45:48.0;
27;123075;2019-04-11 15:45:50.0;
27;123045;2019-04-11 15:45:58.0;
27;123075;2019-04-11 15:46:00.0;
27;123045;2019-04-11 15:46:01.0;
27;123075;2019-04-11 15:46:03.0;
27;123065;2019-04-11 15:46:06.0;
27;123045;2019-04-11 15:46:17.0;
27;123065;2019-04-11 15:46:19.0;
27;123045;2019-04-11 15:46:23.0;
27;123065;2019-04-11 15:46:25.0;
27;123045;2019-04-11 15:46:26.0;
27;123065;2019-04-11 15:46:28.0;
27;123085;2019-04-11 15:46:37.0;
27;123095;2019-04-11 15:47:07.0;
27;123085;2019-04-11 15:47:10.0;
27;123095;2019-04-11 15:47:11.0;
27;123105;2019-04-11 15:47:13.0;
27;123095;2019-04-11 15:47:17.0;
27;123105;2019-04-11 15:47:20.0;
27;123095;2019-04-11 15:47:23.0;
27;123105;2019-04-11 15:47:26.0;
27;123095;2019-04-11 15:47:29.0;
27;123105;2019-04-11 15:47:35.0;
27;123085;2019-04-11 15:47:38.0;
27;123105;2019-04-11 15:47:43.0;
27;123085;2019-04-11 15:47:44.0;
27;123095;2019-04-11 15:47:51.0;
27;123085;2019-04-11 15:47:53.0;
27;123095;2019-04-11 15:47:56.0;
27;123085;2019-04-11 15:47:57.0;
27;123095;2019-04-11 15:48:01.0;
27;123085;2019-04-11 15:48:04.0;
27;123095;2019-04-11 15:48:08.0;
27;123115;2019-04-11 15:48:10.0;
27;123135;2019-04-11 15:48:13.0;
27;123095;2019-04-11 15:48:19.0;
27;123135;2019-04-11 15:48:22.0;
27;123115;2019-04-11 15:48:24.0;
27;123135;2019-04-11 15:48:26.0;
27;123175;2019-04-11 15:48:46.0;
27;123155;2019-04-11 15:48:48.0;
27;123135;2019-04-11 15:48:50.0;
27;123155;2019-04-11 15:48:51.0;
27;123175;2019-04-11 15:48:53.0;
27;123135;2019-04-11 15:48:54.0;
27;123155;2019-04-11 15:49:06.0;
27;123175;2019-04-11 15:49:08.0;
27;123135;2019-04-11 15:49:09.0;
27;123155;2019-04-11 15:49:27.0;
27;123135;2019-04-11 15:49:31.0;
27;123155;2019-04-11 15:49:32.0;
27;123135;2019-04-11 15:49:36.0;
27;123155;2019-04-11 15:49:38.0;
27;123135;2019-04-11 15:49:40.0;
27;123155;2019-04-11 15:49:41.0;
27;123135;2019-04-11 15:49:43.0;
27;123155;2019-04-11 15:49:46.0;
27;123145;2019-04-11 15:49:48.0;
27;123155;2019-04-11 15:49:50.0;
27;123145;2019-04-11 15:49:59.0;
27;123155;2019-04-11 15:50:01.0;
27;123145;2019-04-11 15:50:03.0;
27;123155;2019-04-11 15:50:04.0;
27;123145;2019-04-11 15:50:05.0;
27;123165;2019-04-11 15:50:07.0;
27;123145;2019-04-11 15:50:09.0;
27;123165;2019-04-11 15:50:12.0;
27;123145;2019-04-11 15:50:15.0;
27;123165;2019-04-11 15:50:18.0;
27;123145;2019-04-11 15:50:19.0;
27;123175;2019-04-11 15:50:21.0;
27;123145;2019-04-11 15:50:23.0;
27;123165;2019-04-11 15:50:25.0;
27;123175;2019-04-11 15:50:26.0;
27;123165;2019-04-11 15:50:28.0;
27;123175;2019-04-11 15:50:31.0;
27;123165;2019-04-11 15:50:33.0;
27;123175;2019-04-11 15:50:36.0;
27;123165;2019-04-11 15:50:38.0;
27;123175;2019-04-11 15:50:39.0;
27;123165;2019-04-11 15:50:41.0;
27;123175;2019-04-11 15:50:42.0;
27;123205;2019-04-11 15:50:45.0;
27;123165;2019-04-11 15:50:47.0;
27;123205;2019-04-11 15:50:48.0;
27;123165;2019-04-11 15:50:50.0;
27;123195;2019-04-11 15:50:54.0;
27;123205;2019-04-11 15:50:56.0;
27;123195;2019-04-11 15:50:59.0;
27;123205;2019-04-11 15:51:06.0;
27;123195;2019-04-11 15:51:08.0;
27;123205;2019-04-11 15:51:13.0;
27;123195;2019-04-11 15:51:15.0;
27;123155;2019-04-11 15:51:21.0;
27;123195;2019-04-11 15:51:22.0;
27;123155;2019-04-11 15:51:26.0;
27;123195;2019-04-11 15:51:28.0;
27;123155;2019-04-11 15:51:29.0;
27;123195;2019-04-11 15:51:31.0;
27;123155;2019-04-11 15:51:33.0;
27;123175;2019-04-11 15:52:02.0;
27;123155;2019-04-11 15:52:04.0;
27;123175;2019-04-11 15:52:08.0;
27;123155;2019-04-11 15:52:19.0;
27;123175;2019-04-11 15:52:20.0;
27;123155;2019-04-11 15:52:28.0;
27;123175;2019-04-11 15:52:34.0;
27;123155;2019-04-11 15:52:35.0;
27;123175;2019-04-11 15:52:37.0;
27;123155;2019-04-11 15:52:38.0;
27;123145;2019-04-11 15:52:45.0;
27;123155;2019-04-11 15:52:47.0;
27;123145;2019-04-11 15:52:48.0;
27;123105;2019-04-11 15:53:16.0;
27;123095;2019-04-11 15:53:20.0;
27;123105;2019-04-11 15:53:21.0;
27;123125;2019-04-11 15:53:24.0;
27;123105;2019-04-11 15:53:26.0;
27;123095;2019-04-11 15:53:29.0;
27;123105;2019-04-11 15:53:30.0;
27;123095;2019-04-11 15:53:33.0;
27;123125;2019-04-11 15:53:36.0;
27;123105;2019-04-11 15:53:38.0;
27;123095;2019-04-11 15:53:39.0;
27;123105;2019-04-11 15:53:42.0;
27;123125;2019-04-11 15:53:44.0;
27;123105;2019-04-11 15:53:45.0;
27;123125;2019-04-11 15:53:47.0;
27;123085;2019-04-11 15:53:48.0;
27;123125;2019-04-11 15:53:49.0;
27;123085;2019-04-11 15:53:54.0;
27;123015;2019-04-11 15:54:26.0;
27;123035;2019-04-11 15:54:29.0;
27;123015;2019-04-11 15:54:30.0;
27;123035;2019-04-11 15:54:36.0;
27;123015;2019-04-11 15:54:37.0;
27;123035;2019-04-11 15:54:39.0;
27;123015;2019-04-11 15:54:40.0;
27;123035;2019-04-11 15:54:44.0;
27;123015;2019-04-11 15:54:46.0;
27;123035;2019-04-11 15:54:49.0;
27;123015;2019-04-11 15:54:52.0;
27;123035;2019-04-11 15:54:56.0;
27;122975;2019-04-11 15:54:57.0;
27;122935;2019-04-11 15:55:29.0;
27;122925;2019-04-11 15:55:35.0;
27;122935;2019-04-11 15:55:37.0;
27;122925;2019-04-11 15:55:40.0;
27;122935;2019-04-11 15:55:42.0;
27;122925;2019-04-11 15:55:44.0;
27;122935;2019-04-11 15:55:45.0;
27;122925;2019-04-11 15:55:54.0;
27;122935;2019-04-11 15:55:56.0;
27;122905;2019-04-11 15:56:01.0;
27;122945;2019-04-11 15:56:03.0;
27;122905;2019-04-11 15:56:12.0;
27;122945;2019-04-11 15:56:16.0;
27;122905;2019-04-11 15:56:28.0;
27;122945;2019-04-11 15:56:29.0;
27;122985;2019-04-11 15:56:32.0;
27;122945;2019-04-11 15:56:37.0;
27;122995;2019-04-11 15:56:38.0;
27;122985;2019-04-11 15:56:42.0;
27;122995;2019-04-11 15:56:43.0;
27;122985;2019-04-11 15:56:45.0;
27;122995;2019-04-11 15:56:47.0;
27;122985;2019-04-11 15:56:50.0;
27;122995;2019-04-11 15:56:57.0;
27;122985;2019-04-11 15:56:58.0;
27;122995;2019-04-11 15:56:59.0;
27;122985;2019-04-11 15:57:01.0;
27;122995;2019-04-11 15:57:02.0;
27;122965;2019-04-11 15:57:06.0;
27;122975;2019-04-11 15:57:28.0;
27;122965;2019-04-11 15:57:30.0;
27;122975;2019-04-11 15:57:37.0;
27;122965;2019-04-11 15:57:39.0;
27;122975;2019-04-11 15:57:41.0;
27;122965;2019-04-11 15:57:49.0;
27;122975;2019-04-11 15:57:50.0;
27;122965;2019-04-11 15:57:56.0;
27;122975;2019-04-11 15:57:57.0;
27;122965;2019-04-11 15:58:02.0;
27;122975;2019-04-11 15:58:06.0;
27;122995;2019-04-11 15:58:11.0;
27;122975;2019-04-11 15:58:14.0;
27;122995;2019-04-11 15:58:16.0;
27;122975;2019-04-11 15:58:18.0;
27;122995;2019-04-11 15:58:20.0;
27;122975;2019-04-11 15:58:22.0;
27;122955;2019-04-11 15:58:24.0;
27;122975;2019-04-11 15:58:25.0;
27;122955;2019-04-11 15:58:27.0;
27;122995;2019-04-11 15:58:31.0;
27;122915;2019-04-11 15:58:33.0;
27;122995;2019-04-11 15:58:34.0;
27;122955;2019-04-11 15:58:36.0;
27;122995;2019-04-11 15:58:37.0;
27;122915;2019-04-11 15:58:41.0;
27;122955;2019-04-11 15:58:43.0;
27;122915;2019-04-11 15:58:44.0;
27;122935;2019-04-11 15:58:50.0;
27;122915;2019-04-11 15:58:52.0;
27;122935;2019-04-11 15:58:53.0;
27;122915;2019-04-11 15:58:56.0;
27;122935;2019-04-11 15:58:58.0;
27;122915;2019-04-11 15:59:00.0;
27;122935;2019-04-11 15:59:09.0;
27;122915;2019-04-11 15:59:12.0;
27;122905;2019-04-11 15:59:17.0;
27;122935;2019-04-11 15:59:20.0;
27;122885;2019-04-11 15:59:21.0;
27;122915;2019-04-11 15:59:23.0;
27;122885;2019-04-11 15:59:24.0;
27;122915;2019-04-11 15:59:26.0;
27;122905;2019-04-11 15:59:27.0;
27;122885;2019-04-11 15:59:29.0;
27;122915;2019-04-11 15:59:30.0;
27;122885;2019-04-11 15:59:31.0;
27;122905;2019-04-11 15:59:33.0;
27;122885;2019-04-11 15:59:37.0;
27;122915;2019-04-11 15:59:39.0;
27;122905;2019-04-11 15:59:40.0;
27;122915;2019-04-11 15:59:42.0;
27;122885;2019-04-11 15:59:43.0;
27;122905;2019-04-11 15:59:45.0;
27;122885;2019-04-11 15:59:48.0;
27;122975;2019-04-11 16:00:20.0;
27;122885;2019-04-11 16:00:21.0;
27;122975;2019-04-11 16:00:23.0;
27;122885;2019-04-11 16:00:24.0;
27;122975;2019-04-11 16:00:27.0;
27;122885;2019-04-11 16:00:29.0;
27;122945;2019-04-11 16:00:31.0;
27;122935;2019-04-11 16:00:32.0;
27;122975;2019-04-11 16:00:34.0;
27;122945;2019-04-11 16:00:35.0;
27;122975;2019-04-11 16:00:38.0;
27;122945;2019-04-11 16:00:39.0;
27;122975;2019-04-11 16:00:41.0;
27;122935;2019-04-11 16:00:42.0;
27;122945;2019-04-11 16:00:44.0;
27;122935;2019-04-11 16:00:50.0;
27;122945;2019-04-11 16:00:52.0;
27;122965;2019-04-11 16:00:54.0;
27;122945;2019-04-11 16:00:55.0;
27;122935;2019-04-11 16:00:58.0;
27;122965;2019-04-11 16:00:59.0;
27;122975;2019-04-11 16:01:01.0;
27;122965;2019-04-11 16:01:02.0;
27;122975;2019-04-11 16:01:05.0;
27;122965;2019-04-11 16:01:08.0;
27;122975;2019-04-11 16:01:11.0;
27;122965;2019-04-11 16:01:15.0;
27;122975;2019-04-11 16:01:17.0;
27;122965;2019-04-11 16:01:19.0;
27;122975;2019-04-11 16:01:21.0;
27;122965;2019-04-11 16:01:23.0;
27;122975;2019-04-11 16:01:25.0;
27;122915;2019-04-11 16:01:29.0;
27;122975;2019-04-11 16:01:33.0;
27;122915;2019-04-11 16:01:34.0;
27;122905;2019-04-11 16:01:37.0;
27;122915;2019-04-11 16:01:39.0;
27;122905;2019-04-11 16:01:46.0;
27;122915;2019-04-11 16:01:47.0;
27;122905;2019-04-11 16:01:49.0;
27;122915;2019-04-11 16:01:50.0;
27;122905;2019-04-11 16:01:54.0;
27;122915;2019-04-11 16:01:56.0;
27;122905;2019-04-11 16:01:59.0;
27;122915;2019-04-11 16:02:00.0;
27;122905;2019-04-11 16:02:05.0;
27;122915;2019-04-11 16:02:06.0;
27;122895;2019-04-11 16:02:18.0;
27;122915;2019-04-11 16:02:20.0;
27;122895;2019-04-11 16:02:24.0;
27;122915;2019-04-11 16:02:25.0;
27;122895;2019-04-11 16:02:27.0;
27;122915;2019-04-11 16:02:29.0;
27;122895;2019-04-11 16:02:30.0;
27;122915;2019-04-11 16:02:31.0;
27;122895;2019-04-11 16:02:33.0;
27;122915;2019-04-11 16:02:34.0;
27;122935;2019-04-11 16:02:36.0;
27;122895;2019-04-11 16:02:43.0;
27;122935;2019-04-11 16:02:44.0;
27;122895;2019-04-11 16:02:47.0;
27;122935;2019-04-11 16:02:49.0;
27;123015;2019-04-11 16:03:02.0;
27;122935;2019-04-11 16:03:03.0;
27;123015;2019-04-11 16:03:04.0;
27;123025;2019-04-11 16:03:13.0;
27;123005;2019-04-11 16:03:17.0;
27;123025;2019-04-11 16:03:19.0;
27;123005;2019-04-11 16:03:21.0;
27;123025;2019-04-11 16:03:22.0;
27;123015;2019-04-11 16:03:24.0;
27;123025;2019-04-11 16:03:26.0;
27;123005;2019-04-11 16:03:27.0;
27;123025;2019-04-11 16:03:28.0;
27;123005;2019-04-11 16:03:30.0;
27;123035;2019-04-11 16:03:34.0;
27;123025;2019-04-11 16:03:35.0;
27;123005;2019-04-11 16:03:37.0;
27;123025;2019-04-11 16:03:39.0;
27;123035;2019-04-11 16:03:40.0;
27;123025;2019-04-11 16:03:42.0;
27;123045;2019-04-11 16:03:43.0;
27;123035;2019-04-11 16:03:45.0;
27;123045;2019-04-11 16:03:46.0;
27;123055;2019-04-11 16:03:49.0;
27;123035;2019-04-11 16:03:50.0;
27;123045;2019-04-11 16:03:52.0;
27;123055;2019-04-11 16:03:53.0;
27;123035;2019-04-11 16:03:56.0;
27;123045;2019-04-11 16:03:58.0;
27;123055;2019-04-11 16:04:01.0;
27;123035;2019-04-11 16:04:03.0;
27;123125;2019-04-11 16:04:04.0;
27;123045;2019-04-11 16:04:09.0;
27;123055;2019-04-11 16:04:11.0;
27;123045;2019-04-11 16:04:12.0;
27;123055;2019-04-11 16:04:13.0;
27;123115;2019-04-11 16:04:15.0;
27;123125;2019-04-11 16:04:16.0;
27;123115;2019-04-11 16:04:18.0;
27;123125;2019-04-11 16:04:19.0;
27;123105;2019-04-11 16:04:21.0;
27;123115;2019-04-11 16:04:23.0;
27;123125;2019-04-11 16:04:25.0;
27;123105;2019-04-11 16:04:26.0;
27;123115;2019-04-11 16:04:29.0;
27;123125;2019-04-11 16:04:34.0;
27;123105;2019-04-11 16:04:35.0;
27;123115;2019-04-11 16:04:42.0;
27;123105;2019-04-11 16:04:44.0;
27;123115;2019-04-11 16:05:05.0;
27;123105;2019-04-11 16:05:08.0;
27;123115;2019-04-11 16:05:10.0;
27;123105;2019-04-11 16:05:11.0;
27;123115;2019-04-11 16:05:13.0;
27;123155;2019-04-11 16:05:15.0;
27;123115;2019-04-11 16:05:25.0;
27;123155;2019-04-11 16:05:26.0;
27;123145;2019-04-11 16:05:51.0;
27;123155;2019-04-11 16:05:53.0;
27;123145;2019-04-11 16:05:59.0;
27;123155;2019-04-11 16:06:04.0;
27;123145;2019-04-11 16:06:07.0;
27;123155;2019-04-11 16:06:09.0;
27;123145;2019-04-11 16:06:10.0;
27;123155;2019-04-11 16:06:13.0;
27;123145;2019-04-11 16:06:17.0;
27;123155;2019-04-11 16:06:19.0;
27;123145;2019-04-11 16:06:22.0;
27;123155;2019-04-11 16:06:25.0;
27;123145;2019-04-11 16:06:27.0;
27;123155;2019-04-11 16:06:28.0;
27;123125;2019-04-11 16:06:31.0;
27;123105;2019-04-11 16:06:35.0;
27;123125;2019-04-11 16:06:37.0;
27;123105;2019-04-11 16:06:43.0;
27;123125;2019-04-11 16:06:44.0;
27;123105;2019-04-11 16:06:47.0;
27;123125;2019-04-11 16:06:50.0;
27;123105;2019-04-11 16:06:52.0;
27;123125;2019-04-11 16:06:55.0;
27;123105;2019-04-11 16:07:03.0;
27;123125;2019-04-11 16:07:05.0;
27;123115;2019-04-11 16:07:15.0;
27;123125;2019-04-11 16:07:20.0;
27;123115;2019-04-11 16:07:24.0;
27;123125;2019-04-11 16:07:26.0;
27;123115;2019-04-11 16:07:27.0;
27;123125;2019-04-11 16:07:29.0;
27;123115;2019-04-11 16:07:31.0;
27;123125;2019-04-11 16:07:36.0;
27;123115;2019-04-11 16:07:40.0;
27;123125;2019-04-11 16:07:42.0;
27;123115;2019-04-11 16:07:45.0;
27;123125;2019-04-11 16:07:46.0;
27;123115;2019-04-11 16:07:48.0;
27;123125;2019-04-11 16:07:51.0;
27;123115;2019-04-11 16:07:53.0;
27;123125;2019-04-11 16:07:55.0;
27;123115;2019-04-11 16:07:58.0;
27;123125;2019-04-11 16:07:59.0;
27;123115;2019-04-11 16:08:08.0;
27;123125;2019-04-11 16:08:09.0;
27;123065;2019-04-11 16:08:11.0;
27;123115;2019-04-11 16:08:14.0;
27;123065;2019-04-11 16:08:17.0;
27;123105;2019-04-11 16:08:50.0;
27;123085;2019-04-11 16:09:17.0;
27;123105;2019-04-11 16:09:18.0;
27;123085;2019-04-11 16:09:21.0;
27;123105;2019-04-11 16:09:30.0;
27;123085;2019-04-11 16:09:33.0;
27;123105;2019-04-11 16:09:34.0;
27;123085;2019-04-11 16:09:38.0;
27;123105;2019-04-11 16:09:39.0;
27;123085;2019-04-11 16:09:41.0;
27;123105;2019-04-11 16:09:42.0;
27;123085;2019-04-11 16:09:44.0;
27;123065;2019-04-11 16:09:49.0;
27;123105;2019-04-11 16:09:51.0;
27;123065;2019-04-11 16:09:56.0;
27;123105;2019-04-11 16:10:00.0;
27;123065;2019-04-11 16:10:01.0;
27;123015;2019-04-11 16:10:26.0;
27;123065;2019-04-11 16:10:30.0;
27;123015;2019-04-11 16:10:33.0;
27;123065;2019-04-11 16:10:35.0;
27;123015;2019-04-11 16:10:36.0;
27;123055;2019-04-11 16:10:38.0;
27;123065;2019-04-11 16:10:40.0;
27;123055;2019-04-11 16:10:41.0;
27;123015;2019-04-11 16:10:43.0;
27;123055;2019-04-11 16:10:45.0;
27;123065;2019-04-11 16:10:52.0;
27;123055;2019-04-11 16:10:53.0;
27;123065;2019-04-11 16:10:55.0;
27;123055;2019-04-11 16:10:59.0;
27;123065;2019-04-11 16:11:00.0;
27;123055;2019-04-11 16:11:02.0;
27;123015;2019-04-11 16:11:04.0;
27;123055;2019-04-11 16:11:07.0;
27;123015;2019-04-11 16:11:09.0;
27;123005;2019-04-11 16:11:35.0;
27;123015;2019-04-11 16:11:37.0;
27;123005;2019-04-11 16:11:41.0;
27;122995;2019-04-11 16:12:07.0;
27;123005;2019-04-11 16:12:08.0;
27;122995;2019-04-11 16:12:11.0;
27;122965;2019-04-11 16:12:14.0;
27;122995;2019-04-11 16:12:16.0;
27;122965;2019-04-11 16:12:18.0;
27;122995;2019-04-11 16:12:19.0;
27;122965;2019-04-11 16:12:21.0;
27;122995;2019-04-11 16:12:24.0;
27;122965;2019-04-11 16:12:32.0;
27;122995;2019-04-11 16:12:35.0;
27;122965;2019-04-11 16:12:39.0;
27;122995;2019-04-11 16:12:41.0;
27;123065;2019-04-11 16:13:13.0;
27;122995;2019-04-11 16:13:15.0;
27;123075;2019-04-11 16:13:18.0;
27;123065;2019-04-11 16:13:22.0;
27;123075;2019-04-11 16:13:24.0;
27;123065;2019-04-11 16:13:30.0;
27;123075;2019-04-11 16:13:31.0;
27;123065;2019-04-11 16:13:35.0;
27;123075;2019-04-11 16:13:36.0;
27;123065;2019-04-11 16:13:42.0;
27;123075;2019-04-11 16:13:44.0;
27;123035;2019-04-11 16:13:47.0;
27;123075;2019-04-11 16:13:48.0;
27;123035;2019-04-11 16:13:51.0;
27;123075;2019-04-11 16:13:52.0;
27;123055;2019-04-11 16:13:54.0;
27;123035;2019-04-11 16:13:55.0;
27;123055;2019-04-11 16:13:57.0;
27;123035;2019-04-11 16:14:00.0;
27;123055;2019-04-11 16:14:06.0;
27;123035;2019-04-11 16:14:08.0;
27;123055;2019-04-11 16:14:11.0;
27;123035;2019-04-11 16:14:14.0;
27;123055;2019-04-11 16:14:17.0;
27;123045;2019-04-11 16:14:25.0;
27;123065;2019-04-11 16:14:57.0;
27;123045;2019-04-11 16:14:58.0;
27;123065;2019-04-11 16:15:00.0;
27;123075;2019-04-11 16:15:13.0;
27;123065;2019-04-11 16:15:22.0;
27;123075;2019-04-11 16:15:27.0;
27;123035;2019-04-11 16:15:42.0;
27;123075;2019-04-11 16:15:45.0;
27;123035;2019-04-11 16:15:49.0;
27;123075;2019-04-11 16:15:51.0;
27;123035;2019-04-11 16:15:53.0;
27;123045;2019-04-11 16:16:01.0;
27;123035;2019-04-11 16:16:03.0;
27;123045;2019-04-11 16:16:04.0;
27;123035;2019-04-11 16:16:06.0;
27;123045;2019-04-11 16:16:08.0;
27;123035;2019-04-11 16:16:10.0;
27;123045;2019-04-11 16:16:11.0;
27;123055;2019-04-11 16:16:20.0;
27;123045;2019-04-11 16:16:21.0;
27;123055;2019-04-11 16:16:27.0;
27;123045;2019-04-11 16:16:31.0;
27;123055;2019-04-11 16:16:32.0;
27;123045;2019-04-11 16:16:34.0;
27;123065;2019-04-11 16:16:41.0;
27;123075;2019-04-11 16:16:52.0;
27;123065;2019-04-11 16:16:58.0;
27;123075;2019-04-11 16:17:00.0;
27;123065;2019-04-11 16:17:01.0;
27;123075;2019-04-11 16:17:03.0;
27;123065;2019-04-11 16:17:04.0;
27;123075;2019-04-11 16:17:10.0;
27;123105;2019-04-11 16:17:12.0;
27;123065;2019-04-11 16:17:13.0;
27;123105;2019-04-11 16:17:15.0;
27;123115;2019-04-11 16:17:16.0;
27;123105;2019-04-11 16:17:17.0;
27;123115;2019-04-11 16:17:19.0;
27;123075;2019-04-11 16:17:20.0;
27;123105;2019-04-11 16:17:22.0;
27;123115;2019-04-11 16:17:24.0;
27;123105;2019-04-11 16:17:25.0;
27;123115;2019-04-11 16:17:27.0;
27;123105;2019-04-11 16:17:29.0;
27;123115;2019-04-11 16:17:31.0;
27;123155;2019-04-11 16:17:33.0;
27;123115;2019-04-11 16:17:35.0;
27;123155;2019-04-11 16:17:37.0;
27;123115;2019-04-11 16:17:39.0;
27;123155;2019-04-11 16:17:40.0;
27;123135;2019-04-11 16:17:43.0;
27;123115;2019-04-11 16:17:44.0;
27;123135;2019-04-11 16:17:46.0;
27;123155;2019-04-11 16:17:47.0;
27;123145;2019-04-11 16:17:51.0;
27;123135;2019-04-11 16:17:53.0;
27;123145;2019-04-11 16:17:54.0;
27;123135;2019-04-11 16:17:58.0;
27;123145;2019-04-11 16:18:00.0;
27;123135;2019-04-11 16:18:01.0;
27;123145;2019-04-11 16:18:03.0;
27;123135;2019-04-11 16:18:06.0;
27;123155;2019-04-11 16:18:09.0;
27;123145;2019-04-11 16:18:10.0;
27;123155;2019-04-11 16:18:12.0;
27;123135;2019-04-11 16:18:13.0;
27;123165;2019-04-11 16:18:15.0;
27;123155;2019-04-11 16:18:16.0;
27;123145;2019-04-11 16:18:18.0;
27;123155;2019-04-11 16:18:20.0;
27;123165;2019-04-11 16:18:25.0;
27;123175;2019-04-11 16:18:26.0;
27;123155;2019-04-11 16:18:28.0;
27;123175;2019-04-11 16:18:31.0;
27;123155;2019-04-11 16:18:32.0;
27;123175;2019-04-11 16:18:33.0;
27;123155;2019-04-11 16:18:36.0;
27;123165;2019-04-11 16:18:39.0;
27;123175;2019-04-11 16:18:40.0;
27;123165;2019-04-11 16:18:45.0;
27;123175;2019-04-11 16:18:46.0;
27;123165;2019-04-11 16:18:51.0;
27;123175;2019-04-11 16:18:52.0;
27;123165;2019-04-11 16:18:54.0;
27;123175;2019-04-11 16:18:55.0;
27;123145;2019-04-11 16:19:01.0;
27;123165;2019-04-11 16:19:04.0;
27;123145;2019-04-11 16:19:05.0;
27;123165;2019-04-11 16:19:07.0;
27;123145;2019-04-11 16:19:08.0;
27;123165;2019-04-11 16:19:12.0;
27;123145;2019-04-11 16:19:15.0;
27;123135;2019-04-11 16:20:22.0;
27;123145;2019-04-11 16:20:23.0;
27;123135;2019-04-11 16:20:27.0;
27;123145;2019-04-11 16:20:30.0;
27;123125;2019-04-11 16:20:35.0;
27;123145;2019-04-11 16:20:37.0;
27;123135;2019-04-11 16:20:41.0;
27;123125;2019-04-11 16:20:43.0;
27;123145;2019-04-11 16:20:45.0;
27;123135;2019-04-11 16:20:48.0;
27;123125;2019-04-11 16:20:51.0;
27;123135;2019-04-11 16:20:52.0;
27;123125;2019-04-11 16:20:53.0;
27;123145;2019-04-11 16:20:55.0;
27;123125;2019-04-11 16:20:56.0;
27;123135;2019-04-11 16:20:57.0;
27;123125;2019-04-11 16:21:00.0;
27;123135;2019-04-11 16:21:09.0;
27;123125;2019-04-11 16:21:10.0;
27;123135;2019-04-11 16:21:14.0;
27;123125;2019-04-11 16:21:16.0;
27;123135;2019-04-11 16:21:17.0;
27;123125;2019-04-11 16:21:19.0;
27;123135;2019-04-11 16:21:22.0;
27;123125;2019-04-11 16:21:26.0;
27;123135;2019-04-11 16:21:31.0;
27;123185;2019-04-11 16:21:56.0;
27;123135;2019-04-11 16:21:58.0;
27;123185;2019-04-11 16:22:02.0;
27;123135;2019-04-11 16:22:04.0;
27;123155;2019-04-11 16:22:05.0;
27;123185;2019-04-11 16:22:07.0;
27;123155;2019-04-11 16:22:08.0;
27;123185;2019-04-11 16:22:09.0;
27;123155;2019-04-11 16:22:11.0;
27;123185;2019-04-11 16:22:25.0;
27;123155;2019-04-11 16:22:26.0;
27;123145;2019-04-11 16:22:27.0;
27;123155;2019-04-11 16:22:30.0;
27;123145;2019-04-11 16:22:31.0;
27;123155;2019-04-11 16:22:33.0;
27;123135;2019-04-11 16:22:34.0;
27;123155;2019-04-11 16:22:37.0;
27;123145;2019-04-11 16:22:39.0;
27;123135;2019-04-11 16:22:40.0;
27;123145;2019-04-11 16:22:43.0;
27;123105;2019-04-11 16:22:46.0;
27;123145;2019-04-11 16:22:47.0;
27;123135;2019-04-11 16:22:50.0;
27;123145;2019-04-11 16:22:54.0;
27;123135;2019-04-11 16:22:55.0;
27;123145;2019-04-11 16:22:56.0;
27;123135;2019-04-11 16:22:58.0;
27;123105;2019-04-11 16:23:01.0;
27;123135;2019-04-11 16:23:02.0;
27;123105;2019-04-11 16:23:04.0;
27;123115;2019-04-11 16:23:18.0;
27;123105;2019-04-11 16:23:19.0;
27;123115;2019-04-11 16:23:21.0;
27;123105;2019-04-11 16:23:24.0;
27;123115;2019-04-11 16:23:29.0;
27;123105;2019-04-11 16:23:32.0;
27;123095;2019-04-11 16:23:37.0;
27;123105;2019-04-11 16:23:38.0;
27;123095;2019-04-11 16:23:39.0;
27;123105;2019-04-11 16:23:41.0;
27;123095;2019-04-11 16:23:42.0;
27;123105;2019-04-11 16:23:44.0;
27;123115;2019-04-11 16:23:47.0;
27;123095;2019-04-11 16:23:48.0;
27;123105;2019-04-11 16:23:50.0;
27;123095;2019-04-11 16:23:52.0;
27;123105;2019-04-11 16:23:53.0;
27;123095;2019-04-11 16:23:56.0;
27;123105;2019-04-11 16:23:59.0;
27;123095;2019-04-11 16:24:01.0;
27;123105;2019-04-11 16:24:04.0;
27;123095;2019-04-11 16:24:05.0;
27;123135;2019-04-11 16:24:08.0;
27;123095;2019-04-11 16:24:09.0;
27;123135;2019-04-11 16:24:11.0;
27;123095;2019-04-11 16:24:12.0;
27;123135;2019-04-11 16:24:15.0;
27;123075;2019-04-11 16:24:18.0;
27;123055;2019-04-11 16:24:23.0;
27;123135;2019-04-11 16:24:25.0;
27;123075;2019-04-11 16:24:26.0;
27;123135;2019-04-11 16:24:27.0;
27;123075;2019-04-11 16:24:33.0;
27;123135;2019-04-11 16:24:36.0;
27;123075;2019-04-11 16:24:39.0;
27;123095;2019-04-11 16:24:41.0;
27;123055;2019-04-11 16:24:42.0;
27;123095;2019-04-11 16:24:45.0;
27;123075;2019-04-11 16:24:47.0;
27;123055;2019-04-11 16:24:49.0;
27;123065;2019-04-11 16:24:50.0;
27;123095;2019-04-11 16:24:51.0;
27;123085;2019-04-11 16:24:54.0;
27;123095;2019-04-11 16:24:55.0;
27;123065;2019-04-11 16:24:57.0;
27;123095;2019-04-11 16:24:58.0;
27;123085;2019-04-11 16:25:02.0;
27;123065;2019-04-11 16:25:04.0;
27;123095;2019-04-11 16:25:05.0;
27;123065;2019-04-11 16:25:07.0;
27;123095;2019-04-11 16:25:09.0;
27;123065;2019-04-11 16:25:12.0;
27;123085;2019-04-11 16:25:14.0;
27;123065;2019-04-11 16:25:18.0;
27;123085;2019-04-11 16:25:19.0;
27;123065;2019-04-11 16:25:44.0;
27;123085;2019-04-11 16:25:46.0;
27;123065;2019-04-11 16:25:49.0;
27;123075;2019-04-11 16:25:51.0;
27;123065;2019-04-11 16:25:52.0;
27;123075;2019-04-11 16:25:56.0;
27;123065;2019-04-11 16:25:59.0;
27;123075;2019-04-11 16:26:01.0;
27;123065;2019-04-11 16:26:04.0;
27;123075;2019-04-11 16:26:05.0;
27;123065;2019-04-11 16:26:06.0;
27;123075;2019-04-11 16:26:10.0;
27;122995;2019-04-11 16:26:19.0;
27;123075;2019-04-11 16:26:20.0;
27;122995;2019-04-11 16:26:24.0;
27;123045;2019-04-11 16:26:50.0;
27;122995;2019-04-11 16:26:52.0;
27;123045;2019-04-11 16:26:57.0;
27;123015;2019-04-11 16:27:05.0;
27;123045;2019-04-11 16:27:08.0;
27;123015;2019-04-11 16:27:11.0;
27;123045;2019-04-11 16:27:17.0;
27;123015;2019-04-11 16:27:18.0;
27;123045;2019-04-11 16:27:22.0;
27;123015;2019-04-11 16:27:23.0;
27;122995;2019-04-11 16:27:25.0;
27;123015;2019-04-11 16:27:26.0;
27;123045;2019-04-11 16:27:28.0;
27;123015;2019-04-11 16:27:30.0;
27;122995;2019-04-11 16:27:32.0;
27;123015;2019-04-11 16:27:34.0;
27;122995;2019-04-11 16:27:36.0;
27;123015;2019-04-11 16:27:42.0;
27;122995;2019-04-11 16:27:45.0;
27;123015;2019-04-11 16:27:51.0;
27;122995;2019-04-11 16:27:52.0;
27;123015;2019-04-11 16:27:54.0;
27;122995;2019-04-11 16:27:55.0;
27;123015;2019-04-11 16:27:57.0;
27;122995;2019-04-11 16:27:58.0;
27;123015;2019-04-11 16:28:01.0;
27;122995;2019-04-11 16:28:05.0;
27;123015;2019-04-11 16:28:07.0;
27;122995;2019-04-11 16:28:09.0;
27;123015;2019-04-11 16:28:12.0;
27;122995;2019-04-11 16:28:14.0;
27;123015;2019-04-11 16:28:16.0;
27;122995;2019-04-11 16:28:17.0;
27;123015;2019-04-11 16:28:22.0;
27;122995;2019-04-11 16:28:26.0;
27;122985;2019-04-11 16:28:31.0;
27;122995;2019-04-11 16:28:33.0;
27;122985;2019-04-11 16:28:42.0;
27;122995;2019-04-11 16:28:43.0;
27;122985;2019-04-11 16:28:51.0;
27;122995;2019-04-11 16:28:52.0;
27;123005;2019-04-11 16:29:03.0;
27;122995;2019-04-11 16:29:05.0;
27;123005;2019-04-11 16:29:06.0;
27;123015;2019-04-11 16:29:11.0;
27;123005;2019-04-11 16:29:14.0;
27;123015;2019-04-11 16:29:15.0;
27;123005;2019-04-11 16:29:17.0;
27;123015;2019-04-11 16:29:27.0;
27;123005;2019-04-11 16:29:30.0;
27;123015;2019-04-11 16:29:35.0;
27;123005;2019-04-11 16:29:37.0;
27;123015;2019-04-11 16:29:39.0;
27;122995;2019-04-11 16:29:40.0;
27;123025;2019-04-11 16:30:46.0;
27;122995;2019-04-11 16:30:51.0;
27;123025;2019-04-11 16:30:53.0;
27;123035;2019-04-11 16:30:59.0;
27;123025;2019-04-11 16:31:00.0;
27;123035;2019-04-11 16:31:06.0;
27;123025;2019-04-11 16:31:09.0;
27;123035;2019-04-11 16:31:10.0;
27;123025;2019-04-11 16:31:15.0;
27;123035;2019-04-11 16:31:17.0;
27;123005;2019-04-11 16:31:19.0;
27;122975;2019-04-11 16:31:26.0;
27;122985;2019-04-11 16:31:31.0;
27;122975;2019-04-11 16:31:32.0;
27;123005;2019-04-11 16:31:35.0;
27;122975;2019-04-11 16:31:36.0;
27;123005;2019-04-11 16:31:37.0;
27;122985;2019-04-11 16:31:39.0;
27;123005;2019-04-11 16:31:40.0;
27;122975;2019-04-11 16:31:41.0;
27;123005;2019-04-11 16:31:49.0;
27;122985;2019-04-11 16:31:50.0;
27;122975;2019-04-11 16:31:54.0;
27;122985;2019-04-11 16:31:56.0;
27;122995;2019-04-11 16:31:57.0;
27;122985;2019-04-11 16:32:01.0;
27;122995;2019-04-11 16:32:02.0;
27;123015;2019-04-11 16:32:07.0;
27;122995;2019-04-11 16:32:10.0;
27;123015;2019-04-11 16:32:11.0;
27;122995;2019-04-11 16:32:13.0;
27;123015;2019-04-11 16:32:14.0;
27;122995;2019-04-11 16:32:16.0;
27;123015;2019-04-11 16:32:23.0;
27;122995;2019-04-11 16:32:25.0;
27;123015;2019-04-11 16:32:26.0;
27;123055;2019-04-11 16:32:28.0;
27;123015;2019-04-11 16:32:34.0;
27;123055;2019-04-11 16:32:37.0;
27;123035;2019-04-11 16:33:07.0;
27;123055;2019-04-11 16:33:08.0;
27;123035;2019-04-11 16:33:14.0;
27;123055;2019-04-11 16:33:25.0;
27;123035;2019-04-11 16:33:28.0;
27;123015;2019-04-11 16:33:33.0;
27;123035;2019-04-11 16:33:34.0;
27;123015;2019-04-11 16:33:36.0;
27;123035;2019-04-11 16:33:42.0;
27;123015;2019-04-11 16:33:43.0;
27;123035;2019-04-11 16:33:46.0;
27;123015;2019-04-11 16:33:48.0;
27;123025;2019-04-11 16:33:56.0;
27;123015;2019-04-11 16:33:58.0;
27;123025;2019-04-11 16:34:02.0;
27;123015;2019-04-11 16:34:04.0;
27;123025;2019-04-11 16:34:05.0;
27;123015;2019-04-11 16:34:07.0;
27;123025;2019-04-11 16:34:08.0;
27;123035;2019-04-11 16:34:37.0;
27;123025;2019-04-11 16:34:39.0;
27;123035;2019-04-11 16:34:44.0;
27;123025;2019-04-11 16:34:45.0;
27;123035;2019-04-11 16:34:49.0;
27;123055;2019-04-11 16:34:51.0;
27;123035;2019-04-11 16:34:55.0;
27;123025;2019-04-11 16:35:01.0;
27;123035;2019-04-11 16:35:02.0;
27;123055;2019-04-11 16:35:07.0;
27;123045;2019-04-11 16:35:09.0;
27;123035;2019-04-11 16:35:11.0;
27;123045;2019-04-11 16:35:12.0;
27;123035;2019-04-11 16:35:15.0;
27;123045;2019-04-11 16:35:16.0;
27;123035;2019-04-11 16:35:18.0;
27;123045;2019-04-11 16:35:19.0;
27;123035;2019-04-11 16:35:24.0;
27;123045;2019-04-11 16:35:27.0;
27;123035;2019-04-11 16:35:29.0;
27;123045;2019-04-11 16:35:33.0;
27;123035;2019-04-11 16:35:34.0;
27;123045;2019-04-11 16:35:36.0;
27;123035;2019-04-11 16:35:39.0;
27;123045;2019-04-11 16:35:40.0;
27;123035;2019-04-11 16:35:44.0;
27;123055;2019-04-11 16:35:45.0;
27;123045;2019-04-11 16:35:51.0;
27;123035;2019-04-11 16:35:52.0;
27;123055;2019-04-11 16:35:54.0;
27;123045;2019-04-11 16:35:55.0;
27;123055;2019-04-11 16:35:56.0;
27;123045;2019-04-11 16:36:06.0;
27;123025;2019-04-11 16:36:07.0;
27;123055;2019-04-11 16:36:10.0;
27;123025;2019-04-11 16:36:11.0;
27;123055;2019-04-11 16:36:13.0;
27;123025;2019-04-11 16:36:14.0;
27;123055;2019-04-11 16:36:19.0;
27;123045;2019-04-11 16:36:21.0;
27;123055;2019-04-11 16:36:22.0;
27;123045;2019-04-11 16:36:24.0;
27;123025;2019-04-11 16:36:29.0;
27;123045;2019-04-11 16:36:31.0;
27;123015;2019-04-11 16:36:33.0;
27;123025;2019-04-11 16:36:37.0;
27;123015;2019-04-11 16:36:38.0;
27;123045;2019-04-11 16:36:40.0;
27;123015;2019-04-11 16:36:42.0;
27;123045;2019-04-11 16:36:45.0;
27;123015;2019-04-11 16:36:48.0;
27;123045;2019-04-11 16:36:51.0;
27;123015;2019-04-11 16:36:52.0;
27;123035;2019-04-11 16:37:04.0;
27;123015;2019-04-11 16:37:05.0;
27;123035;2019-04-11 16:37:08.0;
27;123015;2019-04-11 16:37:17.0;
27;123035;2019-04-11 16:37:21.0;
27;123055;2019-04-11 16:37:35.0;
27;123035;2019-04-11 16:37:37.0;
27;123055;2019-04-11 16:37:43.0;
27;123035;2019-04-11 16:37:45.0;
27;123055;2019-04-11 16:37:51.0;
27;123035;2019-04-11 16:37:52.0;
27;123065;2019-04-11 16:37:54.0;
27;123055;2019-04-11 16:38:02.0;
27;123065;2019-04-11 16:38:04.0;
27;123055;2019-04-11 16:38:05.0;
27;123065;2019-04-11 16:38:07.0;
27;123015;2019-04-11 16:38:12.0;
27;123065;2019-04-11 16:38:16.0;
27;123015;2019-04-11 16:38:18.0;
27;123065;2019-04-11 16:38:22.0;
27;123015;2019-04-11 16:38:24.0;
27;123025;2019-04-11 16:38:27.0;
27;123015;2019-04-11 16:38:29.0;
27;123025;2019-04-11 16:38:32.0;
27;123015;2019-04-11 16:38:34.0;
27;123025;2019-04-11 16:38:35.0;
27;123015;2019-04-11 16:38:40.0;
27;123025;2019-04-11 16:38:43.0;
27;123015;2019-04-11 16:38:44.0;
27;123025;2019-04-11 16:38:45.0;
27;123015;2019-04-11 16:38:48.0;
27;123025;2019-04-11 16:38:51.0;
27;123015;2019-04-11 16:38:53.0;
27;123025;2019-04-11 16:38:54.0;
27;123015;2019-04-11 16:38:56.0;
27;123025;2019-04-11 16:38:58.0;
27;123015;2019-04-11 16:39:01.0;
27;123025;2019-04-11 16:39:09.0;
27;123015;2019-04-11 16:39:13.0;
27;123025;2019-04-11 16:39:15.0;
27;123015;2019-04-11 16:39:16.0;
27;123025;2019-04-11 16:39:21.0;
27;123015;2019-04-11 16:39:23.0;
27;123025;2019-04-11 16:39:26.0;
27;123015;2019-04-11 16:39:29.0;
27;123025;2019-04-11 16:39:30.0;
27;123015;2019-04-11 16:39:31.0;
27;123025;2019-04-11 16:39:33.0;
27;123015;2019-04-11 16:39:39.0;
27;123025;2019-04-11 16:39:40.0;
27;123015;2019-04-11 16:39:45.0;
27;123025;2019-04-11 16:39:46.0;
27;123015;2019-04-11 16:39:51.0;
27;123025;2019-04-11 16:39:52.0;
27;123015;2019-04-11 16:39:55.0;
27;123025;2019-04-11 16:39:56.0;
27;123015;2019-04-11 16:39:57.0;
27;122975;2019-04-11 16:39:59.0;
27;123015;2019-04-11 16:40:04.0;
27;122975;2019-04-11 16:40:05.0;
27;122965;2019-04-11 16:40:15.0;
27;122975;2019-04-11 16:40:16.0;
27;122965;2019-04-11 16:40:17.0;
27;122975;2019-04-11 16:40:19.0;
27;122965;2019-04-11 16:40:23.0;
27;122975;2019-04-11 16:40:25.0;
27;122985;2019-04-11 16:40:29.0;
27;122965;2019-04-11 16:40:31.0;
27;122975;2019-04-11 16:40:34.0;
27;122965;2019-04-11 16:40:35.0;
27;122975;2019-04-11 16:40:36.0;
27;122985;2019-04-11 16:40:39.0;
27;122965;2019-04-11 16:40:42.0;
27;122985;2019-04-11 16:40:44.0;
27;122975;2019-04-11 16:40:47.0;
27;122985;2019-04-11 16:40:54.0;
27;122975;2019-04-11 16:40:57.0;
27;122985;2019-04-11 16:40:59.0;
27;122975;2019-04-11 16:41:01.0;
27;122985;2019-04-11 16:41:02.0;
27;122975;2019-04-11 16:41:04.0;
27;122985;2019-04-11 16:41:08.0;
27;122975;2019-04-11 16:41:09.0;
27;122985;2019-04-11 16:41:13.0;
27;122945;2019-04-11 16:41:15.0;
27;122965;2019-04-11 16:41:18.0;
27;122945;2019-04-11 16:41:20.0;
27;122965;2019-04-11 16:41:22.0;
27;122985;2019-04-11 16:41:27.0;
27;122965;2019-04-11 16:41:29.0;
27;122945;2019-04-11 16:41:32.0;
27;122965;2019-04-11 16:41:35.0;
27;122945;2019-04-11 16:41:37.0;
27;122975;2019-04-11 16:41:38.0;
27;122965;2019-04-11 16:41:40.0;
27;122975;2019-04-11 16:41:46.0;
27;122965;2019-04-11 16:41:53.0;
27;122975;2019-04-11 16:41:56.0;
27;122965;2019-04-11 16:42:06.0;
27;122975;2019-04-11 16:42:12.0;
27;122965;2019-04-11 16:42:14.0;
27;122975;2019-04-11 16:42:19.0;
27;122965;2019-04-11 16:42:22.0;
27;122975;2019-04-11 16:42:24.0;
27;122965;2019-04-11 16:42:25.0;
27;122975;2019-04-11 16:42:30.0;
27;122965;2019-04-11 16:42:31.0;
27;122975;2019-04-11 16:42:36.0;
27;122965;2019-04-11 16:42:37.0;
27;123045;2019-04-11 16:42:39.0;
27;123055;2019-04-11 16:42:41.0;
27;123045;2019-04-11 16:42:43.0;
27;122975;2019-04-11 16:42:47.0;
27;123045;2019-04-11 16:42:50.0;
27;123055;2019-04-11 16:42:53.0;
27;123045;2019-04-11 16:42:54.0;
27;123055;2019-04-11 16:42:56.0;
27;123045;2019-04-11 16:43:00.0;
27;123055;2019-04-11 16:43:02.0;
27;123085;2019-04-11 16:43:13.0;
27;123055;2019-04-11 16:43:16.0;
27;123075;2019-04-11 16:43:18.0;
27;123085;2019-04-11 16:43:19.0;
27;123055;2019-04-11 16:43:21.0;
27;123075;2019-04-11 16:43:22.0;
27;123085;2019-04-11 16:43:24.0;
27;123075;2019-04-11 16:43:25.0;
27;123085;2019-04-11 16:43:27.0;
27;123075;2019-04-11 16:43:29.0;
27;123085;2019-04-11 16:43:32.0;
27;123025;2019-04-11 16:43:34.0;
27;123075;2019-04-11 16:43:36.0;
27;123025;2019-04-11 16:43:37.0;
27;123075;2019-04-11 16:43:38.0;
27;123025;2019-04-11 16:43:40.0;
27;123085;2019-04-11 16:43:41.0;
27;123025;2019-04-11 16:43:42.0;
27;123015;2019-04-11 16:43:44.0;
27;123075;2019-04-11 16:43:46.0;
27;123015;2019-04-11 16:43:48.0;
27;123025;2019-04-11 16:43:50.0;
27;123015;2019-04-11 16:43:51.0;
27;123025;2019-04-11 16:43:54.0;
27;123015;2019-04-11 16:43:56.0;
27;123025;2019-04-11 16:43:57.0;
27;123015;2019-04-11 16:43:59.0;
27;123025;2019-04-11 16:44:04.0;
27;123035;2019-04-11 16:44:06.0;
27;123015;2019-04-11 16:44:07.0;
27;123035;2019-04-11 16:44:16.0;
27;123015;2019-04-11 16:44:17.0;
27;123035;2019-04-11 16:44:19.0;
27;123025;2019-04-11 16:44:21.0;
27;123035;2019-04-11 16:44:22.0;
27;123025;2019-04-11 16:44:28.0;
27;123035;2019-04-11 16:44:30.0;
27;123025;2019-04-11 16:44:35.0;
27;123015;2019-04-11 16:44:37.0;
27;123025;2019-04-11 16:44:38.0;
27;123015;2019-04-11 16:44:39.0;
27;123025;2019-04-11 16:44:42.0;
27;122995;2019-04-11 16:44:47.0;
27;123015;2019-04-11 16:44:49.0;
27;123025;2019-04-11 16:44:50.0;
27;123015;2019-04-11 16:44:52.0;
27;122995;2019-04-11 16:44:53.0;
27;123015;2019-04-11 16:44:56.0;
27;122995;2019-04-11 16:45:03.0;
27;123015;2019-04-11 16:45:05.0;
27;122995;2019-04-11 16:45:10.0;
27;123025;2019-04-11 16:45:11.0;
27;122995;2019-04-11 16:45:14.0;
27;123015;2019-04-11 16:45:16.0;
27;123025;2019-04-11 16:45:17.0;
27;123005;2019-04-11 16:45:18.0;
27;123015;2019-04-11 16:45:20.0;
27;123025;2019-04-11 16:45:21.0;
27;123005;2019-04-11 16:45:23.0;
27;123025;2019-04-11 16:45:24.0;
27;123005;2019-04-11 16:45:26.0;
27;122995;2019-04-11 16:45:28.0;
27;123005;2019-04-11 16:45:30.0;
27;123025;2019-04-11 16:45:31.0;
27;123005;2019-04-11 16:45:33.0;
27;123025;2019-04-11 16:45:36.0;
27;122995;2019-04-11 16:45:37.0;
27;123025;2019-04-11 16:45:39.0;
27;122995;2019-04-11 16:45:42.0;
27;123005;2019-04-11 16:45:45.0;
27;122995;2019-04-11 16:45:46.0;
27;123025;2019-04-11 16:46:35.0;
27;122995;2019-04-11 16:46:36.0;
27;123005;2019-04-11 16:46:38.0;
27;122995;2019-04-11 16:46:41.0;
27;123005;2019-04-11 16:46:45.0;
27;122995;2019-04-11 16:46:47.0;
27;123025;2019-04-11 16:46:48.0;
27;122995;2019-04-11 16:46:50.0;
27;123025;2019-04-11 16:46:54.0;
27;123005;2019-04-11 16:46:55.0;
27;123015;2019-04-11 16:46:59.0;
27;123005;2019-04-11 16:47:00.0;
27;123025;2019-04-11 16:47:03.0;
27;123005;2019-04-11 16:47:06.0;
27;123015;2019-04-11 16:47:07.0;
27;122995;2019-04-11 16:47:09.0;
27;123015;2019-04-11 16:47:10.0;
27;122995;2019-04-11 16:47:12.0;
27;123015;2019-04-11 16:47:13.0;
27;122995;2019-04-11 16:47:15.0;
27;123015;2019-04-11 16:47:16.0;
27;122995;2019-04-11 16:47:18.0;
27;123015;2019-04-11 16:47:20.0;
27;122985;2019-04-11 16:47:24.0;
27;123015;2019-04-11 16:47:25.0;
27;122995;2019-04-11 16:47:27.0;
27;123005;2019-04-11 16:47:31.0;
27;122985;2019-04-11 16:47:38.0;
27;123005;2019-04-11 16:47:40.0;
27;123025;2019-04-11 16:47:43.0;
27;123005;2019-04-11 16:47:44.0;
27;123025;2019-04-11 16:47:48.0;
27;123005;2019-04-11 16:47:49.0;
27;123025;2019-04-11 16:47:50.0;
27;123005;2019-04-11 16:47:52.0;
27;123035;2019-04-11 16:47:55.0;
27;123005;2019-04-11 16:47:56.0;
27;123025;2019-04-11 16:47:59.0;
27;123035;2019-04-11 16:48:01.0;
27;123025;2019-04-11 16:48:04.0;
27;123035;2019-04-11 16:48:06.0;
27;123025;2019-04-11 16:48:07.0;
27;123035;2019-04-11 16:48:09.0;
27;123025;2019-04-11 16:48:12.0;
27;123035;2019-04-11 16:48:14.0;
27;123025;2019-04-11 16:48:16.0;
27;123035;2019-04-11 16:48:17.0;
27;123025;2019-04-11 16:48:19.0;
27;123035;2019-04-11 16:48:22.0;
27;123025;2019-04-11 16:48:23.0;
27;123035;2019-04-11 16:48:25.0;
27;123025;2019-04-11 16:48:26.0;
27;123035;2019-04-11 16:48:29.0;
27;123025;2019-04-11 16:48:32.0;
27;123035;2019-04-11 16:48:44.0;
27;123025;2019-04-11 16:48:46.0;
27;123035;2019-04-11 16:48:49.0;
27;123025;2019-04-11 16:48:53.0;
27;123035;2019-04-11 16:48:59.0;
27;123005;2019-04-11 16:49:01.0;
27;123025;2019-04-11 16:49:03.0;
27;123035;2019-04-11 16:49:05.0;
27;123025;2019-04-11 16:49:08.0;
27;123005;2019-04-11 16:49:09.0;
27;123035;2019-04-11 16:49:10.0;
27;123005;2019-04-11 16:49:12.0;
27;123035;2019-04-11 16:49:13.0;
27;122995;2019-04-11 16:49:16.0;
27;123015;2019-04-11 16:49:19.0;
27;122995;2019-04-11 16:49:20.0;
27;123015;2019-04-11 16:49:22.0;
27;123005;2019-04-11 16:49:24.0;
27;122995;2019-04-11 16:49:25.0;
27;123005;2019-04-11 16:49:30.0;
27;122995;2019-04-11 16:49:32.0;
27;123015;2019-04-11 16:49:33.0;
27;122995;2019-04-11 16:49:35.0;
27;123015;2019-04-11 16:49:36.0;
27;122995;2019-04-11 16:49:39.0;
27;123015;2019-04-11 16:49:41.0;
27;122995;2019-04-11 16:49:42.0;
27;123015;2019-04-11 16:49:44.0;
27;122995;2019-04-11 16:49:45.0;
27;123025;2019-04-11 16:49:47.0;
27;123015;2019-04-11 16:49:50.0;
27;123025;2019-04-11 16:49:53.0;
27;123015;2019-04-11 16:50:03.0;
27;123025;2019-04-11 16:50:04.0;
27;123055;2019-04-11 16:50:08.0;
27;123025;2019-04-11 16:50:10.0;
27;123055;2019-04-11 16:50:11.0;
27;123025;2019-04-11 16:50:14.0;
27;123055;2019-04-11 16:50:17.0;
27;123085;2019-04-11 16:50:20.0;
27;123055;2019-04-11 16:50:22.0;
27;123105;2019-04-11 16:50:23.0;
27;123055;2019-04-11 16:50:25.0;
27;123085;2019-04-11 16:50:26.0;
27;123055;2019-04-11 16:50:30.0;
27;123105;2019-04-11 16:50:32.0;
27;123085;2019-04-11 16:50:40.0;
27;123105;2019-04-11 16:50:42.0;
27;123065;2019-04-11 16:50:47.0;
27;123085;2019-04-11 16:50:49.0;
27;123065;2019-04-11 16:50:50.0;
27;123075;2019-04-11 16:50:55.0;
27;123065;2019-04-11 16:50:58.0;
27;123075;2019-04-11 16:50:59.0;
27;123065;2019-04-11 16:51:02.0;
27;123075;2019-04-11 16:51:04.0;
27;123065;2019-04-11 16:51:13.0;
27;123075;2019-04-11 16:51:16.0;
27;123105;2019-04-11 16:51:35.0;
27;123075;2019-04-11 16:51:37.0;
27;123105;2019-04-11 16:51:43.0;
27;123075;2019-04-11 16:51:46.0;
27;123105;2019-04-11 16:51:51.0;
27;123075;2019-04-11 16:51:52.0;
27;123105;2019-04-11 16:51:58.0;
27;123115;2019-04-11 16:51:59.0;
27;123105;2019-04-11 16:52:01.0;
27;123115;2019-04-11 16:52:02.0;
27;123125;2019-04-11 16:52:24.0;
27;123115;2019-04-11 16:52:25.0;
27;123125;2019-04-11 16:52:31.0;
27;123165;2019-04-11 16:52:49.0;
27;123125;2019-04-11 16:52:52.0;
27;123165;2019-04-11 16:52:56.0;
27;123125;2019-04-11 16:52:57.0;
27;123165;2019-04-11 16:52:59.0;
27;123125;2019-04-11 16:53:00.0;
27;123165;2019-04-11 16:53:01.0;
27;123175;2019-04-11 16:53:09.0;
27;123165;2019-04-11 16:53:15.0;
27;123175;2019-04-11 16:53:24.0;
27;123165;2019-04-11 16:53:26.0;
27;123185;2019-04-11 16:53:27.0;
27;123165;2019-04-11 16:53:28.0;
27;123175;2019-04-11 16:53:31.0;
27;123185;2019-04-11 16:53:33.0;
27;123155;2019-04-11 16:53:35.0;
27;123185;2019-04-11 16:53:36.0;
27;123175;2019-04-11 16:53:37.0;
27;123185;2019-04-11 16:53:39.0;
27;123125;2019-04-11 16:53:40.0;
27;123185;2019-04-11 16:53:41.0;
27;123155;2019-04-11 16:53:43.0;
27;123185;2019-04-11 16:53:45.0;
27;123125;2019-04-11 16:53:46.0;
27;123155;2019-04-11 16:53:48.0;
27;123125;2019-04-11 16:53:50.0;
27;123185;2019-04-11 16:53:51.0;
27;123125;2019-04-11 16:53:54.0;
27;123155;2019-04-11 16:53:58.0;
27;123125;2019-04-11 16:54:01.0;
27;123155;2019-04-11 16:54:03.0;
27;123125;2019-04-11 16:54:05.0;
27;123165;2019-04-11 16:54:11.0;
27;123145;2019-04-11 16:54:12.0;
27;123125;2019-04-11 16:54:14.0;
27;123165;2019-04-11 16:54:17.0;
27;123145;2019-04-11 16:54:18.0;
27;123165;2019-04-11 16:54:24.0;
27;123125;2019-04-11 16:54:35.0;
27;123145;2019-04-11 16:54:39.0;
27;123165;2019-04-11 16:54:40.0;
27;123135;2019-04-11 16:54:42.0;
27;123125;2019-04-11 16:54:43.0;
27;123135;2019-04-11 16:54:45.0;
27;123125;2019-04-11 16:54:46.0;
27;123135;2019-04-11 16:54:47.0;
27;123125;2019-04-11 16:54:49.0;
27;123135;2019-04-11 16:54:50.0;
27;123125;2019-04-11 16:54:52.0;
27;123135;2019-04-11 16:54:53.0;
27;123125;2019-04-11 16:54:56.0;
27;123135;2019-04-11 16:54:58.0;
27;123105;2019-04-11 16:54:59.0;
27;123125;2019-04-11 16:55:01.0;
27;123105;2019-04-11 16:55:02.0;
27;123125;2019-04-11 16:55:04.0;
27;123105;2019-04-11 16:55:06.0;
27;123135;2019-04-11 16:55:07.0;
27;123105;2019-04-11 16:55:11.0;
27;123125;2019-04-11 16:55:15.0;
27;123105;2019-04-11 16:55:17.0;
27;123125;2019-04-11 16:55:18.0;
27;123115;2019-04-11 16:55:20.0;
27;123125;2019-04-11 16:55:21.0;
27;123105;2019-04-11 16:55:24.0;
27;123115;2019-04-11 16:55:25.0;
27;123125;2019-04-11 16:55:27.0;
27;123105;2019-04-11 16:55:30.0;
27;123115;2019-04-11 16:55:31.0;
27;123125;2019-04-11 16:55:33.0;
27;123115;2019-04-11 16:55:35.0;
27;123125;2019-04-11 16:55:38.0;
27;123115;2019-04-11 16:55:41.0;
27;123135;2019-04-11 16:55:52.0;
27;123125;2019-04-11 16:55:54.0;
27;123115;2019-04-11 16:55:56.0;
27;123125;2019-04-11 16:55:58.0;
27;123115;2019-04-11 16:56:01.0;
27;123125;2019-04-11 16:56:02.0;
27;123115;2019-04-11 16:56:04.0;
27;123135;2019-04-11 16:56:06.0;
27;123115;2019-04-11 16:56:09.0;
27;123135;2019-04-11 16:56:12.0;
27;123145;2019-04-11 16:56:23.0;
27;123135;2019-04-11 16:56:24.0;
27;123145;2019-04-11 16:56:31.0;
27;123135;2019-04-11 16:56:34.0;
27;123145;2019-04-11 16:56:37.0;
27;123135;2019-04-11 16:56:40.0;
27;123145;2019-04-11 16:56:42.0;
27;123135;2019-04-11 16:56:43.0;
27;123145;2019-04-11 16:56:47.0;
27;123125;2019-04-11 16:56:49.0;
27;123145;2019-04-11 16:56:50.0;
27;123125;2019-04-11 16:56:53.0;
27;123115;2019-04-11 16:56:55.0;
27;123125;2019-04-11 16:56:58.0;
27;123145;2019-04-11 16:57:00.0;
27;123115;2019-04-11 16:57:01.0;
27;123145;2019-04-11 16:57:03.0;
27;123125;2019-04-11 16:57:09.0;
27;123115;2019-04-11 16:57:13.0;
27;123145;2019-04-11 16:57:14.0;
27;123125;2019-04-11 16:57:16.0;
27;123145;2019-04-11 16:57:17.0;
27;123115;2019-04-11 16:57:21.0;
27;123145;2019-04-11 16:57:26.0;
27;123165;2019-04-11 16:57:28.0;
27;123145;2019-04-11 16:57:29.0;
27;123165;2019-04-11 16:57:30.0;
27;123175;2019-04-11 16:57:33.0;
27;123165;2019-04-11 16:57:35.0;
27;123175;2019-04-11 16:57:37.0;
27;123145;2019-04-11 16:57:38.0;
27;123175;2019-04-11 16:57:40.0;
27;123195;2019-04-11 16:57:44.0;
27;123165;2019-04-11 16:57:46.0;
27;123195;2019-04-11 16:57:48.0;
27;123175;2019-04-11 16:57:49.0;
27;123195;2019-04-11 16:57:51.0;
27;123175;2019-04-11 16:57:52.0;
27;123195;2019-04-11 16:57:54.0;
27;123175;2019-04-11 16:57:55.0;
27;123165;2019-04-11 16:57:57.0;
27;123195;2019-04-11 16:57:58.0;
27;123175;2019-04-11 16:58:00.0;
27;123195;2019-04-11 16:58:02.0;
27;123185;2019-04-11 16:58:04.0;
27;123195;2019-04-11 16:58:05.0;
27;123185;2019-04-11 16:58:08.0;
27;123195;2019-04-11 16:58:12.0;
27;123185;2019-04-11 16:58:13.0;
27;123155;2019-04-11 16:58:16.0;
27;123185;2019-04-11 16:58:18.0;
27;123155;2019-04-11 16:58:19.0;
27;123185;2019-04-11 16:58:22.0;
27;123155;2019-04-11 16:58:26.0;
27;123185;2019-04-11 16:58:28.0;
27;123195;2019-04-11 16:58:38.0;
27;123205;2019-04-11 16:58:43.0;
27;123195;2019-04-11 16:58:44.0;
27;123205;2019-04-11 16:58:45.0;
27;123195;2019-04-11 16:58:54.0;
27;123205;2019-04-11 16:58:58.0;
27;123195;2019-04-11 16:59:00.0;
27;123205;2019-04-11 16:59:03.0;
27;123195;2019-04-11 16:59:04.0;
27;123205;2019-04-11 16:59:06.0;
27;123165;2019-04-11 16:59:12.0;
27;123145;2019-04-11 16:59:20.0;
27;123165;2019-04-11 16:59:22.0;
27;123145;2019-04-11 16:59:31.0;
27;123165;2019-04-11 16:59:32.0;
27;123145;2019-04-11 16:59:35.0;
27;123165;2019-04-11 16:59:37.0;
27;123145;2019-04-11 16:59:40.0;
27;123165;2019-04-11 16:59:41.0;
27;123175;2019-04-11 16:59:44.0;
27;123145;2019-04-11 16:59:45.0;
27;123175;2019-04-11 16:59:47.0;
27;123145;2019-04-11 16:59:49.0;
27;123175;2019-04-11 16:59:50.0;
27;123145;2019-04-11 17:00:18.0;
27;123175;2019-04-11 17:00:21.0;
27;123145;2019-04-11 17:00:23.0;
27;123115;2019-04-11 17:01:21.0;
27;123135;2019-04-11 17:01:30.0;
27;123115;2019-04-11 17:01:33.0;
27;123135;2019-04-11 17:01:39.0;
27;123115;2019-04-11 17:01:40.0;
27;123135;2019-04-11 17:01:48.0;
27;123115;2019-04-11 17:01:51.0;
27;123135;2019-04-11 17:01:53.0;
27;123045;2019-04-11 17:02:26.0;
27;123135;2019-04-11 17:02:28.0;
27;123045;2019-04-11 17:02:31.0;
27;123055;2019-04-11 17:02:32.0;
27;123045;2019-04-11 17:02:36.0;
27;123055;2019-04-11 17:02:38.0;
27;123045;2019-04-11 17:02:40.0;
27;123055;2019-04-11 17:02:42.0;
27;123045;2019-04-11 17:02:45.0;
27;123055;2019-04-11 17:02:46.0;
27;123045;2019-04-11 17:02:49.0;
27;123055;2019-04-11 17:02:50.0;
27;123045;2019-04-11 17:02:54.0;
27;123055;2019-04-11 17:02:57.0;
27;123065;2019-04-11 17:03:03.0;
27;123075;2019-04-11 17:03:06.0;
27;123065;2019-04-11 17:03:10.0;
27;123075;2019-04-11 17:03:13.0;
27;123055;2019-04-11 17:03:15.0;
27;123075;2019-04-11 17:03:16.0;
27;123055;2019-04-11 17:03:17.0;
27;123075;2019-04-11 17:03:19.0;
27;123055;2019-04-11 17:03:22.0;
27;123065;2019-04-11 17:03:24.0;
27;123055;2019-04-11 17:03:25.0;
27;123065;2019-04-11 17:03:26.0;
27;123055;2019-04-11 17:03:28.0;
27;123075;2019-04-11 17:03:29.0;
27;123025;2019-04-11 17:03:34.0;
27;123075;2019-04-11 17:03:35.0;
27;123055;2019-04-11 17:03:37.0;
27;123025;2019-04-11 17:03:38.0;
27;123055;2019-04-11 17:03:41.0;
27;123025;2019-04-11 17:03:43.0;
27;123045;2019-04-11 17:03:46.0;
27;123025;2019-04-11 17:03:47.0;
27;123045;2019-04-11 17:03:50.0;
27;123025;2019-04-11 17:03:51.0;
27;123045;2019-04-11 17:04:00.0;
27;123055;2019-04-11 17:04:05.0;
27;123045;2019-04-11 17:04:06.0;
27;123055;2019-04-11 17:04:08.0;
27;123045;2019-04-11 17:04:11.0;
27;123055;2019-04-11 17:04:13.0;
27;123065;2019-04-11 17:04:18.0;
27;123055;2019-04-11 17:04:20.0;
27;123065;2019-04-11 17:04:21.0;
27;123055;2019-04-11 17:04:25.0;
27;123065;2019-04-11 17:04:28.0;
27;123055;2019-04-11 17:04:29.0;
27;123065;2019-04-11 17:04:34.0;
27;123085;2019-04-11 17:04:58.0;
27;123065;2019-04-11 17:04:59.0;
27;123085;2019-04-11 17:05:03.0;
27;123075;2019-04-11 17:05:08.0;
27;123065;2019-04-11 17:05:11.0;
27;123075;2019-04-11 17:05:13.0;
27;123085;2019-04-11 17:05:14.0;
27;123075;2019-04-11 17:05:17.0;
27;123085;2019-04-11 17:05:22.0;
27;123075;2019-04-11 17:05:30.0;
27;123055;2019-04-11 17:06:11.0;
27;123075;2019-04-11 17:06:13.0;
27;123055;2019-04-11 17:06:16.0;
27;123065;2019-04-11 17:06:17.0;
27;123055;2019-04-11 17:06:34.0;
27;123065;2019-04-11 17:06:35.0;
27;123055;2019-04-11 17:06:38.0;
27;123065;2019-04-11 17:06:39.0;
27;123105;2019-04-11 17:06:44.0;
27;123065;2019-04-11 17:06:46.0;
27;123105;2019-04-11 17:06:47.0;
27;123065;2019-04-11 17:06:48.0;
27;123095;2019-04-11 17:06:50.0;
27;123105;2019-04-11 17:06:55.0;
27;123095;2019-04-11 17:06:56.0;
27;123105;2019-04-11 17:06:57.0;
27;123095;2019-04-11 17:06:59.0;
27;123105;2019-04-11 17:07:00.0;
27;123095;2019-04-11 17:07:01.0;
27;123105;2019-04-11 17:07:05.0;
27;123095;2019-04-11 17:07:07.0;
27;123105;2019-04-11 17:07:10.0;
27;123095;2019-04-11 17:07:17.0;
27;123105;2019-04-11 17:07:22.0;
27;123075;2019-04-11 17:07:23.0;
27;123105;2019-04-11 17:07:26.0;
27;123085;2019-04-11 17:07:28.0;
27;123075;2019-04-11 17:07:29.0;
27;123105;2019-04-11 17:07:31.0;
27;123075;2019-04-11 17:07:34.0;
27;123105;2019-04-11 17:07:37.0;
27;123085;2019-04-11 17:07:38.0;
27;123105;2019-04-11 17:07:39.0;
27;123075;2019-04-11 17:07:42.0;
27;123085;2019-04-11 17:07:44.0;
27;123075;2019-04-11 17:07:47.0;
27;123085;2019-04-11 17:07:48.0;
27;123075;2019-04-11 17:07:50.0;
27;123085;2019-04-11 17:07:53.0;
27;123075;2019-04-11 17:07:57.0;
27;123125;2019-04-11 17:08:28.0;
27;123115;2019-04-11 17:08:29.0;
27;123125;2019-04-11 17:08:31.0;
27;123115;2019-04-11 17:08:34.0;
27;123125;2019-04-11 17:08:39.0;
27;123115;2019-04-11 17:08:44.0;
27;123125;2019-04-11 17:08:47.0;
27;123115;2019-04-11 17:08:53.0;
27;123125;2019-04-11 17:08:54.0;
27;123115;2019-04-11 17:09:32.0;
27;123125;2019-04-11 17:09:33.0;
27;123095;2019-04-11 17:09:37.0;
27;123115;2019-04-11 17:09:40.0;
27;123095;2019-04-11 17:09:42.0;
27;123115;2019-04-11 17:09:48.0;
27;123095;2019-04-11 17:09:49.0;
27;123115;2019-04-11 17:09:50.0;
27;123095;2019-04-11 17:09:53.0;
27;123115;2019-04-11 17:09:54.0;
27;123095;2019-04-11 17:09:59.0;
27;123105;2019-04-11 17:10:03.0;
27;123095;2019-04-11 17:10:07.0;
27;123115;2019-04-11 17:10:11.0;
27;123105;2019-04-11 17:10:12.0;
27;123095;2019-04-11 17:10:14.0;
27;123115;2019-04-11 17:10:16.0;
27;123105;2019-04-11 17:10:17.0;
27;123115;2019-04-11 17:10:20.0;
27;123105;2019-04-11 17:10:23.0;
27;123115;2019-04-11 17:10:27.0;
27;123095;2019-04-11 17:10:28.0;
27;123105;2019-04-11 17:10:31.0;
27;123085;2019-04-11 17:10:34.0;
27;123095;2019-04-11 17:10:36.0;
27;123115;2019-04-11 17:10:38.0;
27;123085;2019-04-11 17:10:40.0;
27;123105;2019-04-11 17:10:46.0;
27;123085;2019-04-11 17:10:49.0;
27;123105;2019-04-11 17:10:50.0;
27;123085;2019-04-11 17:10:51.0;
27;123105;2019-04-11 17:10:53.0;
27;123095;2019-04-11 17:11:05.0;
27;123105;2019-04-11 17:11:08.0;
27;123095;2019-04-11 17:11:13.0;
27;123105;2019-04-11 17:11:16.0;
27;123095;2019-04-11 17:11:19.0;
27;123105;2019-04-11 17:11:22.0;
27;123095;2019-04-11 17:11:23.0;
27;123085;2019-04-11 17:11:36.0;
27;123095;2019-04-11 17:11:38.0;
27;123085;2019-04-11 17:11:43.0;
27;123095;2019-04-11 17:11:45.0;
27;123085;2019-04-11 17:11:46.0;
27;123095;2019-04-11 17:11:48.0;
27;123055;2019-04-11 17:11:50.0;
27;123095;2019-04-11 17:11:53.0;
27;123055;2019-04-11 17:11:54.0;
27;123095;2019-04-11 17:11:55.0;
27;123055;2019-04-11 17:11:57.0;
27;123085;2019-04-11 17:11:58.0;
27;123055;2019-04-11 17:12:01.0;
27;123085;2019-04-11 17:12:05.0;
27;123055;2019-04-11 17:12:07.0;
27;123065;2019-04-11 17:12:22.0;
27;123055;2019-04-11 17:12:24.0;
27;123065;2019-04-11 17:12:34.0;
27;123055;2019-04-11 17:12:36.0;
27;123065;2019-04-11 17:12:37.0;
27;123055;2019-04-11 17:12:40.0;
27;123065;2019-04-11 17:12:44.0;
27;123055;2019-04-11 17:12:46.0;
27;123065;2019-04-11 17:12:48.0;
27;123075;2019-04-11 17:12:52.0;
27;123085;2019-04-11 17:12:54.0;
27;123075;2019-04-11 17:12:56.0;
27;123055;2019-04-11 17:12:58.0;
27;123075;2019-04-11 17:12:59.0;
27;123085;2019-04-11 17:13:00.0;
27;123055;2019-04-11 17:13:04.0;
27;123085;2019-04-11 17:13:06.0;
27;123075;2019-04-11 17:13:08.0;
27;123085;2019-04-11 17:13:12.0;
27;123075;2019-04-11 17:13:14.0;
27;123105;2019-04-11 17:13:22.0;
27;123075;2019-04-11 17:13:24.0;
27;123105;2019-04-11 17:13:25.0;
27;123075;2019-04-11 17:13:28.0;
27;123105;2019-04-11 17:13:30.0;
27;123075;2019-04-11 17:13:42.0;
27;123105;2019-04-11 17:13:44.0;
27;123095;2019-04-11 17:13:46.0;
27;123105;2019-04-11 17:13:48.0;
27;123095;2019-04-11 17:13:51.0;
27;123105;2019-04-11 17:13:55.0;
27;123095;2019-04-11 17:13:56.0;
27;123085;2019-04-11 17:13:59.0;
27;123095;2019-04-11 17:14:00.0;
27;123085;2019-04-11 17:14:02.0;
27;123095;2019-04-11 17:14:08.0;
27;123085;2019-04-11 17:14:11.0;
27;123095;2019-04-11 17:14:15.0;
27;123065;2019-04-11 17:14:18.0;
27;123085;2019-04-11 17:14:20.0;
27;123065;2019-04-11 17:14:21.0;
27;123085;2019-04-11 17:14:26.0;
27;123075;2019-04-11 17:14:28.0;
27;123065;2019-04-11 17:14:32.0;
27;123075;2019-04-11 17:14:39.0;
27;123065;2019-04-11 17:14:41.0;
27;123075;2019-04-11 17:14:43.0;
27;123065;2019-04-11 17:14:44.0;
27;123075;2019-04-11 17:14:46.0;
27;123085;2019-04-11 17:14:49.0;
27;123075;2019-04-11 17:14:53.0;
27;123065;2019-04-11 17:14:58.0;
27;123085;2019-04-11 17:15:02.0;
27;123065;2019-04-11 17:15:03.0;
27;123085;2019-04-11 17:15:10.0;
27;123095;2019-04-11 17:15:13.0;
27;123115;2019-04-11 17:15:16.0;
27;123085;2019-04-11 17:15:17.0;
27;123095;2019-04-11 17:15:19.0;
27;123105;2019-04-11 17:15:20.0;
27;123115;2019-04-11 17:15:23.0;
27;123095;2019-04-11 17:15:24.0;
27;123115;2019-04-11 17:15:26.0;
27;123105;2019-04-11 17:15:27.0;
27;123095;2019-04-11 17:15:31.0;
27;123105;2019-04-11 17:15:33.0;
27;123095;2019-04-11 17:15:36.0;
27;123105;2019-04-11 17:15:37.0;
27;123095;2019-04-11 17:15:39.0;
27;123105;2019-04-11 17:15:40.0;
27;123095;2019-04-11 17:15:42.0;
27;123065;2019-04-11 17:15:43.0;
27;123105;2019-04-11 17:15:45.0;
27;123065;2019-04-11 17:15:48.0;
27;123105;2019-04-11 17:15:49.0;
27;123085;2019-04-11 17:15:51.0;
27;123065;2019-04-11 17:15:54.0;
27;123085;2019-04-11 17:15:56.0;
27;123065;2019-04-11 17:15:57.0;
27;123085;2019-04-11 17:16:01.0;
27;123065;2019-04-11 17:16:02.0;
27;123085;2019-04-11 17:16:04.0;
27;123065;2019-04-11 17:16:07.0;
27;123085;2019-04-11 17:16:09.0;
27;123105;2019-04-11 17:16:18.0;
27;123085;2019-04-11 17:16:22.0;
27;123065;2019-04-11 17:16:23.0;
27;123105;2019-04-11 17:16:28.0;
27;123065;2019-04-11 17:16:29.0;
27;123105;2019-04-11 17:16:35.0;
27;123065;2019-04-11 17:16:37.0;
27;123105;2019-04-11 17:16:38.0;
27;123065;2019-04-11 17:16:41.0;
27;123105;2019-04-11 17:16:48.0;
27;123085;2019-04-11 17:16:50.0;
27;123065;2019-04-11 17:16:51.0;
27;123085;2019-04-11 17:16:54.0;
27;123095;2019-04-11 17:16:56.0;
27;123075;2019-04-11 17:16:57.0;
27;123085;2019-04-11 17:16:59.0;
27;123075;2019-04-11 17:17:00.0;
27;123085;2019-04-11 17:17:02.0;
27;123095;2019-04-11 17:17:04.0;
27;123075;2019-04-11 17:17:06.0;
27;123085;2019-04-11 17:17:08.0;
27;123095;2019-04-11 17:17:10.0;
27;123075;2019-04-11 17:17:13.0;
27;123095;2019-04-11 17:17:15.0;
27;123075;2019-04-11 17:17:16.0;
27;123095;2019-04-11 17:17:18.0;
27;123085;2019-04-11 17:17:19.0;
27;123095;2019-04-11 17:17:22.0;
27;123075;2019-04-11 17:17:27.0;
27;123095;2019-04-11 17:17:28.0;
27;123075;2019-04-11 17:17:31.0;
27;123085;2019-04-11 17:17:33.0;
27;123075;2019-04-11 17:17:35.0;
27;123085;2019-04-11 17:17:38.0;
27;123095;2019-04-11 17:17:40.0;
27;123085;2019-04-11 17:17:44.0;
27;123095;2019-04-11 17:17:47.0;
27;123075;2019-04-11 17:17:49.0;
27;123095;2019-04-11 17:17:51.0;
27;123075;2019-04-11 17:17:52.0;
27;123095;2019-04-11 17:17:54.0;
27;123075;2019-04-11 17:17:55.0;
27;123065;2019-04-11 17:18:01.0;
27;123055;2019-04-11 17:18:13.0;
27;123065;2019-04-11 17:18:16.0;
27;123055;2019-04-11 17:18:23.0;
27;123065;2019-04-11 17:18:24.0;
27;123055;2019-04-11 17:18:28.0;
27;123065;2019-04-11 17:18:30.0;
27;123035;2019-04-11 17:18:32.0;
27;123055;2019-04-11 17:18:33.0;
27;123035;2019-04-11 17:18:38.0;
27;123055;2019-04-11 17:18:39.0;
27;123035;2019-04-11 17:18:44.0;
27;123025;2019-04-11 17:18:45.0;
27;123035;2019-04-11 17:18:48.0;
27;123025;2019-04-11 17:18:51.0;
27;123035;2019-04-11 17:18:52.0;
27;123025;2019-04-11 17:18:59.0;
27;123035;2019-04-11 17:19:02.0;
27;123025;2019-04-11 17:19:04.0;
27;123035;2019-04-11 17:19:05.0;
27;123025;2019-04-11 17:19:07.0;
27;123035;2019-04-11 17:19:13.0;
27;123025;2019-04-11 17:19:14.0;
27;123035;2019-04-11 17:19:20.0;
27;123025;2019-04-11 17:19:22.0;
27;123035;2019-04-11 17:19:32.0;
27;123025;2019-04-11 17:19:35.0;
27;123035;2019-04-11 17:19:36.0;
27;123025;2019-04-11 17:19:41.0;
27;123035;2019-04-11 17:19:42.0;
27;123025;2019-04-11 17:19:45.0;
27;123015;2019-04-11 17:19:48.0;
27;123025;2019-04-11 17:19:50.0;
27;123005;2019-04-11 17:19:52.0;
27;123025;2019-04-11 17:19:54.0;
27;123005;2019-04-11 17:19:55.0;
27;123015;2019-04-11 17:19:56.0;
27;123025;2019-04-11 17:19:58.0;
27;123005;2019-04-11 17:19:59.0;
27;123025;2019-04-11 17:20:01.0;
27;123015;2019-04-11 17:20:04.0;
27;123005;2019-04-11 17:20:06.0;
27;122975;2019-04-11 17:20:09.0;
27;123005;2019-04-11 17:20:12.0;
27;123015;2019-04-11 17:20:13.0;
27;122975;2019-04-11 17:20:19.0;
27;122995;2019-04-11 17:20:28.0;
27;122975;2019-04-11 17:20:32.0;
27;122995;2019-04-11 17:20:35.0;
27;122975;2019-04-11 17:20:36.0;
27;122995;2019-04-11 17:20:39.0;
27;122975;2019-04-11 17:20:41.0;
27;122995;2019-04-11 17:20:42.0;
27;122975;2019-04-11 17:20:46.0;
27;122995;2019-04-11 17:20:48.0;
27;123005;2019-04-11 17:20:59.0;
27;122995;2019-04-11 17:21:05.0;
27;123005;2019-04-11 17:21:09.0;
27;123025;2019-04-11 17:21:12.0;
27;123005;2019-04-11 17:21:13.0;
27;122995;2019-04-11 17:21:15.0;
27;123005;2019-04-11 17:21:18.0;
27;122995;2019-04-11 17:21:19.0;
27;123025;2019-04-11 17:21:21.0;
27;123005;2019-04-11 17:21:22.0;
27;123045;2019-04-11 17:21:26.0;
27;123005;2019-04-11 17:21:29.0;
27;123025;2019-04-11 17:21:30.0;
27;123045;2019-04-11 17:21:32.0;
27;123025;2019-04-11 17:21:33.0;
27;123045;2019-04-11 17:21:34.0;
27;123025;2019-04-11 17:21:36.0;
27;123015;2019-04-11 17:21:37.0;
27;123045;2019-04-11 17:21:39.0;
27;123025;2019-04-11 17:21:41.0;
27;123015;2019-04-11 17:21:42.0;
27;123025;2019-04-11 17:21:44.0;
27;123015;2019-04-11 17:21:47.0;
27;123025;2019-04-11 17:21:50.0;
27;123045;2019-04-11 17:21:52.0;
27;123025;2019-04-11 17:21:53.0;
27;122995;2019-04-11 17:21:59.0;
27;123025;2019-04-11 17:22:01.0;
27;123015;2019-04-11 17:22:02.0;
27;123025;2019-04-11 17:22:03.0;
27;122995;2019-04-11 17:22:05.0;
27;123015;2019-04-11 17:22:08.0;
27;122995;2019-04-11 17:22:09.0;
27;122975;2019-04-11 17:22:11.0;
27;122995;2019-04-11 17:22:14.0;
27;122975;2019-04-11 17:22:15.0;
27;122985;2019-04-11 17:22:18.0;
27;122975;2019-04-11 17:22:20.0;
27;122995;2019-04-11 17:22:22.0;
27;122975;2019-04-11 17:22:24.0;
27;122995;2019-04-11 17:22:25.0;
27;122975;2019-04-11 17:22:27.0;
27;122995;2019-04-11 17:22:30.0;
27;122985;2019-04-11 17:22:31.0;
27;122975;2019-04-11 17:22:32.0;
27;122985;2019-04-11 17:22:33.0;
27;122975;2019-04-11 17:22:35.0;
27;122985;2019-04-11 17:22:37.0;
27;122975;2019-04-11 17:22:39.0;
27;122985;2019-04-11 17:22:43.0;
27;122955;2019-04-11 17:22:45.0;
27;122975;2019-04-11 17:22:50.0;
27;122965;2019-04-11 17:22:58.0;
27;122975;2019-04-11 17:23:01.0;
27;122955;2019-04-11 17:23:04.0;
27;122965;2019-04-11 17:23:10.0;
27;122955;2019-04-11 17:23:14.0;
27;122965;2019-04-11 17:23:16.0;
27;122975;2019-04-11 17:23:25.0;
27;122965;2019-04-11 17:23:26.0;
27;122975;2019-04-11 17:23:28.0;
27;122965;2019-04-11 17:23:30.0;
27;122975;2019-04-11 17:23:31.0;
27;122965;2019-04-11 17:23:32.0;
27;122975;2019-04-11 17:23:34.0;
27;122965;2019-04-11 17:23:35.0;
27;122985;2019-04-11 17:23:36.0;
27;122975;2019-04-11 17:23:44.0;
27;122985;2019-04-11 17:23:45.0;
27;122975;2019-04-11 17:23:47.0;
27;122985;2019-04-11 17:23:49.0;
27;122955;2019-04-11 17:23:52.0;
27;122985;2019-04-11 17:23:55.0;
27;122955;2019-04-11 17:23:56.0;
27;122985;2019-04-11 17:24:00.0;
27;122955;2019-04-11 17:24:05.0;
27;122985;2019-04-11 17:24:09.0;
27;122965;2019-04-11 17:24:11.0;
27;122955;2019-04-11 17:24:12.0;
27;122965;2019-04-11 17:24:13.0;
27;122985;2019-04-11 17:24:15.0;
27;122965;2019-04-11 17:24:18.0;
27;122985;2019-04-11 17:24:19.0;
27;123015;2019-04-11 17:24:21.0;
27;122965;2019-04-11 17:24:22.0;
27;122985;2019-04-11 17:24:32.0;
27;122965;2019-04-11 17:24:33.0;
27;123015;2019-04-11 17:24:35.0;
27;122965;2019-04-11 17:24:38.0;
27;122985;2019-04-11 17:24:41.0;
27;123015;2019-04-11 17:24:43.0;
27;123005;2019-04-11 17:24:44.0;
27;123015;2019-04-11 17:24:46.0;
27;123005;2019-04-11 17:24:51.0;
27;122985;2019-04-11 17:25:19.0;
27;123005;2019-04-11 17:25:24.0;
27;122985;2019-04-11 17:25:25.0;
27;122975;2019-04-11 17:25:27.0;
27;122985;2019-04-11 17:25:28.0;
27;122975;2019-04-11 17:25:34.0;
27;122985;2019-04-11 17:25:37.0;
27;122975;2019-04-11 17:25:41.0;
27;122985;2019-04-11 17:25:44.0;
27;122975;2019-04-11 17:25:45.0;
27;122985;2019-04-11 17:25:48.0;
27;122975;2019-04-11 17:25:49.0;
27;122905;2019-04-11 17:25:53.0;
27;122975;2019-04-11 17:25:56.0;
27;122905;2019-04-11 17:25:58.0;
27;122885;2019-04-11 17:26:27.0;
27;122905;2019-04-11 17:26:30.0;
27;122895;2019-04-11 17:26:31.0;
27;122885;2019-04-11 17:26:33.0;
27;122895;2019-04-11 17:26:36.0;
27;122875;2019-04-11 17:26:38.0;
27;122895;2019-04-11 17:26:39.0;
27;122885;2019-04-11 17:26:42.0;
27;122895;2019-04-11 17:26:43.0;
27;122885;2019-04-11 17:26:45.0;
27;122875;2019-04-11 17:26:48.0;
27;122885;2019-04-11 17:26:49.0;
27;122875;2019-04-11 17:26:50.0;
27;122895;2019-04-11 17:26:55.0;
27;122885;2019-04-11 17:26:56.0;
27;122895;2019-04-11 17:26:58.0;
27;122945;2019-04-11 17:26:59.0;
27;122875;2019-04-11 17:27:02.0;
27;122965;2019-04-11 17:27:04.0;
27;122945;2019-04-11 17:27:06.0;
27;122965;2019-04-11 17:27:09.0;
27;122945;2019-04-11 17:27:10.0;
27;122965;2019-04-11 17:27:17.0;
27;122925;2019-04-11 17:27:21.0;
27;122965;2019-04-11 17:27:24.0;
27;122945;2019-04-11 17:27:25.0;
27;122925;2019-04-11 17:27:27.0;
27;122945;2019-04-11 17:27:28.0;
27;122915;2019-04-11 17:27:30.0;
27;122965;2019-04-11 17:27:33.0;
27;122925;2019-04-11 17:27:34.0;
27;122935;2019-04-11 17:27:36.0;
27;122925;2019-04-11 17:27:37.0;
27;122935;2019-04-11 17:27:38.0;
27;122925;2019-04-11 17:27:40.0;
27;122915;2019-04-11 17:27:43.0;
27;122935;2019-04-11 17:27:45.0;
27;122925;2019-04-11 17:27:47.0;
27;122915;2019-04-11 17:27:48.0;
27;122935;2019-04-11 17:27:49.0;
27;122925;2019-04-11 17:27:51.0;
27;122965;2019-04-11 17:27:52.0;
27;122935;2019-04-11 17:27:54.0;
27;122965;2019-04-11 17:27:55.0;
27;122915;2019-04-11 17:27:58.0;
27;122935;2019-04-11 17:28:00.0;
27;122965;2019-04-11 17:28:01.0;
27;122935;2019-04-11 17:28:03.0;
27;122965;2019-04-11 17:28:06.0;
27;123035;2019-04-11 17:28:07.0;
27;122965;2019-04-11 17:28:12.0;
27;123035;2019-04-11 17:28:13.0;
27;122965;2019-04-11 17:28:18.0;
27;123035;2019-04-11 17:28:19.0;
27;122965;2019-04-11 17:28:20.0;
27;123035;2019-04-11 17:28:22.0;
27;123005;2019-04-11 17:28:27.0;
27;123035;2019-04-11 17:28:29.0;
27;123005;2019-04-11 17:28:32.0;
27;123035;2019-04-11 17:28:34.0;
27;123015;2019-04-11 17:28:39.0;
27;123005;2019-04-11 17:28:42.0;
27;123025;2019-04-11 17:28:44.0;
27;123005;2019-04-11 17:28:48.0;
27;123015;2019-04-11 17:28:50.0;
27;123005;2019-04-11 17:28:51.0;
27;123025;2019-04-11 17:28:52.0;
27;123005;2019-04-11 17:28:54.0;
27;123015;2019-04-11 17:28:55.0;
27;123025;2019-04-11 17:28:57.0;
27;123015;2019-04-11 17:28:59.0;
27;123025;2019-04-11 17:29:01.0;
27;123015;2019-04-11 17:29:03.0;
27;123025;2019-04-11 17:29:04.0;
27;123015;2019-04-11 17:29:06.0;
27;123025;2019-04-11 17:29:08.0;
27;123055;2019-04-11 17:29:15.0;
27;123025;2019-04-11 17:29:25.0;
27;123055;2019-04-11 17:29:27.0;
27;123025;2019-04-11 17:29:28.0;
27;123055;2019-04-11 17:29:29.0;
27;123045;2019-04-11 17:29:37.0;
27;123055;2019-04-11 17:29:38.0;
27;123045;2019-04-11 17:29:44.0;
27;123055;2019-04-11 17:29:47.0;
27;123045;2019-04-11 17:29:50.0;
27;123055;2019-04-11 17:29:51.0;
27;123045;2019-04-11 17:29:53.0;
27;123055;2019-04-11 17:29:58.0;
27;123045;2019-04-11 17:30:00.0;
27;123055;2019-04-11 17:30:07.0;
27;123025;2019-04-11 17:30:09.0;
27;123045;2019-04-11 17:30:11.0;
27;123055;2019-04-11 17:30:14.0;
27;123025;2019-04-11 17:30:15.0;
27;123055;2019-04-11 17:30:17.0;
27;123045;2019-04-11 17:30:18.0;
27;122975;2019-04-11 17:30:20.0;
27;123025;2019-04-11 17:30:21.0;
27;122975;2019-04-11 17:30:25.0;
27;123025;2019-04-11 17:30:33.0;
27;122975;2019-04-11 17:30:36.0;
27;123025;2019-04-11 17:30:40.0;
27;122975;2019-04-11 17:30:41.0;
27;122955;2019-04-11 17:30:44.0;
27;122975;2019-04-11 17:30:48.0;
27;122955;2019-04-11 17:30:53.0;
27;122975;2019-04-11 17:30:54.0;
27;122965;2019-04-11 17:30:56.0;
27;122955;2019-04-11 17:30:58.0;
27;122965;2019-04-11 17:31:04.0;
27;122955;2019-04-11 17:31:05.0;
27;122965;2019-04-11 17:31:07.0;
27;122955;2019-04-11 17:31:09.0;
27;122965;2019-04-11 17:31:12.0;
27;122955;2019-04-11 17:31:13.0;
27;122985;2019-04-11 17:31:16.0;
27;122965;2019-04-11 17:31:18.0;
27;122955;2019-04-11 17:31:19.0;
27;122985;2019-04-11 17:31:22.0;
27;122955;2019-04-11 17:31:27.0;
27;123005;2019-04-11 17:31:29.0;
27;122955;2019-04-11 17:31:31.0;
27;123005;2019-04-11 17:31:34.0;
27;122985;2019-04-11 17:31:37.0;
27;122995;2019-04-11 17:31:42.0;
27;123005;2019-04-11 17:31:44.0;
27;122995;2019-04-11 17:31:45.0;
27;123005;2019-04-11 17:31:51.0;
27;122995;2019-04-11 17:31:52.0;
27;122975;2019-04-11 17:32:16.0;
27;122995;2019-04-11 17:32:18.0;
27;122975;2019-04-11 17:32:19.0;
27;122985;2019-04-11 17:32:20.0;
27;122995;2019-04-11 17:32:22.0;
27;122975;2019-04-11 17:32:25.0;
27;122985;2019-04-11 17:32:27.0;
27;122975;2019-04-11 17:32:28.0;
27;122995;2019-04-11 17:32:30.0;
27;122985;2019-04-11 17:32:31.0;
27;122975;2019-04-11 17:32:34.0;
27;122985;2019-04-11 17:32:37.0;
27;122975;2019-04-11 17:32:40.0;
27;122985;2019-04-11 17:32:47.0;
27;122955;2019-04-11 17:32:48.0;
27;122975;2019-04-11 17:32:50.0;
27;122935;2019-04-11 17:32:51.0;
27;122975;2019-04-11 17:32:54.0;
27;122955;2019-04-11 17:32:56.0;
27;122935;2019-04-11 17:32:57.0;
27;122975;2019-04-11 17:32:58.0;
27;122955;2019-04-11 17:33:00.0;
27;122975;2019-04-11 17:33:01.0;
27;122935;2019-04-11 17:33:03.0;
27;122955;2019-04-11 17:33:07.0;
27;122935;2019-04-11 17:33:09.0;
27;122955;2019-04-11 17:33:12.0;
27;122935;2019-04-11 17:33:13.0;
27;122965;2019-04-11 17:33:15.0;
27;122935;2019-04-11 17:33:17.0;
27;122955;2019-04-11 17:33:20.0;
27;122965;2019-04-11 17:33:23.0;
27;122925;2019-04-11 17:33:29.0;
27;122955;2019-04-11 17:33:32.0;
27;122965;2019-04-11 17:33:34.0;
27;122925;2019-04-11 17:33:35.0;
27;122955;2019-04-11 17:33:37.0;
27;122965;2019-04-11 17:33:39.0;
27;122925;2019-04-11 17:33:41.0;
27;122965;2019-04-11 17:33:42.0;
27;122935;2019-04-11 17:33:46.0;
27;122925;2019-04-11 17:33:50.0;
27;122935;2019-04-11 17:33:52.0;
27;122925;2019-04-11 17:33:54.0;
27;122935;2019-04-11 17:34:00.0;
27;122825;2019-04-11 17:34:19.0;
27;122935;2019-04-11 17:34:20.0;
27;122825;2019-04-11 17:34:23.0;
27;122935;2019-04-11 17:34:25.0;
27;122845;2019-04-11 17:34:26.0;
27;122825;2019-04-11 17:34:29.0;
27;122845;2019-04-11 17:34:31.0;
27;122765;2019-04-11 17:34:37.0;
27;122825;2019-04-11 17:34:38.0;
27;122845;2019-04-11 17:34:40.0;
27;122825;2019-04-11 17:34:41.0;
27;122845;2019-04-11 17:34:43.0;
27;122825;2019-04-11 17:34:44.0;
27;122765;2019-04-11 17:34:47.0;
27;122845;2019-04-11 17:34:48.0;
27;122735;2019-04-11 17:34:53.0;
27;122765;2019-04-11 17:34:54.0;
27;122735;2019-04-11 17:35:02.0;
27;122745;2019-04-11 17:35:12.0;
27;122735;2019-04-11 17:35:13.0;
27;122745;2019-04-11 17:35:16.0;
27;122735;2019-04-11 17:35:19.0;
27;122745;2019-04-11 17:35:21.0;
27;122735;2019-04-11 17:35:22.0;
27;122765;2019-04-11 17:35:28.0;
27;122745;2019-04-11 17:35:31.0;
27;122765;2019-04-11 17:35:33.0;
27;122745;2019-04-11 17:35:35.0;
27;122765;2019-04-11 17:35:39.0;
27;122745;2019-04-11 17:35:40.0;
27;122765;2019-04-11 17:35:41.0;
27;122825;2019-04-11 17:35:43.0;
27;122865;2019-04-11 17:35:48.0;
27;122825;2019-04-11 17:35:50.0;
27;122865;2019-04-11 17:35:51.0;
27;122765;2019-04-11 17:35:53.0;
27;122825;2019-04-11 17:35:54.0;
27;122765;2019-04-11 17:35:56.0;
27;122865;2019-04-11 17:35:58.0;
27;122875;2019-04-11 17:36:00.0;
27;122865;2019-04-11 17:36:01.0;
27;122825;2019-04-11 17:36:03.0;
27;122865;2019-04-11 17:36:04.0;
27;122825;2019-04-11 17:36:06.0;
27;122875;2019-04-11 17:36:09.0;
27;122825;2019-04-11 17:36:10.0;
27;122865;2019-04-11 17:36:12.0;
27;122875;2019-04-11 17:36:15.0;
27;122865;2019-04-11 17:36:17.0;
27;122845;2019-04-11 17:36:22.0;
27;122875;2019-04-11 17:36:24.0;
27;122845;2019-04-11 17:36:25.0;
27;122865;2019-04-11 17:36:27.0;
27;122845;2019-04-11 17:36:28.0;
27;122865;2019-04-11 17:36:29.0;
27;122845;2019-04-11 17:36:31.0;
27;122865;2019-04-11 17:36:32.0;
27;122845;2019-04-11 17:36:34.0;
27;122865;2019-04-11 17:36:36.0;
27;122845;2019-04-11 17:36:39.0;
27;122835;2019-04-11 17:36:41.0;
27;122865;2019-04-11 17:36:43.0;
27;122845;2019-04-11 17:36:44.0;
27;122825;2019-04-11 17:36:46.0;
27;122845;2019-04-11 17:36:47.0;
27;122835;2019-04-11 17:36:52.0;
27;122825;2019-04-11 17:36:53.0;
27;122835;2019-04-11 17:36:54.0;
27;122825;2019-04-11 17:36:56.0;
27;122835;2019-04-11 17:36:58.0;
27;122825;2019-04-11 17:37:01.0;
27;122855;2019-04-11 17:37:10.0;
27;122825;2019-04-11 17:37:14.0;
27;122855;2019-04-11 17:37:17.0;
27;122825;2019-04-11 17:37:19.0;
27;122865;2019-04-11 17:37:20.0;
27;122825;2019-04-11 17:37:22.0;
27;122865;2019-04-11 17:37:23.0;
27;122855;2019-04-11 17:37:25.0;
27;122865;2019-04-11 17:37:26.0;
27;122855;2019-04-11 17:37:27.0;
27;122875;2019-04-11 17:37:32.0;
27;122855;2019-04-11 17:37:33.0;
27;122875;2019-04-11 17:37:34.0;
27;122865;2019-04-11 17:37:38.0;
27;122875;2019-04-11 17:37:42.0;
27;122865;2019-04-11 17:37:43.0;
27;122875;2019-04-11 17:37:46.0;
27;122865;2019-04-11 17:37:47.0;
27;122875;2019-04-11 17:37:48.0;
27;122885;2019-04-11 17:37:50.0;
27;122895;2019-04-11 17:38:06.0;
27;122885;2019-04-11 17:38:07.0;
27;122895;2019-04-11 17:38:17.0;
27;122885;2019-04-11 17:38:20.0;
27;122895;2019-04-11 17:38:21.0;
27;122885;2019-04-11 17:38:26.0;
27;122895;2019-04-11 17:38:29.0;
27;122885;2019-04-11 17:38:30.0;
27;122895;2019-04-11 17:38:32.0;
27;122905;2019-04-11 17:38:36.0;
27;122895;2019-04-11 17:38:40.0;
27;122905;2019-04-11 17:38:42.0;
27;122885;2019-04-11 17:38:43.0;
27;122895;2019-04-11 17:38:48.0;
27;122905;2019-04-11 17:38:49.0;
27;122895;2019-04-11 17:38:52.0;
27;122905;2019-04-11 17:38:54.0;
27;122885;2019-04-11 17:38:55.0;
27;122905;2019-04-11 17:38:57.0;
27;122895;2019-04-11 17:38:58.0;
27;122915;2019-04-11 17:38:59.0;
27;122905;2019-04-11 17:39:03.0;
27;122915;2019-04-11 17:39:06.0;
27;122905;2019-04-11 17:39:09.0;
27;122885;2019-04-11 17:39:12.0;
27;122905;2019-04-11 17:39:13.0;
27;122915;2019-04-11 17:39:15.0;
27;122905;2019-04-11 17:39:22.0;
27;122915;2019-04-11 17:39:26.0;
27;122905;2019-04-11 17:39:27.0;
27;122885;2019-04-11 17:39:30.0;
27;122825;2019-04-11 17:39:31.0;
27;122905;2019-04-11 17:39:33.0;
27;122825;2019-04-11 17:39:36.0;
27;122885;2019-04-11 17:39:37.0;
27;122785;2019-04-11 17:39:39.0;
27;122885;2019-04-11 17:39:40.0;
27;122825;2019-04-11 17:39:42.0;
27;122785;2019-04-11 17:39:43.0;
27;122825;2019-04-11 17:39:44.0;
27;122785;2019-04-11 17:39:46.0;
27;122825;2019-04-11 17:39:47.0;
27;122785;2019-04-11 17:39:48.0;
27;122825;2019-04-11 17:39:55.0;
27;122785;2019-04-11 17:39:57.0;
27;122825;2019-04-11 17:39:59.0;
27;122785;2019-04-11 17:40:00.0;
27;122755;2019-04-11 17:40:04.0;
27;122785;2019-04-11 17:40:11.0;
27;122755;2019-04-11 17:40:15.0;
27;122785;2019-04-11 17:40:20.0;
27;122755;2019-04-11 17:40:21.0;
27;122745;2019-04-11 17:40:26.0;
27;122755;2019-04-11 17:40:27.0;
27;122745;2019-04-11 17:40:39.0;
27;122725;2019-04-11 17:40:41.0;
27;122745;2019-04-11 17:40:46.0;
27;122725;2019-04-11 17:40:49.0;
27;122745;2019-04-11 17:40:55.0;
27;122725;2019-04-11 17:40:56.0;
27;122735;2019-04-11 17:41:00.0;
27;122725;2019-04-11 17:41:01.0;
27;122735;2019-04-11 17:41:11.0;
27;122725;2019-04-11 17:41:12.0;
27;122735;2019-04-11 17:41:14.0;
27;122725;2019-04-11 17:41:15.0;
27;122735;2019-04-11 17:41:17.0;
27;122725;2019-04-11 17:41:26.0;
27;122785;2019-04-11 17:41:33.0;
27;122735;2019-04-11 17:41:35.0;
27;122725;2019-04-11 17:41:37.0;
27;122735;2019-04-11 17:41:38.0;
27;122725;2019-04-11 17:41:41.0;
27;122735;2019-04-11 17:41:42.0;
27;122785;2019-04-11 17:41:44.0;
27;122795;2019-04-11 17:41:48.0;
27;122785;2019-04-11 17:41:52.0;
27;122795;2019-04-11 17:41:55.0;
27;122785;2019-04-11 17:41:57.0;
27;122795;2019-04-11 17:41:58.0;
27;122805;2019-04-11 17:42:00.0;
27;122795;2019-04-11 17:42:01.0;
27;122785;2019-04-11 17:42:03.0;
27;122805;2019-04-11 17:42:05.0;
27;122795;2019-04-11 17:42:06.0;
27;122805;2019-04-11 17:42:08.0;
27;122795;2019-04-11 17:42:10.0;
27;122825;2019-04-11 17:42:12.0;
27;122795;2019-04-11 17:42:14.0;
27;122805;2019-04-11 17:42:15.0;
27;122795;2019-04-11 17:42:19.0;
27;122825;2019-04-11 17:42:21.0;
27;122805;2019-04-11 17:42:22.0;
27;122795;2019-04-11 17:42:27.0;
27;122805;2019-04-11 17:42:29.0;
27;122825;2019-04-11 17:42:31.0;
27;122795;2019-04-11 17:42:32.0;
27;122825;2019-04-11 17:42:33.0;
27;122795;2019-04-11 17:42:35.0;
27;122785;2019-04-11 17:42:36.0;
27;122795;2019-04-11 17:42:37.0;
27;122785;2019-04-11 17:42:41.0;
27;122795;2019-04-11 17:42:44.0;
27;122785;2019-04-11 17:42:46.0;
27;122795;2019-04-11 17:42:47.0;
27;122785;2019-04-11 17:42:49.0;
27;122795;2019-04-11 17:42:51.0;
27;122775;2019-04-11 17:42:52.0;
27;122785;2019-04-11 17:42:53.0;
27;122775;2019-04-11 17:42:55.0;
27;122785;2019-04-11 17:42:58.0;
27;122795;2019-04-11 17:43:01.0;
27;122775;2019-04-11 17:43:02.0;
27;122785;2019-04-11 17:43:04.0;
27;122805;2019-04-11 17:43:05.0;
27;122785;2019-04-11 17:43:07.0;
27;122775;2019-04-11 17:43:08.0;
27;122805;2019-04-11 17:43:14.0;
27;122775;2019-04-11 17:43:17.0;
27;122805;2019-04-11 17:43:20.0;
27;122775;2019-04-11 17:43:21.0;
27;122805;2019-04-11 17:43:24.0;
27;122765;2019-04-11 17:43:26.0;
27;122805;2019-04-11 17:43:27.0;
27;122775;2019-04-11 17:43:30.0;
27;122805;2019-04-11 17:43:31.0;
27;122775;2019-04-11 17:43:33.0;
27;122805;2019-04-11 17:43:34.0;
27;122775;2019-04-11 17:43:35.0;
27;122765;2019-04-11 17:43:37.0;
27;122775;2019-04-11 17:43:38.0;
27;122795;2019-04-11 17:43:40.0;
27;122765;2019-04-11 17:43:48.0;
27;122795;2019-04-11 17:43:50.0;
27;122765;2019-04-11 17:43:56.0;
27;122795;2019-04-11 17:43:57.0;
27;122815;2019-04-11 17:44:00.0;
27;122795;2019-04-11 17:44:03.0;
27;122815;2019-04-11 17:44:06.0;
27;122795;2019-04-11 17:44:07.0;
27;122815;2019-04-11 17:44:08.0;
27;122795;2019-04-11 17:44:11.0;
27;122805;2019-04-11 17:44:14.0;
27;122815;2019-04-11 17:44:18.0;
27;122805;2019-04-11 17:44:19.0;
27;122815;2019-04-11 17:44:27.0;
27;122805;2019-04-11 17:44:28.0;
27;122815;2019-04-11 17:44:31.0;
27;122805;2019-04-11 17:44:39.0;
27;122855;2019-04-11 17:44:46.0;
27;122815;2019-04-11 17:44:48.0;
27;122855;2019-04-11 17:44:49.0;
27;122885;2019-04-11 17:44:52.0;
27;122855;2019-04-11 17:44:54.0;
27;122885;2019-04-11 17:44:55.0;
27;122815;2019-04-11 17:45:00.0;
27;122885;2019-04-11 17:45:01.0;
27;122835;2019-04-11 17:45:04.0;
27;122885;2019-04-11 17:45:05.0;
27;122835;2019-04-11 17:45:08.0;
27;122855;2019-04-11 17:45:09.0;
27;122885;2019-04-11 17:45:12.0;
27;122835;2019-04-11 17:45:17.0;
27;122885;2019-04-11 17:45:18.0;
27;122835;2019-04-11 17:45:19.0;
27;122825;2019-04-11 17:45:21.0;
27;122835;2019-04-11 17:45:22.0;
27;122825;2019-04-11 17:45:26.0;
27;122585;2019-04-11 18:05:44.0;
27;122825;2019-04-11 18:05:47.0;
27;122565;2019-04-11 18:05:53.0;
27;122585;2019-04-11 18:05:57.0;
27;122565;2019-04-11 18:05:58.0;
27;122655;2019-04-11 18:06:18.0;
27;122565;2019-04-11 18:06:21.0;
27;122655;2019-04-11 18:06:22.0;
27;122565;2019-04-11 18:06:23.0;
27;122685;2019-04-11 18:06:25.0;
27;122565;2019-04-11 18:06:29.0;
27;122685;2019-04-11 18:06:30.0;
27;122655;2019-04-11 18:06:33.0;
27;122685;2019-04-11 18:06:37.0;
27;122675;2019-04-11 18:06:39.0;
27;122655;2019-04-11 18:06:40.0;
27;122675;2019-04-11 18:06:42.0;
27;122655;2019-04-11 18:06:44.0;
27;122675;2019-04-11 18:06:46.0;
27;122685;2019-04-11 18:06:50.0;
27;122675;2019-04-11 18:06:51.0;
27;122645;2019-04-11 18:06:57.0;
27;122675;2019-04-11 18:06:59.0;
27;122645;2019-04-11 18:07:03.0;
27;122675;2019-04-11 18:07:04.0;
27;122645;2019-04-11 18:07:06.0;
27;122675;2019-04-11 18:07:09.0;
27;122645;2019-04-11 18:07:12.0;
27;122675;2019-04-11 18:07:16.0;
27;122645;2019-04-11 18:07:18.0;
27;122675;2019-04-11 18:07:19.0;
27;122645;2019-04-11 18:07:21.0;
27;122635;2019-04-11 18:07:29.0;
27;122645;2019-04-11 18:07:35.0;
27;122635;2019-04-11 18:07:37.0;
27;122645;2019-04-11 18:07:39.0;
27;122635;2019-04-11 18:07:41.0;
27;122645;2019-04-11 18:07:44.0;
27;122635;2019-04-11 18:07:46.0;
27;122645;2019-04-11 18:07:48.0;
27;122635;2019-04-11 18:07:53.0;
27;122625;2019-04-11 18:07:54.0;
27;122635;2019-04-11 18:07:57.0;
27;122625;2019-04-11 18:07:58.0;
27;122635;2019-04-11 18:08:07.0;
27;122625;2019-04-11 18:08:08.0;
27;122635;2019-04-11 18:08:11.0;
27;122625;2019-04-11 18:08:14.0;
27;122635;2019-04-11 18:08:52.0;
27;122625;2019-04-11 18:08:54.0;
27;122635;2019-04-11 18:08:57.0;
27;122615;2019-04-11 18:09:01.0;
27;122625;2019-04-11 18:09:03.0;
27;122615;2019-04-11 18:09:04.0;
27;122635;2019-04-11 18:09:11.0;
27;122615;2019-04-11 18:09:14.0;
27;122635;2019-04-11 18:09:15.0;
27;122615;2019-04-11 18:09:17.0;
27;122635;2019-04-11 18:09:18.0;
27;122615;2019-04-11 18:09:22.0;
27;122595;2019-04-11 18:09:24.0;
27;122615;2019-04-11 18:09:25.0;
27;122595;2019-04-11 18:09:29.0;
27;122615;2019-04-11 18:09:31.0;
27;122595;2019-04-11 18:09:32.0;
27;122615;2019-04-11 18:09:33.0;
27;122595;2019-04-11 18:09:35.0;
27;122605;2019-04-11 18:09:39.0;
27;122595;2019-04-11 18:09:41.0;
27;122605;2019-04-11 18:09:43.0;
27;122595;2019-04-11 18:09:44.0;
27;122605;2019-04-11 18:09:46.0;
27;122595;2019-04-11 18:09:47.0;
27;122605;2019-04-11 18:09:48.0;
27;122595;2019-04-11 18:09:51.0;
27;122585;2019-04-11 18:09:55.0;
27;122605;2019-04-11 18:09:58.0;
27;122595;2019-04-11 18:09:59.0;
27;122585;2019-04-11 18:10:01.0;
27;122605;2019-04-11 18:10:02.0;
27;122595;2019-04-11 18:10:04.0;
27;122605;2019-04-11 18:10:05.0;
27;122585;2019-04-11 18:10:07.0;
27;122595;2019-04-11 18:10:10.0;
27;122585;2019-04-11 18:10:13.0;
27;122595;2019-04-11 18:10:22.0;
27;122585;2019-04-11 18:10:26.0;
27;122595;2019-04-11 18:10:27.0;
27;122585;2019-04-11 18:10:29.0;
27;122605;2019-04-11 18:10:31.0;
27;122595;2019-04-11 18:10:32.0;
27;122605;2019-04-11 18:10:34.0;
27;122585;2019-04-11 18:10:37.0;
27;122605;2019-04-11 18:10:38.0;
27;122595;2019-04-11 18:10:40.0;
27;122605;2019-04-11 18:10:43.0;
27;122585;2019-04-11 18:10:44.0;
27;122605;2019-04-11 18:10:46.0;
27;122595;2019-04-11 18:10:50.0;
27;122605;2019-04-11 18:10:52.0;
27;122595;2019-04-11 18:10:53.0;
27;122605;2019-04-11 18:10:55.0;
27;122595;2019-04-11 18:10:58.0;
27;122605;2019-04-11 18:11:00.0;
27;122595;2019-04-11 18:11:03.0;
27;122605;2019-04-11 18:11:04.0;
27;122595;2019-04-11 18:11:08.0;
27;122605;2019-04-11 18:11:09.0;
27;122595;2019-04-11 18:11:18.0;
27;122585;2019-04-11 18:11:19.0;
27;122595;2019-04-11 18:11:21.0;
27;122605;2019-04-11 18:11:22.0;
27;122585;2019-04-11 18:11:24.0;
27;122605;2019-04-11 18:11:25.0;
27;122575;2019-04-11 18:11:27.0;
27;122585;2019-04-11 18:11:29.0;
27;122555;2019-04-11 18:11:33.0;
27;122585;2019-04-11 18:11:34.0;
27;122555;2019-04-11 18:11:35.0;
27;122585;2019-04-11 18:11:37.0;
27;122575;2019-04-11 18:11:40.0;
27;122585;2019-04-11 18:11:42.0;
27;122575;2019-04-11 18:11:47.0;
27;122535;2019-04-11 18:11:52.0;
27;122575;2019-04-11 18:11:55.0;
27;122535;2019-04-11 18:11:56.0;
27;122555;2019-04-11 18:11:57.0;
27;122535;2019-04-11 18:11:59.0;
27;122555;2019-04-11 18:12:00.0;
27;122535;2019-04-11 18:12:02.0;
27;122525;2019-04-11 18:12:10.0;
27;122535;2019-04-11 18:12:12.0;
27;122525;2019-04-11 18:12:16.0;
27;122535;2019-04-11 18:12:18.0;
27;122525;2019-04-11 18:12:19.0;
27;122535;2019-04-11 18:12:20.0;
27;122505;2019-04-11 18:12:24.0;
27;122535;2019-04-11 18:12:25.0;
27;122525;2019-04-11 18:12:29.0;
27;122505;2019-04-11 18:12:31.0;
27;122525;2019-04-11 18:12:39.0;
27;122495;2019-04-11 18:12:41.0;
27;122505;2019-04-11 18:12:43.0;
27;122495;2019-04-11 18:12:46.0;
27;122505;2019-04-11 18:12:47.0;
27;122495;2019-04-11 18:12:48.0;
27;122505;2019-04-11 18:12:51.0;
27;122495;2019-04-11 18:12:53.0;
27;122505;2019-04-11 18:12:56.0;
27;122495;2019-04-11 18:12:57.0;
27;122505;2019-04-11 18:12:59.0;
27;122495;2019-04-11 18:13:03.0;
27;122505;2019-04-11 18:13:05.0;
27;122495;2019-04-11 18:13:06.0;
27;122505;2019-04-11 18:13:07.0;
27;122485;2019-04-11 18:13:09.0;
27;122505;2019-04-11 18:13:10.0;
27;122495;2019-04-11 18:13:13.0;
27;122505;2019-04-11 18:13:20.0;
27;122495;2019-04-11 18:13:21.0;
27;122505;2019-04-11 18:13:23.0;
27;122495;2019-04-11 18:13:24.0;
27;122485;2019-04-11 18:13:26.0;
27;122495;2019-04-11 18:13:27.0;
27;122465;2019-04-11 18:13:29.0;
27;122495;2019-04-11 18:13:30.0;
27;122485;2019-04-11 18:13:31.0;
27;122495;2019-04-11 18:13:36.0;
27;122465;2019-04-11 18:13:37.0;
27;122495;2019-04-11 18:13:39.0;
27;122465;2019-04-11 18:13:41.0;
27;122475;2019-04-11 18:13:54.0;
27;122465;2019-04-11 18:13:57.0;
27;122475;2019-04-11 18:13:58.0;
27;122485;2019-04-11 18:14:33.0;
27;122475;2019-04-11 18:14:35.0;
27;122485;2019-04-11 18:14:36.0;
27;122475;2019-04-11 18:14:37.0;
27;122485;2019-04-11 18:14:39.0;
27;122465;2019-04-11 18:14:40.0;
27;122475;2019-04-11 18:14:42.0;
27;122485;2019-04-11 18:14:43.0;
27;122475;2019-04-11 18:14:44.0;
27;122465;2019-04-11 18:14:49.0;
27;122485;2019-04-11 18:14:50.0;
27;122465;2019-04-11 18:14:52.0;
27;122455;2019-04-11 18:14:54.0;
27;122485;2019-04-11 18:14:56.0;
27;122455;2019-04-11 18:14:59.0;
27;122485;2019-04-11 18:15:00.0;
27;122455;2019-04-11 18:15:01.0;
27;122465;2019-04-11 18:15:03.0;
27;122455;2019-04-11 18:15:05.0;
27;122445;2019-04-11 18:15:18.0;
27;122455;2019-04-11 18:15:19.0;
27;122445;2019-04-11 18:15:24.0;
27;122455;2019-04-11 18:15:25.0;
27;122505;2019-04-11 18:15:27.0;
27;122445;2019-04-11 18:15:28.0;
27;122505;2019-04-11 18:15:30.0;
27;122445;2019-04-11 18:15:32.0;
27;122525;2019-04-11 18:15:35.0;
27;122445;2019-04-11 18:15:40.0;
27;122505;2019-04-11 18:15:41.0;
27;122525;2019-04-11 18:15:44.0;
27;122505;2019-04-11 18:15:45.0;
27;122525;2019-04-11 18:15:52.0;
27;122505;2019-04-11 18:15:55.0;
27;122525;2019-04-11 18:16:06.0;
27;122505;2019-04-11 18:16:07.0;
27;122495;2019-04-11 18:16:08.0;
27;122505;2019-04-11 18:16:10.0;
27;122495;2019-04-11 18:16:14.0;
27;122505;2019-04-11 18:16:27.0;
27;122495;2019-04-11 18:16:28.0;
27;122505;2019-04-11 18:16:29.0;
27;122495;2019-04-11 18:16:32.0;
27;122515;2019-04-11 18:16:34.0;
27;122495;2019-04-11 18:16:35.0;
27;122515;2019-04-11 18:16:36.0;
27;122495;2019-04-11 18:16:39.0;
27;122515;2019-04-11 18:16:41.0;
27;122495;2019-04-11 18:16:42.0;
27;122515;2019-04-11 18:16:47.0;
27;122495;2019-04-11 18:16:51.0;
27;122515;2019-04-11 18:16:52.0;
27;122495;2019-04-11 18:16:55.0;
27;122515;2019-04-11 18:16:56.0;
27;122495;2019-04-11 18:17:02.0;
27;122525;2019-04-11 18:17:06.0;
27;122515;2019-04-11 18:17:08.0;
27;122495;2019-04-11 18:17:10.0;
27;122525;2019-04-11 18:17:12.0;
27;122495;2019-04-11 18:17:14.0;
27;122525;2019-04-11 18:17:16.0;
27;122545;2019-04-11 18:17:17.0;
27;122525;2019-04-11 18:17:21.0;
27;122535;2019-04-11 18:17:24.0;
27;122545;2019-04-11 18:17:25.0;
27;122535;2019-04-11 18:17:27.0;
27;122525;2019-04-11 18:17:30.0;
27;122535;2019-04-11 18:17:31.0;
27;122545;2019-04-11 18:17:33.0;
27;122525;2019-04-11 18:17:34.0;
27;122535;2019-04-11 18:17:35.0;
27;122545;2019-04-11 18:17:38.0;
27;122535;2019-04-11 18:17:40.0;
27;122545;2019-04-11 18:17:45.0;
27;122535;2019-04-11 18:17:48.0;
27;122545;2019-04-11 18:17:50.0;
27;122535;2019-04-11 18:17:52.0;
27;122545;2019-04-11 18:17:54.0;
27;122555;2019-04-11 18:18:09.0;
27;122545;2019-04-11 18:18:11.0;
27;122555;2019-04-11 18:18:15.0;
27;122545;2019-04-11 18:18:16.0;
27;122555;2019-04-11 18:18:20.0;
27;122545;2019-04-11 18:18:22.0;
27;122555;2019-04-11 18:18:25.0;
27;122565;2019-04-11 18:18:43.0;
27;122555;2019-04-11 18:18:45.0;
27;122565;2019-04-11 18:18:47.0;
27;122555;2019-04-11 18:18:48.0;
27;122565;2019-04-11 18:18:49.0;
27;122555;2019-04-11 18:18:51.0;
27;122565;2019-04-11 18:18:52.0;
27;122555;2019-04-11 18:18:54.0;
27;122565;2019-04-11 18:18:58.0;
27;122555;2019-04-11 18:19:03.0;
27;122565;2019-04-11 18:19:06.0;
27;122555;2019-04-11 18:19:33.0;
27;122565;2019-04-11 18:19:34.0;
27;122555;2019-04-11 18:19:35.0;
27;122565;2019-04-11 18:19:38.0;
27;122555;2019-04-11 18:19:41.0;
27;122565;2019-04-11 18:19:42.0;
27;122555;2019-04-11 18:19:44.0;
27;122535;2019-04-11 18:20:21.0;
27;122555;2019-04-11 18:20:27.0;
27;122535;2019-04-11 18:20:30.0;
27;122555;2019-04-11 18:20:37.0;
27;122535;2019-04-11 18:20:39.0;
27;122525;2019-04-11 18:20:52.0;
27;122535;2019-04-11 18:20:53.0;
27;122525;2019-04-11 18:20:57.0;
27;122535;2019-04-11 18:21:04.0;
27;122525;2019-04-11 18:21:06.0;
27;122505;2019-04-11 18:21:10.0;
27;122525;2019-04-11 18:21:16.0;
27;122505;2019-04-11 18:21:18.0;
27;122525;2019-04-11 18:22:18.0;
27;122505;2019-04-11 18:22:26.0;
27;122525;2019-04-11 18:22:28.0;
27;122505;2019-04-11 18:22:32.0;
27;122525;2019-04-11 18:22:33.0;
27;122535;2019-04-11 18:22:36.0;
27;122525;2019-04-11 18:22:39.0;
27;122535;2019-04-11 18:22:41.0;
27;122525;2019-04-11 18:22:43.0;
27;122535;2019-04-11 18:22:46.0;
27;122525;2019-04-11 18:22:48.0;
27;122535;2019-04-11 18:22:49.0;
27;122525;2019-04-11 18:22:53.0;
27;122535;2019-04-11 18:22:54.0;
27;122525;2019-04-11 18:22:59.0;
27;122535;2019-04-11 18:23:03.0;
27;122525;2019-04-11 18:23:04.0;
27;122535;2019-04-11 18:23:05.0;
27;122525;2019-04-11 18:23:08.0;
27;122535;2019-04-11 18:23:11.0;
27;122525;2019-04-11 18:23:16.0;
27;122495;2019-04-11 18:23:20.0;
27;122525;2019-04-11 18:23:21.0;
27;122495;2019-04-11 18:23:23.0;
27;122525;2019-04-11 18:23:31.0;
27;122495;2019-04-11 18:23:34.0;
27;122485;2019-04-11 18:23:46.0;
27;122495;2019-04-11 18:23:49.0;
27;122475;2019-04-11 18:23:51.0;
27;122485;2019-04-11 18:24:03.0;
27;122475;2019-04-11 18:24:06.0;
27;122485;2019-04-11 18:24:07.0;
27;122475;2019-04-11 18:24:10.0;
27;122485;2019-04-11 18:24:13.0;
27;122475;2019-04-11 18:24:14.0;
27;122465;2019-04-11 18:24:31.0;
27;122455;2019-04-11 18:24:32.0;
27;122475;2019-04-11 18:24:34.0;
27;122455;2019-04-11 18:24:35.0;
27;122475;2019-04-11 18:24:40.0;
27;122465;2019-04-11 18:24:42.0;
27;122475;2019-04-11 18:24:43.0;
27;122465;2019-04-11 18:24:44.0;
27;122455;2019-04-11 18:24:46.0;
27;122465;2019-04-11 18:24:47.0;
27;122455;2019-04-11 18:24:49.0;
27;122405;2019-04-11 18:24:51.0;
27;122465;2019-04-11 18:24:59.0;
27;122405;2019-04-11 18:25:03.0;
27;122415;2019-04-11 18:25:04.0;
27;122405;2019-04-11 18:25:07.0;
27;122415;2019-04-11 18:25:09.0;
27;122405;2019-04-11 18:25:15.0;
27;122415;2019-04-11 18:25:20.0;
27;122445;2019-04-11 18:25:25.0;
27;122415;2019-04-11 18:25:29.0;
27;122475;2019-04-11 18:25:37.0;
27;122445;2019-04-11 18:25:40.0;
27;122475;2019-04-11 18:25:42.0;
27;122445;2019-04-11 18:25:43.0;
27;122475;2019-04-11 18:25:44.0;
27;122445;2019-04-11 18:25:46.0;
27;122475;2019-04-11 18:25:47.0;
27;122445;2019-04-11 18:25:48.0;
27;122475;2019-04-11 18:25:50.0;
27;122445;2019-04-11 18:25:51.0;
27;122475;2019-04-11 18:25:53.0;
27;122445;2019-04-11 18:25:55.0;
27;122485;2019-04-11 18:25:57.0;
27;122475;2019-04-11 18:25:58.0;
27;122485;2019-04-11 18:26:03.0;
27;122475;2019-04-11 18:26:05.0;
27;122485;2019-04-11 18:26:07.0;
27;122475;2019-04-11 18:26:10.0;
27;122465;2019-04-11 18:26:12.0;
27;122485;2019-04-11 18:26:13.0;
27;122465;2019-04-11 18:26:14.0;
27;122485;2019-04-11 18:26:17.0;
27;122465;2019-04-11 18:26:19.0;
27;122485;2019-04-11 18:26:21.0;
27;122465;2019-04-11 18:26:25.0;
27;122475;2019-04-11 18:26:29.0;
27;122465;2019-04-11 18:26:30.0;
27;122475;2019-04-11 18:26:32.0;
27;122465;2019-04-11 18:26:34.0;
27;122475;2019-04-11 18:26:38.0;
27;122465;2019-04-11 18:26:41.0;
27;122475;2019-04-11 18:26:45.0;
27;122425;2019-04-11 18:26:48.0;
27;122475;2019-04-11 18:26:49.0;
27;122425;2019-04-11 18:26:51.0;
27;122475;2019-04-11 18:26:54.0;
27;122445;2019-04-11 18:26:56.0;
27;122475;2019-04-11 18:26:57.0;
27;122445;2019-04-11 18:26:58.0;
27;122425;2019-04-11 18:27:02.0;
27;122445;2019-04-11 18:27:03.0;
27;122425;2019-04-11 18:27:05.0;
27;122445;2019-04-11 18:27:09.0;
27;122425;2019-04-11 18:27:14.0;
27;122445;2019-04-11 18:27:16.0;
27;122435;2019-04-11 18:27:22.0;
27;122445;2019-04-11 18:27:23.0;
27;122435;2019-04-11 18:27:26.0;
27;122445;2019-04-11 18:27:28.0;
27;122435;2019-04-11 18:27:30.0;
27;122445;2019-04-11 18:27:33.0;
27;122435;2019-04-11 18:27:34.0;
27;122445;2019-04-11 18:27:36.0;
27;122435;2019-04-11 18:27:39.0;
27;122445;2019-04-11 18:27:40.0;
27;122435;2019-04-11 18:27:42.0;
27;122445;2019-04-11 18:27:44.0;
27;122435;2019-04-11 18:27:51.0;
27;122445;2019-04-11 18:27:53.0;
27;122425;2019-04-11 18:27:54.0;
27;122445;2019-04-11 18:27:56.0;
27;122425;2019-04-11 18:27:59.0;
27;122445;2019-04-11 18:28:02.0;
27;122425;2019-04-11 18:28:06.0;
27;122375;2019-04-11 18:28:08.0;
27;122425;2019-04-11 18:28:09.0;
27;122355;2019-04-11 18:28:12.0;
27;122425;2019-04-11 18:28:13.0;
27;122355;2019-04-11 18:28:15.0;
27;122425;2019-04-11 18:28:16.0;
27;122375;2019-04-11 18:28:18.0;
27;122355;2019-04-11 18:28:19.0;
27;122425;2019-04-11 18:28:23.0;
27;122355;2019-04-11 18:28:25.0;
27;122365;2019-04-11 18:28:27.0;
27;122375;2019-04-11 18:28:29.0;
27;122365;2019-04-11 18:28:30.0;
27;122375;2019-04-11 18:28:31.0;
27;122365;2019-04-11 18:28:36.0;
27;122375;2019-04-11 18:28:38.0;
27;122365;2019-04-11 18:28:39.0;
27;122385;2019-04-11 18:28:43.0;
27;122365;2019-04-11 18:28:51.0;
27;122385;2019-04-11 18:28:55.0;
27;122395;2019-04-11 18:29:25.0;
27;122385;2019-04-11 18:29:27.0;
27;122395;2019-04-11 18:29:28.0;
27;122375;2019-04-11 18:29:29.0;
27;122385;2019-04-11 18:29:31.0;
27;122395;2019-04-11 18:29:33.0;
27;122385;2019-04-11 18:29:34.0;
27;122395;2019-04-11 18:29:35.0;
27;122375;2019-04-11 18:29:37.0;
27;122385;2019-04-11 18:29:38.0;
27;122395;2019-04-11 18:29:41.0;
27;122375;2019-04-11 18:29:46.0;
27;122385;2019-04-11 18:29:47.0;
27;122395;2019-04-11 18:29:49.0;
27;122415;2019-04-11 18:30:06.0;
27;122395;2019-04-11 18:30:07.0;
27;122415;2019-04-11 18:30:11.0;
27;122395;2019-04-11 18:30:18.0;
27;122415;2019-04-11 18:30:21.0;
27;122395;2019-04-11 18:30:27.0;
27;122415;2019-04-11 18:30:31.0;
27;122405;2019-04-11 18:30:36.0;
27;122425;2019-04-11 18:30:38.0;
27;122415;2019-04-11 18:30:41.0;
27;122405;2019-04-11 18:30:43.0;
27;122415;2019-04-11 18:30:44.0;
27;122425;2019-04-11 18:30:46.0;
27;122405;2019-04-11 18:30:47.0;
27;122415;2019-04-11 18:30:49.0;
27;122425;2019-04-11 18:30:50.0;
27;122405;2019-04-11 18:30:51.0;
27;122425;2019-04-11 18:30:53.0;
27;122405;2019-04-11 18:30:56.0;
27;122425;2019-04-11 18:30:57.0;
27;122405;2019-04-11 18:30:58.0;
27;122425;2019-04-11 18:31:01.0;
27;122405;2019-04-11 18:31:04.0;
27;122425;2019-04-11 18:31:06.0;
27;122435;2019-04-11 18:31:07.0;
27;122425;2019-04-11 18:31:14.0;
27;122435;2019-04-11 18:31:15.0;
27;122425;2019-04-11 18:31:22.0;
27;122435;2019-04-11 18:31:23.0;
27;122465;2019-04-11 18:31:26.0;
27;122435;2019-04-11 18:31:28.0;
27;122465;2019-04-11 18:31:29.0;
27;122435;2019-04-11 18:31:32.0;
27;122465;2019-04-11 18:31:35.0;
27;122435;2019-04-11 18:31:37.0;
27;122465;2019-04-11 18:31:39.0;
27;122485;2019-04-11 18:31:45.0;
27;122465;2019-04-11 18:31:46.0;
27;122485;2019-04-11 18:31:48.0;
27;122465;2019-04-11 18:31:52.0;
27;122485;2019-04-11 18:31:55.0;
27;122465;2019-04-11 18:31:59.0;
27;122485;2019-04-11 18:32:04.0;
27;122495;2019-04-11 18:32:05.0;
27;122485;2019-04-11 18:32:07.0;
27;122465;2019-04-11 18:32:08.0;
27;122495;2019-04-11 18:32:11.0;
27;122485;2019-04-11 18:32:12.0;
27;122495;2019-04-11 18:32:13.0;
27;122485;2019-04-11 18:32:16.0;
27;122495;2019-04-11 18:32:22.0;
27;122485;2019-04-11 18:32:23.0;
27;122495;2019-04-11 18:32:26.0;
27;122485;2019-04-11 18:32:28.0;
27;122495;2019-04-11 18:32:29.0;
27;122485;2019-04-11 18:32:34.0;
27;122495;2019-04-11 18:32:35.0;
27;122485;2019-04-11 18:32:36.0;
27;122495;2019-04-11 18:32:41.0;
27;122485;2019-04-11 18:32:42.0;
27;122495;2019-04-11 18:32:46.0;
27;122525;2019-04-11 18:32:47.0;
27;122485;2019-04-11 18:32:48.0;
27;122525;2019-04-11 18:32:50.0;
27;122485;2019-04-11 18:32:52.0;
27;122525;2019-04-11 18:32:55.0;
27;122485;2019-04-11 18:32:57.0;
27;122525;2019-04-11 18:32:59.0;
27;122485;2019-04-11 18:33:06.0;
27;122525;2019-04-11 18:33:08.0;
27;122505;2019-04-11 18:33:42.0;
27;122525;2019-04-11 18:33:44.0;
27;122515;2019-04-11 18:33:52.0;
27;122505;2019-04-11 18:33:57.0;
27;122515;2019-04-11 18:34:00.0;
27;122505;2019-04-11 18:34:01.0;
27;122515;2019-04-11 18:34:04.0;
27;122505;2019-04-11 18:34:05.0;
27;122515;2019-04-11 18:34:07.0;
27;122505;2019-04-11 18:34:10.0;
27;122515;2019-04-11 18:34:11.0;
27;122505;2019-04-11 18:34:24.0;
27;122535;2019-04-11 18:34:59.0;
27;122505;2019-04-11 18:35:06.0;
27;122535;2019-04-11 18:35:07.0;
27;122505;2019-04-11 18:35:10.0;
27;122535;2019-04-11 18:35:13.0;
27;122505;2019-04-11 18:35:14.0;
27;122535;2019-04-11 18:35:15.0;
27;122505;2019-04-11 18:35:17.0;
27;122535;2019-04-11 18:35:23.0;
27;122505;2019-04-11 18:35:25.0;
27;122535;2019-04-11 18:35:26.0;
27;122545;2019-04-11 18:36:03.0;
27;122535;2019-04-11 18:36:05.0;
27;122545;2019-04-11 18:36:06.0;
27;122515;2019-04-11 18:36:18.0;
27;122545;2019-04-11 18:36:19.0;
27;122515;2019-04-11 18:36:22.0;
27;122545;2019-04-11 18:36:25.0;
27;122515;2019-04-11 18:36:27.0;
27;122545;2019-04-11 18:36:28.0;
27;122515;2019-04-11 18:36:34.0;
27;122525;2019-04-11 18:36:35.0;
27;122545;2019-04-11 18:36:37.0;
27;122515;2019-04-11 18:36:38.0;
27;122525;2019-04-11 18:36:40.0;
27;122535;2019-04-11 18:36:41.0;
27;122525;2019-04-11 18:36:45.0;
27;122535;2019-04-11 18:36:47.0;
27;122525;2019-04-11 18:36:50.0;
27;122535;2019-04-11 18:36:51.0;
27;122525;2019-04-11 18:37:01.0;
27;122535;2019-04-11 18:37:07.0;
27;122545;2019-04-11 18:37:21.0;
27;122535;2019-04-11 18:37:23.0;
27;122545;2019-04-11 18:37:24.0;
27;122535;2019-04-11 18:37:25.0;
27;122545;2019-04-11 18:37:28.0;
27;122535;2019-04-11 18:37:31.0;
27;122545;2019-04-11 18:37:39.0;
27;122535;2019-04-11 18:37:40.0;
27;122545;2019-04-11 18:37:44.0;
27;122555;2019-04-11 18:37:46.0;
27;122545;2019-04-11 18:37:47.0;
27;122555;2019-04-11 18:37:50.0;
27;122545;2019-04-11 18:37:53.0;
27;122555;2019-04-11 18:37:54.0;
27;122545;2019-04-11 18:37:56.0;
27;122555;2019-04-11 18:37:57.0;
27;122545;2019-04-11 18:37:58.0;
27;122555;2019-04-11 18:38:00.0;
27;122545;2019-04-11 18:38:01.0;
27;122555;2019-04-11 18:38:04.0;
27;122545;2019-04-11 18:38:07.0;
27;122555;2019-04-11 18:38:11.0;
27;122545;2019-04-11 18:38:13.0;
27;122515;2019-04-11 18:38:17.0;
27;122505;2019-04-11 18:38:24.0;
27;122545;2019-04-11 18:38:25.0;
27;122515;2019-04-11 18:38:27.0;
27;122505;2019-04-11 18:38:30.0;
27;122515;2019-04-11 18:38:31.0;
27;122505;2019-04-11 18:38:32.0;
27;122515;2019-04-11 18:38:37.0;
27;122505;2019-04-11 18:38:38.0;
27;122515;2019-04-11 18:38:42.0;
27;122505;2019-04-11 18:38:44.0;
27;122515;2019-04-11 18:38:47.0;
27;122495;2019-04-11 18:38:48.0;
27;122505;2019-04-11 18:38:49.0;
27;122495;2019-04-11 18:38:51.0;
27;122505;2019-04-11 18:38:57.0;
27;122495;2019-04-11 18:39:00.0;
27;122505;2019-04-11 18:39:35.0;
27;122495;2019-04-11 18:39:43.0;
27;122505;2019-04-11 18:39:44.0;
27;122515;2019-04-11 18:39:53.0;
27;122505;2019-04-11 18:39:57.0;
27;122515;2019-04-11 18:40:01.0;
27;122505;2019-04-11 18:40:03.0;
27;122515;2019-04-11 18:40:04.0;
27;122505;2019-04-11 18:40:07.0;
27;122525;2019-04-11 18:40:10.0;
27;122515;2019-04-11 18:40:23.0;
27;122535;2019-04-11 18:40:24.0;
27;122525;2019-04-11 18:40:26.0;
27;122535;2019-04-11 18:40:33.0;
27;122525;2019-04-11 18:40:36.0;
27;122535;2019-04-11 18:40:37.0;
27;122525;2019-04-11 18:40:39.0;
27;122555;2019-04-11 18:40:41.0;
27;122535;2019-04-11 18:40:47.0;
27;122555;2019-04-11 18:40:50.0;
27;122535;2019-04-11 18:40:52.0;
27;122555;2019-04-11 18:40:56.0;
27;122545;2019-04-11 18:40:57.0;
27;122555;2019-04-11 18:41:00.0;
27;122545;2019-04-11 18:41:06.0;
27;122555;2019-04-11 18:41:08.0;
27;122545;2019-04-11 18:41:09.0;
27;122555;2019-04-11 18:41:10.0;
27;122545;2019-04-11 18:41:12.0;
27;122555;2019-04-11 18:41:13.0;
27;122545;2019-04-11 18:41:19.0;
27;122555;2019-04-11 18:41:31.0;
27;122545;2019-04-11 18:41:32.0;
27;122555;2019-04-11 18:41:33.0;
27;122545;2019-04-11 18:41:36.0;
27;122555;2019-04-11 18:41:37.0;
27;122545;2019-04-11 18:41:39.0;
27;122555;2019-04-11 18:41:42.0;
27;122525;2019-04-11 18:41:45.0;
27;122545;2019-04-11 18:41:47.0;
27;122525;2019-04-11 18:41:52.0;
27;122545;2019-04-11 18:41:53.0;
27;122515;2019-04-11 18:42:01.0;
27;122525;2019-04-11 18:42:03.0;
27;122515;2019-04-11 18:42:04.0;
27;122525;2019-04-11 18:42:07.0;
27;122515;2019-04-11 18:42:08.0;
27;122525;2019-04-11 18:42:14.0;
27;122515;2019-04-11 18:42:15.0;
27;122525;2019-04-11 18:42:22.0;
27;122515;2019-04-11 18:42:23.0;
27;122525;2019-04-11 18:42:27.0;
27;122515;2019-04-11 18:42:30.0;
27;122525;2019-04-11 18:42:32.0;
27;122515;2019-04-11 18:42:33.0;
27;122525;2019-04-11 18:42:36.0;
27;122535;2019-04-11 18:42:59.0;
27;122525;2019-04-11 18:43:02.0;
27;122535;2019-04-11 18:43:03.0;
27;122525;2019-04-11 18:43:05.0;
27;122535;2019-04-11 18:43:06.0;
27;122545;2019-04-11 18:44:19.0;
27;122535;2019-04-11 18:44:28.0;
27;122545;2019-04-11 18:44:30.0;
27;122535;2019-04-11 18:44:31.0;
27;122545;2019-04-11 18:44:33.0;
27;122515;2019-04-11 18:45:22.0;
27;122505;2019-04-11 18:45:58.0;
27;122495;2019-04-11 18:46:29.0;
27;122485;2019-04-11 18:46:34.0;
27;122495;2019-04-11 18:46:36.0;
27;122485;2019-04-11 18:46:43.0;
27;122495;2019-04-11 18:46:45.0;
27;122485;2019-04-11 18:46:50.0;
27;122495;2019-04-11 18:46:52.0;
27;122485;2019-04-11 18:46:54.0;
27;122495;2019-04-11 18:46:57.0;
27;122485;2019-04-11 18:47:00.0;
27;122495;2019-04-11 18:47:34.0;
27;122485;2019-04-11 18:47:36.0;
27;122495;2019-04-11 18:47:38.0;
27;122515;2019-04-11 18:48:11.0;
27;122495;2019-04-11 18:48:14.0;
27;122515;2019-04-11 18:48:16.0;
27;122495;2019-04-11 18:48:17.0;
27;122515;2019-04-11 18:48:19.0;
27;122495;2019-04-11 18:48:24.0;
27;122515;2019-04-11 18:48:28.0;
27;122495;2019-04-11 18:48:30.0;
27;122515;2019-04-11 18:48:31.0;
27;122495;2019-04-11 18:48:32.0;
27;122515;2019-04-11 18:48:34.0;
27;122495;2019-04-11 18:48:39.0;
27;122515;2019-04-11 18:48:40.0;
27;122495;2019-04-11 18:48:43.0;
27;122475;2019-04-11 18:49:11.0;
27;122495;2019-04-11 18:49:13.0;
27;122475;2019-04-11 18:49:15.0;
27;122455;2019-04-11 18:49:19.0;
27;122445;2019-04-11 18:49:22.0;
27;122475;2019-04-11 18:49:23.0;
27;122455;2019-04-11 18:49:25.0;
27;122445;2019-04-11 18:49:30.0;
27;122475;2019-04-11 18:49:33.0;
27;122455;2019-04-11 18:49:34.0;
27;122475;2019-04-11 18:49:35.0;
27;122445;2019-04-11 18:49:37.0;
27;122455;2019-04-11 18:49:39.0;
27;122475;2019-04-11 18:49:41.0;
27;122455;2019-04-11 18:49:42.0;
27;122445;2019-04-11 18:49:44.0;
27;122455;2019-04-11 18:49:45.0;
27;122445;2019-04-11 18:49:46.0;
27;122455;2019-04-11 18:49:49.0;
27;122445;2019-04-11 18:49:51.0;
27;122465;2019-04-11 18:49:52.0;
27;122445;2019-04-11 18:49:56.0;
27;122465;2019-04-11 18:49:57.0;
27;122445;2019-04-11 18:50:00.0;
27;122465;2019-04-11 18:50:01.0;
27;122445;2019-04-11 18:50:06.0;
27;122465;2019-04-11 18:50:09.0;
27;122445;2019-04-11 18:50:15.0;
27;122465;2019-04-11 18:50:16.0;
27;122455;2019-04-11 18:50:19.0;
27;122465;2019-04-11 18:50:22.0;
27;122455;2019-04-11 18:50:27.0;
27;122465;2019-04-11 18:50:28.0;
27;122455;2019-04-11 18:50:31.0;
27;122465;2019-04-11 18:50:34.0;
27;122455;2019-04-11 18:50:39.0;
27;122465;2019-04-11 18:50:40.0;
27;122455;2019-04-11 18:50:43.0;
27;122465;2019-04-11 18:50:44.0;
27;122455;2019-04-11 18:50:46.0;
27;122465;2019-04-11 18:50:48.0;
27;122455;2019-04-11 18:50:49.0;
27;122465;2019-04-11 18:50:50.0;
27;122455;2019-04-11 18:50:54.0;
27;122465;2019-04-11 18:50:56.0;
27;122455;2019-04-11 18:51:03.0;
27;122475;2019-04-11 18:51:08.0;
27;122465;2019-04-11 18:51:09.0;
27;122475;2019-04-11 18:51:13.0;
27;122455;2019-04-11 18:51:15.0;
27;122475;2019-04-11 18:51:18.0;
27;122465;2019-04-11 18:51:23.0;
27;122475;2019-04-11 18:51:25.0;
27;122465;2019-04-11 18:51:26.0;
27;122475;2019-04-11 18:51:28.0;
27;122465;2019-04-11 18:52:04.0;
27;122475;2019-04-11 18:52:06.0;
27;122465;2019-04-11 18:52:08.0;
27;122475;2019-04-11 18:52:10.0;
27;122465;2019-04-11 18:52:12.0;
27;122475;2019-04-11 18:52:13.0;
27;122465;2019-04-11 18:52:14.0;
27;122475;2019-04-11 18:52:20.0;
27;122465;2019-04-11 18:52:21.0;
27;122475;2019-04-11 18:52:23.0;
27;122465;2019-04-11 18:52:24.0;
27;122475;2019-04-11 18:52:28.0;
27;122465;2019-04-11 18:52:31.0;
27;122485;2019-04-11 18:52:40.0;
27;122465;2019-04-11 18:52:41.0;
27;122485;2019-04-11 18:52:43.0;
27;122475;2019-04-11 18:52:47.0;
27;122485;2019-04-11 18:52:53.0;
27;122475;2019-04-11 18:52:54.0;
27;122485;2019-04-11 18:52:55.0;
27;122475;2019-04-11 18:52:57.0;
27;122485;2019-04-11 18:53:01.0;
27;122475;2019-04-11 18:53:02.0;
27;122485;2019-04-11 18:53:05.0;
27;122475;2019-04-11 18:53:06.0;
27;122495;2019-04-11 18:53:14.0;
27;122475;2019-04-11 18:53:16.0;
27;122515;2019-04-11 18:53:18.0;
27;122495;2019-04-11 18:53:21.0;
27;122515;2019-04-11 18:53:26.0;
27;122495;2019-04-11 18:53:28.0;
27;122515;2019-04-11 18:53:29.0;
27;122495;2019-04-11 18:53:31.0;
27;122515;2019-04-11 18:53:34.0;
27;122495;2019-04-11 18:53:35.0;
27;122515;2019-04-11 18:53:37.0;
27;122495;2019-04-11 18:53:38.0;
27;122515;2019-04-11 18:53:40.0;
27;122525;2019-04-11 18:53:49.0;
27;122545;2019-04-11 18:54:18.0;
27;122525;2019-04-11 18:54:19.0;
27;122535;2019-04-11 18:54:20.0;
27;122525;2019-04-11 18:54:22.0;
27;122535;2019-04-11 18:54:23.0;
27;122545;2019-04-11 18:54:25.0;
27;122535;2019-04-11 18:54:26.0;
27;122545;2019-04-11 18:54:29.0;
27;122535;2019-04-11 18:54:31.0;
27;122545;2019-04-11 18:54:33.0;
27;122535;2019-04-11 18:54:38.0;
27;122545;2019-04-11 18:54:40.0;
27;122535;2019-04-11 18:54:41.0;
27;122545;2019-04-11 18:54:44.0;
27;122535;2019-04-11 18:54:46.0;
27;122545;2019-04-11 18:54:49.0;
27;122535;2019-04-11 18:55:03.0;
27;122545;2019-04-11 18:55:05.0;
27;122535;2019-04-11 18:55:06.0;
27;122545;2019-04-11 18:55:08.0;
27;122535;2019-04-11 18:55:11.0;
27;122545;2019-04-11 18:55:13.0;
27;122535;2019-04-11 18:55:22.0;
27;122525;2019-04-11 18:55:25.0;
27;122515;2019-04-11 18:55:34.0;
27;122525;2019-04-11 18:55:36.0;
27;122515;2019-04-11 18:55:37.0;
27;122525;2019-04-11 18:55:39.0;
27;122515;2019-04-11 18:55:47.0;
27;122525;2019-04-11 18:55:51.0;
27;122515;2019-04-11 18:55:54.0;
27;122505;2019-04-11 18:56:05.0;
27;122515;2019-04-11 18:56:08.0;
27;122505;2019-04-11 18:56:17.0;
27;122515;2019-04-11 18:56:19.0;
27;122505;2019-04-11 18:56:21.0;
27;122515;2019-04-11 18:56:23.0;
27;122505;2019-04-11 18:56:25.0;
27;122515;2019-04-11 18:56:27.0;
27;122505;2019-04-11 18:56:28.0;
27;122515;2019-04-11 18:56:29.0;
27;122505;2019-04-11 18:56:31.0;
27;122495;2019-04-11 18:57:02.0;
27;122505;2019-04-11 18:57:35.0;
27;122515;2019-04-11 18:57:38.0;
27;122505;2019-04-11 18:57:39.0;
27;122515;2019-04-11 18:57:41.0;
27;122505;2019-04-11 18:57:42.0;
27;122515;2019-04-11 18:57:45.0;
27;122505;2019-04-11 18:57:46.0;
27;122515;2019-04-11 18:57:48.0;
27;122505;2019-04-11 18:57:52.0;
27;122515;2019-04-11 18:57:53.0;
27;122505;2019-04-11 18:58:02.0;
27;122515;2019-04-11 18:58:07.0;
27;122505;2019-04-11 18:58:09.0;
27;122515;2019-04-11 18:58:53.0;
27;122505;2019-04-11 18:58:54.0;
27;122515;2019-04-11 18:58:56.0;
27;122505;2019-04-11 18:58:58.0;
27;122515;2019-04-11 18:59:02.0;
27;122505;2019-04-11 18:59:14.0;
27;122515;2019-04-11 18:59:16.0;
27;122505;2019-04-11 18:59:18.0;
27;122515;2019-04-11 18:59:20.0;
27;122465;2019-04-11 18:59:24.0;
27;122515;2019-04-11 18:59:26.0;
27;122465;2019-04-11 18:59:27.0;
27;122505;2019-04-11 18:59:30.0;
27;122465;2019-04-11 18:59:38.0;
27;122455;2019-04-11 18:59:48.0;
27;122465;2019-04-11 18:59:50.0;
27;122455;2019-04-11 18:59:51.0;
27;122465;2019-04-11 18:59:54.0;
27;122455;2019-04-11 18:59:57.0;
27;122465;2019-04-11 19:00:32.0;
27;122455;2019-04-11 19:00:33.0;
27;122465;2019-04-11 19:00:36.0;
27;122455;2019-04-11 19:00:39.0;
27;122465;2019-04-11 19:00:41.0;
27;122455;2019-04-11 19:00:43.0;
27;122465;2019-04-11 19:00:44.0;
27;122475;2019-04-11 19:01:04.0;
27;122465;2019-04-11 19:01:05.0;
27;122475;2019-04-11 19:01:07.0;
27;122465;2019-04-11 19:01:08.0;
27;122475;2019-04-11 19:01:10.0;
27;122485;2019-04-11 19:01:14.0;
27;122475;2019-04-11 19:01:17.0;
27;122485;2019-04-11 19:01:22.0;
27;122475;2019-04-11 19:01:23.0;
27;122485;2019-04-11 19:01:25.0;
27;122475;2019-04-11 19:01:26.0;
27;122485;2019-04-11 19:01:34.0;
27;122475;2019-04-11 19:01:36.0;
27;122485;2019-04-11 19:01:37.0;
27;122495;2019-04-11 19:02:12.0;
27;122485;2019-04-11 19:02:13.0;
27;122495;2019-04-11 19:02:15.0;
27;122485;2019-04-11 19:02:19.0;
27;122495;2019-04-11 19:02:26.0;
27;122485;2019-04-11 19:02:29.0;
27;122495;2019-04-11 19:02:30.0;
27;122485;2019-04-11 19:02:32.0;
27;122495;2019-04-11 19:02:40.0;
27;122485;2019-04-11 19:02:41.0;
27;122525;2019-04-11 19:02:47.0;
27;122535;2019-04-11 19:02:53.0;
27;122525;2019-04-11 19:02:55.0;
27;122535;2019-04-11 19:02:59.0;
27;122525;2019-04-11 19:03:00.0;
27;122535;2019-04-11 19:03:05.0;
27;122525;2019-04-11 19:03:06.0;
27;122535;2019-04-11 19:03:08.0;
27;122525;2019-04-11 19:03:09.0;
27;122535;2019-04-11 19:03:11.0;
27;122525;2019-04-11 19:03:15.0;
27;122535;2019-04-11 19:03:16.0;
27;122525;2019-04-11 19:03:20.0;
27;122535;2019-04-11 19:03:22.0;
27;122545;2019-04-11 19:03:23.0;
27;122535;2019-04-11 19:03:27.0;
27;122545;2019-04-11 19:03:29.0;
27;122535;2019-04-11 19:03:30.0;
27;122545;2019-04-11 19:03:33.0;
27;122535;2019-04-11 19:03:46.0;
27;122545;2019-04-11 19:03:47.0;
27;122535;2019-04-11 19:03:54.0;
27;122525;2019-04-11 19:04:06.0;
27;122535;2019-04-11 19:04:09.0;
27;122525;2019-04-11 19:04:11.0;
27;122535;2019-04-11 19:04:13.0;
27;122525;2019-04-11 19:04:14.0;
27;122535;2019-04-11 19:04:16.0;
27;122525;2019-04-11 19:04:22.0;
27;122535;2019-04-11 19:04:23.0;
27;122545;2019-04-11 19:04:27.0;
27;122535;2019-04-11 19:04:28.0;
27;122525;2019-04-11 19:04:30.0;
27;122545;2019-04-11 19:04:32.0;
27;122525;2019-04-11 19:04:33.0;
27;122545;2019-04-11 19:04:36.0;
27;122535;2019-04-11 19:04:37.0;
27;122545;2019-04-11 19:04:39.0;
27;122535;2019-04-11 19:04:42.0;
27;122545;2019-04-11 19:04:46.0;
27;122535;2019-04-11 19:04:48.0;
27;122545;2019-04-11 19:04:50.0;
27;122535;2019-04-11 19:04:51.0;
27;122545;2019-04-11 19:04:53.0;
27;122535;2019-04-11 19:04:55.0;
27;122525;2019-04-11 19:05:09.0;
27;122535;2019-04-11 19:05:11.0;
27;122525;2019-04-11 19:05:20.0;
27;122535;2019-04-11 19:05:22.0;
27;122545;2019-04-11 19:05:26.0;
27;122535;2019-04-11 19:05:28.0;
27;122545;2019-04-11 19:05:30.0;
27;122535;2019-04-11 19:05:31.0;
27;122525;2019-04-11 19:05:33.0;
27;122535;2019-04-11 19:05:34.0;
27;122525;2019-04-11 19:05:36.0;
27;122535;2019-04-11 19:05:37.0;
27;122545;2019-04-11 19:05:40.0;
27;122535;2019-04-11 19:05:41.0;
27;122545;2019-04-11 19:05:43.0;
27;122535;2019-04-11 19:05:47.0;
27;122545;2019-04-11 19:05:51.0;
27;122535;2019-04-11 19:05:55.0;
27;122545;2019-04-11 19:05:57.0;
27;122555;2019-04-11 19:06:31.0;
27;122545;2019-04-11 19:06:32.0;
27;122555;2019-04-11 19:06:35.0;
27;122545;2019-04-11 19:06:36.0;
27;122555;2019-04-11 19:06:39.0;
27;122545;2019-04-11 19:06:48.0;
27;122555;2019-04-11 19:06:49.0;
27;122545;2019-04-11 19:06:54.0;
27;122555;2019-04-11 19:06:55.0;
27;122565;2019-04-11 19:07:05.0;
27;122555;2019-04-11 19:07:08.0;
27;122565;2019-04-11 19:07:09.0;
27;122555;2019-04-11 19:07:10.0;
27;122565;2019-04-11 19:07:18.0;
27;122555;2019-04-11 19:07:21.0;
27;122565;2019-04-11 19:07:23.0;
27;122555;2019-04-11 19:07:25.0;
27;122565;2019-04-11 19:07:30.0;
27;122555;2019-04-11 19:07:32.0;
27;122545;2019-04-11 19:07:40.0;
27;122525;2019-04-11 19:08:30.0;
27;122545;2019-04-11 19:08:31.0;
27;122525;2019-04-11 19:08:44.0;
27;122555;2019-04-11 19:08:45.0;
27;122525;2019-04-11 19:08:48.0;
27;122555;2019-04-11 19:08:51.0;
27;122525;2019-04-11 19:08:52.0;
27;122575;2019-04-11 19:08:55.0;
27;122525;2019-04-11 19:08:57.0;
27;122575;2019-04-11 19:08:59.0;
27;122555;2019-04-11 19:09:02.0;
27;122575;2019-04-11 19:09:04.0;
27;122555;2019-04-11 19:09:07.0;
27;122575;2019-04-11 19:09:08.0;
27;122555;2019-04-11 19:09:12.0;
27;122575;2019-04-11 19:09:15.0;
27;122565;2019-04-11 19:09:19.0;
27;122575;2019-04-11 19:09:20.0;
27;122565;2019-04-11 19:09:23.0;
27;122575;2019-04-11 19:09:25.0;
27;122565;2019-04-11 19:09:26.0;
27;122575;2019-04-11 19:09:31.0;
27;122565;2019-04-11 19:09:32.0;
27;122585;2019-04-11 19:10:15.0;
27;122565;2019-04-11 19:10:17.0;
27;122585;2019-04-11 19:10:18.0;
27;122555;2019-04-11 19:10:21.0;
27;122585;2019-04-11 19:10:24.0;
27;122565;2019-04-11 19:10:26.0;
27;122585;2019-04-11 19:10:27.0;
27;122565;2019-04-11 19:10:29.0;
27;122585;2019-04-11 19:10:31.0;
27;122555;2019-04-11 19:10:32.0;
27;122585;2019-04-11 19:10:34.0;
27;122555;2019-04-11 19:10:35.0;
27;122585;2019-04-11 19:10:39.0;
27;122565;2019-04-11 19:10:40.0;
27;122555;2019-04-11 19:10:44.0;
27;122565;2019-04-11 19:10:46.0;
27;122555;2019-04-11 19:10:52.0;
27;122565;2019-04-11 19:10:53.0;
27;122585;2019-04-11 19:11:11.0;
27;122565;2019-04-11 19:11:15.0;
27;122585;2019-04-11 19:11:17.0;
27;122565;2019-04-11 19:11:22.0;
27;122585;2019-04-11 19:11:23.0;
27;122575;2019-04-11 19:11:42.0;
27;122585;2019-04-11 19:11:43.0;
27;122575;2019-04-11 19:11:50.0;
27;122585;2019-04-11 19:11:52.0;
27;122575;2019-04-11 19:11:55.0;
27;122585;2019-04-11 19:11:56.0;
27;122575;2019-04-11 19:11:57.0;
27;122585;2019-04-11 19:11:59.0;
27;122575;2019-04-11 19:12:00.0;
27;122585;2019-04-11 19:12:01.0;
27;122575;2019-04-11 19:12:09.0;
27;122585;2019-04-11 19:12:10.0;
27;122575;2019-04-11 19:12:12.0;
27;122585;2019-04-11 19:12:13.0;
27;122595;2019-04-11 19:12:42.0;
27;122585;2019-04-11 19:12:44.0;
27;122595;2019-04-11 19:12:47.0;
27;122585;2019-04-11 19:12:49.0;
27;122595;2019-04-11 19:12:51.0;
27;122585;2019-04-11 19:12:54.0;
27;122595;2019-04-11 19:12:55.0;
27;122585;2019-04-11 19:13:19.0;
27;122595;2019-04-11 19:13:22.0;
27;122585;2019-04-11 19:13:24.0;
27;122595;2019-04-11 19:13:25.0;
27;122585;2019-04-11 19:13:26.0;
27;122595;2019-04-11 19:13:28.0;
27;122585;2019-04-11 19:13:29.0;
27;122595;2019-04-11 19:13:32.0;
27;122585;2019-04-11 19:13:35.0;
27;122595;2019-04-11 19:13:36.0;
27;122585;2019-04-11 19:13:38.0;
27;122595;2019-04-11 19:13:41.0;
27;122585;2019-04-11 19:13:46.0;
27;122595;2019-04-11 19:13:48.0;
27;122605;2019-04-11 19:13:58.0;
27;122545;2019-04-11 19:14:24.0;
27;122605;2019-04-11 19:14:25.0;
27;122555;2019-04-11 19:14:31.0;
27;122545;2019-04-11 19:14:32.0;
27;122555;2019-04-11 19:14:35.0;
27;122545;2019-04-11 19:14:36.0;
27;122555;2019-04-11 19:14:39.0;
27;122545;2019-04-11 19:14:41.0;
27;122555;2019-04-11 19:14:42.0;
27;122545;2019-04-11 19:14:46.0;
27;122555;2019-04-11 19:14:58.0;
27;122545;2019-04-11 19:15:00.0;
27;122555;2019-04-11 19:15:05.0;
27;122545;2019-04-11 19:15:10.0;
27;122555;2019-04-11 19:15:12.0;
27;122545;2019-04-11 19:15:13.0;
27;122555;2019-04-11 19:15:14.0;
27;122545;2019-04-11 19:15:16.0;
27;122555;2019-04-11 19:15:18.0;
27;122545;2019-04-11 19:15:21.0;
27;122555;2019-04-11 19:15:23.0;
27;122565;2019-04-11 19:15:28.0;
27;122555;2019-04-11 19:15:29.0;
27;122565;2019-04-11 19:15:32.0;
27;122555;2019-04-11 19:15:33.0;
27;122565;2019-04-11 19:15:36.0;
27;122575;2019-04-11 19:16:14.0;
27;122565;2019-04-11 19:16:15.0;
27;122575;2019-04-11 19:16:18.0;
27;122565;2019-04-11 19:16:20.0;
27;122575;2019-04-11 19:16:21.0;
27;122565;2019-04-11 19:16:22.0;
27;122575;2019-04-11 19:16:24.0;
27;122565;2019-04-11 19:16:25.0;
27;122575;2019-04-11 19:16:32.0;
27;122565;2019-04-11 19:16:43.0;
27;122575;2019-04-11 19:16:55.0;
27;122565;2019-04-11 19:16:57.0;
27;122575;2019-04-11 19:17:04.0;
27;122565;2019-04-11 19:17:07.0;
27;122535;2019-04-11 19:17:11.0;
27;122565;2019-04-11 19:17:15.0;
27;122535;2019-04-11 19:17:17.0;
27;122545;2019-04-11 19:17:49.0;
27;122535;2019-04-11 19:17:55.0;
27;122545;2019-04-11 19:17:56.0;
27;122555;2019-04-11 19:18:28.0;
27;122545;2019-04-11 19:18:29.0;
27;122555;2019-04-11 19:18:34.0;
27;122545;2019-04-11 19:18:35.0;
27;122555;2019-04-11 19:18:38.0;
27;122545;2019-04-11 19:18:40.0;
27;122555;2019-04-11 19:18:58.0;
27;122545;2019-04-11 19:19:00.0;
27;122555;2019-04-11 19:19:08.0;
27;122545;2019-04-11 19:19:14.0;
27;122555;2019-04-11 19:19:15.0;
27;122545;2019-04-11 19:19:53.0;
27;122555;2019-04-11 19:19:54.0;
27;122545;2019-04-11 19:19:56.0;
27;122555;2019-04-11 19:19:58.0;
27;122545;2019-04-11 19:20:03.0;
27;122555;2019-04-11 19:20:10.0;
27;122545;2019-04-11 19:20:11.0;
27;122555;2019-04-11 19:20:13.0;
27;122545;2019-04-11 19:20:14.0;
27;122555;2019-04-11 19:20:29.0;
27;122545;2019-04-11 19:20:35.0;
27;122555;2019-04-11 19:20:39.0;
27;122545;2019-04-11 19:20:44.0;
27;122555;2019-04-11 19:20:45.0;
27;122545;2019-04-11 19:21:01.0;
27;122555;2019-04-11 19:21:03.0;
27;122545;2019-04-11 19:21:10.0;
27;122555;2019-04-11 19:21:11.0;
27;122535;2019-04-11 19:21:13.0;
27;122555;2019-04-11 19:21:14.0;
27;122535;2019-04-11 19:21:16.0;
27;122555;2019-04-11 19:21:17.0;
27;122545;2019-04-11 19:21:21.0;
27;122535;2019-04-11 19:21:27.0;
27;122525;2019-04-11 19:21:45.0;
27;122535;2019-04-11 19:21:46.0;
27;122515;2019-04-11 19:21:51.0;
27;122525;2019-04-11 19:21:55.0;
27;122515;2019-04-11 19:21:58.0;
27;122535;2019-04-11 19:22:00.0;
27;122525;2019-04-11 19:22:02.0;
27;122515;2019-04-11 19:22:04.0;
27;122525;2019-04-11 19:22:07.0;
27;122515;2019-04-11 19:22:09.0;
27;122525;2019-04-11 19:22:12.0;
27;122515;2019-04-11 19:22:14.0;
27;122485;2019-04-11 19:22:18.0;
27;122515;2019-04-11 19:22:19.0;
27;122495;2019-04-11 19:22:22.0;
27;122515;2019-04-11 19:22:24.0;
27;122485;2019-04-11 19:22:25.0;
27;122515;2019-04-11 19:22:28.0;
27;122495;2019-04-11 19:22:32.0;
27;122485;2019-04-11 19:22:34.0;
27;122495;2019-04-11 19:22:35.0;
27;122485;2019-04-11 19:22:37.0;
27;122495;2019-04-11 19:22:43.0;
27;122485;2019-04-11 19:22:45.0;
27;122495;2019-04-11 19:22:52.0;
27;122485;2019-04-11 19:22:53.0;
27;122505;2019-04-11 19:23:07.0;
27;122485;2019-04-11 19:23:09.0;
27;122505;2019-04-11 19:23:13.0;
27;122485;2019-04-11 19:23:15.0;
27;122505;2019-04-11 19:23:20.0;
27;122485;2019-04-11 19:23:22.0;
27;122505;2019-04-11 19:23:25.0;
27;122495;2019-04-11 19:23:30.0;
27;122505;2019-04-11 19:23:31.0;
27;122495;2019-04-11 19:23:36.0;
27;122505;2019-04-11 19:23:37.0;
27;122485;2019-04-11 19:23:39.0;
27;122495;2019-04-11 19:23:40.0;
27;122485;2019-04-11 19:23:41.0;
27;122495;2019-04-11 19:23:44.0;
27;122485;2019-04-11 19:23:45.0;
27;122505;2019-04-11 19:23:48.0;
27;122485;2019-04-11 19:23:51.0;
27;122495;2019-04-11 19:23:53.0;
27;122485;2019-04-11 19:23:54.0;
27;122495;2019-04-11 19:23:56.0;
27;122505;2019-04-11 19:23:57.0;
27;122485;2019-04-11 19:24:07.0;
27;122505;2019-04-11 19:24:09.0;
27;122475;2019-04-11 19:24:12.0;
27;122505;2019-04-11 19:24:13.0;
27;122475;2019-04-11 19:24:16.0;
27;122505;2019-04-11 19:24:17.0;
27;122475;2019-04-11 19:24:22.0;
27;122505;2019-04-11 19:24:24.0;
27;122475;2019-04-11 19:24:27.0;
27;122505;2019-04-11 19:24:29.0;
27;122465;2019-04-11 19:24:32.0;
27;122475;2019-04-11 19:24:40.0;
27;122465;2019-04-11 19:24:41.0;
27;122475;2019-04-11 19:24:48.0;
27;122465;2019-04-11 19:24:50.0;
27;122475;2019-04-11 19:24:54.0;
27;122465;2019-04-11 19:24:56.0;
27;122475;2019-04-11 19:25:00.0;
27;122465;2019-04-11 19:25:01.0;
27;122475;2019-04-11 19:25:07.0;
27;122465;2019-04-11 19:25:10.0;
27;122455;2019-04-11 19:25:16.0;
27;122465;2019-04-11 19:25:20.0;
27;122455;2019-04-11 19:25:21.0;
27;122465;2019-04-11 19:25:28.0;
27;122405;2019-04-11 19:25:30.0;
27;122455;2019-04-11 19:25:32.0;
27;122405;2019-04-11 19:25:39.0;
27;122455;2019-04-11 19:25:40.0;
27;122405;2019-04-11 19:25:44.0;
27;122415;2019-04-11 19:25:45.0;
27;122405;2019-04-11 19:25:48.0;
27;122415;2019-04-11 19:25:50.0;
27;122405;2019-04-11 19:25:54.0;
27;122415;2019-04-11 19:25:56.0;
27;122405;2019-04-11 19:25:57.0;
27;122415;2019-04-11 19:25:59.0;
27;122405;2019-04-11 19:26:00.0;
27;122415;2019-04-11 19:26:01.0;
27;122445;2019-04-11 19:26:20.0;
27;122415;2019-04-11 19:26:21.0;
27;122445;2019-04-11 19:26:24.0;
27;122415;2019-04-11 19:26:28.0;
27;122445;2019-04-11 19:26:30.0;
27;122415;2019-04-11 19:26:33.0;
27;122445;2019-04-11 19:26:34.0;
27;122435;2019-04-11 19:26:42.0;
27;122445;2019-04-11 19:26:44.0;
27;122435;2019-04-11 19:26:46.0;
27;122445;2019-04-11 19:26:48.0;
27;122435;2019-04-11 19:26:51.0;
27;122445;2019-04-11 19:26:53.0;
27;122425;2019-04-11 19:26:54.0;
27;122435;2019-04-11 19:26:56.0;
27;122425;2019-04-11 19:26:57.0;
27;122435;2019-04-11 19:26:58.0;
27;122425;2019-04-11 19:27:00.0;
27;122435;2019-04-11 19:27:01.0;
27;122425;2019-04-11 19:27:04.0;
27;122435;2019-04-11 19:27:06.0;
27;122425;2019-04-11 19:27:14.0;
27;122435;2019-04-11 19:27:26.0;
27;122425;2019-04-11 19:27:27.0;
27;122435;2019-04-11 19:27:33.0;
27;122425;2019-04-11 19:27:35.0;
27;122435;2019-04-11 19:27:37.0;
27;122425;2019-04-11 19:27:39.0;
27;122435;2019-04-11 19:27:46.0;
27;122425;2019-04-11 19:27:47.0;
27;122435;2019-04-11 19:27:49.0;
27;122425;2019-04-11 19:27:52.0;
27;122435;2019-04-11 19:27:53.0;
27;122465;2019-04-11 19:28:08.0;
27;122435;2019-04-11 19:28:10.0;
27;122465;2019-04-11 19:28:17.0;
27;122435;2019-04-11 19:28:18.0;
27;122465;2019-04-11 19:28:21.0;
27;122435;2019-04-11 19:28:22.0;
27;122465;2019-04-11 19:28:25.0;
27;122485;2019-04-11 19:28:27.0;
27;122465;2019-04-11 19:28:30.0;
27;122485;2019-04-11 19:28:33.0;
27;122465;2019-04-11 19:28:36.0;
27;122485;2019-04-11 19:28:37.0;
27;122475;2019-04-11 19:28:58.0;
27;122485;2019-04-11 19:29:07.0;
27;122475;2019-04-11 19:29:08.0;
27;122465;2019-04-11 19:30:20.0;
27;122475;2019-04-11 19:30:22.0;
27;122465;2019-04-11 19:30:24.0;
27;122475;2019-04-11 19:30:26.0;
27;122465;2019-04-11 19:30:28.0;
27;122455;2019-04-11 19:30:32.0;
27;122475;2019-04-11 19:30:33.0;
27;122455;2019-04-11 19:30:35.0;
27;122475;2019-04-11 19:30:36.0;
27;122455;2019-04-11 19:30:38.0;
27;122465;2019-04-11 19:30:39.0;
27;122445;2019-04-11 19:30:41.0;
27;122455;2019-04-11 19:30:42.0;
27;122465;2019-04-11 19:30:44.0;
27;122455;2019-04-11 19:30:45.0;
27;122465;2019-04-11 19:30:46.0;
27;122445;2019-04-11 19:30:48.0;
27;122455;2019-04-11 19:30:52.0;
27;122445;2019-04-11 19:30:54.0;
27;122455;2019-04-11 19:30:55.0;
27;122445;2019-04-11 19:30:56.0;
27;122455;2019-04-11 19:30:58.0;
27;122445;2019-04-11 19:31:02.0;
27;122435;2019-04-11 19:31:04.0;
27;122445;2019-04-11 19:31:05.0;
27;122435;2019-04-11 19:31:07.0;
27;122445;2019-04-11 19:31:10.0;
27;122435;2019-04-11 19:31:12.0;
27;122445;2019-04-11 19:31:14.0;
27;122435;2019-04-11 19:31:15.0;
27;122445;2019-04-11 19:31:39.0;
27;122435;2019-04-11 19:31:41.0;
27;122445;2019-04-11 19:31:43.0;
27;122455;2019-04-11 19:31:45.0;
27;122435;2019-04-11 19:31:46.0;
27;122455;2019-04-11 19:31:49.0;
27;122445;2019-04-11 19:31:51.0;
27;122435;2019-04-11 19:31:52.0;
27;122455;2019-04-11 19:31:55.0;
27;122435;2019-04-11 19:31:56.0;
27;122445;2019-04-11 19:31:58.0;
27;122455;2019-04-11 19:31:59.0;
27;122445;2019-04-11 19:32:02.0;
27;122455;2019-04-11 19:32:05.0;
27;122445;2019-04-11 19:32:07.0;
27;122455;2019-04-11 19:32:08.0;
27;122475;2019-04-11 19:32:36.0;
27;122455;2019-04-11 19:32:38.0;
27;122475;2019-04-11 19:32:39.0;
27;122455;2019-04-11 19:32:40.0;
27;122485;2019-04-11 19:32:45.0;
27;122455;2019-04-11 19:32:46.0;
27;122485;2019-04-11 19:32:48.0;
27;122475;2019-04-11 19:32:49.0;
27;122485;2019-04-11 19:32:56.0;
27;122475;2019-04-11 19:32:58.0;
27;122485;2019-04-11 19:33:07.0;
27;122475;2019-04-11 19:33:09.0;
27;122485;2019-04-11 19:33:53.0;
27;122475;2019-04-11 19:33:56.0;
27;122485;2019-04-11 19:33:58.0;
27;122475;2019-04-11 19:34:02.0;
27;122485;2019-04-11 19:34:03.0;
27;122475;2019-04-11 19:34:09.0;
27;122485;2019-04-11 19:34:13.0;
27;122475;2019-04-11 19:34:15.0;
27;122485;2019-04-11 19:34:16.0;
27;122475;2019-04-11 19:34:27.0;
27;122485;2019-04-11 19:34:47.0;
27;122475;2019-04-11 19:34:49.0;
27;122485;2019-04-11 19:35:07.0;
27;122475;2019-04-11 19:35:08.0;
27;122485;2019-04-11 19:35:15.0;
27;122475;2019-04-11 19:35:16.0;
27;122485;2019-04-11 19:35:19.0;
27;122475;2019-04-11 19:35:20.0;
27;122485;2019-04-11 19:35:23.0;
27;122475;2019-04-11 19:35:24.0;
27;122485;2019-04-11 19:35:28.0;
27;122505;2019-04-11 19:35:34.0;
27;122495;2019-04-11 19:35:38.0;
27;122505;2019-04-11 19:35:40.0;
27;122495;2019-04-11 19:35:48.0;
27;122505;2019-04-11 19:35:51.0;
27;122495;2019-04-11 19:35:52.0;
27;122505;2019-04-11 19:35:55.0;
27;122495;2019-04-11 19:36:03.0;
27;122505;2019-04-11 19:36:06.0;
27;122495;2019-04-11 19:36:07.0;
27;122505;2019-04-11 19:36:09.0;
27;122495;2019-04-11 19:36:37.0;
27;122505;2019-04-11 19:36:38.0;
27;122495;2019-04-11 19:36:41.0;
27;122485;2019-04-11 19:37:27.0;
27;122495;2019-04-11 19:37:29.0;
27;122485;2019-04-11 19:37:37.0;
27;122495;2019-04-11 19:37:38.0;
27;122475;2019-04-11 19:37:43.0;
27;122495;2019-04-11 19:37:44.0;
27;122475;2019-04-11 19:37:46.0;
27;122485;2019-04-11 19:37:50.0;
27;122475;2019-04-11 19:37:51.0;
27;122485;2019-04-11 19:37:57.0;
27;122475;2019-04-11 19:37:58.0;
27;122435;2019-04-11 19:38:12.0;
27;122475;2019-04-11 19:38:13.0;
27;122435;2019-04-11 19:38:18.0;
27;122475;2019-04-11 19:38:21.0;
27;122435;2019-04-11 19:38:22.0;
27;122475;2019-04-11 19:38:24.0;
27;122435;2019-04-11 19:38:25.0;
27;122445;2019-04-11 19:38:58.0;
27;122435;2019-04-11 19:38:59.0;
27;122455;2019-04-11 19:39:03.0;
27;122435;2019-04-11 19:39:05.0;
27;122455;2019-04-11 19:39:08.0;
27;122435;2019-04-11 19:39:11.0;
27;122455;2019-04-11 19:39:12.0;
27;122445;2019-04-11 19:39:14.0;
27;122455;2019-04-11 19:39:15.0;
27;122445;2019-04-11 19:39:16.0;
27;122455;2019-04-11 19:39:21.0;
27;122445;2019-04-11 19:39:22.0;
27;122455;2019-04-11 19:39:25.0;
27;122445;2019-04-11 19:39:28.0;
27;122455;2019-04-11 19:39:29.0;
27;122425;2019-04-11 19:39:31.0;
27;122445;2019-04-11 19:39:41.0;
27;122425;2019-04-11 19:39:42.0;
27;122415;2019-04-11 19:39:46.0;
27;122425;2019-04-11 19:39:48.0;
27;122415;2019-04-11 19:39:49.0;
27;122425;2019-04-11 19:39:52.0;
27;122415;2019-04-11 19:39:58.0;
27;122425;2019-04-11 19:39:59.0;
27;122415;2019-04-11 19:40:01.0;
27;122395;2019-04-11 19:40:03.0;
27;122415;2019-04-11 19:40:05.0;
27;122395;2019-04-11 19:40:07.0;
27;122415;2019-04-11 19:40:09.0;
27;122395;2019-04-11 19:40:12.0;
27;122415;2019-04-11 19:40:13.0;
27;122395;2019-04-11 19:40:15.0;
27;122405;2019-04-11 19:40:19.0;
27;122395;2019-04-11 19:40:21.0;
27;122405;2019-04-11 19:40:28.0;
27;122395;2019-04-11 19:40:33.0;
27;122425;2019-04-11 19:40:35.0;
27;122405;2019-04-11 19:40:38.0;
27;122425;2019-04-11 19:40:39.0;
27;122405;2019-04-11 19:40:42.0;
27;122425;2019-04-11 19:40:44.0;
27;122415;2019-04-11 19:40:50.0;
27;122425;2019-04-11 19:40:52.0;
27;122415;2019-04-11 19:40:54.0;
27;122425;2019-04-11 19:40:55.0;
27;122415;2019-04-11 19:40:57.0;
27;122425;2019-04-11 19:41:01.0;
27;122415;2019-04-11 19:41:08.0;
27;122405;2019-04-11 19:41:09.0;
27;122415;2019-04-11 19:41:12.0;
27;122405;2019-04-11 19:41:16.0;
27;122415;2019-04-11 19:41:20.0;
27;122405;2019-04-11 19:41:22.0;
27;122435;2019-04-11 19:41:46.0;
27;122405;2019-04-11 19:41:47.0;
27;122435;2019-04-11 19:41:49.0;
27;122405;2019-04-11 19:41:52.0;
27;122435;2019-04-11 19:41:55.0;
27;122445;2019-04-11 19:42:51.0;
27;122435;2019-04-11 19:42:54.0;
27;122445;2019-04-11 19:42:57.0;
27;122435;2019-04-11 19:43:00.0;
27;122445;2019-04-11 19:43:01.0;
27;122435;2019-04-11 19:43:04.0;
27;122445;2019-04-11 19:43:05.0;
27;122435;2019-04-11 19:43:10.0;
27;122445;2019-04-11 19:43:11.0;
27;122435;2019-04-11 19:43:18.0;
27;122445;2019-04-11 19:43:19.0;
27;122435;2019-04-11 19:43:22.0;
27;122415;2019-04-11 19:43:24.0;
27;122435;2019-04-11 19:43:29.0;
27;122415;2019-04-11 19:43:31.0;
27;122425;2019-04-11 19:44:11.0;
27;122415;2019-04-11 19:44:15.0;
27;122425;2019-04-11 19:44:23.0;
27;122415;2019-04-11 19:44:26.0;
27;122365;2019-04-11 19:44:31.0;
27;122415;2019-04-11 19:44:34.0;
27;122425;2019-04-11 19:44:37.0;
27;122365;2019-04-11 19:44:41.0;
27;122415;2019-04-11 19:44:45.0;
27;122365;2019-04-11 19:44:47.0;
27;122345;2019-04-11 19:44:48.0;
27;122415;2019-04-11 19:44:51.0;
27;122345;2019-04-11 19:44:53.0;
27;122415;2019-04-11 19:44:54.0;
27;122365;2019-04-11 19:44:55.0;
27;122415;2019-04-11 19:44:58.0;
27;122365;2019-04-11 19:44:59.0;
27;122345;2019-04-11 19:45:02.0;
27;122335;2019-04-11 19:45:03.0;
27;122345;2019-04-11 19:45:23.0;
27;122335;2019-04-11 19:45:24.0;
27;122345;2019-04-11 19:45:31.0;
27;122335;2019-04-11 19:45:32.0;
27;122345;2019-04-11 19:45:36.0;
27;122365;2019-04-11 19:45:59.0;
27;122345;2019-04-11 19:46:01.0;
27;122365;2019-04-11 19:46:04.0;
27;122345;2019-04-11 19:46:05.0;
27;122375;2019-04-11 19:46:06.0;
27;122365;2019-04-11 19:46:08.0;
27;122375;2019-04-11 19:46:09.0;
27;122365;2019-04-11 19:46:14.0;
27;122375;2019-04-11 19:46:16.0;
27;122365;2019-04-11 19:46:23.0;
27;122375;2019-04-11 19:46:24.0;
27;122365;2019-04-11 19:46:29.0;
27;122375;2019-04-11 19:46:30.0;
27;122385;2019-04-11 19:46:32.0;
27;122375;2019-04-11 19:46:33.0;
27;122385;2019-04-11 19:46:37.0;
27;122395;2019-04-11 19:46:39.0;
27;122385;2019-04-11 19:46:40.0;
27;122395;2019-04-11 19:46:42.0;
27;122385;2019-04-11 19:46:43.0;
27;122395;2019-04-11 19:46:46.0;
27;122385;2019-04-11 19:46:50.0;
27;122395;2019-04-11 19:46:52.0;
27;122385;2019-04-11 19:46:53.0;
27;122395;2019-04-11 19:46:57.0;
27;122385;2019-04-11 19:46:59.0;
27;122395;2019-04-11 19:47:02.0;
27;122385;2019-04-11 19:47:35.0;
27;122395;2019-04-11 19:47:36.0;
27;122385;2019-04-11 19:47:39.0;
27;122395;2019-04-11 19:47:40.0;
27;122385;2019-04-11 19:47:42.0;
27;122395;2019-04-11 19:47:44.0;
27;122385;2019-04-11 19:47:46.0;
27;122395;2019-04-11 19:47:50.0;
27;122385;2019-04-11 19:47:53.0;
27;122395;2019-04-11 19:47:59.0;
27;122385;2019-04-11 19:48:00.0;
27;122405;2019-04-11 19:48:18.0;
27;122385;2019-04-11 19:48:21.0;
27;122405;2019-04-11 19:48:32.0;
27;122385;2019-04-11 19:48:33.0;
27;122405;2019-04-11 19:48:36.0;
27;122385;2019-04-11 19:48:37.0;
27;122405;2019-04-11 19:48:38.0;
27;122425;2019-04-11 19:48:41.0;
27;122405;2019-04-11 19:48:42.0;
27;122425;2019-04-11 19:48:45.0;
27;122405;2019-04-11 19:48:46.0;
27;122425;2019-04-11 19:48:48.0;
27;122405;2019-04-11 19:48:55.0;
27;122425;2019-04-11 19:48:56.0;
27;122405;2019-04-11 19:48:58.0;
27;122425;2019-04-11 19:48:59.0;
27;122415;2019-04-11 19:49:12.0;
27;122425;2019-04-11 19:49:14.0;
27;122415;2019-04-11 19:49:17.0;
27;122425;2019-04-11 19:49:18.0;
27;122415;2019-04-11 19:49:20.0;
27;122405;2019-04-11 19:49:26.0;
27;122415;2019-04-11 19:49:28.0;
27;122405;2019-04-11 19:49:30.0;
27;122415;2019-04-11 19:49:33.0;
27;122405;2019-04-11 19:49:37.0;
27;122415;2019-04-11 19:49:40.0;
27;122405;2019-04-11 19:49:41.0;
27;122415;2019-04-11 19:49:43.0;
27;122385;2019-04-11 19:49:44.0;
27;122405;2019-04-11 19:49:46.0;
27;122395;2019-04-11 19:49:47.0;
27;122405;2019-04-11 19:49:50.0;
27;122395;2019-04-11 19:49:53.0;
27;122405;2019-04-11 19:49:54.0;
27;122385;2019-04-11 19:49:56.0;
27;122395;2019-04-11 19:49:59.0;
27;122385;2019-04-11 19:50:01.0;
27;122395;2019-04-11 19:50:03.0;
27;122385;2019-04-11 19:50:07.0;
27;122395;2019-04-11 19:50:15.0;
27;122405;2019-04-11 19:50:18.0;
27;122395;2019-04-11 19:50:21.0;
27;122405;2019-04-11 19:50:22.0;
27;122385;2019-04-11 19:50:50.0;
27;122405;2019-04-11 19:50:52.0;
27;122385;2019-04-11 19:50:55.0;
27;122395;2019-04-11 19:51:23.0;
27;122385;2019-04-11 19:51:24.0;
27;122395;2019-04-11 19:51:26.0;
27;122385;2019-04-11 19:51:34.0;
27;122395;2019-04-11 19:51:37.0;
27;122385;2019-04-11 19:51:38.0;
27;122395;2019-04-11 19:51:40.0;
27;122385;2019-04-11 19:51:43.0;
27;122395;2019-04-11 19:51:44.0;
27;122385;2019-04-11 19:51:46.0;
27;122395;2019-04-11 19:51:49.0;
27;122385;2019-04-11 19:51:50.0;
27;122395;2019-04-11 19:51:53.0;
27;122385;2019-04-11 19:51:54.0;
27;122375;2019-04-11 19:52:20.0;
27;122385;2019-04-11 19:52:22.0;
27;122375;2019-04-11 19:52:24.0;
27;122385;2019-04-11 19:52:36.0;
27;122375;2019-04-11 19:52:37.0;
27;122385;2019-04-11 19:52:39.0;
27;122375;2019-04-11 19:52:40.0;
27;122385;2019-04-11 19:52:44.0;
27;122375;2019-04-11 19:52:47.0;
27;122385;2019-04-11 19:52:48.0;
27;122375;2019-04-11 19:52:50.0;
27;122405;2019-04-11 19:52:53.0;
27;122385;2019-04-11 19:52:56.0;
27;122405;2019-04-11 19:52:58.0;
27;122415;2019-04-11 19:52:59.0;
27;122405;2019-04-11 19:53:01.0;
27;122415;2019-04-11 19:53:02.0;
27;122405;2019-04-11 19:53:03.0;
27;122385;2019-04-11 19:53:05.0;
27;122405;2019-04-11 19:53:06.0;
27;122415;2019-04-11 19:53:07.0;
27;122405;2019-04-11 19:53:09.0;
27;122415;2019-04-11 19:53:12.0;
27;122405;2019-04-11 19:53:13.0;
27;122415;2019-04-11 19:53:14.0;
27;122405;2019-04-11 19:53:19.0;
27;122415;2019-04-11 19:53:20.0;
27;122405;2019-04-11 19:53:23.0;
27;122415;2019-04-11 19:53:25.0;
27;122405;2019-04-11 19:53:29.0;
27;122415;2019-04-11 19:53:35.0;
27;122405;2019-04-11 19:53:36.0;
27;122415;2019-04-11 19:53:37.0;
27;122405;2019-04-11 19:53:39.0;
27;122415;2019-04-11 19:53:46.0;
27;122405;2019-04-11 19:53:47.0;
27;122415;2019-04-11 19:53:53.0;
27;122405;2019-04-11 19:53:54.0;
27;122415;2019-04-11 19:54:05.0;
27;122405;2019-04-11 19:54:06.0;
27;122415;2019-04-11 19:54:08.0;
27;122405;2019-04-11 19:54:10.0;
27;122415;2019-04-11 19:54:18.0;
27;122405;2019-04-11 19:54:20.0;
27;122415;2019-04-11 19:54:25.0;
27;122405;2019-04-11 19:54:28.0;
27;122415;2019-04-11 19:54:31.0;
27;122405;2019-04-11 19:54:49.0;
27;122415;2019-04-11 19:54:51.0;
27;122405;2019-04-11 19:54:52.0;
27;122415;2019-04-11 19:54:55.0;
27;122405;2019-04-11 19:54:57.0;
27;122415;2019-04-11 19:54:59.0;
27;122405;2019-04-11 19:55:02.0;
27;122415;2019-04-11 19:55:23.0;
27;122405;2019-04-11 19:55:26.0;
27;122415;2019-04-11 19:55:32.0;
27;122405;2019-04-11 19:55:33.0;
27;122415;2019-04-11 19:55:37.0;
27;122405;2019-04-11 19:55:39.0;
27;122415;2019-04-11 19:55:40.0;
27;122405;2019-04-11 19:55:42.0;
27;122395;2019-04-11 19:55:43.0;
27;122415;2019-04-11 19:55:44.0;
27;122405;2019-04-11 19:55:46.0;
27;122415;2019-04-11 19:55:49.0;
27;122395;2019-04-11 19:55:50.0;
27;122385;2019-04-11 19:55:52.0;
27;122395;2019-04-11 19:55:53.0;
27;122385;2019-04-11 19:55:54.0;
27;122405;2019-04-11 19:55:56.0;
27;122385;2019-04-11 19:55:57.0;
27;122405;2019-04-11 19:56:00.0;
27;122395;2019-04-11 19:56:01.0;
27;122385;2019-04-11 19:56:03.0;
27;122395;2019-04-11 19:56:05.0;
27;122385;2019-04-11 19:56:07.0;
27;122395;2019-04-11 19:56:08.0;
27;122385;2019-04-11 19:56:17.0;
27;122395;2019-04-11 19:56:18.0;
27;122385;2019-04-11 19:56:19.0;
27;122405;2019-04-11 19:56:27.0;
27;122385;2019-04-11 19:56:28.0;
27;122405;2019-04-11 19:56:29.0;
27;122385;2019-04-11 19:56:32.0;
27;122405;2019-04-11 19:56:34.0;
27;122395;2019-04-11 19:56:35.0;
27;122385;2019-04-11 19:56:37.0;
27;122405;2019-04-11 19:56:40.0;
27;122395;2019-04-11 19:56:42.0;
27;122385;2019-04-11 19:56:44.0;
27;122395;2019-04-11 19:56:45.0;
27;122385;2019-04-11 19:56:47.0;
27;122395;2019-04-11 19:56:48.0;
27;122405;2019-04-11 19:56:50.0;
27;122425;2019-04-11 19:56:55.0;
27;122395;2019-04-11 19:56:58.0;
27;122425;2019-04-11 19:57:02.0;
27;122435;2019-04-11 19:57:04.0;
27;122395;2019-04-11 19:57:06.0;
27;122425;2019-04-11 19:57:08.0;
27;122435;2019-04-11 19:57:11.0;
27;122425;2019-04-11 19:57:17.0;
27;122435;2019-04-11 19:57:18.0;
27;122425;2019-04-11 19:57:19.0;
27;122435;2019-04-11 19:57:21.0;
27;122425;2019-04-11 19:57:23.0;
27;122435;2019-04-11 19:57:24.0;
27;122415;2019-04-11 19:57:37.0;
27;122425;2019-04-11 19:57:39.0;
27;122415;2019-04-11 19:57:41.0;
27;122425;2019-04-11 19:57:44.0;
27;122435;2019-04-11 19:57:45.0;
27;122425;2019-04-11 19:57:50.0;
27;122415;2019-04-11 19:57:53.0;
27;122425;2019-04-11 19:57:55.0;
27;122415;2019-04-11 19:58:04.0;
27;122425;2019-04-11 19:58:06.0;
27;122435;2019-04-11 19:58:08.0;
27;122425;2019-04-11 19:58:49.0;
27;122435;2019-04-11 19:58:52.0;
27;122425;2019-04-11 19:58:57.0;
27;122435;2019-04-11 19:59:00.0;
27;122425;2019-04-11 19:59:11.0;
27;122415;2019-04-11 19:59:12.0;
27;122425;2019-04-11 19:59:14.0;
27;122415;2019-04-11 19:59:15.0;
27;122405;2019-04-11 20:00:22.0;
27;122425;2019-04-11 20:00:28.0;
27;122405;2019-04-11 20:00:30.0;
27;122425;2019-04-11 20:00:34.0;
27;122405;2019-04-11 20:00:36.0;
27;122425;2019-04-11 20:00:38.0;
27;122405;2019-04-11 20:00:40.0;
27;122425;2019-04-11 20:00:41.0;
27;122405;2019-04-11 20:00:43.0;
27;122425;2019-04-11 20:00:47.0;
27;122405;2019-04-11 20:00:49.0;
27;122425;2019-04-11 20:00:54.0;
27;122385;2019-04-11 20:00:56.0;
27;122425;2019-04-11 20:00:58.0;
27;122385;2019-04-11 20:01:00.0;
27;122395;2019-04-11 20:01:06.0;
27;122385;2019-04-11 20:01:08.0;
27;122395;2019-04-11 20:01:13.0;
27;122385;2019-04-11 20:01:14.0;
27;122395;2019-04-11 20:01:19.0;
27;122385;2019-04-11 20:01:20.0;
27;122395;2019-04-11 20:01:22.0;
27;122385;2019-04-11 20:01:24.0;
27;122395;2019-04-11 20:01:26.0;
27;122435;2019-04-11 20:01:27.0;
27;122395;2019-04-11 20:01:34.0;
27;122435;2019-04-11 20:01:36.0;
27;122445;2019-04-11 20:02:12.0;
27;122435;2019-04-11 20:02:15.0;
27;122445;2019-04-11 20:02:16.0;
27;122435;2019-04-11 20:02:18.0;
27;122445;2019-04-11 20:02:29.0;
27;122465;2019-04-11 20:02:31.0;
27;122435;2019-04-11 20:02:32.0;
27;122465;2019-04-11 20:02:34.0;
27;122445;2019-04-11 20:02:35.0;
27;122475;2019-04-11 20:02:38.0;
27;122465;2019-04-11 20:02:39.0;
27;122475;2019-04-11 20:02:41.0;
27;122465;2019-04-11 20:02:42.0;
27;122475;2019-04-11 20:02:44.0;
27;122505;2019-04-11 20:02:45.0;
27;122475;2019-04-11 20:02:46.0;
27;122465;2019-04-11 20:02:48.0;
27;122505;2019-04-11 20:02:51.0;
27;122475;2019-04-11 20:02:52.0;
27;122465;2019-04-11 20:02:53.0;
27;122475;2019-04-11 20:02:56.0;
27;122465;2019-04-11 20:02:57.0;
27;122475;2019-04-11 20:02:59.0;
27;122465;2019-04-11 20:03:01.0;
27;122505;2019-04-11 20:03:02.0;
27;122475;2019-04-11 20:03:03.0;
27;122505;2019-04-11 20:03:06.0;
27;122495;2019-04-11 20:03:10.0;
27;122505;2019-04-11 20:03:12.0;
27;122495;2019-04-11 20:03:16.0;
27;122505;2019-04-11 20:03:24.0;
27;122495;2019-04-11 20:03:26.0;
27;122505;2019-04-11 20:03:27.0;
27;122495;2019-04-11 20:03:31.0;
27;122505;2019-04-11 20:03:34.0;
27;122495;2019-04-11 20:03:36.0;
27;122515;2019-04-11 20:03:38.0;
27;122495;2019-04-11 20:03:39.0;
27;122515;2019-04-11 20:03:41.0;
27;122495;2019-04-11 20:03:45.0;
27;122505;2019-04-11 20:03:48.0;
27;122515;2019-04-11 20:03:51.0;
27;122505;2019-04-11 20:03:52.0;
27;122515;2019-04-11 20:03:55.0;
27;122505;2019-04-11 20:03:58.0;
27;122515;2019-04-11 20:04:00.0;
27;122505;2019-04-11 20:04:04.0;
27;122515;2019-04-11 20:04:06.0;
27;122505;2019-04-11 20:04:10.0;
27;122515;2019-04-11 20:04:13.0;
27;122505;2019-04-11 20:04:14.0;
27;122515;2019-04-11 20:04:16.0;
27;122505;2019-04-11 20:04:18.0;
27;122525;2019-04-11 20:04:20.0;
27;122515;2019-04-11 20:04:24.0;
27;122525;2019-04-11 20:04:25.0;
27;122515;2019-04-11 20:04:27.0;
27;122525;2019-04-11 20:04:32.0;
27;122515;2019-04-11 20:04:34.0;
27;122525;2019-04-11 20:04:35.0;
27;122515;2019-04-11 20:04:38.0;
27;122525;2019-04-11 20:04:39.0;
27;122515;2019-04-11 20:04:43.0;
27;122525;2019-04-11 20:04:45.0;
27;122505;2019-04-11 20:04:52.0;
27;122525;2019-04-11 20:04:58.0;
27;122505;2019-04-11 20:05:00.0;
27;122525;2019-04-11 20:05:01.0;
27;122505;2019-04-11 20:05:03.0;
27;122525;2019-04-11 20:05:08.0;
27;122505;2019-04-11 20:05:11.0;
27;122545;2019-04-11 20:05:23.0;
27;122525;2019-04-11 20:05:31.0;
27;122545;2019-04-11 20:05:32.0;
27;122525;2019-04-11 20:05:39.0;
27;122545;2019-04-11 20:05:44.0;
27;122525;2019-04-11 20:05:47.0;
27;122545;2019-04-11 20:05:48.0;
27;122565;2019-04-11 20:05:50.0;
27;122545;2019-04-11 20:05:51.0;
27;122565;2019-04-11 20:05:53.0;
27;122545;2019-04-11 20:06:24.0;
27;122565;2019-04-11 20:06:25.0;
27;122545;2019-04-11 20:06:26.0;
27;122565;2019-04-11 20:06:28.0;
27;122535;2019-04-11 20:06:29.0;
27;122545;2019-04-11 20:06:32.0;
27;122535;2019-04-11 20:06:43.0;
27;122545;2019-04-11 20:06:45.0;
27;122535;2019-04-11 20:06:48.0;
27;122545;2019-04-11 20:06:50.0;
27;122535;2019-04-11 20:06:52.0;
27;122505;2019-04-11 20:06:53.0;
27;122545;2019-04-11 20:06:54.0;
27;122505;2019-04-11 20:06:57.0;
27;122495;2019-04-11 20:07:05.0;
27;122505;2019-04-11 20:07:08.0;
27;122495;2019-04-11 20:07:09.0;
27;122505;2019-04-11 20:07:11.0;
27;122495;2019-04-11 20:07:12.0;
27;122505;2019-04-11 20:07:13.0;
27;122495;2019-04-11 20:07:15.0;
27;122505;2019-04-11 20:07:16.0;
27;122495;2019-04-11 20:07:20.0;
27;122505;2019-04-11 20:07:22.0;
27;122495;2019-04-11 20:07:25.0;
27;122525;2019-04-11 20:07:26.0;
27;122505;2019-04-11 20:07:28.0;
27;122515;2019-04-11 20:07:29.0;
27;122525;2019-04-11 20:07:30.0;
27;122515;2019-04-11 20:07:33.0;
27;122525;2019-04-11 20:07:36.0;
27;122515;2019-04-11 20:07:39.0;
27;122525;2019-04-11 20:07:43.0;
27;122515;2019-04-11 20:07:45.0;
27;122525;2019-04-11 20:07:46.0;
27;122515;2019-04-11 20:07:49.0;
27;122525;2019-04-11 20:07:53.0;
27;122515;2019-04-11 20:07:56.0;
27;122505;2019-04-11 20:08:00.0;
27;122515;2019-04-11 20:08:03.0;
27;122505;2019-04-11 20:08:08.0;
27;122515;2019-04-11 20:09:06.0;
27;122525;2019-04-11 20:09:14.0;
27;122515;2019-04-11 20:09:22.0;
27;122525;2019-04-11 20:09:24.0;
27;122515;2019-04-11 20:09:26.0;
27;122525;2019-04-11 20:09:28.0;
27;122515;2019-04-11 20:09:37.0;
27;122525;2019-04-11 20:09:39.0;
27;122515;2019-04-11 20:09:40.0;
27;122495;2019-04-11 20:10:17.0;
27;122505;2019-04-11 20:10:21.0;
27;122495;2019-04-11 20:10:24.0;
27;122505;2019-04-11 20:10:28.0;
27;122495;2019-04-11 20:10:29.0;
27;122505;2019-04-11 20:10:33.0;
27;122495;2019-04-11 20:10:36.0;
27;122505;2019-04-11 20:10:37.0;
27;122495;2019-04-11 20:10:39.0;
27;122505;2019-04-11 20:10:40.0;
27;122495;2019-04-11 20:10:43.0;
27;122505;2019-04-11 20:10:46.0;
27;122485;2019-04-11 20:10:48.0;
27;122495;2019-04-11 20:10:49.0;
27;122485;2019-04-11 20:10:51.0;
27;122495;2019-04-11 20:10:52.0;
27;122475;2019-04-11 20:10:54.0;
27;122465;2019-04-11 20:10:56.0;
27;122475;2019-04-11 20:10:57.0;
27;122465;2019-04-11 20:10:59.0;
27;122475;2019-04-11 20:11:01.0;
27;122465;2019-04-11 20:11:03.0;
27;122485;2019-04-11 20:11:05.0;
27;122475;2019-04-11 20:11:06.0;
27;122465;2019-04-11 20:11:08.0;
27;122485;2019-04-11 20:11:11.0;
27;122475;2019-04-11 20:11:12.0;
27;122465;2019-04-11 20:11:13.0;
27;122475;2019-04-11 20:11:16.0;
27;122495;2019-04-11 20:11:22.0;
27;122465;2019-04-11 20:11:23.0;
27;122495;2019-04-11 20:11:26.0;
27;122515;2019-04-11 20:11:57.0;
27;122525;2019-04-11 20:13:02.0;
27;122535;2019-04-11 20:13:11.0;
27;122525;2019-04-11 20:13:26.0;
27;122535;2019-04-11 20:13:28.0;
27;122525;2019-04-11 20:13:33.0;
27;122535;2019-04-11 20:13:34.0;
27;122525;2019-04-11 20:13:36.0;
27;122535;2019-04-11 20:13:37.0;
27;122525;2019-04-11 20:13:47.0;
27;122535;2019-04-11 20:13:50.0;
27;122525;2019-04-11 20:13:51.0;
27;122535;2019-04-11 20:13:53.0;
27;122515;2019-04-11 20:14:04.0;
27;122535;2019-04-11 20:14:05.0;
27;122515;2019-04-11 20:14:10.0;
27;122535;2019-04-11 20:14:11.0;
27;122515;2019-04-11 20:14:12.0;
27;122535;2019-04-11 20:14:14.0;
27;122515;2019-04-11 20:14:16.0;
27;122525;2019-04-11 20:14:22.0;
27;122515;2019-04-11 20:14:24.0;
27;122525;2019-04-11 20:14:37.0;
27;122515;2019-04-11 20:14:39.0;
27;122525;2019-04-11 20:14:40.0;
27;122495;2019-04-11 20:14:54.0;
27;122525;2019-04-11 20:14:56.0;
27;122495;2019-04-11 20:14:58.0;
27;122525;2019-04-11 20:15:00.0;
27;122495;2019-04-11 20:15:02.0;
27;122525;2019-04-11 20:15:04.0;
27;122495;2019-04-11 20:15:07.0;
27;122525;2019-04-11 20:15:11.0;
27;122495;2019-04-11 20:15:14.0;
27;122485;2019-04-11 20:15:15.0;
27;122495;2019-04-11 20:15:17.0;
27;122485;2019-04-11 20:15:20.0;
27;122495;2019-04-11 20:15:21.0;
27;122485;2019-04-11 20:15:23.0;
27;122495;2019-04-11 20:15:47.0;
27;122485;2019-04-11 20:15:48.0;
27;122495;2019-04-11 20:15:51.0;
27;122485;2019-04-11 20:15:54.0;
27;122495;2019-04-11 20:15:56.0;
27;122475;2019-04-11 20:16:59.0;
27;122495;2019-04-11 20:17:00.0;
27;122475;2019-04-11 20:17:02.0;
27;122465;2019-04-11 20:17:43.0;
27;122475;2019-04-11 20:17:46.0;
27;122465;2019-04-11 20:17:48.0;
27;122475;2019-04-11 20:17:53.0;
27;122465;2019-04-11 20:17:56.0;
27;122475;2019-04-11 20:17:58.0;
27;122465;2019-04-11 20:17:59.0;
27;122455;2019-04-11 20:18:19.0;
27;122465;2019-04-11 20:18:20.0;
27;122455;2019-04-11 20:18:21.0;
27;122465;2019-04-11 20:18:23.0;
27;122455;2019-04-11 20:18:25.0;
27;122465;2019-04-11 20:18:31.0;
27;122455;2019-04-11 20:18:32.0;
27;122445;2019-04-11 20:18:34.0;
27;122455;2019-04-11 20:18:36.0;
27;122445;2019-04-11 20:18:40.0;
27;122455;2019-04-11 20:18:44.0;
27;122445;2019-04-11 20:18:47.0;
27;122455;2019-04-11 20:18:49.0;
27;122445;2019-04-11 20:18:56.0;
27;122465;2019-04-11 20:19:00.0;
27;122445;2019-04-11 20:19:02.0;
27;122455;2019-04-11 20:19:04.0;
27;122465;2019-04-11 20:19:07.0;
27;122455;2019-04-11 20:19:09.0;
27;122465;2019-04-11 20:19:10.0;
27;122455;2019-04-11 20:19:11.0;
27;122465;2019-04-11 20:19:13.0;
27;122455;2019-04-11 20:19:14.0;
27;122465;2019-04-11 20:19:16.0;
27;122445;2019-04-11 20:19:25.0;
27;122465;2019-04-11 20:19:31.0;
27;122455;2019-04-11 20:19:34.0;
27;122445;2019-04-11 20:19:35.0;
27;122455;2019-04-11 20:19:36.0;
27;122445;2019-04-11 20:19:46.0;
27;122455;2019-04-11 20:19:47.0;
27;122465;2019-04-11 20:20:27.0;
27;122455;2019-04-11 20:20:29.0;
27;122465;2019-04-11 20:20:33.0;
27;122455;2019-04-11 20:20:34.0;
27;122465;2019-04-11 20:20:37.0;
27;122455;2019-04-11 20:20:40.0;
27;122465;2019-04-11 20:20:41.0;
27;122455;2019-04-11 20:21:04.0;
27;122465;2019-04-11 20:21:06.0;
27;122455;2019-04-11 20:21:07.0;
27;122485;2019-04-11 20:21:45.0;
27;122455;2019-04-11 20:21:49.0;
27;122485;2019-04-11 20:21:51.0;
27;122455;2019-04-11 20:21:52.0;
27;122485;2019-04-11 20:21:53.0;
27;122455;2019-04-11 20:21:55.0;
27;122485;2019-04-11 20:22:01.0;
27;122455;2019-04-11 20:22:02.0;
27;122485;2019-04-11 20:22:03.0;
27;122455;2019-04-11 20:22:05.0;
27;122485;2019-04-11 20:22:06.0;
27;122495;2019-04-11 20:22:10.0;
27;122485;2019-04-11 20:22:11.0;
27;122495;2019-04-11 20:22:13.0;
27;122485;2019-04-11 20:22:58.0;
27;122495;2019-04-11 20:23:00.0;
27;122485;2019-04-11 20:23:04.0;
27;122495;2019-04-11 20:23:06.0;
27;122485;2019-04-11 20:23:10.0;
27;122495;2019-04-11 20:23:11.0;
27;122465;2019-04-11 20:23:14.0;
27;122485;2019-04-11 20:23:17.0;
27;122465;2019-04-11 20:23:19.0;
27;122485;2019-04-11 20:23:24.0;
27;122465;2019-04-11 20:23:25.0;
27;122475;2019-04-11 20:23:29.0;
27;122465;2019-04-11 20:23:31.0;
27;122475;2019-04-11 20:23:33.0;
27;122465;2019-04-11 20:23:35.0;
27;122475;2019-04-11 20:23:46.0;
27;122465;2019-04-11 20:23:47.0;
27;122475;2019-04-11 20:23:50.0;
27;122465;2019-04-11 20:23:55.0;
27;122475;2019-04-11 20:23:59.0;
27;122465;2019-04-11 20:24:01.0;
27;122475;2019-04-11 20:24:03.0;
27;122465;2019-04-11 20:24:04.0;
27;122475;2019-04-11 20:24:06.0;
27;122485;2019-04-11 20:24:08.0;
27;122475;2019-04-11 20:24:10.0;
27;122485;2019-04-11 20:24:12.0;
27;122475;2019-04-11 20:24:18.0;
27;122485;2019-04-11 20:24:19.0;
27;122475;2019-04-11 20:24:21.0;
27;122485;2019-04-11 20:24:23.0;
27;122495;2019-04-11 20:25:13.0;
27;122485;2019-04-11 20:25:20.0;
27;122495;2019-04-11 20:25:25.0;
27;122485;2019-04-11 20:25:27.0;
27;122495;2019-04-11 20:25:35.0;
27;122485;2019-04-11 20:25:37.0;
27;122475;2019-04-11 20:25:51.0;
27;122485;2019-04-11 20:25:52.0;
27;122475;2019-04-11 20:25:54.0;
27;122485;2019-04-11 20:25:57.0;
27;122475;2019-04-11 20:26:01.0;
27;122495;2019-04-11 20:26:41.0;
27;122475;2019-04-11 20:26:43.0;
27;122495;2019-04-11 20:26:50.0;
27;122475;2019-04-11 20:26:51.0;
27;122495;2019-04-11 20:26:56.0;
27;122475;2019-04-11 20:26:57.0;
27;122485;2019-04-11 20:26:59.0;
27;122475;2019-04-11 20:27:00.0;
27;122485;2019-04-11 20:27:01.0;
27;122495;2019-04-11 20:27:07.0;
27;122485;2019-04-11 20:27:08.0;
27;122495;2019-04-11 20:27:12.0;
27;122485;2019-04-11 20:27:14.0;
27;122495;2019-04-11 20:27:18.0;
27;122485;2019-04-11 20:27:20.0;
27;122495;2019-04-11 20:27:23.0;
27;122485;2019-04-11 20:27:25.0;
27;122495;2019-04-11 20:27:28.0;
27;122475;2019-04-11 20:27:31.0;
27;122495;2019-04-11 20:27:32.0;
27;122475;2019-04-11 20:27:34.0;
27;122495;2019-04-11 20:27:37.0;
27;122475;2019-04-11 20:27:38.0;
27;122495;2019-04-11 20:27:40.0;
27;122475;2019-04-11 20:27:41.0;
27;122485;2019-04-11 20:28:11.0;
27;122475;2019-04-11 20:28:15.0;
27;122485;2019-04-11 20:28:17.0;
27;122475;2019-04-11 20:28:18.0;
27;122485;2019-04-11 20:28:21.0;
27;122475;2019-04-11 20:28:28.0;
27;122485;2019-04-11 20:28:31.0;
27;122505;2019-04-11 20:28:55.0;
27;122485;2019-04-11 20:28:56.0;
27;122505;2019-04-11 20:29:01.0;
27;122485;2019-04-11 20:29:03.0;
27;122505;2019-04-11 20:29:06.0;
27;122495;2019-04-11 20:29:28.0;
27;122505;2019-04-11 20:29:33.0;
27;122495;2019-04-11 20:29:39.0;
27;122485;2019-04-11 20:30:13.0;
27;122495;2019-04-11 20:30:14.0;
27;122485;2019-04-11 20:30:23.0;
27;122495;2019-04-11 20:30:24.0;
27;122485;2019-04-11 20:30:29.0;
27;122495;2019-04-11 20:30:31.0;
27;122485;2019-04-11 20:30:34.0;
27;122495;2019-04-11 20:30:38.0;
27;122485;2019-04-11 20:30:39.0;
27;122475;2019-04-11 20:31:02.0;
27;122485;2019-04-11 20:31:03.0;
27;122475;2019-04-11 20:31:08.0;
27;122485;2019-04-11 20:31:09.0;
27;122475;2019-04-11 20:31:10.0;
27;122485;2019-04-11 20:31:12.0;
27;122475;2019-04-11 20:31:13.0;
27;122485;2019-04-11 20:31:15.0;
27;122475;2019-04-11 20:31:16.0;
27;122485;2019-04-11 20:31:19.0;
27;122475;2019-04-11 20:31:21.0;
27;122485;2019-04-11 20:31:24.0;
27;122475;2019-04-11 20:31:25.0;
27;122485;2019-04-11 20:31:32.0;
27;122475;2019-04-11 20:31:34.0;
27;122485;2019-04-11 20:31:37.0;
27;122475;2019-04-11 20:31:38.0;
27;122485;2019-04-11 20:31:40.0;
27;122495;2019-04-11 20:31:41.0;
27;122485;2019-04-11 20:31:43.0;
27;122495;2019-04-11 20:31:49.0;
27;122505;2019-04-11 20:32:20.0;
27;122495;2019-04-11 20:32:21.0;
27;122505;2019-04-11 20:32:23.0;
27;122495;2019-04-11 20:32:24.0;
27;122505;2019-04-11 20:32:26.0;
27;122485;2019-04-11 20:32:52.0;
27;122475;2019-04-11 20:35:05.0;
27;122485;2019-04-11 20:35:10.0;
27;122475;2019-04-11 20:35:15.0;
27;122485;2019-04-11 20:35:17.0;
27;122475;2019-04-11 20:35:18.0;
27;122485;2019-04-11 20:35:30.0;
27;122475;2019-04-11 20:35:31.0;
27;122495;2019-04-11 20:35:36.0;
27;122475;2019-04-11 20:35:37.0;
27;122495;2019-04-11 20:35:39.0;
27;122485;2019-04-11 20:35:42.0;
27;122495;2019-04-11 20:35:43.0;
27;122485;2019-04-11 20:35:48.0;
27;122505;2019-04-11 20:35:49.0;
27;122495;2019-04-11 20:35:51.0;
27;122505;2019-04-11 20:35:52.0;
27;122495;2019-04-11 20:36:04.0;
27;122505;2019-04-11 20:36:06.0;
27;122515;2019-04-11 20:36:21.0;
27;122505;2019-04-11 20:36:26.0;
27;122515;2019-04-11 20:36:27.0;
27;122505;2019-04-11 20:36:30.0;
27;122495;2019-04-11 20:36:31.0;
27;122505;2019-04-11 20:36:33.0;
27;122495;2019-04-11 20:36:35.0;
27;122515;2019-04-11 20:36:37.0;
27;122505;2019-04-11 20:36:38.0;
27;122515;2019-04-11 20:36:40.0;
27;122505;2019-04-11 20:36:41.0;
27;122495;2019-04-11 20:36:44.0;
27;122515;2019-04-11 20:36:48.0;
27;122495;2019-04-11 20:36:50.0;
27;122505;2019-04-11 20:37:14.0;
27;122495;2019-04-11 20:37:16.0;
27;122505;2019-04-11 20:37:17.0;
27;122495;2019-04-11 20:37:18.0;
27;122515;2019-04-11 20:37:24.0;
27;122495;2019-04-11 20:37:25.0;
27;122505;2019-04-11 20:37:27.0;
27;122515;2019-04-11 20:37:29.0;
27;122505;2019-04-11 20:37:30.0;
27;122515;2019-04-11 20:37:31.0;
27;122505;2019-04-11 20:37:33.0;
27;122515;2019-04-11 20:37:34.0;
27;122505;2019-04-11 20:37:36.0;
27;122515;2019-04-11 20:37:37.0;
27;122505;2019-04-11 20:37:38.0;
27;122515;2019-04-11 20:37:45.0;
27;122505;2019-04-11 20:37:50.0;
27;122515;2019-04-11 20:37:51.0;
27;122505;2019-04-11 20:37:52.0;
27;122515;2019-04-11 20:37:56.0;
27;122505;2019-04-11 20:38:03.0;
27;122515;2019-04-11 20:38:05.0;
27;122505;2019-04-11 20:39:09.0;
27;122515;2019-04-11 20:39:12.0;
27;122505;2019-04-11 20:39:14.0;
27;122515;2019-04-11 20:39:15.0;
27;122505;2019-04-11 20:39:16.0;
27;122515;2019-04-11 20:39:18.0;
27;122505;2019-04-11 20:39:21.0;
27;122515;2019-04-11 20:39:24.0;
27;122505;2019-04-11 20:39:26.0;
27;122515;2019-04-11 20:39:28.0;
27;122525;2019-04-11 20:39:50.0;
27;122515;2019-04-11 20:39:51.0;
27;122525;2019-04-11 20:39:53.0;
27;122515;2019-04-11 20:39:54.0;
27;122525;2019-04-11 20:40:01.0;
27;122515;2019-04-11 20:40:04.0;
27;122525;2019-04-11 20:40:06.0;
27;122515;2019-04-11 20:40:22.0;
27;122525;2019-04-11 20:40:23.0;
27;122515;2019-04-11 20:40:25.0;
27;122525;2019-04-11 20:40:26.0;
27;122515;2019-04-11 20:40:35.0;
27;122525;2019-04-11 20:40:37.0;
27;122515;2019-04-11 20:40:39.0;
27;122525;2019-04-11 20:41:11.0;
27;122515;2019-04-11 20:41:12.0;
27;122525;2019-04-11 20:41:15.0;
27;122515;2019-04-11 20:41:18.0;
27;122525;2019-04-11 20:41:25.0;
27;122515;2019-04-11 20:41:26.0;
27;122525;2019-04-11 20:41:32.0;
27;122515;2019-04-11 20:41:35.0;
27;122525;2019-04-11 20:41:36.0;
27;122515;2019-04-11 20:41:37.0;
27;122505;2019-04-11 20:41:44.0;
27;122515;2019-04-11 20:41:53.0;
27;122505;2019-04-11 20:41:57.0;
27;122525;2019-04-11 20:42:33.0;
27;122505;2019-04-11 20:42:37.0;
27;122525;2019-04-11 20:42:38.0;
27;122505;2019-04-11 20:42:42.0;
27;122525;2019-04-11 20:42:46.0;
27;122535;2019-04-11 20:42:48.0;
27;122525;2019-04-11 20:42:51.0;
27;122535;2019-04-11 20:42:55.0;
27;122525;2019-04-11 20:42:58.0;
27;122535;2019-04-11 20:43:02.0;
27;122545;2019-04-11 20:43:04.0;
27;122535;2019-04-11 20:43:05.0;
27;122525;2019-04-11 20:43:06.0;
27;122535;2019-04-11 20:43:09.0;
27;122545;2019-04-11 20:43:12.0;
27;122525;2019-04-11 20:43:13.0;
27;122535;2019-04-11 20:43:15.0;
27;122555;2019-04-11 20:43:17.0;
27;122545;2019-04-11 20:43:19.0;
27;122555;2019-04-11 20:43:20.0;
27;122545;2019-04-11 20:43:22.0;
27;122555;2019-04-11 20:43:23.0;
27;122545;2019-04-11 20:43:26.0;
27;122555;2019-04-11 20:43:27.0;
27;122545;2019-04-11 20:43:29.0;
27;122555;2019-04-11 20:43:30.0;
27;122545;2019-04-11 20:43:32.0;
27;122555;2019-04-11 20:43:33.0;
27;122575;2019-04-11 20:43:36.0;
27;122555;2019-04-11 20:43:37.0;
27;122575;2019-04-11 20:43:41.0;
27;122555;2019-04-11 20:43:44.0;
27;122575;2019-04-11 20:43:50.0;
27;122585;2019-04-11 20:43:51.0;
27;122575;2019-04-11 20:44:06.0;
27;122585;2019-04-11 20:44:08.0;
27;122565;2019-04-11 20:44:09.0;
27;122585;2019-04-11 20:44:10.0;
27;122565;2019-04-11 20:44:18.0;
27;122585;2019-04-11 20:44:20.0;
27;122565;2019-04-11 20:44:21.0;
27;122585;2019-04-11 20:44:23.0;
27;122545;2019-04-11 20:44:26.0;
27;122565;2019-04-11 20:44:34.0;
27;122555;2019-04-11 20:44:39.0;
27;122545;2019-04-11 20:44:41.0;
27;122555;2019-04-11 20:44:46.0;
27;122545;2019-04-11 20:44:47.0;
27;122555;2019-04-11 20:44:48.0;
27;122545;2019-04-11 20:44:50.0;
27;122555;2019-04-11 20:44:58.0;
27;122545;2019-04-11 20:45:00.0;
27;122555;2019-04-11 20:45:07.0;
27;122545;2019-04-11 20:45:09.0;
27;122555;2019-04-11 20:45:11.0;
27;122545;2019-04-11 20:45:14.0;
27;122555;2019-04-11 20:45:15.0;
27;122545;2019-04-11 20:45:18.0;
27;122555;2019-04-11 20:45:23.0;
27;122545;2019-04-11 20:45:24.0;
27;122535;2019-04-11 20:45:28.0;
27;122555;2019-04-11 20:45:30.0;
27;122535;2019-04-11 20:45:31.0;
27;122555;2019-04-11 20:45:34.0;
27;122535;2019-04-11 20:45:35.0;
27;122555;2019-04-11 20:45:37.0;
27;122535;2019-04-11 20:45:38.0;
27;122555;2019-04-11 20:45:41.0;
27;122535;2019-04-11 20:45:43.0;
27;122545;2019-04-11 20:45:50.0;
27;122535;2019-04-11 20:45:54.0;
27;122545;2019-04-11 20:45:55.0;
27;122535;2019-04-11 20:46:00.0;
27;122545;2019-04-11 20:46:01.0;
27;122535;2019-04-11 20:46:29.0;
27;122545;2019-04-11 20:46:31.0;
27;122535;2019-04-11 20:46:33.0;
27;122545;2019-04-11 20:47:44.0;
27;122535;2019-04-11 20:47:49.0;
27;122545;2019-04-11 20:47:53.0;
27;122535;2019-04-11 20:47:56.0;
27;122545;2019-04-11 20:47:57.0;
27;122535;2019-04-11 20:48:00.0;
27;122545;2019-04-11 20:48:03.0;
27;122535;2019-04-11 20:48:06.0;
27;122545;2019-04-11 20:48:07.0;
27;122535;2019-04-11 20:48:08.0;
27;122545;2019-04-11 20:48:13.0;
27;122535;2019-04-11 20:48:14.0;
27;122565;2019-04-11 20:48:39.0;
27;122535;2019-04-11 20:48:42.0;
27;122565;2019-04-11 20:48:43.0;
27;122605;2019-04-11 20:48:48.0;
27;122565;2019-04-11 20:48:51.0;
27;122585;2019-04-11 20:48:55.0;
27;122565;2019-04-11 20:48:58.0;
27;122605;2019-04-11 20:49:00.0;
27;122565;2019-04-11 20:49:02.0;
27;122605;2019-04-11 20:49:04.0;
27;122565;2019-04-11 20:49:05.0;
27;122605;2019-04-11 20:49:08.0;
27;122625;2019-04-11 20:49:09.0;
27;122605;2019-04-11 20:49:11.0;
27;122625;2019-04-11 20:49:12.0;
27;122585;2019-04-11 20:49:16.0;
27;122625;2019-04-11 20:49:18.0;
27;122605;2019-04-11 20:49:27.0;
27;122625;2019-04-11 20:49:30.0;
27;122605;2019-04-11 20:49:33.0;
27;122625;2019-04-11 20:49:39.0;
27;122615;2019-04-11 20:49:41.0;
27;122625;2019-04-11 20:49:44.0;
27;122615;2019-04-11 20:49:47.0;
27;122625;2019-04-11 20:49:48.0;
27;122615;2019-04-11 20:49:50.0;
27;122605;2019-04-11 20:49:53.0;
27;122615;2019-04-11 20:49:54.0;
27;122605;2019-04-11 20:50:12.0;
27;122615;2019-04-11 20:50:15.0;
27;122575;2019-04-11 20:50:23.0;
27;122615;2019-04-11 20:50:25.0;
27;122575;2019-04-11 20:50:27.0;
27;122605;2019-04-11 20:50:28.0;
27;122575;2019-04-11 20:50:31.0;
27;122565;2019-04-11 20:50:35.0;
27;122575;2019-04-11 20:50:36.0;
27;122565;2019-04-11 20:50:38.0;
27;122575;2019-04-11 20:50:44.0;
27;122585;2019-04-11 20:50:45.0;
27;122575;2019-04-11 20:50:46.0;
27;122565;2019-04-11 20:50:48.0;
27;122585;2019-04-11 20:50:49.0;
27;122565;2019-04-11 20:50:50.0;
27;122575;2019-04-11 20:50:52.0;
27;122565;2019-04-11 20:50:53.0;
27;122585;2019-04-11 20:50:55.0;
27;122595;2019-04-11 20:51:16.0;
27;122585;2019-04-11 20:51:21.0;
27;122595;2019-04-11 20:51:22.0;
27;122585;2019-04-11 20:51:25.0;
27;122595;2019-04-11 20:51:26.0;
27;122585;2019-04-11 20:51:30.0;
27;122595;2019-04-11 20:51:32.0;
27;122585;2019-04-11 20:51:33.0;
27;122595;2019-04-11 20:51:35.0;
27;122585;2019-04-11 20:51:43.0;
27;122595;2019-04-11 20:51:45.0;
27;122585;2019-04-11 20:51:56.0;
27;122595;2019-04-11 20:52:00.0;
27;122585;2019-04-11 20:52:07.0;
27;122595;2019-04-11 20:52:08.0;
27;122585;2019-04-11 20:52:17.0;
27;122605;2019-04-11 20:52:20.0;
27;122585;2019-04-11 20:52:24.0;
27;122605;2019-04-11 20:52:25.0;
27;122595;2019-04-11 20:52:38.0;
27;122605;2019-04-11 20:52:42.0;
27;122595;2019-04-11 20:52:45.0;
27;122605;2019-04-11 20:52:46.0;
27;122595;2019-04-11 20:52:50.0;
27;122585;2019-04-11 20:53:00.0;
27;122595;2019-04-11 20:53:01.0;
27;122585;2019-04-11 20:53:03.0;
27;122595;2019-04-11 20:53:05.0;
27;122585;2019-04-11 20:53:06.0;
27;122595;2019-04-11 20:53:07.0;
27;122605;2019-04-11 20:53:12.0;
27;122595;2019-04-11 20:53:13.0;
27;122605;2019-04-11 20:53:14.0;
27;122595;2019-04-11 20:53:16.0;
27;122585;2019-04-11 20:53:18.0;
27;122595;2019-04-11 20:53:20.0;
27;122605;2019-04-11 20:53:21.0;
27;122595;2019-04-11 20:53:23.0;
27;122605;2019-04-11 20:53:26.0;
27;122595;2019-04-11 20:53:28.0;
27;122605;2019-04-11 20:53:30.0;
27;122595;2019-04-11 20:53:31.0;
27;122605;2019-04-11 20:53:34.0;
27;122595;2019-04-11 20:53:36.0;
27;122615;2019-04-11 20:53:40.0;
27;122595;2019-04-11 20:53:42.0;
27;122615;2019-04-11 20:53:45.0;
27;122595;2019-04-11 20:53:46.0;
27;122615;2019-04-11 20:53:47.0;
27;122595;2019-04-11 20:53:49.0;
27;122615;2019-04-11 20:53:50.0;
27;122595;2019-04-11 20:53:52.0;
27;122615;2019-04-11 20:53:53.0;
27;122605;2019-04-11 20:53:56.0;
27;122615;2019-04-11 20:53:58.0;
27;122605;2019-04-11 20:54:02.0;
27;122615;2019-04-11 20:54:03.0;
27;122605;2019-04-11 20:54:05.0;
27;122615;2019-04-11 20:54:06.0;
27;122605;2019-04-11 20:54:08.0;
27;122615;2019-04-11 20:54:09.0;
27;122605;2019-04-11 20:54:10.0;
27;122615;2019-04-11 20:54:13.0;
27;122625;2019-04-11 20:54:16.0;
27;122605;2019-04-11 20:54:23.0;
27;122625;2019-04-11 20:54:24.0;
27;122615;2019-04-11 20:54:30.0;
27;122625;2019-04-11 20:54:31.0;
27;122615;2019-04-11 20:54:38.0;
27;122625;2019-04-11 20:54:40.0;
27;122615;2019-04-11 20:54:43.0;
27;122625;2019-04-11 20:54:44.0;
27;122615;2019-04-11 20:54:46.0;
27;122625;2019-04-11 20:54:47.0;
27;122615;2019-04-11 20:54:48.0;
27;122595;2019-04-11 20:55:00.0;
27;122615;2019-04-11 20:55:05.0;
27;122595;2019-04-11 20:55:10.0;
27;122615;2019-04-11 20:55:12.0;
27;122595;2019-04-11 20:55:24.0;
27;122615;2019-04-11 20:55:26.0;
27;122585;2019-04-11 20:55:52.0;
27;122615;2019-04-11 20:55:54.0;
27;122585;2019-04-11 20:55:57.0;
27;122615;2019-04-11 20:56:00.0;
27;122585;2019-04-11 20:56:03.0;
27;122595;2019-04-11 20:56:31.0;
27;122585;2019-04-11 20:56:32.0;
27;122595;2019-04-11 20:56:34.0;
27;122585;2019-04-11 20:57:03.0;
27;122595;2019-04-11 20:57:04.0;
27;122585;2019-04-11 20:57:06.0;
27;122595;2019-04-11 20:57:07.0;
27;122585;2019-04-11 20:57:10.0;
27;122595;2019-04-11 20:57:11.0;
27;122585;2019-04-11 20:57:13.0;
27;122595;2019-04-11 20:57:14.0;
27;122585;2019-04-11 20:57:17.0;
27;122595;2019-04-11 20:57:20.0;
27;122585;2019-04-11 20:57:24.0;
27;122595;2019-04-11 20:57:27.0;
27;122585;2019-04-11 20:57:38.0;
27;122555;2019-04-11 20:58:17.0;
27;122585;2019-04-11 20:58:26.0;
27;122555;2019-04-11 20:58:30.0;
27;122585;2019-04-11 20:58:33.0;
27;122555;2019-04-11 20:58:34.0;
27;122585;2019-04-11 20:58:40.0;
27;122555;2019-04-11 20:58:41.0;
27;122575;2019-04-11 20:58:43.0;
27;122555;2019-04-11 20:58:44.0;
27;122575;2019-04-11 20:58:46.0;
27;122555;2019-04-11 20:58:47.0;
27;122575;2019-04-11 20:58:50.0;
27;122585;2019-04-11 20:58:54.0;
27;122575;2019-04-11 20:58:56.0;
27;122585;2019-04-11 20:58:57.0;
27;122575;2019-04-11 20:59:08.0;
27;122585;2019-04-11 20:59:10.0;
27;122575;2019-04-11 20:59:11.0;
27;122585;2019-04-11 20:59:12.0;
27;122575;2019-04-11 20:59:46.0;
27;122585;2019-04-11 20:59:52.0;
27;122575;2019-04-11 20:59:54.0;
27;122595;2019-04-11 21:00:18.0;
27;122575;2019-04-11 21:00:27.0;
27;122595;2019-04-11 21:00:28.0;
27;122575;2019-04-11 21:00:29.0;
27;122595;2019-04-11 21:00:31.0;
27;122585;2019-04-11 21:01:09.0;
27;122595;2019-04-11 21:01:10.0;
27;122585;2019-04-11 21:01:12.0;
27;122595;2019-04-11 21:01:13.0;
27;122585;2019-04-11 21:01:18.0;
27;122595;2019-04-11 21:01:20.0;
27;122585;2019-04-11 21:01:23.0;
27;122595;2019-04-11 21:01:24.0;
27;122585;2019-04-11 21:01:26.0;
27;122595;2019-04-11 21:01:27.0;
27;122605;2019-04-11 21:01:28.0;
27;122585;2019-04-11 21:01:31.0;
27;122605;2019-04-11 21:01:32.0;
27;122585;2019-04-11 21:01:36.0;
27;122595;2019-04-11 21:01:38.0;
27;122605;2019-04-11 21:01:39.0;
27;122595;2019-04-11 21:01:44.0;
27;122605;2019-04-11 21:01:58.0;
27;122595;2019-04-11 21:02:00.0;
27;122585;2019-04-11 21:02:34.0;
27;122595;2019-04-11 21:02:36.0;
27;122585;2019-04-11 21:02:37.0;
27;122595;2019-04-11 21:02:39.0;
27;122585;2019-04-11 21:02:40.0;
27;122595;2019-04-11 21:02:42.0;
27;122585;2019-04-11 21:02:49.0;
27;122595;2019-04-11 21:02:50.0;
27;122585;2019-04-11 21:03:03.0;
27;122595;2019-04-11 21:03:04.0;
27;122615;2019-04-11 21:03:12.0;
27;122595;2019-04-11 21:03:14.0;
27;122615;2019-04-11 21:03:19.0;
27;122625;2019-04-11 21:03:22.0;
27;122595;2019-04-11 21:03:24.0;
27;122615;2019-04-11 21:03:25.0;
27;122625;2019-04-11 21:03:26.0;
27;122615;2019-04-11 21:03:27.0;
27;122595;2019-04-11 21:03:29.0;
27;122615;2019-04-11 21:03:33.0;
27;122595;2019-04-11 21:03:39.0;
27;122625;2019-04-11 21:03:40.0;
27;122635;2019-04-11 21:03:44.0;
27;122625;2019-04-11 21:03:46.0;
27;122635;2019-04-11 21:03:50.0;
27;122625;2019-04-11 21:03:51.0;
27;122635;2019-04-11 21:03:52.0;
27;122645;2019-04-11 21:03:54.0;
27;122625;2019-04-11 21:03:55.0;
27;122645;2019-04-11 21:03:58.0;
27;122625;2019-04-11 21:03:59.0;
27;122635;2019-04-11 21:04:01.0;
27;122625;2019-04-11 21:04:02.0;
27;122645;2019-04-11 21:04:05.0;
27;122635;2019-04-11 21:04:06.0;
27;122625;2019-04-11 21:04:10.0;
27;122645;2019-04-11 21:04:13.0;
27;122675;2019-04-11 21:04:15.0;
27;122645;2019-04-11 21:04:18.0;
27;122675;2019-04-11 21:04:21.0;
27;122665;2019-04-11 21:04:27.0;
27;122675;2019-04-11 21:04:28.0;
27;122665;2019-04-11 21:04:31.0;
27;122675;2019-04-11 21:04:32.0;
27;122665;2019-04-11 21:04:43.0;
27;122645;2019-04-11 21:04:46.0;
27;122665;2019-04-11 21:04:49.0;
27;122645;2019-04-11 21:04:53.0;
27;122655;2019-04-11 21:04:54.0;
27;122645;2019-04-11 21:04:55.0;
27;122655;2019-04-11 21:04:57.0;
27;122645;2019-04-11 21:05:00.0;
27;122655;2019-04-11 21:05:01.0;
27;122645;2019-04-11 21:05:03.0;
27;122655;2019-04-11 21:05:04.0;
27;122645;2019-04-11 21:05:07.0;
27;122655;2019-04-11 21:05:09.0;
27;122645;2019-04-11 21:05:11.0;
27;122655;2019-04-11 21:05:13.0;
27;122675;2019-04-11 21:05:54.0;
27;122655;2019-04-11 21:05:56.0;
27;122675;2019-04-11 21:05:59.0;
27;122685;2019-04-11 21:06:32.0;
27;122695;2019-04-11 21:06:33.0;
27;122685;2019-04-11 21:06:36.0;
27;122695;2019-04-11 21:06:37.0;
27;122685;2019-04-11 21:06:49.0;
27;122695;2019-04-11 21:06:52.0;
27;122685;2019-04-11 21:07:00.0;
27;122695;2019-04-11 21:07:02.0;
27;122685;2019-04-11 21:07:03.0;
27;122705;2019-04-11 21:07:05.0;
27;122685;2019-04-11 21:07:06.0;
27;122705;2019-04-11 21:07:08.0;
27;122685;2019-04-11 21:07:09.0;
27;122705;2019-04-11 21:07:10.0;
27;122685;2019-04-11 21:07:15.0;
27;122705;2019-04-11 21:07:16.0;
27;122685;2019-04-11 21:07:17.0;
27;122705;2019-04-11 21:07:22.0;
27;122685;2019-04-11 21:07:29.0;
27;122705;2019-04-11 21:07:30.0;
27;122695;2019-04-11 21:07:40.0;
27;122705;2019-04-11 21:07:41.0;
27;122695;2019-04-11 21:07:46.0;
27;122705;2019-04-11 21:07:47.0;
27;122695;2019-04-11 21:07:50.0;
27;122705;2019-04-11 21:07:51.0;
27;122695;2019-04-11 21:07:53.0;
27;122705;2019-04-11 21:07:55.0;
27;122695;2019-04-11 21:07:59.0;
27;122705;2019-04-11 21:08:01.0;
27;122695;2019-04-11 21:08:04.0;
27;122685;2019-04-11 21:08:07.0;
27;122695;2019-04-11 21:08:10.0;
27;122685;2019-04-11 21:08:11.0;
27;122695;2019-04-11 21:08:19.0;
27;122685;2019-04-11 21:08:21.0;
27;122695;2019-04-11 21:08:24.0;
27;122685;2019-04-11 21:08:26.0;
27;122695;2019-04-11 21:08:32.0;
27;122685;2019-04-11 21:08:34.0;
27;122695;2019-04-11 21:09:16.0;
27;122685;2019-04-11 21:09:20.0;
27;122695;2019-04-11 21:09:21.0;
27;122685;2019-04-11 21:09:22.0;
27;122695;2019-04-11 21:09:27.0;
27;122685;2019-04-11 21:09:28.0;
27;122695;2019-04-11 21:09:29.0;
27;122685;2019-04-11 21:09:34.0;
27;122695;2019-04-11 21:09:35.0;
27;122705;2019-04-11 21:11:12.0;
27;122695;2019-04-11 21:11:16.0;
27;122705;2019-04-11 21:11:24.0;
27;122695;2019-04-11 21:11:29.0;
27;122705;2019-04-11 21:11:31.0;
27;122695;2019-04-11 21:11:33.0;
27;122705;2019-04-11 21:11:35.0;
27;122695;2019-04-11 21:11:38.0;
27;122705;2019-04-11 21:11:42.0;
27;122685;2019-04-11 21:11:44.0;
27;122675;2019-04-11 21:11:48.0;
27;122695;2019-04-11 21:11:50.0;
27;122675;2019-04-11 21:11:52.0;
27;122685;2019-04-11 21:11:54.0;
27;122695;2019-04-11 21:11:55.0;
27;122685;2019-04-11 21:11:59.0;
27;122675;2019-04-11 21:12:02.0;
27;122685;2019-04-11 21:12:04.0;
27;122675;2019-04-11 21:12:05.0;
27;122685;2019-04-11 21:12:08.0;
27;122675;2019-04-11 21:12:11.0;
27;122685;2019-04-11 21:12:53.0;
27;122675;2019-04-11 21:12:54.0;
27;122685;2019-04-11 21:12:55.0;
27;122675;2019-04-11 21:12:57.0;
27;122685;2019-04-11 21:13:07.0;
27;122675;2019-04-11 21:13:08.0;
27;122665;2019-04-11 21:13:10.0;
27;122675;2019-04-11 21:13:13.0;
27;122685;2019-04-11 21:13:16.0;
27;122675;2019-04-11 21:13:17.0;
27;122665;2019-04-11 21:13:19.0;
27;122685;2019-04-11 21:13:20.0;
27;122665;2019-04-11 21:13:21.0;
27;122675;2019-04-11 21:13:23.0;
27;122665;2019-04-11 21:13:24.0;
27;122675;2019-04-11 21:13:26.0;
27;122665;2019-04-11 21:13:27.0;
27;122675;2019-04-11 21:13:30.0;
27;122665;2019-04-11 21:13:31.0;
27;122675;2019-04-11 21:13:33.0;
27;122665;2019-04-11 21:13:36.0;
27;122675;2019-04-11 21:13:47.0;
27;122665;2019-04-11 21:13:50.0;
27;122675;2019-04-11 21:13:52.0;
27;122665;2019-04-11 21:13:54.0;
27;122675;2019-04-11 21:14:13.0;
27;122665;2019-04-11 21:14:15.0;
27;122675;2019-04-11 21:14:17.0;
27;122665;2019-04-11 21:14:19.0;
27;122675;2019-04-11 21:14:20.0;
27;122665;2019-04-11 21:14:23.0;
27;122675;2019-04-11 21:14:24.0;
27;122665;2019-04-11 21:14:28.0;
27;122675;2019-04-11 21:14:32.0;
27;122685;2019-04-11 21:15:19.0;
27;122675;2019-04-11 21:15:21.0;
27;122685;2019-04-11 21:15:22.0;
27;122675;2019-04-11 21:15:25.0;
27;122685;2019-04-11 21:15:28.0;
27;122675;2019-04-11 21:15:29.0;
27;122685;2019-04-11 21:15:31.0;
27;122695;2019-04-11 21:15:55.0;
27;122685;2019-04-11 21:15:57.0;
27;122695;2019-04-11 21:15:59.0;
27;122685;2019-04-11 21:16:01.0;
27;122695;2019-04-11 21:16:02.0;
27;122715;2019-04-11 21:16:04.0;
27;122695;2019-04-11 21:16:05.0;
27;122715;2019-04-11 21:16:07.0;
27;122685;2019-04-11 21:16:08.0;
27;122715;2019-04-11 21:16:10.0;
27;122695;2019-04-11 21:16:12.0;
27;122715;2019-04-11 21:16:15.0;
27;122695;2019-04-11 21:16:16.0;
27;122715;2019-04-11 21:16:19.0;
27;122725;2019-04-11 21:17:06.0;
27;122715;2019-04-11 21:17:09.0;
27;122725;2019-04-11 21:17:14.0;
27;122715;2019-04-11 21:17:15.0;
27;122725;2019-04-11 21:17:16.0;
27;122715;2019-04-11 21:19:11.0;
27;122725;2019-04-11 21:19:12.0;
27;122715;2019-04-11 21:19:14.0;
27;122725;2019-04-11 21:19:15.0;
27;122715;2019-04-11 21:19:17.0;
27;122705;2019-04-11 21:19:20.0;
27;122715;2019-04-11 21:19:24.0;
27;122705;2019-04-11 21:19:27.0;
27;122715;2019-04-11 21:19:34.0;
27;122705;2019-04-11 21:19:36.0;
27;122715;2019-04-11 21:19:37.0;
27;122705;2019-04-11 21:19:38.0;
27;122715;2019-04-11 21:19:40.0;
27;122705;2019-04-11 21:19:41.0;
27;122725;2019-04-11 21:20:15.0;
27;122705;2019-04-11 21:20:16.0;
27;122725;2019-04-11 21:20:22.0;
27;122705;2019-04-11 21:20:23.0;
27;122725;2019-04-11 21:20:25.0;
27;122735;2019-04-11 21:20:46.0;
27;122725;2019-04-11 21:20:49.0;
27;122735;2019-04-11 21:20:50.0;
27;122725;2019-04-11 21:20:53.0;
27;122735;2019-04-11 21:20:54.0;
27;122725;2019-04-11 21:20:57.0;
27;122735;2019-04-11 21:21:06.0;
27;122725;2019-04-11 21:21:09.0;
27;122735;2019-04-11 21:21:10.0;
27;122725;2019-04-11 21:21:14.0;
27;122755;2019-04-11 21:21:23.0;
27;122725;2019-04-11 21:21:26.0;
27;122755;2019-04-11 21:21:28.0;
27;122745;2019-04-11 21:21:55.0;
27;122755;2019-04-11 21:21:56.0;
27;122745;2019-04-11 21:21:59.0;
27;122735;2019-04-11 21:22:34.0;
27;122745;2019-04-11 21:22:35.0;
27;122735;2019-04-11 21:22:45.0;
27;122745;2019-04-11 21:22:46.0;
27;122735;2019-04-11 21:22:49.0;
27;122745;2019-04-11 21:22:51.0;
27;122735;2019-04-11 21:22:53.0;
27;122745;2019-04-11 21:22:54.0;
27;122735;2019-04-11 21:22:56.0;
27;122745;2019-04-11 21:23:00.0;
27;122725;2019-04-11 21:23:01.0;
27;122705;2019-04-11 21:24:05.0;
27;122725;2019-04-11 21:24:08.0;
27;122705;2019-04-11 21:24:10.0;
27;122715;2019-04-11 21:24:12.0;
27;122705;2019-04-11 21:24:15.0;
27;122715;2019-04-11 21:24:20.0;
27;122705;2019-04-11 21:24:23.0;
27;122715;2019-04-11 21:24:25.0;
27;122705;2019-04-11 21:24:28.0;
27;122715;2019-04-11 21:24:29.0;
27;122705;2019-04-11 21:24:34.0;
27;122715;2019-04-11 21:24:35.0;
27;122705;2019-04-11 21:24:38.0;
27;122715;2019-04-11 21:24:39.0;
27;122705;2019-04-11 21:24:44.0;
27;122695;2019-04-11 21:24:57.0;
27;122705;2019-04-11 21:24:58.0;
27;122695;2019-04-11 21:25:00.0;
27;122705;2019-04-11 21:25:01.0;
27;122695;2019-04-11 21:25:04.0;
27;122705;2019-04-11 21:25:07.0;
27;122695;2019-04-11 21:25:08.0;
27;122715;2019-04-11 21:25:11.0;
27;122705;2019-04-11 21:25:13.0;
27;122695;2019-04-11 21:25:14.0;
27;122715;2019-04-11 21:25:16.0;
27;122695;2019-04-11 21:25:17.0;
27;122715;2019-04-11 21:25:18.0;
27;122695;2019-04-11 21:25:54.0;
27;122715;2019-04-11 21:25:57.0;
27;122695;2019-04-11 21:25:59.0;
27;122705;2019-04-11 21:26:30.0;
27;122695;2019-04-11 21:26:31.0;
27;122705;2019-04-11 21:26:34.0;
27;122695;2019-04-11 21:26:37.0;
27;122705;2019-04-11 21:26:42.0;
27;122695;2019-04-11 21:26:45.0;
27;122685;2019-04-11 21:28:51.0;
27;122695;2019-04-11 21:28:53.0;
27;122685;2019-04-11 21:28:54.0;
27;122695;2019-04-11 21:28:56.0;
27;122685;2019-04-11 21:29:00.0;
27;122695;2019-04-11 21:29:01.0;
27;122685;2019-04-11 21:29:03.0;
27;122695;2019-04-11 21:30:16.0;
27;122685;2019-04-11 21:30:20.0;
27;122695;2019-04-11 21:30:23.0;
27;122685;2019-04-11 21:30:26.0;
27;122695;2019-04-11 21:30:27.0;
27;122685;2019-04-11 21:30:29.0;
27;122695;2019-04-11 21:30:36.0;
27;122685;2019-04-11 21:30:39.0;
27;122695;2019-04-11 21:30:40.0;
27;122705;2019-04-11 21:30:50.0;
27;122695;2019-04-11 21:30:52.0;
27;122705;2019-04-11 21:30:53.0;
27;122695;2019-04-11 21:30:55.0;
27;122705;2019-04-11 21:30:59.0;
27;122695;2019-04-11 21:31:02.0;
27;122705;2019-04-11 21:31:03.0;
27;122695;2019-04-11 21:31:08.0;
27;122725;2019-04-11 21:31:09.0;
27;122695;2019-04-11 21:31:11.0;
27;122705;2019-04-11 21:31:15.0;
27;122695;2019-04-11 21:31:16.0;
27;122725;2019-04-11 21:31:18.0;
27;122705;2019-04-11 21:31:19.0;
27;122715;2019-04-11 21:31:22.0;
27;122725;2019-04-11 21:31:29.0;
27;122715;2019-04-11 21:31:34.0;
27;122725;2019-04-11 21:31:36.0;
27;122715;2019-04-11 21:31:37.0;
27;122725;2019-04-11 21:31:50.0;
27;122715;2019-04-11 21:31:51.0;
27;122725;2019-04-11 21:31:57.0;
27;122715;2019-04-11 21:31:58.0;
27;122725;2019-04-11 21:32:01.0;
27;122715;2019-04-11 21:32:03.0;
27;122725;2019-04-11 21:32:05.0;
27;122715;2019-04-11 21:32:07.0;
27;122735;2019-04-11 21:32:10.0;
27;122715;2019-04-11 21:32:11.0;
27;122735;2019-04-11 21:32:13.0;
27;122715;2019-04-11 21:32:14.0;
27;122735;2019-04-11 21:32:17.0;
27;122715;2019-04-11 21:32:18.0;
27;122735;2019-04-11 21:32:21.0;
27;122715;2019-04-11 21:32:22.0;
27;122735;2019-04-11 21:32:25.0;
27;122745;2019-04-11 21:32:59.0;
27;122735;2019-04-11 21:33:02.0;
27;122745;2019-04-11 21:33:03.0;
27;122735;2019-04-11 21:33:05.0;
27;122745;2019-04-11 21:33:06.0;
27;122735;2019-04-11 21:33:10.0;
27;122745;2019-04-11 21:33:12.0;
27;122755;2019-04-11 21:33:48.0;
27;122745;2019-04-11 21:33:50.0;
27;122755;2019-04-11 21:33:51.0;
27;122745;2019-04-11 21:33:53.0;
27;122755;2019-04-11 21:33:56.0;
27;122745;2019-04-11 21:33:59.0;
27;122755;2019-04-11 21:34:00.0;
27;122745;2019-04-11 21:34:01.0;
27;122755;2019-04-11 21:34:04.0;
27;122745;2019-04-11 21:34:07.0;
27;122755;2019-04-11 21:34:10.0;
27;122745;2019-04-11 21:34:19.0;
27;122755;2019-04-11 21:34:27.0;
27;122745;2019-04-11 21:34:29.0;
27;122735;2019-04-11 21:34:32.0;
27;122745;2019-04-11 21:34:33.0;
27;122735;2019-04-11 21:34:35.0;
27;122745;2019-04-11 21:34:36.0;
27;122735;2019-04-11 21:34:44.0;
27;122745;2019-04-11 21:34:48.0;
27;122735;2019-04-11 21:34:51.0;
27;122725;2019-04-11 21:35:03.0;
27;122735;2019-04-11 21:35:04.0;
27;122725;2019-04-11 21:35:07.0;
27;122735;2019-04-11 21:35:10.0;
27;122725;2019-04-11 21:35:17.0;
27;122735;2019-04-11 21:35:21.0;
27;122725;2019-04-11 21:35:25.0;
27;122735;2019-04-11 21:35:27.0;
27;122725;2019-04-11 21:35:29.0;
27;122735;2019-04-11 21:35:31.0;
27;122745;2019-04-11 21:35:35.0;
27;122735;2019-04-11 21:35:37.0;
27;122745;2019-04-11 21:35:40.0;
27;122735;2019-04-11 21:35:41.0;
27;122745;2019-04-11 21:35:45.0;
27;122735;2019-04-11 21:35:47.0;
27;122745;2019-04-11 21:35:48.0;
27;122735;2019-04-11 21:35:50.0;
27;122745;2019-04-11 21:35:53.0;
27;122735;2019-04-11 21:35:54.0;
27;122745;2019-04-11 21:35:55.0;
27;122755;2019-04-11 21:36:57.0;
27;122745;2019-04-11 21:36:58.0;
27;122755;2019-04-11 21:37:00.0;
27;122745;2019-04-11 21:37:01.0;
27;122755;2019-04-11 21:37:02.0;
27;122745;2019-04-11 21:37:05.0;
27;122755;2019-04-11 21:37:08.0;
27;122765;2019-04-11 21:37:09.0;
27;122755;2019-04-11 21:37:12.0;
27;122765;2019-04-11 21:37:14.0;
27;122755;2019-04-11 21:37:15.0;
27;122765;2019-04-11 21:37:16.0;
27;122755;2019-04-11 21:37:18.0;
27;122765;2019-04-11 21:37:19.0;
27;122755;2019-04-11 21:37:21.0;
27;122765;2019-04-11 21:37:22.0;
27;122755;2019-04-11 21:37:27.0;
27;122765;2019-04-11 21:37:28.0;
27;122825;2019-04-11 21:37:32.0;
27;122765;2019-04-11 21:37:34.0;
27;122825;2019-04-11 21:37:39.0;
27;122815;2019-04-11 21:38:03.0;
27;122825;2019-04-11 21:38:07.0;
27;122815;2019-04-11 21:38:10.0;
27;122825;2019-04-11 21:38:11.0;
27;122815;2019-04-11 21:38:12.0;
27;122795;2019-04-11 21:38:15.0;
27;122815;2019-04-11 21:38:20.0;
27;122795;2019-04-11 21:38:22.0;
27;122815;2019-04-11 21:38:32.0;
27;122795;2019-04-11 21:38:33.0;
27;122785;2019-04-11 21:38:52.0;
27;122795;2019-04-11 21:38:53.0;
27;122785;2019-04-11 21:38:54.0;
27;122795;2019-04-11 21:38:57.0;
27;122785;2019-04-11 21:38:58.0;
27;122795;2019-04-11 21:39:04.0;
27;122785;2019-04-11 21:39:06.0;
27;122795;2019-04-11 21:39:12.0;
27;122785;2019-04-11 21:39:13.0;
27;122795;2019-04-11 21:39:16.0;
27;122785;2019-04-11 21:39:19.0;
27;122775;2019-04-11 21:39:44.0;
27;122785;2019-04-11 21:39:47.0;
27;122775;2019-04-11 21:39:50.0;
27;122785;2019-04-11 21:40:15.0;
27;122775;2019-04-11 21:40:18.0;
27;122785;2019-04-11 21:40:20.0;
27;122775;2019-04-11 21:40:21.0;
27;122785;2019-04-11 21:40:23.0;
27;122775;2019-04-11 21:40:25.0;
27;122785;2019-04-11 21:40:28.0;
27;122775;2019-04-11 21:40:30.0;
27;122785;2019-04-11 21:40:33.0;
27;122775;2019-04-11 21:40:36.0;
27;122785;2019-04-11 21:40:37.0;
27;122775;2019-04-11 21:40:45.0;
27;122785;2019-04-11 21:41:00.0;
27;122775;2019-04-11 21:41:05.0;
27;122785;2019-04-11 21:41:12.0;
27;122775;2019-04-11 21:41:15.0;
27;122795;2019-04-11 21:41:17.0;
27;122775;2019-04-11 21:41:18.0;
27;122795;2019-04-11 21:41:20.0;
27;122785;2019-04-11 21:41:24.0;
27;122795;2019-04-11 21:41:25.0;
27;122785;2019-04-11 21:41:26.0;
27;122795;2019-04-11 21:41:28.0;
27;122785;2019-04-11 21:41:29.0;
27;122795;2019-04-11 21:41:31.0;
27;122785;2019-04-11 21:41:49.0;
27;122795;2019-04-11 21:41:50.0;
27;122785;2019-04-11 21:41:57.0;
27;122775;2019-04-11 21:42:04.0;
27;122785;2019-04-11 21:42:07.0;
27;122775;2019-04-11 21:42:13.0;
27;122785;2019-04-11 21:42:14.0;
27;122775;2019-04-11 21:42:17.0;
27;122785;2019-04-11 21:42:20.0;
27;122775;2019-04-11 21:42:30.0;
27;122785;2019-04-11 21:42:31.0;
27;122775;2019-04-11 21:42:33.0;
27;122785;2019-04-11 21:42:35.0;
27;122795;2019-04-11 21:42:56.0;
27;122785;2019-04-11 21:42:58.0;
27;122795;2019-04-11 21:42:59.0;
27;122785;2019-04-11 21:43:01.0;
27;122795;2019-04-11 21:43:03.0;
27;122785;2019-04-11 21:43:41.0;
27;122795;2019-04-11 21:43:42.0;
27;122785;2019-04-11 21:43:45.0;
27;122795;2019-04-11 21:43:48.0;
27;122785;2019-04-11 21:43:52.0;
27;122795;2019-04-11 21:44:15.0;
27;122785;2019-04-11 21:44:17.0;
27;122795;2019-04-11 21:44:18.0;
27;122785;2019-04-11 21:44:21.0;
27;122795;2019-04-11 21:44:22.0;
27;122805;2019-04-11 21:44:52.0;
27;122795;2019-04-11 21:44:53.0;
27;122805;2019-04-11 21:44:54.0;
27;122795;2019-04-11 21:44:57.0;
27;122805;2019-04-11 21:45:15.0;
27;122795;2019-04-11 21:45:26.0;
27;122805;2019-04-11 21:45:27.0;
27;122795;2019-04-11 21:45:48.0;
27;122805;2019-04-11 21:45:49.0;
27;122795;2019-04-11 21:45:59.0;
27;122805;2019-04-11 21:46:03.0;
27;122795;2019-04-11 21:46:05.0;
27;122775;2019-04-11 21:46:09.0;
27;122795;2019-04-11 21:46:12.0;
27;122775;2019-04-11 21:46:15.0;
27;122795;2019-04-11 21:46:16.0;
27;122775;2019-04-11 21:46:19.0;
27;122795;2019-04-11 21:46:21.0;
27;122775;2019-04-11 21:46:22.0;
27;122795;2019-04-11 21:46:29.0;
27;122775;2019-04-11 21:46:30.0;
27;122765;2019-04-11 21:46:32.0;
27;122775;2019-04-11 21:46:35.0;
27;122765;2019-04-11 21:46:39.0;
27;122755;2019-04-11 21:46:44.0;
27;122765;2019-04-11 21:46:46.0;
27;122755;2019-04-11 21:46:48.0;
27;122765;2019-04-11 21:46:50.0;
27;122755;2019-04-11 21:46:51.0;
27;122765;2019-04-11 21:46:59.0;
27;122755;2019-04-11 21:47:00.0;
27;122775;2019-04-11 21:47:07.0;
27;122755;2019-04-11 21:47:08.0;
27;122775;2019-04-11 21:47:14.0;
27;122755;2019-04-11 21:47:19.0;
27;122775;2019-04-11 21:47:20.0;
27;122755;2019-04-11 21:47:23.0;
27;122775;2019-04-11 21:47:24.0;
27;122755;2019-04-11 21:47:28.0;
27;122775;2019-04-11 21:47:29.0;
27;122755;2019-04-11 21:47:36.0;
27;122775;2019-04-11 21:47:37.0;
27;122755;2019-04-11 21:47:39.0;
27;122765;2019-04-11 21:48:08.0;
27;122755;2019-04-11 21:48:11.0;
27;122765;2019-04-11 21:48:12.0;
27;122775;2019-04-11 21:48:50.0;
27;122765;2019-04-11 21:48:52.0;
27;122775;2019-04-11 21:48:57.0;
27;122765;2019-04-11 21:49:00.0;
27;122775;2019-04-11 21:49:01.0;
27;122765;2019-04-11 21:49:03.0;
27;122775;2019-04-11 21:49:04.0;
27;122765;2019-04-11 21:49:06.0;
27;122775;2019-04-11 21:49:07.0;
27;122765;2019-04-11 21:49:11.0;
27;122775;2019-04-11 21:49:13.0;
27;122765;2019-04-11 21:49:15.0;
27;122785;2019-04-11 21:49:17.0;
27;122765;2019-04-11 21:49:18.0;
27;122805;2019-04-11 21:49:22.0;
27;122785;2019-04-11 21:49:24.0;
27;122805;2019-04-11 21:49:26.0;
27;122785;2019-04-11 21:49:27.0;
27;122805;2019-04-11 21:49:31.0;
27;122785;2019-04-11 21:49:32.0;
27;122805;2019-04-11 21:49:35.0;
27;122785;2019-04-11 21:49:39.0;
27;122805;2019-04-11 21:49:41.0;
27;122785;2019-04-11 21:49:42.0;
27;122805;2019-04-11 21:49:44.0;
27;122785;2019-04-11 21:49:45.0;
27;122805;2019-04-11 21:49:46.0;
27;122785;2019-04-11 21:49:54.0;
27;122795;2019-04-11 21:50:18.0;
27;122785;2019-04-11 21:50:20.0;
27;122795;2019-04-11 21:50:21.0;
27;122785;2019-04-11 21:50:23.0;
27;122805;2019-04-11 21:50:25.0;
27;122795;2019-04-11 21:50:27.0;
27;122805;2019-04-11 21:50:28.0;
27;122795;2019-04-11 21:50:29.0;
27;122805;2019-04-11 21:50:31.0;
27;122795;2019-04-11 21:50:34.0;
27;122805;2019-04-11 21:50:37.0;
27;122795;2019-04-11 21:50:44.0;
27;122805;2019-04-11 21:50:45.0;
27;122785;2019-04-11 21:50:52.0;
27;122805;2019-04-11 21:50:54.0;
27;122775;2019-04-11 21:50:57.0;
27;122785;2019-04-11 21:50:59.0;
27;122765;2019-04-11 21:51:01.0;
27;122775;2019-04-11 21:51:03.0;
27;122765;2019-04-11 21:51:06.0;
27;122785;2019-04-11 21:51:07.0;
27;122775;2019-04-11 21:51:09.0;
27;122785;2019-04-11 21:51:14.0;
27;122765;2019-04-11 21:51:16.0;
27;122785;2019-04-11 21:51:17.0;
27;122775;2019-04-11 21:51:21.0;
27;122765;2019-04-11 21:51:23.0;
27;122745;2019-04-11 21:51:27.0;
27;122735;2019-04-11 21:51:34.0;
27;122745;2019-04-11 21:51:35.0;
27;122735;2019-04-11 21:51:36.0;
27;122745;2019-04-11 21:51:37.0;
27;122735;2019-04-11 21:51:40.0;
27;122745;2019-04-11 21:51:41.0;
27;122725;2019-04-11 21:51:58.0;
27;122745;2019-04-11 21:52:02.0;
27;122735;2019-04-11 21:52:04.0;
27;122725;2019-04-11 21:52:05.0;
27;122695;2019-04-11 21:52:29.0;
27;122725;2019-04-11 21:52:33.0;
27;122695;2019-04-11 21:52:37.0;
27;122705;2019-04-11 21:53:10.0;
27;122695;2019-04-11 21:53:11.0;
27;122705;2019-04-11 21:53:13.0;
27;122695;2019-04-11 21:53:22.0;
27;122705;2019-04-11 21:53:24.0;
27;122695;2019-04-11 21:53:25.0;
27;122705;2019-04-11 21:53:29.0;
27;122675;2019-04-11 21:53:34.0;
27;122705;2019-04-11 21:53:36.0;
27;122685;2019-04-11 21:53:42.0;
27;122675;2019-04-11 21:53:48.0;
27;122685;2019-04-11 21:53:49.0;
27;122675;2019-04-11 21:53:59.0;
27;122685;2019-04-11 21:54:03.0;
27;122715;2019-04-11 21:54:06.0;
27;122685;2019-04-11 21:54:07.0;
27;122715;2019-04-11 21:54:10.0;
27;122685;2019-04-11 21:54:11.0;
27;122715;2019-04-11 21:54:13.0;
27;122685;2019-04-11 21:54:14.0;
27;122715;2019-04-11 21:54:17.0;
27;122705;2019-04-11 21:54:18.0;
27;122715;2019-04-11 21:54:21.0;
27;122705;2019-04-11 21:54:23.0;
27;122715;2019-04-11 21:54:24.0;
27;122705;2019-04-11 21:54:27.0;
27;122715;2019-04-11 21:54:29.0;
27;122705;2019-04-11 21:54:30.0;
27;122715;2019-04-11 21:54:31.0;
27;122705;2019-04-11 21:54:32.0;
27;122715;2019-04-11 21:54:34.0;
27;122735;2019-04-11 21:54:37.0;
27;122715;2019-04-11 21:54:38.0;
27;122735;2019-04-11 21:54:40.0;
27;122715;2019-04-11 21:54:41.0;
27;122745;2019-04-11 21:54:47.0;
27;122735;2019-04-11 21:54:50.0;
27;122745;2019-04-11 21:54:51.0;
27;122735;2019-04-11 21:54:52.0;
27;122745;2019-04-11 21:55:10.0;
27;122735;2019-04-11 21:55:11.0;
27;122745;2019-04-11 21:55:12.0;
27;122735;2019-04-11 21:55:14.0;
27;122745;2019-04-11 21:55:16.0;
27;122735;2019-04-11 21:55:18.0;
27;122715;2019-04-11 21:55:20.0;
27;122735;2019-04-11 21:55:21.0;
27;122725;2019-04-11 21:55:27.0;
27;122715;2019-04-11 21:55:28.0;
27;122725;2019-04-11 21:55:33.0;
27;122715;2019-04-11 21:55:35.0;
27;122735;2019-04-11 21:55:36.0;
27;122725;2019-04-11 21:55:37.0;
27;122745;2019-04-11 21:55:41.0;
27;122715;2019-04-11 21:55:45.0;
27;122745;2019-04-11 21:55:46.0;
27;122725;2019-04-11 21:55:48.0;
27;122745;2019-04-11 21:55:49.0;
27;122725;2019-04-11 21:55:51.0;
27;122755;2019-04-11 21:55:52.0;
27;122725;2019-04-11 21:55:54.0;
27;122755;2019-04-11 21:55:55.0;
27;122725;2019-04-11 21:55:57.0;
27;122755;2019-04-11 21:55:58.0;
27;122745;2019-04-11 21:56:05.0;
27;122755;2019-04-11 21:56:06.0;
27;122705;2019-04-11 21:56:12.0;
27;122755;2019-04-11 21:56:16.0;
27;122705;2019-04-11 21:56:17.0;
27;122755;2019-04-11 21:56:19.0;
27;122705;2019-04-11 21:56:20.0;
27;122755;2019-04-11 21:56:23.0;
27;122705;2019-04-11 21:56:24.0;
27;122755;2019-04-11 21:56:26.0;
27;122705;2019-04-11 21:56:29.0;
27;122725;2019-04-11 21:56:30.0;
27;122705;2019-04-11 21:56:33.0;
27;122725;2019-04-11 21:56:34.0;
27;122705;2019-04-11 21:56:41.0;
27;122725;2019-04-11 21:56:44.0;
27;122715;2019-04-11 21:56:57.0;
27;122725;2019-04-11 21:56:58.0;
27;122715;2019-04-11 21:57:01.0;
27;122725;2019-04-11 21:57:02.0;
27;122715;2019-04-11 21:57:05.0;
27;122725;2019-04-11 21:57:07.0;
27;122715;2019-04-11 21:57:11.0;
27;122725;2019-04-11 21:57:13.0;
27;122715;2019-04-11 21:57:17.0;
27;122725;2019-04-11 21:57:18.0;
27;122715;2019-04-11 21:57:24.0;
27;122725;2019-04-11 21:57:25.0;
27;122705;2019-04-11 21:57:30.0;
27;122725;2019-04-11 21:57:31.0;
27;122705;2019-04-11 21:57:33.0;
27;122725;2019-04-11 21:57:37.0;
27;122705;2019-04-11 21:57:40.0;
27;122725;2019-04-11 21:57:41.0;
27;122705;2019-04-11 21:57:42.0;
27;122725;2019-04-11 21:57:44.0;
27;122705;2019-04-11 21:57:45.0;
27;122695;2019-04-11 21:57:47.0;
27;122705;2019-04-11 21:57:50.0;
27;122695;2019-04-11 21:57:51.0;
27;122705;2019-04-11 21:57:52.0;
27;122695;2019-04-11 21:57:55.0;
27;122705;2019-04-11 21:57:59.0;
27;122695;2019-04-11 21:58:01.0;
27;122705;2019-04-11 21:58:02.0;
27;122695;2019-04-11 21:58:04.0;
27;122705;2019-04-11 21:58:05.0;
27;122695;2019-04-11 21:58:06.0;
27;122705;2019-04-11 21:58:08.0;
27;122695;2019-04-11 21:58:36.0;
27;122705;2019-04-11 21:58:38.0;
27;122695;2019-04-11 21:58:42.0;
27;122705;2019-04-11 21:58:45.0;
27;122695;2019-04-11 21:58:49.0;
27;122705;2019-04-11 21:58:52.0;
27;122715;2019-04-11 21:58:56.0;
27;122705;2019-04-11 21:58:57.0;
27;122715;2019-04-11 21:59:00.0;
27;122695;2019-04-11 21:59:03.0;
27;122715;2019-04-11 21:59:04.0;
27;122695;2019-04-11 21:59:05.0;
27;122715;2019-04-11 21:59:07.0;
27;122725;2019-04-11 21:59:24.0;
27;122715;2019-04-11 21:59:25.0;
27;122725;2019-04-11 21:59:28.0;
27;122715;2019-04-11 21:59:29.0;
27;122725;2019-04-11 21:59:33.0;
27;122715;2019-04-11 21:59:35.0;
27;122725;2019-04-11 21:59:38.0;
27;122735;2019-04-11 21:59:39.0;
27;122725;2019-04-11 21:59:45.0;
27;122735;2019-04-11 21:59:46.0;
27;122725;2019-04-11 21:59:47.0;
27;122735;2019-04-11 21:59:50.0;
27;122725;2019-04-11 21:59:51.0;
27;122735;2019-04-11 21:59:53.0;
27;122745;2019-04-11 21:59:56.0;
27;122735;2019-04-11 21:59:57.0;
27;122745;2019-04-11 22:00:01.0;
27;122735;2019-04-11 22:00:03.0;
27;122745;2019-04-11 22:00:04.0;
27;122735;2019-04-11 22:00:06.0;
27;122745;2019-04-11 22:00:10.0;
27;122765;2019-04-11 22:00:12.0;
27;122745;2019-04-11 22:00:13.0;
27;122765;2019-04-11 22:00:21.0;
27;122745;2019-04-11 22:00:24.0;
27;122765;2019-04-11 22:00:26.0;
27;122745;2019-04-11 22:00:29.0;
27;122775;2019-04-11 22:00:30.0;
27;122765;2019-04-11 22:00:31.0;
27;122775;2019-04-11 22:00:33.0;
27;122765;2019-04-11 22:00:36.0;
27;122775;2019-04-11 22:00:37.0;
27;122765;2019-04-11 22:01:34.0;
27;122775;2019-04-11 22:01:36.0;
27;122765;2019-04-11 22:01:37.0;
27;122775;2019-04-11 22:01:38.0;
27;122765;2019-04-11 22:01:44.0;
27;122755;2019-04-11 22:01:45.0;
27;122765;2019-04-11 22:01:48.0;
27;122755;2019-04-11 22:01:51.0;
27;122765;2019-04-11 22:01:52.0;
27;122755;2019-04-11 22:01:55.0;
27;122765;2019-04-11 22:01:58.0;
27;122755;2019-04-11 22:02:03.0;
27;122765;2019-04-11 22:02:04.0;
27;122755;2019-04-11 22:02:06.0;
27;122745;2019-04-11 22:02:30.0;
27;122755;2019-04-11 22:02:31.0;
27;122745;2019-04-11 22:02:36.0;
27;122755;2019-04-11 22:02:40.0;
27;122745;2019-04-11 22:02:43.0;
27;122755;2019-04-11 22:02:44.0;
27;122745;2019-04-11 22:02:45.0;
27;122765;2019-04-11 22:02:53.0;
27;122775;2019-04-11 22:02:56.0;
27;122765;2019-04-11 22:02:57.0;
27;122745;2019-04-11 22:03:00.0;
27;122765;2019-04-11 22:03:01.0;
27;122775;2019-04-11 22:03:04.0;
27;122765;2019-04-11 22:03:07.0;
27;122775;2019-04-11 22:03:11.0;
27;122765;2019-04-11 22:03:12.0;
27;122775;2019-04-11 22:03:13.0;
27;122765;2019-04-11 22:03:15.0;
27;122785;2019-04-11 22:03:24.0;
27;122765;2019-04-11 22:03:26.0;
27;122785;2019-04-11 22:03:30.0;
27;122795;2019-04-11 22:04:22.0;
27;122785;2019-04-11 22:04:27.0;
27;122795;2019-04-11 22:04:30.0;
27;122785;2019-04-11 22:04:31.0;
27;122795;2019-04-11 22:04:34.0;
27;122785;2019-04-11 22:04:36.0;
27;122795;2019-04-11 22:04:37.0;
27;122785;2019-04-11 22:04:38.0;
27;122795;2019-04-11 22:04:40.0;
27;122785;2019-04-11 22:04:41.0;
27;122795;2019-04-11 22:04:47.0;
27;122785;2019-04-11 22:04:48.0;
27;122795;2019-04-11 22:04:51.0;
27;122785;2019-04-11 22:04:52.0;
27;122775;2019-04-11 22:05:10.0;
27;122785;2019-04-11 22:05:13.0;
27;122775;2019-04-11 22:05:20.0;
27;122785;2019-04-11 22:05:22.0;
27;122775;2019-04-11 22:05:25.0;
27;122785;2019-04-11 22:05:28.0;
27;122775;2019-04-11 22:05:31.0;
27;122785;2019-04-11 22:05:32.0;
27;122795;2019-04-11 22:05:52.0;
27;122785;2019-04-11 22:05:53.0;
27;122795;2019-04-11 22:05:57.0;
27;122785;2019-04-11 22:05:59.0;
27;122795;2019-04-11 22:06:00.0;
27;122785;2019-04-11 22:06:03.0;
27;122795;2019-04-11 22:06:04.0;
27;122785;2019-04-11 22:06:06.0;
27;122795;2019-04-11 22:06:09.0;
27;122785;2019-04-11 22:06:26.0;
27;122795;2019-04-11 22:06:27.0;
27;122785;2019-04-11 22:06:28.0;
27;122795;2019-04-11 22:06:35.0;
27;122785;2019-04-11 22:06:38.0;
27;122795;2019-04-11 22:06:39.0;
27;122785;2019-04-11 22:06:41.0;
27;122795;2019-04-11 22:06:42.0;
27;122785;2019-04-11 22:06:43.0;
27;122775;2019-04-11 22:09:03.0;
27;122785;2019-04-11 22:09:04.0;
27;122775;2019-04-11 22:09:07.0;
27;122785;2019-04-11 22:09:08.0;
27;122775;2019-04-11 22:09:09.0;
27;122765;2019-04-11 22:09:33.0;
27;122775;2019-04-11 22:09:40.0;
27;122755;2019-04-11 22:09:43.0;
27;122765;2019-04-11 22:09:44.0;
27;122755;2019-04-11 22:09:48.0;
27;122765;2019-04-11 22:09:50.0;
27;122755;2019-04-11 22:09:51.0;
27;122765;2019-04-11 22:09:55.0;
27;122755;2019-04-11 22:09:57.0;
27;122765;2019-04-11 22:09:58.0;
27;122755;2019-04-11 22:10:01.0;
27;122765;2019-04-11 22:10:04.0;
27;122755;2019-04-11 22:10:05.0;
27;122765;2019-04-11 22:10:09.0;
27;122755;2019-04-11 22:10:12.0;
27;122765;2019-04-11 22:10:13.0;
27;122775;2019-04-11 22:10:56.0;
27;122765;2019-04-11 22:10:57.0;
27;122775;2019-04-11 22:11:04.0;
27;122765;2019-04-11 22:11:06.0;
27;122775;2019-04-11 22:11:09.0;
27;122765;2019-04-11 22:11:11.0;
27;122775;2019-04-11 22:11:13.0;
27;122765;2019-04-11 22:11:15.0;
27;122775;2019-04-11 22:11:18.0;
27;122765;2019-04-11 22:12:22.0;
27;122775;2019-04-11 22:12:25.0;
27;122765;2019-04-11 22:12:31.0;
27;122775;2019-04-11 22:12:35.0;
27;122765;2019-04-11 22:12:36.0;
27;122775;2019-04-11 22:12:45.0;
27;122765;2019-04-11 22:12:47.0;
27;122785;2019-04-11 22:12:49.0;
27;122765;2019-04-11 22:12:50.0;
27;122785;2019-04-11 22:12:53.0;
27;122765;2019-04-11 22:12:55.0;
27;122785;2019-04-11 22:12:56.0;
27;122765;2019-04-11 22:13:03.0;
27;122785;2019-04-11 22:13:04.0;
27;122795;2019-04-11 22:14:29.0;
27;122805;2019-04-11 22:15:03.0;
27;122795;2019-04-11 22:15:43.0;
27;122805;2019-04-11 22:16:03.0;
27;122795;2019-04-11 22:16:05.0;
27;122805;2019-04-11 22:16:23.0;
27;122795;2019-04-11 22:16:24.0;
27;122805;2019-04-11 22:16:26.0;
27;122795;2019-04-11 22:16:27.0;
27;122805;2019-04-11 22:16:33.0;
27;122795;2019-04-11 22:16:37.0;
27;122805;2019-04-11 22:16:40.0;
27;122795;2019-04-11 22:16:45.0;
27;122805;2019-04-11 22:16:47.0;
27;122795;2019-04-11 22:16:51.0;
27;122805;2019-04-11 22:16:52.0;
27;122795;2019-04-11 22:16:54.0;
27;122805;2019-04-11 22:16:55.0;
27;122795;2019-04-11 22:16:58.0;
27;122805;2019-04-11 22:17:06.0;
27;122795;2019-04-11 22:17:07.0;
27;122805;2019-04-11 22:17:10.0;
27;122795;2019-04-11 22:17:11.0;
27;122805;2019-04-11 22:17:13.0;
27;122795;2019-04-11 22:17:14.0;
27;122805;2019-04-11 22:17:20.0;
27;122795;2019-04-11 22:17:21.0;
27;122805;2019-04-11 22:17:23.0;
27;122795;2019-04-11 22:17:27.0;
27;122805;2019-04-11 22:17:28.0;
27;122795;2019-04-11 22:18:27.0;
27;122805;2019-04-11 22:18:28.0;
27;122795;2019-04-11 22:18:31.0;
27;122805;2019-04-11 22:18:33.0;
27;122795;2019-04-11 22:18:35.0;
27;122805;2019-04-11 22:18:38.0;
27;122795;2019-04-11 22:18:42.0;
27;122805;2019-04-11 22:18:45.0;
27;122795;2019-04-11 22:18:47.0;
27;122805;2019-04-11 22:18:48.0;
27;122795;2019-04-11 22:18:51.0;
27;122805;2019-04-11 22:18:52.0;
27;122785;2019-04-11 22:18:58.0;
27;122805;2019-04-11 22:19:01.0;
27;122785;2019-04-11 22:19:03.0;
27;122805;2019-04-11 22:19:04.0;
27;122785;2019-04-11 22:19:08.0;
27;122805;2019-04-11 22:19:11.0;
27;122785;2019-04-11 22:19:13.0;
27;122805;2019-04-11 22:20:17.0;
27;122785;2019-04-11 22:20:20.0;
27;122805;2019-04-11 22:20:23.0;
27;122785;2019-04-11 22:20:26.0;
27;122805;2019-04-11 22:20:27.0;
27;122785;2019-04-11 22:20:30.0;
27;122805;2019-04-11 22:20:32.0;
27;122815;2019-04-11 22:20:33.0;
27;122805;2019-04-11 22:20:34.0;
27;122815;2019-04-11 22:20:39.0;
27;122805;2019-04-11 22:20:41.0;
27;122815;2019-04-11 22:20:44.0;
27;122805;2019-04-11 22:20:47.0;
27;122815;2019-04-11 22:20:51.0;
27;122805;2019-04-11 22:20:54.0;
27;122815;2019-04-11 22:20:56.0;
27;122825;2019-04-11 22:21:36.0;
27;122815;2019-04-11 22:21:37.0;
27;122825;2019-04-11 22:21:48.0;
27;122815;2019-04-11 22:21:49.0;
27;122825;2019-04-11 22:21:53.0;
27;122835;2019-04-11 22:21:58.0;
27;122825;2019-04-11 22:22:01.0;
27;122835;2019-04-11 22:22:08.0;
27;122825;2019-04-11 22:22:12.0;
27;122835;2019-04-11 22:22:15.0;
27;122825;2019-04-11 22:22:16.0;
27;122835;2019-04-11 22:22:20.0;
27;122825;2019-04-11 22:22:25.0;
27;122835;2019-04-11 22:22:27.0;
27;122825;2019-04-11 22:22:32.0;
27;122845;2019-04-11 22:22:33.0;
27;122835;2019-04-11 22:23:09.0;
27;122845;2019-04-11 22:23:11.0;
27;122835;2019-04-11 22:23:13.0;
27;122845;2019-04-11 22:23:16.0;
27;122835;2019-04-11 22:23:19.0;
27;122845;2019-04-11 22:23:21.0;
27;122835;2019-04-11 22:23:23.0;
27;122845;2019-04-11 22:23:29.0;
27;122835;2019-04-11 22:23:30.0;
27;122845;2019-04-11 22:23:32.0;
27;122835;2019-04-11 22:23:33.0;
27;122855;2019-04-11 22:23:47.0;
27;122835;2019-04-11 22:23:50.0;
27;122855;2019-04-11 22:23:51.0;
27;122835;2019-04-11 22:23:54.0;
27;122855;2019-04-11 22:23:55.0;
27;122835;2019-04-11 22:23:56.0;
27;122855;2019-04-11 22:23:58.0;
27;122835;2019-04-11 22:24:01.0;
27;122855;2019-04-11 22:24:10.0;
27;122835;2019-04-11 22:24:12.0;
27;122855;2019-04-11 22:24:13.0;
27;122865;2019-04-11 22:24:14.0;
27;122845;2019-04-11 22:24:46.0;
27;122865;2019-04-11 22:24:50.0;
27;122855;2019-04-11 22:24:54.0;
27;122845;2019-04-11 22:24:56.0;
27;122855;2019-04-11 22:24:57.0;
27;122845;2019-04-11 22:25:11.0;
27;122855;2019-04-11 22:25:15.0;
27;122865;2019-04-11 22:25:21.0;
27;122855;2019-04-11 22:25:22.0;
27;122865;2019-04-11 22:25:26.0;
27;122855;2019-04-11 22:25:33.0;
27;122865;2019-04-11 22:25:34.0;
27;122855;2019-04-11 22:25:36.0;
27;122865;2019-04-11 22:25:37.0;
27;122855;2019-04-11 22:25:38.0;
27;122865;2019-04-11 22:25:41.0;
27;122855;2019-04-11 22:25:52.0;
27;122865;2019-04-11 22:25:55.0;
27;122855;2019-04-11 22:25:58.0;
27;122825;2019-04-11 22:26:04.0;
27;122855;2019-04-11 22:26:06.0;
27;122825;2019-04-11 22:26:12.0;
27;122855;2019-04-11 22:26:14.0;
27;122825;2019-04-11 22:26:20.0;
27;122855;2019-04-11 22:26:21.0;
27;122835;2019-04-11 22:26:24.0;
27;122825;2019-04-11 22:26:25.0;
27;122845;2019-04-11 22:26:31.0;
27;122835;2019-04-11 22:26:38.0;
27;122845;2019-04-11 22:26:40.0;
27;122835;2019-04-11 22:26:45.0;
27;122845;2019-04-11 22:26:46.0;
27;122835;2019-04-11 22:26:48.0;
27;122845;2019-04-11 22:26:49.0;
27;122835;2019-04-11 22:26:54.0;
27;122845;2019-04-11 22:26:56.0;
27;122865;2019-04-11 22:26:57.0;
27;122845;2019-04-11 22:27:06.0;
27;122865;2019-04-11 22:27:07.0;
27;122855;2019-04-11 22:27:31.0;
27;122865;2019-04-11 22:27:32.0;
27;122855;2019-04-11 22:27:35.0;
27;122865;2019-04-11 22:27:43.0;
27;122855;2019-04-11 22:27:44.0;
27;122845;2019-04-11 22:27:50.0;
27;122855;2019-04-11 22:27:52.0;
27;122845;2019-04-11 22:27:55.0;
27;122855;2019-04-11 22:27:57.0;
27;122845;2019-04-11 22:27:58.0;
27;122855;2019-04-11 22:28:00.0;
27;122845;2019-04-11 22:28:02.0;
27;122855;2019-04-11 22:28:08.0;
27;122845;2019-04-11 22:28:10.0;
27;122855;2019-04-11 22:28:45.0;
27;122845;2019-04-11 22:28:46.0;
27;122855;2019-04-11 22:28:48.0;
27;122845;2019-04-11 22:28:49.0;
27;122855;2019-04-11 22:28:52.0;
27;122845;2019-04-11 22:28:55.0;
27;122855;2019-04-11 22:28:57.0;
27;122845;2019-04-11 22:28:59.0;
27;122855;2019-04-11 22:29:01.0;
27;122845;2019-04-11 22:29:02.0;
27;122855;2019-04-11 22:29:06.0;
27;122845;2019-04-11 22:29:07.0;
27;122855;2019-04-11 22:29:09.0;
27;122845;2019-04-11 22:29:10.0;
27;122855;2019-04-11 22:29:13.0;
27;122845;2019-04-11 22:29:15.0;
27;122855;2019-04-11 22:29:19.0;
27;122845;2019-04-11 22:29:21.0;
27;122855;2019-04-11 22:29:39.0;
27;122845;2019-04-11 22:29:43.0;
27;122855;2019-04-11 22:29:48.0;
27;122845;2019-04-11 22:29:50.0;
27;122855;2019-04-11 22:29:53.0;
27;122845;2019-04-11 22:29:54.0;
27;122855;2019-04-11 22:29:56.0;
27;122845;2019-04-11 22:29:58.0;
27;122855;2019-04-11 22:30:00.0;
27;122845;2019-04-11 22:30:01.0;
27;122855;2019-04-11 22:30:03.0;
27;122845;2019-04-11 22:30:04.0;
27;122855;2019-04-11 22:30:06.0;
27;122845;2019-04-11 22:30:07.0;
27;122855;2019-04-11 22:30:08.0;
27;122845;2019-04-11 22:30:10.0;
27;122855;2019-04-11 22:30:13.0;
27;122845;2019-04-11 22:30:16.0;
27;122855;2019-04-11 22:30:17.0;
27;122845;2019-04-11 22:30:19.0;
27;122855;2019-04-11 22:30:21.0;
27;122845;2019-04-11 22:30:24.0;
27;122855;2019-04-11 22:30:25.0;
27;122845;2019-04-11 22:30:37.0;
27;122855;2019-04-11 22:30:41.0;
27;122845;2019-04-11 22:30:42.0;
27;122855;2019-04-11 22:30:44.0;
27;122845;2019-04-11 22:30:46.0;
27;122855;2019-04-11 22:30:49.0;
27;122845;2019-04-11 22:30:51.0;
27;122835;2019-04-11 22:31:16.0;
27;122845;2019-04-11 22:31:21.0;
27;122835;2019-04-11 22:31:24.0;
27;122815;2019-04-11 22:32:13.0;
27;122835;2019-04-11 22:32:14.0;
27;122815;2019-04-11 22:32:20.0;
27;122835;2019-04-11 22:32:22.0;
27;122815;2019-04-11 22:32:23.0;
27;122825;2019-04-11 22:32:47.0;
27;122815;2019-04-11 22:32:48.0;
27;122825;2019-04-11 22:32:51.0;
27;122815;2019-04-11 22:32:52.0;
27;122825;2019-04-11 22:32:53.0;
27;122815;2019-04-11 22:32:56.0;
27;122825;2019-04-11 22:32:58.0;
27;122815;2019-04-11 22:32:59.0;
27;122825;2019-04-11 22:33:01.0;
27;122815;2019-04-11 22:33:05.0;
27;122825;2019-04-11 22:33:06.0;
27;122815;2019-04-11 22:33:08.0;
27;122825;2019-04-11 22:33:09.0;
27;122815;2019-04-11 22:33:10.0;
27;122825;2019-04-11 22:33:12.0;
27;122815;2019-04-11 22:33:13.0;
27;122825;2019-04-11 22:33:15.0;
27;122815;2019-04-11 22:33:18.0;
27;122825;2019-04-11 22:33:21.0;
27;122815;2019-04-11 22:33:22.0;
27;122825;2019-04-11 22:34:06.0;
27;122815;2019-04-11 22:34:08.0;
27;122825;2019-04-11 22:34:10.0;
27;122815;2019-04-11 22:34:14.0;
27;122825;2019-04-11 22:34:19.0;
27;122815;2019-04-11 22:35:30.0;
27;122825;2019-04-11 22:35:32.0;
27;122815;2019-04-11 22:35:34.0;
27;122825;2019-04-11 22:35:36.0;
27;122835;2019-04-11 22:35:39.0;
27;122815;2019-04-11 22:35:40.0;
27;122835;2019-04-11 22:35:42.0;
27;122815;2019-04-11 22:35:43.0;
27;122835;2019-04-11 22:35:46.0;
27;122815;2019-04-11 22:35:48.0;
27;122835;2019-04-11 22:35:49.0;
27;122815;2019-04-11 22:35:51.0;
27;122835;2019-04-11 22:35:53.0;
27;122815;2019-04-11 22:35:55.0;
27;122825;2019-04-11 22:36:01.0;
27;122835;2019-04-11 22:36:03.0;
27;122825;2019-04-11 22:36:05.0;
27;122835;2019-04-11 22:36:06.0;
27;122825;2019-04-11 22:36:12.0;
27;122835;2019-04-11 22:36:13.0;
27;122825;2019-04-11 22:36:15.0;
27;122835;2019-04-11 22:36:16.0;
27;122825;2019-04-11 22:36:27.0;
27;122835;2019-04-11 22:36:29.0;
27;122825;2019-04-11 22:36:30.0;
27;122835;2019-04-11 22:36:33.0;
27;122825;2019-04-11 22:36:34.0;
27;122835;2019-04-11 22:36:38.0;
27;122825;2019-04-11 22:36:40.0;
27;122835;2019-04-11 22:36:44.0;
27;122825;2019-04-11 22:36:45.0;
27;122835;2019-04-11 22:37:43.0;
27;122825;2019-04-11 22:38:16.0;
27;122835;2019-04-11 22:38:18.0;
27;122825;2019-04-11 22:38:19.0;
27;122835;2019-04-11 22:38:22.0;
27;122825;2019-04-11 22:38:23.0;
27;122835;2019-04-11 22:38:24.0;
27;122825;2019-04-11 22:38:26.0;
27;122835;2019-04-11 22:38:30.0;
27;122825;2019-04-11 22:38:31.0;
27;122835;2019-04-11 22:38:33.0;
27;122825;2019-04-11 22:38:35.0;
27;122835;2019-04-11 22:38:38.0;
27;122825;2019-04-11 22:38:40.0;
27;122835;2019-04-11 22:38:44.0;
27;122825;2019-04-11 22:38:45.0;
27;122835;2019-04-11 22:38:48.0;
27;122825;2019-04-11 22:38:51.0;
27;122835;2019-04-11 22:39:27.0;
27;122825;2019-04-11 22:39:33.0;
27;122835;2019-04-11 22:39:35.0;
27;122825;2019-04-11 22:39:38.0;
27;122835;2019-04-11 22:39:39.0;
27;122825;2019-04-11 22:39:47.0;
27;122835;2019-04-11 22:39:49.0;
27;122825;2019-04-11 22:40:07.0;
27;122835;2019-04-11 22:40:09.0;
27;122825;2019-04-11 22:40:11.0;
27;122835;2019-04-11 22:40:24.0;
27;122825;2019-04-11 22:40:27.0;
27;122835;2019-04-11 22:40:28.0;
27;122825;2019-04-11 22:40:30.0;
27;122845;2019-04-11 22:40:35.0;
27;122825;2019-04-11 22:40:37.0;
27;122845;2019-04-11 22:40:40.0;
27;122825;2019-04-11 22:40:41.0;
27;122845;2019-04-11 22:40:44.0;
27;122825;2019-04-11 22:40:46.0;
27;122835;2019-04-11 22:40:47.0;
27;122845;2019-04-11 22:40:48.0;
27;122835;2019-04-11 22:40:50.0;
27;122825;2019-04-11 22:40:51.0;
27;122845;2019-04-11 22:40:53.0;
27;122835;2019-04-11 22:40:54.0;
27;122845;2019-04-11 22:40:55.0;
27;122835;2019-04-11 22:40:57.0;
27;122845;2019-04-11 22:40:59.0;
27;122835;2019-04-11 22:41:01.0;
27;122825;2019-04-11 22:41:09.0;
27;122835;2019-04-11 22:41:15.0;
27;122825;2019-04-11 22:41:19.0;
27;122835;2019-04-11 22:41:20.0;
27;122825;2019-04-11 22:41:22.0;
27;122835;2019-04-11 22:41:23.0;
27;122825;2019-04-11 22:41:24.0;
27;122835;2019-04-11 22:41:29.0;
27;122825;2019-04-11 22:41:34.0;
27;122835;2019-04-11 22:41:35.0;
27;122825;2019-04-11 22:41:39.0;
27;122845;2019-04-11 22:42:12.0;
27;122825;2019-04-11 22:42:16.0;
27;122845;2019-04-11 22:42:20.0;
27;122825;2019-04-11 22:42:24.0;
27;122845;2019-04-11 22:42:26.0;
27;122835;2019-04-11 22:42:27.0;
27;122845;2019-04-11 22:42:29.0;
27;122835;2019-04-11 22:42:31.0;
27;122845;2019-04-11 22:42:33.0;
27;122835;2019-04-11 22:42:35.0;
27;122845;2019-04-11 22:42:37.0;
27;122835;2019-04-11 22:42:39.0;
27;122845;2019-04-11 22:42:45.0;
27;122835;2019-04-11 22:42:49.0;
27;122845;2019-04-11 22:42:50.0;
27;122835;2019-04-11 22:42:53.0;
27;122845;2019-04-11 22:42:54.0;
27;122835;2019-04-11 22:42:56.0;
27;122845;2019-04-11 22:42:57.0;
27;122835;2019-04-11 22:43:36.0;
27;122845;2019-04-11 22:43:39.0;
27;122835;2019-04-11 22:43:42.0;
27;122845;2019-04-11 22:43:43.0;
27;122835;2019-04-11 22:43:48.0;
27;122845;2019-04-11 22:43:52.0;
27;122835;2019-04-11 22:43:53.0;
27;122825;2019-04-11 22:44:24.0;
27;122835;2019-04-11 22:44:27.0;
27;122825;2019-04-11 22:44:30.0;
27;122835;2019-04-11 22:44:33.0;
27;122825;2019-04-11 22:44:34.0;
27;122835;2019-04-11 22:44:36.0;
27;122825;2019-04-11 22:44:37.0;
27;122835;2019-04-11 22:44:47.0;
27;122825;2019-04-11 22:44:50.0;
27;122835;2019-04-11 22:44:56.0;
27;122845;2019-04-11 22:44:57.0;
27;122835;2019-04-11 22:44:58.0;
27;122845;2019-04-11 22:45:00.0;
27;122835;2019-04-11 22:45:01.0;
27;122845;2019-04-11 22:45:02.0;
27;122825;2019-04-11 22:45:04.0;
27;122835;2019-04-11 22:45:05.0;
27;122845;2019-04-11 22:45:06.0;
27;122835;2019-04-11 22:45:15.0;
27;122845;2019-04-11 22:45:16.0;
27;122835;2019-04-11 22:45:17.0;
27;122845;2019-04-11 22:45:19.0;
27;122815;2019-04-11 22:45:21.0;
27;122845;2019-04-11 22:45:24.0;
27;122815;2019-04-11 22:45:28.0;
27;122825;2019-04-11 22:45:31.0;
27;122815;2019-04-11 22:45:34.0;
27;122855;2019-04-11 22:46:22.0;
27;122815;2019-04-11 22:46:24.0;
27;122855;2019-04-11 22:46:25.0;
27;122815;2019-04-11 22:46:29.0;
27;122855;2019-04-11 22:46:31.0;
27;122875;2019-04-11 22:46:36.0;
27;122855;2019-04-11 22:46:39.0;
27;122875;2019-04-11 22:46:42.0;
27;122855;2019-04-11 22:46:43.0;
27;122875;2019-04-11 22:46:49.0;
27;122855;2019-04-11 22:46:50.0;
27;122875;2019-04-11 22:46:53.0;
27;122885;2019-04-11 22:47:28.0;
27;122875;2019-04-11 22:47:30.0;
27;122885;2019-04-11 22:47:31.0;
27;122875;2019-04-11 22:47:32.0;
27;122885;2019-04-11 22:47:34.0;
27;122875;2019-04-11 22:47:59.0;
27;122885;2019-04-11 22:48:00.0;
27;122875;2019-04-11 22:48:03.0;
27;122885;2019-04-11 22:48:05.0;
27;122875;2019-04-11 22:48:12.0;
27;122885;2019-04-11 22:48:28.0;
27;122875;2019-04-11 22:48:29.0;
27;122885;2019-04-11 22:48:30.0;
27;122875;2019-04-11 22:48:33.0;
27;122885;2019-04-11 22:48:35.0;
27;122875;2019-04-11 22:48:38.0;
27;122885;2019-04-11 22:48:42.0;
27;122895;2019-04-11 22:48:49.0;
27;122885;2019-04-11 22:48:51.0;
27;122895;2019-04-11 22:48:53.0;
27;122885;2019-04-11 22:48:54.0;
27;122895;2019-04-11 22:49:01.0;
27;122885;2019-04-11 22:49:14.0;
27;122895;2019-04-11 22:49:15.0;
27;122905;2019-04-11 22:49:18.0;
27;122895;2019-04-11 22:49:22.0;
27;122925;2019-04-11 22:49:24.0;
27;122905;2019-04-11 22:49:27.0;
27;122895;2019-04-11 22:49:28.0;
27;122905;2019-04-11 22:49:29.0;
27;122925;2019-04-11 22:49:31.0;
27;122895;2019-04-11 22:49:32.0;
27;122905;2019-04-11 22:49:34.0;
27;122925;2019-04-11 22:49:35.0;
27;122905;2019-04-11 22:49:36.0;
27;122925;2019-04-11 22:49:39.0;
27;122905;2019-04-11 22:49:43.0;
27;122925;2019-04-11 22:49:45.0;
27;122905;2019-04-11 22:49:47.0;
27;122925;2019-04-11 22:49:52.0;
27;122915;2019-04-11 22:49:53.0;
27;122905;2019-04-11 22:49:59.0;
27;122915;2019-04-11 22:50:00.0;
27;122825;2019-04-11 22:50:18.0;
27;122915;2019-04-11 22:50:20.0;
27;122825;2019-04-11 22:50:21.0;
27;122915;2019-04-11 22:50:22.0;
27;122825;2019-04-11 22:50:25.0;
27;122915;2019-04-11 22:50:26.0;
27;122825;2019-04-11 22:50:29.0;
28;1627.62;2019-04-11 11:15:39.0;
28;1627.38;2019-04-11 11:15:47.0;
28;1627.62;2019-04-11 11:15:48.0;
28;1627.38;2019-04-11 11:15:51.0;
28;1627.62;2019-04-11 11:16:07.0;
28;1627.38;2019-04-11 11:16:08.0;
28;1627.62;2019-04-11 11:16:10.0;
28;1627.88;2019-04-11 11:16:36.0;
28;1627.62;2019-04-11 11:16:41.0;
28;1627.38;2019-04-11 11:16:59.0;
28;1627.5;2019-04-11 11:17:29.0;
28;1627.38;2019-04-11 11:17:31.0;
28;1627.5;2019-04-11 11:17:32.0;
28;1627.38;2019-04-11 11:17:33.0;
28;1627.62;2019-04-11 11:17:44.0;
28;1627.38;2019-04-11 11:17:45.0;
28;1627.62;2019-04-11 11:17:47.0;
28;1627.38;2019-04-11 11:18:04.0;
28;1627.5;2019-04-11 11:18:30.0;
28;1627.62;2019-04-11 11:18:31.0;
28;1627.5;2019-04-11 11:18:33.0;
28;1627.62;2019-04-11 11:18:34.0;
28;1627.38;2019-04-11 11:18:37.0;
28;1627.62;2019-04-11 11:18:43.0;
28;1627.38;2019-04-11 11:18:46.0;
28;1627.62;2019-04-11 11:20:10.0;
28;1627.5;2019-04-11 11:20:28.0;
28;1627.38;2019-04-11 11:20:32.0;
28;1627.62;2019-04-11 11:20:37.0;
28;1627.5;2019-04-11 11:20:44.0;
28;1627.62;2019-04-11 11:20:47.0;
28;1627.88;2019-04-11 11:21:03.0;
28;1628.38;2019-04-11 11:21:37.0;
28;1627.88;2019-04-11 11:22:04.0;
28;1628.38;2019-04-11 11:22:07.0;
28;1627.88;2019-04-11 11:22:08.0;
28;1628.12;2019-04-11 11:22:33.0;
28;1628.38;2019-04-11 11:23:05.0;
28;1628.62;2019-04-11 11:24:32.0;
28;1628.38;2019-04-11 11:24:54.0;
28;1628.62;2019-04-11 11:24:55.0;
28;1628.38;2019-04-11 11:24:58.0;
28;1628.62;2019-04-11 11:24:59.0;
28;1628.75;2019-04-11 11:25:32.0;
28;1628.62;2019-04-11 11:25:33.0;
28;1628.88;2019-04-11 11:25:34.0;
28;1628.62;2019-04-11 11:26:08.0;
28;1628.38;2019-04-11 11:26:15.0;
28;1628.12;2019-04-11 11:27:01.0;
28;1628.25;2019-04-11 11:27:03.0;
28;1628.38;2019-04-11 11:27:08.0;
28;1628.25;2019-04-11 11:27:10.0;
28;1628.38;2019-04-11 11:27:12.0;
28;1628.25;2019-04-11 11:27:39.0;
28;1628.38;2019-04-11 11:27:49.0;
28;1628.25;2019-04-11 11:27:50.0;
28;1628.38;2019-04-11 11:27:52.0;
28;1628.12;2019-04-11 11:28:23.0;
28;1628.38;2019-04-11 11:29:30.0;
28;1628.12;2019-04-11 11:29:34.0;
28;1628.25;2019-04-11 11:29:38.0;
28;1628.12;2019-04-11 11:29:40.0;
28;1628.38;2019-04-11 11:29:43.0;
28;1628.12;2019-04-11 11:30:05.0;
28;1627.88;2019-04-11 11:30:27.0;
28;1628.12;2019-04-11 11:30:36.0;
28;1627.88;2019-04-11 11:30:41.0;
28;1627.75;2019-04-11 11:30:56.0;
28;1627.88;2019-04-11 11:30:57.0;
28;1627.75;2019-04-11 11:30:59.0;
28;1627.88;2019-04-11 11:31:00.0;
28;1628;2019-04-11 11:31:21.0;
28;1628.12;2019-04-11 11:31:32.0;
28;1628;2019-04-11 11:31:47.0;
28;1628.12;2019-04-11 11:32:06.0;
28;1627.88;2019-04-11 11:32:33.0;
28;1628.12;2019-04-11 11:32:37.0;
28;1628.38;2019-04-11 11:32:55.0;
28;1628.12;2019-04-11 11:32:56.0;
28;1628.38;2019-04-11 11:32:57.0;
28;1628.12;2019-04-11 11:33:06.0;
28;1628.38;2019-04-11 11:34:04.0;
28;1628.12;2019-04-11 11:34:09.0;
28;1628.38;2019-04-11 11:34:11.0;
28;1628.25;2019-04-11 11:34:20.0;
28;1628.38;2019-04-11 11:34:22.0;
28;1628.12;2019-04-11 11:34:35.0;
28;1628.38;2019-04-11 11:35:16.0;
28;1628.12;2019-04-11 11:35:31.0;
28;1628.38;2019-04-11 11:35:49.0;
28;1627.88;2019-04-11 11:36:03.0;
28;1628;2019-04-11 11:36:08.0;
28;1627.88;2019-04-11 11:36:22.0;
28;1628;2019-04-11 11:36:27.0;
28;1628.12;2019-04-11 11:36:32.0;
28;1628;2019-04-11 11:36:34.0;
28;1628.12;2019-04-11 11:36:36.0;
28;1627.88;2019-04-11 11:36:38.0;
28;1628;2019-04-11 11:36:47.0;
28;1627.88;2019-04-11 11:37:03.0;
28;1628.12;2019-04-11 11:37:08.0;
28;1628.38;2019-04-11 11:37:22.0;
28;1628.5;2019-04-11 11:39:39.0;
28;1628.38;2019-04-11 11:40:04.0;
28;1628.5;2019-04-11 11:40:05.0;
28;1628.62;2019-04-11 11:40:17.0;
28;1628.88;2019-04-11 11:40:42.0;
28;1628.62;2019-04-11 11:40:48.0;
28;1628.88;2019-04-11 11:41:27.0;
28;1629.12;2019-04-11 11:41:45.0;
28;1628.88;2019-04-11 11:42:57.0;
28;1629.12;2019-04-11 11:42:59.0;
28;1628.88;2019-04-11 11:43:00.0;
28;1629.12;2019-04-11 11:43:06.0;
28;1629.38;2019-04-11 11:43:20.0;
28;1629.88;2019-04-11 11:43:40.0;
28;1630.12;2019-04-11 11:43:49.0;
28;1630;2019-04-11 11:44:06.0;
28;1629.88;2019-04-11 11:44:12.0;
28;1629.62;2019-04-11 11:44:25.0;
28;1629.75;2019-04-11 11:44:33.0;
28;1629.62;2019-04-11 11:44:37.0;
28;1629.38;2019-04-11 11:44:53.0;
28;1629.62;2019-04-11 11:44:55.0;
28;1629.38;2019-04-11 11:45:02.0;
28;1629.5;2019-04-11 11:45:07.0;
28;1629.38;2019-04-11 11:45:09.0;
28;1629.5;2019-04-11 11:45:10.0;
28;1629.38;2019-04-11 11:45:11.0;
28;1629.12;2019-04-11 11:46:08.0;
28;1629.38;2019-04-11 11:46:28.0;
28;1629.12;2019-04-11 11:46:35.0;
28;1629.25;2019-04-11 11:46:42.0;
28;1629.12;2019-04-11 11:46:49.0;
28;1629.38;2019-04-11 11:46:52.0;
28;1629.25;2019-04-11 11:46:58.0;
28;1629.12;2019-04-11 11:46:59.0;
28;1629.25;2019-04-11 11:47:01.0;
28;1629.12;2019-04-11 11:47:02.0;
28;1628.88;2019-04-11 11:47:28.0;
28;1629;2019-04-11 11:47:44.0;
28;1629.12;2019-04-11 11:48:05.0;
28;1628.88;2019-04-11 11:48:29.0;
28;1629;2019-04-11 11:48:56.0;
28;1628.88;2019-04-11 11:48:57.0;
28;1629;2019-04-11 11:48:59.0;
28;1629.12;2019-04-11 11:49:00.0;
28;1629;2019-04-11 11:49:11.0;
28;1629.12;2019-04-11 11:49:14.0;
28;1628.88;2019-04-11 11:49:22.0;
28;1629.12;2019-04-11 11:50:05.0;
28;1629.38;2019-04-11 11:51:49.0;
28;1629.12;2019-04-11 11:52:42.0;
28;1629.38;2019-04-11 11:52:43.0;
28;1629.12;2019-04-11 11:52:51.0;
28;1629.38;2019-04-11 11:53:20.0;
28;1629.12;2019-04-11 11:53:22.0;
28;1629.38;2019-04-11 11:53:24.0;
28;1629.62;2019-04-11 11:53:44.0;
28;1629.38;2019-04-11 11:54:07.0;
28;1629.5;2019-04-11 11:54:10.0;
28;1629.62;2019-04-11 11:54:14.0;
28;1630.12;2019-04-11 11:54:23.0;
28;1629.62;2019-04-11 11:54:24.0;
28;1630.12;2019-04-11 11:54:26.0;
28;1630.88;2019-04-11 11:54:28.0;
28;1630.62;2019-04-11 11:54:35.0;
28;1630.38;2019-04-11 11:54:38.0;
28;1630.5;2019-04-11 11:54:46.0;
28;1630.38;2019-04-11 11:54:47.0;
28;1630.5;2019-04-11 11:54:48.0;
28;1630.38;2019-04-11 11:54:51.0;
28;1630;2019-04-11 11:54:59.0;
28;1630.12;2019-04-11 11:55:04.0;
28;1630.38;2019-04-11 11:55:16.0;
28;1630.62;2019-04-11 11:55:33.0;
28;1630.38;2019-04-11 11:55:38.0;
28;1630.12;2019-04-11 11:55:46.0;
28;1629.88;2019-04-11 11:56:16.0;
28;1630;2019-04-11 11:56:23.0;
28;1629.88;2019-04-11 11:56:29.0;
28;1630.12;2019-04-11 11:56:31.0;
28;1629.88;2019-04-11 11:56:33.0;
28;1630.12;2019-04-11 11:56:34.0;
28;1630;2019-04-11 11:56:41.0;
28;1629.88;2019-04-11 11:56:45.0;
28;1629.75;2019-04-11 11:56:56.0;
28;1629.62;2019-04-11 11:56:59.0;
28;1629.88;2019-04-11 11:57:03.0;
28;1629.75;2019-04-11 11:57:41.0;
28;1629.88;2019-04-11 11:57:43.0;
28;1629.75;2019-04-11 11:57:47.0;
28;1629.62;2019-04-11 11:58:05.0;
28;1629.88;2019-04-11 11:58:08.0;
28;1629.75;2019-04-11 11:58:11.0;
28;1629.62;2019-04-11 11:58:16.0;
28;1629.38;2019-04-11 11:58:49.0;
28;1629.12;2019-04-11 11:59:43.0;
28;1629.38;2019-04-11 11:59:49.0;
28;1628.88;2019-04-11 12:00:06.0;
28;1628.62;2019-04-11 12:00:28.0;
28;1628.88;2019-04-11 12:00:35.0;
28;1628.62;2019-04-11 12:00:38.0;
28;1628.88;2019-04-11 12:00:39.0;
28;1629.12;2019-04-11 12:01:27.0;
28;1628.88;2019-04-11 12:01:39.0;
28;1629.12;2019-04-11 12:03:50.0;
28;1629.38;2019-04-11 12:05:08.0;
28;1629.62;2019-04-11 12:05:33.0;
28;1629.38;2019-04-11 12:06:15.0;
28;1629.62;2019-04-11 12:06:17.0;
28;1629.38;2019-04-11 12:06:19.0;
28;1629.12;2019-04-11 12:06:36.0;
28;1629.25;2019-04-11 12:07:32.0;
28;1629.38;2019-04-11 12:07:38.0;
28;1629.62;2019-04-11 12:08:05.0;
28;1629.38;2019-04-11 12:08:07.0;
28;1629.62;2019-04-11 12:08:08.0;
28;1629.88;2019-04-11 12:09:11.0;
28;1630.12;2019-04-11 12:09:29.0;
28;1630.38;2019-04-11 12:09:51.0;
28;1630.88;2019-04-11 12:10:05.0;
28;1630.62;2019-04-11 12:10:09.0;
28;1630.5;2019-04-11 12:10:19.0;
28;1630.62;2019-04-11 12:10:21.0;
28;1630.5;2019-04-11 12:10:22.0;
28;1630.62;2019-04-11 12:10:24.0;
28;1630.38;2019-04-11 12:10:29.0;
28;1630.12;2019-04-11 12:10:35.0;
28;1630.38;2019-04-11 12:10:39.0;
28;1630.25;2019-04-11 12:10:45.0;
28;1630.38;2019-04-11 12:10:47.0;
28;1630.62;2019-04-11 12:12:35.0;
28;1630.5;2019-04-11 12:12:41.0;
28;1630.62;2019-04-11 12:12:46.0;
28;1630.38;2019-04-11 12:13:23.0;
28;1630.62;2019-04-11 12:13:26.0;
28;1630.38;2019-04-11 12:13:27.0;
28;1630.62;2019-04-11 12:13:37.0;
28;1630.38;2019-04-11 12:15:10.0;
28;1630.62;2019-04-11 12:15:16.0;
28;1631.12;2019-04-11 12:16:04.0;
28;1631.38;2019-04-11 12:16:09.0;
28;1631.12;2019-04-11 12:16:19.0;
28;1631.38;2019-04-11 12:16:20.0;
28;1631.12;2019-04-11 12:16:22.0;
28;1631.38;2019-04-11 12:16:49.0;
28;1631.62;2019-04-11 12:17:01.0;
28;1631.38;2019-04-11 12:17:15.0;
28;1631.62;2019-04-11 12:17:20.0;
28;1631.38;2019-04-11 12:17:38.0;
28;1631.62;2019-04-11 12:17:39.0;
28;1631.38;2019-04-11 12:17:41.0;
28;1631.62;2019-04-11 12:17:42.0;
28;1631.5;2019-04-11 12:17:46.0;
28;1631.62;2019-04-11 12:17:51.0;
28;1631.88;2019-04-11 12:18:09.0;
28;1632.12;2019-04-11 12:18:20.0;
28;1632.38;2019-04-11 12:18:44.0;
28;1632.62;2019-04-11 12:18:47.0;
28;1632.38;2019-04-11 12:18:48.0;
28;1632.62;2019-04-11 12:18:50.0;
28;1632.38;2019-04-11 12:18:51.0;
28;1631.88;2019-04-11 12:19:24.0;
28;1632.12;2019-04-11 12:19:29.0;
28;1632.38;2019-04-11 12:19:40.0;
28;1632.62;2019-04-11 12:20:06.0;
28;1632.88;2019-04-11 12:20:25.0;
28;1632.62;2019-04-11 12:21:06.0;
28;1632.88;2019-04-11 12:21:40.0;
28;1632.62;2019-04-11 12:23:22.0;
28;1632.75;2019-04-11 12:23:26.0;
28;1632.88;2019-04-11 12:23:30.0;
28;1632.75;2019-04-11 12:23:44.0;
28;1632.88;2019-04-11 12:23:45.0;
28;1632.75;2019-04-11 12:23:46.0;
28;1632.62;2019-04-11 12:24:05.0;
28;1632.5;2019-04-11 12:24:34.0;
28;1632.62;2019-04-11 12:24:39.0;
28;1632.38;2019-04-11 12:25:10.0;
28;1632.62;2019-04-11 12:25:28.0;
28;1632.38;2019-04-11 12:25:41.0;
28;1632.12;2019-04-11 12:26:27.0;
28;1632.25;2019-04-11 12:26:35.0;
28;1632.38;2019-04-11 12:26:42.0;
28;1632.25;2019-04-11 12:26:43.0;
28;1632.38;2019-04-11 12:26:47.0;
28;1632.25;2019-04-11 12:26:53.0;
28;1632.12;2019-04-11 12:26:56.0;
28;1631.88;2019-04-11 12:27:23.0;
28;1631.62;2019-04-11 12:28:02.0;
28;1631.38;2019-04-11 12:28:21.0;
28;1631.62;2019-04-11 12:28:22.0;
28;1631.38;2019-04-11 12:28:24.0;
28;1631.25;2019-04-11 12:28:26.0;
28;1631.38;2019-04-11 12:28:28.0;
28;1631.25;2019-04-11 12:28:29.0;
28;1631.38;2019-04-11 12:28:32.0;
28;1631.12;2019-04-11 12:28:56.0;
28;1631.38;2019-04-11 12:28:58.0;
28;1631.62;2019-04-11 12:29:12.0;
28;1631.5;2019-04-11 12:29:21.0;
28;1631.62;2019-04-11 12:29:26.0;
28;1631.38;2019-04-11 12:30:59.0;
28;1631.62;2019-04-11 12:31:00.0;
28;1631.38;2019-04-11 12:31:02.0;
28;1631.62;2019-04-11 12:31:32.0;
28;1631.38;2019-04-11 12:31:43.0;
28;1631.62;2019-04-11 12:32:05.0;
28;1631.88;2019-04-11 12:33:20.0;
28;1631.62;2019-04-11 12:34:03.0;
28;1631.88;2019-04-11 12:34:05.0;
28;1631.62;2019-04-11 12:34:06.0;
28;1631.38;2019-04-11 12:34:30.0;
28;1631.62;2019-04-11 12:35:30.0;
28;1631.38;2019-04-11 12:36:03.0;
28;1631.12;2019-04-11 12:36:30.0;
28;1630.88;2019-04-11 12:36:37.0;
28;1630.62;2019-04-11 12:37:22.0;
28;1630.88;2019-04-11 12:38:22.0;
28;1630.62;2019-04-11 12:38:24.0;
28;1630.88;2019-04-11 12:38:25.0;
28;1631.12;2019-04-11 12:38:36.0;
28;1630.88;2019-04-11 12:38:58.0;
28;1631.12;2019-04-11 12:39:48.0;
28;1630.88;2019-04-11 12:40:15.0;
28;1631.12;2019-04-11 12:40:21.0;
28;1630.88;2019-04-11 12:40:22.0;
28;1631.12;2019-04-11 12:40:24.0;
28;1630.88;2019-04-11 12:41:24.0;
28;1631;2019-04-11 12:41:42.0;
28;1630.88;2019-04-11 12:41:43.0;
28;1630.62;2019-04-11 12:44:04.0;
28;1630.38;2019-04-11 12:45:16.0;
28;1631.38;2019-04-11 12:45:46.0;
28;1630.88;2019-04-11 12:46:05.0;
28;1631;2019-04-11 12:46:09.0;
28;1631.12;2019-04-11 12:46:24.0;
28;1631.38;2019-04-11 12:46:28.0;
28;1631.62;2019-04-11 12:46:35.0;
28;1631.38;2019-04-11 12:46:40.0;
28;1631.62;2019-04-11 12:46:51.0;
28;1631.5;2019-04-11 12:46:57.0;
28;1631.62;2019-04-11 12:47:03.0;
28;1631.5;2019-04-11 12:47:12.0;
28;1631.62;2019-04-11 12:47:13.0;
28;1631.75;2019-04-11 12:47:27.0;
28;1631.62;2019-04-11 12:47:28.0;
28;1631.75;2019-04-11 12:47:30.0;
28;1631.62;2019-04-11 12:47:33.0;
28;1631.75;2019-04-11 12:47:38.0;
28;1631.88;2019-04-11 12:47:45.0;
28;1631.62;2019-04-11 12:47:47.0;
28;1631.75;2019-04-11 12:48:16.0;
28;1631.88;2019-04-11 12:48:19.0;
28;1631.62;2019-04-11 12:48:24.0;
28;1631.75;2019-04-11 12:48:42.0;
28;1631.62;2019-04-11 12:48:47.0;
28;1631.75;2019-04-11 12:48:49.0;
28;1631.62;2019-04-11 12:48:50.0;
28;1631.88;2019-04-11 12:49:04.0;
28;1631.62;2019-04-11 12:49:10.0;
28;1631.88;2019-04-11 12:49:19.0;
28;1631.62;2019-04-11 12:49:39.0;
28;1632.12;2019-04-11 12:50:05.0;
28;1632.62;2019-04-11 12:50:59.0;
28;1632.5;2019-04-11 12:51:41.0;
28;1632.38;2019-04-11 12:51:44.0;
28;1632.5;2019-04-11 12:51:45.0;
28;1632.38;2019-04-11 12:51:47.0;
28;1632.62;2019-04-11 12:52:11.0;
28;1632.38;2019-04-11 12:52:17.0;
28;1632.5;2019-04-11 12:52:22.0;
28;1632.62;2019-04-11 12:52:25.0;
28;1632.38;2019-04-11 12:52:29.0;
28;1632.12;2019-04-11 12:52:52.0;
28;1632.38;2019-04-11 12:52:59.0;
28;1632.12;2019-04-11 12:53:05.0;
28;1632.38;2019-04-11 12:53:07.0;
28;1632.12;2019-04-11 12:53:08.0;
28;1632.38;2019-04-11 12:53:10.0;
28;1632.5;2019-04-11 12:54:28.0;
28;1632.38;2019-04-11 12:54:32.0;
28;1632.62;2019-04-11 12:54:35.0;
28;1632.38;2019-04-11 12:54:36.0;
28;1632.62;2019-04-11 12:54:37.0;
28;1632.88;2019-04-11 12:54:48.0;
28;1633.12;2019-04-11 12:54:59.0;
28;1632.88;2019-04-11 12:55:00.0;
28;1633.12;2019-04-11 12:55:01.0;
28;1632.88;2019-04-11 12:55:04.0;
28;1633.12;2019-04-11 12:57:47.0;
28;1633;2019-04-11 12:59:10.0;
28;1633.12;2019-04-11 12:59:13.0;
28;1632.88;2019-04-11 12:59:42.0;
28;1633.12;2019-04-11 13:00:04.0;
28;1632.88;2019-04-11 13:00:05.0;
28;1632.62;2019-04-11 13:00:57.0;
28;1632.75;2019-04-11 13:01:24.0;
28;1632.62;2019-04-11 13:01:25.0;
28;1632.75;2019-04-11 13:01:27.0;
28;1632.88;2019-04-11 13:01:28.0;
28;1632.75;2019-04-11 13:01:41.0;
28;1632.88;2019-04-11 13:01:49.0;
28;1632.62;2019-04-11 13:02:04.0;
28;1632.88;2019-04-11 13:02:16.0;
28;1632.75;2019-04-11 13:02:24.0;
28;1632.88;2019-04-11 13:02:30.0;
28;1632.62;2019-04-11 13:02:40.0;
28;1632.38;2019-04-11 13:02:59.0;
28;1632.62;2019-04-11 13:03:24.0;
28;1633.12;2019-04-11 13:04:18.0;
28;1632.62;2019-04-11 13:04:20.0;
28;1633.12;2019-04-11 13:04:21.0;
28;1633;2019-04-11 13:04:50.0;
28;1633.12;2019-04-11 13:04:55.0;
28;1632.88;2019-04-11 13:05:31.0;
28;1633.12;2019-04-11 13:05:32.0;
28;1632.88;2019-04-11 13:05:33.0;
28;1633;2019-04-11 13:05:42.0;
28;1633.12;2019-04-11 13:05:43.0;
28;1633.38;2019-04-11 13:06:03.0;
28;1633.12;2019-04-11 13:06:10.0;
28;1633.38;2019-04-11 13:06:23.0;
28;1633.12;2019-04-11 13:07:13.0;
28;1632.88;2019-04-11 13:08:40.0;
28;1633.12;2019-04-11 13:08:41.0;
28;1632.88;2019-04-11 13:08:42.0;
28;1632.62;2019-04-11 13:09:12.0;
28;1632.88;2019-04-11 13:09:13.0;
28;1632.62;2019-04-11 13:09:14.0;
28;1632.38;2019-04-11 13:10:20.0;
28;1632.12;2019-04-11 13:11:18.0;
28;1632;2019-04-11 13:11:44.0;
28;1631.88;2019-04-11 13:11:46.0;
28;1632.12;2019-04-11 13:12:30.0;
28;1632.38;2019-04-11 13:12:35.0;
28;1632.12;2019-04-11 13:12:59.0;
28;1632.38;2019-04-11 13:13:15.0;
28;1632.12;2019-04-11 13:13:18.0;
28;1631.88;2019-04-11 13:13:37.0;
28;1631.62;2019-04-11 13:14:04.0;
28;1632;2019-04-11 13:14:08.0;
28;1632.12;2019-04-11 13:14:11.0;
28;1632;2019-04-11 13:14:12.0;
28;1632.12;2019-04-11 13:14:14.0;
28;1631.88;2019-04-11 13:15:23.0;
28;1631.62;2019-04-11 13:16:03.0;
28;1631.88;2019-04-11 13:16:59.0;
28;1631.62;2019-04-11 13:17:10.0;
28;1631.88;2019-04-11 13:17:12.0;
28;1631.75;2019-04-11 13:17:17.0;
28;1631.88;2019-04-11 13:17:19.0;
28;1632.12;2019-04-11 13:17:29.0;
28;1632.38;2019-04-11 13:18:10.0;
28;1632.12;2019-04-11 13:18:16.0;
28;1632.38;2019-04-11 13:18:21.0;
28;1632.12;2019-04-11 13:19:09.0;
28;1632.38;2019-04-11 13:19:12.0;
28;1632.12;2019-04-11 13:19:13.0;
28;1632.38;2019-04-11 13:19:43.0;
28;1632.25;2019-04-11 13:19:47.0;
28;1632.38;2019-04-11 13:20:03.0;
28;1632.12;2019-04-11 13:20:15.0;
28;1632.38;2019-04-11 13:20:16.0;
28;1632.12;2019-04-11 13:20:18.0;
28;1631.88;2019-04-11 13:20:22.0;
28;1631.62;2019-04-11 13:21:03.0;
28;1631.88;2019-04-11 13:21:06.0;
28;1631.62;2019-04-11 13:21:07.0;
28;1631.38;2019-04-11 13:21:42.0;
28;1631.5;2019-04-11 13:22:21.0;
28;1631.38;2019-04-11 13:22:22.0;
28;1631.62;2019-04-11 13:22:24.0;
28;1631.75;2019-04-11 13:23:12.0;
28;1631.62;2019-04-11 13:23:13.0;
28;1631.88;2019-04-11 13:23:15.0;
28;1631.62;2019-04-11 13:23:26.0;
28;1631.75;2019-04-11 13:24:14.0;
28;1631.88;2019-04-11 13:24:22.0;
28;1631.62;2019-04-11 13:24:25.0;
28;1631.38;2019-04-11 13:24:48.0;
28;1631.12;2019-04-11 13:25:08.0;
28;1631.38;2019-04-11 13:25:10.0;
28;1631.12;2019-04-11 13:25:11.0;
28;1630.88;2019-04-11 13:25:20.0;
28;1631;2019-04-11 13:25:33.0;
28;1630.88;2019-04-11 13:25:35.0;
28;1631;2019-04-11 13:25:36.0;
28;1630.88;2019-04-11 13:25:37.0;
28;1631.12;2019-04-11 13:25:44.0;
28;1630.88;2019-04-11 13:26:05.0;
28;1631.12;2019-04-11 13:26:07.0;
28;1631.38;2019-04-11 13:26:27.0;
28;1631.12;2019-04-11 13:26:30.0;
28;1631.38;2019-04-11 13:26:31.0;
28;1631.12;2019-04-11 13:26:34.0;
28;1631.38;2019-04-11 13:26:36.0;
28;1631.12;2019-04-11 13:26:39.0;
28;1631.38;2019-04-11 13:26:44.0;
28;1631.62;2019-04-11 13:26:59.0;
28;1632.12;2019-04-11 13:28:07.0;
28;1632;2019-04-11 13:28:24.0;
28;1632.12;2019-04-11 13:28:27.0;
28;1632.38;2019-04-11 13:28:52.0;
28;1632.12;2019-04-11 13:28:54.0;
28;1632.38;2019-04-11 13:28:55.0;
28;1632.25;2019-04-11 13:28:57.0;
28;1632.12;2019-04-11 13:28:59.0;
28;1632.25;2019-04-11 13:29:00.0;
28;1632.12;2019-04-11 13:29:02.0;
28;1632.25;2019-04-11 13:29:10.0;
28;1632.12;2019-04-11 13:29:12.0;
28;1632.25;2019-04-11 13:29:13.0;
28;1632.12;2019-04-11 13:29:16.0;
28;1631.88;2019-04-11 13:29:18.0;
28;1631.75;2019-04-11 13:29:30.0;
28;1631.62;2019-04-11 13:29:42.0;
28;1631.38;2019-04-11 13:29:48.0;
28;1631.12;2019-04-11 13:30:12.0;
28;1631.38;2019-04-11 13:30:15.0;
28;1631.12;2019-04-11 13:30:35.0;
28;1631.38;2019-04-11 13:30:39.0;
28;1631.62;2019-04-11 13:30:58.0;
28;1631.88;2019-04-11 13:32:13.0;
28;1631.62;2019-04-11 13:32:30.0;
28;1631.75;2019-04-11 13:32:47.0;
28;1631.62;2019-04-11 13:32:51.0;
28;1631.88;2019-04-11 13:33:45.0;
28;1631.62;2019-04-11 13:34:03.0;
28;1631.88;2019-04-11 13:34:09.0;
28;1631.75;2019-04-11 13:34:32.0;
28;1631.88;2019-04-11 13:34:37.0;
28;1631.62;2019-04-11 13:34:39.0;
28;1631.88;2019-04-11 13:34:41.0;
28;1631.62;2019-04-11 13:34:43.0;
28;1631.38;2019-04-11 13:35:00.0;
28;1631.5;2019-04-11 13:35:05.0;
28;1631.38;2019-04-11 13:35:09.0;
28;1631.5;2019-04-11 13:35:31.0;
28;1631.38;2019-04-11 13:35:40.0;
28;1631.12;2019-04-11 13:36:23.0;
28;1631.38;2019-04-11 13:36:39.0;
28;1631.12;2019-04-11 13:36:43.0;
28;1631.38;2019-04-11 13:36:56.0;
28;1631.12;2019-04-11 13:36:58.0;
28;1631.38;2019-04-11 13:36:59.0;
28;1631.25;2019-04-11 13:37:12.0;
28;1631.38;2019-04-11 13:37:13.0;
28;1631.25;2019-04-11 13:37:15.0;
28;1631.38;2019-04-11 13:37:20.0;
28;1631.12;2019-04-11 13:37:27.0;
28;1630.88;2019-04-11 13:38:05.0;
28;1631.12;2019-04-11 13:38:08.0;
28;1630.88;2019-04-11 13:38:11.0;
28;1630.62;2019-04-11 13:39:00.0;
28;1630.88;2019-04-11 13:39:03.0;
28;1631.12;2019-04-11 13:39:21.0;
28;1631.25;2019-04-11 13:39:33.0;
28;1630.88;2019-04-11 13:39:40.0;
28;1630.5;2019-04-11 13:39:48.0;
28;1630.62;2019-04-11 13:40:05.0;
28;1630.5;2019-04-11 13:40:12.0;
28;1630.38;2019-04-11 13:40:16.0;
28;1630.62;2019-04-11 13:40:49.0;
28;1630.5;2019-04-11 13:40:51.0;
28;1630.62;2019-04-11 13:40:54.0;
28;1630.5;2019-04-11 13:40:55.0;
28;1630.62;2019-04-11 13:40:56.0;
28;1630.75;2019-04-11 13:41:27.0;
28;1630.62;2019-04-11 13:41:37.0;
28;1630.75;2019-04-11 13:42:06.0;
28;1630.88;2019-04-11 13:42:15.0;
28;1630.75;2019-04-11 13:42:16.0;
28;1630.88;2019-04-11 13:42:18.0;
28;1630.62;2019-04-11 13:43:03.0;
28;1630.38;2019-04-11 13:43:10.0;
28;1630.12;2019-04-11 13:43:26.0;
28;1629.88;2019-04-11 13:43:35.0;
28;1630.12;2019-04-11 13:44:09.0;
28;1630;2019-04-11 13:45:03.0;
28;1630.12;2019-04-11 13:45:10.0;
28;1630.38;2019-04-11 13:45:29.0;
28;1630.62;2019-04-11 13:48:04.0;
28;1630.38;2019-04-11 13:48:13.0;
28;1630.5;2019-04-11 13:48:19.0;
28;1630.62;2019-04-11 13:48:23.0;
28;1630.88;2019-04-11 13:49:23.0;
28;1630.62;2019-04-11 13:49:25.0;
28;1630.88;2019-04-11 13:49:28.0;
28;1631;2019-04-11 13:50:03.0;
28;1630.88;2019-04-11 13:50:05.0;
28;1631;2019-04-11 13:50:06.0;
28;1631.12;2019-04-11 13:50:09.0;
28;1631.25;2019-04-11 13:50:15.0;
28;1631.12;2019-04-11 13:50:19.0;
28;1631.25;2019-04-11 13:50:29.0;
28;1631.38;2019-04-11 13:50:32.0;
28;1631.62;2019-04-11 13:51:17.0;
28;1631.38;2019-04-11 13:51:31.0;
28;1631.62;2019-04-11 13:51:33.0;
28;1631.38;2019-04-11 13:51:34.0;
28;1631.12;2019-04-11 13:51:39.0;
28;1631.38;2019-04-11 13:52:35.0;
28;1631.12;2019-04-11 13:52:52.0;
28;1631.25;2019-04-11 13:52:59.0;
28;1631.38;2019-04-11 13:53:05.0;
28;1631.25;2019-04-11 13:54:04.0;
28;1631.38;2019-04-11 13:54:13.0;
28;1631.12;2019-04-11 13:54:16.0;
28;1631.38;2019-04-11 13:54:17.0;
28;1631.12;2019-04-11 13:54:19.0;
28;1631.38;2019-04-11 13:54:20.0;
28;1631.12;2019-04-11 13:54:37.0;
28;1631.25;2019-04-11 13:54:47.0;
28;1631.12;2019-04-11 13:54:55.0;
28;1631.25;2019-04-11 13:54:57.0;
28;1631.12;2019-04-11 13:55:00.0;
28;1630.88;2019-04-11 13:55:07.0;
28;1631.12;2019-04-11 13:55:18.0;
28;1630.88;2019-04-11 13:55:19.0;
28;1631.12;2019-04-11 13:55:22.0;
28;1630.88;2019-04-11 13:55:24.0;
28;1631.12;2019-04-11 13:55:31.0;
28;1630.88;2019-04-11 13:55:47.0;
28;1630.62;2019-04-11 13:56:08.0;
28;1630.88;2019-04-11 13:56:15.0;
28;1630.75;2019-04-11 13:56:48.0;
28;1630.62;2019-04-11 13:56:51.0;
28;1630.38;2019-04-11 13:57:00.0;
28;1630.62;2019-04-11 13:57:06.0;
28;1630.38;2019-04-11 13:57:16.0;
28;1630.62;2019-04-11 13:57:23.0;
28;1630.75;2019-04-11 13:58:26.0;
28;1630.62;2019-04-11 13:58:31.0;
28;1630.75;2019-04-11 13:58:49.0;
28;1630.62;2019-04-11 13:58:53.0;
28;1630.75;2019-04-11 13:58:54.0;
28;1630.62;2019-04-11 13:58:55.0;
28;1630.75;2019-04-11 13:58:57.0;
28;1630.62;2019-04-11 13:59:06.0;
28;1630.75;2019-04-11 13:59:11.0;
28;1630.88;2019-04-11 13:59:14.0;
28;1631.12;2019-04-11 14:00:40.0;
28;1630.88;2019-04-11 14:00:45.0;
28;1630.62;2019-04-11 14:01:08.0;
28;1630.75;2019-04-11 14:01:10.0;
28;1630.62;2019-04-11 14:01:13.0;
28;1630.75;2019-04-11 14:01:14.0;
28;1630.88;2019-04-11 14:01:17.0;
28;1630.62;2019-04-11 14:01:18.0;
28;1630.88;2019-04-11 14:01:23.0;
28;1630.62;2019-04-11 14:02:23.0;
28;1630.88;2019-04-11 14:02:29.0;
28;1630.62;2019-04-11 14:02:34.0;
28;1630.38;2019-04-11 14:02:58.0;
28;1630.62;2019-04-11 14:03:14.0;
28;1630.38;2019-04-11 14:03:15.0;
28;1630.62;2019-04-11 14:03:18.0;
28;1630.88;2019-04-11 14:03:29.0;
28;1630.62;2019-04-11 14:03:36.0;
28;1630.88;2019-04-11 14:03:41.0;
28;1630.75;2019-04-11 14:03:44.0;
28;1630.88;2019-04-11 14:04:04.0;
28;1631.12;2019-04-11 14:04:29.0;
28;1630.88;2019-04-11 14:04:31.0;
28;1631.12;2019-04-11 14:04:42.0;
28;1630.88;2019-04-11 14:04:52.0;
28;1630.75;2019-04-11 14:05:18.0;
28;1630.88;2019-04-11 14:05:28.0;
28;1630.75;2019-04-11 14:05:29.0;
28;1630.62;2019-04-11 14:05:41.0;
28;1630.88;2019-04-11 14:05:42.0;
28;1630.38;2019-04-11 14:06:04.0;
28;1630.62;2019-04-11 14:06:06.0;
28;1630.38;2019-04-11 14:06:12.0;
28;1630.62;2019-04-11 14:06:19.0;
28;1630.38;2019-04-11 14:07:24.0;
28;1630.62;2019-04-11 14:08:08.0;
28;1630.88;2019-04-11 14:08:19.0;
28;1631.12;2019-04-11 14:08:32.0;
28;1630.88;2019-04-11 14:09:02.0;
28;1631.12;2019-04-11 14:09:47.0;
28;1630.88;2019-04-11 14:10:03.0;
28;1630.62;2019-04-11 14:10:21.0;
28;1630.38;2019-04-11 14:11:04.0;
28;1630.62;2019-04-11 14:11:14.0;
28;1630.38;2019-04-11 14:11:25.0;
28;1630.62;2019-04-11 14:11:31.0;
28;1630.38;2019-04-11 14:11:39.0;
28;1630.5;2019-04-11 14:11:44.0;
28;1630.62;2019-04-11 14:11:50.0;
28;1630.75;2019-04-11 14:13:02.0;
28;1630.62;2019-04-11 14:13:04.0;
28;1630.75;2019-04-11 14:13:05.0;
28;1630.38;2019-04-11 14:13:10.0;
28;1630.12;2019-04-11 14:13:23.0;
28;1630.38;2019-04-11 14:13:24.0;
28;1630.12;2019-04-11 14:13:26.0;
28;1630.38;2019-04-11 14:14:15.0;
28;1630.12;2019-04-11 14:14:51.0;
28;1630.25;2019-04-11 14:15:17.0;
28;1630.12;2019-04-11 14:15:19.0;
28;1630.25;2019-04-11 14:15:21.0;
28;1630.38;2019-04-11 14:15:24.0;
28;1630.12;2019-04-11 14:15:41.0;
28;1629.88;2019-04-11 14:15:45.0;
28;1630;2019-04-11 14:15:51.0;
28;1629.88;2019-04-11 14:16:03.0;
28;1629.75;2019-04-11 14:16:28.0;
28;1629.88;2019-04-11 14:16:29.0;
28;1629.75;2019-04-11 14:16:30.0;
28;1629.88;2019-04-11 14:16:32.0;
28;1629.75;2019-04-11 14:16:38.0;
28;1629.88;2019-04-11 14:16:39.0;
28;1629.75;2019-04-11 14:16:42.0;
28;1629.88;2019-04-11 14:16:44.0;
28;1630.12;2019-04-11 14:16:53.0;
28;1630.38;2019-04-11 14:18:03.0;
28;1630.5;2019-04-11 14:18:07.0;
28;1630.38;2019-04-11 14:18:14.0;
28;1630.12;2019-04-11 14:18:32.0;
28;1630.38;2019-04-11 14:18:36.0;
28;1630.25;2019-04-11 14:18:43.0;
28;1630.38;2019-04-11 14:18:51.0;
28;1630.25;2019-04-11 14:18:52.0;
28;1630.38;2019-04-11 14:18:54.0;
28;1630.25;2019-04-11 14:18:55.0;
28;1630.38;2019-04-11 14:18:59.0;
28;1630.62;2019-04-11 14:19:06.0;
28;1630.5;2019-04-11 14:19:11.0;
28;1630.38;2019-04-11 14:19:23.0;
28;1630.5;2019-04-11 14:19:26.0;
28;1630.38;2019-04-11 14:19:27.0;
28;1630.62;2019-04-11 14:19:36.0;
28;1630.38;2019-04-11 14:19:39.0;
28;1630.62;2019-04-11 14:20:08.0;
28;1630.38;2019-04-11 14:20:23.0;
28;1630.62;2019-04-11 14:20:24.0;
28;1630.38;2019-04-11 14:20:26.0;
28;1630.62;2019-04-11 14:20:43.0;
28;1630.88;2019-04-11 14:21:13.0;
28;1631.12;2019-04-11 14:21:20.0;
28;1631;2019-04-11 14:21:24.0;
28;1631.12;2019-04-11 14:21:29.0;
28;1631.38;2019-04-11 14:22:05.0;
28;1631.62;2019-04-11 14:22:19.0;
28;1631.88;2019-04-11 14:23:16.0;
28;1631.62;2019-04-11 14:23:18.0;
28;1631.88;2019-04-11 14:23:22.0;
28;1632.25;2019-04-11 14:23:42.0;
28;1632.12;2019-04-11 14:23:48.0;
28;1632.25;2019-04-11 14:24:11.0;
28;1632.38;2019-04-11 14:24:20.0;
28;1632.12;2019-04-11 14:24:23.0;
28;1632;2019-04-11 14:24:37.0;
28;1632.12;2019-04-11 14:24:46.0;
28;1632;2019-04-11 14:24:53.0;
28;1631.88;2019-04-11 14:24:54.0;
28;1632;2019-04-11 14:24:57.0;
28;1631.88;2019-04-11 14:24:58.0;
28;1632.12;2019-04-11 14:25:34.0;
28;1632.38;2019-04-11 14:25:40.0;
28;1632.5;2019-04-11 14:27:15.0;
28;1632.62;2019-04-11 14:27:26.0;
28;1632.5;2019-04-11 14:27:32.0;
28;1632.62;2019-04-11 14:27:43.0;
28;1632.38;2019-04-11 14:27:46.0;
28;1632.62;2019-04-11 14:27:48.0;
28;1632.38;2019-04-11 14:27:49.0;
28;1631.88;2019-04-11 14:28:06.0;
28;1631.62;2019-04-11 14:28:18.0;
28;1631.88;2019-04-11 14:28:54.0;
28;1631.62;2019-04-11 14:28:55.0;
28;1631.88;2019-04-11 14:28:57.0;
28;1631.62;2019-04-11 14:29:05.0;
28;1631.88;2019-04-11 14:29:12.0;
28;1631.62;2019-04-11 14:30:04.0;
28;1631.88;2019-04-11 14:30:05.0;
28;1631.62;2019-04-11 14:30:07.0;
28;1631.38;2019-04-11 14:30:15.0;
28;1631.62;2019-04-11 14:30:29.0;
28;1631.25;2019-04-11 14:31:11.0;
28;1631.12;2019-04-11 14:31:15.0;
28;1631.62;2019-04-11 14:31:18.0;
28;1631.12;2019-04-11 14:31:19.0;
28;1631.62;2019-04-11 14:31:21.0;
28;1631.88;2019-04-11 14:31:42.0;
28;1632.12;2019-04-11 14:32:21.0;
28;1632.38;2019-04-11 14:32:28.0;
28;1632.25;2019-04-11 14:32:44.0;
28;1632.38;2019-04-11 14:32:51.0;
28;1632.62;2019-04-11 14:33:38.0;
28;1632.38;2019-04-11 14:33:44.0;
28;1632.62;2019-04-11 14:34:21.0;
28;1632.5;2019-04-11 14:34:23.0;
28;1632.38;2019-04-11 14:34:33.0;
28;1632.62;2019-04-11 14:34:34.0;
28;1632.38;2019-04-11 14:34:55.0;
28;1632.62;2019-04-11 14:35:15.0;
28;1632.88;2019-04-11 14:35:25.0;
28;1632.38;2019-04-11 14:36:02.0;
28;1632.12;2019-04-11 14:36:15.0;
28;1632.25;2019-04-11 14:36:21.0;
28;1632.38;2019-04-11 14:39:20.0;
28;1632.12;2019-04-11 14:39:32.0;
28;1632.38;2019-04-11 14:39:45.0;
28;1632;2019-04-11 14:40:04.0;
28;1631.88;2019-04-11 14:40:11.0;
28;1631.62;2019-04-11 14:40:43.0;
28;1631.38;2019-04-11 14:40:55.0;
28;1631.62;2019-04-11 14:41:25.0;
28;1631.38;2019-04-11 14:41:48.0;
28;1631.62;2019-04-11 14:42:05.0;
28;1631.38;2019-04-11 14:42:06.0;
28;1631.62;2019-04-11 14:42:07.0;
28;1631.38;2019-04-11 14:42:27.0;
28;1631.62;2019-04-11 14:42:30.0;
28;1631.38;2019-04-11 14:42:32.0;
28;1631.12;2019-04-11 14:42:45.0;
28;1631.38;2019-04-11 14:42:52.0;
28;1631.25;2019-04-11 14:42:59.0;
28;1631.38;2019-04-11 14:43:11.0;
28;1631;2019-04-11 14:44:04.0;
28;1630.88;2019-04-11 14:44:09.0;
28;1631;2019-04-11 14:44:12.0;
28;1630.88;2019-04-11 14:44:13.0;
28;1631.12;2019-04-11 14:44:28.0;
28;1631;2019-04-11 14:44:30.0;
28;1630.88;2019-04-11 14:44:35.0;
28;1630.62;2019-04-11 14:45:07.0;
28;1630.88;2019-04-11 14:45:13.0;
28;1631.12;2019-04-11 14:46:24.0;
28;1630.88;2019-04-11 14:46:33.0;
28;1630.62;2019-04-11 14:46:35.0;
28;1630.38;2019-04-11 14:46:53.0;
28;1630.5;2019-04-11 14:47:06.0;
28;1630.62;2019-04-11 14:47:12.0;
28;1630.5;2019-04-11 14:47:14.0;
28;1630.62;2019-04-11 14:47:15.0;
28;1630.88;2019-04-11 14:47:28.0;
28;1630.62;2019-04-11 14:47:31.0;
28;1630.38;2019-04-11 14:48:03.0;
28;1630.62;2019-04-11 14:48:07.0;
28;1630.88;2019-04-11 14:48:30.0;
28;1630.62;2019-04-11 14:48:59.0;
28;1630.88;2019-04-11 14:49:01.0;
28;1630.62;2019-04-11 14:49:02.0;
28;1630.88;2019-04-11 14:49:05.0;
28;1630.75;2019-04-11 14:49:10.0;
28;1630.62;2019-04-11 14:49:16.0;
28;1630.75;2019-04-11 14:49:19.0;
28;1630.62;2019-04-11 14:49:21.0;
28;1630.88;2019-04-11 14:49:22.0;
28;1630.75;2019-04-11 14:49:23.0;
28;1630.88;2019-04-11 14:49:25.0;
28;1630.75;2019-04-11 14:49:28.0;
28;1630.88;2019-04-11 14:49:29.0;
28;1630.75;2019-04-11 14:49:30.0;
28;1630.88;2019-04-11 14:49:36.0;
28;1631.12;2019-04-11 14:50:09.0;
28;1631.38;2019-04-11 14:50:29.0;
28;1631.12;2019-04-11 14:50:55.0;
28;1631.38;2019-04-11 14:51:05.0;
28;1631.12;2019-04-11 14:51:08.0;
28;1631.38;2019-04-11 14:51:09.0;
28;1631.12;2019-04-11 14:51:10.0;
28;1631.38;2019-04-11 14:51:16.0;
28;1631.12;2019-04-11 14:51:23.0;
28;1631.38;2019-04-11 14:51:25.0;
28;1631.12;2019-04-11 14:51:26.0;
28;1631.38;2019-04-11 14:52:04.0;
28;1631.12;2019-04-11 14:52:11.0;
28;1631.38;2019-04-11 14:52:13.0;
28;1631.12;2019-04-11 14:52:14.0;
28;1631.38;2019-04-11 14:52:24.0;
28;1631.12;2019-04-11 14:52:33.0;
28;1631;2019-04-11 14:52:39.0;
28;1631.12;2019-04-11 14:52:48.0;
28;1630.88;2019-04-11 14:53:09.0;
28;1631;2019-04-11 14:53:18.0;
28;1631.12;2019-04-11 14:53:28.0;
28;1631;2019-04-11 14:54:04.0;
28;1630.88;2019-04-11 14:54:07.0;
28;1631;2019-04-11 14:54:09.0;
28;1630.88;2019-04-11 14:54:10.0;
28;1631;2019-04-11 14:54:11.0;
28;1631.12;2019-04-11 14:54:15.0;
28;1630.88;2019-04-11 14:54:21.0;
28;1631;2019-04-11 14:55:10.0;
28;1630.88;2019-04-11 14:55:11.0;
28;1631;2019-04-11 14:55:13.0;
28;1630.88;2019-04-11 14:55:14.0;
28;1630.62;2019-04-11 14:55:32.0;
28;1630.88;2019-04-11 14:55:33.0;
28;1630.62;2019-04-11 14:55:35.0;
28;1630.88;2019-04-11 14:56:32.0;
28;1630.75;2019-04-11 14:56:38.0;
28;1630.62;2019-04-11 14:56:40.0;
28;1630.88;2019-04-11 14:56:47.0;
28;1630.62;2019-04-11 14:56:48.0;
28;1630.88;2019-04-11 14:56:50.0;
28;1630.62;2019-04-11 14:57:11.0;
28;1630.88;2019-04-11 14:57:13.0;
28;1630.62;2019-04-11 14:57:14.0;
28;1630.88;2019-04-11 14:57:36.0;
28;1630.62;2019-04-11 14:57:45.0;
28;1630.75;2019-04-11 14:58:43.0;
28;1630.5;2019-04-11 14:58:50.0;
28;1630.38;2019-04-11 14:58:54.0;
28;1630.12;2019-04-11 14:58:56.0;
28;1630.38;2019-04-11 14:59:30.0;
28;1629.62;2019-04-11 15:00:09.0;
28;1630.12;2019-04-11 15:00:16.0;
28;1630.38;2019-04-11 15:00:25.0;
28;1630.12;2019-04-11 15:00:26.0;
28;1630.38;2019-04-11 15:00:27.0;
28;1630.12;2019-04-11 15:00:30.0;
28;1630.38;2019-04-11 15:00:32.0;
28;1630.5;2019-04-11 15:00:47.0;
28;1630.62;2019-04-11 15:00:54.0;
28;1630.88;2019-04-11 15:02:19.0;
28;1630.62;2019-04-11 15:02:20.0;
28;1630.88;2019-04-11 15:02:23.0;
28;1630.62;2019-04-11 15:02:35.0;
28;1630.88;2019-04-11 15:03:17.0;
28;1631.12;2019-04-11 15:03:31.0;
28;1631;2019-04-11 15:04:05.0;
28;1630.88;2019-04-11 15:04:07.0;
28;1631;2019-04-11 15:04:08.0;
28;1630.88;2019-04-11 15:04:10.0;
28;1631;2019-04-11 15:04:24.0;
28;1630.88;2019-04-11 15:04:25.0;
28;1631;2019-04-11 15:04:27.0;
28;1631.12;2019-04-11 15:04:35.0;
28;1631;2019-04-11 15:04:36.0;
28;1631.12;2019-04-11 15:04:38.0;
28;1631;2019-04-11 15:04:59.0;
28;1631.12;2019-04-11 15:05:01.0;
28;1631;2019-04-11 15:05:02.0;
28;1631.12;2019-04-11 15:05:04.0;
28;1631;2019-04-11 15:05:16.0;
28;1630.88;2019-04-11 15:05:23.0;
28;1631;2019-04-11 15:05:28.0;
28;1630.88;2019-04-11 15:05:31.0;
28;1631;2019-04-11 15:05:37.0;
28;1630.88;2019-04-11 15:05:42.0;
28;1631;2019-04-11 15:06:04.0;
28;1630.88;2019-04-11 15:06:08.0;
28;1631;2019-04-11 15:06:11.0;
28;1630.88;2019-04-11 15:06:13.0;
28;1631;2019-04-11 15:06:15.0;
28;1630.88;2019-04-11 15:06:25.0;
28;1631;2019-04-11 15:06:30.0;
28;1631.12;2019-04-11 15:06:34.0;
28;1631.38;2019-04-11 15:06:47.0;
28;1631.12;2019-04-11 15:06:52.0;
28;1631.38;2019-04-11 15:06:56.0;
28;1631.12;2019-04-11 15:06:57.0;
28;1631.38;2019-04-11 15:06:59.0;
28;1631.12;2019-04-11 15:07:19.0;
28;1631.25;2019-04-11 15:07:25.0;
28;1631.38;2019-04-11 15:07:34.0;
28;1631.12;2019-04-11 15:07:35.0;
28;1631.38;2019-04-11 15:07:42.0;
28;1631.12;2019-04-11 15:07:44.0;
28;1631.38;2019-04-11 15:07:45.0;
28;1631.25;2019-04-11 15:07:47.0;
28;1631.38;2019-04-11 15:07:49.0;
28;1631.25;2019-04-11 15:07:50.0;
28;1631.12;2019-04-11 15:08:05.0;
28;1630.88;2019-04-11 15:08:10.0;
28;1631.12;2019-04-11 15:08:12.0;
28;1631.38;2019-04-11 15:08:19.0;
28;1631.12;2019-04-11 15:08:38.0;
28;1630.88;2019-04-11 15:08:59.0;
28;1631.12;2019-04-11 15:09:00.0;
28;1630.88;2019-04-11 15:09:02.0;
28;1631.12;2019-04-11 15:09:09.0;
28;1631.38;2019-04-11 15:09:12.0;
28;1631.12;2019-04-11 15:09:13.0;
28;1631.38;2019-04-11 15:09:14.0;
28;1631.12;2019-04-11 15:09:31.0;
28;1631.38;2019-04-11 15:09:37.0;
28;1631.12;2019-04-11 15:09:43.0;
28;1631.25;2019-04-11 15:09:47.0;
28;1631.38;2019-04-11 15:10:06.0;
28;1631.62;2019-04-11 15:10:12.0;
28;1631.38;2019-04-11 15:10:19.0;
28;1631.62;2019-04-11 15:10:20.0;
28;1631.75;2019-04-11 15:10:24.0;
28;1631.62;2019-04-11 15:10:25.0;
28;1631.75;2019-04-11 15:10:28.0;
28;1631.62;2019-04-11 15:10:30.0;
28;1631.75;2019-04-11 15:10:35.0;
28;1631.62;2019-04-11 15:10:40.0;
28;1631.88;2019-04-11 15:10:48.0;
28;1631.62;2019-04-11 15:10:50.0;
28;1631.88;2019-04-11 15:10:52.0;
28;1631.75;2019-04-11 15:10:55.0;
28;1631.88;2019-04-11 15:10:57.0;
28;1631.75;2019-04-11 15:11:00.0;
28;1631.88;2019-04-11 15:11:01.0;
28;1632;2019-04-11 15:11:13.0;
28;1631.88;2019-04-11 15:11:18.0;
28;1632.12;2019-04-11 15:11:20.0;
28;1631.88;2019-04-11 15:11:24.0;
28;1631.62;2019-04-11 15:11:40.0;
28;1631.88;2019-04-11 15:11:41.0;
28;1631.75;2019-04-11 15:11:43.0;
28;1631.62;2019-04-11 15:11:44.0;
28;1631.75;2019-04-11 15:11:46.0;
28;1631.88;2019-04-11 15:11:53.0;
28;1632.12;2019-04-11 15:12:10.0;
28;1632;2019-04-11 15:12:26.0;
28;1632.12;2019-04-11 15:12:32.0;
28;1632;2019-04-11 15:12:36.0;
28;1631.88;2019-04-11 15:12:39.0;
28;1632;2019-04-11 15:12:40.0;
28;1631.88;2019-04-11 15:12:42.0;
28;1631.75;2019-04-11 15:13:31.0;
28;1631.62;2019-04-11 15:13:35.0;
28;1631.88;2019-04-11 15:14:03.0;
28;1631.75;2019-04-11 15:14:08.0;
28;1631.88;2019-04-11 15:14:11.0;
28;1631.38;2019-04-11 15:14:19.0;
28;1631.62;2019-04-11 15:14:25.0;
28;1631.38;2019-04-11 15:14:49.0;
28;1631.62;2019-04-11 15:14:55.0;
28;1631.88;2019-04-11 15:15:13.0;
28;1631.62;2019-04-11 15:16:03.0;
28;1631.88;2019-04-11 15:16:43.0;
28;1631.75;2019-04-11 15:16:52.0;
28;1631.62;2019-04-11 15:16:59.0;
28;1631.75;2019-04-11 15:17:00.0;
28;1631.62;2019-04-11 15:17:02.0;
28;1631.75;2019-04-11 15:17:08.0;
28;1631.62;2019-04-11 15:17:15.0;
28;1631.75;2019-04-11 15:17:16.0;
28;1631.88;2019-04-11 15:17:25.0;
28;1631.62;2019-04-11 15:17:47.0;
28;1631.88;2019-04-11 15:17:48.0;
28;1631.62;2019-04-11 15:17:50.0;
28;1631.75;2019-04-11 15:18:04.0;
28;1631.88;2019-04-11 15:18:11.0;
28;1631.75;2019-04-11 15:18:13.0;
28;1631.88;2019-04-11 15:18:14.0;
28;1632.12;2019-04-11 15:18:27.0;
28;1632.25;2019-04-11 15:19:00.0;
28;1632.38;2019-04-11 15:19:06.0;
28;1632.12;2019-04-11 15:19:13.0;
28;1632.25;2019-04-11 15:19:19.0;
28;1632.38;2019-04-11 15:19:29.0;
28;1632.25;2019-04-11 15:19:39.0;
28;1632.12;2019-04-11 15:20:05.0;
28;1632.38;2019-04-11 15:20:19.0;
28;1632.12;2019-04-11 15:20:52.0;
28;1632.38;2019-04-11 15:21:15.0;
28;1632.12;2019-04-11 15:21:17.0;
28;1632.38;2019-04-11 15:21:18.0;
28;1632.12;2019-04-11 15:22:11.0;
28;1632.38;2019-04-11 15:22:12.0;
28;1632;2019-04-11 15:22:15.0;
28;1632.12;2019-04-11 15:22:18.0;
28;1632.38;2019-04-11 15:23:11.0;
28;1632.5;2019-04-11 15:24:02.0;
28;1632.38;2019-04-11 15:24:20.0;
28;1632.5;2019-04-11 15:24:21.0;
28;1632.38;2019-04-11 15:24:23.0;
28;1632.5;2019-04-11 15:24:39.0;
28;1632.38;2019-04-11 15:24:52.0;
28;1632.5;2019-04-11 15:24:53.0;
28;1632.38;2019-04-11 15:24:55.0;
28;1632.62;2019-04-11 15:25:16.0;
28;1632.38;2019-04-11 15:25:17.0;
28;1632.75;2019-04-11 15:25:19.0;
28;1632.62;2019-04-11 15:25:32.0;
28;1632.88;2019-04-11 15:25:35.0;
28;1633.12;2019-04-11 15:26:07.0;
28;1633;2019-04-11 15:27:01.0;
28;1632.88;2019-04-11 15:27:03.0;
28;1633.12;2019-04-11 15:27:07.0;
28;1632.88;2019-04-11 15:27:24.0;
28;1632.62;2019-04-11 15:27:35.0;
28;1632.38;2019-04-11 15:28:05.0;
28;1632.12;2019-04-11 15:28:55.0;
28;1631.88;2019-04-11 15:29:01.0;
28;1632.12;2019-04-11 15:29:18.0;
28;1631.62;2019-04-11 15:30:19.0;
28;1631.38;2019-04-11 15:30:26.0;
28;1631.12;2019-04-11 15:30:39.0;
28;1631.38;2019-04-11 15:30:51.0;
28;1631.12;2019-04-11 15:30:54.0;
28;1631.38;2019-04-11 15:30:55.0;
28;1631.12;2019-04-11 15:31:00.0;
28;1631.25;2019-04-11 15:31:13.0;
28;1631.12;2019-04-11 15:31:17.0;
28;1630.88;2019-04-11 15:31:42.0;
28;1631.12;2019-04-11 15:32:06.0;
28;1630.88;2019-04-11 15:32:19.0;
28;1631.12;2019-04-11 15:32:26.0;
28;1630.88;2019-04-11 15:32:35.0;
28;1631.12;2019-04-11 15:32:42.0;
28;1631.38;2019-04-11 15:32:58.0;
28;1631.12;2019-04-11 15:33:06.0;
28;1631.38;2019-04-11 15:33:14.0;
28;1631.12;2019-04-11 15:33:21.0;
28;1631.38;2019-04-11 15:33:29.0;
28;1631.62;2019-04-11 15:33:43.0;
28;1631.38;2019-04-11 15:33:45.0;
28;1631.62;2019-04-11 15:33:47.0;
28;1631.88;2019-04-11 15:34:10.0;
28;1631.62;2019-04-11 15:34:20.0;
28;1631.88;2019-04-11 15:34:22.0;
28;1631.62;2019-04-11 15:34:23.0;
28;1631.38;2019-04-11 15:34:27.0;
28;1631.62;2019-04-11 15:34:29.0;
28;1631.38;2019-04-11 15:34:31.0;
28;1631.62;2019-04-11 15:34:33.0;
28;1631.5;2019-04-11 15:34:47.0;
28;1631.62;2019-04-11 15:34:48.0;
28;1631.88;2019-04-11 15:34:56.0;
28;1632.12;2019-04-11 15:35:09.0;
28;1631.88;2019-04-11 15:35:15.0;
28;1632.12;2019-04-11 15:35:27.0;
28;1631.88;2019-04-11 15:35:39.0;
28;1631.62;2019-04-11 15:35:43.0;
28;1631.38;2019-04-11 15:36:08.0;
28;1631.12;2019-04-11 15:36:17.0;
28;1631.38;2019-04-11 15:36:20.0;
28;1631.12;2019-04-11 15:36:35.0;
28;1631.38;2019-04-11 15:36:37.0;
28;1631.25;2019-04-11 15:36:40.0;
28;1631.12;2019-04-11 15:36:44.0;
28;1631.38;2019-04-11 15:36:55.0;
28;1631.25;2019-04-11 15:37:21.0;
28;1631.38;2019-04-11 15:37:23.0;
28;1631.62;2019-04-11 15:37:40.0;
28;1631.38;2019-04-11 15:37:45.0;
28;1631.5;2019-04-11 15:38:05.0;
28;1631.38;2019-04-11 15:38:07.0;
28;1631.5;2019-04-11 15:38:09.0;
28;1631.38;2019-04-11 15:38:11.0;
28;1631.5;2019-04-11 15:38:28.0;
28;1631.62;2019-04-11 15:38:30.0;
28;1631.5;2019-04-11 15:38:32.0;
28;1631.62;2019-04-11 15:38:33.0;
28;1631.38;2019-04-11 15:38:54.0;
28;1631.12;2019-04-11 15:39:19.0;
28;1631.38;2019-04-11 15:40:40.0;
28;1631.62;2019-04-11 15:41:08.0;
28;1631.88;2019-04-11 15:41:20.0;
28;1632.12;2019-04-11 15:41:36.0;
28;1631.88;2019-04-11 15:41:38.0;
28;1632.12;2019-04-11 15:41:39.0;
28;1632.38;2019-04-11 15:41:48.0;
28;1632.12;2019-04-11 15:42:09.0;
28;1632.38;2019-04-11 15:42:19.0;
28;1632.12;2019-04-11 15:42:21.0;
28;1632.38;2019-04-11 15:42:23.0;
28;1632.62;2019-04-11 15:42:52.0;
28;1632.38;2019-04-11 15:42:53.0;
28;1632.62;2019-04-11 15:42:55.0;
28;1632.88;2019-04-11 15:42:57.0;
28;1633.12;2019-04-11 15:43:17.0;
28;1633.38;2019-04-11 15:44:07.0;
28;1633.12;2019-04-11 15:44:13.0;
28;1633.25;2019-04-11 15:44:24.0;
28;1633.12;2019-04-11 15:44:29.0;
28;1632.88;2019-04-11 15:44:46.0;
28;1633.12;2019-04-11 15:44:52.0;
28;1632.88;2019-04-11 15:44:56.0;
28;1633.12;2019-04-11 15:44:58.0;
28;1633;2019-04-11 15:44:59.0;
28;1633.12;2019-04-11 15:45:07.0;
28;1633;2019-04-11 15:45:08.0;
28;1633.12;2019-04-11 15:45:10.0;
28;1632.88;2019-04-11 15:45:18.0;
28;1632.75;2019-04-11 15:45:23.0;
28;1632.88;2019-04-11 15:45:29.0;
28;1632.62;2019-04-11 15:46:16.0;
28;1632.88;2019-04-11 15:46:19.0;
28;1633.12;2019-04-11 15:46:52.0;
28;1632.88;2019-04-11 15:46:57.0;
28;1633.12;2019-04-11 15:47:00.0;
28;1632.88;2019-04-11 15:47:03.0;
28;1633.12;2019-04-11 15:48:09.0;
28;1632.88;2019-04-11 15:48:40.0;
28;1633.12;2019-04-11 15:48:41.0;
28;1632.88;2019-04-11 15:48:43.0;
28;1633.12;2019-04-11 15:49:06.0;
28;1632.88;2019-04-11 15:49:08.0;
28;1632.62;2019-04-11 15:49:20.0;
28;1632.88;2019-04-11 15:49:27.0;
28;1633.12;2019-04-11 15:50:36.0;
28;1633;2019-04-11 15:50:56.0;
28;1632.88;2019-04-11 15:50:59.0;
28;1633;2019-04-11 15:51:02.0;
28;1632.88;2019-04-11 15:51:04.0;
28;1632.62;2019-04-11 15:51:08.0;
28;1632.38;2019-04-11 15:51:13.0;
28;1632.12;2019-04-11 15:51:21.0;
28;1632.38;2019-04-11 15:51:36.0;
28;1632.12;2019-04-11 15:51:38.0;
28;1632.38;2019-04-11 15:51:39.0;
28;1632.12;2019-04-11 15:51:41.0;
28;1631.88;2019-04-11 15:51:42.0;
28;1632.12;2019-04-11 15:51:44.0;
28;1631.88;2019-04-11 15:51:46.0;
28;1632.12;2019-04-11 15:52:04.0;
28;1631.88;2019-04-11 15:52:08.0;
28;1631.62;2019-04-11 15:52:15.0;
28;1631.5;2019-04-11 15:52:45.0;
28;1631.38;2019-04-11 15:52:47.0;
28;1631.5;2019-04-11 15:52:48.0;
28;1631.38;2019-04-11 15:52:50.0;
28;1631.12;2019-04-11 15:53:00.0;
28;1630.88;2019-04-11 15:53:08.0;
28;1630.62;2019-04-11 15:53:13.0;
28;1630.38;2019-04-11 15:53:24.0;
28;1630.12;2019-04-11 15:54:12.0;
28;1629.88;2019-04-11 15:54:17.0;
28;1629.62;2019-04-11 15:54:23.0;
28;1629.5;2019-04-11 15:54:27.0;
28;1629.62;2019-04-11 15:54:30.0;
28;1629.38;2019-04-11 15:54:36.0;
28;1629.12;2019-04-11 15:55:05.0;
28;1628.62;2019-04-11 15:55:06.0;
28;1629.12;2019-04-11 15:55:08.0;
28;1628.62;2019-04-11 15:55:09.0;
28;1628.75;2019-04-11 15:55:38.0;
28;1628.88;2019-04-11 15:55:40.0;
28;1628.75;2019-04-11 15:55:42.0;
28;1628.88;2019-04-11 15:55:44.0;
28;1628.75;2019-04-11 15:55:51.0;
28;1628.88;2019-04-11 15:56:07.0;
28;1629.38;2019-04-11 15:56:12.0;
28;1629.12;2019-04-11 15:56:16.0;
28;1629.38;2019-04-11 15:56:19.0;
28;1629.12;2019-04-11 15:56:20.0;
28;1629.38;2019-04-11 15:56:22.0;
28;1629.62;2019-04-11 15:56:47.0;
28;1629.88;2019-04-11 15:56:54.0;
28;1630.12;2019-04-11 15:57:02.0;
28;1629.88;2019-04-11 15:57:18.0;
28;1630.12;2019-04-11 15:57:20.0;
28;1629.88;2019-04-11 15:57:22.0;
28;1629.62;2019-04-11 15:57:30.0;
28;1629.88;2019-04-11 15:57:37.0;
28;1630.12;2019-04-11 15:58:06.0;
28;1630.62;2019-04-11 15:58:28.0;
28;1630.38;2019-04-11 15:58:31.0;
28;1630.12;2019-04-11 15:59:02.0;
28;1629.88;2019-04-11 15:59:17.0;
28;1629.62;2019-04-11 15:59:23.0;
28;1629.88;2019-04-11 15:59:27.0;
28;1629.62;2019-04-11 15:59:33.0;
28;1629.88;2019-04-11 15:59:52.0;
28;1631.12;2019-04-11 16:00:04.0;
28;1630.88;2019-04-11 16:00:17.0;
28;1631.12;2019-04-11 16:00:29.0;
28;1631;2019-04-11 16:00:41.0;
28;1630.88;2019-04-11 16:00:44.0;
28;1631.12;2019-04-11 16:02:47.0;
28;1630.88;2019-04-11 16:03:11.0;
28;1631.12;2019-04-11 16:03:43.0;
28;1630.88;2019-04-11 16:04:07.0;
28;1630.62;2019-04-11 16:04:15.0;
28;1630.38;2019-04-11 16:04:45.0;
28;1630.25;2019-04-11 16:04:48.0;
28;1630.12;2019-04-11 16:04:59.0;
28;1630.38;2019-04-11 16:05:04.0;
28;1630.62;2019-04-11 16:05:08.0;
28;1630.38;2019-04-11 16:05:32.0;
28;1630.62;2019-04-11 16:05:35.0;
28;1630.38;2019-04-11 16:06:04.0;
28;1630.12;2019-04-11 16:06:19.0;
28;1630.38;2019-04-11 16:06:24.0;
28;1630.62;2019-04-11 16:06:41.0;
28;1630.38;2019-04-11 16:07:11.0;
28;1630.62;2019-04-11 16:07:15.0;
28;1630.38;2019-04-11 16:07:20.0;
28;1630.12;2019-04-11 16:07:44.0;
28;1630;2019-04-11 16:08:05.0;
28;1630.12;2019-04-11 16:08:08.0;
28;1630;2019-04-11 16:08:09.0;
28;1630.12;2019-04-11 16:08:11.0;
28;1629.88;2019-04-11 16:08:17.0;
28;1630.12;2019-04-11 16:08:40.0;
28;1630.38;2019-04-11 16:08:59.0;
28;1630.25;2019-04-11 16:09:11.0;
28;1630.12;2019-04-11 16:09:16.0;
28;1630.38;2019-04-11 16:09:18.0;
28;1630.12;2019-04-11 16:09:21.0;
28;1630.25;2019-04-11 16:09:22.0;
28;1630.38;2019-04-11 16:09:28.0;
28;1630.12;2019-04-11 16:10:07.0;
28;1630.38;2019-04-11 16:10:21.0;
28;1630.12;2019-04-11 16:10:45.0;
28;1630.38;2019-04-11 16:10:50.0;
28;1630.12;2019-04-11 16:11:04.0;
28;1629.88;2019-04-11 16:11:15.0;
28;1630.12;2019-04-11 16:11:25.0;
28;1629.88;2019-04-11 16:11:27.0;
28;1630.12;2019-04-11 16:11:28.0;
28;1629.88;2019-04-11 16:12:19.0;
28;1629.62;2019-04-11 16:12:32.0;
28;1629.38;2019-04-11 16:12:48.0;
28;1629.62;2019-04-11 16:12:59.0;
28;1629.88;2019-04-11 16:13:07.0;
28;1630.12;2019-04-11 16:13:41.0;
28;1629.88;2019-04-11 16:14:05.0;
28;1630.12;2019-04-11 16:14:22.0;
28;1630.38;2019-04-11 16:15:03.0;
28;1630.12;2019-04-11 16:15:04.0;
28;1630.38;2019-04-11 16:15:08.0;
28;1630.62;2019-04-11 16:15:09.0;
28;1630.38;2019-04-11 16:15:13.0;
28;1630.12;2019-04-11 16:15:40.0;
28;1630.38;2019-04-11 16:15:45.0;
28;1630.12;2019-04-11 16:15:49.0;
28;1629.88;2019-04-11 16:16:06.0;
28;1629.75;2019-04-11 16:16:32.0;
28;1629.88;2019-04-11 16:16:40.0;
28;1630.12;2019-04-11 16:17:27.0;
28;1630.38;2019-04-11 16:18:06.0;
28;1630.62;2019-04-11 16:18:09.0;
28;1630.38;2019-04-11 16:18:13.0;
28;1630.12;2019-04-11 16:18:43.0;
28;1630.38;2019-04-11 16:18:46.0;
28;1630.12;2019-04-11 16:18:48.0;
28;1630;2019-04-11 16:19:01.0;
28;1629.88;2019-04-11 16:19:04.0;
28;1630;2019-04-11 16:19:05.0;
28;1629.88;2019-04-11 16:19:07.0;
28;1630.12;2019-04-11 16:19:11.0;
28;1629.88;2019-04-11 16:19:12.0;
28;1630.12;2019-04-11 16:19:15.0;
28;1629.88;2019-04-11 16:19:24.0;
28;1629.62;2019-04-11 16:19:40.0;
28;1629.88;2019-04-11 16:19:41.0;
28;1629.62;2019-04-11 16:19:44.0;
28;1629.88;2019-04-11 16:19:49.0;
28;1630.12;2019-04-11 16:20:19.0;
28;1629.88;2019-04-11 16:20:27.0;
28;1629.75;2019-04-11 16:20:30.0;
28;1629.88;2019-04-11 16:20:37.0;
28;1630.12;2019-04-11 16:22:19.0;
28;1629.88;2019-04-11 16:22:40.0;
28;1630;2019-04-11 16:22:54.0;
28;1630.12;2019-04-11 16:22:55.0;
28;1630;2019-04-11 16:22:56.0;
28;1630.12;2019-04-11 16:22:58.0;
28;1629.88;2019-04-11 16:23:15.0;
28;1630;2019-04-11 16:23:22.0;
28;1629.88;2019-04-11 16:23:24.0;
28;1629.62;2019-04-11 16:24:07.0;
28;1629.38;2019-04-11 16:24:17.0;
28;1629.62;2019-04-11 16:24:36.0;
28;1629.88;2019-04-11 16:24:39.0;
28;1629.62;2019-04-11 16:24:41.0;
28;1629.88;2019-04-11 16:24:42.0;
28;1629.62;2019-04-11 16:24:45.0;
28;1629.88;2019-04-11 16:24:57.0;
28;1630.12;2019-04-11 16:26:13.0;
28;1630.38;2019-04-11 16:27:22.0;
28;1630.12;2019-04-11 16:27:23.0;
28;1630.38;2019-04-11 16:27:28.0;
28;1630.12;2019-04-11 16:27:47.0;
28;1630.38;2019-04-11 16:27:48.0;
28;1630.12;2019-04-11 16:27:51.0;
28;1630.38;2019-04-11 16:28:03.0;
28;1630.12;2019-04-11 16:28:05.0;
28;1630.38;2019-04-11 16:28:07.0;
28;1630.62;2019-04-11 16:28:09.0;
28;1630.88;2019-04-11 16:28:12.0;
28;1631.12;2019-04-11 16:28:43.0;
28;1631.38;2019-04-11 16:28:57.0;
28;1631.12;2019-04-11 16:28:58.0;
28;1631.38;2019-04-11 16:28:59.0;
28;1631.12;2019-04-11 16:29:01.0;
28;1630.88;2019-04-11 16:30:06.0;
28;1630.62;2019-04-11 16:30:16.0;
28;1630.38;2019-04-11 16:30:24.0;
28;1630.62;2019-04-11 16:31:11.0;
28;1630.38;2019-04-11 16:31:19.0;
28;1630.62;2019-04-11 16:32:03.0;
28;1631.12;2019-04-11 16:32:07.0;
28;1630.88;2019-04-11 16:32:23.0;
28;1631.12;2019-04-11 16:32:25.0;
28;1630.88;2019-04-11 16:32:26.0;
28;1631.12;2019-04-11 16:32:28.0;
28;1630.88;2019-04-11 16:32:52.0;
28;1630.62;2019-04-11 16:33:07.0;
28;1630.88;2019-04-11 16:33:28.0;
28;1630.62;2019-04-11 16:33:32.0;
28;1630.38;2019-04-11 16:33:42.0;
28;1630.62;2019-04-11 16:34:13.0;
28;1630.5;2019-04-11 16:34:19.0;
28;1630.38;2019-04-11 16:34:23.0;
28;1630.62;2019-04-11 16:34:49.0;
28;1630.88;2019-04-11 16:35:07.0;
28;1631.12;2019-04-11 16:35:24.0;
28;1631.38;2019-04-11 16:35:27.0;
28;1631.12;2019-04-11 16:35:40.0;
28;1631.38;2019-04-11 16:35:44.0;
28;1631.12;2019-04-11 16:35:49.0;
28;1630.88;2019-04-11 16:36:04.0;
28;1631.12;2019-04-11 16:37:01.0;
28;1630.88;2019-04-11 16:37:21.0;
28;1631.12;2019-04-11 16:37:28.0;
28;1630.88;2019-04-11 16:38:43.0;
28;1631.12;2019-04-11 16:38:44.0;
28;1630.88;2019-04-11 16:38:45.0;
28;1631.12;2019-04-11 16:39:13.0;
28;1630.88;2019-04-11 16:39:23.0;
28;1631.12;2019-04-11 16:39:29.0;
28;1630.88;2019-04-11 16:39:34.0;
28;1630.62;2019-04-11 16:40:19.0;
28;1630.88;2019-04-11 16:40:47.0;
28;1630.62;2019-04-11 16:41:08.0;
28;1630.88;2019-04-11 16:41:32.0;
28;1631.12;2019-04-11 16:42:30.0;
28;1631.38;2019-04-11 16:42:36.0;
28;1631.12;2019-04-11 16:42:37.0;
28;1631.38;2019-04-11 16:42:39.0;
28;1631.12;2019-04-11 16:42:53.0;
28;1631.38;2019-04-11 16:42:54.0;
28;1631.12;2019-04-11 16:42:56.0;
28;1631.38;2019-04-11 16:43:07.0;
28;1631.12;2019-04-11 16:43:19.0;
28;1630.88;2019-04-11 16:43:32.0;
28;1630.62;2019-04-11 16:44:16.0;
28;1630.38;2019-04-11 16:44:22.0;
28;1630.12;2019-04-11 16:44:50.0;
28;1630.38;2019-04-11 16:44:52.0;
28;1630.12;2019-04-11 16:44:53.0;
28;1630.38;2019-04-11 16:44:56.0;
28;1630.12;2019-04-11 16:45:02.0;
28;1630.38;2019-04-11 16:45:21.0;
28;1630.25;2019-04-11 16:45:23.0;
28;1630.38;2019-04-11 16:45:24.0;
28;1630.25;2019-04-11 16:45:26.0;
28;1630.38;2019-04-11 16:45:28.0;
28;1630.12;2019-04-11 16:45:43.0;
28;1630.38;2019-04-11 16:45:46.0;
28;1630.12;2019-04-11 16:45:48.0;
28;1630.38;2019-04-11 16:46:16.0;
28;1630.12;2019-04-11 16:46:18.0;
28;1630.38;2019-04-11 16:46:19.0;
28;1630.62;2019-04-11 16:46:27.0;
28;1630.38;2019-04-11 16:46:36.0;
28;1630.62;2019-04-11 16:46:41.0;
28;1630.38;2019-04-11 16:46:47.0;
28;1630.12;2019-04-11 16:48:04.0;
28;1629.88;2019-04-11 16:49:41.0;
28;1629.62;2019-04-11 16:50:04.0;
28;1629.88;2019-04-11 16:50:16.0;
28;1629.62;2019-04-11 16:50:40.0;
28;1629.88;2019-04-11 16:50:42.0;
28;1630.12;2019-04-11 16:51:30.0;
28;1630.38;2019-04-11 16:52:04.0;
28;1630.62;2019-04-11 16:52:43.0;
28;1630.38;2019-04-11 16:53:31.0;
28;1630.5;2019-04-11 16:53:39.0;
28;1630.38;2019-04-11 16:53:40.0;
28;1630.5;2019-04-11 16:53:41.0;
28;1630.38;2019-04-11 16:53:43.0;
28;1630.5;2019-04-11 16:54:09.0;
28;1630.38;2019-04-11 16:54:11.0;
28;1630.5;2019-04-11 16:54:12.0;
28;1630.38;2019-04-11 16:54:14.0;
28;1630.12;2019-04-11 16:54:47.0;
28;1629.88;2019-04-11 16:54:56.0;
28;1629.62;2019-04-11 16:55:25.0;
28;1629.38;2019-04-11 16:55:42.0;
28;1629.62;2019-04-11 16:55:50.0;
28;1629.88;2019-04-11 16:56:23.0;
28;1630.12;2019-04-11 16:56:58.0;
28;1629.88;2019-04-11 16:57:09.0;
28;1630.12;2019-04-11 16:57:13.0;
28;1629.88;2019-04-11 16:57:14.0;
28;1630.12;2019-04-11 16:57:16.0;
28;1630.38;2019-04-11 16:57:40.0;
28;1630.62;2019-04-11 16:58:04.0;
28;1630.38;2019-04-11 16:58:05.0;
28;1630.12;2019-04-11 16:58:19.0;
28;1630.38;2019-04-11 16:58:22.0;
28;1630.12;2019-04-11 16:58:23.0;
28;1630.38;2019-04-11 16:58:30.0;
28;1630.62;2019-04-11 16:58:38.0;
28;1630.38;2019-04-11 16:58:43.0;
28;1630.12;2019-04-11 16:58:49.0;
28;1630.38;2019-04-11 16:59:12.0;
28;1630.12;2019-04-11 16:59:24.0;
28;1630.38;2019-04-11 16:59:25.0;
28;1630.12;2019-04-11 16:59:28.0;
28;1630.38;2019-04-11 16:59:50.0;
28;1630.88;2019-04-11 17:00:15.0;
28;1631.12;2019-04-11 17:00:21.0;
28;1630.88;2019-04-11 17:00:23.0;
28;1631.12;2019-04-11 17:00:24.0;
28;1631.38;2019-04-11 17:00:36.0;
28;1631.62;2019-04-11 17:01:30.0;
28;1632.12;2019-04-11 17:01:40.0;
28;1631.62;2019-04-11 17:02:08.0;
28;1631.38;2019-04-11 17:02:19.0;
28;1631.12;2019-04-11 17:02:23.0;
28;1630.62;2019-04-11 17:02:59.0;
28;1630.88;2019-04-11 17:03:06.0;
28;1630.38;2019-04-11 17:03:34.0;
28;1630.12;2019-04-11 17:03:40.0;
28;1630.38;2019-04-11 17:03:41.0;
28;1630.12;2019-04-11 17:03:44.0;
28;1630.38;2019-04-11 17:03:46.0;
28;1630.12;2019-04-11 17:04:05.0;
28;1629.88;2019-04-11 17:04:06.0;
28;1630.12;2019-04-11 17:04:15.0;
28;1629.88;2019-04-11 17:04:18.0;
28;1630.12;2019-04-11 17:04:20.0;
28;1629.88;2019-04-11 17:04:21.0;
28;1630;2019-04-11 17:04:26.0;
28;1629.88;2019-04-11 17:04:31.0;
28;1629.62;2019-04-11 17:05:11.0;
28;1629.38;2019-04-11 17:05:28.0;
28;1629.12;2019-04-11 17:05:40.0;
28;1629.38;2019-04-11 17:06:11.0;
28;1629.62;2019-04-11 17:06:16.0;
28;1629.38;2019-04-11 17:06:44.0;
28;1629.12;2019-04-11 17:07:07.0;
28;1629.38;2019-04-11 17:07:16.0;
28;1629.12;2019-04-11 17:07:22.0;
28;1629;2019-04-11 17:07:37.0;
28;1629.12;2019-04-11 17:07:38.0;
28;1629;2019-04-11 17:07:39.0;
28;1629.12;2019-04-11 17:07:42.0;
28;1629.38;2019-04-11 17:08:03.0;
28;1629.12;2019-04-11 17:08:04.0;
28;1629.38;2019-04-11 17:08:06.0;
28;1629.62;2019-04-11 17:08:28.0;
28;1629.38;2019-04-11 17:08:47.0;
28;1629.62;2019-04-11 17:09:03.0;
28;1629.38;2019-04-11 17:09:04.0;
28;1629.62;2019-04-11 17:09:06.0;
28;1629.38;2019-04-11 17:09:16.0;
28;1629.25;2019-04-11 17:09:39.0;
28;1629.38;2019-04-11 17:09:40.0;
28;1629.25;2019-04-11 17:09:43.0;
28;1629.38;2019-04-11 17:09:45.0;
28;1629.62;2019-04-11 17:10:03.0;
28;1629.38;2019-04-11 17:10:23.0;
28;1629.12;2019-04-11 17:10:40.0;
28;1629.38;2019-04-11 17:11:31.0;
28;1629.12;2019-04-11 17:11:32.0;
28;1629.38;2019-04-11 17:11:34.0;
28;1629.12;2019-04-11 17:11:35.0;
28;1629.38;2019-04-11 17:11:36.0;
28;1629.12;2019-04-11 17:11:38.0;
28;1629.38;2019-04-11 17:11:48.0;
28;1629.25;2019-04-11 17:12:24.0;
28;1629.38;2019-04-11 17:12:30.0;
28;1629.62;2019-04-11 17:13:08.0;
28;1629.38;2019-04-11 17:13:12.0;
28;1629.62;2019-04-11 17:14:04.0;
28;1629.38;2019-04-11 17:14:05.0;
28;1629.62;2019-04-11 17:14:06.0;
28;1629.38;2019-04-11 17:14:26.0;
28;1629.62;2019-04-11 17:14:44.0;
28;1629.88;2019-04-11 17:14:53.0;
28;1630.12;2019-04-11 17:15:03.0;
28;1630.38;2019-04-11 17:15:13.0;
28;1630.62;2019-04-11 17:15:27.0;
28;1630.88;2019-04-11 17:16:18.0;
28;1630.62;2019-04-11 17:16:23.0;
28;1630.88;2019-04-11 17:16:24.0;
28;1630.62;2019-04-11 17:16:26.0;
28;1630.38;2019-04-11 17:16:57.0;
28;1630.62;2019-04-11 17:16:59.0;
28;1630.38;2019-04-11 17:17:00.0;
28;1630.62;2019-04-11 17:17:10.0;
28;1630.38;2019-04-11 17:17:15.0;
28;1630.62;2019-04-11 17:17:16.0;
28;1630.38;2019-04-11 17:17:18.0;
28;1630.12;2019-04-11 17:17:38.0;
28;1630.38;2019-04-11 17:17:44.0;
28;1630.12;2019-04-11 17:18:07.0;
28;1630.38;2019-04-11 17:18:16.0;
28;1630.12;2019-04-11 17:18:33.0;
28;1629.88;2019-04-11 17:18:51.0;
28;1630;2019-04-11 17:19:35.0;
28;1629.88;2019-04-11 17:19:41.0;
28;1629.62;2019-04-11 17:20:51.0;
28;1629.88;2019-04-11 17:21:15.0;
28;1630.12;2019-04-11 17:22:05.0;
28;1629.88;2019-04-11 17:22:35.0;
28;1629.62;2019-04-11 17:23:19.0;
28;1629.38;2019-04-11 17:23:49.0;
28;1629.12;2019-04-11 17:24:05.0;
28;1628.88;2019-04-11 17:24:09.0;
30;95765;2019-04-11 14:01:07.0;
30;96022;2019-04-11 14:01:11.0;
30;95765;2019-04-11 14:01:13.0;
30;96022;2019-04-11 14:01:15.0;
30;95765;2019-04-11 14:01:18.0;
30;96022;2019-04-11 14:01:21.0;
30;95765;2019-04-11 14:01:23.0;
30;96022;2019-04-11 14:01:30.0;
30;95765;2019-04-11 14:01:31.0;
30;95638;2019-04-11 14:01:35.0;
30;95765;2019-04-11 14:01:37.0;
30;95638;2019-04-11 14:01:39.0;
30;95668;2019-04-11 14:01:40.0;
30;95638;2019-04-11 14:01:42.0;
30;95688;2019-04-11 14:01:44.0;
30;95668;2019-04-11 14:01:46.0;
30;95638;2019-04-11 14:01:47.0;
30;95688;2019-04-11 14:01:49.0;
30;95668;2019-04-11 14:01:50.0;
30;95688;2019-04-11 14:01:53.0;
30;95638;2019-04-11 14:01:54.0;
30;95668;2019-04-11 14:01:56.0;
30;95688;2019-04-11 14:01:57.0;
30;95668;2019-04-11 14:02:00.0;
30;95650;2019-04-11 14:02:08.0;
30;95688;2019-04-11 14:02:09.0;
30;95650;2019-04-11 14:02:10.0;
30;95688;2019-04-11 14:02:13.0;
30;95682;2019-04-11 14:02:14.0;
30;95705;2019-04-11 14:02:17.0;
30;95682;2019-04-11 14:02:19.0;
30;95705;2019-04-11 14:02:22.0;
30;95650;2019-04-11 14:02:23.0;
30;95682;2019-04-11 14:02:26.0;
30;95650;2019-04-11 14:02:29.0;
30;95705;2019-04-11 14:02:30.0;
30;95682;2019-04-11 14:02:34.0;
30;95650;2019-04-11 14:02:36.0;
30;95682;2019-04-11 14:02:39.0;
30;95658;2019-04-11 14:02:40.0;
30;95705;2019-04-11 14:02:42.0;
30;95658;2019-04-11 14:02:43.0;
30;95705;2019-04-11 14:02:46.0;
30;95658;2019-04-11 14:02:47.0;
30;95725;2019-04-11 14:03:14.0;
30;95658;2019-04-11 14:03:15.0;
30;95725;2019-04-11 14:03:18.0;
30;95775;2019-04-11 14:04:22.0;
30;95735;2019-04-11 14:04:55.0;
30;95750;2019-04-11 14:04:59.0;
30;95775;2019-04-11 14:05:01.0;
30;95750;2019-04-11 14:05:02.0;
30;95732;2019-04-11 14:05:03.0;
30;95750;2019-04-11 14:05:06.0;
30;95735;2019-04-11 14:05:11.0;
30;95750;2019-04-11 14:05:12.0;
30;95735;2019-04-11 14:05:13.0;
30;95732;2019-04-11 14:05:15.0;
30;95735;2019-04-11 14:05:18.0;
30;95750;2019-04-11 14:05:22.0;
30;95732;2019-04-11 14:05:32.0;
30;95740;2019-04-11 14:05:34.0;
30;95750;2019-04-11 14:05:36.0;
30;95740;2019-04-11 14:05:41.0;
30;95750;2019-04-11 14:05:42.0;
30;95740;2019-04-11 14:05:44.0;
30;95750;2019-04-11 14:05:45.0;
30;95740;2019-04-11 14:05:47.0;
30;95750;2019-04-11 14:05:50.0;
30;95740;2019-04-11 14:05:51.0;
30;95720;2019-04-11 14:06:04.0;
30;95775;2019-04-11 14:06:38.0;
30;95790;2019-04-11 14:07:11.0;
30;95805;2019-04-11 14:07:43.0;
30;95800;2019-04-11 14:07:46.0;
30;95805;2019-04-11 14:07:48.0;
30;95800;2019-04-11 14:07:49.0;
30;95805;2019-04-11 14:07:59.0;
30;95800;2019-04-11 14:08:00.0;
30;95805;2019-04-11 14:08:03.0;
30;95800;2019-04-11 14:08:08.0;
30;95805;2019-04-11 14:08:12.0;
30;95800;2019-04-11 14:08:14.0;
30;95805;2019-04-11 14:08:15.0;
30;95815;2019-04-11 14:08:18.0;
30;95805;2019-04-11 14:08:19.0;
30;95815;2019-04-11 14:08:21.0;
30;95805;2019-04-11 14:08:22.0;
30;95815;2019-04-11 14:08:25.0;
30;95805;2019-04-11 14:08:26.0;
30;95815;2019-04-11 14:08:28.0;
30;95805;2019-04-11 14:08:29.0;
30;95815;2019-04-11 14:08:34.0;
30;95805;2019-04-11 14:08:36.0;
30;95815;2019-04-11 14:08:38.0;
30;95805;2019-04-11 14:08:42.0;
30;95815;2019-04-11 14:08:43.0;
30;95805;2019-04-11 14:08:45.0;
30;95815;2019-04-11 14:08:46.0;
30;95840;2019-04-11 14:08:47.0;
30;95815;2019-04-11 14:08:49.0;
30;95835;2019-04-11 14:08:50.0;
30;95840;2019-04-11 14:08:52.0;
30;95835;2019-04-11 14:08:54.0;
30;95840;2019-04-11 14:08:56.0;
30;95838;2019-04-11 14:08:57.0;
30;95835;2019-04-11 14:09:00.0;
30;95840;2019-04-11 14:09:02.0;
30;95838;2019-04-11 14:09:03.0;
30;95840;2019-04-11 14:09:04.0;
30;95835;2019-04-11 14:09:06.0;
30;95840;2019-04-11 14:09:09.0;
30;95838;2019-04-11 14:09:13.0;
30;95840;2019-04-11 14:09:16.0;
30;95815;2019-04-11 14:09:18.0;
30;95838;2019-04-11 14:09:22.0;
30;95815;2019-04-11 14:09:24.0;
30;95825;2019-04-11 14:09:25.0;
30;95838;2019-04-11 14:09:26.0;
30;95825;2019-04-11 14:09:28.0;
30;95790;2019-04-11 14:09:29.0;
30;95825;2019-04-11 14:09:35.0;
30;95790;2019-04-11 14:09:38.0;
30;95815;2019-04-11 14:09:39.0;
30;95790;2019-04-11 14:09:40.0;
30;95825;2019-04-11 14:09:42.0;
30;95790;2019-04-11 14:09:43.0;
30;95815;2019-04-11 14:09:45.0;
30;95825;2019-04-11 14:09:47.0;
30;95790;2019-04-11 14:09:49.0;
30;95825;2019-04-11 14:09:52.0;
30;95790;2019-04-11 14:09:54.0;
30;95820;2019-04-11 14:09:56.0;
30;95790;2019-04-11 14:09:57.0;
30;95820;2019-04-11 14:09:59.0;
30;95785;2019-04-11 14:10:08.0;
30;95820;2019-04-11 14:10:09.0;
30;95785;2019-04-11 14:10:15.0;
30;95820;2019-04-11 14:10:21.0;
30;95785;2019-04-11 14:10:22.0;
30;95815;2019-04-11 14:10:29.0;
30;95820;2019-04-11 14:10:31.0;
30;95785;2019-04-11 14:10:32.0;
30;95815;2019-04-11 14:10:35.0;
30;95830;2019-04-11 14:11:05.0;
30;95815;2019-04-11 14:11:07.0;
30;95840;2019-04-11 14:11:12.0;
30;95830;2019-04-11 14:11:14.0;
30;95825;2019-04-11 14:11:17.0;
30;95830;2019-04-11 14:11:19.0;
30;95825;2019-04-11 14:11:20.0;
30;95830;2019-04-11 14:11:22.0;
30;95825;2019-04-11 14:11:26.0;
30;95840;2019-04-11 14:11:28.0;
30;95825;2019-04-11 14:11:29.0;
30;95840;2019-04-11 14:11:30.0;
30;95825;2019-04-11 14:11:34.0;
30;95815;2019-04-11 14:11:37.0;
30;95840;2019-04-11 14:11:39.0;
30;95835;2019-04-11 14:11:40.0;
30;95825;2019-04-11 14:11:42.0;
30;95815;2019-04-11 14:11:44.0;
30;95835;2019-04-11 14:11:50.0;
30;95815;2019-04-11 14:11:51.0;
30;95835;2019-04-11 14:11:53.0;
30;95815;2019-04-11 14:11:57.0;
30;95835;2019-04-11 14:12:00.0;
30;95815;2019-04-11 14:12:01.0;
30;95835;2019-04-11 14:12:03.0;
30;95815;2019-04-11 14:12:06.0;
30;95832;2019-04-11 14:12:07.0;
30;95835;2019-04-11 14:12:11.0;
30;95832;2019-04-11 14:12:12.0;
30;95830;2019-04-11 14:12:14.0;
30;95832;2019-04-11 14:12:15.0;
30;95835;2019-04-11 14:12:17.0;
30;95830;2019-04-11 14:12:18.0;
30;95835;2019-04-11 14:12:20.0;
30;95832;2019-04-11 14:12:21.0;
30;95830;2019-04-11 14:12:22.0;
30;95835;2019-04-11 14:12:26.0;
30;95830;2019-04-11 14:12:31.0;
30;95835;2019-04-11 14:12:32.0;
30;95830;2019-04-11 14:12:35.0;
30;95835;2019-04-11 14:12:38.0;
30;95830;2019-04-11 14:12:39.0;
30;95835;2019-04-11 14:12:41.0;
30;95830;2019-04-11 14:12:42.0;
30;95840;2019-04-11 14:12:45.0;
30;95830;2019-04-11 14:12:48.0;
30;95840;2019-04-11 14:12:49.0;
30;95830;2019-04-11 14:12:53.0;
30;95840;2019-04-11 14:12:55.0;
30;95830;2019-04-11 14:12:57.0;
30;95840;2019-04-11 14:12:58.0;
30;95830;2019-04-11 14:12:59.0;
30;95840;2019-04-11 14:13:01.0;
30;95830;2019-04-11 14:13:05.0;
30;95840;2019-04-11 14:13:10.0;
30;95830;2019-04-11 14:13:14.0;
30;95840;2019-04-11 14:13:16.0;
30;95830;2019-04-11 14:13:17.0;
30;95842;2019-04-11 14:13:18.0;
30;95845;2019-04-11 14:13:26.0;
30;95842;2019-04-11 14:13:27.0;
30;95845;2019-04-11 14:13:33.0;
30;95842;2019-04-11 14:13:34.0;
30;95845;2019-04-11 14:13:40.0;
30;95842;2019-04-11 14:13:41.0;
30;95845;2019-04-11 14:13:42.0;
30;95842;2019-04-11 14:13:44.0;
30;95845;2019-04-11 14:13:46.0;
30;95842;2019-04-11 14:13:48.0;
30;95830;2019-04-11 14:13:49.0;
30;95845;2019-04-11 14:13:52.0;
30;95830;2019-04-11 14:13:55.0;
30;95845;2019-04-11 14:13:56.0;
30;95830;2019-04-11 14:13:58.0;
30;95840;2019-04-11 14:14:06.0;
30;95830;2019-04-11 14:14:09.0;
30;95840;2019-04-11 14:14:15.0;
30;95830;2019-04-11 14:14:16.0;
30;95840;2019-04-11 14:14:19.0;
30;95835;2019-04-11 14:14:21.0;
30;95840;2019-04-11 14:14:22.0;
30;95830;2019-04-11 14:14:24.0;
30;95840;2019-04-11 14:14:26.0;
30;95835;2019-04-11 14:14:28.0;
30;95840;2019-04-11 14:14:31.0;
30;95835;2019-04-11 14:14:32.0;
30;95830;2019-04-11 14:14:52.0;
30;95835;2019-04-11 14:14:54.0;
30;95830;2019-04-11 14:14:55.0;
30;95835;2019-04-11 14:14:56.0;
30;95830;2019-04-11 14:15:00.0;
30;95835;2019-04-11 14:15:01.0;
30;95850;2019-04-11 14:15:03.0;
30;95835;2019-04-11 14:15:04.0;
30;95850;2019-04-11 14:15:05.0;
30;95835;2019-04-11 14:15:07.0;
30;95850;2019-04-11 14:15:10.0;
30;95830;2019-04-11 14:15:11.0;
30;95850;2019-04-11 14:15:12.0;
30;95830;2019-04-11 14:15:14.0;
30;95850;2019-04-11 14:15:19.0;
30;95830;2019-04-11 14:15:21.0;
30;95850;2019-04-11 14:15:24.0;
30;95830;2019-04-11 14:15:25.0;
30;95850;2019-04-11 14:15:31.0;
30;95830;2019-04-11 14:15:34.0;
30;95840;2019-04-11 14:15:47.0;
30;95830;2019-04-11 14:15:50.0;
30;95840;2019-04-11 14:15:51.0;
30;95830;2019-04-11 14:15:54.0;
30;95840;2019-04-11 14:15:59.0;
30;95830;2019-04-11 14:16:03.0;
30;95840;2019-04-11 14:16:06.0;
30;95830;2019-04-11 14:16:18.0;
30;95840;2019-04-11 14:16:19.0;
30;95830;2019-04-11 14:16:20.0;
30;95840;2019-04-11 14:16:22.0;
30;95830;2019-04-11 14:16:23.0;
30;95840;2019-04-11 14:16:25.0;
30;95815;2019-04-11 14:16:32.0;
30;95840;2019-04-11 14:16:33.0;
30;95820;2019-04-11 14:16:38.0;
30;95815;2019-04-11 14:16:39.0;
30;95830;2019-04-11 14:16:41.0;
30;95820;2019-04-11 14:16:42.0;
30;95815;2019-04-11 14:16:45.0;
30;95820;2019-04-11 14:16:46.0;
30;95830;2019-04-11 14:16:49.0;
30;95820;2019-04-11 14:16:52.0;
30;95830;2019-04-11 14:16:53.0;
30;95820;2019-04-11 14:16:54.0;
30;95830;2019-04-11 14:16:56.0;
30;95820;2019-04-11 14:16:57.0;
30;95815;2019-04-11 14:16:59.0;
30;95830;2019-04-11 14:17:00.0;
30;95820;2019-04-11 14:17:04.0;
30;95830;2019-04-11 14:17:06.0;
30;95795;2019-04-11 14:17:10.0;
30;95830;2019-04-11 14:17:12.0;
30;95795;2019-04-11 14:17:13.0;
30;95830;2019-04-11 14:17:16.0;
30;95795;2019-04-11 14:17:19.0;
30;95785;2019-04-11 14:17:23.0;
30;95795;2019-04-11 14:17:25.0;
30;95785;2019-04-11 14:17:26.0;
30;95795;2019-04-11 14:17:28.0;
30;95785;2019-04-11 14:17:29.0;
30;95795;2019-04-11 14:17:35.0;
30;95785;2019-04-11 14:17:36.0;
30;95795;2019-04-11 14:17:38.0;
30;95785;2019-04-11 14:17:39.0;
30;95795;2019-04-11 14:17:40.0;
30;95785;2019-04-11 14:17:45.0;
30;95780;2019-04-11 14:17:57.0;
30;95785;2019-04-11 14:17:59.0;
30;95780;2019-04-11 14:18:03.0;
30;95785;2019-04-11 14:18:07.0;
30;95780;2019-04-11 14:18:16.0;
30;95800;2019-04-11 14:18:23.0;
30;95780;2019-04-11 14:18:24.0;
30;95800;2019-04-11 14:18:25.0;
30;95780;2019-04-11 14:18:27.0;
30;95805;2019-04-11 14:18:30.0;
30;95800;2019-04-11 14:18:31.0;
30;95805;2019-04-11 14:18:32.0;
30;95800;2019-04-11 14:18:34.0;
30;95805;2019-04-11 14:18:35.0;
30;95780;2019-04-11 14:18:36.0;
30;95805;2019-04-11 14:18:38.0;
30;95780;2019-04-11 14:18:39.0;
30;95805;2019-04-11 14:18:41.0;
30;95780;2019-04-11 14:18:45.0;
30;95805;2019-04-11 14:18:46.0;
30;95800;2019-04-11 14:18:48.0;
30;95820;2019-04-11 14:18:49.0;
30;95805;2019-04-11 14:18:51.0;
30;95800;2019-04-11 14:18:52.0;
30;95805;2019-04-11 14:18:54.0;
30;95820;2019-04-11 14:18:59.0;
30;95835;2019-04-11 14:19:06.0;
30;95820;2019-04-11 14:19:11.0;
30;95830;2019-04-11 14:19:12.0;
30;95820;2019-04-11 14:19:14.0;
30;95830;2019-04-11 14:19:15.0;
30;95820;2019-04-11 14:19:16.0;
30;95830;2019-04-11 14:19:18.0;
30;95820;2019-04-11 14:19:20.0;
30;95835;2019-04-11 14:19:21.0;
30;95830;2019-04-11 14:19:23.0;
30;95840;2019-04-11 14:19:24.0;
30;95835;2019-04-11 14:19:26.0;
30;95830;2019-04-11 14:19:27.0;
30;95840;2019-04-11 14:19:30.0;
30;95825;2019-04-11 14:19:32.0;
30;95830;2019-04-11 14:19:33.0;
30;95825;2019-04-11 14:19:35.0;
30;95840;2019-04-11 14:19:36.0;
30;95830;2019-04-11 14:19:39.0;
30;95810;2019-04-11 14:19:43.0;
30;95825;2019-04-11 14:19:47.0;
30;95810;2019-04-11 14:19:48.0;
30;95840;2019-04-11 14:19:50.0;
30;95825;2019-04-11 14:19:51.0;
30;95810;2019-04-11 14:19:53.0;
30;95825;2019-04-11 14:20:00.0;
30;95810;2019-04-11 14:20:01.0;
30;95835;2019-04-11 14:20:13.0;
30;95810;2019-04-11 14:20:15.0;
30;95835;2019-04-11 14:20:16.0;
30;95850;2019-04-11 14:20:18.0;
30;95810;2019-04-11 14:20:19.0;
30;95835;2019-04-11 14:20:20.0;
30;95850;2019-04-11 14:20:22.0;
30;95835;2019-04-11 14:20:24.0;
30;95850;2019-04-11 14:20:26.0;
30;95835;2019-04-11 14:20:27.0;
30;95850;2019-04-11 14:20:29.0;
30;95835;2019-04-11 14:20:31.0;
30;95845;2019-04-11 14:20:33.0;
30;95850;2019-04-11 14:20:34.0;
30;95845;2019-04-11 14:20:35.0;
30;95850;2019-04-11 14:20:37.0;
30;95845;2019-04-11 14:20:38.0;
30;95850;2019-04-11 14:20:39.0;
30;95835;2019-04-11 14:20:41.0;
30;95845;2019-04-11 14:20:43.0;
30;95855;2019-04-11 14:20:46.0;
30;95850;2019-04-11 14:20:48.0;
30;95855;2019-04-11 14:20:50.0;
30;95845;2019-04-11 14:20:51.0;
30;95855;2019-04-11 14:20:53.0;
30;95845;2019-04-11 14:20:55.0;
30;95855;2019-04-11 14:20:57.0;
30;95845;2019-04-11 14:21:02.0;
30;95840;2019-04-11 14:21:03.0;
30;95855;2019-04-11 14:21:06.0;
30;95840;2019-04-11 14:21:09.0;
30;95855;2019-04-11 14:21:10.0;
30;95840;2019-04-11 14:21:12.0;
30;95855;2019-04-11 14:21:13.0;
30;95840;2019-04-11 14:21:14.0;
30;95865;2019-04-11 14:21:20.0;
30;95855;2019-04-11 14:21:26.0;
30;95865;2019-04-11 14:21:27.0;
30;95840;2019-04-11 14:21:29.0;
30;95855;2019-04-11 14:21:31.0;
30;95865;2019-04-11 14:21:32.0;
30;95830;2019-04-11 14:21:35.0;
30;95865;2019-04-11 14:21:38.0;
30;95830;2019-04-11 14:21:39.0;
30;95865;2019-04-11 14:21:40.0;
30;95830;2019-04-11 14:21:42.0;
30;95865;2019-04-11 14:21:43.0;
30;95855;2019-04-11 14:21:45.0;
30;95865;2019-04-11 14:21:46.0;
30;95830;2019-04-11 14:21:49.0;
30;95855;2019-04-11 14:21:55.0;
30;95835;2019-04-11 14:21:56.0;
30;95830;2019-04-11 14:22:01.0;
30;95835;2019-04-11 14:22:02.0;
30;95830;2019-04-11 14:22:09.0;
30;95835;2019-04-11 14:22:10.0;
30;95830;2019-04-11 14:22:12.0;
30;95835;2019-04-11 14:22:14.0;
30;95830;2019-04-11 14:22:19.0;
30;95835;2019-04-11 14:22:21.0;
30;95830;2019-04-11 14:22:24.0;
30;95835;2019-04-11 14:22:26.0;
30;95788;2019-04-11 14:22:27.0;
30;95810;2019-04-11 14:22:29.0;
30;95788;2019-04-11 14:22:32.0;
30;95830;2019-04-11 14:22:33.0;
30;95810;2019-04-11 14:22:35.0;
30;95788;2019-04-11 14:22:38.0;
30;95810;2019-04-11 14:22:39.0;
30;95825;2019-04-11 14:22:41.0;
30;95788;2019-04-11 14:22:44.0;
30;95810;2019-04-11 14:22:46.0;
30;95825;2019-04-11 14:22:48.0;
30;95788;2019-04-11 14:22:52.0;
30;95825;2019-04-11 14:22:54.0;
30;95788;2019-04-11 14:22:55.0;
30;95810;2019-04-11 14:22:57.0;
30;95825;2019-04-11 14:22:58.0;
30;95830;2019-04-11 14:23:01.0;
30;95825;2019-04-11 14:23:03.0;
30;95830;2019-04-11 14:23:07.0;
30;95820;2019-04-11 14:23:28.0;
30;95830;2019-04-11 14:23:29.0;
30;95820;2019-04-11 14:23:36.0;
30;95825;2019-04-11 14:23:37.0;
30;95830;2019-04-11 14:23:39.0;
30;95825;2019-04-11 14:23:40.0;
30;95820;2019-04-11 14:23:42.0;
30;95825;2019-04-11 14:23:43.0;
30;95835;2019-04-11 14:24:06.0;
30;95825;2019-04-11 14:24:12.0;
30;95820;2019-04-11 14:24:14.0;
30;95835;2019-04-11 14:24:16.0;
30;95820;2019-04-11 14:24:17.0;
30;95825;2019-04-11 14:24:21.0;
30;95835;2019-04-11 14:24:23.0;
30;95820;2019-04-11 14:24:24.0;
30;95835;2019-04-11 14:24:25.0;
30;95825;2019-04-11 14:24:29.0;
30;95820;2019-04-11 14:24:33.0;
30;95825;2019-04-11 14:24:34.0;
30;95820;2019-04-11 14:24:36.0;
30;95830;2019-04-11 14:24:37.0;
30;95820;2019-04-11 14:24:39.0;
30;95830;2019-04-11 14:24:41.0;
30;95820;2019-04-11 14:24:43.0;
30;95830;2019-04-11 14:24:44.0;
30;95835;2019-04-11 14:24:48.0;
30;95830;2019-04-11 14:24:50.0;
30;95835;2019-04-11 14:24:51.0;
30;95830;2019-04-11 14:24:53.0;
30;95835;2019-04-11 14:24:55.0;
30;95830;2019-04-11 14:24:57.0;
30;95835;2019-04-11 14:24:59.0;
30;95830;2019-04-11 14:25:07.0;
30;95835;2019-04-11 14:25:11.0;
30;95845;2019-04-11 14:25:13.0;
30;95840;2019-04-11 14:25:14.0;
30;95845;2019-04-11 14:25:15.0;
30;95835;2019-04-11 14:25:17.0;
30;95845;2019-04-11 14:25:18.0;
30;95840;2019-04-11 14:25:20.0;
30;95845;2019-04-11 14:25:21.0;
30;95840;2019-04-11 14:25:26.0;
30;95820;2019-04-11 14:25:29.0;
30;95840;2019-04-11 14:25:31.0;
30;95845;2019-04-11 14:25:34.0;
30;95840;2019-04-11 14:25:37.0;
30;95820;2019-04-11 14:25:40.0;
30;95845;2019-04-11 14:25:42.0;
30;95840;2019-04-11 14:25:44.0;
30;95830;2019-04-11 14:25:45.0;
30;95820;2019-04-11 14:25:47.0;
30;95830;2019-04-11 14:25:48.0;
30;95820;2019-04-11 14:25:49.0;
30;95830;2019-04-11 14:25:51.0;
30;95820;2019-04-11 14:25:55.0;
30;95830;2019-04-11 14:25:58.0;
30;95825;2019-04-11 14:26:06.0;
30;95830;2019-04-11 14:26:07.0;
30;95818;2019-04-11 14:26:16.0;
30;95825;2019-04-11 14:26:17.0;
30;95818;2019-04-11 14:26:21.0;
30;95830;2019-04-11 14:26:22.0;
30;95825;2019-04-11 14:26:24.0;
30;95818;2019-04-11 14:26:25.0;
30;95825;2019-04-11 14:26:27.0;
30;95818;2019-04-11 14:26:28.0;
30;95825;2019-04-11 14:26:29.0;
30;95818;2019-04-11 14:26:32.0;
30;95825;2019-04-11 14:26:33.0;
30;95818;2019-04-11 14:26:36.0;
30;95812;2019-04-11 14:26:37.0;
30;95820;2019-04-11 14:26:39.0;
30;95812;2019-04-11 14:26:40.0;
30;95818;2019-04-11 14:26:45.0;
30;95812;2019-04-11 14:26:46.0;
30;95815;2019-04-11 14:26:52.0;
30;95812;2019-04-11 14:26:55.0;
30;95820;2019-04-11 14:27:00.0;
30;95815;2019-04-11 14:27:01.0;
30;95820;2019-04-11 14:27:04.0;
30;95815;2019-04-11 14:27:05.0;
30;95875;2019-04-11 14:27:33.0;
30;95815;2019-04-11 14:27:36.0;
30;95875;2019-04-11 14:27:39.0;
30;95815;2019-04-11 14:27:40.0;
30;95875;2019-04-11 14:27:42.0;
30;95882;2019-04-11 14:27:49.0;
30;95875;2019-04-11 14:27:53.0;
30;95882;2019-04-11 14:27:56.0;
30;95875;2019-04-11 14:28:00.0;
30;95882;2019-04-11 14:28:09.0;
30;95900;2019-04-11 14:28:12.0;
30;95875;2019-04-11 14:28:13.0;
30;95900;2019-04-11 14:28:15.0;
30;95875;2019-04-11 14:28:16.0;
30;95900;2019-04-11 14:28:18.0;
30;95875;2019-04-11 14:28:19.0;
30;95900;2019-04-11 14:28:21.0;
30;95875;2019-04-11 14:28:25.0;
30;95895;2019-04-11 14:28:29.0;
30;95875;2019-04-11 14:28:31.0;
30;95900;2019-04-11 14:28:33.0;
30;95902;2019-04-11 14:28:41.0;
30;95895;2019-04-11 14:28:43.0;
30;95902;2019-04-11 14:28:44.0;
30;95898;2019-04-11 14:28:46.0;
30;95895;2019-04-11 14:28:47.0;
30;95898;2019-04-11 14:28:51.0;
30;95895;2019-04-11 14:28:52.0;
30;95902;2019-04-11 14:28:54.0;
30;95895;2019-04-11 14:28:55.0;
30;95898;2019-04-11 14:28:57.0;
30;95902;2019-04-11 14:29:00.0;
30;95898;2019-04-11 14:29:08.0;
30;95902;2019-04-11 14:29:09.0;
30;95898;2019-04-11 14:29:10.0;
30;95902;2019-04-11 14:29:12.0;
30;95898;2019-04-11 14:29:13.0;
30;95900;2019-04-11 14:29:15.0;
30;95902;2019-04-11 14:29:18.0;
30;95900;2019-04-11 14:29:21.0;
30;95902;2019-04-11 14:29:22.0;
30;95900;2019-04-11 14:29:24.0;
30;95902;2019-04-11 14:29:25.0;
30;95900;2019-04-11 14:29:26.0;
30;95902;2019-04-11 14:29:29.0;
30;95895;2019-04-11 14:29:33.0;
30;95900;2019-04-11 14:29:34.0;
30;95895;2019-04-11 14:29:38.0;
30;95900;2019-04-11 14:29:39.0;
30;95895;2019-04-11 14:29:40.0;
30;95900;2019-04-11 14:29:41.0;
30;95890;2019-04-11 14:29:45.0;
30;95895;2019-04-11 14:29:49.0;
30;95890;2019-04-11 14:29:50.0;
30;95895;2019-04-11 14:29:54.0;
30;95890;2019-04-11 14:29:56.0;
30;95895;2019-04-11 14:30:01.0;
30;95890;2019-04-11 14:30:02.0;
30;95905;2019-04-11 14:30:17.0;
30;95890;2019-04-11 14:30:18.0;
30;95905;2019-04-11 14:30:19.0;
30;95890;2019-04-11 14:30:26.0;
30;95882;2019-04-11 14:30:29.0;
30;95905;2019-04-11 14:30:31.0;
30;95890;2019-04-11 14:30:35.0;
30;95882;2019-04-11 14:30:37.0;
30;95905;2019-04-11 14:30:38.0;
30;95880;2019-04-11 14:30:39.0;
30;95905;2019-04-11 14:30:42.0;
30;95880;2019-04-11 14:30:43.0;
30;95865;2019-04-11 14:30:48.0;
30;95880;2019-04-11 14:30:49.0;
30;95882;2019-04-11 14:30:51.0;
30;95880;2019-04-11 14:30:52.0;
30;95865;2019-04-11 14:30:54.0;
30;95880;2019-04-11 14:30:59.0;
30;95865;2019-04-11 14:31:03.0;
30;95880;2019-04-11 14:31:05.0;
30;95890;2019-04-11 14:31:06.0;
30;95880;2019-04-11 14:31:07.0;
30;95865;2019-04-11 14:31:11.0;
30;95890;2019-04-11 14:31:13.0;
30;95865;2019-04-11 14:31:15.0;
30;95835;2019-04-11 14:31:18.0;
30;95850;2019-04-11 14:31:19.0;
30;95890;2019-04-11 14:31:21.0;
30;95835;2019-04-11 14:31:22.0;
30;95850;2019-04-11 14:31:24.0;
30;95835;2019-04-11 14:31:25.0;
30;95850;2019-04-11 14:31:27.0;
30;95835;2019-04-11 14:31:28.0;
30;95850;2019-04-11 14:31:30.0;
30;95865;2019-04-11 14:31:33.0;
30;95850;2019-04-11 14:31:34.0;
30;95835;2019-04-11 14:31:37.0;
30;95850;2019-04-11 14:31:38.0;
30;95835;2019-04-11 14:31:40.0;
30;95865;2019-04-11 14:31:42.0;
30;95835;2019-04-11 14:31:43.0;
30;95850;2019-04-11 14:31:45.0;
30;95835;2019-04-11 14:31:46.0;
30;95865;2019-04-11 14:31:49.0;
30;95850;2019-04-11 14:31:51.0;
30;95865;2019-04-11 14:31:52.0;
30;95850;2019-04-11 14:31:56.0;
30;95865;2019-04-11 14:31:57.0;
30;95850;2019-04-11 14:32:02.0;
30;95852;2019-04-11 14:32:03.0;
30;95850;2019-04-11 14:32:04.0;
30;95852;2019-04-11 14:32:17.0;
30;95850;2019-04-11 14:32:18.0;
30;95852;2019-04-11 14:32:19.0;
30;95850;2019-04-11 14:32:21.0;
30;95825;2019-04-11 14:32:23.0;
30;95850;2019-04-11 14:32:26.0;
30;95825;2019-04-11 14:32:27.0;
30;95852;2019-04-11 14:32:30.0;
30;95825;2019-04-11 14:32:31.0;
30;95852;2019-04-11 14:32:32.0;
30;95830;2019-04-11 14:32:36.0;
30;95825;2019-04-11 14:32:37.0;
30;95830;2019-04-11 14:32:39.0;
30;95828;2019-04-11 14:32:40.0;
30;95830;2019-04-11 14:32:44.0;
30;95828;2019-04-11 14:32:46.0;
30;95830;2019-04-11 14:32:51.0;
30;95815;2019-04-11 14:32:54.0;
30;95828;2019-04-11 14:32:56.0;
30;95830;2019-04-11 14:32:57.0;
30;95815;2019-04-11 14:33:00.0;
30;95830;2019-04-11 14:33:05.0;
30;95815;2019-04-11 14:33:06.0;
30;95828;2019-04-11 14:33:07.0;
30;95815;2019-04-11 14:33:09.0;
30;95828;2019-04-11 14:33:10.0;
30;95815;2019-04-11 14:33:12.0;
30;95830;2019-04-11 14:33:17.0;
30;95815;2019-04-11 14:33:23.0;
30;95830;2019-04-11 14:33:26.0;
30;95815;2019-04-11 14:33:27.0;
30;95830;2019-04-11 14:33:31.0;
30;95815;2019-04-11 14:33:32.0;
30;95830;2019-04-11 14:33:36.0;
30;95815;2019-04-11 14:33:37.0;
30;95830;2019-04-11 14:33:38.0;
30;95815;2019-04-11 14:33:40.0;
30;95830;2019-04-11 14:33:47.0;
30;95815;2019-04-11 14:33:48.0;
30;95825;2019-04-11 14:33:53.0;
30;95815;2019-04-11 14:33:55.0;
30;95825;2019-04-11 14:34:00.0;
30;95815;2019-04-11 14:34:03.0;
30;95825;2019-04-11 14:34:10.0;
30;95820;2019-04-11 14:34:11.0;
30;95825;2019-04-11 14:34:14.0;
30;95820;2019-04-11 14:34:23.0;
30;95825;2019-04-11 14:34:26.0;
30;95820;2019-04-11 14:34:28.0;
30;95825;2019-04-11 14:34:29.0;
30;95820;2019-04-11 14:34:30.0;
30;95810;2019-04-11 14:34:49.0;
30;95820;2019-04-11 14:34:52.0;
30;95810;2019-04-11 14:34:53.0;
30;95820;2019-04-11 14:34:55.0;
30;95810;2019-04-11 14:35:04.0;
30;95805;2019-04-11 14:35:11.0;
30;95810;2019-04-11 14:35:14.0;
30;95820;2019-04-11 14:35:17.0;
30;95810;2019-04-11 14:35:18.0;
30;95805;2019-04-11 14:35:20.0;
30;95820;2019-04-11 14:35:22.0;
30;95825;2019-04-11 14:35:25.0;
30;95805;2019-04-11 14:35:26.0;
30;95825;2019-04-11 14:35:29.0;
30;95840;2019-04-11 14:35:31.0;
30;95805;2019-04-11 14:35:33.0;
30;95840;2019-04-11 14:35:34.0;
30;95825;2019-04-11 14:35:37.0;
30;95840;2019-04-11 14:35:38.0;
30;95805;2019-04-11 14:35:40.0;
30;95840;2019-04-11 14:35:41.0;
30;95825;2019-04-11 14:35:43.0;
30;95820;2019-04-11 14:35:46.0;
30;95840;2019-04-11 14:35:47.0;
30;95820;2019-04-11 14:35:48.0;
30;95840;2019-04-11 14:35:50.0;
30;95820;2019-04-11 14:35:54.0;
30;95840;2019-04-11 14:35:57.0;
30;95820;2019-04-11 14:35:58.0;
30;95840;2019-04-11 14:35:59.0;
30;95815;2019-04-11 14:36:02.0;
30;95820;2019-04-11 14:36:08.0;
30;95815;2019-04-11 14:36:10.0;
30;95810;2019-04-11 14:36:15.0;
30;95815;2019-04-11 14:36:16.0;
30;95810;2019-04-11 14:36:18.0;
30;95815;2019-04-11 14:36:22.0;
30;95810;2019-04-11 14:36:24.0;
30;95815;2019-04-11 14:36:25.0;
30;95810;2019-04-11 14:36:28.0;
30;95815;2019-04-11 14:36:29.0;
30;95792;2019-04-11 14:36:32.0;
30;95790;2019-04-11 14:36:33.0;
30;95810;2019-04-11 14:36:35.0;
30;95792;2019-04-11 14:36:37.0;
30;95810;2019-04-11 14:36:41.0;
30;95792;2019-04-11 14:36:42.0;
30;95790;2019-04-11 14:36:43.0;
30;95792;2019-04-11 14:36:45.0;
30;95785;2019-04-11 14:36:46.0;
30;95792;2019-04-11 14:36:48.0;
30;95785;2019-04-11 14:36:49.0;
30;95792;2019-04-11 14:36:50.0;
30;95785;2019-04-11 14:36:52.0;
30;95790;2019-04-11 14:36:54.0;
30;95785;2019-04-11 14:36:55.0;
30;95792;2019-04-11 14:36:58.0;
30;95785;2019-04-11 14:37:00.0;
30;95790;2019-04-11 14:37:01.0;
30;95785;2019-04-11 14:37:03.0;
30;95805;2019-04-11 14:37:05.0;
30;95785;2019-04-11 14:37:06.0;
30;95810;2019-04-11 14:37:07.0;
30;95785;2019-04-11 14:37:09.0;
30;95810;2019-04-11 14:37:12.0;
30;95805;2019-04-11 14:37:16.0;
30;95820;2019-04-11 14:37:18.0;
30;95805;2019-04-11 14:37:19.0;
30;95810;2019-04-11 14:37:20.0;
30;95820;2019-04-11 14:37:22.0;
30;95810;2019-04-11 14:37:23.0;
30;95805;2019-04-11 14:37:24.0;
30;95810;2019-04-11 14:37:27.0;
30;95805;2019-04-11 14:37:28.0;
30;95810;2019-04-11 14:37:30.0;
30;95805;2019-04-11 14:37:31.0;
30;95820;2019-04-11 14:37:36.0;
30;95815;2019-04-11 14:37:40.0;
30;95830;2019-04-11 14:37:41.0;
30;95815;2019-04-11 14:37:43.0;
30;95820;2019-04-11 14:37:44.0;
30;95830;2019-04-11 14:37:47.0;
30;95820;2019-04-11 14:37:48.0;
30;95830;2019-04-11 14:37:50.0;
30;95815;2019-04-11 14:37:51.0;
30;95830;2019-04-11 14:37:53.0;
30;95815;2019-04-11 14:37:58.0;
30;95830;2019-04-11 14:38:00.0;
30;95815;2019-04-11 14:38:03.0;
30;95830;2019-04-11 14:38:05.0;
30;95825;2019-04-11 14:38:13.0;
30;95830;2019-04-11 14:38:14.0;
30;95825;2019-04-11 14:38:17.0;
30;95810;2019-04-11 14:38:19.0;
30;95825;2019-04-11 14:38:31.0;
30;95810;2019-04-11 14:38:35.0;
30;95825;2019-04-11 14:38:39.0;
30;95810;2019-04-11 14:38:43.0;
30;95815;2019-04-11 14:38:48.0;
30;95810;2019-04-11 14:38:51.0;
30;95815;2019-04-11 14:38:53.0;
30;95825;2019-04-11 14:39:26.0;
30;95740;2019-04-11 14:40:04.0;
30;95790;2019-04-11 14:40:14.0;
30;95740;2019-04-11 14:40:16.0;
30;95790;2019-04-11 14:40:21.0;
30;95740;2019-04-11 14:40:23.0;
30;95790;2019-04-11 14:40:28.0;
30;95740;2019-04-11 14:40:33.0;
30;95782;2019-04-11 14:40:35.0;
30;95745;2019-04-11 14:41:07.0;
30;95765;2019-04-11 14:41:40.0;
30;95775;2019-04-11 14:42:15.0;
30;95795;2019-04-11 14:42:47.0;
30;95810;2019-04-11 14:42:50.0;
30;95795;2019-04-11 14:42:59.0;
30;95810;2019-04-11 14:43:01.0;
30;95795;2019-04-11 14:43:02.0;
30;95810;2019-04-11 14:43:05.0;
30;95795;2019-04-11 14:43:06.0;
30;95810;2019-04-11 14:43:08.0;
30;95795;2019-04-11 14:43:09.0;
30;95810;2019-04-11 14:43:11.0;
30;95795;2019-04-11 14:43:15.0;
30;95820;2019-04-11 14:43:17.0;
30;95810;2019-04-11 14:43:19.0;
30;95820;2019-04-11 14:43:21.0;
30;95790;2019-04-11 14:43:23.0;
30;95820;2019-04-11 14:43:27.0;
30;95790;2019-04-11 14:43:32.0;
30;95820;2019-04-11 14:43:33.0;
30;95790;2019-04-11 14:43:42.0;
30;95820;2019-04-11 14:43:43.0;
30;95790;2019-04-11 14:43:46.0;
30;95820;2019-04-11 14:43:47.0;
30;95825;2019-04-11 14:43:50.0;
30;95815;2019-04-11 14:44:19.0;
30;95825;2019-04-11 14:44:20.0;
30;95815;2019-04-11 14:44:22.0;
30;95825;2019-04-11 14:44:25.0;
30;95815;2019-04-11 14:44:26.0;
30;95820;2019-04-11 14:44:28.0;
30;95815;2019-04-11 14:44:33.0;
30;95820;2019-04-11 14:44:35.0;
30;95815;2019-04-11 14:44:43.0;
30;95820;2019-04-11 14:44:45.0;
30;95815;2019-04-11 14:44:49.0;
30;95820;2019-04-11 14:44:50.0;
30;95810;2019-04-11 14:44:53.0;
30;95820;2019-04-11 14:44:55.0;
30;95810;2019-04-11 14:44:56.0;
30;95820;2019-04-11 14:44:57.0;
30;95810;2019-04-11 14:45:00.0;
30;95825;2019-04-11 14:45:34.0;
30;95835;2019-04-11 14:45:35.0;
30;95825;2019-04-11 14:45:38.0;
30;95835;2019-04-11 14:45:41.0;
30;95825;2019-04-11 14:45:48.0;
30;95835;2019-04-11 14:45:50.0;
30;95825;2019-04-11 14:45:51.0;
30;95835;2019-04-11 14:45:52.0;
30;95810;2019-04-11 14:46:02.0;
30;95835;2019-04-11 14:46:03.0;
30;95810;2019-04-11 14:46:07.0;
30;95835;2019-04-11 14:46:08.0;
30;95825;2019-04-11 14:46:10.0;
30;95810;2019-04-11 14:46:13.0;
30;95825;2019-04-11 14:46:24.0;
30;95810;2019-04-11 14:46:25.0;
30;95825;2019-04-11 14:46:33.0;
30;95812;2019-04-11 14:46:35.0;
30;95825;2019-04-11 14:46:44.0;
30;95812;2019-04-11 14:46:46.0;
30;95825;2019-04-11 14:46:49.0;
30;95812;2019-04-11 14:46:50.0;
30;95825;2019-04-11 14:46:51.0;
30;95812;2019-04-11 14:46:53.0;
30;95825;2019-04-11 14:46:54.0;
30;95812;2019-04-11 14:46:56.0;
30;95825;2019-04-11 14:46:57.0;
30;95812;2019-04-11 14:46:59.0;
30;95825;2019-04-11 14:47:01.0;
30;95812;2019-04-11 14:47:03.0;
30;95825;2019-04-11 14:47:06.0;
30;95860;2019-04-11 14:47:15.0;
30;95825;2019-04-11 14:47:18.0;
30;95860;2019-04-11 14:47:22.0;
30;95825;2019-04-11 14:47:28.0;
30;95865;2019-04-11 14:47:40.0;
30;95860;2019-04-11 14:47:43.0;
30;95865;2019-04-11 14:47:47.0;
30;95885;2019-04-11 14:47:50.0;
30;95865;2019-04-11 14:47:54.0;
30;95885;2019-04-11 14:47:56.0;
30;95865;2019-04-11 14:47:58.0;
30;95885;2019-04-11 14:48:01.0;
30;95865;2019-04-11 14:48:03.0;
30;95890;2019-04-11 14:48:05.0;
30;95885;2019-04-11 14:48:07.0;
30;95865;2019-04-11 14:48:10.0;
30;95885;2019-04-11 14:48:11.0;
30;95890;2019-04-11 14:48:12.0;
30;95885;2019-04-11 14:48:15.0;
30;95890;2019-04-11 14:48:17.0;
30;95908;2019-04-11 14:48:18.0;
30;95890;2019-04-11 14:48:21.0;
30;95908;2019-04-11 14:48:22.0;
30;95890;2019-04-11 14:48:24.0;
30;95908;2019-04-11 14:48:25.0;
30;95890;2019-04-11 14:48:27.0;
30;95908;2019-04-11 14:48:28.0;
30;95952;2019-04-11 14:48:30.0;
30;95908;2019-04-11 14:48:31.0;
30;95952;2019-04-11 14:48:33.0;
30;95908;2019-04-11 14:48:35.0;
30;95960;2019-04-11 14:48:37.0;
30;95908;2019-04-11 14:48:42.0;
30;95960;2019-04-11 14:48:44.0;
30;95952;2019-04-11 14:48:45.0;
30;95960;2019-04-11 14:48:46.0;
30;95930;2019-04-11 14:48:52.0;
30;95960;2019-04-11 14:48:54.0;
30;95930;2019-04-11 14:48:56.0;
30;95960;2019-04-11 14:48:58.0;
30;95930;2019-04-11 14:49:01.0;
30;95945;2019-04-11 14:49:05.0;
30;95960;2019-04-11 14:49:06.0;
30;95945;2019-04-11 14:49:09.0;
30;95930;2019-04-11 14:49:18.0;
30;95940;2019-04-11 14:49:19.0;
30;95945;2019-04-11 14:49:21.0;
30;95955;2019-04-11 14:49:22.0;
30;95940;2019-04-11 14:49:23.0;
30;95945;2019-04-11 14:49:26.0;
30;95955;2019-04-11 14:49:28.0;
30;95945;2019-04-11 14:49:29.0;
30;95940;2019-04-11 14:49:30.0;
30;95955;2019-04-11 14:49:32.0;
30;95945;2019-04-11 14:49:34.0;
30;95955;2019-04-11 14:49:36.0;
30;95940;2019-04-11 14:49:37.0;
30;95955;2019-04-11 14:49:39.0;
30;95935;2019-04-11 14:49:43.0;
30;95955;2019-04-11 14:49:44.0;
30;95935;2019-04-11 14:49:46.0;
30;95945;2019-04-11 14:50:16.0;
30;95935;2019-04-11 14:50:18.0;
30;95945;2019-04-11 14:50:19.0;
30;95935;2019-04-11 14:50:23.0;
30;95945;2019-04-11 14:50:24.0;
30;95935;2019-04-11 14:50:26.0;
30;95945;2019-04-11 14:50:27.0;
30;95935;2019-04-11 14:50:29.0;
30;95945;2019-04-11 14:50:34.0;
30;95935;2019-04-11 14:50:38.0;
30;95945;2019-04-11 14:50:46.0;
30;95935;2019-04-11 14:50:48.0;
30;95945;2019-04-11 14:50:55.0;
30;95950;2019-04-11 14:50:56.0;
30;95940;2019-04-11 14:50:59.0;
30;95945;2019-04-11 14:51:00.0;
30;95940;2019-04-11 14:51:02.0;
30;95950;2019-04-11 14:51:05.0;
30;95945;2019-04-11 14:51:06.0;
30;95940;2019-04-11 14:51:08.0;
30;95945;2019-04-11 14:51:09.0;
30;95940;2019-04-11 14:51:10.0;
30;95950;2019-04-11 14:51:12.0;
30;95940;2019-04-11 14:51:13.0;
30;95950;2019-04-11 14:51:16.0;
30;95945;2019-04-11 14:51:18.0;
30;95950;2019-04-11 14:51:21.0;
30;95945;2019-04-11 14:51:22.0;
30;95950;2019-04-11 14:51:23.0;
30;95945;2019-04-11 14:51:25.0;
30;95950;2019-04-11 14:51:26.0;
30;95945;2019-04-11 14:51:28.0;
30;95950;2019-04-11 14:51:32.0;
30;95945;2019-04-11 14:51:36.0;
30;95950;2019-04-11 14:51:41.0;
30;95945;2019-04-11 14:51:42.0;
30;95965;2019-04-11 14:51:45.0;
30;95950;2019-04-11 14:51:47.0;
30;95945;2019-04-11 14:51:48.0;
30;95965;2019-04-11 14:51:50.0;
30;95955;2019-04-11 14:51:51.0;
30;95965;2019-04-11 14:51:52.0;
30;95950;2019-04-11 14:51:55.0;
30;95965;2019-04-11 14:51:57.0;
30;95955;2019-04-11 14:52:00.0;
30;95965;2019-04-11 14:52:01.0;
30;95955;2019-04-11 14:52:03.0;
30;95945;2019-04-11 14:52:06.0;
30;95955;2019-04-11 14:52:08.0;
30;95930;2019-04-11 14:52:11.0;
30;95955;2019-04-11 14:52:13.0;
30;95930;2019-04-11 14:52:14.0;
30;95955;2019-04-11 14:52:17.0;
30;95945;2019-04-11 14:52:18.0;
30;95955;2019-04-11 14:52:21.0;
30;95945;2019-04-11 14:52:23.0;
30;95908;2019-04-11 14:52:24.0;
30;95930;2019-04-11 14:52:26.0;
30;95945;2019-04-11 14:52:27.0;
30;95908;2019-04-11 14:52:28.0;
30;95945;2019-04-11 14:52:30.0;
30;95930;2019-04-11 14:52:34.0;
30;95945;2019-04-11 14:52:36.0;
30;95940;2019-04-11 14:52:37.0;
30;95908;2019-04-11 14:52:39.0;
30;95930;2019-04-11 14:52:43.0;
30;95908;2019-04-11 14:52:48.0;
30;95930;2019-04-11 14:52:49.0;
30;95940;2019-04-11 14:52:50.0;
30;95930;2019-04-11 14:52:52.0;
30;95908;2019-04-11 14:52:55.0;
30;95940;2019-04-11 14:52:56.0;
30;95930;2019-04-11 14:52:57.0;
30;95940;2019-04-11 14:52:59.0;
30;95930;2019-04-11 14:53:03.0;
30;95940;2019-04-11 14:53:04.0;
30;95935;2019-04-11 14:53:09.0;
30;95930;2019-04-11 14:53:10.0;
30;95940;2019-04-11 14:53:14.0;
30;95935;2019-04-11 14:53:21.0;
30;95942;2019-04-11 14:53:32.0;
30;95935;2019-04-11 14:53:34.0;
30;95942;2019-04-11 14:53:35.0;
30;95935;2019-04-11 14:53:36.0;
30;95942;2019-04-11 14:53:41.0;
30;95935;2019-04-11 14:53:45.0;
30;95942;2019-04-11 14:53:48.0;
30;95965;2019-04-11 14:53:49.0;
30;95942;2019-04-11 14:53:52.0;
30;95965;2019-04-11 14:54:01.0;
30;95942;2019-04-11 14:54:03.0;
30;95965;2019-04-11 14:54:04.0;
30;95882;2019-04-11 14:54:13.0;
30;95965;2019-04-11 14:54:15.0;
30;95882;2019-04-11 14:54:17.0;
30;95965;2019-04-11 14:54:18.0;
30;95882;2019-04-11 14:54:21.0;
30;95880;2019-04-11 14:54:26.0;
30;95882;2019-04-11 14:54:28.0;
30;95880;2019-04-11 14:54:34.0;
30;95882;2019-04-11 14:54:36.0;
30;95880;2019-04-11 14:54:40.0;
30;95882;2019-04-11 14:54:41.0;
30;95880;2019-04-11 14:54:43.0;
30;95882;2019-04-11 14:54:46.0;
30;95895;2019-04-11 14:54:47.0;
30;95880;2019-04-11 14:54:49.0;
30;95895;2019-04-11 14:54:50.0;
30;95880;2019-04-11 14:54:51.0;
30;95875;2019-04-11 14:54:53.0;
30;95895;2019-04-11 14:54:57.0;
30;95885;2019-04-11 14:55:00.0;
30;95875;2019-04-11 14:55:01.0;
30;95895;2019-04-11 14:55:04.0;
30;95885;2019-04-11 14:55:07.0;
30;95895;2019-04-11 14:55:10.0;
30;95885;2019-04-11 14:55:11.0;
30;95895;2019-04-11 14:55:13.0;
30;95885;2019-04-11 14:55:14.0;
30;95865;2019-04-11 14:55:18.0;
30;95875;2019-04-11 14:55:20.0;
30;95865;2019-04-11 14:55:23.0;
30;95885;2019-04-11 14:55:25.0;
30;95865;2019-04-11 14:55:26.0;
30;95885;2019-04-11 14:55:29.0;
30;95865;2019-04-11 14:55:32.0;
30;95885;2019-04-11 14:55:33.0;
30;95862;2019-04-11 14:55:35.0;
30;95865;2019-04-11 14:55:40.0;
30;95885;2019-04-11 14:55:44.0;
30;95862;2019-04-11 14:55:46.0;
30;95850;2019-04-11 14:55:50.0;
30;95862;2019-04-11 14:55:52.0;
30;95850;2019-04-11 14:55:54.0;
30;95862;2019-04-11 14:55:57.0;
30;95850;2019-04-11 14:55:58.0;
30;95862;2019-04-11 14:56:00.0;
30;95850;2019-04-11 14:56:01.0;
30;95860;2019-04-11 14:56:17.0;
30;95850;2019-04-11 14:56:20.0;
30;95840;2019-04-11 14:56:21.0;
30;95850;2019-04-11 14:56:24.0;
30;95840;2019-04-11 14:56:30.0;
30;95860;2019-04-11 14:56:31.0;
30;95840;2019-04-11 14:56:32.0;
30;95860;2019-04-11 14:56:35.0;
30;95840;2019-04-11 14:56:37.0;
30;95850;2019-04-11 14:56:40.0;
30;95840;2019-04-11 14:56:44.0;
30;95850;2019-04-11 14:56:46.0;
30;95860;2019-04-11 14:56:47.0;
30;95850;2019-04-11 14:56:48.0;
30;95840;2019-04-11 14:56:50.0;
30;95902;2019-04-11 14:56:51.0;
30;95850;2019-04-11 14:56:54.0;
30;95922;2019-04-11 14:56:56.0;
30;95850;2019-04-11 14:56:57.0;
30;95922;2019-04-11 14:56:58.0;
30;95902;2019-04-11 14:57:01.0;
30;95922;2019-04-11 14:57:02.0;
30;95878;2019-04-11 14:57:04.0;
30;95902;2019-04-11 14:57:05.0;
30;95878;2019-04-11 14:57:07.0;
30;95922;2019-04-11 14:57:08.0;
30;95878;2019-04-11 14:57:10.0;
30;95902;2019-04-11 14:57:11.0;
30;95922;2019-04-11 14:57:13.0;
30;95902;2019-04-11 14:57:14.0;
30;95878;2019-04-11 14:57:16.0;
30;95922;2019-04-11 14:57:20.0;
30;95902;2019-04-11 14:57:21.0;
30;95865;2019-04-11 14:57:22.0;
30;95922;2019-04-11 14:57:24.0;
30;95878;2019-04-11 14:57:25.0;
30;95865;2019-04-11 14:57:26.0;
30;95878;2019-04-11 14:57:28.0;
30;95880;2019-04-11 14:57:29.0;
30;95865;2019-04-11 14:57:31.0;
30;95880;2019-04-11 14:57:34.0;
30;95865;2019-04-11 14:57:35.0;
30;95875;2019-04-11 14:57:36.0;
30;95880;2019-04-11 14:57:38.0;
30;95865;2019-04-11 14:57:41.0;
30;95880;2019-04-11 14:57:42.0;
30;95865;2019-04-11 14:57:43.0;
30;95880;2019-04-11 14:57:45.0;
30;95875;2019-04-11 14:57:46.0;
30;95880;2019-04-11 14:57:47.0;
30;95875;2019-04-11 14:57:49.0;
30;95880;2019-04-11 14:57:50.0;
30;95875;2019-04-11 14:57:56.0;
30;95880;2019-04-11 14:57:57.0;
30;95875;2019-04-11 14:57:59.0;
30;95855;2019-04-11 14:58:14.0;
30;95875;2019-04-11 14:58:16.0;
30;95855;2019-04-11 14:58:23.0;
30;95875;2019-04-11 14:58:25.0;
30;95855;2019-04-11 14:58:27.0;
30;95875;2019-04-11 14:58:29.0;
30;95855;2019-04-11 14:58:30.0;
30;95815;2019-04-11 14:58:33.0;
30;95855;2019-04-11 14:58:37.0;
30;95815;2019-04-11 14:58:39.0;
30;95855;2019-04-11 14:58:42.0;
30;95815;2019-04-11 14:58:43.0;
30;95855;2019-04-11 14:58:45.0;
30;95815;2019-04-11 14:58:46.0;
30;95818;2019-04-11 14:58:52.0;
30;95815;2019-04-11 14:58:56.0;
30;95818;2019-04-11 14:59:01.0;
30;95820;2019-04-11 14:59:04.0;
30;95818;2019-04-11 14:59:05.0;
30;95815;2019-04-11 14:59:09.0;
30;95820;2019-04-11 14:59:11.0;
30;95818;2019-04-11 14:59:14.0;
30;95810;2019-04-11 14:59:16.0;
30;95820;2019-04-11 14:59:20.0;
30;95810;2019-04-11 14:59:23.0;
30;95820;2019-04-11 14:59:24.0;
30;95810;2019-04-11 14:59:30.0;
30;95820;2019-04-11 14:59:31.0;
30;95810;2019-04-11 14:59:32.0;
30;95820;2019-04-11 14:59:34.0;
30;95810;2019-04-11 14:59:36.0;
30;95800;2019-04-11 14:59:38.0;
30;95820;2019-04-11 14:59:40.0;
30;95800;2019-04-11 14:59:41.0;
30;95820;2019-04-11 14:59:44.0;
30;95810;2019-04-11 14:59:45.0;
30;95800;2019-04-11 14:59:47.0;
30;95805;2019-04-11 15:00:13.0;
30;95800;2019-04-11 15:00:16.0;
30;95805;2019-04-11 15:00:21.0;
30;95800;2019-04-11 15:00:23.0;
30;95818;2019-04-11 15:00:25.0;
30;95805;2019-04-11 15:00:32.0;
30;95818;2019-04-11 15:00:34.0;
30;95805;2019-04-11 15:00:35.0;
30;95818;2019-04-11 15:00:36.0;
30;95790;2019-04-11 15:00:45.0;
30;95818;2019-04-11 15:00:47.0;
30;95790;2019-04-11 15:00:50.0;
30;95818;2019-04-11 15:00:51.0;
30;95790;2019-04-11 15:00:55.0;
30;95778;2019-04-11 15:00:57.0;
30;95790;2019-04-11 15:00:58.0;
30;95778;2019-04-11 15:01:00.0;
30;95790;2019-04-11 15:01:03.0;
30;95720;2019-04-11 15:01:06.0;
30;95778;2019-04-11 15:01:07.0;
30;95720;2019-04-11 15:01:08.0;
30;95790;2019-04-11 15:01:11.0;
30;95720;2019-04-11 15:01:13.0;
30;95778;2019-04-11 15:01:16.0;
30;95720;2019-04-11 15:01:17.0;
30;95778;2019-04-11 15:01:19.0;
30;95695;2019-04-11 15:01:20.0;
30;95778;2019-04-11 15:01:21.0;
30;95720;2019-04-11 15:01:24.0;
30;95715;2019-04-11 15:01:29.0;
30;95695;2019-04-11 15:01:31.0;
30;95720;2019-04-11 15:01:32.0;
30;95695;2019-04-11 15:01:34.0;
30;95715;2019-04-11 15:01:36.0;
30;95702;2019-04-11 15:01:37.0;
30;95695;2019-04-11 15:01:39.0;
30;95702;2019-04-11 15:01:40.0;
30;95715;2019-04-11 15:01:44.0;
30;95695;2019-04-11 15:01:45.0;
30;95702;2019-04-11 15:01:48.0;
30;95715;2019-04-11 15:01:50.0;
30;95702;2019-04-11 15:01:58.0;
30;95715;2019-04-11 15:01:59.0;
30;95702;2019-04-11 15:02:04.0;
30;95715;2019-04-11 15:02:05.0;
30;95702;2019-04-11 15:02:06.0;
30;95715;2019-04-11 15:02:08.0;
30;95720;2019-04-11 15:02:11.0;
30;95715;2019-04-11 15:02:16.0;
30;95720;2019-04-11 15:02:19.0;
30;95715;2019-04-11 15:02:20.0;
30;95725;2019-04-11 15:02:21.0;
30;95715;2019-04-11 15:02:23.0;
30;95725;2019-04-11 15:02:24.0;
30;95715;2019-04-11 15:02:26.0;
30;95725;2019-04-11 15:02:27.0;
30;95715;2019-04-11 15:02:29.0;
30;95725;2019-04-11 15:02:32.0;
30;95720;2019-04-11 15:02:35.0;
30;95725;2019-04-11 15:02:37.0;
30;95738;2019-04-11 15:02:45.0;
30;95725;2019-04-11 15:02:46.0;
30;95750;2019-04-11 15:02:53.0;
30;95738;2019-04-11 15:02:54.0;
30;95725;2019-04-11 15:02:56.0;
30;95738;2019-04-11 15:02:57.0;
30;95725;2019-04-11 15:03:00.0;
30;95750;2019-04-11 15:03:01.0;
30;95745;2019-04-11 15:03:05.0;
30;95750;2019-04-11 15:03:06.0;
30;95738;2019-04-11 15:03:08.0;
30;95745;2019-04-11 15:03:11.0;
30;95750;2019-04-11 15:03:12.0;
30;95745;2019-04-11 15:03:13.0;
30;95738;2019-04-11 15:03:15.0;
30;95750;2019-04-11 15:03:16.0;
30;95795;2019-04-11 15:03:19.0;
30;95745;2019-04-11 15:03:20.0;
30;95750;2019-04-11 15:03:22.0;
30;95745;2019-04-11 15:03:24.0;
30;95830;2019-04-11 15:03:25.0;
30;95745;2019-04-11 15:03:29.0;
30;95830;2019-04-11 15:03:31.0;
30;95795;2019-04-11 15:03:32.0;
30;95745;2019-04-11 15:03:34.0;
30;95795;2019-04-11 15:03:35.0;
30;95840;2019-04-11 15:03:39.0;
30;95830;2019-04-11 15:03:41.0;
30;95795;2019-04-11 15:03:44.0;
30;95840;2019-04-11 15:03:48.0;
30;95830;2019-04-11 15:03:49.0;
30;95840;2019-04-11 15:03:55.0;
30;95830;2019-04-11 15:03:59.0;
30;95820;2019-04-11 15:04:11.0;
30;95830;2019-04-11 15:04:14.0;
30;95820;2019-04-11 15:04:17.0;
30;95830;2019-04-11 15:04:18.0;
30;95820;2019-04-11 15:04:20.0;
30;95830;2019-04-11 15:04:21.0;
30;95800;2019-04-11 15:04:24.0;
30;95820;2019-04-11 15:04:25.0;
30;95830;2019-04-11 15:04:27.0;
30;95800;2019-04-11 15:04:34.0;
30;95820;2019-04-11 15:04:35.0;
30;95800;2019-04-11 15:04:36.0;
30;95820;2019-04-11 15:04:38.0;
30;95785;2019-04-11 15:04:39.0;
30;95800;2019-04-11 15:04:44.0;
30;95785;2019-04-11 15:04:45.0;
30;95800;2019-04-11 15:04:46.0;
30;95785;2019-04-11 15:04:49.0;
30;95800;2019-04-11 15:04:51.0;
30;95820;2019-04-11 15:04:55.0;
30;95785;2019-04-11 15:04:58.0;
30;95800;2019-04-11 15:04:59.0;
30;95785;2019-04-11 15:05:01.0;
30;95800;2019-04-11 15:05:02.0;
30;95820;2019-04-11 15:05:04.0;
30;95785;2019-04-11 15:05:05.0;
30;95820;2019-04-11 15:05:07.0;
30;95800;2019-04-11 15:05:10.0;
30;95835;2019-04-11 15:05:11.0;
30;95820;2019-04-11 15:05:16.0;
30;95855;2019-04-11 15:05:17.0;
30;95820;2019-04-11 15:05:20.0;
30;95855;2019-04-11 15:05:22.0;
30;95835;2019-04-11 15:05:24.0;
30;95820;2019-04-11 15:05:26.0;
30;95855;2019-04-11 15:05:28.0;
30;95835;2019-04-11 15:05:29.0;
30;95855;2019-04-11 15:05:31.0;
30;95830;2019-04-11 15:05:47.0;
30;95825;2019-04-11 15:05:50.0;
30;95830;2019-04-11 15:05:51.0;
30;95825;2019-04-11 15:05:52.0;
30;95830;2019-04-11 15:05:54.0;
30;95855;2019-04-11 15:05:58.0;
30;95830;2019-04-11 15:06:00.0;
30;95825;2019-04-11 15:06:04.0;
30;95865;2019-04-11 15:06:07.0;
30;95825;2019-04-11 15:06:08.0;
30;95865;2019-04-11 15:06:11.0;
30;95830;2019-04-11 15:06:13.0;
30;95825;2019-04-11 15:06:14.0;
30;95830;2019-04-11 15:06:15.0;
30;95865;2019-04-11 15:06:17.0;
30;95895;2019-04-11 15:06:19.0;
30;95865;2019-04-11 15:06:25.0;
30;95895;2019-04-11 15:06:27.0;
30;95865;2019-04-11 15:06:28.0;
30;95895;2019-04-11 15:06:30.0;
30;95865;2019-04-11 15:06:34.0;
30;95895;2019-04-11 15:06:37.0;
30;95850;2019-04-11 15:06:52.0;
30;95855;2019-04-11 15:06:54.0;
30;95850;2019-04-11 15:06:59.0;
30;95855;2019-04-11 15:07:04.0;
30;95850;2019-04-11 15:07:07.0;
30;95855;2019-04-11 15:07:08.0;
30;95850;2019-04-11 15:07:15.0;
30;95855;2019-04-11 15:07:19.0;
30;95905;2019-04-11 15:07:27.0;
30;95890;2019-04-11 15:07:30.0;
30;95905;2019-04-11 15:07:34.0;
30;95890;2019-04-11 15:07:35.0;
30;95905;2019-04-11 15:07:39.0;
30;95890;2019-04-11 15:07:42.0;
30;95905;2019-04-11 15:07:44.0;
30;95890;2019-04-11 15:07:45.0;
30;95905;2019-04-11 15:07:57.0;
30;95890;2019-04-11 15:07:59.0;
30;95910;2019-04-11 15:08:01.0;
30;95872;2019-04-11 15:08:13.0;
30;95910;2019-04-11 15:08:15.0;
30;95872;2019-04-11 15:08:16.0;
30;95910;2019-04-11 15:08:18.0;
30;95872;2019-04-11 15:08:19.0;
30;95910;2019-04-11 15:08:22.0;
30;95872;2019-04-11 15:08:25.0;
30;95910;2019-04-11 15:08:26.0;
30;95920;2019-04-11 15:08:31.0;
30;95872;2019-04-11 15:08:38.0;
30;95920;2019-04-11 15:08:39.0;
30;95905;2019-04-11 15:09:02.0;
30;95930;2019-04-11 15:09:17.0;
30;95905;2019-04-11 15:09:19.0;
30;95930;2019-04-11 15:09:21.0;
30;95905;2019-04-11 15:09:22.0;
30;95930;2019-04-11 15:09:25.0;
30;95905;2019-04-11 15:09:29.0;
30;95930;2019-04-11 15:09:37.0;
30;95880;2019-04-11 15:09:39.0;
30;95930;2019-04-11 15:09:43.0;
30;95905;2019-04-11 15:09:45.0;
30;95880;2019-04-11 15:09:47.0;
30;95875;2019-04-11 15:09:50.0;
30;95880;2019-04-11 15:09:54.0;
30;95875;2019-04-11 15:09:56.0;
30;95880;2019-04-11 15:09:57.0;
30;95875;2019-04-11 15:09:59.0;
30;95905;2019-04-11 15:10:00.0;
30;95875;2019-04-11 15:10:02.0;
30;95905;2019-04-11 15:10:03.0;
30;95875;2019-04-11 15:10:05.0;
30;95880;2019-04-11 15:10:06.0;
30;95875;2019-04-11 15:10:09.0;
30;95832;2019-04-11 15:10:10.0;
30;95875;2019-04-11 15:10:19.0;
30;95832;2019-04-11 15:10:20.0;
30;95815;2019-04-11 15:10:24.0;
30;95832;2019-04-11 15:10:25.0;
30;95815;2019-04-11 15:10:30.0;
30;95832;2019-04-11 15:10:34.0;
30;95815;2019-04-11 15:10:35.0;
30;95832;2019-04-11 15:10:37.0;
30;95815;2019-04-11 15:10:38.0;
30;95832;2019-04-11 15:10:43.0;
30;95785;2019-04-11 15:10:44.0;
30;95815;2019-04-11 15:10:47.0;
30;95750;2019-04-11 15:10:48.0;
30;95815;2019-04-11 15:10:50.0;
30;95750;2019-04-11 15:10:52.0;
30;95785;2019-04-11 15:10:54.0;
30;95770;2019-04-11 15:10:55.0;
30;95785;2019-04-11 15:10:57.0;
30;95750;2019-04-11 15:10:58.0;
30;95770;2019-04-11 15:11:00.0;
30;95750;2019-04-11 15:11:01.0;
30;95770;2019-04-11 15:11:05.0;
30;95785;2019-04-11 15:11:07.0;
30;95770;2019-04-11 15:11:13.0;
30;95750;2019-04-11 15:11:15.0;
30;95745;2019-04-11 15:11:18.0;
30;95750;2019-04-11 15:11:28.0;
30;95745;2019-04-11 15:11:31.0;
30;95750;2019-04-11 15:11:36.0;
30;95745;2019-04-11 15:11:37.0;
30;95750;2019-04-11 15:11:40.0;
30;95745;2019-04-11 15:11:41.0;
30;95750;2019-04-11 15:11:44.0;
30;95745;2019-04-11 15:11:46.0;
30;95750;2019-04-11 15:11:49.0;
30;95735;2019-04-11 15:11:51.0;
30;95750;2019-04-11 15:11:53.0;
30;95735;2019-04-11 15:11:56.0;
30;95700;2019-04-11 15:12:04.0;
30;95735;2019-04-11 15:12:06.0;
30;95700;2019-04-11 15:12:17.0;
30;95735;2019-04-11 15:12:19.0;
30;95700;2019-04-11 15:12:20.0;
30;95735;2019-04-11 15:12:21.0;
30;95665;2019-04-11 15:12:24.0;
30;95700;2019-04-11 15:12:26.0;
30;95670;2019-04-11 15:12:30.0;
30;95700;2019-04-11 15:12:32.0;
30;95665;2019-04-11 15:12:35.0;
30;95670;2019-04-11 15:12:36.0;
30;95655;2019-04-11 15:12:39.0;
30;95670;2019-04-11 15:12:40.0;
30;95655;2019-04-11 15:12:42.0;
30;95670;2019-04-11 15:12:43.0;
30;95665;2019-04-11 15:12:44.0;
30;95655;2019-04-11 15:12:49.0;
30;95608;2019-04-11 15:12:56.0;
30;95670;2019-04-11 15:12:58.0;
30;95608;2019-04-11 15:12:59.0;
30;95670;2019-04-11 15:13:00.0;
30;95562;2019-04-11 15:13:02.0;
30;95655;2019-04-11 15:13:04.0;
30;95562;2019-04-11 15:13:05.0;
30;95655;2019-04-11 15:13:07.0;
30;95562;2019-04-11 15:13:08.0;
30;95608;2019-04-11 15:13:09.0;
30;95562;2019-04-11 15:13:12.0;
30;95608;2019-04-11 15:13:15.0;
30;95562;2019-04-11 15:13:17.0;
30;95608;2019-04-11 15:13:18.0;
30;95545;2019-04-11 15:13:20.0;
30;95562;2019-04-11 15:13:21.0;
30;95608;2019-04-11 15:13:25.0;
30;95545;2019-04-11 15:13:27.0;
30;95562;2019-04-11 15:13:28.0;
30;95600;2019-04-11 15:13:29.0;
30;95545;2019-04-11 15:13:35.0;
30;95615;2019-04-11 15:13:38.0;
30;95600;2019-04-11 15:13:40.0;
30;95615;2019-04-11 15:13:41.0;
30;95545;2019-04-11 15:13:43.0;
30;95600;2019-04-11 15:13:44.0;
30;95615;2019-04-11 15:13:46.0;
30;95600;2019-04-11 15:13:47.0;
30;95615;2019-04-11 15:13:51.0;
30;95600;2019-04-11 15:13:52.0;
30;95615;2019-04-11 15:14:03.0;
30;95600;2019-04-11 15:14:05.0;
30;95610;2019-04-11 15:14:11.0;
30;95600;2019-04-11 15:14:13.0;
30;95610;2019-04-11 15:14:19.0;
30;95600;2019-04-11 15:14:21.0;
30;95610;2019-04-11 15:14:24.0;
30;95600;2019-04-11 15:14:27.0;
30;95630;2019-04-11 15:14:28.0;
30;95610;2019-04-11 15:14:29.0;
30;95630;2019-04-11 15:14:35.0;
30;95610;2019-04-11 15:14:38.0;
30;95630;2019-04-11 15:14:49.0;
30;95610;2019-04-11 15:14:50.0;
30;95630;2019-04-11 15:14:52.0;
30;95610;2019-04-11 15:14:53.0;
30;95630;2019-04-11 15:14:58.0;
30;95610;2019-04-11 15:14:59.0;
30;95605;2019-04-11 15:15:03.0;
30;95610;2019-04-11 15:15:05.0;
30;95605;2019-04-11 15:15:09.0;
30;95625;2019-04-11 15:15:13.0;
30;95655;2019-04-11 15:15:18.0;
30;95625;2019-04-11 15:15:19.0;
30;95655;2019-04-11 15:15:22.0;
30;95605;2019-04-11 15:15:25.0;
30;95625;2019-04-11 15:15:28.0;
30;95605;2019-04-11 15:15:30.0;
30;95625;2019-04-11 15:15:33.0;
30;95655;2019-04-11 15:15:35.0;
30;95685;2019-04-11 15:15:36.0;
30;95625;2019-04-11 15:15:39.0;
30;95655;2019-04-11 15:15:41.0;
30;95625;2019-04-11 15:15:45.0;
30;95700;2019-04-11 15:15:47.0;
30;95685;2019-04-11 15:15:48.0;
30;95672;2019-04-11 15:15:54.0;
30;95685;2019-04-11 15:15:58.0;
30;95672;2019-04-11 15:15:59.0;
30;95700;2019-04-11 15:16:02.0;
30;95685;2019-04-11 15:16:03.0;
30;95672;2019-04-11 15:16:05.0;
30;95685;2019-04-11 15:16:07.0;
30;95700;2019-04-11 15:16:08.0;
30;95672;2019-04-11 15:16:11.0;
30;95635;2019-04-11 15:16:13.0;
30;95672;2019-04-11 15:16:14.0;
30;95635;2019-04-11 15:16:15.0;
30;95700;2019-04-11 15:16:17.0;
30;95672;2019-04-11 15:16:18.0;
30;95635;2019-04-11 15:16:21.0;
30;95672;2019-04-11 15:16:22.0;
30;95635;2019-04-11 15:16:24.0;
30;95660;2019-04-11 15:16:26.0;
30;95635;2019-04-11 15:16:29.0;
30;95660;2019-04-11 15:16:32.0;
30;95635;2019-04-11 15:16:34.0;
30;95660;2019-04-11 15:16:36.0;
30;95635;2019-04-11 15:16:39.0;
30;95660;2019-04-11 15:16:40.0;
30;95665;2019-04-11 15:16:45.0;
30;95660;2019-04-11 15:16:46.0;
30;95665;2019-04-11 15:16:48.0;
30;95660;2019-04-11 15:16:49.0;
30;95665;2019-04-11 15:16:52.0;
30;95660;2019-04-11 15:16:53.0;
30;95670;2019-04-11 15:16:59.0;
30;95665;2019-04-11 15:17:02.0;
30;95670;2019-04-11 15:17:04.0;
30;95665;2019-04-11 15:17:05.0;
30;95670;2019-04-11 15:17:06.0;
30;95665;2019-04-11 15:17:09.0;
30;95670;2019-04-11 15:17:14.0;
30;95655;2019-04-11 15:17:15.0;
30;95670;2019-04-11 15:17:16.0;
30;95655;2019-04-11 15:17:21.0;
30;95670;2019-04-11 15:17:24.0;
30;95655;2019-04-11 15:17:31.0;
30;95715;2019-04-11 15:17:32.0;
30;95655;2019-04-11 15:17:36.0;
30;95715;2019-04-11 15:17:37.0;
30;95655;2019-04-11 15:17:44.0;
30;95715;2019-04-11 15:17:47.0;
30;95730;2019-04-11 15:17:48.0;
30;95715;2019-04-11 15:17:50.0;
30;95730;2019-04-11 15:17:51.0;
30;95715;2019-04-11 15:17:53.0;
30;95730;2019-04-11 15:17:58.0;
30;95715;2019-04-11 15:18:01.0;
30;95730;2019-04-11 15:18:04.0;
30;95672;2019-04-11 15:18:05.0;
30;95730;2019-04-11 15:18:11.0;
30;95672;2019-04-11 15:18:13.0;
30;95730;2019-04-11 15:18:17.0;
30;95672;2019-04-11 15:18:18.0;
30;95680;2019-04-11 15:18:20.0;
30;95672;2019-04-11 15:18:21.0;
30;95680;2019-04-11 15:18:23.0;
30;95672;2019-04-11 15:18:24.0;
30;95680;2019-04-11 15:18:25.0;
30;95672;2019-04-11 15:18:27.0;
30;95680;2019-04-11 15:18:29.0;
30;95672;2019-04-11 15:18:33.0;
30;95655;2019-04-11 15:18:40.0;
30;95680;2019-04-11 15:18:43.0;
30;95640;2019-04-11 15:18:44.0;
30;95655;2019-04-11 15:18:46.0;
30;95640;2019-04-11 15:18:47.0;
30;95680;2019-04-11 15:18:49.0;
30;95655;2019-04-11 15:18:50.0;
30;95640;2019-04-11 15:18:52.0;
30;95655;2019-04-11 15:18:55.0;
30;95640;2019-04-11 15:18:56.0;
30;95655;2019-04-11 15:18:59.0;
30;95640;2019-04-11 15:19:02.0;
30;95655;2019-04-11 15:19:05.0;
30;95640;2019-04-11 15:19:06.0;
30;95655;2019-04-11 15:19:09.0;
30;95640;2019-04-11 15:19:11.0;
30;95630;2019-04-11 15:19:16.0;
30;95640;2019-04-11 15:19:17.0;
30;95630;2019-04-11 15:19:19.0;
30;95645;2019-04-11 15:19:26.0;
30;95630;2019-04-11 15:19:28.0;
30;95640;2019-04-11 15:19:29.0;
30;95630;2019-04-11 15:19:35.0;
30;95640;2019-04-11 15:19:36.0;
30;95630;2019-04-11 15:19:38.0;
30;95645;2019-04-11 15:19:39.0;
30;95640;2019-04-11 15:19:43.0;
30;95630;2019-04-11 15:19:45.0;
30;95645;2019-04-11 15:19:46.0;
30;95640;2019-04-11 15:19:48.0;
30;95645;2019-04-11 15:19:52.0;
30;95655;2019-04-11 15:19:56.0;
30;95695;2019-04-11 15:20:28.0;
30;95690;2019-04-11 15:20:33.0;
30;95710;2019-04-11 15:20:35.0;
30;95690;2019-04-11 15:20:36.0;
30;95710;2019-04-11 15:20:39.0;
30;95695;2019-04-11 15:20:41.0;
30;95710;2019-04-11 15:20:42.0;
30;95690;2019-04-11 15:20:43.0;
30;95710;2019-04-11 15:20:45.0;
30;95690;2019-04-11 15:20:46.0;
30;95710;2019-04-11 15:20:47.0;
30;95695;2019-04-11 15:20:49.0;
30;95710;2019-04-11 15:20:50.0;
30;95690;2019-04-11 15:20:52.0;
30;95702;2019-04-11 15:20:55.0;
30;95690;2019-04-11 15:20:56.0;
30;95710;2019-04-11 15:20:58.0;
30;95702;2019-04-11 15:21:01.0;
30;95690;2019-04-11 15:21:02.0;
30;95702;2019-04-11 15:21:04.0;
30;95710;2019-04-11 15:21:05.0;
30;95702;2019-04-11 15:21:09.0;
30;95710;2019-04-11 15:21:11.0;
30;95702;2019-04-11 15:21:15.0;
30;95725;2019-04-11 15:21:17.0;
30;95702;2019-04-11 15:21:18.0;
30;95710;2019-04-11 15:21:20.0;
30;95725;2019-04-11 15:21:21.0;
30;95702;2019-04-11 15:21:23.0;
30;95710;2019-04-11 15:21:24.0;
30;95725;2019-04-11 15:21:28.0;
30;95710;2019-04-11 15:21:30.0;
30;95700;2019-04-11 15:21:31.0;
30;95725;2019-04-11 15:21:32.0;
30;95700;2019-04-11 15:21:34.0;
30;95725;2019-04-11 15:21:35.0;
30;95685;2019-04-11 15:21:37.0;
30;95725;2019-04-11 15:21:38.0;
30;95685;2019-04-11 15:21:41.0;
30;95700;2019-04-11 15:21:44.0;
30;95685;2019-04-11 15:21:45.0;
30;95700;2019-04-11 15:21:48.0;
30;95675;2019-04-11 15:21:52.0;
30;95685;2019-04-11 15:21:53.0;
30;95700;2019-04-11 15:21:55.0;
30;95685;2019-04-11 15:21:56.0;
30;95700;2019-04-11 15:22:01.0;
30;95685;2019-04-11 15:22:02.0;
30;95675;2019-04-11 15:22:05.0;
30;95705;2019-04-11 15:22:06.0;
30;95675;2019-04-11 15:22:11.0;
30;95705;2019-04-11 15:22:12.0;
30;95675;2019-04-11 15:22:15.0;
30;95705;2019-04-11 15:22:17.0;
30;95715;2019-04-11 15:22:26.0;
30;95705;2019-04-11 15:22:27.0;
30;95715;2019-04-11 15:22:29.0;
30;95705;2019-04-11 15:22:32.0;
30;95715;2019-04-11 15:22:34.0;
30;95705;2019-04-11 15:22:36.0;
30;95695;2019-04-11 15:22:37.0;
30;95705;2019-04-11 15:22:39.0;
30;95715;2019-04-11 15:22:40.0;
30;95695;2019-04-11 15:22:42.0;
30;95715;2019-04-11 15:22:43.0;
30;95695;2019-04-11 15:22:44.0;
30;95668;2019-04-11 15:22:46.0;
30;95715;2019-04-11 15:22:50.0;
30;95668;2019-04-11 15:22:53.0;
30;95685;2019-04-11 15:22:57.0;
30;95695;2019-04-11 15:22:59.0;
30;95668;2019-04-11 15:23:00.0;
30;95685;2019-04-11 15:23:02.0;
30;95695;2019-04-11 15:23:03.0;
30;95668;2019-04-11 15:23:05.0;
30;95695;2019-04-11 15:23:06.0;
30;95668;2019-04-11 15:23:08.0;
30;95675;2019-04-11 15:23:11.0;
30;95668;2019-04-11 15:23:12.0;
30;95675;2019-04-11 15:23:17.0;
30;95685;2019-04-11 15:23:18.0;
30;95675;2019-04-11 15:23:27.0;
30;95655;2019-04-11 15:23:28.0;
30;95675;2019-04-11 15:23:29.0;
30;95685;2019-04-11 15:23:31.0;
30;95675;2019-04-11 15:23:35.0;
30;95685;2019-04-11 15:23:38.0;
30;95675;2019-04-11 15:23:39.0;
30;95655;2019-04-11 15:23:41.0;
30;95685;2019-04-11 15:23:44.0;
30;95655;2019-04-11 15:23:45.0;
30;95630;2019-04-11 15:23:47.0;
30;95655;2019-04-11 15:23:50.0;
30;95630;2019-04-11 15:23:54.0;
30;95655;2019-04-11 15:23:56.0;
30;95630;2019-04-11 15:23:57.0;
30;95635;2019-04-11 15:24:04.0;
30;95630;2019-04-11 15:24:05.0;
30;95635;2019-04-11 15:24:07.0;
30;95630;2019-04-11 15:24:10.0;
30;95635;2019-04-11 15:24:13.0;
30;95630;2019-04-11 15:24:14.0;
30;95635;2019-04-11 15:24:18.0;
30;95650;2019-04-11 15:24:20.0;
30;95635;2019-04-11 15:24:21.0;
30;95650;2019-04-11 15:24:23.0;
30;95635;2019-04-11 15:24:27.0;
30;95650;2019-04-11 15:24:31.0;
30;95685;2019-04-11 15:24:36.0;
30;95650;2019-04-11 15:24:39.0;
30;95685;2019-04-11 15:24:42.0;
30;95650;2019-04-11 15:24:44.0;
30;95685;2019-04-11 15:24:49.0;
30;95650;2019-04-11 15:24:52.0;
30;95685;2019-04-11 15:24:53.0;
30;95675;2019-04-11 15:24:55.0;
30;95685;2019-04-11 15:24:59.0;
30;95675;2019-04-11 15:25:02.0;
30;95685;2019-04-11 15:25:06.0;
30;95675;2019-04-11 15:25:08.0;
30;95702;2019-04-11 15:25:16.0;
30;95675;2019-04-11 15:25:17.0;
30;95702;2019-04-11 15:25:23.0;
30;95728;2019-04-11 15:25:25.0;
30;95702;2019-04-11 15:25:29.0;
30;95728;2019-04-11 15:25:31.0;
30;95702;2019-04-11 15:25:35.0;
30;95728;2019-04-11 15:25:37.0;
30;95702;2019-04-11 15:25:38.0;
30;95728;2019-04-11 15:25:39.0;
30;95702;2019-04-11 15:25:44.0;
30;95755;2019-04-11 15:25:46.0;
30;95728;2019-04-11 15:25:48.0;
30;95755;2019-04-11 15:25:54.0;
30;95728;2019-04-11 15:25:56.0;
30;95750;2019-04-11 15:25:57.0;
30;95755;2019-04-11 15:26:10.0;
30;95750;2019-04-11 15:26:14.0;
30;95725;2019-04-11 15:26:20.0;
30;95750;2019-04-11 15:26:21.0;
30;95725;2019-04-11 15:26:23.0;
30;95750;2019-04-11 15:26:24.0;
30;95725;2019-04-11 15:26:26.0;
30;95750;2019-04-11 15:26:27.0;
30;95725;2019-04-11 15:26:30.0;
30;95735;2019-04-11 15:26:33.0;
30;95725;2019-04-11 15:26:38.0;
30;95735;2019-04-11 15:26:40.0;
30;95725;2019-04-11 15:26:44.0;
30;95735;2019-04-11 15:26:48.0;
30;95695;2019-04-11 15:26:51.0;
30;95735;2019-04-11 15:26:54.0;
30;95695;2019-04-11 15:27:03.0;
30;95750;2019-04-11 15:27:24.0;
30;95695;2019-04-11 15:27:25.0;
30;95750;2019-04-11 15:27:31.0;
30;95730;2019-04-11 15:27:33.0;
30;95695;2019-04-11 15:27:35.0;
30;95730;2019-04-11 15:27:38.0;
30;95750;2019-04-11 15:27:39.0;
30;95718;2019-04-11 15:27:44.0;
30;95750;2019-04-11 15:27:47.0;
30;95730;2019-04-11 15:27:48.0;
30;95718;2019-04-11 15:27:50.0;
30;95730;2019-04-11 15:27:51.0;
30;95718;2019-04-11 15:27:53.0;
30;95710;2019-04-11 15:27:54.0;
30;95730;2019-04-11 15:27:55.0;
30;95710;2019-04-11 15:27:58.0;
30;95730;2019-04-11 15:28:00.0;
30;95710;2019-04-11 15:28:01.0;
30;95705;2019-04-11 15:28:05.0;
30;95718;2019-04-11 15:28:09.0;
30;95710;2019-04-11 15:28:11.0;
30;95718;2019-04-11 15:28:13.0;
30;95705;2019-04-11 15:28:15.0;
30;95710;2019-04-11 15:28:17.0;
30;95705;2019-04-11 15:28:18.0;
30;95685;2019-04-11 15:28:21.0;
30;95710;2019-04-11 15:28:22.0;
30;95695;2019-04-11 15:28:25.0;
30;95705;2019-04-11 15:28:27.0;
30;95685;2019-04-11 15:28:30.0;
30;95695;2019-04-11 15:28:31.0;
30;95685;2019-04-11 15:28:34.0;
30;95695;2019-04-11 15:28:37.0;
30;95685;2019-04-11 15:28:40.0;
30;95675;2019-04-11 15:28:41.0;
30;95695;2019-04-11 15:28:43.0;
30;95675;2019-04-11 15:28:44.0;
30;95685;2019-04-11 15:28:45.0;
30;95695;2019-04-11 15:28:47.0;
30;95685;2019-04-11 15:28:48.0;
30;95648;2019-04-11 15:28:52.0;
30;95675;2019-04-11 15:28:55.0;
30;95648;2019-04-11 15:28:57.0;
30;95675;2019-04-11 15:28:58.0;
30;95648;2019-04-11 15:28:59.0;
30;95675;2019-04-11 15:29:01.0;
30;95648;2019-04-11 15:29:03.0;
30;95675;2019-04-11 15:29:04.0;
30;95578;2019-04-11 15:29:07.0;
30;95675;2019-04-11 15:29:09.0;
30;95578;2019-04-11 15:29:10.0;
30;95605;2019-04-11 15:29:12.0;
30;95578;2019-04-11 15:29:13.0;
30;95648;2019-04-11 15:29:15.0;
30;95578;2019-04-11 15:29:18.0;
30;95648;2019-04-11 15:29:19.0;
30;95578;2019-04-11 15:29:20.0;
30;95605;2019-04-11 15:29:22.0;
30;95575;2019-04-11 15:29:23.0;
30;95605;2019-04-11 15:29:25.0;
30;95575;2019-04-11 15:29:26.0;
30;95605;2019-04-11 15:29:27.0;
30;95578;2019-04-11 15:29:29.0;
30;95605;2019-04-11 15:29:31.0;
30;95578;2019-04-11 15:29:32.0;
30;95575;2019-04-11 15:29:35.0;
30;95605;2019-04-11 15:29:37.0;
30;95595;2019-04-11 15:29:38.0;
30;95575;2019-04-11 15:29:41.0;
30;95605;2019-04-11 15:29:42.0;
30;95575;2019-04-11 15:29:44.0;
30;95595;2019-04-11 15:29:45.0;
30;95615;2019-04-11 15:29:47.0;
30;95575;2019-04-11 15:29:50.0;
30;95595;2019-04-11 15:29:54.0;
30;95620;2019-04-11 15:29:55.0;
30;95595;2019-04-11 15:29:57.0;
30;95615;2019-04-11 15:29:58.0;
30;95595;2019-04-11 15:30:00.0;
30;95615;2019-04-11 15:30:01.0;
30;95595;2019-04-11 15:30:02.0;
30;95615;2019-04-11 15:30:04.0;
30;95595;2019-04-11 15:30:05.0;
30;95615;2019-04-11 15:30:07.0;
30;95620;2019-04-11 15:30:10.0;
30;95615;2019-04-11 15:30:11.0;
30;95620;2019-04-11 15:30:12.0;
30;95615;2019-04-11 15:30:14.0;
30;95620;2019-04-11 15:30:15.0;
30;95630;2019-04-11 15:30:17.0;
30;95665;2019-04-11 15:30:19.0;
30;95620;2019-04-11 15:30:23.0;
30;95630;2019-04-11 15:30:26.0;
30;95665;2019-04-11 15:30:29.0;
30;95645;2019-04-11 15:30:32.0;
30;95630;2019-04-11 15:30:35.0;
30;95645;2019-04-11 15:30:36.0;
30;95665;2019-04-11 15:30:38.0;
30;95645;2019-04-11 15:30:39.0;
30;95630;2019-04-11 15:30:42.0;
30;95665;2019-04-11 15:30:43.0;
30;95645;2019-04-11 15:30:45.0;
30;95665;2019-04-11 15:30:47.0;
30;95675;2019-04-11 15:30:49.0;
30;95645;2019-04-11 15:30:51.0;
30;95675;2019-04-11 15:30:54.0;
30;95700;2019-04-11 15:31:00.0;
30;95645;2019-04-11 15:31:01.0;
30;95700;2019-04-11 15:31:03.0;
30;95675;2019-04-11 15:31:09.0;
30;95700;2019-04-11 15:31:13.0;
30;95675;2019-04-11 15:31:19.0;
30;95715;2019-04-11 15:31:20.0;
30;95700;2019-04-11 15:31:24.0;
30;95715;2019-04-11 15:31:29.0;
30;95730;2019-04-11 15:31:30.0;
30;95715;2019-04-11 15:31:31.0;
30;95700;2019-04-11 15:31:33.0;
30;95730;2019-04-11 15:31:34.0;
30;95715;2019-04-11 15:31:36.0;
30;95730;2019-04-11 15:31:37.0;
30;95715;2019-04-11 15:31:39.0;
30;95730;2019-04-11 15:31:43.0;
30;95715;2019-04-11 15:31:47.0;
30;95730;2019-04-11 15:31:50.0;
30;95690;2019-04-11 15:31:53.0;
30;95730;2019-04-11 15:31:56.0;
30;95690;2019-04-11 15:32:01.0;
30;95725;2019-04-11 15:32:08.0;
30;95690;2019-04-11 15:32:11.0;
30;95725;2019-04-11 15:32:14.0;
30;95690;2019-04-11 15:32:15.0;
30;95725;2019-04-11 15:32:19.0;
30;95690;2019-04-11 15:32:20.0;
30;95725;2019-04-11 15:32:21.0;
30;95640;2019-04-11 15:32:26.0;
30;95690;2019-04-11 15:32:28.0;
30;95725;2019-04-11 15:32:30.0;
30;95665;2019-04-11 15:32:32.0;
30;95725;2019-04-11 15:32:33.0;
30;95640;2019-04-11 15:32:35.0;
30;95665;2019-04-11 15:32:37.0;
30;95640;2019-04-11 15:32:40.0;
30;95665;2019-04-11 15:32:42.0;
30;95655;2019-04-11 15:32:43.0;
30;95665;2019-04-11 15:32:45.0;
30;95655;2019-04-11 15:32:46.0;
30;95640;2019-04-11 15:32:47.0;
30;95665;2019-04-11 15:32:49.0;
30;95640;2019-04-11 15:32:50.0;
30;95665;2019-04-11 15:32:52.0;
30;95640;2019-04-11 15:32:53.0;
30;95655;2019-04-11 15:32:56.0;
30;95665;2019-04-11 15:32:58.0;
30;95655;2019-04-11 15:33:02.0;
30;95598;2019-04-11 15:33:06.0;
30;95585;2019-04-11 15:33:08.0;
30;95598;2019-04-11 15:33:12.0;
30;95585;2019-04-11 15:33:14.0;
30;95548;2019-04-11 15:33:16.0;
30;95598;2019-04-11 15:33:18.0;
30;95585;2019-04-11 15:33:21.0;
30;95598;2019-04-11 15:33:22.0;
30;95548;2019-04-11 15:33:24.0;
30;95598;2019-04-11 15:33:26.0;
30;95548;2019-04-11 15:33:27.0;
30;95585;2019-04-11 15:33:29.0;
30;95598;2019-04-11 15:33:31.0;
30;95548;2019-04-11 15:33:32.0;
30;95598;2019-04-11 15:33:36.0;
30;95585;2019-04-11 15:33:37.0;
30;95530;2019-04-11 15:33:40.0;
30;95472;2019-04-11 15:34:12.0;
30;95500;2019-04-11 15:34:14.0;
30;95472;2019-04-11 15:34:15.0;
30;95500;2019-04-11 15:34:17.0;
30;95530;2019-04-11 15:34:19.0;
30;95500;2019-04-11 15:34:20.0;
30;95530;2019-04-11 15:34:22.0;
30;95500;2019-04-11 15:34:26.0;
30;95530;2019-04-11 15:34:27.0;
30;95500;2019-04-11 15:34:29.0;
30;95530;2019-04-11 15:34:31.0;
30;95500;2019-04-11 15:34:35.0;
30;95472;2019-04-11 15:34:37.0;
30;95500;2019-04-11 15:34:41.0;
30;95520;2019-04-11 15:34:43.0;
30;95590;2019-04-11 15:35:13.0;
30;95520;2019-04-11 15:35:14.0;
30;95590;2019-04-11 15:35:15.0;
30;95520;2019-04-11 15:35:18.0;
30;95590;2019-04-11 15:35:20.0;
30;95555;2019-04-11 15:35:22.0;
30;95590;2019-04-11 15:35:27.0;
30;95555;2019-04-11 15:35:30.0;
30;95590;2019-04-11 15:35:39.0;
30;95555;2019-04-11 15:35:41.0;
30;95540;2019-04-11 15:35:51.0;
30;95485;2019-04-11 15:36:23.0;
30;95535;2019-04-11 15:36:53.0;
30;95540;2019-04-11 15:36:58.0;
30;95535;2019-04-11 15:37:00.0;
30;95540;2019-04-11 15:37:02.0;
30;95535;2019-04-11 15:37:04.0;
30;95540;2019-04-11 15:37:13.0;
30;95535;2019-04-11 15:37:15.0;
30;95540;2019-04-11 15:37:21.0;
30;95535;2019-04-11 15:37:23.0;
30;95540;2019-04-11 15:37:25.0;
30;95535;2019-04-11 15:37:28.0;
30;95565;2019-04-11 15:37:31.0;
30;95535;2019-04-11 15:37:32.0;
30;95565;2019-04-11 15:37:35.0;
30;95612;2019-04-11 15:37:40.0;
30;95535;2019-04-11 15:37:44.0;
30;95565;2019-04-11 15:37:45.0;
30;95535;2019-04-11 15:37:48.0;
30;95612;2019-04-11 15:37:49.0;
30;95565;2019-04-11 15:37:53.0;
30;95535;2019-04-11 15:37:55.0;
30;95612;2019-04-11 15:37:56.0;
30;95565;2019-04-11 15:37:59.0;
30;95610;2019-04-11 15:38:01.0;
30;95612;2019-04-11 15:38:04.0;
30;95602;2019-04-11 15:38:05.0;
30;95612;2019-04-11 15:38:07.0;
30;95610;2019-04-11 15:38:08.0;
30;95602;2019-04-11 15:38:10.0;
30;95610;2019-04-11 15:38:11.0;
30;95602;2019-04-11 15:38:12.0;
30;95610;2019-04-11 15:38:14.0;
30;95602;2019-04-11 15:38:17.0;
30;95610;2019-04-11 15:38:20.0;
30;95602;2019-04-11 15:38:28.0;
30;95610;2019-04-11 15:38:30.0;
30;95602;2019-04-11 15:38:32.0;
30;95610;2019-04-11 15:38:33.0;
30;95605;2019-04-11 15:38:38.0;
30;95610;2019-04-11 15:38:43.0;
30;95580;2019-04-11 15:38:44.0;
30;95605;2019-04-11 15:38:46.0;
30;95610;2019-04-11 15:38:49.0;
30;95605;2019-04-11 15:38:50.0;
30;95610;2019-04-11 15:38:53.0;
30;95605;2019-04-11 15:38:56.0;
30;95555;2019-04-11 15:38:57.0;
30;95580;2019-04-11 15:38:58.0;
30;95605;2019-04-11 15:39:00.0;
30;95555;2019-04-11 15:39:02.0;
30;95580;2019-04-11 15:39:05.0;
30;95555;2019-04-11 15:39:06.0;
30;95580;2019-04-11 15:39:07.0;
30;95555;2019-04-11 15:39:09.0;
30;95580;2019-04-11 15:39:10.0;
30;95555;2019-04-11 15:39:12.0;
30;95580;2019-04-11 15:39:13.0;
30;95570;2019-04-11 15:39:15.0;
30;95555;2019-04-11 15:39:19.0;
30;95582;2019-04-11 15:39:21.0;
30;95555;2019-04-11 15:39:24.0;
30;95582;2019-04-11 15:39:25.0;
30;95555;2019-04-11 15:39:26.0;
30;95582;2019-04-11 15:39:29.0;
30;95585;2019-04-11 15:39:31.0;
30;95582;2019-04-11 15:39:33.0;
30;95570;2019-04-11 15:39:35.0;
30;95585;2019-04-11 15:39:37.0;
30;95582;2019-04-11 15:39:40.0;
30;95585;2019-04-11 15:39:42.0;
30;95580;2019-04-11 15:39:43.0;
30;95585;2019-04-11 15:39:44.0;
30;95580;2019-04-11 15:39:46.0;
30;95582;2019-04-11 15:39:47.0;
30;95580;2019-04-11 15:39:48.0;
30;95585;2019-04-11 15:39:50.0;
30;95580;2019-04-11 15:39:51.0;
30;95585;2019-04-11 15:39:57.0;
30;95580;2019-04-11 15:40:01.0;
30;95500;2019-04-11 15:40:15.0;
30;95580;2019-04-11 15:40:17.0;
30;95475;2019-04-11 15:40:25.0;
30;95580;2019-04-11 15:40:27.0;
30;95500;2019-04-11 15:40:31.0;
30;95475;2019-04-11 15:40:36.0;
30;95500;2019-04-11 15:40:37.0;
30;95475;2019-04-11 15:40:38.0;
30;95500;2019-04-11 15:40:40.0;
30;95475;2019-04-11 15:40:45.0;
30;95520;2019-04-11 15:40:46.0;
30;95475;2019-04-11 15:40:49.0;
30;95520;2019-04-11 15:40:51.0;
30;95500;2019-04-11 15:40:53.0;
30;95520;2019-04-11 15:40:54.0;
30;95500;2019-04-11 15:40:59.0;
30;95520;2019-04-11 15:41:00.0;
30;95500;2019-04-11 15:41:05.0;
30;95550;2019-04-11 15:41:06.0;
30;95520;2019-04-11 15:41:08.0;
30;95550;2019-04-11 15:41:11.0;
30;95520;2019-04-11 15:41:14.0;
30;95565;2019-04-11 15:41:18.0;
30;95550;2019-04-11 15:41:24.0;
30;95565;2019-04-11 15:41:28.0;
30;95550;2019-04-11 15:41:30.0;
30;95565;2019-04-11 15:41:33.0;
30;95550;2019-04-11 15:41:34.0;
30;95582;2019-04-11 15:41:36.0;
30;95565;2019-04-11 15:41:38.0;
30;95560;2019-04-11 15:41:39.0;
30;95582;2019-04-11 15:41:41.0;
30;95565;2019-04-11 15:41:42.0;
30;95560;2019-04-11 15:41:45.0;
30;95565;2019-04-11 15:41:48.0;
30;95555;2019-04-11 15:41:49.0;
30;95582;2019-04-11 15:41:53.0;
30;95555;2019-04-11 15:41:55.0;
30;95560;2019-04-11 15:41:57.0;
30;95555;2019-04-11 15:41:59.0;
30;95560;2019-04-11 15:42:02.0;
30;95582;2019-04-11 15:42:04.0;
30;95555;2019-04-11 15:42:05.0;
30;95545;2019-04-11 15:42:08.0;
30;95565;2019-04-11 15:42:23.0;
30;95545;2019-04-11 15:42:24.0;
30;95565;2019-04-11 15:42:26.0;
30;95545;2019-04-11 15:42:31.0;
30;95565;2019-04-11 15:42:34.0;
30;95545;2019-04-11 15:42:36.0;
30;95535;2019-04-11 15:42:40.0;
30;95565;2019-04-11 15:42:41.0;
30;95520;2019-04-11 15:42:44.0;
30;95535;2019-04-11 15:42:48.0;
30;95565;2019-04-11 15:42:50.0;
30;95520;2019-04-11 15:42:52.0;
30;95455;2019-04-11 15:42:53.0;
30;95520;2019-04-11 15:42:55.0;
30;95455;2019-04-11 15:42:57.0;
30;95520;2019-04-11 15:42:59.0;
30;95455;2019-04-11 15:43:01.0;
30;95520;2019-04-11 15:43:02.0;
30;95455;2019-04-11 15:43:04.0;
30;95535;2019-04-11 15:43:06.0;
30;95520;2019-04-11 15:43:10.0;
30;95500;2019-04-11 15:43:12.0;
30;95520;2019-04-11 15:43:13.0;
30;95500;2019-04-11 15:43:15.0;
30;95455;2019-04-11 15:43:17.0;
30;95515;2019-04-11 15:43:20.0;
30;95500;2019-04-11 15:43:23.0;
30;95535;2019-04-11 15:43:24.0;
30;95515;2019-04-11 15:43:26.0;
30;95500;2019-04-11 15:43:29.0;
30;95515;2019-04-11 15:43:31.0;
30;95535;2019-04-11 15:43:34.0;
30;95515;2019-04-11 15:43:39.0;
30;95535;2019-04-11 15:43:41.0;
30;95515;2019-04-11 15:43:43.0;
30;95535;2019-04-11 15:43:44.0;
30;95515;2019-04-11 15:43:45.0;
30;95535;2019-04-11 15:43:47.0;
30;95525;2019-04-11 15:43:51.0;
30;95515;2019-04-11 15:43:53.0;
30;95525;2019-04-11 15:43:54.0;
30;95515;2019-04-11 15:44:01.0;
30;95525;2019-04-11 15:44:03.0;
30;95515;2019-04-11 15:44:04.0;
30;95525;2019-04-11 15:44:07.0;
30;95515;2019-04-11 15:44:13.0;
30;95585;2019-04-11 15:44:14.0;
30;95525;2019-04-11 15:44:17.0;
30;95585;2019-04-11 15:44:20.0;
30;95525;2019-04-11 15:44:22.0;
30;95585;2019-04-11 15:44:23.0;
30;95525;2019-04-11 15:44:24.0;
30;95565;2019-04-11 15:44:29.0;
30;95585;2019-04-11 15:44:31.0;
30;95545;2019-04-11 15:44:33.0;
30;95585;2019-04-11 15:44:34.0;
30;95565;2019-04-11 15:44:36.0;
30;95585;2019-04-11 15:44:39.0;
30;95565;2019-04-11 15:44:40.0;
30;95585;2019-04-11 15:44:42.0;
30;95565;2019-04-11 15:44:43.0;
30;95530;2019-04-11 15:44:47.0;
30;95565;2019-04-11 15:44:50.0;
30;95545;2019-04-11 15:44:52.0;
30;95530;2019-04-11 15:44:54.0;
30;95545;2019-04-11 15:44:55.0;
30;95565;2019-04-11 15:44:56.0;
30;95530;2019-04-11 15:44:58.0;
30;95545;2019-04-11 15:44:59.0;
30;95530;2019-04-11 15:45:01.0;
30;95545;2019-04-11 15:45:04.0;
30;95530;2019-04-11 15:45:06.0;
30;95540;2019-04-11 15:45:07.0;
30;95530;2019-04-11 15:45:08.0;
30;95525;2019-04-11 15:45:10.0;
30;95530;2019-04-11 15:45:12.0;
30;95540;2019-04-11 15:45:18.0;
30;95525;2019-04-11 15:45:23.0;
30;95555;2019-04-11 15:45:26.0;
30;95525;2019-04-11 15:45:28.0;
30;95555;2019-04-11 15:45:31.0;
30;95550;2019-04-11 15:45:34.0;
30;95540;2019-04-11 15:45:36.0;
30;95550;2019-04-11 15:45:39.0;
30;95555;2019-04-11 15:45:41.0;
30;95595;2019-04-11 15:45:42.0;
30;95555;2019-04-11 15:45:45.0;
30;95595;2019-04-11 15:45:47.0;
30;95555;2019-04-11 15:45:48.0;
30;95595;2019-04-11 15:45:50.0;
30;95550;2019-04-11 15:45:51.0;
30;95595;2019-04-11 15:45:52.0;
30;95550;2019-04-11 15:45:55.0;
30;95595;2019-04-11 15:45:57.0;
30;95578;2019-04-11 15:45:59.0;
30;95595;2019-04-11 15:46:00.0;
30;95578;2019-04-11 15:46:01.0;
30;95550;2019-04-11 15:46:03.0;
30;95595;2019-04-11 15:46:04.0;
30;95578;2019-04-11 15:46:17.0;
30;95595;2019-04-11 15:46:19.0;
30;95578;2019-04-11 15:46:23.0;
30;95595;2019-04-11 15:46:25.0;
30;95578;2019-04-11 15:46:26.0;
30;95595;2019-04-11 15:46:28.0;
30;95640;2019-04-11 15:46:37.0;
30;95595;2019-04-11 15:46:40.0;
30;95640;2019-04-11 15:46:42.0;
30;95595;2019-04-11 15:46:43.0;
30;95640;2019-04-11 15:46:45.0;
30;95655;2019-04-11 15:46:47.0;
30;95640;2019-04-11 15:46:48.0;
30;95655;2019-04-11 15:46:50.0;
30;95640;2019-04-11 15:46:55.0;
30;95655;2019-04-11 15:47:03.0;
30;95640;2019-04-11 15:47:05.0;
30;95655;2019-04-11 15:47:07.0;
30;95650;2019-04-11 15:47:11.0;
30;95655;2019-04-11 15:47:13.0;
30;95650;2019-04-11 15:47:17.0;
30;95655;2019-04-11 15:47:19.0;
30;95635;2019-04-11 15:47:20.0;
30;95655;2019-04-11 15:47:23.0;
30;95650;2019-04-11 15:47:24.0;
30;95635;2019-04-11 15:47:26.0;
30;95650;2019-04-11 15:47:29.0;
30;95655;2019-04-11 15:47:30.0;
30;95635;2019-04-11 15:47:35.0;
30;95640;2019-04-11 15:47:48.0;
30;95635;2019-04-11 15:47:54.0;
30;95640;2019-04-11 15:47:56.0;
30;95635;2019-04-11 15:47:57.0;
30;95640;2019-04-11 15:48:01.0;
30;95635;2019-04-11 15:48:04.0;
30;95640;2019-04-11 15:48:07.0;
30;95655;2019-04-11 15:48:10.0;
30;95640;2019-04-11 15:48:13.0;
30;95625;2019-04-11 15:48:17.0;
30;95640;2019-04-11 15:48:19.0;
30;95620;2019-04-11 15:48:22.0;
30;95655;2019-04-11 15:48:24.0;
30;95620;2019-04-11 15:48:26.0;
30;95625;2019-04-11 15:48:29.0;
30;95620;2019-04-11 15:48:38.0;
30;95625;2019-04-11 15:48:40.0;
30;95620;2019-04-11 15:48:41.0;
30;95625;2019-04-11 15:48:43.0;
30;95640;2019-04-11 15:48:46.0;
30;95625;2019-04-11 15:48:48.0;
30;95620;2019-04-11 15:48:50.0;
30;95622;2019-04-11 15:48:51.0;
30;95640;2019-04-11 15:48:53.0;
30;95622;2019-04-11 15:48:54.0;
30;95640;2019-04-11 15:49:08.0;
30;95622;2019-04-11 15:49:09.0;
30;95655;2019-04-11 15:49:15.0;
30;95622;2019-04-11 15:49:16.0;
30;95655;2019-04-11 15:49:19.0;
30;95622;2019-04-11 15:49:23.0;
30;95655;2019-04-11 15:49:25.0;
30;95632;2019-04-11 15:49:27.0;
30;95655;2019-04-11 15:49:31.0;
30;95632;2019-04-11 15:49:32.0;
30;95640;2019-04-11 15:49:34.0;
30;95655;2019-04-11 15:49:36.0;
30;95640;2019-04-11 15:49:38.0;
30;95655;2019-04-11 15:49:40.0;
30;95640;2019-04-11 15:49:41.0;
30;95655;2019-04-11 15:49:43.0;
30;95632;2019-04-11 15:49:46.0;
30;95625;2019-04-11 15:49:48.0;
30;95632;2019-04-11 15:49:50.0;
30;95640;2019-04-11 15:49:56.0;
30;95632;2019-04-11 15:49:57.0;
30;95625;2019-04-11 15:49:59.0;
30;95650;2019-04-11 15:50:00.0;
30;95640;2019-04-11 15:50:01.0;
30;95625;2019-04-11 15:50:03.0;
30;95640;2019-04-11 15:50:04.0;
30;95625;2019-04-11 15:50:05.0;
30;95665;2019-04-11 15:50:07.0;
30;95650;2019-04-11 15:50:09.0;
30;95625;2019-04-11 15:50:11.0;
30;95665;2019-04-11 15:50:12.0;
30;95625;2019-04-11 15:50:15.0;
30;95650;2019-04-11 15:50:17.0;
30;95665;2019-04-11 15:50:18.0;
30;95650;2019-04-11 15:50:19.0;
30;95665;2019-04-11 15:50:21.0;
30;95650;2019-04-11 15:50:23.0;
30;95665;2019-04-11 15:50:25.0;
30;95670;2019-04-11 15:50:33.0;
30;95665;2019-04-11 15:50:36.0;
30;95670;2019-04-11 15:50:38.0;
30;95665;2019-04-11 15:50:39.0;
30;95670;2019-04-11 15:50:41.0;
30;95665;2019-04-11 15:50:42.0;
30;95690;2019-04-11 15:50:45.0;
30;95670;2019-04-11 15:50:47.0;
30;95690;2019-04-11 15:50:48.0;
30;95670;2019-04-11 15:50:50.0;
30;95675;2019-04-11 15:50:54.0;
30;95690;2019-04-11 15:50:56.0;
30;95675;2019-04-11 15:50:59.0;
30;95688;2019-04-11 15:51:02.0;
30;95690;2019-04-11 15:51:06.0;
30;95688;2019-04-11 15:51:08.0;
30;95675;2019-04-11 15:51:09.0;
30;95688;2019-04-11 15:51:11.0;
30;95690;2019-04-11 15:51:13.0;
30;95688;2019-04-11 15:51:15.0;
30;95675;2019-04-11 15:51:19.0;
30;95695;2019-04-11 15:51:21.0;
30;95688;2019-04-11 15:51:22.0;
30;95675;2019-04-11 15:51:24.0;
30;95695;2019-04-11 15:51:26.0;
30;95688;2019-04-11 15:51:28.0;
30;95695;2019-04-11 15:51:29.0;
30;95688;2019-04-11 15:51:31.0;
30;95685;2019-04-11 15:51:33.0;
30;95700;2019-04-11 15:51:37.0;
30;95685;2019-04-11 15:51:38.0;
30;95700;2019-04-11 15:51:39.0;
30;95695;2019-04-11 15:51:41.0;
30;95700;2019-04-11 15:51:42.0;
30;95695;2019-04-11 15:51:44.0;
30;95685;2019-04-11 15:51:46.0;
30;95700;2019-04-11 15:51:48.0;
30;95695;2019-04-11 15:51:51.0;
30;95700;2019-04-11 15:51:53.0;
30;95685;2019-04-11 15:51:54.0;
30;95700;2019-04-11 15:51:57.0;
30;95695;2019-04-11 15:52:02.0;
30;95700;2019-04-11 15:52:04.0;
30;95695;2019-04-11 15:52:11.0;
30;95700;2019-04-11 15:52:13.0;
30;95695;2019-04-11 15:52:14.0;
30;95700;2019-04-11 15:52:17.0;
30;95695;2019-04-11 15:52:19.0;
30;95700;2019-04-11 15:52:23.0;
30;95695;2019-04-11 15:52:25.0;
30;95700;2019-04-11 15:52:34.0;
30;95695;2019-04-11 15:52:35.0;
30;95700;2019-04-11 15:52:37.0;
30;95695;2019-04-11 15:52:38.0;
30;95710;2019-04-11 15:52:45.0;
30;95695;2019-04-11 15:52:47.0;
30;95710;2019-04-11 15:52:48.0;
30;95685;2019-04-11 15:53:16.0;
30;95690;2019-04-11 15:53:20.0;
30;95685;2019-04-11 15:53:21.0;
30;95700;2019-04-11 15:53:24.0;
30;95685;2019-04-11 15:53:27.0;
30;95690;2019-04-11 15:53:29.0;
30;95685;2019-04-11 15:53:30.0;
30;95690;2019-04-11 15:53:33.0;
30;95700;2019-04-11 15:53:36.0;
30;95685;2019-04-11 15:53:38.0;
30;95690;2019-04-11 15:53:39.0;
30;95685;2019-04-11 15:53:42.0;
30;95700;2019-04-11 15:53:44.0;
30;95685;2019-04-11 15:53:45.0;
30;95700;2019-04-11 15:53:47.0;
30;95650;2019-04-11 15:53:48.0;
30;95700;2019-04-11 15:53:49.0;
30;95650;2019-04-11 15:53:54.0;
30;95655;2019-04-11 15:53:55.0;
30;95650;2019-04-11 15:53:58.0;
30;95655;2019-04-11 15:53:59.0;
30;95650;2019-04-11 15:54:01.0;
30;95655;2019-04-11 15:54:03.0;
30;95650;2019-04-11 15:54:09.0;
30;95655;2019-04-11 15:54:12.0;
30;95620;2019-04-11 15:54:26.0;
30;95625;2019-04-11 15:54:29.0;
30;95620;2019-04-11 15:54:30.0;
30;95625;2019-04-11 15:54:36.0;
30;95620;2019-04-11 15:54:37.0;
30;95625;2019-04-11 15:54:39.0;
30;95620;2019-04-11 15:54:40.0;
30;95625;2019-04-11 15:54:44.0;
30;95620;2019-04-11 15:54:46.0;
30;95625;2019-04-11 15:54:49.0;
30;95620;2019-04-11 15:54:52.0;
30;95625;2019-04-11 15:54:56.0;
30;95610;2019-04-11 15:54:57.0;
30;95605;2019-04-11 15:55:29.0;
30;95585;2019-04-11 15:55:35.0;
30;95605;2019-04-11 15:55:37.0;
30;95585;2019-04-11 15:55:40.0;
30;95605;2019-04-11 15:55:42.0;
30;95585;2019-04-11 15:55:44.0;
30;95605;2019-04-11 15:55:45.0;
30;95585;2019-04-11 15:55:54.0;
30;95605;2019-04-11 15:55:56.0;
30;95580;2019-04-11 15:56:01.0;
30;95570;2019-04-11 15:56:03.0;
30;95580;2019-04-11 15:56:12.0;
30;95570;2019-04-11 15:56:16.0;
30;95580;2019-04-11 15:56:28.0;
30;95570;2019-04-11 15:56:29.0;
30;95560;2019-04-11 15:56:32.0;
30;95570;2019-04-11 15:56:37.0;
30;95555;2019-04-11 15:56:38.0;
30;95560;2019-04-11 15:56:42.0;
30;95555;2019-04-11 15:56:43.0;
30;95560;2019-04-11 15:56:45.0;
30;95555;2019-04-11 15:56:47.0;
30;95560;2019-04-11 15:56:50.0;
30;95555;2019-04-11 15:56:57.0;
30;95560;2019-04-11 15:56:58.0;
30;95555;2019-04-11 15:56:59.0;
30;95560;2019-04-11 15:57:01.0;
30;95555;2019-04-11 15:57:02.0;
30;95575;2019-04-11 15:57:06.0;
30;95530;2019-04-11 15:57:28.0;
30;95575;2019-04-11 15:57:30.0;
30;95530;2019-04-11 15:57:37.0;
30;95510;2019-04-11 15:57:39.0;
30;95530;2019-04-11 15:57:41.0;
30;95515;2019-04-11 15:57:45.0;
30;95510;2019-04-11 15:57:49.0;
30;95515;2019-04-11 15:57:50.0;
30;95530;2019-04-11 15:57:53.0;
30;95515;2019-04-11 15:57:54.0;
30;95510;2019-04-11 15:57:56.0;
30;95530;2019-04-11 15:57:57.0;
30;95515;2019-04-11 15:57:59.0;
30;95510;2019-04-11 15:58:02.0;
30;95515;2019-04-11 15:58:06.0;
30;95495;2019-04-11 15:58:11.0;
30;95515;2019-04-11 15:58:14.0;
30;95495;2019-04-11 15:58:16.0;
30;95515;2019-04-11 15:58:18.0;
30;95495;2019-04-11 15:58:20.0;
30;95515;2019-04-11 15:58:22.0;
30;95480;2019-04-11 15:58:24.0;
30;95515;2019-04-11 15:58:25.0;
30;95480;2019-04-11 15:58:27.0;
30;95495;2019-04-11 15:58:31.0;
30;95480;2019-04-11 15:58:36.0;
30;95495;2019-04-11 15:58:37.0;
30;95480;2019-04-11 15:58:43.0;
30;95500;2019-04-11 15:58:44.0;
30;95470;2019-04-11 15:58:50.0;
30;95495;2019-04-11 15:58:52.0;
30;95470;2019-04-11 15:58:53.0;
30;95495;2019-04-11 15:58:56.0;
30;95500;2019-04-11 15:58:57.0;
30;95470;2019-04-11 15:58:58.0;
30;95500;2019-04-11 15:59:00.0;
30;95495;2019-04-11 15:59:02.0;
30;95500;2019-04-11 15:59:03.0;
30;95470;2019-04-11 15:59:09.0;
30;95500;2019-04-11 15:59:12.0;
30;95435;2019-04-11 15:59:13.0;
30;95428;2019-04-11 15:59:17.0;
30;95470;2019-04-11 15:59:20.0;
30;95435;2019-04-11 15:59:21.0;
30;95428;2019-04-11 15:59:27.0;
30;95435;2019-04-11 15:59:29.0;
30;95428;2019-04-11 15:59:33.0;
30;95435;2019-04-11 15:59:37.0;
30;95428;2019-04-11 15:59:40.0;
30;95435;2019-04-11 15:59:42.0;
30;95428;2019-04-11 15:59:45.0;
30;95470;2019-04-11 15:59:48.0;
30;95435;2019-04-11 15:59:52.0;
30;95470;2019-04-11 15:59:53.0;
30;95450;2019-04-11 15:59:57.0;
30;95470;2019-04-11 15:59:59.0;
30;95450;2019-04-11 16:00:04.0;
30;95470;2019-04-11 16:00:05.0;
30;95450;2019-04-11 16:00:09.0;
30;95470;2019-04-11 16:00:12.0;
30;95450;2019-04-11 16:00:13.0;
30;95470;2019-04-11 16:00:16.0;
30;95410;2019-04-11 16:00:20.0;
30;95470;2019-04-11 16:00:21.0;
30;95410;2019-04-11 16:00:23.0;
30;95470;2019-04-11 16:00:24.0;
30;95410;2019-04-11 16:00:27.0;
30;95470;2019-04-11 16:00:29.0;
30;95378;2019-04-11 16:00:31.0;
30;95400;2019-04-11 16:00:32.0;
30;95410;2019-04-11 16:00:34.0;
30;95378;2019-04-11 16:00:35.0;
30;95410;2019-04-11 16:00:38.0;
30;95378;2019-04-11 16:00:39.0;
30;95410;2019-04-11 16:00:41.0;
30;95400;2019-04-11 16:00:42.0;
30;95378;2019-04-11 16:00:44.0;
30;95400;2019-04-11 16:00:50.0;
30;95378;2019-04-11 16:00:52.0;
30;95390;2019-04-11 16:00:54.0;
30;95378;2019-04-11 16:00:55.0;
30;95400;2019-04-11 16:00:58.0;
30;95390;2019-04-11 16:00:59.0;
30;95420;2019-04-11 16:01:01.0;
30;95390;2019-04-11 16:01:02.0;
30;95420;2019-04-11 16:01:05.0;
30;95390;2019-04-11 16:01:08.0;
30;95420;2019-04-11 16:01:11.0;
30;95390;2019-04-11 16:01:15.0;
30;95420;2019-04-11 16:01:17.0;
30;95390;2019-04-11 16:01:19.0;
30;95420;2019-04-11 16:01:21.0;
30;95390;2019-04-11 16:01:23.0;
30;95420;2019-04-11 16:01:25.0;
30;95405;2019-04-11 16:01:29.0;
30;95420;2019-04-11 16:01:33.0;
30;95405;2019-04-11 16:01:34.0;
30;95430;2019-04-11 16:01:37.0;
30;95405;2019-04-11 16:01:39.0;
30;95430;2019-04-11 16:01:46.0;
30;95405;2019-04-11 16:01:47.0;
30;95430;2019-04-11 16:01:49.0;
30;95405;2019-04-11 16:01:50.0;
30;95430;2019-04-11 16:01:54.0;
30;95405;2019-04-11 16:01:56.0;
30;95430;2019-04-11 16:01:59.0;
30;95405;2019-04-11 16:02:00.0;
30;95465;2019-04-11 16:02:02.0;
30;95430;2019-04-11 16:02:05.0;
30;95445;2019-04-11 16:02:06.0;
30;95465;2019-04-11 16:02:09.0;
30;95445;2019-04-11 16:02:12.0;
30;95465;2019-04-11 16:02:13.0;
30;95445;2019-04-11 16:02:15.0;
30;95465;2019-04-11 16:02:16.0;
30;95445;2019-04-11 16:02:29.0;
30;95465;2019-04-11 16:02:30.0;
30;95445;2019-04-11 16:02:31.0;
30;95465;2019-04-11 16:02:33.0;
30;95445;2019-04-11 16:02:34.0;
30;95500;2019-04-11 16:02:36.0;
30;95465;2019-04-11 16:02:43.0;
30;95500;2019-04-11 16:02:44.0;
30;95465;2019-04-11 16:02:47.0;
30;95500;2019-04-11 16:02:49.0;
30;95490;2019-04-11 16:03:02.0;
30;95500;2019-04-11 16:03:03.0;
30;95490;2019-04-11 16:03:04.0;
30;95515;2019-04-11 16:03:13.0;
30;95488;2019-04-11 16:03:17.0;
30;95515;2019-04-11 16:03:19.0;
30;95488;2019-04-11 16:03:21.0;
30;95515;2019-04-11 16:03:22.0;
30;95490;2019-04-11 16:03:24.0;
30;95515;2019-04-11 16:03:26.0;
30;95488;2019-04-11 16:03:27.0;
30;95515;2019-04-11 16:03:28.0;
30;95488;2019-04-11 16:03:30.0;
30;95515;2019-04-11 16:03:34.0;
30;95488;2019-04-11 16:03:37.0;
30;95515;2019-04-11 16:03:39.0;
30;95510;2019-04-11 16:03:43.0;
30;95515;2019-04-11 16:03:45.0;
30;95510;2019-04-11 16:03:46.0;
30;95525;2019-04-11 16:03:49.0;
30;95515;2019-04-11 16:03:50.0;
30;95510;2019-04-11 16:03:52.0;
30;95525;2019-04-11 16:03:53.0;
30;95515;2019-04-11 16:03:56.0;
30;95510;2019-04-11 16:03:58.0;
30;95525;2019-04-11 16:04:01.0;
30;95510;2019-04-11 16:04:09.0;
30;95525;2019-04-11 16:04:11.0;
30;95510;2019-04-11 16:04:12.0;
30;95525;2019-04-11 16:04:13.0;
30;95505;2019-04-11 16:04:15.0;
30;95525;2019-04-11 16:04:16.0;
30;95505;2019-04-11 16:04:18.0;
30;95525;2019-04-11 16:04:19.0;
30;95505;2019-04-11 16:04:21.0;
30;95525;2019-04-11 16:04:25.0;
30;95505;2019-04-11 16:04:26.0;
30;95515;2019-04-11 16:04:34.0;
30;95505;2019-04-11 16:04:35.0;
30;95515;2019-04-11 16:04:41.0;
30;95505;2019-04-11 16:04:42.0;
30;95515;2019-04-11 16:04:44.0;
30;95498;2019-04-11 16:04:48.0;
30;95505;2019-04-11 16:04:50.0;
30;95515;2019-04-11 16:04:51.0;
30;95498;2019-04-11 16:04:53.0;
30;95515;2019-04-11 16:04:54.0;
30;95498;2019-04-11 16:04:57.0;
30;95515;2019-04-11 16:04:59.0;
30;95498;2019-04-11 16:05:01.0;
30;95515;2019-04-11 16:05:02.0;
30;95485;2019-04-11 16:05:05.0;
30;95498;2019-04-11 16:05:11.0;
30;95485;2019-04-11 16:05:13.0;
30;95470;2019-04-11 16:05:19.0;
30;95485;2019-04-11 16:05:22.0;
30;95470;2019-04-11 16:05:23.0;
30;95485;2019-04-11 16:05:25.0;
30;95470;2019-04-11 16:05:26.0;
30;95490;2019-04-11 16:05:28.0;
30;95485;2019-04-11 16:05:29.0;
30;95490;2019-04-11 16:05:32.0;
30;95470;2019-04-11 16:05:35.0;
30;95490;2019-04-11 16:05:39.0;
30;95475;2019-04-11 16:05:41.0;
30;95470;2019-04-11 16:05:44.0;
30;95490;2019-04-11 16:05:49.0;
30;95400;2019-04-11 16:05:51.0;
30;95490;2019-04-11 16:05:53.0;
30;95475;2019-04-11 16:06:00.0;
30;95400;2019-04-11 16:06:04.0;
30;95475;2019-04-11 16:06:07.0;
30;95400;2019-04-11 16:06:09.0;
30;95475;2019-04-11 16:06:10.0;
30;95400;2019-04-11 16:06:13.0;
30;95340;2019-04-11 16:06:17.0;
30;95400;2019-04-11 16:06:19.0;
30;95340;2019-04-11 16:06:24.0;
30;95400;2019-04-11 16:06:25.0;
30;95340;2019-04-11 16:06:27.0;
30;95400;2019-04-11 16:06:28.0;
30;95415;2019-04-11 16:06:31.0;
30;95340;2019-04-11 16:06:32.0;
30;95415;2019-04-11 16:06:34.0;
30;95390;2019-04-11 16:06:35.0;
30;95415;2019-04-11 16:06:37.0;
30;95340;2019-04-11 16:06:38.0;
30;95415;2019-04-11 16:06:41.0;
30;95390;2019-04-11 16:06:43.0;
30;95415;2019-04-11 16:06:44.0;
30;95385;2019-04-11 16:06:46.0;
30;95390;2019-04-11 16:06:47.0;
30;95385;2019-04-11 16:06:50.0;
30;95390;2019-04-11 16:06:52.0;
30;95415;2019-04-11 16:06:55.0;
30;95385;2019-04-11 16:06:56.0;
30;95415;2019-04-11 16:06:59.0;
30;95385;2019-04-11 16:07:02.0;
30;95390;2019-04-11 16:07:03.0;
30;95385;2019-04-11 16:07:05.0;
30;95375;2019-04-11 16:07:17.0;
30;95385;2019-04-11 16:07:20.0;
30;95375;2019-04-11 16:07:24.0;
30;95385;2019-04-11 16:07:26.0;
30;95375;2019-04-11 16:07:27.0;
30;95385;2019-04-11 16:07:29.0;
30;95375;2019-04-11 16:07:31.0;
30;95385;2019-04-11 16:07:36.0;
30;95368;2019-04-11 16:07:38.0;
30;95375;2019-04-11 16:07:40.0;
30;95368;2019-04-11 16:07:42.0;
30;95375;2019-04-11 16:07:45.0;
30;95368;2019-04-11 16:07:46.0;
30;95335;2019-04-11 16:07:48.0;
30;95368;2019-04-11 16:07:51.0;
30;95335;2019-04-11 16:07:53.0;
30;95368;2019-04-11 16:07:55.0;
30;95335;2019-04-11 16:07:58.0;
30;95368;2019-04-11 16:07:59.0;
30;95335;2019-04-11 16:08:08.0;
30;95368;2019-04-11 16:08:09.0;
30;95365;2019-04-11 16:08:11.0;
30;95335;2019-04-11 16:08:14.0;
30;95330;2019-04-11 16:08:17.0;
30;95365;2019-04-11 16:08:18.0;
30;95330;2019-04-11 16:08:20.0;
30;95365;2019-04-11 16:08:26.0;
30;95330;2019-04-11 16:08:30.0;
30;95365;2019-04-11 16:08:31.0;
30;95330;2019-04-11 16:08:33.0;
30;95365;2019-04-11 16:08:37.0;
30;95330;2019-04-11 16:08:38.0;
30;95340;2019-04-11 16:08:50.0;
30;95350;2019-04-11 16:08:55.0;
30;95340;2019-04-11 16:08:57.0;
30;95350;2019-04-11 16:09:00.0;
30;95340;2019-04-11 16:09:03.0;
30;95350;2019-04-11 16:09:06.0;
30;95340;2019-04-11 16:09:09.0;
30;95350;2019-04-11 16:09:11.0;
30;95340;2019-04-11 16:09:13.0;
30;95350;2019-04-11 16:09:14.0;
30;95340;2019-04-11 16:09:16.0;
30;95350;2019-04-11 16:09:18.0;
30;95340;2019-04-11 16:09:21.0;
30;95320;2019-04-11 16:09:22.0;
30;95330;2019-04-11 16:09:30.0;
30;95320;2019-04-11 16:09:33.0;
30;95330;2019-04-11 16:09:34.0;
30;95320;2019-04-11 16:09:36.0;
30;95330;2019-04-11 16:09:53.0;
30;95320;2019-04-11 16:09:54.0;
30;95330;2019-04-11 16:10:00.0;
30;95320;2019-04-11 16:10:01.0;
30;95345;2019-04-11 16:10:28.0;
30;95320;2019-04-11 16:10:30.0;
30;95345;2019-04-11 16:10:33.0;
30;95355;2019-04-11 16:10:35.0;
30;95345;2019-04-11 16:10:36.0;
30;95355;2019-04-11 16:10:38.0;
30;95345;2019-04-11 16:10:43.0;
30;95355;2019-04-11 16:10:45.0;
30;95305;2019-04-11 16:11:04.0;
30;95355;2019-04-11 16:11:07.0;
30;95310;2019-04-11 16:11:09.0;
30;95305;2019-04-11 16:11:12.0;
30;95310;2019-04-11 16:11:15.0;
30;95305;2019-04-11 16:11:25.0;
30;95310;2019-04-11 16:11:27.0;
30;95305;2019-04-11 16:11:28.0;
30;95310;2019-04-11 16:11:30.0;
30;95260;2019-04-11 16:11:35.0;
30;95310;2019-04-11 16:11:37.0;
30;95270;2019-04-11 16:11:41.0;
30;95255;2019-04-11 16:11:43.0;
30;95270;2019-04-11 16:11:45.0;
30;95260;2019-04-11 16:11:46.0;
30;95270;2019-04-11 16:11:48.0;
30;95260;2019-04-11 16:11:49.0;
30;95270;2019-04-11 16:11:52.0;
30;95255;2019-04-11 16:11:54.0;
30;95260;2019-04-11 16:11:55.0;
30;95255;2019-04-11 16:11:57.0;
30;95270;2019-04-11 16:11:59.0;
30;95255;2019-04-11 16:12:01.0;
30;95260;2019-04-11 16:12:02.0;
30;95255;2019-04-11 16:12:05.0;
30;95230;2019-04-11 16:12:07.0;
30;95255;2019-04-11 16:12:08.0;
30;95270;2019-04-11 16:12:09.0;
30;95230;2019-04-11 16:12:11.0;
30;95215;2019-04-11 16:12:14.0;
30;95230;2019-04-11 16:12:16.0;
30;95215;2019-04-11 16:12:18.0;
30;95230;2019-04-11 16:12:19.0;
30;95215;2019-04-11 16:12:21.0;
30;95230;2019-04-11 16:12:24.0;
30;95215;2019-04-11 16:12:32.0;
30;95230;2019-04-11 16:12:35.0;
30;95215;2019-04-11 16:12:39.0;
30;95222;2019-04-11 16:12:41.0;
30;95245;2019-04-11 16:12:45.0;
30;95230;2019-04-11 16:12:48.0;
30;95245;2019-04-11 16:12:52.0;
30;95230;2019-04-11 16:12:53.0;
30;95245;2019-04-11 16:12:55.0;
30;95230;2019-04-11 16:12:56.0;
30;95222;2019-04-11 16:13:01.0;
30;95230;2019-04-11 16:13:03.0;
30;95245;2019-04-11 16:13:07.0;
30;95222;2019-04-11 16:13:09.0;
30;95230;2019-04-11 16:13:10.0;
30;95245;2019-04-11 16:13:13.0;
30;95230;2019-04-11 16:13:17.0;
30;95240;2019-04-11 16:13:18.0;
30;95245;2019-04-11 16:13:22.0;
30;95240;2019-04-11 16:13:24.0;
30;95260;2019-04-11 16:13:25.0;
30;95240;2019-04-11 16:13:27.0;
30;95260;2019-04-11 16:13:28.0;
30;95245;2019-04-11 16:13:30.0;
30;95240;2019-04-11 16:13:31.0;
30;95245;2019-04-11 16:13:35.0;
30;95260;2019-04-11 16:13:36.0;
30;95240;2019-04-11 16:13:39.0;
30;95260;2019-04-11 16:13:41.0;
30;95245;2019-04-11 16:13:42.0;
30;95260;2019-04-11 16:13:44.0;
30;95240;2019-04-11 16:13:45.0;
30;95245;2019-04-11 16:13:47.0;
30;95260;2019-04-11 16:13:48.0;
30;95245;2019-04-11 16:13:51.0;
30;95260;2019-04-11 16:13:52.0;
30;95235;2019-04-11 16:13:54.0;
30;95245;2019-04-11 16:13:55.0;
30;95235;2019-04-11 16:13:57.0;
30;95245;2019-04-11 16:14:00.0;
30;95235;2019-04-11 16:14:06.0;
30;95245;2019-04-11 16:14:08.0;
30;95235;2019-04-11 16:14:11.0;
30;95245;2019-04-11 16:14:14.0;
30;95235;2019-04-11 16:14:17.0;
30;95255;2019-04-11 16:14:25.0;
30;95245;2019-04-11 16:14:32.0;
30;95255;2019-04-11 16:14:35.0;
30;95245;2019-04-11 16:14:37.0;
30;95255;2019-04-11 16:14:38.0;
30;95245;2019-04-11 16:14:46.0;
30;95255;2019-04-11 16:14:48.0;
30;95245;2019-04-11 16:14:51.0;
30;95255;2019-04-11 16:14:53.0;
30;95285;2019-04-11 16:14:57.0;
30;95245;2019-04-11 16:14:58.0;
30;95305;2019-04-11 16:15:00.0;
30;95285;2019-04-11 16:15:03.0;
30;95305;2019-04-11 16:15:04.0;
30;95285;2019-04-11 16:15:08.0;
30;95305;2019-04-11 16:15:09.0;
30;95285;2019-04-11 16:15:11.0;
30;95305;2019-04-11 16:15:12.0;
30;95310;2019-04-11 16:15:13.0;
30;95285;2019-04-11 16:15:22.0;
30;95305;2019-04-11 16:15:25.0;
30;95310;2019-04-11 16:15:27.0;
30;95302;2019-04-11 16:15:30.0;
30;95310;2019-04-11 16:15:36.0;
30;95302;2019-04-11 16:15:40.0;
30;95290;2019-04-11 16:15:42.0;
30;95302;2019-04-11 16:15:45.0;
30;95290;2019-04-11 16:15:49.0;
30;95302;2019-04-11 16:15:51.0;
30;95290;2019-04-11 16:15:53.0;
30;95285;2019-04-11 16:16:01.0;
30;95290;2019-04-11 16:16:03.0;
30;95285;2019-04-11 16:16:04.0;
30;95290;2019-04-11 16:16:06.0;
30;95285;2019-04-11 16:16:08.0;
30;95290;2019-04-11 16:16:10.0;
30;95320;2019-04-11 16:16:11.0;
30;95285;2019-04-11 16:16:12.0;
30;95320;2019-04-11 16:16:15.0;
30;95285;2019-04-11 16:16:18.0;
30;95320;2019-04-11 16:16:20.0;
30;95285;2019-04-11 16:16:21.0;
30;95320;2019-04-11 16:16:25.0;
30;95285;2019-04-11 16:16:31.0;
30;95320;2019-04-11 16:16:32.0;
30;95275;2019-04-11 16:16:41.0;
30;95272;2019-04-11 16:16:52.0;
30;95275;2019-04-11 16:16:58.0;
30;95272;2019-04-11 16:17:00.0;
30;95275;2019-04-11 16:17:01.0;
30;95272;2019-04-11 16:17:03.0;
30;95275;2019-04-11 16:17:04.0;
30;95272;2019-04-11 16:17:10.0;
30;95255;2019-04-11 16:17:12.0;
30;95275;2019-04-11 16:17:13.0;
30;95255;2019-04-11 16:17:15.0;
30;95265;2019-04-11 16:17:16.0;
30;95255;2019-04-11 16:17:17.0;
30;95265;2019-04-11 16:17:19.0;
30;95272;2019-04-11 16:17:20.0;
30;95255;2019-04-11 16:17:22.0;
30;95265;2019-04-11 16:17:24.0;
30;95255;2019-04-11 16:17:25.0;
30;95265;2019-04-11 16:17:27.0;
30;95255;2019-04-11 16:17:29.0;
30;95265;2019-04-11 16:17:31.0;
30;95285;2019-04-11 16:17:33.0;
30;95265;2019-04-11 16:17:35.0;
30;95285;2019-04-11 16:17:37.0;
30;95265;2019-04-11 16:17:39.0;
30;95285;2019-04-11 16:17:40.0;
30;95265;2019-04-11 16:17:43.0;
30;95285;2019-04-11 16:17:47.0;
30;95280;2019-04-11 16:17:51.0;
30;95265;2019-04-11 16:17:53.0;
30;95280;2019-04-11 16:17:54.0;
30;95265;2019-04-11 16:17:58.0;
30;95280;2019-04-11 16:18:00.0;
30;95265;2019-04-11 16:18:01.0;
30;95280;2019-04-11 16:18:03.0;
30;95265;2019-04-11 16:18:06.0;
30;95250;2019-04-11 16:18:09.0;
30;95280;2019-04-11 16:18:10.0;
30;95250;2019-04-11 16:18:12.0;
30;95265;2019-04-11 16:18:13.0;
30;95275;2019-04-11 16:18:15.0;
30;95250;2019-04-11 16:18:16.0;
30;95280;2019-04-11 16:18:18.0;
30;95250;2019-04-11 16:18:20.0;
30;95275;2019-04-11 16:18:25.0;
30;95270;2019-04-11 16:18:26.0;
30;95250;2019-04-11 16:18:28.0;
30;95270;2019-04-11 16:18:31.0;
30;95250;2019-04-11 16:18:32.0;
30;95270;2019-04-11 16:18:33.0;
30;95250;2019-04-11 16:18:36.0;
30;95275;2019-04-11 16:18:39.0;
30;95265;2019-04-11 16:18:40.0;
30;95270;2019-04-11 16:18:42.0;
30;95265;2019-04-11 16:18:43.0;
30;95245;2019-04-11 16:18:45.0;
30;95270;2019-04-11 16:18:46.0;
30;95265;2019-04-11 16:18:48.0;
30;95245;2019-04-11 16:18:51.0;
30;95270;2019-04-11 16:18:52.0;
30;95245;2019-04-11 16:18:54.0;
30;95265;2019-04-11 16:18:55.0;
30;95225;2019-04-11 16:19:01.0;
30;95245;2019-04-11 16:19:04.0;
30;95225;2019-04-11 16:19:05.0;
30;95245;2019-04-11 16:19:07.0;
30;95225;2019-04-11 16:19:08.0;
30;95205;2019-04-11 16:19:11.0;
30;95245;2019-04-11 16:19:12.0;
30;95225;2019-04-11 16:19:15.0;
30;95205;2019-04-11 16:19:18.0;
30;95158;2019-04-11 16:19:19.0;
30;95225;2019-04-11 16:19:24.0;
30;95158;2019-04-11 16:19:26.0;
30;95225;2019-04-11 16:19:27.0;
30;95205;2019-04-11 16:19:29.0;
30;95158;2019-04-11 16:19:30.0;
30;95142;2019-04-11 16:19:32.0;
30;95205;2019-04-11 16:19:33.0;
30;95142;2019-04-11 16:19:36.0;
30;95158;2019-04-11 16:19:37.0;
30;95205;2019-04-11 16:19:39.0;
30;95142;2019-04-11 16:19:40.0;
30;95205;2019-04-11 16:19:41.0;
30;95145;2019-04-11 16:19:43.0;
30;95158;2019-04-11 16:19:44.0;
30;95142;2019-04-11 16:19:46.0;
30;95158;2019-04-11 16:19:47.0;
30;95145;2019-04-11 16:19:50.0;
30;95142;2019-04-11 16:19:52.0;
30;95165;2019-04-11 16:19:53.0;
30;95145;2019-04-11 16:19:54.0;
30;95142;2019-04-11 16:19:56.0;
30;95165;2019-04-11 16:19:57.0;
30;95145;2019-04-11 16:20:00.0;
30;95160;2019-04-11 16:20:05.0;
30;95165;2019-04-11 16:20:08.0;
30;95145;2019-04-11 16:20:10.0;
30;95165;2019-04-11 16:20:11.0;
30;95160;2019-04-11 16:20:12.0;
30;95165;2019-04-11 16:20:16.0;
30;95160;2019-04-11 16:20:17.0;
30;95175;2019-04-11 16:20:25.0;
30;95160;2019-04-11 16:20:27.0;
30;95175;2019-04-11 16:20:30.0;
30;95160;2019-04-11 16:20:31.0;
30;95175;2019-04-11 16:20:33.0;
30;95160;2019-04-11 16:20:34.0;
30;95180;2019-04-11 16:20:35.0;
30;95175;2019-04-11 16:20:37.0;
30;95160;2019-04-11 16:20:41.0;
30;95180;2019-04-11 16:20:43.0;
30;95175;2019-04-11 16:20:45.0;
30;95160;2019-04-11 16:20:48.0;
30;95180;2019-04-11 16:20:51.0;
30;95160;2019-04-11 16:20:52.0;
30;95195;2019-04-11 16:20:53.0;
30;95175;2019-04-11 16:20:55.0;
30;95195;2019-04-11 16:20:56.0;
30;95175;2019-04-11 16:20:57.0;
30;95195;2019-04-11 16:21:00.0;
30;95180;2019-04-11 16:21:02.0;
30;95195;2019-04-11 16:21:03.0;
30;95180;2019-04-11 16:21:05.0;
30;95195;2019-04-11 16:21:07.0;
30;95175;2019-04-11 16:21:09.0;
30;95185;2019-04-11 16:21:10.0;
30;95195;2019-04-11 16:21:12.0;
30;95185;2019-04-11 16:21:13.0;
30;95175;2019-04-11 16:21:14.0;
30;95195;2019-04-11 16:21:16.0;
30;95175;2019-04-11 16:21:17.0;
30;95185;2019-04-11 16:21:19.0;
30;95195;2019-04-11 16:21:21.0;
30;95175;2019-04-11 16:21:22.0;
30;95210;2019-04-11 16:21:25.0;
30;95185;2019-04-11 16:21:26.0;
30;95220;2019-04-11 16:21:31.0;
30;95210;2019-04-11 16:21:34.0;
30;95250;2019-04-11 16:21:37.0;
30;95220;2019-04-11 16:21:39.0;
30;95210;2019-04-11 16:21:40.0;
30;95250;2019-04-11 16:21:41.0;
30;95220;2019-04-11 16:21:43.0;
30;95210;2019-04-11 16:21:44.0;
30;95250;2019-04-11 16:21:46.0;
30;95210;2019-04-11 16:21:50.0;
30;95220;2019-04-11 16:21:53.0;
30;95235;2019-04-11 16:21:56.0;
30;95220;2019-04-11 16:21:58.0;
30;95250;2019-04-11 16:22:00.0;
30;95235;2019-04-11 16:22:02.0;
30;95250;2019-04-11 16:22:04.0;
30;95255;2019-04-11 16:22:05.0;
30;95235;2019-04-11 16:22:07.0;
30;95255;2019-04-11 16:22:08.0;
30;95235;2019-04-11 16:22:09.0;
30;95255;2019-04-11 16:22:11.0;
30;95235;2019-04-11 16:22:25.0;
30;95255;2019-04-11 16:22:26.0;
30;95235;2019-04-11 16:22:27.0;
30;95255;2019-04-11 16:22:30.0;
30;95235;2019-04-11 16:22:31.0;
30;95255;2019-04-11 16:22:33.0;
30;95208;2019-04-11 16:22:34.0;
30;95255;2019-04-11 16:22:37.0;
30;95235;2019-04-11 16:22:39.0;
30;95208;2019-04-11 16:22:40.0;
30;95235;2019-04-11 16:22:43.0;
30;95215;2019-04-11 16:22:46.0;
30;95235;2019-04-11 16:22:47.0;
30;95208;2019-04-11 16:22:50.0;
30;95235;2019-04-11 16:22:54.0;
30;95208;2019-04-11 16:22:55.0;
30;95235;2019-04-11 16:22:56.0;
30;95208;2019-04-11 16:22:58.0;
30;95215;2019-04-11 16:23:01.0;
30;95208;2019-04-11 16:23:02.0;
30;95215;2019-04-11 16:23:04.0;
30;95195;2019-04-11 16:23:05.0;
30;95215;2019-04-11 16:23:06.0;
30;95195;2019-04-11 16:23:10.0;
30;95200;2019-04-11 16:23:13.0;
30;95195;2019-04-11 16:23:15.0;
30;95185;2019-04-11 16:23:18.0;
30;95195;2019-04-11 16:23:19.0;
30;95185;2019-04-11 16:23:21.0;
30;95195;2019-04-11 16:23:24.0;
30;95200;2019-04-11 16:23:28.0;
30;95185;2019-04-11 16:23:29.0;
30;95200;2019-04-11 16:23:32.0;
30;95185;2019-04-11 16:23:47.0;
30;95200;2019-04-11 16:23:48.0;
30;95195;2019-04-11 16:23:52.0;
30;95200;2019-04-11 16:23:53.0;
30;95195;2019-04-11 16:23:58.0;
30;95200;2019-04-11 16:23:59.0;
30;95195;2019-04-11 16:24:01.0;
30;95200;2019-04-11 16:24:04.0;
30;95195;2019-04-11 16:24:05.0;
30;95200;2019-04-11 16:24:07.0;
30;95215;2019-04-11 16:24:08.0;
30;95195;2019-04-11 16:24:09.0;
30;95215;2019-04-11 16:24:11.0;
30;95195;2019-04-11 16:24:12.0;
30;95215;2019-04-11 16:24:15.0;
30;95195;2019-04-11 16:24:18.0;
30;95200;2019-04-11 16:24:23.0;
30;95215;2019-04-11 16:24:25.0;
30;95195;2019-04-11 16:24:26.0;
30;95215;2019-04-11 16:24:27.0;
30;95195;2019-04-11 16:24:33.0;
30;95215;2019-04-11 16:24:36.0;
30;95195;2019-04-11 16:24:39.0;
30;95240;2019-04-11 16:24:41.0;
30;95200;2019-04-11 16:24:42.0;
30;95240;2019-04-11 16:24:45.0;
30;95195;2019-04-11 16:24:47.0;
30;95200;2019-04-11 16:24:49.0;
30;95245;2019-04-11 16:24:50.0;
30;95240;2019-04-11 16:24:51.0;
30;95250;2019-04-11 16:24:54.0;
30;95240;2019-04-11 16:24:55.0;
30;95245;2019-04-11 16:24:57.0;
30;95240;2019-04-11 16:24:58.0;
30;95250;2019-04-11 16:25:02.0;
30;95245;2019-04-11 16:25:04.0;
30;95240;2019-04-11 16:25:05.0;
30;95245;2019-04-11 16:25:07.0;
30;95240;2019-04-11 16:25:09.0;
30;95245;2019-04-11 16:25:12.0;
30;95225;2019-04-11 16:25:14.0;
30;95250;2019-04-11 16:25:16.0;
30;95245;2019-04-11 16:25:18.0;
30;95225;2019-04-11 16:25:19.0;
30;95250;2019-04-11 16:25:22.0;
30;95225;2019-04-11 16:25:24.0;
30;95220;2019-04-11 16:25:26.0;
30;95225;2019-04-11 16:25:28.0;
30;95220;2019-04-11 16:25:40.0;
30;95225;2019-04-11 16:25:44.0;
30;95220;2019-04-11 16:25:46.0;
30;95225;2019-04-11 16:25:49.0;
30;95215;2019-04-11 16:25:51.0;
30;95225;2019-04-11 16:25:52.0;
30;95215;2019-04-11 16:25:56.0;
30;95225;2019-04-11 16:25:59.0;
30;95215;2019-04-11 16:26:01.0;
30;95225;2019-04-11 16:26:04.0;
30;95215;2019-04-11 16:26:05.0;
30;95225;2019-04-11 16:26:06.0;
30;95215;2019-04-11 16:26:10.0;
30;95240;2019-04-11 16:26:19.0;
30;95215;2019-04-11 16:26:20.0;
30;95245;2019-04-11 16:26:24.0;
30;95240;2019-04-11 16:26:26.0;
30;95245;2019-04-11 16:26:28.0;
30;95240;2019-04-11 16:26:30.0;
30;95245;2019-04-11 16:26:33.0;
30;95240;2019-04-11 16:26:36.0;
30;95245;2019-04-11 16:26:41.0;
30;95240;2019-04-11 16:26:43.0;
30;95245;2019-04-11 16:26:46.0;
30;95225;2019-04-11 16:26:50.0;
30;95245;2019-04-11 16:26:52.0;
30;95225;2019-04-11 16:26:57.0;
30;95230;2019-04-11 16:26:59.0;
30;95215;2019-04-11 16:27:05.0;
30;95230;2019-04-11 16:27:08.0;
30;95215;2019-04-11 16:27:11.0;
30;95225;2019-04-11 16:27:17.0;
30;95215;2019-04-11 16:27:18.0;
30;95230;2019-04-11 16:27:22.0;
30;95215;2019-04-11 16:27:23.0;
30;95165;2019-04-11 16:27:25.0;
30;95215;2019-04-11 16:27:26.0;
30;95230;2019-04-11 16:27:28.0;
30;95215;2019-04-11 16:27:30.0;
30;95175;2019-04-11 16:27:32.0;
30;95180;2019-04-11 16:27:34.0;
30;95175;2019-04-11 16:27:36.0;
30;95165;2019-04-11 16:27:38.0;
30;95180;2019-04-11 16:27:42.0;
30;95175;2019-04-11 16:27:45.0;
30;95165;2019-04-11 16:27:47.0;
30;95175;2019-04-11 16:27:48.0;
30;95180;2019-04-11 16:27:51.0;
30;95175;2019-04-11 16:27:52.0;
30;95180;2019-04-11 16:27:54.0;
30;95175;2019-04-11 16:27:55.0;
30;95155;2019-04-11 16:27:57.0;
30;95175;2019-04-11 16:27:58.0;
30;95180;2019-04-11 16:28:01.0;
30;95155;2019-04-11 16:28:03.0;
30;95152;2019-04-11 16:28:05.0;
30;95155;2019-04-11 16:28:07.0;
30;95152;2019-04-11 16:28:09.0;
30;95155;2019-04-11 16:28:12.0;
30;95152;2019-04-11 16:28:14.0;
30;95155;2019-04-11 16:28:16.0;
30;95152;2019-04-11 16:28:17.0;
30;95155;2019-04-11 16:28:22.0;
30;95152;2019-04-11 16:28:26.0;
30;95145;2019-04-11 16:28:31.0;
30;95152;2019-04-11 16:28:33.0;
30;95140;2019-04-11 16:28:36.0;
30;95152;2019-04-11 16:28:38.0;
30;95140;2019-04-11 16:28:39.0;
30;95145;2019-04-11 16:28:42.0;
30;95140;2019-04-11 16:28:43.0;
30;95145;2019-04-11 16:28:51.0;
30;95140;2019-04-11 16:28:52.0;
30;95175;2019-04-11 16:29:03.0;
30;95140;2019-04-11 16:29:05.0;
30;95175;2019-04-11 16:29:06.0;
30;95145;2019-04-11 16:29:08.0;
30;95175;2019-04-11 16:29:14.0;
30;95145;2019-04-11 16:29:15.0;
30;95175;2019-04-11 16:29:18.0;
30;95145;2019-04-11 16:29:19.0;
30;95175;2019-04-11 16:29:24.0;
30;95145;2019-04-11 16:29:26.0;
30;95175;2019-04-11 16:29:30.0;
30;95145;2019-04-11 16:29:32.0;
30;95090;2019-04-11 16:29:40.0;
30;95075;2019-04-11 16:30:14.0;
30;95080;2019-04-11 16:30:24.0;
30;95075;2019-04-11 16:30:25.0;
30;95080;2019-04-11 16:30:27.0;
30;95075;2019-04-11 16:30:29.0;
30;95080;2019-04-11 16:30:31.0;
30;95075;2019-04-11 16:30:33.0;
30;95080;2019-04-11 16:30:34.0;
30;95075;2019-04-11 16:30:36.0;
30;95080;2019-04-11 16:30:39.0;
30;95075;2019-04-11 16:30:40.0;
30;95080;2019-04-11 16:30:45.0;
30;95070;2019-04-11 16:30:46.0;
30;95080;2019-04-11 16:30:51.0;
30;95070;2019-04-11 16:30:53.0;
30;95065;2019-04-11 16:30:59.0;
30;95070;2019-04-11 16:31:00.0;
30;95065;2019-04-11 16:31:06.0;
30;95070;2019-04-11 16:31:09.0;
30;95065;2019-04-11 16:31:10.0;
30;95070;2019-04-11 16:31:15.0;
30;95065;2019-04-11 16:31:17.0;
30;95090;2019-04-11 16:31:19.0;
30;95080;2019-04-11 16:31:26.0;
30;95085;2019-04-11 16:31:31.0;
30;95080;2019-04-11 16:31:32.0;
30;95090;2019-04-11 16:31:35.0;
30;95080;2019-04-11 16:31:36.0;
30;95090;2019-04-11 16:31:37.0;
30;95085;2019-04-11 16:31:39.0;
30;95090;2019-04-11 16:31:40.0;
30;95080;2019-04-11 16:31:41.0;
30;95090;2019-04-11 16:31:49.0;
30;95085;2019-04-11 16:31:50.0;
30;95080;2019-04-11 16:31:54.0;
30;95085;2019-04-11 16:31:56.0;
30;95115;2019-04-11 16:31:57.0;
30;95085;2019-04-11 16:32:01.0;
30;95115;2019-04-11 16:32:02.0;
30;95155;2019-04-11 16:32:07.0;
30;95115;2019-04-11 16:32:10.0;
30;95155;2019-04-11 16:32:11.0;
30;95115;2019-04-11 16:32:13.0;
30;95155;2019-04-11 16:32:14.0;
30;95115;2019-04-11 16:32:16.0;
30;95155;2019-04-11 16:32:23.0;
30;95115;2019-04-11 16:32:25.0;
30;95155;2019-04-11 16:32:26.0;
30;95165;2019-04-11 16:32:46.0;
30;95155;2019-04-11 16:32:50.0;
30;95165;2019-04-11 16:32:56.0;
30;95155;2019-04-11 16:32:58.0;
30;95165;2019-04-11 16:33:02.0;
30;95155;2019-04-11 16:33:04.0;
30;95165;2019-04-11 16:33:05.0;
30;95175;2019-04-11 16:33:07.0;
30;95155;2019-04-11 16:33:08.0;
30;95165;2019-04-11 16:33:13.0;
30;95175;2019-04-11 16:33:14.0;
30;95160;2019-04-11 16:33:17.0;
30;95175;2019-04-11 16:33:19.0;
30;95160;2019-04-11 16:33:23.0;
30;95155;2019-04-11 16:33:25.0;
30;95175;2019-04-11 16:33:28.0;
30;95160;2019-04-11 16:33:32.0;
30;95175;2019-04-11 16:33:34.0;
30;95160;2019-04-11 16:33:36.0;
30;95155;2019-04-11 16:33:38.0;
30;95160;2019-04-11 16:33:42.0;
30;95155;2019-04-11 16:33:45.0;
30;95160;2019-04-11 16:33:46.0;
30;95155;2019-04-11 16:33:51.0;
30;95122;2019-04-11 16:33:56.0;
30;95160;2019-04-11 16:33:58.0;
30;95155;2019-04-11 16:34:00.0;
30;95122;2019-04-11 16:34:02.0;
30;95160;2019-04-11 16:34:04.0;
30;95145;2019-04-11 16:34:05.0;
30;95155;2019-04-11 16:34:07.0;
30;95122;2019-04-11 16:34:08.0;
30;95165;2019-04-11 16:34:16.0;
30;95145;2019-04-11 16:34:19.0;
30;95122;2019-04-11 16:34:23.0;
30;95155;2019-04-11 16:34:25.0;
30;95165;2019-04-11 16:34:28.0;
30;95145;2019-04-11 16:34:29.0;
30;95155;2019-04-11 16:34:31.0;
30;95165;2019-04-11 16:34:32.0;
30;95185;2019-04-11 16:34:37.0;
30;95165;2019-04-11 16:34:39.0;
30;95155;2019-04-11 16:34:41.0;
30;95185;2019-04-11 16:34:44.0;
30;95155;2019-04-11 16:34:45.0;
30;95185;2019-04-11 16:34:49.0;
30;95180;2019-04-11 16:34:51.0;
30;95185;2019-04-11 16:34:55.0;
30;95175;2019-04-11 16:35:01.0;
30;95185;2019-04-11 16:35:04.0;
30;95175;2019-04-11 16:35:06.0;
30;95180;2019-04-11 16:35:07.0;
30;95192;2019-04-11 16:35:09.0;
30;95175;2019-04-11 16:35:11.0;
30;95192;2019-04-11 16:35:12.0;
30;95175;2019-04-11 16:35:15.0;
30;95192;2019-04-11 16:35:16.0;
30;95175;2019-04-11 16:35:18.0;
30;95192;2019-04-11 16:35:19.0;
30;95175;2019-04-11 16:35:24.0;
30;95210;2019-04-11 16:35:25.0;
30;95192;2019-04-11 16:35:27.0;
30;95175;2019-04-11 16:35:29.0;
30;95210;2019-04-11 16:35:31.0;
30;95192;2019-04-11 16:35:33.0;
30;95210;2019-04-11 16:35:34.0;
30;95232;2019-04-11 16:35:36.0;
30;95210;2019-04-11 16:35:39.0;
30;95232;2019-04-11 16:35:40.0;
30;95210;2019-04-11 16:35:44.0;
30;95255;2019-04-11 16:35:45.0;
30;95232;2019-04-11 16:35:51.0;
30;95210;2019-04-11 16:35:52.0;
30;95255;2019-04-11 16:35:54.0;
30;95232;2019-04-11 16:35:55.0;
30;95265;2019-04-11 16:35:56.0;
30;95255;2019-04-11 16:35:58.0;
30;95265;2019-04-11 16:35:59.0;
30;95255;2019-04-11 16:36:04.0;
30;95232;2019-04-11 16:36:06.0;
30;95240;2019-04-11 16:36:07.0;
30;95255;2019-04-11 16:36:10.0;
30;95240;2019-04-11 16:36:11.0;
30;95255;2019-04-11 16:36:13.0;
30;95240;2019-04-11 16:36:14.0;
30;95265;2019-04-11 16:36:19.0;
30;95190;2019-04-11 16:36:21.0;
30;95265;2019-04-11 16:36:22.0;
30;95190;2019-04-11 16:36:24.0;
30;95240;2019-04-11 16:36:29.0;
30;95190;2019-04-11 16:36:31.0;
30;95168;2019-04-11 16:36:33.0;
30;95240;2019-04-11 16:36:37.0;
30;95178;2019-04-11 16:36:38.0;
30;95190;2019-04-11 16:36:40.0;
30;95168;2019-04-11 16:36:42.0;
30;95178;2019-04-11 16:36:43.0;
30;95190;2019-04-11 16:36:45.0;
30;95168;2019-04-11 16:36:48.0;
30;95190;2019-04-11 16:36:51.0;
30;95165;2019-04-11 16:36:52.0;
30;95168;2019-04-11 16:36:54.0;
30;95178;2019-04-11 16:36:55.0;
30;95165;2019-04-11 16:36:57.0;
30;95178;2019-04-11 16:37:03.0;
30;95180;2019-04-11 16:37:04.0;
30;95165;2019-04-11 16:37:05.0;
30;95180;2019-04-11 16:37:08.0;
30;95165;2019-04-11 16:37:17.0;
30;95208;2019-04-11 16:37:21.0;
30;95190;2019-04-11 16:37:23.0;
30;95208;2019-04-11 16:37:24.0;
30;95190;2019-04-11 16:37:25.0;
30;95208;2019-04-11 16:37:28.0;
30;95190;2019-04-11 16:37:31.0;
30;95180;2019-04-11 16:37:33.0;
30;95210;2019-04-11 16:37:35.0;
30;95208;2019-04-11 16:37:37.0;
30;95190;2019-04-11 16:37:39.0;
30;95208;2019-04-11 16:37:40.0;
30;95210;2019-04-11 16:37:43.0;
30;95190;2019-04-11 16:37:45.0;
30;95208;2019-04-11 16:37:49.0;
30;95210;2019-04-11 16:37:51.0;
30;95190;2019-04-11 16:37:52.0;
30;95205;2019-04-11 16:37:54.0;
30;95210;2019-04-11 16:38:02.0;
30;95205;2019-04-11 16:38:04.0;
30;95210;2019-04-11 16:38:05.0;
30;95205;2019-04-11 16:38:07.0;
30;95220;2019-04-11 16:38:12.0;
30;95205;2019-04-11 16:38:16.0;
30;95220;2019-04-11 16:38:18.0;
30;95205;2019-04-11 16:38:22.0;
30;95220;2019-04-11 16:38:24.0;
30;95225;2019-04-11 16:38:27.0;
30;95220;2019-04-11 16:38:29.0;
30;95210;2019-04-11 16:38:31.0;
30;95225;2019-04-11 16:38:32.0;
30;95210;2019-04-11 16:38:34.0;
30;95225;2019-04-11 16:38:35.0;
30;95210;2019-04-11 16:38:40.0;
30;95220;2019-04-11 16:38:41.0;
30;95225;2019-04-11 16:38:43.0;
30;95210;2019-04-11 16:38:44.0;
30;95225;2019-04-11 16:38:45.0;
30;95210;2019-04-11 16:38:48.0;
30;95200;2019-04-11 16:38:51.0;
30;95210;2019-04-11 16:38:53.0;
30;95200;2019-04-11 16:38:54.0;
30;95210;2019-04-11 16:38:56.0;
30;95200;2019-04-11 16:38:58.0;
30;95180;2019-04-11 16:39:01.0;
30;95200;2019-04-11 16:39:09.0;
30;95180;2019-04-11 16:39:13.0;
30;95200;2019-04-11 16:39:15.0;
30;95180;2019-04-11 16:39:16.0;
30;95200;2019-04-11 16:39:21.0;
30;95180;2019-04-11 16:39:23.0;
30;95200;2019-04-11 16:39:26.0;
30;95180;2019-04-11 16:39:29.0;
30;95200;2019-04-11 16:39:33.0;
30;95170;2019-04-11 16:39:39.0;
30;95200;2019-04-11 16:39:40.0;
30;95170;2019-04-11 16:39:45.0;
30;95200;2019-04-11 16:39:46.0;
30;95170;2019-04-11 16:39:51.0;
30;95200;2019-04-11 16:39:52.0;
30;95170;2019-04-11 16:39:55.0;
30;95200;2019-04-11 16:39:56.0;
30;95170;2019-04-11 16:39:57.0;
30;95140;2019-04-11 16:39:59.0;
30;95200;2019-04-11 16:40:00.0;
30;95140;2019-04-11 16:40:02.0;
30;95170;2019-04-11 16:40:04.0;
30;95140;2019-04-11 16:40:05.0;
30;95135;2019-04-11 16:40:15.0;
30;95140;2019-04-11 16:40:16.0;
30;95135;2019-04-11 16:40:17.0;
30;95140;2019-04-11 16:40:19.0;
30;95135;2019-04-11 16:40:23.0;
30;95140;2019-04-11 16:40:25.0;
30;95155;2019-04-11 16:40:29.0;
30;95135;2019-04-11 16:40:31.0;
30;95140;2019-04-11 16:40:34.0;
30;95135;2019-04-11 16:40:35.0;
30;95145;2019-04-11 16:40:36.0;
30;95155;2019-04-11 16:40:39.0;
30;95135;2019-04-11 16:40:42.0;
30;95155;2019-04-11 16:40:44.0;
30;95158;2019-04-11 16:40:47.0;
30;95145;2019-04-11 16:40:50.0;
30;95155;2019-04-11 16:40:54.0;
30;95145;2019-04-11 16:40:57.0;
30;95155;2019-04-11 16:40:59.0;
30;95145;2019-04-11 16:41:01.0;
30;95135;2019-04-11 16:41:02.0;
30;95158;2019-04-11 16:41:04.0;
30;95135;2019-04-11 16:41:08.0;
30;95158;2019-04-11 16:41:09.0;
30;95135;2019-04-11 16:41:13.0;
30;95115;2019-04-11 16:41:15.0;
30;95135;2019-04-11 16:41:18.0;
30;95115;2019-04-11 16:41:20.0;
30;95135;2019-04-11 16:41:22.0;
30;95115;2019-04-11 16:41:32.0;
30;95140;2019-04-11 16:41:35.0;
30;95115;2019-04-11 16:41:37.0;
30;95135;2019-04-11 16:41:40.0;
30;95140;2019-04-11 16:41:41.0;
30;95135;2019-04-11 16:41:46.0;
30;95140;2019-04-11 16:41:53.0;
30;95135;2019-04-11 16:41:56.0;
30;95140;2019-04-11 16:42:06.0;
30;95155;2019-04-11 16:42:07.0;
30;95135;2019-04-11 16:42:09.0;
30;95155;2019-04-11 16:42:11.0;
30;95135;2019-04-11 16:42:12.0;
30;95155;2019-04-11 16:42:14.0;
30;95135;2019-04-11 16:42:19.0;
30;95145;2019-04-11 16:42:20.0;
30;95155;2019-04-11 16:42:25.0;
30;95145;2019-04-11 16:42:30.0;
30;95155;2019-04-11 16:42:31.0;
30;95145;2019-04-11 16:42:34.0;
30;95175;2019-04-11 16:42:39.0;
30;95145;2019-04-11 16:42:41.0;
30;95175;2019-04-11 16:42:43.0;
30;95145;2019-04-11 16:42:47.0;
30;95175;2019-04-11 16:42:50.0;
30;95152;2019-04-11 16:42:56.0;
30;95175;2019-04-11 16:43:00.0;
30;95152;2019-04-11 16:43:02.0;
30;95175;2019-04-11 16:43:07.0;
30;95152;2019-04-11 16:43:11.0;
30;95175;2019-04-11 16:43:13.0;
30;95152;2019-04-11 16:43:16.0;
30;95172;2019-04-11 16:43:18.0;
30;95175;2019-04-11 16:43:19.0;
30;95152;2019-04-11 16:43:21.0;
30;95172;2019-04-11 16:43:22.0;
30;95135;2019-04-11 16:43:24.0;
30;95172;2019-04-11 16:43:25.0;
30;95135;2019-04-11 16:43:27.0;
30;95172;2019-04-11 16:43:29.0;
30;95135;2019-04-11 16:43:32.0;
30;95115;2019-04-11 16:43:34.0;
30;95172;2019-04-11 16:43:36.0;
30;95115;2019-04-11 16:43:37.0;
30;95172;2019-04-11 16:43:38.0;
30;95115;2019-04-11 16:43:40.0;
30;95135;2019-04-11 16:43:41.0;
30;95115;2019-04-11 16:43:42.0;
30;95135;2019-04-11 16:43:44.0;
30;95172;2019-04-11 16:43:46.0;
30;95065;2019-04-11 16:43:48.0;
30;95115;2019-04-11 16:43:50.0;
30;95065;2019-04-11 16:43:51.0;
30;95115;2019-04-11 16:43:54.0;
30;95065;2019-04-11 16:43:56.0;
30;95115;2019-04-11 16:43:57.0;
30;95065;2019-04-11 16:43:59.0;
30;95115;2019-04-11 16:44:04.0;
30;95045;2019-04-11 16:44:06.0;
30;95065;2019-04-11 16:44:07.0;
30;95045;2019-04-11 16:44:24.0;
30;95065;2019-04-11 16:44:25.0;
30;95045;2019-04-11 16:44:26.0;
30;95065;2019-04-11 16:44:28.0;
30;95045;2019-04-11 16:44:30.0;
30;95055;2019-04-11 16:44:32.0;
30;95045;2019-04-11 16:44:34.0;
30;95065;2019-04-11 16:44:35.0;
30;95070;2019-04-11 16:44:37.0;
30;95065;2019-04-11 16:44:38.0;
30;95070;2019-04-11 16:44:39.0;
30;95065;2019-04-11 16:44:42.0;
30;95055;2019-04-11 16:44:47.0;
30;95070;2019-04-11 16:44:49.0;
30;95065;2019-04-11 16:44:50.0;
30;95070;2019-04-11 16:44:52.0;
30;95055;2019-04-11 16:44:53.0;
30;95045;2019-04-11 16:44:56.0;
30;95070;2019-04-11 16:44:59.0;
30;95045;2019-04-11 16:45:02.0;
30;95040;2019-04-11 16:45:03.0;
30;95045;2019-04-11 16:45:05.0;
30;95040;2019-04-11 16:45:10.0;
30;94995;2019-04-11 16:45:11.0;
30;95040;2019-04-11 16:45:14.0;
30;95045;2019-04-11 16:45:16.0;
30;94995;2019-04-11 16:45:17.0;
30;95040;2019-04-11 16:45:18.0;
30;95045;2019-04-11 16:45:20.0;
30;94995;2019-04-11 16:45:21.0;
30;95040;2019-04-11 16:45:23.0;
30;94995;2019-04-11 16:45:24.0;
30;95040;2019-04-11 16:45:26.0;
30;95025;2019-04-11 16:45:28.0;
30;95040;2019-04-11 16:45:30.0;
30;94995;2019-04-11 16:45:31.0;
30;95040;2019-04-11 16:45:33.0;
30;94995;2019-04-11 16:45:36.0;
30;95025;2019-04-11 16:45:37.0;
30;94995;2019-04-11 16:45:39.0;
30;95025;2019-04-11 16:45:42.0;
30;95030;2019-04-11 16:45:43.0;
30;95040;2019-04-11 16:45:45.0;
30;95025;2019-04-11 16:45:46.0;
30;95030;2019-04-11 16:45:48.0;
30;95025;2019-04-11 16:45:53.0;
30;95030;2019-04-11 16:45:57.0;
30;95040;2019-04-11 16:45:59.0;
30;95035;2019-04-11 16:46:01.0;
30;95030;2019-04-11 16:46:02.0;
30;95035;2019-04-11 16:46:04.0;
30;95030;2019-04-11 16:46:05.0;
30;95025;2019-04-11 16:46:07.0;
30;95030;2019-04-11 16:46:09.0;
30;95025;2019-04-11 16:46:13.0;
30;95035;2019-04-11 16:46:16.0;
30;95025;2019-04-11 16:46:18.0;
30;95035;2019-04-11 16:46:19.0;
30;95065;2019-04-11 16:46:22.0;
30;95025;2019-04-11 16:46:24.0;
30;95065;2019-04-11 16:46:25.0;
30;95025;2019-04-11 16:46:27.0;
30;95035;2019-04-11 16:46:28.0;
30;95065;2019-04-11 16:46:31.0;
30;95025;2019-04-11 16:46:35.0;
30;95065;2019-04-11 16:46:36.0;
30;95050;2019-04-11 16:46:38.0;
30;95065;2019-04-11 16:46:41.0;
30;95050;2019-04-11 16:46:45.0;
30;95065;2019-04-11 16:46:47.0;
30;94985;2019-04-11 16:46:48.0;
30;95065;2019-04-11 16:46:50.0;
30;94985;2019-04-11 16:46:54.0;
30;95050;2019-04-11 16:46:55.0;
30;94985;2019-04-11 16:46:59.0;
30;95050;2019-04-11 16:47:00.0;
30;94985;2019-04-11 16:47:03.0;
30;95050;2019-04-11 16:47:06.0;
30;94985;2019-04-11 16:47:07.0;
30;94975;2019-04-11 16:47:24.0;
30;94985;2019-04-11 16:47:25.0;
30;94975;2019-04-11 16:47:27.0;
30;94985;2019-04-11 16:47:31.0;
30;94975;2019-04-11 16:47:38.0;
30;94985;2019-04-11 16:47:40.0;
30;94975;2019-04-11 16:47:43.0;
30;94985;2019-04-11 16:47:44.0;
30;94975;2019-04-11 16:47:48.0;
30;94985;2019-04-11 16:47:49.0;
30;94975;2019-04-11 16:47:50.0;
30;94985;2019-04-11 16:47:52.0;
30;95015;2019-04-11 16:47:55.0;
30;94985;2019-04-11 16:47:56.0;
30;95015;2019-04-11 16:47:59.0;
30;94995;2019-04-11 16:48:02.0;
30;95015;2019-04-11 16:48:04.0;
30;94995;2019-04-11 16:48:10.0;
30;95015;2019-04-11 16:48:12.0;
30;94995;2019-04-11 16:48:17.0;
30;95015;2019-04-11 16:48:19.0;
30;94995;2019-04-11 16:48:22.0;
30;95015;2019-04-11 16:48:23.0;
30;94980;2019-04-11 16:48:28.0;
30;94995;2019-04-11 16:48:29.0;
30;94980;2019-04-11 16:48:32.0;
30;94960;2019-04-11 16:48:33.0;
30;94970;2019-04-11 16:48:38.0;
30;94960;2019-04-11 16:48:40.0;
30;94980;2019-04-11 16:48:43.0;
30;94960;2019-04-11 16:48:44.0;
30;94980;2019-04-11 16:48:46.0;
30;94960;2019-04-11 16:48:49.0;
30;94980;2019-04-11 16:48:53.0;
30;94970;2019-04-11 16:48:54.0;
30;94980;2019-04-11 16:48:57.0;
30;94960;2019-04-11 16:48:59.0;
30;94995;2019-04-11 16:49:01.0;
30;94970;2019-04-11 16:49:03.0;
30;95015;2019-04-11 16:49:05.0;
30;94970;2019-04-11 16:49:08.0;
30;94995;2019-04-11 16:49:09.0;
30;95015;2019-04-11 16:49:10.0;
30;94995;2019-04-11 16:49:12.0;
30;95015;2019-04-11 16:49:13.0;
30;95022;2019-04-11 16:49:19.0;
30;95015;2019-04-11 16:49:20.0;
30;95022;2019-04-11 16:49:22.0;
30;94995;2019-04-11 16:49:24.0;
30;95015;2019-04-11 16:49:25.0;
30;94995;2019-04-11 16:49:30.0;
30;95015;2019-04-11 16:49:32.0;
30;95022;2019-04-11 16:49:33.0;
30;95015;2019-04-11 16:49:35.0;
30;95040;2019-04-11 16:49:36.0;
30;95050;2019-04-11 16:49:39.0;
30;95022;2019-04-11 16:49:41.0;
30;95050;2019-04-11 16:49:42.0;
30;95040;2019-04-11 16:49:44.0;
30;95050;2019-04-11 16:49:45.0;
30;95040;2019-04-11 16:49:50.0;
30;95060;2019-04-11 16:49:53.0;
30;95050;2019-04-11 16:49:56.0;
30;95060;2019-04-11 16:49:57.0;
30;95050;2019-04-11 16:49:58.0;
30;95060;2019-04-11 16:50:00.0;
30;95040;2019-04-11 16:50:03.0;
30;95060;2019-04-11 16:50:04.0;
30;95040;2019-04-11 16:50:08.0;
30;95060;2019-04-11 16:50:10.0;
30;95040;2019-04-11 16:50:11.0;
30;95060;2019-04-11 16:50:14.0;
30;95040;2019-04-11 16:50:17.0;
30;95070;2019-04-11 16:50:20.0;
30;95040;2019-04-11 16:50:22.0;
30;95070;2019-04-11 16:50:26.0;
30;95040;2019-04-11 16:50:30.0;
30;95070;2019-04-11 16:50:40.0;
30;95040;2019-04-11 16:50:42.0;
30;95050;2019-04-11 16:50:47.0;
30;95035;2019-04-11 16:50:49.0;
30;95050;2019-04-11 16:50:50.0;
30;95020;2019-04-11 16:50:55.0;
30;95035;2019-04-11 16:50:57.0;
30;95050;2019-04-11 16:50:58.0;
30;95020;2019-04-11 16:50:59.0;
30;95035;2019-04-11 16:51:01.0;
30;95050;2019-04-11 16:51:02.0;
30;95035;2019-04-11 16:51:04.0;
30;95020;2019-04-11 16:51:08.0;
30;95035;2019-04-11 16:51:11.0;
30;95050;2019-04-11 16:51:13.0;
30;95035;2019-04-11 16:51:16.0;
30;95020;2019-04-11 16:51:17.0;
30;95035;2019-04-11 16:51:19.0;
30;95020;2019-04-11 16:51:20.0;
30;95030;2019-04-11 16:51:24.0;
30;95020;2019-04-11 16:51:35.0;
30;95030;2019-04-11 16:51:37.0;
30;95020;2019-04-11 16:51:43.0;
30;95030;2019-04-11 16:51:46.0;
30;95020;2019-04-11 16:51:51.0;
30;95030;2019-04-11 16:51:52.0;
30;95060;2019-04-11 16:52:04.0;
30;95030;2019-04-11 16:52:05.0;
30;95060;2019-04-11 16:52:12.0;
30;95030;2019-04-11 16:52:24.0;
30;95060;2019-04-11 16:52:25.0;
30;95030;2019-04-11 16:52:28.0;
30;95060;2019-04-11 16:52:30.0;
30;95045;2019-04-11 16:52:31.0;
30;95095;2019-04-11 16:53:03.0;
30;95105;2019-04-11 16:53:09.0;
30;95095;2019-04-11 16:53:15.0;
30;95105;2019-04-11 16:53:24.0;
30;95095;2019-04-11 16:53:26.0;
30;95105;2019-04-11 16:53:31.0;
30;95095;2019-04-11 16:53:33.0;
30;95105;2019-04-11 16:53:37.0;
30;95095;2019-04-11 16:53:39.0;
30;95115;2019-04-11 16:53:40.0;
30;95095;2019-04-11 16:53:41.0;
30;95115;2019-04-11 16:53:46.0;
30;95095;2019-04-11 16:53:48.0;
30;95115;2019-04-11 16:53:50.0;
30;95095;2019-04-11 16:53:51.0;
30;95115;2019-04-11 16:54:01.0;
30;95095;2019-04-11 16:54:03.0;
30;95110;2019-04-11 16:54:07.0;
30;95115;2019-04-11 16:54:09.0;
30;95110;2019-04-11 16:54:11.0;
30;95090;2019-04-11 16:54:12.0;
30;95110;2019-04-11 16:54:14.0;
30;95090;2019-04-11 16:54:18.0;
30;95110;2019-04-11 16:54:24.0;
30;95090;2019-04-11 16:54:39.0;
30;95110;2019-04-11 16:54:40.0;
30;95085;2019-04-11 16:54:42.0;
30;95080;2019-04-11 16:55:11.0;
30;95095;2019-04-11 16:55:15.0;
30;95080;2019-04-11 16:55:17.0;
30;95095;2019-04-11 16:55:18.0;
30;95080;2019-04-11 16:55:24.0;
30;95095;2019-04-11 16:55:25.0;
30;95080;2019-04-11 16:55:30.0;
30;95095;2019-04-11 16:55:31.0;
30;94988;2019-04-11 16:55:52.0;
30;95020;2019-04-11 16:56:23.0;
30;94988;2019-04-11 16:56:24.0;
30;95015;2019-04-11 16:56:27.0;
30;95020;2019-04-11 16:56:31.0;
30;95015;2019-04-11 16:56:34.0;
30;95020;2019-04-11 16:56:39.0;
30;95005;2019-04-11 16:56:40.0;
30;95020;2019-04-11 16:56:42.0;
30;95005;2019-04-11 16:56:43.0;
30;95015;2019-04-11 16:56:47.0;
30;95005;2019-04-11 16:56:49.0;
30;95015;2019-04-11 16:56:50.0;
30;95005;2019-04-11 16:56:53.0;
30;95010;2019-04-11 16:56:55.0;
30;95005;2019-04-11 16:56:58.0;
30;95010;2019-04-11 16:57:00.0;
30;95005;2019-04-11 16:57:09.0;
30;95045;2019-04-11 16:57:11.0;
30;95010;2019-04-11 16:57:13.0;
30;95045;2019-04-11 16:57:16.0;
30;95010;2019-04-11 16:57:17.0;
30;95045;2019-04-11 16:57:28.0;
30;95010;2019-04-11 16:57:29.0;
30;95045;2019-04-11 16:57:30.0;
30;95055;2019-04-11 16:57:33.0;
30;95045;2019-04-11 16:57:35.0;
30;95055;2019-04-11 16:57:37.0;
30;95075;2019-04-11 16:57:38.0;
30;95055;2019-04-11 16:57:40.0;
30;95075;2019-04-11 16:57:44.0;
30;95090;2019-04-11 16:57:46.0;
30;95075;2019-04-11 16:57:48.0;
30;95055;2019-04-11 16:57:49.0;
30;95075;2019-04-11 16:57:51.0;
30;95055;2019-04-11 16:57:52.0;
30;95075;2019-04-11 16:57:54.0;
30;95055;2019-04-11 16:57:55.0;
30;95090;2019-04-11 16:57:57.0;
30;95075;2019-04-11 16:57:58.0;
30;95055;2019-04-11 16:58:00.0;
30;95075;2019-04-11 16:58:02.0;
30;95090;2019-04-11 16:58:04.0;
30;95075;2019-04-11 16:58:05.0;
30;95090;2019-04-11 16:58:08.0;
30;95075;2019-04-11 16:58:10.0;
30;95090;2019-04-11 16:58:13.0;
30;95075;2019-04-11 16:58:14.0;
30;95060;2019-04-11 16:58:18.0;
30;95075;2019-04-11 16:58:19.0;
30;95060;2019-04-11 16:58:22.0;
30;95075;2019-04-11 16:58:23.0;
30;95060;2019-04-11 16:58:25.0;
30;95075;2019-04-11 16:58:26.0;
30;95060;2019-04-11 16:58:28.0;
30;95075;2019-04-11 16:58:30.0;
30;95060;2019-04-11 16:58:32.0;
30;95075;2019-04-11 16:58:34.0;
30;95060;2019-04-11 16:58:38.0;
30;95065;2019-04-11 16:58:43.0;
30;95060;2019-04-11 16:58:44.0;
30;95065;2019-04-11 16:58:45.0;
30;95055;2019-04-11 16:58:49.0;
30;95065;2019-04-11 16:58:50.0;
30;95055;2019-04-11 16:58:53.0;
30;95040;2019-04-11 16:58:54.0;
30;95065;2019-04-11 16:58:58.0;
30;95040;2019-04-11 16:59:00.0;
30;95065;2019-04-11 16:59:03.0;
30;95040;2019-04-11 16:59:04.0;
30;95065;2019-04-11 16:59:06.0;
30;95040;2019-04-11 16:59:12.0;
30;95025;2019-04-11 16:59:19.0;
30;95040;2019-04-11 16:59:20.0;
30;95025;2019-04-11 16:59:22.0;
30;95040;2019-04-11 16:59:24.0;
30;95025;2019-04-11 16:59:25.0;
30;95040;2019-04-11 16:59:28.0;
30;95025;2019-04-11 16:59:34.0;
30;95040;2019-04-11 16:59:35.0;
30;95025;2019-04-11 16:59:37.0;
30;95040;2019-04-11 16:59:38.0;
30;95025;2019-04-11 16:59:43.0;
30;95040;2019-04-11 16:59:44.0;
30;95065;2019-04-11 16:59:47.0;
30;95040;2019-04-11 16:59:49.0;
30;95065;2019-04-11 16:59:53.0;
30;95040;2019-04-11 16:59:55.0;
30;95065;2019-04-11 16:59:56.0;
30;95035;2019-04-11 17:00:20.0;
30;95065;2019-04-11 17:00:21.0;
30;95035;2019-04-11 17:00:27.0;
30;94985;2019-04-11 17:00:38.0;
30;95035;2019-04-11 17:00:41.0;
30;94985;2019-04-11 17:00:49.0;
30;94955;2019-04-11 17:00:51.0;
30;94985;2019-04-11 17:00:52.0;
30;94935;2019-04-11 17:00:55.0;
30;94985;2019-04-11 17:00:57.0;
30;94955;2019-04-11 17:00:58.0;
30;94935;2019-04-11 17:01:00.0;
30;94985;2019-04-11 17:01:02.0;
30;94955;2019-04-11 17:01:05.0;
30;94935;2019-04-11 17:01:07.0;
30;94955;2019-04-11 17:01:08.0;
30;94935;2019-04-11 17:01:09.0;
30;94888;2019-04-11 17:01:11.0;
30;94955;2019-04-11 17:01:12.0;
30;94888;2019-04-11 17:01:14.0;
30;94935;2019-04-11 17:01:15.0;
30;94888;2019-04-11 17:01:17.0;
30;94935;2019-04-11 17:01:18.0;
30;94955;2019-04-11 17:01:20.0;
30;94915;2019-04-11 17:01:21.0;
30;94888;2019-04-11 17:01:26.0;
30;94915;2019-04-11 17:01:27.0;
30;94925;2019-04-11 17:01:30.0;
30;94915;2019-04-11 17:01:33.0;
30;94888;2019-04-11 17:01:35.0;
30;94915;2019-04-11 17:01:38.0;
30;94925;2019-04-11 17:01:39.0;
30;94915;2019-04-11 17:01:40.0;
30;94910;2019-04-11 17:01:42.0;
30;94925;2019-04-11 17:01:48.0;
30;94910;2019-04-11 17:01:51.0;
30;94915;2019-04-11 17:01:52.0;
30;94925;2019-04-11 17:01:55.0;
30;94910;2019-04-11 17:01:59.0;
30;94915;2019-04-11 17:02:00.0;
30;94910;2019-04-11 17:02:09.0;
30;94915;2019-04-11 17:02:11.0;
30;94895;2019-04-11 17:02:13.0;
30;94915;2019-04-11 17:02:18.0;
30;94895;2019-04-11 17:02:19.0;
30;94915;2019-04-11 17:02:22.0;
30;94895;2019-04-11 17:02:23.0;
30;94880;2019-04-11 17:02:26.0;
30;94915;2019-04-11 17:02:28.0;
30;94895;2019-04-11 17:02:29.0;
30;94880;2019-04-11 17:02:31.0;
30;94875;2019-04-11 17:02:32.0;
30;94895;2019-04-11 17:02:34.0;
30;94880;2019-04-11 17:02:36.0;
30;94875;2019-04-11 17:02:38.0;
30;94880;2019-04-11 17:02:40.0;
30;94895;2019-04-11 17:02:42.0;
30;94880;2019-04-11 17:02:45.0;
30;94835;2019-04-11 17:02:46.0;
30;94880;2019-04-11 17:02:49.0;
30;94875;2019-04-11 17:02:50.0;
30;94835;2019-04-11 17:02:52.0;
30;94880;2019-04-11 17:02:54.0;
30;94875;2019-04-11 17:02:57.0;
30;94835;2019-04-11 17:02:59.0;
30;94858;2019-04-11 17:03:03.0;
30;94865;2019-04-11 17:03:06.0;
30;94858;2019-04-11 17:03:10.0;
30;94865;2019-04-11 17:03:13.0;
30;94835;2019-04-11 17:03:15.0;
30;94865;2019-04-11 17:03:16.0;
30;94840;2019-04-11 17:03:17.0;
30;94865;2019-04-11 17:03:19.0;
30;94840;2019-04-11 17:03:22.0;
30;94858;2019-04-11 17:03:24.0;
30;94840;2019-04-11 17:03:25.0;
30;94858;2019-04-11 17:03:26.0;
30;94840;2019-04-11 17:03:28.0;
30;94865;2019-04-11 17:03:29.0;
30;94808;2019-04-11 17:03:34.0;
30;94865;2019-04-11 17:03:35.0;
30;94840;2019-04-11 17:03:37.0;
30;94805;2019-04-11 17:03:38.0;
30;94840;2019-04-11 17:03:41.0;
30;94808;2019-04-11 17:03:43.0;
30;94805;2019-04-11 17:03:44.0;
30;94840;2019-04-11 17:03:46.0;
30;94805;2019-04-11 17:03:47.0;
30;94820;2019-04-11 17:03:50.0;
30;94808;2019-04-11 17:03:51.0;
30;94805;2019-04-11 17:03:54.0;
30;94820;2019-04-11 17:04:00.0;
30;94810;2019-04-11 17:04:05.0;
30;94820;2019-04-11 17:04:06.0;
30;94810;2019-04-11 17:04:08.0;
30;94820;2019-04-11 17:04:11.0;
30;94810;2019-04-11 17:04:13.0;
30;94820;2019-04-11 17:04:18.0;
30;94810;2019-04-11 17:04:20.0;
30;94790;2019-04-11 17:04:35.0;
30;94810;2019-04-11 17:04:38.0;
30;94790;2019-04-11 17:04:44.0;
30;94810;2019-04-11 17:04:45.0;
30;94790;2019-04-11 17:04:49.0;
30;94805;2019-04-11 17:04:52.0;
30;94790;2019-04-11 17:04:53.0;
30;94805;2019-04-11 17:04:55.0;
30;94820;2019-04-11 17:04:58.0;
30;94790;2019-04-11 17:04:59.0;
30;94820;2019-04-11 17:05:03.0;
30;94798;2019-04-11 17:05:08.0;
30;94805;2019-04-11 17:05:11.0;
30;94795;2019-04-11 17:05:13.0;
30;94820;2019-04-11 17:05:14.0;
30;94795;2019-04-11 17:05:17.0;
30;94820;2019-04-11 17:05:22.0;
30;94795;2019-04-11 17:05:30.0;
30;94798;2019-04-11 17:05:32.0;
30;94820;2019-04-11 17:05:36.0;
30;94795;2019-04-11 17:05:37.0;
30;94820;2019-04-11 17:05:39.0;
30;94795;2019-04-11 17:05:42.0;
30;94815;2019-04-11 17:05:44.0;
30;94820;2019-04-11 17:05:53.0;
30;94815;2019-04-11 17:05:55.0;
30;94820;2019-04-11 17:06:03.0;
30;94815;2019-04-11 17:06:05.0;
30;94820;2019-04-11 17:06:11.0;
30;94815;2019-04-11 17:06:13.0;
30;94820;2019-04-11 17:06:16.0;
30;94800;2019-04-11 17:06:17.0;
30;94810;2019-04-11 17:06:21.0;
30;94800;2019-04-11 17:06:22.0;
30;94810;2019-04-11 17:06:25.0;
30;94800;2019-04-11 17:06:28.0;
30;94820;2019-04-11 17:06:34.0;
30;94810;2019-04-11 17:06:35.0;
30;94800;2019-04-11 17:06:37.0;
30;94820;2019-04-11 17:06:38.0;
30;94800;2019-04-11 17:06:39.0;
30;94810;2019-04-11 17:06:42.0;
30;94860;2019-04-11 17:06:44.0;
30;94800;2019-04-11 17:06:46.0;
30;94860;2019-04-11 17:06:47.0;
30;94810;2019-04-11 17:06:48.0;
30;94850;2019-04-11 17:06:50.0;
30;94860;2019-04-11 17:06:55.0;
30;94850;2019-04-11 17:06:56.0;
30;94860;2019-04-11 17:06:57.0;
30;94850;2019-04-11 17:06:59.0;
30;94860;2019-04-11 17:07:00.0;
30;94850;2019-04-11 17:07:01.0;
30;94860;2019-04-11 17:07:05.0;
30;94850;2019-04-11 17:07:07.0;
30;94860;2019-04-11 17:07:10.0;
30;94845;2019-04-11 17:07:16.0;
30;94850;2019-04-11 17:07:17.0;
30;94845;2019-04-11 17:07:22.0;
30;94820;2019-04-11 17:07:23.0;
30;94845;2019-04-11 17:07:26.0;
30;94805;2019-04-11 17:07:28.0;
30;94820;2019-04-11 17:07:29.0;
30;94845;2019-04-11 17:07:31.0;
30;94820;2019-04-11 17:07:34.0;
30;94845;2019-04-11 17:07:37.0;
30;94805;2019-04-11 17:07:38.0;
30;94845;2019-04-11 17:07:39.0;
30;94820;2019-04-11 17:07:42.0;
30;94805;2019-04-11 17:07:44.0;
30;94820;2019-04-11 17:07:47.0;
30;94805;2019-04-11 17:07:48.0;
30;94820;2019-04-11 17:07:50.0;
30;94825;2019-04-11 17:07:51.0;
30;94805;2019-04-11 17:07:53.0;
30;94825;2019-04-11 17:07:57.0;
30;94840;2019-04-11 17:08:28.0;
30;94845;2019-04-11 17:08:32.0;
30;94840;2019-04-11 17:08:34.0;
30;94845;2019-04-11 17:08:41.0;
30;94840;2019-04-11 17:08:44.0;
30;94845;2019-04-11 17:08:47.0;
30;94840;2019-04-11 17:08:49.0;
30;94845;2019-04-11 17:08:51.0;
30;94840;2019-04-11 17:08:53.0;
30;94845;2019-04-11 17:08:56.0;
30;94865;2019-04-11 17:09:01.0;
30;94855;2019-04-11 17:09:06.0;
30;94865;2019-04-11 17:09:13.0;
30;94855;2019-04-11 17:09:14.0;
30;94865;2019-04-11 17:09:16.0;
30;94855;2019-04-11 17:09:28.0;
30;94865;2019-04-11 17:09:31.0;
30;94880;2019-04-11 17:09:32.0;
30;94855;2019-04-11 17:09:33.0;
30;94880;2019-04-11 17:09:37.0;
30;94888;2019-04-11 17:10:03.0;
30;94880;2019-04-11 17:10:07.0;
30;94895;2019-04-11 17:10:11.0;
30;94888;2019-04-11 17:10:12.0;
30;94895;2019-04-11 17:10:14.0;
30;94888;2019-04-11 17:10:17.0;
30;94895;2019-04-11 17:10:20.0;
30;94888;2019-04-11 17:10:23.0;
30;94895;2019-04-11 17:10:27.0;
30;94888;2019-04-11 17:10:31.0;
30;94880;2019-04-11 17:10:34.0;
30;94895;2019-04-11 17:10:36.0;
30;94880;2019-04-11 17:10:40.0;
30;94838;2019-04-11 17:10:46.0;
30;94880;2019-04-11 17:10:49.0;
30;94838;2019-04-11 17:10:50.0;
30;94880;2019-04-11 17:10:51.0;
30;94835;2019-04-11 17:10:53.0;
30;94838;2019-04-11 17:11:03.0;
30;94825;2019-04-11 17:11:05.0;
30;94838;2019-04-11 17:11:08.0;
30;94835;2019-04-11 17:11:10.0;
30;94825;2019-04-11 17:11:13.0;
30;94835;2019-04-11 17:11:16.0;
30;94800;2019-04-11 17:11:19.0;
30;94825;2019-04-11 17:11:20.0;
30;94835;2019-04-11 17:11:22.0;
30;94800;2019-04-11 17:11:23.0;
30;94810;2019-04-11 17:11:25.0;
30;94825;2019-04-11 17:11:26.0;
30;94810;2019-04-11 17:11:29.0;
30;94800;2019-04-11 17:11:31.0;
30;94810;2019-04-11 17:11:32.0;
30;94825;2019-04-11 17:11:34.0;
30;94800;2019-04-11 17:11:35.0;
30;94725;2019-04-11 17:11:36.0;
30;94800;2019-04-11 17:11:38.0;
30;94810;2019-04-11 17:11:40.0;
30;94725;2019-04-11 17:11:43.0;
30;94800;2019-04-11 17:11:45.0;
30;94725;2019-04-11 17:11:46.0;
30;94810;2019-04-11 17:11:48.0;
30;94760;2019-04-11 17:11:50.0;
30;94810;2019-04-11 17:11:53.0;
30;94760;2019-04-11 17:11:54.0;
30;94810;2019-04-11 17:11:55.0;
30;94760;2019-04-11 17:11:57.0;
30;94725;2019-04-11 17:11:58.0;
30;94760;2019-04-11 17:12:01.0;
30;94725;2019-04-11 17:12:05.0;
30;94745;2019-04-11 17:12:07.0;
30;94760;2019-04-11 17:12:09.0;
30;94745;2019-04-11 17:12:11.0;
30;94760;2019-04-11 17:12:18.0;
30;94745;2019-04-11 17:12:21.0;
30;94775;2019-04-11 17:12:22.0;
30;94745;2019-04-11 17:12:24.0;
30;94775;2019-04-11 17:12:34.0;
30;94745;2019-04-11 17:12:36.0;
30;94775;2019-04-11 17:12:37.0;
30;94745;2019-04-11 17:12:40.0;
30;94775;2019-04-11 17:12:43.0;
30;94805;2019-04-11 17:12:52.0;
30;94815;2019-04-11 17:12:54.0;
30;94805;2019-04-11 17:12:56.0;
30;94775;2019-04-11 17:12:58.0;
30;94805;2019-04-11 17:12:59.0;
30;94815;2019-04-11 17:13:00.0;
30;94775;2019-04-11 17:13:04.0;
30;94815;2019-04-11 17:13:06.0;
30;94805;2019-04-11 17:13:08.0;
30;94815;2019-04-11 17:13:12.0;
30;94805;2019-04-11 17:13:19.0;
30;94835;2019-04-11 17:13:22.0;
30;94815;2019-04-11 17:13:24.0;
30;94840;2019-04-11 17:13:25.0;
30;94815;2019-04-11 17:13:28.0;
30;94840;2019-04-11 17:13:30.0;
30;94835;2019-04-11 17:13:32.0;
30;94840;2019-04-11 17:13:33.0;
30;94835;2019-04-11 17:13:36.0;
30;94840;2019-04-11 17:13:40.0;
30;94815;2019-04-11 17:13:42.0;
30;94840;2019-04-11 17:13:44.0;
30;94860;2019-04-11 17:13:46.0;
30;94835;2019-04-11 17:13:48.0;
30;94840;2019-04-11 17:13:49.0;
30;94860;2019-04-11 17:13:51.0;
30;94840;2019-04-11 17:13:55.0;
30;94860;2019-04-11 17:13:56.0;
30;94845;2019-04-11 17:14:18.0;
30;94860;2019-04-11 17:14:20.0;
30;94845;2019-04-11 17:14:21.0;
30;94860;2019-04-11 17:14:26.0;
30;94830;2019-04-11 17:14:28.0;
30;94845;2019-04-11 17:14:32.0;
30;94830;2019-04-11 17:14:39.0;
30;94815;2019-04-11 17:14:41.0;
30;94830;2019-04-11 17:14:43.0;
30;94845;2019-04-11 17:14:44.0;
30;94830;2019-04-11 17:14:46.0;
30;94840;2019-04-11 17:14:49.0;
30;94830;2019-04-11 17:14:53.0;
30;94815;2019-04-11 17:14:58.0;
30;94840;2019-04-11 17:15:02.0;
30;94815;2019-04-11 17:15:03.0;
30;94840;2019-04-11 17:15:10.0;
30;94748;2019-04-11 17:15:13.0;
30;94732;2019-04-11 17:15:16.0;
30;94840;2019-04-11 17:15:17.0;
30;94748;2019-04-11 17:15:19.0;
30;94730;2019-04-11 17:15:20.0;
30;94732;2019-04-11 17:15:23.0;
30;94748;2019-04-11 17:15:24.0;
30;94732;2019-04-11 17:15:26.0;
30;94730;2019-04-11 17:15:27.0;
30;94748;2019-04-11 17:15:31.0;
30;94730;2019-04-11 17:15:33.0;
30;94748;2019-04-11 17:15:36.0;
30;94730;2019-04-11 17:15:37.0;
30;94748;2019-04-11 17:15:39.0;
30;94730;2019-04-11 17:15:40.0;
30;94748;2019-04-11 17:15:42.0;
30;94695;2019-04-11 17:15:43.0;
30;94730;2019-04-11 17:15:45.0;
30;94695;2019-04-11 17:15:48.0;
30;94730;2019-04-11 17:15:49.0;
30;94695;2019-04-11 17:15:51.0;
30;94725;2019-04-11 17:16:18.0;
30;94695;2019-04-11 17:16:22.0;
30;94720;2019-04-11 17:16:23.0;
30;94725;2019-04-11 17:16:28.0;
30;94720;2019-04-11 17:16:29.0;
30;94725;2019-04-11 17:16:35.0;
30;94720;2019-04-11 17:16:37.0;
30;94725;2019-04-11 17:16:38.0;
30;94720;2019-04-11 17:16:41.0;
30;94725;2019-04-11 17:16:48.0;
30;94630;2019-04-11 17:16:50.0;
30;94720;2019-04-11 17:16:51.0;
30;94630;2019-04-11 17:16:54.0;
30;94625;2019-04-11 17:16:57.0;
30;94630;2019-04-11 17:16:59.0;
30;94625;2019-04-11 17:17:00.0;
30;94630;2019-04-11 17:17:02.0;
30;94625;2019-04-11 17:17:06.0;
30;94630;2019-04-11 17:17:08.0;
30;94625;2019-04-11 17:17:13.0;
30;94630;2019-04-11 17:17:15.0;
30;94625;2019-04-11 17:17:16.0;
30;94630;2019-04-11 17:17:18.0;
30;94655;2019-04-11 17:17:24.0;
30;94625;2019-04-11 17:17:27.0;
30;94655;2019-04-11 17:17:28.0;
30;94650;2019-04-11 17:17:31.0;
30;94660;2019-04-11 17:17:33.0;
30;94650;2019-04-11 17:17:35.0;
30;94660;2019-04-11 17:17:38.0;
30;94655;2019-04-11 17:17:40.0;
30;94660;2019-04-11 17:17:44.0;
30;94655;2019-04-11 17:17:47.0;
30;94650;2019-04-11 17:17:49.0;
30;94655;2019-04-11 17:17:51.0;
30;94650;2019-04-11 17:17:52.0;
30;94655;2019-04-11 17:17:54.0;
30;94650;2019-04-11 17:17:55.0;
30;94670;2019-04-11 17:18:01.0;
30;94615;2019-04-11 17:18:07.0;
30;94585;2019-04-11 17:18:13.0;
30;94615;2019-04-11 17:18:16.0;
30;94670;2019-04-11 17:18:19.0;
30;94615;2019-04-11 17:18:20.0;
30;94585;2019-04-11 17:18:23.0;
30;94670;2019-04-11 17:18:24.0;
30;94615;2019-04-11 17:18:26.0;
30;94585;2019-04-11 17:18:28.0;
30;94670;2019-04-11 17:18:30.0;
30;94580;2019-04-11 17:18:32.0;
30;94585;2019-04-11 17:18:33.0;
30;94580;2019-04-11 17:18:38.0;
30;94585;2019-04-11 17:18:39.0;
30;94580;2019-04-11 17:18:44.0;
30;94560;2019-04-11 17:18:45.0;
30;94580;2019-04-11 17:18:48.0;
30;94560;2019-04-11 17:18:51.0;
30;94580;2019-04-11 17:18:55.0;
30;94560;2019-04-11 17:18:57.0;
30;94570;2019-04-11 17:19:04.0;
30;94560;2019-04-11 17:19:05.0;
30;94570;2019-04-11 17:19:07.0;
30;94560;2019-04-11 17:19:09.0;
30;94570;2019-04-11 17:19:10.0;
30;94560;2019-04-11 17:19:11.0;
30;94600;2019-04-11 17:19:14.0;
30;94570;2019-04-11 17:19:17.0;
30;94612;2019-04-11 17:19:20.0;
30;94600;2019-04-11 17:19:22.0;
30;94570;2019-04-11 17:19:25.0;
30;94600;2019-04-11 17:19:27.0;
30;94570;2019-04-11 17:19:29.0;
30;94600;2019-04-11 17:19:30.0;
30;94612;2019-04-11 17:19:32.0;
30;94620;2019-04-11 17:19:35.0;
30;94612;2019-04-11 17:19:36.0;
30;94600;2019-04-11 17:19:41.0;
30;94612;2019-04-11 17:19:42.0;
30;94620;2019-04-11 17:19:45.0;
30;94645;2019-04-11 17:19:48.0;
30;94620;2019-04-11 17:19:50.0;
30;94660;2019-04-11 17:19:52.0;
30;94620;2019-04-11 17:19:54.0;
30;94660;2019-04-11 17:19:55.0;
30;94645;2019-04-11 17:19:56.0;
30;94620;2019-04-11 17:19:58.0;
30;94660;2019-04-11 17:19:59.0;
30;94620;2019-04-11 17:20:01.0;
30;94645;2019-04-11 17:20:04.0;
30;94660;2019-04-11 17:20:06.0;
30;94630;2019-04-11 17:20:09.0;
30;94660;2019-04-11 17:20:12.0;
30;94645;2019-04-11 17:20:13.0;
30;94625;2019-04-11 17:20:19.0;
30;94630;2019-04-11 17:20:20.0;
30;94625;2019-04-11 17:20:22.0;
30;94630;2019-04-11 17:20:25.0;
30;94625;2019-04-11 17:20:26.0;
30;94650;2019-04-11 17:20:28.0;
30;94625;2019-04-11 17:20:32.0;
30;94650;2019-04-11 17:20:35.0;
30;94630;2019-04-11 17:20:36.0;
30;94600;2019-04-11 17:20:39.0;
30;94625;2019-04-11 17:20:41.0;
30;94650;2019-04-11 17:20:42.0;
30;94625;2019-04-11 17:20:46.0;
30;94650;2019-04-11 17:20:48.0;
30;94615;2019-04-11 17:20:49.0;
30;94600;2019-04-11 17:20:51.0;
30;94615;2019-04-11 17:20:52.0;
30;94600;2019-04-11 17:20:54.0;
30;94650;2019-04-11 17:20:58.0;
30;94605;2019-04-11 17:20:59.0;
30;94615;2019-04-11 17:21:05.0;
30;94605;2019-04-11 17:21:09.0;
30;94570;2019-04-11 17:21:12.0;
30;94605;2019-04-11 17:21:13.0;
30;94615;2019-04-11 17:21:15.0;
30;94605;2019-04-11 17:21:18.0;
30;94615;2019-04-11 17:21:19.0;
30;94570;2019-04-11 17:21:21.0;
30;94605;2019-04-11 17:21:22.0;
30;94560;2019-04-11 17:21:26.0;
30;94605;2019-04-11 17:21:29.0;
30;94570;2019-04-11 17:21:30.0;
30;94560;2019-04-11 17:21:32.0;
30;94570;2019-04-11 17:21:33.0;
30;94560;2019-04-11 17:21:34.0;
30;94570;2019-04-11 17:21:36.0;
30;94560;2019-04-11 17:21:37.0;
30;94570;2019-04-11 17:21:41.0;
30;94560;2019-04-11 17:21:42.0;
30;94565;2019-04-11 17:21:59.0;
30;94560;2019-04-11 17:22:01.0;
30;94565;2019-04-11 17:22:05.0;
30;94560;2019-04-11 17:22:08.0;
30;94565;2019-04-11 17:22:09.0;
30;94520;2019-04-11 17:22:11.0;
30;94565;2019-04-11 17:22:14.0;
30;94520;2019-04-11 17:22:15.0;
30;94515;2019-04-11 17:22:18.0;
30;94520;2019-04-11 17:22:20.0;
30;94565;2019-04-11 17:22:22.0;
30;94520;2019-04-11 17:22:24.0;
30;94565;2019-04-11 17:22:25.0;
30;94520;2019-04-11 17:22:27.0;
30;94565;2019-04-11 17:22:30.0;
30;94515;2019-04-11 17:22:31.0;
30;94548;2019-04-11 17:22:32.0;
30;94515;2019-04-11 17:22:33.0;
30;94548;2019-04-11 17:22:35.0;
30;94515;2019-04-11 17:22:37.0;
30;94548;2019-04-11 17:22:39.0;
30;94515;2019-04-11 17:22:43.0;
30;94530;2019-04-11 17:22:45.0;
30;94548;2019-04-11 17:22:50.0;
30;94530;2019-04-11 17:22:58.0;
30;94548;2019-04-11 17:23:01.0;
30;94530;2019-04-11 17:23:04.0;
30;94525;2019-04-11 17:23:10.0;
30;94530;2019-04-11 17:23:13.0;
30;94525;2019-04-11 17:23:16.0;
30;94530;2019-04-11 17:23:18.0;
30;94525;2019-04-11 17:23:19.0;
30;94530;2019-04-11 17:23:23.0;
30;94515;2019-04-11 17:23:25.0;
30;94530;2019-04-11 17:23:26.0;
30;94515;2019-04-11 17:23:28.0;
30;94525;2019-04-11 17:23:30.0;
30;94515;2019-04-11 17:23:31.0;
30;94525;2019-04-11 17:23:32.0;
30;94515;2019-04-11 17:23:34.0;
30;94525;2019-04-11 17:23:35.0;
30;94550;2019-04-11 17:23:36.0;
30;94515;2019-04-11 17:23:44.0;
30;94550;2019-04-11 17:23:45.0;
30;94515;2019-04-11 17:23:47.0;
30;94550;2019-04-11 17:23:49.0;
30;94520;2019-04-11 17:23:52.0;
30;94550;2019-04-11 17:23:55.0;
30;94520;2019-04-11 17:23:56.0;
30;94550;2019-04-11 17:24:00.0;
30;94520;2019-04-11 17:24:05.0;
30;94550;2019-04-11 17:24:09.0;
30;94530;2019-04-11 17:24:11.0;
30;94520;2019-04-11 17:24:12.0;
30;94530;2019-04-11 17:24:13.0;
30;94560;2019-04-11 17:24:15.0;
30;94530;2019-04-11 17:24:18.0;
30;94560;2019-04-11 17:24:19.0;
30;94555;2019-04-11 17:24:21.0;
30;94530;2019-04-11 17:24:22.0;
30;94560;2019-04-11 17:24:32.0;
30;94530;2019-04-11 17:24:33.0;
30;94555;2019-04-11 17:24:35.0;
30;94530;2019-04-11 17:24:38.0;
30;94560;2019-04-11 17:24:41.0;
30;94555;2019-04-11 17:24:43.0;
30;94535;2019-04-11 17:24:44.0;
30;94555;2019-04-11 17:24:46.0;
30;94535;2019-04-11 17:24:51.0;
30;94540;2019-04-11 17:24:53.0;
30;94535;2019-04-11 17:24:55.0;
30;94540;2019-04-11 17:24:58.0;
30;94535;2019-04-11 17:25:01.0;
30;94540;2019-04-11 17:25:03.0;
30;94530;2019-04-11 17:25:04.0;
30;94540;2019-04-11 17:25:07.0;
30;94535;2019-04-11 17:25:08.0;
30;94530;2019-04-11 17:25:11.0;
30;94540;2019-04-11 17:25:16.0;
30;94530;2019-04-11 17:25:18.0;
30;94448;2019-04-11 17:25:19.0;
30;94540;2019-04-11 17:25:21.0;
30;94448;2019-04-11 17:25:22.0;
30;94530;2019-04-11 17:25:24.0;
30;94435;2019-04-11 17:25:25.0;
30;94430;2019-04-11 17:25:27.0;
30;94448;2019-04-11 17:25:28.0;
30;94435;2019-04-11 17:25:31.0;
30;94430;2019-04-11 17:25:34.0;
30;94448;2019-04-11 17:25:37.0;
30;94430;2019-04-11 17:25:41.0;
30;94448;2019-04-11 17:25:44.0;
30;94430;2019-04-11 17:25:45.0;
30;94448;2019-04-11 17:25:48.0;
30;94430;2019-04-11 17:25:49.0;
30;94435;2019-04-11 17:25:53.0;
30;94430;2019-04-11 17:25:54.0;
30;94450;2019-04-11 17:26:05.0;
30;94430;2019-04-11 17:26:07.0;
30;94450;2019-04-11 17:26:16.0;
30;94430;2019-04-11 17:26:17.0;
30;94480;2019-04-11 17:26:27.0;
30;94430;2019-04-11 17:26:30.0;
30;94485;2019-04-11 17:26:31.0;
30;94480;2019-04-11 17:26:33.0;
30;94485;2019-04-11 17:26:36.0;
30;94498;2019-04-11 17:26:38.0;
30;94485;2019-04-11 17:26:39.0;
30;94480;2019-04-11 17:26:42.0;
30;94485;2019-04-11 17:26:43.0;
30;94480;2019-04-11 17:26:45.0;
30;94498;2019-04-11 17:26:48.0;
30;94480;2019-04-11 17:26:49.0;
30;94498;2019-04-11 17:26:50.0;
30;94485;2019-04-11 17:26:55.0;
30;94480;2019-04-11 17:26:56.0;
30;94485;2019-04-11 17:26:58.0;
30;94490;2019-04-11 17:26:59.0;
30;94498;2019-04-11 17:27:02.0;
30;94505;2019-04-11 17:27:04.0;
30;94490;2019-04-11 17:27:06.0;
30;94505;2019-04-11 17:27:09.0;
30;94490;2019-04-11 17:27:10.0;
30;94505;2019-04-11 17:27:17.0;
30;94495;2019-04-11 17:27:21.0;
30;94505;2019-04-11 17:27:24.0;
30;94490;2019-04-11 17:27:25.0;
30;94495;2019-04-11 17:27:27.0;
30;94490;2019-04-11 17:27:28.0;
30;94508;2019-04-11 17:27:30.0;
30;94505;2019-04-11 17:27:33.0;
30;94495;2019-04-11 17:27:34.0;
30;94510;2019-04-11 17:27:36.0;
30;94495;2019-04-11 17:27:37.0;
30;94510;2019-04-11 17:27:38.0;
30;94495;2019-04-11 17:27:40.0;
30;94508;2019-04-11 17:27:43.0;
30;94510;2019-04-11 17:27:45.0;
30;94495;2019-04-11 17:27:47.0;
30;94508;2019-04-11 17:27:48.0;
30;94510;2019-04-11 17:27:49.0;
30;94495;2019-04-11 17:27:51.0;
30;94525;2019-04-11 17:27:52.0;
30;94510;2019-04-11 17:27:54.0;
30;94525;2019-04-11 17:27:55.0;
30;94508;2019-04-11 17:27:58.0;
30;94510;2019-04-11 17:28:00.0;
30;94525;2019-04-11 17:28:01.0;
30;94510;2019-04-11 17:28:03.0;
30;94525;2019-04-11 17:28:06.0;
30;94505;2019-04-11 17:28:07.0;
30;94525;2019-04-11 17:28:12.0;
30;94505;2019-04-11 17:28:13.0;
30;94525;2019-04-11 17:28:18.0;
30;94505;2019-04-11 17:28:19.0;
30;94525;2019-04-11 17:28:20.0;
30;94505;2019-04-11 17:28:22.0;
30;94440;2019-04-11 17:28:27.0;
30;94505;2019-04-11 17:28:29.0;
30;94440;2019-04-11 17:28:32.0;
30;94505;2019-04-11 17:28:34.0;
30;94452;2019-04-11 17:28:39.0;
30;94440;2019-04-11 17:28:42.0;
30;94465;2019-04-11 17:28:44.0;
30;94440;2019-04-11 17:28:48.0;
30;94452;2019-04-11 17:28:50.0;
30;94440;2019-04-11 17:28:51.0;
30;94465;2019-04-11 17:28:52.0;
30;94440;2019-04-11 17:28:54.0;
30;94452;2019-04-11 17:28:55.0;
30;94465;2019-04-11 17:28:57.0;
30;94452;2019-04-11 17:28:59.0;
30;94460;2019-04-11 17:29:01.0;
30;94452;2019-04-11 17:29:03.0;
30;94460;2019-04-11 17:29:04.0;
30;94452;2019-04-11 17:29:06.0;
30;94460;2019-04-11 17:29:08.0;
30;94465;2019-04-11 17:29:13.0;
30;94430;2019-04-11 17:29:15.0;
30;94445;2019-04-11 17:29:18.0;
30;94430;2019-04-11 17:29:23.0;
30;94460;2019-04-11 17:29:25.0;
30;94445;2019-04-11 17:29:27.0;
30;94460;2019-04-11 17:29:28.0;
30;94445;2019-04-11 17:29:29.0;
30;94430;2019-04-11 17:29:35.0;
30;94450;2019-04-11 17:29:37.0;
30;94430;2019-04-11 17:29:38.0;
30;94445;2019-04-11 17:29:41.0;
30;94450;2019-04-11 17:29:44.0;
30;94470;2019-04-11 17:29:47.0;
30;94450;2019-04-11 17:29:50.0;
30;94470;2019-04-11 17:29:51.0;
30;94465;2019-04-11 17:29:53.0;
30;94450;2019-04-11 17:29:56.0;
30;94465;2019-04-11 17:29:57.0;
30;94470;2019-04-11 17:29:58.0;
30;94450;2019-04-11 17:30:00.0;
30;94465;2019-04-11 17:30:01.0;
30;94450;2019-04-11 17:30:04.0;
30;94470;2019-04-11 17:30:07.0;
30;94385;2019-04-11 17:30:09.0;
30;94465;2019-04-11 17:30:11.0;
30;94470;2019-04-11 17:30:14.0;
30;94385;2019-04-11 17:30:15.0;
30;94470;2019-04-11 17:30:17.0;
30;94465;2019-04-11 17:30:18.0;
30;94405;2019-04-11 17:30:20.0;
30;94385;2019-04-11 17:30:21.0;
30;94380;2019-04-11 17:30:25.0;
30;94405;2019-04-11 17:30:30.0;
30;94380;2019-04-11 17:30:32.0;
30;94385;2019-04-11 17:30:33.0;
30;94405;2019-04-11 17:30:36.0;
30;94380;2019-04-11 17:30:38.0;
30;94385;2019-04-11 17:30:40.0;
30;94380;2019-04-11 17:30:41.0;
30;94365;2019-04-11 17:30:44.0;
30;94380;2019-04-11 17:30:48.0;
30;94405;2019-04-11 17:30:50.0;
30;94380;2019-04-11 17:30:52.0;
30;94365;2019-04-11 17:30:53.0;
30;94380;2019-04-11 17:30:54.0;
30;94360;2019-04-11 17:30:56.0;
30;94365;2019-04-11 17:30:58.0;
30;94345;2019-04-11 17:31:02.0;
30;94360;2019-04-11 17:31:04.0;
30;94365;2019-04-11 17:31:05.0;
30;94360;2019-04-11 17:31:07.0;
30;94345;2019-04-11 17:31:09.0;
30;94365;2019-04-11 17:31:10.0;
30;94360;2019-04-11 17:31:12.0;
30;94345;2019-04-11 17:31:13.0;
30;94365;2019-04-11 17:31:14.0;
30;94345;2019-04-11 17:31:16.0;
30;94360;2019-04-11 17:31:18.0;
30;94345;2019-04-11 17:31:19.0;
30;94340;2019-04-11 17:31:29.0;
30;94345;2019-04-11 17:31:31.0;
30;94340;2019-04-11 17:31:34.0;
30;94345;2019-04-11 17:31:37.0;
30;94335;2019-04-11 17:31:42.0;
30;94340;2019-04-11 17:31:44.0;
30;94335;2019-04-11 17:31:45.0;
30;94392;2019-04-11 17:31:49.0;
30;94340;2019-04-11 17:31:51.0;
30;94392;2019-04-11 17:31:52.0;
30;94335;2019-04-11 17:31:54.0;
30;94392;2019-04-11 17:31:59.0;
30;94335;2019-04-11 17:32:01.0;
30;94392;2019-04-11 17:32:02.0;
30;94335;2019-04-11 17:32:08.0;
30;94392;2019-04-11 17:32:09.0;
30;94445;2019-04-11 17:32:16.0;
30;94392;2019-04-11 17:32:18.0;
30;94445;2019-04-11 17:32:19.0;
30;94458;2019-04-11 17:32:20.0;
30;94392;2019-04-11 17:32:22.0;
30;94445;2019-04-11 17:32:25.0;
30;94458;2019-04-11 17:32:27.0;
30;94445;2019-04-11 17:32:28.0;
30;94392;2019-04-11 17:32:30.0;
30;94458;2019-04-11 17:32:31.0;
30;94445;2019-04-11 17:32:34.0;
30;94458;2019-04-11 17:32:37.0;
30;94425;2019-04-11 17:32:40.0;
30;94458;2019-04-11 17:32:47.0;
30;94408;2019-04-11 17:32:48.0;
30;94425;2019-04-11 17:32:50.0;
30;94420;2019-04-11 17:32:51.0;
30;94425;2019-04-11 17:32:54.0;
30;94408;2019-04-11 17:32:56.0;
30;94420;2019-04-11 17:32:57.0;
30;94425;2019-04-11 17:32:58.0;
30;94408;2019-04-11 17:33:00.0;
30;94425;2019-04-11 17:33:01.0;
30;94420;2019-04-11 17:33:03.0;
30;94408;2019-04-11 17:33:07.0;
30;94420;2019-04-11 17:33:09.0;
30;94408;2019-04-11 17:33:12.0;
30;94420;2019-04-11 17:33:13.0;
30;94350;2019-04-11 17:33:15.0;
30;94420;2019-04-11 17:33:17.0;
30;94350;2019-04-11 17:33:20.0;
30;94355;2019-04-11 17:33:29.0;
30;94350;2019-04-11 17:33:32.0;
30;94355;2019-04-11 17:33:35.0;
30;94350;2019-04-11 17:33:37.0;
30;94355;2019-04-11 17:33:41.0;
30;94350;2019-04-11 17:33:42.0;
30;94345;2019-04-11 17:33:46.0;
30;94355;2019-04-11 17:33:50.0;
30;94345;2019-04-11 17:33:52.0;
30;94355;2019-04-11 17:33:54.0;
30;94345;2019-04-11 17:34:00.0;
30;94300;2019-04-11 17:34:19.0;
30;94345;2019-04-11 17:34:20.0;
30;94300;2019-04-11 17:34:23.0;
30;94345;2019-04-11 17:34:25.0;
30;94315;2019-04-11 17:34:26.0;
30;94300;2019-04-11 17:34:29.0;
30;94315;2019-04-11 17:34:31.0;
30;94310;2019-04-11 17:34:37.0;
30;94300;2019-04-11 17:34:38.0;
30;94315;2019-04-11 17:34:40.0;
30;94300;2019-04-11 17:34:41.0;
30;94315;2019-04-11 17:34:43.0;
30;94300;2019-04-11 17:34:44.0;
30;94310;2019-04-11 17:34:47.0;
30;94315;2019-04-11 17:34:48.0;
30;94290;2019-04-11 17:34:53.0;
30;94310;2019-04-11 17:34:54.0;
30;94290;2019-04-11 17:35:02.0;
30;94285;2019-04-11 17:35:07.0;
30;94290;2019-04-11 17:35:08.0;
30;94285;2019-04-11 17:35:10.0;
30;94320;2019-04-11 17:35:12.0;
30;94290;2019-04-11 17:35:13.0;
30;94320;2019-04-11 17:35:16.0;
30;94290;2019-04-11 17:35:19.0;
30;94320;2019-04-11 17:35:21.0;
30;94290;2019-04-11 17:35:22.0;
30;94285;2019-04-11 17:35:24.0;
30;94340;2019-04-11 17:35:28.0;
30;94320;2019-04-11 17:35:31.0;
30;94340;2019-04-11 17:35:33.0;
30;94320;2019-04-11 17:35:35.0;
30;94340;2019-04-11 17:35:39.0;
30;94320;2019-04-11 17:35:40.0;
30;94340;2019-04-11 17:35:41.0;
30;94375;2019-04-11 17:35:43.0;
30;94400;2019-04-11 17:35:48.0;
30;94375;2019-04-11 17:35:50.0;
30;94400;2019-04-11 17:35:51.0;
30;94340;2019-04-11 17:35:53.0;
30;94375;2019-04-11 17:35:54.0;
30;94340;2019-04-11 17:35:56.0;
30;94400;2019-04-11 17:35:58.0;
30;94412;2019-04-11 17:36:00.0;
30;94400;2019-04-11 17:36:01.0;
30;94375;2019-04-11 17:36:03.0;
30;94400;2019-04-11 17:36:04.0;
30;94375;2019-04-11 17:36:06.0;
30;94412;2019-04-11 17:36:09.0;
30;94375;2019-04-11 17:36:10.0;
30;94400;2019-04-11 17:36:12.0;
30;94380;2019-04-11 17:36:14.0;
30;94412;2019-04-11 17:36:15.0;
30;94400;2019-04-11 17:36:17.0;
30;94380;2019-04-11 17:36:20.0;
30;94385;2019-04-11 17:36:22.0;
30;94412;2019-04-11 17:36:24.0;
30;94385;2019-04-11 17:36:25.0;
30;94380;2019-04-11 17:36:27.0;
30;94385;2019-04-11 17:36:28.0;
30;94380;2019-04-11 17:36:29.0;
30;94385;2019-04-11 17:36:31.0;
30;94380;2019-04-11 17:36:32.0;
30;94385;2019-04-11 17:36:34.0;
30;94380;2019-04-11 17:36:36.0;
30;94385;2019-04-11 17:36:39.0;
30;94372;2019-04-11 17:36:41.0;
30;94380;2019-04-11 17:36:43.0;
30;94385;2019-04-11 17:36:44.0;
30;94372;2019-04-11 17:36:52.0;
30;94385;2019-04-11 17:36:53.0;
30;94372;2019-04-11 17:36:54.0;
30;94385;2019-04-11 17:36:56.0;
30;94372;2019-04-11 17:36:58.0;
30;94370;2019-04-11 17:37:01.0;
30;94385;2019-04-11 17:37:04.0;
30;94370;2019-04-11 17:37:06.0;
30;94385;2019-04-11 17:37:07.0;
30;94380;2019-04-11 17:37:10.0;
30;94385;2019-04-11 17:37:14.0;
30;94380;2019-04-11 17:37:17.0;
30;94370;2019-04-11 17:37:19.0;
30;94405;2019-04-11 17:37:20.0;
30;94370;2019-04-11 17:37:22.0;
30;94405;2019-04-11 17:37:23.0;
30;94380;2019-04-11 17:37:25.0;
30;94405;2019-04-11 17:37:26.0;
30;94380;2019-04-11 17:37:27.0;
30;94415;2019-04-11 17:37:32.0;
30;94380;2019-04-11 17:37:33.0;
30;94415;2019-04-11 17:37:34.0;
30;94405;2019-04-11 17:37:38.0;
30;94415;2019-04-11 17:37:42.0;
30;94405;2019-04-11 17:37:43.0;
30;94415;2019-04-11 17:37:46.0;
30;94405;2019-04-11 17:37:47.0;
30;94415;2019-04-11 17:37:48.0;
30;94355;2019-04-11 17:37:50.0;
30;94375;2019-04-11 17:38:06.0;
30;94355;2019-04-11 17:38:07.0;
30;94375;2019-04-11 17:38:17.0;
30;94355;2019-04-11 17:38:20.0;
30;94375;2019-04-11 17:38:21.0;
30;94350;2019-04-11 17:38:26.0;
30;94375;2019-04-11 17:38:32.0;
30;94350;2019-04-11 17:38:33.0;
30;94375;2019-04-11 17:38:34.0;
30;94360;2019-04-11 17:38:36.0;
30;94350;2019-04-11 17:38:40.0;
30;94360;2019-04-11 17:38:42.0;
30;94350;2019-04-11 17:38:43.0;
30;94360;2019-04-11 17:38:49.0;
30;94350;2019-04-11 17:38:52.0;
30;94360;2019-04-11 17:38:54.0;
30;94350;2019-04-11 17:38:55.0;
30;94360;2019-04-11 17:38:57.0;
30;94350;2019-04-11 17:38:58.0;
30;94360;2019-04-11 17:39:03.0;
30;94355;2019-04-11 17:39:05.0;
30;94350;2019-04-11 17:39:06.0;
30;94355;2019-04-11 17:39:09.0;
30;94345;2019-04-11 17:39:12.0;
30;94355;2019-04-11 17:39:13.0;
30;94350;2019-04-11 17:39:15.0;
30;94355;2019-04-11 17:39:22.0;
30;94350;2019-04-11 17:39:26.0;
30;94355;2019-04-11 17:39:27.0;
30;94345;2019-04-11 17:39:30.0;
30;94315;2019-04-11 17:39:31.0;
30;94355;2019-04-11 17:39:33.0;
30;94315;2019-04-11 17:39:36.0;
30;94345;2019-04-11 17:39:37.0;
30;94315;2019-04-11 17:39:39.0;
30;94345;2019-04-11 17:39:40.0;
30;94315;2019-04-11 17:39:42.0;
30;94300;2019-04-11 17:39:50.0;
30;94315;2019-04-11 17:39:54.0;
30;94300;2019-04-11 17:40:00.0;
30;94315;2019-04-11 17:40:01.0;
30;94300;2019-04-11 17:40:03.0;
30;94295;2019-04-11 17:40:04.0;
30;94300;2019-04-11 17:40:11.0;
30;94295;2019-04-11 17:40:15.0;
30;94230;2019-04-11 17:40:20.0;
30;94295;2019-04-11 17:40:21.0;
30;94230;2019-04-11 17:40:26.0;
30;94295;2019-04-11 17:40:27.0;
30;94230;2019-04-11 17:40:39.0;
30;94245;2019-04-11 17:40:41.0;
30;94230;2019-04-11 17:40:46.0;
30;94245;2019-04-11 17:40:49.0;
30;94275;2019-04-11 17:40:55.0;
30;94245;2019-04-11 17:40:56.0;
30;94275;2019-04-11 17:41:00.0;
30;94245;2019-04-11 17:41:01.0;
30;94275;2019-04-11 17:41:11.0;
30;94205;2019-04-11 17:41:12.0;
30;94275;2019-04-11 17:41:14.0;
30;94205;2019-04-11 17:41:15.0;
30;94275;2019-04-11 17:41:18.0;
30;94205;2019-04-11 17:41:26.0;
30;94220;2019-04-11 17:41:33.0;
30;94205;2019-04-11 17:41:35.0;
30;94220;2019-04-11 17:41:44.0;
30;94305;2019-04-11 17:41:48.0;
30;94220;2019-04-11 17:41:52.0;
30;94305;2019-04-11 17:41:55.0;
30;94290;2019-04-11 17:42:19.0;
30;94305;2019-04-11 17:42:21.0;
30;94290;2019-04-11 17:42:27.0;
30;94305;2019-04-11 17:42:29.0;
30;94252;2019-04-11 17:42:31.0;
30;94290;2019-04-11 17:42:35.0;
30;94252;2019-04-11 17:42:36.0;
30;94290;2019-04-11 17:42:37.0;
30;94252;2019-04-11 17:42:40.0;
30;94290;2019-04-11 17:42:47.0;
30;94252;2019-04-11 17:42:49.0;
30;94225;2019-04-11 17:42:52.0;
30;94252;2019-04-11 17:42:53.0;
30;94225;2019-04-11 17:42:55.0;
30;94252;2019-04-11 17:42:58.0;
30;94225;2019-04-11 17:43:02.0;
30;94205;2019-04-11 17:43:04.0;
30;94225;2019-04-11 17:43:11.0;
30;94205;2019-04-11 17:43:14.0;
30;94220;2019-04-11 17:43:26.0;
30;94205;2019-04-11 17:43:27.0;
30;94230;2019-04-11 17:43:35.0;
30;94220;2019-04-11 17:43:37.0;
30;94230;2019-04-11 17:43:38.0;
30;94238;2019-04-11 17:43:40.0;
30;94230;2019-04-11 17:43:43.0;
30;94238;2019-04-11 17:43:46.0;
30;94230;2019-04-11 17:43:47.0;
30;94220;2019-04-11 17:43:48.0;
30;94230;2019-04-11 17:43:50.0;
30;94238;2019-04-11 17:43:54.0;
30;94220;2019-04-11 17:43:56.0;
30;94238;2019-04-11 17:43:57.0;
30;94265;2019-04-11 17:44:00.0;
30;94238;2019-04-11 17:44:03.0;
30;94230;2019-04-11 17:44:04.0;
30;94265;2019-04-11 17:44:06.0;
30;94268;2019-04-11 17:44:07.0;
30;94265;2019-04-11 17:44:08.0;
30;94268;2019-04-11 17:44:11.0;
30;94285;2019-04-11 17:44:14.0;
30;94268;2019-04-11 17:44:16.0;
30;94265;2019-04-11 17:44:18.0;
30;94285;2019-04-11 17:44:19.0;
30;94268;2019-04-11 17:44:24.0;
30;94285;2019-04-11 17:44:25.0;
30;94265;2019-04-11 17:44:27.0;
30;94268;2019-04-11 17:44:28.0;
30;94285;2019-04-11 17:44:30.0;
30;94260;2019-04-11 17:44:31.0;
30;94300;2019-04-11 17:44:39.0;
30;94285;2019-04-11 17:44:41.0;
30;94300;2019-04-11 17:44:45.0;
30;94260;2019-04-11 17:44:48.0;
30;94300;2019-04-11 17:44:49.0;
30;94315;2019-04-11 17:44:52.0;
30;94300;2019-04-11 17:44:54.0;
30;94315;2019-04-11 17:44:55.0;
30;94260;2019-04-11 17:45:00.0;
30;94315;2019-04-11 17:45:01.0;
30;94300;2019-04-11 17:45:09.0;
30;94320;2019-04-11 17:45:10.0;
30;94315;2019-04-11 17:45:12.0;
30;94320;2019-04-11 17:45:21.0;
30;94315;2019-04-11 17:45:22.0;
30;94320;2019-04-11 17:45:26.0;
30;94305;2019-04-11 17:45:31.0;
30;94320;2019-04-11 17:45:32.0;
30;94285;2019-04-11 17:45:36.0;
30;94320;2019-04-11 17:45:37.0;
30;94305;2019-04-11 17:45:39.0;
30;94275;2019-04-11 17:45:41.0;
30;94285;2019-04-11 17:45:43.0;
30;94275;2019-04-11 17:45:45.0;
30;94305;2019-04-11 17:45:48.0;
30;94275;2019-04-11 17:45:49.0;
30;94305;2019-04-11 17:45:50.0;
30;94285;2019-04-11 17:45:52.0;
30;94305;2019-04-11 17:45:55.0;
30;94285;2019-04-11 17:45:56.0;
30;94305;2019-04-11 17:45:59.0;
30;94285;2019-04-11 17:46:00.0;
30;94275;2019-04-11 17:46:02.0;
30;94305;2019-04-11 17:46:05.0;
30;94250;2019-04-11 17:46:18.0;
30;94305;2019-04-11 17:46:19.0;
30;94250;2019-04-11 17:46:22.0;
30;94305;2019-04-11 17:46:25.0;
30;94250;2019-04-11 17:46:31.0;
30;94305;2019-04-11 17:46:33.0;
30;94215;2019-04-11 17:46:36.0;
30;94250;2019-04-11 17:46:40.0;
30;94202;2019-04-11 17:46:42.0;
30;94250;2019-04-11 17:46:43.0;
30;94215;2019-04-11 17:46:47.0;
30;94202;2019-04-11 17:46:50.0;
30;94230;2019-04-11 17:46:53.0;
30;94202;2019-04-11 17:46:54.0;
30;94230;2019-04-11 17:46:56.0;
30;94215;2019-04-11 17:47:00.0;
30;94202;2019-04-11 17:47:07.0;
30;94230;2019-04-11 17:47:09.0;
30;94292;2019-04-11 17:47:10.0;
30;94230;2019-04-11 17:47:11.0;
30;94292;2019-04-11 17:47:13.0;
30;94230;2019-04-11 17:47:15.0;
30;94325;2019-04-11 17:47:16.0;
30;94292;2019-04-11 17:47:18.0;
30;94230;2019-04-11 17:47:19.0;
30;94292;2019-04-11 17:47:23.0;
30;94325;2019-04-11 17:47:25.0;
30;94292;2019-04-11 17:47:26.0;
30;94325;2019-04-11 17:47:29.0;
30;94245;2019-04-11 17:47:42.0;
30;94325;2019-04-11 17:47:44.0;
30;94245;2019-04-11 17:47:45.0;
30;94325;2019-04-11 17:47:46.0;
30;94275;2019-04-11 17:47:49.0;
30;94245;2019-04-11 17:47:50.0;
30;94325;2019-04-11 17:47:53.0;
30;94275;2019-04-11 17:47:56.0;
30;94245;2019-04-11 17:47:57.0;
30;94275;2019-04-11 17:47:59.0;
30;94245;2019-04-11 17:48:06.0;
30;94275;2019-04-11 17:48:08.0;
30;94325;2019-04-11 17:48:14.0;
30;94275;2019-04-11 17:48:15.0;
30;94325;2019-04-11 17:48:17.0;
30;94275;2019-04-11 17:48:19.0;
30;94325;2019-04-11 17:48:27.0;
30;94365;2019-04-11 17:48:29.0;
30;94325;2019-04-11 17:48:30.0;
30;94368;2019-04-11 17:48:32.0;
30;94325;2019-04-11 17:48:33.0;
30;94365;2019-04-11 17:48:35.0;
30;94325;2019-04-11 17:48:36.0;
30;94365;2019-04-11 17:48:38.0;
30;94368;2019-04-11 17:48:39.0;
30;94365;2019-04-11 17:48:41.0;
30;94368;2019-04-11 17:48:42.0;
30;94365;2019-04-11 17:48:48.0;
30;94360;2019-04-11 17:48:49.0;
30;94365;2019-04-11 17:48:51.0;
30;94360;2019-04-11 17:48:54.0;
30;94365;2019-04-11 17:48:55.0;
30;94368;2019-04-11 17:48:57.0;
30;94365;2019-04-11 17:48:58.0;
30;94392;2019-04-11 17:49:00.0;
30;94360;2019-04-11 17:49:03.0;
30;94392;2019-04-11 17:49:04.0;
30;94420;2019-04-11 17:49:07.0;
30;94392;2019-04-11 17:49:08.0;
30;94420;2019-04-11 17:49:10.0;
30;94360;2019-04-11 17:49:11.0;
30;94420;2019-04-11 17:49:16.0;
30;94360;2019-04-11 17:49:18.0;
30;94392;2019-04-11 17:49:20.0;
30;94370;2019-04-11 17:49:21.0;
30;94392;2019-04-11 17:49:23.0;
30;94420;2019-04-11 17:49:24.0;
30;94370;2019-04-11 17:49:27.0;
30;94392;2019-04-11 17:49:28.0;
30;94420;2019-04-11 17:49:31.0;
30;94370;2019-04-11 17:49:35.0;
30;94390;2019-04-11 17:50:00.0;
30;94370;2019-04-11 17:50:02.0;
30;94390;2019-04-11 17:50:05.0;
30;94410;2019-04-11 17:50:10.0;
30;94390;2019-04-11 17:50:13.0;
30;94410;2019-04-11 17:50:16.0;
30;94390;2019-04-11 17:50:18.0;
30;94410;2019-04-11 17:50:20.0;
30;94390;2019-04-11 17:50:29.0;
30;94410;2019-04-11 17:50:32.0;
30;94422;2019-04-11 17:50:45.0;
30;94410;2019-04-11 17:50:48.0;
30;94405;2019-04-11 17:50:55.0;
30;94410;2019-04-11 17:50:58.0;
30;94405;2019-04-11 17:51:01.0;
30;94422;2019-04-11 17:51:04.0;
30;94405;2019-04-11 17:51:05.0;
30;94420;2019-04-11 17:51:08.0;
30;94405;2019-04-11 17:51:11.0;
30;94420;2019-04-11 17:51:13.0;
30;94405;2019-04-11 17:51:14.0;
30;94420;2019-04-11 17:51:16.0;
30;94458;2019-04-11 17:51:19.0;
30;94405;2019-04-11 17:51:21.0;
30;94420;2019-04-11 17:51:22.0;
30;94458;2019-04-11 17:51:24.0;
30;94470;2019-04-11 17:51:27.0;
30;94458;2019-04-11 17:51:28.0;
30;94470;2019-04-11 17:51:29.0;
30;94420;2019-04-11 17:51:31.0;
30;94470;2019-04-11 17:51:32.0;
30;94458;2019-04-11 17:51:34.0;
30;94420;2019-04-11 17:51:35.0;
30;94470;2019-04-11 17:51:39.0;
30;94475;2019-04-11 17:51:40.0;
30;94458;2019-04-11 17:51:42.0;
30;94470;2019-04-11 17:51:43.0;
30;94475;2019-04-11 17:51:46.0;
30;94470;2019-04-11 17:51:47.0;
30;94458;2019-04-11 17:51:49.0;
30;94475;2019-04-11 17:51:50.0;
30;94470;2019-04-11 17:51:51.0;
30;94475;2019-04-11 17:51:53.0;
30;94470;2019-04-11 17:52:12.0;
30;94475;2019-04-11 17:52:14.0;
30;94470;2019-04-11 17:52:18.0;
30;94420;2019-04-11 17:52:21.0;
30;94470;2019-04-11 17:52:22.0;
30;94420;2019-04-11 17:52:24.0;
30;94470;2019-04-11 17:52:25.0;
30;94475;2019-04-11 17:52:28.0;
30;94420;2019-04-11 17:52:29.0;
30;94430;2019-04-11 17:52:32.0;
30;94420;2019-04-11 17:52:35.0;
30;94470;2019-04-11 17:52:37.0;
30;94420;2019-04-11 17:52:39.0;
30;94430;2019-04-11 17:52:43.0;
30;94420;2019-04-11 17:52:44.0;
30;94430;2019-04-11 17:52:46.0;
30;94420;2019-04-11 17:52:49.0;
30;94430;2019-04-11 17:52:51.0;
30;94400;2019-04-11 17:53:01.0;
30;94430;2019-04-11 17:53:07.0;
30;94400;2019-04-11 17:53:09.0;
30;94430;2019-04-11 17:53:12.0;
30;94400;2019-04-11 17:53:18.0;
30;94430;2019-04-11 17:53:19.0;
30;94400;2019-04-11 17:53:23.0;
30;94430;2019-04-11 17:53:24.0;
30;94400;2019-04-11 17:53:26.0;
30;94430;2019-04-11 17:53:28.0;
30;94435;2019-04-11 17:53:30.0;
30;94430;2019-04-11 17:53:32.0;
30;94435;2019-04-11 17:53:33.0;
30;94430;2019-04-11 17:53:34.0;
30;94435;2019-04-11 17:53:37.0;
30;94430;2019-04-11 17:53:42.0;
30;94405;2019-04-11 17:53:46.0;
30;94435;2019-04-11 17:53:47.0;
30;94385;2019-04-11 17:53:49.0;
30;94435;2019-04-11 17:53:51.0;
30;94385;2019-04-11 17:53:53.0;
30;94435;2019-04-11 17:53:56.0;
30;94405;2019-04-11 17:53:57.0;
30;94435;2019-04-11 17:53:58.0;
30;94385;2019-04-11 17:54:00.0;
30;94405;2019-04-11 17:54:04.0;
30;94385;2019-04-11 17:54:10.0;
30;94405;2019-04-11 17:54:14.0;
30;94375;2019-04-11 17:54:15.0;
30;94385;2019-04-11 17:54:17.0;
30;94375;2019-04-11 17:54:18.0;
30;94370;2019-04-11 17:54:38.0;
30;94375;2019-04-11 17:54:39.0;
30;94370;2019-04-11 17:54:40.0;
30;94375;2019-04-11 17:54:42.0;
30;94435;2019-04-11 17:54:49.0;
30;94370;2019-04-11 17:54:50.0;
30;94430;2019-04-11 17:54:51.0;
30;94435;2019-04-11 17:54:57.0;
30;94430;2019-04-11 17:54:59.0;
30;94435;2019-04-11 17:55:00.0;
30;94430;2019-04-11 17:55:03.0;
30;94435;2019-04-11 17:55:07.0;
30;94430;2019-04-11 17:55:09.0;
30;94435;2019-04-11 17:55:11.0;
30;94430;2019-04-11 17:55:13.0;
30;94435;2019-04-11 17:55:15.0;
30;94430;2019-04-11 17:55:18.0;
30;94435;2019-04-11 17:55:19.0;
30;94430;2019-04-11 17:55:21.0;
30;94410;2019-04-11 17:55:23.0;
30;94425;2019-04-11 17:55:54.0;
30;94410;2019-04-11 17:55:56.0;
30;94425;2019-04-11 17:55:57.0;
30;94445;2019-04-11 17:56:28.0;
30;94435;2019-04-11 17:57:03.0;
30;94465;2019-04-11 17:57:34.0;
30;94435;2019-04-11 17:57:35.0;
30;94460;2019-04-11 17:57:37.0;
30;94465;2019-04-11 17:57:44.0;
30;94460;2019-04-11 17:57:48.0;
30;94465;2019-04-11 17:57:50.0;
30;94460;2019-04-11 17:57:51.0;
30;94465;2019-04-11 17:57:53.0;
30;94460;2019-04-11 17:57:57.0;
30;94465;2019-04-11 17:57:59.0;
30;94460;2019-04-11 17:58:00.0;
30;94465;2019-04-11 17:58:03.0;
30;94445;2019-04-11 17:58:05.0;
30;94460;2019-04-11 17:58:07.0;
30;94445;2019-04-11 17:58:10.0;
30;94465;2019-04-11 17:58:14.0;
30;94445;2019-04-11 17:58:17.0;
30;94465;2019-04-11 17:58:19.0;
30;94445;2019-04-11 17:58:27.0;
30;94465;2019-04-11 17:58:29.0;
30;94445;2019-04-11 17:58:32.0;
30;94465;2019-04-11 17:58:33.0;
30;94445;2019-04-11 17:58:34.0;
30;94465;2019-04-11 17:58:36.0;
30;94480;2019-04-11 17:58:37.0;
30;94465;2019-04-11 17:58:39.0;
30;94480;2019-04-11 17:58:42.0;
30;94465;2019-04-11 17:58:43.0;
30;94480;2019-04-11 17:58:45.0;
30;94465;2019-04-11 17:58:46.0;
30;94470;2019-04-11 17:58:47.0;
30;94472;2019-04-11 17:58:50.0;
30;94470;2019-04-11 17:58:56.0;
30;94472;2019-04-11 17:58:57.0;
30;94470;2019-04-11 17:58:58.0;
30;94472;2019-04-11 17:59:00.0;
30;94480;2019-04-11 17:59:01.0;
30;94472;2019-04-11 17:59:03.0;
30;94470;2019-04-11 17:59:06.0;
30;94472;2019-04-11 17:59:07.0;
30;94470;2019-04-11 17:59:09.0;
30;94472;2019-04-11 17:59:10.0;
30;94495;2019-04-11 17:59:12.0;
30;94472;2019-04-11 17:59:14.0;
30;94495;2019-04-11 17:59:18.0;
30;94505;2019-04-11 17:59:19.0;
30;94495;2019-04-11 17:59:21.0;
30;94505;2019-04-11 17:59:23.0;
30;94495;2019-04-11 17:59:27.0;
30;94515;2019-04-11 17:59:29.0;
30;94495;2019-04-11 17:59:33.0;
30;94505;2019-04-11 17:59:34.0;
30;94495;2019-04-11 17:59:38.0;
30;94515;2019-04-11 17:59:40.0;
30;94495;2019-04-11 17:59:41.0;
30;94510;2019-04-11 17:59:43.0;
30;94515;2019-04-11 17:59:44.0;
30;94505;2019-04-11 17:59:45.0;
30;94515;2019-04-11 17:59:50.0;
30;94510;2019-04-11 17:59:54.0;
30;94515;2019-04-11 17:59:58.0;
30;94510;2019-04-11 18:00:00.0;
30;94515;2019-04-11 18:00:01.0;
30;94510;2019-04-11 18:00:06.0;
30;94515;2019-04-11 18:00:09.0;
30;94510;2019-04-11 18:00:14.0;
30;94515;2019-04-11 18:00:15.0;
30;94510;2019-04-11 18:00:24.0;
30;94465;2019-04-11 18:00:27.0;
30;94515;2019-04-11 18:00:29.0;
30;94510;2019-04-11 18:00:30.0;
30;94450;2019-04-11 18:00:34.0;
30;94465;2019-04-11 18:00:36.0;
30;94510;2019-04-11 18:00:38.0;
30;94450;2019-04-11 18:00:40.0;
30;94465;2019-04-11 18:00:41.0;
30;94450;2019-04-11 18:00:43.0;
30;94465;2019-04-11 18:00:44.0;
30;94450;2019-04-11 18:00:47.0;
30;94460;2019-04-11 18:00:49.0;
30;94450;2019-04-11 18:00:50.0;
30;94460;2019-04-11 18:00:51.0;
30;94450;2019-04-11 18:00:53.0;
30;94465;2019-04-11 18:00:57.0;
30;94460;2019-04-11 18:00:58.0;
30;94465;2019-04-11 18:01:00.0;
30;94450;2019-04-11 18:01:03.0;
30;94460;2019-04-11 18:01:04.0;
30;94445;2019-04-11 18:01:06.0;
30;94460;2019-04-11 18:01:08.0;
30;94465;2019-04-11 18:01:14.0;
30;94445;2019-04-11 18:01:17.0;
30;94465;2019-04-11 18:01:21.0;
30;94445;2019-04-11 18:01:22.0;
30;94465;2019-04-11 18:01:23.0;
30;94445;2019-04-11 18:01:28.0;
30;94460;2019-04-11 18:01:39.0;
30;94445;2019-04-11 18:01:42.0;
30;94460;2019-04-11 18:01:45.0;
30;94455;2019-04-11 18:01:46.0;
30;94445;2019-04-11 18:01:48.0;
30;94460;2019-04-11 18:01:49.0;
30;94455;2019-04-11 18:01:50.0;
30;94445;2019-04-11 18:01:52.0;
30;94460;2019-04-11 18:01:53.0;
30;94470;2019-04-11 18:01:55.0;
30;94460;2019-04-11 18:01:56.0;
30;94470;2019-04-11 18:01:57.0;
30;94460;2019-04-11 18:02:00.0;
30;94455;2019-04-11 18:02:02.0;
30;94460;2019-04-11 18:02:05.0;
30;94470;2019-04-11 18:02:08.0;
30;94440;2019-04-11 18:02:10.0;
30;94470;2019-04-11 18:02:12.0;
30;94440;2019-04-11 18:02:13.0;
30;94470;2019-04-11 18:02:15.0;
30;94440;2019-04-11 18:02:17.0;
30;94470;2019-04-11 18:02:19.0;
30;94440;2019-04-11 18:02:20.0;
30;94470;2019-04-11 18:02:22.0;
30;94430;2019-04-11 18:02:23.0;
30;94440;2019-04-11 18:02:25.0;
30;94430;2019-04-11 18:02:27.0;
30;94440;2019-04-11 18:02:35.0;
30;94430;2019-04-11 18:02:38.0;
30;94445;2019-04-11 18:02:41.0;
30;94430;2019-04-11 18:02:42.0;
30;94445;2019-04-11 18:02:44.0;
30;94430;2019-04-11 18:02:45.0;
30;94410;2019-04-11 18:02:54.0;
30;94430;2019-04-11 18:02:55.0;
30;94445;2019-04-11 18:02:57.0;
30;94370;2019-04-11 18:02:59.0;
30;94445;2019-04-11 18:03:02.0;
30;94410;2019-04-11 18:03:04.0;
30;94370;2019-04-11 18:03:10.0;
30;94350;2019-04-11 18:03:12.0;
30;94410;2019-04-11 18:03:13.0;
30;94370;2019-04-11 18:03:15.0;
30;94410;2019-04-11 18:03:16.0;
30;94370;2019-04-11 18:03:17.0;
30;94410;2019-04-11 18:03:19.0;
30;94350;2019-04-11 18:03:20.0;
30;94370;2019-04-11 18:03:23.0;
30;94350;2019-04-11 18:03:26.0;
30;94370;2019-04-11 18:03:27.0;
30;94385;2019-04-11 18:03:31.0;
30;94350;2019-04-11 18:03:34.0;
30;94385;2019-04-11 18:03:36.0;
30;94398;2019-04-11 18:03:39.0;
30;94350;2019-04-11 18:03:40.0;
30;94398;2019-04-11 18:03:43.0;
30;94405;2019-04-11 18:03:44.0;
30;94385;2019-04-11 18:03:46.0;
30;94398;2019-04-11 18:03:49.0;
30;94405;2019-04-11 18:03:50.0;
30;94398;2019-04-11 18:03:52.0;
30;94385;2019-04-11 18:03:56.0;
30;94398;2019-04-11 18:03:58.0;
30;94382;2019-04-11 18:04:03.0;
30;94398;2019-04-11 18:04:06.0;
30;94382;2019-04-11 18:04:08.0;
30;94405;2019-04-11 18:04:09.0;
30;94382;2019-04-11 18:04:10.0;
30;94370;2019-04-11 18:04:16.0;
30;94382;2019-04-11 18:04:17.0;
30;94370;2019-04-11 18:04:23.0;
30;94382;2019-04-11 18:04:24.0;
30;94370;2019-04-11 18:04:27.0;
30;94382;2019-04-11 18:04:29.0;
30;94405;2019-04-11 18:04:34.0;
30;94382;2019-04-11 18:04:37.0;
30;94370;2019-04-11 18:04:38.0;
30;94405;2019-04-11 18:04:40.0;
30;94430;2019-04-11 18:04:41.0;
30;94405;2019-04-11 18:04:47.0;
30;94430;2019-04-11 18:04:49.0;
30;94405;2019-04-11 18:04:59.0;
30;94430;2019-04-11 18:05:01.0;
30;94410;2019-04-11 18:05:06.0;
30;94430;2019-04-11 18:05:12.0;
30;94410;2019-04-11 18:05:13.0;
30;94430;2019-04-11 18:05:15.0;
30;94410;2019-04-11 18:05:19.0;
30;94420;2019-04-11 18:05:20.0;
30;94410;2019-04-11 18:05:22.0;
30;94420;2019-04-11 18:05:25.0;
30;94410;2019-04-11 18:05:28.0;
30;94420;2019-04-11 18:05:29.0;
30;94410;2019-04-11 18:05:31.0;
30;94420;2019-04-11 18:05:32.0;
30;94410;2019-04-11 18:05:37.0;
30;94420;2019-04-11 18:05:38.0;
30;94425;2019-04-11 18:05:44.0;
30;94420;2019-04-11 18:05:47.0;
30;94430;2019-04-11 18:05:53.0;
30;94425;2019-04-11 18:05:57.0;
30;94430;2019-04-11 18:05:58.0;
30;94442;2019-04-11 18:06:18.0;
30;94430;2019-04-11 18:06:21.0;
30;94442;2019-04-11 18:06:22.0;
30;94430;2019-04-11 18:06:23.0;
30;94425;2019-04-11 18:06:25.0;
30;94430;2019-04-11 18:06:29.0;
30;94425;2019-04-11 18:06:30.0;
30;94442;2019-04-11 18:06:33.0;
30;94425;2019-04-11 18:06:37.0;
30;94415;2019-04-11 18:06:39.0;
30;94442;2019-04-11 18:06:40.0;
30;94415;2019-04-11 18:06:42.0;
30;94442;2019-04-11 18:06:44.0;
30;94415;2019-04-11 18:06:46.0;
30;94420;2019-04-11 18:06:49.0;
30;94425;2019-04-11 18:06:50.0;
30;94420;2019-04-11 18:06:51.0;
30;94415;2019-04-11 18:07:00.0;
30;94420;2019-04-11 18:07:02.0;
30;94415;2019-04-11 18:07:22.0;
30;94420;2019-04-11 18:07:23.0;
30;94415;2019-04-11 18:07:25.0;
30;94420;2019-04-11 18:07:28.0;
30;94425;2019-04-11 18:07:29.0;
30;94415;2019-04-11 18:07:35.0;
30;94425;2019-04-11 18:07:37.0;
30;94420;2019-04-11 18:07:39.0;
30;94415;2019-04-11 18:07:40.0;
30;94425;2019-04-11 18:07:41.0;
30;94420;2019-04-11 18:07:44.0;
30;94410;2019-04-11 18:07:46.0;
30;94415;2019-04-11 18:07:48.0;
30;94410;2019-04-11 18:07:53.0;
30;94430;2019-04-11 18:08:18.0;
30;94410;2019-04-11 18:08:19.0;
30;94425;2019-04-11 18:08:26.0;
30;94430;2019-04-11 18:08:28.0;
30;94410;2019-04-11 18:08:30.0;
30;94425;2019-04-11 18:08:32.0;
30;94430;2019-04-11 18:08:35.0;
30;94425;2019-04-11 18:08:37.0;
30;94430;2019-04-11 18:08:38.0;
30;94425;2019-04-11 18:08:41.0;
30;94430;2019-04-11 18:08:47.0;
30;94425;2019-04-11 18:08:48.0;
30;94430;2019-04-11 18:08:52.0;
30;94425;2019-04-11 18:08:54.0;
30;94430;2019-04-11 18:08:57.0;
30;94425;2019-04-11 18:09:01.0;
30;94440;2019-04-11 18:09:05.0;
30;94425;2019-04-11 18:09:09.0;
30;94430;2019-04-11 18:09:11.0;
30;94440;2019-04-11 18:09:14.0;
30;94430;2019-04-11 18:09:15.0;
30;94425;2019-04-11 18:09:17.0;
30;94430;2019-04-11 18:09:18.0;
30;94440;2019-04-11 18:09:22.0;
30;94450;2019-04-11 18:09:24.0;
30;94425;2019-04-11 18:09:25.0;
30;94450;2019-04-11 18:09:29.0;
30;94440;2019-04-11 18:09:31.0;
30;94450;2019-04-11 18:09:32.0;
30;94440;2019-04-11 18:09:33.0;
30;94450;2019-04-11 18:09:35.0;
30;94485;2019-04-11 18:09:39.0;
30;94450;2019-04-11 18:09:41.0;
30;94485;2019-04-11 18:09:43.0;
30;94465;2019-04-11 18:09:44.0;
30;94485;2019-04-11 18:09:46.0;
30;94465;2019-04-11 18:09:47.0;
30;94485;2019-04-11 18:09:48.0;
30;94450;2019-04-11 18:09:51.0;
30;94465;2019-04-11 18:09:53.0;
30;94450;2019-04-11 18:09:54.0;
30;94440;2019-04-11 18:09:55.0;
30;94485;2019-04-11 18:09:58.0;
30;94465;2019-04-11 18:09:59.0;
30;94440;2019-04-11 18:10:01.0;
30;94485;2019-04-11 18:10:02.0;
30;94465;2019-04-11 18:10:04.0;
30;94485;2019-04-11 18:10:05.0;
30;94440;2019-04-11 18:10:07.0;
30;94465;2019-04-11 18:10:10.0;
30;94440;2019-04-11 18:10:13.0;
30;94470;2019-04-11 18:10:15.0;
30;94440;2019-04-11 18:10:18.0;
30;94470;2019-04-11 18:10:19.0;
30;94480;2019-04-11 18:10:22.0;
30;94470;2019-04-11 18:10:26.0;
30;94480;2019-04-11 18:10:27.0;
30;94470;2019-04-11 18:10:29.0;
30;94480;2019-04-11 18:10:32.0;
30;94470;2019-04-11 18:10:34.0;
30;94480;2019-04-11 18:10:40.0;
30;94470;2019-04-11 18:10:43.0;
30;94455;2019-04-11 18:10:47.0;
30;94470;2019-04-11 18:10:49.0;
30;94480;2019-04-11 18:10:50.0;
30;94455;2019-04-11 18:10:52.0;
30;94470;2019-04-11 18:11:00.0;
30;94425;2019-04-11 18:11:02.0;
30;94455;2019-04-11 18:11:03.0;
30;94425;2019-04-11 18:11:04.0;
30;94455;2019-04-11 18:11:06.0;
30;94425;2019-04-11 18:11:09.0;
30;94455;2019-04-11 18:11:11.0;
30;94425;2019-04-11 18:11:15.0;
30;94455;2019-04-11 18:11:16.0;
30;94440;2019-04-11 18:11:19.0;
30;94455;2019-04-11 18:11:21.0;
30;94425;2019-04-11 18:11:22.0;
30;94440;2019-04-11 18:11:24.0;
30;94425;2019-04-11 18:11:25.0;
30;94440;2019-04-11 18:11:27.0;
30;94450;2019-04-11 18:11:33.0;
30;94440;2019-04-11 18:11:34.0;
30;94450;2019-04-11 18:11:35.0;
30;94440;2019-04-11 18:11:37.0;
30;94410;2019-04-11 18:11:52.0;
30;94440;2019-04-11 18:11:55.0;
30;94410;2019-04-11 18:11:56.0;
30;94450;2019-04-11 18:11:57.0;
30;94410;2019-04-11 18:11:59.0;
30;94450;2019-04-11 18:12:00.0;
30;94410;2019-04-11 18:12:02.0;
30;94425;2019-04-11 18:12:10.0;
30;94410;2019-04-11 18:12:12.0;
30;94425;2019-04-11 18:12:16.0;
30;94410;2019-04-11 18:12:18.0;
30;94425;2019-04-11 18:12:19.0;
30;94410;2019-04-11 18:12:20.0;
30;94455;2019-04-11 18:12:24.0;
30;94410;2019-04-11 18:12:25.0;
30;94425;2019-04-11 18:12:29.0;
30;94455;2019-04-11 18:12:31.0;
30;94470;2019-04-11 18:12:33.0;
30;94455;2019-04-11 18:12:35.0;
30;94470;2019-04-11 18:12:38.0;
30;94425;2019-04-11 18:12:39.0;
30;94475;2019-04-11 18:12:41.0;
30;94455;2019-04-11 18:12:43.0;
30;94475;2019-04-11 18:12:46.0;
30;94455;2019-04-11 18:12:47.0;
30;94475;2019-04-11 18:12:48.0;
30;94470;2019-04-11 18:12:51.0;
30;94475;2019-04-11 18:12:53.0;
30;94415;2019-04-11 18:12:56.0;
30;94475;2019-04-11 18:12:57.0;
30;94470;2019-04-11 18:12:59.0;
30;94415;2019-04-11 18:13:00.0;
30;94470;2019-04-11 18:13:02.0;
30;94475;2019-04-11 18:13:03.0;
30;94415;2019-04-11 18:13:05.0;
30;94475;2019-04-11 18:13:06.0;
30;94415;2019-04-11 18:13:07.0;
30;94410;2019-04-11 18:13:09.0;
30;94415;2019-04-11 18:13:10.0;
30;94412;2019-04-11 18:13:13.0;
30;94415;2019-04-11 18:13:20.0;
30;94412;2019-04-11 18:13:21.0;
30;94415;2019-04-11 18:13:23.0;
30;94412;2019-04-11 18:13:24.0;
30;94410;2019-04-11 18:13:26.0;
30;94412;2019-04-11 18:13:27.0;
30;94435;2019-04-11 18:13:29.0;
30;94412;2019-04-11 18:13:30.0;
30;94410;2019-04-11 18:13:31.0;
30;94412;2019-04-11 18:13:36.0;
30;94435;2019-04-11 18:13:37.0;
30;94412;2019-04-11 18:13:39.0;
30;94435;2019-04-11 18:13:41.0;
30;94365;2019-04-11 18:13:43.0;
30;94435;2019-04-11 18:13:47.0;
30;94365;2019-04-11 18:13:49.0;
30;94435;2019-04-11 18:13:50.0;
30;94365;2019-04-11 18:13:51.0;
30;94360;2019-04-11 18:13:54.0;
30;94365;2019-04-11 18:13:57.0;
30;94360;2019-04-11 18:13:58.0;
30;94375;2019-04-11 18:14:03.0;
30;94360;2019-04-11 18:14:04.0;
30;94375;2019-04-11 18:14:06.0;
30;94360;2019-04-11 18:14:08.0;
30;94375;2019-04-11 18:14:10.0;
30;94360;2019-04-11 18:14:12.0;
30;94375;2019-04-11 18:14:13.0;
30;94360;2019-04-11 18:14:19.0;
30;94375;2019-04-11 18:14:22.0;
30;94410;2019-04-11 18:14:33.0;
30;94375;2019-04-11 18:14:35.0;
30;94410;2019-04-11 18:14:36.0;
30;94375;2019-04-11 18:14:37.0;
30;94410;2019-04-11 18:14:39.0;
30;94385;2019-04-11 18:14:40.0;
30;94375;2019-04-11 18:14:42.0;
30;94410;2019-04-11 18:14:43.0;
30;94375;2019-04-11 18:14:44.0;
30;94385;2019-04-11 18:14:49.0;
30;94410;2019-04-11 18:14:50.0;
30;94385;2019-04-11 18:14:52.0;
30;94405;2019-04-11 18:14:54.0;
30;94410;2019-04-11 18:14:56.0;
30;94405;2019-04-11 18:14:59.0;
30;94410;2019-04-11 18:15:00.0;
30;94405;2019-04-11 18:15:01.0;
30;94385;2019-04-11 18:15:03.0;
30;94410;2019-04-11 18:15:05.0;
30;94405;2019-04-11 18:15:06.0;
30;94410;2019-04-11 18:15:08.0;
30;94405;2019-04-11 18:15:16.0;
30;94410;2019-04-11 18:15:21.0;
30;94405;2019-04-11 18:15:24.0;
30;94410;2019-04-11 18:15:25.0;
30;94375;2019-04-11 18:15:27.0;
30;94405;2019-04-11 18:15:28.0;
30;94375;2019-04-11 18:15:30.0;
30;94405;2019-04-11 18:15:32.0;
30;94360;2019-04-11 18:15:35.0;
30;94405;2019-04-11 18:15:40.0;
30;94375;2019-04-11 18:15:41.0;
30;94360;2019-04-11 18:15:44.0;
30;94375;2019-04-11 18:15:45.0;
30;94365;2019-04-11 18:15:47.0;
30;94375;2019-04-11 18:15:49.0;
30;94360;2019-04-11 18:15:52.0;
30;94375;2019-04-11 18:15:55.0;
30;94365;2019-04-11 18:15:58.0;
30;94360;2019-04-11 18:16:06.0;
30;94365;2019-04-11 18:16:07.0;
30;94360;2019-04-11 18:16:08.0;
30;94365;2019-04-11 18:16:10.0;
30;94360;2019-04-11 18:16:14.0;
30;94365;2019-04-11 18:16:27.0;
30;94360;2019-04-11 18:16:28.0;
30;94365;2019-04-11 18:16:29.0;
30;94360;2019-04-11 18:16:32.0;
30;94355;2019-04-11 18:16:34.0;
30;94360;2019-04-11 18:16:35.0;
30;94355;2019-04-11 18:16:36.0;
30;94360;2019-04-11 18:16:39.0;
30;94355;2019-04-11 18:16:41.0;
30;94360;2019-04-11 18:16:42.0;
30;94355;2019-04-11 18:16:45.0;
30;94380;2019-04-11 18:17:06.0;
30;94355;2019-04-11 18:17:08.0;
30;94380;2019-04-11 18:17:12.0;
30;94355;2019-04-11 18:17:14.0;
30;94380;2019-04-11 18:17:16.0;
30;94365;2019-04-11 18:17:17.0;
30;94380;2019-04-11 18:17:21.0;
30;94365;2019-04-11 18:17:25.0;
30;94380;2019-04-11 18:17:27.0;
30;94365;2019-04-11 18:17:33.0;
30;94380;2019-04-11 18:17:34.0;
30;94385;2019-04-11 18:17:38.0;
30;94380;2019-04-11 18:17:40.0;
30;94365;2019-04-11 18:17:45.0;
30;94385;2019-04-11 18:17:47.0;
30;94380;2019-04-11 18:17:48.0;
30;94385;2019-04-11 18:17:50.0;
30;94380;2019-04-11 18:17:52.0;
30;94415;2019-04-11 18:17:54.0;
30;94385;2019-04-11 18:17:59.0;
30;94415;2019-04-11 18:18:01.0;
30;94385;2019-04-11 18:18:02.0;
30;94415;2019-04-11 18:18:04.0;
30;94385;2019-04-11 18:18:05.0;
30;94415;2019-04-11 18:18:07.0;
30;94428;2019-04-11 18:18:09.0;
30;94415;2019-04-11 18:18:11.0;
30;94428;2019-04-11 18:18:15.0;
30;94415;2019-04-11 18:18:16.0;
30;94428;2019-04-11 18:18:20.0;
30;94415;2019-04-11 18:18:22.0;
30;94428;2019-04-11 18:18:25.0;
30;94445;2019-04-11 18:18:28.0;
30;94428;2019-04-11 18:18:29.0;
30;94445;2019-04-11 18:18:32.0;
30;94428;2019-04-11 18:18:34.0;
30;94445;2019-04-11 18:18:36.0;
30;94455;2019-04-11 18:18:43.0;
30;94445;2019-04-11 18:18:45.0;
30;94455;2019-04-11 18:18:47.0;
30;94445;2019-04-11 18:18:48.0;
30;94455;2019-04-11 18:18:49.0;
30;94445;2019-04-11 18:18:51.0;
30;94455;2019-04-11 18:18:52.0;
30;94445;2019-04-11 18:18:54.0;
30;94455;2019-04-11 18:18:58.0;
30;94465;2019-04-11 18:18:59.0;
30;94455;2019-04-11 18:19:01.0;
30;94445;2019-04-11 18:19:03.0;
30;94465;2019-04-11 18:19:06.0;
30;94455;2019-04-11 18:19:07.0;
30;94460;2019-04-11 18:19:10.0;
30;94455;2019-04-11 18:19:11.0;
30;94460;2019-04-11 18:19:13.0;
30;94465;2019-04-11 18:19:14.0;
30;94460;2019-04-11 18:19:22.0;
30;94465;2019-04-11 18:19:23.0;
30;94460;2019-04-11 18:19:25.0;
30;94465;2019-04-11 18:19:28.0;
30;94460;2019-04-11 18:19:31.0;
30;94435;2019-04-11 18:19:33.0;
30;94460;2019-04-11 18:19:34.0;
30;94435;2019-04-11 18:19:35.0;
30;94460;2019-04-11 18:19:38.0;
30;94435;2019-04-11 18:19:41.0;
30;94465;2019-04-11 18:19:42.0;
30;94435;2019-04-11 18:19:44.0;
30;94472;2019-04-11 18:20:06.0;
30;94435;2019-04-11 18:20:08.0;
30;94472;2019-04-11 18:20:11.0;
30;94435;2019-04-11 18:20:14.0;
30;94472;2019-04-11 18:20:17.0;
30;94455;2019-04-11 18:20:21.0;
30;94460;2019-04-11 18:20:24.0;
30;94472;2019-04-11 18:20:27.0;
30;94455;2019-04-11 18:20:30.0;
30;94460;2019-04-11 18:20:32.0;
30;94455;2019-04-11 18:20:34.0;
30;94472;2019-04-11 18:20:37.0;
30;94480;2019-04-11 18:20:39.0;
30;94460;2019-04-11 18:20:40.0;
30;94480;2019-04-11 18:20:43.0;
30;94455;2019-04-11 18:20:45.0;
30;94460;2019-04-11 18:20:47.0;
30;94455;2019-04-11 18:20:48.0;
30;94505;2019-04-11 18:20:52.0;
30;94480;2019-04-11 18:20:53.0;
30;94505;2019-04-11 18:20:57.0;
30;94480;2019-04-11 18:21:04.0;
30;94505;2019-04-11 18:21:06.0;
30;94510;2019-04-11 18:21:10.0;
30;94505;2019-04-11 18:21:14.0;
30;94510;2019-04-11 18:21:15.0;
30;94505;2019-04-11 18:21:16.0;
30;94510;2019-04-11 18:21:18.0;
30;94505;2019-04-11 18:21:19.0;
30;94510;2019-04-11 18:21:20.0;
30;94480;2019-04-11 18:21:24.0;
30;94510;2019-04-11 18:21:31.0;
30;94480;2019-04-11 18:21:35.0;
30;94505;2019-04-11 18:21:39.0;
30;94480;2019-04-11 18:21:41.0;
30;94475;2019-04-11 18:21:42.0;
30;94480;2019-04-11 18:21:44.0;
30;94475;2019-04-11 18:21:45.0;
30;94480;2019-04-11 18:21:47.0;
30;94495;2019-04-11 18:21:48.0;
30;94475;2019-04-11 18:21:51.0;
30;94495;2019-04-11 18:21:55.0;
30;94475;2019-04-11 18:21:57.0;
30;94495;2019-04-11 18:21:58.0;
30;94475;2019-04-11 18:22:00.0;
30;94495;2019-04-11 18:22:02.0;
30;94485;2019-04-11 18:22:04.0;
30;94475;2019-04-11 18:22:06.0;
30;94485;2019-04-11 18:22:07.0;
30;94475;2019-04-11 18:22:09.0;
30;94495;2019-04-11 18:22:10.0;
30;94485;2019-04-11 18:22:11.0;
30;94495;2019-04-11 18:22:13.0;
30;94485;2019-04-11 18:22:15.0;
30;94495;2019-04-11 18:22:16.0;
30;94490;2019-04-11 18:22:18.0;
30;94495;2019-04-11 18:22:19.0;
30;94490;2019-04-11 18:22:22.0;
30;94485;2019-04-11 18:22:26.0;
30;94490;2019-04-11 18:22:28.0;
30;94495;2019-04-11 18:22:31.0;
30;94485;2019-04-11 18:22:32.0;
30;94495;2019-04-11 18:22:33.0;
30;94490;2019-04-11 18:22:35.0;
30;94515;2019-04-11 18:22:36.0;
30;94490;2019-04-11 18:22:39.0;
30;94515;2019-04-11 18:22:41.0;
30;94495;2019-04-11 18:22:43.0;
30;94490;2019-04-11 18:22:45.0;
30;94515;2019-04-11 18:22:46.0;
30;94495;2019-04-11 18:22:48.0;
30;94520;2019-04-11 18:22:49.0;
30;94515;2019-04-11 18:22:52.0;
30;94545;2019-04-11 18:22:53.0;
30;94520;2019-04-11 18:22:54.0;
30;94545;2019-04-11 18:22:59.0;
30;94515;2019-04-11 18:23:03.0;
30;94545;2019-04-11 18:23:04.0;
30;94515;2019-04-11 18:23:05.0;
30;94520;2019-04-11 18:23:07.0;
30;94550;2019-04-11 18:23:08.0;
30;94520;2019-04-11 18:23:11.0;
30;94550;2019-04-11 18:23:16.0;
30;94548;2019-04-11 18:23:23.0;
30;94550;2019-04-11 18:23:24.0;
30;94548;2019-04-11 18:23:27.0;
30;94550;2019-04-11 18:23:28.0;
30;94548;2019-04-11 18:23:34.0;
30;94550;2019-04-11 18:23:38.0;
30;94548;2019-04-11 18:23:41.0;
30;94550;2019-04-11 18:23:44.0;
30;94552;2019-04-11 18:23:46.0;
30;94548;2019-04-11 18:23:49.0;
30;94552;2019-04-11 18:23:51.0;
30;94570;2019-04-11 18:24:17.0;
30;94552;2019-04-11 18:24:19.0;
30;94570;2019-04-11 18:24:23.0;
30;94552;2019-04-11 18:24:26.0;
30;94570;2019-04-11 18:24:27.0;
30;94565;2019-04-11 18:24:31.0;
30;94570;2019-04-11 18:24:34.0;
30;94565;2019-04-11 18:24:35.0;
30;94570;2019-04-11 18:24:40.0;
30;94565;2019-04-11 18:24:42.0;
30;94570;2019-04-11 18:24:43.0;
30;94565;2019-04-11 18:24:44.0;
30;94535;2019-04-11 18:24:51.0;
30;94565;2019-04-11 18:24:59.0;
30;94535;2019-04-11 18:25:03.0;
30;94540;2019-04-11 18:25:04.0;
30;94535;2019-04-11 18:25:07.0;
30;94540;2019-04-11 18:25:09.0;
30;94535;2019-04-11 18:25:15.0;
30;94540;2019-04-11 18:25:20.0;
30;94555;2019-04-11 18:25:25.0;
30;94540;2019-04-11 18:25:29.0;
30;94550;2019-04-11 18:25:37.0;
30;94555;2019-04-11 18:25:40.0;
30;94560;2019-04-11 18:25:42.0;
30;94555;2019-04-11 18:25:43.0;
30;94550;2019-04-11 18:25:44.0;
30;94555;2019-04-11 18:25:46.0;
30;94560;2019-04-11 18:25:47.0;
30;94555;2019-04-11 18:25:48.0;
30;94550;2019-04-11 18:25:50.0;
30;94555;2019-04-11 18:25:51.0;
30;94550;2019-04-11 18:25:53.0;
30;94560;2019-04-11 18:25:54.0;
30;94555;2019-04-11 18:25:55.0;
30;94565;2019-04-11 18:25:57.0;
30;94560;2019-04-11 18:25:58.0;
30;94565;2019-04-11 18:26:03.0;
30;94550;2019-04-11 18:26:05.0;
30;94560;2019-04-11 18:26:06.0;
30;94565;2019-04-11 18:26:07.0;
30;94560;2019-04-11 18:26:10.0;
30;94550;2019-04-11 18:26:12.0;
30;94565;2019-04-11 18:26:13.0;
30;94550;2019-04-11 18:26:14.0;
30;94565;2019-04-11 18:26:17.0;
30;94550;2019-04-11 18:26:19.0;
30;94565;2019-04-11 18:26:21.0;
30;94550;2019-04-11 18:26:25.0;
30;94535;2019-04-11 18:26:29.0;
30;94550;2019-04-11 18:26:30.0;
30;94535;2019-04-11 18:26:32.0;
30;94550;2019-04-11 18:26:34.0;
30;94535;2019-04-11 18:26:38.0;
30;94550;2019-04-11 18:26:41.0;
30;94535;2019-04-11 18:26:45.0;
30;94500;2019-04-11 18:26:48.0;
30;94535;2019-04-11 18:26:49.0;
30;94500;2019-04-11 18:26:51.0;
30;94535;2019-04-11 18:26:54.0;
30;94480;2019-04-11 18:26:56.0;
30;94535;2019-04-11 18:26:57.0;
30;94480;2019-04-11 18:26:58.0;
30;94500;2019-04-11 18:27:02.0;
30;94480;2019-04-11 18:27:03.0;
30;94500;2019-04-11 18:27:05.0;
30;94480;2019-04-11 18:27:09.0;
30;94500;2019-04-11 18:27:14.0;
30;94480;2019-04-11 18:27:16.0;
30;94515;2019-04-11 18:27:22.0;
30;94480;2019-04-11 18:27:23.0;
30;94515;2019-04-11 18:27:26.0;
30;94480;2019-04-11 18:27:28.0;
30;94515;2019-04-11 18:27:30.0;
30;94480;2019-04-11 18:27:33.0;
30;94515;2019-04-11 18:27:34.0;
30;94525;2019-04-11 18:27:36.0;
30;94515;2019-04-11 18:27:39.0;
30;94525;2019-04-11 18:27:40.0;
30;94515;2019-04-11 18:27:42.0;
30;94525;2019-04-11 18:27:44.0;
30;94515;2019-04-11 18:27:51.0;
30;94525;2019-04-11 18:27:53.0;
30;94548;2019-04-11 18:27:54.0;
30;94525;2019-04-11 18:27:56.0;
30;94548;2019-04-11 18:27:59.0;
30;94525;2019-04-11 18:28:02.0;
30;94548;2019-04-11 18:28:06.0;
30;94530;2019-04-11 18:28:08.0;
30;94548;2019-04-11 18:28:09.0;
30;94515;2019-04-11 18:28:12.0;
30;94548;2019-04-11 18:28:13.0;
30;94515;2019-04-11 18:28:15.0;
30;94548;2019-04-11 18:28:16.0;
30;94530;2019-04-11 18:28:18.0;
30;94515;2019-04-11 18:28:19.0;
30;94548;2019-04-11 18:28:23.0;
30;94515;2019-04-11 18:28:25.0;
30;94532;2019-04-11 18:28:27.0;
30;94530;2019-04-11 18:28:29.0;
30;94532;2019-04-11 18:28:30.0;
30;94530;2019-04-11 18:28:31.0;
30;94532;2019-04-11 18:28:36.0;
30;94530;2019-04-11 18:28:38.0;
30;94532;2019-04-11 18:28:39.0;
30;94530;2019-04-11 18:28:43.0;
30;94532;2019-04-11 18:28:51.0;
30;94530;2019-04-11 18:28:55.0;
30;94520;2019-04-11 18:28:57.0;
30;94530;2019-04-11 18:29:01.0;
30;94520;2019-04-11 18:29:03.0;
30;94530;2019-04-11 18:29:04.0;
30;94520;2019-04-11 18:29:07.0;
30;94530;2019-04-11 18:29:08.0;
30;94520;2019-04-11 18:29:14.0;
30;94495;2019-04-11 18:29:18.0;
30;94520;2019-04-11 18:29:21.0;
30;94505;2019-04-11 18:29:25.0;
30;94495;2019-04-11 18:29:27.0;
30;94505;2019-04-11 18:29:28.0;
30;94490;2019-04-11 18:29:29.0;
30;94495;2019-04-11 18:29:31.0;
30;94505;2019-04-11 18:29:33.0;
30;94495;2019-04-11 18:29:34.0;
30;94505;2019-04-11 18:29:35.0;
30;94490;2019-04-11 18:29:37.0;
30;94495;2019-04-11 18:29:38.0;
30;94505;2019-04-11 18:29:41.0;
30;94490;2019-04-11 18:29:46.0;
30;94495;2019-04-11 18:29:47.0;
30;94510;2019-04-11 18:29:49.0;
30;94505;2019-04-11 18:29:50.0;
30;94510;2019-04-11 18:29:53.0;
30;94505;2019-04-11 18:29:56.0;
30;94510;2019-04-11 18:29:57.0;
30;94500;2019-04-11 18:30:21.0;
30;94510;2019-04-11 18:30:25.0;
30;94500;2019-04-11 18:30:31.0;
30;94510;2019-04-11 18:30:33.0;
30;94500;2019-04-11 18:30:34.0;
30;94530;2019-04-11 18:30:36.0;
30;94520;2019-04-11 18:30:38.0;
30;94500;2019-04-11 18:30:41.0;
30;94530;2019-04-11 18:30:43.0;
30;94500;2019-04-11 18:30:44.0;
30;94520;2019-04-11 18:30:46.0;
30;94530;2019-04-11 18:30:47.0;
30;94500;2019-04-11 18:30:49.0;
30;94520;2019-04-11 18:30:50.0;
30;94530;2019-04-11 18:30:51.0;
30;94505;2019-04-11 18:30:53.0;
30;94530;2019-04-11 18:30:56.0;
30;94505;2019-04-11 18:30:57.0;
30;94530;2019-04-11 18:30:58.0;
30;94505;2019-04-11 18:31:01.0;
30;94520;2019-04-11 18:31:03.0;
30;94530;2019-04-11 18:31:04.0;
30;94505;2019-04-11 18:31:06.0;
30;94485;2019-04-11 18:31:07.0;
30;94505;2019-04-11 18:31:14.0;
30;94485;2019-04-11 18:31:15.0;
30;94505;2019-04-11 18:31:22.0;
30;94485;2019-04-11 18:31:23.0;
30;94510;2019-04-11 18:31:26.0;
30;94485;2019-04-11 18:31:28.0;
30;94510;2019-04-11 18:31:29.0;
30;94485;2019-04-11 18:31:32.0;
30;94510;2019-04-11 18:31:35.0;
30;94485;2019-04-11 18:31:37.0;
30;94510;2019-04-11 18:31:39.0;
30;94535;2019-04-11 18:31:40.0;
30;94510;2019-04-11 18:31:43.0;
30;94535;2019-04-11 18:31:45.0;
30;94510;2019-04-11 18:31:46.0;
30;94535;2019-04-11 18:31:48.0;
30;94510;2019-04-11 18:31:52.0;
30;94535;2019-04-11 18:31:55.0;
30;94530;2019-04-11 18:32:05.0;
30;94535;2019-04-11 18:32:07.0;
30;94530;2019-04-11 18:32:11.0;
30;94535;2019-04-11 18:32:12.0;
30;94530;2019-04-11 18:32:13.0;
30;94545;2019-04-11 18:32:15.0;
30;94535;2019-04-11 18:32:16.0;
30;94545;2019-04-11 18:32:22.0;
30;94535;2019-04-11 18:32:23.0;
30;94530;2019-04-11 18:32:26.0;
30;94535;2019-04-11 18:32:28.0;
30;94530;2019-04-11 18:32:29.0;
30;94545;2019-04-11 18:32:31.0;
30;94530;2019-04-11 18:32:32.0;
30;94535;2019-04-11 18:32:34.0;
30;94530;2019-04-11 18:32:35.0;
30;94520;2019-04-11 18:32:36.0;
30;94535;2019-04-11 18:32:39.0;
30;94545;2019-04-11 18:32:41.0;
30;94520;2019-04-11 18:32:42.0;
30;94545;2019-04-11 18:32:46.0;
30;94555;2019-04-11 18:32:47.0;
30;94520;2019-04-11 18:32:48.0;
30;94555;2019-04-11 18:32:50.0;
30;94520;2019-04-11 18:32:53.0;
30;94555;2019-04-11 18:32:55.0;
30;94520;2019-04-11 18:32:57.0;
30;94555;2019-04-11 18:32:59.0;
30;94520;2019-04-11 18:33:06.0;
30;94555;2019-04-11 18:33:08.0;
30;94550;2019-04-11 18:33:11.0;
30;94555;2019-04-11 18:33:12.0;
30;94550;2019-04-11 18:33:14.0;
30;94555;2019-04-11 18:33:15.0;
30;94550;2019-04-11 18:33:16.0;
30;94555;2019-04-11 18:33:18.0;
30;94548;2019-04-11 18:33:19.0;
30;94558;2019-04-11 18:33:21.0;
30;94550;2019-04-11 18:33:22.0;
30;94548;2019-04-11 18:33:23.0;
30;94550;2019-04-11 18:33:28.0;
30;94548;2019-04-11 18:33:30.0;
30;94558;2019-04-11 18:33:32.0;
30;94548;2019-04-11 18:33:35.0;
30;94550;2019-04-11 18:33:36.0;
30;94548;2019-04-11 18:33:38.0;
30;94550;2019-04-11 18:33:39.0;
30;94548;2019-04-11 18:33:40.0;
30;94565;2019-04-11 18:33:42.0;
30;94558;2019-04-11 18:33:44.0;
30;94548;2019-04-11 18:33:47.0;
30;94558;2019-04-11 18:33:50.0;
30;94565;2019-04-11 18:33:52.0;
30;94575;2019-04-11 18:34:28.0;
30;94565;2019-04-11 18:34:29.0;
30;94575;2019-04-11 18:34:33.0;
30;94565;2019-04-11 18:34:34.0;
30;94575;2019-04-11 18:34:36.0;
30;94565;2019-04-11 18:34:38.0;
30;94575;2019-04-11 18:34:41.0;
30;94565;2019-04-11 18:34:43.0;
30;94575;2019-04-11 18:34:44.0;
30;94565;2019-04-11 18:34:49.0;
30;94575;2019-04-11 18:34:52.0;
30;94570;2019-04-11 18:34:57.0;
30;94580;2019-04-11 18:34:59.0;
30;94570;2019-04-11 18:35:06.0;
30;94580;2019-04-11 18:35:07.0;
30;94570;2019-04-11 18:35:10.0;
30;94580;2019-04-11 18:35:13.0;
30;94570;2019-04-11 18:35:14.0;
30;94580;2019-04-11 18:35:15.0;
30;94570;2019-04-11 18:35:17.0;
30;94580;2019-04-11 18:35:23.0;
30;94570;2019-04-11 18:35:25.0;
30;94580;2019-04-11 18:35:26.0;
30;94565;2019-04-11 18:35:29.0;
30;94580;2019-04-11 18:35:31.0;
30;94590;2019-04-11 18:35:32.0;
30;94565;2019-04-11 18:35:37.0;
30;94590;2019-04-11 18:35:38.0;
30;94565;2019-04-11 18:35:49.0;
30;94590;2019-04-11 18:35:50.0;
30;94565;2019-04-11 18:35:52.0;
30;94590;2019-04-11 18:35:55.0;
30;94600;2019-04-11 18:36:03.0;
30;94590;2019-04-11 18:36:05.0;
30;94600;2019-04-11 18:36:06.0;
30;94575;2019-04-11 18:36:35.0;
30;94600;2019-04-11 18:36:37.0;
30;94575;2019-04-11 18:36:40.0;
30;94595;2019-04-11 18:36:48.0;
30;94575;2019-04-11 18:36:50.0;
30;94595;2019-04-11 18:36:51.0;
30;94575;2019-04-11 18:36:57.0;
30;94595;2019-04-11 18:36:58.0;
30;94575;2019-04-11 18:37:01.0;
30;94595;2019-04-11 18:37:07.0;
30;94580;2019-04-11 18:37:08.0;
30;94565;2019-04-11 18:37:14.0;
30;94580;2019-04-11 18:37:16.0;
30;94565;2019-04-11 18:37:17.0;
30;94595;2019-04-11 18:37:18.0;
30;94580;2019-04-11 18:37:20.0;
30;94570;2019-04-11 18:37:21.0;
30;94580;2019-04-11 18:37:23.0;
30;94570;2019-04-11 18:37:24.0;
30;94565;2019-04-11 18:37:25.0;
30;94580;2019-04-11 18:37:27.0;
30;94570;2019-04-11 18:37:28.0;
30;94565;2019-04-11 18:37:31.0;
30;94580;2019-04-11 18:37:32.0;
30;94565;2019-04-11 18:37:34.0;
30;94570;2019-04-11 18:37:39.0;
30;94565;2019-04-11 18:37:40.0;
30;94570;2019-04-11 18:37:44.0;
30;94545;2019-04-11 18:37:46.0;
30;94570;2019-04-11 18:37:47.0;
30;94550;2019-04-11 18:37:48.0;
30;94545;2019-04-11 18:37:50.0;
30;94550;2019-04-11 18:37:53.0;
30;94545;2019-04-11 18:37:54.0;
30;94550;2019-04-11 18:37:56.0;
30;94545;2019-04-11 18:37:57.0;
30;94550;2019-04-11 18:37:58.0;
30;94545;2019-04-11 18:38:00.0;
30;94550;2019-04-11 18:38:01.0;
30;94545;2019-04-11 18:38:04.0;
30;94550;2019-04-11 18:38:07.0;
30;94545;2019-04-11 18:38:11.0;
30;94550;2019-04-11 18:38:13.0;
30;94520;2019-04-11 18:38:17.0;
30;94550;2019-04-11 18:38:25.0;
30;94520;2019-04-11 18:38:27.0;
30;94515;2019-04-11 18:38:34.0;
30;94520;2019-04-11 18:38:37.0;
30;94515;2019-04-11 18:38:38.0;
30;94520;2019-04-11 18:38:40.0;
30;94515;2019-04-11 18:38:45.0;
30;94520;2019-04-11 18:38:47.0;
30;94480;2019-04-11 18:38:48.0;
30;94520;2019-04-11 18:38:49.0;
30;94480;2019-04-11 18:38:51.0;
30;94495;2019-04-11 18:38:55.0;
30;94515;2019-04-11 18:38:57.0;
30;94495;2019-04-11 18:39:00.0;
30;94480;2019-04-11 18:39:02.0;
30;94495;2019-04-11 18:39:05.0;
30;94478;2019-04-11 18:39:07.0;
30;94480;2019-04-11 18:39:08.0;
30;94478;2019-04-11 18:39:09.0;
30;94495;2019-04-11 18:39:11.0;
30;94478;2019-04-11 18:39:14.0;
30;94495;2019-04-11 18:39:17.0;
30;94515;2019-04-11 18:39:20.0;
30;94478;2019-04-11 18:39:21.0;
30;94515;2019-04-11 18:39:24.0;
30;94478;2019-04-11 18:39:25.0;
30;94515;2019-04-11 18:39:29.0;
30;94478;2019-04-11 18:39:30.0;
30;94525;2019-04-11 18:39:35.0;
30;94535;2019-04-11 18:39:39.0;
30;94525;2019-04-11 18:39:40.0;
30;94515;2019-04-11 18:39:43.0;
30;94525;2019-04-11 18:39:44.0;
30;94535;2019-04-11 18:39:47.0;
30;94525;2019-04-11 18:39:50.0;
30;94535;2019-04-11 18:39:51.0;
30;94540;2019-04-11 18:39:53.0;
30;94535;2019-04-11 18:39:57.0;
30;94540;2019-04-11 18:40:01.0;
30;94525;2019-04-11 18:40:03.0;
30;94540;2019-04-11 18:40:04.0;
30;94535;2019-04-11 18:40:07.0;
30;94565;2019-04-11 18:40:10.0;
30;94540;2019-04-11 18:40:23.0;
30;94570;2019-04-11 18:40:24.0;
30;94565;2019-04-11 18:40:26.0;
30;94570;2019-04-11 18:40:33.0;
30;94565;2019-04-11 18:40:36.0;
30;94570;2019-04-11 18:40:37.0;
30;94565;2019-04-11 18:40:39.0;
30;94575;2019-04-11 18:40:41.0;
30;94590;2019-04-11 18:40:44.0;
30;94575;2019-04-11 18:40:46.0;
30;94570;2019-04-11 18:40:47.0;
30;94590;2019-04-11 18:40:50.0;
30;94570;2019-04-11 18:40:52.0;
30;94575;2019-04-11 18:40:56.0;
30;94585;2019-04-11 18:40:57.0;
30;94575;2019-04-11 18:41:00.0;
30;94590;2019-04-11 18:41:03.0;
30;94575;2019-04-11 18:41:05.0;
30;94585;2019-04-11 18:41:06.0;
30;94590;2019-04-11 18:41:08.0;
30;94585;2019-04-11 18:41:09.0;
30;94575;2019-04-11 18:41:10.0;
30;94585;2019-04-11 18:41:12.0;
30;94560;2019-04-11 18:41:13.0;
30;94585;2019-04-11 18:41:19.0;
30;94545;2019-04-11 18:41:25.0;
30;94560;2019-04-11 18:41:31.0;
30;94530;2019-04-11 18:41:32.0;
30;94560;2019-04-11 18:41:33.0;
30;94545;2019-04-11 18:41:36.0;
30;94560;2019-04-11 18:41:37.0;
30;94530;2019-04-11 18:41:39.0;
30;94560;2019-04-11 18:41:42.0;
30;94520;2019-04-11 18:41:45.0;
30;94545;2019-04-11 18:41:47.0;
30;94530;2019-04-11 18:41:50.0;
30;94520;2019-04-11 18:41:52.0;
30;94545;2019-04-11 18:41:53.0;
30;94530;2019-04-11 18:41:57.0;
30;94505;2019-04-11 18:42:01.0;
30;94520;2019-04-11 18:42:03.0;
30;94510;2019-04-11 18:42:04.0;
30;94505;2019-04-11 18:42:06.0;
30;94520;2019-04-11 18:42:07.0;
30;94505;2019-04-11 18:42:08.0;
30;94520;2019-04-11 18:42:14.0;
30;94510;2019-04-11 18:42:15.0;
30;94505;2019-04-11 18:42:19.0;
30;94510;2019-04-11 18:42:21.0;
30;94545;2019-04-11 18:42:22.0;
30;94505;2019-04-11 18:42:23.0;
30;94545;2019-04-11 18:42:27.0;
30;94510;2019-04-11 18:42:30.0;
30;94545;2019-04-11 18:42:32.0;
30;94510;2019-04-11 18:42:33.0;
30;94540;2019-04-11 18:42:36.0;
30;94545;2019-04-11 18:42:39.0;
30;94540;2019-04-11 18:42:40.0;
30;94545;2019-04-11 18:42:41.0;
30;94540;2019-04-11 18:42:43.0;
30;94545;2019-04-11 18:42:47.0;
30;94540;2019-04-11 18:42:50.0;
30;94575;2019-04-11 18:42:59.0;
30;94540;2019-04-11 18:43:02.0;
30;94575;2019-04-11 18:43:03.0;
30;94580;2019-04-11 18:43:15.0;
30;94575;2019-04-11 18:43:19.0;
30;94580;2019-04-11 18:43:22.0;
30;94575;2019-04-11 18:43:27.0;
30;94600;2019-04-11 18:43:30.0;
30;94575;2019-04-11 18:43:31.0;
30;94600;2019-04-11 18:43:34.0;
30;94580;2019-04-11 18:43:40.0;
30;94600;2019-04-11 18:43:41.0;
30;94580;2019-04-11 18:43:42.0;
30;94600;2019-04-11 18:43:46.0;
30;94605;2019-04-11 18:43:49.0;
30;94600;2019-04-11 18:43:50.0;
30;94605;2019-04-11 18:43:54.0;
30;94600;2019-04-11 18:43:57.0;
30;94605;2019-04-11 18:43:59.0;
30;94600;2019-04-11 18:44:03.0;
30;94605;2019-04-11 18:44:04.0;
30;94585;2019-04-11 18:44:09.0;
30;94600;2019-04-11 18:44:11.0;
30;94585;2019-04-11 18:44:14.0;
30;94600;2019-04-11 18:44:16.0;
30;94585;2019-04-11 18:44:17.0;
30;94598;2019-04-11 18:44:20.0;
30;94585;2019-04-11 18:44:24.0;
30;94598;2019-04-11 18:44:27.0;
30;94585;2019-04-11 18:44:28.0;
30;94598;2019-04-11 18:44:30.0;
30;94585;2019-04-11 18:44:31.0;
30;94598;2019-04-11 18:44:34.0;
30;94585;2019-04-11 18:44:37.0;
30;94605;2019-04-11 18:44:40.0;
30;94610;2019-04-11 18:44:42.0;
30;94605;2019-04-11 18:44:45.0;
30;94598;2019-04-11 18:44:46.0;
30;94610;2019-04-11 18:44:48.0;
30;94598;2019-04-11 18:44:49.0;
30;94605;2019-04-11 18:44:50.0;
30;94610;2019-04-11 18:44:52.0;
30;94605;2019-04-11 18:44:53.0;
30;94610;2019-04-11 18:44:55.0;
30;94605;2019-04-11 18:44:59.0;
30;94610;2019-04-11 18:45:03.0;
30;94605;2019-04-11 18:45:06.0;
30;94610;2019-04-11 18:45:12.0;
30;94605;2019-04-11 18:45:14.0;
30;94595;2019-04-11 18:45:15.0;
30;94605;2019-04-11 18:45:16.0;
30;94595;2019-04-11 18:45:18.0;
30;94605;2019-04-11 18:45:19.0;
30;94595;2019-04-11 18:45:21.0;
30;94610;2019-04-11 18:45:22.0;
30;94595;2019-04-11 18:45:25.0;
30;94615;2019-04-11 18:45:27.0;
30;94610;2019-04-11 18:45:29.0;
30;94595;2019-04-11 18:45:31.0;
30;94615;2019-04-11 18:45:33.0;
30;94610;2019-04-11 18:45:34.0;
30;94615;2019-04-11 18:45:35.0;
30;94595;2019-04-11 18:45:36.0;
30;94610;2019-04-11 18:45:44.0;
30;94615;2019-04-11 18:45:46.0;
30;94585;2019-04-11 18:45:47.0;
30;94615;2019-04-11 18:45:53.0;
30;94585;2019-04-11 18:45:54.0;
30;94615;2019-04-11 18:45:55.0;
30;94590;2019-04-11 18:45:58.0;
30;94585;2019-04-11 18:46:00.0;
30;94590;2019-04-11 18:46:01.0;
30;94585;2019-04-11 18:46:06.0;
30;94590;2019-04-11 18:46:11.0;
30;94585;2019-04-11 18:46:14.0;
30;94590;2019-04-11 18:46:15.0;
30;94635;2019-04-11 18:46:19.0;
30;94590;2019-04-11 18:46:24.0;
30;94635;2019-04-11 18:46:25.0;
30;94590;2019-04-11 18:46:28.0;
30;94622;2019-04-11 18:46:29.0;
30;94635;2019-04-11 18:46:34.0;
30;94622;2019-04-11 18:46:37.0;
30;94635;2019-04-11 18:46:39.0;
30;94622;2019-04-11 18:46:40.0;
30;94635;2019-04-11 18:46:43.0;
30;94622;2019-04-11 18:46:45.0;
30;94635;2019-04-11 18:46:46.0;
30;94622;2019-04-11 18:46:52.0;
30;94630;2019-04-11 18:46:54.0;
30;94622;2019-04-11 18:46:59.0;
30;94630;2019-04-11 18:47:00.0;
30;94645;2019-04-11 18:47:33.0;
30;94630;2019-04-11 18:47:51.0;
30;94645;2019-04-11 18:47:52.0;
30;94630;2019-04-11 18:47:53.0;
30;94645;2019-04-11 18:47:55.0;
30;94630;2019-04-11 18:47:56.0;
30;94645;2019-04-11 18:47:58.0;
30;94655;2019-04-11 18:48:00.0;
30;94645;2019-04-11 18:48:02.0;
30;94630;2019-04-11 18:48:05.0;
30;94655;2019-04-11 18:48:08.0;
30;94630;2019-04-11 18:48:09.0;
30;94655;2019-04-11 18:48:11.0;
30;94630;2019-04-11 18:48:14.0;
30;94655;2019-04-11 18:48:19.0;
30;94630;2019-04-11 18:48:23.0;
30;94590;2019-04-11 18:48:36.0;
30;94595;2019-04-11 18:48:40.0;
30;94590;2019-04-11 18:48:43.0;
30;94595;2019-04-11 18:48:47.0;
30;94590;2019-04-11 18:48:48.0;
30;94595;2019-04-11 18:48:51.0;
30;94590;2019-04-11 18:48:53.0;
30;94595;2019-04-11 18:49:00.0;
30;94590;2019-04-11 18:49:02.0;
30;94595;2019-04-11 18:49:03.0;
30;94590;2019-04-11 18:49:05.0;
30;94595;2019-04-11 18:49:07.0;
30;94570;2019-04-11 18:49:08.0;
30;94595;2019-04-11 18:49:10.0;
30;94570;2019-04-11 18:49:11.0;
30;94565;2019-04-11 18:49:19.0;
30;94570;2019-04-11 18:49:22.0;
30;94565;2019-04-11 18:49:25.0;
30;94570;2019-04-11 18:49:30.0;
30;94565;2019-04-11 18:49:34.0;
30;94570;2019-04-11 18:49:35.0;
30;94565;2019-04-11 18:49:39.0;
30;94570;2019-04-11 18:49:41.0;
30;94565;2019-04-11 18:49:42.0;
30;94555;2019-04-11 18:49:44.0;
30;94565;2019-04-11 18:49:45.0;
30;94555;2019-04-11 18:49:46.0;
30;94565;2019-04-11 18:49:49.0;
30;94555;2019-04-11 18:49:51.0;
30;94565;2019-04-11 18:49:52.0;
30;94555;2019-04-11 18:49:55.0;
30;94565;2019-04-11 18:50:01.0;
30;94555;2019-04-11 18:50:05.0;
30;94565;2019-04-11 18:50:16.0;
30;94555;2019-04-11 18:50:19.0;
30;94565;2019-04-11 18:50:22.0;
30;94555;2019-04-11 18:50:27.0;
30;94565;2019-04-11 18:50:28.0;
30;94555;2019-04-11 18:50:31.0;
30;94565;2019-04-11 18:50:34.0;
30;94555;2019-04-11 18:50:39.0;
30;94565;2019-04-11 18:50:40.0;
30;94555;2019-04-11 18:50:43.0;
30;94565;2019-04-11 18:50:44.0;
30;94570;2019-04-11 18:50:46.0;
30;94565;2019-04-11 18:50:48.0;
30;94570;2019-04-11 18:50:49.0;
30;94565;2019-04-11 18:50:57.0;
30;94570;2019-04-11 18:50:58.0;
30;94565;2019-04-11 18:51:00.0;
30;94570;2019-04-11 18:51:02.0;
30;94590;2019-04-11 18:51:08.0;
30;94570;2019-04-11 18:51:09.0;
30;94590;2019-04-11 18:51:13.0;
30;94570;2019-04-11 18:51:15.0;
30;94590;2019-04-11 18:51:18.0;
30;94575;2019-04-11 18:51:23.0;
30;94590;2019-04-11 18:51:25.0;
30;94575;2019-04-11 18:51:26.0;
30;94585;2019-04-11 18:51:28.0;
30;94575;2019-04-11 18:51:32.0;
30;94585;2019-04-11 18:51:33.0;
30;94590;2019-04-11 18:51:36.0;
30;94575;2019-04-11 18:51:38.0;
30;94585;2019-04-11 18:51:45.0;
30;94575;2019-04-11 18:51:47.0;
30;94585;2019-04-11 18:51:50.0;
30;94595;2019-04-11 18:51:52.0;
30;94575;2019-04-11 18:51:53.0;
30;94595;2019-04-11 18:51:54.0;
30;94585;2019-04-11 18:51:57.0;
30;94595;2019-04-11 18:51:59.0;
30;94585;2019-04-11 18:52:00.0;
30;94595;2019-04-11 18:52:06.0;
30;94585;2019-04-11 18:52:08.0;
30;94595;2019-04-11 18:52:12.0;
30;94585;2019-04-11 18:52:13.0;
30;94595;2019-04-11 18:52:26.0;
30;94585;2019-04-11 18:52:28.0;
30;94595;2019-04-11 18:52:31.0;
30;94625;2019-04-11 18:52:33.0;
30;94595;2019-04-11 18:52:34.0;
30;94625;2019-04-11 18:52:40.0;
30;94595;2019-04-11 18:52:41.0;
30;94625;2019-04-11 18:52:43.0;
30;94635;2019-04-11 18:52:47.0;
30;94625;2019-04-11 18:52:53.0;
30;94635;2019-04-11 18:52:54.0;
30;94625;2019-04-11 18:52:56.0;
30;94635;2019-04-11 18:52:57.0;
30;94620;2019-04-11 18:53:01.0;
30;94635;2019-04-11 18:53:02.0;
30;94620;2019-04-11 18:53:05.0;
30;94635;2019-04-11 18:53:06.0;
30;94620;2019-04-11 18:53:14.0;
30;94635;2019-04-11 18:53:16.0;
30;94615;2019-04-11 18:53:18.0;
30;94620;2019-04-11 18:53:21.0;
30;94615;2019-04-11 18:53:26.0;
30;94620;2019-04-11 18:53:28.0;
30;94615;2019-04-11 18:53:29.0;
30;94640;2019-04-11 18:53:49.0;
30;94615;2019-04-11 18:53:51.0;
30;94640;2019-04-11 18:53:52.0;
30;94615;2019-04-11 18:53:59.0;
30;94640;2019-04-11 18:54:02.0;
30;94652;2019-04-11 18:54:06.0;
30;94640;2019-04-11 18:54:07.0;
30;94652;2019-04-11 18:54:09.0;
30;94640;2019-04-11 18:54:11.0;
30;94652;2019-04-11 18:54:16.0;
30;94640;2019-04-11 18:54:19.0;
30;94655;2019-04-11 18:54:20.0;
30;94640;2019-04-11 18:54:22.0;
30;94655;2019-04-11 18:54:23.0;
30;94652;2019-04-11 18:54:25.0;
30;94655;2019-04-11 18:54:26.0;
30;94652;2019-04-11 18:54:29.0;
30;94655;2019-04-11 18:54:31.0;
30;94660;2019-04-11 18:54:33.0;
30;94650;2019-04-11 18:54:37.0;
30;94655;2019-04-11 18:54:38.0;
30;94650;2019-04-11 18:54:40.0;
30;94655;2019-04-11 18:54:41.0;
30;94660;2019-04-11 18:54:44.0;
30;94655;2019-04-11 18:54:46.0;
30;94650;2019-04-11 18:54:49.0;
30;94660;2019-04-11 18:54:52.0;
30;94650;2019-04-11 18:54:53.0;
30;94635;2019-04-11 18:54:55.0;
30;94650;2019-04-11 18:54:56.0;
30;94635;2019-04-11 18:54:58.0;
30;94650;2019-04-11 18:54:59.0;
30;94660;2019-04-11 18:55:02.0;
30;94635;2019-04-11 18:55:05.0;
30;94650;2019-04-11 18:55:08.0;
30;94635;2019-04-11 18:55:09.0;
30;94640;2019-04-11 18:55:25.0;
30;94635;2019-04-11 18:55:31.0;
30;94640;2019-04-11 18:55:33.0;
30;94635;2019-04-11 18:55:34.0;
30;94630;2019-04-11 18:55:37.0;
30;94640;2019-04-11 18:55:39.0;
30;94630;2019-04-11 18:55:42.0;
30;94640;2019-04-11 18:55:44.0;
30;94630;2019-04-11 18:55:45.0;
30;94640;2019-04-11 18:55:52.0;
30;94630;2019-04-11 18:55:54.0;
30;94650;2019-04-11 18:55:59.0;
30;94630;2019-04-11 18:56:03.0;
30;94650;2019-04-11 18:56:10.0;
30;94605;2019-04-11 18:56:11.0;
30;94625;2019-04-11 18:56:17.0;
30;94650;2019-04-11 18:56:19.0;
30;94605;2019-04-11 18:56:20.0;
30;94625;2019-04-11 18:56:21.0;
30;94650;2019-04-11 18:56:23.0;
30;94625;2019-04-11 18:56:25.0;
30;94650;2019-04-11 18:56:27.0;
30;94625;2019-04-11 18:56:28.0;
30;94650;2019-04-11 18:56:29.0;
30;94615;2019-04-11 18:56:31.0;
30;94625;2019-04-11 18:56:32.0;
30;94605;2019-04-11 18:56:34.0;
30;94625;2019-04-11 18:56:36.0;
30;94605;2019-04-11 18:56:38.0;
30;94615;2019-04-11 18:56:39.0;
30;94625;2019-04-11 18:56:43.0;
30;94615;2019-04-11 18:56:45.0;
30;94625;2019-04-11 18:56:47.0;
30;94615;2019-04-11 18:56:49.0;
30;94625;2019-04-11 18:56:56.0;
30;94630;2019-04-11 18:56:57.0;
30;94625;2019-04-11 18:56:59.0;
30;94630;2019-04-11 18:57:00.0;
30;94625;2019-04-11 18:57:02.0;
30;94640;2019-04-11 18:57:03.0;
30;94625;2019-04-11 18:57:05.0;
30;94640;2019-04-11 18:57:07.0;
30;94630;2019-04-11 18:57:09.0;
30;94640;2019-04-11 18:57:10.0;
30;94625;2019-04-11 18:57:13.0;
30;94640;2019-04-11 18:57:16.0;
30;94630;2019-04-11 18:57:17.0;
30;94640;2019-04-11 18:57:19.0;
30;94625;2019-04-11 18:57:20.0;
30;94630;2019-04-11 18:57:21.0;
30;94640;2019-04-11 18:57:23.0;
30;94615;2019-04-11 18:57:30.0;
30;94640;2019-04-11 18:57:31.0;
30;94615;2019-04-11 18:57:32.0;
30;94640;2019-04-11 18:57:34.0;
30;94625;2019-04-11 18:57:35.0;
30;94590;2019-04-11 18:57:38.0;
30;94625;2019-04-11 18:57:39.0;
30;94615;2019-04-11 18:57:41.0;
30;94625;2019-04-11 18:57:42.0;
30;94590;2019-04-11 18:57:45.0;
30;94615;2019-04-11 18:57:49.0;
30;94590;2019-04-11 18:57:52.0;
30;94615;2019-04-11 18:57:53.0;
30;94590;2019-04-11 18:57:56.0;
30;94615;2019-04-11 18:57:58.0;
30;94590;2019-04-11 18:58:00.0;
30;94580;2019-04-11 18:58:31.0;
30;94590;2019-04-11 18:58:33.0;
30;94580;2019-04-11 18:58:34.0;
30;94590;2019-04-11 18:58:36.0;
30;94580;2019-04-11 18:58:37.0;
30;94590;2019-04-11 18:58:39.0;
30;94580;2019-04-11 18:58:40.0;
30;94590;2019-04-11 18:58:44.0;
30;94620;2019-04-11 18:58:51.0;
30;94580;2019-04-11 18:58:56.0;
30;94620;2019-04-11 18:58:57.0;
30;94610;2019-04-11 18:59:02.0;
30;94620;2019-04-11 18:59:07.0;
30;94610;2019-04-11 18:59:09.0;
30;94620;2019-04-11 18:59:10.0;
30;94610;2019-04-11 18:59:13.0;
30;94620;2019-04-11 18:59:14.0;
30;94610;2019-04-11 18:59:16.0;
30;94620;2019-04-11 18:59:17.0;
30;94610;2019-04-11 18:59:20.0;
30;94620;2019-04-11 18:59:21.0;
30;94610;2019-04-11 18:59:23.0;
30;94590;2019-04-11 18:59:24.0;
30;94610;2019-04-11 18:59:26.0;
30;94590;2019-04-11 18:59:27.0;
30;94610;2019-04-11 18:59:29.0;
30;94590;2019-04-11 18:59:30.0;
30;94595;2019-04-11 18:59:40.0;
30;94590;2019-04-11 18:59:42.0;
30;94595;2019-04-11 18:59:43.0;
30;94590;2019-04-11 18:59:45.0;
30;94595;2019-04-11 18:59:46.0;
30;94590;2019-04-11 18:59:48.0;
30;94595;2019-04-11 18:59:50.0;
30;94590;2019-04-11 18:59:51.0;
30;94595;2019-04-11 18:59:54.0;
30;94590;2019-04-11 18:59:57.0;
30;94595;2019-04-11 19:00:00.0;
30;94590;2019-04-11 19:00:02.0;
30;94595;2019-04-11 19:00:04.0;
30;94590;2019-04-11 19:00:06.0;
30;94595;2019-04-11 19:00:09.0;
30;94600;2019-04-11 19:00:10.0;
30;94590;2019-04-11 19:00:15.0;
30;94600;2019-04-11 19:00:17.0;
30;94590;2019-04-11 19:00:18.0;
30;94600;2019-04-11 19:00:20.0;
30;94590;2019-04-11 19:00:21.0;
30;94600;2019-04-11 19:00:23.0;
30;94590;2019-04-11 19:00:24.0;
30;94600;2019-04-11 19:00:27.0;
30;94605;2019-04-11 19:00:30.0;
30;94590;2019-04-11 19:00:32.0;
30;94605;2019-04-11 19:00:33.0;
30;94600;2019-04-11 19:00:36.0;
30;94590;2019-04-11 19:00:38.0;
30;94605;2019-04-11 19:00:39.0;
30;94600;2019-04-11 19:00:41.0;
30;94605;2019-04-11 19:00:43.0;
30;94548;2019-04-11 19:00:44.0;
30;94605;2019-04-11 19:00:45.0;
30;94548;2019-04-11 19:00:47.0;
30;94605;2019-04-11 19:00:48.0;
30;94548;2019-04-11 19:00:50.0;
30;94590;2019-04-11 19:00:52.0;
30;94548;2019-04-11 19:00:55.0;
30;94550;2019-04-11 19:00:58.0;
30;94590;2019-04-11 19:01:00.0;
30;94550;2019-04-11 19:01:01.0;
30;94548;2019-04-11 19:01:02.0;
30;94550;2019-04-11 19:01:04.0;
30;94548;2019-04-11 19:01:07.0;
30;94550;2019-04-11 19:01:08.0;
30;94548;2019-04-11 19:01:11.0;
30;94550;2019-04-11 19:01:13.0;
30;94578;2019-04-11 19:01:17.0;
30;94550;2019-04-11 19:01:19.0;
30;94578;2019-04-11 19:01:26.0;
30;94550;2019-04-11 19:01:30.0;
30;94610;2019-04-11 19:01:34.0;
30;94578;2019-04-11 19:01:36.0;
30;94610;2019-04-11 19:01:37.0;
30;94578;2019-04-11 19:01:43.0;
30;94610;2019-04-11 19:01:45.0;
30;94605;2019-04-11 19:01:52.0;
30;94610;2019-04-11 19:01:53.0;
30;94605;2019-04-11 19:01:56.0;
30;94610;2019-04-11 19:01:59.0;
30;94605;2019-04-11 19:02:04.0;
30;94625;2019-04-11 19:02:06.0;
30;94610;2019-04-11 19:02:08.0;
30;94625;2019-04-11 19:02:09.0;
30;94620;2019-04-11 19:02:12.0;
30;94625;2019-04-11 19:02:13.0;
30;94620;2019-04-11 19:02:15.0;
30;94605;2019-04-11 19:02:19.0;
30;94625;2019-04-11 19:02:22.0;
30;94630;2019-04-11 19:02:23.0;
30;94620;2019-04-11 19:02:26.0;
30;94630;2019-04-11 19:02:29.0;
30;94620;2019-04-11 19:02:30.0;
30;94630;2019-04-11 19:02:32.0;
30;94625;2019-04-11 19:02:35.0;
30;94630;2019-04-11 19:02:38.0;
30;94620;2019-04-11 19:02:40.0;
30;94630;2019-04-11 19:02:41.0;
30;94640;2019-04-11 19:02:43.0;
30;94630;2019-04-11 19:02:44.0;
30;94640;2019-04-11 19:02:46.0;
30;94650;2019-04-11 19:02:47.0;
30;94630;2019-04-11 19:02:50.0;
30;94640;2019-04-11 19:02:53.0;
30;94650;2019-04-11 19:02:55.0;
30;94640;2019-04-11 19:02:59.0;
30;94650;2019-04-11 19:03:00.0;
30;94640;2019-04-11 19:03:05.0;
30;94650;2019-04-11 19:03:06.0;
30;94640;2019-04-11 19:03:08.0;
30;94650;2019-04-11 19:03:09.0;
30;94640;2019-04-11 19:03:11.0;
30;94650;2019-04-11 19:03:15.0;
30;94640;2019-04-11 19:03:16.0;
30;94650;2019-04-11 19:03:20.0;
30;94640;2019-04-11 19:03:22.0;
30;94690;2019-04-11 19:03:27.0;
30;94640;2019-04-11 19:03:29.0;
30;94690;2019-04-11 19:03:30.0;
30;94640;2019-04-11 19:03:33.0;
30;94670;2019-04-11 19:03:40.0;
30;94640;2019-04-11 19:03:42.0;
30;94690;2019-04-11 19:03:46.0;
30;94640;2019-04-11 19:03:47.0;
30;94670;2019-04-11 19:03:49.0;
30;94640;2019-04-11 19:03:51.0;
30;94690;2019-04-11 19:03:54.0;
30;94670;2019-04-11 19:03:56.0;
30;94690;2019-04-11 19:03:57.0;
30;94670;2019-04-11 19:03:58.0;
30;94660;2019-04-11 19:04:06.0;
30;94670;2019-04-11 19:04:09.0;
30;94660;2019-04-11 19:04:10.0;
30;94670;2019-04-11 19:04:13.0;
30;94660;2019-04-11 19:04:14.0;
30;94670;2019-04-11 19:04:16.0;
30;94660;2019-04-11 19:04:19.0;
30;94670;2019-04-11 19:04:20.0;
30;94660;2019-04-11 19:04:22.0;
30;94670;2019-04-11 19:04:24.0;
30;94660;2019-04-11 19:04:27.0;
30;94670;2019-04-11 19:04:28.0;
30;94660;2019-04-11 19:04:30.0;
30;94680;2019-04-11 19:04:37.0;
30;94660;2019-04-11 19:04:39.0;
30;94682;2019-04-11 19:04:42.0;
30;94680;2019-04-11 19:04:44.0;
30;94685;2019-04-11 19:04:46.0;
30;94680;2019-04-11 19:04:48.0;
30;94685;2019-04-11 19:04:50.0;
30;94680;2019-04-11 19:04:51.0;
30;94685;2019-04-11 19:04:53.0;
30;94680;2019-04-11 19:04:55.0;
30;94685;2019-04-11 19:04:58.0;
30;94682;2019-04-11 19:05:00.0;
30;94685;2019-04-11 19:05:01.0;
30;94680;2019-04-11 19:05:04.0;
30;94682;2019-04-11 19:05:05.0;
30;94685;2019-04-11 19:05:07.0;
30;94665;2019-04-11 19:05:09.0;
30;94682;2019-04-11 19:05:11.0;
30;94685;2019-04-11 19:05:13.0;
30;94670;2019-04-11 19:05:17.0;
30;94665;2019-04-11 19:05:20.0;
30;94670;2019-04-11 19:05:22.0;
30;94655;2019-04-11 19:05:26.0;
30;94670;2019-04-11 19:05:28.0;
30;94655;2019-04-11 19:05:30.0;
30;94670;2019-04-11 19:05:31.0;
30;94665;2019-04-11 19:05:33.0;
30;94670;2019-04-11 19:05:34.0;
30;94665;2019-04-11 19:05:36.0;
30;94670;2019-04-11 19:05:37.0;
30;94655;2019-04-11 19:05:40.0;
30;94670;2019-04-11 19:05:41.0;
30;94655;2019-04-11 19:05:43.0;
30;94665;2019-04-11 19:05:44.0;
30;94655;2019-04-11 19:05:51.0;
30;94665;2019-04-11 19:05:55.0;
30;94675;2019-04-11 19:06:24.0;
30;94665;2019-04-11 19:06:31.0;
30;94675;2019-04-11 19:06:32.0;
30;94665;2019-04-11 19:06:35.0;
30;94675;2019-04-11 19:06:36.0;
30;94665;2019-04-11 19:06:39.0;
30;94675;2019-04-11 19:06:41.0;
30;94665;2019-04-11 19:06:42.0;
30;94675;2019-04-11 19:06:44.0;
30;94665;2019-04-11 19:06:46.0;
30;94675;2019-04-11 19:06:48.0;
30;94665;2019-04-11 19:06:51.0;
30;94675;2019-04-11 19:06:52.0;
30;94665;2019-04-11 19:06:55.0;
30;94695;2019-04-11 19:06:59.0;
30;94705;2019-04-11 19:07:05.0;
30;94685;2019-04-11 19:07:08.0;
30;94705;2019-04-11 19:07:09.0;
30;94685;2019-04-11 19:07:10.0;
30;94695;2019-04-11 19:07:15.0;
30;94705;2019-04-11 19:07:18.0;
30;94695;2019-04-11 19:07:21.0;
30;94705;2019-04-11 19:07:23.0;
30;94685;2019-04-11 19:07:25.0;
30;94695;2019-04-11 19:07:26.0;
30;94685;2019-04-11 19:07:29.0;
30;94705;2019-04-11 19:07:30.0;
30;94685;2019-04-11 19:07:32.0;
30;94695;2019-04-11 19:07:33.0;
30;94685;2019-04-11 19:07:35.0;
30;94695;2019-04-11 19:07:39.0;
30;94705;2019-04-11 19:07:48.0;
30;94695;2019-04-11 19:07:50.0;
30;94705;2019-04-11 19:07:53.0;
30;94695;2019-04-11 19:08:01.0;
30;94705;2019-04-11 19:08:03.0;
30;94695;2019-04-11 19:08:04.0;
30;94705;2019-04-11 19:08:07.0;
30;94700;2019-04-11 19:08:13.0;
30;94705;2019-04-11 19:08:16.0;
30;94700;2019-04-11 19:08:19.0;
30;94705;2019-04-11 19:08:22.0;
30;94700;2019-04-11 19:08:23.0;
30;94705;2019-04-11 19:08:24.0;
30;94700;2019-04-11 19:08:27.0;
30;94675;2019-04-11 19:08:28.0;
30;94700;2019-04-11 19:08:31.0;
30;94675;2019-04-11 19:08:32.0;
30;94700;2019-04-11 19:08:40.0;
30;94675;2019-04-11 19:08:41.0;
30;94710;2019-04-11 19:08:55.0;
30;94675;2019-04-11 19:08:57.0;
30;94710;2019-04-11 19:08:59.0;
30;94675;2019-04-11 19:09:26.0;
30;94710;2019-04-11 19:09:31.0;
30;94675;2019-04-11 19:09:32.0;
30;94690;2019-04-11 19:09:33.0;
30;94675;2019-04-11 19:09:36.0;
30;94690;2019-04-11 19:09:39.0;
30;94675;2019-04-11 19:09:40.0;
30;94690;2019-04-11 19:09:42.0;
30;94675;2019-04-11 19:09:43.0;
30;94690;2019-04-11 19:09:45.0;
30;94675;2019-04-11 19:09:46.0;
30;94690;2019-04-11 19:09:49.0;
30;94675;2019-04-11 19:09:50.0;
30;94690;2019-04-11 19:09:52.0;
30;94675;2019-04-11 19:09:53.0;
30;94690;2019-04-11 19:09:54.0;
30;94675;2019-04-11 19:09:56.0;
30;94690;2019-04-11 19:09:57.0;
30;94685;2019-04-11 19:09:59.0;
30;94690;2019-04-11 19:10:01.0;
30;94685;2019-04-11 19:10:03.0;
30;94690;2019-04-11 19:10:04.0;
30;94695;2019-04-11 19:10:06.0;
30;94685;2019-04-11 19:10:07.0;
30;94695;2019-04-11 19:10:10.0;
30;94705;2019-04-11 19:10:15.0;
30;94685;2019-04-11 19:10:17.0;
30;94705;2019-04-11 19:10:18.0;
30;94695;2019-04-11 19:10:21.0;
30;94705;2019-04-11 19:10:24.0;
30;94685;2019-04-11 19:10:26.0;
30;94705;2019-04-11 19:10:27.0;
30;94685;2019-04-11 19:10:29.0;
30;94705;2019-04-11 19:10:31.0;
30;94695;2019-04-11 19:10:32.0;
30;94705;2019-04-11 19:10:34.0;
30;94695;2019-04-11 19:10:35.0;
30;94705;2019-04-11 19:10:39.0;
30;94695;2019-04-11 19:10:40.0;
30;94710;2019-04-11 19:10:47.0;
30;94695;2019-04-11 19:10:48.0;
30;94710;2019-04-11 19:10:50.0;
30;94695;2019-04-11 19:10:52.0;
30;94710;2019-04-11 19:10:53.0;
30;94695;2019-04-11 19:10:56.0;
30;94710;2019-04-11 19:10:57.0;
30;94695;2019-04-11 19:11:00.0;
30;94710;2019-04-11 19:11:01.0;
30;94695;2019-04-11 19:11:04.0;
30;94710;2019-04-11 19:11:05.0;
30;94695;2019-04-11 19:11:07.0;
30;94710;2019-04-11 19:11:08.0;
30;94695;2019-04-11 19:11:11.0;
30;94710;2019-04-11 19:11:15.0;
30;94695;2019-04-11 19:11:17.0;
30;94670;2019-04-11 19:11:18.0;
30;94695;2019-04-11 19:11:19.0;
30;94670;2019-04-11 19:11:21.0;
30;94695;2019-04-11 19:11:22.0;
30;94670;2019-04-11 19:11:23.0;
30;94695;2019-04-11 19:11:25.0;
30;94670;2019-04-11 19:11:36.0;
30;94695;2019-04-11 19:11:39.0;
30;94700;2019-04-11 19:11:42.0;
30;94670;2019-04-11 19:11:45.0;
30;94700;2019-04-11 19:11:48.0;
30;94705;2019-04-11 19:11:53.0;
30;94700;2019-04-11 19:11:55.0;
30;94705;2019-04-11 19:11:56.0;
30;94700;2019-04-11 19:11:57.0;
30;94705;2019-04-11 19:11:59.0;
30;94700;2019-04-11 19:12:00.0;
30;94705;2019-04-11 19:12:01.0;
30;94700;2019-04-11 19:12:08.0;
30;94705;2019-04-11 19:12:13.0;
30;94700;2019-04-11 19:12:15.0;
30;94705;2019-04-11 19:12:21.0;
30;94700;2019-04-11 19:12:23.0;
30;94720;2019-04-11 19:12:24.0;
30;94700;2019-04-11 19:12:28.0;
30;94720;2019-04-11 19:12:34.0;
30;94700;2019-04-11 19:12:36.0;
30;94720;2019-04-11 19:12:40.0;
30;94700;2019-04-11 19:12:42.0;
30;94720;2019-04-11 19:12:45.0;
30;94680;2019-04-11 19:12:47.0;
30;94720;2019-04-11 19:12:49.0;
30;94680;2019-04-11 19:12:51.0;
30;94720;2019-04-11 19:12:54.0;
30;94700;2019-04-11 19:12:55.0;
30;94680;2019-04-11 19:12:56.0;
30;94700;2019-04-11 19:13:03.0;
30;94680;2019-04-11 19:13:06.0;
30;94700;2019-04-11 19:13:08.0;
30;94680;2019-04-11 19:13:09.0;
30;94700;2019-04-11 19:13:11.0;
30;94680;2019-04-11 19:13:12.0;
30;94700;2019-04-11 19:13:13.0;
30;94690;2019-04-11 19:13:19.0;
30;94700;2019-04-11 19:13:22.0;
30;94690;2019-04-11 19:13:24.0;
30;94708;2019-04-11 19:13:25.0;
30;94690;2019-04-11 19:13:26.0;
30;94708;2019-04-11 19:13:28.0;
30;94690;2019-04-11 19:13:29.0;
30;94708;2019-04-11 19:13:32.0;
30;94690;2019-04-11 19:13:35.0;
30;94708;2019-04-11 19:13:36.0;
30;94690;2019-04-11 19:13:38.0;
30;94708;2019-04-11 19:13:41.0;
30;94690;2019-04-11 19:13:46.0;
30;94708;2019-04-11 19:13:48.0;
30;94705;2019-04-11 19:13:58.0;
30;94675;2019-04-11 19:14:24.0;
30;94705;2019-04-11 19:14:25.0;
30;94635;2019-04-11 19:14:31.0;
30;94675;2019-04-11 19:14:32.0;
30;94655;2019-04-11 19:14:34.0;
30;94635;2019-04-11 19:14:35.0;
30;94655;2019-04-11 19:14:37.0;
30;94675;2019-04-11 19:14:38.0;
30;94635;2019-04-11 19:14:39.0;
30;94655;2019-04-11 19:14:41.0;
30;94635;2019-04-11 19:14:42.0;
30;94675;2019-04-11 19:14:46.0;
30;94655;2019-04-11 19:14:48.0;
30;94675;2019-04-11 19:14:51.0;
30;94655;2019-04-11 19:14:52.0;
30;94620;2019-04-11 19:14:55.0;
30;94655;2019-04-11 19:14:56.0;
30;94635;2019-04-11 19:14:58.0;
30;94655;2019-04-11 19:15:00.0;
30;94635;2019-04-11 19:15:05.0;
30;94620;2019-04-11 19:15:10.0;
30;94635;2019-04-11 19:15:12.0;
30;94620;2019-04-11 19:15:13.0;
30;94635;2019-04-11 19:15:14.0;
30;94620;2019-04-11 19:15:16.0;
30;94635;2019-04-11 19:15:18.0;
30;94620;2019-04-11 19:15:21.0;
30;94635;2019-04-11 19:15:23.0;
30;94650;2019-04-11 19:15:28.0;
30;94635;2019-04-11 19:15:29.0;
30;94650;2019-04-11 19:15:32.0;
30;94635;2019-04-11 19:15:33.0;
30;94650;2019-04-11 19:15:36.0;
30;94670;2019-04-11 19:15:39.0;
30;94650;2019-04-11 19:15:43.0;
30;94670;2019-04-11 19:15:45.0;
30;94650;2019-04-11 19:15:49.0;
30;94670;2019-04-11 19:15:50.0;
30;94650;2019-04-11 19:15:52.0;
30;94670;2019-04-11 19:15:54.0;
30;94650;2019-04-11 19:15:57.0;
30;94670;2019-04-11 19:15:58.0;
30;94660;2019-04-11 19:16:01.0;
30;94670;2019-04-11 19:16:03.0;
30;94660;2019-04-11 19:16:09.0;
30;94645;2019-04-11 19:16:10.0;
30;94660;2019-04-11 19:16:15.0;
30;94645;2019-04-11 19:16:18.0;
30;94660;2019-04-11 19:16:22.0;
30;94645;2019-04-11 19:16:24.0;
30;94660;2019-04-11 19:16:25.0;
30;94645;2019-04-11 19:16:28.0;
30;94660;2019-04-11 19:16:30.0;
30;94645;2019-04-11 19:16:32.0;
30;94595;2019-04-11 19:16:35.0;
30;94582;2019-04-11 19:16:43.0;
30;94595;2019-04-11 19:16:55.0;
30;94582;2019-04-11 19:16:57.0;
30;94595;2019-04-11 19:17:04.0;
30;94582;2019-04-11 19:17:07.0;
30;94585;2019-04-11 19:17:11.0;
30;94582;2019-04-11 19:17:15.0;
30;94600;2019-04-11 19:17:17.0;
30;94585;2019-04-11 19:17:18.0;
30;94600;2019-04-11 19:17:21.0;
30;94585;2019-04-11 19:17:25.0;
30;94600;2019-04-11 19:17:26.0;
30;94610;2019-04-11 19:17:28.0;
30;94600;2019-04-11 19:17:29.0;
30;94585;2019-04-11 19:17:31.0;
30;94610;2019-04-11 19:17:32.0;
30;94600;2019-04-11 19:17:34.0;
30;94610;2019-04-11 19:17:35.0;
30;94585;2019-04-11 19:17:36.0;
30;94600;2019-04-11 19:17:38.0;
30;94585;2019-04-11 19:17:39.0;
30;94610;2019-04-11 19:17:40.0;
30;94600;2019-04-11 19:17:42.0;
30;94610;2019-04-11 19:17:43.0;
30;94595;2019-04-11 19:17:49.0;
30;94605;2019-04-11 19:17:53.0;
30;94610;2019-04-11 19:17:55.0;
30;94605;2019-04-11 19:17:56.0;
30;94595;2019-04-11 19:17:57.0;
30;94605;2019-04-11 19:18:00.0;
30;94595;2019-04-11 19:18:11.0;
30;94605;2019-04-11 19:18:12.0;
30;94612;2019-04-11 19:18:15.0;
30;94605;2019-04-11 19:18:16.0;
30;94612;2019-04-11 19:18:31.0;
30;94605;2019-04-11 19:18:34.0;
30;94612;2019-04-11 19:18:35.0;
30;94605;2019-04-11 19:18:38.0;
30;94600;2019-04-11 19:18:40.0;
30;94612;2019-04-11 19:18:42.0;
30;94595;2019-04-11 19:18:46.0;
30;94600;2019-04-11 19:18:47.0;
30;94595;2019-04-11 19:18:49.0;
30;94600;2019-04-11 19:18:55.0;
30;94595;2019-04-11 19:18:56.0;
30;94605;2019-04-11 19:18:58.0;
30;94610;2019-04-11 19:18:59.0;
30;94595;2019-04-11 19:19:00.0;
30;94600;2019-04-11 19:19:03.0;
30;94610;2019-04-11 19:19:08.0;
30;94620;2019-04-11 19:19:10.0;
30;94610;2019-04-11 19:19:11.0;
30;94595;2019-04-11 19:19:14.0;
30;94620;2019-04-11 19:19:15.0;
30;94610;2019-04-11 19:19:17.0;
30;94620;2019-04-11 19:19:18.0;
30;94610;2019-04-11 19:19:20.0;
30;94620;2019-04-11 19:19:21.0;
30;94595;2019-04-11 19:19:22.0;
30;94620;2019-04-11 19:19:24.0;
30;94595;2019-04-11 19:19:25.0;
30;94610;2019-04-11 19:19:27.0;
30;94585;2019-04-11 19:19:29.0;
30;94620;2019-04-11 19:19:32.0;
30;94585;2019-04-11 19:19:35.0;
30;94620;2019-04-11 19:19:38.0;
30;94595;2019-04-11 19:19:39.0;
30;94620;2019-04-11 19:19:40.0;
30;94575;2019-04-11 19:19:42.0;
30;94595;2019-04-11 19:19:43.0;
30;94575;2019-04-11 19:19:45.0;
30;94585;2019-04-11 19:19:46.0;
30;94595;2019-04-11 19:19:49.0;
30;94585;2019-04-11 19:19:52.0;
30;94575;2019-04-11 19:20:01.0;
30;94585;2019-04-11 19:20:03.0;
30;94570;2019-04-11 19:20:05.0;
30;94585;2019-04-11 19:20:07.0;
30;94570;2019-04-11 19:20:08.0;
30;94575;2019-04-11 19:20:10.0;
30;94570;2019-04-11 19:20:11.0;
30;94575;2019-04-11 19:20:13.0;
30;94585;2019-04-11 19:20:14.0;
30;94548;2019-04-11 19:20:17.0;
30;94570;2019-04-11 19:20:18.0;
30;94585;2019-04-11 19:20:20.0;
30;94548;2019-04-11 19:20:21.0;
30;94530;2019-04-11 19:20:29.0;
30;94570;2019-04-11 19:20:35.0;
30;94548;2019-04-11 19:20:37.0;
30;94530;2019-04-11 19:20:39.0;
30;94510;2019-04-11 19:20:40.0;
30;94530;2019-04-11 19:20:42.0;
30;94548;2019-04-11 19:20:44.0;
30;94510;2019-04-11 19:20:45.0;
30;94525;2019-04-11 19:20:49.0;
30;94530;2019-04-11 19:20:51.0;
30;94510;2019-04-11 19:20:52.0;
30;94530;2019-04-11 19:20:58.0;
30;94510;2019-04-11 19:21:00.0;
30;94525;2019-04-11 19:21:01.0;
30;94510;2019-04-11 19:21:06.0;
30;94525;2019-04-11 19:21:09.0;
30;94520;2019-04-11 19:21:13.0;
30;94525;2019-04-11 19:21:14.0;
30;94520;2019-04-11 19:21:16.0;
30;94525;2019-04-11 19:21:17.0;
30;94520;2019-04-11 19:21:29.0;
30;94525;2019-04-11 19:21:32.0;
30;94520;2019-04-11 19:21:34.0;
30;94525;2019-04-11 19:21:35.0;
30;94520;2019-04-11 19:21:38.0;
30;94525;2019-04-11 19:21:39.0;
30;94520;2019-04-11 19:21:41.0;
30;94525;2019-04-11 19:21:43.0;
30;94505;2019-04-11 19:21:45.0;
30;94525;2019-04-11 19:21:46.0;
30;94485;2019-04-11 19:21:51.0;
30;94505;2019-04-11 19:21:55.0;
30;94485;2019-04-11 19:21:58.0;
30;94525;2019-04-11 19:22:00.0;
30;94505;2019-04-11 19:22:02.0;
30;94455;2019-04-11 19:22:04.0;
30;94505;2019-04-11 19:22:07.0;
30;94455;2019-04-11 19:22:09.0;
30;94485;2019-04-11 19:22:10.0;
30;94505;2019-04-11 19:22:12.0;
30;94485;2019-04-11 19:22:14.0;
30;94455;2019-04-11 19:22:17.0;
30;94415;2019-04-11 19:22:18.0;
30;94455;2019-04-11 19:22:19.0;
30;94485;2019-04-11 19:22:21.0;
30;94420;2019-04-11 19:22:22.0;
30;94455;2019-04-11 19:22:24.0;
30;94415;2019-04-11 19:22:25.0;
30;94455;2019-04-11 19:22:28.0;
30;94420;2019-04-11 19:22:32.0;
30;94415;2019-04-11 19:22:34.0;
30;94420;2019-04-11 19:22:35.0;
30;94440;2019-04-11 19:22:37.0;
30;94415;2019-04-11 19:22:39.0;
30;94440;2019-04-11 19:22:42.0;
30;94420;2019-04-11 19:22:43.0;
30;94415;2019-04-11 19:22:45.0;
30;94440;2019-04-11 19:22:46.0;
30;94415;2019-04-11 19:22:48.0;
30;94440;2019-04-11 19:22:50.0;
30;94420;2019-04-11 19:22:52.0;
30;94455;2019-04-11 19:22:53.0;
30;94440;2019-04-11 19:22:56.0;
30;94455;2019-04-11 19:22:57.0;
30;94440;2019-04-11 19:23:01.0;
30;94455;2019-04-11 19:23:03.0;
30;94440;2019-04-11 19:23:04.0;
30;94455;2019-04-11 19:23:06.0;
30;94482;2019-04-11 19:23:07.0;
30;94455;2019-04-11 19:23:09.0;
30;94482;2019-04-11 19:23:13.0;
30;94455;2019-04-11 19:23:15.0;
30;94482;2019-04-11 19:23:20.0;
30;94455;2019-04-11 19:23:22.0;
30;94470;2019-04-11 19:23:25.0;
30;94482;2019-04-11 19:23:27.0;
30;94470;2019-04-11 19:23:28.0;
30;94482;2019-04-11 19:23:33.0;
30;94470;2019-04-11 19:23:36.0;
30;94490;2019-04-11 19:23:39.0;
30;94470;2019-04-11 19:23:40.0;
30;94490;2019-04-11 19:23:41.0;
30;94470;2019-04-11 19:23:44.0;
30;94490;2019-04-11 19:23:45.0;
30;94470;2019-04-11 19:23:48.0;
30;94490;2019-04-11 19:23:51.0;
30;94470;2019-04-11 19:23:53.0;
30;94490;2019-04-11 19:23:54.0;
30;94470;2019-04-11 19:23:56.0;
30;94485;2019-04-11 19:23:57.0;
30;94490;2019-04-11 19:24:07.0;
30;94485;2019-04-11 19:24:09.0;
30;94495;2019-04-11 19:24:12.0;
30;94485;2019-04-11 19:24:13.0;
30;94495;2019-04-11 19:24:16.0;
30;94485;2019-04-11 19:24:17.0;
30;94495;2019-04-11 19:24:22.0;
30;94485;2019-04-11 19:24:24.0;
30;94495;2019-04-11 19:24:27.0;
30;94485;2019-04-11 19:24:29.0;
30;94465;2019-04-11 19:24:32.0;
30;94455;2019-04-11 19:24:37.0;
30;94495;2019-04-11 19:24:40.0;
30;94455;2019-04-11 19:24:41.0;
30;94465;2019-04-11 19:24:44.0;
30;94455;2019-04-11 19:24:47.0;
30;94465;2019-04-11 19:24:50.0;
30;94455;2019-04-11 19:24:51.0;
30;94465;2019-04-11 19:24:56.0;
30;94435;2019-04-11 19:24:58.0;
30;94455;2019-04-11 19:25:00.0;
30;94435;2019-04-11 19:25:01.0;
30;94455;2019-04-11 19:25:05.0;
30;94435;2019-04-11 19:25:10.0;
30;94450;2019-04-11 19:25:16.0;
30;94435;2019-04-11 19:25:20.0;
30;94450;2019-04-11 19:25:21.0;
30;94435;2019-04-11 19:25:28.0;
30;94450;2019-04-11 19:25:31.0;
30;94460;2019-04-11 19:25:45.0;
30;94450;2019-04-11 19:25:48.0;
30;94460;2019-04-11 19:25:50.0;
30;94450;2019-04-11 19:25:52.0;
30;94460;2019-04-11 19:25:59.0;
30;94450;2019-04-11 19:26:00.0;
30;94460;2019-04-11 19:26:04.0;
30;94450;2019-04-11 19:26:07.0;
30;94452;2019-04-11 19:26:20.0;
30;94450;2019-04-11 19:26:21.0;
30;94455;2019-04-11 19:26:24.0;
30;94452;2019-04-11 19:26:25.0;
30;94455;2019-04-11 19:26:26.0;
30;94450;2019-04-11 19:26:28.0;
30;94455;2019-04-11 19:26:30.0;
30;94452;2019-04-11 19:26:31.0;
30;94450;2019-04-11 19:26:33.0;
30;94452;2019-04-11 19:26:34.0;
30;94455;2019-04-11 19:26:36.0;
30;94452;2019-04-11 19:26:37.0;
30;94455;2019-04-11 19:26:40.0;
30;94445;2019-04-11 19:26:42.0;
30;94452;2019-04-11 19:26:44.0;
30;94445;2019-04-11 19:26:46.0;
30;94452;2019-04-11 19:26:48.0;
30;94455;2019-04-11 19:26:50.0;
30;94445;2019-04-11 19:26:51.0;
30;94455;2019-04-11 19:26:53.0;
30;94475;2019-04-11 19:26:54.0;
30;94445;2019-04-11 19:26:56.0;
30;94475;2019-04-11 19:26:57.0;
30;94445;2019-04-11 19:26:58.0;
30;94475;2019-04-11 19:27:00.0;
30;94445;2019-04-11 19:27:01.0;
30;94475;2019-04-11 19:27:04.0;
30;94460;2019-04-11 19:27:06.0;
30;94445;2019-04-11 19:27:09.0;
30;94475;2019-04-11 19:27:14.0;
30;94490;2019-04-11 19:27:19.0;
30;94485;2019-04-11 19:27:26.0;
30;94490;2019-04-11 19:27:27.0;
30;94485;2019-04-11 19:27:33.0;
30;94490;2019-04-11 19:27:35.0;
30;94485;2019-04-11 19:27:37.0;
30;94490;2019-04-11 19:27:39.0;
30;94485;2019-04-11 19:27:46.0;
30;94490;2019-04-11 19:27:47.0;
30;94485;2019-04-11 19:27:49.0;
30;94490;2019-04-11 19:27:52.0;
30;94485;2019-04-11 19:27:53.0;
30;94495;2019-04-11 19:27:56.0;
30;94510;2019-04-11 19:28:08.0;
30;94495;2019-04-11 19:28:10.0;
30;94510;2019-04-11 19:28:17.0;
30;94495;2019-04-11 19:28:18.0;
30;94510;2019-04-11 19:28:21.0;
30;94495;2019-04-11 19:28:22.0;
30;94510;2019-04-11 19:28:25.0;
30;94515;2019-04-11 19:28:27.0;
30;94510;2019-04-11 19:28:30.0;
30;94515;2019-04-11 19:28:33.0;
30;94510;2019-04-11 19:28:36.0;
30;94515;2019-04-11 19:28:37.0;
30;94525;2019-04-11 19:28:39.0;
30;94515;2019-04-11 19:28:40.0;
30;94525;2019-04-11 19:28:45.0;
30;94515;2019-04-11 19:28:47.0;
30;94525;2019-04-11 19:28:48.0;
30;94515;2019-04-11 19:28:49.0;
30;94525;2019-04-11 19:28:55.0;
30;94515;2019-04-11 19:28:58.0;
30;94525;2019-04-11 19:29:07.0;
30;94495;2019-04-11 19:29:08.0;
30;94515;2019-04-11 19:29:11.0;
30;94495;2019-04-11 19:29:12.0;
30;94492;2019-04-11 19:29:32.0;
30;94495;2019-04-11 19:29:33.0;
30;94492;2019-04-11 19:29:40.0;
30;94500;2019-04-11 19:29:46.0;
30;94492;2019-04-11 19:29:47.0;
30;94480;2019-04-11 19:29:50.0;
30;94500;2019-04-11 19:29:52.0;
30;94492;2019-04-11 19:29:53.0;
30;94480;2019-04-11 19:29:54.0;
30;94500;2019-04-11 19:29:57.0;
30;94492;2019-04-11 19:29:58.0;
30;94500;2019-04-11 19:30:00.0;
30;94480;2019-04-11 19:30:01.0;
30;94500;2019-04-11 19:30:03.0;
30;94480;2019-04-11 19:30:04.0;
30;94485;2019-04-11 19:30:07.0;
30;94480;2019-04-11 19:30:09.0;
30;94500;2019-04-11 19:30:11.0;
30;94480;2019-04-11 19:30:15.0;
30;94500;2019-04-11 19:30:16.0;
30;94485;2019-04-11 19:30:17.0;
30;94480;2019-04-11 19:30:19.0;
30;94515;2019-04-11 19:30:20.0;
30;94485;2019-04-11 19:30:22.0;
30;94515;2019-04-11 19:30:24.0;
30;94485;2019-04-11 19:30:26.0;
30;94515;2019-04-11 19:30:28.0;
30;94475;2019-04-11 19:30:32.0;
30;94485;2019-04-11 19:30:33.0;
30;94475;2019-04-11 19:30:35.0;
30;94485;2019-04-11 19:30:36.0;
30;94475;2019-04-11 19:30:38.0;
30;94515;2019-04-11 19:30:39.0;
30;94482;2019-04-11 19:30:41.0;
30;94475;2019-04-11 19:30:42.0;
30;94515;2019-04-11 19:30:44.0;
30;94475;2019-04-11 19:30:45.0;
30;94515;2019-04-11 19:30:46.0;
30;94482;2019-04-11 19:30:48.0;
30;94465;2019-04-11 19:30:51.0;
30;94475;2019-04-11 19:30:52.0;
30;94465;2019-04-11 19:30:54.0;
30;94475;2019-04-11 19:30:55.0;
30;94482;2019-04-11 19:30:56.0;
30;94475;2019-04-11 19:30:58.0;
30;94465;2019-04-11 19:31:02.0;
30;94470;2019-04-11 19:31:04.0;
30;94465;2019-04-11 19:31:05.0;
30;94470;2019-04-11 19:31:07.0;
30;94482;2019-04-11 19:31:10.0;
30;94465;2019-04-11 19:31:12.0;
30;94470;2019-04-11 19:31:15.0;
30;94465;2019-04-11 19:31:17.0;
30;94470;2019-04-11 19:31:25.0;
30;94475;2019-04-11 19:31:28.0;
30;94470;2019-04-11 19:31:29.0;
30;94475;2019-04-11 19:31:32.0;
30;94465;2019-04-11 19:31:33.0;
30;94475;2019-04-11 19:31:38.0;
30;94470;2019-04-11 19:31:39.0;
30;94465;2019-04-11 19:31:41.0;
30;94475;2019-04-11 19:31:42.0;
30;94470;2019-04-11 19:31:43.0;
30;94475;2019-04-11 19:31:46.0;
30;94470;2019-04-11 19:31:49.0;
30;94475;2019-04-11 19:31:52.0;
30;94470;2019-04-11 19:31:55.0;
30;94475;2019-04-11 19:31:56.0;
30;94470;2019-04-11 19:31:58.0;
30;94495;2019-04-11 19:32:05.0;
30;94470;2019-04-11 19:32:07.0;
30;94495;2019-04-11 19:32:10.0;
30;94480;2019-04-11 19:32:12.0;
30;94470;2019-04-11 19:32:14.0;
30;94495;2019-04-11 19:32:16.0;
30;94480;2019-04-11 19:32:18.0;
30;94470;2019-04-11 19:32:21.0;
30;94495;2019-04-11 19:32:22.0;
30;94480;2019-04-11 19:32:24.0;
30;94470;2019-04-11 19:32:26.0;
30;94480;2019-04-11 19:32:28.0;
30;94470;2019-04-11 19:32:29.0;
30;94495;2019-04-11 19:32:31.0;
30;94470;2019-04-11 19:32:32.0;
30;94495;2019-04-11 19:32:33.0;
30;94470;2019-04-11 19:32:35.0;
30;94480;2019-04-11 19:32:36.0;
30;94470;2019-04-11 19:32:40.0;
30;94480;2019-04-11 19:32:42.0;
30;94470;2019-04-11 19:32:43.0;
30;94505;2019-04-11 19:32:45.0;
30;94470;2019-04-11 19:32:46.0;
30;94505;2019-04-11 19:32:48.0;
30;94480;2019-04-11 19:32:49.0;
30;94490;2019-04-11 19:32:52.0;
30;94480;2019-04-11 19:32:53.0;
30;94505;2019-04-11 19:32:56.0;
30;94490;2019-04-11 19:32:58.0;
30;94480;2019-04-11 19:33:05.0;
30;94505;2019-04-11 19:33:07.0;
30;94490;2019-04-11 19:33:09.0;
30;94505;2019-04-11 19:33:12.0;
30;94490;2019-04-11 19:33:13.0;
30;94505;2019-04-11 19:33:15.0;
30;94500;2019-04-11 19:33:21.0;
30;94505;2019-04-11 19:33:22.0;
30;94512;2019-04-11 19:33:24.0;
30;94500;2019-04-11 19:33:26.0;
30;94512;2019-04-11 19:33:28.0;
30;94505;2019-04-11 19:33:29.0;
30;94512;2019-04-11 19:33:32.0;
30;94505;2019-04-11 19:33:38.0;
30;94500;2019-04-11 19:33:41.0;
30;94512;2019-04-11 19:33:43.0;
30;94508;2019-04-11 19:33:45.0;
30;94500;2019-04-11 19:33:47.0;
30;94512;2019-04-11 19:33:48.0;
30;94500;2019-04-11 19:33:49.0;
30;94512;2019-04-11 19:33:51.0;
30;94508;2019-04-11 19:33:52.0;
30;94500;2019-04-11 19:33:53.0;
30;94508;2019-04-11 19:33:56.0;
30;94500;2019-04-11 19:33:58.0;
30;94508;2019-04-11 19:34:02.0;
30;94500;2019-04-11 19:34:03.0;
30;94508;2019-04-11 19:34:09.0;
30;94500;2019-04-11 19:34:13.0;
30;94508;2019-04-11 19:34:15.0;
30;94500;2019-04-11 19:34:16.0;
30;94490;2019-04-11 19:34:19.0;
30;94500;2019-04-11 19:34:24.0;
30;94490;2019-04-11 19:34:26.0;
30;94475;2019-04-11 19:34:27.0;
30;94465;2019-04-11 19:34:31.0;
30;94475;2019-04-11 19:34:32.0;
30;94465;2019-04-11 19:34:34.0;
30;94475;2019-04-11 19:34:37.0;
30;94465;2019-04-11 19:34:38.0;
30;94475;2019-04-11 19:34:44.0;
30;94490;2019-04-11 19:34:47.0;
30;94465;2019-04-11 19:34:49.0;
30;94475;2019-04-11 19:34:51.0;
30;94465;2019-04-11 19:34:52.0;
30;94500;2019-04-11 19:34:56.0;
30;94465;2019-04-11 19:34:58.0;
30;94500;2019-04-11 19:34:59.0;
30;94530;2019-04-11 19:35:07.0;
30;94500;2019-04-11 19:35:08.0;
30;94530;2019-04-11 19:35:15.0;
30;94500;2019-04-11 19:35:16.0;
30;94530;2019-04-11 19:35:19.0;
30;94500;2019-04-11 19:35:20.0;
30;94530;2019-04-11 19:35:23.0;
30;94500;2019-04-11 19:35:24.0;
30;94530;2019-04-11 19:35:28.0;
30;94540;2019-04-11 19:35:34.0;
30;94550;2019-04-11 19:35:38.0;
30;94540;2019-04-11 19:35:40.0;
30;94550;2019-04-11 19:35:48.0;
30;94540;2019-04-11 19:35:51.0;
30;94550;2019-04-11 19:35:52.0;
30;94540;2019-04-11 19:35:55.0;
30;94550;2019-04-11 19:36:03.0;
30;94580;2019-04-11 19:36:06.0;
30;94550;2019-04-11 19:36:07.0;
30;94580;2019-04-11 19:36:09.0;
30;94565;2019-04-11 19:36:37.0;
30;94580;2019-04-11 19:36:38.0;
30;94565;2019-04-11 19:36:41.0;
30;94575;2019-04-11 19:36:48.0;
30;94565;2019-04-11 19:36:50.0;
30;94575;2019-04-11 19:36:54.0;
30;94565;2019-04-11 19:36:55.0;
30;94575;2019-04-11 19:36:56.0;
30;94565;2019-04-11 19:36:58.0;
30;94575;2019-04-11 19:37:13.0;
30;94585;2019-04-11 19:37:15.0;
30;94575;2019-04-11 19:37:16.0;
30;94585;2019-04-11 19:37:19.0;
30;94562;2019-04-11 19:37:27.0;
30;94585;2019-04-11 19:37:29.0;
30;94562;2019-04-11 19:37:37.0;
30;94585;2019-04-11 19:37:38.0;
30;94545;2019-04-11 19:37:43.0;
30;94585;2019-04-11 19:37:44.0;
30;94545;2019-04-11 19:37:46.0;
30;94575;2019-04-11 19:37:48.0;
30;94562;2019-04-11 19:37:50.0;
30;94575;2019-04-11 19:37:51.0;
30;94562;2019-04-11 19:37:57.0;
30;94575;2019-04-11 19:37:58.0;
30;94545;2019-04-11 19:38:03.0;
30;94575;2019-04-11 19:38:04.0;
30;94530;2019-04-11 19:38:12.0;
30;94575;2019-04-11 19:38:13.0;
30;94530;2019-04-11 19:38:18.0;
30;94575;2019-04-11 19:38:21.0;
30;94530;2019-04-11 19:38:22.0;
30;94575;2019-04-11 19:38:24.0;
30;94530;2019-04-11 19:38:25.0;
30;94510;2019-04-11 19:38:27.0;
30;94515;2019-04-11 19:38:31.0;
30;94530;2019-04-11 19:38:32.0;
30;94515;2019-04-11 19:38:33.0;
30;94530;2019-04-11 19:38:35.0;
30;94515;2019-04-11 19:38:36.0;
30;94510;2019-04-11 19:38:39.0;
30;94530;2019-04-11 19:38:42.0;
30;94515;2019-04-11 19:38:46.0;
30;94510;2019-04-11 19:38:50.0;
30;94515;2019-04-11 19:38:52.0;
30;94530;2019-04-11 19:38:56.0;
30;94525;2019-04-11 19:38:58.0;
30;94515;2019-04-11 19:38:59.0;
30;94530;2019-04-11 19:39:01.0;
30;94525;2019-04-11 19:39:14.0;
30;94530;2019-04-11 19:39:15.0;
30;94525;2019-04-11 19:39:16.0;
30;94530;2019-04-11 19:39:21.0;
30;94525;2019-04-11 19:39:22.0;
30;94530;2019-04-11 19:39:25.0;
30;94525;2019-04-11 19:39:28.0;
30;94530;2019-04-11 19:39:29.0;
30;94550;2019-04-11 19:39:31.0;
30;94525;2019-04-11 19:39:41.0;
30;94550;2019-04-11 19:39:42.0;
30;94535;2019-04-11 19:39:46.0;
30;94550;2019-04-11 19:39:48.0;
30;94535;2019-04-11 19:39:49.0;
30;94550;2019-04-11 19:39:52.0;
30;94535;2019-04-11 19:39:58.0;
30;94550;2019-04-11 19:39:59.0;
30;94535;2019-04-11 19:40:01.0;
30;94540;2019-04-11 19:40:03.0;
30;94535;2019-04-11 19:40:05.0;
30;94540;2019-04-11 19:40:07.0;
30;94535;2019-04-11 19:40:09.0;
30;94540;2019-04-11 19:40:12.0;
30;94535;2019-04-11 19:40:13.0;
30;94540;2019-04-11 19:40:15.0;
30;94575;2019-04-11 19:40:19.0;
30;94540;2019-04-11 19:40:21.0;
30;94575;2019-04-11 19:40:29.0;
30;94540;2019-04-11 19:40:33.0;
30;94550;2019-04-11 19:40:35.0;
30;94575;2019-04-11 19:40:38.0;
30;94545;2019-04-11 19:40:39.0;
30;94575;2019-04-11 19:40:42.0;
30;94550;2019-04-11 19:40:44.0;
30;94545;2019-04-11 19:40:45.0;
30;94550;2019-04-11 19:40:46.0;
30;94545;2019-04-11 19:40:49.0;
30;94530;2019-04-11 19:40:50.0;
30;94550;2019-04-11 19:40:52.0;
30;94530;2019-04-11 19:40:54.0;
30;94550;2019-04-11 19:40:55.0;
30;94530;2019-04-11 19:40:57.0;
30;94550;2019-04-11 19:41:01.0;
30;94545;2019-04-11 19:41:02.0;
30;94550;2019-04-11 19:41:04.0;
30;94545;2019-04-11 19:41:05.0;
30;94530;2019-04-11 19:41:08.0;
30;94510;2019-04-11 19:41:09.0;
30;94530;2019-04-11 19:41:12.0;
30;94510;2019-04-11 19:41:16.0;
30;94530;2019-04-11 19:41:20.0;
30;94510;2019-04-11 19:41:22.0;
30;94515;2019-04-11 19:41:26.0;
30;94510;2019-04-11 19:41:27.0;
30;94515;2019-04-11 19:41:33.0;
30;94510;2019-04-11 19:41:34.0;
30;94515;2019-04-11 19:41:36.0;
30;94510;2019-04-11 19:41:37.0;
30;94515;2019-04-11 19:41:40.0;
30;94510;2019-04-11 19:41:43.0;
30;94515;2019-04-11 19:41:44.0;
30;94505;2019-04-11 19:41:46.0;
30;94515;2019-04-11 19:41:47.0;
30;94505;2019-04-11 19:41:49.0;
30;94515;2019-04-11 19:41:52.0;
30;94505;2019-04-11 19:41:55.0;
30;94515;2019-04-11 19:42:19.0;
30;94505;2019-04-11 19:42:21.0;
30;94515;2019-04-11 19:42:25.0;
30;94505;2019-04-11 19:42:27.0;
30;94515;2019-04-11 19:42:29.0;
30;94505;2019-04-11 19:42:32.0;
30;94515;2019-04-11 19:42:33.0;
30;94505;2019-04-11 19:42:36.0;
30;94515;2019-04-11 19:42:37.0;
30;94505;2019-04-11 19:42:40.0;
30;94515;2019-04-11 19:42:41.0;
30;94505;2019-04-11 19:42:43.0;
30;94490;2019-04-11 19:42:51.0;
30;94505;2019-04-11 19:42:54.0;
30;94490;2019-04-11 19:42:57.0;
30;94505;2019-04-11 19:43:00.0;
30;94490;2019-04-11 19:43:01.0;
30;94465;2019-04-11 19:43:04.0;
30;94490;2019-04-11 19:43:05.0;
30;94465;2019-04-11 19:43:10.0;
30;94490;2019-04-11 19:43:11.0;
30;94465;2019-04-11 19:43:18.0;
30;94490;2019-04-11 19:43:19.0;
30;94465;2019-04-11 19:43:22.0;
30;94480;2019-04-11 19:43:24.0;
30;94465;2019-04-11 19:43:29.0;
30;94480;2019-04-11 19:43:31.0;
30;94500;2019-04-11 19:43:55.0;
30;94480;2019-04-11 19:43:56.0;
30;94500;2019-04-11 19:43:58.0;
30;94480;2019-04-11 19:44:01.0;
30;94500;2019-04-11 19:44:02.0;
30;94480;2019-04-11 19:44:04.0;
30;94500;2019-04-11 19:44:06.0;
30;94490;2019-04-11 19:44:11.0;
30;94500;2019-04-11 19:44:15.0;
30;94490;2019-04-11 19:44:23.0;
30;94500;2019-04-11 19:44:26.0;
30;94485;2019-04-11 19:44:30.0;
30;94490;2019-04-11 19:44:37.0;
30;94485;2019-04-11 19:44:41.0;
30;94480;2019-04-11 19:44:48.0;
30;94485;2019-04-11 19:44:51.0;
30;94480;2019-04-11 19:44:53.0;
30;94485;2019-04-11 19:44:54.0;
30;94480;2019-04-11 19:45:02.0;
30;94488;2019-04-11 19:45:23.0;
30;94480;2019-04-11 19:45:24.0;
30;94488;2019-04-11 19:45:31.0;
30;94480;2019-04-11 19:45:32.0;
30;94498;2019-04-11 19:45:36.0;
30;94488;2019-04-11 19:45:41.0;
30;94498;2019-04-11 19:45:43.0;
30;94488;2019-04-11 19:45:47.0;
30;94498;2019-04-11 19:45:48.0;
30;94495;2019-04-11 19:45:59.0;
30;94498;2019-04-11 19:46:01.0;
30;94495;2019-04-11 19:46:04.0;
30;94498;2019-04-11 19:46:05.0;
30;94475;2019-04-11 19:46:06.0;
30;94495;2019-04-11 19:46:08.0;
30;94475;2019-04-11 19:46:09.0;
30;94465;2019-04-11 19:46:11.0;
30;94475;2019-04-11 19:46:12.0;
30;94495;2019-04-11 19:46:14.0;
30;94465;2019-04-11 19:46:16.0;
30;94475;2019-04-11 19:46:19.0;
30;94465;2019-04-11 19:46:20.0;
30;94475;2019-04-11 19:46:22.0;
30;94495;2019-04-11 19:46:23.0;
30;94475;2019-04-11 19:46:24.0;
30;94465;2019-04-11 19:46:26.0;
30;94475;2019-04-11 19:46:27.0;
30;94495;2019-04-11 19:46:29.0;
30;94475;2019-04-11 19:46:30.0;
30;94490;2019-04-11 19:46:32.0;
30;94475;2019-04-11 19:46:33.0;
30;94465;2019-04-11 19:46:36.0;
30;94490;2019-04-11 19:46:37.0;
30;94475;2019-04-11 19:46:39.0;
30;94490;2019-04-11 19:46:40.0;
30;94475;2019-04-11 19:46:42.0;
30;94490;2019-04-11 19:46:43.0;
30;94475;2019-04-11 19:46:46.0;
30;94490;2019-04-11 19:46:50.0;
30;94475;2019-04-11 19:46:52.0;
30;94490;2019-04-11 19:46:53.0;
30;94475;2019-04-11 19:46:57.0;
30;94490;2019-04-11 19:46:59.0;
30;94475;2019-04-11 19:47:02.0;
30;94495;2019-04-11 19:47:03.0;
30;94475;2019-04-11 19:47:06.0;
30;94495;2019-04-11 19:47:07.0;
30;94475;2019-04-11 19:47:09.0;
30;94495;2019-04-11 19:47:10.0;
30;94475;2019-04-11 19:47:12.0;
30;94515;2019-04-11 19:47:13.0;
30;94495;2019-04-11 19:47:23.0;
30;94515;2019-04-11 19:47:24.0;
30;94495;2019-04-11 19:47:26.0;
30;94515;2019-04-11 19:47:29.0;
30;94495;2019-04-11 19:47:30.0;
30;94515;2019-04-11 19:47:33.0;
30;94502;2019-04-11 19:47:35.0;
30;94515;2019-04-11 19:47:36.0;
30;94502;2019-04-11 19:47:39.0;
30;94495;2019-04-11 19:47:40.0;
30;94502;2019-04-11 19:47:42.0;
30;94495;2019-04-11 19:47:44.0;
30;94502;2019-04-11 19:47:46.0;
30;94495;2019-04-11 19:47:50.0;
30;94502;2019-04-11 19:47:53.0;
30;94495;2019-04-11 19:47:59.0;
30;94502;2019-04-11 19:48:00.0;
30;94510;2019-04-11 19:48:06.0;
30;94502;2019-04-11 19:48:10.0;
30;94510;2019-04-11 19:48:12.0;
30;94502;2019-04-11 19:48:16.0;
30;94510;2019-04-11 19:48:17.0;
30;94520;2019-04-11 19:48:18.0;
30;94510;2019-04-11 19:48:21.0;
30;94520;2019-04-11 19:48:32.0;
30;94510;2019-04-11 19:48:33.0;
30;94520;2019-04-11 19:48:36.0;
30;94510;2019-04-11 19:48:37.0;
30;94518;2019-04-11 19:48:38.0;
30;94520;2019-04-11 19:48:40.0;
30;94535;2019-04-11 19:48:41.0;
30;94518;2019-04-11 19:48:42.0;
30;94520;2019-04-11 19:48:44.0;
30;94535;2019-04-11 19:48:45.0;
30;94518;2019-04-11 19:48:46.0;
30;94535;2019-04-11 19:48:48.0;
30;94545;2019-04-11 19:48:50.0;
30;94535;2019-04-11 19:48:51.0;
30;94545;2019-04-11 19:48:54.0;
30;94518;2019-04-11 19:48:55.0;
30;94535;2019-04-11 19:48:56.0;
30;94518;2019-04-11 19:48:58.0;
30;94545;2019-04-11 19:48:59.0;
30;94535;2019-04-11 19:49:00.0;
30;94545;2019-04-11 19:49:01.0;
30;94535;2019-04-11 19:49:03.0;
30;94545;2019-04-11 19:49:04.0;
30;94535;2019-04-11 19:49:06.0;
30;94545;2019-04-11 19:49:08.0;
30;94550;2019-04-11 19:49:12.0;
30;94545;2019-04-11 19:49:14.0;
30;94550;2019-04-11 19:49:17.0;
30;94545;2019-04-11 19:49:18.0;
30;94550;2019-04-11 19:49:20.0;
30;94535;2019-04-11 19:49:26.0;
30;94550;2019-04-11 19:49:28.0;
30;94535;2019-04-11 19:49:30.0;
30;94550;2019-04-11 19:49:33.0;
30;94535;2019-04-11 19:49:37.0;
30;94550;2019-04-11 19:49:40.0;
30;94535;2019-04-11 19:49:41.0;
30;94550;2019-04-11 19:49:43.0;
30;94520;2019-04-11 19:49:44.0;
30;94535;2019-04-11 19:49:46.0;
30;94520;2019-04-11 19:49:47.0;
30;94535;2019-04-11 19:49:50.0;
30;94520;2019-04-11 19:49:53.0;
30;94535;2019-04-11 19:49:54.0;
30;94520;2019-04-11 19:49:56.0;
30;94500;2019-04-11 19:50:18.0;
30;94510;2019-04-11 19:50:19.0;
30;94520;2019-04-11 19:50:21.0;
30;94510;2019-04-11 19:50:22.0;
30;94500;2019-04-11 19:50:24.0;
30;94510;2019-04-11 19:50:28.0;
30;94535;2019-04-11 19:50:29.0;
30;94500;2019-04-11 19:50:32.0;
30;94510;2019-04-11 19:50:33.0;
30;94500;2019-04-11 19:50:35.0;
30;94535;2019-04-11 19:50:36.0;
30;94500;2019-04-11 19:50:38.0;
30;94535;2019-04-11 19:50:40.0;
30;94510;2019-04-11 19:50:44.0;
30;94535;2019-04-11 19:50:45.0;
30;94510;2019-04-11 19:50:46.0;
30;94500;2019-04-11 19:50:50.0;
30;94535;2019-04-11 19:50:52.0;
30;94500;2019-04-11 19:50:55.0;
30;94535;2019-04-11 19:51:18.0;
30;94500;2019-04-11 19:51:20.0;
30;94525;2019-04-11 19:51:23.0;
30;94535;2019-04-11 19:51:24.0;
30;94525;2019-04-11 19:51:26.0;
30;94535;2019-04-11 19:51:34.0;
30;94525;2019-04-11 19:51:37.0;
30;94535;2019-04-11 19:51:38.0;
30;94525;2019-04-11 19:51:40.0;
30;94535;2019-04-11 19:51:43.0;
30;94525;2019-04-11 19:51:44.0;
30;94535;2019-04-11 19:51:46.0;
30;94525;2019-04-11 19:51:49.0;
30;94495;2019-04-11 19:51:50.0;
30;94525;2019-04-11 19:51:53.0;
30;94495;2019-04-11 19:51:54.0;
30;94475;2019-04-11 19:52:20.0;
30;94495;2019-04-11 19:52:22.0;
30;94475;2019-04-11 19:52:24.0;
30;94465;2019-04-11 19:52:25.0;
30;94475;2019-04-11 19:52:27.0;
30;94465;2019-04-11 19:52:28.0;
30;94475;2019-04-11 19:52:32.0;
30;94465;2019-04-11 19:52:34.0;
30;94470;2019-04-11 19:52:36.0;
30;94475;2019-04-11 19:52:37.0;
30;94470;2019-04-11 19:52:39.0;
30;94475;2019-04-11 19:52:40.0;
30;94465;2019-04-11 19:52:43.0;
30;94470;2019-04-11 19:52:44.0;
30;94465;2019-04-11 19:52:47.0;
30;94470;2019-04-11 19:52:48.0;
30;94475;2019-04-11 19:52:50.0;
30;94465;2019-04-11 19:52:51.0;
30;94470;2019-04-11 19:52:56.0;
30;94465;2019-04-11 19:52:58.0;
30;94480;2019-04-11 19:52:59.0;
30;94465;2019-04-11 19:53:01.0;
30;94480;2019-04-11 19:53:02.0;
30;94465;2019-04-11 19:53:03.0;
30;94470;2019-04-11 19:53:05.0;
30;94465;2019-04-11 19:53:06.0;
30;94470;2019-04-11 19:53:08.0;
30;94465;2019-04-11 19:53:09.0;
30;94470;2019-04-11 19:53:12.0;
30;94465;2019-04-11 19:53:13.0;
30;94480;2019-04-11 19:53:14.0;
30;94470;2019-04-11 19:53:17.0;
30;94465;2019-04-11 19:53:19.0;
30;94470;2019-04-11 19:53:20.0;
30;94480;2019-04-11 19:53:22.0;
30;94475;2019-04-11 19:53:23.0;
30;94480;2019-04-11 19:53:25.0;
30;94470;2019-04-11 19:53:26.0;
30;94475;2019-04-11 19:53:29.0;
30;94485;2019-04-11 19:53:30.0;
30;94475;2019-04-11 19:53:32.0;
30;94485;2019-04-11 19:53:33.0;
30;94470;2019-04-11 19:53:35.0;
30;94485;2019-04-11 19:53:36.0;
30;94470;2019-04-11 19:53:37.0;
30;94475;2019-04-11 19:53:39.0;
30;94485;2019-04-11 19:53:42.0;
30;94475;2019-04-11 19:53:44.0;
30;94490;2019-04-11 19:53:46.0;
30;94475;2019-04-11 19:53:47.0;
30;94485;2019-04-11 19:53:48.0;
30;94490;2019-04-11 19:53:53.0;
30;94475;2019-04-11 19:53:54.0;
30;94485;2019-04-11 19:53:56.0;
30;94475;2019-04-11 19:53:58.0;
30;94490;2019-04-11 19:54:05.0;
30;94475;2019-04-11 19:54:06.0;
30;94490;2019-04-11 19:54:08.0;
30;94475;2019-04-11 19:54:10.0;
30;94485;2019-04-11 19:54:18.0;
30;94475;2019-04-11 19:54:20.0;
30;94485;2019-04-11 19:54:25.0;
30;94475;2019-04-11 19:54:28.0;
30;94480;2019-04-11 19:54:30.0;
30;94485;2019-04-11 19:54:36.0;
30;94480;2019-04-11 19:54:38.0;
30;94485;2019-04-11 19:54:40.0;
30;94480;2019-04-11 19:54:41.0;
30;94485;2019-04-11 19:54:42.0;
30;94480;2019-04-11 19:54:44.0;
30;94442;2019-04-11 19:54:49.0;
30;94480;2019-04-11 19:54:51.0;
30;94442;2019-04-11 19:54:52.0;
30;94480;2019-04-11 19:54:55.0;
30;94442;2019-04-11 19:54:57.0;
30;94480;2019-04-11 19:54:59.0;
30;94442;2019-04-11 19:55:02.0;
30;94430;2019-04-11 19:55:03.0;
30;94442;2019-04-11 19:55:06.0;
30;94435;2019-04-11 19:55:11.0;
30;94442;2019-04-11 19:55:15.0;
30;94430;2019-04-11 19:55:17.0;
30;94435;2019-04-11 19:55:18.0;
30;94450;2019-04-11 19:55:23.0;
30;94430;2019-04-11 19:55:26.0;
30;94435;2019-04-11 19:55:29.0;
30;94450;2019-04-11 19:55:32.0;
30;94435;2019-04-11 19:55:39.0;
30;94450;2019-04-11 19:55:40.0;
30;94425;2019-04-11 19:55:43.0;
30;94450;2019-04-11 19:55:44.0;
30;94425;2019-04-11 19:55:50.0;
30;94422;2019-04-11 19:55:52.0;
30;94425;2019-04-11 19:55:53.0;
30;94422;2019-04-11 19:55:54.0;
30;94450;2019-04-11 19:55:56.0;
30;94422;2019-04-11 19:55:57.0;
30;94450;2019-04-11 19:56:00.0;
30;94425;2019-04-11 19:56:01.0;
30;94422;2019-04-11 19:56:03.0;
30;94420;2019-04-11 19:56:05.0;
30;94422;2019-04-11 19:56:07.0;
30;94420;2019-04-11 19:56:08.0;
30;94425;2019-04-11 19:56:11.0;
30;94420;2019-04-11 19:56:13.0;
30;94422;2019-04-11 19:56:21.0;
30;94420;2019-04-11 19:56:22.0;
30;94430;2019-04-11 19:56:27.0;
30;94420;2019-04-11 19:56:28.0;
30;94430;2019-04-11 19:56:29.0;
30;94420;2019-04-11 19:56:32.0;
30;94430;2019-04-11 19:56:34.0;
30;94420;2019-04-11 19:56:35.0;
30;94430;2019-04-11 19:56:40.0;
30;94435;2019-04-11 19:56:42.0;
30;94420;2019-04-11 19:56:44.0;
30;94435;2019-04-11 19:56:45.0;
30;94420;2019-04-11 19:56:47.0;
30;94435;2019-04-11 19:56:48.0;
30;94430;2019-04-11 19:56:50.0;
30;94440;2019-04-11 19:56:55.0;
30;94435;2019-04-11 19:56:58.0;
30;94440;2019-04-11 19:57:02.0;
30;94460;2019-04-11 19:57:04.0;
30;94435;2019-04-11 19:57:06.0;
30;94440;2019-04-11 19:57:08.0;
30;94460;2019-04-11 19:57:11.0;
30;94440;2019-04-11 19:57:17.0;
30;94460;2019-04-11 19:57:18.0;
30;94440;2019-04-11 19:57:19.0;
30;94460;2019-04-11 19:57:21.0;
30;94440;2019-04-11 19:57:23.0;
30;94460;2019-04-11 19:57:24.0;
30;94435;2019-04-11 19:57:26.0;
30;94460;2019-04-11 19:57:27.0;
30;94435;2019-04-11 19:57:35.0;
30;94432;2019-04-11 19:57:37.0;
30;94440;2019-04-11 19:57:39.0;
30;94432;2019-04-11 19:57:41.0;
30;94440;2019-04-11 19:57:44.0;
30;94435;2019-04-11 19:57:45.0;
30;94440;2019-04-11 19:57:50.0;
30;94432;2019-04-11 19:57:53.0;
30;94440;2019-04-11 19:57:55.0;
30;94432;2019-04-11 19:58:04.0;
30;94440;2019-04-11 19:58:06.0;
30;94455;2019-04-11 19:58:11.0;
30;94440;2019-04-11 19:58:12.0;
30;94455;2019-04-11 19:58:14.0;
30;94440;2019-04-11 19:58:15.0;
30;94455;2019-04-11 19:58:17.0;
30;94440;2019-04-11 19:58:18.0;
30;94455;2019-04-11 19:58:31.0;
30;94440;2019-04-11 19:58:35.0;
30;94470;2019-04-11 19:58:40.0;
30;94475;2019-04-11 19:58:49.0;
30;94470;2019-04-11 19:58:52.0;
30;94475;2019-04-11 19:58:57.0;
30;94470;2019-04-11 19:59:00.0;
30;94475;2019-04-11 19:59:11.0;
30;94480;2019-04-11 19:59:12.0;
30;94475;2019-04-11 19:59:14.0;
30;94465;2019-04-11 19:59:15.0;
30;94480;2019-04-11 19:59:17.0;
30;94465;2019-04-11 19:59:18.0;
30;94480;2019-04-11 19:59:29.0;
30;94465;2019-04-11 19:59:32.0;
30;94480;2019-04-11 19:59:38.0;
30;94465;2019-04-11 19:59:40.0;
30;94495;2019-04-11 19:59:48.0;
30;94500;2019-04-11 20:00:22.0;
30;94480;2019-04-11 20:00:25.0;
30;94500;2019-04-11 20:00:27.0;
30;94470;2019-04-11 20:00:28.0;
30;94500;2019-04-11 20:00:30.0;
30;94480;2019-04-11 20:00:31.0;
30;94470;2019-04-11 20:00:34.0;
30;94500;2019-04-11 20:00:36.0;
30;94480;2019-04-11 20:00:37.0;
30;94470;2019-04-11 20:00:38.0;
30;94480;2019-04-11 20:00:40.0;
30;94470;2019-04-11 20:00:41.0;
30;94480;2019-04-11 20:00:43.0;
30;94500;2019-04-11 20:00:44.0;
30;94470;2019-04-11 20:00:47.0;
30;94500;2019-04-11 20:00:49.0;
30;94480;2019-04-11 20:00:50.0;
30;94500;2019-04-11 20:00:53.0;
30;94470;2019-04-11 20:00:54.0;
30;94450;2019-04-11 20:00:56.0;
30;94470;2019-04-11 20:00:58.0;
30;94450;2019-04-11 20:01:00.0;
30;94440;2019-04-11 20:01:06.0;
30;94450;2019-04-11 20:01:08.0;
30;94440;2019-04-11 20:01:13.0;
30;94450;2019-04-11 20:01:14.0;
30;94440;2019-04-11 20:01:19.0;
30;94450;2019-04-11 20:01:20.0;
30;94440;2019-04-11 20:01:22.0;
30;94450;2019-04-11 20:01:24.0;
30;94440;2019-04-11 20:01:26.0;
30;94455;2019-04-11 20:01:27.0;
30;94440;2019-04-11 20:01:34.0;
30;94455;2019-04-11 20:01:36.0;
30;94460;2019-04-11 20:01:39.0;
30;94455;2019-04-11 20:01:40.0;
30;94460;2019-04-11 20:01:54.0;
30;94455;2019-04-11 20:01:57.0;
30;94445;2019-04-11 20:02:00.0;
30;94460;2019-04-11 20:02:01.0;
30;94445;2019-04-11 20:02:02.0;
30;94460;2019-04-11 20:02:07.0;
30;94445;2019-04-11 20:02:08.0;
30;94465;2019-04-11 20:02:12.0;
30;94445;2019-04-11 20:02:15.0;
30;94465;2019-04-11 20:02:16.0;
30;94445;2019-04-11 20:02:18.0;
30;94465;2019-04-11 20:02:29.0;
30;94480;2019-04-11 20:02:31.0;
30;94445;2019-04-11 20:02:32.0;
30;94480;2019-04-11 20:02:34.0;
30;94465;2019-04-11 20:02:35.0;
30;94480;2019-04-11 20:02:38.0;
30;94495;2019-04-11 20:03:10.0;
30;94480;2019-04-11 20:03:12.0;
30;94495;2019-04-11 20:03:13.0;
30;94480;2019-04-11 20:03:14.0;
30;94495;2019-04-11 20:03:16.0;
30;94480;2019-04-11 20:03:17.0;
30;94495;2019-04-11 20:03:19.0;
30;94480;2019-04-11 20:03:23.0;
30;94495;2019-04-11 20:03:24.0;
30;94480;2019-04-11 20:03:32.0;
30;94495;2019-04-11 20:03:34.0;
30;94480;2019-04-11 20:03:37.0;
30;94485;2019-04-11 20:03:38.0;
30;94495;2019-04-11 20:03:39.0;
30;94485;2019-04-11 20:03:41.0;
30;94495;2019-04-11 20:03:44.0;
30;94480;2019-04-11 20:03:45.0;
30;94485;2019-04-11 20:03:48.0;
30;94495;2019-04-11 20:03:55.0;
30;94485;2019-04-11 20:03:58.0;
30;94495;2019-04-11 20:04:00.0;
30;94485;2019-04-11 20:04:01.0;
30;94495;2019-04-11 20:04:03.0;
30;94485;2019-04-11 20:04:04.0;
30;94495;2019-04-11 20:04:07.0;
30;94485;2019-04-11 20:04:10.0;
30;94495;2019-04-11 20:04:13.0;
30;94485;2019-04-11 20:04:14.0;
30;94490;2019-04-11 20:04:16.0;
30;94485;2019-04-11 20:04:18.0;
30;94490;2019-04-11 20:04:24.0;
30;94485;2019-04-11 20:04:25.0;
30;94490;2019-04-11 20:04:27.0;
30;94485;2019-04-11 20:04:32.0;
30;94490;2019-04-11 20:04:34.0;
30;94485;2019-04-11 20:04:35.0;
30;94490;2019-04-11 20:04:38.0;
30;94485;2019-04-11 20:04:39.0;
30;94490;2019-04-11 20:04:43.0;
30;94450;2019-04-11 20:04:45.0;
30;94485;2019-04-11 20:04:48.0;
30;94450;2019-04-11 20:04:50.0;
30;94460;2019-04-11 20:04:52.0;
30;94450;2019-04-11 20:04:58.0;
30;94460;2019-04-11 20:05:00.0;
30;94450;2019-04-11 20:05:01.0;
30;94460;2019-04-11 20:05:03.0;
30;94450;2019-04-11 20:05:08.0;
30;94460;2019-04-11 20:05:11.0;
30;94435;2019-04-11 20:05:23.0;
30;94450;2019-04-11 20:05:31.0;
30;94435;2019-04-11 20:05:32.0;
30;94450;2019-04-11 20:05:39.0;
30;94435;2019-04-11 20:05:44.0;
30;94450;2019-04-11 20:05:47.0;
30;94435;2019-04-11 20:05:48.0;
30;94485;2019-04-11 20:05:50.0;
30;94435;2019-04-11 20:05:51.0;
30;94485;2019-04-11 20:05:53.0;
30;94490;2019-04-11 20:06:32.0;
30;94485;2019-04-11 20:06:33.0;
30;94490;2019-04-11 20:06:36.0;
30;94485;2019-04-11 20:06:37.0;
30;94490;2019-04-11 20:06:45.0;
30;94485;2019-04-11 20:06:48.0;
30;94490;2019-04-11 20:06:50.0;
30;94485;2019-04-11 20:06:52.0;
30;94460;2019-04-11 20:06:53.0;
30;94490;2019-04-11 20:06:54.0;
30;94460;2019-04-11 20:06:57.0;
30;94458;2019-04-11 20:06:58.0;
30;94460;2019-04-11 20:07:00.0;
30;94458;2019-04-11 20:07:02.0;
30;94465;2019-04-11 20:07:05.0;
30;94460;2019-04-11 20:07:08.0;
30;94465;2019-04-11 20:07:09.0;
30;94458;2019-04-11 20:07:11.0;
30;94465;2019-04-11 20:07:12.0;
30;94458;2019-04-11 20:07:13.0;
30;94465;2019-04-11 20:07:15.0;
30;94458;2019-04-11 20:07:16.0;
30;94460;2019-04-11 20:07:19.0;
30;94465;2019-04-11 20:07:20.0;
30;94458;2019-04-11 20:07:22.0;
30;94460;2019-04-11 20:07:23.0;
30;94465;2019-04-11 20:07:25.0;
30;94500;2019-04-11 20:07:26.0;
30;94458;2019-04-11 20:07:28.0;
30;94505;2019-04-11 20:07:29.0;
30;94500;2019-04-11 20:07:31.0;
30;94505;2019-04-11 20:07:33.0;
30;94500;2019-04-11 20:07:36.0;
30;94505;2019-04-11 20:07:39.0;
30;94525;2019-04-11 20:07:40.0;
30;94505;2019-04-11 20:07:42.0;
30;94500;2019-04-11 20:07:43.0;
30;94525;2019-04-11 20:07:45.0;
30;94500;2019-04-11 20:07:46.0;
30;94525;2019-04-11 20:07:49.0;
30;94500;2019-04-11 20:07:53.0;
30;94525;2019-04-11 20:07:56.0;
30;94520;2019-04-11 20:08:00.0;
30;94525;2019-04-11 20:08:03.0;
30;94500;2019-04-11 20:08:08.0;
30;94520;2019-04-11 20:08:20.0;
30;94500;2019-04-11 20:08:22.0;
30;94520;2019-04-11 20:08:23.0;
30;94500;2019-04-11 20:08:25.0;
30;94505;2019-04-11 20:08:36.0;
30;94500;2019-04-11 20:08:39.0;
30;94505;2019-04-11 20:08:46.0;
30;94500;2019-04-11 20:08:47.0;
30;94505;2019-04-11 20:08:52.0;
30;94500;2019-04-11 20:08:53.0;
30;94515;2019-04-11 20:09:06.0;
30;94520;2019-04-11 20:09:14.0;
30;94515;2019-04-11 20:09:22.0;
30;94520;2019-04-11 20:09:24.0;
30;94515;2019-04-11 20:09:26.0;
30;94520;2019-04-11 20:09:28.0;
30;94515;2019-04-11 20:09:37.0;
30;94520;2019-04-11 20:09:39.0;
30;94515;2019-04-11 20:09:40.0;
30;94512;2019-04-11 20:09:46.0;
30;94510;2019-04-11 20:09:47.0;
30;94515;2019-04-11 20:09:49.0;
30;94510;2019-04-11 20:09:53.0;
30;94515;2019-04-11 20:09:54.0;
30;94510;2019-04-11 20:09:56.0;
30;94512;2019-04-11 20:09:58.0;
30;94515;2019-04-11 20:10:03.0;
30;94510;2019-04-11 20:10:04.0;
30;94512;2019-04-11 20:10:05.0;
30;94515;2019-04-11 20:10:07.0;
30;94510;2019-04-11 20:10:08.0;
30;94512;2019-04-11 20:10:09.0;
30;94515;2019-04-11 20:10:17.0;
30;94490;2019-04-11 20:10:21.0;
30;94500;2019-04-11 20:10:24.0;
30;94490;2019-04-11 20:10:28.0;
30;94515;2019-04-11 20:10:29.0;
30;94500;2019-04-11 20:10:32.0;
30;94490;2019-04-11 20:10:33.0;
30;94500;2019-04-11 20:10:36.0;
30;94490;2019-04-11 20:10:37.0;
30;94515;2019-04-11 20:10:39.0;
30;94490;2019-04-11 20:10:40.0;
30;94515;2019-04-11 20:10:43.0;
30;94490;2019-04-11 20:10:46.0;
30;94510;2019-04-11 20:10:48.0;
30;94500;2019-04-11 20:10:49.0;
30;94510;2019-04-11 20:10:51.0;
30;94500;2019-04-11 20:10:52.0;
30;94510;2019-04-11 20:10:54.0;
30;94505;2019-04-11 20:10:56.0;
30;94510;2019-04-11 20:10:57.0;
30;94505;2019-04-11 20:10:59.0;
30;94510;2019-04-11 20:11:01.0;
30;94505;2019-04-11 20:11:03.0;
30;94510;2019-04-11 20:11:05.0;
30;94505;2019-04-11 20:11:08.0;
30;94510;2019-04-11 20:11:11.0;
30;94505;2019-04-11 20:11:13.0;
30;94510;2019-04-11 20:11:16.0;
30;94515;2019-04-11 20:11:22.0;
30;94505;2019-04-11 20:11:23.0;
30;94525;2019-04-11 20:11:26.0;
30;94515;2019-04-11 20:11:28.0;
30;94525;2019-04-11 20:11:29.0;
30;94515;2019-04-11 20:11:31.0;
30;94525;2019-04-11 20:11:32.0;
30;94515;2019-04-11 20:11:35.0;
30;94525;2019-04-11 20:11:36.0;
30;94515;2019-04-11 20:11:40.0;
30;94525;2019-04-11 20:11:42.0;
30;94515;2019-04-11 20:11:45.0;
30;94525;2019-04-11 20:11:47.0;
30;94515;2019-04-11 20:11:48.0;
30;94525;2019-04-11 20:11:52.0;
30;94530;2019-04-11 20:11:57.0;
30;94560;2019-04-11 20:12:28.0;
30;94530;2019-04-11 20:12:30.0;
30;94560;2019-04-11 20:12:33.0;
30;94555;2019-04-11 20:12:34.0;
30;94560;2019-04-11 20:12:36.0;
30;94555;2019-04-11 20:12:40.0;
30;94560;2019-04-11 20:12:56.0;
30;94555;2019-04-11 20:12:59.0;
30;94570;2019-04-11 20:13:02.0;
30;94560;2019-04-11 20:13:11.0;
30;94580;2019-04-11 20:13:15.0;
30;94560;2019-04-11 20:13:16.0;
30;94580;2019-04-11 20:13:18.0;
30;94560;2019-04-11 20:13:19.0;
30;94580;2019-04-11 20:13:22.0;
30;94570;2019-04-11 20:13:26.0;
30;94580;2019-04-11 20:13:28.0;
30;94560;2019-04-11 20:13:29.0;
30;94580;2019-04-11 20:13:30.0;
30;94560;2019-04-11 20:13:32.0;
30;94545;2019-04-11 20:13:33.0;
30;94560;2019-04-11 20:13:34.0;
30;94545;2019-04-11 20:13:36.0;
30;94580;2019-04-11 20:13:37.0;
30;94560;2019-04-11 20:13:40.0;
30;94545;2019-04-11 20:13:47.0;
30;94560;2019-04-11 20:13:54.0;
30;94545;2019-04-11 20:13:56.0;
30;94560;2019-04-11 20:13:58.0;
30;94545;2019-04-11 20:14:03.0;
30;94535;2019-04-11 20:14:04.0;
30;94560;2019-04-11 20:14:05.0;
30;94545;2019-04-11 20:14:07.0;
30;94560;2019-04-11 20:14:08.0;
30;94535;2019-04-11 20:14:10.0;
30;94560;2019-04-11 20:14:11.0;
30;94530;2019-04-11 20:14:12.0;
30;94545;2019-04-11 20:14:14.0;
30;94530;2019-04-11 20:14:16.0;
30;94535;2019-04-11 20:14:18.0;
30;94530;2019-04-11 20:14:19.0;
30;94535;2019-04-11 20:14:24.0;
30;94530;2019-04-11 20:14:28.0;
30;94535;2019-04-11 20:14:30.0;
30;94530;2019-04-11 20:14:32.0;
30;94535;2019-04-11 20:14:33.0;
30;94530;2019-04-11 20:14:36.0;
30;94535;2019-04-11 20:14:43.0;
30;94540;2019-04-11 20:14:54.0;
30;94535;2019-04-11 20:14:56.0;
30;94540;2019-04-11 20:14:58.0;
30;94535;2019-04-11 20:15:00.0;
30;94540;2019-04-11 20:15:02.0;
30;94535;2019-04-11 20:15:04.0;
30;94540;2019-04-11 20:15:07.0;
30;94535;2019-04-11 20:15:11.0;
30;94540;2019-04-11 20:15:14.0;
30;94515;2019-04-11 20:15:23.0;
30;94540;2019-04-11 20:15:27.0;
30;94515;2019-04-11 20:15:28.0;
30;94540;2019-04-11 20:15:30.0;
30;94515;2019-04-11 20:15:34.0;
30;94540;2019-04-11 20:15:39.0;
30;94515;2019-04-11 20:15:41.0;
30;94540;2019-04-11 20:15:44.0;
30;94515;2019-04-11 20:15:47.0;
30;94528;2019-04-11 20:16:03.0;
30;94515;2019-04-11 20:16:07.0;
30;94528;2019-04-11 20:16:13.0;
30;94515;2019-04-11 20:16:15.0;
30;94528;2019-04-11 20:16:19.0;
30;94515;2019-04-11 20:16:24.0;
30;94555;2019-04-11 20:16:26.0;
30;94515;2019-04-11 20:16:27.0;
30;94545;2019-04-11 20:16:30.0;
30;94528;2019-04-11 20:16:31.0;
30;94555;2019-04-11 20:16:34.0;
30;94545;2019-04-11 20:16:42.0;
30;94555;2019-04-11 20:16:49.0;
30;94545;2019-04-11 20:16:53.0;
30;94555;2019-04-11 20:16:56.0;
30;94535;2019-04-11 20:16:59.0;
30;94545;2019-04-11 20:17:00.0;
30;94535;2019-04-11 20:17:02.0;
30;94530;2019-04-11 20:17:05.0;
30;94535;2019-04-11 20:17:13.0;
30;94530;2019-04-11 20:17:16.0;
30;94535;2019-04-11 20:17:17.0;
30;94530;2019-04-11 20:17:20.0;
30;94555;2019-04-11 20:17:33.0;
30;94530;2019-04-11 20:17:36.0;
30;94555;2019-04-11 20:17:37.0;
30;94560;2019-04-11 20:17:43.0;
30;94555;2019-04-11 20:17:46.0;
30;94560;2019-04-11 20:17:49.0;
30;94555;2019-04-11 20:17:53.0;
30;94560;2019-04-11 20:17:56.0;
30;94555;2019-04-11 20:17:58.0;
30;94560;2019-04-11 20:18:00.0;
30;94555;2019-04-11 20:18:02.0;
30;94560;2019-04-11 20:18:03.0;
30;94555;2019-04-11 20:18:05.0;
30;94560;2019-04-11 20:18:13.0;
30;94555;2019-04-11 20:18:15.0;
30;94545;2019-04-11 20:18:19.0;
30;94555;2019-04-11 20:18:20.0;
30;94545;2019-04-11 20:18:21.0;
30;94555;2019-04-11 20:18:23.0;
30;94550;2019-04-11 20:18:25.0;
30;94545;2019-04-11 20:18:27.0;
30;94555;2019-04-11 20:18:31.0;
30;94550;2019-04-11 20:18:32.0;
30;94540;2019-04-11 20:18:34.0;
30;94550;2019-04-11 20:18:36.0;
30;94540;2019-04-11 20:18:40.0;
30;94545;2019-04-11 20:18:44.0;
30;94550;2019-04-11 20:18:46.0;
30;94540;2019-04-11 20:18:47.0;
30;94545;2019-04-11 20:18:49.0;
30;94550;2019-04-11 20:18:50.0;
30;94565;2019-04-11 20:18:53.0;
30;94540;2019-04-11 20:18:56.0;
30;94555;2019-04-11 20:19:00.0;
30;94540;2019-04-11 20:19:02.0;
30;94565;2019-04-11 20:19:04.0;
30;94555;2019-04-11 20:19:07.0;
30;94565;2019-04-11 20:19:09.0;
30;94555;2019-04-11 20:19:10.0;
30;94565;2019-04-11 20:19:11.0;
30;94555;2019-04-11 20:19:13.0;
30;94565;2019-04-11 20:19:14.0;
30;94555;2019-04-11 20:19:16.0;
30;94530;2019-04-11 20:19:25.0;
30;94555;2019-04-11 20:19:31.0;
30;94525;2019-04-11 20:19:34.0;
30;94530;2019-04-11 20:19:35.0;
30;94525;2019-04-11 20:19:36.0;
30;94540;2019-04-11 20:19:38.0;
30;94525;2019-04-11 20:19:39.0;
30;94530;2019-04-11 20:19:46.0;
30;94525;2019-04-11 20:19:47.0;
30;94540;2019-04-11 20:19:50.0;
30;94525;2019-04-11 20:19:53.0;
30;94540;2019-04-11 20:19:54.0;
30;94520;2019-04-11 20:19:56.0;
30;94540;2019-04-11 20:19:57.0;
30;94525;2019-04-11 20:19:58.0;
30;94540;2019-04-11 20:20:00.0;
30;94520;2019-04-11 20:20:01.0;
30;94525;2019-04-11 20:20:06.0;
30;94540;2019-04-11 20:20:08.0;
30;94520;2019-04-11 20:20:09.0;
30;94525;2019-04-11 20:20:10.0;
30;94520;2019-04-11 20:20:12.0;
30;94525;2019-04-11 20:20:13.0;
30;94520;2019-04-11 20:20:14.0;
30;94525;2019-04-11 20:20:17.0;
30;94520;2019-04-11 20:20:25.0;
30;94535;2019-04-11 20:20:27.0;
30;94525;2019-04-11 20:20:29.0;
30;94535;2019-04-11 20:20:33.0;
30;94525;2019-04-11 20:20:34.0;
30;94502;2019-04-11 20:20:37.0;
30;94535;2019-04-11 20:20:38.0;
30;94525;2019-04-11 20:20:40.0;
30;94520;2019-04-11 20:20:41.0;
30;94535;2019-04-11 20:20:43.0;
30;94502;2019-04-11 20:20:44.0;
30;94520;2019-04-11 20:20:46.0;
30;94535;2019-04-11 20:20:49.0;
30;94502;2019-04-11 20:20:50.0;
30;94520;2019-04-11 20:20:52.0;
30;94535;2019-04-11 20:20:53.0;
30;94520;2019-04-11 20:20:54.0;
30;94502;2019-04-11 20:20:56.0;
30;94520;2019-04-11 20:20:57.0;
30;94502;2019-04-11 20:20:58.0;
30;94520;2019-04-11 20:21:00.0;
30;94502;2019-04-11 20:21:01.0;
30;94525;2019-04-11 20:21:04.0;
30;94520;2019-04-11 20:21:06.0;
30;94525;2019-04-11 20:21:07.0;
30;94510;2019-04-11 20:21:08.0;
30;94525;2019-04-11 20:21:09.0;
30;94510;2019-04-11 20:21:12.0;
30;94525;2019-04-11 20:21:14.0;
30;94520;2019-04-11 20:21:15.0;
30;94510;2019-04-11 20:21:17.0;
30;94520;2019-04-11 20:21:18.0;
30;94525;2019-04-11 20:21:20.0;
30;94520;2019-04-11 20:21:21.0;
30;94510;2019-04-11 20:21:22.0;
30;94520;2019-04-11 20:21:25.0;
30;94510;2019-04-11 20:21:26.0;
30;94525;2019-04-11 20:21:29.0;
30;94510;2019-04-11 20:21:31.0;
30;94520;2019-04-11 20:21:32.0;
30;94510;2019-04-11 20:21:35.0;
30;94500;2019-04-11 20:21:37.0;
30;94520;2019-04-11 20:21:38.0;
30;94500;2019-04-11 20:21:41.0;
30;94520;2019-04-11 20:21:42.0;
30;94500;2019-04-11 20:21:44.0;
30;94520;2019-04-11 20:21:45.0;
30;94500;2019-04-11 20:21:49.0;
30;94520;2019-04-11 20:21:51.0;
30;94500;2019-04-11 20:21:52.0;
30;94520;2019-04-11 20:21:53.0;
30;94500;2019-04-11 20:21:55.0;
30;94520;2019-04-11 20:22:01.0;
30;94500;2019-04-11 20:22:02.0;
30;94520;2019-04-11 20:22:03.0;
30;94500;2019-04-11 20:22:05.0;
30;94520;2019-04-11 20:22:06.0;
30;94530;2019-04-11 20:22:21.0;
30;94520;2019-04-11 20:22:26.0;
30;94530;2019-04-11 20:22:27.0;
30;94520;2019-04-11 20:22:29.0;
30;94530;2019-04-11 20:22:34.0;
30;94520;2019-04-11 20:22:35.0;
30;94530;2019-04-11 20:22:39.0;
30;94535;2019-04-11 20:22:42.0;
30;94530;2019-04-11 20:22:44.0;
30;94535;2019-04-11 20:22:54.0;
30;94525;2019-04-11 20:22:58.0;
30;94530;2019-04-11 20:23:00.0;
30;94535;2019-04-11 20:23:01.0;
30;94530;2019-04-11 20:23:02.0;
30;94525;2019-04-11 20:23:04.0;
30;94535;2019-04-11 20:23:06.0;
30;94530;2019-04-11 20:23:08.0;
30;94525;2019-04-11 20:23:10.0;
30;94530;2019-04-11 20:23:11.0;
30;94502;2019-04-11 20:23:14.0;
30;94525;2019-04-11 20:23:17.0;
30;94502;2019-04-11 20:23:19.0;
30;94525;2019-04-11 20:23:24.0;
30;94502;2019-04-11 20:23:25.0;
30;94518;2019-04-11 20:23:29.0;
30;94502;2019-04-11 20:23:31.0;
30;94518;2019-04-11 20:23:33.0;
30;94530;2019-04-11 20:23:35.0;
30;94502;2019-04-11 20:23:39.0;
30;94518;2019-04-11 20:23:46.0;
30;94530;2019-04-11 20:23:47.0;
30;94540;2019-04-11 20:23:50.0;
30;94530;2019-04-11 20:23:55.0;
30;94540;2019-04-11 20:23:59.0;
30;94530;2019-04-11 20:24:01.0;
30;94540;2019-04-11 20:24:03.0;
30;94530;2019-04-11 20:24:04.0;
30;94540;2019-04-11 20:24:06.0;
30;94545;2019-04-11 20:24:08.0;
30;94540;2019-04-11 20:24:10.0;
30;94545;2019-04-11 20:24:12.0;
30;94540;2019-04-11 20:24:18.0;
30;94545;2019-04-11 20:24:19.0;
30;94540;2019-04-11 20:24:21.0;
30;94555;2019-04-11 20:24:23.0;
30;94545;2019-04-11 20:24:32.0;
30;94555;2019-04-11 20:24:34.0;
30;94545;2019-04-11 20:24:57.0;
30;94555;2019-04-11 20:24:59.0;
30;94545;2019-04-11 20:25:04.0;
30;94555;2019-04-11 20:25:06.0;
30;94545;2019-04-11 20:25:07.0;
30;94555;2019-04-11 20:25:09.0;
30;94545;2019-04-11 20:25:10.0;
30;94555;2019-04-11 20:25:12.0;
30;94540;2019-04-11 20:25:13.0;
30;94555;2019-04-11 20:25:20.0;
30;94545;2019-04-11 20:25:21.0;
30;94555;2019-04-11 20:25:22.0;
30;94540;2019-04-11 20:25:25.0;
30;94520;2019-04-11 20:25:27.0;
30;94555;2019-04-11 20:25:29.0;
30;94520;2019-04-11 20:25:31.0;
30;94530;2019-04-11 20:25:32.0;
30;94540;2019-04-11 20:25:35.0;
30;94530;2019-04-11 20:25:37.0;
30;94520;2019-04-11 20:25:40.0;
30;94530;2019-04-11 20:25:41.0;
30;94520;2019-04-11 20:25:44.0;
30;94530;2019-04-11 20:25:48.0;
30;94520;2019-04-11 20:25:52.0;
30;94530;2019-04-11 20:25:54.0;
30;94515;2019-04-11 20:26:05.0;
30;94530;2019-04-11 20:26:08.0;
30;94515;2019-04-11 20:26:19.0;
30;94530;2019-04-11 20:26:22.0;
30;94525;2019-04-11 20:26:23.0;
30;94515;2019-04-11 20:26:27.0;
30;94530;2019-04-11 20:26:29.0;
30;94515;2019-04-11 20:26:31.0;
30;94530;2019-04-11 20:26:36.0;
30;94525;2019-04-11 20:26:37.0;
30;94520;2019-04-11 20:26:41.0;
30;94530;2019-04-11 20:26:43.0;
30;94525;2019-04-11 20:26:44.0;
30;94530;2019-04-11 20:26:46.0;
30;94525;2019-04-11 20:26:47.0;
30;94520;2019-04-11 20:26:50.0;
30;94530;2019-04-11 20:26:51.0;
30;94525;2019-04-11 20:26:52.0;
30;94530;2019-04-11 20:26:54.0;
30;94520;2019-04-11 20:26:56.0;
30;94530;2019-04-11 20:26:57.0;
30;94510;2019-04-11 20:26:59.0;
30;94530;2019-04-11 20:27:00.0;
30;94505;2019-04-11 20:27:01.0;
30;94510;2019-04-11 20:27:04.0;
30;94520;2019-04-11 20:27:07.0;
30;94510;2019-04-11 20:27:08.0;
30;94505;2019-04-11 20:27:09.0;
30;94520;2019-04-11 20:27:12.0;
30;94510;2019-04-11 20:27:14.0;
30;94520;2019-04-11 20:27:18.0;
30;94505;2019-04-11 20:27:20.0;
30;94510;2019-04-11 20:27:21.0;
30;94520;2019-04-11 20:27:23.0;
30;94505;2019-04-11 20:27:25.0;
30;94520;2019-04-11 20:27:28.0;
30;94515;2019-04-11 20:27:31.0;
30;94520;2019-04-11 20:27:32.0;
30;94515;2019-04-11 20:27:34.0;
30;94520;2019-04-11 20:27:37.0;
30;94515;2019-04-11 20:27:38.0;
30;94520;2019-04-11 20:27:40.0;
30;94515;2019-04-11 20:27:41.0;
30;94500;2019-04-11 20:28:11.0;
30;94515;2019-04-11 20:28:15.0;
30;94500;2019-04-11 20:28:17.0;
30;94515;2019-04-11 20:28:18.0;
30;94500;2019-04-11 20:28:21.0;
30;94510;2019-04-11 20:28:22.0;
30;94500;2019-04-11 20:28:25.0;
30;94510;2019-04-11 20:28:27.0;
30;94515;2019-04-11 20:28:28.0;
30;94500;2019-04-11 20:28:31.0;
30;94510;2019-04-11 20:28:33.0;
30;94535;2019-04-11 20:28:34.0;
30;94500;2019-04-11 20:28:35.0;
30;94510;2019-04-11 20:28:37.0;
30;94535;2019-04-11 20:28:38.0;
30;94510;2019-04-11 20:28:45.0;
30;94535;2019-04-11 20:28:46.0;
30;94510;2019-04-11 20:28:51.0;
30;94535;2019-04-11 20:28:52.0;
30;94540;2019-04-11 20:28:55.0;
30;94535;2019-04-11 20:28:56.0;
30;94540;2019-04-11 20:29:01.0;
30;94535;2019-04-11 20:29:03.0;
30;94545;2019-04-11 20:29:06.0;
30;94540;2019-04-11 20:29:10.0;
30;94545;2019-04-11 20:29:12.0;
30;94540;2019-04-11 20:29:16.0;
30;94545;2019-04-11 20:29:18.0;
30;94540;2019-04-11 20:29:21.0;
30;94545;2019-04-11 20:29:26.0;
30;94515;2019-04-11 20:29:28.0;
30;94545;2019-04-11 20:29:33.0;
30;94515;2019-04-11 20:29:39.0;
30;94525;2019-04-11 20:29:40.0;
30;94535;2019-04-11 20:29:42.0;
30;94525;2019-04-11 20:29:44.0;
30;94535;2019-04-11 20:29:46.0;
30;94515;2019-04-11 20:29:48.0;
30;94535;2019-04-11 20:29:50.0;
30;94525;2019-04-11 20:29:55.0;
30;94530;2019-04-11 20:29:58.0;
30;94525;2019-04-11 20:30:00.0;
30;94535;2019-04-11 20:30:01.0;
30;94525;2019-04-11 20:30:04.0;
30;94535;2019-04-11 20:30:06.0;
30;94525;2019-04-11 20:30:08.0;
30;94530;2019-04-11 20:30:10.0;
30;94535;2019-04-11 20:30:11.0;
30;94520;2019-04-11 20:30:13.0;
30;94525;2019-04-11 20:30:14.0;
30;94530;2019-04-11 20:30:18.0;
30;94525;2019-04-11 20:30:19.0;
30;94520;2019-04-11 20:30:23.0;
30;94530;2019-04-11 20:30:24.0;
30;94525;2019-04-11 20:30:26.0;
30;94530;2019-04-11 20:30:29.0;
30;94525;2019-04-11 20:30:31.0;
30;94530;2019-04-11 20:30:34.0;
30;94525;2019-04-11 20:30:38.0;
30;94540;2019-04-11 20:30:40.0;
30;94520;2019-04-11 20:30:41.0;
30;94540;2019-04-11 20:30:43.0;
30;94530;2019-04-11 20:30:45.0;
30;94540;2019-04-11 20:30:47.0;
30;94530;2019-04-11 20:30:53.0;
30;94540;2019-04-11 20:30:55.0;
30;94530;2019-04-11 20:30:56.0;
30;94540;2019-04-11 20:30:57.0;
30;94535;2019-04-11 20:31:02.0;
30;94540;2019-04-11 20:31:03.0;
30;94535;2019-04-11 20:31:08.0;
30;94540;2019-04-11 20:31:09.0;
30;94525;2019-04-11 20:31:10.0;
30;94540;2019-04-11 20:31:12.0;
30;94535;2019-04-11 20:31:13.0;
30;94540;2019-04-11 20:31:15.0;
30;94525;2019-04-11 20:31:16.0;
30;94550;2019-04-11 20:31:19.0;
30;94525;2019-04-11 20:31:21.0;
30;94550;2019-04-11 20:31:24.0;
30;94525;2019-04-11 20:31:25.0;
30;94535;2019-04-11 20:31:29.0;
30;94525;2019-04-11 20:31:31.0;
30;94550;2019-04-11 20:31:32.0;
30;94525;2019-04-11 20:31:34.0;
30;94550;2019-04-11 20:31:37.0;
30;94525;2019-04-11 20:31:38.0;
30;94550;2019-04-11 20:31:40.0;
30;94560;2019-04-11 20:31:41.0;
30;94550;2019-04-11 20:31:43.0;
30;94560;2019-04-11 20:31:49.0;
30;94565;2019-04-11 20:32:20.0;
30;94560;2019-04-11 20:32:21.0;
30;94565;2019-04-11 20:32:23.0;
30;94560;2019-04-11 20:32:24.0;
30;94565;2019-04-11 20:32:26.0;
30;94555;2019-04-11 20:32:28.0;
30;94565;2019-04-11 20:32:30.0;
30;94555;2019-04-11 20:32:36.0;
30;94565;2019-04-11 20:32:37.0;
30;94555;2019-04-11 20:32:40.0;
30;94565;2019-04-11 20:32:44.0;
30;94555;2019-04-11 20:32:48.0;
30;94565;2019-04-11 20:32:49.0;
30;94555;2019-04-11 20:32:51.0;
30;94545;2019-04-11 20:32:52.0;
30;94550;2019-04-11 20:33:00.0;
30;94545;2019-04-11 20:33:04.0;
30;94550;2019-04-11 20:33:08.0;
30;94545;2019-04-11 20:33:11.0;
30;94550;2019-04-11 20:33:13.0;
30;94545;2019-04-11 20:33:15.0;
30;94550;2019-04-11 20:33:18.0;
30;94545;2019-04-11 20:33:19.0;
30;94550;2019-04-11 20:33:21.0;
30;94545;2019-04-11 20:33:22.0;
30;94550;2019-04-11 20:33:30.0;
30;94545;2019-04-11 20:33:32.0;
30;94560;2019-04-11 20:33:36.0;
30;94545;2019-04-11 20:33:37.0;
30;94560;2019-04-11 20:33:47.0;
30;94545;2019-04-11 20:33:50.0;
30;94560;2019-04-11 20:33:57.0;
30;94555;2019-04-11 20:33:59.0;
30;94560;2019-04-11 20:34:05.0;
30;94555;2019-04-11 20:34:06.0;
30;94560;2019-04-11 20:34:11.0;
30;94555;2019-04-11 20:34:14.0;
30;94560;2019-04-11 20:34:18.0;
30;94555;2019-04-11 20:34:19.0;
30;94560;2019-04-11 20:34:23.0;
30;94555;2019-04-11 20:34:26.0;
30;94560;2019-04-11 20:34:32.0;
30;94565;2019-04-11 20:34:33.0;
30;94545;2019-04-11 20:34:35.0;
30;94565;2019-04-11 20:34:36.0;
30;94545;2019-04-11 20:34:38.0;
30;94565;2019-04-11 20:34:43.0;
30;94545;2019-04-11 20:34:47.0;
30;94565;2019-04-11 20:34:50.0;
30;94540;2019-04-11 20:34:53.0;
30;94565;2019-04-11 20:34:55.0;
30;94545;2019-04-11 20:34:58.0;
30;94540;2019-04-11 20:35:00.0;
30;94565;2019-04-11 20:35:01.0;
30;94540;2019-04-11 20:35:02.0;
30;94550;2019-04-11 20:35:05.0;
30;94535;2019-04-11 20:35:07.0;
30;94540;2019-04-11 20:35:10.0;
30;94535;2019-04-11 20:35:15.0;
30;94525;2019-04-11 20:35:17.0;
30;94535;2019-04-11 20:35:18.0;
30;94550;2019-04-11 20:35:20.0;
30;94535;2019-04-11 20:35:23.0;
30;94550;2019-04-11 20:35:24.0;
30;94525;2019-04-11 20:35:30.0;
30;94535;2019-04-11 20:35:31.0;
30;94550;2019-04-11 20:35:34.0;
30;94525;2019-04-11 20:35:36.0;
30;94535;2019-04-11 20:35:37.0;
30;94525;2019-04-11 20:35:39.0;
30;94515;2019-04-11 20:35:49.0;
30;94525;2019-04-11 20:35:51.0;
30;94515;2019-04-11 20:35:52.0;
30;94525;2019-04-11 20:36:04.0;
30;94515;2019-04-11 20:36:06.0;
30;94510;2019-04-11 20:36:12.0;
30;94515;2019-04-11 20:36:13.0;
30;94510;2019-04-11 20:36:16.0;
30;94515;2019-04-11 20:36:17.0;
30;94510;2019-04-11 20:36:19.0;
30;94515;2019-04-11 20:36:20.0;
30;94510;2019-04-11 20:36:21.0;
30;94515;2019-04-11 20:36:31.0;
30;94510;2019-04-11 20:36:33.0;
30;94515;2019-04-11 20:36:35.0;
30;94510;2019-04-11 20:36:37.0;
30;94495;2019-04-11 20:36:44.0;
30;94515;2019-04-11 20:36:45.0;
30;94495;2019-04-11 20:36:47.0;
30;94510;2019-04-11 20:36:48.0;
30;94515;2019-04-11 20:36:50.0;
30;94490;2019-04-11 20:36:53.0;
30;94515;2019-04-11 20:36:56.0;
30;94495;2019-04-11 20:36:58.0;
30;94480;2019-04-11 20:36:59.0;
30;94495;2019-04-11 20:37:01.0;
30;94490;2019-04-11 20:37:02.0;
30;94495;2019-04-11 20:37:04.0;
30;94480;2019-04-11 20:37:05.0;
30;94495;2019-04-11 20:37:08.0;
30;94490;2019-04-11 20:37:10.0;
30;94480;2019-04-11 20:37:12.0;
30;94485;2019-04-11 20:37:14.0;
30;94480;2019-04-11 20:37:16.0;
30;94485;2019-04-11 20:37:17.0;
30;94480;2019-04-11 20:37:18.0;
30;94490;2019-04-11 20:37:21.0;
30;94480;2019-04-11 20:37:25.0;
30;94485;2019-04-11 20:37:27.0;
30;94490;2019-04-11 20:37:29.0;
30;94485;2019-04-11 20:37:30.0;
30;94490;2019-04-11 20:37:31.0;
30;94480;2019-04-11 20:37:33.0;
30;94490;2019-04-11 20:37:34.0;
30;94485;2019-04-11 20:37:36.0;
30;94490;2019-04-11 20:37:37.0;
30;94480;2019-04-11 20:37:38.0;
30;94485;2019-04-11 20:37:40.0;
30;94480;2019-04-11 20:37:42.0;
30;94490;2019-04-11 20:37:45.0;
30;94485;2019-04-11 20:37:47.0;
30;94490;2019-04-11 20:37:48.0;
30;94480;2019-04-11 20:37:50.0;
30;94490;2019-04-11 20:37:51.0;
30;94480;2019-04-11 20:37:52.0;
30;94485;2019-04-11 20:37:56.0;
30;94478;2019-04-11 20:37:58.0;
30;94485;2019-04-11 20:38:00.0;
30;94478;2019-04-11 20:38:02.0;
30;94480;2019-04-11 20:38:03.0;
30;94485;2019-04-11 20:38:05.0;
30;94495;2019-04-11 20:38:06.0;
30;94478;2019-04-11 20:38:08.0;
30;94495;2019-04-11 20:38:10.0;
30;94478;2019-04-11 20:38:12.0;
30;94485;2019-04-11 20:38:16.0;
30;94478;2019-04-11 20:38:17.0;
30;94485;2019-04-11 20:38:20.0;
30;94478;2019-04-11 20:38:21.0;
30;94485;2019-04-11 20:38:24.0;
30;94478;2019-04-11 20:38:25.0;
30;94490;2019-04-11 20:38:28.0;
30;94485;2019-04-11 20:38:30.0;
30;94490;2019-04-11 20:38:31.0;
30;94495;2019-04-11 20:38:34.0;
30;94485;2019-04-11 20:38:35.0;
30;94495;2019-04-11 20:38:37.0;
30;94490;2019-04-11 20:38:38.0;
30;94485;2019-04-11 20:38:39.0;
30;94490;2019-04-11 20:38:41.0;
30;94485;2019-04-11 20:38:50.0;
30;94490;2019-04-11 20:38:51.0;
30;94480;2019-04-11 20:39:09.0;
30;94490;2019-04-11 20:39:12.0;
30;94480;2019-04-11 20:39:14.0;
30;94490;2019-04-11 20:39:15.0;
30;94480;2019-04-11 20:39:16.0;
30;94500;2019-04-11 20:39:18.0;
30;94480;2019-04-11 20:39:21.0;
30;94500;2019-04-11 20:39:24.0;
30;94480;2019-04-11 20:39:26.0;
30;94500;2019-04-11 20:39:28.0;
30;94515;2019-04-11 20:39:29.0;
30;94500;2019-04-11 20:39:31.0;
30;94515;2019-04-11 20:39:32.0;
30;94500;2019-04-11 20:39:39.0;
30;94515;2019-04-11 20:39:44.0;
30;94495;2019-04-11 20:39:50.0;
30;94515;2019-04-11 20:39:51.0;
30;94495;2019-04-11 20:39:53.0;
30;94515;2019-04-11 20:39:54.0;
30;94495;2019-04-11 20:40:01.0;
30;94515;2019-04-11 20:40:04.0;
30;94495;2019-04-11 20:40:06.0;
30;94472;2019-04-11 20:40:19.0;
30;94495;2019-04-11 20:40:21.0;
30;94485;2019-04-11 20:40:22.0;
30;94472;2019-04-11 20:40:23.0;
30;94485;2019-04-11 20:40:25.0;
30;94495;2019-04-11 20:40:26.0;
30;94472;2019-04-11 20:40:29.0;
30;94495;2019-04-11 20:40:30.0;
30;94472;2019-04-11 20:40:32.0;
30;94485;2019-04-11 20:40:35.0;
30;94472;2019-04-11 20:40:37.0;
30;94500;2019-04-11 20:40:39.0;
30;94485;2019-04-11 20:40:40.0;
30;94490;2019-04-11 20:40:41.0;
30;94485;2019-04-11 20:40:44.0;
30;94490;2019-04-11 20:40:46.0;
30;94485;2019-04-11 20:40:50.0;
30;94490;2019-04-11 20:40:55.0;
30;94500;2019-04-11 20:41:01.0;
30;94485;2019-04-11 20:41:02.0;
30;94500;2019-04-11 20:41:03.0;
30;94485;2019-04-11 20:41:07.0;
30;94490;2019-04-11 20:41:09.0;
30;94480;2019-04-11 20:41:11.0;
30;94475;2019-04-11 20:41:12.0;
30;94480;2019-04-11 20:41:15.0;
30;94485;2019-04-11 20:41:18.0;
30;94475;2019-04-11 20:41:20.0;
30;94485;2019-04-11 20:41:22.0;
30;94480;2019-04-11 20:41:25.0;
30;94470;2019-04-11 20:41:26.0;
30;94475;2019-04-11 20:41:28.0;
30;94480;2019-04-11 20:41:32.0;
30;94470;2019-04-11 20:41:35.0;
30;94480;2019-04-11 20:41:36.0;
30;94475;2019-04-11 20:41:37.0;
30;94470;2019-04-11 20:41:38.0;
30;94475;2019-04-11 20:41:43.0;
30;94495;2019-04-11 20:41:44.0;
30;94485;2019-04-11 20:41:50.0;
30;94470;2019-04-11 20:41:53.0;
30;94495;2019-04-11 20:41:57.0;
30;94485;2019-04-11 20:41:59.0;
30;94500;2019-04-11 20:42:01.0;
30;94495;2019-04-11 20:42:02.0;
30;94500;2019-04-11 20:42:04.0;
30;94485;2019-04-11 20:42:06.0;
30;94500;2019-04-11 20:42:08.0;
30;94495;2019-04-11 20:42:10.0;
30;94500;2019-04-11 20:42:12.0;
30;94495;2019-04-11 20:42:13.0;
30;94500;2019-04-11 20:42:16.0;
30;94475;2019-04-11 20:42:17.0;
30;94470;2019-04-11 20:42:18.0;
30;94500;2019-04-11 20:42:20.0;
30;94470;2019-04-11 20:42:21.0;
30;94500;2019-04-11 20:42:23.0;
30;94470;2019-04-11 20:42:26.0;
30;94475;2019-04-11 20:42:27.0;
30;94470;2019-04-11 20:42:28.0;
30;94500;2019-04-11 20:42:30.0;
30;94470;2019-04-11 20:42:31.0;
30;94465;2019-04-11 20:42:33.0;
30;94475;2019-04-11 20:42:37.0;
30;94465;2019-04-11 20:42:38.0;
30;94475;2019-04-11 20:42:42.0;
30;94465;2019-04-11 20:42:46.0;
30;94460;2019-04-11 20:42:47.0;
30;94465;2019-04-11 20:42:51.0;
30;94460;2019-04-11 20:42:54.0;
30;94465;2019-04-11 20:42:58.0;
30;94460;2019-04-11 20:42:59.0;
30;94485;2019-04-11 20:43:04.0;
30;94460;2019-04-11 20:43:05.0;
30;94485;2019-04-11 20:43:12.0;
30;94460;2019-04-11 20:43:13.0;
30;94500;2019-04-11 20:43:17.0;
30;94485;2019-04-11 20:43:19.0;
30;94500;2019-04-11 20:43:20.0;
30;94485;2019-04-11 20:43:22.0;
30;94500;2019-04-11 20:43:23.0;
30;94485;2019-04-11 20:43:26.0;
30;94500;2019-04-11 20:43:27.0;
30;94485;2019-04-11 20:43:29.0;
30;94500;2019-04-11 20:43:30.0;
30;94485;2019-04-11 20:43:32.0;
30;94500;2019-04-11 20:43:33.0;
30;94505;2019-04-11 20:43:36.0;
30;94500;2019-04-11 20:43:37.0;
30;94505;2019-04-11 20:43:41.0;
30;94500;2019-04-11 20:43:44.0;
30;94505;2019-04-11 20:43:50.0;
30;94475;2019-04-11 20:43:51.0;
30;94505;2019-04-11 20:44:06.0;
30;94475;2019-04-11 20:44:08.0;
30;94490;2019-04-11 20:44:09.0;
30;94475;2019-04-11 20:44:10.0;
30;94490;2019-04-11 20:44:18.0;
30;94475;2019-04-11 20:44:20.0;
30;94490;2019-04-11 20:44:21.0;
30;94475;2019-04-11 20:44:23.0;
30;94490;2019-04-11 20:44:26.0;
30;94510;2019-04-11 20:44:39.0;
30;94490;2019-04-11 20:44:41.0;
30;94510;2019-04-11 20:44:46.0;
30;94490;2019-04-11 20:44:47.0;
30;94510;2019-04-11 20:44:48.0;
30;94490;2019-04-11 20:44:50.0;
30;94510;2019-04-11 20:44:58.0;
30;94472;2019-04-11 20:45:00.0;
30;94510;2019-04-11 20:45:07.0;
30;94472;2019-04-11 20:45:09.0;
30;94485;2019-04-11 20:45:11.0;
30;94472;2019-04-11 20:45:14.0;
30;94485;2019-04-11 20:45:15.0;
30;94472;2019-04-11 20:45:18.0;
30;94485;2019-04-11 20:45:23.0;
30;94472;2019-04-11 20:45:24.0;
30;94480;2019-04-11 20:45:28.0;
30;94485;2019-04-11 20:45:30.0;
30;94480;2019-04-11 20:45:31.0;
30;94485;2019-04-11 20:45:34.0;
30;94480;2019-04-11 20:45:35.0;
30;94485;2019-04-11 20:45:37.0;
30;94480;2019-04-11 20:45:38.0;
30;94485;2019-04-11 20:45:41.0;
30;94480;2019-04-11 20:45:43.0;
30;94475;2019-04-11 20:45:50.0;
30;94480;2019-04-11 20:45:54.0;
30;94475;2019-04-11 20:45:55.0;
30;94480;2019-04-11 20:46:00.0;
30;94475;2019-04-11 20:46:01.0;
30;94488;2019-04-11 20:46:04.0;
30;94475;2019-04-11 20:46:05.0;
30;94488;2019-04-11 20:46:10.0;
30;94475;2019-04-11 20:46:11.0;
30;94488;2019-04-11 20:46:12.0;
30;94475;2019-04-11 20:46:14.0;
30;94488;2019-04-11 20:46:15.0;
30;94475;2019-04-11 20:46:16.0;
30;94488;2019-04-11 20:46:19.0;
30;94475;2019-04-11 20:46:21.0;
30;94500;2019-04-11 20:46:29.0;
30;94488;2019-04-11 20:46:31.0;
30;94500;2019-04-11 20:46:33.0;
30;94485;2019-04-11 20:46:35.0;
30;94475;2019-04-11 20:46:36.0;
30;94485;2019-04-11 20:46:38.0;
30;94475;2019-04-11 20:46:39.0;
30;94500;2019-04-11 20:46:40.0;
30;94475;2019-04-11 20:46:42.0;
30;94500;2019-04-11 20:46:43.0;
30;94475;2019-04-11 20:46:48.0;
30;94485;2019-04-11 20:46:49.0;
30;94475;2019-04-11 20:46:53.0;
30;94500;2019-04-11 20:46:56.0;
30;94475;2019-04-11 20:46:57.0;
30;94472;2019-04-11 20:47:05.0;
30;94475;2019-04-11 20:47:06.0;
30;94472;2019-04-11 20:47:08.0;
30;94480;2019-04-11 20:47:36.0;
30;94495;2019-04-11 20:47:39.0;
30;94480;2019-04-11 20:47:42.0;
30;94495;2019-04-11 20:47:44.0;
30;94480;2019-04-11 20:47:50.0;
30;94495;2019-04-11 20:47:53.0;
30;94480;2019-04-11 20:47:56.0;
30;94495;2019-04-11 20:47:57.0;
30;94480;2019-04-11 20:48:01.0;
30;94495;2019-04-11 20:48:03.0;
30;94500;2019-04-11 20:48:39.0;
30;94495;2019-04-11 20:48:42.0;
30;94500;2019-04-11 20:48:43.0;
30;94485;2019-04-11 20:48:48.0;
30;94500;2019-04-11 20:48:51.0;
30;94495;2019-04-11 20:48:55.0;
30;94500;2019-04-11 20:48:58.0;
30;94485;2019-04-11 20:49:00.0;
30;94500;2019-04-11 20:49:02.0;
30;94485;2019-04-11 20:49:04.0;
30;94500;2019-04-11 20:49:05.0;
30;94485;2019-04-11 20:49:08.0;
30;94495;2019-04-11 20:49:09.0;
30;94485;2019-04-11 20:49:11.0;
30;94495;2019-04-11 20:49:12.0;
30;94485;2019-04-11 20:49:16.0;
30;94495;2019-04-11 20:49:21.0;
30;94485;2019-04-11 20:49:22.0;
30;94495;2019-04-11 20:49:24.0;
30;94485;2019-04-11 20:49:26.0;
30;94495;2019-04-11 20:49:32.0;
30;94485;2019-04-11 20:49:33.0;
30;94490;2019-04-11 20:49:41.0;
30;94485;2019-04-11 20:49:44.0;
30;94490;2019-04-11 20:49:47.0;
30;94485;2019-04-11 20:49:48.0;
30;94490;2019-04-11 20:49:50.0;
30;94500;2019-04-11 20:49:51.0;
30;94490;2019-04-11 20:49:54.0;
30;94500;2019-04-11 20:49:57.0;
30;94490;2019-04-11 20:50:05.0;
30;94500;2019-04-11 20:50:07.0;
30;94490;2019-04-11 20:50:08.0;
30;94500;2019-04-11 20:50:10.0;
30;94490;2019-04-11 20:50:11.0;
30;94485;2019-04-11 20:50:12.0;
30;94500;2019-04-11 20:50:15.0;
30;94495;2019-04-11 20:50:23.0;
30;94500;2019-04-11 20:50:25.0;
30;94495;2019-04-11 20:50:27.0;
30;94485;2019-04-11 20:50:28.0;
30;94495;2019-04-11 20:50:31.0;
30;94500;2019-04-11 20:50:35.0;
30;94495;2019-04-11 20:50:36.0;
30;94500;2019-04-11 20:50:38.0;
30;94495;2019-04-11 20:50:44.0;
30;94510;2019-04-11 20:50:45.0;
30;94495;2019-04-11 20:50:46.0;
30;94500;2019-04-11 20:50:48.0;
30;94510;2019-04-11 20:50:49.0;
30;94500;2019-04-11 20:50:50.0;
30;94495;2019-04-11 20:50:52.0;
30;94500;2019-04-11 20:50:53.0;
30;94495;2019-04-11 20:50:55.0;
30;94510;2019-04-11 20:50:59.0;
30;94495;2019-04-11 20:51:01.0;
30;94510;2019-04-11 20:51:02.0;
30;94495;2019-04-11 20:51:10.0;
30;94510;2019-04-11 20:51:12.0;
30;94530;2019-04-11 20:51:16.0;
30;94495;2019-04-11 20:51:21.0;
30;94530;2019-04-11 20:51:22.0;
30;94495;2019-04-11 20:51:25.0;
30;94530;2019-04-11 20:51:26.0;
30;94525;2019-04-11 20:51:30.0;
30;94530;2019-04-11 20:51:32.0;
30;94525;2019-04-11 20:51:33.0;
30;94530;2019-04-11 20:51:35.0;
30;94525;2019-04-11 20:51:43.0;
30;94530;2019-04-11 20:51:45.0;
30;94505;2019-04-11 20:51:47.0;
30;94525;2019-04-11 20:51:56.0;
30;94505;2019-04-11 20:52:00.0;
30;94515;2019-04-11 20:52:07.0;
30;94505;2019-04-11 20:52:08.0;
30;94515;2019-04-11 20:52:17.0;
30;94505;2019-04-11 20:52:20.0;
30;94515;2019-04-11 20:52:24.0;
30;94505;2019-04-11 20:52:25.0;
30;94518;2019-04-11 20:52:38.0;
30;94505;2019-04-11 20:52:42.0;
30;94518;2019-04-11 20:52:45.0;
30;94505;2019-04-11 20:52:46.0;
30;94518;2019-04-11 20:52:50.0;
30;94515;2019-04-11 20:53:00.0;
30;94518;2019-04-11 20:53:01.0;
30;94515;2019-04-11 20:53:03.0;
30;94505;2019-04-11 20:53:05.0;
30;94515;2019-04-11 20:53:06.0;
30;94505;2019-04-11 20:53:07.0;
30;94515;2019-04-11 20:53:18.0;
30;94505;2019-04-11 20:53:20.0;
30;94515;2019-04-11 20:53:23.0;
30;94505;2019-04-11 20:53:26.0;
30;94515;2019-04-11 20:53:28.0;
30;94505;2019-04-11 20:53:30.0;
30;94515;2019-04-11 20:53:31.0;
30;94505;2019-04-11 20:53:33.0;
30;94515;2019-04-11 20:53:36.0;
30;94510;2019-04-11 20:53:40.0;
30;94515;2019-04-11 20:53:42.0;
30;94510;2019-04-11 20:53:53.0;
30;94515;2019-04-11 20:53:55.0;
30;94505;2019-04-11 20:53:56.0;
30;94515;2019-04-11 20:53:58.0;
30;94505;2019-04-11 20:54:02.0;
30;94510;2019-04-11 20:54:03.0;
30;94505;2019-04-11 20:54:05.0;
30;94515;2019-04-11 20:54:06.0;
30;94505;2019-04-11 20:54:08.0;
30;94510;2019-04-11 20:54:09.0;
30;94505;2019-04-11 20:54:10.0;
30;94515;2019-04-11 20:54:13.0;
30;94510;2019-04-11 20:54:16.0;
30;94505;2019-04-11 20:54:23.0;
30;94510;2019-04-11 20:54:24.0;
30;94520;2019-04-11 20:54:48.0;
30;94510;2019-04-11 20:54:53.0;
30;94520;2019-04-11 20:54:57.0;
30;94500;2019-04-11 20:55:00.0;
30;94520;2019-04-11 20:55:05.0;
30;94500;2019-04-11 20:55:10.0;
30;94520;2019-04-11 20:55:12.0;
30;94495;2019-04-11 20:55:21.0;
30;94500;2019-04-11 20:55:24.0;
30;94485;2019-04-11 20:55:26.0;
30;94495;2019-04-11 20:55:27.0;
30;94485;2019-04-11 20:55:30.0;
30;94470;2019-04-11 20:55:31.0;
30;94485;2019-04-11 20:55:33.0;
30;94470;2019-04-11 20:55:34.0;
30;94495;2019-04-11 20:55:36.0;
30;94485;2019-04-11 20:55:37.0;
30;94470;2019-04-11 20:55:38.0;
30;94495;2019-04-11 20:55:42.0;
30;94470;2019-04-11 20:55:44.0;
30;94485;2019-04-11 20:55:47.0;
30;94495;2019-04-11 20:55:48.0;
30;94485;2019-04-11 20:55:50.0;
30;94495;2019-04-11 20:55:51.0;
30;94470;2019-04-11 20:55:52.0;
30;94465;2019-04-11 20:56:04.0;
30;94470;2019-04-11 20:56:06.0;
30;94465;2019-04-11 20:56:12.0;
30;94470;2019-04-11 20:56:13.0;
30;94465;2019-04-11 20:56:14.0;
30;94470;2019-04-11 20:56:16.0;
30;94465;2019-04-11 20:56:17.0;
30;94470;2019-04-11 20:56:20.0;
30;94465;2019-04-11 20:56:23.0;
30;94470;2019-04-11 20:56:24.0;
30;94465;2019-04-11 20:56:26.0;
30;94470;2019-04-11 20:56:27.0;
30;94530;2019-04-11 20:56:31.0;
30;94470;2019-04-11 20:56:32.0;
30;94540;2019-04-11 20:56:34.0;
30;94530;2019-04-11 20:56:38.0;
30;94540;2019-04-11 20:56:39.0;
30;94530;2019-04-11 20:56:46.0;
30;94540;2019-04-11 20:56:48.0;
30;94530;2019-04-11 20:56:49.0;
30;94540;2019-04-11 20:56:50.0;
30;94530;2019-04-11 20:56:53.0;
30;94540;2019-04-11 20:56:54.0;
30;94530;2019-04-11 20:56:57.0;
30;94540;2019-04-11 20:56:59.0;
30;94535;2019-04-11 20:57:03.0;
30;94540;2019-04-11 20:57:04.0;
30;94535;2019-04-11 20:57:06.0;
30;94550;2019-04-11 20:57:07.0;
30;94535;2019-04-11 20:57:10.0;
30;94550;2019-04-11 20:57:16.0;
30;94535;2019-04-11 20:57:17.0;
30;94550;2019-04-11 20:57:22.0;
30;94535;2019-04-11 20:57:23.0;
30;94550;2019-04-11 20:57:27.0;
30;94535;2019-04-11 20:57:28.0;
30;94550;2019-04-11 20:57:31.0;
30;94535;2019-04-11 20:57:32.0;
30;94550;2019-04-11 20:57:34.0;
30;94535;2019-04-11 20:57:37.0;
30;94540;2019-04-11 20:57:38.0;
30;94535;2019-04-11 20:57:42.0;
30;94540;2019-04-11 20:57:44.0;
30;94535;2019-04-11 20:57:49.0;
30;94540;2019-04-11 20:57:51.0;
30;94535;2019-04-11 20:57:52.0;
30;94540;2019-04-11 20:57:55.0;
30;94535;2019-04-11 20:57:57.0;
30;94540;2019-04-11 20:57:59.0;
30;94535;2019-04-11 20:58:06.0;
30;94540;2019-04-11 20:58:07.0;
30;94535;2019-04-11 20:58:09.0;
30;94530;2019-04-11 20:58:11.0;
30;94535;2019-04-11 20:58:13.0;
30;94530;2019-04-11 20:58:14.0;
30;94492;2019-04-11 20:58:43.0;
30;94530;2019-04-11 20:58:44.0;
30;94492;2019-04-11 20:58:46.0;
30;94530;2019-04-11 20:58:47.0;
30;94492;2019-04-11 20:58:50.0;
30;94505;2019-04-11 20:58:54.0;
30;94492;2019-04-11 20:58:56.0;
30;94495;2019-04-11 20:58:57.0;
30;94505;2019-04-11 20:58:59.0;
30;94495;2019-04-11 20:59:00.0;
30;94505;2019-04-11 20:59:01.0;
30;94495;2019-04-11 20:59:04.0;
30;94505;2019-04-11 20:59:05.0;
30;94495;2019-04-11 20:59:06.0;
30;94492;2019-04-11 20:59:08.0;
30;94495;2019-04-11 20:59:10.0;
30;94492;2019-04-11 20:59:11.0;
30;94510;2019-04-11 20:59:12.0;
30;94495;2019-04-11 20:59:14.0;
30;94505;2019-04-11 20:59:15.0;
30;94510;2019-04-11 20:59:18.0;
30;94505;2019-04-11 20:59:21.0;
30;94510;2019-04-11 20:59:24.0;
30;94490;2019-04-11 20:59:46.0;
30;94505;2019-04-11 20:59:48.0;
30;94490;2019-04-11 20:59:49.0;
30;94510;2019-04-11 20:59:52.0;
30;94505;2019-04-11 20:59:54.0;
30;94490;2019-04-11 20:59:55.0;
30;94505;2019-04-11 20:59:59.0;
30;94490;2019-04-11 21:00:02.0;
30;94505;2019-04-11 21:00:08.0;
30;94490;2019-04-11 21:00:12.0;
30;94505;2019-04-11 21:00:15.0;
30;94490;2019-04-11 21:00:16.0;
30;94515;2019-04-11 21:00:18.0;
30;94505;2019-04-11 21:00:27.0;
30;94515;2019-04-11 21:00:28.0;
30;94505;2019-04-11 21:00:29.0;
30;94500;2019-04-11 21:00:31.0;
30;94515;2019-04-11 21:00:32.0;
30;94500;2019-04-11 21:00:34.0;
30;94515;2019-04-11 21:00:36.0;
30;94500;2019-04-11 21:00:40.0;
30;94515;2019-04-11 21:00:42.0;
30;94500;2019-04-11 21:00:43.0;
30;94515;2019-04-11 21:00:45.0;
30;94500;2019-04-11 21:00:46.0;
30;94470;2019-04-11 21:00:54.0;
30;94500;2019-04-11 21:00:59.0;
30;94470;2019-04-11 21:01:00.0;
30;94485;2019-04-11 21:01:09.0;
30;94470;2019-04-11 21:01:10.0;
30;94485;2019-04-11 21:01:12.0;
30;94470;2019-04-11 21:01:13.0;
30;94485;2019-04-11 21:01:18.0;
30;94470;2019-04-11 21:01:20.0;
30;94485;2019-04-11 21:01:23.0;
30;94470;2019-04-11 21:01:24.0;
30;94485;2019-04-11 21:01:26.0;
30;94500;2019-04-11 21:01:27.0;
30;94485;2019-04-11 21:01:31.0;
30;94500;2019-04-11 21:01:32.0;
30;94485;2019-04-11 21:01:36.0;
30;94500;2019-04-11 21:01:38.0;
30;94475;2019-04-11 21:01:44.0;
30;94500;2019-04-11 21:01:45.0;
30;94475;2019-04-11 21:01:48.0;
30;94500;2019-04-11 21:01:49.0;
30;94475;2019-04-11 21:01:51.0;
30;94500;2019-04-11 21:01:52.0;
30;94475;2019-04-11 21:01:53.0;
30;94500;2019-04-11 21:01:58.0;
30;94480;2019-04-11 21:02:00.0;
30;94475;2019-04-11 21:02:03.0;
30;94480;2019-04-11 21:02:05.0;
30;94475;2019-04-11 21:02:06.0;
30;94480;2019-04-11 21:02:08.0;
30;94475;2019-04-11 21:02:09.0;
30;94480;2019-04-11 21:02:10.0;
30;94465;2019-04-11 21:02:12.0;
30;94475;2019-04-11 21:02:13.0;
30;94480;2019-04-11 21:02:14.0;
30;94465;2019-04-11 21:02:16.0;
30;94470;2019-04-11 21:02:18.0;
30;94480;2019-04-11 21:02:19.0;
30;94465;2019-04-11 21:02:21.0;
30;94470;2019-04-11 21:02:22.0;
30;94480;2019-04-11 21:02:26.0;
30;94465;2019-04-11 21:02:28.0;
30;94470;2019-04-11 21:02:33.0;
30;94460;2019-04-11 21:02:34.0;
30;94470;2019-04-11 21:02:36.0;
30;94460;2019-04-11 21:02:37.0;
30;94470;2019-04-11 21:02:39.0;
30;94460;2019-04-11 21:02:40.0;
30;94408;2019-04-11 21:02:42.0;
30;94470;2019-04-11 21:02:45.0;
30;94408;2019-04-11 21:02:47.0;
30;94460;2019-04-11 21:02:49.0;
30;94425;2019-04-11 21:02:50.0;
30;94408;2019-04-11 21:02:52.0;
30;94425;2019-04-11 21:02:53.0;
30;94408;2019-04-11 21:02:54.0;
30;94425;2019-04-11 21:03:00.0;
30;94460;2019-04-11 21:03:03.0;
30;94425;2019-04-11 21:03:04.0;
30;94408;2019-04-11 21:03:06.0;
30;94455;2019-04-11 21:03:10.0;
30;94465;2019-04-11 21:03:12.0;
30;94425;2019-04-11 21:03:14.0;
30;94455;2019-04-11 21:03:16.0;
30;94465;2019-04-11 21:03:19.0;
30;94460;2019-04-11 21:03:22.0;
30;94455;2019-04-11 21:03:24.0;
30;94465;2019-04-11 21:03:25.0;
30;94460;2019-04-11 21:03:26.0;
30;94465;2019-04-11 21:03:27.0;
30;94455;2019-04-11 21:03:29.0;
30;94465;2019-04-11 21:03:33.0;
30;94455;2019-04-11 21:03:39.0;
30;94460;2019-04-11 21:03:40.0;
30;94450;2019-04-11 21:03:44.0;
30;94460;2019-04-11 21:03:46.0;
30;94450;2019-04-11 21:03:50.0;
30;94460;2019-04-11 21:03:51.0;
30;94450;2019-04-11 21:03:52.0;
30;94465;2019-04-11 21:03:54.0;
30;94460;2019-04-11 21:03:55.0;
30;94465;2019-04-11 21:03:58.0;
30;94460;2019-04-11 21:03:59.0;
30;94450;2019-04-11 21:04:01.0;
30;94460;2019-04-11 21:04:02.0;
30;94465;2019-04-11 21:04:05.0;
30;94450;2019-04-11 21:04:06.0;
30;94460;2019-04-11 21:04:10.0;
30;94465;2019-04-11 21:04:13.0;
30;94445;2019-04-11 21:04:15.0;
30;94465;2019-04-11 21:04:18.0;
30;94440;2019-04-11 21:04:21.0;
30;94445;2019-04-11 21:04:25.0;
30;94455;2019-04-11 21:04:27.0;
30;94440;2019-04-11 21:04:28.0;
30;94455;2019-04-11 21:04:31.0;
30;94440;2019-04-11 21:04:32.0;
30;94445;2019-04-11 21:04:33.0;
30;94440;2019-04-11 21:04:38.0;
30;94455;2019-04-11 21:04:43.0;
30;94470;2019-04-11 21:04:46.0;
30;94455;2019-04-11 21:04:49.0;
30;94470;2019-04-11 21:04:53.0;
30;94480;2019-04-11 21:04:58.0;
30;94470;2019-04-11 21:05:00.0;
30;94480;2019-04-11 21:05:04.0;
30;94470;2019-04-11 21:05:06.0;
30;94480;2019-04-11 21:05:09.0;
30;94470;2019-04-11 21:05:11.0;
30;94480;2019-04-11 21:05:15.0;
30;94470;2019-04-11 21:05:18.0;
30;94480;2019-04-11 21:05:20.0;
30;94470;2019-04-11 21:05:23.0;
30;94480;2019-04-11 21:05:24.0;
30;94495;2019-04-11 21:05:26.0;
30;94502;2019-04-11 21:05:35.0;
30;94495;2019-04-11 21:05:36.0;
30;94502;2019-04-11 21:05:48.0;
30;94495;2019-04-11 21:05:49.0;
30;94510;2019-04-11 21:05:54.0;
30;94495;2019-04-11 21:05:56.0;
30;94510;2019-04-11 21:05:59.0;
30;94535;2019-04-11 21:06:32.0;
30;94530;2019-04-11 21:06:33.0;
30;94535;2019-04-11 21:06:36.0;
30;94530;2019-04-11 21:06:37.0;
30;94535;2019-04-11 21:06:49.0;
30;94530;2019-04-11 21:06:52.0;
30;94535;2019-04-11 21:07:00.0;
30;94530;2019-04-11 21:07:02.0;
30;94535;2019-04-11 21:07:03.0;
30;94515;2019-04-11 21:07:05.0;
30;94535;2019-04-11 21:07:06.0;
30;94515;2019-04-11 21:07:08.0;
30;94535;2019-04-11 21:07:09.0;
30;94515;2019-04-11 21:07:10.0;
30;94535;2019-04-11 21:07:15.0;
30;94515;2019-04-11 21:07:16.0;
30;94535;2019-04-11 21:07:17.0;
30;94515;2019-04-11 21:07:22.0;
30;94535;2019-04-11 21:07:29.0;
30;94515;2019-04-11 21:07:30.0;
30;94535;2019-04-11 21:07:36.0;
30;94515;2019-04-11 21:07:37.0;
30;94535;2019-04-11 21:07:38.0;
30;94540;2019-04-11 21:07:41.0;
30;94535;2019-04-11 21:07:46.0;
30;94540;2019-04-11 21:07:51.0;
30;94535;2019-04-11 21:07:53.0;
30;94540;2019-04-11 21:07:55.0;
30;94535;2019-04-11 21:07:59.0;
30;94540;2019-04-11 21:08:01.0;
30;94535;2019-04-11 21:08:03.0;
30;94540;2019-04-11 21:08:04.0;
30;94535;2019-04-11 21:08:05.0;
30;94542;2019-04-11 21:08:07.0;
30;94535;2019-04-11 21:08:10.0;
30;94542;2019-04-11 21:08:11.0;
30;94545;2019-04-11 21:08:17.0;
30;94540;2019-04-11 21:08:19.0;
30;94545;2019-04-11 21:08:21.0;
30;94542;2019-04-11 21:08:22.0;
30;94540;2019-04-11 21:08:24.0;
30;94542;2019-04-11 21:08:26.0;
30;94545;2019-04-11 21:08:28.0;
30;94540;2019-04-11 21:08:32.0;
30;94542;2019-04-11 21:08:34.0;
30;94545;2019-04-11 21:08:36.0;
30;94560;2019-04-11 21:08:38.0;
30;94545;2019-04-11 21:08:43.0;
30;94560;2019-04-11 21:08:46.0;
30;94545;2019-04-11 21:08:56.0;
30;94560;2019-04-11 21:09:00.0;
30;94545;2019-04-11 21:09:03.0;
30;94560;2019-04-11 21:09:04.0;
30;94545;2019-04-11 21:09:06.0;
30;94558;2019-04-11 21:09:08.0;
30;94545;2019-04-11 21:09:10.0;
30;94558;2019-04-11 21:09:12.0;
30;94545;2019-04-11 21:09:14.0;
30;94555;2019-04-11 21:09:16.0;
30;94558;2019-04-11 21:09:20.0;
30;94555;2019-04-11 21:09:21.0;
30;94545;2019-04-11 21:09:22.0;
30;94558;2019-04-11 21:09:25.0;
30;94555;2019-04-11 21:09:27.0;
30;94558;2019-04-11 21:09:28.0;
30;94555;2019-04-11 21:09:29.0;
30;94550;2019-04-11 21:09:31.0;
30;94555;2019-04-11 21:09:32.0;
30;94558;2019-04-11 21:09:34.0;
30;94555;2019-04-11 21:09:35.0;
30;94550;2019-04-11 21:09:37.0;
30;94555;2019-04-11 21:09:39.0;
30;94550;2019-04-11 21:09:41.0;
30;94555;2019-04-11 21:09:46.0;
30;94550;2019-04-11 21:09:48.0;
30;94555;2019-04-11 21:10:35.0;
30;94550;2019-04-11 21:10:36.0;
30;94555;2019-04-11 21:10:38.0;
30;94550;2019-04-11 21:10:39.0;
30;94555;2019-04-11 21:10:40.0;
30;94565;2019-04-11 21:10:42.0;
30;94550;2019-04-11 21:10:47.0;
30;94555;2019-04-11 21:10:49.0;
30;94550;2019-04-11 21:10:53.0;
30;94565;2019-04-11 21:10:54.0;
30;94555;2019-04-11 21:10:59.0;
30;94565;2019-04-11 21:11:00.0;
30;94550;2019-04-11 21:11:12.0;
30;94565;2019-04-11 21:11:16.0;
30;94550;2019-04-11 21:11:24.0;
30;94545;2019-04-11 21:11:29.0;
30;94550;2019-04-11 21:11:31.0;
30;94545;2019-04-11 21:11:33.0;
30;94550;2019-04-11 21:11:35.0;
30;94545;2019-04-11 21:11:38.0;
30;94550;2019-04-11 21:11:42.0;
30;94560;2019-04-11 21:11:44.0;
30;94555;2019-04-11 21:11:48.0;
30;94545;2019-04-11 21:11:50.0;
30;94555;2019-04-11 21:11:52.0;
30;94560;2019-04-11 21:11:54.0;
30;94545;2019-04-11 21:11:55.0;
30;94560;2019-04-11 21:11:59.0;
30;94545;2019-04-11 21:12:02.0;
30;94560;2019-04-11 21:12:04.0;
30;94545;2019-04-11 21:12:05.0;
30;94560;2019-04-11 21:12:08.0;
30;94555;2019-04-11 21:12:11.0;
30;94545;2019-04-11 21:12:13.0;
30;94560;2019-04-11 21:12:19.0;
30;94545;2019-04-11 21:12:25.0;
30;94560;2019-04-11 21:12:27.0;
30;94545;2019-04-11 21:12:29.0;
30;94560;2019-04-11 21:12:30.0;
30;94545;2019-04-11 21:12:32.0;
30;94555;2019-04-11 21:12:33.0;
30;94560;2019-04-11 21:12:35.0;
30;94555;2019-04-11 21:12:36.0;
30;94560;2019-04-11 21:12:40.0;
30;94555;2019-04-11 21:12:42.0;
30;94560;2019-04-11 21:12:43.0;
30;94555;2019-04-11 21:12:50.0;
30;94560;2019-04-11 21:12:52.0;
30;94555;2019-04-11 21:12:54.0;
30;94560;2019-04-11 21:12:55.0;
30;94555;2019-04-11 21:12:57.0;
30;94560;2019-04-11 21:12:58.0;
30;94555;2019-04-11 21:13:10.0;
30;94560;2019-04-11 21:13:13.0;
30;94555;2019-04-11 21:13:19.0;
30;94560;2019-04-11 21:13:20.0;
30;94555;2019-04-11 21:13:21.0;
30;94560;2019-04-11 21:13:23.0;
30;94555;2019-04-11 21:13:24.0;
30;94560;2019-04-11 21:13:26.0;
30;94555;2019-04-11 21:13:27.0;
30;94560;2019-04-11 21:13:30.0;
30;94555;2019-04-11 21:13:37.0;
30;94560;2019-04-11 21:13:38.0;
30;94555;2019-04-11 21:13:40.0;
30;94560;2019-04-11 21:13:42.0;
30;94555;2019-04-11 21:13:44.0;
30;94560;2019-04-11 21:13:46.0;
30;94555;2019-04-11 21:13:51.0;
30;94560;2019-04-11 21:13:52.0;
30;94550;2019-04-11 21:13:54.0;
30;94555;2019-04-11 21:13:57.0;
30;94560;2019-04-11 21:13:58.0;
30;94550;2019-04-11 21:14:00.0;
30;94560;2019-04-11 21:14:01.0;
30;94550;2019-04-11 21:14:05.0;
30;94560;2019-04-11 21:14:06.0;
30;94550;2019-04-11 21:14:08.0;
30;94560;2019-04-11 21:14:09.0;
30;94550;2019-04-11 21:14:13.0;
30;94545;2019-04-11 21:14:26.0;
30;94560;2019-04-11 21:14:28.0;
30;94550;2019-04-11 21:14:32.0;
30;94535;2019-04-11 21:14:34.0;
30;94545;2019-04-11 21:14:36.0;
30;94535;2019-04-11 21:14:37.0;
30;94545;2019-04-11 21:14:40.0;
30;94550;2019-04-11 21:14:41.0;
30;94535;2019-04-11 21:14:43.0;
30;94545;2019-04-11 21:14:44.0;
30;94535;2019-04-11 21:14:45.0;
30;94540;2019-04-11 21:14:48.0;
30;94535;2019-04-11 21:14:51.0;
30;94545;2019-04-11 21:14:55.0;
30;94535;2019-04-11 21:14:56.0;
30;94540;2019-04-11 21:14:57.0;
30;94545;2019-04-11 21:14:59.0;
30;94540;2019-04-11 21:15:02.0;
30;94535;2019-04-11 21:15:05.0;
30;94540;2019-04-11 21:15:08.0;
30;94545;2019-04-11 21:15:09.0;
30;94535;2019-04-11 21:15:14.0;
30;94545;2019-04-11 21:15:15.0;
30;94540;2019-04-11 21:15:18.0;
30;94535;2019-04-11 21:15:21.0;
30;94540;2019-04-11 21:15:22.0;
30;94545;2019-04-11 21:15:25.0;
30;94540;2019-04-11 21:15:28.0;
30;94535;2019-04-11 21:15:29.0;
30;94540;2019-04-11 21:15:35.0;
30;94530;2019-04-11 21:15:38.0;
30;94540;2019-04-11 21:15:40.0;
30;94530;2019-04-11 21:15:43.0;
30;94540;2019-04-11 21:15:44.0;
30;94530;2019-04-11 21:15:45.0;
30;94535;2019-04-11 21:15:47.0;
30;94540;2019-04-11 21:15:50.0;
30;94530;2019-04-11 21:15:51.0;
30;94535;2019-04-11 21:15:54.0;
30;94530;2019-04-11 21:15:55.0;
30;94535;2019-04-11 21:15:57.0;
30;94530;2019-04-11 21:15:58.0;
30;94535;2019-04-11 21:16:01.0;
30;94530;2019-04-11 21:16:02.0;
30;94520;2019-04-11 21:16:04.0;
30;94530;2019-04-11 21:16:05.0;
30;94520;2019-04-11 21:16:07.0;
30;94530;2019-04-11 21:16:08.0;
30;94520;2019-04-11 21:16:10.0;
30;94530;2019-04-11 21:16:12.0;
30;94520;2019-04-11 21:16:15.0;
30;94530;2019-04-11 21:16:16.0;
30;94520;2019-04-11 21:16:19.0;
30;94525;2019-04-11 21:16:32.0;
30;94520;2019-04-11 21:16:38.0;
30;94525;2019-04-11 21:16:40.0;
30;94535;2019-04-11 21:16:45.0;
30;94525;2019-04-11 21:16:47.0;
30;94535;2019-04-11 21:16:48.0;
30;94525;2019-04-11 21:16:50.0;
30;94535;2019-04-11 21:16:55.0;
30;94525;2019-04-11 21:16:57.0;
30;94535;2019-04-11 21:17:00.0;
30;94525;2019-04-11 21:17:01.0;
30;94535;2019-04-11 21:17:04.0;
30;94545;2019-04-11 21:17:07.0;
30;94535;2019-04-11 21:17:09.0;
30;94545;2019-04-11 21:17:14.0;
30;94535;2019-04-11 21:17:15.0;
30;94550;2019-04-11 21:17:16.0;
30;94545;2019-04-11 21:17:21.0;
30;94550;2019-04-11 21:17:23.0;
30;94545;2019-04-11 21:17:26.0;
30;94550;2019-04-11 21:17:27.0;
30;94545;2019-04-11 21:17:28.0;
30;94550;2019-04-11 21:17:30.0;
30;94535;2019-04-11 21:17:31.0;
30;94545;2019-04-11 21:17:33.0;
30;94535;2019-04-11 21:17:34.0;
30;94550;2019-04-11 21:17:38.0;
30;94585;2019-04-11 21:17:40.0;
30;94550;2019-04-11 21:17:41.0;
30;94585;2019-04-11 21:17:43.0;
30;94690;2019-04-11 21:18:14.0;
30;94585;2019-04-11 21:18:16.0;
30;94700;2019-04-11 21:18:19.0;
30;94690;2019-04-11 21:18:20.0;
30;94700;2019-04-11 21:18:22.0;
30;94585;2019-04-11 21:18:24.0;
30;94690;2019-04-11 21:18:26.0;
30;94700;2019-04-11 21:18:31.0;
30;94670;2019-04-11 21:18:35.0;
30;94690;2019-04-11 21:18:37.0;
30;94670;2019-04-11 21:18:38.0;
30;94690;2019-04-11 21:18:40.0;
30;94700;2019-04-11 21:18:41.0;
30;94670;2019-04-11 21:18:45.0;
30;94660;2019-04-11 21:18:46.0;
30;94665;2019-04-11 21:18:49.0;
30;94660;2019-04-11 21:18:55.0;
30;94670;2019-04-11 21:18:58.0;
30;94665;2019-04-11 21:18:59.0;
30;94670;2019-04-11 21:19:01.0;
30;94660;2019-04-11 21:19:02.0;
30;94670;2019-04-11 21:19:03.0;
30;94665;2019-04-11 21:19:05.0;
30;94660;2019-04-11 21:19:08.0;
30;94670;2019-04-11 21:19:11.0;
30;94660;2019-04-11 21:19:12.0;
30;94670;2019-04-11 21:19:14.0;
30;94660;2019-04-11 21:19:15.0;
30;94670;2019-04-11 21:19:17.0;
30;94660;2019-04-11 21:19:20.0;
30;94670;2019-04-11 21:19:22.0;
30;94660;2019-04-11 21:19:28.0;
30;94670;2019-04-11 21:19:29.0;
30;94660;2019-04-11 21:19:31.0;
30;94670;2019-04-11 21:19:32.0;
30;94660;2019-04-11 21:19:36.0;
30;94670;2019-04-11 21:19:37.0;
30;94660;2019-04-11 21:19:38.0;
30;94670;2019-04-11 21:19:40.0;
30;94660;2019-04-11 21:19:42.0;
30;94670;2019-04-11 21:19:52.0;
30;94675;2019-04-11 21:19:53.0;
30;94660;2019-04-11 21:19:59.0;
30;94675;2019-04-11 21:20:00.0;
30;94660;2019-04-11 21:20:03.0;
30;94675;2019-04-11 21:20:04.0;
30;94660;2019-04-11 21:20:09.0;
30;94675;2019-04-11 21:20:10.0;
30;94685;2019-04-11 21:20:15.0;
30;94675;2019-04-11 21:20:16.0;
30;94685;2019-04-11 21:20:22.0;
30;94675;2019-04-11 21:20:23.0;
30;94680;2019-04-11 21:20:25.0;
30;94685;2019-04-11 21:20:35.0;
30;94680;2019-04-11 21:20:36.0;
30;94685;2019-04-11 21:20:44.0;
30;94695;2019-04-11 21:20:46.0;
30;94680;2019-04-11 21:20:49.0;
30;94695;2019-04-11 21:20:50.0;
30;94680;2019-04-11 21:20:53.0;
30;94695;2019-04-11 21:20:54.0;
30;94700;2019-04-11 21:20:57.0;
30;94695;2019-04-11 21:21:06.0;
30;94700;2019-04-11 21:21:09.0;
30;94695;2019-04-11 21:21:10.0;
30;94700;2019-04-11 21:21:14.0;
30;94725;2019-04-11 21:21:23.0;
30;94700;2019-04-11 21:21:26.0;
30;94725;2019-04-11 21:21:28.0;
30;94720;2019-04-11 21:21:32.0;
30;94725;2019-04-11 21:21:33.0;
30;94720;2019-04-11 21:21:34.0;
30;94725;2019-04-11 21:21:36.0;
30;94720;2019-04-11 21:21:39.0;
30;94725;2019-04-11 21:21:40.0;
30;94720;2019-04-11 21:21:45.0;
30;94725;2019-04-11 21:21:46.0;
30;94720;2019-04-11 21:21:48.0;
30;94725;2019-04-11 21:21:52.0;
30;94730;2019-04-11 21:21:55.0;
30;94720;2019-04-11 21:21:56.0;
30;94725;2019-04-11 21:21:58.0;
30;94730;2019-04-11 21:21:59.0;
30;94765;2019-04-11 21:22:25.0;
30;94730;2019-04-11 21:22:27.0;
30;94765;2019-04-11 21:22:31.0;
30;94772;2019-04-11 21:22:34.0;
30;94765;2019-04-11 21:22:35.0;
30;94772;2019-04-11 21:22:45.0;
30;94765;2019-04-11 21:22:46.0;
30;94772;2019-04-11 21:22:49.0;
30;94765;2019-04-11 21:22:51.0;
30;94772;2019-04-11 21:22:53.0;
30;94765;2019-04-11 21:22:54.0;
30;94772;2019-04-11 21:22:56.0;
30;94765;2019-04-11 21:23:00.0;
30;94775;2019-04-11 21:23:01.0;
30;94770;2019-04-11 21:23:35.0;
30;94775;2019-04-11 21:23:37.0;
30;94770;2019-04-11 21:23:38.0;
30;94775;2019-04-11 21:23:40.0;
30;94770;2019-04-11 21:23:48.0;
30;94775;2019-04-11 21:23:50.0;
30;94770;2019-04-11 21:23:53.0;
30;94775;2019-04-11 21:23:58.0;
30;94770;2019-04-11 21:24:02.0;
30;94775;2019-04-11 21:24:04.0;
30;94765;2019-04-11 21:24:05.0;
30;94775;2019-04-11 21:24:08.0;
30;94765;2019-04-11 21:24:10.0;
30;94755;2019-04-11 21:24:14.0;
30;94765;2019-04-11 21:24:15.0;
30;94755;2019-04-11 21:24:25.0;
30;94765;2019-04-11 21:24:26.0;
30;94755;2019-04-11 21:24:37.0;
30;94765;2019-04-11 21:24:38.0;
30;94755;2019-04-11 21:24:41.0;
30;94765;2019-04-11 21:24:44.0;
30;94760;2019-04-11 21:25:11.0;
30;94765;2019-04-11 21:25:13.0;
30;94760;2019-04-11 21:25:16.0;
30;94765;2019-04-11 21:25:17.0;
30;94760;2019-04-11 21:25:18.0;
30;94765;2019-04-11 21:25:23.0;
30;94760;2019-04-11 21:25:26.0;
30;94765;2019-04-11 21:25:27.0;
30;94760;2019-04-11 21:25:31.0;
30;94765;2019-04-11 21:25:33.0;
30;94740;2019-04-11 21:25:54.0;
30;94765;2019-04-11 21:25:57.0;
30;94698;2019-04-11 21:25:59.0;
30;94740;2019-04-11 21:26:00.0;
30;94698;2019-04-11 21:26:03.0;
30;94740;2019-04-11 21:26:04.0;
30;94698;2019-04-11 21:26:06.0;
30;94740;2019-04-11 21:26:07.0;
30;94698;2019-04-11 21:26:08.0;
30;94740;2019-04-11 21:26:10.0;
30;94698;2019-04-11 21:26:11.0;
30;94705;2019-04-11 21:26:30.0;
30;94698;2019-04-11 21:26:31.0;
30;94715;2019-04-11 21:26:32.0;
30;94705;2019-04-11 21:26:34.0;
30;94715;2019-04-11 21:26:40.0;
30;94705;2019-04-11 21:26:42.0;
30;94715;2019-04-11 21:26:47.0;
30;94705;2019-04-11 21:26:48.0;
30;94715;2019-04-11 21:26:52.0;
30;94710;2019-04-11 21:26:53.0;
30;94715;2019-04-11 21:26:55.0;
30;94705;2019-04-11 21:26:56.0;
30;94715;2019-04-11 21:26:59.0;
30;94710;2019-04-11 21:27:01.0;
30;94705;2019-04-11 21:27:02.0;
30;94710;2019-04-11 21:27:05.0;
30;94705;2019-04-11 21:27:06.0;
30;94715;2019-04-11 21:27:08.0;
30;94710;2019-04-11 21:27:09.0;
30;94715;2019-04-11 21:27:17.0;
30;94705;2019-04-11 21:27:41.0;
30;94715;2019-04-11 21:27:43.0;
30;94705;2019-04-11 21:27:49.0;
30;94715;2019-04-11 21:27:50.0;
30;94705;2019-04-11 21:27:51.0;
30;94700;2019-04-11 21:27:59.0;
30;94705;2019-04-11 21:28:02.0;
30;94700;2019-04-11 21:28:03.0;
30;94705;2019-04-11 21:28:06.0;
30;94700;2019-04-11 21:28:07.0;
30;94710;2019-04-11 21:28:14.0;
30;94700;2019-04-11 21:28:17.0;
30;94710;2019-04-11 21:28:20.0;
30;94700;2019-04-11 21:28:21.0;
30;94710;2019-04-11 21:28:23.0;
30;94700;2019-04-11 21:28:24.0;
30;94710;2019-04-11 21:28:27.0;
30;94700;2019-04-11 21:28:28.0;
30;94710;2019-04-11 21:28:30.0;
30;94705;2019-04-11 21:28:32.0;
30;94715;2019-04-11 21:28:34.0;
30;94705;2019-04-11 21:28:35.0;
30;94710;2019-04-11 21:28:37.0;
30;94715;2019-04-11 21:28:38.0;
30;94710;2019-04-11 21:28:39.0;
30;94715;2019-04-11 21:28:41.0;
30;94705;2019-04-11 21:28:45.0;
30;94715;2019-04-11 21:28:46.0;
30;94705;2019-04-11 21:28:49.0;
30;94710;2019-04-11 21:28:51.0;
30;94715;2019-04-11 21:28:53.0;
30;94710;2019-04-11 21:28:54.0;
30;94705;2019-04-11 21:28:56.0;
30;94710;2019-04-11 21:29:00.0;
30;94715;2019-04-11 21:29:01.0;
30;94710;2019-04-11 21:29:03.0;
30;94705;2019-04-11 21:29:06.0;
30;94710;2019-04-11 21:29:10.0;
30;94705;2019-04-11 21:29:11.0;
30;94710;2019-04-11 21:29:13.0;
30;94705;2019-04-11 21:29:19.0;
30;94710;2019-04-11 21:29:22.0;
30;94705;2019-04-11 21:29:24.0;
30;94710;2019-04-11 21:29:27.0;
30;94730;2019-04-11 21:29:32.0;
30;94705;2019-04-11 21:29:35.0;
30;94725;2019-04-11 21:29:38.0;
30;94730;2019-04-11 21:29:40.0;
30;94725;2019-04-11 21:29:41.0;
30;94730;2019-04-11 21:29:42.0;
30;94725;2019-04-11 21:29:48.0;
30;94730;2019-04-11 21:29:50.0;
30;94725;2019-04-11 21:29:58.0;
30;94730;2019-04-11 21:29:59.0;
30;94725;2019-04-11 21:30:00.0;
30;94730;2019-04-11 21:30:02.0;
30;94725;2019-04-11 21:30:03.0;
30;94740;2019-04-11 21:30:04.0;
30;94730;2019-04-11 21:30:06.0;
30;94725;2019-04-11 21:30:08.0;
30;94730;2019-04-11 21:30:10.0;
30;94740;2019-04-11 21:30:12.0;
30;94735;2019-04-11 21:30:13.0;
30;94740;2019-04-11 21:30:20.0;
30;94735;2019-04-11 21:30:23.0;
30;94740;2019-04-11 21:30:29.0;
30;94735;2019-04-11 21:30:30.0;
30;94740;2019-04-11 21:30:34.0;
30;94735;2019-04-11 21:30:36.0;
30;94698;2019-04-11 21:30:47.0;
30;94675;2019-04-11 21:30:50.0;
30;94735;2019-04-11 21:30:52.0;
30;94675;2019-04-11 21:30:53.0;
30;94698;2019-04-11 21:30:55.0;
30;94735;2019-04-11 21:30:56.0;
30;94698;2019-04-11 21:30:58.0;
30;94675;2019-04-11 21:30:59.0;
30;94698;2019-04-11 21:31:02.0;
30;94675;2019-04-11 21:31:03.0;
30;94698;2019-04-11 21:31:08.0;
30;94695;2019-04-11 21:31:09.0;
30;94698;2019-04-11 21:31:11.0;
30;94675;2019-04-11 21:31:15.0;
30;94698;2019-04-11 21:31:16.0;
30;94695;2019-04-11 21:31:18.0;
30;94675;2019-04-11 21:31:19.0;
30;94695;2019-04-11 21:31:29.0;
30;94675;2019-04-11 21:31:34.0;
30;94695;2019-04-11 21:31:36.0;
30;94675;2019-04-11 21:31:37.0;
30;94670;2019-04-11 21:31:50.0;
30;94675;2019-04-11 21:31:51.0;
30;94670;2019-04-11 21:31:57.0;
30;94675;2019-04-11 21:31:58.0;
30;94670;2019-04-11 21:32:01.0;
30;94675;2019-04-11 21:32:03.0;
30;94670;2019-04-11 21:32:05.0;
30;94675;2019-04-11 21:32:07.0;
30;94685;2019-04-11 21:32:10.0;
30;94675;2019-04-11 21:32:11.0;
30;94685;2019-04-11 21:32:13.0;
30;94675;2019-04-11 21:32:14.0;
30;94685;2019-04-11 21:32:17.0;
30;94675;2019-04-11 21:32:18.0;
30;94685;2019-04-11 21:32:21.0;
30;94675;2019-04-11 21:32:22.0;
30;94678;2019-04-11 21:32:25.0;
30;94685;2019-04-11 21:32:27.0;
30;94678;2019-04-11 21:32:28.0;
30;94685;2019-04-11 21:32:31.0;
30;94675;2019-04-11 21:32:32.0;
30;94685;2019-04-11 21:32:34.0;
30;94678;2019-04-11 21:32:39.0;
30;94675;2019-04-11 21:32:41.0;
30;94678;2019-04-11 21:32:42.0;
30;94675;2019-04-11 21:32:44.0;
30;94678;2019-04-11 21:32:45.0;
30;94675;2019-04-11 21:32:48.0;
30;94678;2019-04-11 21:32:55.0;
30;94675;2019-04-11 21:32:56.0;
30;94680;2019-04-11 21:32:59.0;
30;94675;2019-04-11 21:33:02.0;
30;94680;2019-04-11 21:33:03.0;
30;94675;2019-04-11 21:33:05.0;
30;94680;2019-04-11 21:33:08.0;
30;94675;2019-04-11 21:33:10.0;
30;94680;2019-04-11 21:33:12.0;
30;94690;2019-04-11 21:33:15.0;
30;94680;2019-04-11 21:33:16.0;
30;94690;2019-04-11 21:33:18.0;
30;94680;2019-04-11 21:33:19.0;
30;94690;2019-04-11 21:33:21.0;
30;94680;2019-04-11 21:33:22.0;
30;94675;2019-04-11 21:33:23.0;
30;94680;2019-04-11 21:33:25.0;
30;94690;2019-04-11 21:33:26.0;
30;94675;2019-04-11 21:33:28.0;
30;94710;2019-04-11 21:33:29.0;
30;94675;2019-04-11 21:33:31.0;
30;94690;2019-04-11 21:33:32.0;
30;94675;2019-04-11 21:33:33.0;
30;94690;2019-04-11 21:33:35.0;
30;94710;2019-04-11 21:33:36.0;
30;94705;2019-04-11 21:33:39.0;
30;94710;2019-04-11 21:33:44.0;
30;94705;2019-04-11 21:33:46.0;
30;94710;2019-04-11 21:33:47.0;
30;94705;2019-04-11 21:33:49.0;
30;94710;2019-04-11 21:33:50.0;
30;94705;2019-04-11 21:33:51.0;
30;94710;2019-04-11 21:33:54.0;
30;94705;2019-04-11 21:33:56.0;
30;94690;2019-04-11 21:34:19.0;
30;94705;2019-04-11 21:34:27.0;
30;94690;2019-04-11 21:34:29.0;
30;94675;2019-04-11 21:34:32.0;
30;94690;2019-04-11 21:34:33.0;
30;94675;2019-04-11 21:34:35.0;
30;94690;2019-04-11 21:34:36.0;
30;94675;2019-04-11 21:34:44.0;
30;94690;2019-04-11 21:34:48.0;
30;94680;2019-04-11 21:34:51.0;
30;94675;2019-04-11 21:34:52.0;
30;94680;2019-04-11 21:34:55.0;
30;94675;2019-04-11 21:34:58.0;
30;94680;2019-04-11 21:35:00.0;
30;94648;2019-04-11 21:35:03.0;
30;94680;2019-04-11 21:35:04.0;
30;94648;2019-04-11 21:35:07.0;
30;94680;2019-04-11 21:35:10.0;
30;94648;2019-04-11 21:35:17.0;
30;94680;2019-04-11 21:35:21.0;
30;94685;2019-04-11 21:35:22.0;
30;94690;2019-04-11 21:35:24.0;
30;94648;2019-04-11 21:35:25.0;
30;94685;2019-04-11 21:35:27.0;
30;94690;2019-04-11 21:35:28.0;
30;94648;2019-04-11 21:35:29.0;
30;94685;2019-04-11 21:35:31.0;
30;94700;2019-04-11 21:35:35.0;
30;94690;2019-04-11 21:35:37.0;
30;94685;2019-04-11 21:35:38.0;
30;94700;2019-04-11 21:35:40.0;
30;94685;2019-04-11 21:35:41.0;
30;94690;2019-04-11 21:35:44.0;
30;94700;2019-04-11 21:35:45.0;
30;94685;2019-04-11 21:35:47.0;
30;94700;2019-04-11 21:35:48.0;
30;94685;2019-04-11 21:35:50.0;
30;94690;2019-04-11 21:35:51.0;
30;94700;2019-04-11 21:35:53.0;
30;94690;2019-04-11 21:35:54.0;
30;94700;2019-04-11 21:35:55.0;
30;94710;2019-04-11 21:36:05.0;
30;94700;2019-04-11 21:36:07.0;
30;94710;2019-04-11 21:36:14.0;
30;94700;2019-04-11 21:36:17.0;
30;94710;2019-04-11 21:36:19.0;
30;94700;2019-04-11 21:36:21.0;
30;94710;2019-04-11 21:36:22.0;
30;94700;2019-04-11 21:36:23.0;
30;94695;2019-04-11 21:36:26.0;
30;94710;2019-04-11 21:36:27.0;
30;94690;2019-04-11 21:36:30.0;
30;94710;2019-04-11 21:36:32.0;
30;94690;2019-04-11 21:36:36.0;
30;94720;2019-04-11 21:36:37.0;
30;94695;2019-04-11 21:36:41.0;
30;94720;2019-04-11 21:36:43.0;
30;94690;2019-04-11 21:36:44.0;
30;94695;2019-04-11 21:36:48.0;
30;94690;2019-04-11 21:36:51.0;
30;94695;2019-04-11 21:36:52.0;
30;94720;2019-04-11 21:36:54.0;
30;94690;2019-04-11 21:36:56.0;
30;94718;2019-04-11 21:36:57.0;
30;94720;2019-04-11 21:36:58.0;
30;94718;2019-04-11 21:37:00.0;
30;94720;2019-04-11 21:37:01.0;
30;94718;2019-04-11 21:37:02.0;
30;94720;2019-04-11 21:37:05.0;
30;94718;2019-04-11 21:37:08.0;
30;94710;2019-04-11 21:37:09.0;
30;94718;2019-04-11 21:37:12.0;
30;94710;2019-04-11 21:37:14.0;
30;94718;2019-04-11 21:37:15.0;
30;94710;2019-04-11 21:37:16.0;
30;94718;2019-04-11 21:37:18.0;
30;94710;2019-04-11 21:37:19.0;
30;94718;2019-04-11 21:37:21.0;
30;94710;2019-04-11 21:37:22.0;
30;94718;2019-04-11 21:37:27.0;
30;94710;2019-04-11 21:37:28.0;
30;94740;2019-04-11 21:37:32.0;
30;94710;2019-04-11 21:37:34.0;
30;94740;2019-04-11 21:37:39.0;
30;94725;2019-04-11 21:37:44.0;
30;94740;2019-04-11 21:37:58.0;
30;94725;2019-04-11 21:38:00.0;
30;94735;2019-04-11 21:38:15.0;
30;94725;2019-04-11 21:38:20.0;
30;94735;2019-04-11 21:38:22.0;
30;94725;2019-04-11 21:38:32.0;
30;94735;2019-04-11 21:38:33.0;
30;94710;2019-04-11 21:38:40.0;
30;94735;2019-04-11 21:38:43.0;
30;94700;2019-04-11 21:38:46.0;
30;94710;2019-04-11 21:38:49.0;
30;94700;2019-04-11 21:38:50.0;
30;94710;2019-04-11 21:38:52.0;
30;94700;2019-04-11 21:38:53.0;
30;94710;2019-04-11 21:38:54.0;
30;94700;2019-04-11 21:38:57.0;
30;94710;2019-04-11 21:38:58.0;
30;94700;2019-04-11 21:39:04.0;
30;94710;2019-04-11 21:39:06.0;
30;94730;2019-04-11 21:39:08.0;
30;94700;2019-04-11 21:39:12.0;
30;94710;2019-04-11 21:39:13.0;
30;94700;2019-04-11 21:39:16.0;
30;94735;2019-04-11 21:39:18.0;
30;94730;2019-04-11 21:39:21.0;
30;94750;2019-04-11 21:39:22.0;
30;94735;2019-04-11 21:39:25.0;
30;94730;2019-04-11 21:39:26.0;
30;94750;2019-04-11 21:39:32.0;
30;94730;2019-04-11 21:39:33.0;
30;94735;2019-04-11 21:39:34.0;
30;94750;2019-04-11 21:39:36.0;
30;94745;2019-04-11 21:39:37.0;
30;94735;2019-04-11 21:39:39.0;
30;94750;2019-04-11 21:39:40.0;
30;94735;2019-04-11 21:39:42.0;
30;94745;2019-04-11 21:39:44.0;
30;94735;2019-04-11 21:39:47.0;
30;94750;2019-04-11 21:39:48.0;
30;94745;2019-04-11 21:39:50.0;
30;94775;2019-04-11 21:39:53.0;
30;94745;2019-04-11 21:39:54.0;
30;94775;2019-04-11 21:39:57.0;
30;94745;2019-04-11 21:39:58.0;
30;94775;2019-04-11 21:40:02.0;
30;94800;2019-04-11 21:40:04.0;
30;94775;2019-04-11 21:40:06.0;
30;94745;2019-04-11 21:40:07.0;
30;94800;2019-04-11 21:40:08.0;
30;94785;2019-04-11 21:40:15.0;
30;94775;2019-04-11 21:40:18.0;
30;94785;2019-04-11 21:40:20.0;
30;94800;2019-04-11 21:40:21.0;
30;94785;2019-04-11 21:40:23.0;
30;94800;2019-04-11 21:40:25.0;
30;94785;2019-04-11 21:40:27.0;
30;94815;2019-04-11 21:40:46.0;
30;94812;2019-04-11 21:40:48.0;
30;94815;2019-04-11 21:40:52.0;
30;94785;2019-04-11 21:40:57.0;
30;94815;2019-04-11 21:40:58.0;
30;94820;2019-04-11 21:41:00.0;
30;94815;2019-04-11 21:41:05.0;
30;94812;2019-04-11 21:41:09.0;
30;94815;2019-04-11 21:41:11.0;
30;94820;2019-04-11 21:41:12.0;
30;94815;2019-04-11 21:41:15.0;
30;94812;2019-04-11 21:41:18.0;
30;94815;2019-04-11 21:41:20.0;
30;94805;2019-04-11 21:41:21.0;
30;94815;2019-04-11 21:41:22.0;
30;94820;2019-04-11 21:41:24.0;
30;94805;2019-04-11 21:41:25.0;
30;94820;2019-04-11 21:41:26.0;
30;94815;2019-04-11 21:41:28.0;
30;94810;2019-04-11 21:41:29.0;
30;94805;2019-04-11 21:41:35.0;
30;94810;2019-04-11 21:41:36.0;
30;94815;2019-04-11 21:41:39.0;
30;94805;2019-04-11 21:41:40.0;
30;94810;2019-04-11 21:41:42.0;
30;94815;2019-04-11 21:41:43.0;
30;94805;2019-04-11 21:41:44.0;
30;94815;2019-04-11 21:41:46.0;
30;94805;2019-04-11 21:41:48.0;
30;94790;2019-04-11 21:41:49.0;
30;94805;2019-04-11 21:41:50.0;
30;94810;2019-04-11 21:41:53.0;
30;94790;2019-04-11 21:41:57.0;
30;94820;2019-04-11 21:42:04.0;
30;94790;2019-04-11 21:42:07.0;
30;94820;2019-04-11 21:42:13.0;
30;94790;2019-04-11 21:42:14.0;
30;94820;2019-04-11 21:42:17.0;
30;94810;2019-04-11 21:42:20.0;
30;94790;2019-04-11 21:42:24.0;
30;94810;2019-04-11 21:42:26.0;
30;94820;2019-04-11 21:42:30.0;
30;94830;2019-04-11 21:42:31.0;
30;94820;2019-04-11 21:42:33.0;
30;94838;2019-04-11 21:42:35.0;
30;94810;2019-04-11 21:42:40.0;
30;94830;2019-04-11 21:42:42.0;
30;94838;2019-04-11 21:42:44.0;
30;94810;2019-04-11 21:42:45.0;
30;94838;2019-04-11 21:42:47.0;
30;94810;2019-04-11 21:42:48.0;
30;94838;2019-04-11 21:42:51.0;
30;94830;2019-04-11 21:42:52.0;
30;94838;2019-04-11 21:42:53.0;
30;94835;2019-04-11 21:42:56.0;
30;94838;2019-04-11 21:42:58.0;
30;94835;2019-04-11 21:42:59.0;
30;94830;2019-04-11 21:43:01.0;
30;94838;2019-04-11 21:43:02.0;
30;94835;2019-04-11 21:43:03.0;
30;94845;2019-04-11 21:43:13.0;
30;94835;2019-04-11 21:43:16.0;
30;94845;2019-04-11 21:43:20.0;
30;94835;2019-04-11 21:43:21.0;
30;94845;2019-04-11 21:43:26.0;
30;94830;2019-04-11 21:43:27.0;
30;94835;2019-04-11 21:43:30.0;
30;94845;2019-04-11 21:43:31.0;
30;94835;2019-04-11 21:43:33.0;
30;94845;2019-04-11 21:43:34.0;
30;94830;2019-04-11 21:43:37.0;
30;94825;2019-04-11 21:43:41.0;
30;94830;2019-04-11 21:43:42.0;
30;94825;2019-04-11 21:43:45.0;
30;94842;2019-04-11 21:43:46.0;
30;94830;2019-04-11 21:43:48.0;
30;94825;2019-04-11 21:43:52.0;
30;94842;2019-04-11 21:43:54.0;
30;94825;2019-04-11 21:43:56.0;
30;94842;2019-04-11 21:43:58.0;
30;94825;2019-04-11 21:44:04.0;
30;94842;2019-04-11 21:44:06.0;
30;94820;2019-04-11 21:44:15.0;
30;94842;2019-04-11 21:44:17.0;
30;94825;2019-04-11 21:44:18.0;
30;94842;2019-04-11 21:44:21.0;
30;94825;2019-04-11 21:44:22.0;
30;94820;2019-04-11 21:44:24.0;
30;94825;2019-04-11 21:44:25.0;
30;94820;2019-04-11 21:44:28.0;
30;94825;2019-04-11 21:44:31.0;
30;94820;2019-04-11 21:44:39.0;
30;94825;2019-04-11 21:44:43.0;
30;94820;2019-04-11 21:44:44.0;
30;94825;2019-04-11 21:44:46.0;
30;94820;2019-04-11 21:44:49.0;
30;94825;2019-04-11 21:44:50.0;
30;94810;2019-04-11 21:44:52.0;
30;94825;2019-04-11 21:44:53.0;
30;94810;2019-04-11 21:44:54.0;
30;94820;2019-04-11 21:44:57.0;
30;94825;2019-04-11 21:45:00.0;
30;94820;2019-04-11 21:45:03.0;
30;94790;2019-04-11 21:45:05.0;
30;94820;2019-04-11 21:45:06.0;
30;94790;2019-04-11 21:45:07.0;
30;94820;2019-04-11 21:45:10.0;
30;94810;2019-04-11 21:45:15.0;
30;94815;2019-04-11 21:45:16.0;
30;94810;2019-04-11 21:45:19.0;
30;94815;2019-04-11 21:45:20.0;
30;94835;2019-04-11 21:45:24.0;
30;94790;2019-04-11 21:45:26.0;
30;94815;2019-04-11 21:45:27.0;
30;94835;2019-04-11 21:45:28.0;
30;94815;2019-04-11 21:45:31.0;
30;94825;2019-04-11 21:45:35.0;
30;94835;2019-04-11 21:45:37.0;
30;94815;2019-04-11 21:45:40.0;
30;94835;2019-04-11 21:45:41.0;
30;94825;2019-04-11 21:45:45.0;
30;94805;2019-04-11 21:45:48.0;
30;94825;2019-04-11 21:45:49.0;
30;94835;2019-04-11 21:45:50.0;
30;94825;2019-04-11 21:45:52.0;
30;94835;2019-04-11 21:45:53.0;
30;94825;2019-04-11 21:45:54.0;
30;94805;2019-04-11 21:45:59.0;
30;94825;2019-04-11 21:46:03.0;
30;94805;2019-04-11 21:46:05.0;
30;94785;2019-04-11 21:46:09.0;
30;94805;2019-04-11 21:46:12.0;
30;94785;2019-04-11 21:46:15.0;
30;94805;2019-04-11 21:46:16.0;
30;94775;2019-04-11 21:46:19.0;
30;94805;2019-04-11 21:46:21.0;
30;94775;2019-04-11 21:46:22.0;
30;94785;2019-04-11 21:46:25.0;
30;94775;2019-04-11 21:46:28.0;
30;94805;2019-04-11 21:46:29.0;
30;94775;2019-04-11 21:46:30.0;
30;94770;2019-04-11 21:46:32.0;
30;94785;2019-04-11 21:46:35.0;
30;94775;2019-04-11 21:46:36.0;
30;94770;2019-04-11 21:46:39.0;
30;94765;2019-04-11 21:46:44.0;
30;94770;2019-04-11 21:46:46.0;
30;94765;2019-04-11 21:46:48.0;
30;94770;2019-04-11 21:46:50.0;
30;94765;2019-04-11 21:46:54.0;
30;94770;2019-04-11 21:46:59.0;
30;94765;2019-04-11 21:47:03.0;
30;94770;2019-04-11 21:47:06.0;
30;94790;2019-04-11 21:47:07.0;
30;94770;2019-04-11 21:47:08.0;
30;94765;2019-04-11 21:47:11.0;
30;94770;2019-04-11 21:47:13.0;
30;94775;2019-04-11 21:47:14.0;
30;94770;2019-04-11 21:47:19.0;
30;94775;2019-04-11 21:47:20.0;
30;94750;2019-04-11 21:47:23.0;
30;94775;2019-04-11 21:47:24.0;
30;94790;2019-04-11 21:47:26.0;
30;94750;2019-04-11 21:47:28.0;
30;94790;2019-04-11 21:47:29.0;
30;94775;2019-04-11 21:47:30.0;
30;94790;2019-04-11 21:47:32.0;
30;94775;2019-04-11 21:47:34.0;
30;94750;2019-04-11 21:47:36.0;
30;94775;2019-04-11 21:47:37.0;
30;94750;2019-04-11 21:47:39.0;
30;94755;2019-04-11 21:47:41.0;
30;94750;2019-04-11 21:47:44.0;
30;94755;2019-04-11 21:47:47.0;
30;94750;2019-04-11 21:47:50.0;
30;94755;2019-04-11 21:47:54.0;
30;94750;2019-04-11 21:47:55.0;
30;94755;2019-04-11 21:47:57.0;
30;94750;2019-04-11 21:47:58.0;
30;94755;2019-04-11 21:47:59.0;
30;94750;2019-04-11 21:48:03.0;
30;94770;2019-04-11 21:48:08.0;
30;94750;2019-04-11 21:48:11.0;
30;94770;2019-04-11 21:48:12.0;
30;94785;2019-04-11 21:48:13.0;
30;94770;2019-04-11 21:48:15.0;
30;94785;2019-04-11 21:48:16.0;
30;94780;2019-04-11 21:48:19.0;
30;94785;2019-04-11 21:48:21.0;
30;94780;2019-04-11 21:48:22.0;
30;94785;2019-04-11 21:48:23.0;
30;94780;2019-04-11 21:48:25.0;
30;94785;2019-04-11 21:48:26.0;
30;94770;2019-04-11 21:48:29.0;
30;94785;2019-04-11 21:48:33.0;
30;94780;2019-04-11 21:48:37.0;
30;94785;2019-04-11 21:48:39.0;
30;94805;2019-04-11 21:48:41.0;
30;94785;2019-04-11 21:48:43.0;
30;94780;2019-04-11 21:48:44.0;
30;94805;2019-04-11 21:48:46.0;
30;94780;2019-04-11 21:48:49.0;
30;94810;2019-04-11 21:48:50.0;
30;94805;2019-04-11 21:48:52.0;
30;94810;2019-04-11 21:48:56.0;
30;94805;2019-04-11 21:49:00.0;
30;94810;2019-04-11 21:49:01.0;
30;94805;2019-04-11 21:49:06.0;
30;94810;2019-04-11 21:49:07.0;
30;94850;2019-04-11 21:49:17.0;
30;94810;2019-04-11 21:49:18.0;
30;94880;2019-04-11 21:49:22.0;
30;94850;2019-04-11 21:49:24.0;
30;94880;2019-04-11 21:49:26.0;
30;94850;2019-04-11 21:49:27.0;
30;94880;2019-04-11 21:49:31.0;
30;94850;2019-04-11 21:49:32.0;
30;94880;2019-04-11 21:49:35.0;
30;94850;2019-04-11 21:49:39.0;
30;94880;2019-04-11 21:49:41.0;
30;94870;2019-04-11 21:49:42.0;
30;94880;2019-04-11 21:49:44.0;
30;94870;2019-04-11 21:49:45.0;
30;94880;2019-04-11 21:49:46.0;
30;94860;2019-04-11 21:49:54.0;
30;94870;2019-04-11 21:49:55.0;
30;94860;2019-04-11 21:49:59.0;
30;94870;2019-04-11 21:50:07.0;
30;94860;2019-04-11 21:50:10.0;
30;94870;2019-04-11 21:50:12.0;
30;94860;2019-04-11 21:50:14.0;
30;94900;2019-04-11 21:50:18.0;
30;94860;2019-04-11 21:50:20.0;
30;94900;2019-04-11 21:50:21.0;
30;94860;2019-04-11 21:50:23.0;
30;94868;2019-04-11 21:50:25.0;
30;94900;2019-04-11 21:50:27.0;
30;94868;2019-04-11 21:50:28.0;
30;94900;2019-04-11 21:50:29.0;
30;94868;2019-04-11 21:50:31.0;
30;94900;2019-04-11 21:50:34.0;
30;94868;2019-04-11 21:50:37.0;
30;94900;2019-04-11 21:50:44.0;
30;94868;2019-04-11 21:50:45.0;
30;94855;2019-04-11 21:50:52.0;
30;94868;2019-04-11 21:50:54.0;
30;94850;2019-04-11 21:50:57.0;
30;94855;2019-04-11 21:50:59.0;
30;94850;2019-04-11 21:51:03.0;
30;94855;2019-04-11 21:51:06.0;
30;94850;2019-04-11 21:51:09.0;
30;94855;2019-04-11 21:51:14.0;
30;94850;2019-04-11 21:51:21.0;
30;94855;2019-04-11 21:51:23.0;
30;94868;2019-04-11 21:51:27.0;
30;94845;2019-04-11 21:51:32.0;
30;94868;2019-04-11 21:51:37.0;
30;94845;2019-04-11 21:51:40.0;
30;94868;2019-04-11 21:51:43.0;
30;94845;2019-04-11 21:51:47.0;
30;94868;2019-04-11 21:51:50.0;
30;94845;2019-04-11 21:51:51.0;
30;94835;2019-04-11 21:51:58.0;
30;94845;2019-04-11 21:52:02.0;
30;94825;2019-04-11 21:52:05.0;
30;94835;2019-04-11 21:52:07.0;
30;94825;2019-04-11 21:52:09.0;
30;94835;2019-04-11 21:52:11.0;
30;94825;2019-04-11 21:52:13.0;
30;94835;2019-04-11 21:52:17.0;
30;94825;2019-04-11 21:52:18.0;
30;94835;2019-04-11 21:52:19.0;
30;94825;2019-04-11 21:52:24.0;
30;94875;2019-04-11 21:52:29.0;
30;94825;2019-04-11 21:52:33.0;
30;94875;2019-04-11 21:52:37.0;
30;94865;2019-04-11 21:53:00.0;
30;94875;2019-04-11 21:53:01.0;
30;94865;2019-04-11 21:53:08.0;
30;94880;2019-04-11 21:53:10.0;
30;94865;2019-04-11 21:53:11.0;
30;94880;2019-04-11 21:53:13.0;
30;94865;2019-04-11 21:53:22.0;
30;94880;2019-04-11 21:53:24.0;
30;94865;2019-04-11 21:53:25.0;
30;94880;2019-04-11 21:53:29.0;
30;94868;2019-04-11 21:53:42.0;
30;94880;2019-04-11 21:53:45.0;
30;94868;2019-04-11 21:53:46.0;
30;94880;2019-04-11 21:53:48.0;
30;94868;2019-04-11 21:53:51.0;
30;94880;2019-04-11 21:53:56.0;
30;94868;2019-04-11 21:53:58.0;
30;94880;2019-04-11 21:53:59.0;
30;94868;2019-04-11 21:54:03.0;
30;94880;2019-04-11 21:54:04.0;
30;94890;2019-04-11 21:54:06.0;
30;94880;2019-04-11 21:54:07.0;
30;94890;2019-04-11 21:54:10.0;
30;94880;2019-04-11 21:54:11.0;
30;94890;2019-04-11 21:54:13.0;
30;94880;2019-04-11 21:54:14.0;
30;94890;2019-04-11 21:54:17.0;
30;94880;2019-04-11 21:54:18.0;
30;94895;2019-04-11 21:54:21.0;
30;94880;2019-04-11 21:54:23.0;
30;94890;2019-04-11 21:54:24.0;
30;94895;2019-04-11 21:54:26.0;
30;94880;2019-04-11 21:54:27.0;
30;94890;2019-04-11 21:54:29.0;
30;94880;2019-04-11 21:54:30.0;
30;94895;2019-04-11 21:54:31.0;
30;94880;2019-04-11 21:54:32.0;
30;94895;2019-04-11 21:54:34.0;
30;94890;2019-04-11 21:54:35.0;
30;94880;2019-04-11 21:54:37.0;
30;94895;2019-04-11 21:54:38.0;
30;94880;2019-04-11 21:54:40.0;
30;94895;2019-04-11 21:54:41.0;
30;94885;2019-04-11 21:54:47.0;
30;94880;2019-04-11 21:54:50.0;
30;94885;2019-04-11 21:54:51.0;
30;94880;2019-04-11 21:54:52.0;
30;94890;2019-04-11 21:55:00.0;
30;94880;2019-04-11 21:55:02.0;
30;94890;2019-04-11 21:55:03.0;
30;94880;2019-04-11 21:55:05.0;
30;94905;2019-04-11 21:55:08.0;
30;94885;2019-04-11 21:55:10.0;
30;94890;2019-04-11 21:55:11.0;
30;94885;2019-04-11 21:55:12.0;
30;94890;2019-04-11 21:55:14.0;
30;94885;2019-04-11 21:55:16.0;
30;94905;2019-04-11 21:55:18.0;
30;94915;2019-04-11 21:55:20.0;
30;94890;2019-04-11 21:55:21.0;
30;94915;2019-04-11 21:55:27.0;
30;94905;2019-04-11 21:55:36.0;
30;94915;2019-04-11 21:55:37.0;
30;94920;2019-04-11 21:55:41.0;
30;94915;2019-04-11 21:55:45.0;
30;94920;2019-04-11 21:55:46.0;
30;94915;2019-04-11 21:55:48.0;
30;94920;2019-04-11 21:55:49.0;
30;94915;2019-04-11 21:55:51.0;
30;94920;2019-04-11 21:55:53.0;
30;94915;2019-04-11 21:55:54.0;
30;94920;2019-04-11 21:55:55.0;
30;94915;2019-04-11 21:55:57.0;
30;94920;2019-04-11 21:55:58.0;
30;94885;2019-04-11 21:56:12.0;
30;94920;2019-04-11 21:56:16.0;
30;94885;2019-04-11 21:56:17.0;
30;94920;2019-04-11 21:56:19.0;
30;94885;2019-04-11 21:56:20.0;
30;94920;2019-04-11 21:56:23.0;
30;94885;2019-04-11 21:56:24.0;
30;94920;2019-04-11 21:56:26.0;
30;94885;2019-04-11 21:56:29.0;
30;94865;2019-04-11 21:56:30.0;
30;94885;2019-04-11 21:56:33.0;
30;94865;2019-04-11 21:56:34.0;
30;94885;2019-04-11 21:56:41.0;
30;94860;2019-04-11 21:56:44.0;
30;94865;2019-04-11 21:56:45.0;
30;94860;2019-04-11 21:56:48.0;
30;94865;2019-04-11 21:56:50.0;
30;94870;2019-04-11 21:56:57.0;
30;94865;2019-04-11 21:56:58.0;
30;94870;2019-04-11 21:57:01.0;
30;94860;2019-04-11 21:57:02.0;
30;94870;2019-04-11 21:57:05.0;
30;94885;2019-04-11 21:57:07.0;
30;94860;2019-04-11 21:57:09.0;
30;94870;2019-04-11 21:57:11.0;
30;94885;2019-04-11 21:57:13.0;
30;94870;2019-04-11 21:57:17.0;
30;94885;2019-04-11 21:57:18.0;
30;94870;2019-04-11 21:57:24.0;
30;94885;2019-04-11 21:57:25.0;
30;94875;2019-04-11 21:57:30.0;
30;94885;2019-04-11 21:57:31.0;
30;94875;2019-04-11 21:57:33.0;
30;94885;2019-04-11 21:57:37.0;
30;94875;2019-04-11 21:57:40.0;
30;94885;2019-04-11 21:57:41.0;
30;94875;2019-04-11 21:57:42.0;
30;94885;2019-04-11 21:57:44.0;
30;94875;2019-04-11 21:57:45.0;
30;94885;2019-04-11 21:57:47.0;
30;94875;2019-04-11 21:57:50.0;
30;94885;2019-04-11 21:57:51.0;
30;94870;2019-04-11 21:57:52.0;
30;94885;2019-04-11 21:57:55.0;
30;94870;2019-04-11 21:57:59.0;
30;94885;2019-04-11 21:58:01.0;
30;94870;2019-04-11 21:58:02.0;
30;94885;2019-04-11 21:58:04.0;
30;94870;2019-04-11 21:58:05.0;
30;94885;2019-04-11 21:58:06.0;
30;94870;2019-04-11 21:58:08.0;
30;94860;2019-04-11 21:58:18.0;
30;94870;2019-04-11 21:58:19.0;
30;94860;2019-04-11 21:58:21.0;
30;94870;2019-04-11 21:58:22.0;
30;94860;2019-04-11 21:58:23.0;
30;94870;2019-04-11 21:58:25.0;
30;94860;2019-04-11 21:58:28.0;
30;94870;2019-04-11 21:58:29.0;
30;94860;2019-04-11 21:58:30.0;
30;94870;2019-04-11 21:58:32.0;
30;94880;2019-04-11 21:58:36.0;
30;94870;2019-04-11 21:58:38.0;
30;94860;2019-04-11 21:58:39.0;
30;94870;2019-04-11 21:58:41.0;
30;94880;2019-04-11 21:58:42.0;
30;94860;2019-04-11 21:58:45.0;
30;94870;2019-04-11 21:58:46.0;
30;94880;2019-04-11 21:58:49.0;
30;94870;2019-04-11 21:58:52.0;
30;94865;2019-04-11 21:58:56.0;
30;94870;2019-04-11 21:58:57.0;
30;94865;2019-04-11 21:59:00.0;
30;94880;2019-04-11 21:59:03.0;
30;94865;2019-04-11 21:59:04.0;
30;94880;2019-04-11 21:59:05.0;
30;94865;2019-04-11 21:59:07.0;
30;94870;2019-04-11 21:59:08.0;
30;94865;2019-04-11 21:59:11.0;
30;94870;2019-04-11 21:59:15.0;
30;94865;2019-04-11 21:59:17.0;
30;94870;2019-04-11 21:59:21.0;
30;94865;2019-04-11 21:59:22.0;
30;94855;2019-04-11 21:59:24.0;
30;94870;2019-04-11 21:59:25.0;
30;94855;2019-04-11 21:59:28.0;
30;94865;2019-04-11 21:59:29.0;
30;94870;2019-04-11 21:59:30.0;
30;94865;2019-04-11 21:59:32.0;
30;94855;2019-04-11 21:59:33.0;
30;94870;2019-04-11 21:59:35.0;
30;94855;2019-04-11 21:59:38.0;
30;94825;2019-04-11 21:59:39.0;
30;94855;2019-04-11 21:59:45.0;
30;94825;2019-04-11 21:59:46.0;
30;94855;2019-04-11 21:59:47.0;
30;94825;2019-04-11 21:59:50.0;
30;94855;2019-04-11 21:59:51.0;
30;94825;2019-04-11 21:59:53.0;
30;94820;2019-04-11 21:59:56.0;
30;94825;2019-04-11 21:59:57.0;
30;94820;2019-04-11 22:00:01.0;
30;94825;2019-04-11 22:00:03.0;
30;94820;2019-04-11 22:00:04.0;
30;94825;2019-04-11 22:00:06.0;
30;94820;2019-04-11 22:00:10.0;
30;94795;2019-04-11 22:00:12.0;
30;94788;2019-04-11 22:00:13.0;
30;94820;2019-04-11 22:00:16.0;
30;94788;2019-04-11 22:00:17.0;
30;94820;2019-04-11 22:00:19.0;
30;94788;2019-04-11 22:00:20.0;
30;94795;2019-04-11 22:00:21.0;
30;94820;2019-04-11 22:00:24.0;
30;94795;2019-04-11 22:00:26.0;
30;94788;2019-04-11 22:00:29.0;
30;94825;2019-04-11 22:00:30.0;
30;94795;2019-04-11 22:00:31.0;
30;94825;2019-04-11 22:00:33.0;
30;94795;2019-04-11 22:00:36.0;
30;94825;2019-04-11 22:00:37.0;
30;94840;2019-04-11 22:00:42.0;
30;94825;2019-04-11 22:00:47.0;
30;94840;2019-04-11 22:00:50.0;
30;94825;2019-04-11 22:00:51.0;
30;94840;2019-04-11 22:00:54.0;
30;94825;2019-04-11 22:00:55.0;
30;94840;2019-04-11 22:00:57.0;
30;94825;2019-04-11 22:01:00.0;
30;94840;2019-04-11 22:01:01.0;
30;94855;2019-04-11 22:01:02.0;
30;94840;2019-04-11 22:01:04.0;
30;94855;2019-04-11 22:01:05.0;
30;94840;2019-04-11 22:01:07.0;
30;94855;2019-04-11 22:01:10.0;
30;94840;2019-04-11 22:01:11.0;
30;94865;2019-04-11 22:01:14.0;
30;94855;2019-04-11 22:01:21.0;
30;94865;2019-04-11 22:01:23.0;
30;94855;2019-04-11 22:01:30.0;
30;94865;2019-04-11 22:01:31.0;
30;94860;2019-04-11 22:01:34.0;
30;94865;2019-04-11 22:01:36.0;
30;94860;2019-04-11 22:01:37.0;
30;94865;2019-04-11 22:01:38.0;
30;94860;2019-04-11 22:01:44.0;
30;94845;2019-04-11 22:01:45.0;
30;94860;2019-04-11 22:01:48.0;
30;94845;2019-04-11 22:01:51.0;
30;94860;2019-04-11 22:01:52.0;
30;94845;2019-04-11 22:01:55.0;
30;94860;2019-04-11 22:01:58.0;
30;94845;2019-04-11 22:02:03.0;
30;94860;2019-04-11 22:02:04.0;
30;94845;2019-04-11 22:02:06.0;
30;94830;2019-04-11 22:02:09.0;
30;94845;2019-04-11 22:02:12.0;
30;94830;2019-04-11 22:02:14.0;
30;94845;2019-04-11 22:02:17.0;
30;94805;2019-04-11 22:02:19.0;
30;94845;2019-04-11 22:02:20.0;
30;94805;2019-04-11 22:02:23.0;
30;94830;2019-04-11 22:02:24.0;
30;94805;2019-04-11 22:02:26.0;
30;94830;2019-04-11 22:02:27.0;
30;94805;2019-04-11 22:02:29.0;
30;94815;2019-04-11 22:02:53.0;
30;94820;2019-04-11 22:02:56.0;
30;94815;2019-04-11 22:02:57.0;
30;94805;2019-04-11 22:03:00.0;
30;94815;2019-04-11 22:03:01.0;
30;94820;2019-04-11 22:03:04.0;
30;94815;2019-04-11 22:03:07.0;
30;94820;2019-04-11 22:03:11.0;
30;94815;2019-04-11 22:03:12.0;
30;94820;2019-04-11 22:03:13.0;
30;94815;2019-04-11 22:03:15.0;
30;94810;2019-04-11 22:03:24.0;
30;94815;2019-04-11 22:03:26.0;
30;94820;2019-04-11 22:03:30.0;
30;94810;2019-04-11 22:03:34.0;
30;94815;2019-04-11 22:03:36.0;
30;94820;2019-04-11 22:03:39.0;
30;94815;2019-04-11 22:03:41.0;
30;94810;2019-04-11 22:03:43.0;
30;94820;2019-04-11 22:03:44.0;
30;94815;2019-04-11 22:03:46.0;
30;94820;2019-04-11 22:03:48.0;
30;94815;2019-04-11 22:03:49.0;
30;94825;2019-04-11 22:03:50.0;
30;94815;2019-04-11 22:03:53.0;
30;94825;2019-04-11 22:03:56.0;
30;94815;2019-04-11 22:03:59.0;
30;94825;2019-04-11 22:04:00.0;
30;94815;2019-04-11 22:04:02.0;
30;94825;2019-04-11 22:04:03.0;
30;94815;2019-04-11 22:04:06.0;
30;94825;2019-04-11 22:04:10.0;
30;94815;2019-04-11 22:04:14.0;
30;94825;2019-04-11 22:04:16.0;
30;94815;2019-04-11 22:04:20.0;
30;94830;2019-04-11 22:04:22.0;
30;94825;2019-04-11 22:04:27.0;
30;94830;2019-04-11 22:04:30.0;
30;94815;2019-04-11 22:04:31.0;
30;94830;2019-04-11 22:04:34.0;
30;94815;2019-04-11 22:04:36.0;
30;94830;2019-04-11 22:04:37.0;
30;94850;2019-04-11 22:04:41.0;
30;94830;2019-04-11 22:04:43.0;
30;94850;2019-04-11 22:04:44.0;
30;94830;2019-04-11 22:04:47.0;
30;94850;2019-04-11 22:04:52.0;
30;94830;2019-04-11 22:05:02.0;
30;94850;2019-04-11 22:05:03.0;
30;94830;2019-04-11 22:05:05.0;
30;94850;2019-04-11 22:05:06.0;
30;94830;2019-04-11 22:05:08.0;
30;94850;2019-04-11 22:05:09.0;
30;94835;2019-04-11 22:05:10.0;
30;94850;2019-04-11 22:05:15.0;
30;94835;2019-04-11 22:05:20.0;
30;94845;2019-04-11 22:05:32.0;
30;94835;2019-04-11 22:05:34.0;
30;94845;2019-04-11 22:05:35.0;
30;94835;2019-04-11 22:05:36.0;
30;94845;2019-04-11 22:05:39.0;
30;94850;2019-04-11 22:05:41.0;
30;94835;2019-04-11 22:05:43.0;
30;94850;2019-04-11 22:05:45.0;
30;94845;2019-04-11 22:05:49.0;
30;94840;2019-04-11 22:05:52.0;
30;94850;2019-04-11 22:05:53.0;
30;94840;2019-04-11 22:05:57.0;
30;94850;2019-04-11 22:05:59.0;
30;94840;2019-04-11 22:06:00.0;
30;94850;2019-04-11 22:06:03.0;
30;94840;2019-04-11 22:06:04.0;
30;94850;2019-04-11 22:06:06.0;
30;94840;2019-04-11 22:06:09.0;
30;94845;2019-04-11 22:06:26.0;
30;94840;2019-04-11 22:06:27.0;
30;94845;2019-04-11 22:06:28.0;
30;94840;2019-04-11 22:06:35.0;
30;94845;2019-04-11 22:06:38.0;
30;94840;2019-04-11 22:06:39.0;
30;94845;2019-04-11 22:06:41.0;
30;94840;2019-04-11 22:06:42.0;
30;94845;2019-04-11 22:06:43.0;
30;94830;2019-04-11 22:06:46.0;
30;94835;2019-04-11 22:06:48.0;
30;94845;2019-04-11 22:06:49.0;
30;94835;2019-04-11 22:06:52.0;
30;94845;2019-04-11 22:06:55.0;
30;94835;2019-04-11 22:06:56.0;
30;94845;2019-04-11 22:06:57.0;
30;94830;2019-04-11 22:06:59.0;
30;94835;2019-04-11 22:07:03.0;
30;94845;2019-04-11 22:07:07.0;
30;94835;2019-04-11 22:07:08.0;
30;94845;2019-04-11 22:07:14.0;
30;94835;2019-04-11 22:07:16.0;
30;94845;2019-04-11 22:07:17.0;
30;94835;2019-04-11 22:07:19.0;
30;94845;2019-04-11 22:07:20.0;
30;94835;2019-04-11 22:07:23.0;
30;94830;2019-04-11 22:07:25.0;
30;94845;2019-04-11 22:07:26.0;
30;94835;2019-04-11 22:07:27.0;
30;94830;2019-04-11 22:07:29.0;
30;94820;2019-04-11 22:07:31.0;
30;94835;2019-04-11 22:07:33.0;
30;94820;2019-04-11 22:07:34.0;
30;94830;2019-04-11 22:07:38.0;
30;94820;2019-04-11 22:07:40.0;
30;94830;2019-04-11 22:07:41.0;
30;94820;2019-04-11 22:07:45.0;
30;94830;2019-04-11 22:07:47.0;
30;94820;2019-04-11 22:07:50.0;
30;94828;2019-04-11 22:07:58.0;
30;94820;2019-04-11 22:07:59.0;
30;94828;2019-04-11 22:08:02.0;
30;94820;2019-04-11 22:08:03.0;
30;94840;2019-04-11 22:08:05.0;
30;94828;2019-04-11 22:08:16.0;
30;94840;2019-04-11 22:08:17.0;
30;94828;2019-04-11 22:08:23.0;
30;94840;2019-04-11 22:08:24.0;
30;94828;2019-04-11 22:08:27.0;
30;94840;2019-04-11 22:08:28.0;
30;94820;2019-04-11 22:08:30.0;
30;94840;2019-04-11 22:08:31.0;
30;94820;2019-04-11 22:08:33.0;
30;94840;2019-04-11 22:08:34.0;
30;94815;2019-04-11 22:08:35.0;
30;94820;2019-04-11 22:08:38.0;
30;94815;2019-04-11 22:08:39.0;
30;94820;2019-04-11 22:08:41.0;
30;94815;2019-04-11 22:08:42.0;
30;94820;2019-04-11 22:08:45.0;
30;94815;2019-04-11 22:08:46.0;
30;94820;2019-04-11 22:08:53.0;
30;94815;2019-04-11 22:08:55.0;
30;94820;2019-04-11 22:08:56.0;
30;94815;2019-04-11 22:08:58.0;
30;94820;2019-04-11 22:09:03.0;
30;94815;2019-04-11 22:09:04.0;
30;94810;2019-04-11 22:09:07.0;
30;94815;2019-04-11 22:09:08.0;
30;94810;2019-04-11 22:09:09.0;
30;94820;2019-04-11 22:09:19.0;
30;94805;2019-04-11 22:09:20.0;
30;94810;2019-04-11 22:09:22.0;
30;94820;2019-04-11 22:09:23.0;
30;94805;2019-04-11 22:09:24.0;
30;94810;2019-04-11 22:09:27.0;
30;94820;2019-04-11 22:09:29.0;
30;94810;2019-04-11 22:09:30.0;
30;94805;2019-04-11 22:09:32.0;
30;94815;2019-04-11 22:09:33.0;
30;94805;2019-04-11 22:09:40.0;
30;94830;2019-04-11 22:09:43.0;
30;94815;2019-04-11 22:09:44.0;
30;94830;2019-04-11 22:09:48.0;
30;94815;2019-04-11 22:09:50.0;
30;94830;2019-04-11 22:09:51.0;
30;94815;2019-04-11 22:09:55.0;
30;94830;2019-04-11 22:09:57.0;
30;94815;2019-04-11 22:09:58.0;
30;94830;2019-04-11 22:10:01.0;
30;94860;2019-04-11 22:10:04.0;
30;94830;2019-04-11 22:10:05.0;
30;94860;2019-04-11 22:10:09.0;
30;94830;2019-04-11 22:10:12.0;
30;94860;2019-04-11 22:10:13.0;
30;94855;2019-04-11 22:10:15.0;
30;94860;2019-04-11 22:10:19.0;
30;94855;2019-04-11 22:10:20.0;
30;94860;2019-04-11 22:10:24.0;
30;94855;2019-04-11 22:10:26.0;
30;94860;2019-04-11 22:10:28.0;
30;94855;2019-04-11 22:10:32.0;
30;94865;2019-04-11 22:10:38.0;
30;94855;2019-04-11 22:10:39.0;
30;94865;2019-04-11 22:10:50.0;
30;94855;2019-04-11 22:10:53.0;
30;94865;2019-04-11 22:10:54.0;
30;94855;2019-04-11 22:10:57.0;
30;94865;2019-04-11 22:10:59.0;
30;94855;2019-04-11 22:11:00.0;
30;94865;2019-04-11 22:11:02.0;
30;94855;2019-04-11 22:11:08.0;
30;94865;2019-04-11 22:11:18.0;
30;94850;2019-04-11 22:11:19.0;
30;94855;2019-04-11 22:11:22.0;
30;94850;2019-04-11 22:11:26.0;
30;94855;2019-04-11 22:11:28.0;
30;94880;2019-04-11 22:11:29.0;
30;94850;2019-04-11 22:11:30.0;
30;94855;2019-04-11 22:11:32.0;
30;94880;2019-04-11 22:11:33.0;
30;94855;2019-04-11 22:11:34.0;
30;94880;2019-04-11 22:11:39.0;
30;94850;2019-04-11 22:11:40.0;
30;94880;2019-04-11 22:11:41.0;
30;94890;2019-04-11 22:11:43.0;
30;94880;2019-04-11 22:11:44.0;
30;94890;2019-04-11 22:11:46.0;
30;94880;2019-04-11 22:11:47.0;
30;94890;2019-04-11 22:11:49.0;
30;94880;2019-04-11 22:11:50.0;
30;94890;2019-04-11 22:11:57.0;
30;94880;2019-04-11 22:11:58.0;
30;94890;2019-04-11 22:12:01.0;
30;94880;2019-04-11 22:12:03.0;
30;94890;2019-04-11 22:12:05.0;
30;94880;2019-04-11 22:12:06.0;
30;94890;2019-04-11 22:12:13.0;
30;94880;2019-04-11 22:12:14.0;
30;94890;2019-04-11 22:12:16.0;
30;94880;2019-04-11 22:12:18.0;
30;94890;2019-04-11 22:12:21.0;
30;94870;2019-04-11 22:12:22.0;
30;94890;2019-04-11 22:12:25.0;
30;94880;2019-04-11 22:12:29.0;
30;94870;2019-04-11 22:12:31.0;
30;94860;2019-04-11 22:12:34.0;
30;94890;2019-04-11 22:12:35.0;
30;94860;2019-04-11 22:12:36.0;
30;94870;2019-04-11 22:12:39.0;
30;94860;2019-04-11 22:12:40.0;
30;94870;2019-04-11 22:12:43.0;
30;94890;2019-04-11 22:12:45.0;
30;94860;2019-04-11 22:12:47.0;
30;94862;2019-04-11 22:12:49.0;
30;94860;2019-04-11 22:12:50.0;
30;94870;2019-04-11 22:12:52.0;
30;94862;2019-04-11 22:12:53.0;
30;94860;2019-04-11 22:12:55.0;
30;94862;2019-04-11 22:12:56.0;
30;94860;2019-04-11 22:13:03.0;
30;94862;2019-04-11 22:13:05.0;
30;94860;2019-04-11 22:13:07.0;
30;94862;2019-04-11 22:13:11.0;
30;94865;2019-04-11 22:13:13.0;
30;94860;2019-04-11 22:13:14.0;
30;94865;2019-04-11 22:13:16.0;
30;94862;2019-04-11 22:13:18.0;
30;94865;2019-04-11 22:13:19.0;
30;94860;2019-04-11 22:13:23.0;
30;94865;2019-04-11 22:13:25.0;
30;94845;2019-04-11 22:14:29.0;
30;94850;2019-04-11 22:14:36.0;
30;94845;2019-04-11 22:14:39.0;
30;94850;2019-04-11 22:14:40.0;
30;94845;2019-04-11 22:14:42.0;
30;94850;2019-04-11 22:14:45.0;
30;94845;2019-04-11 22:14:46.0;
30;94850;2019-04-11 22:14:47.0;
30;94845;2019-04-11 22:14:48.0;
30;94850;2019-04-11 22:14:50.0;
30;94845;2019-04-11 22:14:54.0;
30;94850;2019-04-11 22:14:58.0;
30;94845;2019-04-11 22:15:00.0;
30;94850;2019-04-11 22:15:01.0;
30;94875;2019-04-11 22:15:11.0;
30;94850;2019-04-11 22:15:14.0;
30;94875;2019-04-11 22:15:15.0;
30;94850;2019-04-11 22:15:22.0;
30;94875;2019-04-11 22:15:23.0;
30;94850;2019-04-11 22:15:26.0;
30;94875;2019-04-11 22:15:29.0;
30;94865;2019-04-11 22:15:39.0;
30;94860;2019-04-11 22:15:43.0;
30;94865;2019-04-11 22:15:52.0;
30;94860;2019-04-11 22:15:54.0;
30;94865;2019-04-11 22:15:55.0;
30;94860;2019-04-11 22:15:59.0;
30;94865;2019-04-11 22:16:03.0;
30;94860;2019-04-11 22:16:05.0;
30;94855;2019-04-11 22:16:10.0;
30;94865;2019-04-11 22:16:12.0;
30;94860;2019-04-11 22:16:14.0;
30;94865;2019-04-11 22:16:15.0;
30;94850;2019-04-11 22:16:20.0;
30;94855;2019-04-11 22:16:24.0;
30;94850;2019-04-11 22:16:26.0;
30;94855;2019-04-11 22:16:27.0;
30;94850;2019-04-11 22:16:33.0;
30;94855;2019-04-11 22:16:37.0;
30;94850;2019-04-11 22:16:38.0;
30;94855;2019-04-11 22:16:43.0;
30;94850;2019-04-11 22:16:44.0;
30;94855;2019-04-11 22:16:48.0;
30;94845;2019-04-11 22:16:51.0;
30;94850;2019-04-11 22:16:52.0;
30;94845;2019-04-11 22:16:54.0;
30;94855;2019-04-11 22:16:55.0;
30;94845;2019-04-11 22:16:58.0;
30;94860;2019-04-11 22:17:01.0;
30;94845;2019-04-11 22:17:05.0;
30;94855;2019-04-11 22:17:06.0;
30;94845;2019-04-11 22:17:07.0;
30;94860;2019-04-11 22:17:10.0;
30;94845;2019-04-11 22:17:11.0;
30;94860;2019-04-11 22:17:13.0;
30;94845;2019-04-11 22:17:16.0;
30;94860;2019-04-11 22:17:17.0;
30;94845;2019-04-11 22:17:19.0;
30;94860;2019-04-11 22:17:20.0;
30;94845;2019-04-11 22:17:37.0;
30;94860;2019-04-11 22:17:40.0;
30;94845;2019-04-11 22:17:41.0;
30;94860;2019-04-11 22:17:48.0;
30;94845;2019-04-11 22:17:53.0;
30;94835;2019-04-11 22:18:08.0;
30;94845;2019-04-11 22:18:10.0;
30;94835;2019-04-11 22:18:11.0;
30;94840;2019-04-11 22:18:17.0;
30;94835;2019-04-11 22:18:19.0;
30;94840;2019-04-11 22:18:20.0;
30;94845;2019-04-11 22:18:23.0;
30;94840;2019-04-11 22:18:24.0;
30;94845;2019-04-11 22:18:26.0;
30;94835;2019-04-11 22:18:27.0;
30;94840;2019-04-11 22:18:28.0;
30;94835;2019-04-11 22:18:31.0;
30;94840;2019-04-11 22:18:33.0;
30;94835;2019-04-11 22:18:34.0;
30;94840;2019-04-11 22:18:41.0;
30;94835;2019-04-11 22:18:42.0;
30;94845;2019-04-11 22:18:45.0;
30;94835;2019-04-11 22:18:47.0;
30;94845;2019-04-11 22:18:49.0;
30;94835;2019-04-11 22:18:51.0;
30;94845;2019-04-11 22:18:52.0;
30;94835;2019-04-11 22:18:54.0;
30;94845;2019-04-11 22:18:56.0;
30;94835;2019-04-11 22:18:57.0;
30;94840;2019-04-11 22:18:58.0;
30;94845;2019-04-11 22:19:01.0;
30;94840;2019-04-11 22:19:03.0;
30;94835;2019-04-11 22:19:04.0;
30;94845;2019-04-11 22:19:06.0;
30;94835;2019-04-11 22:19:07.0;
30;94840;2019-04-11 22:19:08.0;
30;94845;2019-04-11 22:19:11.0;
30;94840;2019-04-11 22:19:13.0;
30;94860;2019-04-11 22:19:28.0;
30;94840;2019-04-11 22:19:30.0;
30;94860;2019-04-11 22:19:32.0;
30;94840;2019-04-11 22:19:36.0;
30;94860;2019-04-11 22:19:42.0;
30;94855;2019-04-11 22:19:46.0;
30;94860;2019-04-11 22:19:49.0;
30;94855;2019-04-11 22:19:52.0;
30;94860;2019-04-11 22:19:53.0;
30;94855;2019-04-11 22:19:54.0;
30;94865;2019-04-11 22:20:17.0;
30;94855;2019-04-11 22:20:20.0;
30;94865;2019-04-11 22:20:23.0;
30;94855;2019-04-11 22:20:26.0;
30;94865;2019-04-11 22:20:27.0;
30;94855;2019-04-11 22:20:30.0;
30;94865;2019-04-11 22:20:32.0;
30;94855;2019-04-11 22:20:51.0;
30;94865;2019-04-11 22:20:53.0;
30;94855;2019-04-11 22:20:56.0;
30;94865;2019-04-11 22:21:00.0;
30;94855;2019-04-11 22:21:01.0;
30;94865;2019-04-11 22:21:02.0;
30;94855;2019-04-11 22:21:04.0;
30;94850;2019-04-11 22:21:05.0;
30;94855;2019-04-11 22:21:07.0;
30;94850;2019-04-11 22:21:10.0;
30;94855;2019-04-11 22:21:11.0;
30;94850;2019-04-11 22:21:14.0;
30;94855;2019-04-11 22:21:18.0;
30;94850;2019-04-11 22:21:21.0;
30;94852;2019-04-11 22:21:24.0;
30;94855;2019-04-11 22:21:26.0;
30;94852;2019-04-11 22:21:28.0;
30;94860;2019-04-11 22:21:36.0;
30;94852;2019-04-11 22:21:37.0;
30;94860;2019-04-11 22:21:48.0;
30;94852;2019-04-11 22:21:49.0;
30;94860;2019-04-11 22:21:53.0;
30;94850;2019-04-11 22:21:58.0;
30;94860;2019-04-11 22:22:01.0;
30;94850;2019-04-11 22:22:08.0;
30;94860;2019-04-11 22:22:12.0;
30;94850;2019-04-11 22:22:15.0;
30;94860;2019-04-11 22:22:16.0;
30;94850;2019-04-11 22:22:20.0;
30;94860;2019-04-11 22:22:25.0;
30;94850;2019-04-11 22:22:27.0;
30;94860;2019-04-11 22:22:32.0;
30;94865;2019-04-11 22:22:33.0;
30;94855;2019-04-11 22:22:43.0;
30;94865;2019-04-11 22:22:45.0;
30;94855;2019-04-11 22:22:52.0;
30;94865;2019-04-11 22:22:54.0;
30;94855;2019-04-11 22:22:56.0;
30;94865;2019-04-11 22:22:58.0;
30;94855;2019-04-11 22:22:59.0;
30;94865;2019-04-11 22:23:02.0;
30;94860;2019-04-11 22:23:04.0;
30;94865;2019-04-11 22:23:05.0;
30;94860;2019-04-11 22:23:07.0;
30;94855;2019-04-11 22:23:08.0;
30;94870;2019-04-11 22:23:09.0;
30;94855;2019-04-11 22:23:11.0;
30;94860;2019-04-11 22:23:12.0;
30;94870;2019-04-11 22:23:13.0;
30;94860;2019-04-11 22:23:15.0;
30;94870;2019-04-11 22:23:23.0;
30;94860;2019-04-11 22:23:25.0;
30;94870;2019-04-11 22:23:26.0;
30;94860;2019-04-11 22:23:27.0;
30;94870;2019-04-11 22:23:33.0;
30;94860;2019-04-11 22:23:36.0;
30;94870;2019-04-11 22:23:38.0;
30;94860;2019-04-11 22:23:41.0;
30;94870;2019-04-11 22:23:43.0;
30;94860;2019-04-11 22:23:46.0;
30;94865;2019-04-11 22:23:47.0;
30;94870;2019-04-11 22:23:50.0;
30;94865;2019-04-11 22:23:51.0;
30;94870;2019-04-11 22:23:54.0;
30;94865;2019-04-11 22:23:55.0;
30;94870;2019-04-11 22:23:56.0;
30;94865;2019-04-11 22:23:58.0;
30;94870;2019-04-11 22:24:01.0;
30;94865;2019-04-11 22:24:10.0;
30;94870;2019-04-11 22:24:12.0;
30;94865;2019-04-11 22:24:13.0;
30;94870;2019-04-11 22:24:21.0;
30;94865;2019-04-11 22:24:39.0;
30;94870;2019-04-11 22:24:41.0;
30;94865;2019-04-11 22:24:54.0;
30;94870;2019-04-11 22:24:56.0;
30;94865;2019-04-11 22:24:57.0;
30;94870;2019-04-11 22:25:11.0;
30;94865;2019-04-11 22:25:15.0;
30;94860;2019-04-11 22:25:52.0;
30;94865;2019-04-11 22:25:55.0;
30;94860;2019-04-11 22:25:58.0;
30;94865;2019-04-11 22:26:00.0;
30;94860;2019-04-11 22:26:02.0;
30;94862;2019-04-11 22:26:24.0;
30;94860;2019-04-11 22:26:25.0;
30;94875;2019-04-11 22:26:31.0;
30;94862;2019-04-11 22:26:38.0;
30;94875;2019-04-11 22:26:40.0;
30;94862;2019-04-11 22:26:45.0;
30;94875;2019-04-11 22:26:46.0;
30;94862;2019-04-11 22:26:48.0;
30;94875;2019-04-11 22:26:49.0;
30;94862;2019-04-11 22:26:54.0;
30;94875;2019-04-11 22:26:56.0;
30;94865;2019-04-11 22:26:57.0;
30;94875;2019-04-11 22:27:06.0;
30;94865;2019-04-11 22:27:07.0;
30;94860;2019-04-11 22:27:31.0;
30;94865;2019-04-11 22:27:32.0;
30;94860;2019-04-11 22:27:35.0;
30;94870;2019-04-11 22:27:37.0;
30;94860;2019-04-11 22:27:39.0;
30;94870;2019-04-11 22:27:40.0;
30;94865;2019-04-11 22:27:43.0;
30;94860;2019-04-11 22:27:44.0;
30;94870;2019-04-11 22:27:46.0;
30;94865;2019-04-11 22:27:50.0;
30;94860;2019-04-11 22:27:52.0;
30;94865;2019-04-11 22:27:55.0;
30;94860;2019-04-11 22:27:57.0;
30;94865;2019-04-11 22:27:58.0;
30;94860;2019-04-11 22:28:00.0;
30;94870;2019-04-11 22:28:01.0;
30;94865;2019-04-11 22:28:02.0;
30;94870;2019-04-11 22:28:08.0;
30;94865;2019-04-11 22:28:10.0;
30;94870;2019-04-11 22:28:12.0;
30;94865;2019-04-11 22:28:14.0;
30;94870;2019-04-11 22:28:16.0;
30;94865;2019-04-11 22:28:18.0;
30;94870;2019-04-11 22:28:20.0;
30;94865;2019-04-11 22:28:22.0;
30;94870;2019-04-11 22:28:33.0;
30;94865;2019-04-11 22:28:34.0;
30;94870;2019-04-11 22:28:37.0;
30;94865;2019-04-11 22:28:38.0;
30;94880;2019-04-11 22:28:45.0;
30;94865;2019-04-11 22:28:46.0;
30;94880;2019-04-11 22:28:48.0;
30;94865;2019-04-11 22:28:49.0;
30;94880;2019-04-11 22:28:52.0;
30;94870;2019-04-11 22:28:53.0;
30;94865;2019-04-11 22:28:55.0;
30;94870;2019-04-11 22:28:57.0;
30;94865;2019-04-11 22:28:59.0;
30;94870;2019-04-11 22:29:01.0;
30;94865;2019-04-11 22:29:02.0;
30;94870;2019-04-11 22:29:06.0;
30;94875;2019-04-11 22:29:07.0;
30;94870;2019-04-11 22:29:09.0;
30;94875;2019-04-11 22:29:10.0;
30;94880;2019-04-11 22:29:13.0;
30;94885;2019-04-11 22:29:15.0;
30;94875;2019-04-11 22:29:17.0;
30;94870;2019-04-11 22:29:19.0;
30;94885;2019-04-11 22:29:21.0;
30;94875;2019-04-11 22:29:23.0;
30;94885;2019-04-11 22:29:24.0;
30;94875;2019-04-11 22:29:26.0;
30;94895;2019-04-11 22:29:27.0;
30;94885;2019-04-11 22:29:29.0;
30;94875;2019-04-11 22:29:30.0;
30;94895;2019-04-11 22:29:31.0;
30;94885;2019-04-11 22:29:35.0;
30;94895;2019-04-11 22:29:37.0;
30;94900;2019-04-11 22:29:39.0;
30;94885;2019-04-11 22:29:43.0;
30;94895;2019-04-11 22:29:44.0;
30;94900;2019-04-11 22:29:48.0;
30;94915;2019-04-11 22:29:50.0;
30;94900;2019-04-11 22:29:53.0;
30;94895;2019-04-11 22:29:54.0;
30;94900;2019-04-11 22:29:56.0;
30;94915;2019-04-11 22:29:58.0;
30;94900;2019-04-11 22:30:00.0;
30;94915;2019-04-11 22:30:01.0;
30;94900;2019-04-11 22:30:03.0;
30;94915;2019-04-11 22:30:04.0;
30;94900;2019-04-11 22:30:06.0;
30;94915;2019-04-11 22:30:07.0;
30;94920;2019-04-11 22:30:08.0;
30;94915;2019-04-11 22:30:10.0;
30;94920;2019-04-11 22:30:13.0;
30;94915;2019-04-11 22:30:16.0;
30;94920;2019-04-11 22:30:17.0;
30;94915;2019-04-11 22:30:19.0;
30;94930;2019-04-11 22:30:21.0;
30;94915;2019-04-11 22:30:24.0;
30;94930;2019-04-11 22:30:25.0;
30;94920;2019-04-11 22:30:27.0;
30;94930;2019-04-11 22:30:28.0;
30;94920;2019-04-11 22:30:30.0;
30;94930;2019-04-11 22:30:34.0;
30;94925;2019-04-11 22:30:37.0;
30;94930;2019-04-11 22:30:41.0;
30;94925;2019-04-11 22:30:42.0;
30;94930;2019-04-11 22:30:44.0;
30;94925;2019-04-11 22:30:46.0;
30;94930;2019-04-11 22:30:49.0;
30;94925;2019-04-11 22:30:51.0;
30;94900;2019-04-11 22:30:52.0;
30;94910;2019-04-11 22:30:57.0;
30;94900;2019-04-11 22:31:01.0;
30;94910;2019-04-11 22:31:03.0;
30;94900;2019-04-11 22:31:09.0;
30;94910;2019-04-11 22:31:10.0;
30;94900;2019-04-11 22:31:11.0;
30;94910;2019-04-11 22:31:13.0;
30;94900;2019-04-11 22:31:16.0;
30;94910;2019-04-11 22:31:21.0;
30;94895;2019-04-11 22:31:24.0;
30;94900;2019-04-11 22:31:25.0;
30;94895;2019-04-11 22:31:28.0;
30;94900;2019-04-11 22:31:33.0;
30;94895;2019-04-11 22:31:34.0;
30;94900;2019-04-11 22:31:37.0;
30;94895;2019-04-11 22:31:40.0;
30;94900;2019-04-11 22:31:41.0;
30;94895;2019-04-11 22:31:44.0;
30;94900;2019-04-11 22:31:45.0;
30;94895;2019-04-11 22:31:46.0;
30;94910;2019-04-11 22:31:56.0;
30;94895;2019-04-11 22:31:57.0;
30;94910;2019-04-11 22:31:59.0;
30;94925;2019-04-11 22:32:13.0;
30;94910;2019-04-11 22:32:14.0;
30;94925;2019-04-11 22:32:20.0;
30;94910;2019-04-11 22:32:22.0;
30;94925;2019-04-11 22:32:23.0;
30;94935;2019-04-11 22:32:47.0;
30;94925;2019-04-11 22:32:48.0;
30;94920;2019-04-11 22:32:51.0;
30;94925;2019-04-11 22:32:52.0;
30;94920;2019-04-11 22:32:53.0;
30;94925;2019-04-11 22:32:56.0;
30;94935;2019-04-11 22:32:58.0;
30;94925;2019-04-11 22:32:59.0;
30;94935;2019-04-11 22:33:01.0;
30;94920;2019-04-11 22:33:04.0;
30;94935;2019-04-11 22:33:05.0;
30;94920;2019-04-11 22:33:06.0;
30;94935;2019-04-11 22:33:08.0;
30;94920;2019-04-11 22:33:09.0;
30;94935;2019-04-11 22:33:10.0;
30;94920;2019-04-11 22:33:16.0;
30;94930;2019-04-11 22:33:18.0;
30;94920;2019-04-11 22:33:21.0;
30;94930;2019-04-11 22:33:22.0;
30;94935;2019-04-11 22:33:23.0;
30;94930;2019-04-11 22:33:25.0;
30;94935;2019-04-11 22:33:26.0;
30;94930;2019-04-11 22:33:27.0;
30;94935;2019-04-11 22:33:30.0;
30;94930;2019-04-11 22:33:32.0;
30;94935;2019-04-11 22:33:33.0;
30;94930;2019-04-11 22:33:34.0;
30;94912;2019-04-11 22:33:41.0;
30;94930;2019-04-11 22:33:43.0;
30;94912;2019-04-11 22:33:44.0;
30;94930;2019-04-11 22:33:46.0;
30;94912;2019-04-11 22:33:49.0;
30;94915;2019-04-11 22:33:50.0;
30;94930;2019-04-11 22:33:51.0;
30;94915;2019-04-11 22:33:53.0;
30;94912;2019-04-11 22:33:56.0;
30;94915;2019-04-11 22:33:58.0;
30;94920;2019-04-11 22:34:58.0;
30;94915;2019-04-11 22:35:30.0;
30;94920;2019-04-11 22:35:32.0;
30;94915;2019-04-11 22:35:34.0;
30;94920;2019-04-11 22:35:36.0;
30;94915;2019-04-11 22:35:40.0;
30;94920;2019-04-11 22:35:42.0;
30;94915;2019-04-11 22:35:43.0;
30;94920;2019-04-11 22:35:46.0;
30;94915;2019-04-11 22:35:48.0;
30;94920;2019-04-11 22:35:49.0;
30;94915;2019-04-11 22:35:51.0;
30;94920;2019-04-11 22:35:53.0;
30;94915;2019-04-11 22:35:55.0;
30;94920;2019-04-11 22:36:01.0;
30;94915;2019-04-11 22:36:49.0;
30;94920;2019-04-11 22:36:51.0;
30;94915;2019-04-11 22:36:57.0;
30;94920;2019-04-11 22:37:00.0;
30;94915;2019-04-11 22:37:05.0;
30;94920;2019-04-11 22:37:07.0;
30;94915;2019-04-11 22:37:11.0;
30;94925;2019-04-11 22:37:43.0;
30;94915;2019-04-11 22:37:50.0;
30;94925;2019-04-11 22:37:52.0;
30;94915;2019-04-11 22:37:57.0;
30;94925;2019-04-11 22:37:59.0;
30;94915;2019-04-11 22:38:02.0;
30;94925;2019-04-11 22:38:09.0;
30;94915;2019-04-11 22:38:15.0;
30;94908;2019-04-11 22:38:16.0;
30;94915;2019-04-11 22:38:18.0;
30;94908;2019-04-11 22:38:19.0;
30;94915;2019-04-11 22:38:22.0;
30;94908;2019-04-11 22:38:23.0;
30;94915;2019-04-11 22:38:24.0;
30;94908;2019-04-11 22:38:26.0;
30;94915;2019-04-11 22:38:27.0;
30;94908;2019-04-11 22:38:28.0;
30;94915;2019-04-11 22:38:30.0;
30;94908;2019-04-11 22:38:31.0;
30;94915;2019-04-11 22:38:33.0;
30;94908;2019-04-11 22:38:37.0;
30;94915;2019-04-11 22:38:38.0;
30;94908;2019-04-11 22:38:42.0;
30;94915;2019-04-11 22:38:44.0;
30;94908;2019-04-11 22:38:45.0;
30;94915;2019-04-11 22:38:46.0;
30;94888;2019-04-11 22:38:51.0;
30;94915;2019-04-11 22:38:55.0;
30;94888;2019-04-11 22:38:57.0;
30;94900;2019-04-11 22:38:58.0;
30;94888;2019-04-11 22:38:59.0;
30;94900;2019-04-11 22:39:01.0;
30;94888;2019-04-11 22:39:02.0;
30;94900;2019-04-11 22:39:06.0;
30;94888;2019-04-11 22:39:07.0;
30;94898;2019-04-11 22:39:11.0;
30;94888;2019-04-11 22:39:13.0;
30;94898;2019-04-11 22:39:15.0;
30;94900;2019-04-11 22:39:16.0;
30;94898;2019-04-11 22:39:18.0;
30;94888;2019-04-11 22:39:19.0;
30;94900;2019-04-11 22:39:21.0;
30;94910;2019-04-11 22:39:22.0;
30;94900;2019-04-11 22:39:23.0;
30;94910;2019-04-11 22:39:25.0;
30;94898;2019-04-11 22:39:26.0;
30;94920;2019-04-11 22:39:27.0;
30;94910;2019-04-11 22:39:33.0;
30;94880;2019-04-11 22:39:35.0;
30;94920;2019-04-11 22:39:36.0;
30;94910;2019-04-11 22:39:38.0;
30;94920;2019-04-11 22:39:39.0;
30;94880;2019-04-11 22:39:42.0;
30;94920;2019-04-11 22:39:46.0;
30;94910;2019-04-11 22:39:47.0;
30;94880;2019-04-11 22:39:49.0;
30;94920;2019-04-11 22:39:50.0;
30;94880;2019-04-11 22:39:51.0;
30;94920;2019-04-11 22:39:52.0;
30;94880;2019-04-11 22:39:54.0;
30;94920;2019-04-11 22:39:55.0;
30;94880;2019-04-11 22:39:57.0;
30;94895;2019-04-11 22:40:07.0;
30;94880;2019-04-11 22:40:09.0;
30;94895;2019-04-11 22:40:11.0;
30;94880;2019-04-11 22:40:24.0;
30;94895;2019-04-11 22:40:27.0;
30;94880;2019-04-11 22:40:28.0;
30;94895;2019-04-11 22:40:30.0;
30;94890;2019-04-11 22:40:31.0;
30;94895;2019-04-11 22:40:34.0;
30;94885;2019-04-11 22:40:35.0;
30;94895;2019-04-11 22:40:37.0;
30;94890;2019-04-11 22:40:38.0;
30;94885;2019-04-11 22:40:40.0;
30;94890;2019-04-11 22:40:41.0;
30;94885;2019-04-11 22:40:44.0;
30;94890;2019-04-11 22:40:46.0;
30;94875;2019-04-11 22:40:47.0;
30;94885;2019-04-11 22:40:48.0;
30;94875;2019-04-11 22:40:50.0;
30;94890;2019-04-11 22:40:51.0;
30;94885;2019-04-11 22:40:53.0;
30;94875;2019-04-11 22:40:54.0;
30;94885;2019-04-11 22:40:55.0;
30;94875;2019-04-11 22:40:57.0;
30;94885;2019-04-11 22:40:59.0;
30;94875;2019-04-11 22:41:01.0;
30;94870;2019-04-11 22:41:22.0;
30;94875;2019-04-11 22:41:23.0;
30;94870;2019-04-11 22:41:40.0;
30;94880;2019-04-11 22:41:43.0;
30;94870;2019-04-11 22:41:44.0;
30;94880;2019-04-11 22:41:49.0;
30;94870;2019-04-11 22:41:50.0;
30;94880;2019-04-11 22:41:51.0;
30;94870;2019-04-11 22:41:53.0;
30;94875;2019-04-11 22:41:54.0;
30;94870;2019-04-11 22:41:55.0;
30;94875;2019-04-11 22:41:58.0;
30;94880;2019-04-11 22:42:01.0;
30;94870;2019-04-11 22:42:02.0;
30;94880;2019-04-11 22:42:04.0;
30;94870;2019-04-11 22:42:05.0;
30;94875;2019-04-11 22:42:07.0;
30;94870;2019-04-11 22:42:08.0;
30;94875;2019-04-11 22:42:09.0;
30;94865;2019-04-11 22:42:20.0;
30;94875;2019-04-11 22:42:21.0;
30;94865;2019-04-11 22:42:23.0;
30;94875;2019-04-11 22:42:24.0;
30;94865;2019-04-11 22:42:26.0;
30;94875;2019-04-11 22:42:29.0;
30;94865;2019-04-11 22:42:30.0;
30;94875;2019-04-11 22:42:37.0;
30;94865;2019-04-11 22:42:40.0;
30;94878;2019-04-11 22:42:45.0;
30;94865;2019-04-11 22:42:49.0;
30;94875;2019-04-11 22:42:50.0;
30;94878;2019-04-11 22:42:52.0;
30;94865;2019-04-11 22:42:53.0;
30;94875;2019-04-11 22:42:54.0;
30;94865;2019-04-11 22:42:56.0;
30;94875;2019-04-11 22:42:57.0;
30;94880;2019-04-11 22:42:59.0;
30;94875;2019-04-11 22:43:00.0;
30;94878;2019-04-11 22:43:03.0;
30;94880;2019-04-11 22:43:04.0;
30;94875;2019-04-11 22:43:05.0;
30;94878;2019-04-11 22:43:10.0;
30;94875;2019-04-11 22:43:11.0;
30;94878;2019-04-11 22:43:13.0;
30;94880;2019-04-11 22:43:15.0;
30;94875;2019-04-11 22:43:18.0;
30;94880;2019-04-11 22:43:21.0;
30;94870;2019-04-11 22:43:22.0;
30;94860;2019-04-11 22:43:24.0;
30;94880;2019-04-11 22:43:25.0;
30;94870;2019-04-11 22:43:27.0;
30;94880;2019-04-11 22:43:28.0;
30;94870;2019-04-11 22:43:29.0;
30;94860;2019-04-11 22:43:32.0;
30;94870;2019-04-11 22:43:33.0;
30;94860;2019-04-11 22:43:35.0;
30;94875;2019-04-11 22:43:36.0;
30;94870;2019-04-11 22:43:39.0;
30;94875;2019-04-11 22:43:42.0;
30;94860;2019-04-11 22:43:43.0;
30;94870;2019-04-11 22:43:46.0;
30;94875;2019-04-11 22:43:48.0;
30;94870;2019-04-11 22:43:52.0;
30;94875;2019-04-11 22:43:53.0;
30;94890;2019-04-11 22:44:24.0;
30;94875;2019-04-11 22:44:27.0;
30;94890;2019-04-11 22:44:30.0;
30;94885;2019-04-11 22:44:31.0;
30;94875;2019-04-11 22:44:33.0;
30;94885;2019-04-11 22:44:34.0;
30;94875;2019-04-11 22:44:36.0;
30;94885;2019-04-11 22:44:37.0;
30;94890;2019-04-11 22:44:40.0;
30;94885;2019-04-11 22:44:46.0;
30;94895;2019-04-11 22:44:47.0;
30;94890;2019-04-11 22:44:50.0;
30;94885;2019-04-11 22:44:52.0;
30;94890;2019-04-11 22:44:53.0;
30;94885;2019-04-11 22:44:54.0;
30;94895;2019-04-11 22:44:56.0;
30;94885;2019-04-11 22:45:04.0;
30;94895;2019-04-11 22:45:05.0;
30;94875;2019-04-11 22:45:21.0;
30;94895;2019-04-11 22:45:24.0;
30;94875;2019-04-11 22:45:28.0;
30;94870;2019-04-11 22:45:30.0;
30;94885;2019-04-11 22:45:31.0;
30;94875;2019-04-11 22:45:34.0;
30;94870;2019-04-11 22:45:37.0;
30;94875;2019-04-11 22:45:39.0;
30;94870;2019-04-11 22:45:46.0;
30;94875;2019-04-11 22:45:48.0;
30;94890;2019-04-11 22:45:49.0;
30;94870;2019-04-11 22:45:51.0;
30;94900;2019-04-11 22:45:53.0;
30;94890;2019-04-11 22:45:55.0;
30;94900;2019-04-11 22:45:56.0;
30;94870;2019-04-11 22:45:57.0;
30;94890;2019-04-11 22:45:59.0;
30;94900;2019-04-11 22:46:02.0;
30;94890;2019-04-11 22:46:03.0;
30;94870;2019-04-11 22:46:04.0;
30;94890;2019-04-11 22:46:07.0;
30;94900;2019-04-11 22:46:08.0;
30;94890;2019-04-11 22:46:11.0;
30;94870;2019-04-11 22:46:15.0;
30;94900;2019-04-11 22:46:17.0;
30;94870;2019-04-11 22:46:18.0;
30;94865;2019-04-11 22:46:22.0;
30;94870;2019-04-11 22:46:24.0;
30;94875;2019-04-11 22:46:25.0;
30;94870;2019-04-11 22:46:29.0;
30;94875;2019-04-11 22:46:31.0;
30;94880;2019-04-11 22:46:36.0;
30;94875;2019-04-11 22:46:39.0;
30;94865;2019-04-11 22:46:40.0;
30;94880;2019-04-11 22:46:42.0;
30;94865;2019-04-11 22:46:43.0;
30;94880;2019-04-11 22:46:49.0;
30;94875;2019-04-11 22:46:50.0;
30;94880;2019-04-11 22:46:54.0;
30;94875;2019-04-11 22:46:56.0;
30;94880;2019-04-11 22:46:59.0;
30;94875;2019-04-11 22:47:00.0;
30;94885;2019-04-11 22:47:01.0;
30;94875;2019-04-11 22:47:03.0;
30;94880;2019-04-11 22:47:06.0;
30;94875;2019-04-11 22:47:08.0;
30;94885;2019-04-11 22:47:09.0;
30;94875;2019-04-11 22:47:12.0;
30;94885;2019-04-11 22:47:13.0;
30;94880;2019-04-11 22:47:14.0;
30;94885;2019-04-11 22:47:16.0;
30;94880;2019-04-11 22:47:17.0;
30;94875;2019-04-11 22:47:19.0;
30;94880;2019-04-11 22:47:21.0;
30;94885;2019-04-11 22:47:23.0;
30;94880;2019-04-11 22:47:27.0;
30;94890;2019-04-11 22:47:28.0;
30;94880;2019-04-11 22:47:30.0;
30;94890;2019-04-11 22:47:31.0;
30;94880;2019-04-11 22:47:32.0;
30;94890;2019-04-11 22:47:34.0;
30;94880;2019-04-11 22:47:41.0;
30;94890;2019-04-11 22:47:42.0;
30;94880;2019-04-11 22:47:45.0;
30;94890;2019-04-11 22:47:46.0;
30;94882;2019-04-11 22:47:59.0;
30;94890;2019-04-11 22:48:00.0;
30;94882;2019-04-11 22:48:03.0;
30;94890;2019-04-11 22:48:05.0;
30;94885;2019-04-11 22:48:07.0;
30;94890;2019-04-11 22:48:10.0;
30;94882;2019-04-11 22:48:15.0;
30;94890;2019-04-11 22:48:16.0;
30;94882;2019-04-11 22:48:19.0;
30;94890;2019-04-11 22:48:22.0;
30;94882;2019-04-11 22:48:23.0;
30;94890;2019-04-11 22:48:24.0;
30;94882;2019-04-11 22:48:26.0;
30;94885;2019-04-11 22:48:28.0;
30;94882;2019-04-11 22:48:29.0;
30;94885;2019-04-11 22:48:30.0;
30;94890;2019-04-11 22:48:33.0;
30;94900;2019-04-11 22:48:35.0;
30;94885;2019-04-11 22:48:36.0;
30;94890;2019-04-11 22:48:38.0;
30;94900;2019-04-11 22:48:42.0;
30;94890;2019-04-11 22:48:43.0;
30;94900;2019-04-11 22:48:44.0;
30;94890;2019-04-11 22:48:47.0;
30;94902;2019-04-11 22:48:49.0;
30;94890;2019-04-11 22:48:51.0;
30;94902;2019-04-11 22:48:53.0;
30;94890;2019-04-11 22:48:54.0;
30;94900;2019-04-11 22:48:58.0;
30;94902;2019-04-11 22:49:01.0;
30;94885;2019-04-11 22:49:06.0;
30;94890;2019-04-11 22:49:14.0;
30;94885;2019-04-11 22:49:15.0;
30;94895;2019-04-11 22:49:18.0;
30;94885;2019-04-11 22:49:22.0;
30;94905;2019-04-11 22:49:24.0;
30;94895;2019-04-11 22:49:27.0;
30;94885;2019-04-11 22:49:28.0;
30;94895;2019-04-11 22:49:29.0;
30;94905;2019-04-11 22:49:31.0;
30;94885;2019-04-11 22:49:32.0;
30;94895;2019-04-11 22:49:34.0;
30;94905;2019-04-11 22:49:35.0;
30;94895;2019-04-11 22:49:36.0;
30;94905;2019-04-11 22:49:39.0;
30;94895;2019-04-11 22:49:43.0;
30;94905;2019-04-11 22:49:45.0;
30;94908;2019-04-11 22:49:47.0;
30;94905;2019-04-11 22:49:52.0;
30;94910;2019-04-11 22:49:53.0;
30;94908;2019-04-11 22:49:59.0;
30;94910;2019-04-11 22:50:00.0;
30;94922;2019-04-11 22:50:18.0;
30;94910;2019-04-11 22:50:20.0;
30;94922;2019-04-11 22:50:21.0;
30;94910;2019-04-11 22:50:22.0;
30;94935;2019-04-11 22:50:25.0;
30;94910;2019-04-11 22:50:26.0;
30;94935;2019-04-11 22:50:29.0;
30;94922;2019-04-11 22:50:39.0;
30;94935;2019-04-11 22:50:41.0;
30;94922;2019-04-11 22:50:42.0;
30;94935;2019-04-11 22:50:43.0;
30;94922;2019-04-11 22:50:47.0;
30;94935;2019-04-11 22:50:50.0;
30;94945;2019-04-11 22:50:57.0;
30;94935;2019-04-11 22:51:01.0;
30;94945;2019-04-11 22:51:02.0;
30;94965;2019-04-11 22:51:07.0;
30;94945;2019-04-11 22:51:09.0;
30;94965;2019-04-11 22:51:10.0;
30;94945;2019-04-11 22:51:12.0;
30;94965;2019-04-11 22:51:17.0;
30;94945;2019-04-11 22:51:20.0;
30;94965;2019-04-11 22:51:24.0;
30;94945;2019-04-11 22:51:27.0;
30;94950;2019-04-11 22:51:28.0;
30;94968;2019-04-11 22:51:34.0;
30;94950;2019-04-11 22:51:35.0;
30;94965;2019-04-11 22:51:37.0;
30;94950;2019-04-11 22:51:38.0;
30;94968;2019-04-11 22:51:46.0;
30;94950;2019-04-11 22:51:47.0;
30;94968;2019-04-11 22:51:57.0;
30;94965;2019-04-11 22:52:03.0;
30;94950;2019-04-11 22:52:06.0;
30;94965;2019-04-11 22:52:07.0;
30;94968;2019-04-11 22:52:14.0;
30;94965;2019-04-11 22:52:16.0;
30;94968;2019-04-11 22:52:22.0;
30;94965;2019-04-11 22:52:24.0;
30;94985;2019-04-11 22:52:33.0;
30;94968;2019-04-11 22:52:35.0;
30;94985;2019-04-11 22:52:36.0;
30;94990;2019-04-11 22:52:42.0;
30;95000;2019-04-11 22:52:46.0;
30;94985;2019-04-11 22:52:47.0;
30;95000;2019-04-11 22:52:49.0;
30;94985;2019-04-11 22:52:51.0;
30;94990;2019-04-11 22:52:53.0;
30;94985;2019-04-11 22:52:54.0;
30;95000;2019-04-11 22:52:56.0;
30;94990;2019-04-11 22:52:58.0;
30;95000;2019-04-11 22:53:00.0;
30;94990;2019-04-11 22:53:07.0;
30;95000;2019-04-11 22:53:10.0;
30;95005;2019-04-11 22:53:15.0;
30;95000;2019-04-11 22:53:18.0;
30;95005;2019-04-11 22:53:19.0;
30;94995;2019-04-11 22:53:21.0;
30;95005;2019-04-11 22:53:24.0;
30;94995;2019-04-11 22:53:25.0;
30;95000;2019-04-11 22:53:26.0;
30;94995;2019-04-11 22:53:29.0;
30;95005;2019-04-11 22:53:30.0;
30;94995;2019-04-11 22:53:32.0;
30;95005;2019-04-11 22:53:33.0;
30;95000;2019-04-11 22:53:35.0;
30;95005;2019-04-11 22:53:36.0;
30;95018;2019-04-11 22:53:38.0;
30;95005;2019-04-11 22:53:39.0;
30;94995;2019-04-11 22:53:41.0;
30;95018;2019-04-11 22:53:42.0;
30;94995;2019-04-11 22:53:43.0;
30;95005;2019-04-11 22:53:46.0;
30;95012;2019-04-11 22:53:47.0;
30;94995;2019-04-11 22:53:50.0;
30;95020;2019-04-11 22:53:52.0;
30;95012;2019-04-11 22:53:55.0;
30;95018;2019-04-11 22:53:56.0;
30;95012;2019-04-11 22:53:57.0;
30;95020;2019-04-11 22:54:00.0;
30;95018;2019-04-11 22:54:02.0;
30;95020;2019-04-11 22:54:03.0;
30;95018;2019-04-11 22:54:04.0;
30;95020;2019-04-11 22:54:06.0;
30;95018;2019-04-11 22:54:07.0;
30;95012;2019-04-11 22:54:08.0;
30;95020;2019-04-11 22:54:11.0;
30;95012;2019-04-11 22:54:13.0;
30;95020;2019-04-11 22:54:15.0;
30;95012;2019-04-11 22:54:17.0;
30;94988;2019-04-11 22:54:24.0;
30;95012;2019-04-11 22:54:25.0;
30;94988;2019-04-11 22:54:26.0;
30;95012;2019-04-11 22:54:29.0;
30;94988;2019-04-11 22:54:31.0;
30;95012;2019-04-11 22:54:34.0;
30;94988;2019-04-11 22:54:39.0;
30;94975;2019-04-11 22:54:40.0;
30;94988;2019-04-11 22:54:42.0;
30;94975;2019-04-11 22:54:44.0;
30;94988;2019-04-11 22:54:46.0;
30;94975;2019-04-11 22:54:52.0;
30;94988;2019-04-11 22:54:53.0;
30;94975;2019-04-11 22:54:56.0;
30;94985;2019-04-11 22:54:57.0;
30;94975;2019-04-11 22:55:00.0;
30;94985;2019-04-11 22:55:03.0;
30;94975;2019-04-11 22:55:05.0;
30;94985;2019-04-11 22:55:06.0;
31;1602.25;2019-04-11 11:28:33.0;
31;1602.75;2019-04-11 11:28:36.0;
31;1602.25;2019-04-11 11:28:38.0;
31;1602.75;2019-04-11 11:28:39.0;
31;1602.25;2019-04-11 11:28:42.0;
31;1602.75;2019-04-11 11:28:46.0;
31;1602.25;2019-04-11 11:28:51.0;
31;1601.75;2019-04-11 11:34:55.0;
31;1602.25;2019-04-11 11:34:56.0;
31;1601.75;2019-04-11 11:34:58.0;
31;1602.25;2019-04-11 11:34:59.0;
31;1601.75;2019-04-11 11:35:03.0;
31;1602.25;2019-04-11 11:35:05.0;
31;1601.75;2019-04-11 11:35:08.0;
31;1602.25;2019-04-11 11:35:14.0;
31;1601.75;2019-04-11 11:35:19.0;
31;1602.25;2019-04-11 11:35:21.0;
31;1602.75;2019-04-11 11:40:35.0;
31;1602.25;2019-04-11 11:40:38.0;
31;1602.75;2019-04-11 11:40:39.0;
31;1602.25;2019-04-11 11:40:41.0;
31;1602.75;2019-04-11 11:40:44.0;
31;1602.25;2019-04-11 11:40:45.0;
31;1602.75;2019-04-11 11:40:55.0;
31;1602.25;2019-04-11 11:40:56.0;
31;1602.75;2019-04-11 11:40:59.0;
31;1602.25;2019-04-11 11:41:08.0;
31;1602.75;2019-04-11 11:41:09.0;
31;1602.25;2019-04-11 11:41:11.0;
31;1602.75;2019-04-11 11:41:13.0;
31;1602.25;2019-04-11 11:41:16.0;
31;1602.75;2019-04-11 11:41:19.0;
31;1602.25;2019-04-11 11:41:23.0;
31;1602.75;2019-04-11 11:41:27.0;
31;1603.25;2019-04-11 11:43:53.0;
31;1602.75;2019-04-11 11:44:29.0;
31;1603.25;2019-04-11 11:44:37.0;
31;1602.75;2019-04-11 11:44:42.0;
31;1603.25;2019-04-11 11:44:47.0;
31;1602.75;2019-04-11 11:44:50.0;
31;1603.25;2019-04-11 11:44:51.0;
31;1602.75;2019-04-11 11:44:53.0;
31;1603;2019-04-11 11:44:57.0;
31;1602.75;2019-04-11 11:44:59.0;
31;1603;2019-04-11 11:45:00.0;
31;1602.75;2019-04-11 11:45:02.0;
31;1603;2019-04-11 11:45:09.0;
31;1602.75;2019-04-11 11:45:10.0;
31;1603;2019-04-11 11:45:11.0;
31;1602.75;2019-04-11 11:45:13.0;
31;1603;2019-04-11 11:45:23.0;
31;1602.75;2019-04-11 11:45:25.0;
31;1602.25;2019-04-11 11:47:41.0;
31;1602.75;2019-04-11 11:51:49.0;
31;1602.25;2019-04-11 11:51:51.0;
31;1602.75;2019-04-11 11:51:57.0;
31;1602.25;2019-04-11 11:51:58.0;
31;1602.75;2019-04-11 11:52:01.0;
31;1602.25;2019-04-11 11:52:02.0;
31;1602.75;2019-04-11 11:52:04.0;
31;1602.25;2019-04-11 11:52:05.0;
31;1602.75;2019-04-11 11:52:07.0;
31;1602.5;2019-04-11 11:52:27.0;
31;1602.75;2019-04-11 11:52:30.0;
31;1602.5;2019-04-11 11:52:32.0;
31;1602.75;2019-04-11 11:52:33.0;
31;1602.25;2019-04-11 11:52:35.0;
31;1602.5;2019-04-11 11:52:43.0;
31;1602.25;2019-04-11 11:52:46.0;
31;1602.5;2019-04-11 11:52:51.0;
31;1602.25;2019-04-11 11:52:53.0;
31;1602.5;2019-04-11 11:52:56.0;
31;1602.25;2019-04-11 11:52:57.0;
31;1602.5;2019-04-11 11:53:09.0;
31;1602.25;2019-04-11 11:53:24.0;
31;1602.5;2019-04-11 11:53:25.0;
31;1602.75;2019-04-11 11:53:31.0;
31;1602.5;2019-04-11 11:53:32.0;
31;1602.75;2019-04-11 11:53:35.0;
31;1602.5;2019-04-11 11:53:36.0;
31;1602.75;2019-04-11 11:53:38.0;
31;1602.5;2019-04-11 11:53:40.0;
31;1602.75;2019-04-11 11:53:42.0;
31;1603.25;2019-04-11 11:54:40.0;
31;1602.75;2019-04-11 11:54:41.0;
31;1603.25;2019-04-11 11:54:44.0;
31;1602.75;2019-04-11 11:54:46.0;
31;1603.25;2019-04-11 11:54:47.0;
31;1602.75;2019-04-11 11:54:48.0;
31;1603.25;2019-04-11 11:54:51.0;
31;1602.75;2019-04-11 11:54:54.0;
31;1603.25;2019-04-11 11:55:02.0;
31;1602.75;2019-04-11 11:55:04.0;
31;1603.25;2019-04-11 11:55:05.0;
31;1602.75;2019-04-11 11:55:09.0;
31;1602.25;2019-04-11 11:57:25.0;
31;1602.75;2019-04-11 11:57:27.0;
31;1602.25;2019-04-11 11:57:28.0;
31;1602.75;2019-04-11 11:57:30.0;
31;1602.25;2019-04-11 11:57:36.0;
31;1602.75;2019-04-11 11:57:37.0;
31;1602.25;2019-04-11 11:57:40.0;
31;1602.75;2019-04-11 11:57:41.0;
31;1602.25;2019-04-11 11:57:46.0;
31;1602.75;2019-04-11 11:57:47.0;
31;1602.25;2019-04-11 11:57:51.0;
31;1602.75;2019-04-11 11:57:53.0;
31;1602.25;2019-04-11 11:57:56.0;
31;1602.75;2019-04-11 11:57:59.0;
31;1602.25;2019-04-11 11:58:00.0;
31;1602.75;2019-04-11 11:58:01.0;
31;1602.25;2019-04-11 11:58:05.0;
31;1602.75;2019-04-11 11:58:08.0;
31;1602.25;2019-04-11 11:58:11.0;
31;1602.75;2019-04-11 11:58:12.0;
31;1602.25;2019-04-11 11:58:16.0;
31;1602.5;2019-04-11 11:58:48.0;
31;1602.25;2019-04-11 11:58:50.0;
31;1602.5;2019-04-11 11:58:52.0;
31;1602.25;2019-04-11 11:58:53.0;
31;1602.5;2019-04-11 11:58:54.0;
31;1602.25;2019-04-11 11:58:56.0;
31;1602.5;2019-04-11 11:58:57.0;
31;1602.25;2019-04-11 11:58:59.0;
31;1602.5;2019-04-11 11:59:04.0;
31;1602.25;2019-04-11 11:59:10.0;
31;1602.5;2019-04-11 11:59:11.0;
31;1602.75;2019-04-11 11:59:14.0;
31;1602.25;2019-04-11 11:59:16.0;
31;1602.75;2019-04-11 11:59:20.0;
31;1602.25;2019-04-11 11:59:21.0;
31;1602.75;2019-04-11 11:59:27.0;
31;1602.5;2019-04-11 11:59:29.0;
31;1602.75;2019-04-11 11:59:30.0;
31;1602.25;2019-04-11 11:59:32.0;
31;1602.5;2019-04-11 11:59:33.0;
31;1602.25;2019-04-11 11:59:34.0;
31;1602.5;2019-04-11 11:59:36.0;
31;1602.25;2019-04-11 11:59:37.0;
31;1602.5;2019-04-11 11:59:40.0;
31;1602.25;2019-04-11 11:59:41.0;
31;1602.75;2019-04-11 11:59:45.0;
31;1602.25;2019-04-11 11:59:46.0;
31;1602.5;2019-04-11 11:59:52.0;
31;1602.25;2019-04-11 11:59:53.0;
31;1601.75;2019-04-11 12:00:54.0;
31;1602.25;2019-04-11 12:01:00.0;
31;1601.75;2019-04-11 12:01:03.0;
31;1602.25;2019-04-11 12:01:06.0;
31;1601.75;2019-04-11 12:01:08.0;
31;1602.25;2019-04-11 12:01:11.0;
31;1601.75;2019-04-11 12:01:15.0;
31;1602.25;2019-04-11 12:01:16.0;
31;1601.75;2019-04-11 12:01:18.0;
31;1602.25;2019-04-11 12:01:20.0;
31;1601.75;2019-04-11 12:01:22.0;
31;1602.25;2019-04-11 12:01:29.0;
31;1602.75;2019-04-11 12:03:52.0;
31;1602.25;2019-04-11 12:04:26.0;
31;1602.75;2019-04-11 12:04:32.0;
31;1602.25;2019-04-11 12:04:38.0;
31;1602.75;2019-04-11 12:04:41.0;
31;1602.25;2019-04-11 12:04:42.0;
31;1602.75;2019-04-11 12:04:45.0;
31;1602.25;2019-04-11 12:04:46.0;
31;1602.75;2019-04-11 12:04:48.0;
31;1602.25;2019-04-11 12:04:49.0;
31;1602.75;2019-04-11 12:04:54.0;
31;1602.25;2019-04-11 12:04:55.0;
31;1602.75;2019-04-11 12:04:56.0;
31;1602.25;2019-04-11 12:04:58.0;
31;1602.75;2019-04-11 12:05:09.0;
31;1602.25;2019-04-11 12:05:11.0;
31;1602.75;2019-04-11 12:05:12.0;
31;1602.25;2019-04-11 12:05:13.0;
31;1602.75;2019-04-11 12:05:18.0;
31;1602.25;2019-04-11 12:05:21.0;
31;1602.75;2019-04-11 12:05:24.0;
31;1602.25;2019-04-11 12:05:25.0;
31;1602.75;2019-04-11 12:05:30.0;
31;1602.25;2019-04-11 12:06:39.0;
31;1602.75;2019-04-11 12:06:41.0;
31;1602.25;2019-04-11 12:06:43.0;
31;1602.75;2019-04-11 12:06:45.0;
31;1602.25;2019-04-11 12:06:46.0;
31;1602.75;2019-04-11 12:06:50.0;
31;1602.25;2019-04-11 12:06:52.0;
31;1602.75;2019-04-11 12:06:56.0;
31;1602.25;2019-04-11 12:06:57.0;
31;1602.75;2019-04-11 12:07:01.0;
31;1602.25;2019-04-11 12:07:02.0;
31;1602.75;2019-04-11 12:07:04.0;
31;1602.25;2019-04-11 12:07:05.0;
31;1602.75;2019-04-11 12:07:07.0;
31;1602.25;2019-04-11 12:07:08.0;
31;1602.75;2019-04-11 12:07:55.0;
31;1602.25;2019-04-11 12:07:58.0;
31;1602.75;2019-04-11 12:07:59.0;
31;1602.25;2019-04-11 12:08:01.0;
31;1602.75;2019-04-11 12:08:02.0;
31;1602.25;2019-04-11 12:08:08.0;
31;1602.75;2019-04-11 12:08:11.0;
31;1602.25;2019-04-11 12:08:26.0;
31;1602.75;2019-04-11 12:08:29.0;
31;1602.25;2019-04-11 12:08:31.0;
31;1602.75;2019-04-11 12:08:32.0;
31;1602.25;2019-04-11 12:08:33.0;
31;1602.75;2019-04-11 12:08:38.0;
31;1602.25;2019-04-11 12:08:39.0;
31;1602.75;2019-04-11 12:08:42.0;
31;1602.25;2019-04-11 12:08:43.0;
31;1602.75;2019-04-11 12:09:18.0;
31;1602.25;2019-04-11 12:09:21.0;
31;1602.75;2019-04-11 12:09:22.0;
31;1602.25;2019-04-11 12:09:25.0;
31;1602.75;2019-04-11 12:09:29.0;
31;1603.25;2019-04-11 12:20:49.0;
31;1602.75;2019-04-11 12:20:50.0;
31;1603.25;2019-04-11 12:20:55.0;
31;1602.75;2019-04-11 12:21:19.0;
31;1603.25;2019-04-11 12:21:21.0;
31;1602.75;2019-04-11 12:21:22.0;
31;1603.25;2019-04-11 12:21:23.0;
31;1602.75;2019-04-11 12:21:25.0;
31;1603.25;2019-04-11 12:21:57.0;
31;1602.75;2019-04-11 12:21:59.0;
31;1603.25;2019-04-11 12:22:01.0;
31;1602.75;2019-04-11 12:22:28.0;
31;1603.25;2019-04-11 12:22:29.0;
31;1602.75;2019-04-11 12:22:31.0;
31;1603;2019-04-11 12:22:59.0;
31;1602.75;2019-04-11 12:23:05.0;
31;1603;2019-04-11 12:23:11.0;
31;1602.75;2019-04-11 12:23:14.0;
31;1603;2019-04-11 12:23:22.0;
31;1602.75;2019-04-11 12:23:26.0;
31;1603;2019-04-11 12:23:30.0;
31;1602.75;2019-04-11 12:23:32.0;
31;1603.25;2019-04-11 12:32:40.0;
31;1602.75;2019-04-11 12:32:42.0;
31;1603.25;2019-04-11 12:32:44.0;
31;1602.75;2019-04-11 12:32:48.0;
31;1603.25;2019-04-11 12:32:49.0;
31;1602.75;2019-04-11 12:32:55.0;
31;1603.25;2019-04-11 12:32:59.0;
31;1603;2019-04-11 12:34:26.0;
31;1603.25;2019-04-11 12:34:27.0;
31;1603;2019-04-11 12:34:31.0;
31;1603.25;2019-04-11 12:34:36.0;
31;1603;2019-04-11 12:34:41.0;
31;1603.25;2019-04-11 12:34:42.0;
31;1603;2019-04-11 12:34:47.0;
31;1603.25;2019-04-11 12:34:49.0;
31;1602.75;2019-04-11 12:35:23.0;
31;1603.25;2019-04-11 12:35:27.0;
31;1602.75;2019-04-11 12:35:30.0;
31;1603.25;2019-04-11 12:35:42.0;
31;1602.75;2019-04-11 12:35:43.0;
31;1603.25;2019-04-11 12:36:02.0;
31;1602.75;2019-04-11 12:36:08.0;
31;1603.25;2019-04-11 12:36:10.0;
31;1602.75;2019-04-11 12:36:12.0;
31;1603.25;2019-04-11 12:36:15.0;
31;1602.75;2019-04-11 12:43:55.0;
31;1603.25;2019-04-11 12:44:05.0;
31;1602.75;2019-04-11 12:44:08.0;
31;1603.25;2019-04-11 12:44:12.0;
31;1602.75;2019-04-11 12:44:13.0;
31;1603.25;2019-04-11 12:44:18.0;
31;1602.75;2019-04-11 12:44:22.0;
31;1603.25;2019-04-11 12:44:25.0;
31;1602.75;2019-04-11 12:44:26.0;
31;1603.25;2019-04-11 12:44:27.0;
31;1603.75;2019-04-11 12:45:49.0;
31;1603.25;2019-04-11 12:45:56.0;
31;1603.75;2019-04-11 12:45:58.0;
31;1603.25;2019-04-11 12:46:01.0;
31;1603.75;2019-04-11 12:46:02.0;
31;1603.25;2019-04-11 12:46:04.0;
31;1603.75;2019-04-11 12:46:05.0;
31;1604.25;2019-04-11 12:50:42.0;
31;1603.75;2019-04-11 12:50:46.0;
31;1604.25;2019-04-11 12:50:49.0;
31;1603.75;2019-04-11 12:50:51.0;
31;1604.25;2019-04-11 12:50:52.0;
31;1603.75;2019-04-11 12:50:55.0;
31;1604.25;2019-04-11 12:50:57.0;
31;1603.75;2019-04-11 12:54:28.0;
31;1604.25;2019-04-11 12:54:31.0;
31;1603.75;2019-04-11 12:54:32.0;
31;1604.25;2019-04-11 12:54:35.0;
31;1603.75;2019-04-11 12:54:36.0;
31;1604.25;2019-04-11 12:54:37.0;
31;1603.75;2019-04-11 12:54:46.0;
31;1604.25;2019-04-11 12:54:48.0;
31;1603.75;2019-04-11 12:54:49.0;
31;1604.25;2019-04-11 12:54:52.0;
31;1603.75;2019-04-11 12:54:53.0;
31;1604.25;2019-04-11 12:54:59.0;
31;1603.75;2019-04-11 12:55:07.0;
31;1604.25;2019-04-11 12:55:11.0;
31;1603.75;2019-04-11 12:55:13.0;
31;1604.25;2019-04-11 12:55:15.0;
31;1604.75;2019-04-11 12:58:58.0;
31;1604.25;2019-04-11 12:58:59.0;
31;1604.75;2019-04-11 12:59:00.0;
31;1604.25;2019-04-11 12:59:03.0;
31;1604.75;2019-04-11 12:59:08.0;
31;1604.5;2019-04-11 12:59:21.0;
31;1604.75;2019-04-11 12:59:22.0;
31;1604.5;2019-04-11 12:59:37.0;
31;1604.25;2019-04-11 12:59:38.0;
31;1604.5;2019-04-11 12:59:41.0;
31;1604.25;2019-04-11 12:59:46.0;
31;1604.5;2019-04-11 12:59:48.0;
31;1604.25;2019-04-11 12:59:49.0;
31;1604.5;2019-04-11 12:59:50.0;
31;1604.25;2019-04-11 12:59:53.0;
31;1604.5;2019-04-11 12:59:56.0;
31;1604.25;2019-04-11 12:59:57.0;
31;1604.5;2019-04-11 12:59:59.0;
31;1604.25;2019-04-11 13:00:00.0;
31;1604.5;2019-04-11 13:00:01.0;
31;1604.25;2019-04-11 13:00:03.0;
31;1604.5;2019-04-11 13:00:04.0;
31;1604.25;2019-04-11 13:00:05.0;
31;1604.75;2019-04-11 13:00:10.0;
31;1604.25;2019-04-11 13:00:13.0;
31;1604.75;2019-04-11 13:00:15.0;
31;1604.25;2019-04-11 13:00:19.0;
31;1604.75;2019-04-11 13:00:20.0;
31;1605.25;2019-04-11 13:06:37.0;
31;1604.75;2019-04-11 13:06:38.0;
31;1605.25;2019-04-11 13:06:39.0;
31;1604.75;2019-04-11 13:06:45.0;
31;1605;2019-04-11 13:06:47.0;
31;1605.25;2019-04-11 13:06:48.0;
31;1605;2019-04-11 13:06:50.0;
31;1605.25;2019-04-11 13:06:53.0;
31;1605;2019-04-11 13:06:57.0;
31;1605.25;2019-04-11 13:07:00.0;
31;1605;2019-04-11 13:07:06.0;
31;1604.75;2019-04-11 13:07:07.0;
31;1605.25;2019-04-11 13:07:09.0;
31;1604.75;2019-04-11 13:07:10.0;
31;1605.25;2019-04-11 13:07:11.0;
31;1605;2019-04-11 13:07:13.0;
31;1604.75;2019-04-11 13:07:16.0;
31;1605;2019-04-11 13:07:17.0;
31;1604.75;2019-04-11 13:07:18.0;
31;1605.25;2019-04-11 13:08:15.0;
31;1604.75;2019-04-11 13:08:19.0;
31;1605.25;2019-04-11 13:08:22.0;
31;1605;2019-04-11 13:08:28.0;
31;1605.25;2019-04-11 13:08:29.0;
31;1605;2019-04-11 13:08:32.0;
31;1605.25;2019-04-11 13:08:35.0;
31;1605;2019-04-11 13:08:38.0;
31;1605.25;2019-04-11 13:08:40.0;
31;1605;2019-04-11 13:08:41.0;
31;1605.25;2019-04-11 13:08:42.0;
31;1605;2019-04-11 13:08:44.0;
31;1605.25;2019-04-11 13:08:45.0;
31;1605;2019-04-11 13:08:47.0;
31;1604.75;2019-04-11 13:08:48.0;
31;1605;2019-04-11 13:08:51.0;
31;1604.75;2019-04-11 13:08:55.0;
31;1604.5;2019-04-11 13:11:39.0;
31;1604.75;2019-04-11 13:11:41.0;
31;1604.25;2019-04-11 13:11:45.0;
31;1604.5;2019-04-11 13:11:46.0;
31;1604.75;2019-04-11 13:11:49.0;
31;1604.5;2019-04-11 13:11:53.0;
31;1604.25;2019-04-11 13:11:55.0;
31;1604.75;2019-04-11 13:11:56.0;
31;1604.5;2019-04-11 13:11:58.0;
31;1604.25;2019-04-11 13:11:59.0;
31;1604.5;2019-04-11 13:12:01.0;
31;1604.25;2019-04-11 13:12:02.0;
31;1604.5;2019-04-11 13:12:08.0;
31;1604.25;2019-04-11 13:12:09.0;
31;1604.75;2019-04-11 13:12:39.0;
31;1604.25;2019-04-11 13:12:41.0;
31;1604.75;2019-04-11 13:12:42.0;
31;1604.25;2019-04-11 13:12:45.0;
31;1604.75;2019-04-11 13:12:48.0;
31;1604.25;2019-04-11 13:13:40.0;
31;1604.75;2019-04-11 13:13:41.0;
31;1604.25;2019-04-11 13:13:44.0;
31;1603.75;2019-04-11 13:16:37.0;
31;1604.25;2019-04-11 13:16:38.0;
31;1603.75;2019-04-11 13:16:40.0;
31;1604.25;2019-04-11 13:17:46.0;
31;1603.75;2019-04-11 13:17:48.0;
31;1604.25;2019-04-11 13:17:49.0;
31;1603.75;2019-04-11 13:17:51.0;
31;1604.25;2019-04-11 13:17:52.0;
31;1604;2019-04-11 13:22:07.0;
31;1604.25;2019-04-11 13:22:13.0;
31;1604;2019-04-11 13:22:14.0;
31;1604.25;2019-04-11 13:22:17.0;
31;1604;2019-04-11 13:22:18.0;
31;1604.25;2019-04-11 13:22:24.0;
31;1604;2019-04-11 13:22:27.0;
31;1604.25;2019-04-11 13:23:04.0;
31;1604;2019-04-11 13:23:06.0;
31;1604.25;2019-04-11 13:23:07.0;
31;1604;2019-04-11 13:23:09.0;
31;1604.25;2019-04-11 13:23:10.0;
31;1604;2019-04-11 13:23:12.0;
31;1604.25;2019-04-11 13:23:13.0;
31;1604;2019-04-11 13:23:15.0;
31;1604.25;2019-04-11 13:23:16.0;
31;1604.5;2019-04-11 13:24:14.0;
31;1604.25;2019-04-11 13:24:18.0;
31;1604.5;2019-04-11 13:24:22.0;
31;1604.25;2019-04-11 13:24:32.0;
31;1604.5;2019-04-11 13:24:33.0;
31;1604.25;2019-04-11 13:24:35.0;
31;1604.5;2019-04-11 13:24:37.0;
31;1604.25;2019-04-11 13:24:39.0;
31;1604.5;2019-04-11 13:24:41.0;
31;1604.25;2019-04-11 13:24:45.0;
31;1604.5;2019-04-11 13:24:48.0;
31;1604.25;2019-04-11 13:24:50.0;
31;1603.75;2019-04-11 13:30:31.0;
31;1604.25;2019-04-11 13:30:32.0;
31;1603.75;2019-04-11 13:30:33.0;
31;1604.25;2019-04-11 13:30:38.0;
31;1603.75;2019-04-11 13:30:48.0;
31;1604.25;2019-04-11 13:30:51.0;
31;1603.75;2019-04-11 13:30:53.0;
31;1604.25;2019-04-11 13:30:56.0;
31;1603.75;2019-04-11 13:33:25.0;
31;1603.25;2019-04-11 13:40:29.0;
31;1603.75;2019-04-11 13:40:30.0;
31;1603.25;2019-04-11 13:40:34.0;
31;1603.75;2019-04-11 13:40:36.0;
31;1603.25;2019-04-11 13:40:39.0;
31;1603.75;2019-04-11 13:40:40.0;
31;1603.25;2019-04-11 13:40:43.0;
31;1603.75;2019-04-11 13:40:45.0;
31;1603.25;2019-04-11 13:40:48.0;
31;1603.75;2019-04-11 13:40:49.0;
31;1603.25;2019-04-11 13:40:58.0;
31;1603.75;2019-04-11 13:41:01.0;
31;1603.25;2019-04-11 13:41:14.0;
31;1603.75;2019-04-11 13:41:18.0;
31;1603.25;2019-04-11 13:41:20.0;
31;1603.75;2019-04-11 13:41:35.0;
31;1603.25;2019-04-11 13:41:37.0;
31;1603.75;2019-04-11 13:41:38.0;
31;1603.25;2019-04-11 13:41:40.0;
31;1603.75;2019-04-11 13:41:42.0;
31;1603.25;2019-04-11 13:41:44.0;
31;1603.75;2019-04-11 13:41:47.0;
31;1603.25;2019-04-11 13:41:49.0;
31;1603.75;2019-04-11 13:41:53.0;
31;1604.25;2019-04-11 13:50:15.0;
31;1603.75;2019-04-11 13:50:18.0;
31;1604.25;2019-04-11 13:50:22.0;
31;1603.75;2019-04-11 13:50:23.0;
31;1604.25;2019-04-11 13:50:29.0;
31;1603.75;2019-04-11 13:56:15.0;
31;1604.25;2019-04-11 13:56:19.0;
31;1603.75;2019-04-11 13:56:23.0;
31;1604.25;2019-04-11 13:56:24.0;
31;1603.75;2019-04-11 13:56:26.0;
31;1604.25;2019-04-11 13:56:33.0;
31;1603.75;2019-04-11 13:56:34.0;
31;1603.25;2019-04-11 14:02:40.0;
31;1603.75;2019-04-11 14:02:42.0;
31;1603.25;2019-04-11 14:02:43.0;
31;1603.75;2019-04-11 14:02:46.0;
31;1603.25;2019-04-11 14:02:47.0;
31;1603.75;2019-04-11 14:03:50.0;
31;1603.5;2019-04-11 14:05:03.0;
31;1603.75;2019-04-11 14:05:06.0;
31;1603.5;2019-04-11 14:05:15.0;
31;1603.75;2019-04-11 14:05:18.0;
31;1603.5;2019-04-11 14:05:32.0;
31;1603.75;2019-04-11 14:05:34.0;
31;1603.25;2019-04-11 14:06:04.0;
31;1603.75;2019-04-11 14:07:11.0;
31;1604.25;2019-04-11 14:08:50.0;
31;1603.75;2019-04-11 14:08:52.0;
31;1604.25;2019-04-11 14:08:54.0;
31;1603.75;2019-04-11 14:08:56.0;
31;1604.25;2019-04-11 14:09:00.0;
31;1603.75;2019-04-11 14:09:02.0;
31;1604.25;2019-04-11 14:09:06.0;
31;1603.75;2019-04-11 14:09:09.0;
31;1603.5;2019-04-11 14:13:18.0;
31;1603.25;2019-04-11 14:13:26.0;
31;1603.5;2019-04-11 14:13:27.0;
31;1603.25;2019-04-11 14:13:33.0;
31;1603.5;2019-04-11 14:13:34.0;
31;1603.25;2019-04-11 14:13:40.0;
31;1603.5;2019-04-11 14:13:41.0;
31;1603.25;2019-04-11 14:13:42.0;
31;1603.5;2019-04-11 14:13:44.0;
31;1603.25;2019-04-11 14:13:46.0;
31;1603.5;2019-04-11 14:13:48.0;
31;1603.25;2019-04-11 14:13:52.0;
31;1603.5;2019-04-11 14:13:55.0;
31;1603.25;2019-04-11 14:13:56.0;
31;1603.5;2019-04-11 14:13:58.0;
31;1603.75;2019-04-11 14:14:06.0;
31;1603.5;2019-04-11 14:14:09.0;
31;1603.75;2019-04-11 14:14:15.0;
31;1603.5;2019-04-11 14:14:16.0;
31;1603.75;2019-04-11 14:14:19.0;
31;1603.5;2019-04-11 14:14:24.0;
31;1603.75;2019-04-11 14:14:26.0;
31;1603.5;2019-04-11 14:14:28.0;
31;1603.75;2019-04-11 14:14:31.0;
31;1603.5;2019-04-11 14:14:32.0;
31;1603.75;2019-04-11 14:14:33.0;
31;1603.5;2019-04-11 14:14:38.0;
31;1603.75;2019-04-11 14:14:39.0;
31;1603.25;2019-04-11 14:14:41.0;
31;1603.75;2019-04-11 14:14:42.0;
31;1603.25;2019-04-11 14:14:44.0;
31;1603.5;2019-04-11 14:14:45.0;
31;1603.75;2019-04-11 14:14:46.0;
31;1603.5;2019-04-11 14:14:48.0;
31;1603.75;2019-04-11 14:14:49.0;
31;1603.5;2019-04-11 14:14:51.0;
31;1603.25;2019-04-11 14:14:52.0;
31;1603.5;2019-04-11 14:14:54.0;
31;1603.25;2019-04-11 14:14:55.0;
31;1603.5;2019-04-11 14:14:58.0;
31;1603.25;2019-04-11 14:15:00.0;
31;1603.5;2019-04-11 14:17:49.0;
31;1603.25;2019-04-11 14:17:54.0;
31;1603.5;2019-04-11 14:17:56.0;
31;1603.25;2019-04-11 14:17:59.0;
31;1603.5;2019-04-11 14:18:00.0;
31;1603.25;2019-04-11 14:18:07.0;
31;1603.5;2019-04-11 14:18:10.0;
31;1603.25;2019-04-11 14:18:11.0;
31;1603.5;2019-04-11 14:18:12.0;
31;1603.75;2019-04-11 14:18:17.0;
31;1603.5;2019-04-11 14:18:21.0;
31;1603.75;2019-04-11 14:18:23.0;
31;1603.5;2019-04-11 14:18:27.0;
31;1603.75;2019-04-11 14:18:28.0;
31;1603.25;2019-04-11 14:18:30.0;
31;1603.75;2019-04-11 14:18:31.0;
31;1603.25;2019-04-11 14:18:32.0;
31;1603.75;2019-04-11 14:18:34.0;
31;1603.25;2019-04-11 14:18:35.0;
31;1603.75;2019-04-11 14:18:36.0;
31;1603.25;2019-04-11 14:18:38.0;
31;1603.75;2019-04-11 14:18:39.0;
31;1603.25;2019-04-11 14:18:41.0;
31;1603.75;2019-04-11 14:18:45.0;
31;1603.25;2019-04-11 14:18:46.0;
31;1603.75;2019-04-11 14:18:48.0;
31;1603.25;2019-04-11 14:18:49.0;
31;1603.75;2019-04-11 14:18:52.0;
31;1603.25;2019-04-11 14:18:54.0;
31;1603.75;2019-04-11 14:21:20.0;
31;1603.25;2019-04-11 14:21:29.0;
31;1603.75;2019-04-11 14:21:31.0;
31;1604.25;2019-04-11 14:22:27.0;
31;1603.75;2019-04-11 14:22:33.0;
31;1604.25;2019-04-11 14:22:35.0;
31;1603.75;2019-04-11 14:23:01.0;
31;1604.25;2019-04-11 14:23:03.0;
31;1603.75;2019-04-11 14:23:07.0;
31;1604.25;2019-04-11 14:23:28.0;
31;1603.75;2019-04-11 14:23:29.0;
31;1604.25;2019-04-11 14:23:36.0;
31;1603.75;2019-04-11 14:23:39.0;
31;1604.25;2019-04-11 14:23:40.0;
31;1604.75;2019-04-11 14:26:06.0;
31;1604.25;2019-04-11 14:26:07.0;
31;1604.75;2019-04-11 14:26:16.0;
31;1604.25;2019-04-11 14:26:22.0;
31;1604.75;2019-04-11 14:26:24.0;
31;1604.25;2019-04-11 14:26:39.0;
31;1604.75;2019-04-11 14:26:40.0;
31;1604.25;2019-04-11 14:26:52.0;
31;1604.75;2019-04-11 14:26:55.0;
31;1604.25;2019-04-11 14:27:00.0;
31;1604.75;2019-04-11 14:32:36.0;
31;1604.25;2019-04-11 14:32:37.0;
31;1604.75;2019-04-11 14:32:39.0;
31;1604.25;2019-04-11 14:37:05.0;
31;1604.75;2019-04-11 14:37:06.0;
31;1604.25;2019-04-11 14:37:07.0;
31;1604.75;2019-04-11 14:37:09.0;
31;1604.25;2019-04-11 14:37:12.0;
31;1604.75;2019-04-11 14:38:13.0;
31;1604.25;2019-04-11 14:38:14.0;
31;1604.75;2019-04-11 14:38:17.0;
31;1604.25;2019-04-11 14:40:35.0;
31;1603.75;2019-04-11 14:41:07.0;
31;1604;2019-04-11 14:41:40.0;
31;1603.75;2019-04-11 14:41:42.0;
31;1604;2019-04-11 14:41:43.0;
31;1603.75;2019-04-11 14:41:45.0;
31;1604;2019-04-11 14:41:48.0;
31;1603.75;2019-04-11 14:41:50.0;
31;1604;2019-04-11 14:41:51.0;
31;1603.75;2019-04-11 14:41:53.0;
31;1604;2019-04-11 14:41:57.0;
31;1603.75;2019-04-11 14:41:59.0;
31;1604;2019-04-11 14:42:00.0;
31;1603.75;2019-04-11 14:42:02.0;
31;1604;2019-04-11 14:42:05.0;
31;1603.75;2019-04-11 14:42:06.0;
31;1604;2019-04-11 14:42:07.0;
31;1603.75;2019-04-11 14:42:09.0;
31;1604;2019-04-11 14:43:17.0;
31;1603.75;2019-04-11 14:43:19.0;
31;1604;2019-04-11 14:43:30.0;
31;1603.75;2019-04-11 14:43:32.0;
31;1604;2019-04-11 14:43:36.0;
31;1603.75;2019-04-11 14:43:39.0;
31;1604;2019-04-11 14:43:40.0;
31;1603.75;2019-04-11 14:43:42.0;
31;1604;2019-04-11 14:43:43.0;
31;1603.75;2019-04-11 14:43:46.0;
31;1604.25;2019-04-11 14:43:50.0;
31;1604.75;2019-04-11 14:46:35.0;
31;1605.25;2019-04-11 14:50:26.0;
31;1604.75;2019-04-11 14:50:27.0;
31;1605.25;2019-04-11 14:50:29.0;
31;1604.75;2019-04-11 14:50:34.0;
31;1605.25;2019-04-11 14:50:38.0;
31;1604.75;2019-04-11 14:50:46.0;
31;1605.25;2019-04-11 14:50:48.0;
31;1604.75;2019-04-11 14:52:43.0;
31;1605.25;2019-04-11 14:52:48.0;
31;1604.75;2019-04-11 14:52:49.0;
31;1605.25;2019-04-11 14:52:50.0;
31;1604.75;2019-04-11 14:52:52.0;
31;1605.25;2019-04-11 14:52:55.0;
31;1605;2019-04-11 14:52:56.0;
31;1604.75;2019-04-11 14:52:57.0;
31;1605.25;2019-04-11 14:52:59.0;
31;1605;2019-04-11 14:53:00.0;
31;1605.25;2019-04-11 14:53:01.0;
31;1604.75;2019-04-11 14:53:03.0;
31;1605;2019-04-11 14:53:04.0;
31;1604.75;2019-04-11 14:53:09.0;
31;1605;2019-04-11 14:53:14.0;
31;1604.75;2019-04-11 14:53:21.0;
31;1605.25;2019-04-11 14:55:18.0;
31;1604.75;2019-04-11 14:55:20.0;
31;1605.25;2019-04-11 14:55:23.0;
31;1604.75;2019-04-11 14:55:25.0;
31;1605.25;2019-04-11 14:55:26.0;
31;1604.75;2019-04-11 14:55:29.0;
31;1605.25;2019-04-11 14:55:30.0;
31;1604.75;2019-04-11 14:56:28.0;
31;1605.25;2019-04-11 14:56:30.0;
31;1604.75;2019-04-11 14:56:40.0;
31;1605.25;2019-04-11 14:56:44.0;
31;1604.75;2019-04-11 14:56:46.0;
31;1605.25;2019-04-11 14:56:47.0;
31;1604.75;2019-04-11 14:56:48.0;
31;1605.25;2019-04-11 14:56:50.0;
31;1604.75;2019-04-11 14:56:51.0;
31;1605.25;2019-04-11 15:02:32.0;
31;1604.75;2019-04-11 15:02:33.0;
31;1605.25;2019-04-11 15:02:37.0;
31;1604.75;2019-04-11 15:02:49.0;
31;1605.25;2019-04-11 15:02:52.0;
31;1605.75;2019-04-11 15:04:55.0;
31;1605.25;2019-04-11 15:04:58.0;
31;1605.75;2019-04-11 15:05:04.0;
31;1605.25;2019-04-11 15:05:05.0;
31;1605.75;2019-04-11 15:05:07.0;
31;1605.25;2019-04-11 15:05:10.0;
31;1605.75;2019-04-11 15:05:16.0;
31;1605.25;2019-04-11 15:05:17.0;
31;1605.75;2019-04-11 15:05:20.0;
31;1605.25;2019-04-11 15:05:22.0;
31;1605.75;2019-04-11 15:05:26.0;
31;1605.25;2019-04-11 15:05:28.0;
31;1605.75;2019-04-11 15:06:52.0;
31;1605.25;2019-04-11 15:08:01.0;
31;1604.75;2019-04-11 15:13:38.0;
31;1605.25;2019-04-11 15:13:40.0;
31;1604.75;2019-04-11 15:13:41.0;
31;1605.25;2019-04-11 15:13:43.0;
31;1604.75;2019-04-11 15:13:46.0;
31;1605.25;2019-04-11 15:13:47.0;
31;1604.75;2019-04-11 15:13:51.0;
31;1605.25;2019-04-11 15:13:52.0;
31;1604.75;2019-04-11 15:14:03.0;
31;1605.25;2019-04-11 15:14:05.0;
31;1604.75;2019-04-11 15:14:11.0;
31;1605.25;2019-04-11 15:14:13.0;
31;1604.75;2019-04-11 15:14:19.0;
31;1605.25;2019-04-11 15:14:21.0;
31;1604.75;2019-04-11 15:14:24.0;
31;1605.25;2019-04-11 15:14:27.0;
31;1604.75;2019-04-11 15:14:28.0;
31;1605.25;2019-04-11 15:19:56.0;
31;1604.75;2019-04-11 15:22:37.0;
31;1605.25;2019-04-11 15:22:39.0;
31;1604.75;2019-04-11 15:22:42.0;
31;1605.25;2019-04-11 15:22:43.0;
31;1604.75;2019-04-11 15:22:44.0;
31;1605.25;2019-04-11 15:22:50.0;
31;1604.75;2019-04-11 15:22:53.0;
31;1605.25;2019-04-11 15:22:57.0;
31;1604.75;2019-04-11 15:22:59.0;
31;1605.25;2019-04-11 15:23:02.0;
31;1604.75;2019-04-11 15:23:03.0;
31;1605.25;2019-04-11 15:23:11.0;
31;1604.75;2019-04-11 15:23:12.0;
31;1605.25;2019-04-11 15:23:17.0;
31;1605;2019-04-11 15:23:41.0;
31;1605.25;2019-04-11 15:23:44.0;
31;1605;2019-04-11 15:23:45.0;
31;1605.25;2019-04-11 15:23:48.0;
31;1605;2019-04-11 15:23:50.0;
31;1604.75;2019-04-11 15:24:55.0;
31;1605;2019-04-11 15:24:56.0;
31;1604.75;2019-04-11 15:24:57.0;
31;1605;2019-04-11 15:24:59.0;
31;1604.75;2019-04-11 15:25:02.0;
31;1605;2019-04-11 15:25:06.0;
31;1604.75;2019-04-11 15:25:08.0;
31;1605;2019-04-11 15:25:25.0;
31;1604.75;2019-04-11 15:25:26.0;
31;1605;2019-04-11 15:25:28.0;
31;1604.75;2019-04-11 15:25:29.0;
31;1605;2019-04-11 15:25:32.0;
31;1604.75;2019-04-11 15:25:34.0;
31;1605;2019-04-11 15:25:37.0;
31;1604.75;2019-04-11 15:25:38.0;
31;1605;2019-04-11 15:25:39.0;
31;1605.25;2019-04-11 15:25:41.0;
31;1604.75;2019-04-11 15:25:44.0;
31;1605.25;2019-04-11 15:25:46.0;
31;1605;2019-04-11 15:25:48.0;
31;1605.25;2019-04-11 15:25:54.0;
31;1605;2019-04-11 15:28:05.0;
31;1605.25;2019-04-11 15:28:09.0;
31;1605;2019-04-11 15:28:15.0;
31;1605.25;2019-04-11 15:28:17.0;
31;1605;2019-04-11 15:28:18.0;
31;1605.25;2019-04-11 15:28:21.0;
31;1604.75;2019-04-11 15:28:25.0;
31;1605;2019-04-11 15:28:27.0;
31;1604.75;2019-04-11 15:28:30.0;
31;1604.25;2019-04-11 15:30:39.0;
31;1604.75;2019-04-11 15:30:42.0;
31;1604.25;2019-04-11 15:30:45.0;
31;1604.75;2019-04-11 15:30:47.0;
31;1603.75;2019-04-11 15:30:49.0;
31;1604.25;2019-04-11 15:30:51.0;
31;1603.75;2019-04-11 15:30:54.0;
31;1604.25;2019-04-11 15:31:00.0;
31;1603.75;2019-04-11 15:31:09.0;
31;1604.25;2019-04-11 15:31:24.0;
31;1603.75;2019-04-11 15:31:25.0;
31;1604.25;2019-04-11 15:31:27.0;
31;1603.75;2019-04-11 15:31:29.0;
31;1603.5;2019-04-11 15:31:43.0;
31;1603.75;2019-04-11 15:31:46.0;
31;1603.5;2019-04-11 15:31:50.0;
31;1603.25;2019-04-11 15:31:53.0;
31;1603.5;2019-04-11 15:31:56.0;
31;1603.75;2019-04-11 15:31:59.0;
31;1603.5;2019-04-11 15:32:00.0;
31;1603.25;2019-04-11 15:32:01.0;
31;1603.5;2019-04-11 15:32:08.0;
31;1603.25;2019-04-11 15:32:11.0;
31;1603.75;2019-04-11 15:32:14.0;
31;1603.25;2019-04-11 15:32:15.0;
31;1603.75;2019-04-11 15:32:19.0;
31;1603.25;2019-04-11 15:32:20.0;
31;1603.75;2019-04-11 15:32:21.0;
31;1603.25;2019-04-11 15:32:28.0;
31;1603.75;2019-04-11 15:32:30.0;
31;1604.25;2019-04-11 15:32:46.0;
31;1603.75;2019-04-11 15:32:47.0;
31;1604.25;2019-04-11 15:32:56.0;
31;1603.75;2019-04-11 15:32:58.0;
31;1604.25;2019-04-11 15:33:02.0;
31;1603.75;2019-04-11 15:33:06.0;
31;1604.25;2019-04-11 15:33:16.0;
31;1603.75;2019-04-11 15:33:18.0;
31;1604;2019-04-11 15:33:40.0;
31;1603.75;2019-04-11 15:34:03.0;
31;1604;2019-04-11 15:34:05.0;
31;1603.75;2019-04-11 15:34:10.0;
31;1604.25;2019-04-11 15:35:13.0;
31;1603.75;2019-04-11 15:35:14.0;
31;1604.25;2019-04-11 15:35:15.0;
31;1603.75;2019-04-11 15:35:18.0;
31;1604.25;2019-04-11 15:35:20.0;
31;1603.75;2019-04-11 15:35:22.0;
31;1604.25;2019-04-11 15:35:27.0;
31;1603.75;2019-04-11 15:35:30.0;
31;1604.25;2019-04-11 15:35:39.0;
31;1603.75;2019-04-11 15:35:41.0;
31;1603;2019-04-11 15:36:53.0;
31;1603.25;2019-04-11 15:36:55.0;
31;1603;2019-04-11 15:37:00.0;
31;1603.25;2019-04-11 15:37:02.0;
31;1603;2019-04-11 15:37:04.0;
31;1603.25;2019-04-11 15:37:07.0;
31;1603;2019-04-11 15:37:11.0;
31;1603.25;2019-04-11 15:37:13.0;
31;1603;2019-04-11 15:37:18.0;
31;1603.25;2019-04-11 15:37:21.0;
31;1603.5;2019-04-11 15:38:05.0;
31;1603.25;2019-04-11 15:38:07.0;
31;1603.5;2019-04-11 15:38:10.0;
31;1603.25;2019-04-11 15:38:11.0;
31;1603.5;2019-04-11 15:38:12.0;
31;1603.25;2019-04-11 15:38:14.0;
31;1603.5;2019-04-11 15:38:17.0;
31;1603.25;2019-04-11 15:38:20.0;
31;1603.5;2019-04-11 15:38:25.0;
31;1603.25;2019-04-11 15:38:38.0;
31;1603.5;2019-04-11 15:38:43.0;
31;1603.25;2019-04-11 15:38:44.0;
31;1603.5;2019-04-11 15:38:49.0;
31;1603.25;2019-04-11 15:38:50.0;
31;1603.5;2019-04-11 15:38:53.0;
31;1603.25;2019-04-11 15:38:56.0;
31;1602.75;2019-04-11 15:39:31.0;
31;1603.25;2019-04-11 15:39:33.0;
31;1602.75;2019-04-11 15:39:37.0;
31;1603.25;2019-04-11 15:39:40.0;
31;1602.75;2019-04-11 15:39:42.0;
31;1603.25;2019-04-11 15:39:43.0;
31;1602.75;2019-04-11 15:39:44.0;
31;1603.25;2019-04-11 15:39:46.0;
31;1602.75;2019-04-11 15:39:50.0;
31;1603.25;2019-04-11 15:39:51.0;
31;1602.75;2019-04-11 15:39:57.0;
31;1603.25;2019-04-11 15:40:01.0;
31;1603;2019-04-11 15:40:37.0;
31;1603.25;2019-04-11 15:40:38.0;
31;1603;2019-04-11 15:40:41.0;
31;1603.25;2019-04-11 15:40:45.0;
31;1603;2019-04-11 15:40:53.0;
31;1603.25;2019-04-11 15:40:54.0;
31;1603;2019-04-11 15:40:59.0;
31;1603.25;2019-04-11 15:41:00.0;
31;1603;2019-04-11 15:41:05.0;
31;1603.25;2019-04-11 15:41:06.0;
31;1603.75;2019-04-11 15:41:18.0;
31;1603.25;2019-04-11 15:41:24.0;
31;1603.75;2019-04-11 15:41:28.0;
31;1603.25;2019-04-11 15:41:30.0;
31;1603.75;2019-04-11 15:41:33.0;
31;1603.25;2019-04-11 15:41:34.0;
31;1603.75;2019-04-11 15:41:36.0;
31;1604.25;2019-04-11 15:42:53.0;
31;1603.75;2019-04-11 15:42:55.0;
31;1604.25;2019-04-11 15:42:57.0;
31;1603.75;2019-04-11 15:42:59.0;
31;1604.25;2019-04-11 15:43:01.0;
31;1603.75;2019-04-11 15:43:02.0;
31;1604.25;2019-04-11 15:43:04.0;
31;1603.75;2019-04-11 15:43:06.0;
31;1604.25;2019-04-11 15:43:12.0;
31;1603.75;2019-04-11 15:43:13.0;
31;1604.25;2019-04-11 15:43:15.0;
31;1604.75;2019-04-11 15:43:43.0;
31;1604.25;2019-04-11 15:43:44.0;
31;1604.75;2019-04-11 15:43:45.0;
31;1604.25;2019-04-11 15:43:47.0;
31;1604.75;2019-04-11 15:43:51.0;
31;1605.25;2019-04-11 15:47:07.0;
31;1604.75;2019-04-11 15:47:10.0;
31;1605.25;2019-04-11 15:47:12.0;
31;1604.75;2019-04-11 15:47:13.0;
31;1605.25;2019-04-11 15:47:17.0;
31;1605;2019-04-11 15:47:38.0;
31;1605.25;2019-04-11 15:47:43.0;
31;1605;2019-04-11 15:47:44.0;
31;1604.75;2019-04-11 15:47:48.0;
31;1605;2019-04-11 15:47:54.0;
31;1604.75;2019-04-11 15:47:56.0;
31;1605;2019-04-11 15:47:57.0;
31;1604.75;2019-04-11 15:48:01.0;
31;1605;2019-04-11 15:48:04.0;
31;1604.75;2019-04-11 15:48:07.0;
31;1605.25;2019-04-11 15:48:10.0;
31;1604.75;2019-04-11 15:48:13.0;
31;1605.25;2019-04-11 15:48:22.0;
31;1605.75;2019-04-11 15:49:34.0;
31;1605.25;2019-04-11 15:49:36.0;
31;1605.75;2019-04-11 15:49:38.0;
31;1605.25;2019-04-11 15:49:40.0;
31;1605.75;2019-04-11 15:49:41.0;
31;1605.25;2019-04-11 15:49:43.0;
31;1605.75;2019-04-11 15:49:46.0;
31;1606.25;2019-04-11 15:50:45.0;
31;1605.75;2019-04-11 15:50:47.0;
31;1606.25;2019-04-11 15:50:48.0;
31;1605.75;2019-04-11 15:50:50.0;
31;1606.25;2019-04-11 15:50:54.0;
31;1605.75;2019-04-11 15:51:02.0;
31;1606.25;2019-04-11 15:51:06.0;
31;1605.75;2019-04-11 15:51:08.0;
31;1606.25;2019-04-11 15:51:09.0;
31;1605.75;2019-04-11 15:51:11.0;
31;1606.25;2019-04-11 15:51:13.0;
31;1605.75;2019-04-11 15:51:15.0;
31;1606.25;2019-04-11 15:51:19.0;
31;1605.25;2019-04-11 15:51:21.0;
31;1605.75;2019-04-11 15:51:22.0;
31;1606.25;2019-04-11 15:51:24.0;
31;1605.25;2019-04-11 15:51:26.0;
31;1605.75;2019-04-11 15:51:28.0;
31;1605.25;2019-04-11 15:51:29.0;
31;1605.75;2019-04-11 15:51:31.0;
31;1605.25;2019-04-11 15:51:41.0;
31;1605.75;2019-04-11 15:51:42.0;
31;1605.25;2019-04-11 15:51:44.0;
31;1605.75;2019-04-11 15:51:46.0;
31;1605.25;2019-04-11 15:51:51.0;
31;1605.75;2019-04-11 15:51:53.0;
31;1605.25;2019-04-11 15:52:02.0;
31;1605.75;2019-04-11 15:52:04.0;
31;1605.25;2019-04-11 15:52:11.0;
31;1605.75;2019-04-11 15:52:13.0;
31;1605.25;2019-04-11 15:52:14.0;
31;1604.75;2019-04-11 15:53:16.0;
31;1605.25;2019-04-11 15:53:20.0;
31;1604.75;2019-04-11 15:53:21.0;
31;1605.25;2019-04-11 15:54:26.0;
31;1604.75;2019-04-11 15:54:29.0;
31;1605.25;2019-04-11 15:54:30.0;
31;1604.75;2019-04-11 15:54:36.0;
31;1605.25;2019-04-11 15:54:37.0;
31;1604.75;2019-04-11 15:54:39.0;
31;1605.25;2019-04-11 15:54:40.0;
31;1604.75;2019-04-11 15:54:44.0;
31;1605.25;2019-04-11 15:54:46.0;
31;1604.75;2019-04-11 15:54:49.0;
31;1605.25;2019-04-11 15:54:52.0;
31;1604.75;2019-04-11 15:54:56.0;
31;1604.25;2019-04-11 15:54:57.0;
31;1604.75;2019-04-11 15:55:02.0;
31;1604.25;2019-04-11 15:55:03.0;
31;1604.75;2019-04-11 15:55:05.0;
31;1604.25;2019-04-11 15:55:06.0;
31;1604.5;2019-04-11 15:56:32.0;
31;1604.25;2019-04-11 15:56:35.0;
31;1604.5;2019-04-11 15:56:50.0;
31;1604.25;2019-04-11 15:56:55.0;
31;1604.5;2019-04-11 15:57:01.0;
31;1604.25;2019-04-11 15:57:02.0;
31;1604.75;2019-04-11 15:57:12.0;
31;1604.25;2019-04-11 15:57:18.0;
31;1604.75;2019-04-11 15:57:20.0;
31;1604.25;2019-04-11 15:57:25.0;
31;1604.75;2019-04-11 15:57:28.0;
31;1604.25;2019-04-11 15:57:30.0;
31;1604.75;2019-04-11 15:57:31.0;
31;1604.25;2019-04-11 15:57:33.0;
31;1604.75;2019-04-11 15:57:35.0;
31;1604.25;2019-04-11 15:59:13.0;
31;1604.75;2019-04-11 15:59:20.0;
31;1604.25;2019-04-11 15:59:21.0;
31;1604.75;2019-04-11 16:00:54.0;
31;1604.25;2019-04-11 16:00:55.0;
31;1604.75;2019-04-11 16:00:59.0;
31;1604.25;2019-04-11 16:01:29.0;
31;1604.75;2019-04-11 16:01:33.0;
31;1604.25;2019-04-11 16:01:34.0;
31;1604.75;2019-04-11 16:03:02.0;
31;1604.25;2019-04-11 16:03:03.0;
31;1604.75;2019-04-11 16:03:04.0;
31;1605.25;2019-04-11 16:03:34.0;
31;1604.75;2019-04-11 16:03:35.0;
31;1605.25;2019-04-11 16:03:40.0;
31;1604.75;2019-04-11 16:03:42.0;
31;1605;2019-04-11 16:03:43.0;
31;1605.25;2019-04-11 16:03:45.0;
31;1605;2019-04-11 16:03:46.0;
31;1604.75;2019-04-11 16:03:49.0;
31;1605.25;2019-04-11 16:03:50.0;
31;1605;2019-04-11 16:03:52.0;
31;1604.75;2019-04-11 16:03:53.0;
31;1605.25;2019-04-11 16:03:56.0;
31;1605;2019-04-11 16:03:58.0;
31;1604.75;2019-04-11 16:04:01.0;
31;1605.25;2019-04-11 16:04:03.0;
31;1604.75;2019-04-11 16:04:04.0;
31;1605;2019-04-11 16:04:09.0;
31;1604.75;2019-04-11 16:04:11.0;
31;1605;2019-04-11 16:04:12.0;
31;1604.75;2019-04-11 16:04:13.0;
31;1605.25;2019-04-11 16:04:41.0;
31;1604.75;2019-04-11 16:04:42.0;
31;1605.25;2019-04-11 16:04:44.0;
31;1604.75;2019-04-11 16:04:50.0;
31;1605.25;2019-04-11 16:04:51.0;
31;1604.75;2019-04-11 16:05:05.0;
31;1605.25;2019-04-11 16:05:08.0;
31;1604.75;2019-04-11 16:05:10.0;
31;1605.25;2019-04-11 16:05:12.0;
31;1604.75;2019-04-11 16:05:13.0;
31;1605.25;2019-04-11 16:05:15.0;
31;1604.75;2019-04-11 16:05:25.0;
31;1605.25;2019-04-11 16:05:26.0;
31;1605.75;2019-04-11 16:05:28.0;
31;1605.25;2019-04-11 16:05:29.0;
31;1605.75;2019-04-11 16:05:32.0;
31;1605.25;2019-04-11 16:05:35.0;
31;1605.75;2019-04-11 16:05:39.0;
31;1605.25;2019-04-11 16:05:42.0;
31;1605.75;2019-04-11 16:05:49.0;
31;1605.25;2019-04-11 16:05:51.0;
31;1605.75;2019-04-11 16:05:53.0;
31;1605.25;2019-04-11 16:06:00.0;
31;1605;2019-04-11 16:07:15.0;
31;1605.25;2019-04-11 16:07:20.0;
31;1605;2019-04-11 16:07:24.0;
31;1605.25;2019-04-11 16:07:26.0;
31;1605;2019-04-11 16:07:27.0;
31;1605.25;2019-04-11 16:07:29.0;
31;1605;2019-04-11 16:07:31.0;
31;1605.25;2019-04-11 16:07:36.0;
31;1605;2019-04-11 16:07:38.0;
31;1604.75;2019-04-11 16:07:45.0;
31;1605;2019-04-11 16:07:46.0;
31;1604.75;2019-04-11 16:07:48.0;
31;1605;2019-04-11 16:07:51.0;
31;1604.75;2019-04-11 16:07:53.0;
31;1605;2019-04-11 16:07:55.0;
31;1604.75;2019-04-11 16:07:58.0;
31;1605;2019-04-11 16:07:59.0;
31;1604.75;2019-04-11 16:08:08.0;
31;1605;2019-04-11 16:08:09.0;
31;1604.25;2019-04-11 16:08:11.0;
31;1604.75;2019-04-11 16:08:14.0;
31;1604.25;2019-04-11 16:08:17.0;
31;1604.75;2019-04-11 16:08:50.0;
31;1605.25;2019-04-11 16:09:22.0;
31;1605;2019-04-11 16:10:28.0;
31;1605.25;2019-04-11 16:10:30.0;
31;1605;2019-04-11 16:10:33.0;
31;1605.25;2019-04-11 16:10:35.0;
31;1605;2019-04-11 16:10:36.0;
31;1605.25;2019-04-11 16:10:38.0;
31;1605;2019-04-11 16:10:43.0;
31;1605.25;2019-04-11 16:10:45.0;
31;1605;2019-04-11 16:12:07.0;
31;1605.25;2019-04-11 16:12:08.0;
31;1605;2019-04-11 16:12:11.0;
31;1604.25;2019-04-11 16:12:41.0;
31;1604.75;2019-04-11 16:13:13.0;
31;1604.25;2019-04-11 16:13:15.0;
31;1604.75;2019-04-11 16:13:18.0;
31;1605;2019-04-11 16:14:32.0;
31;1604.75;2019-04-11 16:14:35.0;
31;1605;2019-04-11 16:14:37.0;
31;1604.75;2019-04-11 16:14:38.0;
31;1605;2019-04-11 16:14:46.0;
31;1604.75;2019-04-11 16:14:48.0;
31;1605;2019-04-11 16:14:51.0;
31;1604.75;2019-04-11 16:14:53.0;
31;1605.25;2019-04-11 16:14:57.0;
31;1605;2019-04-11 16:14:58.0;
31;1605.25;2019-04-11 16:15:00.0;
31;1605.75;2019-04-11 16:16:52.0;
31;1605.25;2019-04-11 16:16:58.0;
31;1605.75;2019-04-11 16:17:00.0;
31;1605.25;2019-04-11 16:17:01.0;
31;1605.75;2019-04-11 16:17:03.0;
31;1605.25;2019-04-11 16:17:04.0;
31;1605.75;2019-04-11 16:17:10.0;
31;1605.25;2019-04-11 16:17:12.0;
31;1605.75;2019-04-11 16:17:20.0;
31;1605.25;2019-04-11 16:17:22.0;
31;1605.75;2019-04-11 16:17:33.0;
31;1605.25;2019-04-11 16:17:35.0;
31;1605.75;2019-04-11 16:17:37.0;
31;1605.25;2019-04-11 16:17:39.0;
31;1605.75;2019-04-11 16:17:40.0;
31;1605.25;2019-04-11 16:17:44.0;
31;1605.75;2019-04-11 16:17:46.0;
31;1606.25;2019-04-11 16:18:40.0;
31;1605.75;2019-04-11 16:18:42.0;
31;1606.25;2019-04-11 16:18:43.0;
31;1605.75;2019-04-11 16:18:46.0;
31;1606.25;2019-04-11 16:18:48.0;
31;1605.75;2019-04-11 16:18:52.0;
31;1606.25;2019-04-11 16:18:54.0;
31;1605.75;2019-04-11 16:19:01.0;
31;1606.25;2019-04-11 16:19:04.0;
31;1605.75;2019-04-11 16:19:05.0;
31;1606.25;2019-04-11 16:19:07.0;
31;1605.75;2019-04-11 16:19:08.0;
31;1606.25;2019-04-11 16:19:12.0;
31;1605.75;2019-04-11 16:19:15.0;
31;1605.5;2019-04-11 16:23:05.0;
31;1605.75;2019-04-11 16:23:06.0;
31;1605.5;2019-04-11 16:23:10.0;
31;1605.75;2019-04-11 16:23:13.0;
31;1605.5;2019-04-11 16:23:15.0;
31;1605.75;2019-04-11 16:23:18.0;
31;1605.5;2019-04-11 16:23:19.0;
31;1605.75;2019-04-11 16:23:21.0;
31;1605.5;2019-04-11 16:23:24.0;
31;1605.75;2019-04-11 16:23:28.0;
31;1605.5;2019-04-11 16:23:44.0;
31;1605.75;2019-04-11 16:23:47.0;
31;1605.5;2019-04-11 16:23:50.0;
31;1605.75;2019-04-11 16:23:56.0;
31;1605.5;2019-04-11 16:23:58.0;
31;1605.75;2019-04-11 16:24:07.0;
31;1605.25;2019-04-11 16:24:08.0;
31;1605.5;2019-04-11 16:24:09.0;
31;1605.25;2019-04-11 16:24:11.0;
31;1605.5;2019-04-11 16:24:12.0;
31;1605.25;2019-04-11 16:24:15.0;
31;1605.75;2019-04-11 16:24:41.0;
31;1605.25;2019-04-11 16:24:42.0;
31;1605.75;2019-04-11 16:24:45.0;
31;1605.25;2019-04-11 16:24:47.0;
31;1605.75;2019-04-11 16:24:50.0;
31;1605.5;2019-04-11 16:26:19.0;
31;1605.75;2019-04-11 16:26:20.0;
31;1605.5;2019-04-11 16:26:24.0;
31;1605.25;2019-04-11 16:26:50.0;
31;1605.5;2019-04-11 16:26:52.0;
31;1605.25;2019-04-11 16:26:57.0;
31;1605.75;2019-04-11 16:29:40.0;
31;1605.25;2019-04-11 16:30:46.0;
31;1605.75;2019-04-11 16:30:51.0;
31;1605.25;2019-04-11 16:30:53.0;
31;1604.75;2019-04-11 16:31:19.0;
31;1605.25;2019-04-11 16:31:57.0;
31;1604.75;2019-04-11 16:32:01.0;
31;1605.25;2019-04-11 16:32:02.0;
31;1605.75;2019-04-11 16:32:29.0;
31;1605.25;2019-04-11 16:32:31.0;
31;1605.75;2019-04-11 16:32:37.0;
31;1605.25;2019-04-11 16:32:39.0;
31;1605.75;2019-04-11 16:32:40.0;
31;1605.25;2019-04-11 16:32:42.0;
31;1605.75;2019-04-11 16:32:44.0;
31;1605.25;2019-04-11 16:32:50.0;
31;1605.75;2019-04-11 16:32:52.0;
31;1605.25;2019-04-11 16:33:17.0;
31;1605.75;2019-04-11 16:33:19.0;
31;1605.25;2019-04-11 16:33:23.0;
31;1605.75;2019-04-11 16:33:25.0;
31;1605.25;2019-04-11 16:33:32.0;
31;1605.5;2019-04-11 16:33:33.0;
31;1605.75;2019-04-11 16:33:34.0;
31;1605.5;2019-04-11 16:33:36.0;
31;1605.25;2019-04-11 16:33:38.0;
31;1605.5;2019-04-11 16:33:43.0;
31;1605.25;2019-04-11 16:33:45.0;
31;1605.5;2019-04-11 16:33:48.0;
31;1605.25;2019-04-11 16:33:51.0;
31;1605.5;2019-04-11 16:33:58.0;
31;1605.25;2019-04-11 16:34:00.0;
31;1605.5;2019-04-11 16:34:04.0;
31;1605.25;2019-04-11 16:34:05.0;
31;1605.75;2019-04-11 16:35:25.0;
31;1605.25;2019-04-11 16:35:27.0;
31;1605.75;2019-04-11 16:35:31.0;
31;1605.25;2019-04-11 16:35:33.0;
31;1605.75;2019-04-11 16:35:34.0;
31;1606;2019-04-11 16:37:21.0;
31;1605.75;2019-04-11 16:37:33.0;
31;1606.25;2019-04-11 16:37:35.0;
31;1606;2019-04-11 16:37:37.0;
31;1606.25;2019-04-11 16:37:43.0;
31;1606;2019-04-11 16:37:45.0;
31;1606.25;2019-04-11 16:37:51.0;
31;1606;2019-04-11 16:37:52.0;
31;1606.25;2019-04-11 16:37:54.0;
31;1606.75;2019-04-11 16:40:38.0;
31;1606.25;2019-04-11 16:40:39.0;
31;1606.75;2019-04-11 16:40:50.0;
31;1606.25;2019-04-11 16:40:54.0;
31;1606.75;2019-04-11 16:40:57.0;
31;1606.25;2019-04-11 16:40:59.0;
31;1606.75;2019-04-11 16:41:01.0;
31;1606.25;2019-04-11 16:41:04.0;
31;1606.75;2019-04-11 16:41:08.0;
31;1606.25;2019-04-11 16:41:09.0;
31;1606.75;2019-04-11 16:41:13.0;
31;1606.5;2019-04-11 16:41:18.0;
31;1606.75;2019-04-11 16:41:20.0;
31;1606.5;2019-04-11 16:41:22.0;
31;1606.75;2019-04-11 16:41:27.0;
31;1606.5;2019-04-11 16:41:29.0;
31;1606.75;2019-04-11 16:41:32.0;
31;1606.5;2019-04-11 16:41:40.0;
31;1606.75;2019-04-11 16:41:41.0;
31;1607.25;2019-04-11 16:42:39.0;
31;1606.75;2019-04-11 16:42:41.0;
31;1607.25;2019-04-11 16:42:43.0;
31;1606.75;2019-04-11 16:42:47.0;
31;1607.25;2019-04-11 16:42:50.0;
31;1607.75;2019-04-11 16:43:18.0;
31;1607.25;2019-04-11 16:43:19.0;
31;1607.75;2019-04-11 16:43:22.0;
31;1607.5;2019-04-11 16:43:34.0;
31;1607.75;2019-04-11 16:43:36.0;
31;1607.5;2019-04-11 16:43:37.0;
31;1607.75;2019-04-11 16:43:38.0;
31;1607.5;2019-04-11 16:43:40.0;
31;1607.75;2019-04-11 16:43:41.0;
31;1607.5;2019-04-11 16:43:42.0;
31;1607.75;2019-04-11 16:43:44.0;
31;1607.25;2019-04-11 16:43:48.0;
31;1607.5;2019-04-11 16:43:50.0;
31;1607.25;2019-04-11 16:43:51.0;
31;1607.5;2019-04-11 16:43:54.0;
31;1607.25;2019-04-11 16:43:56.0;
31;1607.5;2019-04-11 16:43:57.0;
31;1607.25;2019-04-11 16:43:59.0;
31;1607.75;2019-04-11 16:45:34.0;
31;1607.25;2019-04-11 16:45:36.0;
31;1607.75;2019-04-11 16:45:43.0;
31;1607.25;2019-04-11 16:45:46.0;
31;1607.75;2019-04-11 16:45:48.0;
31;1607.25;2019-04-11 16:45:53.0;
31;1607.75;2019-04-11 16:45:57.0;
31;1607.25;2019-04-11 16:46:01.0;
31;1607.75;2019-04-11 16:46:02.0;
31;1607.25;2019-04-11 16:46:04.0;
31;1607.75;2019-04-11 16:46:05.0;
31;1607.25;2019-04-11 16:46:07.0;
31;1607.75;2019-04-11 16:46:09.0;
31;1607.25;2019-04-11 16:46:13.0;
31;1606.75;2019-04-11 16:48:28.0;
31;1607.25;2019-04-11 16:48:29.0;
31;1606.75;2019-04-11 16:48:32.0;
31;1606.5;2019-04-11 16:49:36.0;
31;1606.75;2019-04-11 16:49:41.0;
31;1606.5;2019-04-11 16:49:42.0;
31;1606.25;2019-04-11 16:49:53.0;
31;1606.5;2019-04-11 16:49:56.0;
31;1606.25;2019-04-11 16:49:57.0;
31;1606.5;2019-04-11 16:49:58.0;
31;1606.25;2019-04-11 16:50:00.0;
31;1606.5;2019-04-11 16:50:03.0;
31;1606.25;2019-04-11 16:50:04.0;
31;1606.75;2019-04-11 16:50:08.0;
31;1606.25;2019-04-11 16:50:10.0;
31;1606.75;2019-04-11 16:50:11.0;
31;1606.25;2019-04-11 16:50:14.0;
31;1606.75;2019-04-11 16:50:17.0;
31;1607.25;2019-04-11 16:51:58.0;
31;1606.75;2019-04-11 16:55:11.0;
31;1607.25;2019-04-11 16:55:52.0;
31;1607;2019-04-11 16:56:23.0;
31;1607.25;2019-04-11 16:56:24.0;
31;1607;2019-04-11 16:56:27.0;
31;1607.25;2019-04-11 16:56:40.0;
31;1607;2019-04-11 16:56:42.0;
31;1607.25;2019-04-11 16:56:43.0;
31;1607;2019-04-11 16:56:47.0;
31;1607.25;2019-04-11 16:56:49.0;
31;1607;2019-04-11 16:56:50.0;
31;1607.25;2019-04-11 16:56:53.0;
31;1606.75;2019-04-11 16:56:55.0;
31;1607.25;2019-04-11 16:56:58.0;
31;1607;2019-04-11 16:57:00.0;
31;1606.75;2019-04-11 16:57:01.0;
31;1607;2019-04-11 16:57:03.0;
31;1607.25;2019-04-11 16:57:09.0;
31;1607;2019-04-11 16:57:11.0;
31;1606.75;2019-04-11 16:57:13.0;
31;1607;2019-04-11 16:57:14.0;
31;1606.75;2019-04-11 16:57:21.0;
31;1607;2019-04-11 16:57:26.0;
31;1607.25;2019-04-11 16:57:33.0;
31;1607;2019-04-11 16:57:35.0;
31;1607.25;2019-04-11 16:57:37.0;
31;1607.5;2019-04-11 16:57:38.0;
31;1607.25;2019-04-11 16:57:40.0;
31;1607.5;2019-04-11 16:57:44.0;
31;1607.25;2019-04-11 16:57:49.0;
31;1607.5;2019-04-11 16:57:51.0;
31;1607.25;2019-04-11 16:57:52.0;
31;1607.5;2019-04-11 16:57:54.0;
31;1607.25;2019-04-11 16:57:55.0;
31;1607.5;2019-04-11 16:57:57.0;
31;1607.25;2019-04-11 16:58:00.0;
31;1607.5;2019-04-11 16:58:02.0;
31;1607.25;2019-04-11 16:58:10.0;
31;1607.5;2019-04-11 16:58:13.0;
31;1607.25;2019-04-11 16:58:14.0;
31;1607.75;2019-04-11 17:00:20.0;
31;1607.25;2019-04-11 17:00:21.0;
31;1607.75;2019-04-11 17:00:27.0;
31;1607.25;2019-04-11 17:02:13.0;
31;1607.75;2019-04-11 17:02:18.0;
31;1607.25;2019-04-11 17:02:19.0;
31;1607.75;2019-04-11 17:02:22.0;
31;1607.25;2019-04-11 17:02:23.0;
31;1607.75;2019-04-11 17:02:28.0;
31;1607.25;2019-04-11 17:02:29.0;
31;1606.25;2019-04-11 17:03:34.0;
31;1607.25;2019-04-11 17:03:35.0;
31;1606.25;2019-04-11 17:03:38.0;
31;1607.25;2019-04-11 17:03:41.0;
31;1606.25;2019-04-11 17:03:43.0;
31;1607.25;2019-04-11 17:03:46.0;
31;1606.25;2019-04-11 17:03:47.0;
31;1606.75;2019-04-11 17:04:05.0;
31;1606.25;2019-04-11 17:04:06.0;
31;1606.75;2019-04-11 17:04:08.0;
31;1606.25;2019-04-11 17:04:11.0;
31;1606.75;2019-04-11 17:04:13.0;
31;1606.25;2019-04-11 17:04:18.0;
31;1606.75;2019-04-11 17:04:20.0;
31;1607.25;2019-04-11 17:04:58.0;
31;1606.75;2019-04-11 17:04:59.0;
31;1607.25;2019-04-11 17:05:03.0;
31;1606.75;2019-04-11 17:05:11.0;
31;1607.25;2019-04-11 17:05:13.0;
31;1607.75;2019-04-11 17:06:44.0;
31;1607.25;2019-04-11 17:06:46.0;
31;1607.75;2019-04-11 17:06:47.0;
31;1607.25;2019-04-11 17:06:48.0;
31;1607.75;2019-04-11 17:06:50.0;
31;1608.25;2019-04-11 17:09:03.0;
31;1607.75;2019-04-11 17:09:04.0;
31;1608.25;2019-04-11 17:09:06.0;
31;1607.75;2019-04-11 17:09:13.0;
31;1608.25;2019-04-11 17:09:14.0;
31;1607.75;2019-04-11 17:09:18.0;
31;1608.25;2019-04-11 17:09:22.0;
31;1607.75;2019-04-11 17:09:23.0;
31;1608.25;2019-04-11 17:09:26.0;
31;1607.75;2019-04-11 17:09:31.0;
31;1608.25;2019-04-11 17:09:32.0;
31;1607.75;2019-04-11 17:10:53.0;
31;1608.25;2019-04-11 17:11:03.0;
31;1607.75;2019-04-11 17:11:05.0;
31;1608.25;2019-04-11 17:11:08.0;
31;1607.75;2019-04-11 17:11:10.0;
31;1608;2019-04-11 17:11:25.0;
31;1607.75;2019-04-11 17:11:26.0;
31;1608;2019-04-11 17:11:29.0;
31;1607.75;2019-04-11 17:11:31.0;
31;1608;2019-04-11 17:11:32.0;
31;1607.75;2019-04-11 17:11:34.0;
31;1608;2019-04-11 17:11:40.0;
31;1607.75;2019-04-11 17:11:43.0;
31;1608;2019-04-11 17:11:48.0;
31;1607.75;2019-04-11 17:11:50.0;
31;1608;2019-04-11 17:11:53.0;
31;1607.75;2019-04-11 17:11:54.0;
31;1608;2019-04-11 17:11:55.0;
31;1607.75;2019-04-11 17:11:57.0;
31;1608.25;2019-04-11 17:12:07.0;
31;1607.75;2019-04-11 17:12:09.0;
31;1608.25;2019-04-11 17:12:11.0;
31;1607.75;2019-04-11 17:12:18.0;
31;1608.25;2019-04-11 17:12:21.0;
31;1608.5;2019-04-11 17:16:18.0;
31;1608.25;2019-04-11 17:16:22.0;
31;1608.5;2019-04-11 17:16:23.0;
31;1608.75;2019-04-11 17:16:50.0;
31;1608.5;2019-04-11 17:16:51.0;
31;1608.75;2019-04-11 17:16:54.0;
31;1608.25;2019-04-11 17:17:24.0;
31;1608.75;2019-04-11 17:17:27.0;
31;1608.25;2019-04-11 17:17:28.0;
31;1608.75;2019-04-11 17:17:31.0;
31;1608.25;2019-04-11 17:17:40.0;
31;1608.75;2019-04-11 17:17:44.0;
31;1608.25;2019-04-11 17:17:47.0;
31;1608.75;2019-04-11 17:17:49.0;
31;1608.25;2019-04-11 17:17:51.0;
31;1608.75;2019-04-11 17:17:52.0;
31;1608.25;2019-04-11 17:17:54.0;
31;1608.75;2019-04-11 17:17:55.0;
31;1608.5;2019-04-11 17:18:01.0;
31;1608.25;2019-04-11 17:18:07.0;
31;1608.5;2019-04-11 17:18:19.0;
31;1608.25;2019-04-11 17:18:20.0;
31;1608.5;2019-04-11 17:18:24.0;
31;1608.25;2019-04-11 17:18:26.0;
31;1608.5;2019-04-11 17:18:30.0;
31;1608.75;2019-04-11 17:18:32.0;
31;1608.25;2019-04-11 17:18:33.0;
31;1608.75;2019-04-11 17:18:38.0;
31;1608.25;2019-04-11 17:18:39.0;
31;1608.75;2019-04-11 17:18:44.0;
31;1608.25;2019-04-11 17:18:45.0;
31;1608.75;2019-04-11 17:18:48.0;
31;1608.25;2019-04-11 17:18:51.0;
31;1608.75;2019-04-11 17:18:55.0;
31;1608.25;2019-04-11 17:18:57.0;
31;1607.75;2019-04-11 17:24:44.0;
31;1608.25;2019-04-11 17:24:46.0;
31;1607.75;2019-04-11 17:24:51.0;
31;1608.25;2019-04-11 17:29:15.0;
31;1607.75;2019-04-11 17:29:25.0;
31;1608.25;2019-04-11 17:29:27.0;
31;1607.75;2019-04-11 17:29:28.0;
31;1608.25;2019-04-11 17:29:29.0;
31;1607.75;2019-04-11 17:30:09.0;
31;1608.25;2019-04-11 17:30:11.0;
31;1607.75;2019-04-11 17:30:15.0;
31;1608.25;2019-04-11 17:30:17.0;
31;1607.75;2019-04-11 17:30:20.0;
31;1607.25;2019-04-11 17:30:44.0;
31;1607.75;2019-04-11 17:30:48.0;
31;1607.25;2019-04-11 17:30:53.0;
31;1607.75;2019-04-11 17:30:54.0;
31;1607.25;2019-04-11 17:30:56.0;
31;1606.75;2019-04-11 17:32:40.0;
31;1607.25;2019-04-11 17:32:47.0;
31;1606.75;2019-04-11 17:32:48.0;
31;1606.25;2019-04-11 17:33:15.0;
31;1606.75;2019-04-11 17:33:17.0;
31;1606.25;2019-04-11 17:33:20.0;
31;1606.75;2019-04-11 17:33:29.0;
31;1606.25;2019-04-11 17:33:32.0;
31;1606.75;2019-04-11 17:33:35.0;
31;1606.25;2019-04-11 17:33:37.0;
31;1606.75;2019-04-11 17:33:41.0;
31;1606.25;2019-04-11 17:33:42.0;
31;1606.75;2019-04-11 17:33:50.0;
31;1606.5;2019-04-11 17:33:52.0;
31;1606.75;2019-04-11 17:33:54.0;
31;1606.25;2019-04-11 17:34:00.0;
31;1606.5;2019-04-11 17:34:01.0;
31;1606.25;2019-04-11 17:34:03.0;
31;1606.5;2019-04-11 17:34:04.0;
31;1606.25;2019-04-11 17:34:05.0;
31;1606.5;2019-04-11 17:34:08.0;
31;1606.25;2019-04-11 17:34:13.0;
31;1606.5;2019-04-11 17:34:16.0;
31;1606.25;2019-04-11 17:34:19.0;
31;1606.5;2019-04-11 17:34:20.0;
31;1606.25;2019-04-11 17:34:23.0;
31;1606.5;2019-04-11 17:34:25.0;
31;1606.25;2019-04-11 17:34:26.0;
31;1606.75;2019-04-11 17:35:48.0;
31;1606.25;2019-04-11 17:35:50.0;
31;1606.75;2019-04-11 17:35:51.0;
31;1606.25;2019-04-11 17:35:53.0;
31;1606.75;2019-04-11 17:35:58.0;
31;1606.25;2019-04-11 17:36:03.0;
31;1606.75;2019-04-11 17:36:04.0;
31;1606.25;2019-04-11 17:36:06.0;
31;1606.75;2019-04-11 17:36:09.0;
31;1606.25;2019-04-11 17:36:10.0;
31;1606.75;2019-04-11 17:36:12.0;
31;1606.25;2019-04-11 17:38:26.0;
31;1606.75;2019-04-11 17:38:32.0;
31;1606.25;2019-04-11 17:38:33.0;
31;1606.75;2019-04-11 17:38:34.0;
31;1606.25;2019-04-11 17:38:36.0;
31;1605.75;2019-04-11 17:39:39.0;
31;1606.25;2019-04-11 17:39:40.0;
31;1605.75;2019-04-11 17:39:43.0;
31;1606.25;2019-04-11 17:39:44.0;
31;1605.75;2019-04-11 17:39:46.0;
31;1606.25;2019-04-11 17:39:47.0;
31;1605.75;2019-04-11 17:39:48.0;
31;1606.25;2019-04-11 17:39:55.0;
31;1605.75;2019-04-11 17:39:57.0;
31;1606.25;2019-04-11 17:39:59.0;
31;1605.75;2019-04-11 17:40:00.0;
31;1604.25;2019-04-11 17:40:41.0;
31;1605.75;2019-04-11 17:40:46.0;
31;1604.25;2019-04-11 17:40:49.0;
31;1605.75;2019-04-11 17:40:55.0;
31;1604.25;2019-04-11 17:40:56.0;
31;1604.5;2019-04-11 17:41:00.0;
31;1604.25;2019-04-11 17:41:01.0;
31;1604.5;2019-04-11 17:41:11.0;
31;1604.25;2019-04-11 17:41:12.0;
31;1604.5;2019-04-11 17:41:14.0;
31;1604.25;2019-04-11 17:41:15.0;
31;1604.5;2019-04-11 17:41:18.0;
31;1604.25;2019-04-11 17:41:26.0;
31;1603.75;2019-04-11 17:42:52.0;
31;1604.25;2019-04-11 17:42:53.0;
31;1603.75;2019-04-11 17:42:55.0;
31;1604.25;2019-04-11 17:42:58.0;
31;1603.75;2019-04-11 17:43:02.0;
31;1604.25;2019-04-11 17:43:04.0;
31;1603.75;2019-04-11 17:43:05.0;
31;1604.25;2019-04-11 17:43:07.0;
31;1603.75;2019-04-11 17:43:08.0;
31;1604;2019-04-11 17:43:26.0;
31;1603.75;2019-04-11 17:43:27.0;
31;1604;2019-04-11 17:43:37.0;
31;1603.75;2019-04-11 17:43:38.0;
31;1604.25;2019-04-11 17:43:40.0;
31;1604;2019-04-11 17:43:48.0;
31;1604.25;2019-04-11 17:43:50.0;
31;1604;2019-04-11 17:43:56.0;
31;1604.25;2019-04-11 17:43:57.0;
31;1605.25;2019-04-11 17:46:02.0;
31;1604.75;2019-04-11 17:46:36.0;
31;1605;2019-04-11 17:46:42.0;
31;1604.75;2019-04-11 17:46:43.0;
31;1605;2019-04-11 17:46:50.0;
31;1604.75;2019-04-11 17:46:53.0;
31;1605;2019-04-11 17:46:54.0;
31;1604.75;2019-04-11 17:46:56.0;
31;1605;2019-04-11 17:47:07.0;
31;1605.25;2019-04-11 17:47:09.0;
31;1605;2019-04-11 17:47:44.0;
31;1605.25;2019-04-11 17:47:45.0;
31;1605;2019-04-11 17:47:46.0;
31;1605.25;2019-04-11 17:47:49.0;
31;1605;2019-04-11 17:47:53.0;
31;1605.25;2019-04-11 17:47:57.0;
31;1605;2019-04-11 17:48:00.0;
31;1605.25;2019-04-11 17:48:03.0;
31;1605;2019-04-11 17:48:05.0;
31;1605.25;2019-04-11 17:48:06.0;
31;1605;2019-04-11 17:48:08.0;
31;1605.25;2019-04-11 17:48:11.0;
31;1605;2019-04-11 17:48:12.0;
31;1605.25;2019-04-11 17:48:14.0;
31;1605.5;2019-04-11 17:48:57.0;
31;1605.25;2019-04-11 17:48:58.0;
31;1605.5;2019-04-11 17:49:00.0;
31;1605.25;2019-04-11 17:49:03.0;
31;1605.5;2019-04-11 17:49:04.0;
31;1605.25;2019-04-11 17:49:11.0;
31;1605.5;2019-04-11 17:49:16.0;
31;1605.25;2019-04-11 17:49:18.0;
31;1605.5;2019-04-11 17:49:20.0;
31;1605.25;2019-04-11 17:49:21.0;
31;1605.5;2019-04-11 17:49:23.0;
31;1605.25;2019-04-11 17:49:27.0;
31;1605.5;2019-04-11 17:49:28.0;
31;1605.25;2019-04-11 17:49:31.0;
31;1605.75;2019-04-11 17:50:33.0;
31;1605.25;2019-04-11 17:50:34.0;
31;1605.75;2019-04-11 17:50:36.0;
31;1605.25;2019-04-11 17:51:50.0;
31;1605.75;2019-04-11 17:51:51.0;
31;1605.25;2019-04-11 17:51:53.0;
31;1605.75;2019-04-11 17:51:55.0;
31;1605.25;2019-04-11 17:52:00.0;
31;1605.75;2019-04-11 17:52:01.0;
31;1605.25;2019-04-11 17:52:09.0;
31;1605.75;2019-04-11 17:52:10.0;
31;1605.25;2019-04-11 17:52:12.0;
31;1605.75;2019-04-11 17:54:49.0;
31;1605.25;2019-04-11 17:54:50.0;
31;1605.75;2019-04-11 17:54:53.0;
31;1605.25;2019-04-11 17:54:59.0;
31;1605.75;2019-04-11 17:55:00.0;
31;1605.25;2019-04-11 17:55:05.0;
31;1605.75;2019-04-11 17:55:06.0;
31;1605.25;2019-04-11 17:55:18.0;
31;1605.75;2019-04-11 17:55:19.0;
31;1605.25;2019-04-11 17:55:21.0;
31;1605.5;2019-04-11 17:56:23.0;
31;1605.25;2019-04-11 17:56:24.0;
31;1605.75;2019-04-11 17:56:28.0;
31;1605.5;2019-04-11 17:56:30.0;
31;1605.75;2019-04-11 17:56:34.0;
31;1605.5;2019-04-11 17:56:37.0;
31;1605.75;2019-04-11 17:56:39.0;
31;1605.5;2019-04-11 17:56:42.0;
31;1605.75;2019-04-11 17:56:45.0;
31;1605.5;2019-04-11 17:56:48.0;
31;1605.75;2019-04-11 17:56:51.0;
31;1605.5;2019-04-11 17:56:52.0;
31;1605.75;2019-04-11 17:56:54.0;
31;1605.5;2019-04-11 17:59:29.0;
31;1605.75;2019-04-11 17:59:33.0;
31;1605.25;2019-04-11 17:59:36.0;
31;1605.75;2019-04-11 17:59:38.0;
31;1605.5;2019-04-11 17:59:40.0;
31;1605.75;2019-04-11 17:59:41.0;
31;1605.25;2019-04-11 17:59:43.0;
31;1605.5;2019-04-11 17:59:44.0;
31;1605.25;2019-04-11 17:59:45.0;
31;1605.5;2019-04-11 17:59:51.0;
31;1605.25;2019-04-11 17:59:53.0;
31;1605.5;2019-04-11 18:01:06.0;
31;1605.25;2019-04-11 18:01:08.0;
31;1605.5;2019-04-11 18:01:17.0;
31;1605.25;2019-04-11 18:01:21.0;
31;1605.5;2019-04-11 18:01:29.0;
31;1605.25;2019-04-11 18:01:30.0;
31;1605.5;2019-04-11 18:01:32.0;
31;1605.25;2019-04-11 18:01:34.0;
31;1605.5;2019-04-11 18:01:36.0;
31;1605.25;2019-04-11 18:01:37.0;
31;1605.5;2019-04-11 18:01:55.0;
31;1605.25;2019-04-11 18:01:56.0;
31;1605.5;2019-04-11 18:01:57.0;
31;1605.25;2019-04-11 18:02:00.0;
31;1605.5;2019-04-11 18:02:08.0;
31;1605.25;2019-04-11 18:02:10.0;
31;1605.5;2019-04-11 18:02:12.0;
31;1605.25;2019-04-11 18:02:13.0;
31;1605.5;2019-04-11 18:02:15.0;
31;1605.25;2019-04-11 18:02:17.0;
31;1605.5;2019-04-11 18:02:19.0;
31;1605.25;2019-04-11 18:02:20.0;
31;1605.5;2019-04-11 18:02:22.0;
31;1605.25;2019-04-11 18:02:23.0;
31;1605.75;2019-04-11 18:04:34.0;
31;1605.25;2019-04-11 18:04:37.0;
31;1605.75;2019-04-11 18:04:40.0;
31;1606.25;2019-04-11 18:05:06.0;
31;1605.75;2019-04-11 18:05:12.0;
31;1606.25;2019-04-11 18:05:13.0;
31;1605.75;2019-04-11 18:05:15.0;
31;1606.25;2019-04-11 18:05:19.0;
31;1606.5;2019-04-11 18:06:57.0;
31;1606.25;2019-04-11 18:06:59.0;
31;1606.5;2019-04-11 18:07:03.0;
31;1606.25;2019-04-11 18:07:04.0;
31;1606.5;2019-04-11 18:07:06.0;
31;1606.25;2019-04-11 18:07:09.0;
31;1606.5;2019-04-11 18:07:12.0;
31;1606.75;2019-04-11 18:07:15.0;
31;1606.25;2019-04-11 18:07:16.0;
31;1606.5;2019-04-11 18:07:18.0;
31;1606.25;2019-04-11 18:07:19.0;
31;1606.75;2019-04-11 18:07:21.0;
31;1606.5;2019-04-11 18:07:23.0;
31;1606.75;2019-04-11 18:07:25.0;
31;1606.5;2019-04-11 18:07:29.0;
31;1606.75;2019-04-11 18:07:35.0;
31;1606.5;2019-04-11 18:07:37.0;
31;1606.75;2019-04-11 18:07:39.0;
31;1606.5;2019-04-11 18:07:41.0;
31;1606.25;2019-04-11 18:07:44.0;
31;1606.75;2019-04-11 18:07:48.0;
31;1606.25;2019-04-11 18:07:53.0;
31;1606;2019-04-11 18:12:33.0;
31;1606.25;2019-04-11 18:12:35.0;
31;1606;2019-04-11 18:12:38.0;
31;1606.25;2019-04-11 18:12:39.0;
31;1605.75;2019-04-11 18:12:41.0;
31;1606.25;2019-04-11 18:12:43.0;
31;1605.75;2019-04-11 18:12:46.0;
31;1606.25;2019-04-11 18:12:47.0;
31;1605.75;2019-04-11 18:12:48.0;
31;1606;2019-04-11 18:12:51.0;
31;1605.75;2019-04-11 18:12:53.0;
31;1606;2019-04-11 18:12:59.0;
31;1605.75;2019-04-11 18:13:00.0;
31;1606;2019-04-11 18:13:02.0;
31;1605.75;2019-04-11 18:13:03.0;
31;1606.25;2019-04-11 18:14:54.0;
31;1605.75;2019-04-11 18:14:56.0;
31;1606.25;2019-04-11 18:14:57.0;
31;1605.75;2019-04-11 18:15:03.0;
31;1606.25;2019-04-11 18:15:05.0;
31;1605.75;2019-04-11 18:15:18.0;
31;1606.25;2019-04-11 18:15:19.0;
31;1605.75;2019-04-11 18:15:24.0;
31;1606.25;2019-04-11 18:15:25.0;
31;1605.75;2019-04-11 18:15:27.0;
31;1605.25;2019-04-11 18:16:34.0;
31;1605.75;2019-04-11 18:16:35.0;
31;1605.25;2019-04-11 18:16:36.0;
31;1605.75;2019-04-11 18:16:39.0;
31;1605.25;2019-04-11 18:16:41.0;
31;1605.75;2019-04-11 18:16:42.0;
31;1605.25;2019-04-11 18:16:45.0;
31;1605;2019-04-11 18:20:30.0;
31;1605.25;2019-04-11 18:20:32.0;
31;1605;2019-04-11 18:20:34.0;
31;1605.25;2019-04-11 18:20:37.0;
31;1604.75;2019-04-11 18:20:39.0;
31;1605.25;2019-04-11 18:20:40.0;
31;1604.75;2019-04-11 18:20:43.0;
31;1605;2019-04-11 18:20:45.0;
31;1605.25;2019-04-11 18:20:47.0;
31;1605;2019-04-11 18:20:48.0;
31;1604.75;2019-04-11 18:20:53.0;
31;1605;2019-04-11 18:20:57.0;
31;1604.75;2019-04-11 18:21:04.0;
31;1605;2019-04-11 18:21:06.0;
31;1604.75;2019-04-11 18:21:10.0;
31;1605;2019-04-11 18:21:16.0;
31;1604.75;2019-04-11 18:21:18.0;
31;1605;2019-04-11 18:21:24.0;
31;1604.75;2019-04-11 18:21:31.0;
31;1605.25;2019-04-11 18:22:38.0;
31;1604.75;2019-04-11 18:22:39.0;
31;1605.25;2019-04-11 18:22:41.0;
31;1604.75;2019-04-11 18:22:43.0;
31;1605.25;2019-04-11 18:22:46.0;
31;1604.75;2019-04-11 18:22:48.0;
31;1605.25;2019-04-11 18:22:49.0;
31;1604.75;2019-04-11 18:26:29.0;
31;1605.25;2019-04-11 18:26:30.0;
31;1604.75;2019-04-11 18:26:32.0;
31;1605.25;2019-04-11 18:26:34.0;
31;1604.75;2019-04-11 18:26:38.0;
31;1605.25;2019-04-11 18:26:41.0;
31;1604.75;2019-04-11 18:26:45.0;
31;1605;2019-04-11 18:26:56.0;
31;1604.75;2019-04-11 18:26:57.0;
31;1605;2019-04-11 18:26:58.0;
31;1604.75;2019-04-11 18:27:02.0;
31;1605;2019-04-11 18:27:03.0;
31;1604.75;2019-04-11 18:27:05.0;
31;1605;2019-04-11 18:27:09.0;
31;1604.75;2019-04-11 18:27:14.0;
31;1605;2019-04-11 18:27:16.0;
31;1604.75;2019-04-11 18:27:22.0;
31;1605;2019-04-11 18:27:23.0;
31;1604.75;2019-04-11 18:27:26.0;
31;1605;2019-04-11 18:27:28.0;
31;1604.75;2019-04-11 18:27:30.0;
31;1605;2019-04-11 18:27:33.0;
31;1604.75;2019-04-11 18:27:34.0;
31;1605.25;2019-04-11 18:27:36.0;
31;1604.75;2019-04-11 18:27:39.0;
31;1605.25;2019-04-11 18:27:40.0;
31;1604.75;2019-04-11 18:27:42.0;
31;1605.25;2019-04-11 18:27:44.0;
31;1604.75;2019-04-11 18:27:51.0;
31;1605.25;2019-04-11 18:27:53.0;
31;1605;2019-04-11 18:27:54.0;
31;1605.25;2019-04-11 18:27:56.0;
31;1605;2019-04-11 18:27:59.0;
31;1605.25;2019-04-11 18:28:02.0;
31;1605;2019-04-11 18:28:06.0;
31;1604.75;2019-04-11 18:28:08.0;
31;1605;2019-04-11 18:28:09.0;
31;1604.75;2019-04-11 18:28:12.0;
31;1605;2019-04-11 18:28:13.0;
31;1604.75;2019-04-11 18:28:15.0;
31;1605;2019-04-11 18:28:16.0;
31;1604.75;2019-04-11 18:28:18.0;
31;1605;2019-04-11 18:28:23.0;
31;1604.75;2019-04-11 18:28:25.0;
31;1605;2019-04-11 18:30:06.0;
31;1604.75;2019-04-11 18:30:07.0;
31;1605;2019-04-11 18:30:11.0;
31;1604.75;2019-04-11 18:30:18.0;
31;1605;2019-04-11 18:30:21.0;
31;1604.75;2019-04-11 18:30:27.0;
31;1605;2019-04-11 18:30:31.0;
31;1604.75;2019-04-11 18:30:53.0;
31;1605;2019-04-11 18:30:56.0;
31;1604.75;2019-04-11 18:30:57.0;
31;1605;2019-04-11 18:30:58.0;
31;1604.75;2019-04-11 18:31:01.0;
31;1605;2019-04-11 18:31:03.0;
31;1604.75;2019-04-11 18:31:06.0;
31;1605.25;2019-04-11 18:31:40.0;
31;1604.75;2019-04-11 18:31:43.0;
31;1605.25;2019-04-11 18:31:45.0;
31;1604.75;2019-04-11 18:31:46.0;
31;1605.25;2019-04-11 18:31:48.0;
31;1604.75;2019-04-11 18:31:52.0;
31;1605.25;2019-04-11 18:31:55.0;
31;1605.75;2019-04-11 18:36:48.0;
31;1605.25;2019-04-11 18:36:50.0;
31;1605.75;2019-04-11 18:36:51.0;
31;1605.25;2019-04-11 18:36:57.0;
31;1605.75;2019-04-11 18:36:58.0;
31;1605.25;2019-04-11 18:37:01.0;
31;1605.75;2019-04-11 18:37:07.0;
31;1605.25;2019-04-11 18:41:45.0;
31;1605.75;2019-04-11 18:41:47.0;
31;1605.25;2019-04-11 18:41:52.0;
31;1605.75;2019-04-11 18:41:53.0;
31;1605.25;2019-04-11 18:42:01.0;
31;1605.75;2019-04-11 18:42:36.0;
31;1605.25;2019-04-11 18:42:39.0;
31;1605.75;2019-04-11 18:42:40.0;
31;1605.25;2019-04-11 18:42:41.0;
31;1605.75;2019-04-11 18:42:43.0;
31;1605.25;2019-04-11 18:42:47.0;
31;1605.75;2019-04-11 18:42:50.0;
31;1606;2019-04-11 18:45:22.0;
31;1605.75;2019-04-11 18:45:25.0;
31;1606;2019-04-11 18:45:29.0;
31;1605.75;2019-04-11 18:45:31.0;
31;1606;2019-04-11 18:45:34.0;
31;1605.75;2019-04-11 18:45:35.0;
31;1606;2019-04-11 18:45:44.0;
31;1605.75;2019-04-11 18:45:46.0;
31;1606;2019-04-11 18:52:47.0;
31;1605.75;2019-04-11 18:52:53.0;
31;1606;2019-04-11 18:52:54.0;
31;1605.75;2019-04-11 18:52:56.0;
31;1606;2019-04-11 18:52:57.0;
31;1606.25;2019-04-11 18:53:01.0;
31;1606;2019-04-11 18:53:02.0;
31;1606.25;2019-04-11 18:53:05.0;
31;1606;2019-04-11 18:53:07.0;
31;1606.25;2019-04-11 18:53:14.0;
31;1606;2019-04-11 18:53:16.0;
31;1606.25;2019-04-11 18:53:18.0;
31;1606.5;2019-04-11 18:54:37.0;
31;1606.25;2019-04-11 18:54:38.0;
31;1606.5;2019-04-11 18:54:40.0;
31;1606.25;2019-04-11 18:54:41.0;
31;1606.5;2019-04-11 18:54:49.0;
31;1606.25;2019-04-11 18:54:52.0;
31;1606.5;2019-04-11 18:54:53.0;
31;1606.25;2019-04-11 18:54:55.0;
31;1606.5;2019-04-11 18:54:56.0;
31;1606.25;2019-04-11 18:54:58.0;
31;1606.5;2019-04-11 18:54:59.0;
31;1606.25;2019-04-11 18:55:02.0;
31;1606.5;2019-04-11 18:55:08.0;
31;1606.25;2019-04-11 18:55:09.0;
31;1606.5;2019-04-11 18:57:20.0;
31;1606.25;2019-04-11 18:57:21.0;
31;1606.5;2019-04-11 18:57:35.0;
31;1606.25;2019-04-11 18:57:38.0;
31;1606.5;2019-04-11 18:57:39.0;
31;1606.25;2019-04-11 18:57:41.0;
31;1606.5;2019-04-11 18:57:42.0;
31;1606.25;2019-04-11 18:57:45.0;
31;1606.5;2019-04-11 18:57:46.0;
31;1606.25;2019-04-11 18:57:48.0;
31;1606.5;2019-04-11 18:59:02.0;
31;1606.25;2019-04-11 18:59:07.0;
31;1606.5;2019-04-11 18:59:09.0;
31;1606.25;2019-04-11 18:59:10.0;
31;1606.5;2019-04-11 18:59:13.0;
31;1606.25;2019-04-11 18:59:14.0;
31;1606.5;2019-04-11 18:59:16.0;
31;1606.25;2019-04-11 18:59:17.0;
31;1606.5;2019-04-11 18:59:20.0;
31;1606.25;2019-04-11 18:59:21.0;
31;1606.5;2019-04-11 18:59:23.0;
31;1606.25;2019-04-11 18:59:24.0;
31;1606.5;2019-04-11 18:59:26.0;
31;1606.25;2019-04-11 18:59:27.0;
31;1606.5;2019-04-11 18:59:29.0;
31;1606.25;2019-04-11 18:59:30.0;
31;1606.5;2019-04-11 18:59:40.0;
31;1606.25;2019-04-11 18:59:42.0;
31;1606.5;2019-04-11 18:59:43.0;
31;1606.25;2019-04-11 18:59:45.0;
31;1606.5;2019-04-11 18:59:46.0;
31;1606.25;2019-04-11 18:59:48.0;
31;1606.5;2019-04-11 18:59:50.0;
31;1606.25;2019-04-11 18:59:51.0;
31;1606.5;2019-04-11 18:59:54.0;
31;1606.25;2019-04-11 19:00:30.0;
31;1606.5;2019-04-11 19:00:36.0;
31;1606.25;2019-04-11 19:00:38.0;
31;1606.5;2019-04-11 19:00:41.0;
31;1606.25;2019-04-11 19:00:43.0;
31;1606.75;2019-04-11 19:01:17.0;
31;1606.25;2019-04-11 19:01:19.0;
31;1606.75;2019-04-11 19:01:26.0;
31;1606.25;2019-04-11 19:01:30.0;
31;1606.75;2019-04-11 19:01:34.0;
31;1607;2019-04-11 19:11:11.0;
31;1606.75;2019-04-11 19:11:15.0;
31;1607;2019-04-11 19:11:17.0;
31;1606.75;2019-04-11 19:11:42.0;
31;1607;2019-04-11 19:11:45.0;
31;1606.75;2019-04-11 19:11:48.0;
31;1607;2019-04-11 19:11:53.0;
31;1606.75;2019-04-11 19:11:55.0;
31;1607;2019-04-11 19:11:56.0;
31;1606.75;2019-04-11 19:11:57.0;
31;1607;2019-04-11 19:11:59.0;
31;1606.75;2019-04-11 19:12:00.0;
31;1607;2019-04-11 19:12:01.0;
31;1606.75;2019-04-11 19:12:08.0;
31;1607;2019-04-11 19:12:13.0;
31;1606.75;2019-04-11 19:14:55.0;
31;1607;2019-04-11 19:14:56.0;
31;1606.75;2019-04-11 19:15:05.0;
31;1607.25;2019-04-11 19:22:37.0;
31;1606.75;2019-04-11 19:22:39.0;
31;1607.25;2019-04-11 19:22:42.0;
31;1606.75;2019-04-11 19:22:43.0;
31;1607.25;2019-04-11 19:22:46.0;
31;1606.75;2019-04-11 19:22:48.0;
31;1607.25;2019-04-11 19:22:50.0;
31;1606.75;2019-04-11 19:22:52.0;
31;1607.25;2019-04-11 19:22:53.0;
31;1607.5;2019-04-11 19:23:25.0;
31;1607.25;2019-04-11 19:23:27.0;
31;1607.5;2019-04-11 19:23:28.0;
31;1607.25;2019-04-11 19:23:33.0;
31;1607.5;2019-04-11 19:23:36.0;
31;1607.75;2019-04-11 19:23:57.0;
31;1607.5;2019-04-11 19:24:07.0;
31;1607.75;2019-04-11 19:24:09.0;
31;1607.25;2019-04-11 19:24:12.0;
31;1607.75;2019-04-11 19:24:13.0;
31;1607.25;2019-04-11 19:24:16.0;
31;1607.75;2019-04-11 19:24:17.0;
31;1607.25;2019-04-11 19:24:22.0;
31;1607.75;2019-04-11 19:24:24.0;
31;1607.25;2019-04-11 19:24:27.0;
31;1607.75;2019-04-11 19:24:29.0;
31;1607.5;2019-04-11 19:24:32.0;
31;1607.25;2019-04-11 19:24:37.0;
31;1607.5;2019-04-11 19:24:44.0;
31;1607.25;2019-04-11 19:24:47.0;
31;1607.5;2019-04-11 19:24:48.0;
31;1607.25;2019-04-11 19:24:51.0;
31;1607.5;2019-04-11 19:24:54.0;
31;1607.25;2019-04-11 19:24:58.0;
31;1607.5;2019-04-11 19:25:00.0;
31;1607.25;2019-04-11 19:25:01.0;
31;1607.5;2019-04-11 19:25:07.0;
31;1607.25;2019-04-11 19:25:10.0;
31;1607.5;2019-04-11 19:27:19.0;
31;1607.25;2019-04-11 19:28:27.0;
31;1607.5;2019-04-11 19:28:30.0;
31;1607.25;2019-04-11 19:28:33.0;
31;1607.5;2019-04-11 19:28:36.0;
31;1607.25;2019-04-11 19:28:37.0;
31;1607.5;2019-04-11 19:29:08.0;
31;1607.25;2019-04-11 19:29:11.0;
31;1607.5;2019-04-11 19:29:12.0;
31;1607.25;2019-04-11 19:29:32.0;
31;1607.5;2019-04-11 19:29:33.0;
31;1607.25;2019-04-11 19:29:40.0;
31;1607;2019-04-11 19:30:51.0;
31;1607.25;2019-04-11 19:30:52.0;
31;1607;2019-04-11 19:30:54.0;
31;1607.25;2019-04-11 19:30:55.0;
31;1607;2019-04-11 19:31:02.0;
31;1606.75;2019-04-11 19:31:04.0;
31;1607;2019-04-11 19:31:05.0;
31;1606.75;2019-04-11 19:31:07.0;
31;1607.25;2019-04-11 19:31:10.0;
31;1606.75;2019-04-11 19:31:12.0;
31;1607;2019-04-11 19:31:14.0;
31;1606.75;2019-04-11 19:31:15.0;
31;1607;2019-04-11 19:31:28.0;
31;1606.75;2019-04-11 19:31:29.0;
31;1607;2019-04-11 19:31:32.0;
31;1606.75;2019-04-11 19:31:33.0;
31;1607;2019-04-11 19:31:38.0;
31;1606.75;2019-04-11 19:31:39.0;
31;1607;2019-04-11 19:31:42.0;
31;1606.75;2019-04-11 19:31:43.0;
31;1607;2019-04-11 19:31:46.0;
31;1606.75;2019-04-11 19:31:49.0;
31;1607;2019-04-11 19:31:52.0;
31;1606.75;2019-04-11 19:31:55.0;
31;1607;2019-04-11 19:31:56.0;
31;1606.75;2019-04-11 19:31:58.0;
31;1606.25;2019-04-11 19:38:27.0;
31;1606.75;2019-04-11 19:38:32.0;
31;1606.25;2019-04-11 19:38:33.0;
31;1606.75;2019-04-11 19:38:35.0;
31;1606.25;2019-04-11 19:38:36.0;
31;1606.75;2019-04-11 19:38:42.0;
31;1606.25;2019-04-11 19:38:43.0;
31;1606;2019-04-11 19:41:16.0;
31;1606.25;2019-04-11 19:41:17.0;
31;1606;2019-04-11 19:41:18.0;
31;1606.25;2019-04-11 19:41:20.0;
31;1606;2019-04-11 19:41:22.0;
31;1606.25;2019-04-11 19:41:23.0;
31;1605.75;2019-04-11 19:41:26.0;
31;1606.25;2019-04-11 19:41:27.0;
31;1606;2019-04-11 19:41:29.0;
31;1605.75;2019-04-11 19:41:33.0;
31;1606;2019-04-11 19:41:34.0;
31;1605.75;2019-04-11 19:41:36.0;
31;1606;2019-04-11 19:41:37.0;
31;1606.25;2019-04-11 19:41:38.0;
31;1605.75;2019-04-11 19:41:40.0;
31;1606;2019-04-11 19:41:43.0;
31;1605.75;2019-04-11 19:41:44.0;
31;1605.25;2019-04-11 19:45:59.0;
31;1605.75;2019-04-11 19:46:01.0;
31;1605.25;2019-04-11 19:46:04.0;
31;1605.75;2019-04-11 19:46:05.0;
31;1605.25;2019-04-11 19:46:06.0;
31;1605.5;2019-04-11 19:47:32.0;
31;1605.25;2019-04-11 19:47:33.0;
31;1605.5;2019-04-11 19:47:35.0;
31;1605.25;2019-04-11 19:47:36.0;
31;1605.5;2019-04-11 19:47:39.0;
31;1605.75;2019-04-11 19:47:46.0;
31;1605.5;2019-04-11 19:47:50.0;
31;1605.75;2019-04-11 19:48:00.0;
31;1605.5;2019-04-11 19:48:03.0;
31;1605.75;2019-04-11 19:48:06.0;
31;1605.5;2019-04-11 19:52:25.0;
31;1605.75;2019-04-11 19:52:27.0;
31;1605.5;2019-04-11 19:52:28.0;
31;1605.75;2019-04-11 19:52:32.0;
31;1605.5;2019-04-11 19:52:34.0;
31;1605.75;2019-04-11 19:52:36.0;
31;1605.5;2019-04-11 19:52:43.0;
31;1605.75;2019-04-11 19:52:44.0;
31;1605.5;2019-04-11 19:52:47.0;
31;1605.75;2019-04-11 19:52:48.0;
31;1605.5;2019-04-11 19:52:51.0;
31;1605.75;2019-04-11 19:52:56.0;
31;1605.5;2019-04-11 19:52:58.0;
31;1605.75;2019-04-11 19:53:05.0;
31;1605.5;2019-04-11 19:53:06.0;
31;1605.75;2019-04-11 19:53:08.0;
31;1605.5;2019-04-11 19:53:09.0;
31;1605.75;2019-04-11 19:53:12.0;
31;1605.5;2019-04-11 19:53:13.0;
31;1605.75;2019-04-11 19:53:17.0;
31;1605.5;2019-04-11 19:53:19.0;
31;1605.75;2019-04-11 19:53:20.0;
31;1605.5;2019-04-11 19:53:22.0;
31;1605.75;2019-04-11 19:53:23.0;
31;1605.5;2019-04-11 19:53:25.0;
31;1605.75;2019-04-11 19:53:26.0;
31;1605.5;2019-04-11 19:54:33.0;
31;1605.75;2019-04-11 19:54:36.0;
31;1605.5;2019-04-11 19:54:41.0;
31;1605.75;2019-04-11 19:54:42.0;
31;1605.5;2019-04-11 19:54:44.0;
31;1605.75;2019-04-11 19:54:47.0;
31;1605.5;2019-04-11 19:54:48.0;
31;1605.25;2019-04-11 19:54:49.0;
31;1605.75;2019-04-11 19:54:51.0;
31;1605.25;2019-04-11 19:54:52.0;
31;1605.75;2019-04-11 19:54:55.0;
31;1605.25;2019-04-11 19:54:57.0;
31;1605.75;2019-04-11 19:54:59.0;
31;1605.5;2019-04-11 19:55:01.0;
31;1605.25;2019-04-11 19:55:02.0;
31;1605.5;2019-04-11 19:56:55.0;
31;1605.25;2019-04-11 19:56:58.0;
31;1605.5;2019-04-11 19:57:02.0;
31;1605.25;2019-04-11 19:57:06.0;
31;1605.5;2019-04-11 19:57:08.0;
31;1605.75;2019-04-11 19:57:26.0;
31;1605.5;2019-04-11 19:57:27.0;
31;1605.75;2019-04-11 19:57:35.0;
31;1605.5;2019-04-11 19:58:49.0;
31;1605.75;2019-04-11 19:58:52.0;
31;1605.5;2019-04-11 19:58:57.0;
31;1605.75;2019-04-11 19:59:00.0;
31;1605.5;2019-04-11 19:59:11.0;
31;1605.25;2019-04-11 19:59:12.0;
31;1605.5;2019-04-11 19:59:14.0;
31;1605.25;2019-04-11 19:59:15.0;
31;1604.75;2019-04-11 20:02:00.0;
31;1605.25;2019-04-11 20:02:01.0;
31;1604.75;2019-04-11 20:02:02.0;
31;1605.25;2019-04-11 20:02:07.0;
31;1604.75;2019-04-11 20:02:08.0;
31;1605.25;2019-04-11 20:02:12.0;
31;1604.75;2019-04-11 20:02:15.0;
31;1605.25;2019-04-11 20:02:16.0;
31;1604.75;2019-04-11 20:02:18.0;
31;1605.25;2019-04-11 20:02:29.0;
31;1604.75;2019-04-11 20:02:32.0;
31;1605.25;2019-04-11 20:02:34.0;
31;1605.5;2019-04-11 20:05:23.0;
31;1605.75;2019-04-11 20:05:25.0;
31;1605.5;2019-04-11 20:05:26.0;
31;1605.75;2019-04-11 20:05:28.0;
31;1605.5;2019-04-11 20:05:29.0;
31;1605.75;2019-04-11 20:05:35.0;
31;1605.5;2019-04-11 20:05:38.0;
31;1605.75;2019-04-11 20:05:44.0;
31;1605.5;2019-04-11 20:05:47.0;
31;1605.75;2019-04-11 20:05:48.0;
31;1605.5;2019-04-11 20:06:24.0;
31;1605.75;2019-04-11 20:06:25.0;
31;1605.5;2019-04-11 20:06:26.0;
31;1605.75;2019-04-11 20:06:28.0;
31;1605.25;2019-04-11 20:06:29.0;
31;1605.5;2019-04-11 20:06:33.0;
31;1605.25;2019-04-11 20:06:36.0;
31;1605.5;2019-04-11 20:06:37.0;
31;1605.25;2019-04-11 20:06:43.0;
31;1605;2019-04-11 20:08:36.0;
31;1605.25;2019-04-11 20:08:39.0;
31;1605;2019-04-11 20:08:46.0;
31;1605.25;2019-04-11 20:08:47.0;
31;1605;2019-04-11 20:08:52.0;
31;1605.25;2019-04-11 20:08:53.0;
31;1605;2019-04-11 20:09:06.0;
31;1605.25;2019-04-11 20:09:14.0;
31;1605;2019-04-11 20:09:22.0;
31;1605.25;2019-04-11 20:09:24.0;
31;1605;2019-04-11 20:09:26.0;
31;1605.25;2019-04-11 20:09:28.0;
31;1604.75;2019-04-11 20:11:22.0;
31;1605.25;2019-04-11 20:11:23.0;
31;1604.75;2019-04-11 20:11:26.0;
31;1605.25;2019-04-11 20:11:57.0;
31;1605;2019-04-11 20:12:28.0;
31;1605.25;2019-04-11 20:12:30.0;
31;1605;2019-04-11 20:12:33.0;
31;1605.25;2019-04-11 20:12:34.0;
31;1605;2019-04-11 20:12:36.0;
31;1605.25;2019-04-11 20:12:40.0;
31;1605;2019-04-11 20:12:56.0;
31;1605.25;2019-04-11 20:12:59.0;
31;1605;2019-04-11 20:13:33.0;
31;1605.25;2019-04-11 20:13:34.0;
31;1605;2019-04-11 20:13:36.0;
31;1605.25;2019-04-11 20:13:37.0;
31;1604.75;2019-04-11 20:13:41.0;
31;1605;2019-04-11 20:13:47.0;
31;1605.25;2019-04-11 20:13:50.0;
31;1605;2019-04-11 20:13:51.0;
31;1605.25;2019-04-11 20:13:53.0;
31;1604.75;2019-04-11 20:13:54.0;
31;1605.25;2019-04-11 20:13:56.0;
31;1604.75;2019-04-11 20:13:58.0;
31;1605.25;2019-04-11 20:14:03.0;
31;1604.75;2019-04-11 20:14:04.0;
31;1605.25;2019-04-11 20:14:07.0;
31;1604.75;2019-04-11 20:14:08.0;
31;1605.25;2019-04-11 20:14:14.0;
31;1604.75;2019-04-11 20:14:16.0;
31;1605;2019-04-11 20:15:47.0;
31;1604.75;2019-04-11 20:15:48.0;
31;1605;2019-04-11 20:15:51.0;
31;1604.75;2019-04-11 20:15:54.0;
31;1605;2019-04-11 20:15:56.0;
31;1604.75;2019-04-11 20:16:26.0;
31;1605;2019-04-11 20:16:27.0;
31;1604.75;2019-04-11 20:16:30.0;
31;1605;2019-04-11 20:16:31.0;
31;1604.75;2019-04-11 20:16:34.0;
31;1605.25;2019-04-11 20:18:53.0;
31;1604.75;2019-04-11 20:18:56.0;
31;1605.25;2019-04-11 20:19:00.0;
31;1604.75;2019-04-11 20:19:02.0;
31;1605.25;2019-04-11 20:19:04.0;
31;1605;2019-04-11 20:19:25.0;
31;1605.25;2019-04-11 20:19:31.0;
31;1604.75;2019-04-11 20:19:34.0;
31;1605;2019-04-11 20:19:35.0;
31;1604.75;2019-04-11 20:19:36.0;
31;1605;2019-04-11 20:19:46.0;
31;1604.75;2019-04-11 20:19:47.0;
31;1605;2019-04-11 20:22:10.0;
31;1604.75;2019-04-11 20:22:11.0;
31;1605;2019-04-11 20:22:13.0;
31;1604.75;2019-04-11 20:22:58.0;
31;1605;2019-04-11 20:23:00.0;
31;1604.75;2019-04-11 20:23:04.0;
31;1605;2019-04-11 20:23:06.0;
31;1604.75;2019-04-11 20:23:10.0;
31;1605;2019-04-11 20:23:11.0;
31;1604.75;2019-04-11 20:23:14.0;
31;1604.5;2019-04-11 20:25:51.0;
31;1604.75;2019-04-11 20:25:52.0;
31;1604.5;2019-04-11 20:25:54.0;
31;1604.75;2019-04-11 20:25:57.0;
31;1604.5;2019-04-11 20:26:01.0;
31;1604.25;2019-04-11 20:26:05.0;
31;1604.5;2019-04-11 20:26:08.0;
31;1604.25;2019-04-11 20:26:19.0;
31;1604.5;2019-04-11 20:26:22.0;
31;1604.25;2019-04-11 20:26:23.0;
31;1604.5;2019-04-11 20:26:29.0;
31;1604.75;2019-04-11 20:26:30.0;
31;1604.25;2019-04-11 20:26:31.0;
31;1604.75;2019-04-11 20:26:36.0;
31;1604.25;2019-04-11 20:26:37.0;
31;1604.75;2019-04-11 20:26:41.0;
31;1604.25;2019-04-11 20:26:44.0;
31;1604.75;2019-04-11 20:26:46.0;
31;1604.25;2019-04-11 20:26:47.0;
31;1604.75;2019-04-11 20:26:50.0;
31;1604.25;2019-04-11 20:26:52.0;
31;1604.75;2019-04-11 20:26:54.0;
31;1604.5;2019-04-11 20:28:11.0;
31;1604.75;2019-04-11 20:28:15.0;
31;1604.5;2019-04-11 20:28:17.0;
31;1604.75;2019-04-11 20:28:18.0;
31;1604.5;2019-04-11 20:28:21.0;
31;1604.75;2019-04-11 20:28:28.0;
31;1604.5;2019-04-11 20:28:31.0;
31;1604.75;2019-04-11 20:28:34.0;
31;1604.5;2019-04-11 20:28:35.0;
31;1604.75;2019-04-11 20:28:38.0;
31;1604.5;2019-04-11 20:28:45.0;
31;1604.75;2019-04-11 20:28:46.0;
31;1604.5;2019-04-11 20:28:51.0;
31;1604.75;2019-04-11 20:28:52.0;
31;1604.5;2019-04-11 20:28:55.0;
31;1604.75;2019-04-11 20:28:56.0;
31;1604.5;2019-04-11 20:29:01.0;
31;1604.75;2019-04-11 20:29:03.0;
31;1604.5;2019-04-11 20:29:06.0;
31;1604.75;2019-04-11 20:29:28.0;
31;1604.5;2019-04-11 20:29:33.0;
31;1604.75;2019-04-11 20:29:39.0;
31;1604.25;2019-04-11 20:29:42.0;
31;1604.75;2019-04-11 20:29:44.0;
31;1604.25;2019-04-11 20:29:46.0;
31;1604.75;2019-04-11 20:29:48.0;
31;1604.25;2019-04-11 20:29:50.0;
31;1604.75;2019-04-11 20:29:55.0;
31;1604.25;2019-04-11 20:29:58.0;
31;1604.75;2019-04-11 20:30:00.0;
31;1604.25;2019-04-11 20:30:01.0;
31;1604.75;2019-04-11 20:30:04.0;
31;1604.25;2019-04-11 20:30:06.0;
31;1604.75;2019-04-11 20:30:40.0;
31;1604.25;2019-04-11 20:30:41.0;
31;1604.75;2019-04-11 20:30:43.0;
31;1604.25;2019-04-11 20:30:45.0;
31;1604.75;2019-04-11 20:30:47.0;
31;1604.25;2019-04-11 20:30:53.0;
31;1604.75;2019-04-11 20:30:55.0;
31;1604.25;2019-04-11 20:30:56.0;
31;1604.5;2019-04-11 20:30:57.0;
31;1604.75;2019-04-11 20:30:59.0;
31;1604.5;2019-04-11 20:31:06.0;
31;1604.75;2019-04-11 20:31:08.0;
31;1604.5;2019-04-11 20:31:09.0;
31;1604.75;2019-04-11 20:31:10.0;
31;1604.5;2019-04-11 20:31:12.0;
31;1604.75;2019-04-11 20:31:13.0;
31;1604.5;2019-04-11 20:31:15.0;
31;1604.75;2019-04-11 20:31:16.0;
31;1605;2019-04-11 20:31:50.0;
31;1604.75;2019-04-11 20:31:51.0;
31;1605;2019-04-11 20:31:54.0;
31;1604.75;2019-04-11 20:31:59.0;
31;1605;2019-04-11 20:32:00.0;
31;1604.75;2019-04-11 20:32:10.0;
31;1605;2019-04-11 20:32:11.0;
31;1604.75;2019-04-11 20:32:20.0;
31;1605;2019-04-11 20:32:21.0;
31;1604.75;2019-04-11 20:32:23.0;
31;1605;2019-04-11 20:32:24.0;
31;1604.75;2019-04-11 20:32:26.0;
31;1605.25;2019-04-11 20:32:28.0;
31;1604.75;2019-04-11 20:32:30.0;
31;1605.25;2019-04-11 20:32:36.0;
31;1604.75;2019-04-11 20:32:37.0;
31;1605.25;2019-04-11 20:32:40.0;
31;1604.75;2019-04-11 20:32:44.0;
31;1605.25;2019-04-11 20:32:48.0;
31;1604.75;2019-04-11 20:32:49.0;
31;1605.25;2019-04-11 20:32:51.0;
31;1604.75;2019-04-11 20:33:00.0;
31;1605.25;2019-04-11 20:33:04.0;
31;1604.75;2019-04-11 20:33:08.0;
31;1605.25;2019-04-11 20:33:11.0;
31;1604.75;2019-04-11 20:33:13.0;
31;1605.25;2019-04-11 20:33:15.0;
31;1604.75;2019-04-11 20:33:18.0;
31;1605.25;2019-04-11 20:33:19.0;
31;1604.75;2019-04-11 20:33:21.0;
31;1605.25;2019-04-11 20:33:22.0;
31;1604.75;2019-04-11 20:33:25.0;
31;1605;2019-04-11 20:33:59.0;
31;1604.75;2019-04-11 20:34:05.0;
31;1605;2019-04-11 20:34:06.0;
31;1605.25;2019-04-11 20:34:33.0;
31;1605;2019-04-11 20:34:53.0;
31;1605.25;2019-04-11 20:34:55.0;
31;1605;2019-04-11 20:35:00.0;
31;1605.25;2019-04-11 20:35:01.0;
31;1605;2019-04-11 20:35:02.0;
31;1604.75;2019-04-11 20:35:05.0;
31;1605;2019-04-11 20:35:10.0;
31;1604.75;2019-04-11 20:35:15.0;
31;1605;2019-04-11 20:36:44.0;
31;1604.75;2019-04-11 20:36:45.0;
31;1605;2019-04-11 20:36:47.0;
31;1604.75;2019-04-11 20:36:48.0;
31;1605;2019-04-11 20:36:53.0;
31;1604.75;2019-04-11 20:36:56.0;
31;1605;2019-04-11 20:36:58.0;
31;1604.75;2019-04-11 20:38:06.0;
31;1605;2019-04-11 20:38:08.0;
31;1604.75;2019-04-11 20:38:10.0;
31;1605;2019-04-11 20:38:12.0;
31;1604.75;2019-04-11 20:38:20.0;
31;1605;2019-04-11 20:38:21.0;
31;1604.75;2019-04-11 20:38:24.0;
31;1605;2019-04-11 20:38:25.0;
31;1604.75;2019-04-11 20:38:28.0;
31;1604.25;2019-04-11 20:40:19.0;
31;1604.75;2019-04-11 20:40:21.0;
31;1604.25;2019-04-11 20:40:22.0;
31;1604.75;2019-04-11 20:40:26.0;
31;1604.25;2019-04-11 20:40:29.0;
31;1604.75;2019-04-11 20:40:30.0;
31;1604.25;2019-04-11 20:40:32.0;
31;1603.75;2019-04-11 20:40:53.0;
31;1604.25;2019-04-11 20:40:55.0;
31;1603.75;2019-04-11 20:41:02.0;
31;1604.25;2019-04-11 20:41:03.0;
31;1603.75;2019-04-11 20:41:07.0;
31;1604.25;2019-04-11 20:41:09.0;
31;1603.75;2019-04-11 20:41:18.0;
31;1604.25;2019-04-11 20:41:20.0;
31;1603.75;2019-04-11 20:41:22.0;
31;1604.25;2019-04-11 20:41:25.0;
31;1604.75;2019-04-11 20:43:17.0;
31;1604.25;2019-04-11 20:43:19.0;
31;1604.75;2019-04-11 20:43:20.0;
31;1604.25;2019-04-11 20:43:22.0;
31;1604.75;2019-04-11 20:43:23.0;
31;1604.25;2019-04-11 20:43:26.0;
31;1604.75;2019-04-11 20:43:27.0;
31;1604.25;2019-04-11 20:43:29.0;
31;1604.75;2019-04-11 20:43:30.0;
31;1604.25;2019-04-11 20:43:32.0;
31;1604.75;2019-04-11 20:43:33.0;
31;1604.25;2019-04-11 20:47:36.0;
31;1604.75;2019-04-11 20:47:39.0;
31;1604.25;2019-04-11 20:47:42.0;
31;1604.5;2019-04-11 20:48:48.0;
31;1604.25;2019-04-11 20:48:51.0;
31;1604.5;2019-04-11 20:48:56.0;
31;1604.25;2019-04-11 20:48:58.0;
31;1604.5;2019-04-11 20:49:00.0;
31;1604.25;2019-04-11 20:49:02.0;
31;1604.5;2019-04-11 20:49:04.0;
31;1604.25;2019-04-11 20:49:05.0;
31;1604.5;2019-04-11 20:49:08.0;
31;1604.25;2019-04-11 20:50:12.0;
31;1604.5;2019-04-11 20:50:15.0;
31;1604.25;2019-04-11 20:50:23.0;
31;1604.5;2019-04-11 20:50:25.0;
31;1604.25;2019-04-11 20:50:27.0;
31;1604.5;2019-04-11 20:51:16.0;
31;1604.25;2019-04-11 20:51:21.0;
31;1604.5;2019-04-11 20:51:22.0;
31;1604.25;2019-04-11 20:51:25.0;
31;1604.5;2019-04-11 20:51:26.0;
31;1604.75;2019-04-11 20:51:30.0;
31;1604.5;2019-04-11 20:51:32.0;
31;1604.75;2019-04-11 20:51:33.0;
31;1604.5;2019-04-11 20:51:35.0;
31;1604.75;2019-04-11 20:51:43.0;
31;1604.5;2019-04-11 20:51:45.0;
31;1604.75;2019-04-11 20:51:56.0;
31;1604.5;2019-04-11 20:52:00.0;
31;1604.25;2019-04-11 20:52:38.0;
31;1604.5;2019-04-11 20:52:42.0;
31;1604.25;2019-04-11 20:52:45.0;
31;1604.5;2019-04-11 20:52:46.0;
31;1604.25;2019-04-11 20:52:50.0;
31;1604.5;2019-04-11 20:53:23.0;
31;1604.25;2019-04-11 20:53:26.0;
31;1604.5;2019-04-11 20:53:28.0;
31;1604.25;2019-04-11 20:53:30.0;
31;1604.5;2019-04-11 20:53:31.0;
31;1604.25;2019-04-11 20:53:33.0;
31;1604.5;2019-04-11 20:53:36.0;
31;1604.25;2019-04-11 20:54:16.0;
31;1604.5;2019-04-11 20:54:23.0;
31;1604.25;2019-04-11 20:54:24.0;
31;1604.5;2019-04-11 20:57:38.0;
31;1604.75;2019-04-11 20:58:54.0;
31;1604.5;2019-04-11 20:58:56.0;
31;1604.75;2019-04-11 20:58:57.0;
31;1604.5;2019-04-11 20:59:08.0;
31;1604.75;2019-04-11 20:59:10.0;
31;1604.5;2019-04-11 20:59:11.0;
31;1604.75;2019-04-11 20:59:12.0;
31;1605.25;2019-04-11 21:02:34.0;
31;1604.75;2019-04-11 21:02:36.0;
31;1605.25;2019-04-11 21:02:37.0;
31;1604.75;2019-04-11 21:02:39.0;
31;1605.25;2019-04-11 21:02:40.0;
31;1604.75;2019-04-11 21:02:45.0;
31;1605.25;2019-04-11 21:02:47.0;
31;1605;2019-04-11 21:03:10.0;
31;1605.25;2019-04-11 21:03:14.0;
31;1605;2019-04-11 21:03:16.0;
31;1605.25;2019-04-11 21:04:46.0;
31;1605;2019-04-11 21:04:49.0;
31;1605.25;2019-04-11 21:04:53.0;
31;1605.75;2019-04-11 21:07:00.0;
31;1605.25;2019-04-11 21:07:02.0;
31;1605.75;2019-04-11 21:07:03.0;
31;1605.5;2019-04-11 21:08:07.0;
31;1605.75;2019-04-11 21:08:10.0;
31;1605.5;2019-04-11 21:08:11.0;
31;1605.75;2019-04-11 21:08:19.0;
31;1605.5;2019-04-11 21:08:21.0;
31;1605.75;2019-04-11 21:08:24.0;
31;1605.5;2019-04-11 21:08:26.0;
31;1605.75;2019-04-11 21:08:32.0;
31;1605.5;2019-04-11 21:08:34.0;
31;1605.75;2019-04-11 21:08:38.0;
31;1605.5;2019-04-11 21:08:43.0;
31;1605.75;2019-04-11 21:08:46.0;
31;1605.25;2019-04-11 21:11:29.0;
31;1605.75;2019-04-11 21:11:31.0;
31;1605.25;2019-04-11 21:11:33.0;
31;1605.75;2019-04-11 21:11:35.0;
31;1605.25;2019-04-11 21:11:38.0;
31;1605.75;2019-04-11 21:11:42.0;
31;1605.25;2019-04-11 21:11:50.0;
31;1605.75;2019-04-11 21:11:52.0;
31;1605.25;2019-04-11 21:11:55.0;
31;1605.75;2019-04-11 21:11:59.0;
31;1605.5;2019-04-11 21:13:10.0;
31;1605.75;2019-04-11 21:13:13.0;
31;1605.5;2019-04-11 21:13:19.0;
31;1605.75;2019-04-11 21:13:20.0;
31;1605.5;2019-04-11 21:13:21.0;
31;1605.75;2019-04-11 21:13:23.0;
31;1605.5;2019-04-11 21:13:24.0;
31;1605.75;2019-04-11 21:13:26.0;
31;1605.5;2019-04-11 21:13:27.0;
31;1605.75;2019-04-11 21:13:30.0;
31;1605.5;2019-04-11 21:13:37.0;
31;1605.75;2019-04-11 21:13:38.0;
31;1605.5;2019-04-11 21:13:40.0;
31;1605.75;2019-04-11 21:13:41.0;
31;1605.5;2019-04-11 21:14:13.0;
31;1605.75;2019-04-11 21:14:15.0;
31;1605.5;2019-04-11 21:14:17.0;
31;1605.75;2019-04-11 21:14:19.0;
31;1605.5;2019-04-11 21:14:20.0;
31;1605.75;2019-04-11 21:14:23.0;
31;1605.5;2019-04-11 21:14:24.0;
31;1605.25;2019-04-11 21:14:26.0;
31;1605.75;2019-04-11 21:14:28.0;
31;1605.5;2019-04-11 21:14:32.0;
31;1605.25;2019-04-11 21:14:34.0;
31;1605.5;2019-04-11 21:14:41.0;
31;1605.25;2019-04-11 21:14:43.0;
31;1605.75;2019-04-11 21:14:48.0;
31;1605.25;2019-04-11 21:14:51.0;
31;1605.75;2019-04-11 21:14:57.0;
31;1605.25;2019-04-11 21:15:05.0;
31;1605.75;2019-04-11 21:15:06.0;
31;1605.25;2019-04-11 21:15:19.0;
31;1605.75;2019-04-11 21:15:21.0;
31;1605.25;2019-04-11 21:15:22.0;
31;1605.75;2019-04-11 21:15:25.0;
31;1605.25;2019-04-11 21:15:28.0;
31;1605.75;2019-04-11 21:15:29.0;
31;1605.25;2019-04-11 21:15:35.0;
31;1605.75;2019-04-11 21:15:38.0;
31;1605.25;2019-04-11 21:15:40.0;
31;1605.75;2019-04-11 21:15:43.0;
31;1605.25;2019-04-11 21:15:44.0;
31;1605.75;2019-04-11 21:15:45.0;
31;1606.25;2019-04-11 21:17:40.0;
31;1605.75;2019-04-11 21:17:41.0;
31;1606.25;2019-04-11 21:17:43.0;
31;1606.75;2019-04-11 21:20:57.0;
31;1606.25;2019-04-11 21:21:06.0;
31;1606.75;2019-04-11 21:21:09.0;
31;1606.25;2019-04-11 21:21:10.0;
31;1606.75;2019-04-11 21:21:14.0;
31;1606.25;2019-04-11 21:23:35.0;
31;1606.5;2019-04-11 21:23:40.0;
31;1606.25;2019-04-11 21:23:43.0;
31;1606.5;2019-04-11 21:23:44.0;
31;1606.25;2019-04-11 21:23:47.0;
31;1606.5;2019-04-11 21:23:51.0;
31;1606.25;2019-04-11 21:23:53.0;
31;1606.5;2019-04-11 21:23:59.0;
31;1606.25;2019-04-11 21:24:02.0;
31;1606.5;2019-04-11 21:24:04.0;
31;1606.25;2019-04-11 21:24:05.0;
31;1606.5;2019-04-11 21:24:08.0;
31;1606.25;2019-04-11 21:24:10.0;
31;1606.5;2019-04-11 21:25:23.0;
31;1606.25;2019-04-11 21:25:26.0;
31;1606.75;2019-04-11 21:25:27.0;
31;1606.5;2019-04-11 21:25:30.0;
31;1606.25;2019-04-11 21:25:32.0;
31;1606.5;2019-04-11 21:25:33.0;
31;1606.75;2019-04-11 21:25:35.0;
31;1606.5;2019-04-11 21:25:36.0;
31;1606.75;2019-04-11 21:25:37.0;
31;1606.5;2019-04-11 21:25:42.0;
31;1606.75;2019-04-11 21:25:43.0;
31;1606.5;2019-04-11 21:25:44.0;
31;1606.25;2019-04-11 21:25:54.0;
31;1606.75;2019-04-11 21:25:57.0;
31;1606.25;2019-04-11 21:25:59.0;
31;1606.75;2019-04-11 21:26:32.0;
31;1606.25;2019-04-11 21:26:34.0;
31;1606.75;2019-04-11 21:26:37.0;
31;1606.25;2019-04-11 21:26:42.0;
31;1606.75;2019-04-11 21:26:45.0;
31;1606.5;2019-04-11 21:27:20.0;
31;1606.75;2019-04-11 21:27:27.0;
31;1606.5;2019-04-11 21:27:29.0;
31;1606.75;2019-04-11 21:27:33.0;
31;1606.5;2019-04-11 21:27:34.0;
31;1606.75;2019-04-11 21:27:41.0;
31;1606.5;2019-04-11 21:27:43.0;
31;1606.75;2019-04-11 21:27:49.0;
31;1606.5;2019-04-11 21:27:50.0;
31;1606.75;2019-04-11 21:27:51.0;
31;1606.25;2019-04-11 21:28:14.0;
31;1606.75;2019-04-11 21:28:17.0;
31;1606.25;2019-04-11 21:28:20.0;
31;1606.75;2019-04-11 21:28:21.0;
31;1606.25;2019-04-11 21:28:23.0;
31;1606.75;2019-04-11 21:28:24.0;
31;1606.25;2019-04-11 21:28:27.0;
31;1606.75;2019-04-11 21:28:28.0;
31;1606.25;2019-04-11 21:28:30.0;
31;1606.75;2019-04-11 21:28:51.0;
31;1606.25;2019-04-11 21:28:53.0;
31;1606.75;2019-04-11 21:28:54.0;
31;1606.25;2019-04-11 21:28:56.0;
31;1606.75;2019-04-11 21:29:00.0;
31;1606.25;2019-04-11 21:29:01.0;
31;1606.75;2019-04-11 21:29:03.0;
31;1606.5;2019-04-11 21:29:45.0;
31;1606.75;2019-04-11 21:29:48.0;
31;1606.5;2019-04-11 21:29:50.0;
31;1606.75;2019-04-11 21:29:52.0;
31;1606.5;2019-04-11 21:29:55.0;
31;1606.75;2019-04-11 21:29:56.0;
31;1606.5;2019-04-11 21:29:59.0;
31;1606.75;2019-04-11 21:30:00.0;
31;1606.5;2019-04-11 21:30:02.0;
31;1606.75;2019-04-11 21:30:03.0;
31;1606.5;2019-04-11 21:30:06.0;
31;1606.75;2019-04-11 21:30:08.0;
31;1606.5;2019-04-11 21:30:10.0;
31;1606.75;2019-04-11 21:30:12.0;
31;1606.5;2019-04-11 21:34:32.0;
31;1606.75;2019-04-11 21:34:33.0;
31;1606.5;2019-04-11 21:34:35.0;
31;1606.75;2019-04-11 21:34:36.0;
31;1606.5;2019-04-11 21:34:44.0;
31;1606.75;2019-04-11 21:34:48.0;
31;1606.5;2019-04-11 21:34:52.0;
31;1606.75;2019-04-11 21:34:55.0;
31;1606.5;2019-04-11 21:34:58.0;
31;1606.75;2019-04-11 21:35:00.0;
31;1606.25;2019-04-11 21:35:35.0;
31;1606.75;2019-04-11 21:35:37.0;
31;1606.25;2019-04-11 21:35:40.0;
31;1606.75;2019-04-11 21:35:41.0;
31;1606.25;2019-04-11 21:35:45.0;
31;1606.75;2019-04-11 21:35:47.0;
31;1606.25;2019-04-11 21:35:48.0;
31;1606.75;2019-04-11 21:35:50.0;
31;1606.25;2019-04-11 21:35:53.0;
31;1606.75;2019-04-11 21:35:54.0;
31;1606.25;2019-04-11 21:35:55.0;
31;1606.5;2019-04-11 21:36:57.0;
31;1606.25;2019-04-11 21:36:58.0;
31;1606.5;2019-04-11 21:37:00.0;
31;1606.25;2019-04-11 21:37:01.0;
31;1606.5;2019-04-11 21:37:02.0;
31;1606.25;2019-04-11 21:37:05.0;
31;1606.5;2019-04-11 21:37:08.0;
31;1606.75;2019-04-11 21:37:09.0;
31;1606.5;2019-04-11 21:37:12.0;
31;1606.75;2019-04-11 21:37:14.0;
31;1606.5;2019-04-11 21:37:15.0;
31;1606.75;2019-04-11 21:37:16.0;
31;1606.5;2019-04-11 21:37:18.0;
31;1606.75;2019-04-11 21:37:19.0;
31;1606.5;2019-04-11 21:37:21.0;
31;1606.75;2019-04-11 21:37:22.0;
31;1606.5;2019-04-11 21:37:27.0;
31;1606.75;2019-04-11 21:37:28.0;
31;1606.25;2019-04-11 21:37:44.0;
31;1606.75;2019-04-11 21:37:58.0;
31;1606.25;2019-04-11 21:38:00.0;
31;1606.75;2019-04-11 21:42:56.0;
31;1606.25;2019-04-11 21:42:58.0;
31;1606.75;2019-04-11 21:42:59.0;
31;1606.25;2019-04-11 21:43:02.0;
31;1606.75;2019-04-11 21:43:03.0;
31;1606.5;2019-04-11 21:43:13.0;
31;1606.75;2019-04-11 21:43:16.0;
31;1606.5;2019-04-11 21:43:20.0;
31;1606.75;2019-04-11 21:43:21.0;
31;1606.5;2019-04-11 21:43:26.0;
31;1606.75;2019-04-11 21:43:27.0;
31;1606.5;2019-04-11 21:43:31.0;
31;1606.75;2019-04-11 21:43:33.0;
31;1606.5;2019-04-11 21:43:34.0;
31;1606.75;2019-04-11 21:43:37.0;
31;1606.25;2019-04-11 21:46:44.0;
31;1606.75;2019-04-11 21:46:46.0;
31;1606.25;2019-04-11 21:46:48.0;
31;1606.75;2019-04-11 21:46:50.0;
31;1606.25;2019-04-11 21:46:51.0;
31;1606.75;2019-04-11 21:46:59.0;
31;1606.25;2019-04-11 21:47:00.0;
31;1606.75;2019-04-11 21:47:14.0;
31;1606.25;2019-04-11 21:47:19.0;
31;1606.75;2019-04-11 21:47:20.0;
31;1606.5;2019-04-11 21:47:23.0;
31;1606.75;2019-04-11 21:47:24.0;
31;1606.25;2019-04-11 21:47:26.0;
31;1606.5;2019-04-11 21:47:28.0;
31;1606.25;2019-04-11 21:47:29.0;
31;1606.75;2019-04-11 21:47:30.0;
31;1606.25;2019-04-11 21:47:32.0;
31;1606.75;2019-04-11 21:47:34.0;
31;1606.5;2019-04-11 21:47:36.0;
31;1606.75;2019-04-11 21:47:37.0;
31;1606.5;2019-04-11 21:47:39.0;
31;1606.75;2019-04-11 21:48:41.0;
31;1606.5;2019-04-11 21:48:43.0;
31;1606.75;2019-04-11 21:48:46.0;
31;1606.5;2019-04-11 21:48:49.0;
31;1606.75;2019-04-11 21:48:50.0;
31;1606.25;2019-04-11 21:49:22.0;
31;1606.75;2019-04-11 21:49:24.0;
31;1606.25;2019-04-11 21:49:26.0;
31;1606.75;2019-04-11 21:49:27.0;
31;1606.25;2019-04-11 21:49:31.0;
31;1606.75;2019-04-11 21:49:32.0;
31;1606.25;2019-04-11 21:49:35.0;
31;1606.75;2019-04-11 21:49:39.0;
31;1606.25;2019-04-11 21:49:41.0;
31;1606.5;2019-04-11 21:50:28.0;
31;1606.25;2019-04-11 21:50:29.0;
31;1606.5;2019-04-11 21:50:32.0;
31;1606.25;2019-04-11 21:50:34.0;
31;1606.5;2019-04-11 21:50:37.0;
31;1606.25;2019-04-11 21:50:38.0;
31;1606.5;2019-04-11 21:50:40.0;
31;1606.25;2019-04-11 21:50:44.0;
31;1606.5;2019-04-11 21:50:45.0;
31;1606.25;2019-04-11 21:50:47.0;
31;1606.5;2019-04-11 21:50:50.0;
31;1606.25;2019-04-11 21:50:54.0;
31;1606.5;2019-04-11 21:50:57.0;
31;1606.75;2019-04-11 21:51:27.0;
31;1606.25;2019-04-11 21:51:58.0;
31;1606.75;2019-04-11 21:52:02.0;
31;1606.25;2019-04-11 21:52:05.0;
31;1606.5;2019-04-11 21:52:37.0;
31;1606.25;2019-04-11 21:52:38.0;
31;1606.5;2019-04-11 21:52:40.0;
31;1606.25;2019-04-11 21:52:44.0;
31;1606.5;2019-04-11 21:52:49.0;
31;1606.25;2019-04-11 21:52:59.0;
31;1606.5;2019-04-11 21:53:00.0;
31;1606.75;2019-04-11 21:53:34.0;
31;1606.5;2019-04-11 21:53:36.0;
31;1606.75;2019-04-11 21:53:42.0;
31;1607.25;2019-04-11 21:54:06.0;
31;1606.75;2019-04-11 21:54:07.0;
31;1607.25;2019-04-11 21:54:10.0;
31;1606.75;2019-04-11 21:54:11.0;
31;1607.25;2019-04-11 21:54:13.0;
31;1606.75;2019-04-11 21:54:14.0;
31;1607.25;2019-04-11 21:54:17.0;
31;1607;2019-04-11 21:54:47.0;
31;1607.25;2019-04-11 21:54:50.0;
31;1607;2019-04-11 21:54:51.0;
31;1607.25;2019-04-11 21:54:52.0;
31;1606.75;2019-04-11 21:55:00.0;
31;1607.25;2019-04-11 21:55:02.0;
31;1606.75;2019-04-11 21:55:03.0;
31;1607.25;2019-04-11 21:55:05.0;
31;1606.75;2019-04-11 21:55:08.0;
31;1607;2019-04-11 21:55:10.0;
31;1606.75;2019-04-11 21:55:11.0;
31;1607;2019-04-11 21:55:12.0;
31;1606.75;2019-04-11 21:55:14.0;
31;1607;2019-04-11 21:55:16.0;
31;1606.75;2019-04-11 21:55:18.0;
31;1606.5;2019-04-11 21:56:32.0;
31;1606.75;2019-04-11 21:56:33.0;
31;1606.5;2019-04-11 21:56:39.0;
31;1606.75;2019-04-11 21:56:41.0;
31;1606.5;2019-04-11 21:56:47.0;
31;1606.75;2019-04-11 21:56:48.0;
31;1606.5;2019-04-11 21:56:50.0;
31;1606.75;2019-04-11 21:56:51.0;
31;1606.5;2019-04-11 21:56:52.0;
31;1606.75;2019-04-11 21:56:54.0;
31;1606.5;2019-04-11 21:56:55.0;
31;1606.75;2019-04-11 21:56:57.0;
31;1606.5;2019-04-11 21:56:58.0;
31;1606.75;2019-04-11 21:57:01.0;
31;1606.5;2019-04-11 21:57:47.0;
31;1606.75;2019-04-11 21:57:50.0;
31;1606.5;2019-04-11 21:57:51.0;
31;1606.75;2019-04-11 21:59:04.0;
31;1606.5;2019-04-11 21:59:05.0;
31;1606.75;2019-04-11 21:59:07.0;
31;1606.5;2019-04-11 21:59:11.0;
31;1606.75;2019-04-11 21:59:12.0;
31;1606.5;2019-04-11 21:59:14.0;
31;1606.75;2019-04-11 21:59:15.0;
31;1606.5;2019-04-11 21:59:18.0;
31;1606.75;2019-04-11 21:59:20.0;
31;1606.5;2019-04-11 21:59:22.0;
31;1606.75;2019-04-11 21:59:24.0;
31;1607.25;2019-04-11 22:00:30.0;
31;1606.75;2019-04-11 22:00:31.0;
31;1607.25;2019-04-11 22:00:33.0;
31;1606.75;2019-04-11 22:00:36.0;
31;1607.25;2019-04-11 22:00:37.0;
31;1607.75;2019-04-11 22:01:02.0;
31;1607.25;2019-04-11 22:01:04.0;
31;1607.75;2019-04-11 22:01:05.0;
31;1607.25;2019-04-11 22:01:07.0;
31;1607.75;2019-04-11 22:01:10.0;
31;1607.25;2019-04-11 22:01:11.0;
31;1607.75;2019-04-11 22:01:14.0;
31;1607.25;2019-04-11 22:01:34.0;
31;1607.75;2019-04-11 22:01:36.0;
31;1607.25;2019-04-11 22:01:37.0;
31;1607.75;2019-04-11 22:01:38.0;
31;1607.25;2019-04-11 22:01:44.0;
31;1607.75;2019-04-11 22:01:45.0;
31;1607.25;2019-04-11 22:01:48.0;
31;1607.75;2019-04-11 22:01:51.0;
31;1607.25;2019-04-11 22:01:52.0;
31;1607.75;2019-04-11 22:01:55.0;
31;1607.25;2019-04-11 22:01:58.0;
31;1607.75;2019-04-11 22:02:03.0;
31;1607.25;2019-04-11 22:02:04.0;
31;1607.75;2019-04-11 22:02:06.0;
31;1607.25;2019-04-11 22:02:30.0;
31;1607.75;2019-04-11 22:02:31.0;
31;1607.25;2019-04-11 22:02:36.0;
31;1607.75;2019-04-11 22:02:40.0;
31;1607.25;2019-04-11 22:02:43.0;
31;1607.75;2019-04-11 22:02:44.0;
31;1607.25;2019-04-11 22:02:45.0;
31;1607.5;2019-04-11 22:03:01.0;
31;1607.25;2019-04-11 22:03:04.0;
31;1607.5;2019-04-11 22:03:12.0;
31;1607.25;2019-04-11 22:03:13.0;
31;1607.5;2019-04-11 22:03:15.0;
31;1607.25;2019-04-11 22:03:23.0;
31;1607.5;2019-04-11 22:03:24.0;
31;1607.75;2019-04-11 22:03:30.0;
31;1607.5;2019-04-11 22:03:34.0;
31;1607.75;2019-04-11 22:03:39.0;
31;1607.5;2019-04-11 22:03:41.0;
31;1607.75;2019-04-11 22:03:44.0;
31;1607.5;2019-04-11 22:03:46.0;
31;1607.75;2019-04-11 22:03:48.0;
31;1607.5;2019-04-11 22:03:49.0;
31;1607.25;2019-04-11 22:03:50.0;
31;1607.5;2019-04-11 22:03:53.0;
31;1607.25;2019-04-11 22:03:56.0;
31;1607.5;2019-04-11 22:03:59.0;
31;1607.25;2019-04-11 22:04:00.0;
31;1607.5;2019-04-11 22:04:02.0;
31;1607.25;2019-04-11 22:04:03.0;
31;1607.5;2019-04-11 22:04:06.0;
31;1607.25;2019-04-11 22:04:08.0;
31;1606.75;2019-04-11 22:06:48.0;
31;1607.25;2019-04-11 22:06:49.0;
31;1606.75;2019-04-11 22:06:52.0;
31;1607.25;2019-04-11 22:06:55.0;
31;1606.75;2019-04-11 22:06:56.0;
31;1607.25;2019-04-11 22:06:59.0;
31;1606.75;2019-04-11 22:07:03.0;
31;1607.25;2019-04-11 22:13:54.0;
31;1606.75;2019-04-11 22:13:56.0;
31;1607.25;2019-04-11 22:13:57.0;
31;1607.5;2019-04-11 22:19:13.0;
31;1607.25;2019-04-11 22:19:14.0;
31;1607.5;2019-04-11 22:19:15.0;
31;1607.75;2019-04-11 22:19:28.0;
31;1607.5;2019-04-11 22:19:30.0;
31;1607.75;2019-04-11 22:19:32.0;
31;1607.5;2019-04-11 22:19:36.0;
31;1607.75;2019-04-11 22:19:42.0;
31;1607.25;2019-04-11 22:20:33.0;
31;1607.75;2019-04-11 22:20:34.0;
31;1607.25;2019-04-11 22:20:39.0;
31;1607.75;2019-04-11 22:20:41.0;
31;1607.25;2019-04-11 22:20:44.0;
31;1607.75;2019-04-11 22:20:47.0;
31;1607.25;2019-04-11 22:20:51.0;
31;1607.75;2019-04-11 22:20:54.0;
31;1607.25;2019-04-11 22:20:56.0;
31;1607.5;2019-04-11 22:23:09.0;
31;1607.25;2019-04-11 22:23:11.0;
31;1607.5;2019-04-11 22:23:13.0;
31;1607.25;2019-04-11 22:23:15.0;
31;1607.5;2019-04-11 22:23:23.0;
31;1607.25;2019-04-11 22:23:25.0;
31;1607.5;2019-04-11 22:23:26.0;
31;1607.25;2019-04-11 22:23:27.0;
31;1607.5;2019-04-11 22:23:33.0;
31;1607.25;2019-04-11 22:23:36.0;
31;1607.5;2019-04-11 22:23:38.0;
31;1607.25;2019-04-11 22:23:41.0;
33;4104.4;2019-04-11 14:31:06.0;
33;4127;2019-04-11 14:31:07.0;
33;4104.4;2019-04-11 14:31:13.0;
33;4127;2019-04-11 14:31:15.0;
33;4104.4;2019-04-11 14:31:18.0;
34;13574;2019-04-11 11:15:33.0;
34;13571.5;2019-04-11 11:15:39.0;
34;13569;2019-04-11 11:16:10.0;
34;13571.5;2019-04-11 11:16:12.0;
34;13569;2019-04-11 11:16:14.0;
34;13566.5;2019-04-11 11:16:15.0;
34;13569;2019-04-11 11:16:17.0;
34;13566.5;2019-04-11 11:16:18.0;
34;13569;2019-04-11 11:16:36.0;
34;13571.5;2019-04-11 11:18:26.0;
34;13569;2019-04-11 11:18:58.0;
34;13571.5;2019-04-11 11:19:00.0;
34;13569;2019-04-11 11:19:03.0;
34;13570.5;2019-04-11 11:19:24.0;
34;13569;2019-04-11 11:19:36.0;
34;13570.5;2019-04-11 11:19:37.0;
34;13569;2019-04-11 11:19:39.0;
34;13571.5;2019-04-11 11:20:24.0;
34;13569;2019-04-11 11:21:52.0;
34;13571.5;2019-04-11 11:21:54.0;
34;13569;2019-04-11 11:21:57.0;
34;13567.5;2019-04-11 11:23:35.0;
34;13569;2019-04-11 11:23:41.0;
34;13566.5;2019-04-11 11:26:04.0;
34;13564;2019-04-11 11:27:36.0;
34;13566.5;2019-04-11 11:27:39.0;
34;13564;2019-04-11 11:27:40.0;
34;13561.5;2019-04-11 11:28:09.0;
34;13559;2019-04-11 11:28:23.0;
34;13561.5;2019-04-11 11:28:25.0;
34;13559;2019-04-11 11:28:26.0;
34;13561.5;2019-04-11 11:29:18.0;
34;13559;2019-04-11 11:29:25.0;
34;13561.5;2019-04-11 11:29:27.0;
34;13559;2019-04-11 11:29:28.0;
34;13561.5;2019-04-11 11:29:44.0;
34;13559;2019-04-11 11:29:48.0;
34;13561.5;2019-04-11 11:30:39.0;
34;13559;2019-04-11 11:30:52.0;
34;13560.5;2019-04-11 11:31:02.0;
34;13559;2019-04-11 11:31:03.0;
34;13560.5;2019-04-11 11:31:04.0;
34;13561.5;2019-04-11 11:31:18.0;
34;13559;2019-04-11 11:31:27.0;
34;13560.5;2019-04-11 11:31:35.0;
34;13559;2019-04-11 11:32:15.0;
34;13556.5;2019-04-11 11:33:13.0;
34;13559;2019-04-11 11:33:24.0;
34;13556.5;2019-04-11 11:33:29.0;
34;13554;2019-04-11 11:34:11.0;
34;13556.5;2019-04-11 11:34:15.0;
34;13554;2019-04-11 11:34:17.0;
34;13551.5;2019-04-11 11:34:35.0;
34;13549;2019-04-11 11:34:38.0;
34;13551.5;2019-04-11 11:34:39.0;
34;13549;2019-04-11 11:34:41.0;
34;13551.5;2019-04-11 11:34:48.0;
34;13550.5;2019-04-11 11:34:58.0;
34;13551.5;2019-04-11 11:34:59.0;
34;13550.5;2019-04-11 11:35:01.0;
34;13551.5;2019-04-11 11:35:08.0;
34;13549;2019-04-11 11:35:14.0;
34;13551.5;2019-04-11 11:35:16.0;
34;13549;2019-04-11 11:35:18.0;
34;13554;2019-04-11 11:35:19.0;
34;13551.5;2019-04-11 11:35:22.0;
34;13554;2019-04-11 11:35:24.0;
34;13556.5;2019-04-11 11:35:49.0;
34;13554;2019-04-11 11:36:06.0;
34;13556.5;2019-04-11 11:37:07.0;
34;13554;2019-04-11 11:37:08.0;
34;13555.5;2019-04-11 11:37:24.0;
34;13556.5;2019-04-11 11:37:50.0;
34;13554;2019-04-11 11:38:36.0;
34;13556.5;2019-04-11 11:40:35.0;
34;13554;2019-04-11 11:40:38.0;
34;13556.5;2019-04-11 11:40:39.0;
34;13557.5;2019-04-11 11:40:55.0;
34;13556.5;2019-04-11 11:41:01.0;
34;13557.5;2019-04-11 11:41:09.0;
34;13556.5;2019-04-11 11:41:11.0;
34;13559;2019-04-11 11:41:13.0;
34;13561.5;2019-04-11 11:42:39.0;
34;13560.5;2019-04-11 11:42:57.0;
34;13561.5;2019-04-11 11:42:59.0;
34;13562.5;2019-04-11 11:43:34.0;
34;13561.5;2019-04-11 11:43:36.0;
34;13562.5;2019-04-11 11:43:37.0;
34;13564;2019-04-11 11:43:38.0;
34;13561.5;2019-04-11 11:44:18.0;
34;13564;2019-04-11 11:44:19.0;
34;13561.5;2019-04-11 11:44:21.0;
34;13564;2019-04-11 11:44:43.0;
34;13561.5;2019-04-11 11:44:46.0;
34;13564;2019-04-11 11:44:47.0;
34;13566.5;2019-04-11 11:45:15.0;
34;13564;2019-04-11 11:45:16.0;
34;13566.5;2019-04-11 11:45:20.0;
34;13569;2019-04-11 11:45:35.0;
34;13566.5;2019-04-11 11:45:36.0;
34;13569;2019-04-11 11:45:38.0;
34;13566.5;2019-04-11 11:46:05.0;
34;13564;2019-04-11 11:46:26.0;
34;13566.5;2019-04-11 11:46:28.0;
34;13564;2019-04-11 11:46:29.0;
34;13565.5;2019-04-11 11:47:10.0;
34;13566.5;2019-04-11 11:47:16.0;
34;13567.5;2019-04-11 11:48:04.0;
34;13571.5;2019-04-11 11:48:15.0;
34;13574;2019-04-11 11:48:36.0;
34;13571.5;2019-04-11 11:48:41.0;
34;13572.5;2019-04-11 11:48:42.0;
34;13574;2019-04-11 11:49:30.0;
34;13576.5;2019-04-11 11:50:12.0;
34;13574;2019-04-11 11:50:13.0;
34;13576.5;2019-04-11 11:50:15.0;
34;13579;2019-04-11 11:51:37.0;
34;13576.5;2019-04-11 11:53:17.0;
34;13577.5;2019-04-11 11:53:47.0;
34;13579;2019-04-11 11:53:54.0;
34;13576.5;2019-04-11 11:54:04.0;
34;13579;2019-04-11 11:54:14.0;
34;13581.5;2019-04-11 11:54:35.0;
34;13579;2019-04-11 11:54:41.0;
34;13581.5;2019-04-11 11:54:44.0;
34;13579;2019-04-11 11:54:46.0;
34;13581.5;2019-04-11 11:54:47.0;
34;13579;2019-04-11 11:54:56.0;
34;13576.5;2019-04-11 11:56:36.0;
34;13579;2019-04-11 11:57:50.0;
34;13576.5;2019-04-11 11:57:51.0;
34;13579;2019-04-11 11:57:53.0;
34;13577.5;2019-04-11 12:00:25.0;
34;13579;2019-04-11 12:00:42.0;
34;13577.5;2019-04-11 12:00:44.0;
34;13579;2019-04-11 12:00:45.0;
34;13577.5;2019-04-11 12:00:46.0;
34;13579;2019-04-11 12:00:48.0;
34;13581.5;2019-04-11 12:01:20.0;
34;13584;2019-04-11 12:03:10.0;
34;13581.5;2019-04-11 12:10:35.0;
34;13584;2019-04-11 12:10:36.0;
34;13581.5;2019-04-11 12:10:38.0;
34;13582.5;2019-04-11 12:10:56.0;
34;13581.5;2019-04-11 12:10:58.0;
34;13582.5;2019-04-11 12:11:01.0;
34;13584;2019-04-11 12:11:04.0;
34;13581.5;2019-04-11 12:12:05.0;
34;13584;2019-04-11 12:12:07.0;
34;13581.5;2019-04-11 12:12:08.0;
34;13584;2019-04-11 12:12:52.0;
34;13585.5;2019-04-11 12:19:00.0;
34;13586.5;2019-04-11 12:19:20.0;
34;13587.5;2019-04-11 12:19:49.0;
34;13589;2019-04-11 12:20:03.0;
34;13586.5;2019-04-11 12:20:11.0;
34;13589;2019-04-11 12:20:12.0;
34;13586.5;2019-04-11 12:20:14.0;
34;13584;2019-04-11 12:21:19.0;
34;13586.5;2019-04-11 12:21:21.0;
34;13584;2019-04-11 12:21:22.0;
34;13585.5;2019-04-11 12:21:34.0;
34;13584;2019-04-11 12:21:36.0;
34;13585.5;2019-04-11 12:21:39.0;
34;13581.5;2019-04-11 12:21:42.0;
34;13579;2019-04-11 12:22:04.0;
34;13581.5;2019-04-11 12:23:15.0;
34;13579;2019-04-11 12:23:16.0;
34;13581.5;2019-04-11 12:23:19.0;
34;13580.5;2019-04-11 12:23:22.0;
34;13581.5;2019-04-11 12:23:26.0;
34;13580.5;2019-04-11 12:23:27.0;
34;13579;2019-04-11 12:23:35.0;
34;13580.5;2019-04-11 12:23:37.0;
34;13579;2019-04-11 12:23:38.0;
34;13580.5;2019-04-11 12:26:26.0;
34;13581.5;2019-04-11 12:26:28.0;
34;13580.5;2019-04-11 12:26:30.0;
34;13579;2019-04-11 12:26:33.0;
34;13581.5;2019-04-11 12:26:35.0;
34;13579;2019-04-11 12:26:36.0;
34;13580.5;2019-04-11 12:26:40.0;
34;13581.5;2019-04-11 12:26:49.0;
34;13582.5;2019-04-11 12:27:46.0;
34;13581.5;2019-04-11 12:27:48.0;
34;13582.5;2019-04-11 12:27:49.0;
34;13581.5;2019-04-11 12:27:51.0;
34;13582.5;2019-04-11 12:27:52.0;
34;13581.5;2019-04-11 12:27:55.0;
34;13579;2019-04-11 12:28:28.0;
34;13581.5;2019-04-11 12:28:29.0;
34;13579;2019-04-11 12:28:32.0;
34;13581.5;2019-04-11 12:28:35.0;
34;13579;2019-04-11 12:28:43.0;
34;13581.5;2019-04-11 12:29:22.0;
34;13582.5;2019-04-11 12:30:03.0;
34;13581.5;2019-04-11 12:30:04.0;
34;13582.5;2019-04-11 12:30:05.0;
34;13584;2019-04-11 12:30:18.0;
34;13586.5;2019-04-11 12:32:06.0;
34;13587.5;2019-04-11 12:32:28.0;
34;13586.5;2019-04-11 12:32:30.0;
34;13587.5;2019-04-11 12:32:31.0;
34;13586.5;2019-04-11 12:32:32.0;
34;13587.5;2019-04-11 12:32:34.0;
34;13586.5;2019-04-11 12:32:40.0;
34;13587.5;2019-04-11 12:32:42.0;
34;13586.5;2019-04-11 12:32:44.0;
34;13587.5;2019-04-11 12:32:55.0;
34;13586.5;2019-04-11 12:33:04.0;
34;13587.5;2019-04-11 12:33:05.0;
34;13586.5;2019-04-11 12:33:07.0;
34;13587.5;2019-04-11 12:34:07.0;
34;13586.5;2019-04-11 12:34:09.0;
34;13587.5;2019-04-11 12:34:38.0;
34;13586.5;2019-04-11 12:34:41.0;
34;13587.5;2019-04-11 12:34:42.0;
34;13586.5;2019-04-11 12:34:45.0;
34;13587.5;2019-04-11 12:34:58.0;
34;13589;2019-04-11 12:35:12.0;
34;13587.5;2019-04-11 12:35:13.0;
34;13589;2019-04-11 12:35:15.0;
34;13587.5;2019-04-11 12:35:27.0;
34;13586.5;2019-04-11 12:35:36.0;
34;13589;2019-04-11 12:35:46.0;
34;13586.5;2019-04-11 12:35:49.0;
34;13589;2019-04-11 12:35:50.0;
34;13587.5;2019-04-11 12:36:08.0;
34;13589;2019-04-11 12:36:17.0;
34;13587.5;2019-04-11 12:36:32.0;
34;13589;2019-04-11 12:36:39.0;
34;13587.5;2019-04-11 12:37:32.0;
34;13586.5;2019-04-11 12:37:40.0;
34;13589;2019-04-11 12:37:51.0;
34;13586.5;2019-04-11 12:37:53.0;
34;13584;2019-04-11 12:38:04.0;
34;13586.5;2019-04-11 12:38:26.0;
34;13584;2019-04-11 12:38:28.0;
34;13586.5;2019-04-11 12:38:29.0;
34;13584;2019-04-11 12:38:49.0;
34;13586.5;2019-04-11 12:38:50.0;
34;13584;2019-04-11 12:38:52.0;
34;13585.5;2019-04-11 12:39:07.0;
34;13586.5;2019-04-11 12:39:18.0;
34;13585.5;2019-04-11 12:41:05.0;
34;13586.5;2019-04-11 12:41:14.0;
34;13585.5;2019-04-11 12:41:15.0;
34;13586.5;2019-04-11 12:41:17.0;
34;13584;2019-04-11 12:42:32.0;
34;13582.5;2019-04-11 12:42:46.0;
34;13581.5;2019-04-11 12:42:56.0;
34;13584;2019-04-11 12:43:06.0;
34;13589;2019-04-11 12:45:42.0;
34;13584;2019-04-11 12:45:46.0;
34;13589;2019-04-11 12:45:48.0;
34;13587.5;2019-04-11 12:45:49.0;
34;13589;2019-04-11 12:45:55.0;
34;13586.5;2019-04-11 12:46:04.0;
34;13589;2019-04-11 12:46:05.0;
34;13586.5;2019-04-11 12:46:07.0;
34;13589;2019-04-11 12:46:22.0;
34;13586.5;2019-04-11 12:46:24.0;
34;13589;2019-04-11 12:46:25.0;
34;13586.5;2019-04-11 12:48:30.0;
34;13589;2019-04-11 12:48:31.0;
34;13586.5;2019-04-11 12:48:32.0;
34;13589;2019-04-11 12:48:46.0;
34;13586.5;2019-04-11 12:54:15.0;
34;13587.5;2019-04-11 12:54:46.0;
34;13589;2019-04-11 12:54:48.0;
34;13587.5;2019-04-11 12:54:51.0;
34;13589;2019-04-11 12:54:52.0;
34;13586.5;2019-04-11 12:55:07.0;
34;13589;2019-04-11 12:55:20.0;
34;13586.5;2019-04-11 12:55:23.0;
34;13584;2019-04-11 12:56:42.0;
34;13586.5;2019-04-11 12:56:56.0;
34;13584;2019-04-11 12:57:29.0;
34;13586.5;2019-04-11 12:57:32.0;
34;13584;2019-04-11 12:57:33.0;
34;13586.5;2019-04-11 12:57:36.0;
34;13584;2019-04-11 12:57:39.0;
34;13586.5;2019-04-11 12:57:42.0;
34;13589;2019-04-11 12:58:09.0;
34;13591.5;2019-04-11 12:58:46.0;
34;13594;2019-04-11 13:03:27.0;
34;13596.5;2019-04-11 13:05:21.0;
34;13594;2019-04-11 13:05:22.0;
34;13596.5;2019-04-11 13:05:25.0;
34;13599;2019-04-11 13:05:46.0;
34;13600.5;2019-04-11 13:06:10.0;
34;13599;2019-04-11 13:07:18.0;
34;13601.5;2019-04-11 13:07:21.0;
34;13599;2019-04-11 13:07:23.0;
34;13601.5;2019-04-11 13:07:24.0;
34;13596.5;2019-04-11 13:07:31.0;
34;13594;2019-04-11 13:08:19.0;
34;13591.5;2019-04-11 13:10:24.0;
34;13594;2019-04-11 13:10:25.0;
34;13591.5;2019-04-11 13:10:26.0;
34;13589;2019-04-11 13:10:57.0;
34;13591.5;2019-04-11 13:11:14.0;
34;13589;2019-04-11 13:11:36.0;
34;13591.5;2019-04-11 13:11:38.0;
34;13589;2019-04-11 13:11:39.0;
34;13591.5;2019-04-11 13:12:35.0;
34;13589;2019-04-11 13:12:39.0;
34;13591.5;2019-04-11 13:12:41.0;
34;13590.5;2019-04-11 13:13:08.0;
34;13589;2019-04-11 13:13:22.0;
34;13590.5;2019-04-11 13:13:23.0;
34;13589;2019-04-11 13:13:26.0;
34;13591.5;2019-04-11 13:14:32.0;
34;13589;2019-04-11 13:14:34.0;
34;13591.5;2019-04-11 13:14:35.0;
34;13589;2019-04-11 13:14:52.0;
34;13590.5;2019-04-11 13:15:17.0;
34;13589;2019-04-11 13:15:35.0;
34;13591.5;2019-04-11 13:17:43.0;
34;13589;2019-04-11 13:17:44.0;
34;13591.5;2019-04-11 13:17:46.0;
34;13589;2019-04-11 13:21:03.0;
34;13586.5;2019-04-11 13:24:31.0;
34;13584;2019-04-11 13:24:38.0;
34;13586.5;2019-04-11 13:24:59.0;
34;13584;2019-04-11 13:25:03.0;
34;13586.5;2019-04-11 13:25:04.0;
34;13584;2019-04-11 13:25:07.0;
34;13586.5;2019-04-11 13:25:23.0;
34;13584;2019-04-11 13:26:14.0;
34;13582.5;2019-04-11 13:27:28.0;
34;13584;2019-04-11 13:27:47.0;
34;13581.5;2019-04-11 13:29:22.0;
34;13584;2019-04-11 13:29:23.0;
34;13581.5;2019-04-11 13:29:25.0;
34;13579;2019-04-11 13:30:18.0;
34;13581.5;2019-04-11 13:30:46.0;
34;13584;2019-04-11 13:31:04.0;
34;13581.5;2019-04-11 13:31:07.0;
34;13584;2019-04-11 13:31:08.0;
34;13581.5;2019-04-11 13:31:10.0;
34;13584;2019-04-11 13:31:20.0;
34;13581.5;2019-04-11 13:31:26.0;
34;13582.5;2019-04-11 13:31:46.0;
34;13581.5;2019-04-11 13:32:07.0;
34;13579;2019-04-11 13:32:22.0;
34;13576.5;2019-04-11 13:32:30.0;
34;13579;2019-04-11 13:32:51.0;
34;13576.5;2019-04-11 13:32:53.0;
34;13579;2019-04-11 13:33:02.0;
34;13576.5;2019-04-11 13:34:51.0;
34;13579;2019-04-11 13:34:53.0;
34;13576.5;2019-04-11 13:34:57.0;
34;13579;2019-04-11 13:34:59.0;
34;13576.5;2019-04-11 13:35:00.0;
34;13579;2019-04-11 13:35:01.0;
34;13576.5;2019-04-11 13:35:03.0;
34;13579;2019-04-11 13:35:05.0;
34;13581.5;2019-04-11 13:35:21.0;
34;13579;2019-04-11 13:35:23.0;
34;13581.5;2019-04-11 13:35:24.0;
34;13579;2019-04-11 13:36:10.0;
34;13581.5;2019-04-11 13:36:19.0;
34;13580.5;2019-04-11 13:36:24.0;
34;13581.5;2019-04-11 13:36:26.0;
34;13580.5;2019-04-11 13:36:29.0;
34;13581.5;2019-04-11 13:36:30.0;
34;13584;2019-04-11 13:36:43.0;
34;13581.5;2019-04-11 13:36:44.0;
34;13584;2019-04-11 13:36:46.0;
34;13581.5;2019-04-11 13:37:10.0;
34;13579;2019-04-11 13:37:38.0;
34;13581.5;2019-04-11 13:37:40.0;
34;13582.5;2019-04-11 13:37:41.0;
34;13579;2019-04-11 13:37:43.0;
34;13582.5;2019-04-11 13:37:44.0;
34;13584;2019-04-11 13:37:50.0;
34;13582.5;2019-04-11 13:37:55.0;
34;13584;2019-04-11 13:38:05.0;
34;13582.5;2019-04-11 13:38:08.0;
34;13584;2019-04-11 13:38:10.0;
34;13581.5;2019-04-11 13:39:51.0;
34;13584;2019-04-11 13:42:12.0;
34;13586.5;2019-04-11 13:42:39.0;
34;13584;2019-04-11 13:42:43.0;
34;13586.5;2019-04-11 13:43:29.0;
34;13589;2019-04-11 13:44:11.0;
34;13586.5;2019-04-11 13:44:12.0;
34;13589;2019-04-11 13:44:13.0;
34;13591.5;2019-04-11 13:45:14.0;
34;13592.5;2019-04-11 13:46:04.0;
34;13591.5;2019-04-11 13:46:05.0;
34;13592.5;2019-04-11 13:46:08.0;
34;13591.5;2019-04-11 13:46:09.0;
34;13594;2019-04-11 13:46:22.0;
34;13595.5;2019-04-11 13:47:10.0;
34;13594;2019-04-11 13:47:11.0;
34;13595.5;2019-04-11 13:47:13.0;
34;13594;2019-04-11 13:47:15.0;
34;13596.5;2019-04-11 13:47:50.0;
34;13599;2019-04-11 13:49:37.0;
34;13601.5;2019-04-11 13:50:35.0;
34;13599;2019-04-11 13:50:43.0;
34;13601.5;2019-04-11 13:52:48.0;
34;13599;2019-04-11 13:55:41.0;
34;13601.5;2019-04-11 13:55:44.0;
34;13599;2019-04-11 13:55:47.0;
34;13596.5;2019-04-11 13:56:15.0;
34;13599;2019-04-11 13:58:26.0;
34;13596.5;2019-04-11 13:58:28.0;
34;13599;2019-04-11 13:58:29.0;
34;13597.5;2019-04-11 13:58:31.0;
34;13596.5;2019-04-11 13:58:46.0;
34;13597.5;2019-04-11 13:59:32.0;
34;13596.5;2019-04-11 13:59:34.0;
34;13597.5;2019-04-11 13:59:35.0;
34;13596.5;2019-04-11 13:59:36.0;
34;13597.5;2019-04-11 13:59:38.0;
34;13596.5;2019-04-11 13:59:40.0;
34;13599;2019-04-11 13:59:51.0;
34;13596.5;2019-04-11 14:00:07.0;
34;13594;2019-04-11 14:00:45.0;
34;13596.5;2019-04-11 14:00:47.0;
34;13594;2019-04-11 14:00:48.0;
34;13595.5;2019-04-11 14:01:07.0;
34;13596.5;2019-04-11 14:01:11.0;
34;13595.5;2019-04-11 14:01:13.0;
34;13596.5;2019-04-11 14:01:14.0;
34;13595.5;2019-04-11 14:01:18.0;
34;13594;2019-04-11 14:01:21.0;
34;13595.5;2019-04-11 14:01:24.0;
34;13594;2019-04-11 14:01:26.0;
34;13596.5;2019-04-11 14:02:19.0;
34;13594;2019-04-11 14:02:22.0;
34;13596.5;2019-04-11 14:02:23.0;
34;13599;2019-04-11 14:02:57.0;
34;13596.5;2019-04-11 14:03:34.0;
34;13599;2019-04-11 14:04:23.0;
34;13596.5;2019-04-11 14:04:25.0;
34;13599;2019-04-11 14:04:26.0;
34;13596.5;2019-04-11 14:04:28.0;
34;13599;2019-04-11 14:04:29.0;
34;13596.5;2019-04-11 14:04:31.0;
34;13594;2019-04-11 14:04:54.0;
34;13596.5;2019-04-11 14:04:55.0;
34;13594;2019-04-11 14:04:58.0;
34;13596.5;2019-04-11 14:05:29.0;
34;13594;2019-04-11 14:05:35.0;
34;13596.5;2019-04-11 14:06:35.0;
34;13594;2019-04-11 14:07:22.0;
34;13596.5;2019-04-11 14:08:26.0;
34;13594;2019-04-11 14:08:41.0;
34;13596.5;2019-04-11 14:08:49.0;
34;13594;2019-04-11 14:09:06.0;
34;13596.5;2019-04-11 14:09:13.0;
34;13594;2019-04-11 14:10:03.0;
34;13596.5;2019-04-11 14:10:06.0;
34;13594;2019-04-11 14:10:08.0;
34;13591.5;2019-04-11 14:11:26.0;
34;13594;2019-04-11 14:11:33.0;
34;13591.5;2019-04-11 14:13:23.0;
34;13594;2019-04-11 14:13:24.0;
34;13591.5;2019-04-11 14:13:27.0;
34;13594;2019-04-11 14:13:28.0;
34;13592.5;2019-04-11 14:13:37.0;
34;13591.5;2019-04-11 14:13:44.0;
34;13594;2019-04-11 14:14:21.0;
34;13591.5;2019-04-11 14:14:41.0;
34;13594;2019-04-11 14:15:25.0;
34;13591.5;2019-04-11 14:15:45.0;
34;13594;2019-04-11 14:15:47.0;
34;13591.5;2019-04-11 14:15:48.0;
34;13589;2019-04-11 14:16:28.0;
34;13591.5;2019-04-11 14:16:29.0;
34;13589;2019-04-11 14:16:30.0;
34;13591.5;2019-04-11 14:16:52.0;
34;13589;2019-04-11 14:16:53.0;
34;13591.5;2019-04-11 14:16:54.0;
34;13592.5;2019-04-11 14:17:03.0;
34;13591.5;2019-04-11 14:17:04.0;
34;13592.5;2019-04-11 14:17:06.0;
34;13594;2019-04-11 14:17:10.0;
34;13596.5;2019-04-11 14:18:04.0;
34;13594;2019-04-11 14:18:16.0;
34;13591.5;2019-04-11 14:18:48.0;
34;13594;2019-04-11 14:18:49.0;
34;13591.5;2019-04-11 14:18:52.0;
34;13592.5;2019-04-11 14:18:54.0;
34;13591.5;2019-04-11 14:18:59.0;
34;13592.5;2019-04-11 14:19:30.0;
34;13591.5;2019-04-11 14:19:32.0;
34;13592.5;2019-04-11 14:19:33.0;
34;13594;2019-04-11 14:19:47.0;
34;13591.5;2019-04-11 14:20:11.0;
34;13594;2019-04-11 14:20:41.0;
34;13596.5;2019-04-11 14:21:16.0;
34;13594;2019-04-11 14:21:20.0;
34;13595.5;2019-04-11 14:21:43.0;
34;13596.5;2019-04-11 14:21:55.0;
34;13597.5;2019-04-11 14:23:53.0;
34;13599;2019-04-11 14:24:06.0;
34;13601.5;2019-04-11 14:25:42.0;
34;13599;2019-04-11 14:25:47.0;
34;13601.5;2019-04-11 14:25:48.0;
34;13602.5;2019-04-11 14:27:15.0;
34;13601.5;2019-04-11 14:27:22.0;
34;13602.5;2019-04-11 14:27:24.0;
34;13601.5;2019-04-11 14:27:42.0;
34;13604;2019-04-11 14:28:09.0;
34;13601.5;2019-04-11 14:28:13.0;
34;13604;2019-04-11 14:28:15.0;
34;13601.5;2019-04-11 14:28:29.0;
34;13604;2019-04-11 14:28:31.0;
34;13601.5;2019-04-11 14:28:33.0;
34;13602.5;2019-04-11 14:29:02.0;
34;13601.5;2019-04-11 14:29:04.0;
34;13602.5;2019-04-11 14:29:05.0;
34;13601.5;2019-04-11 14:29:15.0;
34;13596.5;2019-04-11 14:30:07.0;
34;13597.5;2019-04-11 14:30:17.0;
34;13596.5;2019-04-11 14:30:24.0;
34;13597.5;2019-04-11 14:30:35.0;
34;13596.5;2019-04-11 14:30:43.0;
34;13594;2019-04-11 14:31:03.0;
34;13596.5;2019-04-11 14:31:05.0;
34;13594;2019-04-11 14:31:07.0;
34;13596.5;2019-04-11 14:32:04.0;
34;13594;2019-04-11 14:32:17.0;
34;13596.5;2019-04-11 14:32:18.0;
34;13594;2019-04-11 14:32:19.0;
34;13596.5;2019-04-11 14:32:21.0;
34;13594;2019-04-11 14:32:51.0;
34;13596.5;2019-04-11 14:32:56.0;
34;13594;2019-04-11 14:32:57.0;
34;13596.5;2019-04-11 14:32:58.0;
34;13594;2019-04-11 14:33:00.0;
34;13596.5;2019-04-11 14:33:01.0;
34;13594;2019-04-11 14:34:23.0;
34;13596.5;2019-04-11 14:35:05.0;
34;13599;2019-04-11 14:35:44.0;
34;13596.5;2019-04-11 14:35:46.0;
34;13599;2019-04-11 14:35:47.0;
34;13596.5;2019-04-11 14:36:08.0;
34;13594;2019-04-11 14:36:18.0;
34;13596.5;2019-04-11 14:36:22.0;
34;13594;2019-04-11 14:36:24.0;
34;13596.5;2019-04-11 14:36:25.0;
34;13594;2019-04-11 14:37:10.0;
34;13596.5;2019-04-11 14:37:39.0;
34;13599;2019-04-11 14:38:31.0;
34;13596.5;2019-04-11 14:39:35.0;
34;13599;2019-04-11 14:39:39.0;
34;13596.5;2019-04-11 14:39:41.0;
34;13594;2019-04-11 14:40:06.0;
34;13591.5;2019-04-11 14:40:44.0;
34;13594;2019-04-11 14:40:46.0;
34;13591.5;2019-04-11 14:40:47.0;
34;13589;2019-04-11 14:42:38.0;
34;13586.5;2019-04-11 14:43:19.0;
34;13589;2019-04-11 14:43:23.0;
34;13591.5;2019-04-11 14:45:04.0;
34;13589;2019-04-11 14:45:07.0;
34;13591.5;2019-04-11 14:45:09.0;
34;13589;2019-04-11 14:45:18.0;
34;13591.5;2019-04-11 14:45:19.0;
34;13589;2019-04-11 14:45:20.0;
34;13586.5;2019-04-11 14:45:34.0;
34;13584;2019-04-11 14:46:51.0;
34;13586.5;2019-04-11 14:47:08.0;
34;13584;2019-04-11 14:47:09.0;
34;13586.5;2019-04-11 14:47:11.0;
34;13584;2019-04-11 14:47:14.0;
34;13586.5;2019-04-11 14:47:15.0;
34;13584;2019-04-11 14:47:18.0;
34;13586.5;2019-04-11 14:47:19.0;
34;13589;2019-04-11 14:48:12.0;
34;13591.5;2019-04-11 14:48:42.0;
34;13589;2019-04-11 14:49:29.0;
34;13591.5;2019-04-11 14:50:45.0;
34;13589;2019-04-11 14:51:06.0;
34;13591.5;2019-04-11 14:52:06.0;
34;13589;2019-04-11 14:52:18.0;
34;13591.5;2019-04-11 14:52:21.0;
34;13589;2019-04-11 14:52:23.0;
34;13586.5;2019-04-11 14:52:27.0;
34;13589;2019-04-11 14:52:28.0;
34;13586.5;2019-04-11 14:52:30.0;
34;13589;2019-04-11 14:54:10.0;
34;13586.5;2019-04-11 14:56:24.0;
34;13589;2019-04-11 14:56:30.0;
34;13586.5;2019-04-11 14:57:13.0;
34;13584;2019-04-11 14:57:38.0;
34;13586.5;2019-04-11 14:57:46.0;
34;13584;2019-04-11 14:57:48.0;
34;13586.5;2019-04-11 14:57:49.0;
34;13584;2019-04-11 14:57:50.0;
34;13586.5;2019-04-11 14:58:05.0;
34;13584;2019-04-11 14:58:06.0;
34;13586.5;2019-04-11 14:58:09.0;
34;13589;2019-04-11 14:59:35.0;
34;13584;2019-04-11 15:00:08.0;
34;13585.5;2019-04-11 15:00:21.0;
34;13584;2019-04-11 15:00:23.0;
34;13586.5;2019-04-11 15:00:32.0;
34;13589;2019-04-11 15:01:06.0;
34;13591.5;2019-04-11 15:02:09.0;
34;13589;2019-04-11 15:02:11.0;
34;13591.5;2019-04-11 15:02:13.0;
34;13594;2019-04-11 15:02:27.0;
34;13591.5;2019-04-11 15:02:29.0;
34;13594;2019-04-11 15:02:30.0;
34;13596.5;2019-04-11 15:03:31.0;
34;13599;2019-04-11 15:04:08.0;
34;13601.5;2019-04-11 15:06:05.0;
34;13599;2019-04-11 15:09:12.0;
34;13601.5;2019-04-11 15:09:13.0;
34;13599;2019-04-11 15:09:16.0;
34;13601.5;2019-04-11 15:09:24.0;
34;13599;2019-04-11 15:10:19.0;
34;13601.5;2019-04-11 15:10:38.0;
34;13604;2019-04-11 15:13:33.0;
34;13601.5;2019-04-11 15:13:38.0;
34;13599;2019-04-11 15:15:05.0;
34;13601.5;2019-04-11 15:15:13.0;
34;13604;2019-04-11 15:15:28.0;
34;13601.5;2019-04-11 15:15:30.0;
34;13604;2019-04-11 15:15:32.0;
34;13607.5;2019-04-11 15:18:18.0;
34;13606.5;2019-04-11 15:18:33.0;
34;13609;2019-04-11 15:20:19.0;
34;13606.5;2019-04-11 15:20:28.0;
34;13607.5;2019-04-11 15:25:39.0;
34;13609;2019-04-11 15:25:44.0;
34;13607.5;2019-04-11 15:28:05.0;
34;13606.5;2019-04-11 15:28:11.0;
34;13607.5;2019-04-11 15:28:13.0;
34;13606.5;2019-04-11 15:28:15.0;
34;13609;2019-04-11 15:29:22.0;
34;13606.5;2019-04-11 15:29:29.0;
34;13604;2019-04-11 15:30:46.0;
34;13606.5;2019-04-11 15:30:55.0;
34;13605.5;2019-04-11 15:31:00.0;
34;13606.5;2019-04-11 15:31:09.0;
34;13604;2019-04-11 15:31:24.0;
34;13601.5;2019-04-11 15:31:43.0;
34;13599;2019-04-11 15:32:15.0;
34;13601.5;2019-04-11 15:32:28.0;
34;13604;2019-04-11 15:32:39.0;
34;13601.5;2019-04-11 15:32:40.0;
34;13604;2019-04-11 15:32:42.0;
34;13606.5;2019-04-11 15:32:47.0;
34;13604;2019-04-11 15:32:56.0;
34;13606.5;2019-04-11 15:34:08.0;
34;13604;2019-04-11 15:34:19.0;
34;13609;2019-04-11 15:35:00.0;
34;13606.5;2019-04-11 15:35:03.0;
34;13609;2019-04-11 15:35:05.0;
34;13606.5;2019-04-11 15:35:06.0;
34;13604;2019-04-11 15:35:27.0;
34;13601.5;2019-04-11 15:36:05.0;
34;13604;2019-04-11 15:36:08.0;
34;13601.5;2019-04-11 15:36:10.0;
34;13604;2019-04-11 15:36:14.0;
34;13601.5;2019-04-11 15:36:15.0;
34;13604;2019-04-11 15:36:17.0;
34;13601.5;2019-04-11 15:36:44.0;
34;13599;2019-04-11 15:36:51.0;
34;13596.5;2019-04-11 15:37:13.0;
34;13599;2019-04-11 15:37:18.0;
34;13596.5;2019-04-11 15:38:20.0;
34;13591.5;2019-04-11 15:38:53.0;
34;13596.5;2019-04-11 15:38:58.0;
34;13591.5;2019-04-11 15:39:00.0;
34;13596.5;2019-04-11 15:39:02.0;
34;13599;2019-04-11 15:39:07.0;
34;13596.5;2019-04-11 15:39:09.0;
34;13599;2019-04-11 15:39:10.0;
34;13596.5;2019-04-11 15:39:12.0;
34;13599;2019-04-11 15:39:13.0;
34;13596.5;2019-04-11 15:39:15.0;
34;13594;2019-04-11 15:39:43.0;
34;13596.5;2019-04-11 15:39:44.0;
34;13594;2019-04-11 15:39:46.0;
34;13596.5;2019-04-11 15:39:47.0;
34;13594;2019-04-11 15:39:48.0;
34;13596.5;2019-04-11 15:39:50.0;
34;13594;2019-04-11 15:40:24.0;
34;13596.5;2019-04-11 15:40:25.0;
34;13594;2019-04-11 15:40:27.0;
34;13596.5;2019-04-11 15:40:31.0;
34;13599;2019-04-11 15:41:12.0;
34;13596.5;2019-04-11 15:41:14.0;
34;13599;2019-04-11 15:41:15.0;
34;13601.5;2019-04-11 15:41:18.0;
34;13604;2019-04-11 15:41:34.0;
34;13601.5;2019-04-11 15:42:44.0;
34;13604;2019-04-11 15:42:48.0;
34;13606.5;2019-04-11 15:43:15.0;
34;13609;2019-04-11 15:44:07.0;
34;13606.5;2019-04-11 15:44:17.0;
34;13604;2019-04-11 15:45:23.0;
34;13606.5;2019-04-11 15:46:55.0;
34;13609;2019-04-11 15:47:07.0;
34;13606.5;2019-04-11 15:47:10.0;
34;13609;2019-04-11 15:47:12.0;
34;13611.5;2019-04-11 15:48:04.0;
34;13614;2019-04-11 15:50:09.0;
34;13611.5;2019-04-11 15:50:11.0;
34;13614;2019-04-11 15:50:12.0;
34;13611.5;2019-04-11 15:51:02.0;
34;13614;2019-04-11 15:51:09.0;
34;13611.5;2019-04-11 15:51:21.0;
34;13614;2019-04-11 15:51:22.0;
34;13611.5;2019-04-11 15:51:24.0;
34;13614;2019-04-11 15:51:28.0;
34;13611.5;2019-04-11 15:51:48.0;
34;13609;2019-04-11 15:52:17.0;
34;13611.5;2019-04-11 15:52:28.0;
34;13609;2019-04-11 15:52:50.0;
34;13606.5;2019-04-11 15:53:05.0;
34;13604;2019-04-11 15:53:08.0;
34;13606.5;2019-04-11 15:53:16.0;
34;13604;2019-04-11 15:53:20.0;
34;13606.5;2019-04-11 15:53:21.0;
34;13604;2019-04-11 15:53:24.0;
34;13606.5;2019-04-11 15:53:51.0;
34;13604;2019-04-11 15:54:44.0;
34;13606.5;2019-04-11 15:54:46.0;
34;13604;2019-04-11 15:54:48.0;
34;13606.5;2019-04-11 15:54:51.0;
34;13604;2019-04-11 15:54:54.0;
34;13606.5;2019-04-11 15:54:56.0;
34;13609;2019-04-11 15:56:16.0;
34;13606.5;2019-04-11 15:56:30.0;
34;13609;2019-04-11 15:56:32.0;
34;13606.5;2019-04-11 15:56:35.0;
34;13609;2019-04-11 15:56:38.0;
34;13606.5;2019-04-11 15:59:23.0;
34;13609;2019-04-11 15:59:24.0;
34;13606.5;2019-04-11 15:59:26.0;
34;13609;2019-04-11 15:59:29.0;
34;13606.5;2019-04-11 15:59:33.0;
34;13609;2019-04-11 15:59:34.0;
34;13606.5;2019-04-11 15:59:52.0;
34;13609;2019-04-11 16:00:17.0;
34;13606.5;2019-04-11 16:00:19.0;
34;13609;2019-04-11 16:00:20.0;
34;13606.5;2019-04-11 16:00:29.0;
34;13609;2019-04-11 16:00:34.0;
34;13606.5;2019-04-11 16:00:35.0;
34;13609;2019-04-11 16:00:37.0;
34;13606.5;2019-04-11 16:01:21.0;
34;13609;2019-04-11 16:01:23.0;
34;13606.5;2019-04-11 16:01:25.0;
34;13604;2019-04-11 16:01:33.0;
34;13606.5;2019-04-11 16:01:34.0;
34;13604;2019-04-11 16:01:36.0;
34;13606.5;2019-04-11 16:02:49.0;
34;13609;2019-04-11 16:03:49.0;
34;13610.5;2019-04-11 16:04:09.0;
34;13609;2019-04-11 16:04:16.0;
34;13611.5;2019-04-11 16:04:41.0;
34;13609;2019-04-11 16:04:50.0;
34;13606.5;2019-04-11 16:06:07.0;
34;13609;2019-04-11 16:06:09.0;
34;13606.5;2019-04-11 16:06:10.0;
34;13604;2019-04-11 16:06:13.0;
34;13606.5;2019-04-11 16:07:11.0;
34;13604;2019-04-11 16:07:20.0;
34;13601.5;2019-04-11 16:07:51.0;
34;13604;2019-04-11 16:07:53.0;
34;13601.5;2019-04-11 16:07:55.0;
34;13604;2019-04-11 16:08:15.0;
34;13606.5;2019-04-11 16:08:37.0;
34;13604;2019-04-11 16:09:36.0;
34;13606.5;2019-04-11 16:10:26.0;
34;13604;2019-04-11 16:10:52.0;
34;13602.5;2019-04-11 16:11:42.0;
34;13604;2019-04-11 16:11:52.0;
34;13602.5;2019-04-11 16:12:08.0;
34;13599;2019-04-11 16:12:32.0;
34;13601.5;2019-04-11 16:12:35.0;
34;13599;2019-04-11 16:12:44.0;
34;13601.5;2019-04-11 16:12:45.0;
34;13599;2019-04-11 16:12:47.0;
34;13601.5;2019-04-11 16:13:15.0;
34;13599;2019-04-11 16:13:17.0;
34;13601.5;2019-04-11 16:13:18.0;
34;13599;2019-04-11 16:14:06.0;
34;13601.5;2019-04-11 16:14:17.0;
34;13604;2019-04-11 16:15:04.0;
34;13601.5;2019-04-11 16:15:36.0;
34;13604;2019-04-11 16:16:04.0;
34;13606.5;2019-04-11 16:17:33.0;
34;13604;2019-04-11 16:17:35.0;
34;13606.5;2019-04-11 16:17:37.0;
34;13609;2019-04-11 16:18:09.0;
34;13606.5;2019-04-11 16:20:33.0;
34;13609;2019-04-11 16:20:34.0;
34;13606.5;2019-04-11 16:20:37.0;
34;13609;2019-04-11 16:20:40.0;
34;13611.5;2019-04-11 16:22:09.0;
34;13614;2019-04-11 16:22:19.0;
34;13611.5;2019-04-11 16:22:33.0;
34;13614;2019-04-11 16:22:39.0;
34;13611.5;2019-04-11 16:22:40.0;
34;13614;2019-04-11 16:22:43.0;
34;13611.5;2019-04-11 16:22:45.0;
34;13614;2019-04-11 16:23:08.0;
34;13611.5;2019-04-11 16:23:10.0;
34;13612.5;2019-04-11 16:23:50.0;
34;13611.5;2019-04-11 16:23:52.0;
34;13612.5;2019-04-11 16:23:53.0;
34;13611.5;2019-04-11 16:24:18.0;
34;13614;2019-04-11 16:24:33.0;
34;13611.5;2019-04-11 16:24:36.0;
34;13614;2019-04-11 16:24:39.0;
34;13615.5;2019-04-11 16:25:02.0;
34;13614;2019-04-11 16:25:05.0;
34;13615.5;2019-04-11 16:25:07.0;
34;13614;2019-04-11 16:25:09.0;
34;13611.5;2019-04-11 16:28:09.0;
34;13614;2019-04-11 16:28:14.0;
34;13611.5;2019-04-11 16:28:16.0;
34;13614;2019-04-11 16:28:17.0;
34;13611.5;2019-04-11 16:28:22.0;
34;13614;2019-04-11 16:28:29.0;
34;13611.5;2019-04-11 16:28:42.0;
34;13614;2019-04-11 16:28:43.0;
34;13616.5;2019-04-11 16:29:26.0;
34;13614;2019-04-11 16:31:21.0;
34;13616.5;2019-04-11 16:32:09.0;
34;13615.5;2019-04-11 16:32:23.0;
34;13616.5;2019-04-11 16:32:29.0;
34;13615.5;2019-04-11 16:32:31.0;
34;13616.5;2019-04-11 16:32:32.0;
34;13614;2019-04-11 16:33:23.0;
34;13612.5;2019-04-11 16:34:05.0;
34;13611.5;2019-04-11 16:34:16.0;
34;13609;2019-04-11 16:34:23.0;
34;13611.5;2019-04-11 16:34:48.0;
34;13612.5;2019-04-11 16:35:02.0;
34;13611.5;2019-04-11 16:35:04.0;
34;13612.5;2019-04-11 16:35:06.0;
34;13611.5;2019-04-11 16:35:07.0;
34;13614;2019-04-11 16:35:19.0;
34;13611.5;2019-04-11 16:35:24.0;
34;13614;2019-04-11 16:35:25.0;
34;13611.5;2019-04-11 16:36:28.0;
34;13614;2019-04-11 16:37:03.0;
34;13616.5;2019-04-11 16:37:37.0;
34;13619;2019-04-11 16:38:29.0;
34;13616.5;2019-04-11 16:38:33.0;
34;13619;2019-04-11 16:38:34.0;
34;13616.5;2019-04-11 16:38:35.0;
34;13617.5;2019-04-11 16:38:56.0;
34;13614;2019-04-11 16:39:46.0;
34;13616.5;2019-04-11 16:40:15.0;
34;13619;2019-04-11 16:40:54.0;
34;13616.5;2019-04-11 16:41:10.0;
34;13619;2019-04-11 16:41:27.0;
34;13616.5;2019-04-11 16:41:29.0;
34;13619;2019-04-11 16:41:32.0;
34;13621.5;2019-04-11 16:42:30.0;
34;13619;2019-04-11 16:42:31.0;
34;13621.5;2019-04-11 16:42:32.0;
34;13624;2019-04-11 16:43:00.0;
34;13621.5;2019-04-11 16:43:02.0;
34;13624;2019-04-11 16:43:03.0;
34;13621.5;2019-04-11 16:43:32.0;
34;13619;2019-04-11 16:44:07.0;
34;13616.5;2019-04-11 16:44:16.0;
34;13614;2019-04-11 16:44:28.0;
34;13616.5;2019-04-11 16:45:21.0;
34;13614;2019-04-11 16:45:46.0;
34;13616.5;2019-04-11 16:46:16.0;
34;13614;2019-04-11 16:46:18.0;
34;13616.5;2019-04-11 16:46:19.0;
34;13614;2019-04-11 16:46:48.0;
34;13611.5;2019-04-11 16:47:07.0;
34;13614;2019-04-11 16:47:09.0;
34;13611.5;2019-04-11 16:47:10.0;
34;13609;2019-04-11 16:48:06.0;
34;13611.5;2019-04-11 16:52:43.0;
34;13609;2019-04-11 16:53:09.0;
34;13616.5;2019-04-11 16:53:15.0;
34;13614;2019-04-11 16:53:35.0;
34;13616.5;2019-04-11 16:53:36.0;
34;13614;2019-04-11 16:53:40.0;
34;13611.5;2019-04-11 16:53:46.0;
34;13614;2019-04-11 16:53:48.0;
34;13611.5;2019-04-11 16:53:50.0;
34;13609;2019-04-11 16:55:04.0;
34;13611.5;2019-04-11 16:55:06.0;
34;13609;2019-04-11 16:55:15.0;
34;13606.5;2019-04-11 16:55:38.0;
34;13609;2019-04-11 16:55:41.0;
34;13606.5;2019-04-11 16:55:43.0;
34;13609;2019-04-11 16:55:52.0;
34;13610.5;2019-04-11 16:57:13.0;
34;13611.5;2019-04-11 16:57:16.0;
34;13610.5;2019-04-11 16:57:17.0;
34;13611.5;2019-04-11 16:57:21.0;
34;13609;2019-04-11 16:57:33.0;
34;13610.5;2019-04-11 16:57:38.0;
34;13611.5;2019-04-11 16:57:40.0;
34;13610.5;2019-04-11 16:57:44.0;
34;13611.5;2019-04-11 16:57:46.0;
34;13609;2019-04-11 16:57:48.0;
34;13611.5;2019-04-11 16:58:10.0;
34;13609;2019-04-11 16:58:12.0;
34;13611.5;2019-04-11 16:58:13.0;
34;13609;2019-04-11 17:02:16.0;
34;13606.5;2019-04-11 17:03:20.0;
34;13604;2019-04-11 17:03:29.0;
34;13601.5;2019-04-11 17:03:34.0;
34;13604;2019-04-11 17:03:35.0;
34;13601.5;2019-04-11 17:03:37.0;
34;13604;2019-04-11 17:04:08.0;
34;13606.5;2019-04-11 17:04:44.0;
34;13605.5;2019-04-11 17:04:45.0;
34;13606.5;2019-04-11 17:04:49.0;
34;13604;2019-04-11 17:04:50.0;
34;13606.5;2019-04-11 17:05:44.0;
34;13601.5;2019-04-11 17:05:50.0;
34;13604;2019-04-11 17:07:50.0;
34;13602.5;2019-04-11 17:08:44.0;
34;13604;2019-04-11 17:08:47.0;
34;13606.5;2019-04-11 17:09:48.0;
34;13607.5;2019-04-11 17:10:07.0;
34;13609;2019-04-11 17:10:12.0;
34;13606.5;2019-04-11 17:10:27.0;
34;13604;2019-04-11 17:10:38.0;
34;13606.5;2019-04-11 17:10:53.0;
34;13604;2019-04-11 17:11:00.0;
34;13606.5;2019-04-11 17:11:03.0;
34;13604;2019-04-11 17:11:54.0;
34;13606.5;2019-04-11 17:12:06.0;
34;13604;2019-04-11 17:12:15.0;
34;13606.5;2019-04-11 17:12:44.0;
34;13604;2019-04-11 17:12:46.0;
34;13606.5;2019-04-11 17:12:47.0;
34;13609;2019-04-11 17:14:20.0;
34;13606.5;2019-04-11 17:14:21.0;
34;13609;2019-04-11 17:14:22.0;
34;13606.5;2019-04-11 17:14:39.0;
34;13609;2019-04-11 17:14:51.0;
34;13606.5;2019-04-11 17:15:48.0;
34;13609;2019-04-11 17:17:40.0;
34;13606.5;2019-04-11 17:18:30.0;
34;13609;2019-04-11 17:18:38.0;
34;13606.5;2019-04-11 17:18:39.0;
34;13609;2019-04-11 17:18:41.0;
34;13606.5;2019-04-11 17:18:51.0;
34;13607.5;2019-04-11 17:19:17.0;
34;13606.5;2019-04-11 17:19:22.0;
34;13609;2019-04-11 17:20:28.0;
34;13607.5;2019-04-11 17:20:35.0;
34;13606.5;2019-04-11 17:20:41.0;
34;13607.5;2019-04-11 17:20:51.0;
34;13606.5;2019-04-11 17:20:52.0;
34;13607.5;2019-04-11 17:20:54.0;
34;13606.5;2019-04-11 17:21:05.0;
34;13604;2019-04-11 17:22:18.0;
34;13606.5;2019-04-11 17:23:10.0;
34;13604;2019-04-11 17:25:00.0;
34;13606.5;2019-04-11 17:25:31.0;
34;13604;2019-04-11 17:25:37.0;
34;13606.5;2019-04-11 17:26:11.0;
34;13609;2019-04-11 17:26:42.0;
34;13606.5;2019-04-11 17:26:43.0;
34;13609;2019-04-11 17:26:45.0;
34;13606.5;2019-04-11 17:27:13.0;
34;13604;2019-04-11 17:30:25.0;
34;13606.5;2019-04-11 17:30:48.0;
34;13604;2019-04-11 17:31:01.0;
34;13605.5;2019-04-11 17:31:16.0;
34;13604;2019-04-11 17:31:18.0;
34;13605.5;2019-04-11 17:31:22.0;
34;13604;2019-04-11 17:31:23.0;
34;13606.5;2019-04-11 17:32:04.0;
34;13604;2019-04-11 17:32:08.0;
34;13606.5;2019-04-11 17:32:09.0;
34;13604;2019-04-11 17:32:16.0;
34;13601.5;2019-04-11 17:32:53.0;
34;13599;2019-04-11 17:33:15.0;
34;13596.5;2019-04-11 17:34:17.0;
34;13599;2019-04-11 17:34:19.0;
34;13596.5;2019-04-11 17:34:20.0;
34;13594;2019-04-11 17:35:07.0;
34;13596.5;2019-04-11 17:35:18.0;
34;13594;2019-04-11 17:35:24.0;
34;13596.5;2019-04-11 17:35:39.0;
34;13594;2019-04-11 17:36:39.0;
34;13596.5;2019-04-11 17:36:43.0;
34;13594;2019-04-11 17:36:44.0;
34;13591.5;2019-04-11 17:36:53.0;
34;13594;2019-04-11 17:36:54.0;
34;13591.5;2019-04-11 17:36:56.0;
34;13594;2019-04-11 17:36:58.0;
34;13595.5;2019-04-11 17:37:01.0;
34;13591.5;2019-04-11 17:37:10.0;
34;13594;2019-04-11 17:37:14.0;
34;13591.5;2019-04-11 17:38:20.0;
34;13594;2019-04-11 17:38:21.0;
34;13591.5;2019-04-11 17:38:24.0;
34;13589;2019-04-11 17:39:22.0;
34;13586.5;2019-04-11 17:39:36.0;
34;13579;2019-04-11 17:40:15.0;
34;13584;2019-04-11 17:40:20.0;
34;13581.5;2019-04-11 17:40:29.0;
34;13579;2019-04-11 17:40:36.0;
34;13576.5;2019-04-11 17:40:39.0;
34;13571.5;2019-04-11 17:41:01.0;
34;13574;2019-04-11 17:41:08.0;
34;13579;2019-04-11 17:41:29.0;
34;13574;2019-04-11 17:41:42.0;
34;13571.5;2019-04-11 17:41:48.0;
34;13569;2019-04-11 17:42:27.0;
34;13567.5;2019-04-11 17:42:35.0;
34;13569;2019-04-11 17:42:36.0;
34;13567.5;2019-04-11 17:42:37.0;
34;13569;2019-04-11 17:42:40.0;
34;13566.5;2019-04-11 17:42:47.0;
34;13564;2019-04-11 17:43:11.0;
34;13566.5;2019-04-11 17:43:17.0;
34;13564;2019-04-11 17:43:20.0;
34;13566.5;2019-04-11 17:43:21.0;
34;13564;2019-04-11 17:44:06.0;
34;13566.5;2019-04-11 17:44:07.0;
34;13564;2019-04-11 17:44:08.0;
34;13562.5;2019-04-11 17:44:14.0;
34;13564;2019-04-11 17:44:16.0;
34;13559;2019-04-11 17:44:18.0;
34;13562.5;2019-04-11 17:44:19.0;
34;13559;2019-04-11 17:44:21.0;
34;13556.5;2019-04-11 17:44:27.0;
34;13559;2019-04-11 17:44:28.0;
34;13554;2019-04-11 17:44:30.0;
34;13556.5;2019-04-11 17:44:31.0;
34;13554;2019-04-11 17:44:34.0;
34;13556.5;2019-04-11 17:44:39.0;
34;13559;2019-04-11 17:44:48.0;
34;13556.5;2019-04-11 17:44:49.0;
34;13559;2019-04-11 17:44:52.0;
34;13556.5;2019-04-11 17:45:09.0;
34;13559;2019-04-11 17:45:12.0;
34;13561.5;2019-04-11 17:45:45.0;
34;13560.5;2019-04-11 17:45:52.0;
34;13564;2019-04-11 17:46:05.0;
34;13561.5;2019-04-11 17:46:14.0;
34;13559;2019-04-11 17:47:16.0;
34;13561.5;2019-04-11 17:49:44.0;
34;13559;2019-04-11 17:50:07.0;
34;13561.5;2019-04-11 17:50:14.0;
34;13559;2019-04-11 17:50:16.0;
34;13561.5;2019-04-11 17:50:18.0;
34;13564;2019-04-11 17:51:25.0;
34;13561.5;2019-04-11 17:51:46.0;
34;13559;2019-04-11 17:52:10.0;
34;13561.5;2019-04-11 17:52:14.0;
34;13559;2019-04-11 17:52:17.0;
34;13561.5;2019-04-11 17:52:21.0;
34;13559;2019-04-11 17:52:22.0;
34;13561.5;2019-04-11 17:52:24.0;
34;13559;2019-04-11 17:52:35.0;
34;13561.5;2019-04-11 17:53:07.0;
34;13559;2019-04-11 17:53:09.0;
34;13561.5;2019-04-11 17:53:12.0;
34;13559;2019-04-11 17:53:24.0;
34;13560.5;2019-04-11 17:53:28.0;
34;13559;2019-04-11 17:53:30.0;
34;13560.5;2019-04-11 17:53:32.0;
34;13559;2019-04-11 17:53:33.0;
34;13560.5;2019-04-11 17:53:34.0;
34;13559;2019-04-11 17:53:36.0;
34;13560.5;2019-04-11 17:53:40.0;
34;13559;2019-04-11 17:53:47.0;
34;13561.5;2019-04-11 17:54:30.0;
34;13559;2019-04-11 17:55:03.0;
34;13561.5;2019-04-11 17:55:05.0;
34;13559;2019-04-11 17:55:06.0;
34;13556.5;2019-04-11 17:55:07.0;
34;13559;2019-04-11 17:55:09.0;
34;13556.5;2019-04-11 17:55:10.0;
34;13559;2019-04-11 17:55:18.0;
34;13556.5;2019-04-11 17:55:19.0;
34;13559;2019-04-11 17:55:21.0;
34;13561.5;2019-04-11 17:55:38.0;
34;13564;2019-04-11 17:56:16.0;
34;13561.5;2019-04-11 17:56:20.0;
34;13562.5;2019-04-11 17:56:23.0;
34;13561.5;2019-04-11 17:56:24.0;
34;13562.5;2019-04-11 17:56:26.0;
34;13564;2019-04-11 17:56:29.0;
34;13562.5;2019-04-11 17:56:49.0;
34;13564;2019-04-11 17:56:51.0;
34;13562.5;2019-04-11 17:56:52.0;
34;13564;2019-04-11 17:56:54.0;
34;13562.5;2019-04-11 17:56:55.0;
34;13564;2019-04-11 17:56:57.0;
34;13561.5;2019-04-11 17:57:34.0;
34;13564;2019-04-11 17:57:43.0;
34;13561.5;2019-04-11 17:58:53.0;
34;13564;2019-04-11 17:59:07.0;
34;13561.5;2019-04-11 17:59:09.0;
34;13564;2019-04-11 17:59:10.0;
34;13561.5;2019-04-11 18:00:44.0;
34;13564;2019-04-11 18:00:49.0;
34;13561.5;2019-04-11 18:00:50.0;
34;13564;2019-04-11 18:00:51.0;
34;13561.5;2019-04-11 18:00:53.0;
34;13564;2019-04-11 18:00:54.0;
34;13561.5;2019-04-11 18:03:49.0;
34;13559;2019-04-11 18:04:24.0;
34;13561.5;2019-04-11 18:04:27.0;
34;13559;2019-04-11 18:04:29.0;
34;13556.5;2019-04-11 18:05:42.0;
34;13559;2019-04-11 18:06:15.0;
34;13555.5;2019-04-11 18:07:00.0;
34;13559;2019-04-11 18:07:02.0;
34;13556.5;2019-04-11 18:08:05.0;
34;13559;2019-04-11 18:08:18.0;
34;13557.5;2019-04-11 18:08:19.0;
34;13559;2019-04-11 18:08:26.0;
34;13556.5;2019-04-11 18:08:35.0;
34;13559;2019-04-11 18:08:37.0;
34;13556.5;2019-04-11 18:08:38.0;
34;13557.5;2019-04-11 18:11:00.0;
34;13556.5;2019-04-11 18:11:03.0;
34;13557.5;2019-04-11 18:11:04.0;
34;13556.5;2019-04-11 18:11:06.0;
34;13554;2019-04-11 18:11:52.0;
34;13556.5;2019-04-11 18:12:12.0;
34;13554;2019-04-11 18:12:16.0;
34;13556.5;2019-04-11 18:12:18.0;
34;13554;2019-04-11 18:12:51.0;
34;13556.5;2019-04-11 18:12:53.0;
34;13554;2019-04-11 18:12:56.0;
34;13555.5;2019-04-11 18:12:59.0;
34;13554;2019-04-11 18:13:00.0;
34;13555.5;2019-04-11 18:13:02.0;
34;13554;2019-04-11 18:13:03.0;
34;13551.5;2019-04-11 18:13:26.0;
34;13554;2019-04-11 18:13:27.0;
34;13551.5;2019-04-11 18:13:29.0;
34;13554;2019-04-11 18:14:54.0;
34;13551.5;2019-04-11 18:14:56.0;
34;13554;2019-04-11 18:14:59.0;
34;13551.5;2019-04-11 18:15:00.0;
34;13549;2019-04-11 18:16:14.0;
34;13551.5;2019-04-11 18:16:17.0;
34;13549;2019-04-11 18:16:18.0;
34;13546.5;2019-04-11 18:16:21.0;
34;13549;2019-04-11 18:16:25.0;
34;13551.5;2019-04-11 18:16:55.0;
34;13550.5;2019-04-11 18:17:27.0;
34;13551.5;2019-04-11 18:17:33.0;
34;13550.5;2019-04-11 18:17:34.0;
34;13551.5;2019-04-11 18:17:35.0;
34;13554;2019-04-11 18:18:15.0;
34;13556.5;2019-04-11 18:19:03.0;
34;13554;2019-04-11 18:19:38.0;
34;13556.5;2019-04-11 18:19:48.0;
34;13554;2019-04-11 18:21:31.0;
34;13556.5;2019-04-11 18:22:23.0;
34;13554;2019-04-11 18:22:26.0;
34;13556.5;2019-04-11 18:22:28.0;
34;13559;2019-04-11 18:23:23.0;
34;13556.5;2019-04-11 18:23:24.0;
34;13559;2019-04-11 18:23:27.0;
34;13556.5;2019-04-11 18:25:13.0;
34;13557.5;2019-04-11 18:25:20.0;
34;13556.5;2019-04-11 18:25:22.0;
34;13557.5;2019-04-11 18:25:23.0;
34;13556.5;2019-04-11 18:25:25.0;
34;13554;2019-04-11 18:27:16.0;
34;13556.5;2019-04-11 18:27:36.0;
34;13554;2019-04-11 18:28:12.0;
34;13556.5;2019-04-11 18:30:36.0;
34;13554;2019-04-11 18:30:38.0;
34;13556.5;2019-04-11 18:30:40.0;
34;13559;2019-04-11 18:32:05.0;
34;13556.5;2019-04-11 18:32:07.0;
34;13559;2019-04-11 18:32:08.0;
34;13556.5;2019-04-11 18:32:41.0;
34;13559;2019-04-11 18:32:47.0;
34;13556.5;2019-04-11 18:32:48.0;
34;13559;2019-04-11 18:32:50.0;
34;13561.5;2019-04-11 18:32:55.0;
34;13559;2019-04-11 18:32:57.0;
34;13561.5;2019-04-11 18:32:59.0;
34;13559;2019-04-11 18:33:14.0;
34;13561.5;2019-04-11 18:33:15.0;
34;13559;2019-04-11 18:33:16.0;
34;13557.5;2019-04-11 18:34:04.0;
34;13556.5;2019-04-11 18:34:24.0;
34;13557.5;2019-04-11 18:34:28.0;
34;13556.5;2019-04-11 18:34:29.0;
34;13559;2019-04-11 18:34:32.0;
34;13557.5;2019-04-11 18:34:33.0;
34;13559;2019-04-11 18:34:34.0;
34;13556.5;2019-04-11 18:34:49.0;
34;13559;2019-04-11 18:34:54.0;
34;13556.5;2019-04-11 18:34:55.0;
34;13559;2019-04-11 18:34:57.0;
34;13556.5;2019-04-11 18:35:07.0;
34;13559;2019-04-11 18:35:10.0;
34;13556.5;2019-04-11 18:35:13.0;
34;13559;2019-04-11 18:35:15.0;
34;13556.5;2019-04-11 18:35:17.0;
34;13559;2019-04-11 18:35:20.0;
34;13556.5;2019-04-11 18:35:29.0;
34;13559;2019-04-11 18:36:56.0;
34;13561.5;2019-04-11 18:38:15.0;
34;13559;2019-04-11 18:38:37.0;
34;13561.5;2019-04-11 18:38:38.0;
34;13559;2019-04-11 18:38:40.0;
34;13561.5;2019-04-11 18:38:47.0;
34;13559;2019-04-11 18:38:54.0;
34;13561.5;2019-04-11 18:38:55.0;
34;13559;2019-04-11 18:40:07.0;
34;13561.5;2019-04-11 18:40:44.0;
34;13559;2019-04-11 18:40:46.0;
34;13561.5;2019-04-11 18:40:47.0;
34;13559;2019-04-11 18:40:54.0;
34;13556.5;2019-04-11 18:41:25.0;
34;13559;2019-04-11 18:41:36.0;
34;13556.5;2019-04-11 18:41:45.0;
34;13559;2019-04-11 18:43:27.0;
34;13561.5;2019-04-11 18:44:17.0;
34;13559;2019-04-11 18:44:19.0;
34;13561.5;2019-04-11 18:44:20.0;
34;13559;2019-04-11 18:45:00.0;
34;13560.5;2019-04-11 18:45:16.0;
34;13559;2019-04-11 18:45:18.0;
34;13560.5;2019-04-11 18:45:19.0;
34;13561.5;2019-04-11 18:45:21.0;
34;13559;2019-04-11 18:45:27.0;
34;13561.5;2019-04-11 18:47:51.0;
34;13564;2019-04-11 18:48:11.0;
34;13561.5;2019-04-11 18:48:40.0;
34;13564;2019-04-11 18:48:43.0;
34;13561.5;2019-04-11 18:48:46.0;
34;13564;2019-04-11 18:51:28.0;
34;13561.5;2019-04-11 18:52:14.0;
34;13564;2019-04-11 18:52:28.0;
34;13561.5;2019-04-11 18:52:31.0;
34;13564;2019-04-11 18:52:33.0;
34;13566.5;2019-04-11 18:53:48.0;
34;13565.5;2019-04-11 18:54:44.0;
34;13564;2019-04-11 18:54:49.0;
34;13566.5;2019-04-11 18:54:52.0;
34;13564;2019-04-11 18:54:53.0;
34;13566.5;2019-04-11 18:54:55.0;
34;13565.5;2019-04-11 18:56:08.0;
34;13566.5;2019-04-11 18:56:15.0;
34;13564;2019-04-11 18:56:17.0;
34;13566.5;2019-04-11 18:56:20.0;
34;13564;2019-04-11 18:56:21.0;
34;13565.5;2019-04-11 18:56:25.0;
34;13564;2019-04-11 18:56:32.0;
34;13565.5;2019-04-11 18:56:34.0;
34;13564;2019-04-11 18:56:35.0;
34;13566.5;2019-04-11 18:57:03.0;
34;13564;2019-04-11 18:58:07.0;
34;13565.5;2019-04-11 18:58:23.0;
34;13566.5;2019-04-11 18:58:33.0;
34;13564;2019-04-11 18:59:13.0;
34;13566.5;2019-04-11 18:59:14.0;
34;13564;2019-04-11 18:59:16.0;
34;13565.5;2019-04-11 18:59:17.0;
34;13564;2019-04-11 18:59:20.0;
34;13565.5;2019-04-11 18:59:21.0;
34;13564;2019-04-11 18:59:23.0;
34;13565.5;2019-04-11 18:59:24.0;
34;13564;2019-04-11 18:59:26.0;
34;13561.5;2019-04-11 19:04:04.0;
34;13564;2019-04-11 19:04:09.0;
34;13561.5;2019-04-11 19:04:10.0;
34;13564;2019-04-11 19:15:10.0;
34;13562.5;2019-04-11 19:16:35.0;
34;13564;2019-04-11 19:16:42.0;
34;13566.5;2019-04-11 19:20:14.0;
34;13564;2019-04-11 19:20:17.0;
34;13566.5;2019-04-11 19:20:18.0;
34;13564;2019-04-11 19:20:45.0;
34;13566.5;2019-04-11 19:23:10.0;
34;13564;2019-04-11 19:23:12.0;
34;13566.5;2019-04-11 19:23:15.0;
34;13564;2019-04-11 19:23:18.0;
34;13566.5;2019-04-11 19:33:27.0;
34;13564;2019-04-11 19:33:28.0;
34;13566.5;2019-04-11 19:33:29.0;
34;13564;2019-04-11 19:37:48.0;
34;13562.5;2019-04-11 19:38:15.0;
34;13564;2019-04-11 19:38:16.0;
34;13562.5;2019-04-11 19:38:19.0;
34;13561.5;2019-04-11 19:39:39.0;
34;13559;2019-04-11 19:41:08.0;
34;13561.5;2019-04-11 19:41:09.0;
34;13559;2019-04-11 19:41:12.0;
34;13561.5;2019-04-11 19:41:16.0;
34;13559;2019-04-11 19:42:32.0;
34;13561.5;2019-04-11 19:42:33.0;
34;13559;2019-04-11 19:42:36.0;
34;13561.5;2019-04-11 19:48:04.0;
34;13564;2019-04-11 19:51:05.0;
34;13561.5;2019-04-11 19:52:13.0;
34;13564;2019-04-11 19:53:12.0;
34;13561.5;2019-04-11 19:53:13.0;
34;13564;2019-04-11 19:53:14.0;
34;13561.5;2019-04-11 19:55:49.0;
34;13559;2019-04-11 19:59:04.0;
34;13561.5;2019-04-11 19:59:07.0;
34;13559;2019-04-11 19:59:09.0;
34;13556.5;2019-04-11 20:03:17.0;
34;13559;2019-04-11 20:03:24.0;
34;13561.5;2019-04-11 20:05:35.0;
34;13560.5;2019-04-11 20:05:38.0;
34;13561.5;2019-04-11 20:05:39.0;
34;13560.5;2019-04-11 20:05:40.0;
34;13559;2019-04-11 20:05:44.0;
34;13556.5;2019-04-11 20:06:52.0;
34;13559;2019-04-11 20:07:18.0;
34;13556.5;2019-04-11 20:07:28.0;
34;13559;2019-04-11 20:07:31.0;
34;13556.5;2019-04-11 20:07:32.0;
34;13554;2019-04-11 20:10:12.0;
34;13556.5;2019-04-11 20:12:31.0;
34;13554;2019-04-11 20:13:37.0;
34;13556.5;2019-04-11 20:13:40.0;
34;13554;2019-04-11 20:13:41.0;
34;13549;2019-04-11 20:13:50.0;
34;13546.5;2019-04-11 20:14:14.0;
34;13542.5;2019-04-11 20:14:22.0;
34;13541.5;2019-04-11 20:14:36.0;
34;13539;2019-04-11 20:15:01.0;
34;13536.5;2019-04-11 20:16:37.0;
34;13534;2019-04-11 20:16:59.0;
34;13536.5;2019-04-11 20:17:00.0;
34;13534;2019-04-11 20:17:02.0;
34;13529;2019-04-11 20:17:16.0;
34;13534;2019-04-11 20:17:17.0;
34;13529;2019-04-11 20:17:20.0;
34;13534;2019-04-11 20:17:30.0;
34;13536.5;2019-04-11 20:17:33.0;
34;13534;2019-04-11 20:17:36.0;
34;13536.5;2019-04-11 20:17:37.0;
34;13539;2019-04-11 20:17:48.0;
34;13536.5;2019-04-11 20:17:49.0;
34;13539;2019-04-11 20:17:51.0;
34;13536.5;2019-04-11 20:18:56.0;
34;13534;2019-04-11 20:19:02.0;
34;13536.5;2019-04-11 20:19:40.0;
34;13534;2019-04-11 20:20:35.0;
34;13536.5;2019-04-11 20:20:38.0;
34;13534;2019-04-11 20:20:40.0;
34;13535.5;2019-04-11 20:21:21.0;
34;13534;2019-04-11 20:22:15.0;
34;13535.5;2019-04-11 20:22:17.0;
34;13534;2019-04-11 20:22:18.0;
34;13531.5;2019-04-11 20:22:54.0;
34;13529;2019-04-11 20:23:01.0;
34;13531.5;2019-04-11 20:23:02.0;
34;13529;2019-04-11 20:23:05.0;
34;13526.5;2019-04-11 20:23:21.0;
34;13529;2019-04-11 20:23:29.0;
34;13526.5;2019-04-11 20:23:46.0;
34;13529;2019-04-11 20:23:50.0;
34;13526.5;2019-04-11 20:23:51.0;
34;13529;2019-04-11 20:23:53.0;
34;13526.5;2019-04-11 20:24:21.0;
34;13529;2019-04-11 20:24:26.0;
34;13526.5;2019-04-11 20:24:59.0;
34;13511.5;2019-04-11 20:25:35.0;
34;13514;2019-04-11 20:26:27.0;
34;13516.5;2019-04-11 20:27:09.0;
34;13514;2019-04-11 20:29:39.0;
34;13515.5;2019-04-11 20:29:48.0;
34;13516.5;2019-04-11 20:30:29.0;
34;13514;2019-04-11 20:30:45.0;
34;13511.5;2019-04-11 20:30:47.0;
34;13514;2019-04-11 20:30:55.0;
34;13511.5;2019-04-11 20:30:56.0;
34;13514;2019-04-11 20:30:57.0;
34;13511.5;2019-04-11 20:31:40.0;
34;13509;2019-04-11 20:32:04.0;
34;13514;2019-04-11 20:32:14.0;
34;13516.5;2019-04-11 20:32:27.0;
34;13519;2019-04-11 20:32:36.0;
34;13521.5;2019-04-11 20:33:36.0;
34;13519;2019-04-11 20:35:20.0;
34;13516.5;2019-04-11 20:35:30.0;
34;13519;2019-04-11 20:37:36.0;
34;13516.5;2019-04-11 20:37:38.0;
34;13519;2019-04-11 20:37:40.0;
34;13516.5;2019-04-11 20:38:28.0;
34;13519;2019-04-11 20:38:30.0;
34;13516.5;2019-04-11 20:38:31.0;
34;13519;2019-04-11 20:39:26.0;
34;13516.5;2019-04-11 20:39:28.0;
34;13519;2019-04-11 20:39:29.0;
34;13516.5;2019-04-11 20:39:31.0;
34;13519;2019-04-11 20:39:32.0;
34;13516.5;2019-04-11 20:40:44.0;
34;13519;2019-04-11 20:40:46.0;
34;13514;2019-04-11 20:40:48.0;
34;13516.5;2019-04-11 20:40:50.0;
34;13514;2019-04-11 20:40:51.0;
34;13516.5;2019-04-11 20:42:16.0;
34;13514;2019-04-11 20:42:44.0;
34;13516.5;2019-04-11 20:42:53.0;
34;13519;2019-04-11 20:43:04.0;
34;13516.5;2019-04-11 20:43:05.0;
34;13519;2019-04-11 20:43:06.0;
34;13516.5;2019-04-11 20:46:31.0;
34;13519;2019-04-11 20:46:33.0;
34;13516.5;2019-04-11 20:46:35.0;
34;13519;2019-04-11 20:49:12.0;
34;13516.5;2019-04-11 20:50:12.0;
34;13515.5;2019-04-11 20:50:20.0;
34;13516.5;2019-04-11 20:50:21.0;
34;13515.5;2019-04-11 20:50:23.0;
34;13514;2019-04-11 20:50:25.0;
34;13516.5;2019-04-11 20:50:27.0;
34;13514;2019-04-11 20:52:07.0;
34;13516.5;2019-04-11 20:52:17.0;
34;13514;2019-04-11 20:53:13.0;
34;13516.5;2019-04-11 20:53:14.0;
34;13514;2019-04-11 20:53:16.0;
34;13511.5;2019-04-11 20:53:18.0;
34;13514;2019-04-11 20:53:40.0;
34;13511.5;2019-04-11 20:53:42.0;
34;13514;2019-04-11 20:53:43.0;
34;13509;2019-04-11 20:54:38.0;
34;13511.5;2019-04-11 20:54:46.0;
34;13509;2019-04-11 20:54:47.0;
34;13507.5;2019-04-11 20:55:42.0;
34;13509;2019-04-11 20:55:44.0;
34;13507.5;2019-04-11 20:55:45.0;
34;13509;2019-04-11 20:56:07.0;
34;13506.5;2019-04-11 20:56:16.0;
34;13509;2019-04-11 20:56:17.0;
34;13506.5;2019-04-11 20:56:21.0;
34;13509;2019-04-11 20:56:23.0;
34;13506.5;2019-04-11 20:56:31.0;
34;13509;2019-04-11 20:56:32.0;
34;13506.5;2019-04-11 20:56:34.0;
34;13509;2019-04-11 20:56:44.0;
34;13506.5;2019-04-11 20:56:48.0;
34;13509;2019-04-11 20:56:49.0;
34;13506.5;2019-04-11 20:56:50.0;
34;13509;2019-04-11 20:57:16.0;
34;13506.5;2019-04-11 20:57:42.0;
34;13509;2019-04-11 20:59:22.0;
34;13506.5;2019-04-11 20:59:24.0;
34;13509;2019-04-11 20:59:25.0;
34;13511.5;2019-04-11 21:00:08.0;
34;13509;2019-04-11 21:00:28.0;
34;13511.5;2019-04-11 21:00:29.0;
34;13509;2019-04-11 21:00:32.0;
34;13511.5;2019-04-11 21:00:59.0;
34;13509;2019-04-11 21:01:00.0;
34;13511.5;2019-04-11 21:01:03.0;
34;13514;2019-04-11 21:03:11.0;
34;13519;2019-04-11 21:03:27.0;
34;13521.5;2019-04-11 21:04:10.0;
34;13519;2019-04-11 21:04:20.0;
34;13516.5;2019-04-11 21:05:15.0;
34;13519;2019-04-11 21:05:18.0;
34;13516.5;2019-04-11 21:05:20.0;
34;13514;2019-04-11 21:08:17.0;
34;13516.5;2019-04-11 21:09:43.0;
34;13519;2019-04-11 21:10:03.0;
34;13516.5;2019-04-11 21:10:46.0;
34;13517.5;2019-04-11 21:11:48.0;
34;13519;2019-04-11 21:12:08.0;
34;13516.5;2019-04-11 21:13:07.0;
34;13519;2019-04-11 21:13:08.0;
34;13516.5;2019-04-11 21:13:10.0;
34;13519;2019-04-11 21:13:23.0;
34;13516.5;2019-04-11 21:13:24.0;
34;13519;2019-04-11 21:13:26.0;
34;13516.5;2019-04-11 21:14:13.0;
34;13517.5;2019-04-11 21:14:32.0;
34;13519;2019-04-11 21:14:40.0;
34;13516.5;2019-04-11 21:14:57.0;
34;13519;2019-04-11 21:14:59.0;
34;13516.5;2019-04-11 21:15:02.0;
34;13514;2019-04-11 21:15:14.0;
34;13516.5;2019-04-11 21:15:15.0;
34;13514;2019-04-11 21:15:16.0;
34;13516.5;2019-04-11 21:15:28.0;
34;13514;2019-04-11 21:15:31.0;
34;13516.5;2019-04-11 21:15:33.0;
34;13519;2019-04-11 21:15:35.0;
34;13516.5;2019-04-11 21:15:47.0;
34;13519;2019-04-11 21:15:50.0;
34;13516.5;2019-04-11 21:15:53.0;
34;13515.5;2019-04-11 21:16:12.0;
34;13514;2019-04-11 21:16:32.0;
34;13516.5;2019-04-11 21:17:01.0;
34;13517.5;2019-04-11 21:17:27.0;
34;13519;2019-04-11 21:17:36.0;
34;13516.5;2019-04-11 21:18:08.0;
34;13519;2019-04-11 21:18:10.0;
34;13516.5;2019-04-11 21:18:11.0;
34;13514;2019-04-11 21:18:14.0;
34;13516.5;2019-04-11 21:18:16.0;
34;13514;2019-04-11 21:18:20.0;
34;13516.5;2019-04-11 21:18:22.0;
34;13519;2019-04-11 21:18:45.0;
34;13516.5;2019-04-11 21:19:18.0;
34;13517.5;2019-04-11 21:19:52.0;
34;13516.5;2019-04-11 21:20:09.0;
34;13514;2019-04-11 21:23:48.0;
34;13516.5;2019-04-11 21:24:08.0;
34;13514;2019-04-11 21:24:34.0;
34;13516.5;2019-04-11 21:26:20.0;
34;13519;2019-04-11 21:31:22.0;
34;13524;2019-04-11 21:36:02.0;
34;13519;2019-04-11 21:36:05.0;
34;13524;2019-04-11 21:36:07.0;
34;13519;2019-04-11 21:36:21.0;
34;13521.5;2019-04-11 21:36:41.0;
34;13519;2019-04-11 21:36:43.0;
34;13521.5;2019-04-11 21:36:44.0;
34;13519;2019-04-11 21:37:01.0;
34;13521.5;2019-04-11 21:37:02.0;
34;13519;2019-04-11 21:37:04.0;
34;13521.5;2019-04-11 21:37:12.0;
34;13519;2019-04-11 21:38:07.0;
34;13521.5;2019-04-11 21:39:12.0;
34;13519;2019-04-11 21:40:15.0;
34;13516.5;2019-04-11 21:40:27.0;
34;13519;2019-04-11 21:40:28.0;
34;13516.5;2019-04-11 21:40:30.0;
34;13515.5;2019-04-11 21:41:44.0;
34;13516.5;2019-04-11 21:42:04.0;
34;13515.5;2019-04-11 21:42:07.0;
34;13516.5;2019-04-11 21:42:10.0;
34;13519;2019-04-11 21:43:01.0;
34;13516.5;2019-04-11 21:43:02.0;
34;13519;2019-04-11 21:43:03.0;
34;13516.5;2019-04-11 21:43:44.0;
34;13519;2019-04-11 21:43:45.0;
34;13516.5;2019-04-11 21:43:48.0;
34;13519;2019-04-11 21:43:50.0;
34;13516.5;2019-04-11 21:44:07.0;
34;13517.5;2019-04-11 21:45:07.0;
34;13516.5;2019-04-11 21:45:10.0;
34;13519;2019-04-11 21:45:16.0;
34;13516.5;2019-04-11 21:45:19.0;
34;13519;2019-04-11 21:45:20.0;
34;13521.5;2019-04-11 21:46:10.0;
34;13519;2019-04-11 21:46:12.0;
34;13521.5;2019-04-11 21:46:13.0;
34;13519;2019-04-11 21:46:21.0;
34;13516.5;2019-04-11 21:46:35.0;
34;13519;2019-04-11 21:46:36.0;
34;13516.5;2019-04-11 21:46:37.0;
34;13514;2019-04-11 21:46:51.0;
34;13516.5;2019-04-11 21:47:00.0;
34;13514;2019-04-11 21:47:19.0;
34;13516.5;2019-04-11 21:47:20.0;
34;13514;2019-04-11 21:47:23.0;
34;13516.5;2019-04-11 21:47:24.0;
34;13521.5;2019-04-11 21:49:32.0;
34;13524;2019-04-11 21:49:44.0;
34;13521.5;2019-04-11 21:49:45.0;
34;13524;2019-04-11 21:49:47.0;
34;13521.5;2019-04-11 21:50:52.0;
34;13519;2019-04-11 21:51:40.0;
34;13521.5;2019-04-11 21:51:43.0;
34;13519;2019-04-11 21:51:46.0;
34;13521.5;2019-04-11 21:52:41.0;
34;13519;2019-04-11 21:52:44.0;
34;13521.5;2019-04-11 21:52:45.0;
34;13519;2019-04-11 21:53:19.0;
34;13521.5;2019-04-11 21:53:24.0;
34;13519;2019-04-11 21:53:25.0;
34;13521.5;2019-04-11 21:53:29.0;
34;13524;2019-04-11 21:54:03.0;
34;13526.5;2019-04-11 21:55:45.0;
34;13524;2019-04-11 21:55:46.0;
34;13526.5;2019-04-11 21:55:48.0;
34;13524;2019-04-11 21:56:07.0;
34;13526.5;2019-04-11 21:56:09.0;
34;13524;2019-04-11 21:56:11.0;
34;13526.5;2019-04-11 21:56:55.0;
34;13524;2019-04-11 21:56:57.0;
34;13526.5;2019-04-11 21:56:58.0;
34;13524;2019-04-11 21:57:01.0;
34;13525.5;2019-04-11 21:57:24.0;
34;13524;2019-04-11 21:57:25.0;
34;13525.5;2019-04-11 21:57:30.0;
34;13524;2019-04-11 21:57:31.0;
34;13521.5;2019-04-11 21:58:28.0;
34;13524;2019-04-11 21:59:45.0;
34;13526.5;2019-04-11 21:59:50.0;
34;13524;2019-04-11 22:00:06.0;
34;13525.5;2019-04-11 22:00:21.0;
34;13526.5;2019-04-11 22:00:29.0;
34;13525.5;2019-04-11 22:00:30.0;
34;13526.5;2019-04-11 22:00:31.0;
34;13524;2019-04-11 22:01:36.0;
34;13526.5;2019-04-11 22:02:12.0;
34;13524;2019-04-11 22:02:14.0;
34;13526.5;2019-04-11 22:02:16.0;
34;13529;2019-04-11 22:03:04.0;
34;13526.5;2019-04-11 22:03:34.0;
34;13527.5;2019-04-11 22:04:05.0;
34;13526.5;2019-04-11 22:04:06.0;
34;13527.5;2019-04-11 22:04:09.0;
34;13529;2019-04-11 22:04:20.0;
34;13531.5;2019-04-11 22:09:40.0;
34;13529;2019-04-11 22:11:26.0;
34;13531.5;2019-04-11 22:11:28.0;
34;13529;2019-04-11 22:11:29.0;
34;13531.5;2019-04-11 22:13:03.0;
34;13529;2019-04-11 22:13:05.0;
34;13531.5;2019-04-11 22:13:07.0;
34;13530.5;2019-04-11 22:14:32.0;
34;13529;2019-04-11 22:15:01.0;
34;13527.5;2019-04-11 22:17:33.0;
34;13529;2019-04-11 22:18:10.0;
34;13527.5;2019-04-11 22:18:11.0;
34;13529;2019-04-11 22:18:21.0;
34;13530.5;2019-04-11 22:20:16.0;
34;13529;2019-04-11 22:23:43.0;
34;13530.5;2019-04-11 22:23:44.0;
34;13529;2019-04-11 22:25:08.0;
34;13527.5;2019-04-11 22:26:18.0;
34;13530.5;2019-04-11 22:28:57.0;
34;13529;2019-04-11 22:29:13.0;
34;13530.5;2019-04-11 22:29:50.0;
34;13529;2019-04-11 22:29:53.0;
34;13530.5;2019-04-11 22:29:54.0;
34;13527.5;2019-04-11 22:30:03.0;
34;13530.5;2019-04-11 22:30:04.0;
34;13527.5;2019-04-11 22:30:06.0;
34;13530.5;2019-04-11 22:30:07.0;
34;13527.5;2019-04-11 22:30:08.0;
34;13529;2019-04-11 22:30:13.0;
34;13527.5;2019-04-11 22:30:16.0;
34;13529;2019-04-11 22:30:17.0;
34;13527.5;2019-04-11 22:31:01.0;
34;13529;2019-04-11 22:31:40.0;
34;13527.5;2019-04-11 22:36:23.0;
34;13529;2019-04-11 22:36:25.0;
34;13527.5;2019-04-11 22:36:26.0;
34;13529;2019-04-11 22:38:09.0;
34;13527.5;2019-04-11 22:39:06.0;
34;13529;2019-04-11 22:39:33.0;
34;13527.5;2019-04-11 22:40:30.0;
34;13526.5;2019-04-11 22:41:01.0;
34;13529;2019-04-11 22:42:12.0;
34;13531.5;2019-04-11 22:43:11.0;
34;13529;2019-04-11 22:43:13.0;
34;13531.5;2019-04-11 22:43:15.0;
35;6192.5;2019-04-11 11:17:12.0;
35;6193.5;2019-04-11 11:20:37.0;
35;6193;2019-04-11 11:21:41.0;
35;6193.5;2019-04-11 11:21:43.0;
35;6193;2019-04-11 11:21:44.0;
35;6192.5;2019-04-11 11:22:04.0;
35;6193;2019-04-11 11:22:07.0;
35;6192.5;2019-04-11 11:22:08.0;
35;6193;2019-04-11 11:22:24.0;
35;6192.5;2019-04-11 11:22:56.0;
35;6193;2019-04-11 11:23:18.0;
35;6192.5;2019-04-11 11:23:35.0;
35;6192;2019-04-11 11:24:54.0;
35;6193.5;2019-04-11 11:25:11.0;
35;6192.5;2019-04-11 11:25:17.0;
35;6191.5;2019-04-11 11:25:20.0;
35;6192.5;2019-04-11 11:25:22.0;
35;6191.5;2019-04-11 11:25:23.0;
35;6192;2019-04-11 11:25:24.0;
35;6192.5;2019-04-11 11:25:42.0;
35;6192;2019-04-11 11:26:04.0;
35;6191.5;2019-04-11 11:26:08.0;
35;6192;2019-04-11 11:26:20.0;
35;6191.5;2019-04-11 11:26:27.0;
35;6192;2019-04-11 11:27:13.0;
35;6191.5;2019-04-11 11:27:39.0;
35;6192;2019-04-11 11:28:04.0;
35;6191.5;2019-04-11 11:28:11.0;
35;6190.5;2019-04-11 11:28:23.0;
35;6190;2019-04-11 11:28:55.0;
35;6190.5;2019-04-11 11:28:58.0;
35;6189.5;2019-04-11 11:29:00.0;
35;6190.5;2019-04-11 11:29:27.0;
35;6191;2019-04-11 11:30:41.0;
35;6190.5;2019-04-11 11:31:09.0;
35;6191;2019-04-11 11:31:16.0;
35;6190.5;2019-04-11 11:31:18.0;
35;6191;2019-04-11 11:31:20.0;
35;6191.5;2019-04-11 11:31:21.0;
35;6191;2019-04-11 11:31:32.0;
35;6191.5;2019-04-11 11:32:06.0;
35;6190.5;2019-04-11 11:32:07.0;
35;6191;2019-04-11 11:32:15.0;
35;6190.5;2019-04-11 11:32:20.0;
35;6190;2019-04-11 11:32:33.0;
35;6190.5;2019-04-11 11:32:51.0;
35;6190;2019-04-11 11:33:06.0;
35;6190.5;2019-04-11 11:33:13.0;
35;6190;2019-04-11 11:34:09.0;
35;6189.5;2019-04-11 11:34:39.0;
35;6190;2019-04-11 11:34:41.0;
35;6189.5;2019-04-11 11:34:42.0;
35;6190;2019-04-11 11:35:03.0;
35;6189.5;2019-04-11 11:35:08.0;
35;6190.5;2019-04-11 11:35:16.0;
35;6191;2019-04-11 11:37:22.0;
35;6191.5;2019-04-11 11:37:28.0;
35;6190.5;2019-04-11 11:38:36.0;
35;6191;2019-04-11 11:38:43.0;
35;6191.5;2019-04-11 11:38:53.0;
35;6192;2019-04-11 11:40:11.0;
35;6191.5;2019-04-11 11:40:14.0;
35;6192;2019-04-11 11:40:15.0;
35;6192.5;2019-04-11 11:40:51.0;
35;6193;2019-04-11 11:42:04.0;
35;6193.5;2019-04-11 11:43:06.0;
35;6194;2019-04-11 11:43:40.0;
35;6194.5;2019-04-11 11:43:45.0;
35;6195;2019-04-11 11:44:06.0;
35;6194.5;2019-04-11 11:44:12.0;
35;6194;2019-04-11 11:44:25.0;
35;6193.5;2019-04-11 11:45:23.0;
35;6193;2019-04-11 11:46:08.0;
35;6193.5;2019-04-11 11:46:10.0;
35;6193;2019-04-11 11:46:11.0;
35;6193.5;2019-04-11 11:46:20.0;
35;6193;2019-04-11 11:47:40.0;
35;6193.5;2019-04-11 11:47:49.0;
35;6194;2019-04-11 11:51:33.0;
35;6194.5;2019-04-11 11:51:49.0;
35;6194;2019-04-11 11:52:09.0;
35;6193.5;2019-04-11 11:52:26.0;
35;6194;2019-04-11 11:52:33.0;
35;6194.5;2019-04-11 11:52:42.0;
35;6193.5;2019-04-11 11:52:47.0;
35;6194.5;2019-04-11 11:52:49.0;
35;6194;2019-04-11 11:52:51.0;
35;6194.5;2019-04-11 11:53:38.0;
35;6195.5;2019-04-11 11:54:23.0;
35;6194.5;2019-04-11 11:54:24.0;
35;6195.5;2019-04-11 11:54:26.0;
35;6194.5;2019-04-11 11:54:38.0;
35;6194;2019-04-11 11:54:59.0;
35;6194.5;2019-04-11 11:55:09.0;
35;6193.5;2019-04-11 11:55:46.0;
35;6194;2019-04-11 11:56:16.0;
35;6193.5;2019-04-11 11:56:54.0;
35;6194;2019-04-11 11:57:47.0;
35;6193.5;2019-04-11 11:58:23.0;
35;6194;2019-04-11 11:58:32.0;
35;6193.5;2019-04-11 11:58:33.0;
35;6194;2019-04-11 11:58:35.0;
35;6194.5;2019-04-11 11:59:06.0;
35;6193.5;2019-04-11 11:59:14.0;
35;6194;2019-04-11 11:59:18.0;
35;6193.5;2019-04-11 11:59:43.0;
35;6193;2019-04-11 12:00:33.0;
35;6193.5;2019-04-11 12:01:11.0;
35;6192.5;2019-04-11 12:02:42.0;
35;6193.5;2019-04-11 12:03:04.0;
35;6192.5;2019-04-11 12:03:07.0;
35;6193.5;2019-04-11 12:03:08.0;
35;6194;2019-04-11 12:04:32.0;
35;6193.5;2019-04-11 12:04:38.0;
35;6194;2019-04-11 12:05:15.0;
35;6193.5;2019-04-11 12:06:15.0;
35;6194;2019-04-11 12:06:17.0;
35;6193.5;2019-04-11 12:06:19.0;
35;6194.5;2019-04-11 12:09:25.0;
35;6195.5;2019-04-11 12:10:05.0;
35;6194.5;2019-04-11 12:10:10.0;
35;6195.5;2019-04-11 12:10:12.0;
35;6194.5;2019-04-11 12:10:13.0;
35;6195.5;2019-04-11 12:12:46.0;
35;6194.5;2019-04-11 12:14:04.0;
35;6195.5;2019-04-11 12:14:06.0;
35;6194.5;2019-04-11 12:14:07.0;
35;6195;2019-04-11 12:19:45.0;
35;6195.5;2019-04-11 12:20:08.0;
35;6194.5;2019-04-11 12:21:16.0;
35;6195.5;2019-04-11 12:21:18.0;
35;6194.5;2019-04-11 12:21:19.0;
35;6195;2019-04-11 12:22:15.0;
35;6195.5;2019-04-11 12:22:52.0;
35;6195;2019-04-11 12:23:26.0;
35;6195.5;2019-04-11 12:23:41.0;
35;6195;2019-04-11 12:23:44.0;
35;6195.5;2019-04-11 12:23:45.0;
35;6195;2019-04-11 12:23:46.0;
35;6195.5;2019-04-11 12:24:11.0;
35;6195;2019-04-11 12:26:15.0;
35;6195.5;2019-04-11 12:26:35.0;
35;6194.5;2019-04-11 12:28:26.0;
35;6195.5;2019-04-11 12:28:28.0;
35;6194.5;2019-04-11 12:28:29.0;
35;6195.5;2019-04-11 12:29:00.0;
35;6196.5;2019-04-11 12:33:36.0;
35;6195.5;2019-04-11 12:33:44.0;
35;6194.5;2019-04-11 12:37:32.0;
35;6195.5;2019-04-11 12:38:36.0;
35;6195;2019-04-11 12:43:13.0;
35;6194.5;2019-04-11 12:43:49.0;
35;6195;2019-04-11 12:44:04.0;
35;6194.5;2019-04-11 12:44:12.0;
35;6195;2019-04-11 12:44:13.0;
35;6194.5;2019-04-11 12:44:15.0;
35;6195;2019-04-11 12:45:06.0;
35;6196.5;2019-04-11 12:45:46.0;
35;6195.5;2019-04-11 12:46:09.0;
35;6196;2019-04-11 12:46:14.0;
35;6196.5;2019-04-11 12:46:28.0;
35;6197.5;2019-04-11 12:48:19.0;
35;6197;2019-04-11 12:48:27.0;
35;6197.5;2019-04-11 12:48:31.0;
35;6197;2019-04-11 12:48:32.0;
35;6197.5;2019-04-11 12:48:34.0;
35;6197;2019-04-11 12:48:46.0;
35;6196.5;2019-04-11 12:49:10.0;
35;6197;2019-04-11 12:49:16.0;
35;6196.5;2019-04-11 12:49:37.0;
35;6197;2019-04-11 12:50:04.0;
35;6197.5;2019-04-11 12:50:13.0;
35;6196.5;2019-04-11 12:52:05.0;
35;6197.5;2019-04-11 12:52:11.0;
35;6197;2019-04-11 12:52:22.0;
35;6197.5;2019-04-11 12:52:25.0;
35;6198;2019-04-11 12:54:52.0;
35;6197.5;2019-04-11 12:54:53.0;
35;6198.5;2019-04-11 12:54:56.0;
35;6197.5;2019-04-11 12:55:04.0;
35;6198;2019-04-11 12:58:07.0;
35;6197.5;2019-04-11 12:58:09.0;
35;6198;2019-04-11 12:58:17.0;
35;6198.5;2019-04-11 12:58:27.0;
35;6198;2019-04-11 12:58:30.0;
35;6198.5;2019-04-11 12:58:31.0;
35;6198;2019-04-11 12:58:34.0;
35;6198.5;2019-04-11 12:58:43.0;
35;6198;2019-04-11 12:58:45.0;
35;6198.5;2019-04-11 12:58:46.0;
35;6199;2019-04-11 13:00:04.0;
35;6198.5;2019-04-11 13:00:05.0;
35;6199.5;2019-04-11 13:00:07.0;
35;6200.5;2019-04-11 13:03:32.0;
35;6200;2019-04-11 13:04:32.0;
35;6200.5;2019-04-11 13:04:37.0;
35;6201.5;2019-04-11 13:06:10.0;
35;6200.5;2019-04-11 13:11:02.0;
35;6200;2019-04-11 13:11:39.0;
35;6200.5;2019-04-11 13:11:41.0;
35;6200;2019-04-11 13:11:42.0;
35;6199.5;2019-04-11 13:11:44.0;
35;6200.5;2019-04-11 13:12:35.0;
35;6199.5;2019-04-11 13:12:46.0;
35;6200.5;2019-04-11 13:12:48.0;
35;6199.5;2019-04-11 13:13:37.0;
35;6200.5;2019-04-11 13:14:28.0;
35;6200;2019-04-11 13:15:03.0;
35;6200.5;2019-04-11 13:15:12.0;
35;6199.5;2019-04-11 13:15:40.0;
35;6200;2019-04-11 13:15:49.0;
35;6199.5;2019-04-11 13:16:08.0;
35;6199;2019-04-11 13:16:59.0;
35;6199.5;2019-04-11 13:17:12.0;
35;6200;2019-04-11 13:17:34.0;
35;6199.5;2019-04-11 13:17:36.0;
35;6200;2019-04-11 13:17:37.0;
35;6200.5;2019-04-11 13:18:29.0;
35;6200;2019-04-11 13:20:05.0;
35;6200.5;2019-04-11 13:20:06.0;
35;6200;2019-04-11 13:20:08.0;
35;6199.5;2019-04-11 13:20:38.0;
35;6199;2019-04-11 13:21:13.0;
35;6199.5;2019-04-11 13:21:24.0;
35;6200;2019-04-11 13:23:10.0;
35;6199.5;2019-04-11 13:23:12.0;
35;6200;2019-04-11 13:23:13.0;
35;6199.5;2019-04-11 13:23:15.0;
35;6200;2019-04-11 13:23:36.0;
35;6200.5;2019-04-11 13:24:05.0;
35;6199.5;2019-04-11 13:24:48.0;
35;6199;2019-04-11 13:26:34.0;
35;6198.5;2019-04-11 13:26:39.0;
35;6199.5;2019-04-11 13:26:44.0;
35;6200;2019-04-11 13:28:07.0;
35;6199.5;2019-04-11 13:28:19.0;
35;6200;2019-04-11 13:28:37.0;
35;6199.5;2019-04-11 13:28:43.0;
35;6200;2019-04-11 13:28:52.0;
35;6199.5;2019-04-11 13:29:16.0;
35;6199;2019-04-11 13:30:21.0;
35;6199.5;2019-04-11 13:30:31.0;
35;6200;2019-04-11 13:30:39.0;
35;6200.5;2019-04-11 13:30:58.0;
35;6200;2019-04-11 13:31:07.0;
35;6200.5;2019-04-11 13:31:08.0;
35;6200;2019-04-11 13:31:10.0;
35;6200.5;2019-04-11 13:31:20.0;
35;6199.5;2019-04-11 13:32:03.0;
35;6200.5;2019-04-11 13:32:04.0;
35;6199.5;2019-04-11 13:32:06.0;
35;6200;2019-04-11 13:32:13.0;
35;6200.5;2019-04-11 13:32:16.0;
35;6200;2019-04-11 13:32:17.0;
35;6200.5;2019-04-11 13:32:19.0;
35;6199.5;2019-04-11 13:32:29.0;
35;6200;2019-04-11 13:32:33.0;
35;6199.5;2019-04-11 13:32:35.0;
35;6200;2019-04-11 13:32:37.0;
35;6199.5;2019-04-11 13:32:51.0;
35;6200;2019-04-11 13:32:58.0;
35;6199.5;2019-04-11 13:33:03.0;
35;6200;2019-04-11 13:33:11.0;
35;6199.5;2019-04-11 13:33:12.0;
35;6200;2019-04-11 13:33:14.0;
35;6199.5;2019-04-11 13:33:39.0;
35;6200.5;2019-04-11 13:34:03.0;
35;6200;2019-04-11 13:34:32.0;
35;6199.5;2019-04-11 13:34:39.0;
35;6200;2019-04-11 13:34:41.0;
35;6199.5;2019-04-11 13:34:43.0;
35;6200;2019-04-11 13:34:44.0;
35;6200.5;2019-04-11 13:35:05.0;
35;6200;2019-04-11 13:35:07.0;
35;6199.5;2019-04-11 13:35:12.0;
35;6200;2019-04-11 13:35:14.0;
35;6200.5;2019-04-11 13:35:31.0;
35;6201.5;2019-04-11 13:38:18.0;
35;6201;2019-04-11 13:38:24.0;
35;6200.5;2019-04-11 13:38:31.0;
35;6201.5;2019-04-11 13:39:14.0;
35;6201;2019-04-11 13:39:16.0;
35;6200.5;2019-04-11 13:39:21.0;
35;6200;2019-04-11 13:39:40.0;
35;6200.5;2019-04-11 13:39:44.0;
35;6200;2019-04-11 13:39:48.0;
35;6200.5;2019-04-11 13:40:07.0;
35;6200;2019-04-11 13:40:09.0;
35;6200.5;2019-04-11 13:40:10.0;
35;6200;2019-04-11 13:40:16.0;
35;6199.5;2019-04-11 13:40:24.0;
35;6200;2019-04-11 13:40:27.0;
35;6199.5;2019-04-11 13:40:29.0;
35;6200;2019-04-11 13:40:30.0;
35;6199.5;2019-04-11 13:41:06.0;
35;6200;2019-04-11 13:41:11.0;
35;6200.5;2019-04-11 13:41:27.0;
35;6199.5;2019-04-11 13:42:30.0;
35;6200;2019-04-11 13:45:03.0;
35;6199.5;2019-04-11 13:45:08.0;
35;6200;2019-04-11 13:45:16.0;
35;6200.5;2019-04-11 13:45:23.0;
35;6200;2019-04-11 13:45:29.0;
35;6200.5;2019-04-11 13:45:32.0;
35;6200;2019-04-11 13:45:33.0;
35;6200.5;2019-04-11 13:45:35.0;
35;6200;2019-04-11 13:46:04.0;
35;6200.5;2019-04-11 13:46:05.0;
35;6200;2019-04-11 13:46:07.0;
35;6199.5;2019-04-11 13:46:12.0;
35;6200.5;2019-04-11 13:48:04.0;
35;6201;2019-04-11 13:50:35.0;
35;6200.5;2019-04-11 13:50:46.0;
35;6201;2019-04-11 13:50:49.0;
35;6200.5;2019-04-11 13:51:31.0;
35;6201;2019-04-11 13:51:33.0;
35;6200.5;2019-04-11 13:51:34.0;
35;6201.5;2019-04-11 13:52:23.0;
35;6200.5;2019-04-11 13:52:25.0;
35;6201.5;2019-04-11 13:52:27.0;
35;6201;2019-04-11 13:53:07.0;
35;6201.5;2019-04-11 13:53:08.0;
35;6201;2019-04-11 13:53:09.0;
35;6201.5;2019-04-11 13:53:21.0;
35;6201;2019-04-11 13:53:27.0;
35;6201.5;2019-04-11 13:53:28.0;
35;6201;2019-04-11 13:53:30.0;
35;6201.5;2019-04-11 13:53:35.0;
35;6200.5;2019-04-11 13:53:39.0;
35;6201;2019-04-11 13:53:49.0;
35;6200.5;2019-04-11 13:54:04.0;
35;6199;2019-04-11 14:03:03.0;
35;6198.5;2019-04-11 14:03:10.0;
35;6199.5;2019-04-11 14:03:29.0;
35;6200.5;2019-04-11 14:03:36.0;
35;6199.5;2019-04-11 14:03:41.0;
35;6200;2019-04-11 14:04:06.0;
35;6199.5;2019-04-11 14:04:08.0;
35;6200;2019-04-11 14:04:10.0;
35;6199.5;2019-04-11 14:04:31.0;
35;6200;2019-04-11 14:04:38.0;
35;6199.5;2019-04-11 14:04:52.0;
35;6200;2019-04-11 14:08:19.0;
35;6199.5;2019-04-11 14:08:46.0;
35;6200.5;2019-04-11 14:09:43.0;
35;6199.5;2019-04-11 14:10:03.0;
35;6200.5;2019-04-11 14:10:15.0;
35;6199.5;2019-04-11 14:11:14.0;
35;6199;2019-04-11 14:13:10.0;
35;6199.5;2019-04-11 14:13:14.0;
35;6199;2019-04-11 14:15:45.0;
35;6199.5;2019-04-11 14:16:03.0;
35;6198.5;2019-04-11 14:16:13.0;
35;6199.5;2019-04-11 14:16:44.0;
35;6199;2019-04-11 14:16:48.0;
35;6199.5;2019-04-11 14:16:53.0;
35;6199;2019-04-11 14:16:54.0;
35;6199.5;2019-04-11 14:16:56.0;
35;6199;2019-04-11 14:16:57.0;
35;6199.5;2019-04-11 14:17:10.0;
35;6199;2019-04-11 14:17:15.0;
35;6199.5;2019-04-11 14:17:16.0;
35;6199;2019-04-11 14:17:18.0;
35;6199.5;2019-04-11 14:17:19.0;
35;6200;2019-04-11 14:18:21.0;
35;6199.5;2019-04-11 14:18:32.0;
35;6198.5;2019-04-11 14:18:48.0;
35;6199.5;2019-04-11 14:18:49.0;
35;6198.5;2019-04-11 14:18:51.0;
35;6199.5;2019-04-11 14:20:59.0;
35;6198.5;2019-04-11 14:21:00.0;
35;6199.5;2019-04-11 14:21:02.0;
35;6200;2019-04-11 14:21:14.0;
35;6200.5;2019-04-11 14:21:20.0;
35;6199.5;2019-04-11 14:21:24.0;
35;6200.5;2019-04-11 14:22:05.0;
35;6200;2019-04-11 14:22:52.0;
35;6199.5;2019-04-11 14:23:00.0;
35;6200;2019-04-11 14:23:05.0;
35;6200.5;2019-04-11 14:23:07.0;
35;6201;2019-04-11 14:24:06.0;
35;6201.5;2019-04-11 14:24:23.0;
35;6201;2019-04-11 14:24:34.0;
35;6201.5;2019-04-11 14:24:36.0;
35;6201;2019-04-11 14:24:37.0;
35;6201.5;2019-04-11 14:25:07.0;
35;6201;2019-04-11 14:25:11.0;
35;6201.5;2019-04-11 14:25:13.0;
35;6201;2019-04-11 14:25:14.0;
35;6201.5;2019-04-11 14:25:44.0;
35;6201;2019-04-11 14:25:47.0;
35;6201.5;2019-04-11 14:26:06.0;
35;6201;2019-04-11 14:26:43.0;
35;6200.5;2019-04-11 14:26:55.0;
35;6201;2019-04-11 14:27:00.0;
35;6200.5;2019-04-11 14:27:04.0;
35;6201;2019-04-11 14:27:05.0;
35;6200.5;2019-04-11 14:27:07.0;
35;6201;2019-04-11 14:27:11.0;
35;6201.5;2019-04-11 14:27:15.0;
35;6200.5;2019-04-11 14:27:46.0;
35;6201.5;2019-04-11 14:27:48.0;
35;6200.5;2019-04-11 14:27:49.0;
35;6201.5;2019-04-11 14:28:13.0;
35;6200.5;2019-04-11 14:28:15.0;
35;6201.5;2019-04-11 14:28:16.0;
35;6200.5;2019-04-11 14:28:24.0;
35;6199.5;2019-04-11 14:30:02.0;
35;6200.5;2019-04-11 14:30:05.0;
35;6199.5;2019-04-11 14:30:07.0;
35;6199;2019-04-11 14:30:35.0;
35;6199.5;2019-04-11 14:30:40.0;
35;6199;2019-04-11 14:30:59.0;
35;6198.5;2019-04-11 14:31:11.0;
35;6199;2019-04-11 14:31:18.0;
35;6198.5;2019-04-11 14:31:19.0;
35;6199;2019-04-11 14:31:21.0;
35;6199.5;2019-04-11 14:31:24.0;
35;6200;2019-04-11 14:32:08.0;
35;6200.5;2019-04-11 14:32:21.0;
35;6201.5;2019-04-11 14:32:40.0;
35;6201;2019-04-11 14:32:44.0;
35;6201.5;2019-04-11 14:33:05.0;
35;6202;2019-04-11 14:35:15.0;
35;6202.5;2019-04-11 14:35:25.0;
35;6201.5;2019-04-11 14:35:31.0;
35;6202.5;2019-04-11 14:35:43.0;
35;6201.5;2019-04-11 14:36:02.0;
35;6200.5;2019-04-11 14:36:15.0;
35;6201.5;2019-04-11 14:36:21.0;
35;6200.5;2019-04-11 14:36:58.0;
35;6201.5;2019-04-11 14:37:00.0;
35;6200.5;2019-04-11 14:37:01.0;
35;6201.5;2019-04-11 14:37:47.0;
35;6200.5;2019-04-11 14:37:48.0;
35;6201.5;2019-04-11 14:37:50.0;
35;6200.5;2019-04-11 14:40:50.0;
35;6200;2019-04-11 14:41:12.0;
35;6200.5;2019-04-11 14:41:27.0;
35;6199.5;2019-04-11 14:41:48.0;
35;6200.5;2019-04-11 14:42:03.0;
35;6200;2019-04-11 14:42:35.0;
35;6199.5;2019-04-11 14:42:40.0;
35;6199;2019-04-11 14:42:45.0;
35;6199.5;2019-04-11 14:42:52.0;
35;6200;2019-04-11 14:43:08.0;
35;6199.5;2019-04-11 14:43:09.0;
35;6200;2019-04-11 14:43:11.0;
35;6200.5;2019-04-11 14:43:13.0;
35;6200;2019-04-11 14:43:19.0;
35;6200.5;2019-04-11 14:43:23.0;
35;6200;2019-04-11 14:43:27.0;
35;6200.5;2019-04-11 14:43:39.0;
35;6200;2019-04-11 14:43:40.0;
35;6200.5;2019-04-11 14:43:42.0;
35;6201.5;2019-04-11 14:46:05.0;
35;6202.5;2019-04-11 14:46:24.0;
35;6201.5;2019-04-11 14:46:27.0;
35;6200.5;2019-04-11 14:46:41.0;
35;6201;2019-04-11 14:46:53.0;
35;6201.5;2019-04-11 14:47:06.0;
35;6202;2019-04-11 14:47:28.0;
35;6201.5;2019-04-11 14:47:31.0;
35;6202.5;2019-04-11 14:48:34.0;
35;6201.5;2019-04-11 14:48:59.0;
35;6202.5;2019-04-11 14:49:01.0;
35;6201.5;2019-04-11 14:49:02.0;
35;6202;2019-04-11 14:49:05.0;
35;6202.5;2019-04-11 14:49:15.0;
35;6203;2019-04-11 14:50:07.0;
35;6203.5;2019-04-11 14:50:12.0;
35;6204.5;2019-04-11 14:50:29.0;
35;6204;2019-04-11 14:50:30.0;
35;6203.5;2019-04-11 14:50:43.0;
35;6204.5;2019-04-11 14:50:59.0;
35;6203.5;2019-04-11 14:51:08.0;
35;6204.5;2019-04-11 14:51:09.0;
35;6203.5;2019-04-11 14:51:10.0;
35;6204;2019-04-11 14:51:12.0;
35;6204.5;2019-04-11 14:51:16.0;
35;6204;2019-04-11 14:51:22.0;
35;6204.5;2019-04-11 14:51:41.0;
35;6203.5;2019-04-11 14:51:42.0;
35;6204.5;2019-04-11 14:52:04.0;
35;6204;2019-04-11 14:52:33.0;
35;6203.5;2019-04-11 14:52:39.0;
35;6203;2019-04-11 14:53:18.0;
35;6203.5;2019-04-11 14:53:32.0;
35;6203;2019-04-11 14:53:34.0;
35;6203.5;2019-04-11 14:53:35.0;
35;6202.5;2019-04-11 15:00:09.0;
35;6203;2019-04-11 15:00:11.0;
35;6203.5;2019-04-11 15:00:16.0;
35;6203;2019-04-11 15:00:19.0;
35;6203.5;2019-04-11 15:00:32.0;
35;6203;2019-04-11 15:00:47.0;
35;6202.5;2019-04-11 15:00:54.0;
35;6203.5;2019-04-11 15:01:32.0;
35;6202.5;2019-04-11 15:01:34.0;
35;6203;2019-04-11 15:01:36.0;
35;6203.5;2019-04-11 15:02:02.0;
35;6204;2019-04-11 15:03:17.0;
35;6204.5;2019-04-11 15:03:34.0;
35;6204;2019-04-11 15:03:35.0;
35;6203.5;2019-04-11 15:03:38.0;
35;6204;2019-04-11 15:03:44.0;
35;6204.5;2019-04-11 15:04:05.0;
35;6203.5;2019-04-11 15:04:07.0;
35;6204.5;2019-04-11 15:04:08.0;
35;6203.5;2019-04-11 15:04:10.0;
35;6204;2019-04-11 15:04:11.0;
35;6203.5;2019-04-11 15:04:17.0;
35;6204;2019-04-11 15:05:42.0;
35;6204.5;2019-04-11 15:06:04.0;
35;6205.5;2019-04-11 15:10:44.0;
35;6204.5;2019-04-11 15:10:54.0;
35;6205.5;2019-04-11 15:11:01.0;
35;6205;2019-04-11 15:11:20.0;
35;6204.5;2019-04-11 15:11:31.0;
35;6205;2019-04-11 15:11:53.0;
35;6205.5;2019-04-11 15:12:10.0;
35;6205;2019-04-11 15:12:14.0;
35;6205.5;2019-04-11 15:12:21.0;
35;6204.5;2019-04-11 15:13:08.0;
35;6205.5;2019-04-11 15:13:27.0;
35;6204.5;2019-04-11 15:13:29.0;
35;6205;2019-04-11 15:13:31.0;
35;6204.5;2019-04-11 15:13:35.0;
35;6205.5;2019-04-11 15:13:43.0;
35;6204.5;2019-04-11 15:13:46.0;
35;6205.5;2019-04-11 15:13:47.0;
35;6204.5;2019-04-11 15:13:49.0;
35;6204;2019-04-11 15:14:03.0;
35;6203.5;2019-04-11 15:14:31.0;
35;6204.5;2019-04-11 15:14:55.0;
35;6203.5;2019-04-11 15:15:02.0;
35;6203;2019-04-11 15:15:09.0;
35;6203.5;2019-04-11 15:15:13.0;
35;6203;2019-04-11 15:15:28.0;
35;6203.5;2019-04-11 15:15:35.0;
35;6204;2019-04-11 15:18:23.0;
35;6203.5;2019-04-11 15:18:24.0;
35;6204;2019-04-11 15:18:25.0;
35;6203.5;2019-04-11 15:18:33.0;
35;6204.5;2019-04-11 15:20:05.0;
35;6205;2019-04-11 15:21:44.0;
35;6204.5;2019-04-11 15:21:45.0;
35;6205;2019-04-11 15:21:48.0;
35;6204.5;2019-04-11 15:22:03.0;
35;6203.5;2019-04-11 15:22:15.0;
35;6204;2019-04-11 15:23:00.0;
35;6203.5;2019-04-11 15:23:02.0;
35;6204;2019-04-11 15:23:03.0;
35;6203.5;2019-04-11 15:23:31.0;
35;6204;2019-04-11 15:24:02.0;
35;6203.5;2019-04-11 15:24:52.0;
35;6204;2019-04-11 15:24:53.0;
35;6203.5;2019-04-11 15:24:55.0;
35;6203;2019-04-11 15:25:04.0;
35;6203.5;2019-04-11 15:25:08.0;
35;6204;2019-04-11 15:25:23.0;
35;6203.5;2019-04-11 15:25:41.0;
35;6204;2019-04-11 15:25:48.0;
35;6204.5;2019-04-11 15:26:07.0;
35;6204;2019-04-11 15:27:35.0;
35;6203.5;2019-04-11 15:28:05.0;
35;6204;2019-04-11 15:28:40.0;
35;6203.5;2019-04-11 15:28:43.0;
35;6204;2019-04-11 15:28:44.0;
35;6203.5;2019-04-11 15:28:45.0;
35;6202.5;2019-04-11 15:29:01.0;
35;6203.5;2019-04-11 15:29:12.0;
35;6203;2019-04-11 15:29:25.0;
35;6203.5;2019-04-11 15:29:29.0;
35;6202.5;2019-04-11 15:29:42.0;
35;6203.5;2019-04-11 15:29:44.0;
35;6202.5;2019-04-11 15:29:45.0;
35;6203;2019-04-11 15:30:10.0;
35;6203.5;2019-04-11 15:30:17.0;
35;6202.5;2019-04-11 15:30:19.0;
35;6201.5;2019-04-11 15:30:26.0;
35;6201;2019-04-11 15:30:32.0;
35;6201.5;2019-04-11 15:30:35.0;
35;6201;2019-04-11 15:30:36.0;
35;6201.5;2019-04-11 15:30:38.0;
35;6200.5;2019-04-11 15:30:39.0;
35;6201.5;2019-04-11 15:30:42.0;
35;6200.5;2019-04-11 15:31:00.0;
35;6201;2019-04-11 15:31:25.0;
35;6200.5;2019-04-11 15:31:27.0;
35;6201;2019-04-11 15:31:29.0;
35;6200.5;2019-04-11 15:31:30.0;
35;6201;2019-04-11 15:31:31.0;
35;6200.5;2019-04-11 15:31:33.0;
35;6200;2019-04-11 15:31:42.0;
35;6199.5;2019-04-11 15:31:47.0;
35;6200;2019-04-11 15:32:11.0;
35;6199.5;2019-04-11 15:32:15.0;
35;6200;2019-04-11 15:32:19.0;
35;6200.5;2019-04-11 15:32:27.0;
35;6200;2019-04-11 15:32:30.0;
35;6200.5;2019-04-11 15:32:32.0;
35;6200;2019-04-11 15:32:33.0;
35;6199.5;2019-04-11 15:32:40.0;
35;6200.5;2019-04-11 15:32:42.0;
35;6199.5;2019-04-11 15:32:53.0;
35;6200.5;2019-04-11 15:32:58.0;
35;6199.5;2019-04-11 15:33:02.0;
35;6200;2019-04-11 15:33:31.0;
35;6200.5;2019-04-11 15:33:36.0;
35;6200;2019-04-11 15:33:41.0;
35;6200.5;2019-04-11 15:33:43.0;
35;6200;2019-04-11 15:33:45.0;
35;6200.5;2019-04-11 15:34:03.0;
35;6199.5;2019-04-11 15:34:20.0;
35;6200.5;2019-04-11 15:34:22.0;
35;6199.5;2019-04-11 15:34:23.0;
35;6199;2019-04-11 15:34:27.0;
35;6199.5;2019-04-11 15:34:29.0;
35;6199;2019-04-11 15:34:31.0;
35;6199.5;2019-04-11 15:34:33.0;
35;6199;2019-04-11 15:34:37.0;
35;6198.5;2019-04-11 15:34:47.0;
35;6199.5;2019-04-11 15:34:56.0;
35;6200.5;2019-04-11 15:35:09.0;
35;6199.5;2019-04-11 15:35:15.0;
35;6199;2019-04-11 15:35:20.0;
35;6199.5;2019-04-11 15:35:22.0;
35;6199;2019-04-11 15:35:33.0;
35;6198.5;2019-04-11 15:35:39.0;
35;6198;2019-04-11 15:35:41.0;
35;6197.5;2019-04-11 15:36:05.0;
35;6196.5;2019-04-11 15:36:08.0;
35;6197.5;2019-04-11 15:36:24.0;
35;6197;2019-04-11 15:36:35.0;
35;6197.5;2019-04-11 15:36:37.0;
35;6196.5;2019-04-11 15:36:44.0;
35;6197;2019-04-11 15:36:55.0;
35;6196.5;2019-04-11 15:37:00.0;
35;6197;2019-04-11 15:37:02.0;
35;6197.5;2019-04-11 15:37:23.0;
35;6196.5;2019-04-11 15:37:31.0;
35;6197.5;2019-04-11 15:37:40.0;
35;6196.5;2019-04-11 15:37:45.0;
35;6197;2019-04-11 15:37:48.0;
35;6197.5;2019-04-11 15:38:18.0;
35;6197;2019-04-11 15:38:25.0;
35;6196.5;2019-04-11 15:38:54.0;
35;6197;2019-04-11 15:38:56.0;
35;6196.5;2019-04-11 15:38:57.0;
35;6197;2019-04-11 15:38:58.0;
35;6196.5;2019-04-11 15:39:10.0;
35;6197;2019-04-11 15:39:37.0;
35;6197.5;2019-04-11 15:39:40.0;
35;6196.5;2019-04-11 15:39:46.0;
35;6197;2019-04-11 15:40:45.0;
35;6196.5;2019-04-11 15:40:49.0;
35;6197;2019-04-11 15:40:51.0;
35;6196.5;2019-04-11 15:40:53.0;
35;6197;2019-04-11 15:41:18.0;
35;6197.5;2019-04-11 15:41:24.0;
35;6198;2019-04-11 15:42:23.0;
35;6198.5;2019-04-11 15:42:27.0;
35;6199.5;2019-04-11 15:42:52.0;
35;6198.5;2019-04-11 15:42:53.0;
35;6199.5;2019-04-11 15:42:55.0;
35;6200;2019-04-11 15:43:12.0;
35;6199.5;2019-04-11 15:43:13.0;
35;6200;2019-04-11 15:43:15.0;
35;6200.5;2019-04-11 15:43:17.0;
35;6201;2019-04-11 15:44:07.0;
35;6200.5;2019-04-11 15:44:17.0;
35;6201;2019-04-11 15:44:29.0;
35;6200.5;2019-04-11 15:44:31.0;
35;6200;2019-04-11 15:45:26.0;
35;6199.5;2019-04-11 15:45:28.0;
35;6200;2019-04-11 15:45:31.0;
35;6200.5;2019-04-11 15:45:36.0;
35;6200;2019-04-11 15:45:39.0;
35;6199.5;2019-04-11 15:45:48.0;
35;6200.5;2019-04-11 15:46:08.0;
35;6199.5;2019-04-11 15:46:16.0;
35;6200.5;2019-04-11 15:46:19.0;
35;6200;2019-04-11 15:46:40.0;
35;6200.5;2019-04-11 15:46:52.0;
35;6201.5;2019-04-11 15:47:00.0;
35;6201;2019-04-11 15:47:03.0;
35;6201.5;2019-04-11 15:47:29.0;
35;6201;2019-04-11 15:47:43.0;
35;6201.5;2019-04-11 15:47:48.0;
35;6202;2019-04-11 15:48:09.0;
35;6202.5;2019-04-11 15:48:13.0;
35;6201.5;2019-04-11 15:48:19.0;
35;6202;2019-04-11 15:48:24.0;
35;6202.5;2019-04-11 15:48:29.0;
35;6202;2019-04-11 15:48:40.0;
35;6202.5;2019-04-11 15:48:41.0;
35;6202;2019-04-11 15:48:43.0;
35;6201.5;2019-04-11 15:48:53.0;
35;6202.5;2019-04-11 15:49:06.0;
35;6202;2019-04-11 15:49:23.0;
35;6202.5;2019-04-11 15:49:27.0;
35;6202;2019-04-11 15:49:48.0;
35;6202.5;2019-04-11 15:49:50.0;
35;6202;2019-04-11 15:49:51.0;
35;6201.5;2019-04-11 15:50:07.0;
35;6202.5;2019-04-11 15:50:12.0;
35;6201.5;2019-04-11 15:50:15.0;
35;6202.5;2019-04-11 15:50:17.0;
35;6203.5;2019-04-11 15:50:42.0;
35;6203;2019-04-11 15:50:45.0;
35;6202.5;2019-04-11 15:50:59.0;
35;6203;2019-04-11 15:51:02.0;
35;6202.5;2019-04-11 15:51:04.0;
35;6202;2019-04-11 15:51:16.0;
35;6201.5;2019-04-11 15:51:21.0;
35;6200.5;2019-04-11 15:51:48.0;
35;6199.5;2019-04-11 15:52:15.0;
35;6200.5;2019-04-11 15:52:22.0;
35;6200;2019-04-11 15:52:23.0;
35;6200.5;2019-04-11 15:52:25.0;
35;6200;2019-04-11 15:52:34.0;
35;6199.5;2019-04-11 15:52:39.0;
35;6198.5;2019-04-11 15:53:00.0;
35;6198;2019-04-11 15:53:05.0;
35;6198.5;2019-04-11 15:53:13.0;
35;6198;2019-04-11 15:53:20.0;
35;6198.5;2019-04-11 15:53:21.0;
35;6197.5;2019-04-11 15:53:29.0;
35;6198.5;2019-04-11 15:53:33.0;
35;6198;2019-04-11 15:53:39.0;
35;6198.5;2019-04-11 15:53:42.0;
35;6198;2019-04-11 15:53:44.0;
35;6198.5;2019-04-11 15:53:49.0;
35;6197.5;2019-04-11 15:54:23.0;
35;6198;2019-04-11 15:54:27.0;
35;6197.5;2019-04-11 15:54:30.0;
35;6197;2019-04-11 15:54:59.0;
35;6196.5;2019-04-11 15:55:06.0;
35;6197;2019-04-11 15:55:08.0;
35;6196.5;2019-04-11 15:55:09.0;
35;6197;2019-04-11 15:55:11.0;
35;6196.5;2019-04-11 15:55:17.0;
35;6197;2019-04-11 15:55:27.0;
35;6196.5;2019-04-11 15:55:32.0;
35;6197;2019-04-11 15:55:40.0;
35;6196.5;2019-04-11 15:55:42.0;
35;6197;2019-04-11 15:55:44.0;
35;6196.5;2019-04-11 15:55:51.0;
35;6197;2019-04-11 15:56:03.0;
35;6197.5;2019-04-11 15:56:16.0;
35;6197;2019-04-11 15:56:19.0;
35;6197.5;2019-04-11 15:56:20.0;
35;6197;2019-04-11 15:56:23.0;
35;6197.5;2019-04-11 15:56:24.0;
35;6198;2019-04-11 15:57:01.0;
35;6198.5;2019-04-11 15:57:02.0;
35;6199;2019-04-11 15:57:10.0;
35;6198.5;2019-04-11 15:57:15.0;
35;6199;2019-04-11 15:57:25.0;
35;6198.5;2019-04-11 15:57:28.0;
35;6199;2019-04-11 15:57:42.0;
35;6200;2019-04-11 15:58:06.0;
35;6199.5;2019-04-11 15:58:11.0;
35;6200;2019-04-11 15:58:22.0;
35;6200.5;2019-04-11 15:58:28.0;
35;6200;2019-04-11 15:58:31.0;
35;6199.5;2019-04-11 15:58:57.0;
35;6200;2019-04-11 15:59:08.0;
35;6199.5;2019-04-11 15:59:13.0;
35;6199;2019-04-11 15:59:20.0;
35;6198.5;2019-04-11 15:59:33.0;
35;6198;2019-04-11 15:59:37.0;
35;6197.5;2019-04-11 15:59:39.0;
35;6198;2019-04-11 15:59:43.0;
35;6197.5;2019-04-11 15:59:45.0;
35;6198;2019-04-11 15:59:46.0;
35;6197.5;2019-04-11 15:59:52.0;
35;6198.5;2019-04-11 16:00:04.0;
35;6199.5;2019-04-11 16:00:09.0;
35;6198.5;2019-04-11 16:00:17.0;
35;6199.5;2019-04-11 16:00:29.0;
35;6199;2019-04-11 16:00:50.0;
35;6199.5;2019-04-11 16:00:52.0;
35;6199;2019-04-11 16:00:59.0;
35;6198.5;2019-04-11 16:01:05.0;
35;6198;2019-04-11 16:01:29.0;
35;6198.5;2019-04-11 16:01:33.0;
35;6198;2019-04-11 16:01:37.0;
35;6198.5;2019-04-11 16:01:50.0;
35;6197.5;2019-04-11 16:02:05.0;
35;6198.5;2019-04-11 16:02:24.0;
35;6197.5;2019-04-11 16:02:25.0;
35;6198.5;2019-04-11 16:02:27.0;
35;6198;2019-04-11 16:02:29.0;
35;6198.5;2019-04-11 16:02:34.0;
35;6198;2019-04-11 16:02:36.0;
35;6198.5;2019-04-11 16:02:39.0;
35;6199;2019-04-11 16:02:47.0;
35;6199.5;2019-04-11 16:03:03.0;
35;6199;2019-04-11 16:03:04.0;
35;6199.5;2019-04-11 16:03:06.0;
35;6200.5;2019-04-11 16:04:35.0;
35;6199.5;2019-04-11 16:04:41.0;
35;6200;2019-04-11 16:04:59.0;
35;6200.5;2019-04-11 16:05:04.0;
35;6200;2019-04-11 16:05:32.0;
35;6200.5;2019-04-11 16:05:35.0;
35;6200;2019-04-11 16:06:07.0;
35;6200.5;2019-04-11 16:06:24.0;
35;6200;2019-04-11 16:06:41.0;
35;6200.5;2019-04-11 16:06:43.0;
35;6200;2019-04-11 16:06:44.0;
35;6200.5;2019-04-11 16:06:46.0;
35;6200;2019-04-11 16:06:47.0;
35;6200.5;2019-04-11 16:06:53.0;
35;6201.5;2019-04-11 16:07:29.0;
35;6201;2019-04-11 16:07:31.0;
35;6201.5;2019-04-11 16:07:36.0;
35;6200.5;2019-04-11 16:07:44.0;
35;6201;2019-04-11 16:08:05.0;
35;6201.5;2019-04-11 16:08:08.0;
35;6201;2019-04-11 16:08:09.0;
35;6201.5;2019-04-11 16:08:11.0;
35;6200.5;2019-04-11 16:08:20.0;
35;6201;2019-04-11 16:08:23.0;
35;6201.5;2019-04-11 16:08:31.0;
35;6201;2019-04-11 16:08:33.0;
35;6201.5;2019-04-11 16:08:34.0;
35;6202.5;2019-04-11 16:10:21.0;
35;6203.5;2019-04-11 16:10:30.0;
35;6202.5;2019-04-11 16:10:35.0;
35;6203.5;2019-04-11 16:10:36.0;
35;6202.5;2019-04-11 16:10:38.0;
35;6203.5;2019-04-11 16:10:50.0;
35;6203;2019-04-11 16:10:52.0;
35;6203.5;2019-04-11 16:10:53.0;
35;6203;2019-04-11 16:10:56.0;
35;6202.5;2019-04-11 16:10:59.0;
35;6203;2019-04-11 16:11:00.0;
35;6202.5;2019-04-11 16:11:02.0;
35;6204.5;2019-04-11 16:11:12.0;
35;6203.5;2019-04-11 16:11:15.0;
35;6204;2019-04-11 16:11:31.0;
35;6203.5;2019-04-11 16:11:32.0;
35;6204;2019-04-11 16:11:34.0;
35;6204.5;2019-04-11 16:11:43.0;
35;6204;2019-04-11 16:11:45.0;
35;6204.5;2019-04-11 16:11:46.0;
35;6204;2019-04-11 16:11:48.0;
35;6204.5;2019-04-11 16:11:49.0;
35;6204;2019-04-11 16:11:52.0;
35;6203.5;2019-04-11 16:12:05.0;
35;6204;2019-04-11 16:12:07.0;
35;6203.5;2019-04-11 16:12:08.0;
35;6204;2019-04-11 16:12:09.0;
35;6203.5;2019-04-11 16:12:16.0;
35;6204;2019-04-11 16:12:18.0;
35;6203.5;2019-04-11 16:12:19.0;
35;6202.5;2019-04-11 16:12:48.0;
35;6203.5;2019-04-11 16:12:59.0;
35;6204.5;2019-04-11 16:13:17.0;
35;6203.5;2019-04-11 16:13:18.0;
35;6204.5;2019-04-11 16:13:19.0;
35;6205;2019-04-11 16:13:39.0;
35;6205.5;2019-04-11 16:13:45.0;
35;6205;2019-04-11 16:13:47.0;
35;6204.5;2019-04-11 16:13:48.0;
35;6205;2019-04-11 16:14:35.0;
35;6205.5;2019-04-11 16:14:40.0;
35;6206;2019-04-11 16:15:03.0;
35;6205.5;2019-04-11 16:15:04.0;
35;6206;2019-04-11 16:15:08.0;
35;6206.5;2019-04-11 16:15:11.0;
35;6206;2019-04-11 16:15:12.0;
35;6206.5;2019-04-11 16:15:13.0;
35;6206;2019-04-11 16:15:22.0;
35;6205.5;2019-04-11 16:15:27.0;
35;6206;2019-04-11 16:15:30.0;
35;6206.5;2019-04-11 16:15:34.0;
35;6205.5;2019-04-11 16:15:40.0;
35;6206;2019-04-11 16:16:06.0;
35;6206.5;2019-04-11 16:16:14.0;
35;6206;2019-04-11 16:16:20.0;
35;6205.5;2019-04-11 16:16:25.0;
35;6206.5;2019-04-11 16:16:40.0;
35;6205.5;2019-04-11 16:16:51.0;
35;6206;2019-04-11 16:16:58.0;
35;6206.5;2019-04-11 16:17:27.0;
35;6207;2019-04-11 16:18:06.0;
35;6207.5;2019-04-11 16:18:09.0;
35;6207;2019-04-11 16:18:13.0;
35;6207.5;2019-04-11 16:18:16.0;
35;6206.5;2019-04-11 16:19:04.0;
35;6207.5;2019-04-11 16:19:05.0;
35;6206.5;2019-04-11 16:19:07.0;
35;6207;2019-04-11 16:19:08.0;
35;6207.5;2019-04-11 16:19:11.0;
35;6207;2019-04-11 16:19:12.0;
35;6207.5;2019-04-11 16:19:15.0;
35;6207;2019-04-11 16:19:24.0;
35;6206.5;2019-04-11 16:19:29.0;
35;6207;2019-04-11 16:19:30.0;
35;6207.5;2019-04-11 16:19:32.0;
35;6206.5;2019-04-11 16:19:33.0;
35;6207.5;2019-04-11 16:19:34.0;
35;6207;2019-04-11 16:19:37.0;
35;6206.5;2019-04-11 16:19:44.0;
35;6207;2019-04-11 16:19:49.0;
35;6207.5;2019-04-11 16:20:08.0;
35;6207;2019-04-11 16:20:16.0;
35;6207.5;2019-04-11 16:20:17.0;
35;6207;2019-04-11 16:20:19.0;
35;6207.5;2019-04-11 16:20:25.0;
35;6207;2019-04-11 16:20:27.0;
35;6206.5;2019-04-11 16:20:30.0;
35;6207.5;2019-04-11 16:21:10.0;
35;6207;2019-04-11 16:21:31.0;
35;6207.5;2019-04-11 16:21:34.0;
35;6207;2019-04-11 16:21:39.0;
35;6207.5;2019-04-11 16:21:41.0;
35;6207;2019-04-11 16:21:43.0;
35;6207.5;2019-04-11 16:21:46.0;
35;6206.5;2019-04-11 16:22:11.0;
35;6207.5;2019-04-11 16:22:13.0;
35;6206.5;2019-04-11 16:22:14.0;
35;6207;2019-04-11 16:22:17.0;
35;6207.5;2019-04-11 16:22:19.0;
35;6207;2019-04-11 16:22:31.0;
35;6207.5;2019-04-11 16:22:33.0;
35;6207;2019-04-11 16:22:34.0;
35;6206.5;2019-04-11 16:22:40.0;
35;6207;2019-04-11 16:22:43.0;
35;6206.5;2019-04-11 16:22:54.0;
35;6207.5;2019-04-11 16:23:01.0;
35;6207;2019-04-11 16:23:15.0;
35;6206.5;2019-04-11 16:23:22.0;
35;6207;2019-04-11 16:23:29.0;
35;6207.5;2019-04-11 16:23:32.0;
35;6207;2019-04-11 16:23:37.0;
35;6206.5;2019-04-11 16:24:07.0;
35;6207;2019-04-11 16:24:39.0;
35;6206.5;2019-04-11 16:24:41.0;
35;6207;2019-04-11 16:24:42.0;
35;6206.5;2019-04-11 16:24:45.0;
35;6207;2019-04-11 16:24:47.0;
35;6207.5;2019-04-11 16:24:57.0;
35;6207;2019-04-11 16:25:04.0;
35;6207.5;2019-04-11 16:25:10.0;
35;6207;2019-04-11 16:25:16.0;
35;6206.5;2019-04-11 16:25:27.0;
35;6207;2019-04-11 16:25:28.0;
35;6206.5;2019-04-11 16:25:30.0;
35;6206;2019-04-11 16:26:13.0;
35;6205.5;2019-04-11 16:26:26.0;
35;6206.5;2019-04-11 16:26:54.0;
35;6206;2019-04-11 16:26:56.0;
35;6205.5;2019-04-11 16:27:04.0;
35;6206.5;2019-04-11 16:27:06.0;
35;6205.5;2019-04-11 16:27:08.0;
35;6206.5;2019-04-11 16:27:09.0;
35;6205.5;2019-04-11 16:27:11.0;
35;6206.5;2019-04-11 16:27:22.0;
35;6205.5;2019-04-11 16:27:23.0;
35;6206.5;2019-04-11 16:27:28.0;
35;6205.5;2019-04-11 16:28:43.0;
35;6206;2019-04-11 16:28:57.0;
35;6206.5;2019-04-11 16:29:08.0;
35;6205.5;2019-04-11 16:29:11.0;
35;6206.5;2019-04-11 16:29:22.0;
35;6205.5;2019-04-11 16:29:24.0;
35;6206.5;2019-04-11 16:29:26.0;
35;6206;2019-04-11 16:29:40.0;
35;6206.5;2019-04-11 16:29:42.0;
35;6206;2019-04-11 16:29:43.0;
35;6206.5;2019-04-11 16:29:48.0;
35;6206;2019-04-11 16:30:10.0;
35;6205.5;2019-04-11 16:30:16.0;
35;6205;2019-04-11 16:31:09.0;
35;6205.5;2019-04-11 16:31:10.0;
35;6204.5;2019-04-11 16:31:11.0;
35;6203.5;2019-04-11 16:31:19.0;
35;6204.5;2019-04-11 16:31:47.0;
35;6205.5;2019-04-11 16:32:07.0;
35;6205;2019-04-11 16:32:22.0;
35;6205.5;2019-04-11 16:32:23.0;
35;6205;2019-04-11 16:32:25.0;
35;6205.5;2019-04-11 16:32:26.0;
35;6205;2019-04-11 16:32:52.0;
35;6205.5;2019-04-11 16:32:56.0;
35;6205;2019-04-11 16:33:07.0;
35;6204.5;2019-04-11 16:33:13.0;
35;6205;2019-04-11 16:33:17.0;
35;6204.5;2019-04-11 16:33:19.0;
35;6205;2019-04-11 16:33:20.0;
35;6205.5;2019-04-11 16:33:28.0;
35;6205;2019-04-11 16:33:32.0;
35;6204.5;2019-04-11 16:33:49.0;
35;6205;2019-04-11 16:34:04.0;
35;6205.5;2019-04-11 16:34:13.0;
35;6204.5;2019-04-11 16:34:23.0;
35;6205;2019-04-11 16:34:37.0;
35;6204.5;2019-04-11 16:34:44.0;
35;6205;2019-04-11 16:34:51.0;
35;6205.5;2019-04-11 16:35:07.0;
35;6206;2019-04-11 16:35:27.0;
35;6205.5;2019-04-11 16:35:36.0;
35;6206;2019-04-11 16:35:40.0;
35;6205.5;2019-04-11 16:36:04.0;
35;6206;2019-04-11 16:37:03.0;
35;6205.5;2019-04-11 16:37:05.0;
35;6206;2019-04-11 16:37:07.0;
35;6206.5;2019-04-11 16:37:17.0;
35;6205.5;2019-04-11 16:37:21.0;
35;6206;2019-04-11 16:37:28.0;
35;6206.5;2019-04-11 16:37:31.0;
35;6207.5;2019-04-11 16:38:09.0;
35;6207;2019-04-11 16:38:12.0;
35;6207.5;2019-04-11 16:38:16.0;
35;6207;2019-04-11 16:38:22.0;
35;6206.5;2019-04-11 16:38:24.0;
35;6207;2019-04-11 16:38:27.0;
35;6206.5;2019-04-11 16:38:28.0;
35;6207.5;2019-04-11 16:38:38.0;
35;6206.5;2019-04-11 16:38:40.0;
35;6207;2019-04-11 16:39:06.0;
35;6206.5;2019-04-11 16:39:13.0;
35;6207;2019-04-11 16:39:15.0;
35;6206.5;2019-04-11 16:39:23.0;
35;6207;2019-04-11 16:40:12.0;
35;6206.5;2019-04-11 16:40:15.0;
35;6207;2019-04-11 16:40:16.0;
35;6206.5;2019-04-11 16:40:17.0;
35;6207;2019-04-11 16:40:39.0;
35;6207.5;2019-04-11 16:40:50.0;
35;6207;2019-04-11 16:41:20.0;
35;6207.5;2019-04-11 16:41:22.0;
35;6207;2019-04-11 16:41:23.0;
35;6207.5;2019-04-11 16:41:27.0;
35;6208.5;2019-04-11 16:42:30.0;
35;6210.5;2019-04-11 16:43:07.0;
35;6209.5;2019-04-11 16:43:11.0;
35;6208.5;2019-04-11 16:43:32.0;
35;6209;2019-04-11 16:43:36.0;
35;6208.5;2019-04-11 16:43:37.0;
35;6209;2019-04-11 16:43:38.0;
35;6208.5;2019-04-11 16:43:50.0;
35;6207.5;2019-04-11 16:45:07.0;
35;6208;2019-04-11 16:45:14.0;
35;6208.5;2019-04-11 16:45:28.0;
35;6208;2019-04-11 16:46:13.0;
35;6208.5;2019-04-11 16:46:16.0;
35;6208;2019-04-11 16:46:18.0;
35;6208.5;2019-04-11 16:46:19.0;
35;6209;2019-04-11 16:46:35.0;
35;6208.5;2019-04-11 16:46:36.0;
35;6209;2019-04-11 16:46:41.0;
35;6208.5;2019-04-11 16:46:47.0;
35;6209;2019-04-11 16:46:51.0;
35;6208.5;2019-04-11 16:46:59.0;
35;6208;2019-04-11 16:47:07.0;
35;6207.5;2019-04-11 16:47:13.0;
35;6208;2019-04-11 16:47:38.0;
35;6207.5;2019-04-11 16:47:43.0;
35;6208;2019-04-11 16:47:44.0;
35;6207.5;2019-04-11 16:47:46.0;
35;6207;2019-04-11 16:48:02.0;
35;6207.5;2019-04-11 16:48:06.0;
35;6207;2019-04-11 16:48:07.0;
35;6207.5;2019-04-11 16:48:09.0;
35;6207;2019-04-11 16:48:10.0;
35;6207.5;2019-04-11 16:48:14.0;
35;6207;2019-04-11 16:48:16.0;
35;6207.5;2019-04-11 16:48:17.0;
35;6207;2019-04-11 16:48:49.0;
35;6206.5;2019-04-11 16:48:53.0;
35;6207.5;2019-04-11 16:49:09.0;
35;6206.5;2019-04-11 16:49:24.0;
35;6207;2019-04-11 16:49:30.0;
35;6206.5;2019-04-11 16:49:32.0;
35;6207;2019-04-11 16:49:33.0;
35;6207.5;2019-04-11 16:50:04.0;
35;6208.5;2019-04-11 16:50:16.0;
35;6208;2019-04-11 16:50:23.0;
35;6208.5;2019-04-11 16:50:26.0;
35;6208;2019-04-11 16:50:32.0;
35;6207.5;2019-04-11 16:50:38.0;
35;6208;2019-04-11 16:50:44.0;
35;6207.5;2019-04-11 16:50:47.0;
35;6208;2019-04-11 16:50:52.0;
35;6208.5;2019-04-11 16:51:06.0;
35;6207.5;2019-04-11 16:51:08.0;
35;6208.5;2019-04-11 16:51:11.0;
35;6207.5;2019-04-11 16:51:13.0;
35;6208;2019-04-11 16:51:26.0;
35;6207.5;2019-04-11 16:51:37.0;
35;6208.5;2019-04-11 16:51:40.0;
35;6207.5;2019-04-11 16:51:41.0;
35;6208.5;2019-04-11 16:51:43.0;
35;6207.5;2019-04-11 16:53:46.0;
35;6208.5;2019-04-11 16:53:48.0;
35;6207.5;2019-04-11 16:53:50.0;
35;6208;2019-04-11 16:54:03.0;
35;6208.5;2019-04-11 16:54:09.0;
35;6208;2019-04-11 16:54:41.0;
35;6207.5;2019-04-11 16:54:43.0;
35;6208;2019-04-11 16:54:45.0;
35;6207.5;2019-04-11 16:54:46.0;
35;6208.5;2019-04-11 16:56:14.0;
35;6207.5;2019-04-11 16:56:39.0;
35;6208;2019-04-11 16:57:21.0;
35;6208.5;2019-04-11 16:57:26.0;
35;6208;2019-04-11 16:58:12.0;
35;6208.5;2019-04-11 16:58:13.0;
35;6208;2019-04-11 16:58:16.0;
35;6208.5;2019-04-11 16:58:19.0;
35;6208;2019-04-11 16:58:22.0;
35;6208.5;2019-04-11 16:58:30.0;
35;6207.5;2019-04-11 16:58:43.0;
35;6208.5;2019-04-11 16:58:49.0;
35;6208;2019-04-11 16:58:58.0;
35;6208.5;2019-04-11 16:59:06.0;
35;6207.5;2019-04-11 16:59:20.0;
35;6208;2019-04-11 16:59:22.0;
35;6208.5;2019-04-11 16:59:31.0;
35;6208;2019-04-11 16:59:32.0;
35;6208.5;2019-04-11 16:59:34.0;
35;6209;2019-04-11 17:00:27.0;
35;6209.5;2019-04-11 17:00:41.0;
35;6209;2019-04-11 17:00:42.0;
35;6208.5;2019-04-11 17:00:48.0;
35;6209.5;2019-04-11 17:00:55.0;
35;6210;2019-04-11 17:01:11.0;
35;6209.5;2019-04-11 17:01:15.0;
35;6210;2019-04-11 17:01:20.0;
35;6210.5;2019-04-11 17:01:30.0;
35;6209.5;2019-04-11 17:01:48.0;
35;6209;2019-04-11 17:02:18.0;
35;6208.5;2019-04-11 17:02:19.0;
35;6209.5;2019-04-11 17:02:42.0;
35;6209;2019-04-11 17:03:28.0;
35;6208.5;2019-04-11 17:03:34.0;
35;6208;2019-04-11 17:03:35.0;
35;6208.5;2019-04-11 17:03:40.0;
35;6208;2019-04-11 17:03:41.0;
35;6209.5;2019-04-11 17:03:43.0;
35;6208.5;2019-04-11 17:03:44.0;
35;6209.5;2019-04-11 17:03:46.0;
35;6210.5;2019-04-11 17:04:06.0;
35;6209.5;2019-04-11 17:04:10.0;
35;6210.5;2019-04-11 17:04:15.0;
35;6209.5;2019-04-11 17:04:17.0;
35;6210;2019-04-11 17:04:18.0;
35;6210.5;2019-04-11 17:04:20.0;
35;6210;2019-04-11 17:04:21.0;
35;6209.5;2019-04-11 17:04:23.0;
35;6210.5;2019-04-11 17:04:26.0;
35;6209.5;2019-04-11 17:04:31.0;
35;6210.5;2019-04-11 17:04:44.0;
35;6211.5;2019-04-11 17:04:58.0;
35;6212.5;2019-04-11 17:05:03.0;
35;6211.5;2019-04-11 17:05:08.0;
35;6210.5;2019-04-11 17:05:28.0;
35;6211;2019-04-11 17:06:03.0;
35;6210.5;2019-04-11 17:06:05.0;
35;6211;2019-04-11 17:06:06.0;
35;6210.5;2019-04-11 17:06:08.0;
35;6211;2019-04-11 17:06:11.0;
35;6211.5;2019-04-11 17:06:21.0;
35;6211;2019-04-11 17:06:28.0;
35;6211.5;2019-04-11 17:06:48.0;
35;6211;2019-04-11 17:06:50.0;
35;6211.5;2019-04-11 17:06:52.0;
35;6211;2019-04-11 17:06:56.0;
35;6211.5;2019-04-11 17:06:57.0;
35;6211;2019-04-11 17:06:59.0;
35;6211.5;2019-04-11 17:07:16.0;
35;6211;2019-04-11 17:07:22.0;
35;6211.5;2019-04-11 17:07:28.0;
35;6212;2019-04-11 17:08:03.0;
35;6211.5;2019-04-11 17:08:04.0;
35;6212;2019-04-11 17:08:06.0;
35;6211.5;2019-04-11 17:08:12.0;
35;6212.5;2019-04-11 17:08:14.0;
35;6213;2019-04-11 17:09:13.0;
35;6212.5;2019-04-11 17:09:14.0;
35;6213;2019-04-11 17:09:22.0;
35;6212.5;2019-04-11 17:09:28.0;
35;6211.5;2019-04-11 17:10:40.0;
35;6211;2019-04-11 17:12:21.0;
35;6211.5;2019-04-11 17:12:22.0;
35;6212;2019-04-11 17:12:50.0;
35;6212.5;2019-04-11 17:12:52.0;
35;6212;2019-04-11 17:12:54.0;
35;6212.5;2019-04-11 17:12:56.0;
35;6211.5;2019-04-11 17:14:28.0;
35;6212;2019-04-11 17:14:50.0;
35;6213;2019-04-11 17:14:53.0;
35;6212.5;2019-04-11 17:15:08.0;
35;6213;2019-04-11 17:15:13.0;
35;6212.5;2019-04-11 17:15:16.0;
35;6213;2019-04-11 17:15:19.0;
35;6212.5;2019-04-11 17:15:20.0;
35;6213.5;2019-04-11 17:15:23.0;
35;6213;2019-04-11 17:15:36.0;
35;6213.5;2019-04-11 17:15:37.0;
35;6213;2019-04-11 17:15:39.0;
35;6212.5;2019-04-11 17:15:40.0;
35;6213;2019-04-11 17:15:46.0;
35;6213.5;2019-04-11 17:16:07.0;
35;6212.5;2019-04-11 17:16:19.0;
35;6213.5;2019-04-11 17:16:48.0;
35;6213;2019-04-11 17:16:57.0;
35;6213.5;2019-04-11 17:16:59.0;
35;6213;2019-04-11 17:17:00.0;
35;6212.5;2019-04-11 17:17:02.0;
35;6213;2019-04-11 17:17:04.0;
35;6212.5;2019-04-11 17:17:19.0;
35;6213;2019-04-11 17:17:27.0;
35;6212.5;2019-04-11 17:17:28.0;
35;6213;2019-04-11 17:17:30.0;
35;6212.5;2019-04-11 17:17:38.0;
35;6213;2019-04-11 17:17:44.0;
35;6212.5;2019-04-11 17:18:07.0;
35;6211.5;2019-04-11 17:18:48.0;
35;6212;2019-04-11 17:20:41.0;
35;6212.5;2019-04-11 17:20:46.0;
35;6213.5;2019-04-11 17:21:29.0;
35;6213;2019-04-11 17:22:05.0;
35;6213.5;2019-04-11 17:22:12.0;
35;6213;2019-04-11 17:22:14.0;
35;6213.5;2019-04-11 17:22:15.0;
35;6212.5;2019-04-11 17:22:35.0;
35;6213;2019-04-11 17:23:01.0;
35;6213.5;2019-04-11 17:23:04.0;
35;6213;2019-04-11 17:23:19.0;
35;6213.5;2019-04-11 17:23:31.0;
35;6213;2019-04-11 17:23:32.0;
35;6213.5;2019-04-11 17:23:34.0;
35;6213;2019-04-11 17:23:42.0;
35;6212.5;2019-04-11 17:23:49.0;
35;6212;2019-04-11 17:24:09.0;
35;6212.5;2019-04-11 17:24:12.0;
35;6212;2019-04-11 17:24:13.0;
35;6212.5;2019-04-11 17:24:15.0;
35;6212;2019-04-11 17:24:26.0;
35;6211.5;2019-04-11 17:24:32.0;
35;6210.5;2019-04-11 17:25:16.0;
35;6211;2019-04-11 17:25:28.0;
35;6210.5;2019-04-11 17:25:34.0;
35;6211;2019-04-11 17:25:37.0;
35;6211.5;2019-04-11 17:25:47.0;
35;6211;2019-04-11 17:25:48.0;
35;6211.5;2019-04-11 17:25:49.0;
35;6211;2019-04-11 17:26:10.0;
35;6211.5;2019-04-11 17:26:16.0;
35;6211;2019-04-11 17:26:17.0;
35;6211.5;2019-04-11 17:26:19.0;
35;6211;2019-04-11 17:26:26.0;
35;6211.5;2019-04-11 17:26:33.0;
35;6211;2019-04-11 17:28:27.0;
35;6210.5;2019-04-11 17:28:31.0;
35;6211;2019-04-11 17:28:34.0;
35;6210.5;2019-04-11 17:28:40.0;
35;6211;2019-04-11 17:28:42.0;
35;6211.5;2019-04-11 17:28:52.0;
35;6212;2019-04-11 17:29:13.0;
35;6212.5;2019-04-11 17:29:27.0;
35;6212;2019-04-11 17:29:28.0;
35;6212.5;2019-04-11 17:29:29.0;
35;6212;2019-04-11 17:29:33.0;
35;6212.5;2019-04-11 17:29:37.0;
35;6212;2019-04-11 17:29:38.0;
35;6212.5;2019-04-11 17:29:41.0;
35;6212;2019-04-11 17:30:09.0;
35;6211.5;2019-04-11 17:30:15.0;
35;6212;2019-04-11 17:30:17.0;
35;6211.5;2019-04-11 17:30:18.0;
35;6210.5;2019-04-11 17:30:40.0;
35;6211.5;2019-04-11 17:30:41.0;
35;6210.5;2019-04-11 17:30:42.0;
35;6211;2019-04-11 17:30:48.0;
35;6210.5;2019-04-11 17:30:53.0;
35;6211;2019-04-11 17:31:12.0;
35;6210.5;2019-04-11 17:31:13.0;
35;6211;2019-04-11 17:31:14.0;
35;6210.5;2019-04-11 17:31:19.0;
35;6211.5;2019-04-11 17:31:27.0;
35;6211;2019-04-11 17:31:29.0;
35;6211.5;2019-04-11 17:31:31.0;
35;6211;2019-04-11 17:31:32.0;
35;6210.5;2019-04-11 17:31:37.0;
35;6211.5;2019-04-11 17:32:04.0;
35;6210.5;2019-04-11 17:32:16.0;
35;6211;2019-04-11 17:32:25.0;
35;6210.5;2019-04-11 17:32:30.0;
35;6211;2019-04-11 17:32:31.0;
35;6210.5;2019-04-11 17:32:33.0;
35;6209.5;2019-04-11 17:32:51.0;
35;6210.5;2019-04-11 17:32:54.0;
35;6209.5;2019-04-11 17:32:56.0;
35;6209;2019-04-11 17:34:25.0;
35;6209.5;2019-04-11 17:34:26.0;
35;6209;2019-04-11 17:34:40.0;
35;6209.5;2019-04-11 17:34:41.0;
35;6209;2019-04-11 17:34:43.0;
35;6208.5;2019-04-11 17:34:44.0;
35;6209.5;2019-04-11 17:34:47.0;
35;6209;2019-04-11 17:34:53.0;
35;6208;2019-04-11 17:35:00.0;
35;6207.5;2019-04-11 17:35:07.0;
35;6208.5;2019-04-11 17:35:12.0;
35;6207.5;2019-04-11 17:35:13.0;
35;6208.5;2019-04-11 17:35:15.0;
35;6207.5;2019-04-11 17:35:21.0;
35;6208.5;2019-04-11 17:35:31.0;
35;6209;2019-04-11 17:35:43.0;
35;6209.5;2019-04-11 17:36:04.0;
35;6209;2019-04-11 17:36:06.0;
35;6209.5;2019-04-11 17:36:09.0;
35;6210;2019-04-11 17:36:10.0;
35;6209.5;2019-04-11 17:36:15.0;
35;6210;2019-04-11 17:36:20.0;
35;6209.5;2019-04-11 17:36:38.0;
35;6208.5;2019-04-11 17:38:15.0;
35;6208;2019-04-11 17:38:26.0;
35;6207.5;2019-04-11 17:38:32.0;
35;6208;2019-04-11 17:38:33.0;
35;6207.5;2019-04-11 17:38:34.0;
35;6206.5;2019-04-11 17:39:20.0;
35;6204.5;2019-04-11 17:40:04.0;
35;6204;2019-04-11 17:40:10.0;
35;6203.5;2019-04-11 17:40:11.0;
35;6204;2019-04-11 17:40:18.0;
35;6203.5;2019-04-11 17:40:26.0;
35;6202.5;2019-04-11 17:40:30.0;
35;6201.5;2019-04-11 17:40:36.0;
35;6200.5;2019-04-11 17:41:03.0;
35;6201.5;2019-04-11 17:41:11.0;
35;6202;2019-04-11 17:41:27.0;
35;6202.5;2019-04-11 17:41:33.0;
35;6203;2019-04-11 17:41:40.0;
35;6203.5;2019-04-11 17:42:03.0;
35;6202.5;2019-04-11 17:42:19.0;
35;6201.5;2019-04-11 17:42:27.0;
35;6202.5;2019-04-11 17:43:17.0;
35;6202;2019-04-11 17:43:20.0;
35;6202.5;2019-04-11 17:43:21.0;
35;6201.5;2019-04-11 17:43:23.0;
35;6202;2019-04-11 17:43:30.0;
35;6201.5;2019-04-11 17:43:35.0;
35;6202;2019-04-11 17:43:43.0;
35;6201.5;2019-04-11 17:43:48.0;
35;6202.5;2019-04-11 17:44:18.0;
35;6202;2019-04-11 17:44:19.0;
35;6202.5;2019-04-11 17:44:24.0;
35;6201.5;2019-04-11 17:44:27.0;
35;6202.5;2019-04-11 17:44:37.0;
35;6203;2019-04-11 17:44:45.0;
35;6203.5;2019-04-11 17:44:48.0;
35;6203;2019-04-11 17:44:49.0;
35;6203.5;2019-04-11 17:44:51.0;
35;6203;2019-04-11 17:45:05.0;
35;6202.5;2019-04-11 17:45:21.0;
35;6203.5;2019-04-11 17:45:32.0;
35;6204;2019-04-11 17:45:43.0;
35;6204.5;2019-04-11 17:46:05.0;
35;6205;2019-04-11 17:46:24.0;
35;6204.5;2019-04-11 17:46:31.0;
35;6205;2019-04-11 17:46:34.0;
35;6204.5;2019-04-11 17:46:40.0;
35;6205;2019-04-11 17:46:53.0;
35;6204.5;2019-04-11 17:46:59.0;
35;6205;2019-04-11 17:47:07.0;
35;6204.5;2019-04-11 17:47:10.0;
35;6205;2019-04-11 17:47:11.0;
35;6204.5;2019-04-11 17:47:13.0;
35;6205;2019-04-11 17:47:16.0;
35;6204.5;2019-04-11 17:47:19.0;
35;6205;2019-04-11 17:47:23.0;
35;6205.5;2019-04-11 17:47:30.0;
35;6204.5;2019-04-11 17:47:36.0;
35;6205;2019-04-11 17:48:24.0;
35;6204.5;2019-04-11 17:48:32.0;
35;6205;2019-04-11 17:48:35.0;
35;6204.5;2019-04-11 17:48:36.0;
35;6205;2019-04-11 17:48:38.0;
35;6205.5;2019-04-11 17:48:39.0;
35;6206;2019-04-11 17:48:48.0;
35;6205.5;2019-04-11 17:49:00.0;
35;6205;2019-04-11 17:49:11.0;
35;6204.5;2019-04-11 17:49:16.0;
35;6205;2019-04-11 17:49:24.0;
35;6204.5;2019-04-11 17:49:27.0;
35;6205.5;2019-04-11 17:50:20.0;
35;6205;2019-04-11 17:51:40.0;
35;6204.5;2019-04-11 17:51:43.0;
35;6203.5;2019-04-11 17:52:09.0;
35;6204.5;2019-04-11 17:52:21.0;
35;6203.5;2019-04-11 17:52:22.0;
35;6204.5;2019-04-11 17:52:24.0;
35;6204;2019-04-11 17:52:34.0;
35;6204.5;2019-04-11 17:52:42.0;
35;6203.5;2019-04-11 17:53:23.0;
35;6204;2019-04-11 17:53:28.0;
35;6203.5;2019-04-11 17:53:47.0;
35;6204;2019-04-11 17:54:14.0;
35;6203.5;2019-04-11 17:54:19.0;
35;6204.5;2019-04-11 17:54:26.0;
35;6203.5;2019-04-11 17:54:28.0;
35;6204.5;2019-04-11 17:54:30.0;
35;6204;2019-04-11 17:54:32.0;
35;6204.5;2019-04-11 17:54:57.0;
35;6203.5;2019-04-11 17:54:59.0;
35;6204.5;2019-04-11 17:55:00.0;
35;6203.5;2019-04-11 17:55:03.0;
35;6203;2019-04-11 17:55:07.0;
35;6203.5;2019-04-11 17:55:18.0;
35;6204;2019-04-11 17:55:49.0;
35;6204.5;2019-04-11 17:56:04.0;
35;6204;2019-04-11 17:56:07.0;
35;6204.5;2019-04-11 17:56:08.0;
35;6205;2019-04-11 17:56:29.0;
35;6204.5;2019-04-11 17:56:34.0;
35;6205;2019-04-11 17:56:37.0;
35;6204.5;2019-04-11 17:56:39.0;
35;6205;2019-04-11 17:57:15.0;
35;6204.5;2019-04-11 17:57:27.0;
35;6205.5;2019-04-11 17:58:03.0;
35;6204.5;2019-04-11 17:58:07.0;
35;6205;2019-04-11 17:58:16.0;
35;6204.5;2019-04-11 17:58:22.0;
35;6205;2019-04-11 17:58:26.0;
35;6205.5;2019-04-11 17:58:36.0;
35;6204.5;2019-04-11 17:58:45.0;
35;6204;2019-04-11 18:00:15.0;
35;6204.5;2019-04-11 18:00:34.0;
35;6204;2019-04-11 18:00:36.0;
35;6203.5;2019-04-11 18:00:47.0;
35;6204;2019-04-11 18:00:53.0;
35;6204.5;2019-04-11 18:00:58.0;
35;6204;2019-04-11 18:01:00.0;
35;6203.5;2019-04-11 18:01:09.0;
35;6204;2019-04-11 18:01:21.0;
35;6204.5;2019-04-11 18:01:28.0;
35;6204;2019-04-11 18:01:39.0;
35;6204.5;2019-04-11 18:01:48.0;
35;6204;2019-04-11 18:01:49.0;
35;6204.5;2019-04-11 18:01:52.0;
35;6204;2019-04-11 18:02:08.0;
35;6203.5;2019-04-11 18:02:10.0;
35;6204;2019-04-11 18:02:41.0;
35;6203.5;2019-04-11 18:02:42.0;
35;6204;2019-04-11 18:02:44.0;
35;6204.5;2019-04-11 18:02:45.0;
35;6204;2019-04-11 18:02:53.0;
35;6203.5;2019-04-11 18:03:01.0;
35;6204;2019-04-11 18:03:08.0;
35;6203.5;2019-04-11 18:03:12.0;
35;6204.5;2019-04-11 18:03:15.0;
35;6203.5;2019-04-11 18:03:16.0;
35;6204.5;2019-04-11 18:03:17.0;
35;6204;2019-04-11 18:03:19.0;
35;6204.5;2019-04-11 18:03:23.0;
35;6204;2019-04-11 18:03:29.0;
35;6204.5;2019-04-11 18:03:46.0;
35;6205.5;2019-04-11 18:04:20.0;
35;6204.5;2019-04-11 18:04:21.0;
35;6205.5;2019-04-11 18:04:23.0;
35;6206;2019-04-11 18:04:59.0;
35;6205.5;2019-04-11 18:05:13.0;
35;6206;2019-04-11 18:05:15.0;
35;6206.5;2019-04-11 18:05:38.0;
35;6207;2019-04-11 18:06:04.0;
35;6207.5;2019-04-11 18:06:13.0;
35;6208.5;2019-04-11 18:06:39.0;
35;6209;2019-04-11 18:07:22.0;
35;6208.5;2019-04-11 18:07:35.0;
35;6209;2019-04-11 18:07:40.0;
35;6208.5;2019-04-11 18:07:44.0;
35;6208;2019-04-11 18:08:08.0;
35;6208.5;2019-04-11 18:08:16.0;
35;6208;2019-04-11 18:08:19.0;
35;6207.5;2019-04-11 18:08:35.0;
35;6208.5;2019-04-11 18:09:31.0;
35;6207.5;2019-04-11 18:09:32.0;
35;6208.5;2019-04-11 18:09:33.0;
35;6207.5;2019-04-11 18:09:44.0;
35;6208;2019-04-11 18:10:07.0;
35;6208.5;2019-04-11 18:10:10.0;
35;6207.5;2019-04-11 18:11:47.0;
35;6208;2019-04-11 18:12:43.0;
35;6207.5;2019-04-11 18:12:56.0;
35;6208;2019-04-11 18:12:57.0;
35;6207.5;2019-04-11 18:13:07.0;
35;6208;2019-04-11 18:13:18.0;
35;6207.5;2019-04-11 18:13:24.0;
35;6208;2019-04-11 18:14:12.0;
35;6207.5;2019-04-11 18:14:17.0;
35;6208.5;2019-04-11 18:14:19.0;
35;6207.5;2019-04-11 18:16:17.0;
35;6206.5;2019-04-11 18:16:39.0;
35;6207.5;2019-04-11 18:16:51.0;
35;6208.5;2019-04-11 18:17:17.0;
35;6207.5;2019-04-11 18:17:27.0;
35;6208;2019-04-11 18:17:31.0;
35;6207.5;2019-04-11 18:17:34.0;
35;6208;2019-04-11 18:17:35.0;
35;6208.5;2019-04-11 18:17:37.0;
35;6209;2019-04-11 18:18:08.0;
35;6208.5;2019-04-11 18:18:11.0;
35;6209;2019-04-11 18:18:23.0;
35;6209.5;2019-04-11 18:18:30.0;
35;6208.5;2019-04-11 18:18:51.0;
35;6209;2019-04-11 18:19:14.0;
35;6208.5;2019-04-11 18:19:33.0;
35;6208;2019-04-11 18:20:36.0;
35;6208.5;2019-04-11 18:20:37.0;
35;6208;2019-04-11 18:20:39.0;
35;6208.5;2019-04-11 18:20:40.0;
35;6208;2019-04-11 18:20:49.0;
35;6208.5;2019-04-11 18:20:57.0;
35;6207.5;2019-04-11 18:21:03.0;
35;6206.5;2019-04-11 18:21:28.0;
35;6205.5;2019-04-11 18:21:39.0;
35;6204.5;2019-04-11 18:22:04.0;
35;6205.5;2019-04-11 18:22:10.0;
35;6206.5;2019-04-11 18:22:32.0;
35;6205.5;2019-04-11 18:22:33.0;
35;6206.5;2019-04-11 18:22:35.0;
35;6205.5;2019-04-11 18:22:56.0;
35;6204.5;2019-04-11 18:25:13.0;
35;6205;2019-04-11 18:25:29.0;
35;6204.5;2019-04-11 18:25:33.0;
35;6204;2019-04-11 18:26:03.0;
35;6203.5;2019-04-11 18:26:25.0;
35;6204;2019-04-11 18:26:41.0;
35;6204.5;2019-04-11 18:26:51.0;
35;6204;2019-04-11 18:27:03.0;
35;6204.5;2019-04-11 18:27:05.0;
35;6204;2019-04-11 18:27:06.0;
35;6204.5;2019-04-11 18:27:22.0;
35;6203.5;2019-04-11 18:28:13.0;
35;6202.5;2019-04-11 18:30:27.0;
35;6203;2019-04-11 18:30:31.0;
35;6203.5;2019-04-11 18:30:36.0;
35;6203;2019-04-11 18:30:47.0;
35;6203.5;2019-04-11 18:30:49.0;
35;6203;2019-04-11 18:30:50.0;
35;6203.5;2019-04-11 18:30:56.0;
35;6203;2019-04-11 18:30:57.0;
35;6203.5;2019-04-11 18:30:58.0;
35;6203;2019-04-11 18:31:01.0;
35;6202.5;2019-04-11 18:31:07.0;
35;6203.5;2019-04-11 18:31:15.0;
35;6203;2019-04-11 18:31:25.0;
35;6203.5;2019-04-11 18:31:26.0;
35;6203;2019-04-11 18:31:28.0;
35;6203.5;2019-04-11 18:31:33.0;
35;6203;2019-04-11 18:35:22.0;
35;6203.5;2019-04-11 18:35:23.0;
35;6203;2019-04-11 18:35:25.0;
35;6203.5;2019-04-11 18:35:26.0;
35;6203;2019-04-11 18:35:31.0;
35;6203.5;2019-04-11 18:35:37.0;
35;6203;2019-04-11 18:35:39.0;
35;6203.5;2019-04-11 18:35:41.0;
35;6203;2019-04-11 18:35:46.0;
35;6202.5;2019-04-11 18:35:47.0;
35;6203;2019-04-11 18:35:50.0;
35;6202.5;2019-04-11 18:35:52.0;
35;6203;2019-04-11 18:36:47.0;
35;6202.5;2019-04-11 18:36:50.0;
35;6203;2019-04-11 18:36:51.0;
35;6202.5;2019-04-11 18:36:54.0;
35;6203;2019-04-11 18:37:07.0;
35;6202.5;2019-04-11 18:37:14.0;
35;6203.5;2019-04-11 18:37:23.0;
35;6203;2019-04-11 18:37:29.0;
35;6203.5;2019-04-11 18:37:31.0;
35;6203;2019-04-11 18:37:32.0;
35;6203.5;2019-04-11 18:37:34.0;
35;6203;2019-04-11 18:37:39.0;
35;6203.5;2019-04-11 18:37:40.0;
35;6203;2019-04-11 18:37:42.0;
35;6202.5;2019-04-11 18:37:48.0;
35;6203;2019-04-11 18:38:04.0;
35;6203.5;2019-04-11 18:38:11.0;
35;6203;2019-04-11 18:38:13.0;
35;6203.5;2019-04-11 18:38:14.0;
35;6203;2019-04-11 18:38:22.0;
35;6203.5;2019-04-11 18:38:28.0;
35;6204.5;2019-04-11 18:40:21.0;
35;6204;2019-04-11 18:40:56.0;
35;6204.5;2019-04-11 18:40:57.0;
35;6204;2019-04-11 18:40:59.0;
35;6203.5;2019-04-11 18:41:24.0;
35;6204;2019-04-11 18:41:36.0;
35;6203.5;2019-04-11 18:41:39.0;
35;6204;2019-04-11 18:41:42.0;
35;6203.5;2019-04-11 18:41:43.0;
35;6204;2019-04-11 18:43:11.0;
35;6204.5;2019-04-11 18:43:27.0;
35;6205;2019-04-11 18:44:27.0;
35;6205.5;2019-04-11 18:44:40.0;
35;6204.5;2019-04-11 18:45:08.0;
35;6205.5;2019-04-11 18:45:18.0;
35;6205;2019-04-11 18:45:22.0;
35;6204.5;2019-04-11 18:45:27.0;
35;6205;2019-04-11 18:45:43.0;
35;6204.5;2019-04-11 18:45:49.0;
35;6205;2019-04-11 18:46:50.0;
35;6204.5;2019-04-11 18:46:56.0;
35;6203.5;2019-04-11 18:48:55.0;
35;6204.5;2019-04-11 18:48:56.0;
35;6203.5;2019-04-11 18:48:57.0;
35;6204.5;2019-04-11 18:48:59.0;
35;6204;2019-04-11 18:49:05.0;
35;6204.5;2019-04-11 18:49:07.0;
35;6205.5;2019-04-11 18:50:52.0;
35;6205;2019-04-11 18:50:57.0;
35;6205.5;2019-04-11 18:51:03.0;
35;6206;2019-04-11 18:52:37.0;
35;6205;2019-04-11 18:52:40.0;
35;6206;2019-04-11 18:52:41.0;
35;6205;2019-04-11 18:52:43.0;
35;6204.5;2019-04-11 18:52:47.0;
35;6205.5;2019-04-11 18:54:03.0;
35;6204.5;2019-04-11 18:54:04.0;
35;6205.5;2019-04-11 18:54:06.0;
35;6206.5;2019-04-11 18:54:19.0;
35;6206;2019-04-11 18:54:52.0;
35;6206.5;2019-04-11 18:54:53.0;
35;6206;2019-04-11 18:54:55.0;
35;6205.5;2019-04-11 18:55:02.0;
35;6206;2019-04-11 18:55:08.0;
35;6206.5;2019-04-11 18:55:15.0;
35;6206;2019-04-11 18:55:22.0;
35;6205.5;2019-04-11 18:55:31.0;
35;6206.5;2019-04-11 18:57:02.0;
35;6206;2019-04-11 18:59:11.0;
35;6206.5;2019-04-11 18:59:14.0;
35;6206;2019-04-11 18:59:16.0;
35;6206.5;2019-04-11 18:59:17.0;
35;6205.5;2019-04-11 19:00:09.0;
35;6206.5;2019-04-11 19:01:05.0;
35;6205.5;2019-04-11 19:01:07.0;
35;6206.5;2019-04-11 19:01:08.0;
35;6207;2019-04-11 19:01:17.0;
35;6206.5;2019-04-11 19:01:30.0;
35;6207;2019-04-11 19:01:43.0;
35;6207.5;2019-04-11 19:01:49.0;
35;6207;2019-04-11 19:02:04.0;
35;6207.5;2019-04-11 19:02:08.0;
35;6207;2019-04-11 19:02:09.0;
35;6207.5;2019-04-11 19:02:12.0;
35;6208;2019-04-11 19:02:32.0;
35;6207.5;2019-04-11 19:02:38.0;
35;6208;2019-04-11 19:03:06.0;
35;6207.5;2019-04-11 19:03:08.0;
35;6208;2019-04-11 19:03:09.0;
35;6207.5;2019-04-11 19:03:15.0;
35;6208;2019-04-11 19:03:20.0;
35;6208.5;2019-04-11 19:03:27.0;
35;6208;2019-04-11 19:03:33.0;
35;6207.5;2019-04-11 19:03:36.0;
35;6208;2019-04-11 19:03:38.0;
35;6207.5;2019-04-11 19:04:06.0;
35;6208;2019-04-11 19:05:18.0;
35;6207.5;2019-04-11 19:05:22.0;
35;6208;2019-04-11 19:05:28.0;
35;6207.5;2019-04-11 19:05:47.0;
35;6208.5;2019-04-11 19:06:39.0;
35;6207.5;2019-04-11 19:06:45.0;
35;6208;2019-04-11 19:06:46.0;
35;6207.5;2019-04-11 19:07:08.0;
35;6208;2019-04-11 19:07:09.0;
35;6207.5;2019-04-11 19:07:10.0;
35;6208;2019-04-11 19:08:44.0;
35;6207.5;2019-04-11 19:08:45.0;
35;6208;2019-04-11 19:08:48.0;
35;6207.5;2019-04-11 19:08:50.0;
35;6208;2019-04-11 19:09:45.0;
35;6207.5;2019-04-11 19:10:07.0;
35;6208;2019-04-11 19:10:15.0;
35;6207.5;2019-04-11 19:10:24.0;
35;6208;2019-04-11 19:10:29.0;
35;6208.5;2019-04-11 19:10:37.0;
35;6208;2019-04-11 19:10:39.0;
35;6207.5;2019-04-11 19:10:44.0;
35;6208;2019-04-11 19:11:11.0;
35;6207.5;2019-04-11 19:11:36.0;
35;6208;2019-04-11 19:11:43.0;
35;6208.5;2019-04-11 19:12:04.0;
35;6208;2019-04-11 19:14:12.0;
35;6207.5;2019-04-11 19:14:15.0;
35;6208.5;2019-04-11 19:14:21.0;
35;6208;2019-04-11 19:14:24.0;
35;6207.5;2019-04-11 19:14:38.0;
35;6208;2019-04-11 19:14:53.0;
35;6207.5;2019-04-11 19:15:20.0;
35;6208;2019-04-11 19:15:23.0;
35;6208.5;2019-04-11 19:16:03.0;
35;6209;2019-04-11 19:16:32.0;
35;6209.5;2019-04-11 19:17:18.0;
35;6208.5;2019-04-11 19:17:46.0;
35;6209.5;2019-04-11 19:17:49.0;
35;6208.5;2019-04-11 19:17:50.0;
35;6209.5;2019-04-11 19:18:06.0;
35;6209;2019-04-11 19:20:05.0;
35;6208.5;2019-04-11 19:20:10.0;
35;6208;2019-04-11 19:21:43.0;
35;6207.5;2019-04-11 19:22:04.0;
35;6208;2019-04-11 19:22:28.0;
35;6208.5;2019-04-11 19:22:34.0;
35;6208;2019-04-11 19:22:35.0;
35;6208.5;2019-04-11 19:22:37.0;
35;6209;2019-04-11 19:23:01.0;
35;6208.5;2019-04-11 19:23:18.0;
35;6208;2019-04-11 19:24:22.0;
35;6207.5;2019-04-11 19:24:27.0;
35;6208;2019-04-11 19:25:16.0;
35;6207.5;2019-04-11 19:26:18.0;
35;6208;2019-04-11 19:26:20.0;
35;6207.5;2019-04-11 19:26:21.0;
35;6208;2019-04-11 19:26:22.0;
35;6208.5;2019-04-11 19:27:09.0;
35;6209;2019-04-11 19:28:55.0;
35;6209.5;2019-04-11 19:29:03.0;
35;6208.5;2019-04-11 19:30:03.0;
35;6209.5;2019-04-11 19:30:04.0;
35;6209;2019-04-11 19:30:07.0;
35;6208.5;2019-04-11 19:30:11.0;
35;6208;2019-04-11 19:30:44.0;
35;6208.5;2019-04-11 19:30:56.0;
35;6208;2019-04-11 19:30:58.0;
35;6207.5;2019-04-11 19:31:02.0;
35;6208;2019-04-11 19:31:14.0;
35;6208.5;2019-04-11 19:31:22.0;
35;6208;2019-04-11 19:31:28.0;
35;6208.5;2019-04-11 19:31:29.0;
35;6208;2019-04-11 19:31:30.0;
35;6208.5;2019-04-11 19:31:43.0;
35;6208;2019-04-11 19:31:45.0;
35;6208.5;2019-04-11 19:31:46.0;
35;6207.5;2019-04-11 19:32:04.0;
35;6208;2019-04-11 19:32:45.0;
35;6207.5;2019-04-11 19:33:29.0;
35;6208;2019-04-11 19:34:05.0;
35;6207.5;2019-04-11 19:34:13.0;
35;6208;2019-04-11 19:34:19.0;
35;6208.5;2019-04-11 19:35:15.0;
35;6208;2019-04-11 19:36:09.0;
35;6207.5;2019-04-11 19:36:12.0;
35;6208;2019-04-11 19:36:25.0;
35;6207.5;2019-04-11 19:37:19.0;
35;6208;2019-04-11 19:37:27.0;
35;6207.5;2019-04-11 19:37:34.0;
35;6206.5;2019-04-11 19:38:25.0;
35;6206;2019-04-11 19:38:39.0;
35;6205.5;2019-04-11 19:38:46.0;
35;6206;2019-04-11 19:38:51.0;
35;6205.5;2019-04-11 19:39:04.0;
35;6206;2019-04-11 19:39:20.0;
35;6205.5;2019-04-11 19:39:28.0;
35;6206;2019-04-11 19:39:29.0;
35;6205.5;2019-04-11 19:39:31.0;
35;6206.5;2019-04-11 19:39:52.0;
35;6205.5;2019-04-11 19:40:03.0;
35;6206.5;2019-04-11 19:40:10.0;
35;6206;2019-04-11 19:40:15.0;
35;6205.5;2019-04-11 19:40:19.0;
35;6206;2019-04-11 19:40:21.0;
35;6205.5;2019-04-11 19:40:23.0;
35;6206;2019-04-11 19:40:31.0;
35;6205.5;2019-04-11 19:40:35.0;
35;6205;2019-04-11 19:41:08.0;
35;6204.5;2019-04-11 19:41:16.0;
35;6205.5;2019-04-11 19:41:29.0;
35;6205;2019-04-11 19:41:38.0;
35;6204.5;2019-04-11 19:41:46.0;
35;6203.5;2019-04-11 19:42:05.0;
35;6204;2019-04-11 19:42:10.0;
35;6204.5;2019-04-11 19:42:17.0;
35;6203.5;2019-04-11 19:42:19.0;
35;6204.5;2019-04-11 19:42:20.0;
35;6203.5;2019-04-11 19:42:21.0;
35;6204;2019-04-11 19:43:31.0;
35;6203.5;2019-04-11 19:43:35.0;
35;6204;2019-04-11 19:44:34.0;
35;6203.5;2019-04-11 19:44:47.0;
35;6204;2019-04-11 19:44:51.0;
35;6203.5;2019-04-11 19:44:53.0;
35;6204;2019-04-11 19:44:54.0;
35;6203.5;2019-04-11 19:45:06.0;
35;6204;2019-04-11 19:45:44.0;
35;6203.5;2019-04-11 19:46:06.0;
35;6204;2019-04-11 19:46:36.0;
35;6203.5;2019-04-11 19:46:37.0;
35;6204;2019-04-11 19:46:39.0;
35;6204.5;2019-04-11 19:46:47.0;
35;6204;2019-04-11 19:47:12.0;
35;6203.5;2019-04-11 19:47:23.0;
35;6204;2019-04-11 19:47:40.0;
35;6204.5;2019-04-11 19:48:03.0;
35;6205;2019-04-11 19:48:12.0;
35;6204.5;2019-04-11 19:49:23.0;
35;6205;2019-04-11 19:50:03.0;
35;6205.5;2019-04-11 19:51:07.0;
35;6205;2019-04-11 19:51:27.0;
35;6205.5;2019-04-11 19:51:30.0;
35;6205;2019-04-11 19:51:31.0;
35;6204.5;2019-04-11 19:52:02.0;
35;6205;2019-04-11 19:52:04.0;
35;6204.5;2019-04-11 19:52:06.0;
35;6205;2019-04-11 19:53:05.0;
35;6204.5;2019-04-11 19:53:16.0;
35;6204;2019-04-11 19:54:33.0;
35;6204.5;2019-04-11 19:54:47.0;
35;6203.5;2019-04-11 19:54:55.0;
35;6204.5;2019-04-11 19:54:57.0;
35;6203.5;2019-04-11 19:54:59.0;
35;6204;2019-04-11 19:55:06.0;
35;6203.5;2019-04-11 19:55:11.0;
35;6203;2019-04-11 19:55:15.0;
35;6203.5;2019-04-11 19:55:17.0;
35;6203;2019-04-11 19:55:18.0;
35;6203.5;2019-04-11 19:55:23.0;
35;6203;2019-04-11 19:55:39.0;
35;6203.5;2019-04-11 19:55:40.0;
35;6203;2019-04-11 19:55:42.0;
35;6203.5;2019-04-11 19:56:03.0;
35;6204;2019-04-11 19:56:27.0;
35;6203.5;2019-04-11 19:56:35.0;
35;6204;2019-04-11 19:56:37.0;
35;6203.5;2019-04-11 19:56:38.0;
35;6204.5;2019-04-11 19:56:55.0;
35;6203.5;2019-04-11 19:56:58.0;
35;6204;2019-04-11 19:57:02.0;
35;6204.5;2019-04-11 19:57:18.0;
35;6203.5;2019-04-11 19:57:42.0;
35;6204;2019-04-11 19:57:50.0;
35;6203.5;2019-04-11 19:58:36.0;
35;6204;2019-04-11 19:58:37.0;
35;6203.5;2019-04-11 19:58:39.0;
35;6203;2019-04-11 19:59:15.0;
35;6203.5;2019-04-11 19:59:17.0;
35;6203;2019-04-11 19:59:18.0;
35;6203.5;2019-04-11 19:59:28.0;
35;6203;2019-04-11 19:59:38.0;
35;6203.5;2019-04-11 20:00:15.0;
35;6203;2019-04-11 20:00:17.0;
35;6203.5;2019-04-11 20:00:18.0;
35;6202.5;2019-04-11 20:00:31.0;
35;6201.5;2019-04-11 20:00:41.0;
35;6201;2019-04-11 20:01:48.0;
35;6201.5;2019-04-11 20:02:25.0;
35;6201;2019-04-11 20:02:26.0;
35;6201.5;2019-04-11 20:02:28.0;
35;6202;2019-04-11 20:02:42.0;
35;6201.5;2019-04-11 20:02:44.0;
35;6202;2019-04-11 20:02:59.0;
35;6201.5;2019-04-11 20:03:05.0;
35;6202;2019-04-11 20:03:06.0;
35;6201.5;2019-04-11 20:03:12.0;
35;6202.5;2019-04-11 20:03:20.0;
35;6202;2019-04-11 20:04:03.0;
35;6201.5;2019-04-11 20:04:16.0;
35;6202;2019-04-11 20:04:32.0;
35;6201.5;2019-04-11 20:04:34.0;
35;6202.5;2019-04-11 20:04:35.0;
35;6202;2019-04-11 20:04:38.0;
35;6202.5;2019-04-11 20:04:39.0;
35;6201.5;2019-04-11 20:04:42.0;
35;6202;2019-04-11 20:05:07.0;
35;6202.5;2019-04-11 20:05:18.0;
35;6202;2019-04-11 20:05:19.0;
35;6202.5;2019-04-11 20:05:22.0;
35;6203;2019-04-11 20:05:29.0;
35;6202.5;2019-04-11 20:06:06.0;
35;6201.5;2019-04-11 20:06:15.0;
35;6202;2019-04-11 20:06:24.0;
35;6201.5;2019-04-11 20:06:25.0;
35;6202;2019-04-11 20:06:26.0;
35;6201.5;2019-04-11 20:06:28.0;
35;6202;2019-04-11 20:06:30.0;
35;6202.5;2019-04-11 20:06:33.0;
35;6202;2019-04-11 20:06:43.0;
35;6201.5;2019-04-11 20:06:53.0;
35;6202;2019-04-11 20:06:54.0;
35;6201.5;2019-04-11 20:06:56.0;
35;6202;2019-04-11 20:07:00.0;
35;6201.5;2019-04-11 20:07:28.0;
35;6200.5;2019-04-11 20:08:08.0;
35;6201;2019-04-11 20:08:12.0;
35;6200.5;2019-04-11 20:08:29.0;
35;6201;2019-04-11 20:08:32.0;
35;6200.5;2019-04-11 20:08:56.0;
35;6201;2019-04-11 20:09:25.0;
35;6200.5;2019-04-11 20:09:35.0;
35;6201;2019-04-11 20:09:37.0;
35;6200.5;2019-04-11 20:09:39.0;
35;6201;2019-04-11 20:12:18.0;
35;6201.5;2019-04-11 20:12:31.0;
35;6200.5;2019-04-11 20:14:36.0;
35;6201;2019-04-11 20:15:41.0;
35;6200.5;2019-04-11 20:15:42.0;
35;6201.5;2019-04-11 20:15:44.0;
35;6201;2019-04-11 20:16:13.0;
35;6200.5;2019-04-11 20:16:15.0;
35;6199.5;2019-04-11 20:17:03.0;
35;6200.5;2019-04-11 20:17:23.0;
35;6200;2019-04-11 20:17:36.0;
35;6199.5;2019-04-11 20:18:07.0;
35;6200.5;2019-04-11 20:18:40.0;
35;6200;2019-04-11 20:20:06.0;
35;6200.5;2019-04-11 20:20:08.0;
35;6199.5;2019-04-11 20:23:13.0;
35;6200;2019-04-11 20:23:17.0;
35;6200.5;2019-04-11 20:23:24.0;
35;6200;2019-04-11 20:23:39.0;
35;6200.5;2019-04-11 20:23:44.0;
35;6200;2019-04-11 20:24:08.0;
35;6200.5;2019-04-11 20:24:26.0;
35;6199.5;2019-04-11 20:24:35.0;
35;6200.5;2019-04-11 20:24:36.0;
35;6199.5;2019-04-11 20:24:39.0;
35;6200;2019-04-11 20:26:41.0;
35;6199.5;2019-04-11 20:26:56.0;
35;6200;2019-04-11 20:27:01.0;
35;6200.5;2019-04-11 20:27:24.0;
35;6199.5;2019-04-11 20:28:02.0;
35;6199;2019-04-11 20:30:04.0;
35;6198.5;2019-04-11 20:30:10.0;
35;6199;2019-04-11 20:30:14.0;
35;6198.5;2019-04-11 20:30:18.0;
35;6199;2019-04-11 20:30:23.0;
35;6199.5;2019-04-11 20:30:38.0;
35;6200;2019-04-11 20:31:19.0;
35;6200.5;2019-04-11 20:31:26.0;
35;6201.5;2019-04-11 20:32:10.0;
35;6201;2019-04-11 20:32:14.0;
35;6200.5;2019-04-11 20:32:28.0;
35;6201;2019-04-11 20:34:32.0;
35;6200.5;2019-04-11 20:34:35.0;
35;6201;2019-04-11 20:34:36.0;
35;6200.5;2019-04-11 20:34:38.0;
35;6200;2019-04-11 20:35:20.0;
35;6200.5;2019-04-11 20:35:23.0;
35;6200;2019-04-11 20:35:24.0;
35;6200.5;2019-04-11 20:35:25.0;
35;6201;2019-04-11 20:36:48.0;
35;6200.5;2019-04-11 20:36:50.0;
35;6201;2019-04-11 20:36:51.0;
35;6200.5;2019-04-11 20:37:04.0;
35;6200;2019-04-11 20:38:54.0;
35;6200.5;2019-04-11 20:39:12.0;
35;6200;2019-04-11 20:39:14.0;
35;6200.5;2019-04-11 20:39:15.0;
35;6200;2019-04-11 20:39:49.0;
35;6200.5;2019-04-11 20:40:06.0;
35;6201.5;2019-04-11 20:43:09.0;
35;6201;2019-04-11 20:44:34.0;
35;6201.5;2019-04-11 20:44:53.0;
35;6201;2019-04-11 20:45:20.0;
35;6201.5;2019-04-11 20:45:23.0;
35;6201;2019-04-11 20:45:28.0;
35;6200.5;2019-04-11 20:46:52.0;
35;6201;2019-04-11 20:47:04.0;
35;6200.5;2019-04-11 20:48:31.0;
35;6200;2019-04-11 20:50:10.0;
35;6199.5;2019-04-11 20:50:11.0;
35;6200;2019-04-11 20:50:20.0;
35;6199.5;2019-04-11 20:50:27.0;
35;6200;2019-04-11 20:51:05.0;
35;6200.5;2019-04-11 20:51:10.0;
35;6199.5;2019-04-11 20:54:23.0;
35;6200.5;2019-04-11 20:54:24.0;
35;6199.5;2019-04-11 20:54:27.0;
35;6200;2019-04-11 20:54:34.0;
35;6199.5;2019-04-11 20:54:43.0;
35;6200;2019-04-11 20:54:47.0;
35;6199.5;2019-04-11 20:54:48.0;
35;6200;2019-04-11 20:54:50.0;
35;6199.5;2019-04-11 20:55:00.0;
35;6200;2019-04-11 20:56:41.0;
35;6200.5;2019-04-11 20:57:00.0;
35;6200;2019-04-11 20:57:07.0;
35;6200.5;2019-04-11 20:57:10.0;
35;6200;2019-04-11 20:57:11.0;
35;6200.5;2019-04-11 20:57:16.0;
35;6199.5;2019-04-11 21:00:27.0;
35;6200;2019-04-11 21:00:32.0;
35;6200.5;2019-04-11 21:00:38.0;
35;6201.5;2019-04-11 21:02:05.0;
35;6200.5;2019-04-11 21:02:06.0;
35;6201.5;2019-04-11 21:02:08.0;
35;6202.5;2019-04-11 21:05:18.0;
35;6201.5;2019-04-11 21:05:20.0;
35;6202.5;2019-04-11 21:05:21.0;
35;6203;2019-04-11 21:06:14.0;
35;6203.5;2019-04-11 21:06:18.0;
35;6203;2019-04-11 21:06:29.0;
35;6203.5;2019-04-11 21:06:55.0;
35;6202.5;2019-04-11 21:07:06.0;
35;6203;2019-04-11 21:07:21.0;
35;6202.5;2019-04-11 21:07:34.0;
35;6203;2019-04-11 21:07:36.0;
35;6202.5;2019-04-11 21:07:37.0;
35;6201.5;2019-04-11 21:08:14.0;
35;6202.5;2019-04-11 21:08:22.0;
35;6202;2019-04-11 21:08:28.0;
35;6201.5;2019-04-11 21:09:00.0;
35;6202;2019-04-11 21:09:03.0;
35;6201.5;2019-04-11 21:09:04.0;
35;6202;2019-04-11 21:09:06.0;
35;6202.5;2019-04-11 21:09:07.0;
35;6202;2019-04-11 21:09:20.0;
35;6201.5;2019-04-11 21:09:22.0;
35;6202;2019-04-11 21:09:39.0;
35;6201.5;2019-04-11 21:09:41.0;
35;6202.5;2019-04-11 21:09:42.0;
35;6202;2019-04-11 21:10:07.0;
35;6201.5;2019-04-11 21:10:44.0;
35;6202;2019-04-11 21:10:47.0;
35;6202.5;2019-04-11 21:11:08.0;
35;6201.5;2019-04-11 21:11:22.0;
35;6202;2019-04-11 21:11:29.0;
35;6202.5;2019-04-11 21:11:42.0;
35;6202;2019-04-11 21:12:04.0;
35;6202.5;2019-04-11 21:12:05.0;
35;6202;2019-04-11 21:12:08.0;
35;6202.5;2019-04-11 21:12:27.0;
35;6202;2019-04-11 21:12:29.0;
35;6202.5;2019-04-11 21:12:30.0;
35;6201.5;2019-04-11 21:13:08.0;
35;6202.5;2019-04-11 21:16:07.0;
35;6202;2019-04-11 21:16:08.0;
35;6201.5;2019-04-11 21:16:18.0;
35;6202.5;2019-04-11 21:17:07.0;
35;6201.5;2019-04-11 21:17:09.0;
35;6202.5;2019-04-11 21:17:10.0;
35;6203.5;2019-04-11 21:17:36.0;
35;6204;2019-04-11 21:18:31.0;
35;6204.5;2019-04-11 21:19:03.0;
35;6204;2019-04-11 21:19:15.0;
35;6203.5;2019-04-11 21:19:24.0;
35;6204;2019-04-11 21:19:27.0;
35;6203.5;2019-04-11 21:19:28.0;
35;6204;2019-04-11 21:19:40.0;
35;6204.5;2019-04-11 21:19:52.0;
35;6205;2019-04-11 21:20:07.0;
35;6204.5;2019-04-11 21:20:13.0;
35;6205.5;2019-04-11 21:20:19.0;
35;6204.5;2019-04-11 21:20:20.0;
35;6205.5;2019-04-11 21:20:22.0;
35;6206.5;2019-04-11 21:21:03.0;
35;6207.5;2019-04-11 21:21:36.0;
35;6207;2019-04-11 21:21:39.0;
35;6206.5;2019-04-11 21:21:49.0;
35;6207;2019-04-11 21:22:15.0;
35;6206.5;2019-04-11 21:22:18.0;
35;6207;2019-04-11 21:22:20.0;
35;6207.5;2019-04-11 21:22:41.0;
35;6208;2019-04-11 21:23:40.0;
35;6207.5;2019-04-11 21:23:43.0;
35;6208;2019-04-11 21:23:44.0;
35;6207.5;2019-04-11 21:23:46.0;
35;6208.5;2019-04-11 21:24:12.0;
35;6207.5;2019-04-11 21:24:14.0;
35;6208;2019-04-11 21:24:20.0;
35;6207.5;2019-04-11 21:24:31.0;
35;6208;2019-04-11 21:24:42.0;
35;6207.5;2019-04-11 21:24:48.0;
35;6208.5;2019-04-11 21:24:50.0;
35;6207.5;2019-04-11 21:24:52.0;
35;6208.5;2019-04-11 21:24:54.0;
35;6209.5;2019-04-11 21:25:26.0;
35;6208.5;2019-04-11 21:25:35.0;
35;6209.5;2019-04-11 21:26:08.0;
35;6209;2019-04-11 21:26:13.0;
35;6209.5;2019-04-11 21:27:26.0;
35;6208.5;2019-04-11 21:27:43.0;
35;6209.5;2019-04-11 21:29:00.0;
35;6208.5;2019-04-11 21:29:11.0;
35;6209.5;2019-04-11 21:30:03.0;
35;6209;2019-04-11 21:30:16.0;
35;6209.5;2019-04-11 21:30:39.0;
35;6208.5;2019-04-11 21:31:12.0;
35;6207.5;2019-04-11 21:31:27.0;
35;6208.5;2019-04-11 21:31:47.0;
35;6208;2019-04-11 21:32:32.0;
35;6207.5;2019-04-11 21:32:39.0;
35;6208;2019-04-11 21:32:53.0;
35;6208.5;2019-04-11 21:33:00.0;
35;6207.5;2019-04-11 21:34:04.0;
35;6206.5;2019-04-11 21:34:32.0;
35;6207;2019-04-11 21:34:38.0;
35;6207.5;2019-04-11 21:34:44.0;
35;6206.5;2019-04-11 21:35:40.0;
35;6207.5;2019-04-11 21:35:41.0;
35;6207;2019-04-11 21:35:42.0;
35;6207.5;2019-04-11 21:36:08.0;
35;6206.5;2019-04-11 21:36:19.0;
35;6207;2019-04-11 21:36:27.0;
35;6207.5;2019-04-11 21:36:39.0;
35;6208;2019-04-11 21:37:24.0;
35;6207.5;2019-04-11 21:37:25.0;
35;6208;2019-04-11 21:37:27.0;
35;6207.5;2019-04-11 21:37:35.0;
35;6207;2019-04-11 21:39:36.0;
35;6207.5;2019-04-11 21:39:37.0;
35;6207;2019-04-11 21:39:40.0;
35;6207.5;2019-04-11 21:40:04.0;
35;6207;2019-04-11 21:40:06.0;
35;6207.5;2019-04-11 21:40:07.0;
35;6208;2019-04-11 21:42:51.0;
35;6207.5;2019-04-11 21:42:56.0;
35;6208.5;2019-04-11 21:43:20.0;
35;6209;2019-04-11 21:44:24.0;
35;6208.5;2019-04-11 21:44:37.0;
35;6209;2019-04-11 21:44:43.0;
35;6208.5;2019-04-11 21:45:03.0;
35;6209;2019-04-11 21:45:05.0;
35;6208.5;2019-04-11 21:45:06.0;
35;6209;2019-04-11 21:45:10.0;
35;6209.5;2019-04-11 21:45:16.0;
35;6208.5;2019-04-11 21:50:04.0;
35;6209.5;2019-04-11 21:50:07.0;
35;6210;2019-04-11 21:50:59.0;
35;6209.5;2019-04-11 21:51:07.0;
35;6210;2019-04-11 21:52:33.0;
35;6209.5;2019-04-11 21:52:38.0;
35;6210;2019-04-11 21:52:49.0;
35;6210.5;2019-04-11 21:53:08.0;
35;6211.5;2019-04-11 21:53:29.0;
35;6212.5;2019-04-11 21:54:03.0;
35;6211.5;2019-04-11 21:54:04.0;
35;6212.5;2019-04-11 21:54:06.0;
35;6211.5;2019-04-11 21:54:07.0;
35;6212.5;2019-04-11 21:54:10.0;
35;6211.5;2019-04-11 21:54:11.0;
35;6212;2019-04-11 21:54:35.0;
35;6211.5;2019-04-11 21:54:48.0;
35;6212.5;2019-04-11 21:54:55.0;
35;6211.5;2019-04-11 21:55:08.0;
35;6210.5;2019-04-11 21:57:25.0;
35;6211.5;2019-04-11 21:57:30.0;
35;6211;2019-04-11 21:58:16.0;
35;6210.5;2019-04-11 21:58:19.0;
35;6211;2019-04-11 21:58:21.0;
35;6210.5;2019-04-11 21:58:22.0;
35;6210;2019-04-11 21:59:43.0;
35;6210.5;2019-04-11 21:59:50.0;
35;6210;2019-04-11 22:00:06.0;
35;6209.5;2019-04-11 22:00:10.0;
35;6210.5;2019-04-11 22:00:21.0;
35;6209.5;2019-04-11 22:00:24.0;
35;6209;2019-04-11 22:00:31.0;
35;6209.5;2019-04-11 22:00:33.0;
35;6209;2019-04-11 22:00:34.0;
35;6208.5;2019-04-11 22:00:36.0;
35;6209;2019-04-11 22:00:37.0;
35;6208.5;2019-04-11 22:00:40.0;
35;6207.5;2019-04-11 22:01:20.0;
35;6207;2019-04-11 22:01:31.0;
35;6207.5;2019-04-11 22:02:04.0;
35;6206.5;2019-04-11 22:02:24.0;
35;6208;2019-04-11 22:02:48.0;
35;6207.5;2019-04-11 22:03:30.0;
35;6208;2019-04-11 22:05:13.0;
35;6207.5;2019-04-11 22:06:09.0;
35;6208;2019-04-11 22:06:19.0;
35;6207.5;2019-04-11 22:06:20.0;
35;6208;2019-04-11 22:06:21.0;
35;6207.5;2019-04-11 22:06:35.0;
35;6206.5;2019-04-11 22:09:48.0;
35;6207;2019-04-11 22:13:43.0;
35;6206.5;2019-04-11 22:13:44.0;
35;6207;2019-04-11 22:13:46.0;
35;6207.5;2019-04-11 22:13:47.0;
35;6208;2019-04-11 22:14:06.0;
35;6208.5;2019-04-11 22:14:42.0;
35;6208;2019-04-11 22:14:45.0;
35;6208.5;2019-04-11 22:14:46.0;
35;6207.5;2019-04-11 22:14:58.0;
35;6208.5;2019-04-11 22:15:00.0;
35;6207.5;2019-04-11 22:15:01.0;
35;6208;2019-04-11 22:15:41.0;
35;6207.5;2019-04-11 22:16:10.0;
35;6208;2019-04-11 22:16:58.0;
35;6207.5;2019-04-11 22:17:11.0;
35;6208.5;2019-04-11 22:28:14.0;
35;6208;2019-04-11 22:30:56.0;
35;6208.5;2019-04-11 22:31:40.0;
35;6208;2019-04-11 22:31:41.0;
35;6208.5;2019-04-11 22:31:44.0;
35;6209.5;2019-04-11 22:31:48.0;
35;6210.5;2019-04-11 22:36:05.0;
35;6211.5;2019-04-11 22:39:46.0;
35;6211;2019-04-11 22:40:44.0;
35;6211.5;2019-04-11 22:40:47.0;
35;6212.5;2019-04-11 22:45:08.0;
35;6212;2019-04-11 22:46:49.0;
35;6212.5;2019-04-11 22:47:48.0;
35;6212;2019-04-11 22:47:49.0;
35;6212.5;2019-04-11 22:47:50.0;
35;6211.5;2019-04-11 22:49:18.0;
35;6212.5;2019-04-11 22:55:00.0;
35;6212;2019-04-11 22:57:27.0;
35;6211.5;2019-04-11 22:58:27.0;
35;6212;2019-04-11 22:59:18.0;
35;6210.5;2019-04-11 22:59:20.0;
35;6212;2019-04-11 22:59:21.0;
35;6210.5;2019-04-11 22:59:23.0;
35;6210;2019-04-11 22:59:27.0;
35;6210.5;2019-04-11 22:59:29.0;
35;6210;2019-04-11 22:59:30.0;
35;6210.5;2019-04-11 22:59:32.0;
35;6209;2019-04-11 22:59:40.0;
35;6209.5;2019-04-11 22:59:47.0;
35;6210;2019-04-11 23:00:05.0;
36;376.9;2019-04-11 11:40:04.0;
36;376.67;2019-04-11 11:40:05.0;
36;376.8;2019-04-11 11:40:07.0;
36;376.85;2019-04-11 11:40:17.0;
36;376.93;2019-04-11 11:40:31.0;
36;376.95;2019-04-11 11:41:27.0;
36;377;2019-04-11 11:41:35.0;
36;376.95;2019-04-11 11:41:39.0;
36;376.98;2019-04-11 11:42:32.0;
36;376.95;2019-04-11 11:42:33.0;
36;376.98;2019-04-11 11:42:35.0;
36;377.1;2019-04-11 11:43:40.0;
36;377.02;2019-04-11 11:47:32.0;
36;377;2019-04-11 11:47:35.0;
36;377.02;2019-04-11 11:47:37.0;
36;377;2019-04-11 11:47:38.0;
36;377.1;2019-04-11 11:48:05.0;
36;377.05;2019-04-11 11:48:08.0;
36;377.1;2019-04-11 11:48:13.0;
36;377.08;2019-04-11 11:48:35.0;
36;377.1;2019-04-11 11:48:44.0;
36;377.08;2019-04-11 11:48:45.0;
36;377.1;2019-04-11 11:48:46.0;
36;377.12;2019-04-11 11:50:05.0;
36;377.1;2019-04-11 11:50:34.0;
36;377.12;2019-04-11 11:50:36.0;
36;377.1;2019-04-11 11:50:37.0;
36;377.12;2019-04-11 11:51:00.0;
36;377.1;2019-04-11 11:51:01.0;
36;377.12;2019-04-11 11:51:03.0;
36;377.17;2019-04-11 11:51:49.0;
36;377.2;2019-04-11 11:52:09.0;
36;377.23;2019-04-11 11:54:18.0;
36;377.27;2019-04-11 11:54:23.0;
36;377.23;2019-04-11 11:54:24.0;
36;377.27;2019-04-11 11:54:26.0;
36;377.3;2019-04-11 11:54:28.0;
36;377.27;2019-04-11 11:54:59.0;
36;377.3;2019-04-11 11:55:16.0;
36;377.27;2019-04-11 11:55:46.0;
36;377.33;2019-04-11 11:56:04.0;
36;377.27;2019-04-11 11:56:06.0;
36;377.33;2019-04-11 11:56:07.0;
36;377.42;2019-04-11 11:58:32.0;
36;377.33;2019-04-11 11:58:33.0;
36;377.42;2019-04-11 11:58:35.0;
36;377.4;2019-04-11 12:06:24.0;
36;377.42;2019-04-11 12:06:25.0;
36;377.4;2019-04-11 12:06:27.0;
36;377.38;2019-04-11 12:06:41.0;
36;377.4;2019-04-11 12:06:43.0;
36;377.38;2019-04-11 12:06:56.0;
36;377.4;2019-04-11 12:06:57.0;
36;377.38;2019-04-11 12:06:58.0;
36;377.4;2019-04-11 12:07:05.0;
36;377.38;2019-04-11 12:07:11.0;
36;377.4;2019-04-11 12:07:12.0;
36;377.38;2019-04-11 12:07:15.0;
36;377.4;2019-04-11 12:07:46.0;
36;377.42;2019-04-11 12:09:25.0;
36;377.52;2019-04-11 12:10:05.0;
36;377.45;2019-04-11 12:10:09.0;
36;377.42;2019-04-11 12:10:16.0;
36;377.45;2019-04-11 12:10:19.0;
36;377.42;2019-04-11 12:10:21.0;
36;377.45;2019-04-11 12:10:22.0;
36;377.4;2019-04-11 12:10:29.0;
36;377.42;2019-04-11 12:10:35.0;
36;377.4;2019-04-11 12:10:47.0;
36;377.42;2019-04-11 12:12:46.0;
36;377.5;2019-04-11 12:12:48.0;
36;377.45;2019-04-11 12:13:01.0;
36;377.48;2019-04-11 12:13:09.0;
36;377.45;2019-04-11 12:13:47.0;
36;377.48;2019-04-11 12:16:09.0;
36;377.5;2019-04-11 12:16:36.0;
36;377.52;2019-04-11 12:19:40.0;
36;377.55;2019-04-11 12:21:00.0;
36;377.6;2019-04-11 12:21:05.0;
36;377.5;2019-04-11 12:21:13.0;
36;377.52;2019-04-11 12:23:15.0;
36;377.5;2019-04-11 12:23:16.0;
36;377.52;2019-04-11 12:23:18.0;
36;377.5;2019-04-11 12:23:22.0;
36;377.48;2019-04-11 12:24:05.0;
36;377.5;2019-04-11 12:26:15.0;
36;377.48;2019-04-11 12:27:23.0;
36;377.52;2019-04-11 12:29:07.0;
36;377.58;2019-04-11 12:30:22.0;
36;377.6;2019-04-11 12:32:18.0;
36;377.62;2019-04-11 12:32:30.0;
36;377.6;2019-04-11 12:38:04.0;
36;377.62;2019-04-11 12:38:29.0;
36;377.7;2019-04-11 12:44:53.0;
36;377.67;2019-04-11 12:44:58.0;
36;377.62;2019-04-11 12:46:05.0;
36;377.6;2019-04-11 12:46:09.0;
36;377.62;2019-04-11 12:46:14.0;
36;377.65;2019-04-11 12:47:11.0;
36;377.62;2019-04-11 12:47:12.0;
36;377.65;2019-04-11 12:47:13.0;
36;377.62;2019-04-11 12:47:25.0;
36;377.6;2019-04-11 12:48:27.0;
36;377.62;2019-04-11 12:49:19.0;
36;377.67;2019-04-11 12:50:59.0;
36;377.62;2019-04-11 12:51:01.0;
36;377.67;2019-04-11 12:51:02.0;
36;377.6;2019-04-11 12:51:05.0;
36;377.67;2019-04-11 12:51:07.0;
36;377.6;2019-04-11 12:51:08.0;
36;377.62;2019-04-11 12:54:52.0;
36;377.6;2019-04-11 12:54:53.0;
36;377.62;2019-04-11 12:54:56.0;
36;377.65;2019-04-11 12:56:34.0;
36;377.62;2019-04-11 12:56:41.0;
36;377.65;2019-04-11 12:58:46.0;
36;377.6;2019-04-11 12:59:08.0;
36;377.65;2019-04-11 12:59:10.0;
36;377.6;2019-04-11 12:59:13.0;
36;377.67;2019-04-11 12:59:15.0;
36;377.65;2019-04-11 12:59:19.0;
36;377.6;2019-04-11 13:00:04.0;
36;377.65;2019-04-11 13:00:05.0;
36;377.6;2019-04-11 13:00:07.0;
36;377.7;2019-04-11 13:00:48.0;
36;377.67;2019-04-11 13:00:57.0;
36;377.73;2019-04-11 13:04:18.0;
36;377.67;2019-04-11 13:04:20.0;
36;377.73;2019-04-11 13:04:21.0;
36;377.7;2019-04-11 13:04:25.0;
36;377.73;2019-04-11 13:04:27.0;
36;377.7;2019-04-11 13:04:28.0;
36;377.67;2019-04-11 13:04:46.0;
36;377.7;2019-04-11 13:05:42.0;
36;377.73;2019-04-11 13:05:43.0;
36;377.7;2019-04-11 13:05:46.0;
36;377.67;2019-04-11 13:06:03.0;
36;377.65;2019-04-11 13:08:40.0;
36;377.67;2019-04-11 13:08:41.0;
36;377.6;2019-04-11 13:08:42.0;
36;377.65;2019-04-11 13:08:48.0;
36;377.62;2019-04-11 13:10:55.0;
36;377.6;2019-04-11 13:14:04.0;
36;377.62;2019-04-11 13:17:29.0;
36;377.67;2019-04-11 13:17:44.0;
36;377.7;2019-04-11 13:17:48.0;
36;377.67;2019-04-11 13:17:49.0;
36;377.7;2019-04-11 13:17:51.0;
36;377.6;2019-04-11 13:21:03.0;
36;377.7;2019-04-11 13:21:06.0;
36;377.6;2019-04-11 13:21:07.0;
36;377.65;2019-04-11 13:24:09.0;
36;377.62;2019-04-11 13:24:42.0;
36;377.6;2019-04-11 13:28:07.0;
36;377.58;2019-04-11 13:29:18.0;
36;377.55;2019-04-11 13:29:42.0;
36;377.6;2019-04-11 13:30:05.0;
36;377.55;2019-04-11 13:30:12.0;
36;377.6;2019-04-11 13:30:21.0;
36;377.5;2019-04-11 13:30:32.0;
36;377.6;2019-04-11 13:30:33.0;
36;377.52;2019-04-11 13:30:35.0;
36;377.55;2019-04-11 13:30:39.0;
36;377.6;2019-04-11 13:30:48.0;
36;377.58;2019-04-11 13:30:58.0;
36;377.6;2019-04-11 13:35:28.0;
36;377.62;2019-04-11 13:36:51.0;
36;377.7;2019-04-11 13:38:08.0;
36;377.6;2019-04-11 13:38:11.0;
36;377.67;2019-04-11 13:38:18.0;
36;377.6;2019-04-11 13:39:44.0;
36;377.62;2019-04-11 13:40:05.0;
36;377.55;2019-04-11 13:40:27.0;
36;377.62;2019-04-11 13:40:29.0;
36;377.55;2019-04-11 13:40:30.0;
36;377.58;2019-04-11 13:40:43.0;
36;377.55;2019-04-11 13:40:45.0;
36;377.58;2019-04-11 13:40:48.0;
36;377.55;2019-04-11 13:40:49.0;
36;377.5;2019-04-11 13:41:06.0;
36;377.52;2019-04-11 13:41:18.0;
36;377.6;2019-04-11 13:44:46.0;
36;377.58;2019-04-11 13:50:25.0;
36;377.55;2019-04-11 13:50:49.0;
36;377.58;2019-04-11 13:51:18.0;
36;377.55;2019-04-11 13:51:21.0;
36;377.58;2019-04-11 13:51:22.0;
36;377.52;2019-04-11 13:51:45.0;
36;377.5;2019-04-11 13:55:47.0;
36;377.52;2019-04-11 13:56:08.0;
36;377.48;2019-04-11 13:56:15.0;
36;377.52;2019-04-11 13:59:25.0;
36;377.48;2019-04-11 14:00:47.0;
36;377.45;2019-04-11 14:00:52.0;
36;377.48;2019-04-11 14:02:58.0;
36;377.4;2019-04-11 14:05:06.0;
36;377.42;2019-04-11 14:05:11.0;
36;377.4;2019-04-11 14:05:18.0;
36;377.42;2019-04-11 14:05:32.0;
36;377.4;2019-04-11 14:05:35.0;
36;377.42;2019-04-11 14:08:19.0;
36;377.4;2019-04-11 14:08:25.0;
36;377.5;2019-04-11 14:08:32.0;
36;377.42;2019-04-11 14:08:39.0;
36;377.4;2019-04-11 14:08:46.0;
36;377.38;2019-04-11 14:10:03.0;
36;377.3;2019-04-11 14:11:04.0;
36;377.27;2019-04-11 14:11:31.0;
36;377.25;2019-04-11 14:12:14.0;
36;377.27;2019-04-11 14:12:15.0;
36;377.25;2019-04-11 14:12:17.0;
36;377.27;2019-04-11 14:12:31.0;
36;377.25;2019-04-11 14:13:14.0;
36;377.27;2019-04-11 14:13:30.0;
36;377.25;2019-04-11 14:13:46.0;
36;377.27;2019-04-11 14:16:03.0;
36;377.3;2019-04-11 14:17:15.0;
36;377.27;2019-04-11 14:17:16.0;
36;377.3;2019-04-11 14:17:18.0;
36;377.33;2019-04-11 14:17:19.0;
36;377.3;2019-04-11 14:18:48.0;
36;377.33;2019-04-11 14:18:49.0;
36;377.3;2019-04-11 14:18:51.0;
36;377.33;2019-04-11 14:18:55.0;
36;377.3;2019-04-11 14:19:44.0;
36;377.27;2019-04-11 14:20:08.0;
36;377.33;2019-04-11 14:21:14.0;
36;377.4;2019-04-11 14:21:20.0;
36;377.35;2019-04-11 14:21:24.0;
36;377.3;2019-04-11 14:21:32.0;
36;377.33;2019-04-11 14:21:35.0;
36;377.27;2019-04-11 14:23:39.0;
36;377.33;2019-04-11 14:24:06.0;
36;377.3;2019-04-11 14:25:07.0;
36;377.35;2019-04-11 14:25:44.0;
36;377.4;2019-04-11 14:25:47.0;
36;377.38;2019-04-11 14:26:06.0;
36;377.35;2019-04-11 14:26:47.0;
36;377.33;2019-04-11 14:27:07.0;
36;377.4;2019-04-11 14:27:11.0;
36;377.35;2019-04-11 14:27:24.0;
36;377.33;2019-04-11 14:27:26.0;
36;377.27;2019-04-11 14:27:43.0;
36;377.3;2019-04-11 14:28:06.0;
36;377.2;2019-04-11 14:28:13.0;
36;377.3;2019-04-11 14:28:15.0;
36;377.2;2019-04-11 14:28:16.0;
36;377.23;2019-04-11 14:28:47.0;
36;377.2;2019-04-11 14:30:08.0;
36;377.17;2019-04-11 14:30:29.0;
36;377.1;2019-04-11 14:31:06.0;
36;377.17;2019-04-11 14:31:07.0;
36;377.1;2019-04-11 14:31:09.0;
36;377.2;2019-04-11 14:31:30.0;
36;377.18;2019-04-11 14:31:35.0;
36;377.15;2019-04-11 14:31:43.0;
36;377.12;2019-04-11 14:31:48.0;
36;377.23;2019-04-11 14:32:06.0;
36;377.2;2019-04-11 14:32:12.0;
36;377.23;2019-04-11 14:32:28.0;
36;377.3;2019-04-11 14:32:36.0;
36;377.25;2019-04-11 14:32:40.0;
36;377.27;2019-04-11 14:32:44.0;
36;377.3;2019-04-11 14:33:07.0;
36;377.27;2019-04-11 14:33:09.0;
36;377.3;2019-04-11 14:33:10.0;
36;377.27;2019-04-11 14:33:38.0;
36;377.25;2019-04-11 14:34:17.0;
36;377.23;2019-04-11 14:34:23.0;
36;377.2;2019-04-11 14:34:59.0;
36;377.23;2019-04-11 14:35:10.0;
36;377.2;2019-04-11 14:35:31.0;
36;377.17;2019-04-11 14:36:02.0;
36;377.1;2019-04-11 14:36:08.0;
36;377.2;2019-04-11 14:36:21.0;
36;377.25;2019-04-11 14:36:42.0;
36;377.23;2019-04-11 14:36:52.0;
36;377.18;2019-04-11 14:36:58.0;
36;377.23;2019-04-11 14:37:00.0;
36;377.18;2019-04-11 14:37:01.0;
36;377.2;2019-04-11 14:37:37.0;
36;377.18;2019-04-11 14:37:40.0;
36;377.2;2019-04-11 14:37:44.0;
36;377.23;2019-04-11 14:38:05.0;
36;377.3;2019-04-11 14:38:39.0;
36;377.25;2019-04-11 14:38:48.0;
36;377.2;2019-04-11 14:39:00.0;
36;377.25;2019-04-11 14:39:01.0;
36;377.2;2019-04-11 14:39:02.0;
36;377.17;2019-04-11 14:39:32.0;
36;377.12;2019-04-11 14:40:11.0;
36;377.08;2019-04-11 14:40:43.0;
36;377.1;2019-04-11 14:42:03.0;
36;377.08;2019-04-11 14:42:35.0;
36;377.02;2019-04-11 14:42:40.0;
36;377;2019-04-11 14:42:45.0;
36;377.02;2019-04-11 14:42:57.0;
36;377;2019-04-11 14:43:06.0;
36;377.1;2019-04-11 14:43:19.0;
36;377.05;2019-04-11 14:43:33.0;
36;377.02;2019-04-11 14:44:26.0;
36;377;2019-04-11 14:44:30.0;
36;377.02;2019-04-11 14:44:35.0;
36;377;2019-04-11 14:44:49.0;
36;377.02;2019-04-11 14:44:50.0;
36;377;2019-04-11 14:44:52.0;
36;377.02;2019-04-11 14:45:04.0;
36;377.07;2019-04-11 14:45:07.0;
36;377;2019-04-11 14:45:41.0;
36;377.07;2019-04-11 14:45:42.0;
36;377.02;2019-04-11 14:45:44.0;
36;377.05;2019-04-11 14:46:19.0;
36;377.1;2019-04-11 14:46:24.0;
36;377.05;2019-04-11 14:46:33.0;
36;377.12;2019-04-11 14:47:12.0;
36;377.05;2019-04-11 14:47:14.0;
36;377.12;2019-04-11 14:47:15.0;
36;377.15;2019-04-11 14:47:18.0;
36;377.08;2019-04-11 14:48:03.0;
36;377.15;2019-04-11 14:48:07.0;
36;377.05;2019-04-11 14:48:08.0;
36;377.08;2019-04-11 14:48:15.0;
36;377.18;2019-04-11 14:48:24.0;
36;377.08;2019-04-11 14:48:25.0;
36;377.18;2019-04-11 14:48:27.0;
36;377.1;2019-04-11 14:48:34.0;
36;377.2;2019-04-11 14:48:42.0;
36;377.15;2019-04-11 14:48:59.0;
36;377.2;2019-04-11 14:49:01.0;
36;377.15;2019-04-11 14:49:02.0;
36;377.1;2019-04-11 14:49:22.0;
36;377.15;2019-04-11 14:49:23.0;
36;377.1;2019-04-11 14:49:25.0;
36;377.08;2019-04-11 14:49:28.0;
36;377.1;2019-04-11 14:49:29.0;
36;377.08;2019-04-11 14:49:30.0;
36;377.12;2019-04-11 14:50:23.0;
36;377.2;2019-04-11 14:50:30.0;
36;377.18;2019-04-11 14:50:38.0;
36;377.1;2019-04-11 14:51:08.0;
36;377.18;2019-04-11 14:51:09.0;
36;377.1;2019-04-11 14:51:10.0;
36;377.2;2019-04-11 14:51:16.0;
36;377.18;2019-04-11 14:51:23.0;
36;377.2;2019-04-11 14:51:25.0;
36;377.18;2019-04-11 14:51:26.0;
36;377.2;2019-04-11 14:51:33.0;
36;377.17;2019-04-11 14:52:18.0;
36;377.2;2019-04-11 14:52:21.0;
36;377.17;2019-04-11 14:52:23.0;
36;377.1;2019-04-11 14:52:27.0;
36;377.17;2019-04-11 14:52:28.0;
36;377.1;2019-04-11 14:52:30.0;
36;377.08;2019-04-11 14:53:10.0;
36;377.05;2019-04-11 14:53:21.0;
36;377.07;2019-04-11 14:53:23.0;
36;377.1;2019-04-11 14:53:32.0;
36;377.07;2019-04-11 14:53:34.0;
36;377.1;2019-04-11 14:53:35.0;
36;377.05;2019-04-11 14:54:07.0;
36;377.1;2019-04-11 14:54:09.0;
36;377.05;2019-04-11 14:54:10.0;
36;377.07;2019-04-11 14:54:15.0;
36;377.1;2019-04-11 14:54:21.0;
36;377.07;2019-04-11 14:54:26.0;
36;377.1;2019-04-11 14:54:34.0;
36;377.08;2019-04-11 14:54:38.0;
36;377.1;2019-04-11 14:55:14.0;
36;377.12;2019-04-11 14:55:18.0;
36;377.1;2019-04-11 14:56:05.0;
36;377.12;2019-04-11 14:56:06.0;
36;377.1;2019-04-11 14:56:07.0;
36;377.12;2019-04-11 14:56:51.0;
36;377.1;2019-04-11 14:57:08.0;
36;377.08;2019-04-11 14:57:20.0;
36;377.1;2019-04-11 14:57:21.0;
36;377.08;2019-04-11 14:57:24.0;
36;377.1;2019-04-11 14:57:26.0;
36;377.08;2019-04-11 14:58:23.0;
36;377.1;2019-04-11 14:58:39.0;
36;377.08;2019-04-11 14:58:42.0;
36;377.1;2019-04-11 14:58:43.0;
36;377.08;2019-04-11 15:00:09.0;
36;377.1;2019-04-11 15:00:16.0;
36;377.2;2019-04-11 15:02:02.0;
36;377.18;2019-04-11 15:02:11.0;
36;377.2;2019-04-11 15:02:16.0;
36;377.23;2019-04-11 15:02:29.0;
36;377.1;2019-04-11 15:02:49.0;
36;377.23;2019-04-11 15:02:52.0;
36;377.1;2019-04-11 15:02:53.0;
36;377.2;2019-04-11 15:03:08.0;
36;377.1;2019-04-11 15:05:23.0;
36;377.12;2019-04-11 15:05:24.0;
36;377.1;2019-04-11 15:05:28.0;
36;377.2;2019-04-11 15:06:04.0;
36;377.23;2019-04-11 15:06:08.0;
36;377.2;2019-04-11 15:06:11.0;
36;377.23;2019-04-11 15:06:13.0;
36;377.2;2019-04-11 15:06:56.0;
36;377.23;2019-04-11 15:06:57.0;
36;377.2;2019-04-11 15:06:59.0;
36;377.23;2019-04-11 15:07:15.0;
36;377.2;2019-04-11 15:07:35.0;
36;377.17;2019-04-11 15:08:10.0;
36;377.2;2019-04-11 15:09:28.0;
36;377.17;2019-04-11 15:09:29.0;
36;377.2;2019-04-11 15:09:40.0;
36;377.17;2019-04-11 15:09:43.0;
36;377.1;2019-04-11 15:10:19.0;
36;377.2;2019-04-11 15:11:08.0;
36;377.17;2019-04-11 15:11:24.0;
36;377.15;2019-04-11 15:12:26.0;
36;376.88;2019-04-11 15:13:14.0;
36;377.05;2019-04-11 15:13:20.0;
36;377.1;2019-04-11 15:13:27.0;
36;377.05;2019-04-11 15:13:29.0;
36;377.1;2019-04-11 15:13:31.0;
36;377.02;2019-04-11 15:14:03.0;
36;377;2019-04-11 15:14:55.0;
36;376.98;2019-04-11 15:15:03.0;
36;377;2019-04-11 15:15:05.0;
36;376.98;2019-04-11 15:15:06.0;
36;377;2019-04-11 15:15:18.0;
36;376.98;2019-04-11 15:18:23.0;
36;377;2019-04-11 15:18:24.0;
36;376.98;2019-04-11 15:18:25.0;
36;377.02;2019-04-11 15:18:40.0;
36;377.1;2019-04-11 15:19:15.0;
36;377.02;2019-04-11 15:19:16.0;
36;377.1;2019-04-11 15:19:17.0;
36;377.08;2019-04-11 15:19:39.0;
36;377.07;2019-04-11 15:19:43.0;
36;377.08;2019-04-11 15:19:45.0;
36;377.07;2019-04-11 15:19:46.0;
36;377.05;2019-04-11 15:19:54.0;
36;377.08;2019-04-11 15:20:19.0;
36;377.05;2019-04-11 15:20:26.0;
36;377.02;2019-04-11 15:20:29.0;
36;377;2019-04-11 15:20:49.0;
36;377.02;2019-04-11 15:22:03.0;
36;377;2019-04-11 15:22:15.0;
36;376.98;2019-04-11 15:24:52.0;
36;377;2019-04-11 15:24:53.0;
36;376.98;2019-04-11 15:24:55.0;
36;377;2019-04-11 15:24:59.0;
36;376.98;2019-04-11 15:25:04.0;
36;377;2019-04-11 15:25:23.0;
36;377.02;2019-04-11 15:25:29.0;
36;377;2019-04-11 15:25:31.0;
36;377.02;2019-04-11 15:25:32.0;
36;377;2019-04-11 15:25:44.0;
36;376.98;2019-04-11 15:26:07.0;
36;377.02;2019-04-11 15:29:12.0;
36;377;2019-04-11 15:29:25.0;
36;377.1;2019-04-11 15:30:17.0;
36;377;2019-04-11 15:30:19.0;
36;377.02;2019-04-11 15:30:23.0;
36;376.98;2019-04-11 15:30:35.0;
36;377.02;2019-04-11 15:30:36.0;
36;376.98;2019-04-11 15:30:38.0;
36;377;2019-04-11 15:30:39.0;
36;376.95;2019-04-11 15:30:42.0;
36;376.92;2019-04-11 15:30:49.0;
36;376.98;2019-04-11 15:30:51.0;
36;376.92;2019-04-11 15:30:54.0;
36;377;2019-04-11 15:30:55.0;
36;376.98;2019-04-11 15:31:04.0;
36;376.9;2019-04-11 15:31:24.0;
36;377;2019-04-11 15:31:25.0;
36;376.9;2019-04-11 15:31:27.0;
36;377;2019-04-11 15:31:29.0;
36;376.95;2019-04-11 15:31:30.0;
36;377;2019-04-11 15:31:31.0;
36;376.95;2019-04-11 15:31:33.0;
36;376.9;2019-04-11 15:31:42.0;
36;377;2019-04-11 15:32:05.0;
36;376.95;2019-04-11 15:32:11.0;
36;376.9;2019-04-11 15:32:19.0;
36;377;2019-04-11 15:32:27.0;
36;376.9;2019-04-11 15:32:35.0;
36;377;2019-04-11 15:32:42.0;
36;376.95;2019-04-11 15:32:56.0;
36;376.92;2019-04-11 15:33:06.0;
36;376.9;2019-04-11 15:33:12.0;
36;376.88;2019-04-11 15:34:27.0;
36;376.9;2019-04-11 15:34:29.0;
36;376.88;2019-04-11 15:34:31.0;
36;376.9;2019-04-11 15:34:33.0;
36;376.88;2019-04-11 15:34:47.0;
36;376.85;2019-04-11 15:34:48.0;
36;377;2019-04-11 15:35:00.0;
36;376.95;2019-04-11 15:35:09.0;
36;376.9;2019-04-11 15:35:15.0;
36;376.88;2019-04-11 15:35:20.0;
36;376.9;2019-04-11 15:35:22.0;
36;376.88;2019-04-11 15:35:24.0;
36;376.85;2019-04-11 15:35:27.0;
36;376.8;2019-04-11 15:35:39.0;
36;376.6;2019-04-11 15:36:08.0;
36;376.65;2019-04-11 15:36:12.0;
36;376.6;2019-04-11 15:36:14.0;
36;376.65;2019-04-11 15:36:15.0;
36;376.6;2019-04-11 15:36:17.0;
36;376.68;2019-04-11 15:36:24.0;
36;376.6;2019-04-11 15:36:34.0;
36;376.57;2019-04-11 15:36:48.0;
36;376.6;2019-04-11 15:36:55.0;
36;376.62;2019-04-11 15:37:23.0;
36;376.7;2019-04-11 15:37:40.0;
36;376.68;2019-04-11 15:37:48.0;
36;376.65;2019-04-11 15:38:36.0;
36;376.6;2019-04-11 15:38:43.0;
36;376.68;2019-04-11 15:38:44.0;
36;376.6;2019-04-11 15:38:46.0;
36;376.68;2019-04-11 15:38:47.0;
36;376.6;2019-04-11 15:38:54.0;
36;376.62;2019-04-11 15:38:58.0;
36;376.65;2019-04-11 15:39:17.0;
36;376.62;2019-04-11 15:39:19.0;
36;376.57;2019-04-11 15:39:31.0;
36;376.55;2019-04-11 15:39:47.0;
36;376.57;2019-04-11 15:39:48.0;
36;376.55;2019-04-11 15:39:50.0;
36;376.5;2019-04-11 15:40:04.0;
36;376.52;2019-04-11 15:40:12.0;
36;376.55;2019-04-11 15:40:15.0;
36;376.5;2019-04-11 15:40:25.0;
36;376.55;2019-04-11 15:40:27.0;
36;376.6;2019-04-11 15:40:28.0;
36;376.52;2019-04-11 15:40:31.0;
36;376.55;2019-04-11 15:40:40.0;
36;376.6;2019-04-11 15:40:45.0;
36;376.5;2019-04-11 15:40:49.0;
36;376.6;2019-04-11 15:40:51.0;
36;376.5;2019-04-11 15:40:53.0;
36;376.52;2019-04-11 15:40:59.0;
36;376.6;2019-04-11 15:41:08.0;
36;376.65;2019-04-11 15:41:26.0;
36;376.7;2019-04-11 15:41:36.0;
36;376.65;2019-04-11 15:41:38.0;
36;376.7;2019-04-11 15:41:39.0;
36;376.75;2019-04-11 15:42:48.0;
36;376.77;2019-04-11 15:42:57.0;
36;376.82;2019-04-11 15:43:12.0;
36;376.77;2019-04-11 15:43:13.0;
36;376.82;2019-04-11 15:43:15.0;
36;376.85;2019-04-11 15:43:17.0;
36;376.88;2019-04-11 15:43:23.0;
36;376.93;2019-04-11 15:44:07.0;
36;376.9;2019-04-11 15:44:13.0;
36;376.93;2019-04-11 15:44:17.0;
36;376.9;2019-04-11 15:44:36.0;
36;376.85;2019-04-11 15:44:46.0;
36;376.77;2019-04-11 15:45:23.0;
36;376.75;2019-04-11 15:45:26.0;
36;376.7;2019-04-11 15:45:28.0;
36;376.8;2019-04-11 15:45:31.0;
36;376.77;2019-04-11 15:45:36.0;
36;376.8;2019-04-11 15:45:39.0;
36;376.7;2019-04-11 15:46:08.0;
36;376.73;2019-04-11 15:46:13.0;
36;376.8;2019-04-11 15:46:23.0;
36;376.75;2019-04-11 15:46:33.0;
36;376.82;2019-04-11 15:46:52.0;
36;376.85;2019-04-11 15:46:57.0;
36;376.92;2019-04-11 15:48:04.0;
36;376.95;2019-04-11 15:48:19.0;
36;377;2019-04-11 15:48:29.0;
36;377.05;2019-04-11 15:48:35.0;
36;377;2019-04-11 15:49:15.0;
36;377.02;2019-04-11 15:50:05.0;
36;377;2019-04-11 15:50:07.0;
36;377.07;2019-04-11 15:50:17.0;
36;377.05;2019-04-11 15:50:36.0;
36;377.07;2019-04-11 15:50:45.0;
36;377.05;2019-04-11 15:51:09.0;
36;377;2019-04-11 15:51:13.0;
36;377.05;2019-04-11 15:51:15.0;
36;377.02;2019-04-11 15:51:16.0;
36;376.95;2019-04-11 15:51:21.0;
36;376.9;2019-04-11 15:51:48.0;
36;376.92;2019-04-11 15:52:04.0;
36;376.95;2019-04-11 15:52:13.0;
36;376.92;2019-04-11 15:52:14.0;
36;376.88;2019-04-11 15:52:15.0;
36;376.9;2019-04-11 15:52:22.0;
36;376.88;2019-04-11 15:52:45.0;
36;376.85;2019-04-11 15:52:47.0;
36;376.88;2019-04-11 15:52:49.0;
36;376.85;2019-04-11 15:52:50.0;
36;376.8;2019-04-11 15:53:00.0;
36;376.77;2019-04-11 15:53:13.0;
36;376.8;2019-04-11 15:53:15.0;
36;376.77;2019-04-11 15:53:16.0;
36;376.8;2019-04-11 15:53:18.0;
36;376.82;2019-04-11 15:53:49.0;
36;376.85;2019-04-11 15:54:05.0;
36;376.8;2019-04-11 15:54:09.0;
36;376.83;2019-04-11 15:54:23.0;
36;376.77;2019-04-11 15:54:56.0;
36;376.83;2019-04-11 15:54:57.0;
36;376.75;2019-04-11 15:54:59.0;
36;376.7;2019-04-11 15:55:06.0;
36;376.75;2019-04-11 15:55:08.0;
36;376.7;2019-04-11 15:55:09.0;
36;376.73;2019-04-11 15:55:21.0;
36;376.77;2019-04-11 15:55:27.0;
36;376.82;2019-04-11 15:56:12.0;
36;376.8;2019-04-11 15:56:19.0;
36;376.82;2019-04-11 15:56:20.0;
36;376.8;2019-04-11 15:56:23.0;
36;376.82;2019-04-11 15:56:24.0;
36;376.88;2019-04-11 15:57:01.0;
36;376.93;2019-04-11 15:57:08.0;
36;376.88;2019-04-11 15:57:09.0;
36;376.93;2019-04-11 15:57:10.0;
36;376.9;2019-04-11 15:57:30.0;
36;376.88;2019-04-11 15:57:37.0;
36;376.93;2019-04-11 15:57:45.0;
36;376.9;2019-04-11 15:58:16.0;
36;376.93;2019-04-11 15:58:28.0;
36;376.9;2019-04-11 15:58:36.0;
36;376.88;2019-04-11 15:59:03.0;
36;376.9;2019-04-11 15:59:08.0;
36;376.88;2019-04-11 15:59:27.0;
36;376.8;2019-04-11 15:59:33.0;
36;376.82;2019-04-11 15:59:52.0;
36;376.88;2019-04-11 16:00:04.0;
36;376.9;2019-04-11 16:00:09.0;
36;376.88;2019-04-11 16:00:17.0;
36;376.85;2019-04-11 16:00:29.0;
36;376.88;2019-04-11 16:00:34.0;
36;376.85;2019-04-11 16:01:11.0;
36;376.88;2019-04-11 16:01:17.0;
36;376.85;2019-04-11 16:01:21.0;
36;376.88;2019-04-11 16:01:23.0;
36;376.83;2019-04-11 16:01:25.0;
36;376.8;2019-04-11 16:02:06.0;
36;376.83;2019-04-11 16:02:12.0;
36;376.8;2019-04-11 16:02:13.0;
36;376.83;2019-04-11 16:02:15.0;
36;376.9;2019-04-11 16:02:16.0;
36;376.85;2019-04-11 16:02:29.0;
36;376.8;2019-04-11 16:02:34.0;
36;376.9;2019-04-11 16:03:03.0;
36;376.8;2019-04-11 16:03:04.0;
36;376.9;2019-04-11 16:03:06.0;
36;376.88;2019-04-11 16:03:11.0;
36;376.9;2019-04-11 16:04:07.0;
36;376.92;2019-04-11 16:04:35.0;
36;376.9;2019-04-11 16:04:51.0;
36;376.88;2019-04-11 16:05:12.0;
36;376.9;2019-04-11 16:05:13.0;
36;376.88;2019-04-11 16:05:15.0;
36;376.8;2019-04-11 16:06:04.0;
36;376.77;2019-04-11 16:06:07.0;
36;376.7;2019-04-11 16:06:35.0;
36;376.73;2019-04-11 16:06:43.0;
36;376.7;2019-04-11 16:07:44.0;
36;376.67;2019-04-11 16:08:05.0;
36;376.7;2019-04-11 16:08:08.0;
36;376.67;2019-04-11 16:08:09.0;
36;376.7;2019-04-11 16:08:11.0;
36;376.73;2019-04-11 16:08:17.0;
36;376.8;2019-04-11 16:08:40.0;
36;376.75;2019-04-11 16:08:50.0;
36;376.77;2019-04-11 16:08:59.0;
36;376.75;2019-04-11 16:09:09.0;
36;376.7;2019-04-11 16:09:16.0;
36;376.73;2019-04-11 16:09:18.0;
36;376.7;2019-04-11 16:09:21.0;
36;376.73;2019-04-11 16:09:22.0;
36;376.8;2019-04-11 16:10:21.0;
36;376.77;2019-04-11 16:10:33.0;
36;376.7;2019-04-11 16:11:04.0;
36;376.73;2019-04-11 16:11:12.0;
36;376.7;2019-04-11 16:11:15.0;
36;376.73;2019-04-11 16:11:43.0;
36;376.7;2019-04-11 16:11:45.0;
36;376.73;2019-04-11 16:11:46.0;
36;376.67;2019-04-11 16:12:19.0;
36;376.7;2019-04-11 16:13:25.0;
36;376.67;2019-04-11 16:13:33.0;
36;376.7;2019-04-11 16:13:39.0;
36;376.8;2019-04-11 16:14:20.0;
36;376.75;2019-04-11 16:14:22.0;
36;376.8;2019-04-11 16:14:40.0;
36;376.9;2019-04-11 16:14:51.0;
36;376.85;2019-04-11 16:14:58.0;
36;376.9;2019-04-11 16:15:00.0;
36;376.85;2019-04-11 16:15:01.0;
36;376.88;2019-04-11 16:15:03.0;
36;376.85;2019-04-11 16:15:04.0;
36;376.88;2019-04-11 16:15:08.0;
36;376.92;2019-04-11 16:15:19.0;
36;376.88;2019-04-11 16:15:22.0;
36;376.85;2019-04-11 16:15:45.0;
36;376.88;2019-04-11 16:16:06.0;
36;376.9;2019-04-11 16:16:15.0;
36;376.88;2019-04-11 16:16:18.0;
36;376.9;2019-04-11 16:16:20.0;
36;376.92;2019-04-11 16:16:25.0;
36;376.98;2019-04-11 16:17:27.0;
36;377;2019-04-11 16:17:35.0;
36;376.95;2019-04-11 16:17:44.0;
36;376.98;2019-04-11 16:17:47.0;
36;377;2019-04-11 16:18:06.0;
36;376.98;2019-04-11 16:18:09.0;
36;377;2019-04-11 16:18:13.0;
36;377.1;2019-04-11 16:21:26.0;
36;377.02;2019-04-11 16:21:31.0;
36;377;2019-04-11 16:21:34.0;
36;377.02;2019-04-11 16:22:11.0;
36;377;2019-04-11 16:22:13.0;
36;377.02;2019-04-11 16:22:14.0;
36;377;2019-04-11 16:22:17.0;
36;377.05;2019-04-11 16:22:19.0;
36;377.02;2019-04-11 16:22:31.0;
36;377.05;2019-04-11 16:22:33.0;
36;377.02;2019-04-11 16:22:34.0;
36;377.1;2019-04-11 16:22:37.0;
36;377.05;2019-04-11 16:22:43.0;
36;377.1;2019-04-11 16:22:46.0;
36;377.02;2019-04-11 16:24:11.0;
36;377.1;2019-04-11 16:24:12.0;
36;377.02;2019-04-11 16:24:15.0;
36;377.05;2019-04-11 16:24:18.0;
36;377.1;2019-04-11 16:24:39.0;
36;377.05;2019-04-11 16:24:41.0;
36;377.1;2019-04-11 16:24:42.0;
36;377.15;2019-04-11 16:25:04.0;
36;377.12;2019-04-11 16:25:35.0;
36;377.15;2019-04-11 16:26:33.0;
36;377.12;2019-04-11 16:26:36.0;
36;377.15;2019-04-11 16:27:42.0;
36;377.08;2019-04-11 16:28:03.0;
36;377.15;2019-04-11 16:28:05.0;
36;377.08;2019-04-11 16:28:07.0;
36;377.1;2019-04-11 16:28:09.0;
36;377.12;2019-04-11 16:28:12.0;
36;377.08;2019-04-11 16:28:19.0;
36;377.02;2019-04-11 16:28:31.0;
36;377.1;2019-04-11 16:29:03.0;
36;377.05;2019-04-11 16:29:05.0;
36;377.1;2019-04-11 16:29:06.0;
36;377;2019-04-11 16:29:08.0;
36;377.05;2019-04-11 16:29:22.0;
36;377.02;2019-04-11 16:29:24.0;
36;377.05;2019-04-11 16:29:26.0;
36;377.1;2019-04-11 16:29:27.0;
36;377.05;2019-04-11 16:29:30.0;
36;377.08;2019-04-11 16:29:32.0;
36;377.12;2019-04-11 16:30:06.0;
36;377.08;2019-04-11 16:30:29.0;
36;377.1;2019-04-11 16:30:39.0;
36;377.12;2019-04-11 16:30:45.0;
36;377.1;2019-04-11 16:30:46.0;
36;377.08;2019-04-11 16:31:17.0;
36;377.1;2019-04-11 16:31:39.0;
36;377.12;2019-04-11 16:31:47.0;
36;377.2;2019-04-11 16:32:05.0;
36;377.17;2019-04-11 16:32:16.0;
36;377.2;2019-04-11 16:32:37.0;
36;377.17;2019-04-11 16:32:56.0;
36;377.12;2019-04-11 16:33:38.0;
36;377.08;2019-04-11 16:34:28.0;
36;377.1;2019-04-11 16:34:41.0;
36;377.15;2019-04-11 16:35:07.0;
36;377.1;2019-04-11 16:35:19.0;
36;377.15;2019-04-11 16:35:24.0;
36;377.17;2019-04-11 16:35:27.0;
36;377.15;2019-04-11 16:35:31.0;
36;377.2;2019-04-11 16:35:40.0;
36;377.17;2019-04-11 16:36:11.0;
36;377.2;2019-04-11 16:36:13.0;
36;377.17;2019-04-11 16:36:14.0;
36;377.2;2019-04-11 16:36:17.0;
36;377.17;2019-04-11 16:36:21.0;
36;377.2;2019-04-11 16:36:22.0;
36;377.17;2019-04-11 16:36:24.0;
36;377.2;2019-04-11 16:36:25.0;
36;377.17;2019-04-11 16:36:31.0;
36;377.2;2019-04-11 16:36:40.0;
36;377.17;2019-04-11 16:36:43.0;
36;377.2;2019-04-11 16:36:48.0;
36;377.3;2019-04-11 16:37:37.0;
36;377.25;2019-04-11 16:37:42.0;
36;377.27;2019-04-11 16:38:24.0;
36;377.25;2019-04-11 16:38:27.0;
36;377.27;2019-04-11 16:38:28.0;
36;377.3;2019-04-11 16:38:33.0;
36;377.27;2019-04-11 16:40:05.0;
36;377.3;2019-04-11 16:40:15.0;
36;377.27;2019-04-11 16:40:16.0;
36;377.3;2019-04-11 16:40:17.0;
36;377.27;2019-04-11 16:41:23.0;
36;377.3;2019-04-11 16:41:27.0;
36;377.27;2019-04-11 16:42:09.0;
36;377.3;2019-04-11 16:42:12.0;
36;377.27;2019-04-11 16:42:14.0;
36;377.3;2019-04-11 16:42:17.0;
36;377.4;2019-04-11 16:42:39.0;
36;377.38;2019-04-11 16:42:44.0;
36;377.35;2019-04-11 16:42:47.0;
36;377.32;2019-04-11 16:42:56.0;
36;377.35;2019-04-11 16:43:00.0;
36;377.4;2019-04-11 16:43:07.0;
36;377.38;2019-04-11 16:43:11.0;
36;377.35;2019-04-11 16:43:18.0;
36;377.38;2019-04-11 16:43:19.0;
36;377.35;2019-04-11 16:43:24.0;
36;377.38;2019-04-11 16:43:25.0;
36;377.35;2019-04-11 16:43:27.0;
36;377.3;2019-04-11 16:43:32.0;
36;377.32;2019-04-11 16:43:36.0;
36;377.3;2019-04-11 16:43:37.0;
36;377.32;2019-04-11 16:43:38.0;
36;377.3;2019-04-11 16:43:40.0;
36;377.27;2019-04-11 16:44:32.0;
36;377.3;2019-04-11 16:44:34.0;
36;377.27;2019-04-11 16:44:35.0;
36;377.3;2019-04-11 16:44:50.0;
36;377.27;2019-04-11 16:44:52.0;
36;377.3;2019-04-11 16:44:53.0;
36;377.27;2019-04-11 16:45:11.0;
36;377.3;2019-04-11 16:45:28.0;
36;377.27;2019-04-11 16:45:43.0;
36;377.3;2019-04-11 16:45:46.0;
36;377.27;2019-04-11 16:46:07.0;
36;377.3;2019-04-11 16:46:13.0;
36;377.27;2019-04-11 16:46:59.0;
36;377.2;2019-04-11 16:47:13.0;
36;377.3;2019-04-11 16:47:20.0;
36;377.25;2019-04-11 16:47:24.0;
36;377.2;2019-04-11 16:48:02.0;
36;377.17;2019-04-11 16:48:53.0;
36;377.2;2019-04-11 16:48:54.0;
36;377.17;2019-04-11 16:48:57.0;
36;377.2;2019-04-11 16:48:59.0;
36;377.18;2019-04-11 16:50:04.0;
36;377.2;2019-04-11 16:50:16.0;
36;377.17;2019-04-11 16:51:13.0;
36;377.2;2019-04-11 16:51:16.0;
36;377.17;2019-04-11 16:51:40.0;
36;377.2;2019-04-11 16:51:41.0;
36;377.17;2019-04-11 16:51:43.0;
36;377.2;2019-04-11 16:52:04.0;
36;377.23;2019-04-11 16:53:15.0;
36;377.3;2019-04-11 16:53:35.0;
36;377.23;2019-04-11 16:53:36.0;
36;377.3;2019-04-11 16:53:37.0;
36;377.2;2019-04-11 16:53:43.0;
36;377.23;2019-04-11 16:53:46.0;
36;377.2;2019-04-11 16:53:48.0;
36;377.23;2019-04-11 16:53:50.0;
36;377.3;2019-04-11 16:54:03.0;
36;377.25;2019-04-11 16:54:09.0;
36;377.2;2019-04-11 16:54:43.0;
36;377.25;2019-04-11 16:54:45.0;
36;377.2;2019-04-11 16:54:46.0;
36;377.23;2019-04-11 16:54:56.0;
36;377.2;2019-04-11 16:54:58.0;
36;377.23;2019-04-11 16:54:59.0;
36;377.15;2019-04-11 16:55:41.0;
36;377.1;2019-04-11 16:55:52.0;
36;377.17;2019-04-11 16:56:06.0;
36;377.2;2019-04-11 16:56:17.0;
36;377.17;2019-04-11 16:56:46.0;
36;377.2;2019-04-11 16:57:04.0;
36;377.17;2019-04-11 16:57:13.0;
36;377.2;2019-04-11 16:57:14.0;
36;377.17;2019-04-11 16:57:16.0;
36;377.23;2019-04-11 16:57:21.0;
36;377.3;2019-04-11 16:57:26.0;
36;377.2;2019-04-11 16:57:33.0;
36;377.3;2019-04-11 16:57:40.0;
36;377.25;2019-04-11 16:57:44.0;
36;377.23;2019-04-11 16:58:04.0;
36;377.2;2019-04-11 16:58:08.0;
36;377.17;2019-04-11 16:58:18.0;
36;377.2;2019-04-11 16:58:19.0;
36;377.17;2019-04-11 16:58:22.0;
36;377.2;2019-04-11 16:58:23.0;
36;377.23;2019-04-11 17:00:03.0;
36;377.2;2019-04-11 17:00:05.0;
36;377.23;2019-04-11 17:00:08.0;
36;377.2;2019-04-11 17:00:09.0;
36;377.23;2019-04-11 17:00:11.0;
36;377.2;2019-04-11 17:00:13.0;
36;377.23;2019-04-11 17:00:14.0;
36;377.25;2019-04-11 17:00:21.0;
36;377.23;2019-04-11 17:00:23.0;
36;377.25;2019-04-11 17:00:24.0;
36;377.2;2019-04-11 17:00:36.0;
36;377.25;2019-04-11 17:00:48.0;
36;377.23;2019-04-11 17:00:55.0;
36;377.3;2019-04-11 17:00:57.0;
36;377.25;2019-04-11 17:00:58.0;
36;377.27;2019-04-11 17:01:15.0;
36;377.25;2019-04-11 17:01:20.0;
36;377.23;2019-04-11 17:01:48.0;
36;377.2;2019-04-11 17:02:03.0;
36;377.15;2019-04-11 17:02:19.0;
36;377.1;2019-04-11 17:02:23.0;
36;377.2;2019-04-11 17:02:32.0;
36;377.1;2019-04-11 17:03:06.0;
36;377.12;2019-04-11 17:03:13.0;
36;377.1;2019-04-11 17:03:24.0;
36;377.12;2019-04-11 17:03:25.0;
36;377.1;2019-04-11 17:03:26.0;
36;377;2019-04-11 17:03:35.0;
36;377.02;2019-04-11 17:04:05.0;
36;377;2019-04-11 17:04:06.0;
36;377.1;2019-04-11 17:04:44.0;
36;377.05;2019-04-11 17:04:52.0;
36;377.1;2019-04-11 17:04:53.0;
36;377.05;2019-04-11 17:04:55.0;
36;377.1;2019-04-11 17:04:58.0;
36;377.05;2019-04-11 17:04:59.0;
36;377.1;2019-04-11 17:05:01.0;
36;377.08;2019-04-11 17:06:28.0;
36;377;2019-04-11 17:06:32.0;
36;377.02;2019-04-11 17:07:31.0;
36;377;2019-04-11 17:07:37.0;
36;377.1;2019-04-11 17:07:44.0;
36;377;2019-04-11 17:07:47.0;
36;377.07;2019-04-11 17:07:48.0;
36;377.12;2019-04-11 17:08:03.0;
36;377.07;2019-04-11 17:08:04.0;
36;377.12;2019-04-11 17:08:06.0;
36;377.1;2019-04-11 17:08:53.0;
36;377.15;2019-04-11 17:09:13.0;
36;377.1;2019-04-11 17:09:14.0;
36;377.15;2019-04-11 17:09:16.0;
36;377.12;2019-04-11 17:09:23.0;
36;377.15;2019-04-11 17:09:26.0;
36;377.12;2019-04-11 17:09:33.0;
36;377.15;2019-04-11 17:09:45.0;
36;377.12;2019-04-11 17:09:46.0;
36;377.15;2019-04-11 17:09:48.0;
36;377.12;2019-04-11 17:10:27.0;
36;377.15;2019-04-11 17:10:59.0;
36;377.2;2019-04-11 17:12:52.0;
36;377.15;2019-04-11 17:12:54.0;
36;377.2;2019-04-11 17:12:56.0;
36;377.25;2019-04-11 17:14:57.0;
36;377.3;2019-04-11 17:15:02.0;
36;377.25;2019-04-11 17:15:03.0;
36;377.27;2019-04-11 17:15:36.0;
36;377.25;2019-04-11 17:15:37.0;
36;377.27;2019-04-11 17:15:39.0;
36;377.2;2019-04-11 17:15:48.0;
36;377.27;2019-04-11 17:15:50.0;
36;377.2;2019-04-11 17:15:51.0;
36;377.3;2019-04-11 17:16:07.0;
36;377.23;2019-04-11 17:16:09.0;
36;377.2;2019-04-11 17:16:35.0;
36;377.23;2019-04-11 17:17:37.0;
36;377.2;2019-04-11 17:17:38.0;
36;377.17;2019-04-11 17:18:30.0;
36;377.2;2019-04-11 17:18:33.0;
36;377.15;2019-04-11 17:18:35.0;
36;377.1;2019-04-11 17:18:39.0;
36;377.15;2019-04-11 17:18:44.0;
36;377.12;2019-04-11 17:18:58.0;
36;377.1;2019-04-11 17:19:04.0;
36;377.12;2019-04-11 17:19:17.0;
36;377.15;2019-04-11 17:20:28.0;
36;377.12;2019-04-11 17:20:35.0;
36;377.15;2019-04-11 17:20:41.0;
36;377.12;2019-04-11 17:20:55.0;
36;377.15;2019-04-11 17:21:15.0;
36;377.07;2019-04-11 17:22:35.0;
36;377.1;2019-04-11 17:22:55.0;
36;377.12;2019-04-11 17:23:11.0;
36;377.07;2019-04-11 17:23:23.0;
36;377.12;2019-04-11 17:23:30.0;
36;377.1;2019-04-11 17:23:49.0;
36;377.07;2019-04-11 17:24:05.0;
36;377.12;2019-04-11 17:24:12.0;
36;377.07;2019-04-11 17:24:13.0;
36;377.12;2019-04-11 17:24:15.0;
36;377.07;2019-04-11 17:24:35.0;
36;377.1;2019-04-11 17:25:01.0;
36;377.07;2019-04-11 17:25:03.0;
36;377;2019-04-11 17:25:24.0;
36;377.07;2019-04-11 17:25:25.0;
36;377;2019-04-11 17:25:27.0;
36;377.1;2019-04-11 17:25:28.0;
36;377.07;2019-04-11 17:25:34.0;
36;377.05;2019-04-11 17:25:44.0;
36;377.07;2019-04-11 17:25:45.0;
36;377.05;2019-04-11 17:25:48.0;
36;377.07;2019-04-11 17:25:49.0;
36;377;2019-04-11 17:26:10.0;
36;377.02;2019-04-11 17:26:46.0;
36;377;2019-04-11 17:27:02.0;
36;376.98;2019-04-11 17:30:13.0;
36;377;2019-04-11 17:31:27.0;
36;376.98;2019-04-11 17:31:37.0;
36;377;2019-04-11 17:32:30.0;
36;376.98;2019-04-11 17:32:31.0;
36;376.95;2019-04-11 17:32:33.0;
36;376.98;2019-04-11 17:32:38.0;
36;376.95;2019-04-11 17:32:56.0;
36;376.98;2019-04-11 17:33:03.0;
36;376.95;2019-04-11 17:33:07.0;
36;376.9;2019-04-11 17:33:39.0;
36;376.88;2019-04-11 17:34:05.0;
36;376.85;2019-04-11 17:34:54.0;
36;376.88;2019-04-11 17:35:00.0;
36;376.9;2019-04-11 17:35:12.0;
36;376.88;2019-04-11 17:35:13.0;
36;376.9;2019-04-11 17:35:15.0;
36;376.88;2019-04-11 17:35:16.0;
36;376.9;2019-04-11 17:35:19.0;
36;376.88;2019-04-11 17:35:21.0;
36;376.92;2019-04-11 17:35:37.0;
36;376.85;2019-04-11 17:36:03.0;
36;376.9;2019-04-11 17:36:50.0;
36;376.8;2019-04-11 17:36:58.0;
36;376.9;2019-04-11 17:38:20.0;
36;376.8;2019-04-11 17:38:21.0;
36;376.9;2019-04-11 17:38:23.0;
36;376.8;2019-04-11 17:38:26.0;
36;376.9;2019-04-11 17:38:29.0;
36;376.8;2019-04-11 17:38:37.0;
36;376.9;2019-04-11 17:38:40.0;
36;376.8;2019-04-11 17:38:43.0;
36;376.83;2019-04-11 17:38:52.0;
36;376.9;2019-04-11 17:38:55.0;
36;376.83;2019-04-11 17:38:57.0;
36;376.9;2019-04-11 17:38:58.0;
36;376.85;2019-04-11 17:38:59.0;
36;376.83;2019-04-11 17:39:12.0;
36;376.85;2019-04-11 17:39:13.0;
36;376.83;2019-04-11 17:39:15.0;
36;376.77;2019-04-11 17:39:26.0;
36;376.75;2019-04-11 17:39:47.0;
36;376.77;2019-04-11 17:39:48.0;
36;376.75;2019-04-11 17:39:50.0;
36;376.7;2019-04-11 17:40:04.0;
36;376.6;2019-04-11 17:40:10.0;
36;376.62;2019-04-11 17:40:18.0;
36;376.57;2019-04-11 17:40:30.0;
36;376.6;2019-04-11 17:40:36.0;
36;376.55;2019-04-11 17:40:39.0;
36;376.6;2019-04-11 17:40:52.0;
36;376.5;2019-04-11 17:41:03.0;
36;376.38;2019-04-11 17:41:09.0;
36;376.4;2019-04-11 17:41:27.0;
36;376.48;2019-04-11 17:41:40.0;
36;376.5;2019-04-11 17:42:03.0;
36;376.52;2019-04-11 17:42:12.0;
36;376.5;2019-04-11 17:42:15.0;
36;376.45;2019-04-11 17:42:27.0;
36;376.48;2019-04-11 17:42:44.0;
36;376.45;2019-04-11 17:42:47.0;
36;376.48;2019-04-11 17:42:49.0;
36;376.4;2019-04-11 17:42:51.0;
36;376.43;2019-04-11 17:42:59.0;
36;376.4;2019-04-11 17:43:11.0;
36;376.5;2019-04-11 17:43:17.0;
36;376.45;2019-04-11 17:43:20.0;
36;376.5;2019-04-11 17:43:21.0;
36;376.43;2019-04-11 17:43:23.0;
36;376.4;2019-04-11 17:43:35.0;
36;376.38;2019-04-11 17:44:37.0;
36;376.43;2019-04-11 17:44:45.0;
36;376.4;2019-04-11 17:44:51.0;
36;376.43;2019-04-11 17:44:58.0;
36;376.4;2019-04-11 17:45:05.0;
36;376.43;2019-04-11 17:45:08.0;
36;376.4;2019-04-11 17:45:09.0;
36;376.43;2019-04-11 17:45:12.0;
36;376.45;2019-04-11 17:45:43.0;
36;376.48;2019-04-11 17:46:34.0;
36;376.45;2019-04-11 17:46:40.0;
36;376.48;2019-04-11 17:46:53.0;
36;376.45;2019-04-11 17:46:54.0;
36;376.48;2019-04-11 17:46:56.0;
36;376.45;2019-04-11 17:46:59.0;
36;376.5;2019-04-11 17:47:07.0;
36;376.4;2019-04-11 17:47:10.0;
36;376.5;2019-04-11 17:47:11.0;
36;376.4;2019-04-11 17:47:13.0;
36;376.43;2019-04-11 17:47:16.0;
36;376.4;2019-04-11 17:47:30.0;
36;376.5;2019-04-11 17:48:03.0;
36;376.4;2019-04-11 17:48:05.0;
36;376.5;2019-04-11 17:48:06.0;
36;376.4;2019-04-11 17:48:11.0;
36;376.5;2019-04-11 17:48:24.0;
36;376.43;2019-04-11 17:48:39.0;
36;376.45;2019-04-11 17:48:45.0;
36;376.43;2019-04-11 17:49:07.0;
36;376.45;2019-04-11 17:49:08.0;
36;376.43;2019-04-11 17:49:10.0;
36;376.5;2019-04-11 17:49:35.0;
36;376.45;2019-04-11 17:49:50.0;
36;376.5;2019-04-11 17:50:06.0;
36;376.43;2019-04-11 17:50:13.0;
36;376.45;2019-04-11 17:50:20.0;
36;376.5;2019-04-11 17:50:23.0;
36;376.48;2019-04-11 17:50:29.0;
36;376.45;2019-04-11 17:50:32.0;
36;376.5;2019-04-11 17:50:48.0;
36;376.48;2019-04-11 17:50:51.0;
36;376.5;2019-04-11 17:50:52.0;
36;376.48;2019-04-11 17:50:54.0;
36;376.45;2019-04-11 17:50:58.0;
36;376.5;2019-04-11 17:51:01.0;
36;376.4;2019-04-11 17:51:04.0;
36;376.43;2019-04-11 17:51:08.0;
36;376.45;2019-04-11 17:51:11.0;
36;376.5;2019-04-11 17:51:19.0;
36;376.45;2019-04-11 17:51:22.0;
36;376.5;2019-04-11 17:51:24.0;
36;376.43;2019-04-11 17:51:43.0;
36;376.4;2019-04-11 17:51:49.0;
36;376.5;2019-04-11 17:52:21.0;
36;376.4;2019-04-11 17:52:22.0;
36;376.5;2019-04-11 17:52:24.0;
36;376.45;2019-04-11 17:52:25.0;
36;376.4;2019-04-11 17:52:28.0;
36;376.43;2019-04-11 17:52:42.0;
36;376.45;2019-04-11 17:52:43.0;
36;376.43;2019-04-11 17:52:44.0;
36;376.45;2019-04-11 17:52:46.0;
36;376.5;2019-04-11 17:52:49.0;
36;376.4;2019-04-11 17:52:51.0;
36;376.5;2019-04-11 17:52:57.0;
36;376.4;2019-04-11 17:53:03.0;
36;376.5;2019-04-11 17:53:12.0;
36;376.45;2019-04-11 17:53:18.0;
36;376.43;2019-04-11 17:53:23.0;
36;376.4;2019-04-11 17:53:28.0;
36;376.43;2019-04-11 17:53:34.0;
36;376.5;2019-04-11 17:53:37.0;
36;376.4;2019-04-11 17:53:47.0;
36;376.45;2019-04-11 17:54:14.0;
36;376.43;2019-04-11 17:54:19.0;
36;376.5;2019-04-11 17:54:26.0;
36;376.43;2019-04-11 17:54:28.0;
36;376.5;2019-04-11 17:54:30.0;
36;376.4;2019-04-11 17:54:38.0;
36;376.43;2019-04-11 17:54:39.0;
36;376.4;2019-04-11 17:54:40.0;
36;376.43;2019-04-11 17:54:42.0;
36;376.45;2019-04-11 17:54:45.0;
36;376.5;2019-04-11 17:54:49.0;
36;376.45;2019-04-11 17:54:53.0;
36;376.43;2019-04-11 17:55:03.0;
36;376.4;2019-04-11 17:55:35.0;
36;376.45;2019-04-11 17:55:42.0;
36;376.43;2019-04-11 17:55:49.0;
36;376.4;2019-04-11 17:56:03.0;
36;376.45;2019-04-11 17:56:17.0;
36;376.5;2019-04-11 17:57:05.0;
36;376.48;2019-04-11 17:57:09.0;
36;376.5;2019-04-11 17:57:10.0;
36;376.48;2019-04-11 17:57:12.0;
36;376.45;2019-04-11 17:57:27.0;
36;376.48;2019-04-11 17:57:34.0;
36;376.5;2019-04-11 17:57:35.0;
36;376.48;2019-04-11 17:57:48.0;
36;376.45;2019-04-11 17:58:07.0;
36;376.43;2019-04-11 17:58:14.0;
36;376.5;2019-04-11 17:58:22.0;
36;376.45;2019-04-11 17:58:26.0;
36;376.48;2019-04-11 17:58:29.0;
36;376.4;2019-04-11 17:58:45.0;
36;376.43;2019-04-11 17:58:51.0;
36;376.5;2019-04-11 17:59:50.0;
36;376.4;2019-04-11 18:00:06.0;
36;376.45;2019-04-11 18:00:14.0;
36;376.4;2019-04-11 18:00:15.0;
36;376.43;2019-04-11 18:00:40.0;
36;376.48;2019-04-11 18:00:47.0;
36;376.4;2019-04-11 18:01:03.0;
36;376.5;2019-04-11 18:01:09.0;
36;376.48;2019-04-11 18:01:14.0;
36;376.4;2019-04-11 18:01:25.0;
36;376.5;2019-04-11 18:01:28.0;
36;376.4;2019-04-11 18:01:34.0;
36;376.48;2019-04-11 18:01:36.0;
36;376.4;2019-04-11 18:01:37.0;
36;376.5;2019-04-11 18:01:39.0;
36;376.4;2019-04-11 18:02:03.0;
36;376.5;2019-04-11 18:02:05.0;
36;376.4;2019-04-11 18:02:06.0;
36;376.5;2019-04-11 18:02:32.0;
36;376.43;2019-04-11 18:02:35.0;
36;376.48;2019-04-11 18:02:41.0;
36;376.43;2019-04-11 18:02:42.0;
36;376.48;2019-04-11 18:02:44.0;
36;376.43;2019-04-11 18:03:19.0;
36;376.5;2019-04-11 18:03:34.0;
36;376.48;2019-04-11 18:03:36.0;
36;376.43;2019-04-11 18:03:39.0;
36;376.45;2019-04-11 18:03:46.0;
36;376.5;2019-04-11 18:04:03.0;
36;376.48;2019-04-11 18:04:14.0;
36;376.5;2019-04-11 18:04:20.0;
36;376.48;2019-04-11 18:04:21.0;
36;376.5;2019-04-11 18:04:23.0;
36;376.55;2019-04-11 18:04:59.0;
36;376.5;2019-04-11 18:05:03.0;
36;376.6;2019-04-11 18:05:12.0;
36;376.55;2019-04-11 18:05:25.0;
36;376.5;2019-04-11 18:05:38.0;
36;376.52;2019-04-11 18:05:42.0;
36;376.5;2019-04-11 18:06:04.0;
36;376.52;2019-04-11 18:06:13.0;
36;376.5;2019-04-11 18:06:25.0;
36;376.52;2019-04-11 18:06:37.0;
36;376.5;2019-04-11 18:06:46.0;
36;376.55;2019-04-11 18:07:03.0;
36;376.5;2019-04-11 18:07:04.0;
36;376.55;2019-04-11 18:07:06.0;
36;376.5;2019-04-11 18:07:15.0;
36;376.52;2019-04-11 18:07:21.0;
36;376.55;2019-04-11 18:07:35.0;
36;376.52;2019-04-11 18:07:40.0;
36;376.5;2019-04-11 18:08:03.0;
36;376.52;2019-04-11 18:08:04.0;
36;376.5;2019-04-11 18:08:05.0;
36;376.52;2019-04-11 18:08:16.0;
36;376.5;2019-04-11 18:08:19.0;
36;376.52;2019-04-11 18:09:14.0;
36;376.5;2019-04-11 18:09:15.0;
36;376.52;2019-04-11 18:09:21.0;
36;376.5;2019-04-11 18:09:29.0;
36;376.52;2019-04-11 18:10:13.0;
36;376.5;2019-04-11 18:10:20.0;
36;376.52;2019-04-11 18:10:26.0;
36;376.5;2019-04-11 18:10:31.0;
36;376.52;2019-04-11 18:10:35.0;
36;376.5;2019-04-11 18:10:47.0;
36;376.52;2019-04-11 18:11:27.0;
36;376.5;2019-04-11 18:11:29.0;
36;376.52;2019-04-11 18:11:31.0;
36;376.5;2019-04-11 18:11:47.0;
36;376.55;2019-04-11 18:12:05.0;
36;376.5;2019-04-11 18:12:06.0;
36;376.55;2019-04-11 18:12:07.0;
36;376.6;2019-04-11 18:12:10.0;
36;376.55;2019-04-11 18:12:12.0;
36;376.6;2019-04-11 18:12:13.0;
36;376.5;2019-04-11 18:12:20.0;
36;376.6;2019-04-11 18:12:22.0;
36;376.5;2019-04-11 18:12:24.0;
36;376.6;2019-04-11 18:12:25.0;
36;376.5;2019-04-11 18:12:56.0;
36;376.6;2019-04-11 18:12:57.0;
36;376.5;2019-04-11 18:12:59.0;
36;376.55;2019-04-11 18:13:13.0;
36;376.5;2019-04-11 18:13:18.0;
36;376.52;2019-04-11 18:13:26.0;
36;376.5;2019-04-11 18:13:27.0;
36;376.52;2019-04-11 18:13:29.0;
36;376.6;2019-04-11 18:13:36.0;
36;376.55;2019-04-11 18:13:40.0;
36;376.6;2019-04-11 18:13:43.0;
36;376.55;2019-04-11 18:13:47.0;
36;376.58;2019-04-11 18:14:04.0;
36;376.55;2019-04-11 18:14:06.0;
36;376.62;2019-04-11 18:14:07.0;
36;376.58;2019-04-11 18:14:08.0;
36;376.62;2019-04-11 18:14:10.0;
36;376.65;2019-04-11 18:14:54.0;
36;376.67;2019-04-11 18:14:56.0;
36;376.65;2019-04-11 18:14:59.0;
36;376.67;2019-04-11 18:15:00.0;
36;376.7;2019-04-11 18:15:03.0;
36;376.67;2019-04-11 18:15:05.0;
36;376.62;2019-04-11 18:15:08.0;
36;376.6;2019-04-11 18:15:13.0;
36;376.55;2019-04-11 18:15:16.0;
36;376.5;2019-04-11 18:16:06.0;
36;376.55;2019-04-11 18:16:07.0;
36;376.5;2019-04-11 18:16:08.0;
36;376.48;2019-04-11 18:16:45.0;
36;376.52;2019-04-11 18:17:17.0;
36;376.48;2019-04-11 18:17:21.0;
36;376.52;2019-04-11 18:17:37.0;
36;376.48;2019-04-11 18:17:41.0;
36;376.52;2019-04-11 18:18:05.0;
36;376.5;2019-04-11 18:18:08.0;
36;376.52;2019-04-11 18:18:11.0;
36;376.5;2019-04-11 18:18:12.0;
36;376.48;2019-04-11 18:18:15.0;
36;376.4;2019-04-11 18:18:20.0;
36;376.45;2019-04-11 18:18:30.0;
36;376.43;2019-04-11 18:18:36.0;
36;376.38;2019-04-11 18:18:43.0;
36;376.4;2019-04-11 18:18:47.0;
36;376.38;2019-04-11 18:18:48.0;
36;376.4;2019-04-11 18:18:49.0;
36;376.38;2019-04-11 18:20:18.0;
36;376.4;2019-04-11 18:20:24.0;
36;376.38;2019-04-11 18:21:31.0;
36;376.35;2019-04-11 18:21:35.0;
36;376.38;2019-04-11 18:22:11.0;
36;376.35;2019-04-11 18:22:13.0;
36;376.38;2019-04-11 18:22:15.0;
36;376.4;2019-04-11 18:22:35.0;
36;376.38;2019-04-11 18:22:36.0;
36;376.4;2019-04-11 18:22:38.0;
36;376.38;2019-04-11 18:22:43.0;
36;376.35;2019-04-11 18:23:30.0;
36;376.38;2019-04-11 18:24:31.0;
36;376.35;2019-04-11 18:24:32.0;
36;376.38;2019-04-11 18:24:34.0;
36;376.35;2019-04-11 18:24:35.0;
36;376.4;2019-04-11 18:25:15.0;
36;376.3;2019-04-11 18:26:07.0;
36;376.4;2019-04-11 18:26:10.0;
36;376.3;2019-04-11 18:26:12.0;
36;376.25;2019-04-11 18:28:03.0;
36;376.3;2019-04-11 18:28:05.0;
36;376.25;2019-04-11 18:28:06.0;
36;376.27;2019-04-11 18:29:37.0;
36;376.25;2019-04-11 18:29:38.0;
36;376.27;2019-04-11 18:29:40.0;
36;376.4;2019-04-11 18:30:36.0;
36;376.35;2019-04-11 18:30:41.0;
36;376.4;2019-04-11 18:30:44.0;
36;376.38;2019-04-11 18:31:40.0;
36;376.35;2019-04-11 18:32:38.0;
36;376.38;2019-04-11 18:32:44.0;
36;376.4;2019-04-11 18:32:59.0;
36;376.42;2019-04-11 18:33:06.0;
36;376.4;2019-04-11 18:33:08.0;
36;376.35;2019-04-11 18:33:36.0;
36;376.38;2019-04-11 18:33:44.0;
36;376.35;2019-04-11 18:34:03.0;
36;376.38;2019-04-11 18:34:04.0;
36;376.35;2019-04-11 18:34:05.0;
36;376.38;2019-04-11 18:34:07.0;
36;376.4;2019-04-11 18:34:30.0;
36;376.38;2019-04-11 18:34:38.0;
36;376.35;2019-04-11 18:34:49.0;
36;376.38;2019-04-11 18:34:55.0;
36;376.4;2019-04-11 18:35:06.0;
36;376.38;2019-04-11 18:35:07.0;
36;376.4;2019-04-11 18:35:10.0;
36;376.38;2019-04-11 18:35:11.0;
36;376.4;2019-04-11 18:35:22.0;
36;376.38;2019-04-11 18:35:35.0;
36;376.4;2019-04-11 18:36:05.0;
36;376.38;2019-04-11 18:36:12.0;
36;376.35;2019-04-11 18:36:24.0;
36;376.4;2019-04-11 18:36:31.0;
36;376.42;2019-04-11 18:40:21.0;
36;376.4;2019-04-11 18:41:24.0;
36;376.38;2019-04-11 18:41:31.0;
36;376.4;2019-04-11 18:41:32.0;
36;376.38;2019-04-11 18:41:33.0;
36;376.4;2019-04-11 18:41:36.0;
36;376.38;2019-04-11 18:41:43.0;
36;376.4;2019-04-11 18:41:47.0;
36;376.42;2019-04-11 18:44:24.0;
36;376.4;2019-04-11 18:44:34.0;
36;376.42;2019-04-11 18:44:37.0;
36;376.4;2019-04-11 18:44:38.0;
36;376.38;2019-04-11 18:45:18.0;
36;376.4;2019-04-11 18:45:19.0;
36;376.38;2019-04-11 18:45:21.0;
36;376.4;2019-04-11 18:45:22.0;
36;376.38;2019-04-11 18:46:33.0;
36;376.4;2019-04-11 18:46:36.0;
36;376.38;2019-04-11 18:46:37.0;
36;376.4;2019-04-11 18:46:39.0;
36;376.38;2019-04-11 18:46:40.0;
36;376.42;2019-04-11 18:51:43.0;
36;376.4;2019-04-11 18:52:06.0;
36;376.42;2019-04-11 18:52:31.0;
36;376.48;2019-04-11 18:54:03.0;
36;376.42;2019-04-11 18:54:04.0;
36;376.48;2019-04-11 18:54:06.0;
36;376.52;2019-04-11 18:54:13.0;
36;376.5;2019-04-11 18:54:26.0;
36;376.52;2019-04-11 18:54:29.0;
36;376.5;2019-04-11 18:54:31.0;
36;376.55;2019-04-11 18:54:38.0;
36;376.57;2019-04-11 18:55:22.0;
36;376.6;2019-04-11 18:56:56.0;
36;376.62;2019-04-11 18:57:20.0;
36;376.6;2019-04-11 18:57:21.0;
36;376.62;2019-04-11 18:57:23.0;
36;376.6;2019-04-11 18:57:28.0;
36;376.55;2019-04-11 18:58:07.0;
36;376.5;2019-04-11 18:58:15.0;
36;376.48;2019-04-11 18:59:48.0;
36;376.5;2019-04-11 18:59:50.0;
36;376.48;2019-04-11 18:59:51.0;
36;376.5;2019-04-11 19:00:10.0;
36;376.48;2019-04-11 19:00:15.0;
36;376.5;2019-04-11 19:01:05.0;
36;376.48;2019-04-11 19:01:07.0;
36;376.5;2019-04-11 19:01:08.0;
36;376.52;2019-04-11 19:01:17.0;
36;376.5;2019-04-11 19:01:49.0;
36;376.52;2019-04-11 19:02:13.0;
36;376.6;2019-04-11 19:09:31.0;
36;376.52;2019-04-11 19:09:32.0;
36;376.6;2019-04-11 19:09:33.0;
36;376.58;2019-04-11 19:09:35.0;
36;376.55;2019-04-11 19:10:24.0;
36;376.58;2019-04-11 19:13:09.0;
36;376.55;2019-04-11 19:13:15.0;
36;376.58;2019-04-11 19:13:22.0;
36;376.55;2019-04-11 19:14:02.0;
36;376.58;2019-04-11 19:14:31.0;
36;376.55;2019-04-11 19:14:53.0;
36;376.6;2019-04-11 19:14:58.0;
36;376.62;2019-04-11 19:15:32.0;
36;376.5;2019-04-11 19:24:33.0;
36;376.6;2019-04-11 19:24:37.0;
36;376.55;2019-04-11 19:24:40.0;
36;376.6;2019-04-11 19:24:41.0;
36;376.55;2019-04-11 19:24:42.0;
36;376.5;2019-04-11 19:24:48.0;
36;376.6;2019-04-11 19:26:18.0;
36;376.55;2019-04-11 19:26:24.0;
36;376.57;2019-04-11 19:26:54.0;
36;376.6;2019-04-11 19:27:06.0;
36;376.58;2019-04-11 19:30:38.0;
36;376.6;2019-04-11 19:30:39.0;
36;376.58;2019-04-11 19:30:41.0;
36;376.6;2019-04-11 19:31:14.0;
36;376.58;2019-04-11 19:31:28.0;
36;376.6;2019-04-11 19:31:29.0;
36;376.58;2019-04-11 19:31:30.0;
36;376.55;2019-04-11 19:31:43.0;
36;376.58;2019-04-11 19:31:45.0;
36;376.55;2019-04-11 19:31:46.0;
36;376.52;2019-04-11 19:32:04.0;
36;376.5;2019-04-11 19:32:16.0;
36;376.6;2019-04-11 19:32:31.0;
36;376.55;2019-04-11 19:32:36.0;
36;376.57;2019-04-11 19:35:28.0;
36;376.55;2019-04-11 19:35:40.0;
36;376.57;2019-04-11 19:35:41.0;
36;376.55;2019-04-11 19:35:42.0;
36;376.6;2019-04-11 19:36:03.0;
36;376.5;2019-04-11 19:36:12.0;
36;376.55;2019-04-11 19:36:25.0;
36;376.6;2019-04-11 19:36:26.0;
36;376.55;2019-04-11 19:36:30.0;
36;376.6;2019-04-11 19:36:31.0;
36;376.5;2019-04-11 19:37:40.0;
36;376.6;2019-04-11 19:37:48.0;
36;376.52;2019-04-11 19:38:05.0;
36;376.5;2019-04-11 19:38:12.0;
36;376.52;2019-04-11 19:38:13.0;
36;376.5;2019-04-11 19:38:15.0;
36;376.52;2019-04-11 19:38:51.0;
36;376.5;2019-04-11 19:38:59.0;
36;376.52;2019-04-11 19:39:01.0;
36;376.5;2019-04-11 19:39:03.0;
36;376.52;2019-04-11 19:39:32.0;
36;376.5;2019-04-11 19:39:38.0;
36;376.52;2019-04-11 19:39:52.0;
36;376.5;2019-04-11 19:40:23.0;
36;376.52;2019-04-11 19:40:31.0;
36;376.5;2019-04-11 19:40:50.0;
36;376.52;2019-04-11 19:41:01.0;
36;376.5;2019-04-11 19:41:08.0;
36;376.52;2019-04-11 19:41:33.0;
36;376.5;2019-04-11 19:41:38.0;
36;376.52;2019-04-11 19:42:17.0;
36;376.5;2019-04-11 19:42:19.0;
36;376.52;2019-04-11 19:42:20.0;
36;376.5;2019-04-11 19:42:21.0;
36;376.52;2019-04-11 19:43:17.0;
36;376.5;2019-04-11 19:43:44.0;
36;376.52;2019-04-11 19:43:48.0;
36;376.6;2019-04-11 19:45:44.0;
36;376.5;2019-04-11 19:46:06.0;
36;376.6;2019-04-11 19:46:30.0;
36;376.5;2019-04-11 19:46:32.0;
36;376.6;2019-04-11 19:46:33.0;
36;376.55;2019-04-11 19:46:36.0;
36;376.6;2019-04-11 19:46:37.0;
36;376.5;2019-04-11 19:48:52.0;
36;376.6;2019-04-11 19:48:54.0;
36;376.5;2019-04-11 19:48:55.0;
36;376.6;2019-04-11 19:49:34.0;
36;376.5;2019-04-11 19:49:35.0;
36;376.6;2019-04-11 19:49:37.0;
36;376.5;2019-04-11 19:49:40.0;
36;376.55;2019-04-11 19:49:43.0;
36;376.5;2019-04-11 19:49:46.0;
36;376.55;2019-04-11 19:49:47.0;
36;376.52;2019-04-11 19:50:42.0;
36;376.6;2019-04-11 19:50:44.0;
36;376.52;2019-04-11 19:50:45.0;
36;376.6;2019-04-11 19:50:46.0;
36;376.55;2019-04-11 19:50:55.0;
36;376.6;2019-04-11 19:51:24.0;
36;376.5;2019-04-11 19:52:02.0;
36;376.6;2019-04-11 19:52:04.0;
36;376.5;2019-04-11 19:52:06.0;
36;376.6;2019-04-11 19:52:08.0;
36;376.5;2019-04-11 19:52:28.0;
36;376.52;2019-04-11 19:52:59.0;
36;376.55;2019-04-11 19:53:06.0;
36;376.52;2019-04-11 19:53:08.0;
36;376.55;2019-04-11 19:53:09.0;
36;376.52;2019-04-11 19:53:16.0;
36;376.5;2019-04-11 19:53:23.0;
36;376.52;2019-04-11 19:53:25.0;
36;376.5;2019-04-11 19:53:26.0;
36;376.6;2019-04-11 19:53:29.0;
36;376.55;2019-04-11 19:53:39.0;
36;376.6;2019-04-11 19:54:05.0;
36;376.55;2019-04-11 19:54:06.0;
36;376.6;2019-04-11 19:54:07.0;
36;376.52;2019-04-11 19:54:13.0;
36;376.55;2019-04-11 19:54:17.0;
36;376.5;2019-04-11 19:54:28.0;
36;376.52;2019-04-11 19:54:33.0;
36;376.5;2019-04-11 19:55:06.0;
36;376.52;2019-04-11 19:55:15.0;
36;376.5;2019-04-11 19:55:17.0;
36;376.52;2019-04-11 19:55:18.0;
36;376.5;2019-04-11 19:55:23.0;
36;376.48;2019-04-11 19:55:39.0;
36;376.5;2019-04-11 19:55:40.0;
36;376.48;2019-04-11 19:55:42.0;
36;376.5;2019-04-11 19:56:21.0;
36;376.52;2019-04-11 19:57:30.0;
36;376.5;2019-04-11 19:57:42.0;
36;376.52;2019-04-11 19:57:50.0;
36;376.5;2019-04-11 19:58:19.0;
36;376.52;2019-04-11 19:58:53.0;
36;376.5;2019-04-11 19:58:55.0;
36;376.52;2019-04-11 20:00:22.0;
36;376.5;2019-04-11 20:00:31.0;
36;376.4;2019-04-11 20:00:43.0;
36;376.38;2019-04-11 20:01:10.0;
36;376.4;2019-04-11 20:01:16.0;
36;376.43;2019-04-11 20:01:19.0;
36;376.4;2019-04-11 20:01:26.0;
36;376.42;2019-04-11 20:02:48.0;
36;376.5;2019-04-11 20:05:35.0;
36;376.55;2019-04-11 20:05:38.0;
36;376.6;2019-04-11 20:05:45.0;
36;376.5;2019-04-11 20:05:47.0;
36;376.6;2019-04-11 20:05:48.0;
36;376.5;2019-04-11 20:05:50.0;
36;376.45;2019-04-11 20:06:06.0;
36;376.5;2019-04-11 20:06:25.0;
36;376.4;2019-04-11 20:06:43.0;
36;376.43;2019-04-11 20:07:08.0;
36;376.5;2019-04-11 20:07:11.0;
36;376.43;2019-04-11 20:07:12.0;
36;376.5;2019-04-11 20:07:13.0;
36;376.43;2019-04-11 20:07:20.0;
36;376.4;2019-04-11 20:07:31.0;
36;376.38;2019-04-11 20:08:08.0;
36;376.4;2019-04-11 20:08:12.0;
36;376.43;2019-04-11 20:08:29.0;
36;376.5;2019-04-11 20:08:39.0;
36;376.4;2019-04-11 20:08:44.0;
36;376.43;2019-04-11 20:08:47.0;
36;376.4;2019-04-11 20:08:49.0;
36;376.43;2019-04-11 20:08:50.0;
36;376.4;2019-04-11 20:08:52.0;
36;376.43;2019-04-11 20:08:56.0;
36;376.4;2019-04-11 20:09:25.0;
36;376.5;2019-04-11 20:09:37.0;
36;376.43;2019-04-11 20:09:39.0;
36;376.4;2019-04-11 20:09:46.0;
36;376.43;2019-04-11 20:10:21.0;
36;376.4;2019-04-11 20:10:32.0;
36;376.43;2019-04-11 20:10:54.0;
36;376.4;2019-04-11 20:11:03.0;
36;376.43;2019-04-11 20:11:22.0;
36;376.4;2019-04-11 20:11:28.0;
36;376.5;2019-04-11 20:11:35.0;
36;376.4;2019-04-11 20:14:10.0;
36;376.42;2019-04-11 20:14:21.0;
36;376.4;2019-04-11 20:16:31.0;
36;376.38;2019-04-11 20:17:03.0;
36;376.35;2019-04-11 20:17:16.0;
36;376.38;2019-04-11 20:17:17.0;
36;376.35;2019-04-11 20:17:19.0;
36;376.38;2019-04-11 20:17:23.0;
36;376.4;2019-04-11 20:17:27.0;
36;376.43;2019-04-11 20:18:44.0;
36;376.5;2019-04-11 20:18:47.0;
36;376.45;2019-04-11 20:18:56.0;
36;376.5;2019-04-11 20:19:00.0;
36;376.43;2019-04-11 20:19:09.0;
36;376.4;2019-04-11 20:19:14.0;
36;376.38;2019-04-11 20:25:35.0;
36;376.4;2019-04-11 20:26:19.0;
36;376.38;2019-04-11 20:29:39.0;
36;376.4;2019-04-11 20:31:26.0;
36;376.43;2019-04-11 20:31:29.0;
36;376.4;2019-04-11 20:31:31.0;
36;376.43;2019-04-11 20:31:32.0;
36;376.4;2019-04-11 20:31:34.0;
36;376.43;2019-04-11 20:31:49.0;
36;376.4;2019-04-11 20:32:05.0;
36;376.43;2019-04-11 20:32:10.0;
36;376.4;2019-04-11 20:32:26.0;
36;376.43;2019-04-11 20:32:37.0;
36;376.4;2019-04-11 20:32:40.0;
36;376.43;2019-04-11 20:34:23.0;
36;376.4;2019-04-11 20:34:26.0;
36;376.43;2019-04-11 20:34:27.0;
36;376.4;2019-04-11 20:34:35.0;
36;376.43;2019-04-11 20:34:36.0;
36;376.4;2019-04-11 20:34:38.0;
36;376.43;2019-04-11 20:36:04.0;
36;376.4;2019-04-11 20:36:27.0;
36;376.43;2019-04-11 20:36:30.0;
36;376.4;2019-04-11 20:36:31.0;
36;376.43;2019-04-11 20:36:33.0;
36;376.4;2019-04-11 20:37:04.0;
36;376.43;2019-04-11 20:37:12.0;
36;376.4;2019-04-11 20:37:21.0;
36;376.43;2019-04-11 20:37:25.0;
36;376.4;2019-04-11 20:37:36.0;
36;376.43;2019-04-11 20:37:37.0;
36;376.4;2019-04-11 20:37:40.0;
36;376.43;2019-04-11 20:37:41.0;
36;376.4;2019-04-11 20:38:03.0;
36;376.43;2019-04-11 20:39:22.0;
36;376.4;2019-04-11 20:39:35.0;
36;376.43;2019-04-11 20:42:55.0;
36;376.4;2019-04-11 20:43:04.0;
36;376.43;2019-04-11 20:43:05.0;
36;376.4;2019-04-11 20:43:06.0;
36;376.43;2019-04-11 20:43:09.0;
36;376.4;2019-04-11 20:43:15.0;
36;376.43;2019-04-11 20:43:17.0;
36;376.5;2019-04-11 20:43:19.0;
36;376.45;2019-04-11 20:43:32.0;
36;376.42;2019-04-11 20:45:06.0;
36;376.33;2019-04-11 20:50:11.0;
36;376.4;2019-04-11 20:51:09.0;
36;376.38;2019-04-11 20:52:07.0;
36;376.4;2019-04-11 20:52:30.0;
36;376.5;2019-04-11 20:53:14.0;
36;376.4;2019-04-11 20:53:18.0;
36;376.5;2019-04-11 20:53:20.0;
36;376.4;2019-04-11 20:53:21.0;
36;376.43;2019-04-11 20:53:34.0;
36;376.4;2019-04-11 20:54:03.0;
36;376.42;2019-04-11 20:54:36.0;
36;376.4;2019-04-11 20:54:37.0;
36;376.42;2019-04-11 20:54:38.0;
36;376.5;2019-04-11 20:54:43.0;
36;376.45;2019-04-11 20:54:51.0;
36;376.42;2019-04-11 20:55:10.0;
36;376.5;2019-04-11 20:55:12.0;
36;376.45;2019-04-11 20:55:20.0;
36;376.5;2019-04-11 20:55:21.0;
36;376.45;2019-04-11 20:55:23.0;
36;376.4;2019-04-11 20:55:28.0;
36;376.45;2019-04-11 20:55:30.0;
36;376.4;2019-04-11 20:55:31.0;
36;376.5;2019-04-11 20:55:38.0;
36;376.45;2019-04-11 20:55:44.0;
36;376.42;2019-04-11 20:56:12.0;
36;376.45;2019-04-11 20:56:13.0;
36;376.42;2019-04-11 20:56:14.0;
36;376.4;2019-04-11 20:56:16.0;
36;376.42;2019-04-11 20:56:27.0;
36;376.4;2019-04-11 20:58:04.0;
36;376.5;2019-04-11 21:01:10.0;
36;376.4;2019-04-11 21:01:12.0;
36;376.5;2019-04-11 21:01:13.0;
36;376.45;2019-04-11 21:01:16.0;
36;376.5;2019-04-11 21:01:17.0;
36;376.45;2019-04-11 21:01:18.0;
36;376.48;2019-04-11 21:01:20.0;
36;376.45;2019-04-11 21:01:23.0;
36;376.48;2019-04-11 21:01:24.0;
36;376.45;2019-04-11 21:01:26.0;
36;376.5;2019-04-11 21:02:03.0;
36;376.48;2019-04-11 21:02:09.0;
36;376.5;2019-04-11 21:02:16.0;
36;376.48;2019-04-11 21:02:24.0;
36;376.5;2019-04-11 21:02:39.0;
36;376.6;2019-04-11 21:04:27.0;
36;376.5;2019-04-11 21:04:43.0;
36;376.6;2019-04-11 21:04:49.0;
36;376.5;2019-04-11 21:04:54.0;
36;376.6;2019-04-11 21:04:55.0;
36;376.5;2019-04-11 21:04:57.0;
36;376.6;2019-04-11 21:04:58.0;
36;376.5;2019-04-11 21:05:04.0;
36;376.6;2019-04-11 21:05:10.0;
36;376.5;2019-04-11 21:05:15.0;
36;376.6;2019-04-11 21:05:18.0;
36;376.5;2019-04-11 21:05:20.0;
36;376.6;2019-04-11 21:05:21.0;
36;376.5;2019-04-11 21:05:23.0;
36;376.6;2019-04-11 21:05:24.0;
36;376.5;2019-04-11 21:05:26.0;
36;376.6;2019-04-11 21:05:28.0;
36;376.55;2019-04-11 21:05:34.0;
36;376.6;2019-04-11 21:05:39.0;
36;376.55;2019-04-11 21:05:41.0;
36;376.6;2019-04-11 21:05:42.0;
36;376.5;2019-04-11 21:07:12.0;
36;376.65;2019-04-11 21:07:26.0;
36;376.62;2019-04-11 21:08:22.0;
36;376.65;2019-04-11 21:12:04.0;
36;376.62;2019-04-11 21:12:05.0;
36;376.65;2019-04-11 21:12:08.0;
36;376.62;2019-04-11 21:13:08.0;
36;376.67;2019-04-11 21:15:35.0;
36;376.6;2019-04-11 21:17:36.0;
36;376.65;2019-04-11 21:18:03.0;
36;376.6;2019-04-11 21:18:04.0;
36;376.65;2019-04-11 21:18:06.0;
36;376.62;2019-04-11 21:20:07.0;
36;376.7;2019-04-11 21:30:52.0;
36;376.62;2019-04-11 21:30:53.0;
36;376.7;2019-04-11 21:30:55.0;
36;376.67;2019-04-11 21:31:05.0;
36;376.7;2019-04-11 21:32:53.0;
36;376.67;2019-04-11 21:33:18.0;
36;376.6;2019-04-11 21:34:04.0;
36;376.65;2019-04-11 21:34:11.0;
36;376.67;2019-04-11 21:34:14.0;
36;376.65;2019-04-11 21:34:20.0;
36;376.62;2019-04-11 21:34:27.0;
36;376.65;2019-04-11 21:34:29.0;
36;376.62;2019-04-11 21:34:30.0;
36;376.65;2019-04-11 21:34:33.0;
36;376.6;2019-04-11 21:36:02.0;
36;376.7;2019-04-11 21:36:08.0;
36;376.6;2019-04-11 21:36:19.0;
36;376.65;2019-04-11 21:36:27.0;
36;376.7;2019-04-11 21:36:39.0;
36;376.8;2019-04-11 21:37:24.0;
36;376.7;2019-04-11 21:37:25.0;
36;376.8;2019-04-11 21:37:27.0;
36;376.7;2019-04-11 21:37:28.0;
36;376.68;2019-04-11 21:38:20.0;
36;376.7;2019-04-11 21:38:22.0;
36;376.68;2019-04-11 21:38:52.0;
36;376.7;2019-04-11 21:38:58.0;
36;376.73;2019-04-11 21:39:04.0;
36;376.7;2019-04-11 21:39:12.0;
36;376.68;2019-04-11 21:39:36.0;
36;376.7;2019-04-11 21:39:37.0;
36;376.68;2019-04-11 21:39:40.0;
36;376.7;2019-04-11 21:39:44.0;
36;376.73;2019-04-11 21:40:04.0;
36;376.7;2019-04-11 21:40:06.0;
36;376.73;2019-04-11 21:40:08.0;
36;376.7;2019-04-11 21:40:10.0;
36;376.68;2019-04-11 21:40:15.0;
36;376.7;2019-04-11 21:40:18.0;
36;376.65;2019-04-11 21:40:27.0;
36;376.7;2019-04-11 21:40:34.0;
36;376.68;2019-04-11 21:40:45.0;
36;376.7;2019-04-11 21:41:17.0;
36;376.6;2019-04-11 21:41:18.0;
36;376.7;2019-04-11 21:41:20.0;
36;376.6;2019-04-11 21:41:21.0;
36;376.65;2019-04-11 21:41:28.0;
36;376.68;2019-04-11 21:41:35.0;
36;376.7;2019-04-11 21:41:39.0;
36;376.68;2019-04-11 21:41:46.0;
36;376.6;2019-04-11 21:41:48.0;
36;376.68;2019-04-11 21:41:49.0;
36;376.6;2019-04-11 21:41:50.0;
36;376.65;2019-04-11 21:42:03.0;
36;376.7;2019-04-11 21:42:09.0;
36;376.6;2019-04-11 21:42:14.0;
36;376.7;2019-04-11 21:42:17.0;
36;376.68;2019-04-11 21:42:19.0;
36;376.7;2019-04-11 21:42:40.0;
36;376.68;2019-04-11 21:43:06.0;
36;376.7;2019-04-11 21:43:20.0;
36;376.68;2019-04-11 21:43:26.0;
36;376.7;2019-04-11 21:43:27.0;
36;376.68;2019-04-11 21:43:28.0;
36;376.7;2019-04-11 21:43:41.0;
36;376.68;2019-04-11 21:43:42.0;
36;376.7;2019-04-11 21:43:46.0;
36;376.8;2019-04-11 21:44:24.0;
36;376.77;2019-04-11 21:44:29.0;
36;376.73;2019-04-11 21:44:31.0;
36;376.7;2019-04-11 21:44:37.0;
36;376.73;2019-04-11 21:44:39.0;
36;376.7;2019-04-11 21:45:10.0;
36;376.8;2019-04-11 21:45:16.0;
36;376.75;2019-04-11 21:45:24.0;
36;376.8;2019-04-11 21:45:26.0;
36;376.75;2019-04-11 21:45:27.0;
36;376.73;2019-04-11 21:46:15.0;
36;376.7;2019-04-11 21:46:21.0;
36;376.68;2019-04-11 21:46:44.0;
36;376.7;2019-04-11 21:47:00.0;
36;376.68;2019-04-11 21:47:07.0;
36;376.7;2019-04-11 21:47:08.0;
36;376.68;2019-04-11 21:47:11.0;
36;376.73;2019-04-11 21:47:13.0;
36;376.68;2019-04-11 21:47:19.0;
36;376.65;2019-04-11 21:49:11.0;
36;376.7;2019-04-11 21:49:28.0;
36;376.68;2019-04-11 21:49:31.0;
36;376.7;2019-04-11 21:49:32.0;
36;376.68;2019-04-11 21:49:34.0;
36;376.7;2019-04-11 21:49:39.0;
36;376.68;2019-04-11 21:50:25.0;
36;376.7;2019-04-11 21:50:32.0;
36;376.68;2019-04-11 21:51:07.0;
36;376.7;2019-04-11 21:51:16.0;
36;376.68;2019-04-11 21:51:17.0;
36;376.7;2019-04-11 21:51:20.0;
36;376.68;2019-04-11 21:51:32.0;
36;376.65;2019-04-11 21:52:04.0;
36;376.7;2019-04-11 21:52:55.0;
36;376.67;2019-04-11 21:53:15.0;
36;376.7;2019-04-11 21:53:24.0;
36;376.67;2019-04-11 21:53:25.0;
36;376.7;2019-04-11 21:53:27.0;
36;376.67;2019-04-11 21:53:36.0;
36;376.73;2019-04-11 21:53:48.0;
36;376.67;2019-04-11 21:53:49.0;
36;376.73;2019-04-11 21:53:51.0;
36;376.8;2019-04-11 21:54:07.0;
36;376.73;2019-04-11 21:54:10.0;
36;376.8;2019-04-11 21:54:11.0;
36;376.82;2019-04-11 21:54:27.0;
36;376.77;2019-04-11 21:54:31.0;
36;376.6;2019-04-11 21:54:35.0;
36;376.7;2019-04-11 21:54:40.0;
36;376.6;2019-04-11 21:54:41.0;
36;376.7;2019-04-11 21:54:43.0;
36;376.67;2019-04-11 21:54:48.0;
36;376.8;2019-04-11 21:54:55.0;
36;376.75;2019-04-11 21:55:00.0;
36;376.77;2019-04-11 21:55:08.0;
36;376.8;2019-04-11 21:55:16.0;
36;376.77;2019-04-11 21:55:27.0;
36;376.8;2019-04-11 21:55:35.0;
36;376.77;2019-04-11 21:55:36.0;
36;376.8;2019-04-11 21:55:39.0;
36;376.77;2019-04-11 21:56:05.0;
36;376.75;2019-04-11 21:56:29.0;
36;376.77;2019-04-11 21:56:39.0;
36;376.8;2019-04-11 21:56:57.0;
36;376.77;2019-04-11 21:57:11.0;
36;376.7;2019-04-11 21:57:24.0;
36;376.67;2019-04-11 21:57:30.0;
36;376.73;2019-04-11 21:57:35.0;
36;376.7;2019-04-11 21:58:11.0;
36;376.73;2019-04-11 21:58:14.0;
36;376.77;2019-04-11 21:58:16.0;
36;376.8;2019-04-11 21:58:19.0;
36;376.77;2019-04-11 21:58:21.0;
36;376.8;2019-04-11 21:58:22.0;
36;376.7;2019-04-11 21:58:23.0;
36;376.8;2019-04-11 21:58:25.0;
36;376.7;2019-04-11 21:58:26.0;
36;376.73;2019-04-11 21:58:30.0;
36;376.7;2019-04-11 21:58:36.0;
36;376.73;2019-04-11 21:58:39.0;
36;376.7;2019-04-11 21:58:41.0;
36;376.73;2019-04-11 21:58:42.0;
36;376.7;2019-04-11 21:58:52.0;
36;376.75;2019-04-11 21:59:00.0;
36;376.7;2019-04-11 21:59:04.0;
36;376.75;2019-04-11 21:59:05.0;
36;376.7;2019-04-11 21:59:07.0;
36;376.8;2019-04-11 21:59:08.0;
36;376.77;2019-04-11 21:59:11.0;
36;376.75;2019-04-11 21:59:15.0;
36;376.77;2019-04-11 21:59:17.0;
36;376.75;2019-04-11 21:59:18.0;
36;376.73;2019-04-11 21:59:24.0;
36;376.75;2019-04-11 21:59:25.0;
36;376.73;2019-04-11 21:59:26.0;
36;376.77;2019-04-11 21:59:29.0;
36;376.73;2019-04-11 21:59:30.0;
36;376.77;2019-04-11 21:59:32.0;
36;376.73;2019-04-11 21:59:33.0;
36;376.77;2019-04-11 22:00:06.0;
36;376.73;2019-04-11 22:00:12.0;
36;376.77;2019-04-11 22:00:13.0;
36;376.73;2019-04-11 22:00:16.0;
36;376.7;2019-04-11 22:00:21.0;
36;376.75;2019-04-11 22:00:24.0;
36;376.73;2019-04-11 22:00:29.0;
36;376.7;2019-04-11 22:00:36.0;
36;376.68;2019-04-11 22:01:31.0;
36;376.65;2019-04-11 22:01:38.0;
36;376.7;2019-04-11 22:03:07.0;
36;376.6;2019-04-11 22:03:12.0;
36;376.7;2019-04-11 22:03:13.0;
36;376.6;2019-04-11 22:03:15.0;
36;376.65;2019-04-11 22:03:18.0;
36;376.6;2019-04-11 22:03:23.0;
36;376.62;2019-04-11 22:03:36.0;
36;376.65;2019-04-11 22:03:49.0;
36;376.62;2019-04-11 22:04:20.0;
36;376.65;2019-04-11 22:04:22.0;
36;376.62;2019-04-11 22:04:23.0;
36;376.65;2019-04-11 22:04:43.0;
36;376.62;2019-04-11 22:04:44.0;
36;376.65;2019-04-11 22:04:47.0;
36;376.62;2019-04-11 22:06:09.0;
36;376.65;2019-04-11 22:06:13.0;
36;376.62;2019-04-11 22:06:17.0;
36;376.65;2019-04-11 22:06:19.0;
36;376.62;2019-04-11 22:06:20.0;
36;376.65;2019-04-11 22:06:21.0;
36;376.62;2019-04-11 22:06:24.0;
36;376.65;2019-04-11 22:07:03.0;
36;376.62;2019-04-11 22:07:32.0;
36;376.65;2019-04-11 22:07:37.0;
36;376.62;2019-04-11 22:08:05.0;
36;376.65;2019-04-11 22:08:23.0;
36;376.62;2019-04-11 22:08:53.0;
36;376.65;2019-04-11 22:09:00.0;
36;376.62;2019-04-11 22:09:16.0;
36;376.8;2019-04-11 22:09:34.0;
36;376.75;2019-04-11 22:09:40.0;
36;376.77;2019-04-11 22:13:43.0;
36;376.75;2019-04-11 22:13:44.0;
36;376.77;2019-04-11 22:13:46.0;
36;376.8;2019-04-11 22:14:04.0;
36;376.9;2019-04-11 22:14:30.0;
36;376.85;2019-04-11 22:14:42.0;
36;376.9;2019-04-11 22:14:45.0;
36;376.85;2019-04-11 22:14:46.0;
36;376.83;2019-04-11 22:14:58.0;
36;376.85;2019-04-11 22:15:00.0;
36;376.83;2019-04-11 22:15:01.0;
36;376.9;2019-04-11 22:15:11.0;
36;376.85;2019-04-11 22:15:21.0;
36;376.8;2019-04-11 22:15:34.0;
36;376.83;2019-04-11 22:15:41.0;
36;376.8;2019-04-11 22:16:16.0;
36;376.73;2019-04-11 22:18:42.0;
36;376.8;2019-04-11 22:19:08.0;
36;376.7;2019-04-11 22:21:32.0;
36;376.8;2019-04-11 22:22:08.0;
36;376.75;2019-04-11 22:22:15.0;
36;376.8;2019-04-11 22:22:16.0;
36;376.75;2019-04-11 22:22:17.0;
36;376.8;2019-04-11 22:22:20.0;
36;376.73;2019-04-11 22:23:38.0;
36;376.7;2019-04-11 22:23:47.0;
36;376.75;2019-04-11 22:24:20.0;
36;376.8;2019-04-11 22:24:21.0;
36;376.75;2019-04-11 22:24:25.0;
36;376.8;2019-04-11 22:24:31.0;
36;376.7;2019-04-11 22:25:44.0;
36;376.75;2019-04-11 22:30:13.0;
36;376.8;2019-04-11 22:30:16.0;
36;376.75;2019-04-11 22:30:17.0;
36;376.8;2019-04-11 22:30:19.0;
36;376.83;2019-04-11 22:31:09.0;
36;376.9;2019-04-11 22:32:07.0;
36;376.83;2019-04-11 22:32:09.0;
36;376.9;2019-04-11 22:32:12.0;
36;376.8;2019-04-11 22:33:37.0;
36;376.9;2019-04-11 22:34:08.0;
36;376.8;2019-04-11 22:34:10.0;
36;376.9;2019-04-11 22:34:11.0;
36;376.8;2019-04-11 22:34:30.0;
36;376.82;2019-04-11 22:34:35.0;
36;376.9;2019-04-11 22:38:15.0;
36;376.8;2019-04-11 22:38:22.0;
36;376.82;2019-04-11 22:40:30.0;
36;376.9;2019-04-11 22:40:35.0;
36;376.82;2019-04-11 22:40:44.0;
36;376.9;2019-04-11 22:42:02.0;
36;376.82;2019-04-11 22:42:04.0;
36;376.9;2019-04-11 22:42:05.0;
36;376.8;2019-04-11 22:42:07.0;
36;376.82;2019-04-11 22:42:37.0;
36;376.8;2019-04-11 22:43:01.0;
36;376.82;2019-04-11 22:43:15.0;
36;376.77;2019-04-11 22:43:48.0;
36;376.9;2019-04-11 22:44:08.0;
36;376.8;2019-04-11 22:44:10.0;
37;11655.75;2019-04-11 11:15:27.0;
37;11656;2019-04-11 11:15:32.0;
37;11656.75;2019-04-11 11:15:39.0;
37;11657;2019-04-11 11:15:47.0;
37;11656.75;2019-04-11 11:15:48.0;
37;11657;2019-04-11 11:15:51.0;
37;11656.5;2019-04-11 11:16:03.0;
37;11657;2019-04-11 11:16:04.0;
37;11656.5;2019-04-11 11:16:06.0;
37;11657;2019-04-11 11:16:07.0;
37;11656.5;2019-04-11 11:16:08.0;
37;11657;2019-04-11 11:16:10.0;
37;11657.5;2019-04-11 11:16:12.0;
37;11657;2019-04-11 11:16:14.0;
37;11658.75;2019-04-11 11:16:15.0;
37;11659;2019-04-11 11:16:20.0;
37;11659.25;2019-04-11 11:16:24.0;
37;11658;2019-04-11 11:16:27.0;
37;11659.25;2019-04-11 11:16:29.0;
37;11658;2019-04-11 11:16:30.0;
37;11657;2019-04-11 11:16:33.0;
37;11656;2019-04-11 11:16:36.0;
37;11656.25;2019-04-11 11:16:41.0;
37;11657.5;2019-04-11 11:16:43.0;
37;11657.25;2019-04-11 11:16:48.0;
37;11656;2019-04-11 11:16:52.0;
37;11655;2019-04-11 11:16:59.0;
37;11655.25;2019-04-11 11:17:04.0;
37;11655;2019-04-11 11:17:05.0;
37;11655.25;2019-04-11 11:17:07.0;
37;11655;2019-04-11 11:17:08.0;
37;11654;2019-04-11 11:17:12.0;
37;11654.25;2019-04-11 11:17:15.0;
37;11654;2019-04-11 11:17:16.0;
37;11654.25;2019-04-11 11:17:18.0;
37;11654.75;2019-04-11 11:17:19.0;
37;11655.25;2019-04-11 11:17:25.0;
37;11655.5;2019-04-11 11:17:27.0;
37;11654.5;2019-04-11 11:17:36.0;
37;11653;2019-04-11 11:17:41.0;
37;11653.5;2019-04-11 11:17:44.0;
37;11653;2019-04-11 11:17:45.0;
37;11653.5;2019-04-11 11:17:47.0;
37;11651;2019-04-11 11:18:04.0;
37;11650.5;2019-04-11 11:18:07.0;
37;11651;2019-04-11 11:18:09.0;
37;11650.5;2019-04-11 11:18:11.0;
37;11651;2019-04-11 11:18:13.0;
37;11650.75;2019-04-11 11:18:17.0;
37;11651;2019-04-11 11:18:24.0;
37;11650.75;2019-04-11 11:18:30.0;
37;11650.5;2019-04-11 11:18:31.0;
37;11650.75;2019-04-11 11:18:33.0;
37;11650.5;2019-04-11 11:18:34.0;
37;11651;2019-04-11 11:18:37.0;
37;11650.25;2019-04-11 11:18:43.0;
37;11650;2019-04-11 11:18:46.0;
37;11649.5;2019-04-11 11:18:55.0;
37;11646.75;2019-04-11 11:19:03.0;
37;11647;2019-04-11 11:19:06.0;
37;11646.75;2019-04-11 11:19:08.0;
37;11647;2019-04-11 11:19:09.0;
37;11646.25;2019-04-11 11:19:13.0;
37;11648.25;2019-04-11 11:19:15.0;
37;11646.5;2019-04-11 11:19:25.0;
37;11647.25;2019-04-11 11:19:28.0;
37;11647.5;2019-04-11 11:19:32.0;
37;11648;2019-04-11 11:19:39.0;
37;11648.25;2019-04-11 11:19:44.0;
37;11648.5;2019-04-11 11:19:50.0;
37;11646.25;2019-04-11 11:20:04.0;
37;11646.5;2019-04-11 11:20:10.0;
37;11647.25;2019-04-11 11:20:15.0;
37;11648.25;2019-04-11 11:20:20.0;
37;11648.5;2019-04-11 11:20:23.0;
37;11648.25;2019-04-11 11:20:28.0;
37;11649.25;2019-04-11 11:20:32.0;
37;11648.75;2019-04-11 11:20:37.0;
37;11651.25;2019-04-11 11:20:43.0;
37;11651;2019-04-11 11:20:44.0;
37;11651.25;2019-04-11 11:20:47.0;
37;11654.5;2019-04-11 11:20:55.0;
37;11654;2019-04-11 11:21:00.0;
37;11654.25;2019-04-11 11:21:03.0;
37;11654;2019-04-11 11:21:07.0;
37;11654.25;2019-04-11 11:21:09.0;
37;11654.75;2019-04-11 11:21:12.0;
37;11655.25;2019-04-11 11:21:16.0;
37;11655.75;2019-04-11 11:21:21.0;
37;11656.25;2019-04-11 11:21:22.0;
37;11655.25;2019-04-11 11:21:29.0;
37;11655.75;2019-04-11 11:21:31.0;
37;11656.75;2019-04-11 11:21:37.0;
37;11657.25;2019-04-11 11:21:41.0;
37;11656.75;2019-04-11 11:21:43.0;
37;11654;2019-04-11 11:21:44.0;
37;11655;2019-04-11 11:21:50.0;
37;11654;2019-04-11 11:21:51.0;
37;11655;2019-04-11 11:21:52.0;
37;11656;2019-04-11 11:22:04.0;
37;11655;2019-04-11 11:22:07.0;
37;11656;2019-04-11 11:22:13.0;
37;11655;2019-04-11 11:22:14.0;
37;11656;2019-04-11 11:22:16.0;
37;11655.25;2019-04-11 11:22:17.0;
37;11655;2019-04-11 11:22:19.0;
37;11656.25;2019-04-11 11:22:27.0;
37;11655.25;2019-04-11 11:22:33.0;
37;11653.5;2019-04-11 11:22:34.0;
37;11655.25;2019-04-11 11:22:36.0;
37;11653.5;2019-04-11 11:22:37.0;
37;11653.75;2019-04-11 11:22:38.0;
37;11654.5;2019-04-11 11:22:46.0;
37;11655;2019-04-11 11:22:52.0;
37;11654.5;2019-04-11 11:22:53.0;
37;11655;2019-04-11 11:22:54.0;
37;11653.75;2019-04-11 11:22:56.0;
37;11655.5;2019-04-11 11:23:04.0;
37;11655.25;2019-04-11 11:23:07.0;
37;11656.25;2019-04-11 11:23:11.0;
37;11656.5;2019-04-11 11:23:18.0;
37;11654.75;2019-04-11 11:23:27.0;
37;11652;2019-04-11 11:23:31.0;
37;11654.75;2019-04-11 11:23:34.0;
37;11651.25;2019-04-11 11:23:35.0;
37;11651.5;2019-04-11 11:23:44.0;
37;11649.75;2019-04-11 11:23:47.0;
37;11652.75;2019-04-11 11:24:05.0;
37;11652.25;2019-04-11 11:24:10.0;
37;11652;2019-04-11 11:24:15.0;
37;11652.25;2019-04-11 11:24:16.0;
37;11652;2019-04-11 11:24:18.0;
37;11652.5;2019-04-11 11:24:19.0;
37;11652;2019-04-11 11:24:21.0;
37;11652.5;2019-04-11 11:24:22.0;
37;11653;2019-04-11 11:24:27.0;
37;11652;2019-04-11 11:24:32.0;
37;11651.75;2019-04-11 11:24:37.0;
37;11650.75;2019-04-11 11:24:41.0;
37;11650.5;2019-04-11 11:24:49.0;
37;11651.25;2019-04-11 11:24:54.0;
37;11651;2019-04-11 11:24:55.0;
37;11651.25;2019-04-11 11:24:58.0;
37;11650.75;2019-04-11 11:24:59.0;
37;11651;2019-04-11 11:25:06.0;
37;11650.75;2019-04-11 11:25:08.0;
37;11651;2019-04-11 11:25:10.0;
37;11653.5;2019-04-11 11:25:11.0;
37;11654.25;2019-04-11 11:25:17.0;
37;11653.25;2019-04-11 11:25:20.0;
37;11654.25;2019-04-11 11:25:22.0;
37;11653.25;2019-04-11 11:25:23.0;
37;11651.75;2019-04-11 11:25:24.0;
37;11651.5;2019-04-11 11:25:30.0;
37;11651.25;2019-04-11 11:25:34.0;
37;11652.25;2019-04-11 11:25:42.0;
37;11651.5;2019-04-11 11:25:44.0;
37;11651.75;2019-04-11 11:25:51.0;
37;11649;2019-04-11 11:26:04.0;
37;11648.75;2019-04-11 11:26:08.0;
37;11645.25;2019-04-11 11:26:15.0;
37;11645.5;2019-04-11 11:26:27.0;
37;11644.5;2019-04-11 11:26:28.0;
37;11645;2019-04-11 11:26:35.0;
37;11647.5;2019-04-11 11:26:40.0;
37;11648.25;2019-04-11 11:26:44.0;
37;11647.5;2019-04-11 11:26:47.0;
37;11648.25;2019-04-11 11:26:48.0;
37;11648.75;2019-04-11 11:26:55.0;
37;11647.75;2019-04-11 11:27:01.0;
37;11648.25;2019-04-11 11:27:08.0;
37;11647.75;2019-04-11 11:27:10.0;
37;11648.25;2019-04-11 11:27:12.0;
37;11647.5;2019-04-11 11:27:13.0;
37;11648.75;2019-04-11 11:27:19.0;
37;11650.5;2019-04-11 11:27:24.0;
37;11648.75;2019-04-11 11:27:26.0;
37;11650.5;2019-04-11 11:27:29.0;
37;11648.75;2019-04-11 11:27:30.0;
37;11649;2019-04-11 11:27:36.0;
37;11649.5;2019-04-11 11:27:39.0;
37;11646.5;2019-04-11 11:27:43.0;
37;11649.5;2019-04-11 11:27:45.0;
37;11646.5;2019-04-11 11:27:46.0;
37;11649;2019-04-11 11:27:49.0;
37;11646.5;2019-04-11 11:27:50.0;
37;11649;2019-04-11 11:27:52.0;
37;11648;2019-04-11 11:28:04.0;
37;11647.5;2019-04-11 11:28:11.0;
37;11648;2019-04-11 11:28:17.0;
37;11646.75;2019-04-11 11:28:23.0;
37;11647;2019-04-11 11:28:27.0;
37;11648.5;2019-04-11 11:28:36.0;
37;11647;2019-04-11 11:28:38.0;
37;11648;2019-04-11 11:28:46.0;
37;11648.75;2019-04-11 11:28:48.0;
37;11646.5;2019-04-11 11:28:55.0;
37;11648.75;2019-04-11 11:28:58.0;
37;11646.75;2019-04-11 11:29:00.0;
37;11647.75;2019-04-11 11:29:03.0;
37;11646.75;2019-04-11 11:29:04.0;
37;11647.75;2019-04-11 11:29:06.0;
37;11647.5;2019-04-11 11:29:07.0;
37;11647;2019-04-11 11:29:20.0;
37;11650.25;2019-04-11 11:29:27.0;
37;11651.5;2019-04-11 11:29:32.0;
37;11650.25;2019-04-11 11:29:33.0;
37;11651.25;2019-04-11 11:29:34.0;
37;11652.25;2019-04-11 11:29:38.0;
37;11651.25;2019-04-11 11:29:40.0;
37;11652.5;2019-04-11 11:29:43.0;
37;11653.25;2019-04-11 11:29:48.0;
37;11652;2019-04-11 11:30:05.0;
37;11650;2019-04-11 11:30:07.0;
37;11649.5;2019-04-11 11:30:11.0;
37;11650;2019-04-11 11:30:14.0;
37;11649.5;2019-04-11 11:30:16.0;
37;11653.5;2019-04-11 11:30:17.0;
37;11654.75;2019-04-11 11:30:22.0;
37;11653.75;2019-04-11 11:30:23.0;
37;11653;2019-04-11 11:30:27.0;
37;11652.75;2019-04-11 11:30:36.0;
37;11654.25;2019-04-11 11:30:41.0;
37;11655.25;2019-04-11 11:30:43.0;
37;11654.75;2019-04-11 11:30:52.0;
37;11657.25;2019-04-11 11:30:56.0;
37;11654.75;2019-04-11 11:30:57.0;
37;11657.25;2019-04-11 11:30:59.0;
37;11658.25;2019-04-11 11:31:00.0;
37;11660.5;2019-04-11 11:31:03.0;
37;11658.25;2019-04-11 11:31:04.0;
37;11660.5;2019-04-11 11:31:06.0;
37;11660.75;2019-04-11 11:31:09.0;
37;11660;2019-04-11 11:31:12.0;
37;11659.25;2019-04-11 11:31:16.0;
37;11660;2019-04-11 11:31:18.0;
37;11659.25;2019-04-11 11:31:20.0;
37;11657.5;2019-04-11 11:31:21.0;
37;11657;2019-04-11 11:31:24.0;
37;11658;2019-04-11 11:31:35.0;
37;11659;2019-04-11 11:31:40.0;
37;11659.5;2019-04-11 11:31:43.0;
37;11659;2019-04-11 11:31:44.0;
37;11659.5;2019-04-11 11:31:46.0;
37;11660;2019-04-11 11:31:47.0;
37;11663.5;2019-04-11 11:32:06.0;
37;11668.25;2019-04-11 11:32:07.0;
37;11669;2019-04-11 11:32:11.0;
37;11671;2019-04-11 11:32:15.0;
37;11672.25;2019-04-11 11:32:20.0;
37;11672;2019-04-11 11:32:22.0;
37;11672.25;2019-04-11 11:32:24.0;
37;11672;2019-04-11 11:32:25.0;
37;11672.25;2019-04-11 11:32:27.0;
37;11670.25;2019-04-11 11:32:37.0;
37;11670.75;2019-04-11 11:32:39.0;
37;11670.25;2019-04-11 11:32:41.0;
37;11670.75;2019-04-11 11:32:42.0;
37;11671;2019-04-11 11:32:44.0;
37;11670;2019-04-11 11:32:51.0;
37;11669.5;2019-04-11 11:32:55.0;
37;11670;2019-04-11 11:32:56.0;
37;11669.5;2019-04-11 11:32:57.0;
37;11669;2019-04-11 11:33:00.0;
37;11669.5;2019-04-11 11:33:06.0;
37;11669.25;2019-04-11 11:33:07.0;
37;11669;2019-04-11 11:33:13.0;
37;11669.75;2019-04-11 11:33:15.0;
37;11669.5;2019-04-11 11:33:24.0;
37;11670.5;2019-04-11 11:33:31.0;
37;11669.5;2019-04-11 11:33:36.0;
37;11668.75;2019-04-11 11:33:41.0;
37;11669.75;2019-04-11 11:33:45.0;
37;11669.25;2019-04-11 11:33:47.0;
37;11669.75;2019-04-11 11:33:48.0;
37;11669.25;2019-04-11 11:33:50.0;
37;11667.75;2019-04-11 11:34:04.0;
37;11667.25;2019-04-11 11:34:09.0;
37;11667.75;2019-04-11 11:34:11.0;
37;11669.25;2019-04-11 11:34:15.0;
37;11670;2019-04-11 11:34:20.0;
37;11671;2019-04-11 11:34:22.0;
37;11671.25;2019-04-11 11:34:29.0;
37;11670.75;2019-04-11 11:34:35.0;
37;11670.5;2019-04-11 11:34:39.0;
37;11670.75;2019-04-11 11:34:41.0;
37;11670.5;2019-04-11 11:34:42.0;
37;11671;2019-04-11 11:34:48.0;
37;11671.25;2019-04-11 11:34:53.0;
37;11670.25;2019-04-11 11:34:55.0;
37;11671.25;2019-04-11 11:34:57.0;
37;11670.25;2019-04-11 11:34:58.0;
37;11670.5;2019-04-11 11:34:59.0;
37;11671.75;2019-04-11 11:35:03.0;
37;11672.25;2019-04-11 11:35:08.0;
37;11672.5;2019-04-11 11:35:14.0;
37;11674.25;2019-04-11 11:35:16.0;
37;11671.5;2019-04-11 11:35:19.0;
37;11674.25;2019-04-11 11:35:21.0;
37;11671.5;2019-04-11 11:35:22.0;
37;11672.25;2019-04-11 11:35:24.0;
37;11671.5;2019-04-11 11:35:25.0;
37;11672.25;2019-04-11 11:35:27.0;
37;11671.75;2019-04-11 11:35:30.0;
37;11670.5;2019-04-11 11:35:31.0;
37;11670.25;2019-04-11 11:35:37.0;
37;11671.5;2019-04-11 11:35:40.0;
37;11670.25;2019-04-11 11:35:41.0;
37;11671.5;2019-04-11 11:35:42.0;
37;11672;2019-04-11 11:35:44.0;
37;11673.75;2019-04-11 11:35:49.0;
37;11674.75;2019-04-11 11:36:03.0;
37;11673.5;2019-04-11 11:36:08.0;
37;11672.75;2019-04-11 11:36:13.0;
37;11673.5;2019-04-11 11:36:16.0;
37;11674;2019-04-11 11:36:22.0;
37;11675.5;2019-04-11 11:36:23.0;
37;11674;2019-04-11 11:36:24.0;
37;11675.5;2019-04-11 11:36:26.0;
37;11676.5;2019-04-11 11:36:27.0;
37;11675.75;2019-04-11 11:36:32.0;
37;11676.5;2019-04-11 11:36:34.0;
37;11676.25;2019-04-11 11:36:36.0;
37;11676;2019-04-11 11:36:44.0;
37;11676.25;2019-04-11 11:36:45.0;
37;11675;2019-04-11 11:36:47.0;
37;11674.5;2019-04-11 11:36:52.0;
37;11675;2019-04-11 11:36:56.0;
37;11673.5;2019-04-11 11:37:03.0;
37;11673.25;2019-04-11 11:37:08.0;
37;11673.5;2019-04-11 11:37:13.0;
37;11674;2019-04-11 11:37:22.0;
37;11674.5;2019-04-11 11:37:26.0;
37;11673.75;2019-04-11 11:37:28.0;
37;11671.75;2019-04-11 11:37:35.0;
37;11673.75;2019-04-11 11:37:36.0;
37;11671.75;2019-04-11 11:37:38.0;
37;11672;2019-04-11 11:37:40.0;
37;11671.75;2019-04-11 11:37:41.0;
37;11672;2019-04-11 11:37:43.0;
37;11673.25;2019-04-11 11:37:45.0;
37;11674.25;2019-04-11 11:37:48.0;
37;11672;2019-04-11 11:38:03.0;
37;11671.5;2019-04-11 11:38:08.0;
37;11672;2019-04-11 11:38:09.0;
37;11671.5;2019-04-11 11:38:11.0;
37;11669.75;2019-04-11 11:38:12.0;
37;11669.25;2019-04-11 11:38:17.0;
37;11668.75;2019-04-11 11:38:26.0;
37;11669;2019-04-11 11:38:28.0;
37;11668.75;2019-04-11 11:38:29.0;
37;11669;2019-04-11 11:38:30.0;
37;11668.75;2019-04-11 11:38:33.0;
37;11667.5;2019-04-11 11:38:36.0;
37;11665.5;2019-04-11 11:38:41.0;
37;11664;2019-04-11 11:38:43.0;
37;11662.75;2019-04-11 11:38:47.0;
37;11661.25;2019-04-11 11:38:53.0;
37;11660.5;2019-04-11 11:38:55.0;
37;11660;2019-04-11 11:39:00.0;
37;11660.25;2019-04-11 11:39:05.0;
37;11662.25;2019-04-11 11:39:07.0;
37;11661.25;2019-04-11 11:39:11.0;
37;11661.5;2019-04-11 11:39:16.0;
37;11661;2019-04-11 11:39:21.0;
37;11662;2019-04-11 11:39:24.0;
37;11662.5;2019-04-11 11:39:30.0;
37;11663;2019-04-11 11:39:33.0;
37;11663.25;2019-04-11 11:39:38.0;
37;11664;2019-04-11 11:39:39.0;
37;11664.5;2019-04-11 11:39:44.0;
37;11665;2019-04-11 11:39:49.0;
37;11667.25;2019-04-11 11:40:04.0;
37;11665;2019-04-11 11:40:05.0;
37;11666.5;2019-04-11 11:40:07.0;
37;11667.5;2019-04-11 11:40:11.0;
37;11666.5;2019-04-11 11:40:14.0;
37;11667.5;2019-04-11 11:40:15.0;
37;11667.75;2019-04-11 11:40:17.0;
37;11667.5;2019-04-11 11:40:24.0;
37;11666.75;2019-04-11 11:40:31.0;
37;11667.5;2019-04-11 11:40:35.0;
37;11668.5;2019-04-11 11:40:44.0;
37;11667.75;2019-04-11 11:40:51.0;
37;11667;2019-04-11 11:40:55.0;
37;11666.5;2019-04-11 11:41:01.0;
37;11666.25;2019-04-11 11:41:06.0;
37;11668.25;2019-04-11 11:41:08.0;
37;11668;2019-04-11 11:41:12.0;
37;11666.25;2019-04-11 11:41:17.0;
37;11665.75;2019-04-11 11:41:20.0;
37;11666;2019-04-11 11:41:23.0;
37;11666.25;2019-04-11 11:41:27.0;
37;11667;2019-04-11 11:41:39.0;
37;11666.25;2019-04-11 11:41:45.0;
37;11665.75;2019-04-11 11:41:49.0;
37;11664.75;2019-04-11 11:42:04.0;
37;11664.5;2019-04-11 11:42:13.0;
37;11663.5;2019-04-11 11:42:16.0;
37;11664;2019-04-11 11:42:19.0;
37;11663.5;2019-04-11 11:42:20.0;
37;11664;2019-04-11 11:42:23.0;
37;11667;2019-04-11 11:42:25.0;
37;11667.25;2019-04-11 11:42:26.0;
37;11667;2019-04-11 11:42:27.0;
37;11667.25;2019-04-11 11:42:30.0;
37;11666.75;2019-04-11 11:42:32.0;
37;11667.25;2019-04-11 11:42:33.0;
37;11666.75;2019-04-11 11:42:35.0;
37;11665.75;2019-04-11 11:42:36.0;
37;11666.75;2019-04-11 11:42:39.0;
37;11667;2019-04-11 11:42:43.0;
37;11666.25;2019-04-11 11:42:46.0;
37;11665;2019-04-11 11:42:51.0;
37;11665.5;2019-04-11 11:42:57.0;
37;11665;2019-04-11 11:42:59.0;
37;11665.5;2019-04-11 11:43:00.0;
37;11665;2019-04-11 11:43:02.0;
37;11664.5;2019-04-11 11:43:12.0;
37;11664.75;2019-04-11 11:43:20.0;
37;11664.5;2019-04-11 11:43:23.0;
37;11664.75;2019-04-11 11:43:26.0;
37;11664.5;2019-04-11 11:43:27.0;
37;11664.25;2019-04-11 11:43:29.0;
37;11664.5;2019-04-11 11:43:32.0;
37;11664.75;2019-04-11 11:43:38.0;
37;11665.25;2019-04-11 11:43:45.0;
37;11666.75;2019-04-11 11:44:06.0;
37;11667.75;2019-04-11 11:44:18.0;
37;11668.75;2019-04-11 11:44:19.0;
37;11669.25;2019-04-11 11:44:25.0;
37;11668.25;2019-04-11 11:44:29.0;
37;11668.5;2019-04-11 11:44:33.0;
37;11669;2019-04-11 11:44:42.0;
37;11670;2019-04-11 11:44:43.0;
37;11669;2019-04-11 11:44:46.0;
37;11670.75;2019-04-11 11:44:47.0;
37;11670.5;2019-04-11 11:44:53.0;
37;11670.75;2019-04-11 11:44:55.0;
37;11668.75;2019-04-11 11:45:02.0;
37;11669;2019-04-11 11:45:06.0;
37;11671.25;2019-04-11 11:45:07.0;
37;11669;2019-04-11 11:45:09.0;
37;11671.25;2019-04-11 11:45:10.0;
37;11671.75;2019-04-11 11:45:15.0;
37;11671.25;2019-04-11 11:45:16.0;
37;11671.75;2019-04-11 11:45:19.0;
37;11670.5;2019-04-11 11:45:23.0;
37;11671.5;2019-04-11 11:45:26.0;
37;11670.5;2019-04-11 11:45:29.0;
37;11671.75;2019-04-11 11:45:31.0;
37;11671.5;2019-04-11 11:45:36.0;
37;11672.25;2019-04-11 11:45:42.0;
37;11671.25;2019-04-11 11:45:45.0;
37;11671.5;2019-04-11 11:45:46.0;
37;11670;2019-04-11 11:46:04.0;
37;11669;2019-04-11 11:46:08.0;
37;11670;2019-04-11 11:46:10.0;
37;11669.25;2019-04-11 11:46:11.0;
37;11669.5;2019-04-11 11:46:20.0;
37;11669;2019-04-11 11:46:22.0;
37;11669.5;2019-04-11 11:46:24.0;
37;11669;2019-04-11 11:46:25.0;
37;11667.75;2019-04-11 11:46:35.0;
37;11666.5;2019-04-11 11:46:49.0;
37;11666.75;2019-04-11 11:46:52.0;
37;11667;2019-04-11 11:46:58.0;
37;11667.5;2019-04-11 11:47:03.0;
37;11667.25;2019-04-11 11:47:09.0;
37;11667.5;2019-04-11 11:47:21.0;
37;11667.75;2019-04-11 11:47:24.0;
37;11667.5;2019-04-11 11:47:27.0;
37;11668;2019-04-11 11:47:28.0;
37;11668.75;2019-04-11 11:47:35.0;
37;11668;2019-04-11 11:47:37.0;
37;11668.75;2019-04-11 11:47:38.0;
37;11669;2019-04-11 11:47:40.0;
37;11669.25;2019-04-11 11:47:44.0;
37;11668.25;2019-04-11 11:47:49.0;
37;11668.75;2019-04-11 11:48:05.0;
37;11669;2019-04-11 11:48:13.0;
37;11669.25;2019-04-11 11:48:20.0;
37;11669.5;2019-04-11 11:48:24.0;
37;11669.25;2019-04-11 11:48:25.0;
37;11669.5;2019-04-11 11:48:27.0;
37;11669;2019-04-11 11:48:29.0;
37;11669.25;2019-04-11 11:48:32.0;
37;11669;2019-04-11 11:48:41.0;
37;11669.5;2019-04-11 11:48:44.0;
37;11669;2019-04-11 11:48:45.0;
37;11669.5;2019-04-11 11:48:46.0;
37;11669.75;2019-04-11 11:48:53.0;
37;11669.5;2019-04-11 11:48:56.0;
37;11669.75;2019-04-11 11:48:57.0;
37;11669.5;2019-04-11 11:48:59.0;
37;11669.25;2019-04-11 11:49:04.0;
37;11668.75;2019-04-11 11:49:11.0;
37;11669.5;2019-04-11 11:49:14.0;
37;11670.5;2019-04-11 11:49:22.0;
37;11670.75;2019-04-11 11:49:30.0;
37;11671.25;2019-04-11 11:49:35.0;
37;11671.5;2019-04-11 11:49:40.0;
37;11672.25;2019-04-11 11:49:43.0;
37;11671.75;2019-04-11 11:49:50.0;
37;11672.25;2019-04-11 11:50:05.0;
37;11673.5;2019-04-11 11:50:07.0;
37;11674.25;2019-04-11 11:50:12.0;
37;11674;2019-04-11 11:50:19.0;
37;11674.5;2019-04-11 11:50:25.0;
37;11675;2019-04-11 11:50:34.0;
37;11674.5;2019-04-11 11:50:36.0;
37;11675;2019-04-11 11:50:37.0;
37;11674.75;2019-04-11 11:50:45.0;
37;11675.5;2019-04-11 11:50:57.0;
37;11675.25;2019-04-11 11:51:03.0;
37;11675.5;2019-04-11 11:51:08.0;
37;11676;2019-04-11 11:51:14.0;
37;11675.75;2019-04-11 11:51:19.0;
37;11675.25;2019-04-11 11:51:39.0;
37;11675.75;2019-04-11 11:51:41.0;
37;11675.25;2019-04-11 11:51:42.0;
37;11675;2019-04-11 11:51:45.0;
37;11675.75;2019-04-11 11:52:04.0;
37;11676;2019-04-11 11:52:09.0;
37;11675.5;2019-04-11 11:52:11.0;
37;11676;2019-04-11 11:52:12.0;
37;11675.5;2019-04-11 11:52:15.0;
37;11675;2019-04-11 11:52:19.0;
37;11674.75;2019-04-11 11:52:26.0;
37;11675;2019-04-11 11:52:33.0;
37;11675.75;2019-04-11 11:52:35.0;
37;11675.25;2019-04-11 11:52:42.0;
37;11675;2019-04-11 11:52:43.0;
37;11674.75;2019-04-11 11:52:51.0;
37;11675;2019-04-11 11:53:02.0;
37;11675.5;2019-04-11 11:53:04.0;
37;11675;2019-04-11 11:53:08.0;
37;11674.25;2019-04-11 11:53:17.0;
37;11674.5;2019-04-11 11:53:20.0;
37;11674.25;2019-04-11 11:53:22.0;
37;11674.5;2019-04-11 11:53:24.0;
37;11674.25;2019-04-11 11:53:38.0;
37;11673.75;2019-04-11 11:53:40.0;
37;11674.25;2019-04-11 11:53:42.0;
37;11674;2019-04-11 11:53:44.0;
37;11673.75;2019-04-11 11:53:49.0;
37;11674.25;2019-04-11 11:54:04.0;
37;11673.75;2019-04-11 11:54:05.0;
37;11674.25;2019-04-11 11:54:07.0;
37;11674;2019-04-11 11:54:08.0;
37;11674.5;2019-04-11 11:54:10.0;
37;11674.75;2019-04-11 11:54:14.0;
37;11674.25;2019-04-11 11:54:18.0;
37;11675.25;2019-04-11 11:54:23.0;
37;11674.25;2019-04-11 11:54:24.0;
37;11675.25;2019-04-11 11:54:26.0;
37;11675.75;2019-04-11 11:54:28.0;
37;11675.25;2019-04-11 11:54:34.0;
37;11675.75;2019-04-11 11:54:40.0;
37;11675;2019-04-11 11:54:46.0;
37;11674.25;2019-04-11 11:54:52.0;
37;11673.75;2019-04-11 11:54:59.0;
37;11673.25;2019-04-11 11:55:04.0;
37;11674.25;2019-04-11 11:55:09.0;
37;11675.25;2019-04-11 11:55:24.0;
37;11675;2019-04-11 11:55:25.0;
37;11675.25;2019-04-11 11:55:27.0;
37;11675;2019-04-11 11:55:28.0;
37;11675.75;2019-04-11 11:55:33.0;
37;11675.25;2019-04-11 11:55:46.0;
37;11676.25;2019-04-11 11:56:03.0;
37;11677;2019-04-11 11:56:12.0;
37;11676.25;2019-04-11 11:56:13.0;
37;11677.25;2019-04-11 11:56:16.0;
37;11677.75;2019-04-11 11:56:22.0;
37;11677.5;2019-04-11 11:56:23.0;
37;11677.75;2019-04-11 11:56:29.0;
37;11678;2019-04-11 11:56:31.0;
37;11677.75;2019-04-11 11:56:33.0;
37;11678;2019-04-11 11:56:34.0;
37;11678.25;2019-04-11 11:56:38.0;
37;11678.75;2019-04-11 11:56:42.0;
37;11678;2019-04-11 11:56:49.0;
37;11677.25;2019-04-11 11:56:54.0;
37;11677.75;2019-04-11 11:56:56.0;
37;11677.25;2019-04-11 11:57:08.0;
37;11677;2019-04-11 11:57:12.0;
37;11677.25;2019-04-11 11:57:17.0;
37;11676.75;2019-04-11 11:57:23.0;
37;11677.25;2019-04-11 11:57:27.0;
37;11676.75;2019-04-11 11:57:28.0;
37;11677.25;2019-04-11 11:57:30.0;
37;11676.75;2019-04-11 11:57:41.0;
37;11676.5;2019-04-11 11:57:43.0;
37;11675.5;2019-04-11 11:57:47.0;
37;11675;2019-04-11 11:58:05.0;
37;11674.75;2019-04-11 11:58:08.0;
37;11674;2019-04-11 11:58:11.0;
37;11674.25;2019-04-11 11:58:23.0;
37;11673.5;2019-04-11 11:58:35.0;
37;11673.25;2019-04-11 11:58:40.0;
37;11672.5;2019-04-11 11:58:42.0;
37;11673.25;2019-04-11 11:58:45.0;
37;11672.5;2019-04-11 11:58:46.0;
37;11671.5;2019-04-11 11:58:49.0;
37;11671.75;2019-04-11 11:58:54.0;
37;11671.5;2019-04-11 11:59:02.0;
37;11671;2019-04-11 11:59:11.0;
37;11670.5;2019-04-11 11:59:14.0;
37;11671;2019-04-11 11:59:18.0;
37;11671.25;2019-04-11 11:59:36.0;
37;11671;2019-04-11 11:59:43.0;
37;11671.75;2019-04-11 12:00:06.0;
37;11672.25;2019-04-11 12:00:17.0;
37;11672.75;2019-04-11 12:00:20.0;
37;11673.75;2019-04-11 12:00:33.0;
37;11673;2019-04-11 12:00:40.0;
37;11673.5;2019-04-11 12:00:46.0;
37;11673.75;2019-04-11 12:00:52.0;
37;11672.75;2019-04-11 12:01:03.0;
37;11673.75;2019-04-11 12:01:11.0;
37;11674;2019-04-11 12:01:27.0;
37;11674.25;2019-04-11 12:01:31.0;
37;11674;2019-04-11 12:02:05.0;
37;11674.25;2019-04-11 12:02:37.0;
37;11673;2019-04-11 12:04:06.0;
37;11673.25;2019-04-11 12:04:13.0;
37;11672.5;2019-04-11 12:04:54.0;
37;11673.25;2019-04-11 12:04:55.0;
37;11672.5;2019-04-11 12:04:56.0;
37;11673.25;2019-04-11 12:04:58.0;
37;11674;2019-04-11 12:05:08.0;
37;11673.5;2019-04-11 12:06:15.0;
37;11674;2019-04-11 12:06:17.0;
37;11673.5;2019-04-11 12:06:19.0;
37;11673.25;2019-04-11 12:06:24.0;
37;11673.5;2019-04-11 12:06:25.0;
37;11673.25;2019-04-11 12:06:27.0;
37;11672.75;2019-04-11 12:07:10.0;
37;11673;2019-04-11 12:07:39.0;
37;11673.25;2019-04-11 12:08:11.0;
37;11672.75;2019-04-11 12:08:35.0;
37;11672.25;2019-04-11 12:08:39.0;
37;11672.75;2019-04-11 12:08:42.0;
37;11672.25;2019-04-11 12:08:43.0;
37;11673.25;2019-04-11 12:08:59.0;
37;11673.75;2019-04-11 12:09:06.0;
37;11678.75;2019-04-11 13:16:27.0;
37;11680.75;2019-04-11 13:17:29.0;
37;11681;2019-04-11 13:17:44.0;
37;11679.75;2019-04-11 13:21:03.0;
37;11681;2019-04-11 13:21:06.0;
37;11679;2019-04-11 13:21:07.0;
37;11678.25;2019-04-11 13:21:19.0;
37;11677.5;2019-04-11 13:21:24.0;
37;11677.75;2019-04-11 13:22:37.0;
37;11679;2019-04-11 13:23:04.0;
37;11677.75;2019-04-11 13:23:06.0;
37;11679;2019-04-11 13:23:07.0;
37;11680.25;2019-04-11 13:23:12.0;
37;11679;2019-04-11 13:23:13.0;
37;11680.5;2019-04-11 13:23:15.0;
37;11680.25;2019-04-11 13:23:19.0;
37;11680.5;2019-04-11 13:23:49.0;
37;11680.25;2019-04-11 13:23:50.0;
37;11680.5;2019-04-11 13:23:52.0;
37;11681;2019-04-11 13:24:05.0;
37;11681.75;2019-04-11 13:24:18.0;
37;11681.5;2019-04-11 13:24:25.0;
37;11681.75;2019-04-11 13:24:39.0;
37;11681.5;2019-04-11 13:24:41.0;
37;11681;2019-04-11 13:25:00.0;
37;11680.75;2019-04-11 13:25:03.0;
37;11681;2019-04-11 13:25:04.0;
37;11680.75;2019-04-11 13:25:06.0;
37;11680.5;2019-04-11 13:25:11.0;
37;11680.25;2019-04-11 13:25:16.0;
37;11680.5;2019-04-11 13:25:17.0;
37;11680.25;2019-04-11 13:25:19.0;
37;11678.75;2019-04-11 13:26:31.0;
37;11680.25;2019-04-11 13:26:33.0;
37;11678.75;2019-04-11 13:26:34.0;
37;11679;2019-04-11 13:26:53.0;
37;11679.25;2019-04-11 13:26:54.0;
37;11679;2019-04-11 13:26:57.0;
37;11679.25;2019-04-11 13:26:59.0;
37;11680;2019-04-11 13:28:07.0;
37;11680.25;2019-04-11 13:28:52.0;
37;11680;2019-04-11 13:28:54.0;
37;11680.25;2019-04-11 13:28:55.0;
37;11679.75;2019-04-11 13:29:42.0;
37;11677.5;2019-04-11 13:30:05.0;
37;11677.75;2019-04-11 13:30:21.0;
37;11678.25;2019-04-11 13:30:39.0;
37;11680.25;2019-04-11 13:30:58.0;
37;11680.75;2019-04-11 13:31:04.0;
37;11680.5;2019-04-11 13:31:20.0;
37;11680;2019-04-11 13:31:24.0;
37;11680.25;2019-04-11 13:31:30.0;
37;11681;2019-04-11 13:31:41.0;
37;11681.5;2019-04-11 13:31:48.0;
37;11681;2019-04-11 13:31:49.0;
37;11681.5;2019-04-11 13:31:50.0;
37;11680.25;2019-04-11 13:32:03.0;
37;11681.5;2019-04-11 13:32:04.0;
37;11680.25;2019-04-11 13:32:06.0;
37;11680.5;2019-04-11 13:32:13.0;
37;11680;2019-04-11 13:32:35.0;
37;11680.5;2019-04-11 13:32:37.0;
37;11680;2019-04-11 13:32:39.0;
37;11680.5;2019-04-11 13:33:03.0;
37;11680.25;2019-04-11 13:33:08.0;
37;11680.5;2019-04-11 13:33:10.0;
37;11680.25;2019-04-11 13:33:11.0;
37;11680.5;2019-04-11 13:33:36.0;
37;11677.25;2019-04-11 13:34:03.0;
37;11677;2019-04-11 13:34:14.0;
37;11676.75;2019-04-11 13:34:19.0;
37;11677;2019-04-11 13:34:27.0;
37;11676.5;2019-04-11 13:34:39.0;
37;11677;2019-04-11 13:34:41.0;
37;11676.5;2019-04-11 13:34:43.0;
37;11676.75;2019-04-11 13:34:54.0;
37;11675.5;2019-04-11 13:35:00.0;
37;11673.75;2019-04-11 13:35:12.0;
37;11674;2019-04-11 13:35:14.0;
37;11674.75;2019-04-11 13:35:21.0;
37;11675.5;2019-04-11 13:35:23.0;
37;11675.75;2019-04-11 13:36:17.0;
37;11676.75;2019-04-11 13:36:43.0;
37;11676.5;2019-04-11 13:36:51.0;
37;11679.75;2019-04-11 13:37:50.0;
37;11681;2019-04-11 13:38:02.0;
37;11679.75;2019-04-11 13:38:04.0;
37;11681;2019-04-11 13:38:05.0;
37;11680.75;2019-04-11 13:38:31.0;
37;11680.25;2019-04-11 13:38:45.0;
37;11680.75;2019-04-11 13:39:09.0;
37;11679.75;2019-04-11 13:40:05.0;
37;11679;2019-04-11 13:40:07.0;
37;11679.75;2019-04-11 13:40:09.0;
37;11679;2019-04-11 13:40:10.0;
37;11678.75;2019-04-11 13:40:24.0;
37;11679.75;2019-04-11 13:40:39.0;
37;11678.75;2019-04-11 13:40:40.0;
37;11679.75;2019-04-11 13:40:42.0;
37;11679.5;2019-04-11 13:40:56.0;
37;11678.5;2019-04-11 13:41:06.0;
37;11678.75;2019-04-11 13:42:15.0;
37;11678.5;2019-04-11 13:42:16.0;
37;11678.75;2019-04-11 13:42:18.0;
37;11676.25;2019-04-11 13:43:26.0;
37;11676.5;2019-04-11 13:44:04.0;
37;11676.75;2019-04-11 13:44:13.0;
37;11676.5;2019-04-11 13:44:15.0;
37;11676.75;2019-04-11 13:44:16.0;
37;11676.5;2019-04-11 13:44:27.0;
37;11676.75;2019-04-11 13:44:49.0;
37;11675.75;2019-04-11 13:45:29.0;
37;11675.25;2019-04-11 13:45:36.0;
37;11674.75;2019-04-11 13:45:40.0;
37;11675.25;2019-04-11 13:46:56.0;
37;11676.25;2019-04-11 13:50:03.0;
37;11675.25;2019-04-11 13:50:05.0;
37;11676.25;2019-04-11 13:50:06.0;
37;11675.75;2019-04-11 13:50:09.0;
37;11676.5;2019-04-11 13:50:15.0;
37;11676.75;2019-04-11 13:50:25.0;
37;11675.75;2019-04-11 13:50:29.0;
37;11676;2019-04-11 13:50:32.0;
37;11676.25;2019-04-11 13:51:11.0;
37;11675.75;2019-04-11 13:51:31.0;
37;11676.25;2019-04-11 13:51:33.0;
37;11675.5;2019-04-11 13:51:34.0;
37;11673.5;2019-04-11 13:51:45.0;
37;11673.75;2019-04-11 13:52:04.0;
37;11673.5;2019-04-11 13:52:06.0;
37;11673.75;2019-04-11 13:52:08.0;
37;11674;2019-04-11 13:52:17.0;
37;11673.75;2019-04-11 13:53:07.0;
37;11674;2019-04-11 13:53:08.0;
37;11673.75;2019-04-11 13:53:09.0;
37;11674;2019-04-11 13:53:16.0;
37;11674.25;2019-04-11 13:54:55.0;
37;11674;2019-04-11 13:54:57.0;
37;11674.5;2019-04-11 13:55:00.0;
37;11674.25;2019-04-11 13:55:07.0;
37;11674;2019-04-11 13:55:45.0;
37;11672.75;2019-04-11 13:55:47.0;
37;11673;2019-04-11 13:58:53.0;
37;11673.5;2019-04-11 14:00:06.0;
37;11672.75;2019-04-11 14:00:45.0;
37;11671.75;2019-04-11 14:00:47.0;
37;11670.75;2019-04-11 14:00:52.0;
37;11671;2019-04-11 14:01:02.0;
37;11671.25;2019-04-11 14:01:09.0;
37;11671;2019-04-11 14:01:40.0;
37;11670.75;2019-04-11 14:01:46.0;
37;11671.5;2019-04-11 14:02:55.0;
37;11670.75;2019-04-11 14:02:57.0;
37;11671.5;2019-04-11 14:02:58.0;
37;11672;2019-04-11 14:03:24.0;
37;11671.75;2019-04-11 14:03:29.0;
37;11671;2019-04-11 14:03:41.0;
37;11672;2019-04-11 14:04:02.0;
37;11672.5;2019-04-11 14:04:11.0;
37;11673.5;2019-04-11 14:04:15.0;
37;11674;2019-04-11 14:04:21.0;
37;11673.5;2019-04-11 14:04:35.0;
37;11672.75;2019-04-11 14:04:38.0;
37;11671.5;2019-04-11 14:04:52.0;
37;11670;2019-04-11 14:04:54.0;
37;11668.5;2019-04-11 14:04:59.0;
37;11669.25;2019-04-11 14:05:06.0;
37;11669.75;2019-04-11 14:05:18.0;
37;11670.25;2019-04-11 14:05:28.0;
37;11670.75;2019-04-11 14:06:47.0;
37;11671;2019-04-11 14:06:52.0;
37;11670.75;2019-04-11 14:06:53.0;
37;11671;2019-04-11 14:06:55.0;
37;11671.25;2019-04-11 14:06:56.0;
37;11671.75;2019-04-11 14:07:43.0;
37;11672;2019-04-11 14:08:26.0;
37;11674.25;2019-04-11 14:08:32.0;
37;11674;2019-04-11 14:08:39.0;
37;11676;2019-04-11 14:08:46.0;
37;11676.25;2019-04-11 14:09:13.0;
37;11674.5;2019-04-11 14:09:16.0;
37;11673.5;2019-04-11 14:09:22.0;
37;11672;2019-04-11 14:09:24.0;
37;11673.5;2019-04-11 14:09:26.0;
37;11672;2019-04-11 14:09:28.0;
37;11671.75;2019-04-11 14:10:03.0;
37;11671.5;2019-04-11 14:10:15.0;
37;11669.5;2019-04-11 14:10:31.0;
37;11668.75;2019-04-11 14:10:45.0;
37;11669.5;2019-04-11 14:10:47.0;
37;11668.75;2019-04-11 14:10:48.0;
37;11669.25;2019-04-11 14:10:50.0;
37;11669;2019-04-11 14:10:55.0;
37;11669.25;2019-04-11 14:11:14.0;
37;11669;2019-04-11 14:11:17.0;
37;11669.25;2019-04-11 14:11:19.0;
37;11669;2019-04-11 14:11:20.0;
37;11669.25;2019-04-11 14:11:22.0;
37;11669;2019-04-11 14:11:25.0;
37;11668.5;2019-04-11 14:11:34.0;
37;11668.25;2019-04-11 14:11:39.0;
37;11667.25;2019-04-11 14:12:07.0;
37;11666.5;2019-04-11 14:12:11.0;
37;11666.25;2019-04-11 14:12:14.0;
37;11666.5;2019-04-11 14:12:15.0;
37;11666.25;2019-04-11 14:12:17.0;
37;11666;2019-04-11 14:12:24.0;
37;11666.75;2019-04-11 14:12:31.0;
37;11667;2019-04-11 14:12:38.0;
37;11666.75;2019-04-11 14:12:39.0;
37;11667;2019-04-11 14:12:41.0;
37;11666.75;2019-04-11 14:12:42.0;
37;11667;2019-04-11 14:12:48.0;
37;11666.5;2019-04-11 14:12:51.0;
37;11667;2019-04-11 14:12:53.0;
37;11666.5;2019-04-11 14:12:54.0;
37;11666.75;2019-04-11 14:12:59.0;
37;11666.5;2019-04-11 14:13:10.0;
37;11666;2019-04-11 14:13:14.0;
37;11666.25;2019-04-11 14:13:18.0;
37;11666;2019-04-11 14:13:24.0;
37;11665.75;2019-04-11 14:13:30.0;
37;11665.5;2019-04-11 14:13:40.0;
37;11666.5;2019-04-11 14:13:46.0;
37;11666.75;2019-04-11 14:14:33.0;
37;11665.75;2019-04-11 14:14:39.0;
37;11666.75;2019-04-11 14:14:46.0;
37;11665.75;2019-04-11 14:14:48.0;
37;11666.75;2019-04-11 14:14:49.0;
37;11666.5;2019-04-11 14:14:51.0;
37;11667.75;2019-04-11 14:14:56.0;
37;11667.5;2019-04-11 14:15:00.0;
37;11667.25;2019-04-11 14:15:07.0;
37;11667.75;2019-04-11 14:15:11.0;
37;11667.25;2019-04-11 14:15:12.0;
37;11667.75;2019-04-11 14:15:14.0;
37;11667.5;2019-04-11 14:15:24.0;
37;11667.25;2019-04-11 14:15:31.0;
37;11667.5;2019-04-11 14:15:41.0;
37;11666;2019-04-11 14:15:45.0;
37;11666.5;2019-04-11 14:16:03.0;
37;11666;2019-04-11 14:16:13.0;
37;11665.5;2019-04-11 14:16:23.0;
37;11664.75;2019-04-11 14:16:28.0;
37;11665.5;2019-04-11 14:16:29.0;
37;11664.75;2019-04-11 14:16:30.0;
37;11665;2019-04-11 14:16:38.0;
37;11664.75;2019-04-11 14:16:39.0;
37;11665;2019-04-11 14:16:42.0;
37;11665.25;2019-04-11 14:16:48.0;
37;11665;2019-04-11 14:16:53.0;
37;11665.25;2019-04-11 14:16:54.0;
37;11665;2019-04-11 14:16:56.0;
37;11665.25;2019-04-11 14:16:57.0;
37;11665;2019-04-11 14:16:59.0;
37;11666;2019-04-11 14:17:10.0;
37;11665.75;2019-04-11 14:17:15.0;
37;11666;2019-04-11 14:17:16.0;
37;11665.75;2019-04-11 14:17:18.0;
37;11666;2019-04-11 14:17:19.0;
37;11665.5;2019-04-11 14:18:32.0;
37;11664.5;2019-04-11 14:18:48.0;
37;11665.5;2019-04-11 14:18:49.0;
37;11664.25;2019-04-11 14:18:51.0;
37;11664.5;2019-04-11 14:18:52.0;
37;11664.25;2019-04-11 14:18:54.0;
37;11663.75;2019-04-11 14:18:55.0;
37;11663.5;2019-04-11 14:18:59.0;
37;11663.25;2019-04-11 14:19:11.0;
37;11663.5;2019-04-11 14:19:21.0;
37;11663.75;2019-04-11 14:19:32.0;
37;11663.5;2019-04-11 14:19:36.0;
37;11661.75;2019-04-11 14:20:08.0;
37;11663.25;2019-04-11 14:20:11.0;
37;11663;2019-04-11 14:20:15.0;
37;11663.25;2019-04-11 14:20:16.0;
37;11663;2019-04-11 14:20:18.0;
37;11663.25;2019-04-11 14:20:23.0;
37;11663;2019-04-11 14:20:24.0;
37;11663.25;2019-04-11 14:20:26.0;
37;11663;2019-04-11 14:20:27.0;
37;11663.25;2019-04-11 14:20:33.0;
37;11663.75;2019-04-11 14:20:51.0;
37;11664.5;2019-04-11 14:21:14.0;
37;11665;2019-04-11 14:21:20.0;
37;11664.75;2019-04-11 14:21:24.0;
37;11664.5;2019-04-11 14:21:32.0;
37;11664.25;2019-04-11 14:22:10.0;
37;11664.5;2019-04-11 14:22:12.0;
37;11664.25;2019-04-11 14:22:14.0;
37;11665.25;2019-04-11 14:22:26.0;
37;11664.25;2019-04-11 14:22:27.0;
37;11665.25;2019-04-11 14:22:29.0;
37;11664.5;2019-04-11 14:22:32.0;
37;11664.25;2019-04-11 14:22:52.0;
37;11663.25;2019-04-11 14:23:05.0;
37;11663.5;2019-04-11 14:23:22.0;
37;11663.25;2019-04-11 14:23:36.0;
37;11664;2019-04-11 14:23:39.0;
37;11663.75;2019-04-11 14:23:42.0;
37;11665.5;2019-04-11 14:24:06.0;
37;11666;2019-04-11 14:24:11.0;
37;11665.75;2019-04-11 14:25:14.0;
37;11666;2019-04-11 14:25:20.0;
37;11665.75;2019-04-11 14:25:34.0;
37;11666.5;2019-04-11 14:25:40.0;
37;11666.75;2019-04-11 14:25:44.0;
37;11666.5;2019-04-11 14:26:14.0;
37;11666.25;2019-04-11 14:26:43.0;
37;11666.5;2019-04-11 14:26:52.0;
37;11666.25;2019-04-11 14:26:55.0;
37;11666.5;2019-04-11 14:27:00.0;
37;11666.25;2019-04-11 14:27:07.0;
37;11666.5;2019-04-11 14:27:11.0;
37;11666.25;2019-04-11 14:27:43.0;
37;11664.5;2019-04-11 14:28:06.0;
37;11664.25;2019-04-11 14:28:12.0;
37;11664.5;2019-04-11 14:28:13.0;
37;11664.25;2019-04-11 14:28:15.0;
37;11664.5;2019-04-11 14:28:16.0;
37;11664;2019-04-11 14:28:18.0;
37;11662.5;2019-04-11 14:28:24.0;
37;11663;2019-04-11 14:28:29.0;
37;11662.5;2019-04-11 14:28:31.0;
37;11662.25;2019-04-11 14:28:41.0;
37;11663.25;2019-04-11 14:28:47.0;
37;11662.75;2019-04-11 14:28:51.0;
37;11662.5;2019-04-11 14:28:54.0;
37;11662.75;2019-04-11 14:28:55.0;
37;11662.5;2019-04-11 14:28:57.0;
37;11663.25;2019-04-11 14:29:00.0;
37;11662.75;2019-04-11 14:30:08.0;
37;11661;2019-04-11 14:30:15.0;
37;11660.75;2019-04-11 14:30:18.0;
37;11661;2019-04-11 14:30:19.0;
37;11661.25;2019-04-11 14:30:22.0;
37;11661;2019-04-11 14:30:29.0;
37;11660.75;2019-04-11 14:30:31.0;
37;11661.25;2019-04-11 14:30:35.0;
37;11661;2019-04-11 14:30:40.0;
37;11660.75;2019-04-11 14:30:42.0;
37;11661;2019-04-11 14:30:43.0;
37;11661.5;2019-04-11 14:30:46.0;
37;11661.25;2019-04-11 14:30:51.0;
37;11660.75;2019-04-11 14:30:59.0;
37;11661;2019-04-11 14:31:03.0;
37;11660.75;2019-04-11 14:31:06.0;
37;11661;2019-04-11 14:31:07.0;
37;11660.75;2019-04-11 14:31:09.0;
37;11658.75;2019-04-11 14:31:11.0;
37;11660.5;2019-04-11 14:31:18.0;
37;11658.75;2019-04-11 14:31:19.0;
37;11660.5;2019-04-11 14:31:21.0;
37;11661;2019-04-11 14:31:24.0;
37;11660.75;2019-04-11 14:31:42.0;
37;11661;2019-04-11 14:31:43.0;
37;11662;2019-04-11 14:32:06.0;
37;11661.75;2019-04-11 14:32:08.0;
37;11661.5;2019-04-11 14:32:12.0;
37;11662;2019-04-11 14:32:21.0;
37;11663.25;2019-04-11 14:32:40.0;
37;11662.25;2019-04-11 14:32:51.0;
37;11661.5;2019-04-11 14:33:17.0;
37;11661.25;2019-04-11 14:33:28.0;
37;11660.75;2019-04-11 14:33:47.0;
37;11661.25;2019-04-11 14:34:09.0;
37;11661.5;2019-04-11 14:34:10.0;
37;11661.25;2019-04-11 14:34:11.0;
37;11660.5;2019-04-11 14:34:17.0;
37;11658.75;2019-04-11 14:34:23.0;
37;11657;2019-04-11 14:34:28.0;
37;11658.5;2019-04-11 14:34:35.0;
37;11659;2019-04-11 14:34:52.0;
37;11658;2019-04-11 14:34:59.0;
37;11657.5;2019-04-11 14:36:02.0;
37;11656.75;2019-04-11 14:36:08.0;
37;11656.5;2019-04-11 14:36:10.0;
37;11657.25;2019-04-11 14:36:21.0;
37;11656.75;2019-04-11 14:36:22.0;
37;11657.25;2019-04-11 14:36:24.0;
37;11656.75;2019-04-11 14:36:25.0;
37;11657;2019-04-11 14:36:26.0;
37;11656.5;2019-04-11 14:36:58.0;
37;11657;2019-04-11 14:37:00.0;
37;11656.5;2019-04-11 14:37:01.0;
37;11657.75;2019-04-11 14:38:05.0;
37;11657.25;2019-04-11 14:39:26.0;
37;11655;2019-04-11 14:39:32.0;
37;11654;2019-04-11 14:40:04.0;
37;11654.25;2019-04-11 14:40:11.0;
37;11654.5;2019-04-11 14:40:16.0;
37;11654.25;2019-04-11 14:40:17.0;
37;11654.5;2019-04-11 14:40:18.0;
37;11654.25;2019-04-11 14:40:21.0;
37;11654.5;2019-04-11 14:40:23.0;
37;11654.25;2019-04-11 14:40:24.0;
37;11654.5;2019-04-11 14:40:28.0;
37;11654.25;2019-04-11 14:40:33.0;
37;11654.5;2019-04-11 14:40:37.0;
37;11654;2019-04-11 14:40:43.0;
37;11652;2019-04-11 14:40:50.0;
37;11651.75;2019-04-11 14:40:53.0;
37;11652;2019-04-11 14:40:54.0;
37;11651.75;2019-04-11 14:40:55.0;
37;11652.75;2019-04-11 14:40:58.0;
37;11652.5;2019-04-11 14:41:07.0;
37;11652.75;2019-04-11 14:41:11.0;
37;11652.5;2019-04-11 14:41:12.0;
37;11652.75;2019-04-11 14:41:15.0;
37;11652.5;2019-04-11 14:41:25.0;
37;11652.75;2019-04-11 14:41:34.0;
37;11652.5;2019-04-11 14:41:38.0;
37;11652.75;2019-04-11 14:42:03.0;
37;11652.25;2019-04-11 14:42:40.0;
37;11651.25;2019-04-11 14:42:45.0;
37;11652.5;2019-04-11 14:42:52.0;
37;11652.25;2019-04-11 14:42:57.0;
37;11653;2019-04-11 14:42:59.0;
37;11652.75;2019-04-11 14:43:06.0;
37;11653;2019-04-11 14:43:08.0;
37;11652.75;2019-04-11 14:43:09.0;
37;11653;2019-04-11 14:43:11.0;
37;11653.25;2019-04-11 14:43:23.0;
37;11653.5;2019-04-11 14:43:27.0;
37;11653.25;2019-04-11 14:43:33.0;
37;11653.75;2019-04-11 14:43:39.0;
37;11653.25;2019-04-11 14:43:40.0;
37;11653.75;2019-04-11 14:43:42.0;
37;11653.5;2019-04-11 14:43:43.0;
37;11653.75;2019-04-11 14:43:46.0;
37;11653;2019-04-11 14:44:04.0;
37;11653.25;2019-04-11 14:44:09.0;
37;11654.25;2019-04-11 14:44:12.0;
37;11653.25;2019-04-11 14:44:13.0;
37;11653.75;2019-04-11 14:44:15.0;
37;11654.5;2019-04-11 14:44:20.0;
37;11654.25;2019-04-11 14:44:25.0;
37;11654.75;2019-04-11 14:44:26.0;
37;11655.25;2019-04-11 14:44:40.0;
37;11654.75;2019-04-11 14:44:42.0;
37;11655.5;2019-04-11 14:44:43.0;
37;11656.25;2019-04-11 14:44:49.0;
37;11655.5;2019-04-11 14:44:50.0;
37;11656.25;2019-04-11 14:44:52.0;
37;11656;2019-04-11 14:44:55.0;
37;11657;2019-04-11 14:45:00.0;
37;11658.25;2019-04-11 14:45:04.0;
37;11654.5;2019-04-11 14:45:07.0;
37;11655.25;2019-04-11 14:45:13.0;
37;11654.5;2019-04-11 14:45:15.0;
37;11655;2019-04-11 14:45:23.0;
37;11655.5;2019-04-11 14:45:28.0;
37;11655;2019-04-11 14:45:29.0;
37;11655.5;2019-04-11 14:45:32.0;
37;11655;2019-04-11 14:45:34.0;
37;11655.5;2019-04-11 14:45:35.0;
37;11654.75;2019-04-11 14:45:41.0;
37;11655.5;2019-04-11 14:45:42.0;
37;11654.75;2019-04-11 14:45:44.0;
37;11654;2019-04-11 14:46:05.0;
37;11654.5;2019-04-11 14:46:07.0;
37;11654;2019-04-11 14:46:08.0;
37;11654.5;2019-04-11 14:46:10.0;
37;11654;2019-04-11 14:46:13.0;
37;11655;2019-04-11 14:46:19.0;
37;11654.75;2019-04-11 14:46:27.0;
37;11654;2019-04-11 14:46:33.0;
37;11655;2019-04-11 14:46:41.0;
37;11654.5;2019-04-11 14:46:43.0;
37;11655.25;2019-04-11 14:46:46.0;
37;11654.5;2019-04-11 14:46:53.0;
37;11654.75;2019-04-11 14:46:54.0;
37;11654.5;2019-04-11 14:46:56.0;
37;11654.75;2019-04-11 14:46:57.0;
37;11655.25;2019-04-11 14:46:59.0;
37;11654.5;2019-04-11 14:47:04.0;
37;11655.25;2019-04-11 14:47:06.0;
37;11655;2019-04-11 14:47:12.0;
37;11655.25;2019-04-11 14:47:14.0;
37;11655;2019-04-11 14:47:15.0;
37;11655.25;2019-04-11 14:47:18.0;
37;11655.5;2019-04-11 14:48:03.0;
37;11655.25;2019-04-11 14:48:07.0;
37;11654.75;2019-04-11 14:48:08.0;
37;11655.5;2019-04-11 14:48:12.0;
37;11656.25;2019-04-11 14:48:22.0;
37;11655.25;2019-04-11 14:48:49.0;
37;11654.75;2019-04-11 14:48:55.0;
37;11654.5;2019-04-11 14:48:59.0;
37;11654.75;2019-04-11 14:49:01.0;
37;11654.5;2019-04-11 14:49:02.0;
37;11654.75;2019-04-11 14:49:05.0;
37;11655;2019-04-11 14:50:12.0;
37;11656;2019-04-11 14:50:19.0;
37;11655.5;2019-04-11 14:50:23.0;
37;11656.25;2019-04-11 14:50:29.0;
37;11656;2019-04-11 14:51:08.0;
37;11656.25;2019-04-11 14:51:09.0;
37;11656;2019-04-11 14:51:10.0;
37;11656.25;2019-04-11 14:51:12.0;
37;11655.5;2019-04-11 14:51:22.0;
37;11656.25;2019-04-11 14:51:23.0;
37;11655.5;2019-04-11 14:51:25.0;
37;11656.25;2019-04-11 14:51:26.0;
37;11656;2019-04-11 14:51:33.0;
37;11655.75;2019-04-11 14:51:41.0;
37;11655.25;2019-04-11 14:51:42.0;
37;11655.5;2019-04-11 14:51:48.0;
37;11655.75;2019-04-11 14:52:04.0;
37;11655.25;2019-04-11 14:52:17.0;
37;11654.5;2019-04-11 14:52:24.0;
37;11654.25;2019-04-11 14:52:27.0;
37;11654.5;2019-04-11 14:52:28.0;
37;11654.25;2019-04-11 14:52:30.0;
37;11653.75;2019-04-11 14:52:33.0;
37;11653;2019-04-11 14:52:43.0;
37;11652.75;2019-04-11 14:53:03.0;
37;11653;2019-04-11 14:53:04.0;
37;11652.75;2019-04-11 14:53:06.0;
37;11651.5;2019-04-11 14:53:18.0;
37;11651.75;2019-04-11 14:53:21.0;
37;11653.25;2019-04-11 14:53:28.0;
37;11652.75;2019-04-11 14:53:32.0;
37;11653.25;2019-04-11 14:53:34.0;
37;11652.75;2019-04-11 14:53:35.0;
37;11652.5;2019-04-11 14:53:36.0;
37;11653;2019-04-11 14:53:39.0;
37;11652.75;2019-04-11 14:53:48.0;
37;11653;2019-04-11 14:54:28.0;
37;11652.75;2019-04-11 14:55:00.0;
37;11653.75;2019-04-11 14:55:04.0;
37;11653;2019-04-11 14:55:10.0;
37;11653.75;2019-04-11 14:55:11.0;
37;11653;2019-04-11 14:55:13.0;
37;11653.25;2019-04-11 14:55:14.0;
37;11653.75;2019-04-11 14:55:18.0;
37;11654.5;2019-04-11 14:55:20.0;
37;11654.25;2019-04-11 14:56:05.0;
37;11654.5;2019-04-11 14:56:06.0;
37;11654.25;2019-04-11 14:56:07.0;
37;11654.5;2019-04-11 14:56:10.0;
37;11654.25;2019-04-11 14:56:17.0;
37;11654.5;2019-04-11 14:56:20.0;
37;11654.25;2019-04-11 14:56:24.0;
37;11654.5;2019-04-11 14:56:28.0;
37;11654.25;2019-04-11 14:56:30.0;
37;11654.5;2019-04-11 14:56:31.0;
37;11654.25;2019-04-11 14:56:35.0;
37;11654.5;2019-04-11 14:56:37.0;
37;11654.25;2019-04-11 14:56:38.0;
37;11654.5;2019-04-11 14:56:40.0;
37;11653.75;2019-04-11 14:57:16.0;
37;11653.25;2019-04-11 14:57:20.0;
37;11653.75;2019-04-11 14:57:21.0;
37;11653.25;2019-04-11 14:57:24.0;
37;11653.75;2019-04-11 14:57:26.0;
37;11655.25;2019-04-11 14:58:43.0;
37;11655;2019-04-11 14:58:50.0;
37;11655.25;2019-04-11 14:58:54.0;
37;11655;2019-04-11 14:59:11.0;
37;11655.25;2019-04-11 14:59:16.0;
37;11655;2019-04-11 14:59:43.0;
37;11654.5;2019-04-11 15:00:03.0;
37;11652.75;2019-04-11 15:00:09.0;
37;11653;2019-04-11 15:00:11.0;
37;11654.25;2019-04-11 15:00:16.0;
37;11654;2019-04-11 15:00:25.0;
37;11655.75;2019-04-11 15:00:42.0;
37;11655;2019-04-11 15:00:45.0;
37;11654;2019-04-11 15:00:47.0;
37;11655;2019-04-11 15:00:54.0;
37;11654.5;2019-04-11 15:01:36.0;
37;11655.25;2019-04-11 15:02:11.0;
37;11655;2019-04-11 15:02:16.0;
37;11655.25;2019-04-11 15:02:19.0;
37;11655;2019-04-11 15:02:20.0;
37;11655.25;2019-04-11 15:02:23.0;
37;11655.75;2019-04-11 15:02:29.0;
37;11656.75;2019-04-11 15:02:35.0;
37;11656.5;2019-04-11 15:02:37.0;
37;11658;2019-04-11 15:03:08.0;
37;11658.25;2019-04-11 15:03:17.0;
37;11658;2019-04-11 15:03:25.0;
37;11660.25;2019-04-11 15:03:34.0;
37;11658;2019-04-11 15:03:35.0;
37;11660.25;2019-04-11 15:03:38.0;
37;11661.25;2019-04-11 15:03:44.0;
37;11661.5;2019-04-11 15:03:48.0;
37;11659.25;2019-04-11 15:04:05.0;
37;11659;2019-04-11 15:04:27.0;
37;11659.5;2019-04-11 15:04:35.0;
37;11659;2019-04-11 15:04:36.0;
37;11659.5;2019-04-11 15:04:38.0;
37;11660;2019-04-11 15:04:39.0;
37;11659.75;2019-04-11 15:04:51.0;
37;11659;2019-04-11 15:04:55.0;
37;11659.5;2019-04-11 15:06:04.0;
37;11659.75;2019-04-11 15:06:08.0;
37;11659.5;2019-04-11 15:06:11.0;
37;11659.75;2019-04-11 15:06:13.0;
37;11659.5;2019-04-11 15:06:30.0;
37;11660;2019-04-11 15:06:34.0;
37;11659.75;2019-04-11 15:06:45.0;
37;11661;2019-04-11 15:07:21.0;
37;11660.25;2019-04-11 15:07:27.0;
37;11660;2019-04-11 15:07:34.0;
37;11658.75;2019-04-11 15:07:35.0;
37;11658.25;2019-04-11 15:07:39.0;
37;11657;2019-04-11 15:08:05.0;
37;11656.25;2019-04-11 15:08:10.0;
37;11657;2019-04-11 15:08:12.0;
37;11656.75;2019-04-11 15:08:19.0;
37;11657;2019-04-11 15:08:25.0;
37;11656.75;2019-04-11 15:08:26.0;
37;11656.5;2019-04-11 15:08:28.0;
37;11656.25;2019-04-11 15:08:34.0;
37;11656.5;2019-04-11 15:08:50.0;
37;11656.25;2019-04-11 15:08:53.0;
37;11656.5;2019-04-11 15:08:54.0;
37;11656.25;2019-04-11 15:08:56.0;
37;11656;2019-04-11 15:09:14.0;
37;11655.75;2019-04-11 15:09:19.0;
37;11656;2019-04-11 15:09:21.0;
37;11655.75;2019-04-11 15:09:22.0;
37;11656.25;2019-04-11 15:09:24.0;
37;11655.75;2019-04-11 15:09:28.0;
37;11656.25;2019-04-11 15:09:29.0;
37;11654.75;2019-04-11 15:09:31.0;
37;11655.5;2019-04-11 15:09:37.0;
37;11654.75;2019-04-11 15:09:40.0;
37;11654.25;2019-04-11 15:09:43.0;
37;11653;2019-04-11 15:10:24.0;
37;11654.25;2019-04-11 15:10:25.0;
37;11654;2019-04-11 15:10:28.0;
37;11653.25;2019-04-11 15:10:34.0;
37;11654.25;2019-04-11 15:10:35.0;
37;11653.25;2019-04-11 15:10:37.0;
37;11654.25;2019-04-11 15:10:38.0;
37;11653.5;2019-04-11 15:10:41.0;
37;11653.75;2019-04-11 15:10:44.0;
37;11654.25;2019-04-11 15:10:48.0;
37;11653.75;2019-04-11 15:10:50.0;
37;11654.25;2019-04-11 15:10:52.0;
37;11653.75;2019-04-11 15:10:54.0;
37;11654.25;2019-04-11 15:10:55.0;
37;11653.75;2019-04-11 15:10:57.0;
37;11654.25;2019-04-11 15:11:00.0;
37;11654.5;2019-04-11 15:11:01.0;
37;11654.25;2019-04-11 15:11:05.0;
37;11654.75;2019-04-11 15:11:08.0;
37;11654.5;2019-04-11 15:11:13.0;
37;11654.25;2019-04-11 15:11:18.0;
37;11654;2019-04-11 15:11:20.0;
37;11653.75;2019-04-11 15:11:24.0;
37;11653.5;2019-04-11 15:11:31.0;
37;11653.25;2019-04-11 15:11:40.0;
37;11653.5;2019-04-11 15:11:41.0;
37;11653.25;2019-04-11 15:11:43.0;
37;11654.5;2019-04-11 15:11:53.0;
37;11653.5;2019-04-11 15:12:04.0;
37;11654;2019-04-11 15:12:10.0;
37;11653.5;2019-04-11 15:12:14.0;
37;11653.75;2019-04-11 15:12:26.0;
37;11654;2019-04-11 15:12:44.0;
37;11655;2019-04-11 15:13:14.0;
37;11654.75;2019-04-11 15:13:25.0;
37;11654.5;2019-04-11 15:13:35.0;
37;11654.25;2019-04-11 15:13:43.0;
37;11653.5;2019-04-11 15:13:46.0;
37;11654.25;2019-04-11 15:13:48.0;
37;11653.5;2019-04-11 15:13:49.0;
37;11652.75;2019-04-11 15:14:03.0;
37;11653.5;2019-04-11 15:14:08.0;
37;11653;2019-04-11 15:14:11.0;
37;11652.75;2019-04-11 15:14:15.0;
37;11653;2019-04-11 15:14:16.0;
37;11652.75;2019-04-11 15:14:18.0;
37;11653.5;2019-04-11 15:14:28.0;
37;11652.75;2019-04-11 15:14:29.0;
37;11652;2019-04-11 15:14:49.0;
37;11652.5;2019-04-11 15:14:55.0;
37;11651.75;2019-04-11 15:15:02.0;
37;11651;2019-04-11 15:15:03.0;
37;11651.75;2019-04-11 15:15:05.0;
37;11651;2019-04-11 15:15:06.0;
37;11650.25;2019-04-11 15:15:09.0;
37;11651.5;2019-04-11 15:15:13.0;
37;11651;2019-04-11 15:15:18.0;
37;11651.25;2019-04-11 15:15:19.0;
37;11651;2019-04-11 15:15:22.0;
37;11651.75;2019-04-11 15:15:23.0;
37;11651.25;2019-04-11 15:15:28.0;
37;11650.75;2019-04-11 15:15:35.0;
37;11651.5;2019-04-11 15:15:39.0;
37;11651.25;2019-04-11 15:15:45.0;
37;11652;2019-04-11 15:15:48.0;
37;11651.5;2019-04-11 15:16:03.0;
37;11651.75;2019-04-11 15:17:08.0;
37;11651.5;2019-04-11 15:17:25.0;
37;11651.75;2019-04-11 15:17:31.0;
37;11651.5;2019-04-11 15:17:47.0;
37;11651.75;2019-04-11 15:17:48.0;
37;11651.5;2019-04-11 15:17:50.0;
37;11651.75;2019-04-11 15:18:21.0;
37;11652.75;2019-04-11 15:18:27.0;
37;11651;2019-04-11 15:19:23.0;
37;11651.25;2019-04-11 15:19:29.0;
37;11651.75;2019-04-11 15:19:43.0;
37;11651.25;2019-04-11 15:19:45.0;
37;11651.75;2019-04-11 15:19:46.0;
37;11650.5;2019-04-11 15:20:05.0;
37;11651.75;2019-04-11 15:20:19.0;
37;11649.75;2019-04-11 15:20:39.0;
37;11651.75;2019-04-11 15:20:43.0;
37;11652;2019-04-11 15:22:09.0;
37;11652.25;2019-04-11 15:22:11.0;
37;11652;2019-04-11 15:22:12.0;
37;11650.5;2019-04-11 15:22:15.0;
37;11650.75;2019-04-11 15:22:26.0;
37;11650.5;2019-04-11 15:22:27.0;
37;11650.75;2019-04-11 15:22:29.0;
37;11651.75;2019-04-11 15:23:03.0;
37;11650.75;2019-04-11 15:23:05.0;
37;11651.75;2019-04-11 15:23:06.0;
37;11651.25;2019-04-11 15:23:25.0;
37;11650.75;2019-04-11 15:23:31.0;
37;11650.25;2019-04-11 15:23:35.0;
37;11649.25;2019-04-11 15:24:02.0;
37;11648.75;2019-04-11 15:24:52.0;
37;11649.25;2019-04-11 15:24:53.0;
37;11648.75;2019-04-11 15:24:55.0;
37;11649.25;2019-04-11 15:25:19.0;
37;11651.5;2019-04-11 15:25:23.0;
37;11650.75;2019-04-11 15:25:29.0;
37;11651.5;2019-04-11 15:25:31.0;
37;11650.75;2019-04-11 15:25:32.0;
37;11651.25;2019-04-11 15:26:07.0;
37;11651.75;2019-04-11 15:26:14.0;
37;11652.25;2019-04-11 15:26:19.0;
37;11653.75;2019-04-11 15:27:31.0;
37;11654;2019-04-11 15:27:39.0;
37;11652.75;2019-04-11 15:28:05.0;
37;11651.75;2019-04-11 15:28:27.0;
37;11653;2019-04-11 15:29:12.0;
37;11652.5;2019-04-11 15:29:25.0;
37;11652.25;2019-04-11 15:29:38.0;
37;11653.5;2019-04-11 15:30:04.0;
37;11652.75;2019-04-11 15:30:17.0;
37;11652;2019-04-11 15:30:19.0;
37;11651.25;2019-04-11 15:30:32.0;
37;11651.75;2019-04-11 15:30:35.0;
37;11651.25;2019-04-11 15:30:36.0;
37;11651.75;2019-04-11 15:30:38.0;
37;11650.5;2019-04-11 15:30:39.0;
37;11651.25;2019-04-11 15:30:49.0;
37;11652.75;2019-04-11 15:30:51.0;
37;11651.25;2019-04-11 15:30:54.0;
37;11652.75;2019-04-11 15:30:55.0;
37;11652.5;2019-04-11 15:31:00.0;
37;11653.25;2019-04-11 15:31:19.0;
37;11652.75;2019-04-11 15:31:24.0;
37;11653.25;2019-04-11 15:31:30.0;
37;11652.25;2019-04-11 15:31:42.0;
37;11651.75;2019-04-11 15:31:47.0;
37;11652.75;2019-04-11 15:32:05.0;
37;11652;2019-04-11 15:32:15.0;
37;11650.75;2019-04-11 15:32:19.0;
37;11649.25;2019-04-11 15:32:25.0;
37;11648.5;2019-04-11 15:32:27.0;
37;11648;2019-04-11 15:32:35.0;
37;11648.25;2019-04-11 15:32:40.0;
37;11650;2019-04-11 15:32:42.0;
37;11648;2019-04-11 15:32:53.0;
37;11647.75;2019-04-11 15:32:58.0;
37;11648.25;2019-04-11 15:33:02.0;
37;11646.75;2019-04-11 15:33:06.0;
37;11647;2019-04-11 15:33:14.0;
37;11647.5;2019-04-11 15:33:21.0;
37;11647.25;2019-04-11 15:33:22.0;
37;11647.5;2019-04-11 15:33:31.0;
37;11648.5;2019-04-11 15:33:36.0;
37;11647.25;2019-04-11 15:33:47.0;
37;11648;2019-04-11 15:34:03.0;
37;11648.75;2019-04-11 15:34:12.0;
37;11648.25;2019-04-11 15:34:19.0;
37;11647.75;2019-04-11 15:34:20.0;
37;11648.25;2019-04-11 15:34:22.0;
37;11647.75;2019-04-11 15:34:23.0;
37;11646;2019-04-11 15:34:27.0;
37;11647.75;2019-04-11 15:34:29.0;
37;11646;2019-04-11 15:34:31.0;
37;11647.25;2019-04-11 15:34:33.0;
37;11647;2019-04-11 15:34:35.0;
37;11647.25;2019-04-11 15:34:41.0;
37;11646.75;2019-04-11 15:34:47.0;
37;11645.5;2019-04-11 15:34:48.0;
37;11646.75;2019-04-11 15:34:54.0;
37;11647.5;2019-04-11 15:34:56.0;
37;11648;2019-04-11 15:35:00.0;
37;11647.25;2019-04-11 15:35:03.0;
37;11648;2019-04-11 15:35:05.0;
37;11647.25;2019-04-11 15:35:06.0;
37;11647.5;2019-04-11 15:35:09.0;
37;11646;2019-04-11 15:35:39.0;
37;11645.5;2019-04-11 15:35:41.0;
37;11645;2019-04-11 15:35:43.0;
37;11644.5;2019-04-11 15:36:05.0;
37;11643.5;2019-04-11 15:36:08.0;
37;11642;2019-04-11 15:36:12.0;
37;11643.5;2019-04-11 15:36:14.0;
37;11642;2019-04-11 15:36:15.0;
37;11641.75;2019-04-11 15:36:17.0;
37;11642;2019-04-11 15:36:24.0;
37;11642.25;2019-04-11 15:36:27.0;
37;11642.75;2019-04-11 15:36:34.0;
37;11641.75;2019-04-11 15:36:35.0;
37;11642.75;2019-04-11 15:36:37.0;
37;11642.25;2019-04-11 15:36:40.0;
37;11641.75;2019-04-11 15:36:44.0;
37;11641.5;2019-04-11 15:37:04.0;
37;11642.25;2019-04-11 15:37:21.0;
37;11642;2019-04-11 15:37:31.0;
37;11642.75;2019-04-11 15:37:40.0;
37;11642.25;2019-04-11 15:38:12.0;
37;11642.5;2019-04-11 15:38:18.0;
37;11642.25;2019-04-11 15:38:20.0;
37;11640.75;2019-04-11 15:38:25.0;
37;11640.5;2019-04-11 15:38:28.0;
37;11640.25;2019-04-11 15:38:30.0;
37;11640.5;2019-04-11 15:38:32.0;
37;11640.25;2019-04-11 15:38:33.0;
37;11640;2019-04-11 15:38:36.0;
37;11639.5;2019-04-11 15:38:44.0;
37;11640;2019-04-11 15:38:46.0;
37;11638.75;2019-04-11 15:38:47.0;
37;11638.25;2019-04-11 15:38:54.0;
37;11637.5;2019-04-11 15:38:56.0;
37;11638.25;2019-04-11 15:38:57.0;
37;11637.75;2019-04-11 15:38:58.0;
37;11637.5;2019-04-11 15:39:05.0;
37;11637.25;2019-04-11 15:39:17.0;
37;11636.25;2019-04-11 15:39:19.0;
37;11636.75;2019-04-11 15:39:37.0;
37;11637.5;2019-04-11 15:39:40.0;
37;11637.25;2019-04-11 15:39:46.0;
37;11635.75;2019-04-11 15:40:03.0;
37;11635;2019-04-11 15:40:12.0;
37;11634.5;2019-04-11 15:40:22.0;
37;11634.25;2019-04-11 15:40:25.0;
37;11634.5;2019-04-11 15:40:27.0;
37;11634.25;2019-04-11 15:40:28.0;
37;11634.75;2019-04-11 15:40:31.0;
37;11634.25;2019-04-11 15:40:36.0;
37;11635.75;2019-04-11 15:40:45.0;
37;11636;2019-04-11 15:40:49.0;
37;11635.75;2019-04-11 15:40:51.0;
37;11636;2019-04-11 15:40:53.0;
37;11635.75;2019-04-11 15:40:59.0;
37;11636;2019-04-11 15:41:03.0;
37;11637;2019-04-11 15:41:18.0;
37;11638.75;2019-04-11 15:41:24.0;
37;11637.75;2019-04-11 15:41:26.0;
37;11638.25;2019-04-11 15:41:28.0;
37;11637.75;2019-04-11 15:41:30.0;
37;11639.25;2019-04-11 15:41:36.0;
37;11637.75;2019-04-11 15:41:38.0;
37;11639;2019-04-11 15:41:39.0;
37;11638.5;2019-04-11 15:41:45.0;
37;11638;2019-04-11 15:41:48.0;
37;11638.25;2019-04-11 15:42:04.0;
37;11637.75;2019-04-11 15:42:09.0;
37;11639.25;2019-04-11 15:42:48.0;
37;11641.75;2019-04-11 15:42:57.0;
37;11640.25;2019-04-11 15:42:59.0;
37;11641.75;2019-04-11 15:43:01.0;
37;11640.25;2019-04-11 15:43:02.0;
37;11642.75;2019-04-11 15:43:04.0;
37;11642.25;2019-04-11 15:43:31.0;
37;11640;2019-04-11 15:43:38.0;
37;11642.25;2019-04-11 15:43:39.0;
37;11640;2019-04-11 15:43:41.0;
37;11640.25;2019-04-11 15:43:44.0;
37;11640;2019-04-11 15:43:45.0;
37;11640.25;2019-04-11 15:43:47.0;
37;11642.25;2019-04-11 15:43:50.0;
37;11642.5;2019-04-11 15:44:07.0;
37;11641.75;2019-04-11 15:44:13.0;
37;11641.5;2019-04-11 15:44:19.0;
37;11641.25;2019-04-11 15:44:24.0;
37;11640.75;2019-04-11 15:44:29.0;
37;11640.5;2019-04-11 15:44:31.0;
37;11639.5;2019-04-11 15:44:36.0;
37;11639.75;2019-04-11 15:44:39.0;
37;11640.5;2019-04-11 15:44:46.0;
37;11640.25;2019-04-11 15:44:47.0;
37;11640.5;2019-04-11 15:44:50.0;
37;11640.75;2019-04-11 15:44:52.0;
37;11641;2019-04-11 15:44:56.0;
37;11640.75;2019-04-11 15:44:58.0;
37;11641.25;2019-04-11 15:45:07.0;
37;11640.75;2019-04-11 15:45:08.0;
37;11641.25;2019-04-11 15:45:10.0;
37;11639.75;2019-04-11 15:45:26.0;
37;11640;2019-04-11 15:45:28.0;
37;11640.25;2019-04-11 15:45:31.0;
37;11639.5;2019-04-11 15:45:48.0;
37;11639.25;2019-04-11 15:46:03.0;
37;11639.5;2019-04-11 15:46:04.0;
37;11639.25;2019-04-11 15:46:06.0;
37;11640;2019-04-11 15:46:08.0;
37;11639.5;2019-04-11 15:46:16.0;
37;11640;2019-04-11 15:46:19.0;
37;11641;2019-04-11 15:46:23.0;
37;11640.75;2019-04-11 15:46:40.0;
37;11641.5;2019-04-11 15:46:52.0;
37;11641.75;2019-04-11 15:47:03.0;
37;11641.5;2019-04-11 15:47:12.0;
37;11641.75;2019-04-11 15:47:17.0;
37;11641.5;2019-04-11 15:47:19.0;
37;11640.75;2019-04-11 15:47:24.0;
37;11641.25;2019-04-11 15:47:29.0;
37;11640.25;2019-04-11 15:47:35.0;
37;11639.25;2019-04-11 15:47:48.0;
37;11641.5;2019-04-11 15:48:04.0;
37;11641;2019-04-11 15:48:17.0;
37;11641.25;2019-04-11 15:48:19.0;
37;11641.5;2019-04-11 15:48:29.0;
37;11642.25;2019-04-11 15:48:35.0;
37;11642;2019-04-11 15:48:48.0;
37;11642.25;2019-04-11 15:48:53.0;
37;11643;2019-04-11 15:49:06.0;
37;11642.5;2019-04-11 15:49:08.0;
37;11643;2019-04-11 15:49:31.0;
37;11644.25;2019-04-11 15:49:48.0;
37;11643;2019-04-11 15:49:50.0;
37;11644.25;2019-04-11 15:49:51.0;
37;11645;2019-04-11 15:50:05.0;
37;11644.5;2019-04-11 15:50:07.0;
37;11645;2019-04-11 15:50:12.0;
37;11644.5;2019-04-11 15:50:15.0;
37;11645.25;2019-04-11 15:50:17.0;
37;11644.5;2019-04-11 15:50:26.0;
37;11645.25;2019-04-11 15:50:28.0;
37;11644.5;2019-04-11 15:50:29.0;
37;11645.25;2019-04-11 15:50:42.0;
37;11645.75;2019-04-11 15:50:51.0;
37;11645.25;2019-04-11 15:50:56.0;
37;11643;2019-04-11 15:51:04.0;
37;11642.5;2019-04-11 15:51:13.0;
37;11643;2019-04-11 15:51:15.0;
37;11642.5;2019-04-11 15:51:16.0;
37;11641.75;2019-04-11 15:51:21.0;
37;11643;2019-04-11 15:51:37.0;
37;11641.75;2019-04-11 15:51:38.0;
37;11643;2019-04-11 15:51:39.0;
37;11642.25;2019-04-11 15:51:48.0;
37;11641.75;2019-04-11 15:52:04.0;
37;11641;2019-04-11 15:52:08.0;
37;11641.25;2019-04-11 15:52:13.0;
37;11641;2019-04-11 15:52:14.0;
37;11640;2019-04-11 15:52:15.0;
37;11640.75;2019-04-11 15:52:22.0;
37;11641.5;2019-04-11 15:52:28.0;
37;11641.75;2019-04-11 15:52:34.0;
37;11641.25;2019-04-11 15:52:35.0;
37;11641.75;2019-04-11 15:52:37.0;
37;11641.25;2019-04-11 15:52:38.0;
37;11639.75;2019-04-11 15:52:39.0;
37;11638.5;2019-04-11 15:53:00.0;
37;11638;2019-04-11 15:53:05.0;
37;11638.5;2019-04-11 15:53:13.0;
37;11639.25;2019-04-11 15:53:15.0;
37;11638.5;2019-04-11 15:53:16.0;
37;11639.25;2019-04-11 15:53:18.0;
37;11638.25;2019-04-11 15:53:20.0;
37;11639.25;2019-04-11 15:53:21.0;
37;11638.75;2019-04-11 15:53:25.0;
37;11638.5;2019-04-11 15:53:29.0;
37;11638.75;2019-04-11 15:53:33.0;
37;11637.75;2019-04-11 15:53:44.0;
37;11639;2019-04-11 15:53:49.0;
37;11639.5;2019-04-11 15:54:05.0;
37;11636.75;2019-04-11 15:54:09.0;
37;11637;2019-04-11 15:54:12.0;
37;11635.25;2019-04-11 15:54:17.0;
37;11634;2019-04-11 15:54:23.0;
37;11634.75;2019-04-11 15:54:27.0;
37;11634;2019-04-11 15:54:30.0;
37;11634.75;2019-04-11 15:54:31.0;
37;11633.75;2019-04-11 15:54:36.0;
37;11634.75;2019-04-11 15:54:41.0;
37;11635.5;2019-04-11 15:54:44.0;
37;11634.75;2019-04-11 15:54:49.0;
37;11634.5;2019-04-11 15:54:52.0;
37;11633.5;2019-04-11 15:55:06.0;
37;11634.5;2019-04-11 15:55:08.0;
37;11633.5;2019-04-11 15:55:09.0;
37;11634.5;2019-04-11 15:55:11.0;
37;11634.75;2019-04-11 15:55:17.0;
37;11633.75;2019-04-11 15:55:38.0;
37;11634;2019-04-11 15:55:45.0;
37;11634.75;2019-04-11 15:55:51.0;
37;11636.5;2019-04-11 15:56:07.0;
37;11635.5;2019-04-11 15:56:12.0;
37;11637;2019-04-11 15:56:22.0;
37;11635.5;2019-04-11 15:56:23.0;
37;11637;2019-04-11 15:56:24.0;
37;11636.25;2019-04-11 15:56:34.0;
37;11636.5;2019-04-11 15:56:35.0;
37;11636.25;2019-04-11 15:56:37.0;
37;11636.75;2019-04-11 15:56:41.0;
37;11637.5;2019-04-11 15:57:02.0;
37;11638;2019-04-11 15:57:08.0;
37;11637.5;2019-04-11 15:57:09.0;
37;11638.25;2019-04-11 15:57:10.0;
37;11638;2019-04-11 15:57:15.0;
37;11638.5;2019-04-11 15:58:06.0;
37;11637.5;2019-04-11 15:58:11.0;
37;11637;2019-04-11 15:58:16.0;
37;11636.75;2019-04-11 15:58:22.0;
37;11635.25;2019-04-11 15:58:24.0;
37;11636.75;2019-04-11 15:58:25.0;
37;11635.25;2019-04-11 15:58:27.0;
37;11636.75;2019-04-11 15:58:28.0;
37;11636;2019-04-11 15:58:31.0;
37;11636.25;2019-04-11 15:58:50.0;
37;11634.25;2019-04-11 15:59:02.0;
37;11633.75;2019-04-11 15:59:03.0;
37;11635.25;2019-04-11 15:59:08.0;
37;11633.75;2019-04-11 15:59:20.0;
37;11633.25;2019-04-11 15:59:23.0;
37;11634.25;2019-04-11 15:59:27.0;
37;11634;2019-04-11 15:59:33.0;
37;11634.25;2019-04-11 15:59:37.0;
37;11634;2019-04-11 15:59:39.0;
37;11634.25;2019-04-11 15:59:43.0;
37;11634;2019-04-11 15:59:45.0;
37;11634.25;2019-04-11 15:59:46.0;
37;11634;2019-04-11 15:59:52.0;
37;11636.25;2019-04-11 16:00:04.0;
37;11636.75;2019-04-11 16:00:09.0;
37;11635;2019-04-11 16:00:17.0;
37;11635.25;2019-04-11 16:00:29.0;
37;11635.5;2019-04-11 16:00:34.0;
37;11635.25;2019-04-11 16:00:44.0;
37;11635.5;2019-04-11 16:00:50.0;
37;11635.25;2019-04-11 16:00:58.0;
37;11635.75;2019-04-11 16:00:59.0;
37;11635.25;2019-04-11 16:01:05.0;
37;11634.5;2019-04-11 16:01:08.0;
37;11635;2019-04-11 16:01:17.0;
37;11634;2019-04-11 16:01:21.0;
37;11635;2019-04-11 16:01:23.0;
37;11633.75;2019-04-11 16:01:25.0;
37;11633.5;2019-04-11 16:01:33.0;
37;11632.25;2019-04-11 16:01:37.0;
37;11632.75;2019-04-11 16:01:44.0;
37;11633;2019-04-11 16:01:50.0;
37;11633.75;2019-04-11 16:02:05.0;
37;11633.25;2019-04-11 16:02:36.0;
37;11633.5;2019-04-11 16:02:39.0;
37;11635.25;2019-04-11 16:02:47.0;
37;11635.5;2019-04-11 16:02:56.0;
37;11636.5;2019-04-11 16:03:03.0;
37;11635.5;2019-04-11 16:03:05.0;
37;11636.5;2019-04-11 16:03:06.0;
37;11636;2019-04-11 16:03:17.0;
37;11636.5;2019-04-11 16:03:19.0;
37;11636.75;2019-04-11 16:03:27.0;
37;11636.5;2019-04-11 16:03:28.0;
37;11636.75;2019-04-11 16:03:30.0;
37;11636.25;2019-04-11 16:03:32.0;
37;11636.75;2019-04-11 16:03:40.0;
37;11637;2019-04-11 16:03:43.0;
37;11636.75;2019-04-11 16:03:45.0;
37;11637;2019-04-11 16:03:46.0;
37;11637.25;2019-04-11 16:03:49.0;
37;11638.25;2019-04-11 16:04:35.0;
37;11636.25;2019-04-11 16:04:48.0;
37;11636;2019-04-11 16:04:51.0;
37;11636.75;2019-04-11 16:04:59.0;
37;11637.5;2019-04-11 16:05:04.0;
37;11638;2019-04-11 16:05:12.0;
37;11637.5;2019-04-11 16:05:13.0;
37;11638.25;2019-04-11 16:05:15.0;
37;11638;2019-04-11 16:05:19.0;
37;11636.5;2019-04-11 16:05:32.0;
37;11636.75;2019-04-11 16:05:35.0;
37;11636;2019-04-11 16:06:04.0;
37;11636.5;2019-04-11 16:06:07.0;
37;11636;2019-04-11 16:06:12.0;
37;11636.5;2019-04-11 16:06:17.0;
37;11635.75;2019-04-11 16:06:19.0;
37;11636;2019-04-11 16:06:24.0;
37;11636.25;2019-04-11 16:06:31.0;
37;11634.25;2019-04-11 16:06:35.0;
37;11634.75;2019-04-11 16:06:53.0;
37;11635.75;2019-04-11 16:07:08.0;
37;11635;2019-04-11 16:07:11.0;
37;11635.75;2019-04-11 16:07:31.0;
37;11634.5;2019-04-11 16:07:44.0;
37;11635.5;2019-04-11 16:08:05.0;
37;11634.75;2019-04-11 16:08:08.0;
37;11635.5;2019-04-11 16:08:09.0;
37;11635;2019-04-11 16:08:20.0;
37;11635.25;2019-04-11 16:08:37.0;
37;11635.75;2019-04-11 16:08:40.0;
37;11635.5;2019-04-11 16:08:47.0;
37;11635.75;2019-04-11 16:08:50.0;
37;11636;2019-04-11 16:08:52.0;
37;11635.75;2019-04-11 16:08:53.0;
37;11636;2019-04-11 16:08:55.0;
37;11635.75;2019-04-11 16:09:09.0;
37;11635.25;2019-04-11 16:09:11.0;
37;11635;2019-04-11 16:09:16.0;
37;11635.75;2019-04-11 16:09:18.0;
37;11635;2019-04-11 16:09:21.0;
37;11635.75;2019-04-11 16:09:22.0;
37;11636;2019-04-11 16:09:28.0;
37;11635;2019-04-11 16:09:34.0;
37;11634.75;2019-04-11 16:09:42.0;
37;11635;2019-04-11 16:09:50.0;
37;11634.5;2019-04-11 16:10:13.0;
37;11635;2019-04-11 16:10:15.0;
37;11635.25;2019-04-11 16:10:21.0;
37;11635.75;2019-04-11 16:10:30.0;
37;11635.5;2019-04-11 16:10:35.0;
37;11635.75;2019-04-11 16:10:36.0;
37;11635.5;2019-04-11 16:10:38.0;
37;11635.25;2019-04-11 16:10:40.0;
37;11635.5;2019-04-11 16:10:41.0;
37;11635.25;2019-04-11 16:10:43.0;
37;11635;2019-04-11 16:10:45.0;
37;11633.25;2019-04-11 16:10:59.0;
37;11635;2019-04-11 16:11:00.0;
37;11633.25;2019-04-11 16:11:02.0;
37;11633;2019-04-11 16:11:12.0;
37;11632.75;2019-04-11 16:11:22.0;
37;11632;2019-04-11 16:11:30.0;
37;11631.75;2019-04-11 16:11:35.0;
37;11631.5;2019-04-11 16:11:42.0;
37;11632.75;2019-04-11 16:11:43.0;
37;11631.5;2019-04-11 16:11:45.0;
37;11632.75;2019-04-11 16:11:46.0;
37;11632;2019-04-11 16:11:48.0;
37;11632.75;2019-04-11 16:11:49.0;
37;11632;2019-04-11 16:11:52.0;
37;11630.5;2019-04-11 16:12:05.0;
37;11632;2019-04-11 16:12:07.0;
37;11630.5;2019-04-11 16:12:08.0;
37;11630.75;2019-04-11 16:12:09.0;
37;11630.5;2019-04-11 16:12:16.0;
37;11630.75;2019-04-11 16:12:18.0;
37;11630.5;2019-04-11 16:12:19.0;
37;11630.75;2019-04-11 16:12:31.0;
37;11631.75;2019-04-11 16:12:32.0;
37;11631.25;2019-04-11 16:12:35.0;
37;11631.5;2019-04-11 16:12:45.0;
37;11631.25;2019-04-11 16:12:48.0;
37;11632;2019-04-11 16:12:59.0;
37;11632.75;2019-04-11 16:13:10.0;
37;11633.75;2019-04-11 16:13:17.0;
37;11632.75;2019-04-11 16:13:18.0;
37;11633.75;2019-04-11 16:13:19.0;
37;11633.25;2019-04-11 16:13:27.0;
37;11633.75;2019-04-11 16:13:28.0;
37;11633.25;2019-04-11 16:13:30.0;
37;11635;2019-04-11 16:13:39.0;
37;11634.5;2019-04-11 16:13:45.0;
37;11635;2019-04-11 16:13:47.0;
37;11634.5;2019-04-11 16:13:48.0;
37;11634;2019-04-11 16:14:05.0;
37;11633.25;2019-04-11 16:14:06.0;
37;11634;2019-04-11 16:14:08.0;
37;11634.25;2019-04-11 16:14:27.0;
37;11634;2019-04-11 16:14:32.0;
37;11634.5;2019-04-11 16:14:40.0;
37;11634.75;2019-04-11 16:14:46.0;
37;11635.25;2019-04-11 16:14:51.0;
37;11635.5;2019-04-11 16:14:56.0;
37;11635.25;2019-04-11 16:14:57.0;
37;11635.5;2019-04-11 16:14:58.0;
37;11636.25;2019-04-11 16:15:03.0;
37;11635.5;2019-04-11 16:15:04.0;
37;11636.25;2019-04-11 16:15:08.0;
37;11636.75;2019-04-11 16:15:09.0;
37;11637.25;2019-04-11 16:15:11.0;
37;11636.75;2019-04-11 16:15:12.0;
37;11637.25;2019-04-11 16:15:13.0;
37;11637.75;2019-04-11 16:15:19.0;
37;11637;2019-04-11 16:15:30.0;
37;11636.5;2019-04-11 16:15:34.0;
37;11635.5;2019-04-11 16:15:40.0;
37;11636;2019-04-11 16:15:45.0;
37;11635.75;2019-04-11 16:15:49.0;
37;11636.5;2019-04-11 16:16:08.0;
37;11637.25;2019-04-11 16:16:25.0;
37;11636.5;2019-04-11 16:16:27.0;
37;11636;2019-04-11 16:16:32.0;
37;11637.25;2019-04-11 16:16:40.0;
37;11637.5;2019-04-11 16:17:15.0;
37;11637.25;2019-04-11 16:17:16.0;
37;11637.5;2019-04-11 16:17:17.0;
37;11638;2019-04-11 16:17:19.0;
37;11639;2019-04-11 16:17:35.0;
37;11637.75;2019-04-11 16:17:43.0;
37;11638.5;2019-04-11 16:18:06.0;
37;11639;2019-04-11 16:18:09.0;
37;11640.5;2019-04-11 16:18:13.0;
37;11641.25;2019-04-11 16:18:16.0;
37;11641.75;2019-04-11 16:18:36.0;
37;11642;2019-04-11 16:19:04.0;
37;11641.75;2019-04-11 16:19:05.0;
37;11642;2019-04-11 16:19:07.0;
37;11641.5;2019-04-11 16:19:08.0;
37;11641.25;2019-04-11 16:19:11.0;
37;11641.5;2019-04-11 16:19:12.0;
37;11641.25;2019-04-11 16:19:15.0;
37;11641.75;2019-04-11 16:19:49.0;
37;11641.5;2019-04-11 16:20:30.0;
37;11641.25;2019-04-11 16:20:35.0;
37;11641.5;2019-04-11 16:20:41.0;
37;11642.5;2019-04-11 16:20:48.0;
37;11641;2019-04-11 16:21:00.0;
37;11642;2019-04-11 16:21:07.0;
37;11642.25;2019-04-11 16:21:14.0;
37;11642;2019-04-11 16:21:16.0;
37;11642.25;2019-04-11 16:21:17.0;
37;11642.5;2019-04-11 16:21:26.0;
37;11643;2019-04-11 16:22:05.0;
37;11642.75;2019-04-11 16:22:08.0;
37;11643;2019-04-11 16:22:09.0;
37;11642;2019-04-11 16:22:11.0;
37;11642.75;2019-04-11 16:22:13.0;
37;11642;2019-04-11 16:22:14.0;
37;11642.25;2019-04-11 16:22:17.0;
37;11642.5;2019-04-11 16:22:19.0;
37;11642.75;2019-04-11 16:22:23.0;
37;11643.5;2019-04-11 16:22:30.0;
37;11641.75;2019-04-11 16:22:31.0;
37;11643.5;2019-04-11 16:22:33.0;
37;11641.75;2019-04-11 16:22:34.0;
37;11642;2019-04-11 16:22:37.0;
37;11641;2019-04-11 16:22:40.0;
37;11640.75;2019-04-11 16:22:43.0;
37;11639.25;2019-04-11 16:22:47.0;
37;11639.5;2019-04-11 16:22:55.0;
37;11639.25;2019-04-11 16:22:56.0;
37;11639.5;2019-04-11 16:22:58.0;
37;11641.75;2019-04-11 16:23:01.0;
37;11641.25;2019-04-11 16:23:15.0;
37;11639.5;2019-04-11 16:23:29.0;
37;11640.25;2019-04-11 16:23:32.0;
37;11640.5;2019-04-11 16:23:37.0;
37;11641;2019-04-11 16:23:48.0;
37;11640.5;2019-04-11 16:23:52.0;
37;11641;2019-04-11 16:23:53.0;
37;11641.25;2019-04-11 16:24:07.0;
37;11639.5;2019-04-11 16:24:17.0;
37;11640;2019-04-11 16:24:23.0;
37;11640.5;2019-04-11 16:24:30.0;
37;11641.75;2019-04-11 16:24:36.0;
37;11642;2019-04-11 16:24:47.0;
37;11642.75;2019-04-11 16:24:51.0;
37;11643.25;2019-04-11 16:24:57.0;
37;11643.5;2019-04-11 16:24:58.0;
37;11644;2019-04-11 16:25:10.0;
37;11643.75;2019-04-11 16:25:27.0;
37;11644;2019-04-11 16:25:28.0;
37;11643.75;2019-04-11 16:25:30.0;
37;11642.75;2019-04-11 16:25:35.0;
37;11643;2019-04-11 16:25:44.0;
37;11642.75;2019-04-11 16:25:49.0;
37;11643;2019-04-11 16:26:06.0;
37;11642.75;2019-04-11 16:26:26.0;
37;11643;2019-04-11 16:26:36.0;
37;11642.75;2019-04-11 16:27:11.0;
37;11643;2019-04-11 16:27:22.0;
37;11644;2019-04-11 16:27:28.0;
37;11644.25;2019-04-11 16:27:42.0;
37;11642.75;2019-04-11 16:27:47.0;
37;11644.25;2019-04-11 16:27:48.0;
37;11642.75;2019-04-11 16:27:51.0;
37;11641.25;2019-04-11 16:28:09.0;
37;11642.25;2019-04-11 16:28:12.0;
37;11641.5;2019-04-11 16:28:26.0;
37;11641.25;2019-04-11 16:28:42.0;
37;11642.25;2019-04-11 16:28:43.0;
37;11641.5;2019-04-11 16:29:11.0;
37;11642.25;2019-04-11 16:29:22.0;
37;11641.75;2019-04-11 16:29:24.0;
37;11642.25;2019-04-11 16:29:26.0;
37;11642.5;2019-04-11 16:29:27.0;
37;11642.25;2019-04-11 16:29:30.0;
37;11643.5;2019-04-11 16:29:32.0;
37;11643.25;2019-04-11 16:29:48.0;
37;11643.75;2019-04-11 16:30:06.0;
37;11642.75;2019-04-11 16:30:16.0;
37;11642.25;2019-04-11 16:30:24.0;
37;11641.25;2019-04-11 16:30:29.0;
37;11642.5;2019-04-11 16:30:36.0;
37;11641.25;2019-04-11 16:30:37.0;
37;11642.5;2019-04-11 16:30:39.0;
37;11642.25;2019-04-11 16:30:45.0;
37;11642.5;2019-04-11 16:30:46.0;
37;11642.25;2019-04-11 16:30:48.0;
37;11641.75;2019-04-11 16:30:51.0;
37;11640.5;2019-04-11 16:30:59.0;
37;11637.75;2019-04-11 16:31:19.0;
37;11639;2019-04-11 16:31:39.0;
37;11640.75;2019-04-11 16:31:47.0;
37;11639.25;2019-04-11 16:31:50.0;
37;11640.75;2019-04-11 16:31:52.0;
37;11640.25;2019-04-11 16:32:05.0;
37;11641.25;2019-04-11 16:32:07.0;
37;11641.5;2019-04-11 16:32:28.0;
37;11641.75;2019-04-11 16:32:37.0;
37;11641.5;2019-04-11 16:32:59.0;
37;11640;2019-04-11 16:33:07.0;
37;11641.5;2019-04-11 16:33:13.0;
37;11640.25;2019-04-11 16:33:39.0;
37;11639;2019-04-11 16:34:19.0;
37;11638.75;2019-04-11 16:34:23.0;
37;11638.5;2019-04-11 16:34:31.0;
37;11637.75;2019-04-11 16:34:37.0;
37;11638.75;2019-04-11 16:34:41.0;
37;11639.5;2019-04-11 16:34:44.0;
37;11639;2019-04-11 16:34:55.0;
37;11640;2019-04-11 16:35:07.0;
37;11639.5;2019-04-11 16:35:18.0;
37;11640.25;2019-04-11 16:35:24.0;
37;11640.5;2019-04-11 16:35:27.0;
37;11641;2019-04-11 16:35:40.0;
37;11641.25;2019-04-11 16:35:49.0;
37;11640.5;2019-04-11 16:36:04.0;
37;11640;2019-04-11 16:36:10.0;
37;11639;2019-04-11 16:36:21.0;
37;11639.25;2019-04-11 16:36:29.0;
37;11639;2019-04-11 16:36:31.0;
37;11639.25;2019-04-11 16:36:43.0;
37;11639;2019-04-11 16:36:55.0;
37;11639.25;2019-04-11 16:37:01.0;
37;11640.5;2019-04-11 16:37:07.0;
37;11639.25;2019-04-11 16:37:08.0;
37;11640.5;2019-04-11 16:37:10.0;
37;11640;2019-04-11 16:37:21.0;
37;11640.25;2019-04-11 16:37:28.0;
37;11640.5;2019-04-11 16:37:31.0;
37;11641;2019-04-11 16:37:37.0;
37;11641.75;2019-04-11 16:37:43.0;
37;11641.5;2019-04-11 16:37:49.0;
37;11643;2019-04-11 16:38:09.0;
37;11642.75;2019-04-11 16:38:12.0;
37;11643.25;2019-04-11 16:38:22.0;
37;11643;2019-04-11 16:38:24.0;
37;11643.25;2019-04-11 16:38:27.0;
37;11644.25;2019-04-11 16:39:06.0;
37;11643.25;2019-04-11 16:39:09.0;
37;11644;2019-04-11 16:39:13.0;
37;11642.25;2019-04-11 16:39:34.0;
37;11642;2019-04-11 16:39:39.0;
37;11642.25;2019-04-11 16:39:40.0;
37;11642;2019-04-11 16:39:42.0;
37;11642.25;2019-04-11 16:39:45.0;
37;11640.75;2019-04-11 16:40:04.0;
37;11643;2019-04-11 16:40:12.0;
37;11642.5;2019-04-11 16:40:23.0;
37;11643.25;2019-04-11 16:40:28.0;
37;11641.75;2019-04-11 16:40:39.0;
37;11641.25;2019-04-11 16:40:44.0;
37;11642;2019-04-11 16:40:54.0;
37;11640.5;2019-04-11 16:41:08.0;
37;11640.75;2019-04-11 16:41:20.0;
37;11640.5;2019-04-11 16:41:22.0;
37;11640.75;2019-04-11 16:41:23.0;
37;11642.5;2019-04-11 16:41:32.0;
37;11642;2019-04-11 16:41:35.0;
37;11643.75;2019-04-11 16:42:30.0;
37;11643.25;2019-04-11 16:42:31.0;
37;11643.75;2019-04-11 16:42:36.0;
37;11643.25;2019-04-11 16:42:37.0;
37;11643.75;2019-04-11 16:42:39.0;
37;11643.5;2019-04-11 16:42:53.0;
37;11643.75;2019-04-11 16:42:54.0;
37;11644;2019-04-11 16:42:56.0;
37;11644.75;2019-04-11 16:43:07.0;
37;11642.75;2019-04-11 16:43:24.0;
37;11644.75;2019-04-11 16:43:25.0;
37;11642.75;2019-04-11 16:43:27.0;
37;11642.5;2019-04-11 16:43:32.0;
37;11642.25;2019-04-11 16:43:40.0;
37;11642;2019-04-11 16:43:46.0;
37;11640.75;2019-04-11 16:44:11.0;
37;11640.25;2019-04-11 16:44:16.0;
37;11638.5;2019-04-11 16:44:24.0;
37;11640.25;2019-04-11 16:44:25.0;
37;11638.5;2019-04-11 16:44:26.0;
37;11638.25;2019-04-11 16:44:28.0;
37;11638.5;2019-04-11 16:44:32.0;
37;11638.25;2019-04-11 16:44:34.0;
37;11638.5;2019-04-11 16:44:35.0;
37;11638.25;2019-04-11 16:44:47.0;
37;11639;2019-04-11 16:44:50.0;
37;11638.25;2019-04-11 16:44:52.0;
37;11639;2019-04-11 16:44:53.0;
37;11639.25;2019-04-11 16:44:56.0;
37;11639.75;2019-04-11 16:45:07.0;
37;11639.25;2019-04-11 16:45:11.0;
37;11638.25;2019-04-11 16:45:31.0;
37;11639.25;2019-04-11 16:45:33.0;
37;11638.25;2019-04-11 16:45:34.0;
37;11639.75;2019-04-11 16:45:37.0;
37;11639.5;2019-04-11 16:45:43.0;
37;11639.75;2019-04-11 16:45:46.0;
37;11638.25;2019-04-11 16:45:48.0;
37;11639.25;2019-04-11 16:46:07.0;
37;11640;2019-04-11 16:46:09.0;
37;11641;2019-04-11 16:46:21.0;
37;11640.75;2019-04-11 16:46:27.0;
37;11639.25;2019-04-11 16:46:35.0;
37;11640.25;2019-04-11 16:46:36.0;
37;11640.5;2019-04-11 16:46:41.0;
37;11640;2019-04-11 16:46:47.0;
37;11640.25;2019-04-11 16:46:51.0;
37;11638.75;2019-04-11 16:47:03.0;
37;11639.75;2019-04-11 16:47:07.0;
37;11639.25;2019-04-11 16:47:13.0;
37;11638.25;2019-04-11 16:47:15.0;
37;11639.25;2019-04-11 16:47:16.0;
37;11638.25;2019-04-11 16:47:18.0;
37;11638.5;2019-04-11 16:47:38.0;
37;11639.25;2019-04-11 16:47:40.0;
37;11639;2019-04-11 16:47:43.0;
37;11639.25;2019-04-11 16:47:44.0;
37;11639;2019-04-11 16:47:46.0;
37;11639.25;2019-04-11 16:47:50.0;
37;11637.5;2019-04-11 16:48:02.0;
37;11638;2019-04-11 16:48:19.0;
37;11637.5;2019-04-11 16:48:22.0;
37;11638;2019-04-11 16:48:23.0;
37;11637.75;2019-04-11 16:48:25.0;
37;11637.5;2019-04-11 16:48:26.0;
37;11637.75;2019-04-11 16:48:28.0;
37;11637.5;2019-04-11 16:48:29.0;
37;11637.25;2019-04-11 16:48:32.0;
37;11637.5;2019-04-11 16:48:38.0;
37;11636.5;2019-04-11 16:48:53.0;
37;11637.5;2019-04-11 16:48:59.0;
37;11638;2019-04-11 16:49:09.0;
37;11638.25;2019-04-11 16:49:16.0;
37;11637.75;2019-04-11 16:49:19.0;
37;11638.25;2019-04-11 16:49:20.0;
37;11637.75;2019-04-11 16:49:22.0;
37;11638.25;2019-04-11 16:50:04.0;
37;11639.75;2019-04-11 16:50:16.0;
37;11639.25;2019-04-11 16:50:23.0;
37;11639;2019-04-11 16:50:47.0;
37;11638.25;2019-04-11 16:50:55.0;
37;11639;2019-04-11 16:51:01.0;
37;11638.25;2019-04-11 16:51:02.0;
37;11639;2019-04-11 16:51:04.0;
37;11638.75;2019-04-11 16:51:06.0;
37;11638.5;2019-04-11 16:51:08.0;
37;11638.75;2019-04-11 16:51:11.0;
37;11638.25;2019-04-11 16:51:13.0;
37;11638.75;2019-04-11 16:51:16.0;
37;11639.25;2019-04-11 16:51:33.0;
37;11638.75;2019-04-11 16:51:34.0;
37;11639.25;2019-04-11 16:51:35.0;
37;11638.75;2019-04-11 16:51:37.0;
37;11639.25;2019-04-11 16:51:48.0;
37;11639;2019-04-11 16:52:25.0;
37;11639.25;2019-04-11 16:52:49.0;
37;11639.5;2019-04-11 16:53:00.0;
37;11640.25;2019-04-11 16:53:15.0;
37;11639.5;2019-04-11 16:53:35.0;
37;11640.25;2019-04-11 16:53:36.0;
37;11639.5;2019-04-11 16:53:37.0;
37;11639;2019-04-11 16:53:39.0;
37;11639.5;2019-04-11 16:53:40.0;
37;11639;2019-04-11 16:53:41.0;
37;11638.25;2019-04-11 16:53:43.0;
37;11637.5;2019-04-11 16:53:46.0;
37;11638.25;2019-04-11 16:53:48.0;
37;11637.5;2019-04-11 16:53:50.0;
37;11637.25;2019-04-11 16:54:05.0;
37;11637.75;2019-04-11 16:54:09.0;
37;11637.5;2019-04-11 16:54:37.0;
37;11637.75;2019-04-11 16:54:47.0;
37;11637;2019-04-11 16:54:52.0;
37;11636.5;2019-04-11 16:54:59.0;
37;11636.25;2019-04-11 16:55:06.0;
37;11635.75;2019-04-11 16:55:11.0;
37;11635.5;2019-04-11 16:55:15.0;
37;11635.75;2019-04-11 16:55:20.0;
37;11635.25;2019-04-11 16:55:27.0;
37;11634.75;2019-04-11 16:55:31.0;
37;11634.5;2019-04-11 16:55:41.0;
37;11634.75;2019-04-11 16:55:50.0;
37;11635;2019-04-11 16:55:52.0;
37;11634.75;2019-04-11 16:56:06.0;
37;11635;2019-04-11 16:56:14.0;
37;11635.75;2019-04-11 16:56:17.0;
37;11635.5;2019-04-11 16:56:39.0;
37;11634.75;2019-04-11 16:56:46.0;
37;11635;2019-04-11 16:56:47.0;
37;11634.75;2019-04-11 16:56:49.0;
37;11635;2019-04-11 16:56:50.0;
37;11635.25;2019-04-11 16:56:58.0;
37;11635.5;2019-04-11 16:57:04.0;
37;11635;2019-04-11 16:57:09.0;
37;11636;2019-04-11 16:57:16.0;
37;11636.25;2019-04-11 16:57:26.0;
37;11636.75;2019-04-11 16:57:33.0;
37;11637;2019-04-11 16:57:35.0;
37;11636.75;2019-04-11 16:57:37.0;
37;11637;2019-04-11 16:57:38.0;
37;11637.25;2019-04-11 16:57:44.0;
37;11637.5;2019-04-11 16:58:08.0;
37;11636;2019-04-11 16:58:12.0;
37;11637.5;2019-04-11 16:58:13.0;
37;11636;2019-04-11 16:58:16.0;
37;11636.75;2019-04-11 16:58:18.0;
37;11637.25;2019-04-11 16:58:19.0;
37;11636.75;2019-04-11 16:58:22.0;
37;11637.25;2019-04-11 16:58:23.0;
37;11638;2019-04-11 16:58:26.0;
37;11637.25;2019-04-11 16:58:28.0;
37;11638;2019-04-11 16:58:30.0;
37;11637.75;2019-04-11 16:58:32.0;
37;11638;2019-04-11 16:58:38.0;
37;11637.75;2019-04-11 16:58:43.0;
37;11637.5;2019-04-11 16:58:58.0;
37;11638;2019-04-11 16:59:06.0;
37;11639.75;2019-04-11 16:59:30.0;
37;11639.5;2019-04-11 16:59:31.0;
37;11639.75;2019-04-11 16:59:32.0;
37;11639.5;2019-04-11 16:59:34.0;
37;11639.75;2019-04-11 16:59:43.0;
37;11640.5;2019-04-11 16:59:50.0;
37;11636.75;2019-04-11 17:00:09.0;
37;11637;2019-04-11 17:00:15.0;
37;11637.5;2019-04-11 17:00:21.0;
37;11637;2019-04-11 17:00:23.0;
37;11637.25;2019-04-11 17:00:24.0;
37;11637.5;2019-04-11 17:00:34.0;
37;11637.75;2019-04-11 17:00:41.0;
37;11638.25;2019-04-11 17:00:42.0;
37;11637.5;2019-04-11 17:00:48.0;
37;11637;2019-04-11 17:00:55.0;
37;11637.5;2019-04-11 17:00:58.0;
37;11637.75;2019-04-11 17:01:12.0;
37;11637.5;2019-04-11 17:01:14.0;
37;11636.75;2019-04-11 17:01:15.0;
37;11637.5;2019-04-11 17:01:20.0;
37;11637.75;2019-04-11 17:01:30.0;
37;11638;2019-04-11 17:01:33.0;
37;11637.25;2019-04-11 17:01:40.0;
37;11636.5;2019-04-11 17:01:48.0;
37;11635.75;2019-04-11 17:02:03.0;
37;11636;2019-04-11 17:02:08.0;
37;11635.75;2019-04-11 17:02:13.0;
37;11635.25;2019-04-11 17:02:18.0;
37;11635;2019-04-11 17:02:29.0;
37;11635.25;2019-04-11 17:02:31.0;
37;11635;2019-04-11 17:02:32.0;
37;11634.25;2019-04-11 17:02:59.0;
37;11635.25;2019-04-11 17:03:15.0;
37;11634.25;2019-04-11 17:03:16.0;
37;11635.25;2019-04-11 17:03:17.0;
37;11634.5;2019-04-11 17:03:24.0;
37;11635.25;2019-04-11 17:03:25.0;
37;11634.5;2019-04-11 17:03:26.0;
37;11633.75;2019-04-11 17:03:28.0;
37;11631.25;2019-04-11 17:03:34.0;
37;11632.25;2019-04-11 17:04:05.0;
37;11632;2019-04-11 17:04:06.0;
37;11631.5;2019-04-11 17:04:10.0;
37;11632;2019-04-11 17:04:15.0;
37;11631.5;2019-04-11 17:04:17.0;
37;11632;2019-04-11 17:04:18.0;
37;11632.5;2019-04-11 17:04:26.0;
37;11631.75;2019-04-11 17:04:31.0;
37;11634.25;2019-04-11 17:04:44.0;
37;11633.5;2019-04-11 17:04:52.0;
37;11634.25;2019-04-11 17:04:53.0;
37;11633.5;2019-04-11 17:04:55.0;
37;11633.75;2019-04-11 17:04:58.0;
37;11633.5;2019-04-11 17:04:59.0;
37;11633.75;2019-04-11 17:05:01.0;
37;11634.25;2019-04-11 17:05:03.0;
37;11634;2019-04-11 17:05:22.0;
37;11633.25;2019-04-11 17:05:28.0;
37;11632.75;2019-04-11 17:05:32.0;
37;11633.5;2019-04-11 17:05:36.0;
37;11633.75;2019-04-11 17:05:40.0;
37;11634.5;2019-04-11 17:05:42.0;
37;11633.5;2019-04-11 17:05:49.0;
37;11634.5;2019-04-11 17:06:03.0;
37;11633.5;2019-04-11 17:06:05.0;
37;11634.5;2019-04-11 17:06:06.0;
37;11635.25;2019-04-11 17:06:16.0;
37;11634.25;2019-04-11 17:06:32.0;
37;11635.25;2019-04-11 17:06:35.0;
37;11634.25;2019-04-11 17:06:37.0;
37;11635.25;2019-04-11 17:06:39.0;
37;11634.75;2019-04-11 17:06:44.0;
37;11635.5;2019-04-11 17:07:16.0;
37;11634.75;2019-04-11 17:07:31.0;
37;11636.5;2019-04-11 17:07:44.0;
37;11634.75;2019-04-11 17:07:47.0;
37;11636.5;2019-04-11 17:07:48.0;
37;11636.75;2019-04-11 17:08:03.0;
37;11636.5;2019-04-11 17:08:04.0;
37;11636.75;2019-04-11 17:08:06.0;
37;11637.5;2019-04-11 17:08:23.0;
37;11637.75;2019-04-11 17:08:34.0;
37;11638;2019-04-11 17:08:47.0;
37;11639.5;2019-04-11 17:09:13.0;
37;11638;2019-04-11 17:09:14.0;
37;11639;2019-04-11 17:09:16.0;
37;11639.75;2019-04-11 17:09:22.0;
37;11640;2019-04-11 17:09:23.0;
37;11639.75;2019-04-11 17:09:26.0;
37;11640;2019-04-11 17:09:28.0;
37;11640.25;2019-04-11 17:10:07.0;
37;11640.75;2019-04-11 17:10:21.0;
37;11640.5;2019-04-11 17:10:23.0;
37;11639.75;2019-04-11 17:10:27.0;
37;11638.25;2019-04-11 17:10:31.0;
37;11638.5;2019-04-11 17:10:36.0;
37;11638.25;2019-04-11 17:10:40.0;
37;11638.5;2019-04-11 17:10:49.0;
37;11638.25;2019-04-11 17:10:50.0;
37;11638.5;2019-04-11 17:10:51.0;
37;11638.75;2019-04-11 17:10:53.0;
37;11639;2019-04-11 17:11:19.0;
37;11639.25;2019-04-11 17:11:31.0;
37;11639;2019-04-11 17:11:32.0;
37;11639.25;2019-04-11 17:11:34.0;
37;11639.5;2019-04-11 17:11:35.0;
37;11639.25;2019-04-11 17:11:36.0;
37;11639.5;2019-04-11 17:11:38.0;
37;11638.75;2019-04-11 17:11:48.0;
37;11639;2019-04-11 17:12:05.0;
37;11638.5;2019-04-11 17:12:15.0;
37;11636.75;2019-04-11 17:12:21.0;
37;11638.5;2019-04-11 17:12:22.0;
37;11637.5;2019-04-11 17:12:24.0;
37;11637.75;2019-04-11 17:12:44.0;
37;11639.75;2019-04-11 17:12:52.0;
37;11637.75;2019-04-11 17:12:54.0;
37;11639.75;2019-04-11 17:12:56.0;
37;11641.25;2019-04-11 17:13:08.0;
37;11639.5;2019-04-11 17:13:19.0;
37;11639.75;2019-04-11 17:13:28.0;
37;11639.5;2019-04-11 17:13:32.0;
37;11639.75;2019-04-11 17:13:33.0;
37;11639.5;2019-04-11 17:13:40.0;
37;11640;2019-04-11 17:13:45.0;
37;11639.75;2019-04-11 17:13:48.0;
37;11640;2019-04-11 17:13:49.0;
37;11639.75;2019-04-11 17:13:52.0;
37;11640;2019-04-11 17:14:04.0;
37;11639.75;2019-04-11 17:14:05.0;
37;11640;2019-04-11 17:14:06.0;
37;11639.75;2019-04-11 17:14:20.0;
37;11639.5;2019-04-11 17:14:26.0;
37;11639.25;2019-04-11 17:14:32.0;
37;11639;2019-04-11 17:14:36.0;
37;11639.25;2019-04-11 17:14:44.0;
37;11640.25;2019-04-11 17:14:53.0;
37;11640;2019-04-11 17:15:03.0;
37;11639.5;2019-04-11 17:15:08.0;
37;11639.75;2019-04-11 17:15:13.0;
37;11640;2019-04-11 17:15:16.0;
37;11640.25;2019-04-11 17:15:19.0;
37;11640;2019-04-11 17:15:20.0;
37;11640.25;2019-04-11 17:15:23.0;
37;11640;2019-04-11 17:15:27.0;
37;11639.75;2019-04-11 17:15:31.0;
37;11639;2019-04-11 17:15:40.0;
37;11639.5;2019-04-11 17:16:35.0;
37;11640.5;2019-04-11 17:16:41.0;
37;11640.75;2019-04-11 17:16:48.0;
37;11641;2019-04-11 17:16:51.0;
37;11640.5;2019-04-11 17:17:02.0;
37;11640.75;2019-04-11 17:17:08.0;
37;11640.25;2019-04-11 17:17:24.0;
37;11640;2019-04-11 17:17:31.0;
37;11640.25;2019-04-11 17:17:37.0;
37;11640;2019-04-11 17:17:44.0;
37;11639.25;2019-04-11 17:18:07.0;
37;11639.75;2019-04-11 17:18:23.0;
37;11639.25;2019-04-11 17:18:26.0;
37;11639.75;2019-04-11 17:18:28.0;
37;11639;2019-04-11 17:18:30.0;
37;11639.75;2019-04-11 17:18:33.0;
37;11638.5;2019-04-11 17:18:35.0;
37;11638.25;2019-04-11 17:18:44.0;
37;11637;2019-04-11 17:18:48.0;
37;11637.75;2019-04-11 17:18:58.0;
37;11637.5;2019-04-11 17:19:04.0;
37;11636.75;2019-04-11 17:19:09.0;
37;11637;2019-04-11 17:19:10.0;
37;11636.75;2019-04-11 17:19:11.0;
37;11637;2019-04-11 17:19:13.0;
37;11638;2019-04-11 17:19:20.0;
37;11637.75;2019-04-11 17:19:27.0;
37;11637;2019-04-11 17:20:04.0;
37;11637.5;2019-04-11 17:20:09.0;
37;11638.25;2019-04-11 17:20:12.0;
37;11638;2019-04-11 17:20:20.0;
37;11638.25;2019-04-11 17:20:22.0;
37;11637.75;2019-04-11 17:20:24.0;
37;11636.5;2019-04-11 17:21:15.0;
37;11637.25;2019-04-11 17:21:26.0;
37;11637.5;2019-04-11 17:21:29.0;
37;11638;2019-04-11 17:21:32.0;
37;11637.5;2019-04-11 17:21:33.0;
37;11638;2019-04-11 17:21:34.0;
37;11637.75;2019-04-11 17:22:05.0;
37;11637.5;2019-04-11 17:22:12.0;
37;11637.75;2019-04-11 17:22:14.0;
37;11637.5;2019-04-11 17:22:15.0;
37;11636.5;2019-04-11 17:22:20.0;
37;11637;2019-04-11 17:22:27.0;
37;11636.75;2019-04-11 17:22:35.0;
37;11637.25;2019-04-11 17:22:55.0;
37;11637;2019-04-11 17:23:01.0;
37;11638.5;2019-04-11 17:23:11.0;
37;11638;2019-04-11 17:23:14.0;
37;11638.5;2019-04-11 17:23:16.0;
37;11637;2019-04-11 17:23:19.0;
37;11637.75;2019-04-11 17:23:30.0;
37;11638.5;2019-04-11 17:23:35.0;
37;11638;2019-04-11 17:23:40.0;
37;11637.75;2019-04-11 17:23:42.0;
37;11637.5;2019-04-11 17:23:49.0;
37;11636.75;2019-04-11 17:24:05.0;
37;11636.5;2019-04-11 17:24:09.0;
37;11637.75;2019-04-11 17:24:19.0;
37;11638;2019-04-11 17:24:41.0;
37;11637.5;2019-04-11 17:24:43.0;
37;11637.25;2019-04-11 17:25:04.0;
37;11637;2019-04-11 17:25:08.0;
37;11636.5;2019-04-11 17:25:16.0;
37;11636.75;2019-04-11 17:25:24.0;
37;11636.5;2019-04-11 17:25:25.0;
37;11636.75;2019-04-11 17:25:27.0;
37;11637;2019-04-11 17:25:28.0;
37;11637.25;2019-04-11 17:25:47.0;
37;11637;2019-04-11 17:25:48.0;
37;11637.25;2019-04-11 17:25:49.0;
37;11637.75;2019-04-11 17:26:03.0;
37;11637.25;2019-04-11 17:26:10.0;
37;11637.5;2019-04-11 17:26:19.0;
37;11637.25;2019-04-11 17:26:26.0;
37;11637.75;2019-04-11 17:26:27.0;
37;11638;2019-04-11 17:26:33.0;
37;11637.75;2019-04-11 17:26:36.0;
37;11638;2019-04-11 17:26:46.0;
37;11637.5;2019-04-11 17:26:53.0;
37;11637;2019-04-11 17:26:55.0;
37;11637.25;2019-04-11 17:27:24.0;
37;11637.5;2019-04-11 17:27:27.0;
37;11637.75;2019-04-11 17:27:33.0;
37;11638;2019-04-11 17:27:34.0;
37;11637.75;2019-04-11 17:27:36.0;
37;11638;2019-04-11 17:27:37.0;
37;11638.75;2019-04-11 17:27:45.0;
37;11639;2019-04-11 17:27:48.0;
37;11638.75;2019-04-11 17:27:51.0;
37;11639;2019-04-11 17:27:52.0;
37;11637.75;2019-04-11 17:28:04.0;
37;11639;2019-04-11 17:28:06.0;
37;11637.25;2019-04-11 17:28:07.0;
37;11637.75;2019-04-11 17:28:09.0;
37;11637.25;2019-04-11 17:28:10.0;
37;11637;2019-04-11 17:28:27.0;
37;11636.5;2019-04-11 17:28:34.0;
37;11636.75;2019-04-11 17:28:40.0;
37;11636.5;2019-04-11 17:28:44.0;
37;11636.75;2019-04-11 17:28:52.0;
37;11637;2019-04-11 17:29:03.0;
37;11636.75;2019-04-11 17:29:04.0;
37;11637;2019-04-11 17:29:06.0;
37;11636.75;2019-04-11 17:29:23.0;
37;11636.5;2019-04-11 17:30:07.0;
37;11634;2019-04-11 17:30:13.0;
37;11633.75;2019-04-11 17:30:15.0;
37;11634;2019-04-11 17:30:17.0;
37;11634.25;2019-04-11 17:30:18.0;
37;11634.5;2019-04-11 17:30:25.0;
37;11634.25;2019-04-11 17:30:30.0;
37;11633.5;2019-04-11 17:30:32.0;
37;11632;2019-04-11 17:30:40.0;
37;11633.5;2019-04-11 17:30:41.0;
37;11632;2019-04-11 17:30:42.0;
37;11630.75;2019-04-11 17:30:54.0;
37;11631;2019-04-11 17:31:02.0;
37;11632.25;2019-04-11 17:32:04.0;
37;11631.75;2019-04-11 17:32:09.0;
37;11631.5;2019-04-11 17:32:38.0;
37;11631;2019-04-11 17:32:48.0;
37;11631.5;2019-04-11 17:33:03.0;
37;11631;2019-04-11 17:33:44.0;
37;11630.75;2019-04-11 17:34:05.0;
37;11631.5;2019-04-11 17:34:28.0;
37;11631.75;2019-04-11 17:34:34.0;
37;11631.5;2019-04-11 17:34:44.0;
37;11630.25;2019-04-11 17:34:53.0;
37;11629.75;2019-04-11 17:34:54.0;
37;11630.75;2019-04-11 17:35:12.0;
37;11629.75;2019-04-11 17:35:13.0;
37;11630.75;2019-04-11 17:35:15.0;
37;11630;2019-04-11 17:35:16.0;
37;11630.75;2019-04-11 17:35:19.0;
37;11630;2019-04-11 17:35:21.0;
37;11631;2019-04-11 17:35:31.0;
37;11631.25;2019-04-11 17:35:43.0;
37;11629.5;2019-04-11 17:35:48.0;
37;11629.75;2019-04-11 17:36:09.0;
37;11629.5;2019-04-11 17:36:27.0;
37;11628.75;2019-04-11 17:36:38.0;
37;11626.75;2019-04-11 17:36:50.0;
37;11627.75;2019-04-11 17:37:01.0;
37;11627.25;2019-04-11 17:37:06.0;
37;11627.75;2019-04-11 17:37:07.0;
37;11627.25;2019-04-11 17:37:10.0;
37;11626.25;2019-04-11 17:38:20.0;
37;11627.25;2019-04-11 17:38:21.0;
37;11626.25;2019-04-11 17:38:23.0;
37;11626.5;2019-04-11 17:38:26.0;
37;11626.75;2019-04-11 17:38:40.0;
37;11627;2019-04-11 17:38:43.0;
37;11626.5;2019-04-11 17:39:15.0;
37;11626.25;2019-04-11 17:39:31.0;
37;11627.5;2019-04-11 17:40:04.0;
37;11624.5;2019-04-11 17:40:10.0;
37;11626;2019-04-11 17:40:18.0;
37;11625.5;2019-04-11 17:40:23.0;
37;11626;2019-04-11 17:40:24.0;
37;11625.5;2019-04-11 17:40:26.0;
37;11623.75;2019-04-11 17:40:36.0;
37;11624.25;2019-04-11 17:40:39.0;
37;11624.75;2019-04-11 17:40:44.0;
37;11624.25;2019-04-11 17:40:46.0;
37;11625;2019-04-11 17:40:52.0;
37;11626;2019-04-11 17:40:55.0;
37;11625;2019-04-11 17:40:56.0;
37;11625.5;2019-04-11 17:40:58.0;
37;11623.75;2019-04-11 17:41:03.0;
37;11624.25;2019-04-11 17:41:09.0;
37;11624;2019-04-11 17:41:11.0;
37;11624.25;2019-04-11 17:41:17.0;
37;11625.75;2019-04-11 17:41:18.0;
37;11625.25;2019-04-11 17:41:24.0;
37;11625.75;2019-04-11 17:41:26.0;
37;11626.5;2019-04-11 17:41:27.0;
37;11627.25;2019-04-11 17:41:35.0;
37;11626.25;2019-04-11 17:41:44.0;
37;11626.75;2019-04-11 17:41:48.0;
37;11627.5;2019-04-11 17:42:12.0;
37;11626;2019-04-11 17:42:27.0;
37;11625.5;2019-04-11 17:42:35.0;
37;11625.75;2019-04-11 17:42:40.0;
37;11625.5;2019-04-11 17:42:44.0;
37;11625.75;2019-04-11 17:42:47.0;
37;11625.5;2019-04-11 17:42:49.0;
37;11624;2019-04-11 17:42:51.0;
37;11624.5;2019-04-11 17:42:59.0;
37;11624.25;2019-04-11 17:43:02.0;
37;11624.5;2019-04-11 17:43:04.0;
37;11624.25;2019-04-11 17:43:05.0;
37;11623;2019-04-11 17:43:11.0;
37;11623.25;2019-04-11 17:43:17.0;
37;11622.75;2019-04-11 17:43:30.0;
37;11623.25;2019-04-11 17:43:35.0;
37;11622.25;2019-04-11 17:44:04.0;
37;11623.25;2019-04-11 17:44:06.0;
37;11622.25;2019-04-11 17:44:07.0;
37;11622.5;2019-04-11 17:44:08.0;
37;11621.25;2019-04-11 17:44:18.0;
37;11621.75;2019-04-11 17:44:19.0;
37;11621.5;2019-04-11 17:44:27.0;
37;11622;2019-04-11 17:44:39.0;
37;11622.5;2019-04-11 17:44:45.0;
37;11621.5;2019-04-11 17:45:05.0;
37;11622.75;2019-04-11 17:45:08.0;
37;11621.5;2019-04-11 17:45:09.0;
37;11622.75;2019-04-11 17:45:12.0;
37;11624;2019-04-11 17:45:43.0;
37;11624.5;2019-04-11 17:45:48.0;
37;11625.5;2019-04-11 17:46:05.0;
37;11624.75;2019-04-11 17:46:10.0;
37;11625.5;2019-04-11 17:46:12.0;
37;11624.75;2019-04-11 17:46:14.0;
37;11624.5;2019-04-11 17:46:15.0;
37;11624.75;2019-04-11 17:46:24.0;
37;11624.5;2019-04-11 17:46:31.0;
37;11625.25;2019-04-11 17:46:34.0;
37;11624.75;2019-04-11 17:46:40.0;
37;11625.25;2019-04-11 17:46:46.0;
37;11625.5;2019-04-11 17:46:47.0;
37;11625.25;2019-04-11 17:46:54.0;
37;11625.5;2019-04-11 17:46:56.0;
37;11624.75;2019-04-11 17:46:59.0;
37;11625.5;2019-04-11 17:47:10.0;
37;11624.75;2019-04-11 17:47:11.0;
37;11625.5;2019-04-11 17:47:13.0;
37;11626;2019-04-11 17:47:23.0;
37;11625.5;2019-04-11 17:47:30.0;
37;11626.25;2019-04-11 17:47:36.0;
37;11626;2019-04-11 17:47:40.0;
37;11625.5;2019-04-11 17:47:44.0;
37;11626;2019-04-11 17:47:45.0;
37;11625.5;2019-04-11 17:47:46.0;
37;11625.75;2019-04-11 17:47:49.0;
37;11626;2019-04-11 17:48:24.0;
37;11626.25;2019-04-11 17:48:27.0;
37;11626.75;2019-04-11 17:48:35.0;
37;11626.25;2019-04-11 17:48:36.0;
37;11626.75;2019-04-11 17:48:38.0;
37;11627;2019-04-11 17:48:39.0;
37;11627.5;2019-04-11 17:48:48.0;
37;11627.75;2019-04-11 17:48:55.0;
37;11627.5;2019-04-11 17:49:00.0;
37;11627;2019-04-11 17:49:07.0;
37;11627.5;2019-04-11 17:49:08.0;
37;11627;2019-04-11 17:49:10.0;
37;11626.75;2019-04-11 17:49:11.0;
37;11625.75;2019-04-11 17:49:16.0;
37;11626.5;2019-04-11 17:49:44.0;
37;11627.5;2019-04-11 17:50:20.0;
37;11628.25;2019-04-11 17:50:41.0;
37;11628;2019-04-11 17:52:09.0;
37;11628.25;2019-04-11 17:52:25.0;
37;11628;2019-04-11 17:52:28.0;
37;11627;2019-04-11 17:52:34.0;
37;11626.75;2019-04-11 17:52:42.0;
37;11627;2019-04-11 17:52:51.0;
37;11626.75;2019-04-11 17:53:12.0;
37;11627;2019-04-11 17:53:18.0;
37;11626.25;2019-04-11 17:53:23.0;
37;11626;2019-04-11 17:53:47.0;
37;11625.75;2019-04-11 17:54:04.0;
37;11625;2019-04-11 17:54:10.0;
37;11625.25;2019-04-11 17:54:14.0;
37;11625.5;2019-04-11 17:54:45.0;
37;11625.75;2019-04-11 17:54:57.0;
37;11625.5;2019-04-11 17:55:03.0;
37;11623.75;2019-04-11 17:55:07.0;
37;11624.25;2019-04-11 17:55:11.0;
37;11623.75;2019-04-11 17:55:13.0;
37;11624.25;2019-04-11 17:55:15.0;
37;11625;2019-04-11 17:55:18.0;
37;11624.75;2019-04-11 17:55:26.0;
37;11625;2019-04-11 17:55:28.0;
37;11624.75;2019-04-11 17:55:29.0;
37;11625;2019-04-11 17:55:32.0;
37;11626.75;2019-04-11 17:55:42.0;
37;11627;2019-04-11 17:55:49.0;
37;11627.25;2019-04-11 17:56:20.0;
37;11627;2019-04-11 17:56:23.0;
37;11627.25;2019-04-11 17:56:24.0;
37;11627.75;2019-04-11 17:56:29.0;
37;11628.5;2019-04-11 17:57:09.0;
37;11627.75;2019-04-11 17:57:10.0;
37;11628.5;2019-04-11 17:57:12.0;
37;11628;2019-04-11 17:58:14.0;
37;11627.75;2019-04-11 17:58:16.0;
37;11628.75;2019-04-11 17:58:36.0;
37;11629.5;2019-04-11 17:58:39.0;
37;11628.75;2019-04-11 17:58:42.0;
37;11629.5;2019-04-11 17:58:43.0;
37;11629;2019-04-11 17:58:46.0;
37;11628;2019-04-11 17:58:51.0;
37;11628.25;2019-04-11 17:59:10.0;
37;11628.5;2019-04-11 17:59:12.0;
37;11628.25;2019-04-11 17:59:14.0;
37;11629;2019-04-11 17:59:15.0;
37;11629.25;2019-04-11 17:59:25.0;
37;11629.5;2019-04-11 17:59:27.0;
37;11629;2019-04-11 18:00:06.0;
37;11629.25;2019-04-11 18:00:09.0;
37;11629;2019-04-11 18:00:21.0;
37;11630;2019-04-11 18:00:34.0;
37;11629.75;2019-04-11 18:00:36.0;
37;11630;2019-04-11 18:00:40.0;
37;11630.25;2019-04-11 18:00:47.0;
37;11630.75;2019-04-11 18:00:58.0;
37;11630.25;2019-04-11 18:01:00.0;
37;11630.75;2019-04-11 18:01:03.0;
37;11630.25;2019-04-11 18:01:48.0;
37;11630.75;2019-04-11 18:01:49.0;
37;11630.25;2019-04-11 18:01:52.0;
37;11630;2019-04-11 18:02:03.0;
37;11630.25;2019-04-11 18:02:05.0;
37;11630;2019-04-11 18:02:06.0;
37;11629.5;2019-04-11 18:02:12.0;
37;11629.25;2019-04-11 18:02:23.0;
37;11630;2019-04-11 18:02:45.0;
37;11630.5;2019-04-11 18:02:47.0;
37;11630;2019-04-11 18:02:48.0;
37;11630.5;2019-04-11 18:02:50.0;
37;11630;2019-04-11 18:02:53.0;
37;11629.75;2019-04-11 18:03:01.0;
37;11629.5;2019-04-11 18:03:04.0;
37;11630.5;2019-04-11 18:03:08.0;
37;11629.75;2019-04-11 18:03:12.0;
37;11629.5;2019-04-11 18:03:19.0;
37;11628;2019-04-11 18:03:23.0;
37;11627.75;2019-04-11 18:03:29.0;
37;11627.5;2019-04-11 18:03:34.0;
37;11627;2019-04-11 18:04:03.0;
37;11627.25;2019-04-11 18:04:12.0;
37;11628.5;2019-04-11 18:04:14.0;
37;11628.75;2019-04-11 18:04:20.0;
37;11628.5;2019-04-11 18:04:21.0;
37;11628.75;2019-04-11 18:04:23.0;
37;11629.25;2019-04-11 18:04:29.0;
37;11628.75;2019-04-11 18:04:30.0;
37;11629.25;2019-04-11 18:04:31.0;
37;11630.75;2019-04-11 18:04:59.0;
37;11630.25;2019-04-11 18:05:06.0;
37;11629.5;2019-04-11 18:06:04.0;
37;11630.5;2019-04-11 18:07:12.0;
37;11631;2019-04-11 18:07:15.0;
37;11630.75;2019-04-11 18:07:40.0;
37;11631;2019-04-11 18:08:16.0;
37;11630.75;2019-04-11 18:08:19.0;
37;11628.75;2019-04-11 18:08:35.0;
37;11629;2019-04-11 18:08:41.0;
37;11628.75;2019-04-11 18:08:57.0;
37;11629;2019-04-11 18:09:08.0;
37;11629.75;2019-04-11 18:09:15.0;
37;11630;2019-04-11 18:09:21.0;
37;11629.75;2019-04-11 18:09:35.0;
37;11629.5;2019-04-11 18:09:44.0;
37;11629.25;2019-04-11 18:09:51.0;
37;11629.5;2019-04-11 18:10:07.0;
37;11629.75;2019-04-11 18:10:10.0;
37;11630.5;2019-04-11 18:10:20.0;
37;11631.5;2019-04-11 18:10:26.0;
37;11631;2019-04-11 18:10:47.0;
37;11631.25;2019-04-11 18:10:50.0;
37;11631;2019-04-11 18:10:52.0;
37;11631.25;2019-04-11 18:10:53.0;
37;11631;2019-04-11 18:11:15.0;
37;11631.25;2019-04-11 18:11:16.0;
37;11631;2019-04-11 18:11:18.0;
37;11630.75;2019-04-11 18:11:31.0;
37;11629.5;2019-04-11 18:11:42.0;
37;11629;2019-04-11 18:11:47.0;
37;11628.75;2019-04-11 18:12:05.0;
37;11629;2019-04-11 18:12:06.0;
37;11629.5;2019-04-11 18:12:07.0;
37;11628.75;2019-04-11 18:12:09.0;
37;11629.5;2019-04-11 18:12:10.0;
37;11629.25;2019-04-11 18:12:20.0;
37;11629.5;2019-04-11 18:12:36.0;
37;11629.25;2019-04-11 18:12:38.0;
37;11629.5;2019-04-11 18:12:39.0;
37;11629.25;2019-04-11 18:12:56.0;
37;11629.5;2019-04-11 18:12:57.0;
37;11629.25;2019-04-11 18:13:07.0;
37;11628.75;2019-04-11 18:13:18.0;
37;11627.75;2019-04-11 18:13:26.0;
37;11628.75;2019-04-11 18:13:27.0;
37;11627.75;2019-04-11 18:13:29.0;
37;11628;2019-04-11 18:14:19.0;
37;11627.75;2019-04-11 18:14:27.0;
37;11628;2019-04-11 18:14:43.0;
37;11628.75;2019-04-11 18:14:54.0;
37;11628.5;2019-04-11 18:15:00.0;
37;11627.5;2019-04-11 18:15:13.0;
37;11627.75;2019-04-11 18:15:16.0;
37;11626.75;2019-04-11 18:16:06.0;
37;11627.75;2019-04-11 18:16:07.0;
37;11626.75;2019-04-11 18:16:08.0;
37;11627;2019-04-11 18:16:32.0;
37;11626.75;2019-04-11 18:16:35.0;
37;11627;2019-04-11 18:16:36.0;
37;11626.5;2019-04-11 18:16:39.0;
37;11626;2019-04-11 18:16:45.0;
37;11626.25;2019-04-11 18:16:47.0;
37;11627.25;2019-04-11 18:16:51.0;
37;11626.5;2019-04-11 18:17:27.0;
37;11628.25;2019-04-11 18:17:31.0;
37;11626.5;2019-04-11 18:17:34.0;
37;11628.25;2019-04-11 18:17:35.0;
37;11627.75;2019-04-11 18:17:37.0;
37;11627.5;2019-04-11 18:18:30.0;
37;11627.25;2019-04-11 18:18:41.0;
37;11627.5;2019-04-11 18:18:55.0;
37;11627.25;2019-04-11 18:19:16.0;
37;11626.5;2019-04-11 18:19:20.0;
37;11625.25;2019-04-11 18:19:27.0;
37;11625;2019-04-11 18:19:39.0;
37;11624.5;2019-04-11 18:19:48.0;
37;11625;2019-04-11 18:19:50.0;
37;11624.5;2019-04-11 18:19:51.0;
37;11624.25;2019-04-11 18:20:05.0;
37;11624;2019-04-11 18:20:09.0;
37;11624.25;2019-04-11 18:20:11.0;
37;11623.75;2019-04-11 18:20:12.0;
37;11624.25;2019-04-11 18:20:24.0;
37;11624;2019-04-11 18:20:32.0;
37;11624.25;2019-04-11 18:20:34.0;
37;11623.75;2019-04-11 18:20:36.0;
37;11624;2019-04-11 18:20:37.0;
37;11623.75;2019-04-11 18:20:39.0;
37;11624.75;2019-04-11 18:20:40.0;
37;11624.5;2019-04-11 18:20:43.0;
37;11623.75;2019-04-11 18:21:03.0;
37;11624.75;2019-04-11 18:21:08.0;
37;11625;2019-04-11 18:21:14.0;
37;11624.75;2019-04-11 18:21:19.0;
37;11624.5;2019-04-11 18:21:28.0;
37;11624.25;2019-04-11 18:21:31.0;
37;11625;2019-04-11 18:22:10.0;
37;11624.5;2019-04-11 18:22:28.0;
37;11625;2019-04-11 18:22:32.0;
37;11624.5;2019-04-11 18:22:33.0;
37;11625;2019-04-11 18:22:35.0;
37;11624.75;2019-04-11 18:22:56.0;
37;11625;2019-04-11 18:22:59.0;
37;11625.25;2019-04-11 18:23:20.0;
37;11625.5;2019-04-11 18:23:30.0;
37;11625;2019-04-11 18:23:31.0;
37;11625.25;2019-04-11 18:23:34.0;
37;11625;2019-04-11 18:23:44.0;
37;11625.25;2019-04-11 18:24:03.0;
37;11627.5;2019-04-11 18:24:28.0;
37;11626.25;2019-04-11 18:24:35.0;
37;11625.75;2019-04-11 18:24:40.0;
37;11626.25;2019-04-11 18:24:46.0;
37;11626.5;2019-04-11 18:24:47.0;
37;11626.25;2019-04-11 18:24:49.0;
37;11626.5;2019-04-11 18:24:51.0;
37;11626.25;2019-04-11 18:25:15.0;
37;11626.5;2019-04-11 18:25:20.0;
37;11627.25;2019-04-11 18:25:44.0;
37;11626;2019-04-11 18:26:03.0;
37;11626.5;2019-04-11 18:26:19.0;
37;11626.25;2019-04-11 18:26:25.0;
37;11625.75;2019-04-11 18:26:29.0;
37;11625.5;2019-04-11 18:26:34.0;
37;11626;2019-04-11 18:26:51.0;
37;11625.5;2019-04-11 18:27:00.0;
37;11625;2019-04-11 18:27:03.0;
37;11625.5;2019-04-11 18:27:05.0;
37;11625;2019-04-11 18:27:06.0;
37;11624.5;2019-04-11 18:27:09.0;
37;11622.75;2019-04-11 18:27:14.0;
37;11623.75;2019-04-11 18:27:22.0;
37;11624.5;2019-04-11 18:27:36.0;
37;11625;2019-04-11 18:27:39.0;
37;11625.25;2019-04-11 18:28:03.0;
37;11625;2019-04-11 18:28:05.0;
37;11625.25;2019-04-11 18:28:06.0;
37;11625.5;2019-04-11 18:28:12.0;
37;11625.75;2019-04-11 18:28:19.0;
37;11626;2019-04-11 18:28:29.0;
37;11625.75;2019-04-11 18:28:34.0;
37;11626;2019-04-11 18:28:41.0;
37;11625.75;2019-04-11 18:28:43.0;
37;11626;2019-04-11 18:29:01.0;
37;11626.25;2019-04-11 18:29:25.0;
37;11626.75;2019-04-11 18:29:27.0;
37;11626.25;2019-04-11 18:29:28.0;
37;11626.75;2019-04-11 18:29:29.0;
37;11626.5;2019-04-11 18:29:37.0;
37;11626.75;2019-04-11 18:29:38.0;
37;11626.5;2019-04-11 18:29:40.0;
37;11626.25;2019-04-11 18:30:09.0;
37;11626;2019-04-11 18:30:25.0;
37;11626.5;2019-04-11 18:30:36.0;
37;11626;2019-04-11 18:30:41.0;
37;11625.75;2019-04-11 18:30:47.0;
37;11626;2019-04-11 18:30:49.0;
37;11625.75;2019-04-11 18:30:50.0;
37;11625.5;2019-04-11 18:31:06.0;
37;11624.25;2019-04-11 18:31:07.0;
37;11624;2019-04-11 18:31:14.0;
37;11624.25;2019-04-11 18:31:15.0;
37;11626.75;2019-04-11 18:31:28.0;
37;11626;2019-04-11 18:31:33.0;
37;11626.5;2019-04-11 18:31:35.0;
37;11626;2019-04-11 18:31:37.0;
37;11626.5;2019-04-11 18:31:39.0;
37;11625.5;2019-04-11 18:31:45.0;
37;11626.5;2019-04-11 18:31:46.0;
37;11625.5;2019-04-11 18:31:48.0;
37;11625.75;2019-04-11 18:32:04.0;
37;11626;2019-04-11 18:32:22.0;
37;11626.25;2019-04-11 18:32:23.0;
37;11626;2019-04-11 18:32:31.0;
37;11627;2019-04-11 18:32:44.0;
37;11627.5;2019-04-11 18:32:50.0;
37;11626.5;2019-04-11 18:32:53.0;
37;11627.25;2019-04-11 18:32:59.0;
37;11628;2019-04-11 18:33:06.0;
37;11627.75;2019-04-11 18:33:08.0;
37;11627.5;2019-04-11 18:33:11.0;
37;11627.75;2019-04-11 18:33:12.0;
37;11627.5;2019-04-11 18:33:14.0;
37;11627;2019-04-11 18:33:21.0;
37;11627.25;2019-04-11 18:34:07.0;
37;11627.75;2019-04-11 18:34:11.0;
37;11628.5;2019-04-11 18:34:14.0;
37;11628.25;2019-04-11 18:34:24.0;
37;11628;2019-04-11 18:34:38.0;
37;11626.5;2019-04-11 18:34:49.0;
37;11627.5;2019-04-11 18:34:54.0;
37;11628;2019-04-11 18:34:59.0;
37;11627.75;2019-04-11 18:35:07.0;
37;11628;2019-04-11 18:35:10.0;
37;11627.5;2019-04-11 18:35:11.0;
37;11628.25;2019-04-11 18:35:15.0;
37;11627.75;2019-04-11 18:35:22.0;
37;11627;2019-04-11 18:36:12.0;
37;11626.75;2019-04-11 18:36:24.0;
37;11627.25;2019-04-11 18:36:31.0;
37;11628.25;2019-04-11 18:36:40.0;
37;11627.5;2019-04-11 18:36:45.0;
37;11627.25;2019-04-11 18:36:54.0;
37;11627.5;2019-04-11 18:37:01.0;
37;11627.25;2019-04-11 18:37:07.0;
37;11627.5;2019-04-11 18:38:22.0;
37;11627.25;2019-04-11 18:38:28.0;
37;11627.5;2019-04-11 18:39:20.0;
37;11628.75;2019-04-11 18:39:26.0;
37;11628.5;2019-04-11 18:39:40.0;
37;11628.75;2019-04-11 18:40:06.0;
37;11629.25;2019-04-11 18:40:21.0;
37;11629;2019-04-11 18:40:29.0;
37;11629.25;2019-04-11 18:40:30.0;
37;11629;2019-04-11 18:40:31.0;
37;11627.75;2019-04-11 18:40:33.0;
37;11627.5;2019-04-11 18:40:36.0;
37;11627.75;2019-04-11 18:40:37.0;
37;11627.5;2019-04-11 18:40:39.0;
37;11627.75;2019-04-11 18:40:41.0;
37;11628.25;2019-04-11 18:40:47.0;
37;11627.75;2019-04-11 18:40:56.0;
37;11628.25;2019-04-11 18:40:57.0;
37;11627.75;2019-04-11 18:40:59.0;
37;11627.5;2019-04-11 18:41:03.0;
37;11627.75;2019-04-11 18:41:05.0;
37;11627.5;2019-04-11 18:41:06.0;
37;11626.5;2019-04-11 18:41:09.0;
37;11625.75;2019-04-11 18:41:24.0;
37;11625.5;2019-04-11 18:41:32.0;
37;11625.75;2019-04-11 18:41:33.0;
37;11624.75;2019-04-11 18:41:36.0;
37;11623.25;2019-04-11 18:41:47.0;
37;11625;2019-04-11 18:42:03.0;
37;11623.25;2019-04-11 18:42:06.0;
37;11625;2019-04-11 18:42:07.0;
37;11625.5;2019-04-11 18:42:08.0;
37;11626.25;2019-04-11 18:42:15.0;
37;11626.75;2019-04-11 18:42:19.0;
37;11627.25;2019-04-11 18:42:27.0;
37;11628.75;2019-04-11 18:43:27.0;
37;11628.25;2019-04-11 18:43:45.0;
37;11629.25;2019-04-11 18:45:19.0;
37;11628.25;2019-04-11 18:45:21.0;
37;11629.25;2019-04-11 18:45:22.0;
37;11629;2019-04-11 18:45:25.0;
37;11628.75;2019-04-11 18:45:43.0;
37;11628.25;2019-04-11 18:45:49.0;
37;11628.75;2019-04-11 18:46:20.0;
37;11629;2019-04-11 18:46:24.0;
37;11628.5;2019-04-11 18:46:56.0;
37;11628.75;2019-04-11 18:47:05.0;
37;11628.5;2019-04-11 18:47:06.0;
37;11628.75;2019-04-11 18:47:08.0;
37;11628.5;2019-04-11 18:47:26.0;
37;11629;2019-04-11 18:47:51.0;
37;11628.5;2019-04-11 18:48:03.0;
37;11629.25;2019-04-11 18:48:13.0;
37;11629;2019-04-11 18:48:36.0;
37;11628.75;2019-04-11 18:48:47.0;
37;11629;2019-04-11 18:48:48.0;
37;11628.75;2019-04-11 18:48:50.0;
37;11628.25;2019-04-11 18:48:55.0;
37;11628.75;2019-04-11 18:48:56.0;
37;11628.25;2019-04-11 18:48:57.0;
37;11628.5;2019-04-11 18:48:59.0;
37;11628.75;2019-04-11 18:49:17.0;
37;11628.5;2019-04-11 18:49:19.0;
37;11628.25;2019-04-11 18:49:34.0;
37;11628.5;2019-04-11 18:49:35.0;
37;11628.25;2019-04-11 18:49:37.0;
37;11628;2019-04-11 18:49:39.0;
37;11628.25;2019-04-11 18:50:06.0;
37;11628.75;2019-04-11 18:50:09.0;
37;11628.25;2019-04-11 18:50:24.0;
37;11628;2019-04-11 18:50:32.0;
37;11627.75;2019-04-11 18:50:36.0;
37;11628.75;2019-04-11 18:51:03.0;
37;11629.25;2019-04-11 18:51:43.0;
37;11629.75;2019-04-11 18:51:49.0;
37;11629.5;2019-04-11 18:52:06.0;
37;11629.75;2019-04-11 18:52:19.0;
37;11630;2019-04-11 18:52:24.0;
37;11630.5;2019-04-11 18:52:26.0;
37;11630.75;2019-04-11 18:52:40.0;
37;11630.5;2019-04-11 18:52:41.0;
37;11630.75;2019-04-11 18:52:43.0;
37;11630.5;2019-04-11 18:53:00.0;
37;11630.75;2019-04-11 18:53:08.0;
37;11630.5;2019-04-11 18:53:34.0;
37;11630.75;2019-04-11 18:53:35.0;
37;11630.5;2019-04-11 18:53:37.0;
37;11630.75;2019-04-11 18:53:46.0;
37;11631.25;2019-04-11 18:54:03.0;
37;11630.75;2019-04-11 18:54:04.0;
37;11631.5;2019-04-11 18:54:06.0;
37;11631.75;2019-04-11 18:54:14.0;
37;11631.25;2019-04-11 18:54:19.0;
37;11631;2019-04-11 18:54:25.0;
37;11630.75;2019-04-11 18:54:26.0;
37;11631;2019-04-11 18:54:29.0;
37;11630.75;2019-04-11 18:54:31.0;
37;11631.25;2019-04-11 18:54:33.0;
37;11630.75;2019-04-11 18:55:02.0;
37;11631;2019-04-11 18:55:08.0;
37;11631.25;2019-04-11 18:55:09.0;
37;11630.75;2019-04-11 18:55:31.0;
37;11630;2019-04-11 18:56:04.0;
37;11630.75;2019-04-11 18:56:05.0;
37;11630.25;2019-04-11 18:56:07.0;
37;11630;2019-04-11 18:56:08.0;
37;11630.25;2019-04-11 18:56:10.0;
37;11630.75;2019-04-11 18:56:29.0;
37;11630.25;2019-04-11 18:56:32.0;
37;11630.5;2019-04-11 18:56:50.0;
37;11630.75;2019-04-11 18:57:02.0;
37;11630.5;2019-04-11 18:57:16.0;
37;11629.75;2019-04-11 18:57:20.0;
37;11630.5;2019-04-11 18:57:21.0;
37;11629.75;2019-04-11 18:57:23.0;
37;11627.75;2019-04-11 18:58:07.0;
37;11628.5;2019-04-11 18:58:22.0;
37;11628.75;2019-04-11 18:58:29.0;
37;11628.5;2019-04-11 18:58:33.0;
37;11628.25;2019-04-11 18:59:30.0;
37;11627;2019-04-11 19:00:03.0;
37;11628.25;2019-04-11 19:00:04.0;
37;11627;2019-04-11 19:00:06.0;
37;11627.75;2019-04-11 19:00:10.0;
37;11627.25;2019-04-11 19:00:15.0;
37;11627.5;2019-04-11 19:00:21.0;
37;11627.25;2019-04-11 19:00:32.0;
37;11627.5;2019-04-11 19:00:33.0;
37;11627.25;2019-04-11 19:00:36.0;
37;11626.75;2019-04-11 19:00:47.0;
37;11627.25;2019-04-11 19:00:48.0;
37;11626.75;2019-04-11 19:00:50.0;
37;11626.25;2019-04-11 19:00:51.0;
37;11627;2019-04-11 19:01:05.0;
37;11626.25;2019-04-11 19:01:07.0;
37;11627;2019-04-11 19:01:08.0;
37;11626.25;2019-04-11 19:01:10.0;
37;11626.75;2019-04-11 19:01:23.0;
37;11626.25;2019-04-11 19:01:25.0;
37;11626.75;2019-04-11 19:01:26.0;
37;11626.25;2019-04-11 19:01:30.0;
37;11628.75;2019-04-11 19:02:04.0;
37;11628.5;2019-04-11 19:02:08.0;
37;11628.75;2019-04-11 19:02:09.0;
37;11628.5;2019-04-11 19:02:12.0;
37;11628.75;2019-04-11 19:02:13.0;
37;11629;2019-04-11 19:02:15.0;
37;11629.75;2019-04-11 19:02:32.0;
37;11629.25;2019-04-11 19:02:38.0;
37;11630.25;2019-04-11 19:02:40.0;
37;11629.25;2019-04-11 19:02:41.0;
37;11630.25;2019-04-11 19:02:43.0;
37;11629.5;2019-04-11 19:02:53.0;
37;11630.25;2019-04-11 19:02:55.0;
37;11629.25;2019-04-11 19:02:56.0;
37;11629.75;2019-04-11 19:03:06.0;
37;11629.25;2019-04-11 19:03:08.0;
37;11629.75;2019-04-11 19:03:09.0;
37;11629.25;2019-04-11 19:03:33.0;
37;11628.75;2019-04-11 19:04:11.0;
37;11629.25;2019-04-11 19:04:13.0;
37;11628.75;2019-04-11 19:04:14.0;
37;11629.25;2019-04-11 19:04:16.0;
37;11630.25;2019-04-11 19:05:07.0;
37;11630.75;2019-04-11 19:05:18.0;
37;11630.25;2019-04-11 19:05:22.0;
37;11631;2019-04-11 19:05:36.0;
37;11630.25;2019-04-11 19:05:37.0;
37;11631;2019-04-11 19:05:38.0;
37;11631.75;2019-04-11 19:05:44.0;
37;11631.5;2019-04-11 19:05:47.0;
37;11631.75;2019-04-11 19:06:04.0;
37;11631.5;2019-04-11 19:06:05.0;
37;11631.75;2019-04-11 19:06:07.0;
37;11631.25;2019-04-11 19:06:15.0;
37;11631;2019-04-11 19:06:24.0;
37;11631.75;2019-04-11 19:06:33.0;
37;11631;2019-04-11 19:06:35.0;
37;11631.75;2019-04-11 19:06:36.0;
37;11632.25;2019-04-11 19:06:39.0;
37;11632.75;2019-04-11 19:07:05.0;
37;11632.5;2019-04-11 19:07:08.0;
37;11632.75;2019-04-11 19:07:09.0;
37;11632.5;2019-04-11 19:07:10.0;
37;11632.25;2019-04-11 19:07:21.0;
37;11632.75;2019-04-11 19:07:30.0;
37;11632.5;2019-04-11 19:07:37.0;
37;11632.25;2019-04-11 19:08:13.0;
37;11631.25;2019-04-11 19:08:16.0;
37;11631.75;2019-04-11 19:08:22.0;
37;11631.25;2019-04-11 19:08:23.0;
37;11631.75;2019-04-11 19:08:24.0;
37;11632.75;2019-04-11 19:08:27.0;
37;11633;2019-04-11 19:08:31.0;
37;11632.75;2019-04-11 19:08:32.0;
37;11633;2019-04-11 19:08:34.0;
37;11632.75;2019-04-11 19:08:40.0;
37;11633;2019-04-11 19:08:44.0;
37;11632.75;2019-04-11 19:08:45.0;
37;11633;2019-04-11 19:08:47.0;
37;11632.75;2019-04-11 19:09:09.0;
37;11633;2019-04-11 19:09:16.0;
37;11633.5;2019-04-11 19:09:31.0;
37;11633;2019-04-11 19:09:32.0;
37;11633.5;2019-04-11 19:09:33.0;
37;11634;2019-04-11 19:09:45.0;
37;11634.75;2019-04-11 19:10:07.0;
37;11633.75;2019-04-11 19:10:15.0;
37;11633.5;2019-04-11 19:10:20.0;
37;11633.75;2019-04-11 19:10:29.0;
37;11634.25;2019-04-11 19:10:31.0;
37;11634.5;2019-04-11 19:10:37.0;
37;11634.25;2019-04-11 19:10:44.0;
37;11635;2019-04-11 19:10:46.0;
37;11635.25;2019-04-11 19:10:59.0;
37;11635;2019-04-11 19:11:03.0;
37;11635.25;2019-04-11 19:11:04.0;
37;11635;2019-04-11 19:11:05.0;
37;11635.25;2019-04-11 19:11:07.0;
37;11635;2019-04-11 19:11:22.0;
37;11635.25;2019-04-11 19:11:23.0;
37;11635;2019-04-11 19:11:25.0;
37;11635.25;2019-04-11 19:11:48.0;
37;11635.75;2019-04-11 19:12:27.0;
37;11636;2019-04-11 19:13:03.0;
37;11635.75;2019-04-11 19:13:09.0;
37;11635.5;2019-04-11 19:14:02.0;
37;11635.25;2019-04-11 19:14:12.0;
37;11635.5;2019-04-11 19:14:21.0;
37;11635.25;2019-04-11 19:14:24.0;
37;11635.5;2019-04-11 19:14:25.0;
37;11635.25;2019-04-11 19:14:27.0;
37;11635.5;2019-04-11 19:14:31.0;
37;11635.25;2019-04-11 19:14:53.0;
37;11636.25;2019-04-11 19:15:12.0;
37;11635.75;2019-04-11 19:15:20.0;
37;11636;2019-04-11 19:15:23.0;
37;11636.25;2019-04-11 19:15:43.0;
37;11635.75;2019-04-11 19:16:03.0;
37;11636;2019-04-11 19:16:09.0;
37;11635.75;2019-04-11 19:16:14.0;
37;11635.5;2019-04-11 19:16:22.0;
37;11635.25;2019-04-11 19:16:32.0;
37;11634.5;2019-04-11 19:16:35.0;
37;11634;2019-04-11 19:16:55.0;
37;11634.25;2019-04-11 19:17:02.0;
37;11634.5;2019-04-11 19:17:11.0;
37;11634.25;2019-04-11 19:17:18.0;
37;11634.75;2019-04-11 19:17:31.0;
37;11634.5;2019-04-11 19:17:40.0;
37;11634.75;2019-04-11 19:18:15.0;
37;11634.25;2019-04-11 19:19:22.0;
37;11634.75;2019-04-11 19:19:24.0;
37;11634.25;2019-04-11 19:19:25.0;
37;11634;2019-04-11 19:19:38.0;
37;11633.75;2019-04-11 19:20:27.0;
37;11633.25;2019-04-11 19:20:33.0;
37;11634;2019-04-11 19:20:49.0;
37;11633.75;2019-04-11 19:21:35.0;
37;11631.5;2019-04-11 19:21:38.0;
37;11631;2019-04-11 19:22:04.0;
37;11631.5;2019-04-11 19:22:10.0;
37;11631;2019-04-11 19:22:12.0;
37;11631.5;2019-04-11 19:22:14.0;
37;11631.25;2019-04-11 19:22:42.0;
37;11631.5;2019-04-11 19:22:50.0;
37;11631.75;2019-04-11 19:22:56.0;
37;11632.75;2019-04-11 19:23:06.0;
37;11632.25;2019-04-11 19:23:18.0;
37;11630.75;2019-04-11 19:24:06.0;
37;11630.5;2019-04-11 19:24:13.0;
37;11630.75;2019-04-11 19:24:20.0;
37;11630.5;2019-04-11 19:24:22.0;
37;11630.25;2019-04-11 19:24:27.0;
37;11630;2019-04-11 19:24:37.0;
37;11629.25;2019-04-11 19:24:48.0;
37;11628.25;2019-04-11 19:24:50.0;
37;11628.75;2019-04-11 19:25:00.0;
37;11629.75;2019-04-11 19:25:05.0;
37;11628.75;2019-04-11 19:25:16.0;
37;11629;2019-04-11 19:25:39.0;
37;11628.75;2019-04-11 19:26:04.0;
37;11629.25;2019-04-11 19:26:18.0;
37;11629;2019-04-11 19:26:24.0;
37;11629.25;2019-04-11 19:27:09.0;
37;11629.75;2019-04-11 19:27:43.0;
37;11629.25;2019-04-11 19:27:44.0;
37;11629.75;2019-04-11 19:27:46.0;
37;11629.25;2019-04-11 19:27:47.0;
37;11629.75;2019-04-11 19:27:49.0;
37;11629.25;2019-04-11 19:27:50.0;
37;11630;2019-04-11 19:28:08.0;
37;11630.25;2019-04-11 19:28:55.0;
37;11630.5;2019-04-11 19:29:03.0;
37;11630.25;2019-04-11 19:29:25.0;
37;11630;2019-04-11 19:29:46.0;
37;11630.25;2019-04-11 19:30:07.0;
37;11630;2019-04-11 19:30:11.0;
37;11630.25;2019-04-11 19:30:28.0;
37;11630;2019-04-11 19:30:33.0;
37;11630.25;2019-04-11 19:30:35.0;
37;11630;2019-04-11 19:30:36.0;
37;11629.75;2019-04-11 19:30:38.0;
37;11630;2019-04-11 19:30:39.0;
37;11629.75;2019-04-11 19:30:41.0;
37;11629.25;2019-04-11 19:30:44.0;
37;11629;2019-04-11 19:30:48.0;
37;11629.25;2019-04-11 19:31:14.0;
37;11628.75;2019-04-11 19:31:22.0;
37;11628.5;2019-04-11 19:31:28.0;
37;11628.75;2019-04-11 19:31:29.0;
37;11628.5;2019-04-11 19:31:30.0;
37;11627.75;2019-04-11 19:31:33.0;
37;11627.25;2019-04-11 19:31:39.0;
37;11627.75;2019-04-11 19:31:42.0;
37;11627.25;2019-04-11 19:31:43.0;
37;11626.75;2019-04-11 19:32:04.0;
37;11627;2019-04-11 19:32:26.0;
37;11626.75;2019-04-11 19:32:28.0;
37;11627;2019-04-11 19:32:29.0;
37;11627.5;2019-04-11 19:32:36.0;
37;11628.75;2019-04-11 19:32:45.0;
37;11628.25;2019-04-11 19:32:46.0;
37;11628.75;2019-04-11 19:32:48.0;
37;11628.25;2019-04-11 19:32:49.0;
37;11630.75;2019-04-11 19:33:26.0;
37;11628.25;2019-04-11 19:33:28.0;
37;11630.25;2019-04-11 19:33:29.0;
37;11629.75;2019-04-11 19:33:43.0;
37;11629.5;2019-04-11 19:33:47.0;
37;11630;2019-04-11 19:34:05.0;
37;11629.75;2019-04-11 19:34:13.0;
37;11630.25;2019-04-11 19:34:36.0;
37;11630;2019-04-11 19:34:44.0;
37;11630.25;2019-04-11 19:34:55.0;
37;11630.5;2019-04-11 19:35:15.0;
37;11630.75;2019-04-11 19:35:24.0;
37;11630.5;2019-04-11 19:35:37.0;
37;11630.25;2019-04-11 19:36:03.0;
37;11629.75;2019-04-11 19:36:17.0;
37;11629.5;2019-04-11 19:37:06.0;
37;11630.5;2019-04-11 19:37:07.0;
37;11629.5;2019-04-11 19:37:09.0;
37;11630.5;2019-04-11 19:37:12.0;
37;11630.25;2019-04-11 19:37:34.0;
37;11630.5;2019-04-11 19:37:40.0;
37;11630.25;2019-04-11 19:37:48.0;
37;11629.75;2019-04-11 19:38:08.0;
37;11630.25;2019-04-11 19:38:09.0;
37;11629.75;2019-04-11 19:38:11.0;
37;11629.25;2019-04-11 19:38:15.0;
37;11629;2019-04-11 19:38:39.0;
37;11629.5;2019-04-11 19:38:59.0;
37;11629;2019-04-11 19:39:01.0;
37;11629.5;2019-04-11 19:39:03.0;
37;11629.25;2019-04-11 19:39:04.0;
37;11629.5;2019-04-11 19:39:10.0;
37;11628.75;2019-04-11 19:39:11.0;
37;11629.5;2019-04-11 19:39:12.0;
37;11628.75;2019-04-11 19:39:14.0;
37;11629;2019-04-11 19:39:15.0;
37;11629.25;2019-04-11 19:39:20.0;
37;11628.75;2019-04-11 19:39:32.0;
37;11628.25;2019-04-11 19:39:39.0;
37;11628.75;2019-04-11 19:39:42.0;
37;11628.25;2019-04-11 19:39:44.0;
37;11628.5;2019-04-11 19:39:52.0;
37;11628.25;2019-04-11 19:40:03.0;
37;11628.75;2019-04-11 19:40:07.0;
37;11628.25;2019-04-11 19:40:09.0;
37;11628.75;2019-04-11 19:40:10.0;
37;11628.5;2019-04-11 19:40:19.0;
37;11628.75;2019-04-11 19:40:21.0;
37;11628.5;2019-04-11 19:40:23.0;
37;11628.75;2019-04-11 19:40:31.0;
37;11627.75;2019-04-11 19:40:50.0;
37;11628;2019-04-11 19:40:57.0;
37;11627.5;2019-04-11 19:41:08.0;
37;11627.75;2019-04-11 19:41:14.0;
37;11627.5;2019-04-11 19:41:16.0;
37;11628.75;2019-04-11 19:41:33.0;
37;11628;2019-04-11 19:41:38.0;
37;11627.75;2019-04-11 19:41:47.0;
37;11628.25;2019-04-11 19:42:12.0;
37;11627.75;2019-04-11 19:42:14.0;
37;11628.25;2019-04-11 19:42:16.0;
37;11627.5;2019-04-11 19:42:19.0;
37;11628.25;2019-04-11 19:42:20.0;
37;11627.5;2019-04-11 19:42:21.0;
37;11627.75;2019-04-11 19:42:25.0;
37;11627;2019-04-11 19:42:27.0;
37;11626.75;2019-04-11 19:42:30.0;
37;11627;2019-04-11 19:42:51.0;
37;11626.75;2019-04-11 19:43:04.0;
37;11627;2019-04-11 19:43:05.0;
37;11627.5;2019-04-11 19:43:22.0;
37;11628;2019-04-11 19:43:24.0;
37;11627.75;2019-04-11 19:43:27.0;
37;11628;2019-04-11 19:43:28.0;
37;11627.75;2019-04-11 19:43:29.0;
37;11627.5;2019-04-11 19:43:35.0;
37;11627.75;2019-04-11 19:44:41.0;
37;11628.25;2019-04-11 19:45:08.0;
37;11627.75;2019-04-11 19:45:10.0;
37;11628.25;2019-04-11 19:45:12.0;
37;11628.75;2019-04-11 19:45:30.0;
37;11629.25;2019-04-11 19:45:44.0;
37;11628.5;2019-04-11 19:46:06.0;
37;11628.75;2019-04-11 19:46:30.0;
37;11628.5;2019-04-11 19:46:32.0;
37;11628.75;2019-04-11 19:46:33.0;
37;11629;2019-04-11 19:46:36.0;
37;11628.75;2019-04-11 19:46:37.0;
37;11629;2019-04-11 19:46:39.0;
37;11628.5;2019-04-11 19:46:46.0;
37;11628.25;2019-04-11 19:46:47.0;
37;11627.75;2019-04-11 19:47:32.0;
37;11628;2019-04-11 19:47:35.0;
37;11627.75;2019-04-11 19:47:36.0;
37;11628;2019-04-11 19:47:39.0;
37;11628.25;2019-04-11 19:47:40.0;
37;11628.75;2019-04-11 19:48:03.0;
37;11629.25;2019-04-11 19:48:12.0;
37;11630.5;2019-04-11 19:48:40.0;
37;11629.25;2019-04-11 19:48:42.0;
37;11630.5;2019-04-11 19:48:44.0;
37;11629.75;2019-04-11 19:48:46.0;
37;11629.5;2019-04-11 19:48:52.0;
37;11629.75;2019-04-11 19:48:54.0;
37;11629.5;2019-04-11 19:48:55.0;
37;11629;2019-04-11 19:49:12.0;
37;11628.5;2019-04-11 19:49:40.0;
37;11628.75;2019-04-11 19:49:43.0;
37;11628.5;2019-04-11 19:49:46.0;
37;11628.75;2019-04-11 19:49:47.0;
37;11629.25;2019-04-11 19:50:07.0;
37;11629;2019-04-11 19:50:42.0;
37;11629.25;2019-04-11 19:50:48.0;
37;11629.5;2019-04-11 19:50:52.0;
37;11629.75;2019-04-11 19:51:07.0;
37;11629.25;2019-04-11 19:51:27.0;
37;11629.75;2019-04-11 19:51:30.0;
37;11629.25;2019-04-11 19:51:31.0;
37;11629.5;2019-04-11 19:51:41.0;
37;11629.25;2019-04-11 19:51:43.0;
37;11629.5;2019-04-11 19:51:44.0;
37;11629;2019-04-11 19:52:02.0;
37;11629.5;2019-04-11 19:52:04.0;
37;11629;2019-04-11 19:52:06.0;
37;11628.5;2019-04-11 19:52:08.0;
37;11628;2019-04-11 19:52:24.0;
37;11628.25;2019-04-11 19:52:44.0;
37;11628.75;2019-04-11 19:53:05.0;
37;11629.25;2019-04-11 19:53:06.0;
37;11628.75;2019-04-11 19:53:08.0;
37;11629.25;2019-04-11 19:53:09.0;
37;11628.75;2019-04-11 19:53:12.0;
37;11628.5;2019-04-11 19:53:16.0;
37;11628.75;2019-04-11 19:53:33.0;
37;11628.25;2019-04-11 19:53:39.0;
37;11628.75;2019-04-11 19:54:05.0;
37;11628.25;2019-04-11 19:54:06.0;
37;11629;2019-04-11 19:54:07.0;
37;11628.75;2019-04-11 19:54:08.0;
37;11629;2019-04-11 19:54:10.0;
37;11629.25;2019-04-11 19:54:18.0;
37;11629;2019-04-11 19:54:25.0;
37;11628.25;2019-04-11 19:54:33.0;
37;11628;2019-04-11 19:54:54.0;
37;11628.25;2019-04-11 19:55:01.0;
37;11628.5;2019-04-11 19:55:23.0;
37;11628.75;2019-04-11 19:55:29.0;
37;11628.5;2019-04-11 19:55:37.0;
37;11627.25;2019-04-11 19:55:44.0;
37;11628.5;2019-04-11 19:55:46.0;
37;11627.25;2019-04-11 19:55:47.0;
37;11628.5;2019-04-11 19:56:10.0;
37;11628.75;2019-04-11 19:56:11.0;
37;11628.5;2019-04-11 19:56:13.0;
37;11628.75;2019-04-11 19:56:14.0;
37;11628.5;2019-04-11 19:56:22.0;
37;11629;2019-04-11 19:56:27.0;
37;11628.75;2019-04-11 19:56:48.0;
37;11629;2019-04-11 19:56:55.0;
37;11628.75;2019-04-11 19:58:33.0;
37;11629;2019-04-11 19:58:45.0;
37;11628.75;2019-04-11 19:58:55.0;
38;29915.4;2019-04-11 11:15:27.0;
38;29909.3;2019-04-11 11:15:29.0;
38;29915.4;2019-04-11 11:15:30.0;
38;29915;2019-04-11 11:15:33.0;
38;29909.3;2019-04-11 11:15:39.0;
38;29915.4;2019-04-11 11:15:41.0;
38;29909.3;2019-04-11 11:15:42.0;
38;29915.4;2019-04-11 11:15:44.0;
38;29909.3;2019-04-11 11:15:45.0;
38;29920.45;2019-04-11 11:15:47.0;
38;29909.3;2019-04-11 11:15:48.0;
38;29915;2019-04-11 11:15:52.0;
38;29920.45;2019-04-11 11:15:54.0;
38;29923.8;2019-04-11 11:15:57.0;
38;29920.45;2019-04-11 11:15:58.0;
38;29923.8;2019-04-11 11:16:00.0;
38;29920.45;2019-04-11 11:16:04.0;
38;29921.1;2019-04-11 11:16:06.0;
38;29920.45;2019-04-11 11:16:07.0;
38;29921.1;2019-04-11 11:16:08.0;
38;29923.8;2019-04-11 11:16:10.0;
38;29921.1;2019-04-11 11:16:12.0;
38;29923.8;2019-04-11 11:16:14.0;
38;29920.45;2019-04-11 11:16:15.0;
38;29923.8;2019-04-11 11:16:17.0;
38;29921.1;2019-04-11 11:16:20.0;
38;29923.8;2019-04-11 11:16:24.0;
38;29921.1;2019-04-11 11:16:26.0;
38;29924.95;2019-04-11 11:16:29.0;
38;29921.1;2019-04-11 11:16:33.0;
38;29924.95;2019-04-11 11:16:36.0;
38;29920;2019-04-11 11:16:41.0;
38;29921.1;2019-04-11 11:16:43.0;
38;29924.95;2019-04-11 11:16:48.0;
38;29921.1;2019-04-11 11:16:51.0;
38;29920;2019-04-11 11:16:52.0;
38;29924.95;2019-04-11 11:16:54.0;
38;29912.55;2019-04-11 11:16:55.0;
38;29908;2019-04-11 11:16:59.0;
38;29912.55;2019-04-11 11:17:02.0;
38;29920;2019-04-11 11:17:04.0;
38;29912.55;2019-04-11 11:17:05.0;
38;29920;2019-04-11 11:17:07.0;
38;29912.55;2019-04-11 11:17:08.0;
38;29908;2019-04-11 11:17:09.0;
38;29914;2019-04-11 11:17:12.0;
38;29912.55;2019-04-11 11:17:15.0;
38;29914;2019-04-11 11:17:16.0;
38;29912.55;2019-04-11 11:17:18.0;
38;29908;2019-04-11 11:17:19.0;
38;29914;2019-04-11 11:17:21.0;
38;29908.1;2019-04-11 11:17:25.0;
38;29908;2019-04-11 11:17:27.0;
38;29914;2019-04-11 11:17:29.0;
38;29908.1;2019-04-11 11:17:31.0;
38;29914;2019-04-11 11:17:32.0;
38;29908.1;2019-04-11 11:17:35.0;
38;29914.65;2019-04-11 11:17:38.0;
38;29908.1;2019-04-11 11:17:39.0;
38;29914;2019-04-11 11:17:41.0;
38;29914.65;2019-04-11 11:17:42.0;
38;29908.1;2019-04-11 11:17:44.0;
38;29914.65;2019-04-11 11:17:45.0;
38;29908.1;2019-04-11 11:17:47.0;
38;29912;2019-04-11 11:17:49.0;
38;29908.1;2019-04-11 11:17:51.0;
38;29912;2019-04-11 11:17:55.0;
38;29914.65;2019-04-11 11:17:59.0;
38;29912;2019-04-11 11:18:00.0;
38;29914.65;2019-04-11 11:18:01.0;
38;29912;2019-04-11 11:18:04.0;
38;29906.9;2019-04-11 11:18:07.0;
38;29912;2019-04-11 11:18:09.0;
38;29906.9;2019-04-11 11:18:11.0;
38;29912;2019-04-11 11:18:13.0;
38;29906.9;2019-04-11 11:18:17.0;
38;29912;2019-04-11 11:18:19.0;
38;29906.9;2019-04-11 11:18:26.0;
38;29904;2019-04-11 11:18:30.0;
38;29906.9;2019-04-11 11:18:31.0;
38;29904;2019-04-11 11:18:33.0;
38;29906.9;2019-04-11 11:18:34.0;
38;29903;2019-04-11 11:18:39.0;
38;29904;2019-04-11 11:18:43.0;
38;29906.9;2019-04-11 11:18:46.0;
38;29904;2019-04-11 11:18:48.0;
38;29903;2019-04-11 11:18:49.0;
38;29904;2019-04-11 11:18:52.0;
38;29903;2019-04-11 11:18:53.0;
38;29904;2019-04-11 11:18:55.0;
38;29905.55;2019-04-11 11:18:56.0;
38;29903;2019-04-11 11:18:58.0;
38;29904;2019-04-11 11:18:59.0;
38;29905.55;2019-04-11 11:19:00.0;
38;29896.35;2019-04-11 11:19:05.0;
38;29903;2019-04-11 11:19:06.0;
38;29896.35;2019-04-11 11:19:08.0;
38;29905.55;2019-04-11 11:19:09.0;
38;29897.95;2019-04-11 11:19:11.0;
38;29905.55;2019-04-11 11:19:12.0;
38;29897.95;2019-04-11 11:19:13.0;
38;29905.55;2019-04-11 11:19:15.0;
38;29896.35;2019-04-11 11:19:16.0;
38;29905.55;2019-04-11 11:19:17.0;
38;29896.35;2019-04-11 11:19:22.0;
38;29897.95;2019-04-11 11:19:25.0;
38;29889;2019-04-11 11:19:28.0;
38;29896.35;2019-04-11 11:19:32.0;
38;29897.95;2019-04-11 11:19:33.0;
38;29896.35;2019-04-11 11:19:35.0;
38;29889;2019-04-11 11:19:36.0;
38;29897.95;2019-04-11 11:19:37.0;
38;29890;2019-04-11 11:19:39.0;
38;29897.95;2019-04-11 11:19:40.0;
38;29891.7;2019-04-11 11:19:42.0;
38;29890;2019-04-11 11:19:44.0;
38;29891.7;2019-04-11 11:19:46.0;
38;29890;2019-04-11 11:19:50.0;
38;29889;2019-04-11 11:19:51.0;
38;29891.7;2019-04-11 11:19:54.0;
38;29889;2019-04-11 11:19:55.0;
38;29890;2019-04-11 11:19:59.0;
38;29891.7;2019-04-11 11:20:03.0;
38;29895.05;2019-04-11 11:20:04.0;
38;29890;2019-04-11 11:20:08.0;
38;29891.7;2019-04-11 11:20:10.0;
38;29895.05;2019-04-11 11:20:11.0;
38;29886.05;2019-04-11 11:20:14.0;
38;29895.05;2019-04-11 11:20:15.0;
38;29886.05;2019-04-11 11:20:17.0;
38;29895.05;2019-04-11 11:20:25.0;
38;29886.05;2019-04-11 11:20:27.0;
38;29895.05;2019-04-11 11:20:32.0;
38;29886.05;2019-04-11 11:20:34.0;
38;29898.95;2019-04-11 11:20:35.0;
38;29886.05;2019-04-11 11:20:37.0;
38;29896.9;2019-04-11 11:20:45.0;
38;29898.95;2019-04-11 11:20:47.0;
38;29897.2;2019-04-11 11:20:50.0;
38;29898.95;2019-04-11 11:20:55.0;
38;29897.2;2019-04-11 11:20:58.0;
38;29896.9;2019-04-11 11:21:00.0;
38;29898.95;2019-04-11 11:21:01.0;
38;29897.2;2019-04-11 11:21:03.0;
38;29896.9;2019-04-11 11:21:05.0;
38;29905.15;2019-04-11 11:21:07.0;
38;29896.9;2019-04-11 11:21:09.0;
38;29897.2;2019-04-11 11:21:12.0;
38;29896.9;2019-04-11 11:21:13.0;
38;29905.15;2019-04-11 11:21:16.0;
38;29897.2;2019-04-11 11:21:18.0;
38;29905.15;2019-04-11 11:21:19.0;
38;29903.85;2019-04-11 11:21:21.0;
38;29905.15;2019-04-11 11:21:22.0;
38;29911.3;2019-04-11 11:21:24.0;
38;29905.15;2019-04-11 11:21:29.0;
38;29911.3;2019-04-11 11:21:31.0;
38;29903.85;2019-04-11 11:21:34.0;
38;29911.3;2019-04-11 11:21:35.0;
38;29905.15;2019-04-11 11:21:37.0;
38;29903.85;2019-04-11 11:21:38.0;
38;29905.8;2019-04-11 11:21:40.0;
38;29903.85;2019-04-11 11:21:43.0;
38;29911.3;2019-04-11 11:21:46.0;
38;29903.85;2019-04-11 11:21:47.0;
38;29911.3;2019-04-11 11:21:48.0;
38;29903.85;2019-04-11 11:21:50.0;
38;29905.8;2019-04-11 11:21:51.0;
38;29911.3;2019-04-11 11:21:52.0;
38;29901.8;2019-04-11 11:21:54.0;
38;29905.8;2019-04-11 11:21:58.0;
38;29901.8;2019-04-11 11:21:59.0;
38;29905.8;2019-04-11 11:22:04.0;
38;29901.8;2019-04-11 11:22:07.0;
38;29899.5;2019-04-11 11:22:17.0;
38;29901.8;2019-04-11 11:22:19.0;
38;29899.5;2019-04-11 11:22:23.0;
38;29901.8;2019-04-11 11:22:27.0;
38;29899.5;2019-04-11 11:22:33.0;
38;29903.8;2019-04-11 11:22:41.0;
38;29899.5;2019-04-11 11:22:43.0;
38;29903.8;2019-04-11 11:22:45.0;
38;29899.5;2019-04-11 11:22:46.0;
38;29897.1;2019-04-11 11:22:48.0;
38;29899.5;2019-04-11 11:22:49.0;
38;29903.8;2019-04-11 11:22:50.0;
38;29897.1;2019-04-11 11:22:52.0;
38;29903.8;2019-04-11 11:22:53.0;
38;29902.7;2019-04-11 11:22:56.0;
38;29897.1;2019-04-11 11:22:59.0;
38;29903.8;2019-04-11 11:23:04.0;
38;29902.7;2019-04-11 11:23:05.0;
38;29897.1;2019-04-11 11:23:07.0;
38;29903.8;2019-04-11 11:23:11.0;
38;29897.1;2019-04-11 11:23:12.0;
38;29902.7;2019-04-11 11:23:14.0;
38;29897.1;2019-04-11 11:23:16.0;
38;29907;2019-04-11 11:23:18.0;
38;29900.9;2019-04-11 11:23:21.0;
38;29902.7;2019-04-11 11:23:23.0;
38;29900.9;2019-04-11 11:23:25.0;
38;29907;2019-04-11 11:23:29.0;
38;29902.9;2019-04-11 11:23:31.0;
38;29907;2019-04-11 11:23:34.0;
38;29900.9;2019-04-11 11:23:35.0;
38;29907;2019-04-11 11:23:37.0;
38;29900.9;2019-04-11 11:23:38.0;
38;29907;2019-04-11 11:23:40.0;
38;29902.9;2019-04-11 11:23:41.0;
38;29907;2019-04-11 11:23:44.0;
38;29902.9;2019-04-11 11:23:47.0;
38;29890.15;2019-04-11 11:23:50.0;
38;29902.9;2019-04-11 11:23:53.0;
38;29890.15;2019-04-11 11:23:55.0;
38;29898.9;2019-04-11 11:24:23.0;
38;29890.15;2019-04-11 11:24:27.0;
38;29899.25;2019-04-11 11:24:32.0;
38;29898.9;2019-04-11 11:24:34.0;
38;29899.25;2019-04-11 11:24:35.0;
38;29898.9;2019-04-11 11:24:37.0;
38;29899.25;2019-04-11 11:24:41.0;
38;29898.9;2019-04-11 11:24:45.0;
38;29899.25;2019-04-11 11:24:49.0;
38;29898.9;2019-04-11 11:24:54.0;
38;29899.25;2019-04-11 11:24:55.0;
38;29899.8;2019-04-11 11:24:58.0;
38;29890.35;2019-04-11 11:25:32.0;
38;29885.3;2019-04-11 11:26:04.0;
38;29875.95;2019-04-11 11:26:35.0;
38;29885.3;2019-04-11 11:26:37.0;
38;29875.95;2019-04-11 11:26:40.0;
38;29876;2019-04-11 11:26:42.0;
38;29875.95;2019-04-11 11:26:50.0;
38;29876;2019-04-11 11:26:51.0;
38;29875.95;2019-04-11 11:26:54.0;
38;29876;2019-04-11 11:26:55.0;
38;29884.1;2019-04-11 11:27:13.0;
38;29884.2;2019-04-11 11:27:16.0;
38;29884.1;2019-04-11 11:27:19.0;
38;29884.2;2019-04-11 11:27:30.0;
38;29884.1;2019-04-11 11:27:32.0;
38;29884.2;2019-04-11 11:27:33.0;
38;29884.1;2019-04-11 11:27:36.0;
38;29884.2;2019-04-11 11:27:39.0;
38;29884.1;2019-04-11 11:27:40.0;
38;29884.2;2019-04-11 11:27:43.0;
38;29884.1;2019-04-11 11:27:45.0;
38;29885.95;2019-04-11 11:27:46.0;
38;29885.1;2019-04-11 11:28:22.0;
38;29885.95;2019-04-11 11:28:27.0;
38;29885.1;2019-04-11 11:28:29.0;
38;29885.95;2019-04-11 11:28:30.0;
38;29885.1;2019-04-11 11:28:32.0;
38;29880;2019-04-11 11:28:33.0;
38;29885.1;2019-04-11 11:28:36.0;
38;29880;2019-04-11 11:28:38.0;
38;29885.1;2019-04-11 11:28:39.0;
38;29880;2019-04-11 11:28:42.0;
38;29885.1;2019-04-11 11:28:46.0;
38;29880;2019-04-11 11:28:51.0;
38;29883.25;2019-04-11 11:28:54.0;
38;29881.2;2019-04-11 11:28:55.0;
38;29883.25;2019-04-11 11:28:58.0;
38;29880;2019-04-11 11:29:01.0;
38;29881.2;2019-04-11 11:29:03.0;
38;29883.25;2019-04-11 11:29:04.0;
38;29881.2;2019-04-11 11:29:07.0;
38;29875.15;2019-04-11 11:29:09.0;
38;29881.2;2019-04-11 11:29:10.0;
38;29875.15;2019-04-11 11:29:13.0;
38;29881.2;2019-04-11 11:29:14.0;
38;29883.25;2019-04-11 11:29:15.0;
38;29881.2;2019-04-11 11:29:18.0;
38;29875.15;2019-04-11 11:29:20.0;
38;29883.25;2019-04-11 11:29:21.0;
38;29881.2;2019-04-11 11:29:22.0;
38;29874.05;2019-04-11 11:29:27.0;
38;29875.15;2019-04-11 11:29:30.0;
38;29883.75;2019-04-11 11:29:32.0;
38;29875.15;2019-04-11 11:29:33.0;
38;29874.05;2019-04-11 11:29:34.0;
38;29875.15;2019-04-11 11:29:36.0;
38;29874.05;2019-04-11 11:29:38.0;
38;29883.45;2019-04-11 11:29:40.0;
38;29883.75;2019-04-11 11:29:41.0;
38;29883.45;2019-04-11 11:29:43.0;
38;29874.05;2019-04-11 11:29:48.0;
38;29883.45;2019-04-11 11:29:57.0;
38;29888.25;2019-04-11 11:29:58.0;
38;29883.75;2019-04-11 11:30:00.0;
38;29888.25;2019-04-11 11:30:01.0;
38;29883.45;2019-04-11 11:30:07.0;
38;29888.25;2019-04-11 11:30:10.0;
38;29891.1;2019-04-11 11:30:11.0;
38;29888.25;2019-04-11 11:30:13.0;
38;29891.1;2019-04-11 11:30:16.0;
38;29888.25;2019-04-11 11:30:19.0;
38;29891.1;2019-04-11 11:30:20.0;
38;29888.25;2019-04-11 11:30:22.0;
38;29891.1;2019-04-11 11:30:23.0;
38;29888.25;2019-04-11 11:30:27.0;
38;29891.1;2019-04-11 11:30:29.0;
38;29903.45;2019-04-11 11:30:30.0;
38;29891.1;2019-04-11 11:30:32.0;
38;29903.45;2019-04-11 11:30:34.0;
38;29898.6;2019-04-11 11:30:36.0;
38;29891.1;2019-04-11 11:30:39.0;
38;29903.45;2019-04-11 11:30:41.0;
38;29898.6;2019-04-11 11:30:43.0;
38;29903.45;2019-04-11 11:30:47.0;
38;29898.6;2019-04-11 11:30:49.0;
38;29909.95;2019-04-11 11:30:52.0;
38;29903.45;2019-04-11 11:30:57.0;
38;29909.95;2019-04-11 11:30:59.0;
38;29898.6;2019-04-11 11:31:00.0;
38;29910.5;2019-04-11 11:31:02.0;
38;29909.95;2019-04-11 11:31:03.0;
38;29910.5;2019-04-11 11:31:04.0;
38;29909.95;2019-04-11 11:31:06.0;
38;29917.3;2019-04-11 11:31:09.0;
38;29910.5;2019-04-11 11:31:10.0;
38;29909.95;2019-04-11 11:31:12.0;
38;29910.5;2019-04-11 11:31:14.0;
38;29909.95;2019-04-11 11:31:16.0;
38;29910.5;2019-04-11 11:31:18.0;
38;29909.95;2019-04-11 11:31:20.0;
38;29919.95;2019-04-11 11:31:23.0;
38;29910.5;2019-04-11 11:31:24.0;
38;29919.95;2019-04-11 11:31:26.0;
38;29910.5;2019-04-11 11:31:27.0;
38;29919.95;2019-04-11 11:31:30.0;
38;29919.65;2019-04-11 11:31:35.0;
38;29917.3;2019-04-11 11:31:36.0;
38;29919.65;2019-04-11 11:31:39.0;
38;29917.85;2019-04-11 11:31:41.0;
38;29919.95;2019-04-11 11:31:43.0;
38;29917.85;2019-04-11 11:31:44.0;
38;29919.95;2019-04-11 11:31:46.0;
38;29919.65;2019-04-11 11:31:47.0;
38;29917.85;2019-04-11 11:31:49.0;
38;29919.65;2019-04-11 11:31:50.0;
38;29917.85;2019-04-11 11:31:51.0;
38;29919.65;2019-04-11 11:31:54.0;
38;29917.85;2019-04-11 11:31:56.0;
38;29924;2019-04-11 11:32:00.0;
38;29917.85;2019-04-11 11:32:01.0;
38;29924;2019-04-11 11:32:04.0;
38;29938;2019-04-11 11:32:07.0;
38;29917.85;2019-04-11 11:32:09.0;
38;29938;2019-04-11 11:32:10.0;
38;29924;2019-04-11 11:32:11.0;
38;29938;2019-04-11 11:32:16.0;
38;29924;2019-04-11 11:32:20.0;
38;29938;2019-04-11 11:32:21.0;
38;29969.8;2019-04-11 11:32:33.0;
38;29938;2019-04-11 11:32:34.0;
38;29962;2019-04-11 11:32:38.0;
38;29938;2019-04-11 11:32:39.0;
38;29962;2019-04-11 11:32:41.0;
38;29969.8;2019-04-11 11:32:44.0;
38;29959.1;2019-04-11 11:32:46.0;
38;29969.8;2019-04-11 11:32:48.0;
38;29959.1;2019-04-11 11:32:49.0;
38;29969.8;2019-04-11 11:32:51.0;
38;29962;2019-04-11 11:32:56.0;
38;29969.8;2019-04-11 11:32:57.0;
38;29959.1;2019-04-11 11:33:02.0;
38;29962;2019-04-11 11:33:06.0;
38;29959.1;2019-04-11 11:33:07.0;
38;29951.35;2019-04-11 11:33:13.0;
38;29959.1;2019-04-11 11:33:15.0;
38;29947.5;2019-04-11 11:33:18.0;
38;29951.35;2019-04-11 11:33:21.0;
38;29947.5;2019-04-11 11:33:23.0;
38;29951.35;2019-04-11 11:33:24.0;
38;29947.5;2019-04-11 11:33:29.0;
38;29951.35;2019-04-11 11:33:31.0;
38;29947.5;2019-04-11 11:33:39.0;
38;29958.95;2019-04-11 11:33:45.0;
38;29951.35;2019-04-11 11:33:47.0;
38;29958.95;2019-04-11 11:33:48.0;
38;29951.35;2019-04-11 11:33:50.0;
38;29958.85;2019-04-11 11:33:51.0;
38;29958.95;2019-04-11 11:33:57.0;
38;29958.85;2019-04-11 11:33:58.0;
38;29958.95;2019-04-11 11:34:01.0;
38;29958.85;2019-04-11 11:34:02.0;
38;29958.95;2019-04-11 11:34:04.0;
38;29958.85;2019-04-11 11:34:05.0;
38;29958.95;2019-04-11 11:34:06.0;
38;29958.85;2019-04-11 11:34:09.0;
38;29958.95;2019-04-11 11:34:11.0;
38;29958.85;2019-04-11 11:34:12.0;
38;29958.95;2019-04-11 11:34:13.0;
38;29958.85;2019-04-11 11:34:15.0;
38;29959.9;2019-04-11 11:34:20.0;
38;29958.85;2019-04-11 11:34:22.0;
38;29959.9;2019-04-11 11:34:24.0;
38;29966.65;2019-04-11 11:34:29.0;
38;29959.9;2019-04-11 11:34:31.0;
38;29966.65;2019-04-11 11:34:32.0;
38;29959.9;2019-04-11 11:34:35.0;
38;29966.65;2019-04-11 11:34:38.0;
38;29959.9;2019-04-11 11:34:39.0;
38;29966.65;2019-04-11 11:34:41.0;
38;29959.9;2019-04-11 11:34:43.0;
38;29966.65;2019-04-11 11:34:45.0;
38;29959.9;2019-04-11 11:34:48.0;
38;29966.9;2019-04-11 11:34:55.0;
38;29966.65;2019-04-11 11:34:57.0;
38;29966.9;2019-04-11 11:34:58.0;
38;29966.65;2019-04-11 11:34:59.0;
38;29962.2;2019-04-11 11:35:01.0;
38;29966.9;2019-04-11 11:35:04.0;
38;29962.2;2019-04-11 11:35:05.0;
38;29966.9;2019-04-11 11:35:08.0;
38;29962.2;2019-04-11 11:35:14.0;
38;29966.9;2019-04-11 11:35:19.0;
38;29962.2;2019-04-11 11:35:21.0;
38;29965;2019-04-11 11:35:30.0;
38;29962.2;2019-04-11 11:35:31.0;
38;29963.65;2019-04-11 11:35:33.0;
38;29965;2019-04-11 11:35:38.0;
38;29963.65;2019-04-11 11:35:40.0;
38;29965;2019-04-11 11:35:44.0;
38;29963.65;2019-04-11 11:35:49.0;
38;29958.85;2019-04-11 11:36:01.0;
38;29963.65;2019-04-11 11:36:03.0;
38;29965;2019-04-11 11:36:06.0;
38;29958.85;2019-04-11 11:36:13.0;
38;29965;2019-04-11 11:36:16.0;
38;29958.85;2019-04-11 11:36:17.0;
38;29965;2019-04-11 11:36:19.0;
38;29958.85;2019-04-11 11:36:23.0;
38;29965;2019-04-11 11:36:24.0;
38;29958.85;2019-04-11 11:36:26.0;
38;29965;2019-04-11 11:36:27.0;
38;29958.85;2019-04-11 11:36:30.0;
38;29965;2019-04-11 11:36:32.0;
38;29961.35;2019-04-11 11:36:34.0;
38;29965;2019-04-11 11:36:36.0;
38;29960.85;2019-04-11 11:36:37.0;
38;29961.35;2019-04-11 11:36:38.0;
38;29960.75;2019-04-11 11:36:43.0;
38;29961.35;2019-04-11 11:36:44.0;
38;29960.75;2019-04-11 11:36:45.0;
38;29960.85;2019-04-11 11:36:47.0;
38;29961.35;2019-04-11 11:36:51.0;
38;29960.85;2019-04-11 11:36:52.0;
38;29961.35;2019-04-11 11:36:56.0;
38;29960.85;2019-04-11 11:36:58.0;
38;29961.35;2019-04-11 11:36:59.0;
38;29960.85;2019-04-11 11:37:00.0;
38;29960.75;2019-04-11 11:37:03.0;
38;29960.85;2019-04-11 11:37:05.0;
38;29955;2019-04-11 11:37:07.0;
38;29960.75;2019-04-11 11:37:08.0;
38;29953.3;2019-04-11 11:37:09.0;
38;29952.25;2019-04-11 11:37:13.0;
38;29955;2019-04-11 11:37:18.0;
38;29953.3;2019-04-11 11:37:26.0;
38;29952.25;2019-04-11 11:37:28.0;
38;29955;2019-04-11 11:37:35.0;
38;29952.25;2019-04-11 11:37:36.0;
38;29953.3;2019-04-11 11:37:38.0;
38;29952.25;2019-04-11 11:37:40.0;
38;29941.8;2019-04-11 11:37:41.0;
38;29952.25;2019-04-11 11:37:43.0;
38;29941.8;2019-04-11 11:37:45.0;
38;29944.35;2019-04-11 11:38:13.0;
38;29941.8;2019-04-11 11:38:15.0;
38;29944.35;2019-04-11 11:38:16.0;
38;29933.8;2019-04-11 11:38:47.0;
38;29944.35;2019-04-11 11:38:48.0;
38;29933.8;2019-04-11 11:38:50.0;
38;29944.35;2019-04-11 11:38:51.0;
38;29933.8;2019-04-11 11:38:53.0;
38;29931.05;2019-04-11 11:38:55.0;
38;29933.8;2019-04-11 11:39:01.0;
38;29931.05;2019-04-11 11:39:04.0;
38;29933.8;2019-04-11 11:39:07.0;
38;29931.05;2019-04-11 11:39:11.0;
38;29933.8;2019-04-11 11:39:12.0;
38;29931.05;2019-04-11 11:39:13.0;
38;29938.2;2019-04-11 11:39:21.0;
38;29931.05;2019-04-11 11:39:24.0;
38;29936.65;2019-04-11 11:39:28.0;
38;29931.05;2019-04-11 11:39:29.0;
38;29936.65;2019-04-11 11:39:30.0;
38;29938.2;2019-04-11 11:39:38.0;
38;29936.65;2019-04-11 11:39:39.0;
38;29938.2;2019-04-11 11:39:44.0;
38;29936.65;2019-04-11 11:39:45.0;
38;29934;2019-04-11 11:39:55.0;
38;29936.65;2019-04-11 11:39:58.0;
38;29934;2019-04-11 11:39:59.0;
38;29935;2019-04-11 11:40:26.0;
38;29934;2019-04-11 11:40:29.0;
38;29935;2019-04-11 11:40:32.0;
38;29940.2;2019-04-11 11:40:35.0;
38;29935;2019-04-11 11:40:38.0;
38;29940.2;2019-04-11 11:40:39.0;
38;29935;2019-04-11 11:40:41.0;
38;29942.85;2019-04-11 11:40:44.0;
38;29935;2019-04-11 11:40:45.0;
38;29942.85;2019-04-11 11:40:55.0;
38;29935;2019-04-11 11:40:56.0;
38;29943;2019-04-11 11:40:57.0;
38;29942.85;2019-04-11 11:40:59.0;
38;29940.2;2019-04-11 11:41:01.0;
38;29942.85;2019-04-11 11:41:02.0;
38;29940.2;2019-04-11 11:41:03.0;
38;29942.85;2019-04-11 11:41:06.0;
38;29943;2019-04-11 11:41:08.0;
38;29941.8;2019-04-11 11:41:09.0;
38;29943;2019-04-11 11:41:11.0;
38;29942.85;2019-04-11 11:41:13.0;
38;29940;2019-04-11 11:41:15.0;
38;29943;2019-04-11 11:41:16.0;
38;29940;2019-04-11 11:41:19.0;
38;29941.8;2019-04-11 11:41:20.0;
38;29943;2019-04-11 11:41:23.0;
38;29941.8;2019-04-11 11:41:27.0;
38;29940;2019-04-11 11:41:29.0;
38;29941.8;2019-04-11 11:41:30.0;
38;29940;2019-04-11 11:41:32.0;
38;29941.8;2019-04-11 11:41:35.0;
38;29940;2019-04-11 11:41:39.0;
38;29933.6;2019-04-11 11:41:40.0;
38;29940;2019-04-11 11:41:45.0;
38;29936.45;2019-04-11 11:41:46.0;
38;29933.6;2019-04-11 11:41:49.0;
38;29936.45;2019-04-11 11:41:58.0;
38;29933.6;2019-04-11 11:42:00.0;
38;29936.45;2019-04-11 11:42:04.0;
38;29933.6;2019-04-11 11:42:07.0;
38;29936.45;2019-04-11 11:42:10.0;
38;29934.8;2019-04-11 11:42:11.0;
38;29935.85;2019-04-11 11:42:43.0;
38;29936.4;2019-04-11 11:42:57.0;
38;29935.85;2019-04-11 11:42:59.0;
38;29936.4;2019-04-11 11:43:00.0;
38;29935.85;2019-04-11 11:43:02.0;
38;29936.4;2019-04-11 11:43:10.0;
38;29935.85;2019-04-11 11:43:12.0;
38;29936.4;2019-04-11 11:43:15.0;
38;29935.85;2019-04-11 11:43:16.0;
38;29936.4;2019-04-11 11:43:17.0;
38;29931;2019-04-11 11:43:20.0;
38;29930;2019-04-11 11:43:53.0;
38;29929;2019-04-11 11:44:25.0;
38;29930;2019-04-11 11:44:26.0;
38;29937;2019-04-11 11:44:29.0;
38;29938;2019-04-11 11:44:33.0;
38;29937;2019-04-11 11:44:36.0;
38;29929;2019-04-11 11:44:37.0;
38;29938;2019-04-11 11:44:42.0;
38;29937;2019-04-11 11:44:43.0;
38;29938;2019-04-11 11:44:46.0;
38;29929;2019-04-11 11:44:47.0;
38;29938;2019-04-11 11:44:50.0;
38;29929;2019-04-11 11:44:51.0;
38;29937;2019-04-11 11:44:53.0;
38;29938;2019-04-11 11:44:55.0;
38;29935.3;2019-04-11 11:44:57.0;
38;29938;2019-04-11 11:44:59.0;
38;29935.3;2019-04-11 11:45:00.0;
38;29938;2019-04-11 11:45:02.0;
38;29935.3;2019-04-11 11:45:09.0;
38;29938;2019-04-11 11:45:10.0;
38;29935.3;2019-04-11 11:45:11.0;
38;29938;2019-04-11 11:45:13.0;
38;29935.3;2019-04-11 11:45:23.0;
38;29938;2019-04-11 11:45:25.0;
38;29936.05;2019-04-11 11:45:31.0;
38;29938;2019-04-11 11:45:32.0;
38;29936.05;2019-04-11 11:45:34.0;
38;29935;2019-04-11 11:45:48.0;
38;29936.05;2019-04-11 11:45:51.0;
38;29935;2019-04-11 11:45:52.0;
38;29936.05;2019-04-11 11:45:55.0;
38;29935;2019-04-11 11:46:02.0;
38;29935.15;2019-04-11 11:46:31.0;
38;29935;2019-04-11 11:46:32.0;
38;29935.15;2019-04-11 11:46:34.0;
38;29932.05;2019-04-11 11:46:35.0;
38;29935.15;2019-04-11 11:46:42.0;
38;29932.05;2019-04-11 11:46:45.0;
38;29930.1;2019-04-11 11:47:06.0;
38;29931;2019-04-11 11:47:09.0;
38;29930.1;2019-04-11 11:47:24.0;
38;29931;2019-04-11 11:47:27.0;
38;29930.1;2019-04-11 11:47:32.0;
38;29931;2019-04-11 11:47:34.0;
38;29932.05;2019-04-11 11:47:41.0;
38;29934.85;2019-04-11 11:47:52.0;
38;29932.05;2019-04-11 11:47:54.0;
38;29934.85;2019-04-11 11:48:01.0;
38;29932.05;2019-04-11 11:48:04.0;
38;29934.85;2019-04-11 11:48:08.0;
38;29932.05;2019-04-11 11:48:09.0;
38;29934.85;2019-04-11 11:48:12.0;
38;29934;2019-04-11 11:48:15.0;
38;29934.85;2019-04-11 11:48:16.0;
38;29934;2019-04-11 11:48:20.0;
38;29936.05;2019-04-11 11:48:46.0;
38;29934;2019-04-11 11:48:48.0;
38;29936.05;2019-04-11 11:48:49.0;
38;29934;2019-04-11 11:48:50.0;
38;29939.75;2019-04-11 11:48:53.0;
38;29936.05;2019-04-11 11:48:55.0;
38;29939.75;2019-04-11 11:48:56.0;
38;29936.05;2019-04-11 11:48:57.0;
38;29939.75;2019-04-11 11:48:59.0;
38;29936.05;2019-04-11 11:49:00.0;
38;29939.75;2019-04-11 11:49:04.0;
38;29936.05;2019-04-11 11:49:06.0;
38;29939.75;2019-04-11 11:49:07.0;
38;29936.05;2019-04-11 11:49:10.0;
38;29939.75;2019-04-11 11:49:14.0;
38;29935.15;2019-04-11 11:49:18.0;
38;29939.75;2019-04-11 11:49:20.0;
38;29935.15;2019-04-11 11:49:21.0;
38;29939.75;2019-04-11 11:49:24.0;
38;29939.65;2019-04-11 11:49:25.0;
38;29935.15;2019-04-11 11:49:30.0;
38;29940;2019-04-11 11:49:35.0;
38;29939.65;2019-04-11 11:49:40.0;
38;29940;2019-04-11 11:49:41.0;
38;29935.15;2019-04-11 11:49:43.0;
38;29939.65;2019-04-11 11:49:45.0;
38;29935.15;2019-04-11 11:49:47.0;
38;29939.65;2019-04-11 11:49:48.0;
38;29938.45;2019-04-11 11:49:50.0;
38;29940;2019-04-11 11:49:51.0;
38;29938.45;2019-04-11 11:49:52.0;
38;29939.65;2019-04-11 11:49:55.0;
38;29940;2019-04-11 11:49:57.0;
38;29938.45;2019-04-11 11:49:59.0;
38;29940;2019-04-11 11:50:02.0;
38;29938.45;2019-04-11 11:50:05.0;
38;29939.05;2019-04-11 11:50:07.0;
38;29938.45;2019-04-11 11:50:09.0;
38;29939.05;2019-04-11 11:50:10.0;
38;29938.45;2019-04-11 11:50:12.0;
38;29939.05;2019-04-11 11:50:19.0;
38;29938.45;2019-04-11 11:50:21.0;
38;29939.05;2019-04-11 11:50:25.0;
38;29938.45;2019-04-11 11:50:28.0;
38;29944.25;2019-04-11 11:50:30.0;
38;29939.05;2019-04-11 11:50:31.0;
38;29944.25;2019-04-11 11:50:34.0;
38;29939.05;2019-04-11 11:50:36.0;
38;29944.25;2019-04-11 11:50:37.0;
38;29940.8;2019-04-11 11:50:39.0;
38;29944.25;2019-04-11 11:50:41.0;
38;29940.8;2019-04-11 11:50:42.0;
38;29944.25;2019-04-11 11:50:44.0;
38;29939.05;2019-04-11 11:50:45.0;
38;29940.8;2019-04-11 11:50:47.0;
38;29944.25;2019-04-11 11:50:49.0;
38;29939.05;2019-04-11 11:50:51.0;
38;29940.8;2019-04-11 11:50:53.0;
38;29944.25;2019-04-11 11:50:54.0;
38;29940.8;2019-04-11 11:50:56.0;
38;29941.95;2019-04-11 11:50:57.0;
38;29944.25;2019-04-11 11:50:59.0;
38;29940.8;2019-04-11 11:51:00.0;
38;29941.95;2019-04-11 11:51:01.0;
38;29944.35;2019-04-11 11:51:05.0;
38;29940.8;2019-04-11 11:51:07.0;
38;29941.95;2019-04-11 11:51:08.0;
38;29944.35;2019-04-11 11:51:10.0;
38;29941.95;2019-04-11 11:51:11.0;
38;29944.35;2019-04-11 11:51:13.0;
38;29941.95;2019-04-11 11:51:14.0;
38;29941;2019-04-11 11:51:19.0;
38;29944.35;2019-04-11 11:51:20.0;
38;29941;2019-04-11 11:51:21.0;
38;29941.95;2019-04-11 11:51:24.0;
38;29941;2019-04-11 11:51:26.0;
38;29945.05;2019-04-11 11:51:28.0;
38;29944.35;2019-04-11 11:51:33.0;
38;29945.05;2019-04-11 11:51:35.0;
38;29941;2019-04-11 11:51:37.0;
38;29945.05;2019-04-11 11:51:38.0;
38;29941;2019-04-11 11:51:41.0;
38;29945.05;2019-04-11 11:51:42.0;
38;29941;2019-04-11 11:51:45.0;
38;29945.05;2019-04-11 11:51:46.0;
38;29947;2019-04-11 11:51:49.0;
38;29943.5;2019-04-11 11:51:51.0;
38;29945.05;2019-04-11 11:51:53.0;
38;29943.5;2019-04-11 11:51:55.0;
38;29947;2019-04-11 11:51:57.0;
38;29945.05;2019-04-11 11:51:58.0;
38;29943.5;2019-04-11 11:51:59.0;
38;29947;2019-04-11 11:52:01.0;
38;29943.5;2019-04-11 11:52:02.0;
38;29947;2019-04-11 11:52:04.0;
38;29943.5;2019-04-11 11:52:05.0;
38;29947.05;2019-04-11 11:52:07.0;
38;29947;2019-04-11 11:52:08.0;
38;29947.05;2019-04-11 11:52:11.0;
38;29947;2019-04-11 11:52:12.0;
38;29947.05;2019-04-11 11:52:19.0;
38;29947;2019-04-11 11:52:22.0;
38;29947.05;2019-04-11 11:52:26.0;
38;29945;2019-04-11 11:52:27.0;
38;29947.05;2019-04-11 11:52:30.0;
38;29945;2019-04-11 11:52:32.0;
38;29947.05;2019-04-11 11:52:33.0;
38;29945.9;2019-04-11 11:52:35.0;
38;29942.5;2019-04-11 11:52:39.0;
38;29945.9;2019-04-11 11:52:42.0;
38;29945;2019-04-11 11:52:43.0;
38;29942.5;2019-04-11 11:52:46.0;
38;29945.9;2019-04-11 11:52:47.0;
38;29942.5;2019-04-11 11:52:49.0;
38;29945;2019-04-11 11:52:51.0;
38;29942.5;2019-04-11 11:52:53.0;
38;29945;2019-04-11 11:52:56.0;
38;29942.5;2019-04-11 11:52:57.0;
38;29945.9;2019-04-11 11:53:02.0;
38;29936.4;2019-04-11 11:53:04.0;
38;29942.5;2019-04-11 11:53:08.0;
38;29936.95;2019-04-11 11:53:09.0;
38;29938.05;2019-04-11 11:53:12.0;
38;29936.95;2019-04-11 11:53:13.0;
38;29938.05;2019-04-11 11:53:15.0;
38;29936.95;2019-04-11 11:53:17.0;
38;29938.05;2019-04-11 11:53:20.0;
38;29936.95;2019-04-11 11:53:22.0;
38;29936.4;2019-04-11 11:53:24.0;
38;29938.05;2019-04-11 11:53:25.0;
38;29936.95;2019-04-11 11:53:28.0;
38;29940.3;2019-04-11 11:53:31.0;
38;29938.05;2019-04-11 11:53:32.0;
38;29936.95;2019-04-11 11:53:34.0;
38;29940.3;2019-04-11 11:53:35.0;
38;29936.95;2019-04-11 11:53:36.0;
38;29940.3;2019-04-11 11:53:38.0;
38;29938.05;2019-04-11 11:53:40.0;
38;29940.3;2019-04-11 11:53:42.0;
38;29938.1;2019-04-11 11:53:45.0;
38;29940.3;2019-04-11 11:53:47.0;
38;29938.1;2019-04-11 11:53:54.0;
38;29940.3;2019-04-11 11:53:56.0;
38;29938.1;2019-04-11 11:53:57.0;
38;29940.3;2019-04-11 11:53:59.0;
38;29938.1;2019-04-11 11:54:01.0;
38;29938.55;2019-04-11 11:54:08.0;
38;29938.1;2019-04-11 11:54:10.0;
38;29938.55;2019-04-11 11:54:13.0;
38;29938.1;2019-04-11 11:54:14.0;
38;29938.55;2019-04-11 11:54:17.0;
38;29943.1;2019-04-11 11:54:40.0;
38;29938.55;2019-04-11 11:54:41.0;
38;29943.1;2019-04-11 11:54:44.0;
38;29938.55;2019-04-11 11:54:46.0;
38;29943.1;2019-04-11 11:54:47.0;
38;29942;2019-04-11 11:54:48.0;
38;29943.1;2019-04-11 11:54:51.0;
38;29942;2019-04-11 11:54:54.0;
38;29943.1;2019-04-11 11:55:02.0;
38;29942.05;2019-04-11 11:55:04.0;
38;29943.1;2019-04-11 11:55:05.0;
38;29942;2019-04-11 11:55:09.0;
38;29945.05;2019-04-11 11:55:11.0;
38;29942.05;2019-04-11 11:55:13.0;
38;29945.05;2019-04-11 11:55:15.0;
38;29942.05;2019-04-11 11:55:16.0;
38;29945.05;2019-04-11 11:55:18.0;
38;29942.05;2019-04-11 11:55:21.0;
38;29945.05;2019-04-11 11:55:23.0;
38;29942.05;2019-04-11 11:55:24.0;
38;29945.05;2019-04-11 11:55:25.0;
38;29943.45;2019-04-11 11:55:27.0;
38;29945.65;2019-04-11 11:55:28.0;
38;29943.45;2019-04-11 11:55:33.0;
38;29945.05;2019-04-11 11:55:38.0;
38;29945.65;2019-04-11 11:55:40.0;
38;29947.1;2019-04-11 11:55:47.0;
38;29945.65;2019-04-11 11:55:53.0;
38;29943.45;2019-04-11 11:55:56.0;
38;29947.1;2019-04-11 11:55:58.0;
38;29948.9;2019-04-11 11:55:59.0;
38;29947.1;2019-04-11 11:56:04.0;
38;29948.9;2019-04-11 11:56:06.0;
38;29947.1;2019-04-11 11:56:10.0;
38;29948.9;2019-04-11 11:56:12.0;
38;29947.1;2019-04-11 11:56:13.0;
38;29948.9;2019-04-11 11:56:18.0;
38;29952.5;2019-04-11 11:56:19.0;
38;29948.9;2019-04-11 11:56:20.0;
38;29952.5;2019-04-11 11:56:22.0;
38;29948.9;2019-04-11 11:56:23.0;
38;29953.8;2019-04-11 11:56:31.0;
38;29948.9;2019-04-11 11:56:33.0;
38;29954;2019-04-11 11:56:34.0;
38;29953.8;2019-04-11 11:56:36.0;
38;29952.5;2019-04-11 11:56:38.0;
38;29954;2019-04-11 11:56:41.0;
38;29952.5;2019-04-11 11:56:42.0;
38;29954;2019-04-11 11:56:45.0;
38;29953.8;2019-04-11 11:56:48.0;
38;29952.5;2019-04-11 11:56:49.0;
38;29953.8;2019-04-11 11:56:50.0;
38;29960;2019-04-11 11:56:52.0;
38;29954;2019-04-11 11:56:54.0;
38;29953.8;2019-04-11 11:56:56.0;
38;29960;2019-04-11 11:56:58.0;
38;29954;2019-04-11 11:56:59.0;
38;29953.8;2019-04-11 11:57:02.0;
38;29960;2019-04-11 11:57:03.0;
38;29957.55;2019-04-11 11:57:08.0;
38;29959.7;2019-04-11 11:57:13.0;
38;29957.55;2019-04-11 11:57:16.0;
38;29960;2019-04-11 11:57:20.0;
38;29957.55;2019-04-11 11:57:21.0;
38;29959.7;2019-04-11 11:57:23.0;
38;29959.95;2019-04-11 11:57:25.0;
38;29957.55;2019-04-11 11:57:27.0;
38;29959.95;2019-04-11 11:57:28.0;
38;29959.7;2019-04-11 11:57:30.0;
38;29957.55;2019-04-11 11:57:33.0;
38;29959.7;2019-04-11 11:57:34.0;
38;29959.95;2019-04-11 11:57:36.0;
38;29959.7;2019-04-11 11:57:37.0;
38;29959.95;2019-04-11 11:57:40.0;
38;29959.7;2019-04-11 11:57:41.0;
38;29962.25;2019-04-11 11:57:43.0;
38;29959.95;2019-04-11 11:57:46.0;
38;29962.25;2019-04-11 11:57:47.0;
38;29959.95;2019-04-11 11:57:51.0;
38;29962.25;2019-04-11 11:57:53.0;
38;29962.7;2019-04-11 11:57:56.0;
38;29962.25;2019-04-11 11:57:59.0;
38;29962.7;2019-04-11 11:58:00.0;
38;29962.25;2019-04-11 11:58:01.0;
38;29962.7;2019-04-11 11:58:05.0;
38;29962.25;2019-04-11 11:58:08.0;
38;29962.7;2019-04-11 11:58:11.0;
38;29962.25;2019-04-11 11:58:12.0;
38;29961.6;2019-04-11 11:58:16.0;
38;29962.7;2019-04-11 11:58:26.0;
38;29961.6;2019-04-11 11:58:28.0;
38;29959.15;2019-04-11 11:58:35.0;
38;29961.6;2019-04-11 11:58:38.0;
38;29959.15;2019-04-11 11:58:39.0;
38;29961.6;2019-04-11 11:58:42.0;
38;29959.15;2019-04-11 11:58:45.0;
38;29961.6;2019-04-11 11:58:46.0;
38;29959.85;2019-04-11 11:58:48.0;
38;29959.15;2019-04-11 11:58:50.0;
38;29959.85;2019-04-11 11:58:52.0;
38;29959.15;2019-04-11 11:58:53.0;
38;29959.85;2019-04-11 11:58:54.0;
38;29959.15;2019-04-11 11:58:56.0;
38;29959.85;2019-04-11 11:58:57.0;
38;29959.15;2019-04-11 11:58:59.0;
38;29959.85;2019-04-11 11:59:00.0;
38;29959.15;2019-04-11 11:59:02.0;
38;29959.85;2019-04-11 11:59:04.0;
38;29955.3;2019-04-11 11:59:14.0;
38;29959.85;2019-04-11 11:59:16.0;
38;29957;2019-04-11 11:59:18.0;
38;29955.3;2019-04-11 11:59:20.0;
38;29957;2019-04-11 11:59:21.0;
38;29955.3;2019-04-11 11:59:27.0;
38;29957;2019-04-11 11:59:29.0;
38;29955.3;2019-04-11 11:59:30.0;
38;29957;2019-04-11 11:59:32.0;
38;29955.3;2019-04-11 11:59:45.0;
38;29952.65;2019-04-11 11:59:46.0;
38;29957;2019-04-11 11:59:52.0;
38;29952.65;2019-04-11 11:59:53.0;
38;29956;2019-04-11 12:00:20.0;
38;29952.65;2019-04-11 12:00:23.0;
38;29956;2019-04-11 12:00:25.0;
40;401.15;2019-04-11 11:16:29.0;
40;401.25;2019-04-11 11:16:33.0;
40;401.15;2019-04-11 11:16:36.0;
40;401.25;2019-04-11 11:16:43.0;
40;401.15;2019-04-11 11:16:48.0;
40;401.25;2019-04-11 11:16:51.0;
40;401.15;2019-04-11 11:16:52.0;
40;401.25;2019-04-11 11:18:30.0;
40;401.15;2019-04-11 11:18:31.0;
40;401.25;2019-04-11 11:18:33.0;
40;401.15;2019-04-11 11:18:34.0;
40;401.25;2019-04-11 11:18:39.0;
40;401.15;2019-04-11 11:18:46.0;
40;401.25;2019-04-11 11:18:48.0;
40;401.3;2019-04-11 11:18:56.0;
40;401.25;2019-04-11 11:18:58.0;
40;401.3;2019-04-11 11:19:00.0;
40;401.25;2019-04-11 11:19:05.0;
40;401.3;2019-04-11 11:19:09.0;
40;401.2;2019-04-11 11:19:11.0;
40;401.3;2019-04-11 11:19:12.0;
40;401.2;2019-04-11 11:19:13.0;
40;401.3;2019-04-11 11:19:15.0;
40;401.25;2019-04-11 11:19:16.0;
40;401.3;2019-04-11 11:19:17.0;
40;401.25;2019-04-11 11:19:22.0;
40;401.2;2019-04-11 11:19:25.0;
40;401.25;2019-04-11 11:19:32.0;
40;401.2;2019-04-11 11:19:33.0;
40;401.25;2019-04-11 11:19:35.0;
40;401.2;2019-04-11 11:19:36.0;
40;401.25;2019-04-11 11:20:45.0;
40;401.2;2019-04-11 11:20:47.0;
40;401.25;2019-04-11 11:20:50.0;
40;401.2;2019-04-11 11:20:55.0;
40;401.25;2019-04-11 11:20:58.0;
40;401.2;2019-04-11 11:21:01.0;
40;401.25;2019-04-11 11:21:03.0;
40;401.15;2019-04-11 11:22:52.0;
40;401.25;2019-04-11 11:22:53.0;
40;401.2;2019-04-11 11:22:56.0;
40;401.15;2019-04-11 11:22:59.0;
40;401.25;2019-04-11 11:23:04.0;
40;401.2;2019-04-11 11:23:05.0;
40;401.15;2019-04-11 11:23:07.0;
40;401.25;2019-04-11 11:23:11.0;
40;401.15;2019-04-11 11:23:12.0;
40;401.2;2019-04-11 11:23:14.0;
40;401.15;2019-04-11 11:23:16.0;
40;401.2;2019-04-11 11:23:21.0;
40;401.3;2019-04-11 11:25:33.0;
40;401.15;2019-04-11 11:26:42.0;
40;401.1;2019-04-11 11:28:29.0;
40;401.15;2019-04-11 11:28:30.0;
40;401.1;2019-04-11 11:28:32.0;
40;401.15;2019-04-11 11:28:39.0;
40;401.1;2019-04-11 11:28:41.0;
40;401.15;2019-04-11 11:28:46.0;
40;401.1;2019-04-11 11:28:48.0;
40;401.15;2019-04-11 11:28:49.0;
40;401.1;2019-04-11 11:28:51.0;
40;401.15;2019-04-11 11:32:33.0;
40;401.1;2019-04-11 11:32:34.0;
40;401.15;2019-04-11 11:32:44.0;
40;401.1;2019-04-11 11:33:36.0;
40;401.15;2019-04-11 11:33:37.0;
40;401.1;2019-04-11 11:33:45.0;
40;401.05;2019-04-11 11:34:12.0;
40;401.1;2019-04-11 11:34:13.0;
40;401.05;2019-04-11 11:34:17.0;
40;401.1;2019-04-11 11:34:18.0;
40;401.05;2019-04-11 11:34:20.0;
40;401.15;2019-04-11 11:37:13.0;
40;401.05;2019-04-11 11:37:18.0;
40;401.15;2019-04-11 11:37:26.0;
40;401.05;2019-04-11 11:37:35.0;
40;401.15;2019-04-11 11:37:36.0;
40;401.25;2019-04-11 11:38:17.0;
40;401.15;2019-04-11 11:38:22.0;
40;401.25;2019-04-11 11:38:26.0;
40;401.15;2019-04-11 11:38:33.0;
40;401.25;2019-04-11 11:38:35.0;
40;401.15;2019-04-11 11:38:41.0;
40;401.25;2019-04-11 11:38:43.0;
40;401.15;2019-04-11 11:38:47.0;
40;401.25;2019-04-11 11:38:48.0;
40;401.15;2019-04-11 11:38:50.0;
40;401.25;2019-04-11 11:38:51.0;
40;401.15;2019-04-11 11:38:53.0;
40;401.2;2019-04-11 11:42:16.0;
40;401.25;2019-04-11 11:42:46.0;
40;401.2;2019-04-11 11:43:22.0;
40;401.25;2019-04-11 11:43:54.0;
40;401.2;2019-04-11 11:43:57.0;
40;401.25;2019-04-11 11:43:59.0;
40;401.3;2019-04-11 11:45:05.0;
40;401.2;2019-04-11 11:46:04.0;
40;401.3;2019-04-11 11:46:05.0;
40;401.2;2019-04-11 11:46:15.0;
40;401.25;2019-04-11 11:46:20.0;
40;401.2;2019-04-11 11:46:22.0;
40;401.25;2019-04-11 11:46:24.0;
40;401.2;2019-04-11 11:46:28.0;
40;401.15;2019-04-11 11:46:31.0;
40;401.2;2019-04-11 11:46:32.0;
40;401.15;2019-04-11 11:46:34.0;
40;401.25;2019-04-11 11:46:37.0;
40;401.15;2019-04-11 11:46:38.0;
40;401.25;2019-04-11 11:46:40.0;
40;401.15;2019-04-11 11:46:42.0;
40;401.25;2019-04-11 11:46:49.0;
40;401.15;2019-04-11 11:46:51.0;
40;401.3;2019-04-11 11:51:49.0;
40;401.15;2019-04-11 11:51:51.0;
40;401.3;2019-04-11 11:51:57.0;
40;401.15;2019-04-11 11:51:58.0;
40;401.2;2019-04-11 11:52:07.0;
40;401.15;2019-04-11 11:52:08.0;
40;401.2;2019-04-11 11:52:11.0;
40;401.15;2019-04-11 11:52:12.0;
40;401.2;2019-04-11 11:52:19.0;
40;401.15;2019-04-11 11:52:27.0;
40;401.2;2019-04-11 11:52:30.0;
40;401.15;2019-04-11 11:52:32.0;
40;401.2;2019-04-11 11:52:33.0;
40;401.15;2019-04-11 11:52:39.0;
40;401.2;2019-04-11 11:52:42.0;
40;401.15;2019-04-11 11:52:43.0;
40;401.2;2019-04-11 11:52:47.0;
40;401.15;2019-04-11 11:52:49.0;
40;401.25;2019-04-11 11:54:40.0;
40;401.15;2019-04-11 11:54:41.0;
40;401.25;2019-04-11 11:54:44.0;
40;401.15;2019-04-11 11:56:19.0;
40;401.25;2019-04-11 11:56:20.0;
40;401.15;2019-04-11 11:56:22.0;
40;401.25;2019-04-11 11:56:23.0;
40;401.15;2019-04-11 11:56:31.0;
40;401.25;2019-04-11 11:56:33.0;
40;401.15;2019-04-11 11:56:34.0;
40;401.25;2019-04-11 12:01:29.0;
40;401.35;2019-04-11 12:03:13.0;
40;401.25;2019-04-11 12:03:15.0;
40;401.35;2019-04-11 12:03:19.0;
40;401.25;2019-04-11 12:03:21.0;
40;401.35;2019-04-11 12:03:25.0;
40;401.25;2019-04-11 12:03:28.0;
40;401.35;2019-04-11 12:03:29.0;
40;401.25;2019-04-11 12:03:32.0;
40;401.35;2019-04-11 12:03:34.0;
40;401.25;2019-04-11 12:03:35.0;
40;401.35;2019-04-11 12:03:41.0;
40;401.25;2019-04-11 12:03:44.0;
40;401.2;2019-04-11 12:06:37.0;
40;401.25;2019-04-11 12:06:41.0;
40;401.2;2019-04-11 12:06:43.0;
40;401.25;2019-04-11 12:06:45.0;
40;401.2;2019-04-11 12:06:46.0;
40;401.25;2019-04-11 12:08:14.0;
40;401.2;2019-04-11 12:08:15.0;
40;401.25;2019-04-11 12:08:22.0;
40;401.35;2019-04-11 12:10:18.0;
40;401.25;2019-04-11 12:10:19.0;
40;401.35;2019-04-11 12:10:21.0;
40;401.25;2019-04-11 12:10:24.0;
40;401.35;2019-04-11 12:10:27.0;
40;401.25;2019-04-11 12:10:31.0;
40;401.35;2019-04-11 12:10:32.0;
40;401.25;2019-04-11 12:10:34.0;
40;401.35;2019-04-11 12:10:35.0;
40;401.25;2019-04-11 12:10:36.0;
40;401.35;2019-04-11 12:10:39.0;
40;401.25;2019-04-11 12:10:45.0;
40;401.35;2019-04-11 12:10:47.0;
40;401.25;2019-04-11 12:10:51.0;
40;401.35;2019-04-11 12:10:52.0;
40;401.25;2019-04-11 12:10:54.0;
40;401.35;2019-04-11 12:10:55.0;
40;401.25;2019-04-11 12:10:56.0;
40;401.4;2019-04-11 12:12:44.0;
40;401.25;2019-04-11 12:12:48.0;
40;401.4;2019-04-11 12:12:52.0;
40;401.25;2019-04-11 12:12:53.0;
40;401.4;2019-04-11 12:13:02.0;
40;401.25;2019-04-11 12:13:06.0;
40;401.35;2019-04-11 12:13:07.0;
40;401.4;2019-04-11 12:13:09.0;
40;401.35;2019-04-11 12:13:12.0;
40;401.4;2019-04-11 12:13:15.0;
40;401.35;2019-04-11 12:13:16.0;
40;401.4;2019-04-11 12:13:19.0;
40;401.35;2019-04-11 12:13:20.0;
40;401.4;2019-04-11 12:13:23.0;
40;401.35;2019-04-11 12:13:25.0;
40;401.4;2019-04-11 12:13:28.0;
40;401.35;2019-04-11 12:13:30.0;
40;401.4;2019-04-11 12:13:33.0;
40;401.35;2019-04-11 12:13:35.0;
40;401.4;2019-04-11 12:13:36.0;
40;401.35;2019-04-11 12:13:37.0;
40;401.4;2019-04-11 12:13:40.0;
40;401.35;2019-04-11 12:13:41.0;
40;401.4;2019-04-11 12:13:43.0;
40;401.35;2019-04-11 12:13:44.0;
40;401.25;2019-04-11 12:14:07.0;
40;401.35;2019-04-11 12:14:10.0;
40;401.25;2019-04-11 12:14:12.0;
40;401.35;2019-04-11 12:14:14.0;
40;401.25;2019-04-11 12:14:18.0;
40;401.3;2019-04-11 12:19:41.0;
40;401.15;2019-04-11 12:22:28.0;
40;401.3;2019-04-11 12:22:29.0;
40;401.15;2019-04-11 12:22:31.0;
40;401.25;2019-04-11 12:22:34.0;
40;401.15;2019-04-11 12:22:38.0;
40;401.25;2019-04-11 12:22:41.0;
40;401.15;2019-04-11 12:22:46.0;
40;401.25;2019-04-11 12:22:48.0;
40;401.15;2019-04-11 12:22:52.0;
40;401.25;2019-04-11 12:22:53.0;
40;401.3;2019-04-11 12:22:59.0;
40;401.25;2019-04-11 12:23:05.0;
40;401.3;2019-04-11 12:23:06.0;
40;401.25;2019-04-11 12:23:08.0;
40;401.3;2019-04-11 12:23:11.0;
40;401.2;2019-04-11 12:25:20.0;
40;401.3;2019-04-11 12:25:24.0;
40;401.2;2019-04-11 12:25:26.0;
40;401.3;2019-04-11 12:25:29.0;
40;401.2;2019-04-11 12:25:31.0;
40;401.3;2019-04-11 12:25:32.0;
40;401.2;2019-04-11 12:25:35.0;
40;401.3;2019-04-11 12:25:36.0;
40;401.2;2019-04-11 12:25:37.0;
40;401.3;2019-04-11 12:25:40.0;
40;401.2;2019-04-11 12:25:43.0;
40;401.3;2019-04-11 12:25:47.0;
40;401.2;2019-04-11 12:25:50.0;
40;401.3;2019-04-11 12:25:51.0;
40;401.15;2019-04-11 12:27:27.0;
40;401.3;2019-04-11 12:27:29.0;
40;401.15;2019-04-11 12:27:30.0;
40;401.3;2019-04-11 12:27:31.0;
40;401.15;2019-04-11 12:27:37.0;
40;401.2;2019-04-11 12:29:36.0;
40;401.15;2019-04-11 12:29:38.0;
40;401.2;2019-04-11 12:29:41.0;
40;401.15;2019-04-11 12:29:42.0;
40;401.2;2019-04-11 12:29:47.0;
40;401.3;2019-04-11 12:30:13.0;
40;401.2;2019-04-11 12:30:18.0;
40;401.3;2019-04-11 12:30:21.0;
40;401.35;2019-04-11 12:32:31.0;
40;401.3;2019-04-11 12:32:32.0;
40;401.35;2019-04-11 12:32:34.0;
40;401.3;2019-04-11 12:32:35.0;
40;401.35;2019-04-11 12:32:36.0;
40;401.25;2019-04-11 12:35:44.0;
40;401.35;2019-04-11 12:35:49.0;
40;401.25;2019-04-11 12:35:54.0;
40;401.35;2019-04-11 12:35:58.0;
40;401.25;2019-04-11 12:36:00.0;
40;401.35;2019-04-11 12:39:52.0;
40;401.25;2019-04-11 12:39:56.0;
40;401.35;2019-04-11 12:39:58.0;
40;401.25;2019-04-11 12:40:01.0;
40;401.35;2019-04-11 12:40:03.0;
40;401.3;2019-04-11 12:40:06.0;
40;401.35;2019-04-11 12:40:07.0;
40;401.3;2019-04-11 12:40:10.0;
40;401.35;2019-04-11 12:40:12.0;
40;401.3;2019-04-11 12:40:13.0;
40;401.35;2019-04-11 12:40:18.0;
40;401.3;2019-04-11 12:40:21.0;
40;401.35;2019-04-11 12:40:22.0;
40;401.3;2019-04-11 12:40:26.0;
40;401.35;2019-04-11 12:40:28.0;
40;401.3;2019-04-11 12:40:31.0;
40;401.35;2019-04-11 12:40:35.0;
40;401.3;2019-04-11 12:41:30.0;
40;401.35;2019-04-11 12:41:33.0;
40;401.3;2019-04-11 12:41:34.0;
40;401.35;2019-04-11 12:41:36.0;
40;401.3;2019-04-11 12:41:37.0;
40;401.35;2019-04-11 12:41:39.0;
40;401.3;2019-04-11 12:41:40.0;
40;401.25;2019-04-11 12:41:42.0;
40;401.3;2019-04-11 12:41:47.0;
40;401.25;2019-04-11 12:41:48.0;
40;401.3;2019-04-11 12:41:51.0;
40;401.25;2019-04-11 12:41:52.0;
40;401.3;2019-04-11 12:41:54.0;
40;401.25;2019-04-11 12:41:55.0;
40;401.3;2019-04-11 12:41:59.0;
40;401.25;2019-04-11 12:42:01.0;
40;401.4;2019-04-11 12:45:49.0;
40;401.25;2019-04-11 12:45:56.0;
40;401.4;2019-04-11 12:45:58.0;
40;401.25;2019-04-11 12:46:01.0;
40;401.4;2019-04-11 12:46:02.0;
40;401.25;2019-04-11 12:46:04.0;
40;401.4;2019-04-11 12:46:05.0;
40;401.35;2019-04-11 12:46:48.0;
40;401.4;2019-04-11 12:46:50.0;
40;401.35;2019-04-11 12:46:54.0;
40;401.4;2019-04-11 12:46:56.0;
40;401.45;2019-04-11 12:46:57.0;
40;401.35;2019-04-11 12:47:12.0;
40;401.45;2019-04-11 12:47:13.0;
40;401.35;2019-04-11 12:48:38.0;
40;401.45;2019-04-11 12:48:42.0;
40;401.35;2019-04-11 12:48:46.0;
40;401.45;2019-04-11 12:48:47.0;
40;401.35;2019-04-11 12:48:49.0;
40;401.45;2019-04-11 12:48:50.0;
40;401.35;2019-04-11 12:48:53.0;
40;401.45;2019-04-11 12:48:54.0;
40;401.35;2019-04-11 12:48:57.0;
40;401.45;2019-04-11 12:49:00.0;
40;401.35;2019-04-11 12:49:01.0;
40;401.5;2019-04-11 12:49:06.0;
40;401.35;2019-04-11 12:49:07.0;
40;401.5;2019-04-11 12:49:08.0;
40;401.45;2019-04-11 12:49:10.0;
40;401.5;2019-04-11 12:49:12.0;
40;401.45;2019-04-11 12:49:16.0;
40;401.5;2019-04-11 12:49:19.0;
40;401.55;2019-04-11 12:50:59.0;
40;401.5;2019-04-11 12:51:01.0;
40;401.55;2019-04-11 12:51:05.0;
40;401.5;2019-04-11 12:51:07.0;
40;401.55;2019-04-11 12:51:08.0;
40;401.5;2019-04-11 12:51:09.0;
40;401.6;2019-04-11 12:51:17.0;
40;401.5;2019-04-11 12:51:18.0;
40;401.6;2019-04-11 12:51:19.0;
40;401.5;2019-04-11 12:51:21.0;
40;401.55;2019-04-11 12:51:22.0;
40;401.5;2019-04-11 12:51:24.0;
40;401.55;2019-04-11 12:51:25.0;
40;401.6;2019-04-11 12:51:28.0;
40;401.55;2019-04-11 12:51:31.0;
40;401.6;2019-04-11 12:51:32.0;
40;401.55;2019-04-11 12:51:34.0;
40;401.6;2019-04-11 12:51:35.0;
40;401.55;2019-04-11 12:51:36.0;
40;401.6;2019-04-11 12:51:41.0;
40;401.55;2019-04-11 12:51:42.0;
40;401.6;2019-04-11 12:51:45.0;
40;401.55;2019-04-11 12:51:47.0;
40;401.6;2019-04-11 12:53:10.0;
40;401.55;2019-04-11 12:53:17.0;
40;401.6;2019-04-11 12:53:22.0;
40;401.55;2019-04-11 12:53:23.0;
40;401.6;2019-04-11 12:53:26.0;
40;401.55;2019-04-11 12:53:31.0;
40;401.6;2019-04-11 12:53:34.0;
40;401.55;2019-04-11 12:53:35.0;
40;401.6;2019-04-11 12:53:39.0;
40;401.55;2019-04-11 12:53:40.0;
40;401.45;2019-04-11 12:53:46.0;
40;401.5;2019-04-11 12:54:49.0;
40;401.45;2019-04-11 12:54:51.0;
40;401.55;2019-04-11 12:54:52.0;
40;401.45;2019-04-11 12:54:53.0;
40;401.5;2019-04-11 12:54:57.0;
40;401.55;2019-04-11 12:54:59.0;
40;401.5;2019-04-11 12:55:07.0;
40;401.55;2019-04-11 12:55:11.0;
40;401.5;2019-04-11 12:55:13.0;
40;401.55;2019-04-11 12:55:15.0;
40;401.5;2019-04-11 12:56:08.0;
40;401.55;2019-04-11 12:56:09.0;
40;401.5;2019-04-11 12:56:11.0;
40;401.55;2019-04-11 12:56:12.0;
40;401.5;2019-04-11 12:56:16.0;
40;401.55;2019-04-11 12:56:18.0;
40;401.5;2019-04-11 12:56:19.0;
40;401.55;2019-04-11 12:56:20.0;
40;401.5;2019-04-11 12:56:22.0;
40;401.55;2019-04-11 12:56:24.0;
40;401.5;2019-04-11 12:56:29.0;
40;401.55;2019-04-11 12:56:36.0;
40;401.6;2019-04-11 12:56:42.0;
40;401.55;2019-04-11 12:56:46.0;
40;401.6;2019-04-11 12:56:56.0;
40;401.55;2019-04-11 12:56:59.0;
40;401.45;2019-04-11 12:57:01.0;
40;401.6;2019-04-11 12:57:02.0;
40;401.45;2019-04-11 12:57:05.0;
40;401.6;2019-04-11 12:57:09.0;
40;401.45;2019-04-11 12:57:10.0;
40;401.55;2019-04-11 12:57:39.0;
40;401.45;2019-04-11 12:57:42.0;
40;401.55;2019-04-11 12:57:43.0;
40;401.45;2019-04-11 12:57:46.0;
40;401.55;2019-04-11 12:57:50.0;
40;401.45;2019-04-11 12:57:58.0;
40;401.55;2019-04-11 12:58:01.0;
40;401.6;2019-04-11 12:59:10.0;
40;401.55;2019-04-11 12:59:13.0;
40;401.65;2019-04-11 12:59:21.0;
40;401.55;2019-04-11 12:59:22.0;
40;401.6;2019-04-11 12:59:30.0;
40;401.65;2019-04-11 12:59:37.0;
40;401.6;2019-04-11 12:59:38.0;
40;401.65;2019-04-11 12:59:41.0;
40;401.6;2019-04-11 12:59:42.0;
40;401.65;2019-04-11 12:59:43.0;
40;401.6;2019-04-11 12:59:46.0;
40;401.65;2019-04-11 12:59:50.0;
40;401.6;2019-04-11 12:59:52.0;
40;401.7;2019-04-11 13:00:41.0;
40;401.6;2019-04-11 13:00:43.0;
40;401.7;2019-04-11 13:00:45.0;
40;401.6;2019-04-11 13:00:57.0;
40;401.7;2019-04-11 13:00:58.0;
40;401.55;2019-04-11 13:02:12.0;
40;401.7;2019-04-11 13:02:15.0;
40;401.55;2019-04-11 13:02:16.0;
40;401.7;2019-04-11 13:02:19.0;
40;401.55;2019-04-11 13:02:24.0;
40;401.6;2019-04-11 13:02:25.0;
40;401.55;2019-04-11 13:02:26.0;
40;401.6;2019-04-11 13:02:29.0;
40;401.55;2019-04-11 13:02:32.0;
40;401.6;2019-04-11 13:02:37.0;
40;401.55;2019-04-11 13:02:40.0;
40;401.65;2019-04-11 13:02:50.0;
40;401.7;2019-04-11 13:04:35.0;
40;401.65;2019-04-11 13:04:36.0;
40;401.75;2019-04-11 13:04:42.0;
40;401.7;2019-04-11 13:04:44.0;
40;401.75;2019-04-11 13:04:46.0;
40;401.65;2019-04-11 13:04:50.0;
40;401.7;2019-04-11 13:04:51.0;
40;401.75;2019-04-11 13:04:58.0;
40;401.7;2019-04-11 13:04:59.0;
40;401.75;2019-04-11 13:05:01.0;
40;401.7;2019-04-11 13:05:03.0;
40;401.75;2019-04-11 13:05:08.0;
40;401.7;2019-04-11 13:05:11.0;
40;401.8;2019-04-11 13:05:42.0;
40;401.7;2019-04-11 13:05:48.0;
40;401.8;2019-04-11 13:05:50.0;
40;401.7;2019-04-11 13:05:52.0;
40;401.8;2019-04-11 13:05:53.0;
40;401.75;2019-04-11 13:06:10.0;
40;401.8;2019-04-11 13:06:11.0;
40;401.75;2019-04-11 13:06:17.0;
40;401.8;2019-04-11 13:06:18.0;
40;401.75;2019-04-11 13:06:19.0;
40;401.8;2019-04-11 13:06:21.0;
40;401.75;2019-04-11 13:06:23.0;
40;401.7;2019-04-11 13:07:07.0;
40;401.75;2019-04-11 13:07:09.0;
40;401.7;2019-04-11 13:07:10.0;
40;401.75;2019-04-11 13:07:11.0;
40;401.7;2019-04-11 13:07:16.0;
40;401.75;2019-04-11 13:07:17.0;
40;401.7;2019-04-11 13:07:18.0;
40;401.65;2019-04-11 13:07:20.0;
40;401.7;2019-04-11 13:07:23.0;
40;401.65;2019-04-11 13:07:24.0;
40;401.7;2019-04-11 13:07:25.0;
40;401.65;2019-04-11 13:07:31.0;
40;401.55;2019-04-11 13:10:37.0;
40;401.65;2019-04-11 13:10:38.0;
40;401.55;2019-04-11 13:10:41.0;
40;401.65;2019-04-11 13:10:44.0;
40;401.55;2019-04-11 13:10:45.0;
40;401.65;2019-04-11 13:10:51.0;
40;401.55;2019-04-11 13:10:53.0;
40;401.65;2019-04-11 13:10:54.0;
40;401.55;2019-04-11 13:10:55.0;
40;401.45;2019-04-11 13:21:02.0;
40;401.55;2019-04-11 13:21:03.0;
40;401.45;2019-04-11 13:21:06.0;
40;401.55;2019-04-11 13:21:07.0;
40;401.45;2019-04-11 13:21:16.0;
40;401.55;2019-04-11 13:21:19.0;
40;401.5;2019-04-11 13:21:24.0;
40;401.55;2019-04-11 13:23:38.0;
40;401.5;2019-04-11 13:23:40.0;
40;401.55;2019-04-11 13:23:42.0;
40;401.5;2019-04-11 13:23:45.0;
40;401.6;2019-04-11 13:23:50.0;
40;401.55;2019-04-11 13:23:52.0;
40;401.6;2019-04-11 13:23:53.0;
40;401.55;2019-04-11 13:23:57.0;
40;401.6;2019-04-11 13:23:58.0;
40;401.55;2019-04-11 13:24:01.0;
40;401.6;2019-04-11 13:24:02.0;
40;401.55;2019-04-11 13:24:05.0;
40;401.6;2019-04-11 13:24:09.0;
40;401.55;2019-04-11 13:24:14.0;
40;401.6;2019-04-11 13:24:18.0;
40;401.55;2019-04-11 13:24:22.0;
40;401.45;2019-04-11 13:25:03.0;
40;401.55;2019-04-11 13:25:04.0;
40;401.45;2019-04-11 13:25:16.0;
40;401.55;2019-04-11 13:25:17.0;
40;401.45;2019-04-11 13:25:19.0;
40;401.5;2019-04-11 13:28:34.0;
40;401.45;2019-04-11 13:28:38.0;
40;401.5;2019-04-11 13:28:41.0;
40;401.45;2019-04-11 13:28:42.0;
40;401.5;2019-04-11 13:28:48.0;
40;401.4;2019-04-11 13:30:12.0;
40;401.5;2019-04-11 13:30:15.0;
40;401.4;2019-04-11 13:30:17.0;
40;401.45;2019-04-11 13:30:31.0;
40;401.4;2019-04-11 13:30:32.0;
40;401.45;2019-04-11 13:30:33.0;
40;401.4;2019-04-11 13:30:38.0;
40;401.5;2019-04-11 13:30:44.0;
40;401.4;2019-04-11 13:30:45.0;
40;401.45;2019-04-11 13:30:48.0;
40;401.5;2019-04-11 13:30:51.0;
40;401.45;2019-04-11 13:30:53.0;
40;401.5;2019-04-11 13:30:56.0;
40;401.35;2019-04-11 13:33:25.0;
40;401.4;2019-04-11 13:38:01.0;
40;401.35;2019-04-11 13:38:02.0;
40;401.4;2019-04-11 13:38:04.0;
40;401.35;2019-04-11 13:38:05.0;
40;401.4;2019-04-11 13:38:10.0;
40;401.5;2019-04-11 13:38:11.0;
40;401.35;2019-04-11 13:38:14.0;
40;401.5;2019-04-11 13:38:16.0;
40;401.4;2019-04-11 13:38:18.0;
40;401.5;2019-04-11 13:38:24.0;
40;401.4;2019-04-11 13:38:25.0;
40;401.5;2019-04-11 13:38:26.0;
40;401.4;2019-04-11 13:38:29.0;
40;401.5;2019-04-11 13:38:32.0;
40;401.4;2019-04-11 13:39:04.0;
40;401.5;2019-04-11 13:39:09.0;
40;401.4;2019-04-11 13:39:10.0;
40;401.5;2019-04-11 13:39:14.0;
40;401.4;2019-04-11 13:39:17.0;
40;401.35;2019-04-11 13:39:54.0;
40;401.4;2019-04-11 13:39:55.0;
40;401.35;2019-04-11 13:39:59.0;
40;401.4;2019-04-11 13:40:01.0;
40;401.35;2019-04-11 13:40:02.0;
40;401.4;2019-04-11 13:40:05.0;
40;401.35;2019-04-11 13:40:07.0;
40;401.25;2019-04-11 13:40:49.0;
40;401.35;2019-04-11 13:40:51.0;
40;401.25;2019-04-11 13:40:54.0;
40;401.35;2019-04-11 13:40:55.0;
40;401.25;2019-04-11 13:40:58.0;
40;401.35;2019-04-11 13:41:06.0;
40;401.25;2019-04-11 13:41:08.0;
40;401.3;2019-04-11 13:42:29.0;
40;401.25;2019-04-11 13:42:39.0;
40;401.3;2019-04-11 13:42:40.0;
40;401.35;2019-04-11 13:44:44.0;
40;401.4;2019-04-11 13:50:15.0;
40;401.35;2019-04-11 13:50:18.0;
40;401.4;2019-04-11 13:50:22.0;
40;401.35;2019-04-11 13:50:23.0;
40;401.45;2019-04-11 13:50:29.0;
40;401.4;2019-04-11 13:50:32.0;
40;401.45;2019-04-11 13:50:33.0;
40;401.4;2019-04-11 13:50:39.0;
40;401.45;2019-04-11 13:50:40.0;
40;401.4;2019-04-11 13:50:42.0;
40;401.45;2019-04-11 13:50:43.0;
40;401.5;2019-04-11 13:50:55.0;
40;401.45;2019-04-11 13:50:56.0;
40;401.5;2019-04-11 13:51:00.0;
40;401.45;2019-04-11 13:51:33.0;
40;401.5;2019-04-11 13:51:39.0;
40;401.45;2019-04-11 13:51:40.0;
40;401.5;2019-04-11 13:51:41.0;
40;401.45;2019-04-11 13:51:43.0;
40;401.5;2019-04-11 13:51:45.0;
40;401.45;2019-04-11 13:51:49.0;
40;401.5;2019-04-11 13:51:58.0;
40;401.45;2019-04-11 13:52:02.0;
40;401.35;2019-04-11 13:52:04.0;
40;401.45;2019-04-11 13:52:37.0;
40;401.35;2019-04-11 13:52:41.0;
40;401.45;2019-04-11 13:52:42.0;
40;401.35;2019-04-11 13:52:45.0;
40;401.45;2019-04-11 13:52:52.0;
40;401.5;2019-04-11 13:53:02.0;
40;401.45;2019-04-11 13:53:04.0;
40;401.5;2019-04-11 13:53:07.0;
40;401.45;2019-04-11 13:53:08.0;
40;401.5;2019-04-11 13:53:09.0;
40;401.45;2019-04-11 13:53:11.0;
40;401.5;2019-04-11 13:53:13.0;
40;401.45;2019-04-11 13:53:14.0;
40;401.5;2019-04-11 13:53:16.0;
40;401.45;2019-04-11 13:53:18.0;
40;401.5;2019-04-11 13:53:21.0;
40;401.45;2019-04-11 13:53:26.0;
40;401.5;2019-04-11 13:53:27.0;
40;401.45;2019-04-11 13:53:28.0;
40;401.5;2019-04-11 13:53:30.0;
40;401.45;2019-04-11 13:53:39.0;
40;401.5;2019-04-11 13:53:41.0;
40;401.4;2019-04-11 13:53:47.0;
40;401.5;2019-04-11 13:53:51.0;
40;401.4;2019-04-11 13:53:52.0;
40;401.5;2019-04-11 13:53:55.0;
40;401.4;2019-04-11 13:53:58.0;
40;401.35;2019-04-11 13:54:02.0;
40;401.5;2019-04-11 13:54:04.0;
40;401.4;2019-04-11 13:54:05.0;
40;401.35;2019-04-11 13:54:08.0;
40;401.4;2019-04-11 13:54:13.0;
40;401.35;2019-04-11 13:54:14.0;
40;401.3;2019-04-11 14:00:30.0;
40;401.35;2019-04-11 14:00:32.0;
40;401.3;2019-04-11 14:00:34.0;
40;401.35;2019-04-11 14:03:50.0;
40;401.25;2019-04-11 14:04:55.0;
40;401.35;2019-04-11 14:05:01.0;
40;401.25;2019-04-11 14:05:02.0;
40;401.2;2019-04-11 14:06:04.0;
40;401.25;2019-04-11 14:06:38.0;
40;401.4;2019-04-11 14:08:47.0;
40;401.25;2019-04-11 14:08:49.0;
40;401.35;2019-04-11 14:08:50.0;
40;401.4;2019-04-11 14:08:52.0;
40;401.35;2019-04-11 14:08:54.0;
40;401.4;2019-04-11 14:08:56.0;
40;401.35;2019-04-11 14:08:57.0;
40;401.4;2019-04-11 14:09:02.0;
40;401.35;2019-04-11 14:09:03.0;
40;401.4;2019-04-11 14:09:04.0;
40;401.35;2019-04-11 14:09:06.0;
40;401.4;2019-04-11 14:09:09.0;
40;401.35;2019-04-11 14:09:13.0;
40;401.4;2019-04-11 14:09:16.0;
40;401.25;2019-04-11 14:09:19.0;
40;401.35;2019-04-11 14:09:22.0;
40;401.25;2019-04-11 14:09:24.0;
40;401.35;2019-04-11 14:09:26.0;
40;401.25;2019-04-11 14:09:28.0;
40;401.15;2019-04-11 14:11:12.0;
40;401.25;2019-04-11 14:11:14.0;
40;401.15;2019-04-11 14:11:17.0;
40;401.25;2019-04-11 14:11:19.0;
40;401.15;2019-04-11 14:11:20.0;
40;401.25;2019-04-11 14:11:22.0;
40;401.15;2019-04-11 14:11:26.0;
40;401.1;2019-04-11 14:13:18.0;
40;401.05;2019-04-11 14:16:06.0;
40;401.1;2019-04-11 14:16:07.0;
40;401.05;2019-04-11 14:16:09.0;
40;401.1;2019-04-11 14:16:13.0;
40;401.05;2019-04-11 14:16:15.0;
40;401.1;2019-04-11 14:16:25.0;
40;401.05;2019-04-11 14:16:28.0;
40;401.1;2019-04-11 14:16:29.0;
40;401.05;2019-04-11 14:16:30.0;
40;401.1;2019-04-11 14:16:32.0;
40;401.05;2019-04-11 14:16:33.0;
40;401.1;2019-04-11 14:16:38.0;
40;401.05;2019-04-11 14:16:41.0;
40;401.1;2019-04-11 14:16:42.0;
40;401.2;2019-04-11 14:17:13.0;
40;401.1;2019-04-11 14:17:15.0;
40;401.2;2019-04-11 14:17:19.0;
40;401.1;2019-04-11 14:17:21.0;
40;401.15;2019-04-11 14:17:23.0;
40;401.2;2019-04-11 14:17:25.0;
40;401.15;2019-04-11 14:17:26.0;
40;401.1;2019-04-11 14:17:28.0;
40;401.15;2019-04-11 14:17:29.0;
40;401.2;2019-04-11 14:17:35.0;
40;401.15;2019-04-11 14:17:36.0;
40;401.2;2019-04-11 14:17:38.0;
40;401.15;2019-04-11 14:17:39.0;
40;401.2;2019-04-11 14:17:40.0;
40;401.15;2019-04-11 14:17:45.0;
40;401.05;2019-04-11 14:18:49.0;
40;401.15;2019-04-11 14:18:51.0;
40;401.05;2019-04-11 14:18:59.0;
40;401.15;2019-04-11 14:21:20.0;
40;401.05;2019-04-11 14:21:29.0;
40;401.15;2019-04-11 14:21:31.0;
40;401.2;2019-04-11 14:21:58.0;
40;401.15;2019-04-11 14:22:01.0;
40;401.2;2019-04-11 14:22:02.0;
40;401.1;2019-04-11 14:23:01.0;
40;401.2;2019-04-11 14:23:03.0;
40;401.1;2019-04-11 14:23:07.0;
40;401.2;2019-04-11 14:23:08.0;
40;401.1;2019-04-11 14:23:10.0;
40;401.2;2019-04-11 14:23:11.0;
40;401.1;2019-04-11 14:23:13.0;
40;401.2;2019-04-11 14:23:18.0;
40;401.1;2019-04-11 14:23:22.0;
40;401.2;2019-04-11 14:23:25.0;
40;401.1;2019-04-11 14:23:26.0;
40;401.15;2019-04-11 14:23:28.0;
40;401.1;2019-04-11 14:23:29.0;
40;401.2;2019-04-11 14:23:33.0;
40;401.15;2019-04-11 14:23:36.0;
40;401.2;2019-04-11 14:23:39.0;
40;401.15;2019-04-11 14:23:40.0;
40;401.2;2019-04-11 14:24:06.0;
40;401.15;2019-04-11 14:26:39.0;
40;401.2;2019-04-11 14:26:40.0;
40;401.15;2019-04-11 14:27:00.0;
40;401.2;2019-04-11 14:27:01.0;
40;401.15;2019-04-11 14:27:04.0;
40;401.2;2019-04-11 14:27:05.0;
40;401.05;2019-04-11 14:27:15.0;
40;401.2;2019-04-11 14:27:16.0;
40;401.05;2019-04-11 14:27:18.0;
40;401.2;2019-04-11 14:27:19.0;
40;401.05;2019-04-11 14:27:24.0;
40;401.2;2019-04-11 14:27:26.0;
40;401.05;2019-04-11 14:27:29.0;
40;401.2;2019-04-11 14:27:30.0;
40;401.05;2019-04-11 14:27:33.0;
40;400.95;2019-04-11 14:27:49.0;
40;401.05;2019-04-11 14:27:53.0;
40;400.95;2019-04-11 14:27:56.0;
40;401.05;2019-04-11 14:28:00.0;
40;400.95;2019-04-11 14:28:06.0;
40;401;2019-04-11 14:28:29.0;
40;400.95;2019-04-11 14:28:31.0;
40;401;2019-04-11 14:28:41.0;
40;401.05;2019-04-11 14:28:46.0;
40;401;2019-04-11 14:28:47.0;
40;401.05;2019-04-11 14:28:51.0;
40;401;2019-04-11 14:28:52.0;
40;401.05;2019-04-11 14:28:57.0;
40;401;2019-04-11 14:29:00.0;
40;401.05;2019-04-11 14:29:01.0;
40;401;2019-04-11 14:29:02.0;
40;401.05;2019-04-11 14:29:04.0;
40;401;2019-04-11 14:29:05.0;
40;401.05;2019-04-11 14:29:06.0;
40;400.95;2019-04-11 14:30:05.0;
40;401.05;2019-04-11 14:30:07.0;
40;400.95;2019-04-11 14:30:08.0;
40;400.85;2019-04-11 14:31:18.0;
40;401;2019-04-11 14:31:51.0;
40;401.05;2019-04-11 14:32:30.0;
40;401;2019-04-11 14:32:31.0;
40;401.05;2019-04-11 14:32:32.0;
40;401.1;2019-04-11 14:32:36.0;
40;401;2019-04-11 14:32:37.0;
40;401.1;2019-04-11 14:32:39.0;
40;401.05;2019-04-11 14:32:40.0;
40;401.1;2019-04-11 14:32:44.0;
40;401.05;2019-04-11 14:32:46.0;
40;401.1;2019-04-11 14:32:51.0;
40;401.05;2019-04-11 14:32:56.0;
40;401.1;2019-04-11 14:32:57.0;
40;401.2;2019-04-11 14:33:08.0;
40;401.15;2019-04-11 14:33:09.0;
40;401.2;2019-04-11 14:33:10.0;
40;401.15;2019-04-11 14:33:12.0;
40;401.1;2019-04-11 14:33:14.0;
40;401.15;2019-04-11 14:33:16.0;
40;401.2;2019-04-11 14:33:17.0;
40;401.15;2019-04-11 14:33:23.0;
40;401.1;2019-04-11 14:33:24.0;
40;401.2;2019-04-11 14:33:26.0;
40;401.15;2019-04-11 14:33:27.0;
40;401.05;2019-04-11 14:33:28.0;
40;401.2;2019-04-11 14:33:31.0;
40;401.05;2019-04-11 14:33:32.0;
40;401.15;2019-04-11 14:33:34.0;
40;401.2;2019-04-11 14:33:36.0;
40;401.15;2019-04-11 14:33:37.0;
40;401.05;2019-04-11 14:33:38.0;
40;401.15;2019-04-11 14:34:52.0;
40;401.05;2019-04-11 14:34:53.0;
40;401.15;2019-04-11 14:34:57.0;
40;401.05;2019-04-11 14:34:59.0;
40;401.2;2019-04-11 14:35:11.0;
40;401.05;2019-04-11 14:35:14.0;
40;401.15;2019-04-11 14:35:17.0;
40;401.05;2019-04-11 14:35:18.0;
40;401.2;2019-04-11 14:35:20.0;
40;401.15;2019-04-11 14:35:22.0;
40;401.2;2019-04-11 14:35:23.0;
40;401.15;2019-04-11 14:36:15.0;
40;401.2;2019-04-11 14:36:16.0;
40;401.15;2019-04-11 14:36:18.0;
40;401.2;2019-04-11 14:36:22.0;
40;401.15;2019-04-11 14:36:24.0;
40;401.2;2019-04-11 14:36:25.0;
40;401.15;2019-04-11 14:36:28.0;
40;401.1;2019-04-11 14:36:46.0;
40;401.15;2019-04-11 14:36:48.0;
40;401.1;2019-04-11 14:36:49.0;
40;401.15;2019-04-11 14:36:50.0;
40;401.1;2019-04-11 14:36:52.0;
40;401.15;2019-04-11 14:36:54.0;
40;401.1;2019-04-11 14:36:55.0;
40;401.15;2019-04-11 14:36:58.0;
40;401.1;2019-04-11 14:37:00.0;
40;401.15;2019-04-11 14:37:40.0;
40;401.1;2019-04-11 14:37:44.0;
40;401.15;2019-04-11 14:37:47.0;
40;401.1;2019-04-11 14:37:48.0;
40;401.15;2019-04-11 14:37:50.0;
40;401.2;2019-04-11 14:38:48.0;
40;401.15;2019-04-11 14:38:51.0;
40;401.2;2019-04-11 14:38:53.0;
40;401.1;2019-04-11 14:39:32.0;
40;401.2;2019-04-11 14:39:33.0;
40;401.1;2019-04-11 14:39:39.0;
40;401.2;2019-04-11 14:39:41.0;
40;401.1;2019-04-11 14:39:45.0;
40;401.2;2019-04-11 14:39:49.0;
40;401.1;2019-04-11 14:39:52.0;
40;401.2;2019-04-11 14:39:53.0;
40;401.1;2019-04-11 14:39:57.0;
40;401;2019-04-11 14:41:07.0;
40;400.9;2019-04-11 14:42:47.0;
40;401;2019-04-11 14:46:07.0;
40;400.9;2019-04-11 14:46:08.0;
40;401;2019-04-11 14:46:10.0;
40;400.9;2019-04-11 14:46:13.0;
40;401;2019-04-11 14:46:14.0;
40;400.9;2019-04-11 14:46:15.0;
40;401;2019-04-11 14:46:17.0;
40;400.9;2019-04-11 14:46:21.0;
40;401;2019-04-11 14:46:22.0;
40;400.9;2019-04-11 14:46:27.0;
40;401;2019-04-11 14:46:33.0;
40;400.95;2019-04-11 14:46:35.0;
40;401.1;2019-04-11 14:47:15.0;
40;400.95;2019-04-11 14:47:18.0;
40;401.1;2019-04-11 14:47:22.0;
40;400.95;2019-04-11 14:47:28.0;
40;401.1;2019-04-11 14:47:40.0;
40;400.95;2019-04-11 14:49:43.0;
40;401.1;2019-04-11 14:49:44.0;
40;400.95;2019-04-11 14:49:46.0;
40;401.05;2019-04-11 14:50:26.0;
40;400.95;2019-04-11 14:50:27.0;
40;401.05;2019-04-11 14:50:29.0;
40;400.95;2019-04-11 14:50:34.0;
40;401.05;2019-04-11 14:50:38.0;
40;400.95;2019-04-11 14:50:46.0;
40;401.05;2019-04-11 14:50:48.0;
40;400.95;2019-04-11 14:52:37.0;
40;401.05;2019-04-11 14:52:39.0;
40;400.95;2019-04-11 14:52:43.0;
40;401.05;2019-04-11 14:52:48.0;
40;400.95;2019-04-11 14:52:49.0;
40;401.05;2019-04-11 14:52:55.0;
40;400.95;2019-04-11 14:52:56.0;
40;400.85;2019-04-11 14:58:33.0;
40;400.95;2019-04-11 14:58:37.0;
40;400.85;2019-04-11 14:58:39.0;
40;400.95;2019-04-11 14:58:42.0;
40;400.85;2019-04-11 14:58:43.0;
40;400.95;2019-04-11 14:58:45.0;
40;400.85;2019-04-11 14:58:46.0;
40;400.9;2019-04-11 14:58:52.0;
40;400.85;2019-04-11 14:58:56.0;
40;400.9;2019-04-11 14:59:01.0;
40;400.85;2019-04-11 14:59:09.0;
40;400.9;2019-04-11 14:59:11.0;
40;400.85;2019-04-11 15:00:13.0;
40;400.9;2019-04-11 15:00:16.0;
40;400.85;2019-04-11 15:00:21.0;
40;400.9;2019-04-11 15:00:23.0;
40;400.85;2019-04-11 15:00:25.0;
40;400.95;2019-04-11 15:00:45.0;
40;400.85;2019-04-11 15:00:47.0;
40;400.95;2019-04-11 15:00:50.0;
40;400.85;2019-04-11 15:00:51.0;
40;400.95;2019-04-11 15:00:55.0;
40;401.05;2019-04-11 15:02:32.0;
40;400.95;2019-04-11 15:02:33.0;
40;401.05;2019-04-11 15:02:37.0;
40;400.95;2019-04-11 15:02:49.0;
40;401.05;2019-04-11 15:02:52.0;
40;401.15;2019-04-11 15:03:19.0;
40;401.05;2019-04-11 15:03:20.0;
40;401.15;2019-04-11 15:03:25.0;
40;401.05;2019-04-11 15:03:29.0;
40;401.15;2019-04-11 15:03:31.0;
40;401.05;2019-04-11 15:03:34.0;
40;401.15;2019-04-11 15:03:35.0;
40;401.25;2019-04-11 15:06:07.0;
40;401.15;2019-04-11 15:06:08.0;
40;401.25;2019-04-11 15:06:11.0;
40;401.15;2019-04-11 15:06:13.0;
40;401.25;2019-04-11 15:06:17.0;
40;401.15;2019-04-11 15:06:52.0;
40;401.3;2019-04-11 15:07:27.0;
40;401.15;2019-04-11 15:08:01.0;
40;401.1;2019-04-11 15:10:44.0;
40;401.15;2019-04-11 15:10:47.0;
40;401.1;2019-04-11 15:10:48.0;
40;401.15;2019-04-11 15:10:50.0;
40;401.1;2019-04-11 15:10:52.0;
40;401.15;2019-04-11 15:11:18.0;
40;401.05;2019-04-11 15:11:28.0;
40;401.15;2019-04-11 15:11:31.0;
40;401.05;2019-04-11 15:11:36.0;
40;401.15;2019-04-11 15:11:37.0;
40;401.05;2019-04-11 15:11:40.0;
40;401.15;2019-04-11 15:11:41.0;
40;401.05;2019-04-11 15:11:44.0;
40;401.15;2019-04-11 15:11:46.0;
40;401.05;2019-04-11 15:11:49.0;
40;401.15;2019-04-11 15:12:30.0;
40;401.05;2019-04-11 15:12:32.0;
40;401.15;2019-04-11 15:12:36.0;
40;401.2;2019-04-11 15:12:39.0;
40;401.15;2019-04-11 15:12:40.0;
40;401.2;2019-04-11 15:12:42.0;
40;401.15;2019-04-11 15:12:43.0;
40;401.05;2019-04-11 15:12:44.0;
40;401.2;2019-04-11 15:12:49.0;
40;401.05;2019-04-11 15:12:56.0;
40;401.15;2019-04-11 15:12:58.0;
40;401.05;2019-04-11 15:12:59.0;
40;401.15;2019-04-11 15:13:00.0;
40;401.05;2019-04-11 15:13:02.0;
40;401.2;2019-04-11 15:13:04.0;
40;401.05;2019-04-11 15:13:05.0;
40;401.2;2019-04-11 15:13:07.0;
40;401.05;2019-04-11 15:13:08.0;
40;401.1;2019-04-11 15:13:20.0;
40;401.05;2019-04-11 15:13:21.0;
40;401.1;2019-04-11 15:13:27.0;
40;401.05;2019-04-11 15:13:28.0;
40;401.1;2019-04-11 15:13:29.0;
40;400.95;2019-04-11 15:15:03.0;
40;401.1;2019-04-11 15:15:05.0;
40;400.95;2019-04-11 15:15:09.0;
40;401.1;2019-04-11 15:15:13.0;
40;400.95;2019-04-11 15:15:25.0;
40;401.1;2019-04-11 15:15:28.0;
40;400.95;2019-04-11 15:15:30.0;
40;401.1;2019-04-11 15:15:33.0;
40;401.15;2019-04-11 15:20:33.0;
40;401.1;2019-04-11 15:20:41.0;
40;401.15;2019-04-11 15:20:42.0;
40;401.1;2019-04-11 15:20:49.0;
40;401.15;2019-04-11 15:20:50.0;
40;401.2;2019-04-11 15:21:52.0;
40;401.15;2019-04-11 15:21:53.0;
40;401.2;2019-04-11 15:22:01.0;
40;401.15;2019-04-11 15:22:02.0;
40;401.2;2019-04-11 15:22:05.0;
40;401.25;2019-04-11 15:22:09.0;
40;401.2;2019-04-11 15:22:11.0;
40;401.25;2019-04-11 15:22:12.0;
40;401.2;2019-04-11 15:22:15.0;
40;401.25;2019-04-11 15:22:18.0;
40;401.2;2019-04-11 15:22:21.0;
40;401.25;2019-04-11 15:22:26.0;
40;401.2;2019-04-11 15:22:37.0;
40;401.25;2019-04-11 15:22:39.0;
40;401.2;2019-04-11 15:22:42.0;
40;401.25;2019-04-11 15:22:43.0;
40;401.2;2019-04-11 15:22:44.0;
40;401.15;2019-04-11 15:22:46.0;
40;401.25;2019-04-11 15:22:50.0;
40;401.15;2019-04-11 15:22:53.0;
40;401.2;2019-04-11 15:22:57.0;
40;401.15;2019-04-11 15:23:00.0;
40;401.2;2019-04-11 15:23:02.0;
40;401.15;2019-04-11 15:23:05.0;
40;401.2;2019-04-11 15:23:06.0;
40;401.15;2019-04-11 15:23:08.0;
40;401.2;2019-04-11 15:23:11.0;
40;401.15;2019-04-11 15:23:12.0;
40;401.2;2019-04-11 15:23:17.0;
40;401.15;2019-04-11 15:23:41.0;
40;401.2;2019-04-11 15:23:44.0;
40;401.15;2019-04-11 15:23:45.0;
40;401.05;2019-04-11 15:23:47.0;
40;401.2;2019-04-11 15:23:48.0;
40;401.15;2019-04-11 15:23:50.0;
40;401.05;2019-04-11 15:23:54.0;
40;401.15;2019-04-11 15:23:56.0;
40;401.05;2019-04-11 15:23:57.0;
40;401.15;2019-04-11 15:24:04.0;
40;401.05;2019-04-11 15:24:05.0;
40;401.15;2019-04-11 15:24:07.0;
40;401.05;2019-04-11 15:24:08.0;
40;400.95;2019-04-11 15:25:04.0;
40;401.05;2019-04-11 15:25:06.0;
40;400.95;2019-04-11 15:25:11.0;
40;401.05;2019-04-11 15:25:13.0;
40;400.95;2019-04-11 15:25:20.0;
40;401.05;2019-04-11 15:25:23.0;
40;400.95;2019-04-11 15:25:26.0;
40;401.05;2019-04-11 15:25:28.0;
40;400.95;2019-04-11 15:25:31.0;
40;401.05;2019-04-11 15:25:32.0;
40;400.95;2019-04-11 15:25:34.0;
40;401.05;2019-04-11 15:25:35.0;
40;401.1;2019-04-11 15:25:46.0;
40;401.05;2019-04-11 15:25:48.0;
40;401.1;2019-04-11 15:25:54.0;
40;401.05;2019-04-11 15:25:56.0;
40;401.1;2019-04-11 15:25:57.0;
40;401.05;2019-04-11 15:25:58.0;
40;401.1;2019-04-11 15:26:03.0;
40;401.05;2019-04-11 15:26:04.0;
40;401.1;2019-04-11 15:26:05.0;
40;401.05;2019-04-11 15:26:07.0;
40;401.1;2019-04-11 15:26:10.0;
40;401.15;2019-04-11 15:26:14.0;
40;401.1;2019-04-11 15:28:08.0;
40;401.15;2019-04-11 15:28:09.0;
40;401.1;2019-04-11 15:28:15.0;
40;401.15;2019-04-11 15:28:17.0;
40;401.1;2019-04-11 15:28:18.0;
40;401.15;2019-04-11 15:28:21.0;
40;401.05;2019-04-11 15:28:25.0;
40;401.1;2019-04-11 15:28:27.0;
40;401.05;2019-04-11 15:28:30.0;
40;401.15;2019-04-11 15:29:12.0;
40;401.05;2019-04-11 15:29:13.0;
40;401.15;2019-04-11 15:29:22.0;
40;401.05;2019-04-11 15:29:23.0;
40;401.15;2019-04-11 15:29:25.0;
40;401.05;2019-04-11 15:29:26.0;
40;401.15;2019-04-11 15:29:27.0;
40;401.05;2019-04-11 15:29:29.0;
40;401.15;2019-04-11 15:29:31.0;
40;401.05;2019-04-11 15:29:32.0;
40;401.15;2019-04-11 15:29:35.0;
40;401.05;2019-04-11 15:30:49.0;
40;401.15;2019-04-11 15:30:51.0;
40;401.05;2019-04-11 15:30:54.0;
40;401.2;2019-04-11 15:31:00.0;
40;401.15;2019-04-11 15:31:01.0;
40;401.2;2019-04-11 15:31:04.0;
40;401.15;2019-04-11 15:31:06.0;
40;401.05;2019-04-11 15:31:09.0;
40;401.15;2019-04-11 15:31:13.0;
40;401.05;2019-04-11 15:31:19.0;
40;401.15;2019-04-11 15:31:20.0;
40;401.2;2019-04-11 15:31:24.0;
40;401.15;2019-04-11 15:31:25.0;
40;401.2;2019-04-11 15:31:27.0;
40;401.15;2019-04-11 15:31:29.0;
40;401.2;2019-04-11 15:31:30.0;
40;401.15;2019-04-11 15:31:31.0;
40;401.05;2019-04-11 15:31:43.0;
40;401.2;2019-04-11 15:31:46.0;
40;401.15;2019-04-11 15:31:48.0;
40;401.05;2019-04-11 15:31:50.0;
40;401.2;2019-04-11 15:31:59.0;
40;401.05;2019-04-11 15:32:00.0;
40;401.15;2019-04-11 15:32:46.0;
40;401.05;2019-04-11 15:32:47.0;
40;401.15;2019-04-11 15:32:56.0;
40;401.05;2019-04-11 15:32:58.0;
40;401.15;2019-04-11 15:33:02.0;
40;401.1;2019-04-11 15:33:06.0;
40;401.15;2019-04-11 15:33:16.0;
40;401.1;2019-04-11 15:33:18.0;
40;401.05;2019-04-11 15:34:03.0;
40;401.1;2019-04-11 15:34:05.0;
40;401.05;2019-04-11 15:34:10.0;
40;400.95;2019-04-11 15:34:12.0;
40;401.05;2019-04-11 15:34:19.0;
40;400.95;2019-04-11 15:34:20.0;
40;401.05;2019-04-11 15:34:22.0;
40;400.95;2019-04-11 15:34:26.0;
40;401.05;2019-04-11 15:34:27.0;
40;400.95;2019-04-11 15:34:29.0;
40;401.05;2019-04-11 15:34:31.0;
40;400.95;2019-04-11 15:34:35.0;
40;401.05;2019-04-11 15:35:13.0;
40;400.95;2019-04-11 15:35:14.0;
40;401.05;2019-04-11 15:35:15.0;
40;400.95;2019-04-11 15:35:18.0;
40;401.05;2019-04-11 15:35:20.0;
40;401;2019-04-11 15:35:22.0;
40;401.05;2019-04-11 15:35:27.0;
40;401;2019-04-11 15:35:30.0;
40;401.05;2019-04-11 15:35:39.0;
40;401;2019-04-11 15:35:41.0;
40;400.9;2019-04-11 15:35:51.0;
40;400.75;2019-04-11 15:36:53.0;
40;400.7;2019-04-11 15:36:55.0;
40;400.75;2019-04-11 15:37:00.0;
40;400.7;2019-04-11 15:37:03.0;
40;400.75;2019-04-11 15:37:04.0;
40;400.7;2019-04-11 15:37:07.0;
40;400.75;2019-04-11 15:37:11.0;
40;400.7;2019-04-11 15:37:13.0;
40;400.75;2019-04-11 15:37:18.0;
40;400.7;2019-04-11 15:37:21.0;
40;400.65;2019-04-11 15:38:05.0;
40;400.7;2019-04-11 15:38:07.0;
40;400.65;2019-04-11 15:38:10.0;
40;400.7;2019-04-11 15:38:11.0;
40;400.65;2019-04-11 15:38:12.0;
40;400.7;2019-04-11 15:38:14.0;
40;400.65;2019-04-11 15:38:17.0;
40;400.7;2019-04-11 15:38:20.0;
40;400.65;2019-04-11 15:38:25.0;
40;400.7;2019-04-11 15:38:38.0;
40;400.65;2019-04-11 15:38:43.0;
40;400.7;2019-04-11 15:38:44.0;
40;400.65;2019-04-11 15:38:49.0;
40;400.7;2019-04-11 15:38:50.0;
40;400.65;2019-04-11 15:38:53.0;
40;400.7;2019-04-11 15:38:56.0;
40;400.6;2019-04-11 15:38:57.0;
40;400.7;2019-04-11 15:38:58.0;
40;400.6;2019-04-11 15:39:02.0;
40;400.7;2019-04-11 15:39:05.0;
40;400.6;2019-04-11 15:39:06.0;
40;400.7;2019-04-11 15:39:07.0;
40;400.6;2019-04-11 15:39:09.0;
40;400.7;2019-04-11 15:39:10.0;
40;400.6;2019-04-11 15:39:12.0;
40;400.7;2019-04-11 15:39:13.0;
40;400.6;2019-04-11 15:39:15.0;
40;400.45;2019-04-11 15:39:21.0;
40;400.6;2019-04-11 15:39:24.0;
40;400.45;2019-04-11 15:39:25.0;
40;400.6;2019-04-11 15:39:26.0;
40;400.45;2019-04-11 15:39:29.0;
40;400.6;2019-04-11 15:39:35.0;
40;400.45;2019-04-11 15:39:37.0;
40;400.5;2019-04-11 15:39:53.0;
40;400.45;2019-04-11 15:39:56.0;
40;400.5;2019-04-11 15:40:01.0;
40;400.45;2019-04-11 15:40:04.0;
40;400.5;2019-04-11 15:40:06.0;
40;400.45;2019-04-11 15:40:09.0;
40;400.5;2019-04-11 15:40:12.0;
40;400.4;2019-04-11 15:40:37.0;
40;400.5;2019-04-11 15:40:38.0;
40;400.4;2019-04-11 15:40:41.0;
40;400.5;2019-04-11 15:40:45.0;
40;400.45;2019-04-11 15:40:46.0;
40;400.5;2019-04-11 15:40:49.0;
40;400.45;2019-04-11 15:40:51.0;
40;400.4;2019-04-11 15:40:53.0;
40;400.45;2019-04-11 15:40:54.0;
40;400.4;2019-04-11 15:40:59.0;
40;400.45;2019-04-11 15:41:00.0;
40;400.4;2019-04-11 15:41:05.0;
40;400.45;2019-04-11 15:41:06.0;
40;400.6;2019-04-11 15:41:18.0;
40;400.45;2019-04-11 15:41:24.0;
40;400.6;2019-04-11 15:41:28.0;
40;400.45;2019-04-11 15:41:30.0;
40;400.6;2019-04-11 15:41:33.0;
40;400.45;2019-04-11 15:41:34.0;
40;400.7;2019-04-11 15:41:36.0;
40;400.6;2019-04-11 15:41:38.0;
40;400.7;2019-04-11 15:41:39.0;
40;400.6;2019-04-11 15:41:42.0;
40;400.7;2019-04-11 15:41:45.0;
40;400.6;2019-04-11 15:41:48.0;
40;400.7;2019-04-11 15:41:49.0;
40;400.8;2019-04-11 15:42:53.0;
40;400.7;2019-04-11 15:42:55.0;
40;400.8;2019-04-11 15:42:57.0;
40;400.7;2019-04-11 15:42:59.0;
40;400.8;2019-04-11 15:43:01.0;
40;400.7;2019-04-11 15:43:02.0;
40;400.8;2019-04-11 15:43:04.0;
40;400.7;2019-04-11 15:43:06.0;
40;400.75;2019-04-11 15:43:12.0;
40;400.7;2019-04-11 15:43:13.0;
40;400.75;2019-04-11 15:43:15.0;
40;400.8;2019-04-11 15:43:17.0;
40;400.75;2019-04-11 15:43:20.0;
40;400.9;2019-04-11 15:43:24.0;
40;400.75;2019-04-11 15:43:26.0;
40;400.9;2019-04-11 15:43:34.0;
40;400.75;2019-04-11 15:43:39.0;
40;400.9;2019-04-11 15:43:41.0;
40;400.8;2019-04-11 15:43:43.0;
40;400.9;2019-04-11 15:43:44.0;
40;400.8;2019-04-11 15:43:45.0;
40;400.9;2019-04-11 15:43:47.0;
40;400.8;2019-04-11 15:43:51.0;
40;400.85;2019-04-11 15:44:14.0;
40;400.8;2019-04-11 15:44:17.0;
40;400.85;2019-04-11 15:44:20.0;
40;400.8;2019-04-11 15:44:22.0;
40;400.85;2019-04-11 15:44:23.0;
40;400.8;2019-04-11 15:44:24.0;
40;400.85;2019-04-11 15:44:31.0;
40;400.8;2019-04-11 15:44:33.0;
40;400.85;2019-04-11 15:44:34.0;
40;400.8;2019-04-11 15:44:36.0;
40;400.85;2019-04-11 15:44:39.0;
40;400.8;2019-04-11 15:44:40.0;
40;400.85;2019-04-11 15:44:42.0;
40;400.8;2019-04-11 15:44:43.0;
40;400.7;2019-04-11 15:44:47.0;
40;400.8;2019-04-11 15:44:50.0;
40;400.7;2019-04-11 15:44:54.0;
40;400.8;2019-04-11 15:44:55.0;
40;400.7;2019-04-11 15:44:58.0;
40;400.8;2019-04-11 15:44:59.0;
40;400.7;2019-04-11 15:45:01.0;
40;400.8;2019-04-11 15:45:04.0;
40;400.7;2019-04-11 15:45:06.0;
40;400.8;2019-04-11 15:45:07.0;
40;400.7;2019-04-11 15:45:08.0;
40;400.65;2019-04-11 15:45:10.0;
40;400.7;2019-04-11 15:45:12.0;
40;400.8;2019-04-11 15:45:18.0;
40;400.65;2019-04-11 15:45:23.0;
40;400.55;2019-04-11 15:45:26.0;
40;400.65;2019-04-11 15:45:28.0;
40;400.55;2019-04-11 15:45:31.0;
40;400.65;2019-04-11 15:45:34.0;
40;400.8;2019-04-11 15:45:36.0;
40;400.65;2019-04-11 15:45:39.0;
40;400.55;2019-04-11 15:45:41.0;
40;400.65;2019-04-11 15:45:42.0;
40;400.55;2019-04-11 15:45:45.0;
40;400.65;2019-04-11 15:45:47.0;
40;400.55;2019-04-11 15:45:48.0;
40;400.65;2019-04-11 15:45:50.0;
40;400.55;2019-04-11 15:46:06.0;
40;400.65;2019-04-11 15:46:09.0;
40;400.55;2019-04-11 15:46:11.0;
40;400.65;2019-04-11 15:46:17.0;
40;400.55;2019-04-11 15:46:19.0;
40;400.65;2019-04-11 15:46:23.0;
40;400.55;2019-04-11 15:46:25.0;
40;400.65;2019-04-11 15:46:26.0;
40;400.55;2019-04-11 15:46:28.0;
40;400.65;2019-04-11 15:46:37.0;
40;400.55;2019-04-11 15:46:40.0;
40;400.65;2019-04-11 15:46:42.0;
40;400.55;2019-04-11 15:46:43.0;
40;400.65;2019-04-11 15:46:45.0;
40;400.8;2019-04-11 15:47:12.0;
40;400.65;2019-04-11 15:47:13.0;
40;400.8;2019-04-11 15:47:17.0;
40;400.7;2019-04-11 15:47:20.0;
40;400.8;2019-04-11 15:47:23.0;
40;400.7;2019-04-11 15:47:26.0;
40;400.8;2019-04-11 15:47:29.0;
40;400.7;2019-04-11 15:47:35.0;
40;400.8;2019-04-11 15:47:38.0;
40;400.7;2019-04-11 15:47:43.0;
40;400.8;2019-04-11 15:47:44.0;
40;400.65;2019-04-11 15:47:48.0;
40;400.75;2019-04-11 15:48:22.0;
40;400.65;2019-04-11 15:48:24.0;
40;400.75;2019-04-11 15:48:26.0;
40;400.85;2019-04-11 15:48:29.0;
40;400.75;2019-04-11 15:48:38.0;
40;400.85;2019-04-11 15:48:40.0;
40;400.75;2019-04-11 15:48:41.0;
40;400.85;2019-04-11 15:48:43.0;
40;400.75;2019-04-11 15:48:50.0;
40;400.85;2019-04-11 15:48:51.0;
40;401;2019-04-11 15:50:41.0;
40;400.9;2019-04-11 15:51:12.0;
40;401;2019-04-11 15:51:13.0;
40;400.9;2019-04-11 15:51:15.0;
40;400.8;2019-04-11 15:51:20.0;
40;400.9;2019-04-11 15:51:22.0;
40;400.8;2019-04-11 15:51:24.0;
40;400.9;2019-04-11 15:51:28.0;
40;400.8;2019-04-11 15:51:29.0;
40;400.9;2019-04-11 15:51:31.0;
40;400.8;2019-04-11 15:51:37.0;
40;400.9;2019-04-11 15:51:38.0;
40;400.8;2019-04-11 15:51:39.0;
40;400.85;2019-04-11 15:51:46.0;
40;400.8;2019-04-11 15:51:48.0;
40;400.85;2019-04-11 15:51:54.0;
40;400.8;2019-04-11 15:51:57.0;
40;400.85;2019-04-11 15:52:08.0;
40;400.8;2019-04-11 15:52:11.0;
40;400.85;2019-04-11 15:52:13.0;
40;400.8;2019-04-11 15:52:14.0;
40;400.75;2019-04-11 15:52:17.0;
40;400.8;2019-04-11 15:52:19.0;
40;400.75;2019-04-11 15:52:23.0;
40;400.8;2019-04-11 15:52:25.0;
40;400.75;2019-04-11 15:52:28.0;
40;400.7;2019-04-11 15:52:45.0;
40;400.75;2019-04-11 15:52:47.0;
40;400.7;2019-04-11 15:52:49.0;
40;400.75;2019-04-11 15:52:50.0;
40;400.7;2019-04-11 15:52:52.0;
40;400.75;2019-04-11 15:52:57.0;
40;400.55;2019-04-11 15:52:59.0;
40;400.7;2019-04-11 15:53:00.0;
40;400.55;2019-04-11 15:53:02.0;
40;400.7;2019-04-11 15:53:05.0;
40;400.55;2019-04-11 15:53:09.0;
40;400.7;2019-04-11 15:53:10.0;
40;400.55;2019-04-11 15:53:12.0;
40;400.7;2019-04-11 15:53:13.0;
40;400.55;2019-04-11 15:53:15.0;
40;400.6;2019-04-11 15:53:16.0;
40;400.7;2019-04-11 15:53:20.0;
40;400.6;2019-04-11 15:53:21.0;
40;400.55;2019-04-11 15:53:25.0;
40;400.6;2019-04-11 15:53:27.0;
40;400.65;2019-04-11 15:54:05.0;
40;400.6;2019-04-11 15:54:06.0;
40;400.7;2019-04-11 15:54:07.0;
40;400.6;2019-04-11 15:54:09.0;
40;400.65;2019-04-11 15:54:12.0;
40;400.7;2019-04-11 15:54:18.0;
40;400.65;2019-04-11 15:54:20.0;
40;400.7;2019-04-11 15:54:21.0;
40;400.65;2019-04-11 15:54:23.0;
40;400.7;2019-04-11 15:54:26.0;
40;400.65;2019-04-11 15:54:29.0;
40;400.7;2019-04-11 15:54:30.0;
40;400.5;2019-04-11 15:54:36.0;
40;400.7;2019-04-11 15:54:37.0;
40;400.5;2019-04-11 15:54:39.0;
40;400.7;2019-04-11 15:54:40.0;
40;400.5;2019-04-11 15:54:41.0;
40;400.7;2019-04-11 15:54:46.0;
40;400.5;2019-04-11 15:54:49.0;
40;400.7;2019-04-11 15:54:54.0;
40;400.5;2019-04-11 15:54:56.0;
40;400.4;2019-04-11 15:55:08.0;
40;400.5;2019-04-11 15:55:09.0;
40;400.4;2019-04-11 15:55:11.0;
40;400.5;2019-04-11 15:55:12.0;
40;400.4;2019-04-11 15:55:15.0;
40;400.5;2019-04-11 15:55:18.0;
40;400.4;2019-04-11 15:55:21.0;
40;400.5;2019-04-11 15:55:27.0;
40;400.4;2019-04-11 15:55:28.0;
40;400.6;2019-04-11 15:55:35.0;
40;400.4;2019-04-11 15:55:37.0;
40;400.5;2019-04-11 15:55:38.0;
40;400.6;2019-04-11 15:55:40.0;
40;400.5;2019-04-11 15:55:42.0;
40;400.6;2019-04-11 15:55:44.0;
40;400.5;2019-04-11 15:55:45.0;
40;400.6;2019-04-11 15:55:54.0;
40;400.5;2019-04-11 15:55:56.0;
40;400.6;2019-04-11 15:56:07.0;
40;400.5;2019-04-11 15:56:09.0;
40;400.6;2019-04-11 15:56:10.0;
40;400.5;2019-04-11 15:56:12.0;
40;400.6;2019-04-11 15:56:16.0;
40;400.7;2019-04-11 15:57:12.0;
40;400.6;2019-04-11 15:57:18.0;
40;400.7;2019-04-11 15:57:20.0;
40;400.6;2019-04-11 15:57:25.0;
40;400.7;2019-04-11 15:57:28.0;
40;400.6;2019-04-11 15:57:30.0;
40;400.7;2019-04-11 15:57:31.0;
40;400.6;2019-04-11 15:57:33.0;
40;400.7;2019-04-11 15:57:35.0;
40;400.6;2019-04-11 15:57:39.0;
40;400.7;2019-04-11 15:57:41.0;
40;400.65;2019-04-11 15:57:45.0;
40;400.6;2019-04-11 15:57:49.0;
40;400.65;2019-04-11 15:57:50.0;
40;400.7;2019-04-11 15:57:53.0;
40;400.65;2019-04-11 15:57:54.0;
40;400.6;2019-04-11 15:57:56.0;
40;400.7;2019-04-11 15:57:57.0;
40;400.65;2019-04-11 15:57:59.0;
40;400.6;2019-04-11 15:58:02.0;
40;400.7;2019-04-11 15:58:04.0;
40;400.65;2019-04-11 15:58:06.0;
40;400.7;2019-04-11 15:58:11.0;
40;400.65;2019-04-11 15:58:14.0;
40;400.7;2019-04-11 15:58:16.0;
40;400.65;2019-04-11 15:58:18.0;
40;400.7;2019-04-11 15:58:20.0;
40;400.65;2019-04-11 15:58:22.0;
40;400.7;2019-04-11 15:58:24.0;
40;400.65;2019-04-11 15:58:25.0;
40;400.7;2019-04-11 15:58:27.0;
40;400.55;2019-04-11 15:59:08.0;
40;400.7;2019-04-11 15:59:09.0;
40;400.55;2019-04-11 15:59:12.0;
40;400.7;2019-04-11 15:59:20.0;
40;400.55;2019-04-11 15:59:21.0;
40;400.45;2019-04-11 15:59:40.0;
40;400.55;2019-04-11 15:59:42.0;
40;400.45;2019-04-11 15:59:45.0;
40;400.55;2019-04-11 15:59:52.0;
40;400.45;2019-04-11 15:59:53.0;
40;400.55;2019-04-11 15:59:57.0;
40;400.45;2019-04-11 16:00:00.0;
40;400.55;2019-04-11 16:00:01.0;
40;400.45;2019-04-11 16:00:08.0;
40;400.55;2019-04-11 16:00:09.0;
40;400.7;2019-04-11 16:00:17.0;
40;400.55;2019-04-11 16:00:19.0;
40;400.7;2019-04-11 16:00:20.0;
40;400.55;2019-04-11 16:00:21.0;
40;400.7;2019-04-11 16:00:23.0;
40;400.55;2019-04-11 16:00:24.0;
40;400.7;2019-04-11 16:00:27.0;
40;400.55;2019-04-11 16:00:29.0;
40;400.7;2019-04-11 16:00:31.0;
40;400.6;2019-04-11 16:00:54.0;
40;400.7;2019-04-11 16:00:55.0;
40;400.6;2019-04-11 16:00:59.0;
40;400.45;2019-04-11 16:01:29.0;
40;400.6;2019-04-11 16:01:33.0;
40;400.45;2019-04-11 16:01:34.0;
40;400.6;2019-04-11 16:03:02.0;
40;400.45;2019-04-11 16:03:03.0;
40;400.6;2019-04-11 16:03:05.0;
40;400.7;2019-04-11 16:04:41.0;
40;400.6;2019-04-11 16:04:42.0;
40;400.7;2019-04-11 16:04:44.0;
40;400.6;2019-04-11 16:04:50.0;
40;400.7;2019-04-11 16:04:51.0;
40;400.8;2019-04-11 16:05:15.0;
40;400.7;2019-04-11 16:05:25.0;
40;400.8;2019-04-11 16:05:26.0;
40;400.75;2019-04-11 16:05:51.0;
40;400.8;2019-04-11 16:05:53.0;
40;400.75;2019-04-11 16:06:00.0;
40;400.7;2019-04-11 16:06:31.0;
40;400.75;2019-04-11 16:07:02.0;
40;400.7;2019-04-11 16:07:03.0;
40;400.75;2019-04-11 16:07:05.0;
40;400.7;2019-04-11 16:07:48.0;
40;400.75;2019-04-11 16:07:51.0;
40;400.7;2019-04-11 16:07:53.0;
40;400.75;2019-04-11 16:07:55.0;
40;400.7;2019-04-11 16:07:58.0;
40;400.75;2019-04-11 16:07:59.0;
40;400.7;2019-04-11 16:08:08.0;
40;400.75;2019-04-11 16:08:09.0;
40;400.7;2019-04-11 16:08:11.0;
40;400.8;2019-04-11 16:08:50.0;
40;400.7;2019-04-11 16:09:56.0;
40;400.8;2019-04-11 16:10:32.0;
40;400.7;2019-04-11 16:10:33.0;
40;400.8;2019-04-11 16:10:35.0;
40;400.7;2019-04-11 16:10:36.0;
40;400.8;2019-04-11 16:10:38.0;
40;400.7;2019-04-11 16:10:43.0;
40;400.8;2019-04-11 16:10:45.0;
40;400.75;2019-04-11 16:11:04.0;
40;400.8;2019-04-11 16:11:07.0;
40;400.75;2019-04-11 16:11:09.0;
40;400.7;2019-04-11 16:11:10.0;
40;400.75;2019-04-11 16:11:12.0;
40;400.7;2019-04-11 16:11:18.0;
40;400.75;2019-04-11 16:11:25.0;
40;400.7;2019-04-11 16:11:27.0;
40;400.75;2019-04-11 16:11:28.0;
40;400.7;2019-04-11 16:11:31.0;
40;400.75;2019-04-11 16:11:32.0;
40;400.7;2019-04-11 16:11:34.0;
40;400.65;2019-04-11 16:11:42.0;
40;400.7;2019-04-11 16:11:46.0;
40;400.65;2019-04-11 16:11:48.0;
40;400.7;2019-04-11 16:11:49.0;
40;400.65;2019-04-11 16:11:52.0;
40;400.7;2019-04-11 16:11:55.0;
40;400.65;2019-04-11 16:11:57.0;
40;400.7;2019-04-11 16:12:02.0;
40;400.65;2019-04-11 16:12:05.0;
40;400.6;2019-04-11 16:12:07.0;
40;400.65;2019-04-11 16:12:08.0;
40;400.6;2019-04-11 16:12:11.0;
40;400.55;2019-04-11 16:13:13.0;
40;400.6;2019-04-11 16:13:15.0;
40;400.55;2019-04-11 16:13:18.0;
40;400.7;2019-04-11 16:13:47.0;
40;400.55;2019-04-11 16:13:48.0;
40;400.7;2019-04-11 16:13:51.0;
40;400.55;2019-04-11 16:13:52.0;
40;400.7;2019-04-11 16:13:54.0;
40;400.6;2019-04-11 16:14:32.0;
40;400.7;2019-04-11 16:14:35.0;
40;400.6;2019-04-11 16:14:37.0;
40;400.7;2019-04-11 16:14:38.0;
40;400.6;2019-04-11 16:14:46.0;
40;400.7;2019-04-11 16:14:48.0;
40;400.6;2019-04-11 16:14:51.0;
40;400.7;2019-04-11 16:14:53.0;
40;400.6;2019-04-11 16:14:58.0;
40;400.7;2019-04-11 16:15:00.0;
40;400.75;2019-04-11 16:15:13.0;
40;400.7;2019-04-11 16:15:22.0;
40;400.75;2019-04-11 16:15:27.0;
40;400.8;2019-04-11 16:15:53.0;
40;400.75;2019-04-11 16:15:54.0;
40;400.8;2019-04-11 16:15:55.0;
40;400.75;2019-04-11 16:15:58.0;
40;400.8;2019-04-11 16:16:01.0;
40;400.75;2019-04-11 16:16:03.0;
40;400.8;2019-04-11 16:16:04.0;
40;400.75;2019-04-11 16:16:06.0;
40;400.8;2019-04-11 16:16:08.0;
40;400.85;2019-04-11 16:16:41.0;
40;400.8;2019-04-11 16:16:43.0;
40;400.85;2019-04-11 16:16:44.0;
40;400.8;2019-04-11 16:16:45.0;
40;400.85;2019-04-11 16:16:51.0;
40;400.8;2019-04-11 16:16:52.0;
40;400.85;2019-04-11 16:16:58.0;
40;400.8;2019-04-11 16:17:00.0;
40;400.85;2019-04-11 16:17:01.0;
40;400.8;2019-04-11 16:17:03.0;
40;400.85;2019-04-11 16:17:04.0;
40;400.8;2019-04-11 16:17:06.0;
40;400.85;2019-04-11 16:17:07.0;
40;400.8;2019-04-11 16:17:10.0;
40;400.85;2019-04-11 16:17:33.0;
40;400.8;2019-04-11 16:17:35.0;
40;400.85;2019-04-11 16:17:37.0;
40;401;2019-04-11 16:18:40.0;
40;400.85;2019-04-11 16:19:11.0;
40;401;2019-04-11 16:19:12.0;
40;400.85;2019-04-11 16:19:15.0;
40;400.9;2019-04-11 16:19:41.0;
40;400.85;2019-04-11 16:19:44.0;
40;400.9;2019-04-11 16:19:46.0;
40;400.85;2019-04-11 16:19:47.0;
40;400.9;2019-04-11 16:19:50.0;
40;401;2019-04-11 16:19:53.0;
40;400.9;2019-04-11 16:19:54.0;
40;401;2019-04-11 16:19:57.0;
40;400.9;2019-04-11 16:20:00.0;
40;401;2019-04-11 16:20:08.0;
40;400.9;2019-04-11 16:20:10.0;
40;401;2019-04-11 16:20:11.0;
40;400.9;2019-04-11 16:20:12.0;
40;401;2019-04-11 16:20:16.0;
40;400.95;2019-04-11 16:20:51.0;
40;401;2019-04-11 16:20:52.0;
40;400.95;2019-04-11 16:20:53.0;
40;401;2019-04-11 16:20:55.0;
40;400.95;2019-04-11 16:20:56.0;
40;400.85;2019-04-11 16:20:57.0;
40;400.95;2019-04-11 16:21:00.0;
40;400.85;2019-04-11 16:21:09.0;
40;400.95;2019-04-11 16:21:10.0;
40;400.85;2019-04-11 16:21:14.0;
40;400.95;2019-04-11 16:21:16.0;
40;400.85;2019-04-11 16:21:17.0;
40;400.95;2019-04-11 16:21:19.0;
40;400.85;2019-04-11 16:21:22.0;
40;400.95;2019-04-11 16:21:25.0;
40;401;2019-04-11 16:23:13.0;
40;400.95;2019-04-11 16:23:15.0;
40;401;2019-04-11 16:23:28.0;
40;400.95;2019-04-11 16:23:29.0;
40;401;2019-04-11 16:23:32.0;
40;400.85;2019-04-11 16:24:08.0;
40;401;2019-04-11 16:24:09.0;
40;400.85;2019-04-11 16:24:11.0;
40;401;2019-04-11 16:24:41.0;
40;400.85;2019-04-11 16:24:42.0;
40;401;2019-04-11 16:24:44.0;
40;400.85;2019-04-11 16:24:47.0;
40;401;2019-04-11 16:24:49.0;
40;400.95;2019-04-11 16:25:44.0;
40;401;2019-04-11 16:25:46.0;
40;400.95;2019-04-11 16:25:47.0;
40;400.9;2019-04-11 16:26:19.0;
40;400.95;2019-04-11 16:26:20.0;
40;400.9;2019-04-11 16:26:22.0;
40;400.85;2019-04-11 16:26:50.0;
40;400.9;2019-04-11 16:26:52.0;
40;400.85;2019-04-11 16:26:56.0;
40;400.8;2019-04-11 16:27:57.0;
40;400.85;2019-04-11 16:28:01.0;
40;400.8;2019-04-11 16:28:03.0;
40;400.85;2019-04-11 16:28:31.0;
40;400.8;2019-04-11 16:28:33.0;
40;400.85;2019-04-11 16:28:36.0;
40;400.9;2019-04-11 16:29:03.0;
40;400.85;2019-04-11 16:29:05.0;
40;400.9;2019-04-11 16:29:06.0;
40;400.85;2019-04-11 16:29:40.0;
40;400.9;2019-04-11 16:30:46.0;
40;400.85;2019-04-11 16:30:51.0;
40;400.9;2019-04-11 16:30:53.0;
40;400.75;2019-04-11 16:31:19.0;
40;400.9;2019-04-11 16:31:57.0;
40;400.75;2019-04-11 16:32:01.0;
40;400.9;2019-04-11 16:32:02.0;
40;401;2019-04-11 16:32:07.0;
40;400.9;2019-04-11 16:32:10.0;
40;401;2019-04-11 16:32:11.0;
40;400.9;2019-04-11 16:32:13.0;
40;401;2019-04-11 16:32:14.0;
40;400.9;2019-04-11 16:32:16.0;
40;401;2019-04-11 16:32:23.0;
40;400.9;2019-04-11 16:32:25.0;
40;401;2019-04-11 16:32:26.0;
40;400.95;2019-04-11 16:32:28.0;
40;400.9;2019-04-11 16:32:29.0;
40;400.95;2019-04-11 16:32:31.0;
40;401;2019-04-11 16:32:34.0;
40;400.95;2019-04-11 16:32:37.0;
40;400.9;2019-04-11 16:33:14.0;
40;400.85;2019-04-11 16:33:17.0;
40;400.9;2019-04-11 16:33:19.0;
40;400.85;2019-04-11 16:33:24.0;
40;400.95;2019-04-11 16:33:25.0;
40;400.9;2019-04-11 16:33:28.0;
40;400.85;2019-04-11 16:33:32.0;
40;400.9;2019-04-11 16:33:34.0;
40;400.85;2019-04-11 16:33:36.0;
40;400.9;2019-04-11 16:33:39.0;
40;400.85;2019-04-11 16:33:42.0;
40;400.9;2019-04-11 16:33:45.0;
40;400.85;2019-04-11 16:33:46.0;
40;400.8;2019-04-11 16:34:28.0;
40;400.85;2019-04-11 16:34:29.0;
40;400.8;2019-04-11 16:34:31.0;
40;400.85;2019-04-11 16:34:37.0;
40;400.8;2019-04-11 16:34:39.0;
40;400.85;2019-04-11 16:34:44.0;
40;400.8;2019-04-11 16:34:45.0;
40;400.85;2019-04-11 16:34:49.0;
40;400.8;2019-04-11 16:34:51.0;
40;400.85;2019-04-11 16:34:55.0;
40;400.8;2019-04-11 16:35:01.0;
40;400.85;2019-04-11 16:35:02.0;
40;401;2019-04-11 16:35:36.0;
40;400.85;2019-04-11 16:36:07.0;
40;401;2019-04-11 16:36:10.0;
40;400.85;2019-04-11 16:36:11.0;
40;401;2019-04-11 16:36:13.0;
40;400.85;2019-04-11 16:36:14.0;
40;400.95;2019-04-11 16:37:21.0;
40;401.1;2019-04-11 16:38:27.0;
40;400.95;2019-04-11 16:38:29.0;
40;401.1;2019-04-11 16:38:31.0;
40;400.95;2019-04-11 16:40:07.0;
40;401.1;2019-04-11 16:40:19.0;
40;400.95;2019-04-11 16:40:20.0;
40;401;2019-04-11 16:40:38.0;
40;400.95;2019-04-11 16:40:39.0;
40;401;2019-04-11 16:40:47.0;
40;400.95;2019-04-11 16:41:15.0;
40;401;2019-04-11 16:41:27.0;
40;400.95;2019-04-11 16:41:29.0;
40;401;2019-04-11 16:41:35.0;
40;400.95;2019-04-11 16:41:37.0;
40;401;2019-04-11 16:41:41.0;
40;400.95;2019-04-11 16:41:46.0;
40;400.85;2019-04-11 16:41:48.0;
40;400.95;2019-04-11 16:41:50.0;
40;400.85;2019-04-11 16:41:51.0;
40;401;2019-04-11 16:41:53.0;
40;400.85;2019-04-11 16:41:56.0;
40;400.95;2019-04-11 16:41:57.0;
40;400.85;2019-04-11 16:41:59.0;
40;400.95;2019-04-11 16:42:00.0;
40;400.85;2019-04-11 16:42:03.0;
40;400.95;2019-04-11 16:42:04.0;
40;400.85;2019-04-11 16:42:06.0;
40;400.95;2019-04-11 16:42:09.0;
40;400.85;2019-04-11 16:42:11.0;
40;400.95;2019-04-11 16:42:39.0;
40;400.85;2019-04-11 16:42:41.0;
40;400.95;2019-04-11 16:42:43.0;
40;400.85;2019-04-11 16:42:47.0;
40;400.95;2019-04-11 16:42:50.0;
40;401.1;2019-04-11 16:43:18.0;
40;400.95;2019-04-11 16:43:19.0;
40;401.1;2019-04-11 16:43:22.0;
40;400.95;2019-04-11 16:43:34.0;
40;401.1;2019-04-11 16:43:36.0;
40;400.95;2019-04-11 16:43:37.0;
40;401.1;2019-04-11 16:43:38.0;
40;400.95;2019-04-11 16:43:40.0;
40;401.1;2019-04-11 16:43:41.0;
40;400.95;2019-04-11 16:43:42.0;
40;401.1;2019-04-11 16:43:44.0;
40;400.95;2019-04-11 16:43:48.0;
40;400.85;2019-04-11 16:44:37.0;
40;400.95;2019-04-11 16:44:38.0;
40;400.85;2019-04-11 16:44:39.0;
40;400.95;2019-04-11 16:44:42.0;
40;400.85;2019-04-11 16:44:49.0;
40;400.95;2019-04-11 16:44:50.0;
40;400.85;2019-04-11 16:44:52.0;
40;400.95;2019-04-11 16:44:53.0;
40;400.8;2019-04-11 16:44:56.0;
40;400.85;2019-04-11 16:44:59.0;
40;400.8;2019-04-11 16:45:02.0;
40;400.75;2019-04-11 16:45:03.0;
40;400.8;2019-04-11 16:45:05.0;
40;400.75;2019-04-11 16:45:10.0;
40;400.8;2019-04-11 16:45:11.0;
40;400.75;2019-04-11 16:45:14.0;
40;400.8;2019-04-11 16:45:16.0;
40;400.75;2019-04-11 16:45:18.0;
40;400.8;2019-04-11 16:45:20.0;
40;400.75;2019-04-11 16:45:23.0;
40;400.8;2019-04-11 16:45:24.0;
40;400.75;2019-04-11 16:45:26.0;
40;400.85;2019-04-11 16:45:28.0;
40;400.75;2019-04-11 16:45:30.0;
40;400.8;2019-04-11 16:45:31.0;
40;400.75;2019-04-11 16:45:33.0;
40;400.85;2019-04-11 16:45:34.0;
40;400.8;2019-04-11 16:45:36.0;
40;400.85;2019-04-11 16:45:37.0;
40;400.8;2019-04-11 16:45:39.0;
40;400.85;2019-04-11 16:45:42.0;
40;400.8;2019-04-11 16:46:01.0;
40;400.85;2019-04-11 16:46:02.0;
40;400.8;2019-04-11 16:46:04.0;
40;400.85;2019-04-11 16:46:05.0;
40;400.75;2019-04-11 16:46:07.0;
40;400.85;2019-04-11 16:46:09.0;
40;400.75;2019-04-11 16:46:13.0;
40;400.8;2019-04-11 16:46:16.0;
40;400.75;2019-04-11 16:46:18.0;
40;400.8;2019-04-11 16:46:19.0;
40;400.75;2019-04-11 16:46:22.0;
40;400.8;2019-04-11 16:46:28.0;
40;400.75;2019-04-11 16:46:31.0;
40;400.85;2019-04-11 16:46:38.0;
40;400.75;2019-04-11 16:46:41.0;
40;400.85;2019-04-11 16:46:45.0;
40;400.75;2019-04-11 16:46:47.0;
40;400.85;2019-04-11 16:46:48.0;
40;400.75;2019-04-11 16:46:50.0;
40;400.85;2019-04-11 16:46:54.0;
40;400.8;2019-04-11 16:47:24.0;
40;400.85;2019-04-11 16:47:25.0;
40;400.8;2019-04-11 16:47:27.0;
40;400.75;2019-04-11 16:48:28.0;
40;400.8;2019-04-11 16:48:29.0;
40;400.75;2019-04-11 16:48:32.0;
40;400.65;2019-04-11 16:48:33.0;
40;400.75;2019-04-11 16:48:43.0;
40;400.65;2019-04-11 16:48:44.0;
40;400.75;2019-04-11 16:48:46.0;
40;400.65;2019-04-11 16:48:49.0;
40;400.75;2019-04-11 16:48:53.0;
40;400.65;2019-04-11 16:48:54.0;
40;400.75;2019-04-11 16:48:57.0;
40;400.65;2019-04-11 16:48:59.0;
40;400.8;2019-04-11 16:50:47.0;
40;400.7;2019-04-11 16:51:20.0;
40;400.6;2019-04-11 16:55:11.0;
40;400.7;2019-04-11 16:57:33.0;
40;400.6;2019-04-11 16:57:35.0;
40;400.7;2019-04-11 16:57:37.0;
40;400.8;2019-04-11 17:00:51.0;
40;400.7;2019-04-11 17:00:52.0;
40;400.8;2019-04-11 17:00:58.0;
40;400.7;2019-04-11 17:01:00.0;
40;400.8;2019-04-11 17:01:05.0;
40;400.7;2019-04-11 17:01:07.0;
40;400.8;2019-04-11 17:01:08.0;
40;400.7;2019-04-11 17:01:09.0;
40;400.8;2019-04-11 17:01:11.0;
40;400.7;2019-04-11 17:01:15.0;
40;400.8;2019-04-11 17:01:17.0;
40;400.7;2019-04-11 17:01:18.0;
40;400.8;2019-04-11 17:01:20.0;
40;400.7;2019-04-11 17:01:42.0;
40;400.8;2019-04-11 17:01:48.0;
40;400.7;2019-04-11 17:01:51.0;
40;400.8;2019-04-11 17:01:52.0;
40;400.7;2019-04-11 17:01:53.0;
40;400.8;2019-04-11 17:01:55.0;
40;400.7;2019-04-11 17:01:59.0;
40;400.65;2019-04-11 17:02:32.0;
40;400.7;2019-04-11 17:02:34.0;
40;400.65;2019-04-11 17:02:38.0;
40;400.7;2019-04-11 17:02:40.0;
40;400.6;2019-04-11 17:02:46.0;
40;400.7;2019-04-11 17:02:49.0;
40;400.65;2019-04-11 17:02:50.0;
40;400.6;2019-04-11 17:02:52.0;
40;400.7;2019-04-11 17:02:54.0;
40;400.65;2019-04-11 17:02:57.0;
40;400.6;2019-04-11 17:02:59.0;
40;400.5;2019-04-11 17:03:34.0;
40;400.6;2019-04-11 17:03:35.0;
40;400.5;2019-04-11 17:03:38.0;
40;400.6;2019-04-11 17:03:41.0;
40;400.5;2019-04-11 17:03:43.0;
40;400.6;2019-04-11 17:03:46.0;
40;400.5;2019-04-11 17:03:47.0;
40;400.4;2019-04-11 17:03:50.0;
40;400.5;2019-04-11 17:03:52.0;
40;400.4;2019-04-11 17:04:00.0;
40;400.5;2019-04-11 17:04:05.0;
40;400.4;2019-04-11 17:04:06.0;
40;400.5;2019-04-11 17:04:08.0;
40;400.4;2019-04-11 17:04:11.0;
40;400.5;2019-04-11 17:04:13.0;
40;400.4;2019-04-11 17:04:18.0;
40;400.5;2019-04-11 17:04:20.0;
40;400.4;2019-04-11 17:04:36.0;
40;400.5;2019-04-11 17:04:38.0;
40;400.4;2019-04-11 17:04:44.0;
40;400.5;2019-04-11 17:04:45.0;
40;400.4;2019-04-11 17:04:49.0;
40;400.5;2019-04-11 17:04:52.0;
40;400.4;2019-04-11 17:04:53.0;
40;400.5;2019-04-11 17:04:55.0;
40;400.55;2019-04-11 17:04:58.0;
40;400.4;2019-04-11 17:04:59.0;
40;400.55;2019-04-11 17:05:03.0;
40;400.5;2019-04-11 17:05:11.0;
40;400.55;2019-04-11 17:05:13.0;
40;400.5;2019-04-11 17:05:36.0;
40;400.55;2019-04-11 17:05:37.0;
40;400.5;2019-04-11 17:05:39.0;
40;400.55;2019-04-11 17:05:42.0;
40;400.6;2019-04-11 17:05:44.0;
40;400.5;2019-04-11 17:05:53.0;
40;400.6;2019-04-11 17:05:55.0;
40;400.5;2019-04-11 17:06:03.0;
40;400.6;2019-04-11 17:06:05.0;
40;400.7;2019-04-11 17:07:51.0;
40;400.6;2019-04-11 17:07:53.0;
40;400.7;2019-04-11 17:07:57.0;
40;400.75;2019-04-11 17:13:14.0;
40;400.7;2019-04-11 17:13:19.0;
40;400.8;2019-04-11 17:13:22.0;
40;400.75;2019-04-11 17:13:24.0;
40;400.8;2019-04-11 17:13:25.0;
40;400.75;2019-04-11 17:13:28.0;
40;400.8;2019-04-11 17:13:30.0;
40;400.75;2019-04-11 17:13:42.0;
40;400.8;2019-04-11 17:13:44.0;
40;400.7;2019-04-11 17:13:46.0;
40;400.8;2019-04-11 17:13:48.0;
40;400.7;2019-04-11 17:13:51.0;
40;400.8;2019-04-11 17:13:55.0;
40;400.7;2019-04-11 17:13:56.0;
40;400.8;2019-04-11 17:15:13.0;
40;400.7;2019-04-11 17:15:17.0;
40;400.8;2019-04-11 17:15:19.0;
40;400.7;2019-04-11 17:15:20.0;
40;400.8;2019-04-11 17:15:23.0;
40;400.7;2019-04-11 17:15:27.0;
40;400.8;2019-04-11 17:15:31.0;
40;400.7;2019-04-11 17:15:33.0;
40;400.8;2019-04-11 17:15:36.0;
40;400.7;2019-04-11 17:15:37.0;
40;400.8;2019-04-11 17:15:39.0;
40;400.7;2019-04-11 17:15:40.0;
40;400.8;2019-04-11 17:15:42.0;
40;400.7;2019-04-11 17:15:43.0;
40;400.8;2019-04-11 17:16:19.0;
40;400.7;2019-04-11 17:16:22.0;
40;400.8;2019-04-11 17:16:23.0;
40;400.7;2019-04-11 17:18:07.0;
40;400.8;2019-04-11 17:18:19.0;
40;400.7;2019-04-11 17:18:20.0;
40;400.8;2019-04-11 17:18:25.0;
40;400.7;2019-04-11 17:18:26.0;
40;400.8;2019-04-11 17:18:30.0;
40;400.7;2019-04-11 17:18:33.0;
40;400.8;2019-04-11 17:18:38.0;
40;400.7;2019-04-11 17:18:39.0;
40;400.8;2019-04-11 17:18:44.0;
40;400.7;2019-04-11 17:18:45.0;
40;400.8;2019-04-11 17:18:48.0;
40;400.7;2019-04-11 17:18:51.0;
40;400.8;2019-04-11 17:18:55.0;
40;400.7;2019-04-11 17:18:57.0;
40;400.6;2019-04-11 17:19:04.0;
40;400.7;2019-04-11 17:19:05.0;
40;400.6;2019-04-11 17:19:07.0;
40;400.7;2019-04-11 17:19:09.0;
40;400.6;2019-04-11 17:19:10.0;
40;400.7;2019-04-11 17:19:11.0;
40;400.6;2019-04-11 17:19:14.0;
40;400.7;2019-04-11 17:19:35.0;
40;400.6;2019-04-11 17:19:36.0;
40;400.7;2019-04-11 17:19:45.0;
40;400.65;2019-04-11 17:19:48.0;
40;400.7;2019-04-11 17:19:50.0;
40;400.65;2019-04-11 17:19:56.0;
40;400.7;2019-04-11 17:19:58.0;
40;400.65;2019-04-11 17:20:04.0;
40;400.7;2019-04-11 17:20:06.0;
40;400.65;2019-04-11 17:20:09.0;
40;400.7;2019-04-11 17:20:12.0;
40;400.65;2019-04-11 17:20:13.0;
40;400.7;2019-04-11 17:20:28.0;
40;400.65;2019-04-11 17:20:32.0;
40;400.7;2019-04-11 17:20:35.0;
40;400.65;2019-04-11 17:20:36.0;
40;400.7;2019-04-11 17:20:39.0;
40;400.65;2019-04-11 17:20:41.0;
40;400.7;2019-04-11 17:20:42.0;
40;400.65;2019-04-11 17:20:46.0;
40;400.7;2019-04-11 17:20:48.0;
40;400.65;2019-04-11 17:21:12.0;
40;400.7;2019-04-11 17:21:13.0;
40;400.65;2019-04-11 17:21:21.0;
40;400.7;2019-04-11 17:21:22.0;
40;400.65;2019-04-11 17:21:26.0;
40;400.7;2019-04-11 17:21:29.0;
40;400.65;2019-04-11 17:21:30.0;
40;400.7;2019-04-11 17:21:37.0;
40;400.65;2019-04-11 17:21:39.0;
40;400.7;2019-04-11 17:21:42.0;
40;400.6;2019-04-11 17:21:44.0;
40;400.7;2019-04-11 17:21:47.0;
40;400.6;2019-04-11 17:21:50.0;
40;400.65;2019-04-11 17:21:52.0;
40;400.6;2019-04-11 17:21:53.0;
40;400.65;2019-04-11 17:21:59.0;
40;400.6;2019-04-11 17:22:01.0;
40;400.7;2019-04-11 17:22:02.0;
40;400.6;2019-04-11 17:22:03.0;
40;400.65;2019-04-11 17:22:05.0;
40;400.7;2019-04-11 17:22:08.0;
40;400.65;2019-04-11 17:22:09.0;
40;400.6;2019-04-11 17:22:11.0;
40;400.65;2019-04-11 17:22:14.0;
40;400.6;2019-04-11 17:22:15.0;
40;400.65;2019-04-11 17:22:22.0;
40;400.6;2019-04-11 17:22:24.0;
40;400.65;2019-04-11 17:22:25.0;
40;400.6;2019-04-11 17:22:27.0;
40;400.65;2019-04-11 17:22:30.0;
40;400.6;2019-04-11 17:22:31.0;
40;400.65;2019-04-11 17:23:36.0;
40;400.6;2019-04-11 17:23:44.0;
40;400.65;2019-04-11 17:23:45.0;
40;400.6;2019-04-11 17:23:47.0;
40;400.65;2019-04-11 17:23:49.0;
40;400.6;2019-04-11 17:23:52.0;
40;400.65;2019-04-11 17:23:55.0;
40;400.6;2019-04-11 17:23:56.0;
40;400.65;2019-04-11 17:24:00.0;
40;400.6;2019-04-11 17:24:05.0;
40;400.65;2019-04-11 17:24:09.0;
40;400.6;2019-04-11 17:24:11.0;
40;400.5;2019-04-11 17:25:20.0;
40;400.6;2019-04-11 17:25:21.0;
40;400.5;2019-04-11 17:25:22.0;
40;400.6;2019-04-11 17:25:24.0;
40;400.5;2019-04-11 17:25:25.0;
40;400.6;2019-04-11 17:26:05.0;
40;400.5;2019-04-11 17:26:07.0;
40;400.6;2019-04-11 17:26:16.0;
40;400.5;2019-04-11 17:26:17.0;
40;400.6;2019-04-11 17:26:27.0;
40;400.5;2019-04-11 17:26:30.0;
40;400.6;2019-04-11 17:26:31.0;
40;400.55;2019-04-11 17:27:21.0;
40;400.6;2019-04-11 17:27:24.0;
40;400.55;2019-04-11 17:27:27.0;
40;400.6;2019-04-11 17:27:28.0;
40;400.55;2019-04-11 17:27:34.0;
40;400.6;2019-04-11 17:27:36.0;
40;400.55;2019-04-11 17:27:37.0;
40;400.6;2019-04-11 17:27:38.0;
40;400.55;2019-04-11 17:27:40.0;
40;400.6;2019-04-11 17:27:43.0;
40;400.55;2019-04-11 17:27:47.0;
40;400.6;2019-04-11 17:27:48.0;
40;400.55;2019-04-11 17:27:51.0;
40;400.6;2019-04-11 17:27:52.0;
40;400.5;2019-04-11 17:28:39.0;
40;400.6;2019-04-11 17:28:42.0;
40;400.5;2019-04-11 17:28:44.0;
40;400.6;2019-04-11 17:28:48.0;
40;400.5;2019-04-11 17:28:50.0;
40;400.6;2019-04-11 17:28:51.0;
40;400.5;2019-04-11 17:28:52.0;
40;400.6;2019-04-11 17:28:54.0;
40;400.5;2019-04-11 17:28:55.0;
40;400.6;2019-04-11 17:29:01.0;
40;400.5;2019-04-11 17:29:03.0;
40;400.6;2019-04-11 17:29:04.0;
40;400.5;2019-04-11 17:29:06.0;
40;400.6;2019-04-11 17:29:08.0;
40;400.5;2019-04-11 17:29:13.0;
40;400.6;2019-04-11 17:29:15.0;
40;400.5;2019-04-11 17:30:44.0;
40;400.6;2019-04-11 17:30:48.0;
40;400.5;2019-04-11 17:30:53.0;
40;400.6;2019-04-11 17:30:54.0;
40;400.5;2019-04-11 17:30:56.0;
40;400.45;2019-04-11 17:33:52.0;
40;400.5;2019-04-11 17:33:54.0;
40;400.45;2019-04-11 17:34:08.0;
40;400.4;2019-04-11 17:34:10.0;
40;400.5;2019-04-11 17:34:13.0;
40;400.4;2019-04-11 17:34:16.0;
40;400.45;2019-04-11 17:34:17.0;
40;400.4;2019-04-11 17:34:19.0;
40;400.45;2019-04-11 17:34:20.0;
40;400.4;2019-04-11 17:34:23.0;
40;400.5;2019-04-11 17:35:18.0;
40;400.4;2019-04-11 17:35:19.0;
40;400.5;2019-04-11 17:35:21.0;
40;400.4;2019-04-11 17:35:22.0;
40;400.5;2019-04-11 17:35:31.0;
40;400.4;2019-04-11 17:35:33.0;
40;400.5;2019-04-11 17:35:35.0;
40;400.4;2019-04-11 17:35:39.0;
40;400.5;2019-04-11 17:35:40.0;
40;400.4;2019-04-11 17:35:41.0;
40;400.5;2019-04-11 17:35:43.0;
40;400.4;2019-04-11 17:35:53.0;
40;400.5;2019-04-11 17:35:54.0;
40;400.4;2019-04-11 17:35:56.0;
40;400.5;2019-04-11 17:35:58.0;
40;400.4;2019-04-11 17:36:53.0;
40;400.5;2019-04-11 17:36:54.0;
40;400.4;2019-04-11 17:36:56.0;
40;400.5;2019-04-11 17:36:58.0;
40;400.4;2019-04-11 17:37:04.0;
40;400.5;2019-04-11 17:37:06.0;
40;400.4;2019-04-11 17:37:07.0;
40;400.45;2019-04-11 17:37:10.0;
40;400.4;2019-04-11 17:37:14.0;
40;400.45;2019-04-11 17:37:17.0;
40;400.5;2019-04-11 17:37:19.0;
40;400.4;2019-04-11 17:37:20.0;
40;400.5;2019-04-11 17:37:22.0;
40;400.4;2019-04-11 17:37:23.0;
40;400.45;2019-04-11 17:37:25.0;
40;400.5;2019-04-11 17:37:26.0;
40;400.45;2019-04-11 17:37:27.0;
40;400.5;2019-04-11 17:37:32.0;
40;400.45;2019-04-11 17:37:33.0;
40;400.5;2019-04-11 17:37:34.0;
40;400.4;2019-04-11 17:38:29.0;
40;400.5;2019-04-11 17:38:32.0;
40;400.4;2019-04-11 17:38:33.0;
40;400.5;2019-04-11 17:38:34.0;
40;400.4;2019-04-11 17:38:36.0;
40;400.3;2019-04-11 17:39:36.0;
40;400.4;2019-04-11 17:39:37.0;
40;400.3;2019-04-11 17:39:39.0;
40;400.4;2019-04-11 17:39:40.0;
40;400.3;2019-04-11 17:39:42.0;
40;400.2;2019-04-11 17:40:26.0;
40;400.3;2019-04-11 17:40:27.0;
40;400.2;2019-04-11 17:40:39.0;
40;400.1;2019-04-11 17:40:41.0;
40;400.2;2019-04-11 17:40:46.0;
40;400.1;2019-04-11 17:40:49.0;
40;400.2;2019-04-11 17:40:55.0;
40;400.1;2019-04-11 17:40:56.0;
40;400;2019-04-11 17:41:12.0;
40;400.1;2019-04-11 17:41:14.0;
40;400;2019-04-11 17:41:15.0;
40;400.1;2019-04-11 17:41:17.0;
40;400;2019-04-11 17:41:26.0;
40;400.05;2019-04-11 17:41:33.0;
40;400.1;2019-04-11 17:41:35.0;
40;400;2019-04-11 17:41:37.0;
40;400.1;2019-04-11 17:41:38.0;
40;400;2019-04-11 17:41:41.0;
40;400.1;2019-04-11 17:41:42.0;
40;400.05;2019-04-11 17:41:44.0;
40;400.1;2019-04-11 17:41:48.0;
40;400.05;2019-04-11 17:41:52.0;
40;400.1;2019-04-11 17:41:55.0;
40;400.05;2019-04-11 17:41:57.0;
40;400.1;2019-04-11 17:41:58.0;
40;400.05;2019-04-11 17:42:03.0;
40;400.1;2019-04-11 17:42:05.0;
40;400;2019-04-11 17:42:52.0;
40;400.1;2019-04-11 17:42:53.0;
40;400;2019-04-11 17:42:55.0;
40;400.1;2019-04-11 17:42:58.0;
40;400;2019-04-11 17:43:02.0;
40;400.1;2019-04-11 17:43:04.0;
40;400;2019-04-11 17:43:05.0;
40;400.1;2019-04-11 17:43:07.0;
40;400;2019-04-11 17:43:08.0;
40;399.9;2019-04-11 17:44:14.0;
40;400;2019-04-11 17:44:18.0;
40;399.9;2019-04-11 17:44:19.0;
40;400;2019-04-11 17:44:27.0;
40;399.9;2019-04-11 17:44:28.0;
40;400;2019-04-11 17:44:46.0;
40;399.9;2019-04-11 17:44:48.0;
40;400;2019-04-11 17:44:49.0;
40;399.9;2019-04-11 17:44:52.0;
40;400;2019-04-11 17:44:54.0;
40;399.9;2019-04-11 17:44:55.0;
40;400;2019-04-11 17:45:09.0;
40;399.9;2019-04-11 17:45:12.0;
40;400;2019-04-11 17:46:02.0;
40;399.95;2019-04-11 17:46:36.0;
40;400;2019-04-11 17:46:42.0;
40;399.95;2019-04-11 17:46:43.0;
40;400;2019-04-11 17:46:50.0;
40;399.95;2019-04-11 17:46:53.0;
40;400;2019-04-11 17:46:54.0;
40;399.95;2019-04-11 17:46:56.0;
40;400;2019-04-11 17:47:07.0;
40;399.95;2019-04-11 17:47:42.0;
40;399.9;2019-04-11 17:47:44.0;
40;399.95;2019-04-11 17:47:45.0;
40;399.9;2019-04-11 17:47:46.0;
40;399.95;2019-04-11 17:47:49.0;
40;399.9;2019-04-11 17:47:53.0;
40;399.95;2019-04-11 17:47:57.0;
40;399.9;2019-04-11 17:48:00.0;
40;399.95;2019-04-11 17:48:03.0;
40;399.9;2019-04-11 17:48:05.0;
40;399.95;2019-04-11 17:48:06.0;
40;399.9;2019-04-11 17:48:08.0;
40;399.95;2019-04-11 17:48:11.0;
40;399.9;2019-04-11 17:48:12.0;
40;400;2019-04-11 17:48:14.0;
40;399.95;2019-04-11 17:48:15.0;
40;400;2019-04-11 17:48:17.0;
40;400.1;2019-04-11 17:49:00.0;
40;400;2019-04-11 17:49:03.0;
40;400.1;2019-04-11 17:49:04.0;
40;400;2019-04-11 17:49:07.0;
40;400.1;2019-04-11 17:49:08.0;
40;400;2019-04-11 17:49:10.0;
40;400.1;2019-04-11 17:49:20.0;
40;400;2019-04-11 17:49:21.0;
40;400.1;2019-04-11 17:49:23.0;
40;400;2019-04-11 17:49:24.0;
40;400.1;2019-04-11 17:49:28.0;
40;400;2019-04-11 17:49:31.0;
40;400.1;2019-04-11 17:50:00.0;
40;400;2019-04-11 17:50:02.0;
40;400.1;2019-04-11 17:50:05.0;
40;400.15;2019-04-11 17:50:33.0;
40;400.1;2019-04-11 17:50:34.0;
40;400.15;2019-04-11 17:50:36.0;
40;400.2;2019-04-11 17:50:45.0;
40;400.15;2019-04-11 17:50:48.0;
40;400.2;2019-04-11 17:51:04.0;
40;400.15;2019-04-11 17:51:05.0;
40;400.2;2019-04-11 17:51:19.0;
40;400.15;2019-04-11 17:51:21.0;
40;400.2;2019-04-11 17:51:24.0;
40;400.15;2019-04-11 17:51:27.0;
40;400.2;2019-04-11 17:51:28.0;
40;400.15;2019-04-11 17:51:29.0;
40;400.2;2019-04-11 17:51:34.0;
40;400.15;2019-04-11 17:51:35.0;
40;400.2;2019-04-11 17:51:39.0;
40;400.15;2019-04-11 17:51:50.0;
40;400.2;2019-04-11 17:51:51.0;
40;400.15;2019-04-11 17:51:53.0;
40;400.2;2019-04-11 17:51:55.0;
40;400.15;2019-04-11 17:52:00.0;
40;400.2;2019-04-11 17:52:01.0;
40;400.15;2019-04-11 17:52:09.0;
40;400.2;2019-04-11 17:52:10.0;
40;400.1;2019-04-11 17:52:12.0;
40;400.15;2019-04-11 17:52:14.0;
40;400.1;2019-04-11 17:52:17.0;
40;400.05;2019-04-11 17:53:16.0;
40;400.1;2019-04-11 17:53:18.0;
40;400.05;2019-04-11 17:53:24.0;
40;400.1;2019-04-11 17:53:26.0;
40;400.05;2019-04-11 17:53:42.0;
40;400.1;2019-04-11 17:53:46.0;
40;400.05;2019-04-11 17:54:15.0;
40;400.1;2019-04-11 17:54:17.0;
40;400.05;2019-04-11 17:54:18.0;
40;400.1;2019-04-11 17:54:38.0;
40;400.05;2019-04-11 17:54:39.0;
40;400.1;2019-04-11 17:54:40.0;
40;400.05;2019-04-11 17:54:42.0;
40;400.1;2019-04-11 17:54:49.0;
40;400;2019-04-11 17:55:18.0;
40;400.1;2019-04-11 17:55:19.0;
40;400;2019-04-11 17:55:21.0;
40;400.1;2019-04-11 17:55:49.0;
40;400;2019-04-11 17:55:51.0;
40;400.1;2019-04-11 17:55:54.0;
40;400;2019-04-11 17:55:56.0;
40;400.1;2019-04-11 17:55:57.0;
40;400.15;2019-04-11 17:57:30.0;
40;400.1;2019-04-11 17:57:31.0;
40;400.15;2019-04-11 17:57:34.0;
40;400.2;2019-04-11 17:58:01.0;
40;400.15;2019-04-11 17:58:03.0;
40;400.2;2019-04-11 17:58:05.0;
40;400.1;2019-04-11 17:59:06.0;
40;400.2;2019-04-11 17:59:07.0;
40;400.1;2019-04-11 17:59:09.0;
40;400.2;2019-04-11 17:59:10.0;
40;400.1;2019-04-11 17:59:12.0;
40;400.2;2019-04-11 17:59:14.0;
40;400.1;2019-04-11 17:59:18.0;
40;400.15;2019-04-11 18:00:01.0;
40;400.1;2019-04-11 18:00:03.0;
40;400.15;2019-04-11 18:00:04.0;
40;400.1;2019-04-11 18:00:06.0;
40;400.15;2019-04-11 18:00:15.0;
40;400.1;2019-04-11 18:00:17.0;
40;400.15;2019-04-11 18:00:18.0;
40;400.1;2019-04-11 18:00:24.0;
40;400.15;2019-04-11 18:00:29.0;
40;400.1;2019-04-11 18:00:30.0;
40;400.15;2019-04-11 18:04:09.0;
40;400.1;2019-04-11 18:04:14.0;
40;400.15;2019-04-11 18:04:16.0;
40;400.1;2019-04-11 18:04:18.0;
40;400.15;2019-04-11 18:04:21.0;
40;400.1;2019-04-11 18:04:24.0;
40;400.15;2019-04-11 18:04:27.0;
40;400.1;2019-04-11 18:04:30.0;
40;400.15;2019-04-11 18:04:31.0;
40;400.2;2019-04-11 18:04:34.0;
40;400.15;2019-04-11 18:04:37.0;
40;400.2;2019-04-11 18:04:40.0;
40;400.15;2019-04-11 18:04:41.0;
40;400.2;2019-04-11 18:04:47.0;
40;400.1;2019-04-11 18:04:49.0;
40;400.15;2019-04-11 18:04:53.0;
40;400.1;2019-04-11 18:04:56.0;
40;400.15;2019-04-11 18:04:57.0;
40;400.2;2019-04-11 18:04:59.0;
40;400.15;2019-04-11 18:05:01.0;
40;400.1;2019-04-11 18:05:03.0;
40;400.2;2019-04-11 18:05:06.0;
40;400.1;2019-04-11 18:05:12.0;
40;400.2;2019-04-11 18:05:13.0;
40;400.1;2019-04-11 18:05:15.0;
40;400.2;2019-04-11 18:05:19.0;
40;400.3;2019-04-11 18:07:15.0;
40;400.2;2019-04-11 18:07:16.0;
40;400.3;2019-04-11 18:07:21.0;
40;400.2;2019-04-11 18:07:22.0;
40;400.3;2019-04-11 18:07:28.0;
40;400.2;2019-04-11 18:07:29.0;
40;400.3;2019-04-11 18:07:39.0;
40;400.2;2019-04-11 18:07:40.0;
40;400.3;2019-04-11 18:07:44.0;
40;400.2;2019-04-11 18:07:46.0;
40;400.1;2019-04-11 18:12:10.0;
40;400.2;2019-04-11 18:12:12.0;
40;400.1;2019-04-11 18:12:16.0;
40;400.2;2019-04-11 18:12:18.0;
40;400.1;2019-04-11 18:12:19.0;
40;400.2;2019-04-11 18:12:20.0;
40;400.1;2019-04-11 18:12:24.0;
40;400.2;2019-04-11 18:12:25.0;
40;400.1;2019-04-11 18:12:29.0;
40;400.2;2019-04-11 18:14:54.0;
40;400.1;2019-04-11 18:14:56.0;
40;400.2;2019-04-11 18:14:59.0;
40;400.1;2019-04-11 18:15:00.0;
40;400.2;2019-04-11 18:15:01.0;
40;400.1;2019-04-11 18:15:03.0;
40;400.2;2019-04-11 18:15:05.0;
40;400.1;2019-04-11 18:15:27.0;
40;400.2;2019-04-11 18:15:28.0;
40;400.1;2019-04-11 18:15:30.0;
40;400.2;2019-04-11 18:15:32.0;
40;400.1;2019-04-11 18:15:35.0;
40;400.2;2019-04-11 18:15:40.0;
40;400.1;2019-04-11 18:15:41.0;
40;400;2019-04-11 18:16:45.0;
40;400.1;2019-04-11 18:16:47.0;
40;400;2019-04-11 18:16:51.0;
40;400.1;2019-04-11 18:16:52.0;
40;400;2019-04-11 18:16:55.0;
40;400.1;2019-04-11 18:16:56.0;
40;400;2019-04-11 18:17:02.0;
40;400.1;2019-04-11 18:17:06.0;
40;400;2019-04-11 18:17:10.0;
40;400.1;2019-04-11 18:17:12.0;
40;400;2019-04-11 18:17:14.0;
40;400.1;2019-04-11 18:17:16.0;
40;400.15;2019-04-11 18:17:54.0;
40;400.1;2019-04-11 18:17:59.0;
40;400.15;2019-04-11 18:18:01.0;
40;400.1;2019-04-11 18:18:02.0;
40;400.15;2019-04-11 18:18:04.0;
40;400.1;2019-04-11 18:18:05.0;
40;400.15;2019-04-11 18:18:07.0;
40;400.2;2019-04-11 18:18:09.0;
40;400.15;2019-04-11 18:18:11.0;
40;400.2;2019-04-11 18:18:15.0;
40;400.15;2019-04-11 18:18:16.0;
40;400.2;2019-04-11 18:18:20.0;
40;400.15;2019-04-11 18:18:22.0;
40;400.2;2019-04-11 18:18:25.0;
40;400.15;2019-04-11 18:19:44.0;
40;400.2;2019-04-11 18:19:45.0;
40;400.1;2019-04-11 18:19:47.0;
40;400.2;2019-04-11 18:19:48.0;
40;400.1;2019-04-11 18:19:50.0;
40;400.2;2019-04-11 18:19:51.0;
40;400.1;2019-04-11 18:19:53.0;
40;400.2;2019-04-11 18:19:54.0;
40;400.1;2019-04-11 18:20:00.0;
40;400.15;2019-04-11 18:20:02.0;
40;400.1;2019-04-11 18:20:05.0;
40;400.15;2019-04-11 18:20:09.0;
40;400.1;2019-04-11 18:20:11.0;
40;400;2019-04-11 18:21:42.0;
40;400.1;2019-04-11 18:21:44.0;
40;400;2019-04-11 18:21:45.0;
40;400.1;2019-04-11 18:21:47.0;
40;400;2019-04-11 18:21:48.0;
40;400.1;2019-04-11 18:22:04.0;
40;400;2019-04-11 18:22:06.0;
40;400.1;2019-04-11 18:22:07.0;
40;400;2019-04-11 18:22:09.0;
40;400.1;2019-04-11 18:22:11.0;
40;400;2019-04-11 18:22:13.0;
40;400.1;2019-04-11 18:22:15.0;
40;400;2019-04-11 18:22:16.0;
40;400.1;2019-04-11 18:22:18.0;
40;400.2;2019-04-11 18:24:31.0;
40;400.1;2019-04-11 18:24:32.0;
40;400.2;2019-04-11 18:24:42.0;
40;400.1;2019-04-11 18:24:43.0;
40;400.2;2019-04-11 18:24:44.0;
40;400.1;2019-04-11 18:24:46.0;
40;400.2;2019-04-11 18:24:47.0;
40;400.1;2019-04-11 18:24:49.0;
40;400.2;2019-04-11 18:24:51.0;
40;400.1;2019-04-11 18:25:04.0;
40;400.2;2019-04-11 18:25:07.0;
40;400.1;2019-04-11 18:25:09.0;
40;400.2;2019-04-11 18:25:15.0;
40;400.1;2019-04-11 18:25:20.0;
40;400;2019-04-11 18:26:12.0;
40;400.1;2019-04-11 18:26:13.0;
40;400;2019-04-11 18:26:14.0;
40;400.1;2019-04-11 18:26:17.0;
40;400;2019-04-11 18:26:19.0;
40;400.1;2019-04-11 18:26:21.0;
40;400;2019-04-11 18:26:25.0;
40;400.1;2019-04-11 18:26:56.0;
40;400;2019-04-11 18:26:57.0;
40;400.1;2019-04-11 18:26:58.0;
40;400;2019-04-11 18:27:02.0;
40;400.1;2019-04-11 18:27:03.0;
40;400;2019-04-11 18:27:05.0;
40;400.1;2019-04-11 18:27:09.0;
40;400;2019-04-11 18:27:14.0;
40;400.1;2019-04-11 18:27:16.0;
40;400;2019-04-11 18:27:22.0;
40;400.1;2019-04-11 18:27:23.0;
40;400;2019-04-11 18:27:26.0;
40;400.1;2019-04-11 18:27:28.0;
40;400;2019-04-11 18:27:30.0;
40;400.1;2019-04-11 18:27:33.0;
40;400;2019-04-11 18:27:34.0;
40;400.1;2019-04-11 18:31:40.0;
40;400;2019-04-11 18:31:43.0;
40;400.1;2019-04-11 18:31:45.0;
40;400;2019-04-11 18:31:46.0;
40;400.1;2019-04-11 18:31:48.0;
40;400;2019-04-11 18:31:52.0;
40;400.1;2019-04-11 18:31:55.0;
40;400.2;2019-04-11 18:32:50.0;
40;400.1;2019-04-11 18:32:53.0;
40;400.2;2019-04-11 18:32:59.0;
40;400.1;2019-04-11 18:33:02.0;
40;400.2;2019-04-11 18:33:10.0;
40;400.1;2019-04-11 18:33:42.0;
40;400.2;2019-04-11 18:33:44.0;
40;400.1;2019-04-11 18:33:52.0;
40;400.15;2019-04-11 18:34:59.0;
40;400.1;2019-04-11 18:35:06.0;
40;400.15;2019-04-11 18:35:07.0;
40;400.1;2019-04-11 18:35:10.0;
40;400.15;2019-04-11 18:35:13.0;
40;400.1;2019-04-11 18:35:14.0;
40;400.15;2019-04-11 18:35:15.0;
40;400.1;2019-04-11 18:35:17.0;
40;400.15;2019-04-11 18:35:23.0;
40;400.1;2019-04-11 18:35:25.0;
40;400.15;2019-04-11 18:35:26.0;
40;400.1;2019-04-11 18:35:32.0;
40;400.15;2019-04-11 18:35:37.0;
40;400.1;2019-04-11 18:35:38.0;
40;400.15;2019-04-11 18:35:49.0;
40;400.1;2019-04-11 18:35:50.0;
40;400.15;2019-04-11 18:35:52.0;
40;400.1;2019-04-11 18:35:55.0;
40;400.15;2019-04-11 18:36:03.0;
40;400.1;2019-04-11 18:36:05.0;
40;400.15;2019-04-11 18:36:06.0;
40;400.2;2019-04-11 18:36:35.0;
40;400.15;2019-04-11 18:36:37.0;
40;400.2;2019-04-11 18:36:40.0;
40;400.3;2019-04-11 18:40:41.0;
40;400.2;2019-04-11 18:40:47.0;
40;400.3;2019-04-11 18:40:50.0;
40;400.2;2019-04-11 18:40:52.0;
40;400.3;2019-04-11 18:40:56.0;
40;400.25;2019-04-11 18:40:57.0;
40;400.3;2019-04-11 18:41:00.0;
40;400.25;2019-04-11 18:41:06.0;
40;400.3;2019-04-11 18:41:08.0;
40;400.25;2019-04-11 18:41:09.0;
40;400.3;2019-04-11 18:41:10.0;
40;400.25;2019-04-11 18:41:12.0;
40;400.2;2019-04-11 18:41:13.0;
40;400.25;2019-04-11 18:41:19.0;
40;400.2;2019-04-11 18:41:25.0;
40;400.25;2019-04-11 18:44:40.0;
40;400.2;2019-04-11 18:44:42.0;
40;400.25;2019-04-11 18:44:45.0;
40;400.2;2019-04-11 18:44:46.0;
40;400.25;2019-04-11 18:44:50.0;
40;400.3;2019-04-11 18:45:22.0;
40;400.2;2019-04-11 18:45:58.0;
40;400.15;2019-04-11 18:49:46.0;
40;400.2;2019-04-11 18:49:49.0;
40;400.15;2019-04-11 18:49:51.0;
40;400.2;2019-04-11 18:50:19.0;
40;400.15;2019-04-11 18:50:22.0;
40;400.2;2019-04-11 18:50:27.0;
40;400.3;2019-04-11 18:52:40.0;
40;400.2;2019-04-11 18:52:41.0;
40;400.3;2019-04-11 18:52:43.0;
40;400.4;2019-04-11 18:54:55.0;
40;400.3;2019-04-11 18:54:56.0;
40;400.4;2019-04-11 18:54:58.0;
40;400.3;2019-04-11 18:54:59.0;
40;400.4;2019-04-11 18:55:05.0;
40;400.35;2019-04-11 18:55:06.0;
40;400.3;2019-04-11 18:55:08.0;
40;400.4;2019-04-11 18:55:09.0;
40;400.35;2019-04-11 18:55:11.0;
40;400.4;2019-04-11 18:55:13.0;
40;400.3;2019-04-11 18:55:15.0;
40;400.4;2019-04-11 18:55:18.0;
40;400.35;2019-04-11 18:55:22.0;
40;400.4;2019-04-11 18:55:25.0;
40;400.35;2019-04-11 18:55:34.0;
40;400.4;2019-04-11 18:55:36.0;
40;400.35;2019-04-11 18:55:55.0;
40;400.4;2019-04-11 18:55:57.0;
40;400.35;2019-04-11 18:55:58.0;
40;400.4;2019-04-11 18:56:03.0;
40;400.35;2019-04-11 18:56:04.0;
40;400.4;2019-04-11 18:56:05.0;
40;400.35;2019-04-11 18:56:08.0;
40;400.3;2019-04-11 18:56:17.0;
40;400.35;2019-04-11 18:56:19.0;
40;400.3;2019-04-11 18:56:21.0;
40;400.35;2019-04-11 18:56:23.0;
40;400.3;2019-04-11 18:56:25.0;
40;400.35;2019-04-11 18:56:27.0;
40;400.3;2019-04-11 18:56:28.0;
40;400.35;2019-04-11 18:56:29.0;
40;400.3;2019-04-11 18:56:31.0;
40;400.4;2019-04-11 19:01:14.0;
40;400.3;2019-04-11 19:01:19.0;
40;400.4;2019-04-11 19:01:22.0;
40;400.3;2019-04-11 19:01:23.0;
40;400.4;2019-04-11 19:01:25.0;
40;400.3;2019-04-11 19:01:30.0;
40;400.4;2019-04-11 19:01:34.0;
40;400.45;2019-04-11 19:02:47.0;
40;400.4;2019-04-11 19:02:50.0;
40;400.45;2019-04-11 19:03:03.0;
40;400.4;2019-04-11 19:03:05.0;
40;400.45;2019-04-11 19:03:09.0;
40;400.4;2019-04-11 19:03:11.0;
40;400.45;2019-04-11 19:03:15.0;
40;400.4;2019-04-11 19:03:16.0;
40;400.35;2019-04-11 19:04:27.0;
40;400.4;2019-04-11 19:04:28.0;
40;400.35;2019-04-11 19:04:32.0;
40;400.4;2019-04-11 19:04:33.0;
40;400.35;2019-04-11 19:04:36.0;
40;400.4;2019-04-11 19:05:10.0;
40;400.35;2019-04-11 19:05:11.0;
40;400.4;2019-04-11 19:05:20.0;
40;400.35;2019-04-11 19:05:22.0;
40;400.4;2019-04-11 19:05:26.0;
40;400.35;2019-04-11 19:05:28.0;
40;400.4;2019-04-11 19:05:30.0;
40;400.5;2019-04-11 19:09:52.0;
40;400.4;2019-04-11 19:09:53.0;
40;400.5;2019-04-11 19:09:54.0;
40;400.4;2019-04-11 19:09:56.0;
40;400.5;2019-04-11 19:09:59.0;
40;400.4;2019-04-11 19:16:35.0;
40;400.3;2019-04-11 19:22:37.0;
40;400.4;2019-04-11 19:22:39.0;
40;400.3;2019-04-11 19:22:42.0;
40;400.4;2019-04-11 19:22:43.0;
40;400.3;2019-04-11 19:22:46.0;
40;400.4;2019-04-11 19:22:48.0;
40;400.3;2019-04-11 19:22:50.0;
40;400.4;2019-04-11 19:22:52.0;
40;400.3;2019-04-11 19:22:56.0;
40;400.4;2019-04-11 19:22:57.0;
40;400.3;2019-04-11 19:23:01.0;
40;400.4;2019-04-11 19:23:03.0;
40;400.3;2019-04-11 19:23:04.0;
40;400.4;2019-04-11 19:23:06.0;
40;400.3;2019-04-11 19:24:32.0;
40;400.4;2019-04-11 19:24:40.0;
40;400.3;2019-04-11 19:24:41.0;
40;400.4;2019-04-11 19:27:19.0;
40;400.3;2019-04-11 19:31:04.0;
40;400.4;2019-04-11 19:31:05.0;
40;400.3;2019-04-11 19:31:07.0;
40;400.4;2019-04-11 19:31:10.0;
40;400.3;2019-04-11 19:31:12.0;
40;400.4;2019-04-11 19:31:14.0;
40;400.3;2019-04-11 19:31:15.0;
40;400.35;2019-04-11 19:31:28.0;
40;400.3;2019-04-11 19:31:29.0;
40;400.35;2019-04-11 19:31:32.0;
40;400.3;2019-04-11 19:31:33.0;
40;400.35;2019-04-11 19:31:38.0;
40;400.3;2019-04-11 19:31:39.0;
40;400.35;2019-04-11 19:31:42.0;
40;400.3;2019-04-11 19:31:43.0;
40;400.35;2019-04-11 19:31:46.0;
40;400.3;2019-04-11 19:31:49.0;
40;400.35;2019-04-11 19:31:52.0;
40;400.3;2019-04-11 19:31:55.0;
40;400.35;2019-04-11 19:31:56.0;
40;400.3;2019-04-11 19:31:58.0;
40;400.35;2019-04-11 19:35:34.0;
40;400.3;2019-04-11 19:35:38.0;
40;400.35;2019-04-11 19:35:40.0;
40;400.3;2019-04-11 19:35:48.0;
40;400.35;2019-04-11 19:35:51.0;
40;400.3;2019-04-11 19:35:52.0;
40;400.35;2019-04-11 19:35:55.0;
40;400.3;2019-04-11 19:36:03.0;
40;400.25;2019-04-11 19:38:27.0;
40;400.3;2019-04-11 19:38:31.0;
40;400.25;2019-04-11 19:38:39.0;
40;400.3;2019-04-11 19:38:42.0;
40;400.25;2019-04-11 19:38:51.0;
40;400.3;2019-04-11 19:38:52.0;
40;400.25;2019-04-11 19:38:58.0;
40;400.3;2019-04-11 19:38:59.0;
40;400.25;2019-04-11 19:39:03.0;
40;400.3;2019-04-11 19:39:05.0;
40;400.25;2019-04-11 19:39:08.0;
40;400.3;2019-04-11 19:39:11.0;
40;400.25;2019-04-11 19:39:12.0;
40;400.2;2019-04-11 19:39:46.0;
40;400.25;2019-04-11 19:39:48.0;
40;400.2;2019-04-11 19:39:49.0;
40;400.25;2019-04-11 19:39:52.0;
40;400.2;2019-04-11 19:39:58.0;
40;400.25;2019-04-11 19:39:59.0;
40;400.2;2019-04-11 19:40:01.0;
40;400.1;2019-04-11 19:40:50.0;
40;400.2;2019-04-11 19:40:52.0;
40;400.1;2019-04-11 19:40:54.0;
40;400.2;2019-04-11 19:40:55.0;
40;400.1;2019-04-11 19:40:57.0;
40;400.2;2019-04-11 19:41:01.0;
40;400.1;2019-04-11 19:41:08.0;
40;400.15;2019-04-11 19:41:09.0;
40;400.1;2019-04-11 19:41:12.0;
40;400.15;2019-04-11 19:41:17.0;
40;400.1;2019-04-11 19:41:18.0;
40;400.15;2019-04-11 19:41:23.0;
40;400.1;2019-04-11 19:41:26.0;
40;400.15;2019-04-11 19:41:27.0;
40;400.1;2019-04-11 19:41:29.0;
40;400.15;2019-04-11 19:41:38.0;
40;400.1;2019-04-11 19:41:40.0;
40;400.05;2019-04-11 19:42:32.0;
40;400.1;2019-04-11 19:42:33.0;
40;400.05;2019-04-11 19:42:36.0;
40;400.1;2019-04-11 19:42:37.0;
40;400.05;2019-04-11 19:42:40.0;
40;400.1;2019-04-11 19:42:41.0;
40;400.05;2019-04-11 19:42:43.0;
40;400.1;2019-04-11 19:42:51.0;
40;400.05;2019-04-11 19:42:54.0;
40;400.1;2019-04-11 19:42:57.0;
40;400.05;2019-04-11 19:43:00.0;
40;400.1;2019-04-11 19:43:01.0;
40;400.05;2019-04-11 19:43:04.0;
40;400.1;2019-04-11 19:43:05.0;
40;400.05;2019-04-11 19:43:10.0;
40;400.1;2019-04-11 19:43:11.0;
40;400.05;2019-04-11 19:43:18.0;
40;400.1;2019-04-11 19:43:19.0;
40;400.05;2019-04-11 19:43:22.0;
40;400.1;2019-04-11 19:43:24.0;
40;400.05;2019-04-11 19:43:29.0;
40;400.1;2019-04-11 19:43:31.0;
40;400.2;2019-04-11 19:46:39.0;
40;400.1;2019-04-11 19:46:40.0;
40;400.2;2019-04-11 19:46:42.0;
40;400.1;2019-04-11 19:46:43.0;
40;400.2;2019-04-11 19:46:46.0;
40;400.1;2019-04-11 19:46:50.0;
40;400.2;2019-04-11 19:46:52.0;
40;400.1;2019-04-11 19:46:53.0;
40;400.2;2019-04-11 19:46:57.0;
40;400.1;2019-04-11 19:46:59.0;
40;400.2;2019-04-11 19:47:02.0;
40;400.15;2019-04-11 19:47:03.0;
40;400.2;2019-04-11 19:47:06.0;
40;400.15;2019-04-11 19:47:07.0;
40;400.2;2019-04-11 19:47:09.0;
40;400.15;2019-04-11 19:47:10.0;
40;400.2;2019-04-11 19:47:12.0;
40;400.15;2019-04-11 19:47:23.0;
40;400.2;2019-04-11 19:47:24.0;
40;400.15;2019-04-11 19:47:26.0;
40;400.2;2019-04-11 19:47:29.0;
40;400.15;2019-04-11 19:47:30.0;
40;400.2;2019-04-11 19:47:32.0;
40;400.25;2019-04-11 19:50:29.0;
40;400.2;2019-04-11 19:50:32.0;
40;400.25;2019-04-11 19:50:36.0;
40;400.2;2019-04-11 19:50:38.0;
40;400.25;2019-04-11 19:50:40.0;
40;400.2;2019-04-11 19:50:44.0;
40;400.25;2019-04-11 19:50:45.0;
40;400.2;2019-04-11 19:50:46.0;
40;400.25;2019-04-11 19:50:52.0;
40;400.2;2019-04-11 19:50:55.0;
40;400.3;2019-04-11 19:51:18.0;
40;400.2;2019-04-11 19:51:21.0;
40;400.3;2019-04-11 19:51:23.0;
40;400.2;2019-04-11 19:52:25.0;
40;400.3;2019-04-11 19:52:27.0;
40;400.2;2019-04-11 19:52:28.0;
40;400.3;2019-04-11 19:52:32.0;
40;400.2;2019-04-11 19:52:34.0;
40;400.3;2019-04-11 19:52:37.0;
40;400.2;2019-04-11 19:52:39.0;
40;400.3;2019-04-11 19:52:40.0;
40;400.2;2019-04-11 19:52:43.0;
40;400.3;2019-04-11 19:52:50.0;
40;400.2;2019-04-11 19:52:51.0;
40;400.25;2019-04-11 19:53:08.0;
40;400.2;2019-04-11 19:53:09.0;
40;400.25;2019-04-11 19:53:12.0;
40;400.2;2019-04-11 19:53:13.0;
40;400.25;2019-04-11 19:53:17.0;
40;400.2;2019-04-11 19:53:19.0;
40;400.25;2019-04-11 19:53:20.0;
40;400.2;2019-04-11 19:53:22.0;
40;400.25;2019-04-11 19:53:26.0;
40;400.2;2019-04-11 19:53:29.0;
40;400.25;2019-04-11 19:53:35.0;
40;400.2;2019-04-11 19:53:36.0;
40;400.25;2019-04-11 19:53:37.0;
40;400.2;2019-04-11 19:53:39.0;
40;400.25;2019-04-11 19:53:46.0;
40;400.2;2019-04-11 19:53:47.0;
40;400.25;2019-04-11 19:53:53.0;
40;400.2;2019-04-11 19:53:56.0;
40;400.25;2019-04-11 19:53:58.0;
40;400.2;2019-04-11 19:54:18.0;
40;400.25;2019-04-11 19:54:20.0;
40;400.2;2019-04-11 19:54:25.0;
40;400.25;2019-04-11 19:54:28.0;
40;400.2;2019-04-11 19:54:30.0;
40;400.1;2019-04-11 19:55:43.0;
40;400.2;2019-04-11 19:55:44.0;
40;400.1;2019-04-11 19:55:50.0;
40;400.2;2019-04-11 19:55:56.0;
40;400.1;2019-04-11 19:55:57.0;
40;400.2;2019-04-11 19:56:00.0;
40;400.1;2019-04-11 19:56:01.0;
40;400.2;2019-04-11 19:56:27.0;
40;400.1;2019-04-11 19:56:28.0;
40;400.2;2019-04-11 19:56:29.0;
40;400.1;2019-04-11 19:56:32.0;
40;400.2;2019-04-11 19:56:34.0;
40;400.1;2019-04-11 19:56:35.0;
40;400.2;2019-04-11 19:56:40.0;
40;400.1;2019-04-11 19:56:44.0;
40;400.2;2019-04-11 19:56:45.0;
40;400.1;2019-04-11 19:56:47.0;
40;400.2;2019-04-11 19:56:48.0;
40;400.15;2019-04-11 19:59:12.0;
40;400.2;2019-04-11 19:59:14.0;
40;400.15;2019-04-11 19:59:15.0;
41;52425;2019-04-11 11:15:27.0;
41;52426;2019-04-11 11:15:45.0;
41;52434;2019-04-11 11:16:03.0;
41;52426;2019-04-11 11:16:04.0;
41;52434;2019-04-11 11:16:06.0;
41;52430;2019-04-11 11:16:07.0;
41;52434;2019-04-11 11:16:08.0;
41;52430;2019-04-11 11:16:10.0;
41;52428;2019-04-11 11:17:41.0;
41;52430;2019-04-11 11:18:04.0;
41;52437;2019-04-11 11:18:24.0;
41;52438;2019-04-11 11:18:30.0;
41;52437;2019-04-11 11:18:37.0;
41;52436;2019-04-11 11:19:39.0;
41;52432;2019-04-11 11:19:44.0;
41;52431;2019-04-11 11:19:50.0;
41;52430;2019-04-11 11:20:04.0;
41;52429;2019-04-11 11:20:11.0;
41;52428;2019-04-11 11:20:43.0;
41;52430;2019-04-11 11:21:03.0;
41;52434;2019-04-11 11:21:07.0;
41;52430;2019-04-11 11:21:09.0;
41;52434;2019-04-11 11:21:12.0;
41;52428;2019-04-11 11:21:21.0;
41;52417;2019-04-11 11:22:04.0;
41;52428;2019-04-11 11:22:07.0;
41;52418;2019-04-11 11:22:08.0;
41;52413;2019-04-11 11:22:17.0;
41;52414;2019-04-11 11:22:33.0;
41;52418;2019-04-11 11:22:38.0;
41;52414;2019-04-11 11:22:56.0;
41;52415;2019-04-11 11:23:11.0;
41;52420;2019-04-11 11:23:18.0;
41;52428;2019-04-11 11:23:23.0;
41;52420;2019-04-11 11:23:25.0;
41;52418;2019-04-11 11:23:27.0;
41;52408;2019-04-11 11:23:31.0;
41;52418;2019-04-11 11:23:34.0;
41;52410;2019-04-11 11:23:35.0;
41;52411;2019-04-11 11:24:32.0;
41;52422;2019-04-11 11:24:37.0;
41;52427;2019-04-11 11:24:41.0;
41;52426;2019-04-11 11:24:45.0;
41;52421;2019-04-11 11:24:54.0;
41;52420;2019-04-11 11:24:55.0;
41;52421;2019-04-11 11:24:58.0;
41;52420;2019-04-11 11:24:59.0;
41;52418;2019-04-11 11:25:24.0;
41;52417;2019-04-11 11:25:30.0;
41;52416;2019-04-11 11:25:44.0;
41;52414;2019-04-11 11:26:04.0;
41;52409;2019-04-11 11:26:15.0;
41;52406;2019-04-11 11:26:20.0;
41;52404;2019-04-11 11:26:27.0;
41;52405;2019-04-11 11:26:55.0;
41;52404;2019-04-11 11:27:01.0;
41;52406;2019-04-11 11:27:08.0;
41;52404;2019-04-11 11:27:10.0;
41;52406;2019-04-11 11:27:12.0;
41;52407;2019-04-11 11:27:13.0;
41;52414;2019-04-11 11:27:19.0;
41;52412;2019-04-11 11:27:32.0;
41;52414;2019-04-11 11:27:33.0;
41;52412;2019-04-11 11:27:36.0;
41;52408;2019-04-11 11:27:43.0;
41;52412;2019-04-11 11:27:45.0;
41;52408;2019-04-11 11:27:46.0;
41;52405;2019-04-11 11:28:04.0;
41;52404;2019-04-11 11:28:11.0;
41;52415;2019-04-11 11:28:23.0;
41;52412;2019-04-11 11:28:33.0;
41;52402;2019-04-11 11:28:36.0;
41;52412;2019-04-11 11:28:38.0;
41;52402;2019-04-11 11:28:39.0;
41;52410;2019-04-11 11:28:46.0;
41;52407;2019-04-11 11:28:51.0;
41;52404;2019-04-11 11:29:07.0;
41;52400;2019-04-11 11:29:14.0;
41;52402;2019-04-11 11:29:20.0;
41;52400;2019-04-11 11:29:27.0;
41;52397;2019-04-11 11:29:43.0;
41;52384;2019-04-11 11:30:05.0;
41;52397;2019-04-11 11:30:17.0;
41;52396;2019-04-11 11:30:22.0;
41;52386;2019-04-11 11:30:23.0;
41;52394;2019-04-11 11:30:41.0;
41;52393;2019-04-11 11:30:43.0;
41;52398;2019-04-11 11:30:47.0;
41;52396;2019-04-11 11:30:56.0;
41;52398;2019-04-11 11:30:57.0;
41;52396;2019-04-11 11:30:59.0;
41;52388;2019-04-11 11:31:00.0;
41;52389;2019-04-11 11:31:09.0;
41;52388;2019-04-11 11:31:16.0;
41;52389;2019-04-11 11:31:18.0;
41;52388;2019-04-11 11:31:20.0;
41;52386;2019-04-11 11:31:21.0;
41;52384;2019-04-11 11:31:32.0;
41;52386;2019-04-11 11:31:35.0;
41;52382;2019-04-11 11:31:40.0;
41;52381;2019-04-11 11:31:47.0;
41;52380;2019-04-11 11:32:06.0;
41;52381;2019-04-11 11:32:07.0;
41;52379;2019-04-11 11:32:11.0;
41;52370;2019-04-11 11:32:16.0;
41;52367;2019-04-11 11:32:20.0;
41;52366;2019-04-11 11:32:22.0;
41;52367;2019-04-11 11:32:24.0;
41;52366;2019-04-11 11:32:25.0;
41;52372;2019-04-11 11:32:27.0;
41;52366;2019-04-11 11:32:37.0;
41;52365;2019-04-11 11:32:44.0;
41;52364;2019-04-11 11:32:55.0;
41;52365;2019-04-11 11:32:56.0;
41;52364;2019-04-11 11:32:57.0;
41;52363;2019-04-11 11:33:15.0;
41;52364;2019-04-11 11:33:24.0;
41;52365;2019-04-11 11:33:31.0;
41;52356;2019-04-11 11:34:04.0;
41;52355;2019-04-11 11:34:11.0;
41;52362;2019-04-11 11:34:15.0;
41;52356;2019-04-11 11:34:22.0;
41;52357;2019-04-11 11:34:29.0;
41;52358;2019-04-11 11:34:31.0;
41;52357;2019-04-11 11:34:32.0;
41;52358;2019-04-11 11:34:35.0;
41;52374;2019-04-11 11:34:48.0;
41;52376;2019-04-11 11:34:53.0;
41;52375;2019-04-11 11:34:55.0;
41;52376;2019-04-11 11:34:57.0;
41;52375;2019-04-11 11:34:58.0;
41;52374;2019-04-11 11:34:59.0;
41;52373;2019-04-11 11:35:04.0;
41;52370;2019-04-11 11:35:08.0;
41;52382;2019-04-11 11:35:30.0;
41;52384;2019-04-11 11:35:37.0;
41;52386;2019-04-11 11:35:49.0;
41;52375;2019-04-11 11:36:03.0;
41;52374;2019-04-11 11:36:23.0;
41;52375;2019-04-11 11:36:24.0;
41;52374;2019-04-11 11:36:26.0;
41;52367;2019-04-11 11:36:27.0;
41;52364;2019-04-11 11:36:32.0;
41;52367;2019-04-11 11:36:34.0;
41;52365;2019-04-11 11:36:36.0;
41;52363;2019-04-11 11:36:38.0;
41;52362;2019-04-11 11:36:52.0;
41;52375;2019-04-11 11:37:03.0;
41;52373;2019-04-11 11:37:08.0;
41;52375;2019-04-11 11:37:26.0;
41;52372;2019-04-11 11:37:28.0;
41;52373;2019-04-11 11:37:35.0;
41;52372;2019-04-11 11:37:36.0;
41;52373;2019-04-11 11:37:38.0;
41;52374;2019-04-11 11:37:45.0;
41;52372;2019-04-11 11:38:03.0;
41;52371;2019-04-11 11:38:17.0;
41;52370;2019-04-11 11:38:20.0;
41;52372;2019-04-11 11:38:28.0;
41;52370;2019-04-11 11:38:29.0;
41;52372;2019-04-11 11:38:30.0;
41;52371;2019-04-11 11:38:33.0;
41;52364;2019-04-11 11:38:36.0;
41;52368;2019-04-11 11:38:41.0;
41;52369;2019-04-11 11:38:43.0;
41;52368;2019-04-11 11:38:47.0;
41;52366;2019-04-11 11:38:53.0;
41;52358;2019-04-11 11:38:55.0;
41;52354;2019-04-11 11:39:05.0;
41;52355;2019-04-11 11:39:07.0;
41;52358;2019-04-11 11:39:24.0;
41;52356;2019-04-11 11:39:30.0;
41;52352;2019-04-11 11:39:44.0;
41;52347;2019-04-11 11:40:04.0;
41;52352;2019-04-11 11:40:05.0;
41;52359;2019-04-11 11:40:07.0;
41;52360;2019-04-11 11:40:11.0;
41;52359;2019-04-11 11:40:14.0;
41;52360;2019-04-11 11:40:15.0;
41;52362;2019-04-11 11:40:17.0;
41;52364;2019-04-11 11:40:31.0;
41;52356;2019-04-11 11:40:55.0;
41;52362;2019-04-11 11:41:08.0;
41;52359;2019-04-11 11:41:12.0;
41;52357;2019-04-11 11:41:19.0;
41;52350;2019-04-11 11:41:27.0;
41;52348;2019-04-11 11:41:35.0;
41;52349;2019-04-11 11:41:49.0;
41;52348;2019-04-11 11:42:04.0;
41;52349;2019-04-11 11:42:07.0;
41;52350;2019-04-11 11:42:13.0;
41;52347;2019-04-11 11:42:36.0;
41;52345;2019-04-11 11:42:39.0;
41;52347;2019-04-11 11:42:43.0;
41;52345;2019-04-11 11:42:46.0;
41;52344;2019-04-11 11:42:51.0;
41;52345;2019-04-11 11:43:10.0;
41;52346;2019-04-11 11:43:29.0;
41;52345;2019-04-11 11:43:32.0;
41;52348;2019-04-11 11:43:38.0;
41;52366;2019-04-11 11:43:40.0;
41;52358;2019-04-11 11:44:06.0;
41;52354;2019-04-11 11:44:12.0;
41;52352;2019-04-11 11:44:18.0;
41;52346;2019-04-11 11:44:25.0;
41;52345;2019-04-11 11:44:42.0;
41;52346;2019-04-11 11:44:53.0;
41;52348;2019-04-11 11:44:55.0;
41;52350;2019-04-11 11:45:02.0;
41;52352;2019-04-11 11:45:07.0;
41;52350;2019-04-11 11:45:09.0;
41;52352;2019-04-11 11:45:10.0;
41;52355;2019-04-11 11:45:11.0;
41;52357;2019-04-11 11:45:15.0;
41;52355;2019-04-11 11:45:16.0;
41;52357;2019-04-11 11:45:19.0;
41;52356;2019-04-11 11:45:23.0;
41;52358;2019-04-11 11:45:26.0;
41;52356;2019-04-11 11:45:29.0;
41;52358;2019-04-11 11:45:31.0;
41;52359;2019-04-11 11:45:42.0;
41;52360;2019-04-11 11:46:04.0;
41;52349;2019-04-11 11:46:11.0;
41;52344;2019-04-11 11:46:20.0;
41;52349;2019-04-11 11:46:28.0;
41;52348;2019-04-11 11:46:49.0;
41;52350;2019-04-11 11:46:52.0;
41;52356;2019-04-11 11:46:59.0;
41;52350;2019-04-11 11:47:01.0;
41;52356;2019-04-11 11:47:02.0;
41;52360;2019-04-11 11:47:03.0;
41;52367;2019-04-11 11:47:10.0;
41;52366;2019-04-11 11:47:21.0;
41;52368;2019-04-11 11:47:24.0;
41;52366;2019-04-11 11:47:27.0;
41;52367;2019-04-11 11:47:28.0;
41;52359;2019-04-11 11:47:32.0;
41;52358;2019-04-11 11:47:35.0;
41;52359;2019-04-11 11:47:37.0;
41;52358;2019-04-11 11:47:38.0;
41;52348;2019-04-11 11:47:49.0;
41;52355;2019-04-11 11:48:13.0;
41;52356;2019-04-11 11:48:24.0;
41;52355;2019-04-11 11:48:25.0;
41;52356;2019-04-11 11:48:27.0;
41;52357;2019-04-11 11:48:29.0;
41;52358;2019-04-11 11:48:41.0;
41;52360;2019-04-11 11:48:56.0;
41;52358;2019-04-11 11:48:57.0;
41;52360;2019-04-11 11:48:59.0;
41;52379;2019-04-11 11:49:00.0;
41;52380;2019-04-11 11:49:04.0;
41;52384;2019-04-11 11:49:11.0;
41;52380;2019-04-11 11:49:14.0;
41;52384;2019-04-11 11:49:16.0;
41;52386;2019-04-11 11:49:22.0;
41;52384;2019-04-11 11:49:43.0;
41;52386;2019-04-11 11:50:05.0;
41;52388;2019-04-11 11:50:07.0;
41;52392;2019-04-11 11:50:18.0;
41;52396;2019-04-11 11:50:28.0;
41;52390;2019-04-11 11:50:31.0;
41;52389;2019-04-11 11:50:47.0;
41;52390;2019-04-11 11:50:51.0;
41;52391;2019-04-11 11:51:14.0;
41;52394;2019-04-11 11:51:19.0;
41;52386;2019-04-11 11:51:28.0;
41;52384;2019-04-11 11:51:33.0;
41;52387;2019-04-11 11:52:04.0;
41;52386;2019-04-11 11:52:09.0;
41;52385;2019-04-11 11:52:11.0;
41;52386;2019-04-11 11:52:12.0;
41;52384;2019-04-11 11:52:15.0;
41;52381;2019-04-11 11:52:26.0;
41;52382;2019-04-11 11:52:35.0;
41;52376;2019-04-11 11:52:42.0;
41;52368;2019-04-11 11:52:43.0;
41;52367;2019-04-11 11:52:47.0;
41;52368;2019-04-11 11:52:49.0;
41;52374;2019-04-11 11:52:51.0;
41;52376;2019-04-11 11:52:59.0;
41;52377;2019-04-11 11:53:04.0;
41;52382;2019-04-11 11:53:08.0;
41;52388;2019-04-11 11:53:12.0;
41;52390;2019-04-11 11:53:24.0;
41;52375;2019-04-11 11:54:04.0;
41;52390;2019-04-11 11:54:05.0;
41;52375;2019-04-11 11:54:07.0;
41;52376;2019-04-11 11:54:08.0;
41;52374;2019-04-11 11:54:10.0;
41;52384;2019-04-11 11:54:14.0;
41;52386;2019-04-11 11:54:23.0;
41;52384;2019-04-11 11:54:24.0;
41;52386;2019-04-11 11:54:26.0;
41;52396;2019-04-11 11:54:28.0;
41;52400;2019-04-11 11:54:30.0;
41;52396;2019-04-11 11:54:33.0;
41;52400;2019-04-11 11:54:34.0;
41;52399;2019-04-11 11:54:40.0;
41;52390;2019-04-11 11:54:46.0;
41;52392;2019-04-11 11:54:52.0;
41;52383;2019-04-11 11:54:59.0;
41;52380;2019-04-11 11:55:04.0;
41;52382;2019-04-11 11:55:16.0;
41;52387;2019-04-11 11:55:24.0;
41;52390;2019-04-11 11:55:38.0;
41;52388;2019-04-11 11:55:46.0;
41;52385;2019-04-11 11:56:03.0;
41;52382;2019-04-11 11:56:07.0;
41;52376;2019-04-11 11:56:45.0;
41;52378;2019-04-11 11:56:49.0;
41;52376;2019-04-11 11:57:17.0;
41;52366;2019-04-11 11:57:23.0;
41;52367;2019-04-11 11:57:27.0;
41;52366;2019-04-11 11:57:28.0;
41;52367;2019-04-11 11:57:30.0;
41;52373;2019-04-11 11:57:33.0;
41;52372;2019-04-11 11:57:34.0;
41;52374;2019-04-11 11:57:43.0;
41;52372;2019-04-11 11:57:47.0;
41;52373;2019-04-11 11:58:05.0;
41;52372;2019-04-11 11:58:08.0;
41;52374;2019-04-11 11:58:11.0;
41;52373;2019-04-11 11:58:16.0;
41;52372;2019-04-11 11:58:26.0;
41;52373;2019-04-11 11:58:28.0;
41;52372;2019-04-11 11:58:29.0;
41;52370;2019-04-11 11:58:32.0;
41;52372;2019-04-11 11:58:33.0;
41;52370;2019-04-11 11:58:35.0;
41;52371;2019-04-11 11:58:40.0;
41;52372;2019-04-11 11:59:14.0;
41;52374;2019-04-11 11:59:18.0;
41;52372;2019-04-11 11:59:43.0;
41;52371;2019-04-11 11:59:49.0;
41;52362;2019-04-11 12:00:06.0;
41;52356;2019-04-11 12:00:17.0;
41;52350;2019-04-11 12:00:23.0;
41;52352;2019-04-11 12:00:28.0;
41;52353;2019-04-11 12:00:33.0;
41;52354;2019-04-11 12:00:35.0;
41;52353;2019-04-11 12:00:38.0;
41;52354;2019-04-11 12:00:39.0;
41;52356;2019-04-11 12:00:46.0;
41;52353;2019-04-11 12:00:52.0;
41;52354;2019-04-11 12:00:56.0;
41;52352;2019-04-11 12:01:00.0;
41;52356;2019-04-11 12:01:11.0;
41;52366;2019-04-11 12:01:16.0;
41;52356;2019-04-11 12:01:18.0;
41;52366;2019-04-11 12:01:20.0;
41;52368;2019-04-11 12:01:27.0;
41;52364;2019-04-11 12:01:31.0;
41;52366;2019-04-11 12:01:39.0;
41;52364;2019-04-11 12:01:43.0;
41;52366;2019-04-11 12:01:44.0;
41;52364;2019-04-11 12:01:47.0;
41;52358;2019-04-11 12:02:05.0;
41;52360;2019-04-11 12:03:10.0;
41;52358;2019-04-11 12:03:25.0;
41;52357;2019-04-11 12:03:50.0;
41;52359;2019-04-11 12:04:06.0;
41;52358;2019-04-11 12:04:13.0;
41;52354;2019-04-11 12:04:18.0;
41;52350;2019-04-11 12:04:28.0;
41;52349;2019-04-11 12:04:32.0;
41;52348;2019-04-11 12:04:38.0;
41;52347;2019-04-11 12:04:46.0;
41;52354;2019-04-11 12:04:48.0;
41;52347;2019-04-11 12:04:49.0;
41;52354;2019-04-11 12:04:51.0;
41;52360;2019-04-11 12:04:54.0;
41;52362;2019-04-11 12:04:55.0;
41;52360;2019-04-11 12:04:56.0;
41;52362;2019-04-11 12:04:58.0;
41;52366;2019-04-11 12:05:12.0;
41;52362;2019-04-11 12:05:13.0;
41;52368;2019-04-11 12:05:15.0;
41;52374;2019-04-11 12:05:24.0;
41;52373;2019-04-11 12:05:51.0;
41;52364;2019-04-11 12:06:15.0;
41;52373;2019-04-11 12:06:17.0;
41;52353;2019-04-11 12:06:19.0;
41;52349;2019-04-11 12:06:24.0;
41;52353;2019-04-11 12:06:25.0;
41;52349;2019-04-11 12:06:27.0;
41;52347;2019-04-11 12:06:31.0;
41;52349;2019-04-11 12:06:33.0;
41;52347;2019-04-11 12:06:34.0;
41;52348;2019-04-11 12:06:41.0;
41;52346;2019-04-11 12:06:50.0;
41;52347;2019-04-11 12:06:58.0;
41;52360;2019-04-11 12:07:10.0;
41;52362;2019-04-11 12:07:11.0;
41;52360;2019-04-11 12:07:12.0;
41;52362;2019-04-11 12:07:15.0;
41;52360;2019-04-11 12:07:24.0;
41;52359;2019-04-11 12:07:38.0;
41;52369;2019-04-11 12:08:08.0;
41;52368;2019-04-11 12:09:15.0;
41;52376;2019-04-11 12:10:05.0;
41;52377;2019-04-11 12:10:09.0;
41;52378;2019-04-11 12:10:10.0;
41;52377;2019-04-11 12:10:12.0;
41;52378;2019-04-11 12:10:13.0;
41;52379;2019-04-11 12:10:16.0;
41;52380;2019-04-11 12:10:47.0;
41;52386;2019-04-11 12:11:04.0;
41;52387;2019-04-11 12:11:11.0;
41;52386;2019-04-11 12:11:13.0;
41;52387;2019-04-11 12:11:15.0;
41;52388;2019-04-11 12:11:47.0;
41;52382;2019-04-11 12:12:05.0;
41;52381;2019-04-11 12:12:07.0;
41;52380;2019-04-11 12:12:34.0;
41;52378;2019-04-11 12:12:41.0;
41;52376;2019-04-11 12:12:52.0;
41;52382;2019-04-11 12:13:01.0;
41;52385;2019-04-11 12:13:09.0;
41;52386;2019-04-11 12:13:45.0;
41;52374;2019-04-11 12:13:47.0;
41;52378;2019-04-11 12:14:04.0;
41;52374;2019-04-11 12:14:06.0;
41;52378;2019-04-11 12:14:07.0;
41;52377;2019-04-11 12:14:28.0;
41;52376;2019-04-11 12:15:12.0;
41;52377;2019-04-11 12:15:13.0;
41;52376;2019-04-11 12:15:16.0;
41;52374;2019-04-11 12:15:23.0;
41;52376;2019-04-11 12:15:24.0;
41;52374;2019-04-11 12:15:26.0;
41;52366;2019-04-11 12:15:33.0;
41;52374;2019-04-11 12:15:34.0;
41;52375;2019-04-11 12:16:09.0;
41;52376;2019-04-11 12:16:16.0;
41;52378;2019-04-11 12:16:19.0;
41;52376;2019-04-11 12:16:20.0;
41;52378;2019-04-11 12:16:22.0;
41;52383;2019-04-11 12:16:31.0;
41;52382;2019-04-11 12:16:37.0;
41;52376;2019-04-11 12:16:39.0;
41;52382;2019-04-11 12:16:40.0;
41;52376;2019-04-11 12:16:42.0;
41;52378;2019-04-11 12:16:49.0;
41;52380;2019-04-11 12:17:38.0;
41;52382;2019-04-11 12:18:51.0;
41;52378;2019-04-11 12:20:25.0;
41;52376;2019-04-11 12:20:45.0;
41;52378;2019-04-11 12:20:47.0;
41;52376;2019-04-11 12:20:50.0;
41;52378;2019-04-11 12:21:00.0;
41;52376;2019-04-11 12:21:13.0;
41;52373;2019-04-11 12:21:33.0;
41;52372;2019-04-11 12:22:04.0;
41;52375;2019-04-11 12:22:15.0;
41;52372;2019-04-11 12:22:18.0;
41;52375;2019-04-11 12:22:20.0;
41;52372;2019-04-11 12:22:21.0;
41;52379;2019-04-11 12:22:37.0;
41;52376;2019-04-11 12:22:42.0;
41;52379;2019-04-11 12:22:44.0;
41;52376;2019-04-11 12:22:45.0;
41;52378;2019-04-11 12:22:56.0;
41;52372;2019-04-11 12:22:59.0;
41;52370;2019-04-11 12:23:11.0;
41;52369;2019-04-11 12:23:12.0;
41;52370;2019-04-11 12:23:15.0;
41;52369;2019-04-11 12:23:16.0;
41;52370;2019-04-11 12:23:18.0;
41;52382;2019-04-11 12:23:35.0;
41;52370;2019-04-11 12:23:37.0;
41;52382;2019-04-11 12:23:38.0;
41;52380;2019-04-11 12:23:41.0;
41;52379;2019-04-11 12:23:52.0;
41;52378;2019-04-11 12:24:05.0;
41;52376;2019-04-11 12:24:46.0;
41;52374;2019-04-11 12:24:51.0;
41;52372;2019-04-11 12:25:10.0;
41;52368;2019-04-11 12:25:24.0;
41;52370;2019-04-11 12:25:36.0;
41;52380;2019-04-11 12:26:04.0;
41;52382;2019-04-11 12:26:15.0;
41;52381;2019-04-11 12:26:35.0;
41;52384;2019-04-11 12:26:43.0;
41;52388;2019-04-11 12:26:47.0;
41;52391;2019-04-11 12:27:01.0;
41;52385;2019-04-11 12:27:16.0;
41;52380;2019-04-11 12:27:23.0;
41;52378;2019-04-11 12:27:31.0;
41;52384;2019-04-11 12:27:37.0;
41;52386;2019-04-11 12:28:02.0;
41;52384;2019-04-11 12:28:11.0;
41;52386;2019-04-11 12:28:12.0;
41;52384;2019-04-11 12:28:14.0;
41;52381;2019-04-11 12:28:24.0;
41;52384;2019-04-11 12:28:25.0;
41;52380;2019-04-11 12:28:26.0;
41;52381;2019-04-11 12:28:28.0;
41;52380;2019-04-11 12:28:29.0;
41;52379;2019-04-11 12:28:32.0;
41;52380;2019-04-11 12:28:39.0;
41;52379;2019-04-11 12:28:42.0;
41;52380;2019-04-11 12:28:43.0;
41;52388;2019-04-11 12:29:00.0;
41;52387;2019-04-11 12:29:04.0;
41;52391;2019-04-11 12:29:07.0;
41;52392;2019-04-11 12:29:12.0;
41;52393;2019-04-11 12:29:35.0;
41;52392;2019-04-11 12:30:03.0;
41;52393;2019-04-11 12:30:04.0;
41;52392;2019-04-11 12:30:05.0;
41;52402;2019-04-11 12:30:13.0;
41;52397;2019-04-11 12:30:17.0;
41;52396;2019-04-11 12:30:56.0;
41;52397;2019-04-11 12:30:57.0;
41;52400;2019-04-11 12:30:59.0;
41;52396;2019-04-11 12:31:00.0;
41;52400;2019-04-11 12:31:02.0;
41;52398;2019-04-11 12:31:08.0;
41;52406;2019-04-11 12:31:34.0;
41;52398;2019-04-11 12:31:36.0;
41;52406;2019-04-11 12:31:37.0;
41;52412;2019-04-11 12:31:43.0;
41;52407;2019-04-11 12:31:48.0;
41;52388;2019-04-11 12:32:05.0;
41;52390;2019-04-11 12:32:08.0;
41;52398;2019-04-11 12:32:30.0;
41;52400;2019-04-11 12:33:08.0;
41;52413;2019-04-11 12:33:26.0;
41;52418;2019-04-11 12:33:32.0;
41;52417;2019-04-11 12:33:36.0;
41;52418;2019-04-11 12:33:39.0;
41;52417;2019-04-11 12:33:41.0;
41;52418;2019-04-11 12:33:42.0;
41;52421;2019-04-11 12:33:44.0;
41;52424;2019-04-11 12:34:03.0;
41;52421;2019-04-11 12:34:05.0;
41;52424;2019-04-11 12:34:06.0;
41;52427;2019-04-11 12:34:14.0;
41;52423;2019-04-11 12:34:20.0;
41;52422;2019-04-11 12:34:30.0;
41;52434;2019-04-11 12:34:47.0;
41;52437;2019-04-11 12:34:49.0;
41;52430;2019-04-11 12:34:59.0;
41;52428;2019-04-11 12:35:06.0;
41;52434;2019-04-11 12:35:12.0;
41;52430;2019-04-11 12:35:18.0;
41;52431;2019-04-11 12:35:27.0;
41;52430;2019-04-11 12:35:30.0;
41;52418;2019-04-11 12:35:42.0;
41;52416;2019-04-11 12:36:15.0;
41;52417;2019-04-11 12:36:21.0;
41;52416;2019-04-11 12:36:24.0;
41;52415;2019-04-11 12:36:30.0;
41;52407;2019-04-11 12:36:32.0;
41;52415;2019-04-11 12:36:33.0;
41;52407;2019-04-11 12:36:34.0;
41;52422;2019-04-11 12:36:37.0;
41;52417;2019-04-11 12:36:50.0;
41;52416;2019-04-11 12:37:06.0;
41;52408;2019-04-11 12:37:24.0;
41;52404;2019-04-11 12:37:47.0;
41;52406;2019-04-11 12:38:04.0;
41;52414;2019-04-11 12:39:48.0;
41;52418;2019-04-11 12:40:04.0;
41;52416;2019-04-11 12:40:35.0;
41;52409;2019-04-11 12:40:44.0;
41;52408;2019-04-11 12:40:50.0;
41;52406;2019-04-11 12:40:53.0;
41;52404;2019-04-11 12:40:58.0;
41;52403;2019-04-11 12:41:19.0;
41;52404;2019-04-11 12:41:22.0;
41;52403;2019-04-11 12:41:24.0;
41;52390;2019-04-11 12:41:37.0;
41;52398;2019-04-11 12:41:39.0;
41;52390;2019-04-11 12:41:40.0;
41;52398;2019-04-11 12:41:42.0;
41;52399;2019-04-11 12:42:05.0;
41;52400;2019-04-11 12:42:06.0;
41;52399;2019-04-11 12:42:08.0;
41;52400;2019-04-11 12:42:10.0;
41;52405;2019-04-11 12:42:16.0;
41;52406;2019-04-11 12:42:18.0;
41;52394;2019-04-11 12:42:26.0;
41;52390;2019-04-11 12:43:00.0;
41;52396;2019-04-11 12:44:04.0;
41;52398;2019-04-11 12:44:12.0;
41;52396;2019-04-11 12:44:13.0;
41;52398;2019-04-11 12:44:15.0;
41;52410;2019-04-11 12:44:38.0;
41;52411;2019-04-11 12:45:21.0;
41;52416;2019-04-11 12:45:27.0;
41;52417;2019-04-11 12:45:28.0;
41;52416;2019-04-11 12:45:29.0;
41;52417;2019-04-11 12:45:30.0;
41;52418;2019-04-11 12:45:33.0;
41;52412;2019-04-11 12:45:39.0;
41;52420;2019-04-11 12:45:46.0;
41;52423;2019-04-11 12:46:05.0;
41;52430;2019-04-11 12:46:09.0;
41;52418;2019-04-11 12:46:15.0;
41;52430;2019-04-11 12:46:17.0;
41;52418;2019-04-11 12:46:18.0;
41;52414;2019-04-11 12:46:20.0;
41;52418;2019-04-11 12:46:21.0;
41;52414;2019-04-11 12:46:22.0;
41;52417;2019-04-11 12:46:24.0;
41;52427;2019-04-11 12:46:28.0;
41;52426;2019-04-11 12:46:45.0;
41;52432;2019-04-11 12:46:51.0;
41;52447;2019-04-11 12:47:11.0;
41;52442;2019-04-11 12:47:12.0;
41;52447;2019-04-11 12:47:13.0;
41;52432;2019-04-11 12:47:15.0;
41;52447;2019-04-11 12:47:17.0;
41;52432;2019-04-11 12:47:18.0;
41;52431;2019-04-11 12:47:25.0;
41;52430;2019-04-11 12:47:27.0;
41;52431;2019-04-11 12:47:28.0;
41;52430;2019-04-11 12:47:30.0;
41;52427;2019-04-11 12:47:33.0;
41;52426;2019-04-11 12:48:05.0;
41;52420;2019-04-11 12:48:16.0;
41;52416;2019-04-11 12:48:27.0;
41;52412;2019-04-11 12:48:31.0;
41;52416;2019-04-11 12:48:32.0;
41;52412;2019-04-11 12:48:34.0;
41;52422;2019-04-11 12:48:55.0;
41;52412;2019-04-11 12:48:57.0;
41;52422;2019-04-11 12:48:58.0;
41;52421;2019-04-11 12:49:19.0;
41;52424;2019-04-11 12:49:27.0;
41;52420;2019-04-11 12:49:33.0;
41;52415;2019-04-11 12:49:37.0;
41;52407;2019-04-11 12:49:39.0;
41;52406;2019-04-11 12:49:43.0;
41;52415;2019-04-11 12:50:04.0;
41;52416;2019-04-11 12:50:07.0;
41;52420;2019-04-11 12:50:25.0;
41;52429;2019-04-11 12:50:26.0;
41;52420;2019-04-11 12:50:28.0;
41;52429;2019-04-11 12:50:30.0;
41;52428;2019-04-11 12:50:32.0;
41;52421;2019-04-11 12:50:39.0;
41;52422;2019-04-11 12:50:46.0;
41;52428;2019-04-11 12:50:59.0;
41;52422;2019-04-11 12:51:01.0;
41;52428;2019-04-11 12:51:02.0;
41;52431;2019-04-11 12:51:09.0;
41;52430;2019-04-11 12:51:15.0;
41;52438;2019-04-11 12:51:28.0;
41;52436;2019-04-11 12:51:31.0;
41;52438;2019-04-11 12:51:32.0;
41;52436;2019-04-11 12:51:34.0;
41;52438;2019-04-11 12:51:50.0;
41;52434;2019-04-11 12:52:05.0;
41;52433;2019-04-11 12:52:22.0;
41;52444;2019-04-11 12:52:25.0;
41;52445;2019-04-11 12:52:39.0;
41;52444;2019-04-11 12:52:40.0;
41;52438;2019-04-11 12:52:54.0;
41;52444;2019-04-11 12:52:56.0;
41;52438;2019-04-11 12:52:57.0;
41;52434;2019-04-11 12:52:59.0;
41;52440;2019-04-11 12:53:07.0;
41;52434;2019-04-11 12:53:09.0;
41;52442;2019-04-11 12:53:11.0;
41;52443;2019-04-11 12:53:21.0;
41;52442;2019-04-11 12:53:22.0;
41;52443;2019-04-11 12:53:23.0;
41;52444;2019-04-11 12:53:26.0;
41;52446;2019-04-11 12:53:29.0;
41;52464;2019-04-11 12:54:04.0;
41;52466;2019-04-11 12:54:12.0;
41;52465;2019-04-11 12:54:32.0;
41;52466;2019-04-11 12:54:40.0;
41;52465;2019-04-11 12:54:46.0;
41;52470;2019-04-11 12:54:52.0;
41;52465;2019-04-11 12:54:53.0;
41;52478;2019-04-11 12:54:56.0;
41;52480;2019-04-11 12:54:59.0;
41;52478;2019-04-11 12:55:00.0;
41;52480;2019-04-11 12:55:01.0;
41;52481;2019-04-11 12:55:07.0;
41;52484;2019-04-11 12:55:16.0;
41;52486;2019-04-11 12:55:20.0;
41;52484;2019-04-11 12:55:32.0;
41;52476;2019-04-11 12:55:39.0;
41;52475;2019-04-11 12:56:34.0;
41;52484;2019-04-11 12:56:46.0;
41;52488;2019-04-11 12:56:59.0;
41;52490;2019-04-11 12:57:24.0;
41;52497;2019-04-11 12:57:35.0;
41;52490;2019-04-11 12:57:36.0;
41;52497;2019-04-11 12:57:39.0;
41;52496;2019-04-11 12:57:40.0;
41;52506;2019-04-11 12:57:47.0;
41;52509;2019-04-11 12:58:17.0;
41;52508;2019-04-11 12:58:20.0;
41;52506;2019-04-11 12:58:27.0;
41;52508;2019-04-11 12:58:30.0;
41;52506;2019-04-11 12:58:31.0;
41;52498;2019-04-11 12:59:10.0;
41;52506;2019-04-11 12:59:13.0;
41;52496;2019-04-11 12:59:15.0;
41;52494;2019-04-11 12:59:30.0;
41;52496;2019-04-11 12:59:34.0;
41;52494;2019-04-11 12:59:42.0;
41;52496;2019-04-11 13:00:04.0;
41;52494;2019-04-11 13:00:05.0;
41;52492;2019-04-11 13:00:07.0;
41;52494;2019-04-11 13:00:15.0;
41;52496;2019-04-11 13:00:39.0;
41;52492;2019-04-11 13:01:06.0;
41;52493;2019-04-11 13:01:11.0;
41;52494;2019-04-11 13:01:24.0;
41;52493;2019-04-11 13:01:25.0;
41;52494;2019-04-11 13:01:27.0;
41;52491;2019-04-11 13:01:44.0;
41;52492;2019-04-11 13:01:49.0;
41;52495;2019-04-11 13:02:04.0;
41;52497;2019-04-11 13:02:11.0;
41;52496;2019-04-11 13:02:18.0;
41;52506;2019-04-11 13:02:32.0;
41;52505;2019-04-11 13:02:43.0;
41;52506;2019-04-11 13:02:48.0;
41;52505;2019-04-11 13:02:50.0;
41;52506;2019-04-11 13:02:51.0;
41;52503;2019-04-11 13:02:59.0;
41;52508;2019-04-11 13:03:04.0;
41;52509;2019-04-11 13:03:09.0;
41;52508;2019-04-11 13:03:11.0;
41;52510;2019-04-11 13:03:24.0;
41;52513;2019-04-11 13:03:32.0;
41;52512;2019-04-11 13:03:44.0;
41;52506;2019-04-11 13:03:49.0;
41;52508;2019-04-11 13:04:02.0;
41;52510;2019-04-11 13:04:18.0;
41;52508;2019-04-11 13:04:20.0;
41;52510;2019-04-11 13:04:21.0;
41;52512;2019-04-11 13:04:42.0;
41;52510;2019-04-11 13:04:58.0;
41;52512;2019-04-11 13:04:59.0;
41;52510;2019-04-11 13:05:01.0;
41;52505;2019-04-11 13:05:08.0;
41;52504;2019-04-11 13:05:16.0;
41;52511;2019-04-11 13:05:18.0;
41;52504;2019-04-11 13:05:19.0;
41;52511;2019-04-11 13:05:21.0;
41;52510;2019-04-11 13:05:23.0;
41;52509;2019-04-11 13:05:36.0;
41;52516;2019-04-11 13:06:03.0;
41;52519;2019-04-11 13:06:13.0;
41;52526;2019-04-11 13:06:19.0;
41;52527;2019-04-11 13:06:23.0;
41;52526;2019-04-11 13:06:27.0;
41;52527;2019-04-11 13:06:37.0;
41;52526;2019-04-11 13:06:38.0;
41;52527;2019-04-11 13:06:39.0;
41;52528;2019-04-11 13:06:42.0;
41;52532;2019-04-11 13:06:56.0;
41;52533;2019-04-11 13:07:01.0;
41;52531;2019-04-11 13:07:07.0;
41;52538;2019-04-11 13:07:13.0;
41;52534;2019-04-11 13:07:16.0;
41;52538;2019-04-11 13:07:17.0;
41;52534;2019-04-11 13:07:18.0;
41;52532;2019-04-11 13:07:28.0;
41;52536;2019-04-11 13:08:33.0;
41;52532;2019-04-11 13:08:35.0;
41;52548;2019-04-11 13:08:37.0;
41;52549;2019-04-11 13:09:05.0;
41;52564;2019-04-11 13:09:09.0;
41;52549;2019-04-11 13:09:10.0;
41;52557;2019-04-11 13:09:12.0;
41;52564;2019-04-11 13:09:13.0;
41;52557;2019-04-11 13:09:14.0;
41;52558;2019-04-11 13:09:19.0;
41;52557;2019-04-11 13:09:20.0;
41;52558;2019-04-11 13:09:21.0;
41;52560;2019-04-11 13:09:42.0;
41;52558;2019-04-11 13:09:44.0;
41;52560;2019-04-11 13:09:45.0;
41;52585;2019-04-11 13:10:03.0;
41;52560;2019-04-11 13:10:04.0;
41;52585;2019-04-11 13:10:05.0;
41;52588;2019-04-11 13:10:08.0;
41;52585;2019-04-11 13:10:10.0;
41;52588;2019-04-11 13:10:11.0;
41;52586;2019-04-11 13:10:13.0;
41;52573;2019-04-11 13:10:20.0;
41;52566;2019-04-11 13:10:24.0;
41;52567;2019-04-11 13:10:31.0;
41;52566;2019-04-11 13:10:33.0;
41;52567;2019-04-11 13:10:34.0;
41;52557;2019-04-11 13:10:44.0;
41;52567;2019-04-11 13:10:45.0;
41;52553;2019-04-11 13:10:48.0;
41;52561;2019-04-11 13:10:51.0;
41;52553;2019-04-11 13:10:53.0;
41;52561;2019-04-11 13:10:54.0;
41;52560;2019-04-11 13:11:04.0;
41;52562;2019-04-11 13:12:04.0;
41;52560;2019-04-11 13:12:05.0;
41;52562;2019-04-11 13:12:06.0;
41;52574;2019-04-11 13:12:08.0;
41;52577;2019-04-11 13:12:12.0;
41;52580;2019-04-11 13:12:16.0;
41;52576;2019-04-11 13:12:19.0;
41;52580;2019-04-11 13:12:22.0;
41;52572;2019-04-11 13:12:23.0;
41;52574;2019-04-11 13:12:30.0;
41;52577;2019-04-11 13:12:35.0;
41;52578;2019-04-11 13:12:39.0;
41;52577;2019-04-11 13:12:42.0;
41;52578;2019-04-11 13:12:44.0;
41;52588;2019-04-11 13:12:48.0;
41;52589;2019-04-11 13:12:59.0;
41;52592;2019-04-11 13:13:05.0;
41;52590;2019-04-11 13:13:08.0;
41;52592;2019-04-11 13:13:11.0;
41;52594;2019-04-11 13:13:15.0;
41;52592;2019-04-11 13:13:18.0;
41;52594;2019-04-11 13:13:19.0;
41;52593;2019-04-11 13:13:25.0;
41;52592;2019-04-11 13:13:37.0;
41;52580;2019-04-11 13:13:41.0;
41;52578;2019-04-11 13:13:47.0;
41;52576;2019-04-11 13:14:18.0;
41;52571;2019-04-11 13:14:23.0;
41;52564;2019-04-11 13:14:44.0;
41;52571;2019-04-11 13:14:46.0;
41;52564;2019-04-11 13:14:47.0;
41;52561;2019-04-11 13:14:52.0;
41;52564;2019-04-11 13:14:54.0;
41;52567;2019-04-11 13:14:58.0;
41;52564;2019-04-11 13:15:00.0;
41;52567;2019-04-11 13:15:02.0;
41;52566;2019-04-11 13:15:12.0;
41;52568;2019-04-11 13:15:29.0;
41;52567;2019-04-11 13:15:34.0;
41;52572;2019-04-11 13:15:40.0;
41;52574;2019-04-11 13:16:08.0;
41;52576;2019-04-11 13:16:16.0;
41;52584;2019-04-11 13:16:25.0;
41;52582;2019-04-11 13:16:31.0;
41;52584;2019-04-11 13:16:33.0;
41;52582;2019-04-11 13:16:34.0;
41;52578;2019-04-11 13:17:10.0;
41;52575;2019-04-11 13:17:19.0;
41;52578;2019-04-11 13:17:26.0;
41;52575;2019-04-11 13:17:29.0;
41;52576;2019-04-11 13:17:38.0;
41;52575;2019-04-11 13:17:41.0;
41;52576;2019-04-11 13:17:43.0;
41;52572;2019-04-11 13:17:44.0;
41;52573;2019-04-11 13:18:35.0;
41;52572;2019-04-11 13:20:05.0;
41;52573;2019-04-11 13:20:06.0;
41;52572;2019-04-11 13:20:08.0;
41;52574;2019-04-11 13:20:40.0;
41;52576;2019-04-11 13:22:07.0;
41;52584;2019-04-11 13:22:27.0;
41;52586;2019-04-11 13:22:32.0;
41;52591;2019-04-11 13:23:12.0;
41;52586;2019-04-11 13:23:13.0;
41;52591;2019-04-11 13:23:15.0;
41;52593;2019-04-11 13:23:27.0;
41;52594;2019-04-11 13:23:36.0;
41;52596;2019-04-11 13:24:05.0;
41;52608;2019-04-11 13:24:14.0;
41;52604;2019-04-11 13:24:35.0;
41;52608;2019-04-11 13:24:37.0;
41;52604;2019-04-11 13:24:38.0;
41;52602;2019-04-11 13:24:39.0;
41;52604;2019-04-11 13:24:41.0;
41;52602;2019-04-11 13:24:42.0;
41;52608;2019-04-11 13:24:48.0;
41;52610;2019-04-11 13:24:50.0;
41;52606;2019-04-11 13:24:56.0;
41;52610;2019-04-11 13:24:57.0;
41;52606;2019-04-11 13:24:59.0;
41;52604;2019-04-11 13:25:03.0;
41;52606;2019-04-11 13:25:04.0;
41;52604;2019-04-11 13:25:06.0;
41;52602;2019-04-11 13:25:28.0;
41;52604;2019-04-11 13:25:30.0;
41;52602;2019-04-11 13:25:32.0;
41;52591;2019-04-11 13:25:33.0;
41;52594;2019-04-11 13:25:48.0;
41;52591;2019-04-11 13:25:49.0;
41;52594;2019-04-11 13:25:50.0;
41;52582;2019-04-11 13:26:05.0;
41;52581;2019-04-11 13:26:16.0;
41;52574;2019-04-11 13:26:24.0;
41;52581;2019-04-11 13:26:26.0;
41;52571;2019-04-11 13:26:27.0;
41;52570;2019-04-11 13:26:31.0;
41;52571;2019-04-11 13:26:33.0;
41;52568;2019-04-11 13:26:34.0;
41;52567;2019-04-11 13:26:39.0;
41;52566;2019-04-11 13:26:53.0;
41;52565;2019-04-11 13:26:54.0;
41;52566;2019-04-11 13:26:57.0;
41;52564;2019-04-11 13:26:59.0;
41;52560;2019-04-11 13:27:24.0;
41;52564;2019-04-11 13:27:25.0;
41;52560;2019-04-11 13:27:27.0;
41;52558;2019-04-11 13:27:31.0;
41;52553;2019-04-11 13:27:39.0;
41;52557;2019-04-11 13:27:45.0;
41;52558;2019-04-11 13:27:49.0;
41;52557;2019-04-11 13:27:51.0;
41;52558;2019-04-11 13:27:52.0;
41;52560;2019-04-11 13:28:07.0;
41;52558;2019-04-11 13:28:19.0;
41;52556;2019-04-11 13:28:24.0;
41;52555;2019-04-11 13:29:02.0;
41;52556;2019-04-11 13:29:03.0;
41;52555;2019-04-11 13:29:05.0;
41;52554;2019-04-11 13:29:08.0;
41;52555;2019-04-11 13:29:09.0;
41;52556;2019-04-11 13:29:10.0;
41;52554;2019-04-11 13:29:12.0;
41;52556;2019-04-11 13:29:13.0;
41;52555;2019-04-11 13:29:18.0;
41;52560;2019-04-11 13:29:42.0;
41;52558;2019-04-11 13:29:48.0;
41;52548;2019-04-11 13:30:05.0;
41;52546;2019-04-11 13:30:15.0;
41;52548;2019-04-11 13:30:17.0;
41;52546;2019-04-11 13:30:18.0;
41;52548;2019-04-11 13:30:21.0;
41;52550;2019-04-11 13:30:31.0;
41;52548;2019-04-11 13:30:32.0;
41;52550;2019-04-11 13:30:33.0;
41;52548;2019-04-11 13:30:35.0;
41;52556;2019-04-11 13:30:44.0;
41;52554;2019-04-11 13:30:48.0;
41;52551;2019-04-11 13:31:04.0;
41;52550;2019-04-11 13:31:20.0;
41;52551;2019-04-11 13:32:03.0;
41;52550;2019-04-11 13:32:04.0;
41;52551;2019-04-11 13:32:06.0;
41;52552;2019-04-11 13:32:13.0;
41;52551;2019-04-11 13:32:23.0;
41;52550;2019-04-11 13:32:58.0;
41;52548;2019-04-11 13:33:17.0;
41;52550;2019-04-11 13:33:29.0;
41;52544;2019-04-11 13:33:39.0;
41;52531;2019-04-11 13:34:03.0;
41;52530;2019-04-11 13:34:19.0;
41;52529;2019-04-11 13:34:23.0;
41;52530;2019-04-11 13:34:26.0;
41;52532;2019-04-11 13:34:32.0;
41;52531;2019-04-11 13:34:37.0;
41;52530;2019-04-11 13:34:44.0;
41;52528;2019-04-11 13:35:00.0;
41;52531;2019-04-11 13:35:05.0;
41;52529;2019-04-11 13:35:07.0;
41;52532;2019-04-11 13:35:23.0;
41;52530;2019-04-11 13:35:31.0;
41;52532;2019-04-11 13:36:06.0;
41;52531;2019-04-11 13:36:30.0;
41;52532;2019-04-11 13:36:39.0;
41;52534;2019-04-11 13:36:43.0;
41;52533;2019-04-11 13:36:51.0;
41;52540;2019-04-11 13:38:08.0;
41;52541;2019-04-11 13:38:18.0;
41;52540;2019-04-11 13:38:24.0;
41;52541;2019-04-11 13:39:21.0;
41;52542;2019-04-11 13:39:23.0;
41;52541;2019-04-11 13:39:24.0;
41;52546;2019-04-11 13:39:27.0;
41;52554;2019-04-11 13:39:33.0;
41;52547;2019-04-11 13:39:40.0;
41;52545;2019-04-11 13:39:44.0;
41;52531;2019-04-11 13:40:05.0;
41;52532;2019-04-11 13:40:07.0;
41;52531;2019-04-11 13:40:09.0;
41;52532;2019-04-11 13:40:10.0;
41;52528;2019-04-11 13:40:20.0;
41;52532;2019-04-11 13:40:23.0;
41;52527;2019-04-11 13:40:24.0;
41;52526;2019-04-11 13:40:27.0;
41;52527;2019-04-11 13:40:29.0;
41;52526;2019-04-11 13:40:30.0;
41;52525;2019-04-11 13:40:31.0;
41;52526;2019-04-11 13:40:34.0;
41;52523;2019-04-11 13:40:36.0;
41;52529;2019-04-11 13:40:39.0;
41;52523;2019-04-11 13:40:40.0;
41;52529;2019-04-11 13:40:42.0;
41;52534;2019-04-11 13:40:43.0;
41;52529;2019-04-11 13:40:45.0;
41;52534;2019-04-11 13:40:48.0;
41;52536;2019-04-11 13:40:56.0;
41;52531;2019-04-11 13:41:34.0;
41;52532;2019-04-11 13:41:37.0;
41;52531;2019-04-11 13:42:06.0;
41;52532;2019-04-11 13:42:12.0;
41;52530;2019-04-11 13:42:50.0;
41;52528;2019-04-11 13:43:09.0;
41;52527;2019-04-11 13:43:22.0;
41;52518;2019-04-11 13:43:26.0;
41;52517;2019-04-11 13:44:04.0;
41;52516;2019-04-11 13:44:11.0;
41;52517;2019-04-11 13:44:12.0;
41;52516;2019-04-11 13:44:13.0;
41;52523;2019-04-11 13:44:19.0;
41;52534;2019-04-11 13:44:26.0;
41;52533;2019-04-11 13:45:03.0;
41;52532;2019-04-11 13:45:08.0;
41;52528;2019-04-11 13:45:29.0;
41;52526;2019-04-11 13:45:36.0;
41;52510;2019-04-11 13:46:04.0;
41;52526;2019-04-11 13:46:05.0;
41;52510;2019-04-11 13:46:07.0;
41;52508;2019-04-11 13:46:15.0;
41;52509;2019-04-11 13:46:25.0;
41;52500;2019-04-11 13:46:31.0;
41;52501;2019-04-11 13:46:35.0;
41;52500;2019-04-11 13:46:38.0;
41;52502;2019-04-11 13:46:51.0;
41;52500;2019-04-11 13:46:56.0;
41;52502;2019-04-11 13:47:06.0;
41;52498;2019-04-11 13:47:07.0;
41;52500;2019-04-11 13:47:11.0;
41;52498;2019-04-11 13:47:13.0;
41;52500;2019-04-11 13:47:14.0;
41;52499;2019-04-11 13:47:28.0;
41;52498;2019-04-11 13:47:43.0;
41;52500;2019-04-11 13:48:09.0;
41;52503;2019-04-11 13:48:13.0;
41;52502;2019-04-11 13:48:18.0;
41;52503;2019-04-11 13:48:28.0;
41;52500;2019-04-11 13:48:44.0;
41;52493;2019-04-11 13:49:00.0;
41;52500;2019-04-11 13:49:02.0;
41;52493;2019-04-11 13:49:03.0;
41;52494;2019-04-11 13:49:04.0;
41;52493;2019-04-11 13:49:10.0;
41;52492;2019-04-11 13:49:12.0;
41;52491;2019-04-11 13:49:32.0;
41;52490;2019-04-11 13:49:35.0;
41;52486;2019-04-11 13:49:49.0;
41;52485;2019-04-11 13:50:09.0;
41;52484;2019-04-11 13:50:10.0;
41;52496;2019-04-11 13:50:18.0;
41;52499;2019-04-11 13:50:25.0;
41;52493;2019-04-11 13:50:29.0;
41;52494;2019-04-11 13:50:32.0;
41;52496;2019-04-11 13:50:39.0;
41;52492;2019-04-11 13:51:00.0;
41;52496;2019-04-11 13:51:02.0;
41;52492;2019-04-11 13:51:03.0;
41;52490;2019-04-11 13:51:05.0;
41;52493;2019-04-11 13:51:11.0;
41;52494;2019-04-11 13:51:18.0;
41;52493;2019-04-11 13:51:21.0;
41;52494;2019-04-11 13:51:22.0;
41;52488;2019-04-11 13:51:31.0;
41;52494;2019-04-11 13:51:33.0;
41;52488;2019-04-11 13:51:34.0;
41;52486;2019-04-11 13:51:45.0;
41;52485;2019-04-11 13:51:49.0;
41;52484;2019-04-11 13:52:04.0;
41;52485;2019-04-11 13:52:06.0;
41;52493;2019-04-11 13:52:08.0;
41;52496;2019-04-11 13:52:11.0;
41;52498;2019-04-11 13:52:17.0;
41;52500;2019-04-11 13:52:21.0;
41;52502;2019-04-11 13:52:39.0;
41;52504;2019-04-11 13:52:44.0;
41;52502;2019-04-11 13:52:45.0;
41;52504;2019-04-11 13:52:47.0;
41;52506;2019-04-11 13:52:59.0;
41;52501;2019-04-11 13:53:44.0;
41;52506;2019-04-11 13:53:45.0;
41;52501;2019-04-11 13:53:47.0;
41;52500;2019-04-11 13:53:49.0;
41;52493;2019-04-11 13:54:04.0;
41;52490;2019-04-11 13:54:08.0;
41;52489;2019-04-11 13:54:13.0;
41;52488;2019-04-11 13:54:23.0;
41;52489;2019-04-11 13:54:24.0;
41;52488;2019-04-11 13:54:26.0;
41;52487;2019-04-11 13:54:27.0;
41;52480;2019-04-11 13:54:37.0;
41;52478;2019-04-11 13:54:47.0;
41;52477;2019-04-11 13:54:55.0;
41;52478;2019-04-11 13:54:57.0;
41;52476;2019-04-11 13:55:00.0;
41;52474;2019-04-11 13:55:07.0;
41;52482;2019-04-11 13:55:15.0;
41;52487;2019-04-11 13:55:19.0;
41;52482;2019-04-11 13:55:22.0;
41;52487;2019-04-11 13:55:24.0;
41;52491;2019-04-11 13:55:25.0;
41;52490;2019-04-11 13:55:27.0;
41;52491;2019-04-11 13:55:28.0;
41;52490;2019-04-11 13:55:29.0;
41;52492;2019-04-11 13:55:31.0;
41;52491;2019-04-11 13:55:40.0;
41;52490;2019-04-11 13:55:45.0;
41;52488;2019-04-11 13:55:47.0;
41;52485;2019-04-11 13:56:15.0;
41;52484;2019-04-11 13:56:59.0;
41;52477;2019-04-11 13:58:02.0;
41;52484;2019-04-11 13:58:03.0;
41;52477;2019-04-11 13:58:05.0;
41;52478;2019-04-11 13:58:22.0;
41;52470;2019-04-11 13:58:26.0;
41;52472;2019-04-11 13:58:31.0;
41;52470;2019-04-11 13:58:34.0;
41;52472;2019-04-11 13:58:36.0;
41;52470;2019-04-11 13:58:39.0;
41;52469;2019-04-11 13:58:53.0;
41;52468;2019-04-11 13:59:00.0;
41;52469;2019-04-11 13:59:01.0;
41;52470;2019-04-11 13:59:03.0;
41;52469;2019-04-11 13:59:06.0;
41;52470;2019-04-11 13:59:07.0;
41;52469;2019-04-11 13:59:08.0;
41;52468;2019-04-11 13:59:18.0;
41;52472;2019-04-11 13:59:25.0;
41;52470;2019-04-11 13:59:32.0;
41;52462;2019-04-11 13:59:38.0;
41;52455;2019-04-11 13:59:45.0;
41;52462;2019-04-11 13:59:47.0;
41;52455;2019-04-11 13:59:48.0;
41;52449;2019-04-11 14:00:06.0;
41;52465;2019-04-11 14:00:07.0;
41;52449;2019-04-11 14:00:09.0;
41;52438;2019-04-11 14:00:10.0;
41;52430;2019-04-11 14:00:14.0;
41;52434;2019-04-11 14:00:19.0;
41;52442;2019-04-11 14:00:25.0;
41;52444;2019-04-11 14:00:26.0;
41;52442;2019-04-11 14:00:28.0;
41;52444;2019-04-11 14:00:29.0;
41;52446;2019-04-11 14:00:32.0;
41;52449;2019-04-11 14:00:34.0;
41;52451;2019-04-11 14:00:40.0;
41;52449;2019-04-11 14:00:41.0;
41;52451;2019-04-11 14:00:43.0;
41;52450;2019-04-11 14:00:48.0;
41;52447;2019-04-11 14:00:58.0;
41;52442;2019-04-11 14:01:09.0;
41;52443;2019-04-11 14:01:10.0;
41;52442;2019-04-11 14:01:13.0;
41;52443;2019-04-11 14:01:14.0;
41;52442;2019-04-11 14:01:17.0;
41;52441;2019-04-11 14:01:23.0;
41;52446;2019-04-11 14:01:35.0;
41;52448;2019-04-11 14:01:40.0;
41;52446;2019-04-11 14:01:44.0;
41;52447;2019-04-11 14:02:14.0;
41;52448;2019-04-11 14:02:17.0;
41;52457;2019-04-11 14:02:53.0;
41;52448;2019-04-11 14:02:54.0;
41;52460;2019-04-11 14:02:55.0;
41;52457;2019-04-11 14:02:57.0;
41;52458;2019-04-11 14:02:58.0;
41;52460;2019-04-11 14:03:20.0;
41;52458;2019-04-11 14:03:21.0;
41;52464;2019-04-11 14:03:24.0;
41;52467;2019-04-11 14:03:29.0;
41;52466;2019-04-11 14:03:36.0;
41;52470;2019-04-11 14:03:41.0;
41;52477;2019-04-11 14:03:50.0;
41;52478;2019-04-11 14:04:02.0;
41;52488;2019-04-11 14:04:11.0;
41;52492;2019-04-11 14:04:15.0;
41;52493;2019-04-11 14:04:21.0;
41;52498;2019-04-11 14:04:31.0;
41;52490;2019-04-11 14:04:42.0;
41;52489;2019-04-11 14:05:06.0;
41;52490;2019-04-11 14:05:32.0;
41;52480;2019-04-11 14:05:35.0;
41;52478;2019-04-11 14:05:42.0;
41;52474;2019-04-11 14:06:04.0;
41;52482;2019-04-11 14:06:15.0;
41;52474;2019-04-11 14:06:16.0;
41;52482;2019-04-11 14:06:18.0;
41;52480;2019-04-11 14:06:19.0;
41;52486;2019-04-11 14:06:28.0;
41;52480;2019-04-11 14:06:29.0;
41;52486;2019-04-11 14:06:31.0;
41;52487;2019-04-11 14:06:35.0;
41;52486;2019-04-11 14:06:38.0;
41;52487;2019-04-11 14:06:40.0;
41;52488;2019-04-11 14:06:47.0;
41;52487;2019-04-11 14:06:56.0;
41;52486;2019-04-11 14:06:59.0;
41;52487;2019-04-11 14:07:11.0;
41;52491;2019-04-11 14:07:24.0;
41;52492;2019-04-11 14:07:29.0;
41;52493;2019-04-11 14:08:04.0;
41;52510;2019-04-11 14:08:08.0;
41;52517;2019-04-11 14:08:12.0;
41;52532;2019-04-11 14:08:19.0;
41;52534;2019-04-11 14:08:25.0;
41;52535;2019-04-11 14:08:57.0;
41;52534;2019-04-11 14:09:02.0;
41;52532;2019-04-11 14:09:03.0;
41;52534;2019-04-11 14:09:04.0;
41;52532;2019-04-11 14:09:06.0;
41;52518;2019-04-11 14:09:16.0;
41;52522;2019-04-11 14:09:29.0;
41;52521;2019-04-11 14:09:35.0;
41;52520;2019-04-11 14:09:39.0;
41;52521;2019-04-11 14:09:40.0;
41;52520;2019-04-11 14:09:42.0;
41;52518;2019-04-11 14:10:03.0;
41;52516;2019-04-11 14:10:21.0;
41;52515;2019-04-11 14:10:35.0;
41;52514;2019-04-11 14:10:41.0;
41;52516;2019-04-11 14:11:08.0;
41;52515;2019-04-11 14:11:14.0;
41;52514;2019-04-11 14:11:31.0;
41;52510;2019-04-11 14:12:18.0;
41;52514;2019-04-11 14:12:20.0;
41;52510;2019-04-11 14:12:21.0;
41;52509;2019-04-11 14:12:55.0;
41;52510;2019-04-11 14:12:57.0;
41;52509;2019-04-11 14:12:58.0;
41;52508;2019-04-11 14:13:10.0;
41;52502;2019-04-11 14:13:14.0;
41;52500;2019-04-11 14:13:24.0;
41;52502;2019-04-11 14:13:30.0;
41;52500;2019-04-11 14:13:34.0;
41;52514;2019-04-11 14:13:46.0;
41;52513;2019-04-11 14:14:06.0;
41;52508;2019-04-11 14:14:09.0;
41;52509;2019-04-11 14:14:16.0;
41;52508;2019-04-11 14:14:19.0;
41;52509;2019-04-11 14:14:21.0;
41;52511;2019-04-11 14:14:29.0;
41;52509;2019-04-11 14:14:31.0;
41;52511;2019-04-11 14:14:32.0;
41;52512;2019-04-11 14:14:33.0;
41;52510;2019-04-11 14:14:45.0;
41;52504;2019-04-11 14:14:46.0;
41;52510;2019-04-11 14:14:48.0;
41;52504;2019-04-11 14:14:49.0;
41;52512;2019-04-11 14:15:17.0;
41;52504;2019-04-11 14:15:19.0;
41;52512;2019-04-11 14:15:21.0;
41;52513;2019-04-11 14:15:24.0;
41;52509;2019-04-11 14:15:29.0;
41;52508;2019-04-11 14:15:45.0;
41;52510;2019-04-11 14:16:03.0;
41;52509;2019-04-11 14:16:07.0;
41;52508;2019-04-11 14:16:39.0;
41;52509;2019-04-11 14:16:42.0;
41;52508;2019-04-11 14:16:44.0;
41;52509;2019-04-11 14:17:04.0;
41;52512;2019-04-11 14:17:10.0;
41;52514;2019-04-11 14:17:46.0;
41;52516;2019-04-11 14:18:07.0;
41;52517;2019-04-11 14:19:47.0;
41;52516;2019-04-11 14:19:48.0;
41;52517;2019-04-11 14:19:50.0;
41;52512;2019-04-11 14:20:08.0;
41;52522;2019-04-11 14:21:14.0;
41;52521;2019-04-11 14:21:29.0;
41;52522;2019-04-11 14:21:31.0;
41;52523;2019-04-11 14:21:49.0;
41;52522;2019-04-11 14:22:05.0;
41;52523;2019-04-11 14:22:10.0;
41;52522;2019-04-11 14:22:12.0;
41;52523;2019-04-11 14:22:14.0;
41;52522;2019-04-11 14:22:23.0;
41;52520;2019-04-11 14:22:26.0;
41;52522;2019-04-11 14:22:27.0;
41;52520;2019-04-11 14:22:29.0;
41;52519;2019-04-11 14:22:46.0;
41;52518;2019-04-11 14:22:54.0;
41;52519;2019-04-11 14:22:55.0;
41;52518;2019-04-11 14:22:57.0;
41;52512;2019-04-11 14:23:00.0;
41;52511;2019-04-11 14:23:13.0;
41;52508;2019-04-11 14:23:18.0;
41;52518;2019-04-11 14:23:42.0;
41;52520;2019-04-11 14:24:05.0;
41;52518;2019-04-11 14:24:20.0;
41;52522;2019-04-11 14:24:23.0;
41;52520;2019-04-11 14:24:29.0;
41;52518;2019-04-11 14:24:39.0;
41;52520;2019-04-11 14:24:41.0;
41;52518;2019-04-11 14:24:43.0;
41;52524;2019-04-11 14:24:54.0;
41;52518;2019-04-11 14:24:57.0;
41;52524;2019-04-11 14:24:58.0;
41;52523;2019-04-11 14:25:20.0;
41;52518;2019-04-11 14:25:21.0;
41;52516;2019-04-11 14:25:31.0;
41;52514;2019-04-11 14:25:34.0;
41;52516;2019-04-11 14:25:40.0;
41;52514;2019-04-11 14:26:43.0;
41;52513;2019-04-11 14:26:52.0;
41;52510;2019-04-11 14:26:55.0;
41;52522;2019-04-11 14:27:22.0;
41;52521;2019-04-11 14:27:24.0;
41;52522;2019-04-11 14:27:32.0;
41;52521;2019-04-11 14:27:35.0;
41;52520;2019-04-11 14:27:46.0;
41;52521;2019-04-11 14:27:48.0;
41;52520;2019-04-11 14:27:49.0;
41;52519;2019-04-11 14:28:06.0;
41;52517;2019-04-11 14:28:31.0;
41;52516;2019-04-11 14:28:37.0;
41;52515;2019-04-11 14:28:43.0;
41;52516;2019-04-11 14:28:44.0;
41;52515;2019-04-11 14:28:46.0;
41;52514;2019-04-11 14:28:47.0;
41;52508;2019-04-11 14:29:00.0;
41;52507;2019-04-11 14:29:12.0;
41;52506;2019-04-11 14:29:22.0;
41;52507;2019-04-11 14:29:24.0;
41;52506;2019-04-11 14:29:25.0;
41;52503;2019-04-11 14:29:36.0;
41;52502;2019-04-11 14:29:41.0;
41;52498;2019-04-11 14:29:47.0;
41;52497;2019-04-11 14:30:02.0;
41;52498;2019-04-11 14:30:05.0;
41;52497;2019-04-11 14:30:07.0;
41;52494;2019-04-11 14:30:08.0;
41;52506;2019-04-11 14:30:15.0;
41;52497;2019-04-11 14:30:41.0;
41;52504;2019-04-11 14:30:42.0;
41;52497;2019-04-11 14:30:44.0;
41;52504;2019-04-11 14:30:46.0;
41;52505;2019-04-11 14:30:59.0;
41;52504;2019-04-11 14:31:03.0;
41;52503;2019-04-11 14:31:11.0;
41;52500;2019-04-11 14:31:15.0;
41;52512;2019-04-11 14:31:30.0;
41;52511;2019-04-11 14:31:35.0;
41;52512;2019-04-11 14:32:06.0;
41;52529;2019-04-11 14:32:08.0;
41;52530;2019-04-11 14:32:28.0;
41;52528;2019-04-11 14:33:12.0;
41;52529;2019-04-11 14:33:17.0;
41;52530;2019-04-11 14:33:38.0;
41;52539;2019-04-11 14:33:44.0;
41;52536;2019-04-11 14:34:09.0;
41;52539;2019-04-11 14:34:10.0;
41;52536;2019-04-11 14:34:11.0;
41;52534;2019-04-11 14:34:14.0;
41;52533;2019-04-11 14:34:23.0;
41;52530;2019-04-11 14:34:28.0;
41;52528;2019-04-11 14:34:33.0;
41;52524;2019-04-11 14:34:35.0;
41;52532;2019-04-11 14:34:39.0;
41;52524;2019-04-11 14:34:42.0;
41;52532;2019-04-11 14:34:43.0;
41;52530;2019-04-11 14:34:49.0;
41;52531;2019-04-11 14:34:55.0;
41;52530;2019-04-11 14:35:04.0;
41;52531;2019-04-11 14:35:10.0;
41;52532;2019-04-11 14:35:15.0;
41;52531;2019-04-11 14:35:20.0;
41;52530;2019-04-11 14:35:25.0;
41;52529;2019-04-11 14:35:31.0;
41;52530;2019-04-11 14:35:47.0;
41;52529;2019-04-11 14:35:48.0;
41;52530;2019-04-11 14:35:50.0;
41;52514;2019-04-11 14:36:02.0;
41;52512;2019-04-11 14:36:08.0;
41;52510;2019-04-11 14:36:10.0;
41;52509;2019-04-11 14:36:15.0;
41;52507;2019-04-11 14:36:21.0;
41;52510;2019-04-11 14:36:22.0;
41;52507;2019-04-11 14:36:24.0;
41;52510;2019-04-11 14:36:25.0;
41;52506;2019-04-11 14:36:33.0;
41;52511;2019-04-11 14:36:58.0;
41;52506;2019-04-11 14:37:00.0;
41;52511;2019-04-11 14:37:01.0;
41;52510;2019-04-11 14:37:03.0;
41;52512;2019-04-11 14:38:05.0;
41;52514;2019-04-11 14:38:31.0;
41;52512;2019-04-11 14:38:35.0;
41;52513;2019-04-11 14:38:39.0;
41;52508;2019-04-11 14:38:44.0;
41;52505;2019-04-11 14:39:26.0;
41;52507;2019-04-11 14:39:39.0;
41;52506;2019-04-11 14:39:45.0;
41;52496;2019-04-11 14:39:49.0;
41;52493;2019-04-11 14:40:04.0;
41;52504;2019-04-11 14:40:11.0;
41;52508;2019-04-11 14:40:21.0;
41;52504;2019-04-11 14:40:23.0;
41;52508;2019-04-11 14:40:24.0;
41;52500;2019-04-11 14:40:50.0;
41;52501;2019-04-11 14:40:58.0;
41;52502;2019-04-11 14:41:07.0;
41;52500;2019-04-11 14:42:12.0;
41;52502;2019-04-11 14:42:13.0;
41;52500;2019-04-11 14:42:15.0;
41;52496;2019-04-11 14:42:35.0;
41;52495;2019-04-11 14:42:40.0;
41;52498;2019-04-11 14:42:45.0;
41;52497;2019-04-11 14:43:08.0;
41;52498;2019-04-11 14:43:09.0;
41;52497;2019-04-11 14:43:11.0;
41;52506;2019-04-11 14:43:13.0;
41;52504;2019-04-11 14:43:15.0;
41;52500;2019-04-11 14:43:19.0;
41;52502;2019-04-11 14:43:23.0;
41;52504;2019-04-11 14:43:33.0;
41;52505;2019-04-11 14:43:47.0;
41;52506;2019-04-11 14:44:09.0;
41;52507;2019-04-11 14:44:15.0;
41;52506;2019-04-11 14:44:20.0;
41;52520;2019-04-11 14:45:13.0;
41;52519;2019-04-11 14:45:19.0;
41;52534;2019-04-11 14:46:05.0;
41;52533;2019-04-11 14:46:14.0;
41;52534;2019-04-11 14:46:15.0;
41;52533;2019-04-11 14:46:17.0;
41;52532;2019-04-11 14:46:24.0;
41;52530;2019-04-11 14:46:41.0;
41;52535;2019-04-11 14:46:46.0;
41;52538;2019-04-11 14:46:53.0;
41;52539;2019-04-11 14:47:04.0;
41;52543;2019-04-11 14:47:12.0;
41;52539;2019-04-11 14:47:14.0;
41;52543;2019-04-11 14:47:15.0;
41;52542;2019-04-11 14:47:18.0;
41;52544;2019-04-11 14:47:40.0;
41;52540;2019-04-11 14:48:03.0;
41;52544;2019-04-11 14:48:07.0;
41;52540;2019-04-11 14:48:08.0;
41;52538;2019-04-11 14:48:24.0;
41;52540;2019-04-11 14:48:25.0;
41;52538;2019-04-11 14:48:27.0;
41;52537;2019-04-11 14:48:42.0;
41;52538;2019-04-11 14:49:05.0;
41;52537;2019-04-11 14:49:15.0;
41;52536;2019-04-11 14:49:28.0;
41;52537;2019-04-11 14:49:29.0;
41;52534;2019-04-11 14:49:30.0;
41;52536;2019-04-11 14:49:32.0;
41;52534;2019-04-11 14:49:34.0;
41;52533;2019-04-11 14:49:36.0;
41;52524;2019-04-11 14:49:40.0;
41;52514;2019-04-11 14:49:43.0;
41;52524;2019-04-11 14:49:44.0;
41;52514;2019-04-11 14:49:46.0;
41;52512;2019-04-11 14:49:50.0;
41;52516;2019-04-11 14:50:02.0;
41;52514;2019-04-11 14:50:07.0;
41;52515;2019-04-11 14:50:19.0;
41;52526;2019-04-11 14:50:30.0;
41;52530;2019-04-11 14:50:38.0;
41;52532;2019-04-11 14:50:55.0;
41;52534;2019-04-11 14:51:05.0;
41;52538;2019-04-11 14:51:08.0;
41;52534;2019-04-11 14:51:09.0;
41;52538;2019-04-11 14:51:10.0;
41;52539;2019-04-11 14:51:23.0;
41;52538;2019-04-11 14:51:25.0;
41;52539;2019-04-11 14:51:26.0;
41;52540;2019-04-11 14:51:42.0;
41;52539;2019-04-11 14:51:48.0;
41;52546;2019-04-11 14:52:04.0;
41;52544;2019-04-11 14:52:10.0;
41;52543;2019-04-11 14:52:11.0;
41;52544;2019-04-11 14:52:13.0;
41;52543;2019-04-11 14:52:14.0;
41;52538;2019-04-11 14:52:17.0;
41;52537;2019-04-11 14:52:33.0;
41;52535;2019-04-11 14:52:39.0;
41;52534;2019-04-11 14:52:53.0;
41;52535;2019-04-11 14:53:03.0;
41;52534;2019-04-11 14:53:04.0;
41;52535;2019-04-11 14:53:06.0;
41;52540;2019-04-11 14:53:09.0;
41;52538;2019-04-11 14:53:18.0;
41;52536;2019-04-11 14:53:21.0;
41;52535;2019-04-11 14:53:39.0;
41;52536;2019-04-11 14:53:45.0;
41;52540;2019-04-11 14:53:48.0;
41;52544;2019-04-11 14:54:04.0;
41;52537;2019-04-11 14:54:07.0;
41;52544;2019-04-11 14:54:09.0;
41;52537;2019-04-11 14:54:10.0;
41;52536;2019-04-11 14:54:11.0;
41;52538;2019-04-11 14:54:21.0;
41;52537;2019-04-11 14:54:28.0;
41;52536;2019-04-11 14:54:34.0;
41;52527;2019-04-11 14:55:00.0;
41;52528;2019-04-11 14:55:18.0;
41;52527;2019-04-11 14:55:20.0;
41;52526;2019-04-11 14:55:40.0;
41;52528;2019-04-11 14:55:50.0;
41;52527;2019-04-11 14:56:17.0;
41;52526;2019-04-11 14:56:44.0;
41;52527;2019-04-11 14:56:47.0;
41;52526;2019-04-11 14:56:48.0;
41;52527;2019-04-11 14:56:50.0;
41;52530;2019-04-11 14:56:51.0;
41;52529;2019-04-11 14:57:02.0;
41;52524;2019-04-11 14:57:08.0;
41;52515;2019-04-11 14:57:16.0;
41;52514;2019-04-11 14:57:20.0;
41;52515;2019-04-11 14:57:21.0;
41;52514;2019-04-11 14:57:24.0;
41;52520;2019-04-11 14:57:41.0;
41;52514;2019-04-11 14:57:42.0;
41;52520;2019-04-11 14:57:43.0;
41;52518;2019-04-11 14:57:45.0;
41;52519;2019-04-11 14:57:49.0;
41;52515;2019-04-11 14:58:05.0;
41;52513;2019-04-11 14:58:14.0;
41;52515;2019-04-11 14:58:16.0;
41;52513;2019-04-11 14:58:17.0;
41;52514;2019-04-11 14:58:29.0;
41;52512;2019-04-11 14:58:33.0;
41;52513;2019-04-11 14:58:37.0;
41;52512;2019-04-11 14:58:39.0;
41;52513;2019-04-11 14:58:42.0;
41;52512;2019-04-11 14:58:43.0;
41;52508;2019-04-11 14:58:50.0;
41;52509;2019-04-11 14:58:56.0;
41;52511;2019-04-11 14:59:07.0;
41;52510;2019-04-11 14:59:11.0;
41;52509;2019-04-11 14:59:20.0;
41;52519;2019-04-11 14:59:31.0;
41;52509;2019-04-11 14:59:32.0;
41;52519;2019-04-11 14:59:34.0;
41;52514;2019-04-11 15:00:03.0;
41;52506;2019-04-11 15:00:09.0;
41;52514;2019-04-11 15:00:25.0;
41;52512;2019-04-11 15:00:26.0;
41;52514;2019-04-11 15:00:27.0;
41;52512;2019-04-11 15:00:30.0;
41;52511;2019-04-11 15:00:32.0;
41;52518;2019-04-11 15:00:36.0;
41;52516;2019-04-11 15:00:42.0;
41;52518;2019-04-11 15:00:45.0;
41;52520;2019-04-11 15:00:54.0;
41;52522;2019-04-11 15:00:55.0;
41;52536;2019-04-11 15:01:06.0;
41;52521;2019-04-11 15:01:11.0;
41;52518;2019-04-11 15:01:16.0;
41;52524;2019-04-11 15:01:21.0;
41;52523;2019-04-11 15:01:29.0;
41;52522;2019-04-11 15:01:32.0;
41;52523;2019-04-11 15:01:34.0;
41;52522;2019-04-11 15:01:36.0;
41;52521;2019-04-11 15:02:43.0;
41;52520;2019-04-11 15:02:54.0;
41;52518;2019-04-11 15:03:05.0;
41;52520;2019-04-11 15:03:06.0;
41;52518;2019-04-11 15:03:08.0;
41;52520;2019-04-11 15:04:05.0;
41;52522;2019-04-11 15:05:10.0;
41;52539;2019-04-11 15:05:24.0;
41;52538;2019-04-11 15:05:37.0;
41;52535;2019-04-11 15:06:04.0;
41;52542;2019-04-11 15:06:07.0;
41;52538;2019-04-11 15:06:20.0;
41;52537;2019-04-11 15:06:25.0;
41;52536;2019-04-11 15:06:30.0;
41;52538;2019-04-11 15:07:04.0;
41;52540;2019-04-11 15:07:11.0;
41;52539;2019-04-11 15:07:21.0;
41;52536;2019-04-11 15:07:47.0;
41;52539;2019-04-11 15:07:49.0;
41;52536;2019-04-11 15:07:50.0;
41;52535;2019-04-11 15:08:18.0;
41;52534;2019-04-11 15:08:39.0;
41;52533;2019-04-11 15:08:50.0;
41;52527;2019-04-11 15:08:57.0;
41;52526;2019-04-11 15:08:59.0;
41;52527;2019-04-11 15:09:00.0;
41;52526;2019-04-11 15:09:02.0;
41;52524;2019-04-11 15:09:05.0;
41;52526;2019-04-11 15:09:06.0;
41;52524;2019-04-11 15:09:08.0;
41;52528;2019-04-11 15:09:09.0;
41;52527;2019-04-11 15:09:12.0;
41;52528;2019-04-11 15:09:13.0;
41;52527;2019-04-11 15:09:14.0;
41;52528;2019-04-11 15:09:28.0;
41;52527;2019-04-11 15:09:29.0;
41;52528;2019-04-11 15:09:31.0;
41;52519;2019-04-11 15:09:37.0;
41;52518;2019-04-11 15:09:40.0;
41;52517;2019-04-11 15:10:06.0;
41;52516;2019-04-11 15:10:24.0;
41;52517;2019-04-11 15:10:25.0;
41;52515;2019-04-11 15:10:28.0;
41;52516;2019-04-11 15:10:34.0;
41;52514;2019-04-11 15:10:35.0;
41;52516;2019-04-11 15:10:37.0;
41;52514;2019-04-11 15:10:38.0;
41;52515;2019-04-11 15:10:41.0;
41;52514;2019-04-11 15:10:44.0;
41;52526;2019-04-11 15:10:54.0;
41;52529;2019-04-11 15:11:01.0;
41;52526;2019-04-11 15:11:05.0;
41;52525;2019-04-11 15:11:08.0;
41;52526;2019-04-11 15:11:24.0;
41;52520;2019-04-11 15:11:31.0;
41;52522;2019-04-11 15:12:10.0;
41;52520;2019-04-11 15:12:21.0;
41;52518;2019-04-11 15:12:35.0;
41;52528;2019-04-11 15:12:49.0;
41;52530;2019-04-11 15:13:02.0;
41;52528;2019-04-11 15:13:27.0;
41;52530;2019-04-11 15:13:29.0;
41;52528;2019-04-11 15:13:31.0;
41;52534;2019-04-11 15:13:38.0;
41;52532;2019-04-11 15:14:03.0;
41;52536;2019-04-11 15:14:08.0;
41;52537;2019-04-11 15:14:25.0;
41;52526;2019-04-11 15:14:28.0;
41;52537;2019-04-11 15:14:29.0;
41;52526;2019-04-11 15:14:31.0;
41;52536;2019-04-11 15:15:35.0;
41;52533;2019-04-11 15:15:39.0;
41;52532;2019-04-11 15:15:48.0;
41;52530;2019-04-11 15:16:03.0;
41;52531;2019-04-11 15:16:11.0;
41;52532;2019-04-11 15:16:35.0;
41;52531;2019-04-11 15:16:56.0;
41;52532;2019-04-11 15:16:58.0;
41;52531;2019-04-11 15:16:59.0;
41;52532;2019-04-11 15:17:06.0;
41;52531;2019-04-11 15:18:34.0;
41;52532;2019-04-11 15:18:36.0;
41;52531;2019-04-11 15:18:37.0;
41;52532;2019-04-11 15:18:40.0;
41;52540;2019-04-11 15:19:06.0;
41;52541;2019-04-11 15:19:35.0;
41;52544;2019-04-11 15:20:05.0;
41;52553;2019-04-11 15:20:43.0;
41;52558;2019-04-11 15:20:49.0;
41;52556;2019-04-11 15:21:08.0;
41;52557;2019-04-11 15:21:23.0;
41;52558;2019-04-11 15:21:37.0;
41;52546;2019-04-11 15:21:42.0;
41;52548;2019-04-11 15:21:44.0;
41;52546;2019-04-11 15:21:45.0;
41;52548;2019-04-11 15:21:48.0;
41;52550;2019-04-11 15:22:03.0;
41;52552;2019-04-11 15:22:11.0;
41;52550;2019-04-11 15:22:12.0;
41;52546;2019-04-11 15:22:15.0;
41;52542;2019-04-11 15:22:18.0;
41;52540;2019-04-11 15:22:26.0;
41;52538;2019-04-11 15:22:27.0;
41;52540;2019-04-11 15:22:29.0;
41;52542;2019-04-11 15:22:37.0;
41;52545;2019-04-11 15:22:44.0;
41;52541;2019-04-11 15:22:46.0;
41;52540;2019-04-11 15:22:50.0;
41;52539;2019-04-11 15:22:57.0;
41;52536;2019-04-11 15:23:00.0;
41;52539;2019-04-11 15:23:02.0;
41;52535;2019-04-11 15:23:03.0;
41;52536;2019-04-11 15:23:05.0;
41;52535;2019-04-11 15:23:06.0;
41;52534;2019-04-11 15:23:08.0;
41;52532;2019-04-11 15:23:18.0;
41;52529;2019-04-11 15:23:42.0;
41;52528;2019-04-11 15:23:47.0;
41;52524;2019-04-11 15:24:02.0;
41;52523;2019-04-11 15:24:10.0;
41;52522;2019-04-11 15:24:11.0;
41;52514;2019-04-11 15:24:44.0;
41;52513;2019-04-11 15:25:04.0;
41;52510;2019-04-11 15:25:08.0;
41;52508;2019-04-11 15:25:16.0;
41;52510;2019-04-11 15:25:17.0;
41;52508;2019-04-11 15:25:19.0;
41;52516;2019-04-11 15:25:23.0;
41;52515;2019-04-11 15:25:44.0;
41;52525;2019-04-11 15:26:07.0;
41;52524;2019-04-11 15:26:14.0;
41;52523;2019-04-11 15:26:51.0;
41;52524;2019-04-11 15:26:54.0;
41;52519;2019-04-11 15:26:56.0;
41;52524;2019-04-11 15:27:07.0;
41;52518;2019-04-11 15:27:39.0;
41;52516;2019-04-11 15:28:09.0;
41;52514;2019-04-11 15:28:15.0;
41;52513;2019-04-11 15:28:27.0;
41;52512;2019-04-11 15:28:30.0;
41;52506;2019-04-11 15:28:35.0;
41;52504;2019-04-11 15:28:51.0;
41;52503;2019-04-11 15:29:01.0;
41;52502;2019-04-11 15:29:03.0;
41;52503;2019-04-11 15:29:04.0;
41;52502;2019-04-11 15:29:06.0;
41;52504;2019-04-11 15:29:07.0;
41;52502;2019-04-11 15:29:09.0;
41;52504;2019-04-11 15:29:10.0;
41;52514;2019-04-11 15:29:12.0;
41;52516;2019-04-11 15:29:25.0;
41;52515;2019-04-11 15:29:29.0;
41;52507;2019-04-11 15:29:38.0;
41;52506;2019-04-11 15:29:42.0;
41;52507;2019-04-11 15:29:44.0;
41;52506;2019-04-11 15:29:45.0;
41;52502;2019-04-11 15:29:48.0;
41;52506;2019-04-11 15:29:50.0;
41;52502;2019-04-11 15:29:51.0;
41;52496;2019-04-11 15:30:04.0;
41;52491;2019-04-11 15:30:11.0;
41;52492;2019-04-11 15:30:17.0;
41;52484;2019-04-11 15:30:23.0;
41;52474;2019-04-11 15:30:35.0;
41;52484;2019-04-11 15:30:36.0;
41;52474;2019-04-11 15:30:38.0;
41;52469;2019-04-11 15:30:42.0;
41;52468;2019-04-11 15:30:49.0;
41;52467;2019-04-11 15:31:04.0;
41;52466;2019-04-11 15:31:06.0;
41;52467;2019-04-11 15:31:17.0;
41;52468;2019-04-11 15:31:24.0;
41;52480;2019-04-11 15:31:30.0;
41;52468;2019-04-11 15:31:31.0;
41;52480;2019-04-11 15:31:33.0;
41;52479;2019-04-11 15:31:48.0;
41;52480;2019-04-11 15:32:05.0;
41;52479;2019-04-11 15:32:15.0;
41;52474;2019-04-11 15:32:30.0;
41;52479;2019-04-11 15:32:32.0;
41;52474;2019-04-11 15:32:33.0;
41;52470;2019-04-11 15:32:40.0;
41;52476;2019-04-11 15:32:42.0;
41;52478;2019-04-11 15:32:47.0;
41;52472;2019-04-11 15:33:14.0;
41;52471;2019-04-11 15:33:29.0;
41;52474;2019-04-11 15:33:36.0;
41;52480;2019-04-11 15:33:41.0;
41;52478;2019-04-11 15:33:43.0;
41;52480;2019-04-11 15:33:45.0;
41;52476;2019-04-11 15:33:47.0;
41;52462;2019-04-11 15:34:03.0;
41;52468;2019-04-11 15:34:10.0;
41;52469;2019-04-11 15:34:12.0;
41;52468;2019-04-11 15:34:19.0;
41;52470;2019-04-11 15:34:20.0;
41;52468;2019-04-11 15:34:22.0;
41;52470;2019-04-11 15:34:23.0;
41;52469;2019-04-11 15:34:27.0;
41;52470;2019-04-11 15:34:29.0;
41;52469;2019-04-11 15:34:31.0;
41;52470;2019-04-11 15:34:33.0;
41;52469;2019-04-11 15:34:37.0;
41;52468;2019-04-11 15:34:41.0;
41;52465;2019-04-11 15:34:47.0;
41;52464;2019-04-11 15:34:48.0;
41;52472;2019-04-11 15:34:54.0;
41;52474;2019-04-11 15:35:00.0;
41;52482;2019-04-11 15:35:03.0;
41;52474;2019-04-11 15:35:05.0;
41;52482;2019-04-11 15:35:06.0;
41;52484;2019-04-11 15:35:09.0;
41;52485;2019-04-11 15:35:27.0;
41;52481;2019-04-11 15:35:33.0;
41;52472;2019-04-11 15:35:41.0;
41;52471;2019-04-11 15:35:43.0;
41;52468;2019-04-11 15:36:05.0;
41;52445;2019-04-11 15:36:08.0;
41;52442;2019-04-11 15:36:12.0;
41;52445;2019-04-11 15:36:14.0;
41;52442;2019-04-11 15:36:15.0;
41;52452;2019-04-11 15:36:20.0;
41;52451;2019-04-11 15:36:27.0;
41;52452;2019-04-11 15:36:34.0;
41;52450;2019-04-11 15:36:35.0;
41;52452;2019-04-11 15:36:37.0;
41;52450;2019-04-11 15:36:40.0;
41;52444;2019-04-11 15:36:44.0;
41;52450;2019-04-11 15:36:48.0;
41;52454;2019-04-11 15:37:11.0;
41;52460;2019-04-11 15:37:21.0;
41;52461;2019-04-11 15:37:23.0;
41;52466;2019-04-11 15:37:31.0;
41;52468;2019-04-11 15:37:37.0;
41;52471;2019-04-11 15:37:45.0;
41;52470;2019-04-11 15:37:48.0;
41;52472;2019-04-11 15:38:05.0;
41;52470;2019-04-11 15:38:07.0;
41;52472;2019-04-11 15:38:08.0;
41;52471;2019-04-11 15:38:30.0;
41;52472;2019-04-11 15:38:32.0;
41;52471;2019-04-11 15:38:33.0;
41;52466;2019-04-11 15:38:36.0;
41;52465;2019-04-11 15:38:44.0;
41;52466;2019-04-11 15:38:46.0;
41;52465;2019-04-11 15:38:47.0;
41;52466;2019-04-11 15:38:54.0;
41;52464;2019-04-11 15:38:58.0;
41;52470;2019-04-11 15:39:05.0;
41;52468;2019-04-11 15:39:17.0;
41;52458;2019-04-11 15:39:19.0;
41;52450;2019-04-11 15:39:24.0;
41;52454;2019-04-11 15:39:47.0;
41;52450;2019-04-11 15:39:48.0;
41;52454;2019-04-11 15:39:50.0;
41;52458;2019-04-11 15:40:04.0;
41;52456;2019-04-11 15:40:07.0;
41;52454;2019-04-11 15:40:31.0;
41;52452;2019-04-11 15:40:36.0;
41;52454;2019-04-11 15:40:40.0;
41;52459;2019-04-11 15:40:45.0;
41;52460;2019-04-11 15:40:49.0;
41;52459;2019-04-11 15:40:51.0;
41;52466;2019-04-11 15:40:53.0;
41;52464;2019-04-11 15:40:59.0;
41;52468;2019-04-11 15:41:11.0;
41;52470;2019-04-11 15:41:24.0;
41;52472;2019-04-11 15:41:28.0;
41;52470;2019-04-11 15:41:30.0;
41;52473;2019-04-11 15:41:31.0;
41;52476;2019-04-11 15:41:36.0;
41;52473;2019-04-11 15:41:38.0;
41;52476;2019-04-11 15:41:39.0;
41;52473;2019-04-11 15:41:45.0;
41;52478;2019-04-11 15:42:04.0;
41;52477;2019-04-11 15:42:09.0;
41;52478;2019-04-11 15:42:10.0;
41;52477;2019-04-11 15:42:12.0;
41;52479;2019-04-11 15:42:15.0;
41;52478;2019-04-11 15:42:23.0;
41;52477;2019-04-11 15:42:27.0;
41;52475;2019-04-11 15:42:32.0;
41;52472;2019-04-11 15:42:36.0;
41;52470;2019-04-11 15:42:44.0;
41;52474;2019-04-11 15:42:48.0;
41;52475;2019-04-11 15:42:57.0;
41;52474;2019-04-11 15:42:59.0;
41;52475;2019-04-11 15:43:01.0;
41;52474;2019-04-11 15:43:02.0;
41;52477;2019-04-11 15:43:12.0;
41;52474;2019-04-11 15:43:13.0;
41;52477;2019-04-11 15:43:15.0;
41;52480;2019-04-11 15:43:17.0;
41;52482;2019-04-11 15:43:20.0;
41;52483;2019-04-11 15:43:31.0;
41;52482;2019-04-11 15:43:38.0;
41;52483;2019-04-11 15:43:39.0;
41;52482;2019-04-11 15:43:41.0;
41;52474;2019-04-11 15:44:07.0;
41;52476;2019-04-11 15:44:17.0;
41;52472;2019-04-11 15:44:31.0;
41;52474;2019-04-11 15:44:36.0;
41;52476;2019-04-11 15:44:39.0;
41;52482;2019-04-11 15:44:46.0;
41;52484;2019-04-11 15:44:52.0;
41;52482;2019-04-11 15:45:06.0;
41;52484;2019-04-11 15:45:07.0;
41;52482;2019-04-11 15:45:08.0;
41;52484;2019-04-11 15:45:10.0;
41;52483;2019-04-11 15:45:23.0;
41;52476;2019-04-11 15:45:28.0;
41;52472;2019-04-11 15:45:31.0;
41;52476;2019-04-11 15:45:36.0;
41;52486;2019-04-11 15:45:39.0;
41;52488;2019-04-11 15:45:48.0;
41;52482;2019-04-11 15:46:03.0;
41;52488;2019-04-11 15:46:04.0;
41;52482;2019-04-11 15:46:06.0;
41;52476;2019-04-11 15:46:08.0;
41;52474;2019-04-11 15:46:16.0;
41;52472;2019-04-11 15:46:23.0;
41;52480;2019-04-11 15:46:30.0;
41;52484;2019-04-11 15:46:33.0;
41;52486;2019-04-11 15:46:52.0;
41;52497;2019-04-11 15:46:57.0;
41;52498;2019-04-11 15:47:03.0;
41;52496;2019-04-11 15:47:17.0;
41;52480;2019-04-11 15:47:24.0;
41;52484;2019-04-11 15:47:29.0;
41;52483;2019-04-11 15:47:38.0;
41;52482;2019-04-11 15:47:43.0;
41;52476;2019-04-11 15:47:48.0;
41;52496;2019-04-11 15:48:04.0;
41;52495;2019-04-11 15:48:46.0;
41;52490;2019-04-11 15:49:08.0;
41;52489;2019-04-11 15:49:09.0;
41;52490;2019-04-11 15:49:15.0;
41;52488;2019-04-11 15:49:20.0;
41;52482;2019-04-11 15:49:27.0;
41;52480;2019-04-11 15:49:36.0;
41;52475;2019-04-11 15:49:43.0;
41;52474;2019-04-11 15:49:48.0;
41;52475;2019-04-11 15:49:50.0;
41;52474;2019-04-11 15:49:51.0;
41;52473;2019-04-11 15:50:05.0;
41;52470;2019-04-11 15:50:07.0;
41;52480;2019-04-11 15:50:17.0;
41;52470;2019-04-11 15:50:18.0;
41;52480;2019-04-11 15:50:19.0;
41;52482;2019-04-11 15:50:21.0;
41;52480;2019-04-11 15:50:23.0;
41;52482;2019-04-11 15:50:26.0;
41;52480;2019-04-11 15:50:28.0;
41;52482;2019-04-11 15:50:29.0;
41;52480;2019-04-11 15:50:33.0;
41;52482;2019-04-11 15:50:36.0;
41;52494;2019-04-11 15:50:42.0;
41;52498;2019-04-11 15:50:45.0;
41;52500;2019-04-11 15:50:47.0;
41;52498;2019-04-11 15:50:48.0;
41;52500;2019-04-11 15:50:50.0;
41;52510;2019-04-11 15:50:51.0;
41;52512;2019-04-11 15:50:56.0;
41;52510;2019-04-11 15:50:59.0;
41;52512;2019-04-11 15:51:02.0;
41;52510;2019-04-11 15:51:04.0;
41;52493;2019-04-11 15:51:13.0;
41;52510;2019-04-11 15:51:15.0;
41;52492;2019-04-11 15:51:16.0;
41;52488;2019-04-11 15:51:21.0;
41;52486;2019-04-11 15:51:41.0;
41;52488;2019-04-11 15:51:42.0;
41;52486;2019-04-11 15:51:44.0;
41;52488;2019-04-11 15:51:46.0;
41;52486;2019-04-11 15:51:48.0;
41;52476;2019-04-11 15:52:04.0;
41;52472;2019-04-11 15:52:08.0;
41;52470;2019-04-11 15:52:13.0;
41;52472;2019-04-11 15:52:14.0;
41;52470;2019-04-11 15:52:15.0;
41;52469;2019-04-11 15:52:22.0;
41;52463;2019-04-11 15:52:23.0;
41;52469;2019-04-11 15:52:25.0;
41;52463;2019-04-11 15:52:28.0;
41;52473;2019-04-11 15:52:34.0;
41;52472;2019-04-11 15:52:35.0;
41;52473;2019-04-11 15:52:37.0;
41;52472;2019-04-11 15:52:38.0;
41;52464;2019-04-11 15:52:45.0;
41;52459;2019-04-11 15:53:02.0;
41;52458;2019-04-11 15:53:05.0;
41;52456;2019-04-11 15:53:13.0;
41;52455;2019-04-11 15:53:15.0;
41;52456;2019-04-11 15:53:16.0;
41;52455;2019-04-11 15:53:18.0;
41;52454;2019-04-11 15:53:20.0;
41;52455;2019-04-11 15:53:21.0;
41;52454;2019-04-11 15:53:25.0;
41;52452;2019-04-11 15:53:29.0;
41;52466;2019-04-11 15:53:33.0;
41;52465;2019-04-11 15:53:36.0;
41;52464;2019-04-11 15:53:44.0;
41;52462;2019-04-11 15:53:49.0;
41;52470;2019-04-11 15:54:05.0;
41;52454;2019-04-11 15:54:23.0;
41;52459;2019-04-11 15:54:27.0;
41;52454;2019-04-11 15:54:30.0;
41;52459;2019-04-11 15:54:31.0;
41;52460;2019-04-11 15:54:44.0;
41;52466;2019-04-11 15:54:49.0;
41;52464;2019-04-11 15:55:06.0;
41;52466;2019-04-11 15:55:08.0;
41;52464;2019-04-11 15:55:09.0;
41;52462;2019-04-11 15:55:27.0;
41;52464;2019-04-11 15:56:12.0;
41;52466;2019-04-11 15:56:16.0;
41;52467;2019-04-11 15:56:19.0;
41;52466;2019-04-11 15:56:20.0;
41;52467;2019-04-11 15:56:22.0;
41;52477;2019-04-11 15:56:41.0;
41;52474;2019-04-11 15:56:42.0;
41;52477;2019-04-11 15:56:43.0;
41;52474;2019-04-11 15:56:45.0;
41;52475;2019-04-11 15:56:47.0;
41;52476;2019-04-11 15:56:50.0;
41;52477;2019-04-11 15:57:02.0;
41;52481;2019-04-11 15:57:08.0;
41;52477;2019-04-11 15:57:09.0;
41;52484;2019-04-11 15:57:10.0;
41;52482;2019-04-11 15:57:25.0;
41;52481;2019-04-11 15:57:30.0;
41;52482;2019-04-11 15:57:37.0;
41;52486;2019-04-11 15:58:06.0;
41;52484;2019-04-11 15:58:11.0;
41;52476;2019-04-11 15:58:22.0;
41;52482;2019-04-11 15:58:24.0;
41;52476;2019-04-11 15:58:25.0;
41;52482;2019-04-11 15:58:27.0;
41;52481;2019-04-11 15:58:31.0;
41;52482;2019-04-11 15:58:36.0;
41;52481;2019-04-11 15:58:50.0;
41;52480;2019-04-11 15:59:02.0;
41;52477;2019-04-11 15:59:03.0;
41;52476;2019-04-11 15:59:08.0;
41;52474;2019-04-11 15:59:20.0;
41;52466;2019-04-11 15:59:33.0;
41;52470;2019-04-11 15:59:52.0;
41;52472;2019-04-11 16:00:09.0;
41;52473;2019-04-11 16:00:29.0;
41;52474;2019-04-11 16:00:34.0;
41;52472;2019-04-11 16:00:50.0;
41;52470;2019-04-11 16:01:08.0;
41;52468;2019-04-11 16:01:13.0;
41;52466;2019-04-11 16:01:29.0;
41;52462;2019-04-11 16:01:33.0;
41;52465;2019-04-11 16:01:37.0;
41;52464;2019-04-11 16:01:50.0;
41;52470;2019-04-11 16:02:05.0;
41;52480;2019-04-11 16:02:29.0;
41;52481;2019-04-11 16:02:34.0;
41;52482;2019-04-11 16:02:47.0;
41;52489;2019-04-11 16:02:56.0;
41;52490;2019-04-11 16:03:03.0;
41;52489;2019-04-11 16:03:05.0;
41;52490;2019-04-11 16:03:06.0;
41;52494;2019-04-11 16:03:11.0;
41;52493;2019-04-11 16:03:17.0;
41;52498;2019-04-11 16:03:19.0;
41;52499;2019-04-11 16:03:24.0;
41;52500;2019-04-11 16:03:27.0;
41;52499;2019-04-11 16:03:28.0;
41;52500;2019-04-11 16:03:30.0;
41;52486;2019-04-11 16:03:35.0;
41;52490;2019-04-11 16:04:07.0;
41;52488;2019-04-11 16:04:15.0;
41;52489;2019-04-11 16:04:34.0;
41;52487;2019-04-11 16:04:48.0;
41;52488;2019-04-11 16:05:04.0;
41;52489;2019-04-11 16:05:12.0;
41;52488;2019-04-11 16:05:13.0;
41;52489;2019-04-11 16:05:15.0;
41;52492;2019-04-11 16:05:25.0;
41;52494;2019-04-11 16:05:32.0;
41;52490;2019-04-11 16:05:35.0;
41;52492;2019-04-11 16:05:44.0;
41;52488;2019-04-11 16:06:04.0;
41;52484;2019-04-11 16:06:12.0;
41;52482;2019-04-11 16:06:17.0;
41;52478;2019-04-11 16:06:24.0;
41;52476;2019-04-11 16:06:31.0;
41;52475;2019-04-11 16:06:35.0;
41;52468;2019-04-11 16:06:43.0;
41;52470;2019-04-11 16:06:47.0;
41;52477;2019-04-11 16:06:55.0;
41;52476;2019-04-11 16:06:59.0;
41;52477;2019-04-11 16:07:08.0;
41;52473;2019-04-11 16:07:15.0;
41;52472;2019-04-11 16:07:20.0;
41;52470;2019-04-11 16:07:24.0;
41;52468;2019-04-11 16:07:29.0;
41;52464;2019-04-11 16:07:51.0;
41;52463;2019-04-11 16:08:05.0;
41;52469;2019-04-11 16:08:08.0;
41;52463;2019-04-11 16:08:09.0;
41;52470;2019-04-11 16:08:11.0;
41;52472;2019-04-11 16:08:17.0;
41;52468;2019-04-11 16:08:20.0;
41;52467;2019-04-11 16:08:23.0;
41;52466;2019-04-11 16:08:30.0;
41;52471;2019-04-11 16:08:47.0;
41;52476;2019-04-11 16:08:52.0;
41;52471;2019-04-11 16:08:53.0;
41;52476;2019-04-11 16:08:55.0;
41;52477;2019-04-11 16:08:59.0;
41;52488;2019-04-11 16:09:09.0;
41;52490;2019-04-11 16:09:11.0;
41;52492;2019-04-11 16:09:18.0;
41;52490;2019-04-11 16:09:21.0;
41;52491;2019-04-11 16:09:22.0;
41;52490;2019-04-11 16:09:34.0;
41;52476;2019-04-11 16:09:36.0;
41;52474;2019-04-11 16:09:50.0;
41;52472;2019-04-11 16:10:07.0;
41;52471;2019-04-11 16:10:09.0;
41;52472;2019-04-11 16:10:12.0;
41;52468;2019-04-11 16:10:13.0;
41;52466;2019-04-11 16:10:15.0;
41;52460;2019-04-11 16:10:21.0;
41;52470;2019-04-11 16:10:26.0;
41;52474;2019-04-11 16:10:30.0;
41;52478;2019-04-11 16:10:40.0;
41;52474;2019-04-11 16:10:41.0;
41;52478;2019-04-11 16:10:43.0;
41;52476;2019-04-11 16:10:45.0;
41;52470;2019-04-11 16:10:50.0;
41;52472;2019-04-11 16:10:52.0;
41;52470;2019-04-11 16:10:53.0;
41;52472;2019-04-11 16:10:56.0;
41;52470;2019-04-11 16:10:59.0;
41;52472;2019-04-11 16:11:00.0;
41;52470;2019-04-11 16:11:02.0;
41;52464;2019-04-11 16:11:22.0;
41;52463;2019-04-11 16:11:30.0;
41;52460;2019-04-11 16:11:31.0;
41;52463;2019-04-11 16:11:32.0;
41;52460;2019-04-11 16:11:34.0;
41;52454;2019-04-11 16:11:42.0;
41;52463;2019-04-11 16:11:43.0;
41;52454;2019-04-11 16:11:45.0;
41;52463;2019-04-11 16:11:46.0;
41;52462;2019-04-11 16:11:48.0;
41;52463;2019-04-11 16:11:49.0;
41;52462;2019-04-11 16:11:52.0;
41;52464;2019-04-11 16:12:16.0;
41;52462;2019-04-11 16:12:18.0;
41;52460;2019-04-11 16:12:19.0;
41;52453;2019-04-11 16:12:32.0;
41;52454;2019-04-11 16:12:39.0;
41;52453;2019-04-11 16:12:41.0;
41;52454;2019-04-11 16:12:42.0;
41;52448;2019-04-11 16:12:48.0;
41;52452;2019-04-11 16:12:59.0;
41;52462;2019-04-11 16:13:35.0;
41;52464;2019-04-11 16:13:45.0;
41;52462;2019-04-11 16:13:47.0;
41;52464;2019-04-11 16:13:48.0;
41;52473;2019-04-11 16:14:05.0;
41;52474;2019-04-11 16:14:06.0;
41;52473;2019-04-11 16:14:08.0;
41;52474;2019-04-11 16:14:11.0;
41;52485;2019-04-11 16:14:20.0;
41;52484;2019-04-11 16:14:22.0;
41;52481;2019-04-11 16:14:35.0;
41;52472;2019-04-11 16:14:40.0;
41;52471;2019-04-11 16:14:45.0;
41;52472;2019-04-11 16:14:46.0;
41;52474;2019-04-11 16:14:51.0;
41;52473;2019-04-11 16:14:56.0;
41;52474;2019-04-11 16:14:57.0;
41;52473;2019-04-11 16:14:58.0;
41;52476;2019-04-11 16:15:03.0;
41;52473;2019-04-11 16:15:04.0;
41;52476;2019-04-11 16:15:08.0;
41;52484;2019-04-11 16:15:09.0;
41;52486;2019-04-11 16:15:15.0;
41;52485;2019-04-11 16:15:20.0;
41;52471;2019-04-11 16:15:22.0;
41;52470;2019-04-11 16:15:27.0;
41;52473;2019-04-11 16:15:30.0;
41;52472;2019-04-11 16:15:34.0;
41;52474;2019-04-11 16:15:45.0;
41;52470;2019-04-11 16:16:06.0;
41;52473;2019-04-11 16:16:08.0;
41;52474;2019-04-11 16:16:14.0;
41;52472;2019-04-11 16:16:25.0;
41;52471;2019-04-11 16:16:27.0;
41;52473;2019-04-11 16:16:40.0;
41;52484;2019-04-11 16:16:51.0;
41;52483;2019-04-11 16:16:58.0;
41;52482;2019-04-11 16:17:13.0;
41;52483;2019-04-11 16:17:19.0;
41;52485;2019-04-11 16:17:27.0;
41;52484;2019-04-11 16:17:44.0;
41;52482;2019-04-11 16:17:47.0;
41;52484;2019-04-11 16:18:51.0;
41;52482;2019-04-11 16:19:32.0;
41;52484;2019-04-11 16:19:33.0;
41;52482;2019-04-11 16:19:34.0;
41;52484;2019-04-11 16:19:37.0;
41;52482;2019-04-11 16:19:39.0;
41;52484;2019-04-11 16:19:40.0;
41;52489;2019-04-11 16:20:10.0;
41;52484;2019-04-11 16:20:11.0;
41;52489;2019-04-11 16:20:12.0;
41;52490;2019-04-11 16:20:48.0;
41;52486;2019-04-11 16:21:46.0;
41;52488;2019-04-11 16:22:05.0;
41;52495;2019-04-11 16:22:11.0;
41;52488;2019-04-11 16:22:13.0;
41;52495;2019-04-11 16:22:14.0;
41;52496;2019-04-11 16:22:17.0;
41;52494;2019-04-11 16:22:37.0;
41;52492;2019-04-11 16:22:40.0;
41;52490;2019-04-11 16:23:06.0;
41;52491;2019-04-11 16:23:15.0;
41;52496;2019-04-11 16:23:24.0;
41;52495;2019-04-11 16:23:29.0;
41;52496;2019-04-11 16:23:32.0;
41;52497;2019-04-11 16:23:37.0;
41;52493;2019-04-11 16:23:38.0;
41;52497;2019-04-11 16:23:39.0;
41;52493;2019-04-11 16:23:41.0;
41;52494;2019-04-11 16:23:44.0;
41;52495;2019-04-11 16:23:48.0;
41;52494;2019-04-11 16:23:52.0;
41;52495;2019-04-11 16:23:53.0;
41;52494;2019-04-11 16:24:02.0;
41;52495;2019-04-11 16:24:04.0;
41;52494;2019-04-11 16:24:05.0;
41;52498;2019-04-11 16:24:11.0;
41;52494;2019-04-11 16:24:12.0;
41;52498;2019-04-11 16:24:15.0;
41;52506;2019-04-11 16:24:17.0;
41;52505;2019-04-11 16:24:18.0;
41;52506;2019-04-11 16:24:23.0;
41;52505;2019-04-11 16:24:33.0;
41;52504;2019-04-11 16:24:57.0;
41;52496;2019-04-11 16:25:35.0;
41;52504;2019-04-11 16:25:40.0;
41;52503;2019-04-11 16:25:49.0;
41;52502;2019-04-11 16:26:06.0;
41;52504;2019-04-11 16:26:47.0;
41;52508;2019-04-11 16:26:54.0;
41;52500;2019-04-11 16:27:11.0;
41;52495;2019-04-11 16:27:17.0;
41;52496;2019-04-11 16:27:22.0;
41;52500;2019-04-11 16:27:23.0;
41;52501;2019-04-11 16:27:34.0;
41;52508;2019-04-11 16:27:45.0;
41;52502;2019-04-11 16:28:03.0;
41;52508;2019-04-11 16:28:05.0;
41;52502;2019-04-11 16:28:07.0;
41;52504;2019-04-11 16:28:09.0;
41;52501;2019-04-11 16:28:19.0;
41;52500;2019-04-11 16:28:26.0;
41;52494;2019-04-11 16:28:29.0;
41;52502;2019-04-11 16:28:43.0;
41;52512;2019-04-11 16:29:22.0;
41;52502;2019-04-11 16:29:24.0;
41;52512;2019-04-11 16:29:26.0;
41;52520;2019-04-11 16:29:27.0;
41;52512;2019-04-11 16:29:30.0;
41;52520;2019-04-11 16:29:32.0;
41;52523;2019-04-11 16:29:37.0;
41;52520;2019-04-11 16:29:39.0;
41;52523;2019-04-11 16:29:40.0;
41;52522;2019-04-11 16:30:06.0;
41;52524;2019-04-11 16:30:10.0;
41;52532;2019-04-11 16:30:16.0;
41;52526;2019-04-11 16:30:24.0;
41;52521;2019-04-11 16:30:29.0;
41;52522;2019-04-11 16:30:31.0;
41;52523;2019-04-11 16:30:39.0;
41;52533;2019-04-11 16:31:06.0;
41;52526;2019-04-11 16:31:09.0;
41;52533;2019-04-11 16:31:10.0;
41;52526;2019-04-11 16:31:11.0;
41;52518;2019-04-11 16:31:17.0;
41;52519;2019-04-11 16:31:31.0;
41;52528;2019-04-11 16:31:39.0;
41;52530;2019-04-11 16:31:47.0;
41;52534;2019-04-11 16:32:05.0;
41;52539;2019-04-11 16:32:07.0;
41;52540;2019-04-11 16:32:11.0;
41;52539;2019-04-11 16:32:13.0;
41;52540;2019-04-11 16:32:14.0;
41;52542;2019-04-11 16:32:37.0;
41;52538;2019-04-11 16:32:52.0;
41;52533;2019-04-11 16:32:56.0;
41;52532;2019-04-11 16:33:07.0;
41;52522;2019-04-11 16:33:39.0;
41;52516;2019-04-11 16:33:43.0;
41;52514;2019-04-11 16:33:49.0;
41;52518;2019-04-11 16:34:04.0;
41;52522;2019-04-11 16:34:07.0;
41;52523;2019-04-11 16:34:16.0;
41;52528;2019-04-11 16:34:19.0;
41;52518;2019-04-11 16:34:28.0;
41;52522;2019-04-11 16:34:49.0;
41;52530;2019-04-11 16:35:07.0;
41;52529;2019-04-11 16:35:16.0;
41;52530;2019-04-11 16:35:21.0;
41;52533;2019-04-11 16:35:27.0;
41;52534;2019-04-11 16:35:31.0;
41;52538;2019-04-11 16:35:36.0;
41;52530;2019-04-11 16:36:11.0;
41;52538;2019-04-11 16:36:13.0;
41;52530;2019-04-11 16:36:14.0;
41;52528;2019-04-11 16:36:25.0;
41;52529;2019-04-11 16:36:31.0;
41;52525;2019-04-11 16:36:37.0;
41;52526;2019-04-11 16:36:48.0;
41;52525;2019-04-11 16:36:51.0;
41;52524;2019-04-11 16:36:55.0;
41;52534;2019-04-11 16:37:14.0;
41;52533;2019-04-11 16:37:28.0;
41;52537;2019-04-11 16:37:37.0;
41;52536;2019-04-11 16:37:42.0;
41;52538;2019-04-11 16:37:43.0;
41;52545;2019-04-11 16:38:04.0;
41;52538;2019-04-11 16:38:05.0;
41;52545;2019-04-11 16:38:07.0;
41;52546;2019-04-11 16:38:09.0;
41;52542;2019-04-11 16:38:16.0;
41;52543;2019-04-11 16:38:22.0;
41;52546;2019-04-11 16:38:24.0;
41;52543;2019-04-11 16:38:27.0;
41;52546;2019-04-11 16:38:28.0;
41;52561;2019-04-11 16:38:33.0;
41;52558;2019-04-11 16:38:38.0;
41;52556;2019-04-11 16:38:40.0;
41;52555;2019-04-11 16:38:43.0;
41;52556;2019-04-11 16:38:44.0;
41;52555;2019-04-11 16:38:45.0;
41;52552;2019-04-11 16:38:58.0;
41;52560;2019-04-11 16:39:09.0;
41;52554;2019-04-11 16:39:34.0;
41;52553;2019-04-11 16:39:49.0;
41;52538;2019-04-11 16:40:04.0;
41;52545;2019-04-11 16:40:12.0;
41;52544;2019-04-11 16:40:23.0;
41;52549;2019-04-11 16:40:28.0;
41;52547;2019-04-11 16:40:31.0;
41;52548;2019-04-11 16:40:39.0;
41;52546;2019-04-11 16:40:44.0;
41;52558;2019-04-11 16:40:47.0;
41;52559;2019-04-11 16:40:54.0;
41;52567;2019-04-11 16:41:04.0;
41;52554;2019-04-11 16:41:08.0;
41;52562;2019-04-11 16:41:32.0;
41;52565;2019-04-11 16:41:35.0;
41;52564;2019-04-11 16:41:46.0;
41;52563;2019-04-11 16:42:03.0;
41;52564;2019-04-11 16:42:04.0;
41;52563;2019-04-11 16:42:06.0;
41;52570;2019-04-11 16:42:12.0;
41;52563;2019-04-11 16:42:14.0;
41;52570;2019-04-11 16:42:17.0;
41;52572;2019-04-11 16:42:24.0;
41;52576;2019-04-11 16:42:31.0;
41;52582;2019-04-11 16:42:36.0;
41;52576;2019-04-11 16:42:37.0;
41;52583;2019-04-11 16:42:39.0;
41;52582;2019-04-11 16:42:47.0;
41;52574;2019-04-11 16:42:56.0;
41;52580;2019-04-11 16:43:07.0;
41;52582;2019-04-11 16:43:11.0;
41;52583;2019-04-11 16:43:18.0;
41;52584;2019-04-11 16:43:19.0;
41;52585;2019-04-11 16:43:24.0;
41;52584;2019-04-11 16:43:25.0;
41;52585;2019-04-11 16:43:27.0;
41;52584;2019-04-11 16:43:29.0;
41;52574;2019-04-11 16:43:32.0;
41;52577;2019-04-11 16:43:36.0;
41;52574;2019-04-11 16:43:37.0;
41;52577;2019-04-11 16:43:38.0;
41;52582;2019-04-11 16:43:46.0;
41;52578;2019-04-11 16:44:04.0;
41;52568;2019-04-11 16:44:07.0;
41;52562;2019-04-11 16:44:11.0;
41;52564;2019-04-11 16:44:16.0;
41;52562;2019-04-11 16:44:28.0;
41;52561;2019-04-11 16:44:35.0;
41;52560;2019-04-11 16:44:42.0;
41;52558;2019-04-11 16:44:50.0;
41;52560;2019-04-11 16:44:52.0;
41;52558;2019-04-11 16:44:53.0;
41;52556;2019-04-11 16:44:56.0;
41;52564;2019-04-11 16:45:07.0;
41;52562;2019-04-11 16:45:11.0;
41;52563;2019-04-11 16:45:14.0;
41;52564;2019-04-11 16:45:23.0;
41;52563;2019-04-11 16:45:24.0;
41;52564;2019-04-11 16:45:26.0;
41;52563;2019-04-11 16:45:28.0;
41;52562;2019-04-11 16:45:31.0;
41;52563;2019-04-11 16:45:33.0;
41;52562;2019-04-11 16:45:34.0;
41;52556;2019-04-11 16:45:43.0;
41;52562;2019-04-11 16:45:46.0;
41;52556;2019-04-11 16:45:48.0;
41;52553;2019-04-11 16:46:07.0;
41;52552;2019-04-11 16:46:27.0;
41;52544;2019-04-11 16:46:41.0;
41;52542;2019-04-11 16:46:51.0;
41;52534;2019-04-11 16:47:03.0;
41;52533;2019-04-11 16:47:20.0;
41;52544;2019-04-11 16:47:40.0;
41;52542;2019-04-11 16:47:43.0;
41;52544;2019-04-11 16:47:44.0;
41;52542;2019-04-11 16:47:46.0;
41;52532;2019-04-11 16:48:02.0;
41;52530;2019-04-11 16:48:06.0;
41;52532;2019-04-11 16:48:07.0;
41;52530;2019-04-11 16:48:09.0;
41;52534;2019-04-11 16:48:14.0;
41;52530;2019-04-11 16:48:16.0;
41;52534;2019-04-11 16:48:17.0;
41;52532;2019-04-11 16:48:19.0;
41;52534;2019-04-11 16:48:22.0;
41;52532;2019-04-11 16:48:23.0;
41;52530;2019-04-11 16:48:25.0;
41;52528;2019-04-11 16:48:26.0;
41;52530;2019-04-11 16:48:28.0;
41;52528;2019-04-11 16:48:29.0;
41;52529;2019-04-11 16:49:03.0;
41;52528;2019-04-11 16:49:09.0;
41;52532;2019-04-11 16:49:24.0;
41;52531;2019-04-11 16:49:41.0;
41;52530;2019-04-11 16:49:42.0;
41;52529;2019-04-11 16:50:04.0;
41;52531;2019-04-11 16:50:23.0;
41;52530;2019-04-11 16:50:26.0;
41;52529;2019-04-11 16:50:55.0;
41;52530;2019-04-11 16:51:01.0;
41;52529;2019-04-11 16:51:02.0;
41;52530;2019-04-11 16:51:04.0;
41;52532;2019-04-11 16:51:13.0;
41;52536;2019-04-11 16:51:16.0;
41;52532;2019-04-11 16:51:20.0;
41;52533;2019-04-11 16:51:33.0;
41;52532;2019-04-11 16:51:34.0;
41;52533;2019-04-11 16:51:35.0;
41;52532;2019-04-11 16:52:04.0;
41;52533;2019-04-11 16:52:25.0;
41;52532;2019-04-11 16:52:30.0;
41;52533;2019-04-11 16:52:31.0;
41;52532;2019-04-11 16:52:34.0;
41;52528;2019-04-11 16:52:40.0;
41;52527;2019-04-11 16:52:52.0;
41;52526;2019-04-11 16:52:56.0;
41;52527;2019-04-11 16:52:57.0;
41;52526;2019-04-11 16:52:59.0;
41;52525;2019-04-11 16:53:00.0;
41;52524;2019-04-11 16:53:07.0;
41;52521;2019-04-11 16:53:20.0;
41;52520;2019-04-11 16:53:27.0;
41;52521;2019-04-11 16:53:28.0;
41;52530;2019-04-11 16:53:31.0;
41;52527;2019-04-11 16:53:46.0;
41;52530;2019-04-11 16:53:48.0;
41;52527;2019-04-11 16:53:50.0;
41;52514;2019-04-11 16:54:03.0;
41;52526;2019-04-11 16:54:11.0;
41;52514;2019-04-11 16:54:12.0;
41;52526;2019-04-11 16:54:14.0;
41;52520;2019-04-11 16:54:35.0;
41;52517;2019-04-11 16:54:37.0;
41;52514;2019-04-11 16:54:43.0;
41;52517;2019-04-11 16:54:45.0;
41;52514;2019-04-11 16:54:46.0;
41;52510;2019-04-11 16:54:47.0;
41;52511;2019-04-11 16:54:52.0;
41;52510;2019-04-11 16:54:56.0;
41;52511;2019-04-11 16:54:58.0;
41;52510;2019-04-11 16:54:59.0;
41;52508;2019-04-11 16:55:07.0;
41;52506;2019-04-11 16:55:11.0;
41;52505;2019-04-11 16:55:15.0;
41;52504;2019-04-11 16:55:20.0;
41;52503;2019-04-11 16:55:24.0;
41;52510;2019-04-11 16:55:27.0;
41;52508;2019-04-11 16:55:31.0;
41;52518;2019-04-11 16:55:41.0;
41;52515;2019-04-11 16:55:52.0;
41;52514;2019-04-11 16:56:06.0;
41;52522;2019-04-11 16:56:14.0;
41;52526;2019-04-11 16:56:27.0;
41;52520;2019-04-11 16:56:47.0;
41;52526;2019-04-11 16:56:49.0;
41;52520;2019-04-11 16:56:50.0;
41;52518;2019-04-11 16:56:53.0;
41;52527;2019-04-11 16:57:09.0;
41;52528;2019-04-11 16:57:13.0;
41;52527;2019-04-11 16:57:14.0;
41;52530;2019-04-11 16:57:16.0;
41;52534;2019-04-11 16:57:40.0;
41;52532;2019-04-11 16:57:49.0;
41;52544;2019-04-11 16:58:04.0;
41;52542;2019-04-11 16:58:18.0;
41;52554;2019-04-11 16:58:19.0;
41;52542;2019-04-11 16:58:22.0;
41;52555;2019-04-11 16:58:23.0;
41;52576;2019-04-11 16:58:26.0;
41;52555;2019-04-11 16:58:28.0;
41;52576;2019-04-11 16:58:30.0;
41;52580;2019-04-11 16:58:32.0;
41;52562;2019-04-11 16:58:38.0;
41;52570;2019-04-11 16:58:43.0;
41;52557;2019-04-11 16:58:49.0;
41;52556;2019-04-11 16:58:50.0;
41;52557;2019-04-11 16:58:53.0;
41;52556;2019-04-11 16:58:54.0;
41;52560;2019-04-11 16:58:58.0;
41;52568;2019-04-11 16:59:12.0;
41;52575;2019-04-11 16:59:24.0;
41;52568;2019-04-11 16:59:25.0;
41;52575;2019-04-11 16:59:28.0;
41;52572;2019-04-11 16:59:30.0;
41;52575;2019-04-11 16:59:40.0;
41;52572;2019-04-11 16:59:41.0;
41;52576;2019-04-11 16:59:43.0;
41;52578;2019-04-11 17:00:03.0;
41;52576;2019-04-11 17:00:05.0;
41;52578;2019-04-11 17:00:08.0;
41;52566;2019-04-11 17:00:11.0;
41;52578;2019-04-11 17:00:13.0;
41;52566;2019-04-11 17:00:14.0;
41;52577;2019-04-11 17:00:18.0;
41;52566;2019-04-11 17:00:20.0;
41;52577;2019-04-11 17:00:21.0;
41;52575;2019-04-11 17:00:24.0;
41;52572;2019-04-11 17:00:27.0;
41;52579;2019-04-11 17:00:34.0;
41;52570;2019-04-11 17:00:41.0;
41;52576;2019-04-11 17:00:42.0;
41;52571;2019-04-11 17:00:58.0;
41;52566;2019-04-11 17:01:05.0;
41;52568;2019-04-11 17:01:20.0;
41;52567;2019-04-11 17:01:24.0;
41;52568;2019-04-11 17:01:30.0;
41;52570;2019-04-11 17:01:40.0;
41;52556;2019-04-11 17:02:03.0;
41;52557;2019-04-11 17:02:08.0;
41;52556;2019-04-11 17:02:18.0;
41;52554;2019-04-11 17:02:19.0;
41;52546;2019-04-11 17:02:32.0;
41;52554;2019-04-11 17:02:34.0;
41;52540;2019-04-11 17:02:35.0;
41;52526;2019-04-11 17:02:42.0;
41;52538;2019-04-11 17:02:54.0;
41;52545;2019-04-11 17:03:06.0;
41;52543;2019-04-11 17:03:13.0;
41;52546;2019-04-11 17:03:15.0;
41;52543;2019-04-11 17:03:16.0;
41;52546;2019-04-11 17:03:17.0;
41;52544;2019-04-11 17:03:28.0;
41;52520;2019-04-11 17:03:35.0;
41;52504;2019-04-11 17:03:40.0;
41;52520;2019-04-11 17:03:41.0;
41;52510;2019-04-11 17:03:43.0;
41;52504;2019-04-11 17:03:44.0;
41;52510;2019-04-11 17:03:46.0;
41;52521;2019-04-11 17:04:06.0;
41;52514;2019-04-11 17:04:10.0;
41;52518;2019-04-11 17:04:18.0;
41;52514;2019-04-11 17:04:20.0;
41;52518;2019-04-11 17:04:21.0;
41;52522;2019-04-11 17:04:26.0;
41;52526;2019-04-11 17:04:39.0;
41;52532;2019-04-11 17:04:45.0;
41;52536;2019-04-11 17:05:08.0;
41;52535;2019-04-11 17:05:32.0;
41;52537;2019-04-11 17:05:42.0;
41;52538;2019-04-11 17:05:49.0;
41;52539;2019-04-11 17:06:28.0;
41;52536;2019-04-11 17:06:32.0;
41;52535;2019-04-11 17:06:35.0;
41;52536;2019-04-11 17:06:37.0;
41;52535;2019-04-11 17:06:39.0;
41;52536;2019-04-11 17:07:05.0;
41;52547;2019-04-11 17:07:16.0;
41;52548;2019-04-11 17:07:23.0;
41;52547;2019-04-11 17:07:26.0;
41;52548;2019-04-11 17:07:28.0;
41;52554;2019-04-11 17:07:31.0;
41;52548;2019-04-11 17:07:37.0;
41;52547;2019-04-11 17:07:38.0;
41;52548;2019-04-11 17:07:39.0;
41;52547;2019-04-11 17:07:42.0;
41;52548;2019-04-11 17:07:44.0;
41;52547;2019-04-11 17:07:47.0;
41;52548;2019-04-11 17:07:48.0;
41;52547;2019-04-11 17:08:03.0;
41;52548;2019-04-11 17:08:04.0;
41;52547;2019-04-11 17:08:06.0;
41;52550;2019-04-11 17:08:14.0;
41;52547;2019-04-11 17:08:20.0;
41;52551;2019-04-11 17:08:23.0;
41;52544;2019-04-11 17:08:28.0;
41;52542;2019-04-11 17:08:44.0;
41;52552;2019-04-11 17:09:13.0;
41;52542;2019-04-11 17:09:14.0;
41;52555;2019-04-11 17:09:16.0;
41;52556;2019-04-11 17:09:28.0;
41;52554;2019-04-11 17:09:39.0;
41;52553;2019-04-11 17:09:40.0;
41;52554;2019-04-11 17:09:43.0;
41;52553;2019-04-11 17:09:45.0;
41;52540;2019-04-11 17:10:03.0;
41;52536;2019-04-11 17:10:12.0;
41;52535;2019-04-11 17:10:21.0;
41;52534;2019-04-11 17:10:23.0;
41;52526;2019-04-11 17:10:31.0;
41;52527;2019-04-11 17:10:40.0;
41;52524;2019-04-11 17:10:44.0;
41;52526;2019-04-11 17:10:49.0;
41;52524;2019-04-11 17:10:50.0;
41;52526;2019-04-11 17:10:51.0;
41;52520;2019-04-11 17:11:03.0;
41;52528;2019-04-11 17:11:08.0;
41;52527;2019-04-11 17:11:13.0;
41;52526;2019-04-11 17:11:16.0;
41;52527;2019-04-11 17:11:45.0;
41;52528;2019-04-11 17:12:31.0;
41;52529;2019-04-11 17:12:50.0;
41;52536;2019-04-11 17:12:52.0;
41;52529;2019-04-11 17:12:54.0;
41;52538;2019-04-11 17:12:56.0;
41;52539;2019-04-11 17:13:00.0;
41;52540;2019-04-11 17:13:08.0;
41;52542;2019-04-11 17:13:12.0;
41;52544;2019-04-11 17:13:19.0;
41;52534;2019-04-11 17:13:28.0;
41;52540;2019-04-11 17:13:35.0;
41;52538;2019-04-11 17:13:45.0;
41;52540;2019-04-11 17:13:48.0;
41;52538;2019-04-11 17:13:49.0;
41;52540;2019-04-11 17:13:52.0;
41;52539;2019-04-11 17:14:08.0;
41;52540;2019-04-11 17:14:26.0;
41;52539;2019-04-11 17:14:39.0;
41;52538;2019-04-11 17:14:44.0;
41;52535;2019-04-11 17:16:07.0;
41;52543;2019-04-11 17:16:09.0;
41;52542;2019-04-11 17:16:12.0;
41;52543;2019-04-11 17:16:35.0;
41;52544;2019-04-11 17:17:04.0;
41;52550;2019-04-11 17:17:08.0;
41;52544;2019-04-11 17:17:37.0;
41;52543;2019-04-11 17:17:44.0;
41;52540;2019-04-11 17:18:07.0;
41;52535;2019-04-11 17:18:16.0;
41;52534;2019-04-11 17:18:23.0;
41;52535;2019-04-11 17:18:26.0;
41;52534;2019-04-11 17:18:28.0;
41;52532;2019-04-11 17:18:29.0;
41;52531;2019-04-11 17:18:35.0;
41;52532;2019-04-11 17:18:51.0;
41;52540;2019-04-11 17:19:04.0;
41;52536;2019-04-11 17:19:10.0;
41;52540;2019-04-11 17:19:11.0;
41;52536;2019-04-11 17:19:13.0;
41;52540;2019-04-11 17:19:27.0;
41;52541;2019-04-11 17:19:32.0;
41;52538;2019-04-11 17:19:41.0;
41;52542;2019-04-11 17:19:42.0;
41;52538;2019-04-11 17:19:48.0;
41;52536;2019-04-11 17:20:04.0;
41;52535;2019-04-11 17:20:09.0;
41;52539;2019-04-11 17:20:12.0;
41;52536;2019-04-11 17:20:19.0;
41;52541;2019-04-11 17:20:35.0;
41;52542;2019-04-11 17:20:41.0;
41;52544;2019-04-11 17:20:46.0;
41;52542;2019-04-11 17:21:04.0;
41;52548;2019-04-11 17:21:09.0;
41;52542;2019-04-11 17:21:12.0;
41;52548;2019-04-11 17:21:13.0;
41;52541;2019-04-11 17:21:15.0;
41;52540;2019-04-11 17:21:26.0;
41;52542;2019-04-11 17:21:42.0;
41;52544;2019-04-11 17:22:05.0;
41;52546;2019-04-11 17:22:08.0;
41;52544;2019-04-11 17:22:12.0;
41;52546;2019-04-11 17:22:14.0;
41;52544;2019-04-11 17:22:15.0;
41;52541;2019-04-11 17:22:20.0;
41;52540;2019-04-11 17:22:27.0;
41;52541;2019-04-11 17:22:35.0;
41;52528;2019-04-11 17:22:41.0;
41;52529;2019-04-11 17:22:55.0;
41;52528;2019-04-11 17:23:01.0;
41;52527;2019-04-11 17:23:14.0;
41;52528;2019-04-11 17:23:16.0;
41;52527;2019-04-11 17:23:19.0;
41;52529;2019-04-11 17:23:35.0;
41;52546;2019-04-11 17:23:40.0;
41;52540;2019-04-11 17:24:05.0;
41;52536;2019-04-11 17:24:12.0;
41;52540;2019-04-11 17:24:13.0;
41;52536;2019-04-11 17:24:15.0;
41;52535;2019-04-11 17:24:32.0;
41;52532;2019-04-11 17:24:41.0;
41;52526;2019-04-11 17:24:51.0;
41;52532;2019-04-11 17:25:01.0;
41;52526;2019-04-11 17:25:03.0;
41;52525;2019-04-11 17:25:04.0;
41;52528;2019-04-11 17:25:08.0;
41;52526;2019-04-11 17:25:11.0;
41;52514;2019-04-11 17:25:16.0;
41;52518;2019-04-11 17:25:20.0;
41;52525;2019-04-11 17:25:37.0;
41;52518;2019-04-11 17:26:03.0;
41;52517;2019-04-11 17:26:14.0;
41;52518;2019-04-11 17:26:16.0;
41;52517;2019-04-11 17:26:17.0;
41;52528;2019-04-11 17:26:19.0;
41;52539;2019-04-11 17:26:55.0;
41;52538;2019-04-11 17:27:02.0;
41;52540;2019-04-11 17:27:09.0;
41;52538;2019-04-11 17:27:10.0;
41;52540;2019-04-11 17:27:11.0;
41;52539;2019-04-11 17:27:21.0;
41;52538;2019-04-11 17:27:24.0;
41;52539;2019-04-11 17:27:25.0;
41;52538;2019-04-11 17:27:27.0;
41;52539;2019-04-11 17:27:33.0;
41;52540;2019-04-11 17:27:48.0;
41;52539;2019-04-11 17:27:51.0;
41;52540;2019-04-11 17:27:52.0;
41;52552;2019-04-11 17:28:07.0;
41;52540;2019-04-11 17:28:09.0;
41;52560;2019-04-11 17:28:10.0;
41;52578;2019-04-11 17:28:16.0;
41;52579;2019-04-11 17:28:19.0;
41;52578;2019-04-11 17:28:20.0;
41;52579;2019-04-11 17:28:22.0;
41;52578;2019-04-11 17:28:31.0;
42;2729.5;2019-04-11 11:16:06.0;
42;2730;2019-04-11 11:21:07.0;
42;2729.5;2019-04-11 11:21:09.0;
42;2730;2019-04-11 11:21:12.0;
42;2732;2019-04-11 11:21:37.0;
42;2731.5;2019-04-11 11:22:04.0;
42;2732;2019-04-11 11:22:07.0;
42;2731.25;2019-04-11 11:22:08.0;
42;2730.75;2019-04-11 11:22:13.0;
42;2731.25;2019-04-11 11:22:14.0;
42;2730.75;2019-04-11 11:22:16.0;
42;2731;2019-04-11 11:22:17.0;
42;2731.25;2019-04-11 11:22:19.0;
42;2731.5;2019-04-11 11:22:24.0;
42;2731.75;2019-04-11 11:22:46.0;
42;2731.5;2019-04-11 11:22:49.0;
42;2732;2019-04-11 11:23:35.0;
42;2732.25;2019-04-11 11:24:41.0;
42;2732;2019-04-11 11:25:30.0;
42;2732.25;2019-04-11 11:25:42.0;
42;2732;2019-04-11 11:25:44.0;
42;2732.25;2019-04-11 11:26:27.0;
42;2732;2019-04-11 11:26:28.0;
42;2732.25;2019-04-11 11:27:43.0;
42;2732;2019-04-11 11:27:45.0;
42;2732.25;2019-04-11 11:27:46.0;
42;2732;2019-04-11 11:28:23.0;
42;2731;2019-04-11 11:28:36.0;
42;2732;2019-04-11 11:28:38.0;
42;2731;2019-04-11 11:28:39.0;
42;2730;2019-04-11 11:29:00.0;
42;2732.5;2019-04-11 11:29:48.0;
42;2730;2019-04-11 11:31:09.0;
42;2730.5;2019-04-11 11:31:16.0;
42;2730;2019-04-11 11:31:18.0;
42;2730.5;2019-04-11 11:31:20.0;
42;2739;2019-04-11 12:11:43.0;
42;2730.5;2019-04-11 12:11:44.0;
42;2739;2019-04-11 12:11:45.0;
42;2739.25;2019-04-11 12:18:12.0;
42;2739;2019-04-11 12:18:13.0;
42;2739.25;2019-04-11 12:18:14.0;
42;2739.5;2019-04-11 12:18:36.0;
42;2740;2019-04-11 12:18:47.0;
42;2739.5;2019-04-11 12:18:48.0;
42;2740;2019-04-11 12:18:50.0;
42;2740.25;2019-04-11 12:20:45.0;
42;2740.5;2019-04-11 12:21:00.0;
42;2739.5;2019-04-11 12:27:05.0;
42;2741.75;2019-04-11 12:29:42.0;
42;2739.5;2019-04-11 12:29:43.0;
42;2741.75;2019-04-11 12:29:45.0;
42;2741;2019-04-11 12:38:09.0;
42;2741.25;2019-04-11 12:38:14.0;
42;2741.5;2019-04-11 12:44:38.0;
42;2739.5;2019-04-11 12:45:39.0;
42;2745.5;2019-04-11 13:20:49.0;
42;2744;2019-04-11 13:24:25.0;
42;2743.25;2019-04-11 13:34:03.0;
42;2743;2019-04-11 13:39:48.0;
42;2742.5;2019-04-11 13:40:20.0;
42;2743;2019-04-11 13:40:23.0;
42;2742.5;2019-04-11 13:40:24.0;
42;2741;2019-04-11 13:41:47.0;
42;2743;2019-04-11 15:12:35.0;
42;2744.5;2019-04-11 15:23:18.0;
42;2743;2019-04-11 15:25:16.0;
42;2744.5;2019-04-11 15:25:17.0;
42;2743;2019-04-11 15:25:19.0;
42;2745.75;2019-04-11 15:27:12.0;
42;2744;2019-04-11 15:27:39.0;
42;2745;2019-04-11 15:28:05.0;
42;2739;2019-04-11 15:53:00.0;
42;2738.75;2019-04-11 15:53:13.0;
42;2739.5;2019-04-11 15:53:25.0;
42;2738;2019-04-11 15:54:05.0;
42;2737.75;2019-04-11 15:54:41.0;
42;2737.25;2019-04-11 15:55:11.0;
42;2737;2019-04-11 15:55:17.0;
42;2739.5;2019-04-11 15:56:12.0;
42;2737.5;2019-04-11 15:57:15.0;
42;2737.25;2019-04-11 15:57:25.0;
42;2737;2019-04-11 15:59:02.0;
42;2737.5;2019-04-11 16:00:17.0;
42;2737.25;2019-04-11 16:01:33.0;
42;2737;2019-04-11 16:02:05.0;
42;2739.5;2019-04-11 16:02:06.0;
42;2737;2019-04-11 16:05:32.0;
42;2737.25;2019-04-11 16:07:08.0;
42;2737.5;2019-04-11 16:07:11.0;
42;2739.5;2019-04-11 16:08:40.0;
42;2737.75;2019-04-11 16:09:18.0;
42;2739.5;2019-04-11 16:09:21.0;
42;2737.75;2019-04-11 16:09:22.0;
42;2738;2019-04-11 16:10:33.0;
42;2738.75;2019-04-11 16:10:57.0;
42;2738.5;2019-04-11 16:10:59.0;
42;2738.75;2019-04-11 16:11:00.0;
42;2738.5;2019-04-11 16:11:02.0;
42;2738;2019-04-11 16:12:59.0;
42;2737.75;2019-04-11 16:20:08.0;
42;2739.5;2019-04-11 16:20:43.0;
42;2737.75;2019-04-11 16:20:48.0;
42;2737.25;2019-04-11 16:21:46.0;
42;2739.5;2019-04-11 16:22:05.0;
42;2737.5;2019-04-11 16:28:19.0;
42;2738;2019-04-11 16:28:42.0;
42;2739;2019-04-11 16:29:03.0;
42;2738.75;2019-04-11 16:29:27.0;
42;2739;2019-04-11 16:29:30.0;
42;2738.75;2019-04-11 16:29:32.0;
42;2738.5;2019-04-11 16:29:40.0;
42;2738.75;2019-04-11 16:29:42.0;
42;2738.5;2019-04-11 16:29:43.0;
42;2739;2019-04-11 16:31:24.0;
42;2738.25;2019-04-11 16:38:04.0;
42;2739;2019-04-11 16:38:05.0;
42;2738.25;2019-04-11 16:38:07.0;
42;2739;2019-04-11 16:39:39.0;
42;2738.25;2019-04-11 16:39:40.0;
42;2739;2019-04-11 16:39:42.0;
42;2738.5;2019-04-11 16:43:07.0;
42;2739;2019-04-11 16:47:43.0;
42;2738.5;2019-04-11 16:47:44.0;
42;2739;2019-04-11 16:47:46.0;
42;2738;2019-04-11 16:57:21.0;
42;2739;2019-04-11 16:57:26.0;
42;2738.25;2019-04-11 17:00:55.0;
42;2738.5;2019-04-11 17:01:30.0;
42;2739;2019-04-11 17:07:16.0;
42;2737.25;2019-04-11 17:11:48.0;
42;2737;2019-04-11 17:12:21.0;
42;2737.25;2019-04-11 17:12:22.0;
42;2737;2019-04-11 17:12:24.0;
42;2736.5;2019-04-11 17:14:04.0;
42;2737;2019-04-11 17:14:05.0;
42;2736.5;2019-04-11 17:14:06.0;
42;2736.75;2019-04-11 17:15:13.0;
42;2739;2019-04-11 17:18:07.0;
42;2736;2019-04-11 17:20:04.0;
